latitude,longitude,bright_ti4,scan,track,acq_date,acq_time,satellite,confidence,version,bright_ti5,frp,daynight
45.27986,-66.01629,309.48,0.38,0.36,2025-03-13,0622,N20,nominal,2.0NRT,269.64,1.21,N
42.80577,-80.10194,302.39,0.41,0.61,2025-03-13,0625,N20,nominal,2.0NRT,266.92,1.35,N
42.80557,-80.09683,306.06,0.41,0.61,2025-03-13,0625,N20,nominal,2.0NRT,268.34,1.35,N
42.8078,-80.09744,308.79,0.41,0.61,2025-03-13,0625,N20,nominal,2.0NRT,268.43,1.89,N
42.2838,-83.11581,301.37,0.58,0.7,2025-03-13,0622,N20,nominal,2.0NRT,271.82,0.86,N
41.56966,-84.0475,339.29,0.65,0.73,2025-03-13,0622,N20,nominal,2.0NRT,271.97,6.93,N
41.56718,-84.05154,324.32,0.65,0.73,2025-03-13,0622,N20,nominal,2.0NRT,269.52,5.23,N
41.56706,-84.04363,300.24,0.65,0.73,2025-03-13,0622,N20,nominal,2.0NRT,268.62,4.04,N
41.46699,-81.67826,313.1,0.49,0.65,2025-03-13,0622,N20,nominal,2.0NRT,273.25,1.6,N
41.4668,-81.67229,298.79,0.48,0.65,2025-03-13,0622,N20,nominal,2.0NRT,273.04,1.6,N
41.4707,-83.37357,299.99,0.6,0.7,2025-03-13,0622,N20,nominal,2.0NRT,266.78,2.05,N
41.47058,-83.3663,296.08,0.59,0.7,2025-03-13,0622,N20,nominal,2.0NRT,270.26,2.26,N
41.21888,-80.51295,311.29,0.42,0.61,2025-03-13,0622,N20,nominal,2.0NRT,275.83,1.4,N
41.13502,-80.69451,300.57,0.43,0.62,2025-03-13,0622,N20,nominal,2.0NRT,272.25,1.04,N
40.89169,-77.71427,316.38,0.59,0.53,2025-03-13,0622,N20,nominal,2.0NRT,273.83,2.35,N
40.02397,-74.24973,306.39,0.39,0.44,2025-03-13,0622,N20,nominal,2.0NRT,274.97,0.65,N
40.07161,-74.76839,297.14,0.41,0.45,2025-03-13,0622,N20,nominal,2.0NRT,273.81,0.54,N
40.39758,-79.85766,310.86,0.38,0.59,2025-03-13,0622,N20,nominal,2.0NRT,275.87,1.83,N
40.39216,-79.85846,318.64,0.38,0.59,2025-03-13,0622,N20,nominal,2.0NRT,275.13,1.83,N
40.39194,-79.85388,313,0.38,0.59,2025-03-13,0622,N20,nominal,2.0NRT,274.65,1.83,N
40.30442,-79.88108,300.38,0.38,0.59,2025-03-13,0622,N20,nominal,2.0NRT,275.71,0.93,N
40.31588,-80.60706,306.14,0.42,0.61,2025-03-13,0622,N20,nominal,2.0NRT,279.13,1.4,N
40.31324,-80.60843,314.98,0.42,0.61,2025-03-13,0622,N20,nominal,2.0NRT,279.63,1.82,N
40.53799,-106.11771,320.51,0.43,0.62,2025-03-13,0805,N20,nominal,2.0NRT,268.33,2.13,N
40.53778,-106.11275,310.49,0.43,0.62,2025-03-13,0805,N20,nominal,2.0NRT,268.97,2.13,N
40.53185,-106.10747,327.32,0.43,0.62,2025-03-13,0805,N20,nominal,2.0NRT,270.38,3.5,N
46.51604,-84.39353,330.6,0.54,0.42,2025-03-13,0805,N20,nominal,2.0NRT,263.01,6.03,N
46.24749,-85.89455,321.86,0.48,0.4,2025-03-13,0805,N20,nominal,2.0NRT,262.75,2.33,N
47.64096,-103.1012,312.31,0.34,0.56,2025-03-13,0805,N20,nominal,2.0NRT,273.13,0.76,N
47.47226,-103.21467,298.64,0.34,0.56,2025-03-13,0805,N20,nominal,2.0NRT,273.29,0.5,N
42.80854,-80.09472,311.31,0.35,0.56,2025-03-13,0805,N20,nominal,2.0NRT,270.01,1.12,N
42.80472,-80.10117,301.26,0.35,0.56,2025-03-13,0805,N20,nominal,2.0NRT,268.7,1.12,N
42.80364,-80.09718,306.42,0.35,0.56,2025-03-13,0805,N20,nominal,2.0NRT,270.76,1.12,N
42.31258,-82.05235,295.53,0.58,0.52,2025-03-13,0805,N20,nominal,2.0NRT,268.49,0.64,N
43.70185,-88.38383,302.73,0.44,0.38,2025-03-13,0805,N20,nominal,2.0NRT,271.11,0.76,N
43.8884,-89.55436,326.41,0.41,0.37,2025-03-13,0805,N20,nominal,2.0NRT,266.21,2.55,N
40.89509,-77.71162,301.84,0.51,0.66,2025-03-13,0805,N20,nominal,2.0NRT,272.25,1.17,N
42.27603,-83.12793,300.92,0.51,0.49,2025-03-13,0805,N20,nominal,2.0NRT,271.15,1.22,N
41.22074,-80.51109,307.06,0.37,0.58,2025-03-13,0805,N20,nominal,2.0NRT,272.9,1.51,N
43.71082,-92.70635,297.8,0.39,0.36,2025-03-13,0805,N20,nominal,2.0NRT,268.11,0.45,N
41.12687,-80.68744,299.01,0.36,0.57,2025-03-13,0805,N20,nominal,2.0NRT,272.51,0.71,N
41.46788,-83.36478,318.45,0.52,0.5,2025-03-13,0805,N20,nominal,2.0NRT,275.58,2.55,N
41.45912,-83.36861,306.28,0.52,0.5,2025-03-13,0805,N20,nominal,2.0NRT,271.54,1.99,N
40.67038,-80.34487,308.99,0.39,0.59,2025-03-13,0805,N20,nominal,2.0NRT,275.01,1.03,N
41.47651,-83.45954,298.09,0.52,0.5,2025-03-13,0805,N20,nominal,2.0NRT,268.97,1.28,N
41.56623,-84.04446,336.81,0.48,0.48,2025-03-13,0805,N20,nominal,2.0NRT,272.68,5.68,N
41.56888,-84.05548,295.77,0.48,0.48,2025-03-13,0805,N20,nominal,2.0NRT,271.31,4.43,N
41.56633,-84.0465,340.84,0.48,0.48,2025-03-13,0805,N20,nominal,2.0NRT,272.44,7.29,N
40.39629,-79.85719,317.19,0.42,0.61,2025-03-13,0805,N20,nominal,2.0NRT,276.1,2.48,N
40.39498,-79.85258,304.24,0.42,0.61,2025-03-13,0805,N20,nominal,2.0NRT,274.85,2.07,N
41.22478,-83.20989,313.56,0.54,0.51,2025-03-13,0805,N20,nominal,2.0NRT,273.61,2.2,N
40.75275,-81.44147,304.05,0.34,0.56,2025-03-13,0805,N20,nominal,2.0NRT,272.87,0.74,N
40.30717,-79.87886,296.46,0.42,0.61,2025-03-13,0805,N20,nominal,2.0NRT,279.57,1.16,N
40.31802,-80.60444,298.04,0.38,0.59,2025-03-13,0805,N20,nominal,2.0NRT,273.76,0.87,N
40.31286,-80.60673,309.51,0.38,0.59,2025-03-13,0805,N20,nominal,2.0NRT,276.28,0.87,N
41.6422,-87.14066,332.94,0.52,0.41,2025-03-13,0805,N20,nominal,2.0NRT,270.48,8.89,N
41.64095,-87.13464,308.62,0.52,0.41,2025-03-13,0805,N20,nominal,2.0NRT,269.76,2.44,N
41.63851,-87.14205,311.39,0.52,0.41,2025-03-13,0805,N20,nominal,2.0NRT,269.6,2.51,N
41.68554,-87.42609,333,0.5,0.41,2025-03-13,0805,N20,nominal,2.0NRT,272.5,5.06,N
41.68433,-87.42021,301.19,0.5,0.41,2025-03-13,0805,N20,nominal,2.0NRT,272.15,5.06,N
41.62743,-87.14615,306.58,0.52,0.41,2025-03-13,0805,N20,nominal,2.0NRT,267.81,0.98,N
41.6819,-87.42744,306.12,0.5,0.41,2025-03-13,0805,N20,nominal,2.0NRT,270.51,2.22,N
41.68068,-87.42156,307.77,0.5,0.41,2025-03-13,0805,N20,nominal,2.0NRT,274.45,2.22,N
41.67945,-87.43462,322.65,0.5,0.41,2025-03-13,0805,N20,nominal,2.0NRT,270.79,2.23,N
41.67338,-87.42423,295.15,0.5,0.41,2025-03-13,0805,N20,nominal,2.0NRT,270.01,1.05,N
41.67215,-87.43726,310.26,0.5,0.41,2025-03-13,0805,N20,nominal,2.0NRT,274.52,1.81,N
41.66973,-87.42556,306.97,0.5,0.41,2025-03-13,0805,N20,nominal,2.0NRT,269.87,1.05,N
41.67215,-87.45623,299.08,0.5,0.41,2025-03-13,0805,N20,nominal,2.0NRT,270.63,1.04,N
41.64292,-87.40996,304.68,0.51,0.41,2025-03-13,0805,N20,nominal,2.0NRT,273.79,1.14,N
41.64188,-87.41068,297.11,0.51,0.41,2025-03-13,0805,N20,nominal,2.0NRT,272.08,2.03,N
41.62622,-87.33369,305.76,0.51,0.41,2025-03-13,0805,N20,nominal,2.0NRT,269.48,0.93,N
41.62135,-87.32914,330.15,0.51,0.41,2025-03-13,0805,N20,nominal,2.0NRT,272.29,5.46,N
41.61768,-87.3305,334.62,0.51,0.41,2025-03-13,0805,N20,nominal,2.0NRT,273.14,5.46,N
41.61644,-87.3437,296.65,0.51,0.41,2025-03-13,0805,N20,nominal,2.0NRT,269.14,1.21,N
41.61279,-87.32589,310.07,0.51,0.41,2025-03-13,0805,N20,nominal,2.0NRT,271.16,2.51,N
41.65791,-87.62453,317.37,0.5,0.41,2025-03-13,0805,N20,nominal,2.0NRT,272.41,1.6,N
41.1198,-85.35174,310.97,0.43,0.46,2025-03-13,0805,N20,nominal,2.0NRT,271.85,1.73,N
41.73089,-89.4011,295.76,0.43,0.38,2025-03-13,0805,N20,nominal,2.0NRT,273.05,0.78,N
41.09866,-86.35172,313.58,0.38,0.43,2025-03-13,0805,N20,nominal,2.0NRT,271.54,1.34,N
41.41428,-88.18253,299.45,0.48,0.4,2025-03-13,0805,N20,nominal,2.0NRT,283.24,1.66,N
41.1797,-87.85684,325.72,0.49,0.41,2025-03-13,0805,N20,nominal,2.0NRT,276.33,2.4,N
41.1814,-87.85637,319.68,0.49,0.41,2025-03-13,0805,N20,nominal,2.0NRT,275.73,3.17,N
42.12408,-93.93606,301.43,0.39,0.36,2025-03-13,0807,N20,nominal,2.0NRT,275.63,0.74,N
42.26875,-95.11865,301.17,0.41,0.37,2025-03-13,0807,N20,nominal,2.0NRT,272.64,0.84,N
41.48172,-90.83255,342.32,0.4,0.37,2025-03-13,0807,N20,nominal,2.0NRT,279.32,6.03,N
41.48008,-90.82315,300.16,0.4,0.37,2025-03-13,0807,N20,nominal,2.0NRT,278.68,0.62,N
40.58233,-86.68694,295.76,0.57,0.43,2025-03-13,0807,N20,nominal,2.0NRT,274.68,1.53,N
41.1766,-96.34998,332.25,0.44,0.38,2025-03-13,0807,N20,nominal,2.0NRT,274.61,4.66,N
41.00669,-96.15219,296.83,0.43,0.38,2025-03-13,0807,N20,nominal,2.0NRT,276.81,0.67,N
40.58392,-93.19399,295.94,0.38,0.36,2025-03-13,0807,N20,nominal,2.0NRT,274.53,0.43,N
41.00322,-96.15295,297.34,0.43,0.38,2025-03-13,0807,N20,nominal,2.0NRT,276.33,0.67,N
40.09329,-94.64538,303.05,0.39,0.36,2025-03-13,0807,N20,nominal,2.0NRT,277.26,1.23,N
40.09621,-95.11488,296.72,0.4,0.37,2025-03-13,0807,N20,nominal,2.0NRT,275.24,0.46,N
47.63619,-103.10029,296.23,0.32,0.55,2025-03-13,0943,N20,nominal,2.0NRT,270.72,0.53,N
41.26753,-105.606,305.76,0.38,0.59,2025-03-13,0945,N20,nominal,2.0NRT,271.9,1.34,N
40.53601,-106.11779,305.05,0.37,0.58,2025-03-13,0945,N20,nominal,2.0NRT,267.22,1.6,N
40.53488,-106.11362,301.68,0.37,0.58,2025-03-13,0945,N20,nominal,2.0NRT,268.12,1.74,N
40.53373,-106.10941,319.2,0.38,0.58,2025-03-13,0945,N20,nominal,2.0NRT,268.52,1.74,N
45.53957,-62.0359,325.57,0.32,0.55,2025-03-13,1607,N20,nominal,2.0NRT,269.58,2.02,D
40.06215,-74.58054,335.15,0.39,0.36,2025-03-13,1745,N20,nominal,2.0NRT,286.19,5.71,D
40.44973,-74.86452,335.65,0.39,0.36,2025-03-13,1745,N20,nominal,2.0NRT,283.52,2.12,D
40.44526,-76.04232,346.1,0.42,0.37,2025-03-13,1745,N20,nominal,2.0NRT,293.06,2.93,D
40.71505,-74.50336,328.05,0.39,0.36,2025-03-13,1745,N20,nominal,2.0NRT,283.64,1.79,D
40.41648,-76.43821,331.54,0.43,0.38,2025-03-13,1745,N20,nominal,2.0NRT,292.84,2.41,D
40.6671,-75.16516,344.02,0.4,0.37,2025-03-13,1745,N20,nominal,2.0NRT,290.55,2.78,D
40.48056,-76.28171,328.36,0.42,0.38,2025-03-13,1745,N20,nominal,2.0NRT,286.93,1.68,D
40.43758,-76.58076,348.32,0.43,0.38,2025-03-13,1745,N20,nominal,2.0NRT,296.5,14.75,D
40.44193,-76.57674,338.83,0.43,0.38,2025-03-13,1745,N20,nominal,2.0NRT,293.48,14.75,D
40.44104,-76.58167,326.89,0.43,0.38,2025-03-13,1745,N20,nominal,2.0NRT,297.16,14.75,D
40.44715,-76.56782,332.77,0.43,0.38,2025-03-13,1745,N20,nominal,2.0NRT,291.04,2.56,D
40.44626,-76.57275,326.76,0.43,0.38,2025-03-13,1745,N20,nominal,2.0NRT,292.35,2.56,D
40.73135,-76.1277,329.31,0.42,0.37,2025-03-13,1745,N20,nominal,2.0NRT,290.98,4.15,D
40.68515,-77.15353,333.38,0.45,0.39,2025-03-13,1745,N20,nominal,2.0NRT,290.35,2.38,D
40.11796,-80.87779,331.89,0.44,0.46,2025-03-13,1747,N20,nominal,2.0NRT,298.59,2.94,D
40.3931,-79.85129,339.86,0.38,0.44,2025-03-13,1747,N20,nominal,2.0NRT,301.6,4.36,D
40.39215,-79.85574,342.18,0.38,0.44,2025-03-13,1747,N20,nominal,2.0NRT,301.06,4.36,D
40.31067,-80.60697,339.75,0.42,0.45,2025-03-13,1747,N20,nominal,2.0NRT,300.52,4.14,D
40.66703,-80.34443,341.57,0.4,0.44,2025-03-13,1747,N20,nominal,2.0NRT,298.63,13.69,D
40.02793,-85.29246,367,0.36,0.58,2025-03-13,1747,N20,high,2.0NRT,296.85,6.81,D
41.21199,-80.39625,331.82,0.39,0.44,2025-03-13,1747,N20,nominal,2.0NRT,292.77,2.19,D
41.01049,-81.39177,334.31,0.44,0.46,2025-03-13,1747,N20,nominal,2.0NRT,293.2,11.34,D
41.00936,-81.39684,340.97,0.44,0.46,2025-03-13,1747,N20,nominal,2.0NRT,307.35,11.34,D
41.01461,-81.39336,338.79,0.44,0.46,2025-03-13,1747,N20,nominal,2.0NRT,289.46,59.86,D
40.70306,-83.24909,345.23,0.55,0.51,2025-03-13,1747,N20,nominal,2.0NRT,296.45,9.85,D
40.70512,-83.2513,346.37,0.55,0.51,2025-03-13,1747,N20,nominal,2.0NRT,293.89,8.52,D
40.34665,-85.38768,328.09,0.36,0.57,2025-03-13,1747,N20,nominal,2.0NRT,292.12,1.77,D
40.22945,-85.88721,367,0.39,0.59,2025-03-13,1747,N20,high,2.0NRT,293.94,5.99,D
42.44884,-76.12057,343.3,0.4,0.37,2025-03-13,1747,N20,nominal,2.0NRT,287.43,2.54,D
43.81738,-65.8633,340.75,0.47,0.48,2025-03-13,1747,N20,nominal,2.0NRT,274.54,7.3,D
41.45106,-81.67476,332.63,0.44,0.46,2025-03-13,1747,N20,nominal,2.0NRT,292.83,3.99,D
41.46045,-81.67297,338.86,0.44,0.46,2025-03-13,1747,N20,nominal,2.0NRT,292.54,6.77,D
42.45556,-77.3402,335.86,0.43,0.38,2025-03-13,1747,N20,nominal,2.0NRT,286.95,3.97,D
40.39517,-86.64862,331.08,0.42,0.61,2025-03-13,1747,N20,nominal,2.0NRT,293.02,4.06,D
40.39388,-86.65328,349.81,0.42,0.61,2025-03-13,1747,N20,nominal,2.0NRT,295.38,4.06,D
40.39401,-86.64992,350.25,0.42,0.61,2025-03-13,1747,N20,nominal,2.0NRT,293.89,7.15,D
40.39269,-86.65457,334.74,0.42,0.61,2025-03-13,1747,N20,nominal,2.0NRT,293.89,6.05,D
40.93745,-84.85693,327.97,0.33,0.55,2025-03-13,1747,N20,nominal,2.0NRT,291.01,1.23,D
40.80188,-85.64769,349.44,0.36,0.58,2025-03-13,1747,N20,nominal,2.0NRT,291.99,5.43,D
40.80078,-85.65176,350.04,0.36,0.58,2025-03-13,1747,N20,nominal,2.0NRT,292.81,5.43,D
42.18856,-79.8701,329.55,0.53,0.42,2025-03-13,1747,N20,nominal,2.0NRT,286.84,3.03,D
40.08055,-88.33674,348.45,0.52,0.67,2025-03-13,1747,N20,nominal,2.0NRT,297.05,6.09,D
41.1195,-85.34789,337.06,0.34,0.56,2025-03-13,1747,N20,nominal,2.0NRT,296.73,2.48,D
41.11847,-85.35177,325.12,0.34,0.56,2025-03-13,1747,N20,nominal,2.0NRT,292.94,2.48,D
40.20258,-88.86779,347.62,0.54,0.68,2025-03-13,1747,N20,nominal,2.0NRT,297.11,7.48,D
40.202,-88.86729,351.32,0.54,0.68,2025-03-13,1747,N20,nominal,2.0NRT,297.56,6.54,D
40.84393,-86.99931,329.18,0.42,0.61,2025-03-13,1747,N20,nominal,2.0NRT,293.4,2.27,D
40.46289,-88.31787,329.92,0.5,0.66,2025-03-13,1747,N20,nominal,2.0NRT,295.22,2.6,D
40.6762,-87.81535,336.41,0.47,0.64,2025-03-13,1747,N20,nominal,2.0NRT,295.01,4.81,D
41.0787,-86.48148,340.75,0.39,0.59,2025-03-13,1747,N20,nominal,2.0NRT,292.44,2.84,D
41.3504,-85.64233,367,0.35,0.57,2025-03-13,1747,N20,high,2.0NRT,294.54,7.65,D
41.35257,-85.64153,367,0.35,0.57,2025-03-13,1747,N20,high,2.0NRT,292.56,10.54,D
41.35152,-85.64544,333.65,0.35,0.57,2025-03-13,1747,N20,nominal,2.0NRT,291.61,8.74,D
41.42489,-85.78827,339.99,0.35,0.57,2025-03-13,1747,N20,nominal,2.0NRT,290.12,2.18,D
41.42602,-85.78802,332.17,0.35,0.57,2025-03-13,1747,N20,nominal,2.0NRT,289.5,2.61,D
41.13488,-86.90231,329,0.41,0.61,2025-03-13,1747,N20,nominal,2.0NRT,292.86,7.98,D
41.14015,-86.90483,367,0.41,0.61,2025-03-13,1747,N20,high,2.0NRT,297.12,7.98,D
42.80936,-80.09286,328.27,0.53,0.42,2025-03-13,1747,N20,nominal,2.0NRT,286,4.74,D
41.13885,-86.90942,332.28,0.41,0.61,2025-03-13,1747,N20,nominal,2.0NRT,291.57,7.98,D
43.21721,-78.21121,329.65,0.45,0.39,2025-03-13,1747,N20,nominal,2.0NRT,286.09,3.56,D
41.41115,-86.1984,333.33,0.37,0.58,2025-03-13,1747,N20,nominal,2.0NRT,289.96,2.59,D
41.05143,-87.49663,342.2,0.44,0.62,2025-03-13,1747,N20,nominal,2.0NRT,289.82,5.2,D
41.05004,-87.50156,335.97,0.44,0.62,2025-03-13,1747,N20,nominal,2.0NRT,290.28,5.41,D
41.41031,-86.1981,329.84,0.37,0.58,2025-03-13,1747,N20,nominal,2.0NRT,290,2.99,D
41.0542,-87.49663,335.1,0.44,0.62,2025-03-13,1747,N20,nominal,2.0NRT,289.14,3.2,D
41.05277,-87.50156,330.11,0.44,0.62,2025-03-13,1747,N20,nominal,2.0NRT,289.38,5.31,D
40.63316,-89.37288,328.05,0.56,0.69,2025-03-13,1747,N20,nominal,2.0NRT,293.85,4.31,D
40.63079,-89.37274,336.93,0.56,0.69,2025-03-13,1747,N20,nominal,2.0NRT,293.99,5.64,D
41.86465,-85.44079,337.91,0.33,0.55,2025-03-13,1747,N20,nominal,2.0NRT,288.89,3.45,D
41.476,-87.53652,347.71,0.43,0.62,2025-03-13,1747,N20,nominal,2.0NRT,289.76,6.57,D
40.91555,-89.43449,332.27,0.55,0.68,2025-03-13,1747,N20,nominal,2.0NRT,291.01,9.91,D
40.91439,-89.4337,342.4,0.55,0.68,2025-03-13,1747,N20,nominal,2.0NRT,291.92,6.7,D
41.63894,-87.1299,332.55,0.41,0.6,2025-03-13,1747,N20,nominal,2.0NRT,291.14,3.26,D
41.63634,-87.13908,345.39,0.41,0.6,2025-03-13,1747,N20,nominal,2.0NRT,293.3,5.21,D
41.64284,-87.1372,335.98,0.41,0.6,2025-03-13,1747,N20,nominal,2.0NRT,289.2,3.26,D
42.78702,-83.10978,340.99,0.48,0.48,2025-03-13,1747,N20,nominal,2.0NRT,292.63,16.59,D
42.23231,-85.51778,344.12,0.33,0.55,2025-03-13,1747,N20,nominal,2.0NRT,292.85,3.99,D
40.93208,-90.10373,337.96,0.59,0.7,2025-03-13,1747,N20,nominal,2.0NRT,293.71,6.65,D
41.67945,-88.01766,348.76,0.45,0.63,2025-03-13,1747,N20,nominal,2.0NRT,295.96,21.17,D
41.73601,-88.17171,348.15,0.45,0.63,2025-03-13,1747,N20,nominal,2.0NRT,292.38,4.35,D
41.75591,-88.38599,332.01,0.46,0.64,2025-03-13,1747,N20,nominal,2.0NRT,290.82,3.53,D
41.82581,-88.42841,330.31,0.46,0.64,2025-03-13,1747,N20,nominal,2.0NRT,291.92,1.96,D
40.70252,-92.05237,327.63,0.75,0.77,2025-03-13,1747,N20,nominal,2.0NRT,292.95,8.58,D
41.07422,-90.95455,367,0.65,0.73,2025-03-13,1747,N20,high,2.0NRT,293.67,57.88,D
41.0719,-90.96172,327.9,0.65,0.73,2025-03-13,1747,N20,nominal,2.0NRT,298.9,57.88,D
42.06083,-87.87886,330.97,0.43,0.62,2025-03-13,1747,N20,nominal,2.0NRT,286.1,5.31,D
41.60336,-89.49396,340.34,0.53,0.67,2025-03-13,1747,N20,nominal,2.0NRT,290.4,13.63,D
41.60156,-89.49989,348.75,0.53,0.67,2025-03-13,1747,N20,nominal,2.0NRT,300.64,13.63,D
41.60728,-89.50313,325.75,0.53,0.67,2025-03-13,1747,N20,nominal,2.0NRT,289.74,13.63,D
41.60288,-89.4971,367,0.53,0.67,2025-03-13,1747,N20,high,2.0NRT,293.74,28.31,D
41.60105,-89.50299,349.05,0.53,0.67,2025-03-13,1747,N20,nominal,2.0NRT,294,22.37,D
42.01114,-88.25192,339.71,0.45,0.63,2025-03-13,1747,N20,nominal,2.0NRT,289.34,3.22,D
41.6371,-89.49513,335.04,0.53,0.67,2025-03-13,1747,N20,nominal,2.0NRT,292.39,5.23,D
42.14031,-87.82933,327.85,0.42,0.61,2025-03-13,1747,N20,nominal,2.0NRT,286.95,2.63,D
42.05257,-88.30277,348.13,0.45,0.63,2025-03-13,1747,N20,nominal,2.0NRT,286.25,4.67,D
43.19773,-84.13536,338.9,0.53,0.5,2025-03-13,1747,N20,nominal,2.0NRT,282.47,7.26,D
42.05355,-88.53761,329.46,0.46,0.64,2025-03-13,1747,N20,nominal,2.0NRT,289.64,2.52,D
46.28213,-63.37835,326.61,0.33,0.55,2025-03-13,1747,N20,nominal,2.0NRT,273.53,1.71,D
41.71591,-90.22266,367,0.57,0.69,2025-03-13,1747,N20,high,2.0NRT,291.96,7.96,D
41.72181,-90.22598,352.97,0.57,0.69,2025-03-13,1747,N20,nominal,2.0NRT,293.1,8.68,D
42.0211,-89.31272,353.3,0.5,0.66,2025-03-13,1747,N20,nominal,2.0NRT,291.96,8.28,D
41.71872,-90.22529,367,0.57,0.69,2025-03-13,1747,N20,high,2.0NRT,295.19,22.27,D
42.0188,-89.30646,345.74,0.5,0.66,2025-03-13,1747,N20,nominal,2.0NRT,288.33,6.37,D
42.01698,-89.31239,338.14,0.5,0.66,2025-03-13,1747,N20,nominal,2.0NRT,291.2,6.37,D
42.26103,-88.86734,326.74,0.47,0.64,2025-03-13,1747,N20,nominal,2.0NRT,290.33,3.2,D
42.26026,-88.8677,326.47,0.47,0.64,2025-03-13,1747,N20,nominal,2.0NRT,290.25,2.49,D
42.62088,-88.16122,326.01,0.43,0.62,2025-03-13,1747,N20,nominal,2.0NRT,291.08,4.02,D
42.65012,-88.08131,325.56,0.42,0.61,2025-03-13,1747,N20,nominal,2.0NRT,287.3,1.55,D
42.30576,-89.46297,327.12,0.5,0.66,2025-03-13,1747,N20,nominal,2.0NRT,290.41,3.09,D
42.30232,-89.47438,329,0.5,0.66,2025-03-13,1747,N20,nominal,2.0NRT,290.58,6.13,D
42.29906,-89.47276,332.39,0.5,0.66,2025-03-13,1747,N20,nominal,2.0NRT,290.58,2.97,D
42.30645,-89.47018,328.14,0.5,0.66,2025-03-13,1747,N20,nominal,2.0NRT,290.24,5.62,D
42.36372,-89.67793,367,0.51,0.66,2025-03-13,1747,N20,high,2.0NRT,290.25,9.51,D
42.53671,-89.17603,340.3,0.48,0.65,2025-03-13,1747,N20,nominal,2.0NRT,290.01,8.13,D
42.53502,-89.18168,350.52,0.48,0.65,2025-03-13,1747,N20,nominal,2.0NRT,292.08,9.42,D
41.79672,-91.65273,346.99,0.66,0.73,2025-03-13,1747,N20,nominal,2.0NRT,289.28,9.24,D
42.42632,-89.71205,343.4,0.51,0.66,2025-03-13,1747,N20,nominal,2.0NRT,285.36,4.87,D
42.88998,-88.52103,330.41,0.44,0.62,2025-03-13,1747,N20,nominal,2.0NRT,283.96,3.09,D
42.89679,-88.51888,328.52,0.44,0.62,2025-03-13,1747,N20,nominal,2.0NRT,281.58,3.45,D
41.84801,-92.19367,348.62,0.7,0.75,2025-03-13,1747,N20,nominal,2.0NRT,290.4,107.84,D
41.84282,-92.20913,351.96,0.7,0.75,2025-03-13,1747,N20,nominal,2.0NRT,296.12,64.96,D
41.84542,-92.20141,367,0.7,0.75,2025-03-13,1747,N20,low,2.0NRT,327.34,107.84,D
41.85172,-92.2052,367,0.7,0.75,2025-03-13,1747,N20,high,2.0NRT,293.06,107.84,D
41.84913,-92.21294,349.26,0.7,0.75,2025-03-13,1747,N20,nominal,2.0NRT,294.02,64.96,D
41.85296,-92.20803,343.48,0.7,0.75,2025-03-13,1747,N20,nominal,2.0NRT,293.55,6.88,D
41.85032,-92.21577,330.97,0.7,0.75,2025-03-13,1747,N20,nominal,2.0NRT,292.9,6.88,D
42.28158,-91.22775,343.21,0.61,0.71,2025-03-13,1747,N20,nominal,2.0NRT,286.49,8.65,D
41.77561,-92.95634,331.5,0.76,0.77,2025-03-13,1747,N20,nominal,2.0NRT,290.8,3.94,D
41.77419,-92.95432,328.07,0.76,0.77,2025-03-13,1747,N20,nominal,2.0NRT,291.27,3.63,D
42.77985,-90.42818,332.02,0.54,0.68,2025-03-13,1747,N20,nominal,2.0NRT,282.24,4.86,D
42.77792,-90.43439,332.38,0.54,0.68,2025-03-13,1747,N20,nominal,2.0NRT,286.63,4.86,D
43.22365,-89.79733,344.76,0.49,0.65,2025-03-13,1747,N20,nominal,2.0NRT,287.12,6.46,D
43.22169,-89.79493,337.89,0.49,0.65,2025-03-13,1747,N20,nominal,2.0NRT,287.54,6.17,D
47.92898,-95.35379,326.5,0.6,0.71,2025-03-13,1749,N20,nominal,2.0NRT,269.52,4.82,D
40.02438,-85.29285,333.85,0.45,0.63,2025-03-13,1928,N20,nominal,2.0NRT,293.91,1.69,D
40.04021,-88.98526,341.64,0.56,0.52,2025-03-13,1928,N20,nominal,2.0NRT,304.38,25.11,D
40.22595,-85.88665,343.77,0.42,0.61,2025-03-13,1928,N20,nominal,2.0NRT,297.3,3.96,D
40.10474,-88.95928,332.15,0.57,0.52,2025-03-13,1928,N20,nominal,2.0NRT,296.96,2.88,D
40.11929,-89.09509,346.5,0.56,0.51,2025-03-13,1928,N20,nominal,2.0NRT,299.49,6.77,D
40.10128,-90.00501,346.16,0.5,0.49,2025-03-13,1928,N20,nominal,2.0NRT,304.28,8.98,D
40.10579,-90.00558,355.35,0.5,0.49,2025-03-13,1928,N20,nominal,2.0NRT,297.86,8.98,D
40.10281,-90.0014,340.62,0.5,0.49,2025-03-13,1928,N20,nominal,2.0NRT,302.56,12.11,D
40.10237,-90.00732,340.15,0.5,0.49,2025-03-13,1928,N20,nominal,2.0NRT,300.98,12.11,D
40.15329,-89.43972,331.98,0.54,0.5,2025-03-13,1928,N20,nominal,2.0NRT,301.19,3.19,D
40.18587,-89.37946,339.8,0.54,0.51,2025-03-13,1928,N20,nominal,2.0NRT,298.74,16.3,D
40.29328,-87.89912,367,0.32,0.55,2025-03-13,1928,N20,high,2.0NRT,299.37,4.56,D
40.29098,-89.32796,334.96,0.54,0.51,2025-03-13,1928,N20,nominal,2.0NRT,299.24,4.08,D
40.29614,-89.32211,333.41,0.54,0.51,2025-03-13,1928,N20,nominal,2.0NRT,298.57,4.08,D
40.3943,-88.2233,341.92,0.62,0.54,2025-03-13,1928,N20,nominal,2.0NRT,298.84,10.49,D
40.42891,-88.86211,335.05,0.58,0.52,2025-03-13,1928,N20,nominal,2.0NRT,298.03,2.9,D
40.59116,-87.56817,333.2,0.34,0.56,2025-03-13,1928,N20,nominal,2.0NRT,300.02,1.51,D
40.09151,-93.49095,332.26,0.51,0.41,2025-03-13,1928,N20,nominal,2.0NRT,301.04,5.86,D
40.09594,-93.48569,350.09,0.51,0.41,2025-03-13,1928,N20,nominal,2.0NRT,301.71,6.46,D
40.09627,-93.48201,338.99,0.51,0.41,2025-03-13,1928,N20,nominal,2.0NRT,300.5,4.47,D
40.09565,-93.48794,341.5,0.51,0.41,2025-03-13,1928,N20,nominal,2.0NRT,301.04,4.47,D
40.46298,-89.35879,335.34,0.54,0.51,2025-03-13,1928,N20,nominal,2.0NRT,297.65,3.61,D
40.59245,-87.56917,334.39,0.34,0.56,2025-03-13,1928,N20,nominal,2.0NRT,300.23,1.67,D
40.15449,-93.72147,341.51,0.5,0.41,2025-03-13,1928,N20,nominal,2.0NRT,304,17.32,D
40.62581,-88.52996,330.03,0.6,0.53,2025-03-13,1928,N20,nominal,2.0NRT,302.83,3.46,D
40.26614,-92.79162,333.52,0.55,0.43,2025-03-13,1928,N20,nominal,2.0NRT,299.36,3.36,D
40.20551,-93.39777,346.43,0.51,0.41,2025-03-13,1928,N20,nominal,2.0NRT,303.36,8.07,D
40.26991,-92.83171,339.84,0.55,0.42,2025-03-13,1928,N20,nominal,2.0NRT,301.66,5.05,D
40.27448,-92.82588,333.85,0.55,0.42,2025-03-13,1928,N20,nominal,2.0NRT,300.29,7.39,D
40.27381,-92.83231,334.52,0.55,0.42,2025-03-13,1928,N20,nominal,2.0NRT,301.63,8.43,D
40.27044,-92.82671,331.26,0.55,0.42,2025-03-13,1928,N20,nominal,2.0NRT,299.12,7.2,D
40.2698,-92.83317,332.98,0.55,0.42,2025-03-13,1928,N20,nominal,2.0NRT,301.51,7.2,D
40.27435,-92.82732,337.21,0.55,0.42,2025-03-13,1928,N20,nominal,2.0NRT,300.88,7.2,D
40.54431,-90.08536,342.25,0.5,0.49,2025-03-13,1928,N20,nominal,2.0NRT,297.25,9.77,D
40.63039,-89.36092,347.27,0.55,0.51,2025-03-13,1928,N20,nominal,2.0NRT,300.37,6.1,D
40.24167,-93.69801,335.84,0.5,0.41,2025-03-13,1928,N20,nominal,2.0NRT,303.65,5.14,D
40.59185,-90.06147,339.17,0.5,0.49,2025-03-13,1928,N20,nominal,2.0NRT,300.9,3.71,D
40.66628,-89.1248,351.23,0.56,0.52,2025-03-13,1928,N20,nominal,2.0NRT,300.3,20.07,D
40.35081,-92.93201,333.04,0.54,0.42,2025-03-13,1928,N20,nominal,2.0NRT,300.33,4.23,D
40.35469,-92.93269,330.14,0.54,0.42,2025-03-13,1928,N20,nominal,2.0NRT,299.88,3.65,D
40.14263,-94.9359,336.07,0.45,0.39,2025-03-13,1928,N20,nominal,2.0NRT,301.5,4.34,D
40.14617,-94.93662,337.28,0.45,0.39,2025-03-13,1928,N20,nominal,2.0NRT,302.88,4.34,D
40.73441,-89.77224,336.98,0.52,0.5,2025-03-13,1928,N20,nominal,2.0NRT,297.73,3.62,D
40.34556,-93.90342,344.99,0.49,0.4,2025-03-13,1928,N20,nominal,2.0NRT,303.59,10.87,D
40.34491,-93.90922,331.61,0.49,0.4,2025-03-13,1928,N20,nominal,2.0NRT,302.23,10.87,D
40.45634,-92.91186,335.34,0.54,0.42,2025-03-13,1928,N20,nominal,2.0NRT,300.24,9.33,D
40.91599,-87.13976,354.43,0.36,0.57,2025-03-13,1928,N20,nominal,2.0NRT,297.94,4.15,D
40.5698,-92.10538,341.48,0.4,0.44,2025-03-13,1928,N20,nominal,2.0NRT,299.21,3.33,D
40.3077,-94.62454,335.19,0.46,0.39,2025-03-13,1928,N20,nominal,2.0NRT,299.96,2.61,D
40.3698,-94.10918,346.17,0.48,0.4,2025-03-13,1928,N20,nominal,2.0NRT,301.97,7.29,D
40.37348,-94.10988,332.52,0.48,0.4,2025-03-13,1928,N20,nominal,2.0NRT,300.06,4.16,D
40.24569,-95.3856,347.23,0.43,0.38,2025-03-13,1928,N20,nominal,2.0NRT,306.75,12.97,D
41.11542,-85.34785,329.29,0.45,0.63,2025-03-13,1928,N20,nominal,2.0NRT,293.99,1.4,D
41.12052,-85.34951,339.52,0.45,0.63,2025-03-13,1928,N20,nominal,2.0NRT,296.47,3.73,D
40.91529,-89.42928,332.19,0.55,0.51,2025-03-13,1928,N20,nominal,2.0NRT,293.76,8.54,D
40.91955,-89.43626,345.83,0.55,0.51,2025-03-13,1928,N20,nominal,2.0NRT,296.54,7.18,D
41.04377,-87.49921,335.25,0.35,0.56,2025-03-13,1928,N20,nominal,2.0NRT,294.1,2.99,D
41.04354,-87.5034,346.78,0.35,0.56,2025-03-13,1928,N20,nominal,2.0NRT,295.7,2.99,D
41.04877,-87.50385,337.27,0.35,0.56,2025-03-13,1928,N20,nominal,2.0NRT,294.38,5.06,D
41.05444,-87.49593,342.75,0.35,0.56,2025-03-13,1928,N20,nominal,2.0NRT,294.68,6.35,D
40.36545,-95.40759,349.83,0.43,0.38,2025-03-13,1928,N20,nominal,2.0NRT,306.15,10.93,D
40.36958,-95.40321,350.14,0.43,0.38,2025-03-13,1928,N20,nominal,2.0NRT,305.74,5.74,D
40.37307,-95.40395,334.41,0.43,0.38,2025-03-13,1928,N20,nominal,2.0NRT,302.32,4.08,D
40.3772,-95.39958,346.15,0.43,0.38,2025-03-13,1928,N20,nominal,2.0NRT,302.22,4.08,D
40.38069,-95.40032,338.81,0.43,0.38,2025-03-13,1928,N20,nominal,2.0NRT,302.66,5.63,D
41.13895,-86.90285,367,0.37,0.58,2025-03-13,1928,N20,high,2.0NRT,296.83,11.41,D
40.59804,-93.63504,330.37,0.51,0.41,2025-03-13,1928,N20,nominal,2.0NRT,300.7,2.84,D
40.93504,-90.10379,342.56,0.5,0.49,2025-03-13,1928,N20,nominal,2.0NRT,298.77,9.65,D
40.51912,-94.59042,335.4,0.46,0.39,2025-03-13,1928,N20,nominal,2.0NRT,300.79,4.17,D
40.63974,-93.5658,333.3,0.51,0.41,2025-03-13,1928,N20,nominal,2.0NRT,299.96,4.17,D
40.63911,-93.57179,346.81,0.51,0.41,2025-03-13,1928,N20,nominal,2.0NRT,302.17,7.82,D
41.01396,-89.7307,330.2,0.53,0.5,2025-03-13,1928,N20,nominal,2.0NRT,297.47,2.55,D
40.70432,-93.2448,348.49,0.53,0.42,2025-03-13,1928,N20,nominal,2.0NRT,302.05,8.69,D
40.70817,-93.24548,344.98,0.53,0.42,2025-03-13,1928,N20,nominal,2.0NRT,300.23,8.69,D
40.51409,-94.98392,332.44,0.45,0.39,2025-03-13,1928,N20,nominal,2.0NRT,300.62,5.53,D
40.71135,-93.25243,341.33,0.53,0.42,2025-03-13,1928,N20,nominal,2.0NRT,300.01,7.77,D
41.21799,-86.53552,367,0.39,0.59,2025-03-13,1928,N20,high,2.0NRT,296.99,13.51,D
41.29606,-84.98891,367,0.47,0.64,2025-03-13,1928,N20,high,2.0NRT,294.3,16.53,D
40.90502,-91.50871,344.96,0.43,0.46,2025-03-13,1928,N20,nominal,2.0NRT,310.69,39.02,D
40.90456,-91.51381,336.21,0.43,0.46,2025-03-13,1928,N20,nominal,2.0NRT,303.71,39.02,D
40.90922,-91.50939,341.67,0.43,0.46,2025-03-13,1928,N20,nominal,2.0NRT,298.84,39.02,D
40.90876,-91.5145,304.72,0.43,0.46,2025-03-13,1928,N20,low,2.0NRT,314.28,39.02,D
41.31137,-85.53949,351.56,0.44,0.62,2025-03-13,1928,N20,nominal,2.0NRT,293.19,8.22,D
41.31116,-85.54488,350.42,0.44,0.62,2025-03-13,1928,N20,nominal,2.0NRT,294.49,8.32,D
40.83622,-92.53686,340.43,0.57,0.43,2025-03-13,1928,N20,nominal,2.0NRT,300.37,11.01,D
40.59807,-94.83167,341.5,0.46,0.39,2025-03-13,1928,N20,nominal,2.0NRT,301.41,10.89,D
40.83804,-92.53761,339.28,0.57,0.43,2025-03-13,1928,N20,nominal,2.0NRT,300.13,13.61,D
40.60017,-94.82856,334.06,0.46,0.39,2025-03-13,1928,N20,nominal,2.0NRT,300.12,18.02,D
40.49966,-95.72233,367,0.43,0.38,2025-03-13,1928,N20,high,2.0NRT,308.09,14.53,D
40.66771,-94.30058,340.71,0.48,0.4,2025-03-13,1928,N20,nominal,2.0NRT,300.79,6.37,D
40.50154,-95.70728,339.5,0.43,0.38,2025-03-13,1928,N20,low,2.0NRT,311.14,5.96,D
40.50092,-95.7123,348.78,0.43,0.38,2025-03-13,1928,N20,nominal,2.0NRT,313.95,18.71,D
40.50029,-95.71732,351.92,0.43,0.38,2025-03-13,1928,N20,nominal,2.0NRT,309.84,18.71,D
40.505,-95.70802,344.27,0.43,0.38,2025-03-13,1928,N20,nominal,2.0NRT,308.68,5.96,D
40.50438,-95.71304,354.01,0.43,0.38,2025-03-13,1928,N20,nominal,2.0NRT,314.12,18.71,D
41.3115,-85.54105,367,0.44,0.62,2025-03-13,1928,N20,high,2.0NRT,295.05,5.78,D
41.31132,-85.54644,329.89,0.44,0.62,2025-03-13,1928,N20,nominal,2.0NRT,292.31,5.78,D
40.50784,-95.71379,348.88,0.43,0.38,2025-03-13,1928,N20,nominal,2.0NRT,306.79,6.15,D
40.68409,-94.32111,342.72,0.48,0.4,2025-03-13,1928,N20,nominal,2.0NRT,305.9,32.57,D
40.68346,-94.3267,339.68,0.48,0.4,2025-03-13,1928,N20,nominal,2.0NRT,298.51,7.32,D
40.68283,-94.33229,341.3,0.48,0.4,2025-03-13,1928,N20,nominal,2.0NRT,302.13,7.32,D
40.68711,-94.32742,367,0.48,0.4,2025-03-13,1928,N20,high,2.0NRT,301.94,14.07,D
40.68775,-94.32181,345.04,0.48,0.4,2025-03-13,1928,N20,nominal,2.0NRT,298.94,6.49,D
40.68649,-94.333,335.02,0.48,0.4,2025-03-13,1928,N20,nominal,2.0NRT,299.37,14.07,D
40.69141,-94.32247,333.41,0.48,0.4,2025-03-13,1928,N20,nominal,2.0NRT,298.59,6.49,D
40.69078,-94.32809,348.97,0.48,0.4,2025-03-13,1928,N20,nominal,2.0NRT,302.21,14.07,D
41.36694,-84.91824,327.5,0.48,0.64,2025-03-13,1928,N20,nominal,2.0NRT,294.73,4.56,D
41.07271,-90.96273,341.56,0.46,0.47,2025-03-13,1928,N20,nominal,2.0NRT,300.29,6.74,D
41.08186,-90.9585,337.69,0.46,0.47,2025-03-13,1928,N20,nominal,2.0NRT,298.1,3.71,D
41.08139,-90.96394,340.48,0.46,0.47,2025-03-13,1928,N20,nominal,2.0NRT,301.12,8.15,D
41.03174,-91.70929,346.89,0.42,0.45,2025-03-13,1928,N20,nominal,2.0NRT,299.78,8.55,D
41.03256,-91.71241,338.63,0.42,0.45,2025-03-13,1928,N20,nominal,2.0NRT,297.86,5.11,D
41.09281,-91.10568,340.04,0.45,0.47,2025-03-13,1928,N20,nominal,2.0NRT,297.54,4.97,D
41.3304,-88.03575,367,0.33,0.55,2025-03-13,1928,N20,high,2.0NRT,301.42,25.73,D
41.33018,-88.03969,344.86,0.33,0.55,2025-03-13,1928,N20,nominal,2.0NRT,311.02,31.53,D
40.98549,-92.86395,332.73,0.55,0.43,2025-03-13,1928,N20,nominal,2.0NRT,297.33,9.65,D
41.16311,-91.09956,341.03,0.45,0.47,2025-03-13,1928,N20,nominal,2.0NRT,297.34,5.37,D
41.56291,-84.04384,331.57,0.53,0.67,2025-03-13,1928,N20,nominal,2.0NRT,287.35,2.65,D
41.56702,-84.04403,335.81,0.53,0.67,2025-03-13,1928,N20,nominal,2.0NRT,289.07,3.9,D
41.16599,-91.60195,343.24,0.43,0.46,2025-03-13,1928,N20,nominal,2.0NRT,298.55,4.95,D
41.17019,-91.60256,344.65,0.43,0.46,2025-03-13,1928,N20,nominal,2.0NRT,298.79,4.95,D
41.09048,-92.4753,339.77,0.39,0.44,2025-03-13,1928,N20,nominal,2.0NRT,299.48,4.34,D
41.22184,-91.20231,353.79,0.45,0.47,2025-03-13,1928,N20,nominal,2.0NRT,300.08,11.92,D
41.51094,-87.89564,332.03,0.33,0.55,2025-03-13,1928,N20,nominal,2.0NRT,293.67,1.73,D
41.54457,-87.58404,367,0.35,0.56,2025-03-13,1928,N20,high,2.0NRT,294.53,5.13,D
41.29331,-91.13073,338.82,0.45,0.47,2025-03-13,1928,N20,nominal,2.0NRT,299.85,5.94,D
41.29485,-91.13361,339.99,0.45,0.47,2025-03-13,1928,N20,nominal,2.0NRT,300.25,6,D
41.24619,-91.80672,338.4,0.42,0.45,2025-03-13,1928,N20,nominal,2.0NRT,297.48,5.45,D
41.24576,-91.81167,337.26,0.42,0.45,2025-03-13,1928,N20,nominal,2.0NRT,300.82,5.45,D
41.54482,-87.58402,367,0.35,0.56,2025-03-13,1928,N20,high,2.0NRT,294.61,5.72,D
41.62576,-87.13932,330.11,0.37,0.58,2025-03-13,1928,N20,nominal,2.0NRT,295.25,4.91,D
41.63134,-87.13534,342.47,0.37,0.58,2025-03-13,1928,N20,nominal,2.0NRT,296.07,5.01,D
41.60959,-87.5515,345.99,0.35,0.57,2025-03-13,1928,N20,nominal,2.0NRT,291.12,5.06,D
41.60936,-87.55574,335.98,0.35,0.57,2025-03-13,1928,N20,nominal,2.0NRT,291.93,4.11,D
41.63691,-87.13131,331.77,0.37,0.58,2025-03-13,1928,N20,nominal,2.0NRT,293.91,5.26,D
41.63646,-87.14018,330.96,0.37,0.58,2025-03-13,1928,N20,nominal,2.0NRT,295.6,5.63,D
41.46152,-89.92501,356.2,0.52,0.5,2025-03-13,1928,N20,nominal,2.0NRT,300.21,19.96,D
41.64204,-87.13609,350.83,0.37,0.58,2025-03-13,1928,N20,nominal,2.0NRT,292.67,5.26,D
41.4745,-90.05891,329.29,0.51,0.5,2025-03-13,1928,N20,nominal,2.0NRT,299.4,3.75,D
41.25096,-93.02721,335.97,0.55,0.43,2025-03-13,1928,N20,nominal,2.0NRT,299.74,4.83,D
41.67451,-87.41619,328.75,0.35,0.57,2025-03-13,1928,N20,nominal,2.0NRT,293.27,4.35,D
41.67978,-87.41665,329.15,0.35,0.57,2025-03-13,1928,N20,nominal,2.0NRT,295.93,4.35,D
41.47245,-91.06902,341.34,0.46,0.47,2025-03-13,1928,N20,nominal,2.0NRT,295.69,4.41,D
41.25063,-93.63577,335.82,0.52,0.41,2025-03-13,1928,N20,nominal,2.0NRT,301.99,9.31,D
41.63219,-89.49758,328.48,0.55,0.51,2025-03-13,1928,N20,nominal,2.0NRT,295.73,1.92,D
41.6374,-89.49149,339.95,0.55,0.51,2025-03-13,1928,N20,nominal,2.0NRT,297.07,8.7,D
41.39739,-92.31898,340.65,0.4,0.44,2025-03-13,1928,N20,nominal,2.0NRT,297.41,4.26,D
41.64212,-89.49203,340.26,0.55,0.51,2025-03-13,1928,N20,nominal,2.0NRT,298.28,8.7,D
41.39732,-92.31744,340.2,0.4,0.44,2025-03-13,1928,N20,nominal,2.0NRT,298.14,3.01,D
41.80412,-86.08273,333.93,0.42,0.61,2025-03-13,1928,N20,nominal,2.0NRT,291.01,2.91,D
41.63366,-89.49261,338.78,0.55,0.51,2025-03-13,1928,N20,nominal,2.0NRT,295.16,7.54,D
41.63839,-89.49315,344.51,0.55,0.51,2025-03-13,1928,N20,nominal,2.0NRT,298.88,11.34,D
41.64311,-89.49371,344.48,0.55,0.51,2025-03-13,1928,N20,nominal,2.0NRT,297.47,11.34,D
41.64783,-89.49427,350.2,0.55,0.51,2025-03-13,1928,N20,nominal,2.0NRT,297.69,9.21,D
41.65023,-90.11696,367,0.51,0.49,2025-03-13,1928,N20,high,2.0NRT,301.04,13.04,D
41.6507,-90.11077,328.48,0.51,0.49,2025-03-13,1928,N20,nominal,2.0NRT,298.95,3.56,D
41.64976,-90.12315,339.96,0.51,0.49,2025-03-13,1928,N20,nominal,2.0NRT,299.86,13.04,D
41.81995,-88.1078,349.07,0.33,0.55,2025-03-13,1928,N20,nominal,2.0NRT,294.32,2.95,D
41.34647,-93.84931,335.55,0.51,0.41,2025-03-13,1928,N20,nominal,2.0NRT,300.56,3.7,D
41.82313,-88.1071,331.78,0.33,0.55,2025-03-13,1928,N20,nominal,2.0NRT,293.29,2.51,D
41.53575,-92.10709,340.8,0.41,0.45,2025-03-13,1928,N20,nominal,2.0NRT,297.44,4.6,D
41.42156,-93.90042,338.64,0.5,0.41,2025-03-13,1928,N20,nominal,2.0NRT,299.72,4.79,D
41.42532,-93.90112,342.38,0.5,0.41,2025-03-13,1928,N20,nominal,2.0NRT,301.7,16.81,D
41.42907,-93.90184,337.75,0.5,0.41,2025-03-13,1928,N20,nominal,2.0NRT,304.42,16.81,D
41.42841,-93.90788,341.43,0.5,0.41,2025-03-13,1928,N20,nominal,2.0NRT,300.28,14.71,D
41.70586,-91.14027,331.87,0.45,0.47,2025-03-13,1928,N20,nominal,2.0NRT,295.5,3.84,D
41.42773,-94.01855,332.6,0.5,0.41,2025-03-13,1928,N20,nominal,2.0NRT,301.62,2.83,D
41.73188,-91.71832,341.35,0.43,0.46,2025-03-13,1928,N20,nominal,2.0NRT,297.69,8.16,D
41.57041,-93.62265,332.49,0.52,0.42,2025-03-13,1928,N20,nominal,2.0NRT,297.44,4.34,D
41.76831,-91.7392,346.72,0.43,0.46,2025-03-13,1928,N20,nominal,2.0NRT,300.97,8.46,D
41.77251,-91.73981,339.78,0.43,0.46,2025-03-13,1928,N20,nominal,2.0NRT,293.57,8.51,D
41.77205,-91.74496,347.58,0.43,0.46,2025-03-13,1928,N20,nominal,2.0NRT,302.1,14.41,D
41.76903,-91.73624,342.4,0.43,0.46,2025-03-13,1928,N20,nominal,2.0NRT,299.05,6.1,D
41.76859,-91.7414,347.9,0.43,0.46,2025-03-13,1928,N20,nominal,2.0NRT,301.23,9.46,D
41.77279,-91.74202,342.48,0.43,0.46,2025-03-13,1928,N20,nominal,2.0NRT,298.05,9.46,D
41.77235,-91.74717,339.5,0.43,0.46,2025-03-13,1928,N20,nominal,2.0NRT,297.07,9.46,D
41.79758,-91.65134,340.23,0.43,0.46,2025-03-13,1928,N20,nominal,2.0NRT,300.68,38.06,D
42.05094,-88.52759,338.96,0.62,0.54,2025-03-13,1928,N20,nominal,2.0NRT,292.84,7.66,D
42.05049,-88.5352,332.11,0.62,0.54,2025-03-13,1928,N20,nominal,2.0NRT,293.77,7.66,D
41.99086,-89.4761,342.52,0.56,0.51,2025-03-13,1928,N20,nominal,2.0NRT,293.5,20.17,D
41.99041,-89.48291,354.25,0.56,0.51,2025-03-13,1928,N20,nominal,2.0NRT,297.97,20.17,D
41.38436,-95.8205,331.83,0.43,0.38,2025-03-13,1928,N20,nominal,2.0NRT,299.16,3.42,D
41.99515,-89.48341,344.89,0.56,0.51,2025-03-13,1928,N20,nominal,2.0NRT,293.28,7.1,D
42.13904,-87.88638,355.11,0.34,0.56,2025-03-13,1928,N20,nominal,2.0NRT,292.62,4.34,D
41.414,-95.86907,345.71,0.43,0.38,2025-03-13,1928,N20,nominal,2.0NRT,303.07,5.62,D
42.14444,-87.88274,338.51,0.34,0.56,2025-03-13,1928,N20,nominal,2.0NRT,291.96,2.97,D
41.84084,-92.20111,337.96,0.4,0.45,2025-03-13,1928,N20,nominal,2.0NRT,295.44,1.78,D
41.84357,-92.20088,340.26,0.41,0.45,2025-03-13,1928,N20,nominal,2.0NRT,297.36,6.39,D
41.46944,-95.9477,333.57,0.43,0.38,2025-03-13,1928,N20,nominal,2.0NRT,305.95,6.59,D
40.21659,-103.84102,334.05,0.51,0.41,2025-03-13,1928,N20,nominal,2.0NRT,304.63,2.08,D
42.21023,-88.21403,347.21,0.32,0.55,2025-03-13,1928,N20,nominal,2.0NRT,292.62,5.34,D
42.25993,-87.88678,325.9,0.34,0.56,2025-03-13,1928,N20,nominal,2.0NRT,289.82,1.49,D
41.77853,-93.93646,339.29,0.51,0.41,2025-03-13,1928,N20,nominal,2.0NRT,300.34,6.4,D
41.77834,-93.93762,346.6,0.51,0.41,2025-03-13,1928,N20,nominal,2.0NRT,300.29,5.66,D
41.56001,-95.91719,333.66,0.43,0.38,2025-03-13,1928,N20,nominal,2.0NRT,302.48,2.66,D
41.96692,-92.64756,351.94,0.39,0.44,2025-03-13,1928,N20,nominal,2.0NRT,299.7,7.93,D
42.37051,-88.01218,280.02,0.33,0.56,2025-03-13,1928,N20,low,2.0NRT,280.09,0.78,D
42.37587,-88.00858,334.6,0.33,0.56,2025-03-13,1928,N20,nominal,2.0NRT,291.38,0.78,D
42.32022,-89.14563,332.49,0.58,0.52,2025-03-13,1928,N20,nominal,2.0NRT,295.28,2.99,D
42.28482,-91.23253,339.13,0.46,0.47,2025-03-13,1928,N20,nominal,2.0NRT,292.69,31.76,D
42.28436,-91.23819,301.92,0.46,0.47,2025-03-13,1928,N20,low,2.0NRT,304.45,31.76,D
42.2887,-91.2388,335.99,0.46,0.47,2025-03-13,1928,N20,nominal,2.0NRT,291.1,5.92,D
41.38403,-98.99467,333.99,0.38,0.36,2025-03-13,1928,N20,nominal,2.0NRT,300.66,50.37,D
41.38334,-98.99921,332.18,0.38,0.36,2025-03-13,1928,N20,nominal,2.0NRT,297.39,8.7,D
41.38661,-99.00009,331.95,0.38,0.36,2025-03-13,1928,N20,nominal,2.0NRT,298.9,8.7,D
41.38592,-99.00463,342.59,0.38,0.36,2025-03-13,1928,N20,nominal,2.0NRT,302.39,8.7,D
41.39058,-98.99642,348.52,0.38,0.36,2025-03-13,1928,N20,nominal,2.0NRT,302.8,12.18,D
41.38988,-99.00096,336.96,0.38,0.36,2025-03-13,1928,N20,nominal,2.0NRT,299.36,51.39,D
41.39385,-98.9973,341.42,0.38,0.36,2025-03-13,1928,N20,nominal,2.0NRT,296.74,12.18,D
41.39643,-99.00272,337.55,0.38,0.36,2025-03-13,1928,N20,nominal,2.0NRT,293.34,3.86,D
42.47601,-89.48978,331.33,0.56,0.52,2025-03-13,1928,N20,nominal,2.0NRT,293.19,4.06,D
42.47606,-89.49103,328.99,0.56,0.52,2025-03-13,1928,N20,nominal,2.0NRT,293.11,3.27,D
42.53461,-89.17777,325.93,0.58,0.52,2025-03-13,1928,N20,nominal,2.0NRT,295.52,3.07,D
42.53416,-89.18488,340.17,0.58,0.52,2025-03-13,1928,N20,nominal,2.0NRT,296.23,6.78,D
42.62479,-88.16231,355.66,0.33,0.55,2025-03-13,1928,N20,nominal,2.0NRT,291.09,3.32,D
42.62456,-88.16639,327.46,0.33,0.55,2025-03-13,1928,N20,nominal,2.0NRT,290.25,3.32,D
42.64985,-88.08251,333.19,0.33,0.55,2025-03-13,1928,N20,nominal,2.0NRT,287.48,2.52,D
42.65499,-88.08301,339.2,0.33,0.55,2025-03-13,1928,N20,nominal,2.0NRT,289.08,2.52,D
42.65126,-89.08281,347.2,0.59,0.53,2025-03-13,1928,N20,nominal,2.0NRT,293.05,9.24,D
40.60282,-104.648,333.71,0.54,0.42,2025-03-13,1928,N20,nominal,2.0NRT,304.83,4.58,D
42.73491,-88.44077,327.64,0.32,0.55,2025-03-13,1928,N20,nominal,2.0NRT,291.24,1.71,D
40.63416,-104.69221,334.22,0.54,0.42,2025-03-13,1928,N20,nominal,2.0NRT,304.8,2.41,D
40.63792,-104.69355,337.23,0.54,0.42,2025-03-13,1928,N20,nominal,2.0NRT,307.35,5.63,D
40.63537,-104.69403,338.04,0.54,0.42,2025-03-13,1928,N20,nominal,2.0NRT,306.45,6.91,D
42.66623,-90.16861,344.76,0.52,0.5,2025-03-13,1928,N20,nominal,2.0NRT,301.99,39.34,D
42.65325,-90.53992,339.81,0.5,0.49,2025-03-13,1928,N20,nominal,2.0NRT,295.77,13.23,D
42.77544,-88.7746,331.24,0.62,0.54,2025-03-13,1928,N20,nominal,2.0NRT,288.94,4.01,D
42.18173,-95.98264,339.24,0.43,0.38,2025-03-13,1928,N20,nominal,2.0NRT,300.8,10.41,D
42.18107,-95.98792,332.9,0.43,0.38,2025-03-13,1928,N20,nominal,2.0NRT,300.71,7.32,D
42.18521,-95.98345,355.24,0.43,0.38,2025-03-13,1928,N20,nominal,2.0NRT,304.42,10.41,D
42.18289,-95.97955,331.69,0.43,0.38,2025-03-13,1928,N20,nominal,2.0NRT,298.54,5.27,D
42.18224,-95.98485,355.73,0.43,0.38,2025-03-13,1928,N20,nominal,2.0NRT,306.41,13.77,D
42.18572,-95.98566,349.34,0.43,0.38,2025-03-13,1928,N20,nominal,2.0NRT,302.19,13.77,D
42.18921,-95.98647,343.35,0.43,0.38,2025-03-13,1928,N20,nominal,2.0NRT,302.45,4.73,D
42.88598,-88.51418,350.53,0.32,0.54,2025-03-13,1928,N20,nominal,2.0NRT,291.43,4.74,D
42.89103,-88.51463,356.43,0.32,0.54,2025-03-13,1928,N20,low,2.0NRT,289.66,4.26,D
42.89628,-88.5112,335.89,0.32,0.54,2025-03-13,1928,N20,nominal,2.0NRT,287.04,4.26,D
42.89606,-88.51514,335.76,0.32,0.54,2025-03-13,1928,N20,nominal,2.0NRT,288.11,4.26,D
42.64759,-92.03698,325.23,0.42,0.45,2025-03-13,1928,N20,nominal,2.0NRT,292.93,1.85,D
42.66349,-92.14356,348.22,0.42,0.45,2025-03-13,1928,N20,nominal,2.0NRT,296.03,4.88,D
40.53163,-106.10524,336.42,0.42,0.45,2025-03-13,1928,N20,nominal,2.0NRT,273.77,4.09,D
42.88564,-89.62546,338.74,0.56,0.51,2025-03-13,1928,N20,nominal,2.0NRT,291.74,6.45,D
42.75485,-91.33827,341.02,0.46,0.47,2025-03-13,1928,N20,nominal,2.0NRT,292.61,4.93,D
42.886,-89.62685,338.85,0.56,0.51,2025-03-13,1928,N20,nominal,2.0NRT,291.76,9.78,D
42.8007,-91.48867,343.65,0.45,0.47,2025-03-13,1928,N20,nominal,2.0NRT,296.08,23.44,D
42.97716,-89.55347,336.58,0.56,0.52,2025-03-13,1928,N20,nominal,2.0NRT,291.61,3.12,D
43.12383,-88.91696,332.46,0.61,0.53,2025-03-13,1928,N20,nominal,2.0NRT,285.82,4.49,D
43.09432,-89.60236,338.77,0.56,0.52,2025-03-13,1928,N20,nominal,2.0NRT,291.31,4.66,D
43.09464,-89.59837,338.54,0.56,0.52,2025-03-13,1928,N20,nominal,2.0NRT,290.57,6.97,D
43.21692,-89.79317,339.82,0.55,0.51,2025-03-13,1928,N20,nominal,2.0NRT,291.27,10.77,D
43.21648,-89.80001,339.81,0.55,0.51,2025-03-13,1928,N20,nominal,2.0NRT,292.02,11.31,D
43.19704,-91.25064,343,0.47,0.47,2025-03-13,1928,N20,nominal,2.0NRT,282.56,6.09,D
43.1969,-91.25305,335.22,0.47,0.47,2025-03-13,1928,N20,nominal,2.0NRT,283.8,3.95,D
43.36584,-89.93085,338.51,0.54,0.51,2025-03-13,1928,N20,nominal,2.0NRT,292.13,9.49,D
43.55284,-88.72176,328.54,0.63,0.54,2025-03-13,1928,N20,nominal,2.0NRT,288.37,4.75,D
43.55514,-89.6177,347.99,0.57,0.52,2025-03-13,1928,N20,nominal,2.0NRT,289.98,8.78,D
43.56037,-89.61111,338.1,0.57,0.52,2025-03-13,1928,N20,nominal,2.0NRT,284.05,8.78,D
43.55993,-89.61822,343.17,0.57,0.52,2025-03-13,1928,N20,nominal,2.0NRT,286.23,8.78,D
43.55557,-92.95042,338.22,0.39,0.44,2025-03-13,1928,N20,nominal,2.0NRT,291.29,2.09,D
44.07479,-87.92422,325,0.35,0.57,2025-03-13,1928,N20,nominal,2.0NRT,285.34,3.71,D
43.99264,-91.61669,328.92,0.46,0.47,2025-03-13,1930,N20,nominal,2.0NRT,287.64,3.6,D
44.3798,-89.96548,338.06,0.55,0.51,2025-03-13,1930,N20,nominal,2.0NRT,291.05,4.21,D
43.16161,-101.53268,341.55,0.4,0.37,2025-03-13,1930,N20,nominal,2.0NRT,298.91,9.48,D
43.16491,-101.53373,330.79,0.4,0.37,2025-03-13,1930,N20,nominal,2.0NRT,295.64,2.68,D
44.69603,-91.86576,332.66,0.45,0.47,2025-03-13,1930,N20,nominal,2.0NRT,285.2,3.61,D
44.70036,-91.86631,330.49,0.45,0.47,2025-03-13,1930,N20,nominal,2.0NRT,283.64,3.61,D
45.37843,-91.58546,337.34,0.47,0.48,2025-03-13,1930,N20,nominal,2.0NRT,289.56,6.45,D
45.6475,-92.99398,337.83,0.41,0.45,2025-03-13,1930,N20,nominal,2.0NRT,286.37,3.69,D
44.66128,-101.71976,350.5,0.39,0.36,2025-03-13,1930,N20,nominal,2.0NRT,292.07,6.63,D
50.51545,-104.62783,329.46,0.4,0.37,2025-03-13,1932,N20,nominal,2.0NRT,278.37,3.05,D
40.63469,-122.53373,350.35,0.4,0.37,2025-03-13,2110,N20,nominal,2.0NRT,288.99,5.48,D
40.63406,-122.53829,327.66,0.4,0.37,2025-03-13,2110,N20,nominal,2.0NRT,285.46,5.48,D
41.1021,-122.78232,345.57,0.39,0.37,2025-03-13,2110,N20,nominal,2.0NRT,284.12,4.66,D
42.28162,-122.94244,328.41,0.4,0.37,2025-03-13,2110,N20,nominal,2.0NRT,280.72,1.97,D
45.2277,-123.16614,330.84,0.41,0.37,2025-03-13,2112,N20,nominal,2.0NRT,289.11,2.13,D
45.82439,-119.75346,328.89,0.54,0.42,2025-03-13,2112,N20,nominal,2.0NRT,286.93,3.12,D
48.1073,-119.71996,332.23,0.38,0.43,2025-03-13,2112,N20,nominal,2.0NRT,283.33,3.08,D
45.83863,-73.25167,312.28,0.34,0.56,2025-03-14,0603,N20,nominal,2.0NRT,269.81,1.68,N
45.11493,-73.01321,296.02,0.33,0.55,2025-03-14,0603,N20,nominal,2.0NRT,268.68,0.88,N
43.2646,-79.80915,298.62,0.7,0.75,2025-03-14,0603,N20,nominal,2.0NRT,268.56,4.17,N
43.26535,-79.81261,312.99,0.7,0.75,2025-03-14,0603,N20,nominal,2.0NRT,268.9,3.17,N
42.80915,-80.0993,323.25,0.72,0.76,2025-03-14,0603,N20,nominal,2.0NRT,273.58,5.6,N
42.81121,-80.10239,300.86,0.72,0.76,2025-03-14,0603,N20,nominal,2.0NRT,270.94,2.51,N
42.81121,-80.09339,297.21,0.72,0.75,2025-03-14,0603,N20,nominal,2.0NRT,271.14,3.74,N
42.80419,-80.11155,296.17,0.72,0.76,2025-03-14,0603,N20,nominal,2.0NRT,269.65,2.51,N
42.80419,-80.10256,315.79,0.72,0.76,2025-03-14,0603,N20,nominal,2.0NRT,273.17,2.51,N
40.89457,-77.71125,310.64,0.53,0.67,2025-03-14,0605,N20,nominal,2.0NRT,274.81,2.86,N
40.67172,-80.35027,310.18,0.73,0.76,2025-03-14,0605,N20,nominal,2.0NRT,276.86,1.45,N
40.66735,-80.34766,317.68,0.73,0.76,2025-03-14,0605,N20,nominal,2.0NRT,277.52,3.21,N
40.39432,-79.8565,317.63,0.68,0.74,2025-03-14,0605,N20,nominal,2.0NRT,280.62,3.71,N
45.83918,-73.24979,305.94,0.35,0.57,2025-03-14,0744,N20,nominal,2.0NRT,271.06,1.83,N
45.11373,-73.01167,299.1,0.38,0.59,2025-03-14,0744,N20,nominal,2.0NRT,269.56,0.74,N
46.57801,-80.79356,324.33,0.49,0.4,2025-03-14,0744,N20,nominal,2.0NRT,273.11,33.28,N
46.51578,-84.39369,332.06,0.39,0.37,2025-03-14,0744,N20,nominal,2.0NRT,256.97,4.58,N
48.06579,-103.02367,300.75,0.57,0.69,2025-03-14,0744,N20,nominal,2.0NRT,267.73,1.49,N
45.07182,-83.40376,303.04,0.43,0.38,2025-03-14,0746,N20,nominal,2.0NRT,267.76,1.2,N
42.0518,-73.97908,303.77,0.42,0.61,2025-03-14,0746,N20,nominal,2.0NRT,270.46,1.08,N
42.05249,-73.97659,302.79,0.42,0.61,2025-03-14,0746,N20,nominal,2.0NRT,271.09,0.95,N
43.27522,-79.7968,325.51,0.41,0.45,2025-03-14,0746,N20,nominal,2.0NRT,273.71,1.91,N
43.27349,-79.80836,326.8,0.41,0.45,2025-03-14,0746,N20,nominal,2.0NRT,272.87,2.59,N
43.27237,-79.80344,302.55,0.41,0.45,2025-03-14,0746,N20,nominal,2.0NRT,275.23,1.96,N
43.2684,-79.80515,321.64,0.41,0.45,2025-03-14,0746,N20,nominal,2.0NRT,276.25,1.96,N
43.26442,-79.80682,335.38,0.41,0.45,2025-03-14,0746,N20,nominal,2.0NRT,277,2.29,N
43.26045,-79.80853,315.61,0.41,0.45,2025-03-14,0746,N20,nominal,2.0NRT,272.95,2.29,N
45.71426,-97.06464,300.88,0.57,0.52,2025-03-14,0746,N20,nominal,2.0NRT,275.39,3.14,N
45.70947,-97.06521,330.26,0.57,0.52,2025-03-14,0746,N20,nominal,2.0NRT,274.24,3.14,N
42.81287,-80.0936,321.16,0.41,0.45,2025-03-14,0746,N20,nominal,2.0NRT,272.93,2.83,N
42.80494,-80.0969,314.99,0.41,0.45,2025-03-14,0746,N20,nominal,2.0NRT,275.88,3.9,N
42.80205,-80.10337,344.03,0.41,0.45,2025-03-14,0746,N20,nominal,2.0NRT,274.04,3.9,N
43.18605,-84.84438,305.28,0.41,0.37,2025-03-14,0746,N20,nominal,2.0NRT,272.23,0.85,N
43.70348,-88.38599,300.34,0.39,0.36,2025-03-14,0746,N20,nominal,2.0NRT,273.85,0.84,N
42.72545,-83.26323,302.16,0.46,0.39,2025-03-14,0746,N20,nominal,2.0NRT,272.04,0.66,N
42.57954,-82.54104,309.94,0.49,0.4,2025-03-14,0746,N20,nominal,2.0NRT,269.86,1.28,N
42.57473,-82.53657,296.1,0.49,0.4,2025-03-14,0746,N20,nominal,2.0NRT,271.33,0.92,N
42.57629,-82.53751,320.29,0.49,0.4,2025-03-14,0746,N20,nominal,2.0NRT,271.47,2.28,N
43.40305,-87.9511,295.27,0.39,0.36,2025-03-14,0746,N20,nominal,2.0NRT,272.81,0.58,N
42.29816,-83.15573,338.54,0.47,0.4,2025-03-14,0746,N20,nominal,2.0NRT,277.29,15.2,N
42.29218,-83.16384,296.54,0.47,0.4,2025-03-14,0746,N20,nominal,2.0NRT,274.15,0.91,N
42.27729,-83.12739,304.22,0.47,0.4,2025-03-14,0746,N20,nominal,2.0NRT,274.57,1.12,N
41.7505,-81.28542,300.82,0.38,0.43,2025-03-14,0746,N20,nominal,2.0NRT,269.57,1.16,N
40.89464,-77.71376,298.63,0.6,0.53,2025-03-14,0746,N20,nominal,2.0NRT,271.91,1.55,N
41.75147,-81.28262,303.09,0.38,0.43,2025-03-14,0746,N20,nominal,2.0NRT,270.85,0.84,N
40.89377,-77.70647,297.48,0.6,0.53,2025-03-14,0746,N20,nominal,2.0NRT,271.77,2.45,N
41.21662,-80.50939,301.75,0.43,0.46,2025-03-14,0746,N20,nominal,2.0NRT,276.2,0.87,N
41.46322,-81.671,324.61,0.56,0.43,2025-03-14,0746,N20,nominal,2.0NRT,277.07,5.14,N
41.4646,-81.67742,295.24,0.56,0.43,2025-03-14,0746,N20,nominal,2.0NRT,274.52,3.06,N
41.46078,-81.67888,310.98,0.56,0.43,2025-03-14,0746,N20,nominal,2.0NRT,274.38,1.71,N
41.45178,-81.67538,315.91,0.56,0.43,2025-03-14,0746,N20,nominal,2.0NRT,275.68,2.1,N
40.22883,-76.84073,314.67,0.34,0.56,2025-03-14,0746,N20,nominal,2.0NRT,276.08,1.31,N
40.23106,-76.83862,320.25,0.34,0.56,2025-03-14,0746,N20,nominal,2.0NRT,276.08,1.34,N
41.13319,-80.69301,318.78,0.42,0.45,2025-03-14,0746,N20,nominal,2.0NRT,274.81,1.44,N
41.46832,-83.36597,320.82,0.48,0.4,2025-03-14,0746,N20,nominal,2.0NRT,278.83,3.09,N
41.46119,-83.3685,308.74,0.48,0.4,2025-03-14,0746,N20,nominal,2.0NRT,274.82,1.96,N
41.56842,-84.04794,327.98,0.45,0.39,2025-03-14,0746,N20,nominal,2.0NRT,273.23,4.88,N
41.56944,-84.0532,300.09,0.45,0.39,2025-03-14,0746,N20,nominal,2.0NRT,272.98,1.18,N
41.5674,-84.04267,319.14,0.45,0.39,2025-03-14,0746,N20,nominal,2.0NRT,272.42,4.88,N
40.66995,-80.34618,331.79,0.45,0.47,2025-03-14,0746,N20,nominal,2.0NRT,277.67,2.81,N
40.66878,-80.34112,312.83,0.45,0.47,2025-03-14,0746,N20,nominal,2.0NRT,279.31,3,N
40.66583,-80.34782,295.52,0.45,0.47,2025-03-14,0746,N20,nominal,2.0NRT,274.75,1.37,N
40.66467,-80.3428,303.42,0.45,0.47,2025-03-14,0746,N20,nominal,2.0NRT,274.44,1.4,N
42.29981,-89.41532,298.13,0.4,0.37,2025-03-14,0746,N20,nominal,2.0NRT,278.7,0.38,N
41.22655,-83.20778,316.8,0.49,0.4,2025-03-14,0746,N20,nominal,2.0NRT,275.93,2.07,N
40.39632,-79.85614,327.61,0.48,0.48,2025-03-14,0746,N20,nominal,2.0NRT,280.7,2.24,N
40.39505,-79.85072,296.56,0.48,0.48,2025-03-14,0746,N20,nominal,2.0NRT,277.99,2.24,N
40.39204,-79.85773,307.7,0.48,0.48,2025-03-14,0746,N20,nominal,2.0NRT,280.51,1.72,N
42.04987,-88.86812,297.53,0.39,0.36,2025-03-14,0746,N20,nominal,2.0NRT,280.17,0.8,N
41.37082,-84.91641,297.19,0.43,0.38,2025-03-14,0746,N20,nominal,2.0NRT,267.77,0.9,N
41.36834,-84.92251,302.8,0.43,0.38,2025-03-14,0746,N20,nominal,2.0NRT,267.55,1.03,N
40.30344,-79.8768,300.08,0.48,0.48,2025-03-14,0746,N20,nominal,2.0NRT,280.83,1.03,N
41.64403,-87.14108,327.37,0.39,0.36,2025-03-14,0746,N20,nominal,2.0NRT,279.93,5.28,N
41.64253,-87.13194,306.32,0.39,0.36,2025-03-14,0746,N20,nominal,2.0NRT,274.95,1.81,N
41.63926,-87.1329,327.73,0.39,0.36,2025-03-14,0746,N20,nominal,2.0NRT,278.03,1.81,N
41.68355,-87.4259,337.73,0.39,0.36,2025-03-14,0746,N20,nominal,2.0NRT,283.78,2.82,N
41.6375,-87.14299,322.45,0.39,0.36,2025-03-14,0746,N20,nominal,2.0NRT,281.14,1.53,N
41.68282,-87.42135,298.59,0.39,0.36,2025-03-14,0746,N20,nominal,2.0NRT,281.13,2.82,N
41.68208,-87.41679,303.27,0.39,0.36,2025-03-14,0746,N20,nominal,2.0NRT,282.34,1.2,N
41.63675,-87.13843,304.64,0.39,0.36,2025-03-14,0746,N20,nominal,2.0NRT,279.04,1.53,N
41.67881,-87.41772,313.81,0.39,0.36,2025-03-14,0746,N20,nominal,2.0NRT,284.89,1.2,N
41.63348,-87.13938,312.79,0.39,0.36,2025-03-14,0746,N20,nominal,2.0NRT,279.05,1.53,N
41.63273,-87.13481,300.36,0.39,0.36,2025-03-14,0746,N20,nominal,2.0NRT,279.4,1.83,N
41.67776,-87.43233,329.37,0.39,0.36,2025-03-14,0746,N20,nominal,2.0NRT,280.67,1.94,N
41.62769,-87.14586,325.29,0.39,0.36,2025-03-14,0746,N20,nominal,2.0NRT,280.15,1.52,N
41.67523,-87.43782,314.5,0.39,0.36,2025-03-14,0746,N20,nominal,2.0NRT,279.52,1.94,N
41.6745,-87.43327,315.01,0.39,0.36,2025-03-14,0746,N20,nominal,2.0NRT,281.32,1.94,N
41.62694,-87.14129,306.61,0.39,0.36,2025-03-14,0746,N20,nominal,2.0NRT,278.97,1.52,N
41.66397,-87.43153,296.56,0.39,0.36,2025-03-14,0746,N20,nominal,2.0NRT,276.72,0.8,N
41.66323,-87.42698,302.25,0.39,0.36,2025-03-14,0746,N20,nominal,2.0NRT,276.77,0.8,N
41.63996,-87.40983,326.57,0.39,0.36,2025-03-14,0746,N20,nominal,2.0NRT,278.85,2.96,N
40.31469,-80.60861,299.92,0.44,0.46,2025-03-14,0746,N20,nominal,2.0NRT,276.84,3.17,N
40.31354,-80.60359,298.65,0.44,0.46,2025-03-14,0746,N20,nominal,2.0NRT,279.57,3.17,N
40.31057,-80.61018,336.49,0.44,0.46,2025-03-14,0746,N20,nominal,2.0NRT,278.82,3.17,N
41.62012,-87.3297,304.56,0.39,0.36,2025-03-14,0746,N20,nominal,2.0NRT,276.07,1.7,N
41.61685,-87.33065,331.88,0.39,0.36,2025-03-14,0746,N20,nominal,2.0NRT,275.62,1.7,N
41.61611,-87.32609,316.92,0.39,0.36,2025-03-14,0746,N20,nominal,2.0NRT,275.34,1.7,N
41.61655,-87.34982,295.78,0.39,0.36,2025-03-14,0746,N20,nominal,2.0NRT,274.3,0.93,N
41.61284,-87.32703,307.09,0.39,0.36,2025-03-14,0746,N20,nominal,2.0NRT,275.44,1.51,N
41.65734,-87.62381,295.21,0.38,0.36,2025-03-14,0746,N20,nominal,2.0NRT,274.72,0.71,N
41.11961,-85.35274,311.96,0.42,0.38,2025-03-14,0746,N20,nominal,2.0NRT,275.29,2.54,N
41.73278,-89.4004,303,0.39,0.36,2025-03-14,0746,N20,nominal,2.0NRT,280.83,0.65,N
40.20981,-81.42016,298.08,0.41,0.45,2025-03-14,0746,N20,nominal,2.0NRT,278.89,0.84,N
41.41489,-88.18722,295.05,0.38,0.36,2025-03-14,0746,N20,nominal,2.0NRT,282.8,0.73,N
41.41418,-88.18268,302.29,0.38,0.36,2025-03-14,0746,N20,nominal,2.0NRT,286.73,0.73,N
41.18206,-87.85925,326.24,0.38,0.36,2025-03-14,0746,N20,nominal,2.0NRT,281.27,2.9,N
41.48424,-90.82584,299.79,0.42,0.38,2025-03-14,0746,N20,nominal,2.0NRT,283.54,0.86,N
41.48147,-90.83164,324.78,0.42,0.38,2025-03-14,0746,N20,nominal,2.0NRT,283.97,2.89,N
40.93643,-87.33615,298.47,0.39,0.36,2025-03-14,0746,N20,nominal,2.0NRT,279.67,0.47,N
40.92737,-87.34348,301.48,0.39,0.36,2025-03-14,0746,N20,nominal,2.0NRT,280.68,0.85,N
42.08339,-97.36584,299.7,0.54,0.51,2025-03-14,0746,N20,nominal,2.0NRT,274.99,1.13,N
41.21379,-90.24848,315.12,0.4,0.37,2025-03-14,0746,N20,nominal,2.0NRT,269.17,1.69,N
40.93071,-88.6552,295.46,0.39,0.36,2025-03-14,0746,N20,nominal,2.0NRT,279.78,0.51,N
40.46531,-86.16082,305.92,0.41,0.37,2025-03-14,0746,N20,nominal,2.0NRT,274.36,0.69,N
41.0753,-90.95901,313.49,0.42,0.38,2025-03-14,0746,N20,nominal,2.0NRT,276.74,0.88,N
41.00568,-96.15563,304.11,0.46,0.47,2025-03-14,0746,N20,nominal,2.0NRT,284.63,1.39,N
40.13152,-90.038,319.09,0.4,0.37,2025-03-14,0746,N20,nominal,2.0NRT,284.94,1.79,N
40.1282,-90.0388,316.83,0.4,0.37,2025-03-14,0746,N20,nominal,2.0NRT,284.25,1.79,N
40.12553,-90.04421,298.63,0.4,0.37,2025-03-14,0746,N20,nominal,2.0NRT,283.71,0.61,N
40.11361,-89.98531,329.28,0.39,0.37,2025-03-14,0746,N20,nominal,2.0NRT,286.37,4.12,N
40.09962,-90.03149,300.71,0.4,0.37,2025-03-14,0746,N20,nominal,2.0NRT,283.62,0.93,N
40.73471,-96.09556,302.37,0.45,0.47,2025-03-14,0746,N20,nominal,2.0NRT,281.67,0.89,N
40.358,-94.51752,296.86,0.56,0.43,2025-03-14,0746,N20,nominal,2.0NRT,281.61,0.72,N
40.3593,-94.51714,297.04,0.56,0.43,2025-03-14,0746,N20,nominal,2.0NRT,281.95,0.45,N
40.16838,-94.82129,297.1,0.39,0.44,2025-03-14,0746,N20,nominal,2.0NRT,282.43,0.44,N
40.09513,-95.11488,305.25,0.4,0.44,2025-03-14,0746,N20,nominal,2.0NRT,281.62,1.11,N
40.09543,-95.11735,309.53,0.4,0.44,2025-03-14,0746,N20,nominal,2.0NRT,282.23,0.94,N
47.9625,-95.45312,339.52,0.42,0.61,2025-03-14,0926,N20,nominal,2.0NRT,253.44,4.9,N
47.96091,-95.44799,330.42,0.42,0.61,2025-03-14,0926,N20,nominal,2.0NRT,253.52,4.9,N
51.70472,-119.79443,322.77,0.49,0.49,2025-03-14,0926,N20,nominal,2.0NRT,261.33,6.59,N
51.70433,-119.78857,332.67,0.49,0.49,2025-03-14,0926,N20,nominal,2.0NRT,267.45,8.79,N
51.70026,-119.79544,302.92,0.49,0.49,2025-03-14,0926,N20,nominal,2.0NRT,262.51,0.93,N
51.45929,-121.20653,320.83,0.56,0.52,2025-03-14,0926,N20,nominal,2.0NRT,263.91,4.35,N
48.06415,-104.00347,297.28,0.55,0.42,2025-03-14,0926,N20,nominal,2.0NRT,270.88,0.82,N
47.95151,-104.04031,298.29,0.55,0.42,2025-03-14,0926,N20,nominal,2.0NRT,272.03,0.82,N
49.63647,-116.01567,296.99,0.5,0.41,2025-03-14,0926,N20,nominal,2.0NRT,268.41,1.26,N
48.64519,-118.86554,299.71,0.42,0.45,2025-03-14,0926,N20,nominal,2.0NRT,263.91,0.66,N
47.96748,-116.59108,311.73,0.5,0.41,2025-03-14,0926,N20,nominal,2.0NRT,271.34,1.92,N
47.4722,-122.0536,298.14,0.57,0.52,2025-03-14,0926,N20,nominal,2.0NRT,271.49,0.93,N
46.31057,-114.09756,306.71,0.41,0.37,2025-03-14,0926,N20,nominal,2.0NRT,264.62,1,N
42.08364,-97.36385,295.96,0.53,0.67,2025-03-14,0926,N20,nominal,2.0NRT,279.36,0.85,N
43.63859,-104.55539,312.29,0.43,0.46,2025-03-14,0926,N20,nominal,2.0NRT,272.05,1.7,N
47.47095,-122.04931,302.31,0.39,0.59,2025-03-14,1106,N20,nominal,2.0NRT,265.24,0.67,N
54.30568,-130.2617,325.17,0.41,0.37,2025-03-14,1106,N20,nominal,2.0NRT,272.85,1.72,N
40.16801,-74.44715,339.04,0.55,0.42,2025-03-14,1728,N20,nominal,2.0NRT,293.47,14.02,D
40.15333,-74.57671,329.49,0.55,0.43,2025-03-14,1728,N20,nominal,2.0NRT,290.92,8.7,D
40.02821,-77.73785,339.38,0.53,0.5,2025-03-14,1728,N20,nominal,2.0NRT,281.09,15.74,D
40.02685,-77.74357,337.01,0.53,0.5,2025-03-14,1728,N20,nominal,2.0NRT,283.12,15.74,D
40.41487,-76.06797,329.57,0.43,0.46,2025-03-14,1728,N20,nominal,2.0NRT,289.4,2.63,D
40.03408,-77.73356,347.92,0.53,0.5,2025-03-14,1728,N20,nominal,2.0NRT,286.26,18.69,D
40.03273,-77.73926,353.36,0.53,0.5,2025-03-14,1728,N20,nominal,2.0NRT,290.09,15.74,D
40.03139,-77.74486,340.17,0.53,0.5,2025-03-14,1728,N20,nominal,2.0NRT,280.28,15.74,D
41.57868,-71.14301,335.03,0.4,0.37,2025-03-14,1728,N20,nominal,2.0NRT,290.54,1.58,D
41.67005,-70.83212,332.2,0.4,0.37,2025-03-14,1728,N20,nominal,2.0NRT,290.94,2.01,D
41.76763,-70.57353,342.31,0.39,0.36,2025-03-14,1728,N20,nominal,2.0NRT,286.25,5.37,D
41.75291,-70.78552,327.69,0.4,0.37,2025-03-14,1728,N20,nominal,2.0NRT,286.54,0.57,D
41.7218,-70.96933,348.31,0.4,0.37,2025-03-14,1728,N20,nominal,2.0NRT,289.73,5.36,D
41.11292,-74.24231,339.51,0.51,0.41,2025-03-14,1728,N20,nominal,2.0NRT,292.71,17.06,D
41.63905,-71.63111,337.01,0.41,0.37,2025-03-14,1728,N20,nominal,2.0NRT,292.96,3.51,D
41.65274,-71.63312,343.73,0.41,0.37,2025-03-14,1728,N20,nominal,2.0NRT,289.34,2.54,D
40.38328,-78.14525,326.32,0.54,0.51,2025-03-14,1728,N20,nominal,2.0NRT,280.54,1.93,D
41.92039,-70.64671,329.97,0.39,0.36,2025-03-14,1728,N20,nominal,2.0NRT,286.95,1.78,D
41.94523,-70.76086,338.22,0.4,0.37,2025-03-14,1728,N20,nominal,2.0NRT,285.64,2.33,D
41.94723,-70.81089,328.97,0.4,0.37,2025-03-14,1728,N20,nominal,2.0NRT,289.53,1.97,D
41.96508,-70.8906,335.7,0.4,0.37,2025-03-14,1728,N20,nominal,2.0NRT,289.37,7.35,D
42.02093,-70.7769,335.26,0.4,0.37,2025-03-14,1728,N20,nominal,2.0NRT,287.82,2.29,D
41.93396,-71.48675,330.08,0.41,0.37,2025-03-14,1728,N20,nominal,2.0NRT,291.2,2.9,D
41.96069,-71.51549,325.42,0.41,0.37,2025-03-14,1728,N20,nominal,2.0NRT,289.79,1.03,D
41.96404,-71.51654,344.48,0.41,0.37,2025-03-14,1728,N20,nominal,2.0NRT,292.77,5.38,D
41.95367,-71.65678,337.96,0.41,0.37,2025-03-14,1728,N20,nominal,2.0NRT,290.19,2.3,D
40.39615,-79.8557,330.39,0.33,0.55,2025-03-14,1728,N20,nominal,2.0NRT,297.83,3.85,D
42.03592,-72.73218,338.99,0.44,0.38,2025-03-14,1728,N20,nominal,2.0NRT,298.64,18.2,D
42.03496,-72.73736,341.53,0.44,0.38,2025-03-14,1728,N20,nominal,2.0NRT,293.81,13.76,D
42.03938,-72.73333,346.99,0.44,0.38,2025-03-14,1728,N20,nominal,2.0NRT,303.02,67.07,D
42.03841,-72.73852,367,0.44,0.38,2025-03-14,1728,N20,low,2.0NRT,332.74,85.79,D
42.04185,-72.73969,334.66,0.44,0.38,2025-03-14,1728,N20,nominal,2.0NRT,288.98,85.79,D
40.58187,-79.69753,327.22,0.32,0.55,2025-03-14,1728,N20,nominal,2.0NRT,296.51,1.59,D
40.22402,-81.37546,328.11,0.4,0.6,2025-03-14,1728,N20,nominal,2.0NRT,294.06,1.89,D
42.62692,-71.74545,327.68,0.41,0.37,2025-03-14,1728,N20,nominal,2.0NRT,287.8,1.91,D
42.60123,-72.35017,327.53,0.42,0.38,2025-03-14,1728,N20,nominal,2.0NRT,288.22,2.91,D
43.72326,-66.03111,326.1,0.44,0.38,2025-03-14,1728,N20,nominal,2.0NRT,277.84,1.88,D
43.80441,-65.86839,354.73,0.45,0.39,2025-03-14,1728,N20,nominal,2.0NRT,291.99,10.25,D
43.80714,-65.8656,327.61,0.45,0.39,2025-03-14,1728,N20,nominal,2.0NRT,283.33,3.65,D
43.80649,-65.87117,335.87,0.45,0.39,2025-03-14,1728,N20,nominal,2.0NRT,288.29,3.65,D
43.90854,-66.16733,326.72,0.44,0.38,2025-03-14,1728,N20,nominal,2.0NRT,279.2,1.09,D
43.20491,-71.28806,326.91,0.4,0.37,2025-03-14,1728,N20,nominal,2.0NRT,284.79,1.24,D
41.45305,-81.67551,337.83,0.38,0.59,2025-03-14,1728,N20,nominal,2.0NRT,299.23,6.74,D
41.46054,-81.66932,342.56,0.38,0.59,2025-03-14,1728,N20,nominal,2.0NRT,293.82,3.53,D
44.24416,-69.79992,327.86,0.38,0.36,2025-03-14,1728,N20,nominal,2.0NRT,286.68,2.75,D
41.56884,-84.0424,331.81,0.49,0.65,2025-03-14,1728,N20,nominal,2.0NRT,292.09,2.74,D
45.82164,-66.3623,343.72,0.45,0.39,2025-03-14,1730,N20,nominal,2.0NRT,286.94,7.76,D
41.63943,-87.1297,340.79,0.69,0.74,2025-03-14,1730,N20,nominal,2.0NRT,293.56,8.63,D
41.63692,-87.13725,325.29,0.69,0.74,2025-03-14,1730,N20,nominal,2.0NRT,294.48,7.27,D
44.83305,-75.09698,328.14,0.48,0.4,2025-03-14,1730,N20,nominal,2.0NRT,273.22,9.2,D
40.30868,-80.60609,346.53,0.44,0.63,2025-03-14,1908,N20,nominal,2.0NRT,297.71,5.18,D
40.3906,-78.1369,328.9,0.6,0.71,2025-03-14,1908,N20,nominal,2.0NRT,283.59,7.08,D
40.38921,-78.13815,333.05,0.6,0.71,2025-03-14,1908,N20,nominal,2.0NRT,284.15,4.63,D
40.3932,-79.85125,331.09,0.49,0.65,2025-03-14,1908,N20,nominal,2.0NRT,298.92,3.66,D
41.15719,-80.29928,345.73,0.47,0.64,2025-03-14,1910,N20,nominal,2.0NRT,296.48,4.48,D
41.20766,-78.86061,327.55,0.56,0.69,2025-03-14,1910,N20,nominal,2.0NRT,278.49,4.53,D
41.21403,-78.8608,356.2,0.56,0.69,2025-03-14,1910,N20,nominal,2.0NRT,281.82,18.71,D
40.8261,-86.45705,352.64,0.44,0.46,2025-03-14,1910,N20,nominal,2.0NRT,298.86,16.78,D
40.76723,-87.30434,346.66,0.4,0.44,2025-03-14,1910,N20,nominal,2.0NRT,307.7,23.29,D
40.77132,-87.30498,348.73,0.4,0.44,2025-03-14,1910,N20,nominal,2.0NRT,299.14,8.37,D
41.09839,-85.53201,338.83,0.49,0.49,2025-03-14,1910,N20,nominal,2.0NRT,297.24,4.97,D
41.10041,-85.5284,340.22,0.49,0.49,2025-03-14,1910,N20,nominal,2.0NRT,295.97,9.19,D
41.11842,-85.34898,340.43,0.51,0.49,2025-03-14,1910,N20,nominal,2.0NRT,289.3,5.77,D
40.75559,-89.7294,330.29,0.47,0.4,2025-03-14,1910,N20,nominal,2.0NRT,300.46,2.09,D
41.17887,-87.85853,330.97,0.57,0.43,2025-03-14,1910,N20,nominal,2.0NRT,297.36,1.97,D
41.40265,-85.80678,345.04,0.48,0.48,2025-03-14,1910,N20,nominal,2.0NRT,296.2,7.32,D
41.39009,-86.74928,342.61,0.43,0.46,2025-03-14,1910,N20,nominal,2.0NRT,298.08,4.75,D
41.4134,-86.96935,339.19,0.42,0.45,2025-03-14,1910,N20,nominal,2.0NRT,295.47,3.07,D
41.61574,-87.33141,338.24,0.41,0.45,2025-03-14,1910,N20,nominal,2.0NRT,299.35,6.57,D
41.6378,-87.13315,349.7,0.42,0.45,2025-03-14,1910,N20,nominal,2.0NRT,301.78,5.6,D
41.63735,-87.13817,335.78,0.42,0.45,2025-03-14,1910,N20,nominal,2.0NRT,300.27,5.6,D
41.64151,-87.13877,333.97,0.42,0.45,2025-03-14,1910,N20,nominal,2.0NRT,298.23,1.81,D
41.62955,-89.51932,338.44,0.49,0.4,2025-03-14,1910,N20,nominal,2.0NRT,300.68,14.09,D
42.48697,-87.87202,335.81,0.39,0.44,2025-03-14,1910,N20,nominal,2.0NRT,292.48,2.59,D
43.2821,-92.13271,335.07,0.42,0.37,2025-03-14,1910,N20,nominal,2.0NRT,294.65,3.31,D
43.59805,-90.83817,334.7,0.46,0.39,2025-03-14,1910,N20,nominal,2.0NRT,297.67,8.84,D
43.7836,-90.8037,342.3,0.46,0.39,2025-03-14,1910,N20,nominal,2.0NRT,296.06,5.17,D
44.77231,-88.19812,339.04,0.4,0.44,2025-03-14,1910,N20,nominal,2.0NRT,280.22,4.11,D
44.65723,-95.85605,332.24,0.38,0.36,2025-03-14,1910,N20,nominal,2.0NRT,299.67,2.03,D
44.78333,-95.39324,334.54,0.38,0.36,2025-03-14,1910,N20,nominal,2.0NRT,296.39,7.74,D
47.91852,-95.37221,329.45,0.39,0.36,2025-03-14,1913,N20,nominal,2.0NRT,290.13,6.93,D
47.91779,-95.37738,354.77,0.39,0.36,2025-03-14,1913,N20,nominal,2.0NRT,291.9,6.93,D
47.91706,-95.38256,350.6,0.39,0.36,2025-03-14,1913,N20,nominal,2.0NRT,292.33,4.18,D
47.91633,-95.38773,329.9,0.39,0.36,2025-03-14,1913,N20,nominal,2.0NRT,291.44,4.18,D
47.91962,-95.38876,325.2,0.39,0.36,2025-03-14,1913,N20,nominal,2.0NRT,290.09,10.07,D
47.92292,-95.38979,344.02,0.39,0.36,2025-03-14,1913,N20,nominal,2.0NRT,294.44,10.07,D
47.93754,-95.33488,333.85,0.39,0.36,2025-03-14,1913,N20,nominal,2.0NRT,292.02,8.02,D
47.94084,-95.3359,345.67,0.39,0.36,2025-03-14,1913,N20,nominal,2.0NRT,291.9,9.64,D
47.94414,-95.33693,341.04,0.39,0.36,2025-03-14,1913,N20,nominal,2.0NRT,290.16,9.64,D
47.94744,-95.33795,339.07,0.39,0.36,2025-03-14,1913,N20,nominal,2.0NRT,290.79,6.35,D
47.9467,-95.34314,328.58,0.39,0.36,2025-03-14,1913,N20,nominal,2.0NRT,286.24,6.35,D
47.93939,-95.44353,367,0.39,0.36,2025-03-14,1913,N20,high,2.0NRT,293.07,6.42,D
47.94159,-95.42803,339.26,0.39,0.36,2025-03-14,1913,N20,nominal,2.0NRT,290.87,4.88,D
47.94086,-95.4332,332.13,0.39,0.36,2025-03-14,1913,N20,nominal,2.0NRT,288.62,2.73,D
47.94012,-95.43837,329.37,0.39,0.36,2025-03-14,1913,N20,nominal,2.0NRT,289.43,2.73,D
47.93866,-95.44871,346.62,0.39,0.36,2025-03-14,1913,N20,nominal,2.0NRT,293.57,6.42,D
47.94341,-95.4394,328.33,0.39,0.36,2025-03-14,1913,N20,nominal,2.0NRT,289.52,2.73,D
47.94268,-95.44456,338.07,0.39,0.36,2025-03-14,1913,N20,nominal,2.0NRT,291.16,6.42,D
47.94194,-95.44974,334.07,0.39,0.36,2025-03-14,1913,N20,nominal,2.0NRT,290.22,6.42,D
47.96023,-95.46626,331.56,0.39,0.36,2025-03-14,1913,N20,nominal,2.0NRT,289.92,2.63,D
47.97606,-95.41979,330.58,0.39,0.36,2025-03-14,1913,N20,nominal,2.0NRT,290.02,8.36,D
47.97532,-95.42497,341.14,0.39,0.36,2025-03-14,1913,N20,nominal,2.0NRT,293.61,8.36,D
47.9673,-95.48188,339.99,0.39,0.36,2025-03-14,1913,N20,nominal,2.0NRT,290.57,20.81,D
47.97861,-95.42601,345.26,0.39,0.36,2025-03-14,1913,N20,nominal,2.0NRT,290.65,8.36,D
47.96986,-95.48809,334.58,0.39,0.36,2025-03-14,1913,N20,nominal,2.0NRT,295.95,20.81,D
47.97388,-95.48395,343.85,0.39,0.36,2025-03-14,1913,N20,nominal,2.0NRT,292.1,7.96,D
46.14351,-116.20927,340.27,0.71,0.75,2025-03-14,1913,N20,nominal,2.0NRT,273.77,7.66,D
46.48668,-117.3145,339.27,0.77,0.77,2025-03-14,1913,N20,nominal,2.0NRT,281.68,7.79,D
46.4931,-117.31906,331.29,0.77,0.77,2025-03-14,1913,N20,nominal,2.0NRT,279.82,11.58,D
46.48978,-117.32802,341.29,0.77,0.77,2025-03-14,1913,N20,nominal,2.0NRT,281.57,13.55,D
46.50586,-117.32845,342.88,0.77,0.77,2025-03-14,1913,N20,nominal,2.0NRT,283.38,8.88,D
46.50239,-117.33228,339.17,0.77,0.77,2025-03-14,1913,N20,nominal,2.0NRT,284.9,12.7,D
46.49133,-117.53613,350.02,0.78,0.78,2025-03-14,1913,N20,nominal,2.0NRT,279.62,67.37,D
46.49745,-117.54168,344.88,0.78,0.78,2025-03-14,1913,N20,nominal,2.0NRT,278.6,38.2,D
46.50065,-117.53313,356.26,0.78,0.78,2025-03-14,1913,N20,low,2.0NRT,262.42,38.2,D
45.94974,-118.37111,327.64,0.42,0.38,2025-03-14,2051,N20,nominal,2.0NRT,289.93,2.53,D
46.59031,-119.07888,326.92,0.41,0.37,2025-03-14,2051,N20,nominal,2.0NRT,275.6,1.8,D
46.70093,-119.06261,338.14,0.41,0.37,2025-03-14,2051,N20,nominal,2.0NRT,279.46,6.12,D
46.71032,-119.8784,339.07,0.4,0.37,2025-03-14,2051,N20,nominal,2.0NRT,279.83,2.87,D
46.77429,-119.95284,331.84,0.39,0.37,2025-03-14,2051,N20,nominal,2.0NRT,277.91,2.95,D
53.70464,-125.70212,325.43,0.39,0.36,2025-03-14,2053,N20,nominal,2.0NRT,267.88,1.97,D
48.25395,-79.019,302.77,0.39,0.36,2025-03-15,0726,N20,nominal,2.0NRT,267.54,0.96,N
46.48987,-81.03308,327.47,0.38,0.36,2025-03-15,0726,N20,nominal,2.0NRT,281.73,8.35,N
46.47441,-81.04346,302.29,0.38,0.36,2025-03-15,0726,N20,nominal,2.0NRT,274.08,1.06,N
46.52456,-84.37195,304.99,0.42,0.38,2025-03-15,0726,N20,nominal,2.0NRT,277.41,1.66,N
46.52185,-84.3783,326.67,0.42,0.38,2025-03-15,0726,N20,nominal,2.0NRT,278.55,2.53,N
46.52114,-84.37289,300.34,0.42,0.38,2025-03-15,0726,N20,nominal,2.0NRT,277.34,2.46,N
46.51713,-84.39639,336.8,0.42,0.38,2025-03-15,0726,N20,nominal,2.0NRT,277.76,6.37,N
45.07282,-83.40318,315.57,0.39,0.36,2025-03-15,0726,N20,nominal,2.0NRT,280.26,1.98,N
43.86692,-79.50006,298.36,0.42,0.37,2025-03-15,0726,N20,nominal,2.0NRT,265.14,0.55,N
43.49116,-79.62653,299.66,0.42,0.38,2025-03-15,0726,N20,nominal,2.0NRT,274.57,0.49,N
43.27287,-79.79645,327.08,0.42,0.37,2025-03-15,0726,N20,nominal,2.0NRT,276.29,3.16,N
43.27837,-79.82648,308.37,0.42,0.37,2025-03-15,0726,N20,nominal,2.0NRT,275.6,0.93,N
43.27378,-79.80145,297.55,0.42,0.37,2025-03-15,0726,N20,nominal,2.0NRT,277.29,1.03,N
43.27135,-79.80762,311.78,0.42,0.37,2025-03-15,0726,N20,nominal,2.0NRT,276.5,1.03,N
43.27043,-79.8026,296.36,0.42,0.37,2025-03-15,0726,N20,nominal,2.0NRT,275.84,1.03,N
43.26799,-79.80877,318.46,0.42,0.37,2025-03-15,0726,N20,nominal,2.0NRT,275.69,1.85,N
43.26707,-79.80375,306.89,0.42,0.37,2025-03-15,0726,N20,nominal,2.0NRT,275.27,1.85,N
43.26463,-79.80991,319.41,0.42,0.37,2025-03-15,0726,N20,nominal,2.0NRT,275.62,1.85,N
43.29326,-79.98598,297.87,0.41,0.37,2025-03-15,0726,N20,nominal,2.0NRT,276.19,0.9,N
43.26127,-79.81106,300.22,0.42,0.37,2025-03-15,0726,N20,nominal,2.0NRT,273.75,1.11,N
43.07022,-80.85635,309.77,0.4,0.37,2025-03-15,0726,N20,nominal,2.0NRT,272.67,1.13,N
42.80766,-80.09614,302.45,0.41,0.37,2025-03-15,0726,N20,nominal,2.0NRT,280.74,1.6,N
42.80431,-80.09726,297.98,0.41,0.37,2025-03-15,0726,N20,nominal,2.0NRT,279.52,1.17,N
42.96714,-81.87194,299.44,0.39,0.36,2025-03-15,0726,N20,nominal,2.0NRT,275.01,0.54,N
42.81716,-81.3246,301.72,0.39,0.36,2025-03-15,0726,N20,nominal,2.0NRT,276.1,0.86,N
41.77937,-79.78799,297.53,0.43,0.38,2025-03-15,0726,N20,nominal,2.0NRT,278.51,0.48,N
41.75143,-81.28439,304.09,0.4,0.37,2025-03-15,0729,N20,nominal,2.0NRT,276.78,0.89,N
40.89141,-77.71101,303.42,0.53,0.42,2025-03-15,0729,N20,nominal,2.0NRT,277.15,1.93,N
41.4621,-81.6719,312.19,0.39,0.37,2025-03-15,0729,N20,nominal,2.0NRT,258.93,0.69,N
41.4596,-81.67753,295.19,0.39,0.37,2025-03-15,0729,N20,nominal,2.0NRT,261.26,0.66,N
41.45223,-81.67489,302.72,0.39,0.37,2025-03-15,0729,N20,nominal,2.0NRT,263.33,0.42,N
41.21839,-80.51034,301.94,0.42,0.38,2025-03-15,0729,N20,nominal,2.0NRT,277.08,1.17,N
41.1335,-80.68905,300.1,0.42,0.37,2025-03-15,0729,N20,nominal,2.0NRT,268.44,0.46,N
40.79444,-79.69897,295.94,0.45,0.39,2025-03-15,0729,N20,nominal,2.0NRT,278.89,0.42,N
40.75823,-81.43357,313.85,0.4,0.37,2025-03-15,0729,N20,nominal,2.0NRT,264.61,1.19,N
40.40434,-79.79646,297.4,0.45,0.39,2025-03-15,0729,N20,nominal,2.0NRT,281.21,0.52,N
40.3968,-79.85336,319.75,0.45,0.39,2025-03-15,0729,N20,nominal,2.0NRT,283.68,2.98,N
40.39582,-79.84823,313.02,0.45,0.39,2025-03-15,0729,N20,nominal,2.0NRT,283.07,1,N
40.3943,-79.85952,322.85,0.45,0.39,2025-03-15,0729,N20,nominal,2.0NRT,283.65,2.98,N
40.39331,-79.85442,329.09,0.45,0.39,2025-03-15,0729,N20,nominal,2.0NRT,285.89,2.98,N
40.39233,-79.8493,301.21,0.45,0.39,2025-03-15,0729,N20,nominal,2.0NRT,282.32,1,N
40.30584,-79.87869,312.51,0.45,0.39,2025-03-15,0729,N20,nominal,2.0NRT,289.02,1.67,N
40.31113,-80.60657,328.02,0.43,0.38,2025-03-15,0729,N20,nominal,2.0NRT,277.57,3.11,N
40.16405,-79.88832,311.44,0.45,0.39,2025-03-15,0729,N20,nominal,2.0NRT,282.46,1.09,N
40.16377,-79.88512,307.8,0.45,0.39,2025-03-15,0729,N20,nominal,2.0NRT,282.1,1.54,N
40.68806,-95.19668,346.22,0.36,0.57,2025-03-15,0729,N20,nominal,2.0NRT,276.5,2.68,N
40.6883,-95.20102,301.56,0.36,0.57,2025-03-15,0729,N20,nominal,2.0NRT,271.31,2.26,N
40.68782,-95.1923,295.99,0.36,0.57,2025-03-15,0729,N20,nominal,2.0NRT,275.63,2.68,N
40.68275,-95.19719,335.59,0.36,0.57,2025-03-15,0729,N20,nominal,2.0NRT,275.59,2.68,N
40.68299,-95.20153,302.46,0.36,0.57,2025-03-15,0729,N20,nominal,2.0NRT,272.99,2.26,N
40.68251,-95.19283,309.53,0.36,0.57,2025-03-15,0729,N20,nominal,2.0NRT,275.35,2.68,N
50.52063,-104.63998,330.17,0.38,0.36,2025-03-15,0905,N20,nominal,2.0NRT,258.94,3.74,N
54.29029,-109.89883,324.05,0.51,0.41,2025-03-15,0907,N20,nominal,2.0NRT,247.25,4.88,N
50.51569,-104.63066,326.57,0.38,0.36,2025-03-15,0905,N20,nominal,2.0NRT,259.64,3.2,N
49.01395,-102.47881,323.21,0.42,0.38,2025-03-15,0905,N20,nominal,2.0NRT,265.73,2.77,N
54.36553,-111.19188,322.06,0.56,0.43,2025-03-15,0907,N20,nominal,2.0NRT,245.91,3.72,N
47.35675,-101.83601,330.24,0.46,0.39,2025-03-15,0905,N20,nominal,2.0NRT,269.48,4.3,N
48.66644,-91.26685,306.06,0.38,0.58,2025-03-15,0907,N20,nominal,2.0NRT,268.19,1.27,N
44.11562,-103.27936,296.83,0.46,0.39,2025-03-15,0907,N20,nominal,2.0NRT,270.15,0.88,N
43.63635,-104.55708,301.95,0.43,0.38,2025-03-15,0907,N20,nominal,2.0NRT,266.43,1.09,N
40.24399,-104.87189,296.97,0.46,0.39,2025-03-15,0907,N20,nominal,2.0NRT,270.65,0.95,N
51.61939,-120.84717,334.72,0.42,0.45,2025-03-15,1045,N20,nominal,2.0NRT,263.79,3.88,N
44.49857,-69.64393,327.92,0.46,0.39,2025-03-15,1709,N20,nominal,2.0NRT,283.34,3.06,D
44.5002,-69.64606,329.79,0.46,0.39,2025-03-15,1709,N20,nominal,2.0NRT,284.44,2.62,D
40.14788,-97.71451,329.77,0.49,0.48,2025-03-15,1849,N20,nominal,2.0NRT,286.06,3.2,D
40.82629,-96.568,327.24,0.41,0.45,2025-03-15,1849,N20,nominal,2.0NRT,283.08,1.89,D
40.83028,-96.56953,326.53,0.41,0.45,2025-03-15,1849,N20,nominal,2.0NRT,282.48,2.17,D
43.90053,-85.95292,337.7,0.47,0.39,2025-03-15,1851,N20,nominal,2.0NRT,287.42,4.78,D
43.90414,-85.95371,340.67,0.47,0.39,2025-03-15,1851,N20,nominal,2.0NRT,288.87,12.24,D
44.22218,-85.79856,345.3,0.48,0.4,2025-03-15,1851,N20,nominal,2.0NRT,288.14,10.81,D
47.35349,-101.83441,333.29,0.5,0.49,2025-03-15,1851,N20,nominal,2.0NRT,276.87,3.76,D
48.18413,-102.82278,325.75,0.52,0.5,2025-03-15,1851,N20,nominal,2.0NRT,277.39,1.93,D
46.52698,-116.6647,325.33,0.38,0.36,2025-03-15,2034,N20,nominal,2.0NRT,289.43,2.11,D
46.72964,-92.08054,311.65,0.48,0.65,2025-03-16,0707,N20,nominal,2.0NRT,266.32,2.16,N
40.891,-77.70972,300.03,0.39,0.36,2025-03-16,0707,N20,nominal,2.0NRT,276.51,1.13,N
40.63833,-95.80705,302.69,0.69,0.75,2025-03-16,0707,N20,nominal,2.0NRT,268.44,1.56,N
40.63896,-95.80403,312.79,0.69,0.75,2025-03-16,0707,N20,nominal,2.0NRT,268.58,2.75,N
44.1165,-103.27953,307.55,0.38,0.36,2025-03-16,0848,N20,nominal,2.0NRT,269.29,1.19,N
43.63753,-104.55444,297.11,0.39,0.36,2025-03-16,0850,N20,nominal,2.0NRT,267.21,0.5,N
41.00693,-96.15554,299,0.44,0.46,2025-03-16,0850,N20,nominal,2.0NRT,270.67,1,N
40.63765,-95.80305,328.51,0.47,0.48,2025-03-16,0850,N20,nominal,2.0NRT,268.45,3.09,N
40.63638,-95.79771,312.84,0.47,0.48,2025-03-16,0850,N20,nominal,2.0NRT,268.92,2.73,N
40.63957,-95.79871,327.62,0.47,0.48,2025-03-16,0850,N20,nominal,2.0NRT,269.09,2.76,N
40.63537,-95.80042,316.81,0.47,0.48,2025-03-16,0850,N20,nominal,2.0NRT,268.8,2.76,N
50.9828,-105.09577,324.37,0.46,0.39,2025-03-16,0845,N20,nominal,2.0NRT,253.88,2.77,N
46.73005,-92.08116,299.87,0.49,0.49,2025-03-16,0848,N20,nominal,2.0NRT,264.58,1.93,N
46.72964,-92.07565,312.79,0.49,0.49,2025-03-16,0848,N20,nominal,2.0NRT,268.37,1.55,N
40.22286,-93.38255,331.23,0.51,0.49,2025-03-16,1832,N20,nominal,2.0NRT,288.14,2.19,D
40.3544,-94.61034,332.97,0.58,0.52,2025-03-16,1832,N20,nominal,2.0NRT,284.04,4.05,D
41.48103,-90.8286,328.23,0.54,0.42,2025-03-16,1832,N20,nominal,2.0NRT,282.58,4.35,D
40.0298,-97.12459,339.57,0.4,0.6,2025-03-16,1832,N20,nominal,2.0NRT,293.36,14.78,D
40.02861,-97.12896,333.08,0.4,0.6,2025-03-16,1832,N20,nominal,2.0NRT,293.71,11.56,D
40.06133,-97.03089,331.76,0.39,0.6,2025-03-16,1832,N20,nominal,2.0NRT,292.08,2.96,D
40.035,-97.12709,351.8,0.4,0.6,2025-03-16,1832,N20,nominal,2.0NRT,301.26,14.78,D
40.06777,-97.02869,334.07,0.39,0.6,2025-03-16,1832,N20,nominal,2.0NRT,291.44,22.27,D
40.06411,-97.0421,351.71,0.39,0.6,2025-03-16,1832,N20,nominal,2.0NRT,299.27,26.49,D
40.04141,-97.12516,330.49,0.4,0.6,2025-03-16,1832,N20,nominal,2.0NRT,287.9,2.58,D
40.0402,-97.12957,340.13,0.4,0.6,2025-03-16,1832,N20,nominal,2.0NRT,292.82,2.58,D
40.07418,-97.0266,347.91,0.39,0.6,2025-03-16,1832,N20,nominal,2.0NRT,289.92,6.9,D
40.07056,-97.03988,354.73,0.39,0.6,2025-03-16,1832,N20,nominal,2.0NRT,298.5,26.49,D
40.06936,-97.04429,349.78,0.39,0.6,2025-03-16,1832,N20,nominal,2.0NRT,289.88,26.49,D
40.07698,-97.03773,367,0.39,0.6,2025-03-16,1832,N20,high,2.0NRT,292.22,11.73,D
40.68792,-94.8285,336.66,0.59,0.53,2025-03-16,1832,N20,nominal,2.0NRT,279.08,4.56,D
41.39477,-92.31678,344.52,0.42,0.46,2025-03-16,1832,N20,nominal,2.0NRT,284.58,5.22,D
40.65496,-95.56102,341.78,0.32,0.55,2025-03-16,1832,N20,nominal,2.0NRT,292.5,2.72,D
40.6368,-95.79756,328.31,0.33,0.55,2025-03-16,1832,N20,nominal,2.0NRT,298.17,4.66,D
40.63585,-95.80122,327.57,0.33,0.55,2025-03-16,1832,N20,low,2.0NRT,298.35,2.74,D
41.43407,-94.98956,343.98,0.57,0.52,2025-03-16,1832,N20,nominal,2.0NRT,282.14,6.16,D
41.43478,-94.99068,341.62,0.57,0.52,2025-03-16,1832,N20,nominal,2.0NRT,282.62,5.39,D
41.60809,-96.50227,340.68,0.34,0.56,2025-03-16,1832,N20,nominal,2.0NRT,287.06,3.8,D
41.60607,-96.50416,339.16,0.34,0.56,2025-03-16,1832,N20,nominal,2.0NRT,287.85,3.62,D
42.05013,-95.73426,342.77,0.6,0.53,2025-03-16,1832,N20,nominal,2.0NRT,289.46,9.76,D
41.33371,-98.53899,367,0.43,0.62,2025-03-16,1832,N20,high,2.0NRT,291.99,11.92,D
41.33511,-98.5341,348.38,0.43,0.62,2025-03-16,1832,N20,nominal,2.0NRT,290.53,8.08,D
42.67315,-94.09253,335.34,0.48,0.48,2025-03-16,1832,N20,nominal,2.0NRT,276.46,6.55,D
44.02652,-92.34666,326.19,0.56,0.43,2025-03-16,1832,N20,nominal,2.0NRT,279.82,3.02,D
44.97257,-96.03613,337.04,0.52,0.5,2025-03-16,1834,N20,nominal,2.0NRT,276.85,6.81,D
46.7296,-92.07735,326.21,0.49,0.4,2025-03-16,1834,N20,nominal,2.0NRT,280.96,2.19,D
46.93451,-94.94946,326.69,0.41,0.45,2025-03-16,1834,N20,nominal,2.0NRT,270.67,2.19,D
48.66678,-91.25076,328.35,0.43,0.38,2025-03-16,1834,N20,nominal,2.0NRT,269.83,5.24,D
40.01096,-97.43569,342.29,0.39,0.59,2025-03-16,2012,N20,nominal,2.0NRT,294.79,5.51,D
40.00562,-97.43774,334.01,0.39,0.59,2025-03-16,2012,N20,nominal,2.0NRT,294.07,1.82,D
40.01112,-97.43806,340.29,0.39,0.59,2025-03-16,2012,N20,nominal,2.0NRT,294.15,3.1,D
40.0419,-97.12656,346.96,0.41,0.6,2025-03-16,2012,N20,nominal,2.0NRT,293.65,6.61,D
40.06284,-97.03493,367,0.41,0.61,2025-03-16,2012,N20,high,2.0NRT,296.54,13.6,D
40.06263,-97.03972,367,0.41,0.61,2025-03-16,2012,N20,high,2.0NRT,296.23,13.6,D
40.06305,-97.03015,341.79,0.41,0.61,2025-03-16,2012,N20,nominal,2.0NRT,295.06,7.63,D
40.06845,-97.0355,367,0.41,0.61,2025-03-16,2012,N20,high,2.0NRT,297.47,13.6,D
40.06866,-97.03073,334.59,0.41,0.61,2025-03-16,2012,N20,nominal,2.0NRT,291.05,7.63,D
40.06823,-97.04033,354.66,0.41,0.61,2025-03-16,2012,N20,nominal,2.0NRT,299.76,13.6,D
40.07428,-97.03123,367,0.41,0.61,2025-03-16,2012,N20,high,2.0NRT,294.09,8.44,D
40.07406,-97.03606,367,0.41,0.61,2025-03-16,2012,N20,high,2.0NRT,298.08,8.53,D
40.0745,-97.02635,329.48,0.41,0.61,2025-03-16,2012,N20,nominal,2.0NRT,292.42,8.44,D
40.07384,-97.04089,332.64,0.41,0.61,2025-03-16,2012,N20,nominal,2.0NRT,294,8.53,D
40.25768,-96.40675,367,0.45,0.63,2025-03-16,2012,N20,high,2.0NRT,297.49,58.18,D
40.25723,-96.41747,207.93,0.44,0.63,2025-03-16,2012,N20,low,2.0NRT,303,180.06,D
40.26349,-96.40715,367,0.45,0.63,2025-03-16,2012,N20,high,2.0NRT,293.43,17.83,D
40.26326,-96.41254,355.8,0.44,0.63,2025-03-16,2012,N20,nominal,2.0NRT,296.58,14.49,D
40.25758,-96.4056,367,0.45,0.63,2025-03-16,2012,N20,high,2.0NRT,293.37,26.88,D
40.25739,-96.41096,353.72,0.45,0.63,2025-03-16,2012,N20,nominal,2.0NRT,303.5,93.55,D
40.25719,-96.41631,207.93,0.45,0.63,2025-03-16,2012,N20,low,2.0NRT,317.32,93.55,D
40.26339,-96.40601,367,0.45,0.63,2025-03-16,2012,N20,high,2.0NRT,292.53,18.41,D
40.2632,-96.41142,354.23,0.45,0.63,2025-03-16,2012,N20,nominal,2.0NRT,297.98,21.07,D
41.02421,-95.6361,339.15,0.49,0.65,2025-03-16,2012,N20,nominal,2.0NRT,290.08,3.69,D
41.02488,-95.63895,341.2,0.5,0.65,2025-03-16,2012,N20,nominal,2.0NRT,290.28,3.98,D
40.84674,-102.71328,351.51,0.42,0.45,2025-03-16,2012,N20,nominal,2.0NRT,299.85,154.71,D
40.84584,-102.72331,347.07,0.42,0.45,2025-03-16,2012,N20,nominal,2.0NRT,311.68,28.03,D
40.84539,-102.72833,344.4,0.42,0.45,2025-03-16,2012,N20,nominal,2.0NRT,300.12,28.03,D
40.85092,-102.71387,367,0.42,0.45,2025-03-16,2012,N20,high,2.0NRT,325.48,154.71,D
40.85182,-102.70386,348.92,0.42,0.45,2025-03-16,2012,N20,nominal,2.0NRT,298.89,44.51,D
40.85137,-102.70887,355.66,0.42,0.45,2025-03-16,2012,N20,nominal,2.0NRT,302.62,44.51,D
41.30209,-98.47189,367,0.35,0.57,2025-03-16,2012,N20,high,2.0NRT,298.32,31.96,D
41.30186,-98.47608,339.14,0.35,0.57,2025-03-16,2012,N20,nominal,2.0NRT,301.09,25.87,D
41.33006,-98.53403,367,0.35,0.57,2025-03-16,2012,N20,high,2.0NRT,297.71,33.96,D
41.32984,-98.5382,340,0.35,0.57,2025-03-16,2012,N20,nominal,2.0NRT,301.78,17.45,D
41.32962,-98.54244,352.19,0.35,0.57,2025-03-16,2012,N20,nominal,2.0NRT,294.8,17.45,D
42.49045,-96.85846,367,0.44,0.62,2025-03-16,2014,N20,high,2.0NRT,292.11,6.5,D
42.87035,-95.62428,336.36,0.51,0.66,2025-03-16,2014,N20,nominal,2.0NRT,289.16,3.51,D
44.10891,-96.92657,339.37,0.44,0.63,2025-03-16,2014,N20,nominal,2.0NRT,282.52,3.86,D
44.10836,-96.92956,344.48,0.44,0.63,2025-03-16,2014,N20,nominal,2.0NRT,283.41,4.06,D
49.8567,-119.13495,326.7,0.49,0.4,2025-03-16,2017,N20,nominal,2.0NRT,272.39,3.23,D
46.52099,-84.37953,332.13,0.35,0.56,2025-03-17,0648,N20,nominal,2.0NRT,268.34,6.27,N
46.51661,-84.39828,331.64,0.35,0.56,2025-03-17,0648,N20,nominal,2.0NRT,263.97,3.86,N
41.57021,-84.04602,326.77,0.6,0.53,2025-03-17,0650,N20,nominal,2.0NRT,271.85,4.51,N
41.56814,-84.0462,337.79,0.6,0.53,2025-03-17,0650,N20,nominal,2.0NRT,273.32,7.9,N
41.68681,-87.42861,307.7,0.45,0.63,2025-03-17,0650,N20,nominal,2.0NRT,271.14,1.71,N
41.68076,-87.42339,306.04,0.45,0.63,2025-03-17,0650,N20,nominal,2.0NRT,271.99,1.71,N
41.46806,-83.36959,318.63,0.55,0.51,2025-03-17,0650,N20,nominal,2.0NRT,273.29,2.06,N
41.67037,-87.46313,304,0.46,0.63,2025-03-17,0650,N20,nominal,2.0NRT,269.92,1.7,N
41.6632,-87.42468,325.08,0.45,0.63,2025-03-17,0650,N20,nominal,2.0NRT,273.46,2.19,N
41.66339,-87.4302,316.56,0.45,0.63,2025-03-17,0650,N20,nominal,2.0NRT,272.1,2.19,N
41.6418,-87.14251,336.82,0.44,0.62,2025-03-17,0650,N20,nominal,2.0NRT,274.07,4.21,N
41.64161,-87.13713,337.97,0.44,0.62,2025-03-17,0650,N20,nominal,2.0NRT,274.6,3.93,N
41.63584,-87.13747,331.77,0.44,0.62,2025-03-17,0650,N20,nominal,2.0NRT,270.94,3.93,N
41.63603,-87.14288,310.31,0.44,0.62,2025-03-17,0650,N20,nominal,2.0NRT,274.08,4.21,N
41.63565,-87.13212,308.62,0.44,0.62,2025-03-17,0650,N20,nominal,2.0NRT,271.32,3.93,N
41.63925,-87.40989,303.34,0.45,0.63,2025-03-17,0650,N20,nominal,2.0NRT,271.53,1.11,N
41.63044,-87.14868,312.6,0.44,0.62,2025-03-17,0650,N20,nominal,2.0NRT,268.09,2.82,N
41.66468,-87.43308,298.76,0.45,0.63,2025-03-17,0650,N20,nominal,2.0NRT,269.34,2.07,N
41.66446,-87.42754,310.61,0.45,0.63,2025-03-17,0650,N20,nominal,2.0NRT,270.82,2.07,N
41.66425,-87.42207,316.59,0.45,0.63,2025-03-17,0650,N20,nominal,2.0NRT,273.19,3.07,N
41.64129,-87.14024,331.54,0.44,0.62,2025-03-17,0650,N20,nominal,2.0NRT,274.86,3.29,N
41.64107,-87.13486,351.86,0.44,0.62,2025-03-17,0650,N20,nominal,2.0NRT,276.95,3.29,N
41.63574,-87.146,299.34,0.44,0.62,2025-03-17,0650,N20,nominal,2.0NRT,268.99,3.59,N
41.63552,-87.14059,297.53,0.44,0.62,2025-03-17,0650,N20,nominal,2.0NRT,270.61,3.29,N
41.6353,-87.1352,306.55,0.44,0.62,2025-03-17,0650,N20,nominal,2.0NRT,269.53,3.29,N
41.63509,-87.12986,302.22,0.44,0.62,2025-03-17,0650,N20,nominal,2.0NRT,269.66,4.25,N
41.62997,-87.14639,325.04,0.44,0.62,2025-03-17,0650,N20,nominal,2.0NRT,270.82,2.43,N
41.62041,-87.34789,295.1,0.45,0.63,2025-03-17,0650,N20,nominal,2.0NRT,269.35,1.45,N
41.61978,-87.33138,299.59,0.45,0.63,2025-03-17,0650,N20,nominal,2.0NRT,274.05,2.07,N
41.61458,-87.34832,308,0.45,0.63,2025-03-17,0650,N20,nominal,2.0NRT,270.69,1.54,N
41.37117,-84.91873,302.74,0.33,0.56,2025-03-17,0650,N20,nominal,2.0NRT,270.26,1.36,N
41.36628,-84.92333,322.75,0.33,0.56,2025-03-17,0650,N20,nominal,2.0NRT,269.72,1.36,N
41.47857,-90.8368,303.94,0.68,0.74,2025-03-17,0650,N20,nominal,2.0NRT,267.35,2.81,N
41.41608,-88.18721,295.07,0.5,0.65,2025-03-17,0650,N20,nominal,2.0NRT,275.39,1.16,N
40.4636,-86.16383,302.25,0.38,0.59,2025-03-17,0650,N20,nominal,2.0NRT,269.57,0.67,N
41.64374,-87.14275,334.36,0.34,0.56,2025-03-17,0830,N20,nominal,2.0NRT,271.6,8.03,N
41.64269,-87.13887,355.19,0.34,0.56,2025-03-17,0830,N20,nominal,2.0NRT,278.05,4.38,N
41.64164,-87.135,331.63,0.34,0.56,2025-03-17,0830,N20,nominal,2.0NRT,275.08,4.38,N
41.64059,-87.13112,307.38,0.34,0.56,2025-03-17,0830,N20,nominal,2.0NRT,271.74,2.21,N
41.63781,-87.14128,334.91,0.34,0.56,2025-03-17,0830,N20,nominal,2.0NRT,276.93,4.38,N
41.63676,-87.13741,336.2,0.34,0.56,2025-03-17,0830,N20,nominal,2.0NRT,274.91,4.38,N
41.6357,-87.13351,321.27,0.34,0.56,2025-03-17,0830,N20,nominal,2.0NRT,274.72,2.21,N
41.63464,-87.12962,301.18,0.34,0.56,2025-03-17,0830,N20,nominal,2.0NRT,272.33,2.21,N
41.62801,-87.14596,310.88,0.34,0.56,2025-03-17,0830,N20,nominal,2.0NRT,270.41,1.3,N
41.62696,-87.14207,317.44,0.34,0.56,2025-03-17,0830,N20,nominal,2.0NRT,271.5,1.3,N
41.63032,-87.14342,315.82,0.34,0.56,2025-03-17,0830,N20,nominal,2.0NRT,269.36,1.39,N
41.62542,-87.14577,303.91,0.34,0.56,2025-03-17,0830,N20,nominal,2.0NRT,272.38,1.39,N
41.68327,-87.4262,303.22,0.33,0.55,2025-03-17,0830,N20,nominal,2.0NRT,271.24,1.36,N
41.68127,-87.41866,316.54,0.33,0.55,2025-03-17,0830,N20,nominal,2.0NRT,282.62,1.69,N
41.67944,-87.4323,328.46,0.33,0.55,2025-03-17,0830,N20,nominal,2.0NRT,272.19,1.36,N
41.67645,-87.42098,302.63,0.33,0.55,2025-03-17,0830,N20,nominal,2.0NRT,272.52,1.69,N
41.6746,-87.43456,311.73,0.33,0.55,2025-03-17,0830,N20,nominal,2.0NRT,274.22,1.81,N
41.67196,-87.46558,327.76,0.33,0.55,2025-03-17,0830,N20,nominal,2.0NRT,270.48,1.83,N
41.67096,-87.46185,295.4,0.33,0.55,2025-03-17,0830,N20,nominal,2.0NRT,269.69,1.06,N
41.66997,-87.45808,300.81,0.33,0.55,2025-03-17,0830,N20,nominal,2.0NRT,270.13,1.06,N
41.66296,-87.43166,297.28,0.33,0.55,2025-03-17,0830,N20,nominal,2.0NRT,269.81,1.71,N
41.66094,-87.42402,302.16,0.33,0.56,2025-03-17,0830,N20,nominal,2.0NRT,270.27,1.41,N
41.6259,-87.33331,313.29,0.34,0.56,2025-03-17,0830,N20,nominal,2.0NRT,272.9,1.66,N
41.64037,-87.40811,323.97,0.33,0.56,2025-03-17,0830,N20,nominal,2.0NRT,276.34,2.33,N
41.62005,-87.3319,299.24,0.34,0.56,2025-03-17,0830,N20,nominal,2.0NRT,274.62,2.1,N
41.6134,-87.34797,302.78,0.34,0.56,2025-03-17,0830,N20,nominal,2.0NRT,270.49,1.66,N
41.65962,-87.62282,302.58,0.33,0.55,2025-03-17,0830,N20,nominal,2.0NRT,273.9,0.85,N
41.65202,-87.63477,299.67,0.33,0.55,2025-03-17,0830,N20,nominal,2.0NRT,269.41,0.53,N
41.48411,-90.82369,297.35,0.46,0.47,2025-03-17,0830,N20,nominal,2.0NRT,271.33,1.88,N
43.63957,-104.55812,299.72,0.55,0.43,2025-03-17,0830,N20,nominal,2.0NRT,274.79,1,N
42.08388,-97.36492,314,0.39,0.36,2025-03-17,0830,N20,nominal,2.0NRT,274.69,1.05,N
42.07979,-97.36127,311.15,0.39,0.36,2025-03-17,0830,N20,nominal,2.0NRT,275.41,1.37,N
41.00394,-96.1539,303.73,0.43,0.38,2025-03-17,0830,N20,nominal,2.0NRT,277.08,1.19,N
41.06002,-98.41327,301.11,0.39,0.36,2025-03-17,0830,N20,nominal,2.0NRT,273.19,0.44,N
41.72316,-106.32842,305.59,0.42,0.45,2025-03-17,0830,N20,nominal,2.0NRT,273.2,0.88,N
40.1045,-95.31732,329.38,0.47,0.39,2025-03-17,0830,N20,nominal,2.0NRT,274.74,2.86,N
41.26991,-105.603,309.39,0.39,0.44,2025-03-17,0830,N20,nominal,2.0NRT,271.78,1.25,N
46.52043,-84.37754,333.21,0.34,0.56,2025-03-17,0828,N20,nominal,2.0NRT,269.42,3.6,N
46.51434,-84.39549,367,0.34,0.56,2025-03-17,0828,N20,high,2.0NRT,268.03,7.17,N
45.31776,-85.29978,298.31,0.33,0.55,2025-03-17,0828,N20,nominal,2.0NRT,270.66,0.79,N
43.70317,-88.38694,295.06,0.53,0.5,2025-03-17,0830,N20,nominal,2.0NRT,268.8,0.9,N
41.4703,-83.36548,296.35,0.53,0.67,2025-03-17,0830,N20,nominal,2.0NRT,261.74,0.84,N
41.36909,-84.92192,326.24,0.45,0.63,2025-03-17,0830,N20,nominal,2.0NRT,273.87,3.48,N
50.54956,-116.1654,302.65,0.45,0.39,2025-03-17,1011,N20,nominal,2.0NRT,264.73,0.97,N
49.0984,-123.01716,300.91,0.39,0.36,2025-03-17,1011,N20,nominal,2.0NRT,273.3,0.56,N
48.88737,-122.7385,295.41,0.39,0.36,2025-03-17,1011,N20,nominal,2.0NRT,279.23,1.13,N
48.8866,-122.73328,296.96,0.39,0.36,2025-03-17,1011,N20,nominal,2.0NRT,278.2,0.9,N
40.05653,-81.30117,344.27,0.4,0.37,2025-03-17,1811,N20,nominal,2.0NRT,288.25,5.12,D
41.13169,-81.32272,343.88,0.39,0.36,2025-03-17,1811,N20,nominal,2.0NRT,285.32,6.42,D
40.4205,-86.96586,330.58,0.42,0.45,2025-03-17,1811,N20,nominal,2.0NRT,279.78,2.69,D
41.46119,-81.67147,326.85,0.4,0.37,2025-03-17,1811,N20,nominal,2.0NRT,289.23,1.61,D
41.22286,-83.20444,325.56,0.43,0.38,2025-03-17,1811,N20,nominal,2.0NRT,287.96,1.34,D
41.22387,-83.20784,327.05,0.43,0.38,2025-03-17,1811,N20,nominal,2.0NRT,290.85,2.27,D
40.2785,-88.17262,327.54,0.48,0.48,2025-03-17,1811,N20,nominal,2.0NRT,285.33,2.72,D
41.46611,-83.36557,327.77,0.43,0.38,2025-03-17,1811,N20,nominal,2.0NRT,290.11,2.37,D
41.11857,-85.34989,329.61,0.52,0.41,2025-03-17,1811,N20,nominal,2.0NRT,290.57,4.37,D
41.36354,-84.92056,325.36,0.49,0.4,2025-03-17,1811,N20,nominal,2.0NRT,289.01,2.29,D
41.36716,-84.92181,326.04,0.49,0.4,2025-03-17,1811,N20,nominal,2.0NRT,290.36,2.29,D
41.56726,-84.04681,329.06,0.45,0.39,2025-03-17,1811,N20,nominal,2.0NRT,291.19,5.54,D
42.29164,-83.16359,330.32,0.42,0.38,2025-03-17,1811,N20,nominal,2.0NRT,291.07,2.5,D
42.80431,-80.09607,328.75,0.38,0.36,2025-03-17,1811,N20,nominal,2.0NRT,289.22,2.52,D
42.0559,-84.49959,341.91,0.46,0.39,2025-03-17,1811,N20,nominal,2.0NRT,287.79,11.82,D
41.25721,-89.30516,340.36,0.52,0.5,2025-03-17,1813,N20,nominal,2.0NRT,287.48,8.1,D
41.25793,-89.30643,342.55,0.52,0.5,2025-03-17,1813,N20,nominal,2.0NRT,287.99,5.95,D
43.02395,-80.42757,333,0.38,0.36,2025-03-17,1813,N20,nominal,2.0NRT,285.11,2.37,D
43.02325,-80.43223,331.78,0.38,0.36,2025-03-17,1813,N20,nominal,2.0NRT,284.73,2.37,D
43.26234,-79.80846,334.92,0.39,0.36,2025-03-17,1813,N20,nominal,2.0NRT,295.99,3,D
43.26632,-79.80463,335.53,0.39,0.36,2025-03-17,1813,N20,nominal,2.0NRT,294.88,3.9,D
43.27098,-79.79606,326.08,0.39,0.36,2025-03-17,1813,N20,nominal,2.0NRT,288.46,4.11,D
43.2774,-79.82237,330.12,0.39,0.36,2025-03-17,1813,N20,nominal,2.0NRT,289.76,3.68,D
42.21605,-85.95291,329.53,0.52,0.42,2025-03-17,1813,N20,nominal,2.0NRT,288.24,5.33,D
40.83456,-92.76425,326.67,0.4,0.6,2025-03-17,1813,N20,nominal,2.0NRT,289.89,3.12,D
40.83335,-92.76871,331.9,0.4,0.6,2025-03-17,1813,N20,nominal,2.0NRT,290.77,4.08,D
40.83679,-92.76238,328.47,0.4,0.6,2025-03-17,1813,N20,nominal,2.0NRT,289.32,3.32,D
40.83432,-92.77124,329.98,0.4,0.6,2025-03-17,1813,N20,nominal,2.0NRT,291.4,6.28,D
41.47861,-90.83084,327.09,0.61,0.53,2025-03-17,1813,N20,nominal,2.0NRT,287.34,3.41,D
43.12473,-83.86454,326.91,0.43,0.38,2025-03-17,1813,N20,nominal,2.0NRT,285.83,7.64,D
41.20353,-92.94093,326.64,0.39,0.6,2025-03-17,1813,N20,nominal,2.0NRT,291.08,1.49,D
44.25147,-78.85593,326.96,0.4,0.37,2025-03-17,1813,N20,nominal,2.0NRT,278.19,5.66,D
43.64988,-82.84709,337.32,0.4,0.37,2025-03-17,1813,N20,nominal,2.0NRT,284.91,3.06,D
44.37269,-78.60157,335.4,0.41,0.37,2025-03-17,1813,N20,nominal,2.0NRT,276.39,3.59,D
44.37541,-78.60754,328.62,0.41,0.37,2025-03-17,1813,N20,nominal,2.0NRT,278.52,4.54,D
42.28345,-89.92793,326.18,0.53,0.5,2025-03-17,1813,N20,nominal,2.0NRT,283.82,4.25,D
44.37441,-79.76827,328.34,0.39,0.36,2025-03-17,1813,N20,nominal,2.0NRT,279.75,2.12,D
41.59721,-93.45784,334.34,0.41,0.6,2025-03-17,1813,N20,nominal,2.0NRT,293.89,14.27,D
41.60378,-93.45573,367,0.41,0.6,2025-03-17,1813,N20,high,2.0NRT,301.81,14.27,D
41.60249,-93.4603,353.16,0.41,0.6,2025-03-17,1813,N20,nominal,2.0NRT,298.9,14.27,D
41.60905,-93.45821,367,0.41,0.6,2025-03-17,1813,N20,high,2.0NRT,295.66,13.06,D
41.61034,-93.4536,355.28,0.41,0.6,2025-03-17,1813,N20,nominal,2.0NRT,293.86,9.19,D
46.51505,-84.39491,337.21,0.41,0.37,2025-03-17,1813,N20,nominal,2.0NRT,278.92,4.59,D
42.66364,-92.93804,348.31,0.4,0.6,2025-03-17,1953,N20,nominal,2.0NRT,291.93,16.27,D
42.66343,-92.94299,336.63,0.4,0.6,2025-03-17,1953,N20,nominal,2.0NRT,292.67,10.14,D
42.6692,-92.93816,367,0.4,0.6,2025-03-17,1953,N20,high,2.0NRT,296.23,16.27,D
42.66897,-92.94313,337.1,0.4,0.6,2025-03-17,1953,N20,nominal,2.0NRT,291.77,10.14,D
42.66298,-92.94015,349.35,0.4,0.6,2025-03-17,1953,N20,nominal,2.0NRT,292.47,5.42,D
42.66871,-92.93532,329.52,0.4,0.6,2025-03-17,1953,N20,nominal,2.0NRT,290.05,13.85,D
42.66852,-92.94029,350.17,0.4,0.6,2025-03-17,1953,N20,nominal,2.0NRT,303.26,26.83,D
43.16037,-89.36762,325.16,0.61,0.71,2025-03-17,1953,N20,nominal,2.0NRT,283.53,3.03,D
44.24414,-107.98022,338.77,0.39,0.36,2025-03-17,1953,N20,nominal,2.0NRT,296.1,3.43,D
44.24743,-107.98129,330.65,0.39,0.36,2025-03-17,1953,N20,nominal,2.0NRT,295.71,3.43,D
44.32711,-108.02258,331.73,0.39,0.36,2025-03-17,1953,N20,nominal,2.0NRT,293.81,7.26,D
44.33039,-108.02366,339.39,0.39,0.36,2025-03-17,1953,N20,nominal,2.0NRT,301.69,7.26,D
47.00687,-95.72099,326.79,0.63,0.54,2025-03-17,1955,N20,nominal,2.0NRT,277.9,5.71,D
49.15819,-96.24845,326.02,0.62,0.54,2025-03-17,1955,N20,nominal,2.0NRT,276.23,3.92,D
49.15848,-96.25043,326.06,0.62,0.54,2025-03-17,1955,N20,nominal,2.0NRT,276.14,4.26,D
46.25537,-119.86975,341.65,0.33,0.56,2025-03-17,1955,N20,nominal,2.0NRT,291,2.86,D
48.72501,-110.01984,334.54,0.4,0.37,2025-03-17,1955,N20,nominal,2.0NRT,291.63,4.64,D
46.41417,-120.47259,330.02,0.35,0.57,2025-03-17,1955,N20,nominal,2.0NRT,293.13,1.66,D
46.49541,-120.42547,355.52,0.35,0.57,2025-03-17,1955,N20,nominal,2.0NRT,291.45,4.44,D
46.49805,-120.42387,325.79,0.35,0.57,2025-03-17,1955,N20,nominal,2.0NRT,289.23,2.86,D
46.49673,-120.42851,338.28,0.35,0.57,2025-03-17,1955,N20,nominal,2.0NRT,291.56,2.86,D
46.69853,-119.76995,334.51,0.32,0.55,2025-03-17,1955,N20,nominal,2.0NRT,290.64,1.85,D
46.70322,-119.7727,349.68,0.32,0.55,2025-03-17,1955,N20,nominal,2.0NRT,292.58,3.7,D
46.95526,-119.11724,325.77,0.59,0.53,2025-03-17,1955,N20,nominal,2.0NRT,288.28,3.2,D
46.7737,-119.95237,352.43,0.33,0.55,2025-03-17,1955,N20,nominal,2.0NRT,294.74,6.95,D
46.7748,-119.94843,356.11,0.32,0.55,2025-03-17,1955,N20,low,2.0NRT,288.1,6.95,D
47.57196,-122.36691,333.84,0.39,0.59,2025-03-17,1955,N20,nominal,2.0NRT,286.75,2.85,D
40.07104,-93.65071,343.1,0.35,0.56,2025-03-17,1953,N20,nominal,2.0NRT,295.04,4.51,D
40.84671,-91.55598,356.25,0.45,0.63,2025-03-17,1953,N20,nominal,2.0NRT,290.74,10.5,D
40.84557,-91.55733,342.47,0.45,0.63,2025-03-17,1953,N20,nominal,2.0NRT,289.56,7.14,D
40.83594,-92.79366,330.57,0.39,0.59,2025-03-17,1953,N20,nominal,2.0NRT,295.97,2.76,D
40.84255,-92.77026,328.34,0.39,0.59,2025-03-17,1953,N20,nominal,2.0NRT,296.69,2.35,D
41.20533,-92.93729,328.05,0.39,0.59,2025-03-17,1953,N20,nominal,2.0NRT,294.83,2.17,D
41.63539,-87.13023,327.2,0.78,0.78,2025-03-17,1953,N20,nominal,2.0NRT,286.83,7.77,D
41.61638,-87.32505,325.49,0.76,0.77,2025-03-17,1953,N20,nominal,2.0NRT,285.08,4.26,D
41.63675,-87.13441,326.93,0.78,0.78,2025-03-17,1953,N20,nominal,2.0NRT,287.59,9.8,D
41.68132,-87.41743,327.06,0.76,0.77,2025-03-17,1953,N20,nominal,2.0NRT,286.77,7.67,D
40.82688,-104.35854,348.35,0.39,0.36,2025-03-17,1953,N20,nominal,2.0NRT,284.36,13.75,D
40.82555,-104.36762,330.56,0.39,0.36,2025-03-17,1953,N20,nominal,2.0NRT,277.41,2.47,D
40.82489,-104.37216,329.12,0.39,0.36,2025-03-17,1953,N20,nominal,2.0NRT,276.75,2.47,D
40.82423,-104.3767,333.78,0.39,0.36,2025-03-17,1953,N20,nominal,2.0NRT,277.93,3.04,D
40.82622,-104.36308,356.43,0.39,0.36,2025-03-17,1953,N20,low,2.0NRT,286.54,13.75,D
40.82884,-104.36845,331.55,0.39,0.36,2025-03-17,1953,N20,nominal,2.0NRT,275.6,2.47,D
40.82817,-104.37299,340.53,0.39,0.36,2025-03-17,1953,N20,nominal,2.0NRT,277.61,2.47,D
40.82752,-104.37753,333.08,0.39,0.36,2025-03-17,1953,N20,nominal,2.0NRT,276.44,3.04,D
40.82685,-104.38207,341.03,0.39,0.36,2025-03-17,1953,N20,nominal,2.0NRT,280.93,3.04,D
40.83014,-104.3829,354.73,0.39,0.36,2025-03-17,1953,N20,nominal,2.0NRT,283.83,10.48,D
40.8308,-104.37836,356.57,0.39,0.36,2025-03-17,1953,N20,low,2.0NRT,285.66,10.48,D
46.70711,-119.87851,332.22,0.36,0.57,2025-03-17,2136,N20,nominal,2.0NRT,292.43,4.45,D
46.77482,-119.61365,351.77,0.37,0.58,2025-03-17,2136,N20,nominal,2.0NRT,293.23,3.77,D
46.77214,-119.95058,367,0.35,0.57,2025-03-17,2136,N20,high,2.0NRT,290.28,7.05,D
46.9082,-119.57038,328.27,0.37,0.58,2025-03-17,2136,N20,nominal,2.0NRT,290.49,1.49,D
54.88689,-128.3931,330.41,0.56,0.43,2025-03-17,2140,N20,nominal,2.0NRT,275.85,9.52,D
54.8856,-128.39096,328.47,0.56,0.43,2025-03-17,2140,N20,nominal,2.0NRT,276.49,7.48,D
43.27415,-79.7964,341.96,0.33,0.55,2025-03-18,0629,N20,nominal,2.0NRT,275.59,3.57,N
46.04354,-73.14038,313.82,0.52,0.41,2025-03-18,0629,N20,nominal,2.0NRT,273.54,2.2,N
43.27481,-79.80876,295.62,0.33,0.55,2025-03-18,0629,N20,nominal,2.0NRT,272.64,1.91,N
45.83637,-73.25272,312.93,0.52,0.42,2025-03-18,0629,N20,nominal,2.0NRT,269.07,3.39,N
43.27459,-79.80463,302.43,0.33,0.55,2025-03-18,0629,N20,nominal,2.0NRT,274.39,2.09,N
43.27438,-79.80051,303.29,0.33,0.55,2025-03-18,0629,N20,nominal,2.0NRT,273.25,2.09,N
43.26969,-79.8093,328.29,0.33,0.55,2025-03-18,0629,N20,nominal,2.0NRT,274.83,1.91,N
43.26947,-79.80517,318.11,0.33,0.55,2025-03-18,0629,N20,nominal,2.0NRT,276.1,2.09,N
43.26456,-79.80991,323.96,0.33,0.55,2025-03-18,0629,N20,nominal,2.0NRT,277.9,2.1,N
43.07075,-80.85864,298.01,0.37,0.58,2025-03-18,0629,N20,nominal,2.0NRT,271.43,0.88,N
42.81019,-80.09808,316.09,0.34,0.56,2025-03-18,0629,N20,nominal,2.0NRT,272.48,1.84,N
42.80996,-80.09386,317.51,0.34,0.56,2025-03-18,0629,N20,nominal,2.0NRT,272.53,2.31,N
42.80502,-80.09866,334.54,0.34,0.56,2025-03-18,0629,N20,nominal,2.0NRT,274.96,2.93,N
42.80548,-80.10713,298.27,0.34,0.56,2025-03-18,0629,N20,nominal,2.0NRT,269.3,1.47,N
42.80525,-80.1029,313.43,0.34,0.56,2025-03-18,0629,N20,nominal,2.0NRT,271.58,2.93,N
42.30564,-83.15823,298.74,0.49,0.65,2025-03-18,0629,N20,nominal,2.0NRT,277.17,2.82,N
42.29962,-83.15861,329.93,0.49,0.65,2025-03-18,0629,N20,nominal,2.0NRT,274.5,2.82,N
42.29944,-83.15266,298.5,0.49,0.65,2025-03-18,0629,N20,nominal,2.0NRT,273.17,3.59,N
42.29378,-83.16502,340.08,0.49,0.65,2025-03-18,0629,N20,nominal,2.0NRT,275.35,5.66,N
42.29396,-83.17104,304.05,0.49,0.65,2025-03-18,0629,N20,nominal,2.0NRT,273.08,3.71,N
41.39331,-75.73486,301.09,0.4,0.44,2025-03-18,0629,N20,nominal,2.0NRT,270.77,0.8,N
41.64458,-87.14666,300.97,0.78,0.78,2025-03-18,0629,N20,nominal,2.0NRT,276.15,2.57,N
41.64465,-87.13702,314.18,0.78,0.78,2025-03-18,0629,N20,nominal,2.0NRT,276.93,2.57,N
41.63736,-87.14657,315.25,0.78,0.78,2025-03-18,0629,N20,nominal,2.0NRT,278.58,2.68,N
41.63743,-87.13683,309.75,0.78,0.78,2025-03-18,0629,N20,nominal,2.0NRT,277.78,2.68,N
41.63014,-87.14656,299.45,0.78,0.78,2025-03-18,0629,N20,nominal,2.0NRT,276.48,2.68,N
41.64264,-87.14454,310.96,0.78,0.78,2025-03-18,0629,N20,nominal,2.0NRT,277,3.89,N
41.64266,-87.13489,313.28,0.78,0.78,2025-03-18,0629,N20,nominal,2.0NRT,276.7,3.81,N
41.63543,-87.14442,312.16,0.78,0.78,2025-03-18,0629,N20,nominal,2.0NRT,277.64,5.93,N
41.56896,-84.04655,327.38,0.54,0.68,2025-03-18,0629,N20,nominal,2.0NRT,275.1,5.48,N
41.46095,-81.67871,322.15,0.4,0.6,2025-03-18,0629,N20,nominal,2.0NRT,274.85,1.19,N
41.45539,-81.67918,298.84,0.4,0.6,2025-03-18,0629,N20,nominal,2.0NRT,272.28,1.19,N
41.45663,-81.68003,303.45,0.4,0.6,2025-03-18,0629,N20,nominal,2.0NRT,270.91,1.22,N
41.4711,-83.36817,322.32,0.49,0.65,2025-03-18,0629,N20,nominal,2.0NRT,276.6,3.21,N
41.459,-83.36883,297.98,0.49,0.65,2025-03-18,0629,N20,nominal,2.0NRT,272.66,0.96,N
41.37863,-84.92532,297.23,0.59,0.7,2025-03-18,0629,N20,nominal,2.0NRT,272.46,1,N
41.22049,-80.51357,297.42,0.35,0.57,2025-03-18,0629,N20,nominal,2.0NRT,269.46,1.12,N
41.36558,-84.92588,328.62,0.59,0.7,2025-03-18,0629,N20,nominal,2.0NRT,273.41,5.19,N
41.22721,-83.20975,297.62,0.48,0.65,2025-03-18,0629,N20,nominal,2.0NRT,274.27,0.9,N
40.89237,-77.71164,312.16,0.49,0.49,2025-03-18,0629,N20,nominal,2.0NRT,272.15,2.3,N
40.68398,-76.37351,297.35,0.42,0.45,2025-03-18,0629,N20,nominal,2.0NRT,269.63,0.57,N
40.83473,-79.93636,299.72,0.32,0.55,2025-03-18,0629,N20,nominal,2.0NRT,270.7,0.57,N
40.83015,-79.94463,298.74,0.32,0.55,2025-03-18,0629,N20,nominal,2.0NRT,270.78,1.58,N
40.8297,-79.93713,298.65,0.32,0.55,2025-03-18,0629,N20,nominal,2.0NRT,269.89,0.57,N
40.83105,-79.94402,300.24,0.32,0.55,2025-03-18,0629,N20,nominal,2.0NRT,271,1.24,N
40.83057,-79.93653,296.75,0.32,0.55,2025-03-18,0629,N20,nominal,2.0NRT,269.64,0.58,N
40.83435,-80.32124,320.28,0.34,0.56,2025-03-18,0629,N20,nominal,2.0NRT,271.41,1.29,N
40.02517,-74.25234,300.01,0.49,0.41,2025-03-18,0629,N20,nominal,2.0NRT,272.65,0.79,N
40.73386,-86.43642,296.12,0.71,0.75,2025-03-18,0629,N20,nominal,2.0NRT,275.87,1.3,N
40.39732,-79.85841,319.91,0.63,0.54,2025-03-18,0629,N20,nominal,2.0NRT,272.83,4.63,N
40.39685,-79.8507,301.96,0.63,0.54,2025-03-18,0629,N20,nominal,2.0NRT,270.75,5.6,N
40.39233,-79.85918,338.58,0.63,0.54,2025-03-18,0629,N20,nominal,2.0NRT,277.04,4.63,N
40.57113,-83.14049,303.24,0.47,0.64,2025-03-18,0629,N20,nominal,2.0NRT,273.35,0.98,N
40.39729,-79.85799,314.58,0.63,0.54,2025-03-18,0629,N20,nominal,2.0NRT,272.92,2.46,N
40.39676,-79.85031,301.67,0.63,0.54,2025-03-18,0629,N20,nominal,2.0NRT,271.03,2.46,N
40.3923,-79.85876,338.51,0.63,0.54,2025-03-18,0629,N20,nominal,2.0NRT,277.18,9.3,N
40.31379,-80.60931,340.83,0.34,0.56,2025-03-18,0629,N20,nominal,2.0NRT,273.89,3.62,N
40.02005,-81.18717,296.78,0.37,0.58,2025-03-18,0629,N20,nominal,2.0NRT,268.76,0.41,N
45.84064,-73.25299,308.99,0.67,0.74,2025-03-18,0807,N20,nominal,2.0NRT,269.53,2.21,N
46.73252,-92.0759,295.71,0.38,0.36,2025-03-18,0809,N20,nominal,2.0NRT,271.21,0.87,N
46.72927,-92.077,321.98,0.38,0.36,2025-03-18,0809,N20,nominal,2.0NRT,271.63,2.28,N
43.27383,-79.79579,319.23,0.41,0.61,2025-03-18,0809,N20,nominal,2.0NRT,273.47,2.58,N
43.27142,-79.80824,331.4,0.41,0.61,2025-03-18,0809,N20,nominal,2.0NRT,274.87,2.42,N
41.27029,-105.60413,303.68,0.34,0.56,2025-03-18,0811,N20,nominal,2.0NRT,274.43,1.22,N
43.27003,-79.80346,304.3,0.41,0.61,2025-03-18,0809,N20,nominal,2.0NRT,275.23,2.22,N
43.2662,-79.81105,305.31,0.41,0.61,2025-03-18,0809,N20,nominal,2.0NRT,271.67,2.42,N
43.26481,-79.8063,305.77,0.41,0.61,2025-03-18,0809,N20,nominal,2.0NRT,275.72,2.22,N
43.29281,-79.98691,296.94,0.4,0.6,2025-03-18,0809,N20,nominal,2.0NRT,270.59,0.9,N
46.30364,-94.99207,315.84,0.41,0.37,2025-03-18,0809,N20,nominal,2.0NRT,265.36,1.2,N
45.69148,-91.8389,295.4,0.39,0.36,2025-03-18,0809,N20,nominal,2.0NRT,265.82,0.42,N
42.813,-80.0955,295.78,0.41,0.61,2025-03-18,0809,N20,nominal,2.0NRT,270.2,1.45,N
42.81163,-80.09077,306.84,0.41,0.61,2025-03-18,0809,N20,nominal,2.0NRT,272.25,1.37,N
42.80777,-80.09827,335.17,0.41,0.61,2025-03-18,0809,N20,nominal,2.0NRT,274.92,3.72,N
42.8064,-80.09356,306.18,0.41,0.61,2025-03-18,0809,N20,nominal,2.0NRT,274.68,3.96,N
40.11169,-110.28246,303.32,0.59,0.7,2025-03-18,0811,N20,nominal,2.0NRT,272.72,0.86,N
42.80389,-80.10571,344.22,0.41,0.61,2025-03-18,0809,N20,nominal,2.0NRT,271.04,3.72,N
42.80254,-80.10101,305.63,0.41,0.61,2025-03-18,0809,N20,nominal,2.0NRT,272.32,3.72,N
42.81784,-81.32642,297.81,0.36,0.57,2025-03-18,0809,N20,nominal,2.0NRT,270.21,0.52,N
43.18576,-84.8446,296.5,0.48,0.48,2025-03-18,0809,N20,nominal,2.0NRT,272.49,0.77,N
42.31168,-82.0512,301.32,0.34,0.56,2025-03-18,0809,N20,nominal,2.0NRT,271.54,0.61,N
43.70359,-88.38731,298.25,0.49,0.4,2025-03-18,0809,N20,nominal,2.0NRT,276.09,1.01,N
42.30586,-83.15189,295.08,0.61,0.53,2025-03-18,0809,N20,nominal,2.0NRT,274,0.8,N
42.30122,-83.15408,310.25,0.61,0.53,2025-03-18,0809,N20,nominal,2.0NRT,276.15,3.21,N
42.29552,-83.17238,305.62,0.6,0.53,2025-03-18,0809,N20,nominal,2.0NRT,274.9,1.45,N
42.29372,-83.16544,295.23,0.6,0.53,2025-03-18,0809,N20,nominal,2.0NRT,273.95,1.45,N
41.75374,-81.28458,297.19,0.39,0.59,2025-03-18,0809,N20,nominal,2.0NRT,271.73,0.66,N
41.21648,-80.5135,304.17,0.44,0.62,2025-03-18,0809,N20,nominal,2.0NRT,269.33,1.1,N
41.47274,-81.66502,298.05,0.38,0.59,2025-03-18,0809,N20,nominal,2.0NRT,273.82,1.24,N
41.47502,-81.66637,302.03,0.38,0.59,2025-03-18,0809,N20,nominal,2.0NRT,274.61,1.13,N
41.46096,-81.67804,310.35,0.38,0.59,2025-03-18,0809,N20,nominal,2.0NRT,272.88,1.83,N
40.83348,-79.93916,298.43,0.48,0.65,2025-03-18,0809,N20,nominal,2.0NRT,269.49,0.89,N
41.46595,-83.3685,298.52,0.62,0.54,2025-03-18,0809,N20,nominal,2.0NRT,273.84,2.57,N
41.46861,-83.36671,308.35,0.62,0.54,2025-03-18,0809,N20,nominal,2.0NRT,275.27,2.61,N
41.56916,-84.04264,304.61,0.57,0.52,2025-03-18,0809,N20,nominal,2.0NRT,273.66,1.84,N
40.39573,-79.85564,332.91,0.5,0.66,2025-03-18,0809,N20,nominal,2.0NRT,274.27,2.67,N
40.39411,-79.85025,310.02,0.5,0.66,2025-03-18,0809,N20,nominal,2.0NRT,271.18,2.67,N
40.39906,-79.85715,307.3,0.5,0.66,2025-03-18,0809,N20,nominal,2.0NRT,270.72,2.05,N
40.39745,-79.85168,315.64,0.5,0.66,2025-03-18,0809,N20,nominal,2.0NRT,270.72,2.93,N
40.39325,-79.85945,307.02,0.5,0.66,2025-03-18,0809,N20,nominal,2.0NRT,274.06,2.26,N
40.39164,-79.854,303.92,0.5,0.66,2025-03-18,0809,N20,nominal,2.0NRT,273.04,2.07,N
40.75551,-81.43528,302.45,0.41,0.6,2025-03-18,0809,N20,nominal,2.0NRT,271.45,1.47,N
41.22408,-83.20863,319.69,0.32,0.55,2025-03-18,0809,N20,nominal,2.0NRT,277.16,1.45,N
40.22106,-79.79383,311.57,0.51,0.66,2025-03-18,0809,N20,nominal,2.0NRT,269.05,1.79,N
40.31518,-80.60835,304.04,0.46,0.63,2025-03-18,0809,N20,nominal,2.0NRT,270.67,1.92,N
40.30968,-80.61098,314.11,0.46,0.63,2025-03-18,0809,N20,nominal,2.0NRT,270.48,2.16,N
41.37143,-84.91628,296.8,0.52,0.5,2025-03-18,0809,N20,nominal,2.0NRT,276.86,3.92,N
41.3685,-84.92416,334.59,0.52,0.5,2025-03-18,0809,N20,nominal,2.0NRT,275.14,4.85,N
41.12062,-85.35042,296.97,0.51,0.49,2025-03-18,0809,N20,nominal,2.0NRT,276.87,1.02,N
41.41449,-88.18445,298.92,0.55,0.43,2025-03-18,0811,N20,nominal,2.0NRT,283.16,1.09,N
41.58541,-91.04398,298.65,0.43,0.38,2025-03-18,0811,N20,nominal,2.0NRT,276.79,0.47,N
41.48247,-90.8252,322.22,0.44,0.38,2025-03-18,0811,N20,nominal,2.0NRT,281.72,2.59,N
41.48001,-90.83145,306.03,0.44,0.38,2025-03-18,0811,N20,nominal,2.0NRT,279.16,1.59,N
42.08614,-97.36141,307.62,0.43,0.38,2025-03-18,0811,N20,nominal,2.0NRT,277.5,1.03,N
42.08268,-97.36221,301.54,0.43,0.38,2025-03-18,0811,N20,nominal,2.0NRT,278.93,1.03,N
40.54094,-90.05038,296.64,0.48,0.4,2025-03-18,0811,N20,nominal,2.0NRT,277.74,0.75,N
40.89818,-92.77872,326.6,0.4,0.37,2025-03-18,0811,N20,nominal,2.0NRT,284.82,2.47,N
40.89738,-92.77409,334.88,0.4,0.37,2025-03-18,0811,N20,nominal,2.0NRT,284.2,3.3,N
40.89898,-92.78336,311.11,0.4,0.37,2025-03-18,0811,N20,nominal,2.0NRT,282.53,2.47,N
40.89568,-92.78436,323.82,0.4,0.37,2025-03-18,0811,N20,nominal,2.0NRT,282.87,1.49,N
40.89488,-92.77972,303.19,0.4,0.37,2025-03-18,0811,N20,nominal,2.0NRT,282.89,1.49,N
40.83394,-92.78077,306.45,0.4,0.37,2025-03-18,0811,N20,nominal,2.0NRT,283.14,0.82,N
40.83064,-92.78177,308.22,0.4,0.37,2025-03-18,0811,N20,nominal,2.0NRT,282.4,0.82,N
40.58186,-93.19749,297.28,0.39,0.36,2025-03-18,0811,N20,nominal,2.0NRT,279.3,0.6,N
40.55891,-93.22126,308.43,0.39,0.36,2025-03-18,0811,N20,nominal,2.0NRT,280.16,0.9,N
41.00585,-96.15197,308.96,0.4,0.37,2025-03-18,0811,N20,nominal,2.0NRT,281.8,0.76,N
40.26233,-92.79255,297.64,0.4,0.37,2025-03-18,0811,N20,nominal,2.0NRT,282.06,0.63,N
40.15334,-92.59033,325.14,0.41,0.37,2025-03-18,0811,N20,nominal,2.0NRT,283.29,1.5,N
40.15001,-92.59133,299.41,0.41,0.37,2025-03-18,0811,N20,nominal,2.0NRT,281.95,1.5,N
41.27008,-105.60296,298.96,0.45,0.63,2025-03-18,0952,N20,nominal,2.0NRT,273.19,1.55,N
41.26904,-105.60641,297.92,0.45,0.63,2025-03-18,0952,N20,nominal,2.0NRT,270.51,1.86,N
47.56728,-122.34422,295.49,0.68,0.74,2025-03-18,1132,N20,nominal,2.0NRT,272.45,0.88,N
40.03576,-74.77674,349.36,0.38,0.36,2025-03-18,1752,N20,nominal,2.0NRT,293.5,6.26,D
40.37448,-76.15094,327.11,0.39,0.36,2025-03-18,1754,N20,nominal,2.0NRT,293.45,1.36,D
40.29303,-77.27575,333.44,0.41,0.37,2025-03-18,1754,N20,nominal,2.0NRT,292.61,2.36,D
40.44883,-76.50932,329.52,0.4,0.37,2025-03-18,1754,N20,nominal,2.0NRT,292.84,1.84,D
40.56074,-75.86945,330.76,0.39,0.36,2025-03-18,1754,N20,nominal,2.0NRT,295.4,1.45,D
40.56402,-75.87036,328.47,0.39,0.36,2025-03-18,1754,N20,nominal,2.0NRT,293.01,1.45,D
40.04278,-79.13943,328.12,0.47,0.4,2025-03-18,1754,N20,nominal,2.0NRT,291.61,2.01,D
40.71428,-76.41788,330.68,0.39,0.36,2025-03-18,1754,N20,nominal,2.0NRT,294.65,4.38,D
40.81416,-76.45486,339.7,0.39,0.36,2025-03-18,1754,N20,nominal,2.0NRT,291.29,2.37,D
40.81745,-76.4558,341.43,0.39,0.36,2025-03-18,1754,N20,nominal,2.0NRT,289.92,2.37,D
40.39156,-79.85151,334.26,0.49,0.41,2025-03-18,1754,N20,nominal,2.0NRT,296.71,3.63,D
40.3952,-79.85271,328.44,0.49,0.41,2025-03-18,1754,N20,nominal,2.0NRT,296.37,2.32,D
40.40102,-80.21941,326.16,0.51,0.41,2025-03-18,1754,N20,nominal,2.0NRT,293.56,2.43,D
40.89014,-77.70966,332.21,0.41,0.37,2025-03-18,1754,N20,nominal,2.0NRT,292.86,2.21,D
41.51812,-74.14483,343.69,0.39,0.36,2025-03-18,1754,N20,nominal,2.0NRT,290.47,5.4,D
41.08017,-77.93797,333.21,0.42,0.38,2025-03-18,1754,N20,nominal,2.0NRT,294.12,2.86,D
40.61255,-82.94208,344.32,0.45,0.47,2025-03-18,1754,N20,nominal,2.0NRT,290.51,5.61,D
40.59404,-83.24178,326.78,0.47,0.47,2025-03-18,1754,N20,nominal,2.0NRT,291.38,2.41,D
42.11136,-76.17683,335.34,0.39,0.36,2025-03-18,1754,N20,nominal,2.0NRT,292.16,3.32,D
42.44384,-74.00735,328.16,0.4,0.37,2025-03-18,1754,N20,nominal,2.0NRT,286.56,2.59,D
42.44319,-74.01208,342.2,0.4,0.37,2025-03-18,1754,N20,nominal,2.0NRT,291.49,2.59,D
42.20668,-76.52128,335.97,0.39,0.36,2025-03-18,1754,N20,nominal,2.0NRT,290.23,3.9,D
42.21071,-76.51756,340.6,0.39,0.36,2025-03-18,1754,N20,nominal,2.0NRT,290.16,4.13,D
42.18457,-76.84625,338.9,0.39,0.36,2025-03-18,1754,N20,nominal,2.0NRT,288.4,1.17,D
42.30673,-77.03651,332.17,0.39,0.36,2025-03-18,1754,N20,nominal,2.0NRT,286.78,15.01,D
42.38226,-76.59882,328.81,0.39,0.36,2025-03-18,1754,N20,nominal,2.0NRT,286.73,1.68,D
41.45066,-81.67252,331.1,0.56,0.43,2025-03-18,1754,N20,nominal,2.0NRT,295.69,5.02,D
41.46355,-81.67037,332.19,0.56,0.43,2025-03-18,1754,N20,nominal,2.0NRT,293.95,4.89,D
42.83876,-73.83112,338.46,0.4,0.37,2025-03-18,1754,N20,nominal,2.0NRT,289,2.12,D
42.8381,-73.83598,336.65,0.4,0.37,2025-03-18,1754,N20,nominal,2.0NRT,288.01,2.12,D
42.84144,-73.83682,335.02,0.4,0.37,2025-03-18,1754,N20,nominal,2.0NRT,287.51,2.12,D
41.99257,-79.35235,329.27,0.45,0.39,2025-03-18,1754,N20,nominal,2.0NRT,286.71,2.72,D
42.88169,-74.97377,328.13,0.39,0.36,2025-03-18,1754,N20,nominal,2.0NRT,289.39,2.35,D
41.4379,-82.96549,338.37,0.43,0.46,2025-03-18,1754,N20,nominal,2.0NRT,288.07,11.32,D
42.65681,-76.9296,342.83,0.39,0.36,2025-03-18,1754,N20,nominal,2.0NRT,290.59,3.44,D
42.65933,-76.93527,341.84,0.39,0.36,2025-03-18,1754,N20,nominal,2.0NRT,289.08,4.22,D
43.07339,-74.31925,340.8,0.39,0.36,2025-03-18,1754,N20,nominal,2.0NRT,285.68,2.32,D
40.61383,-86.788,354.19,0.35,0.57,2025-03-18,1754,N20,nominal,2.0NRT,292.19,4.52,D
40.82478,-86.99085,348.87,0.35,0.57,2025-03-18,1754,N20,nominal,2.0NRT,294.96,4.7,D
41.56401,-84.0427,327.32,0.48,0.48,2025-03-18,1754,N20,nominal,2.0NRT,291.14,3.37,D
41.56826,-84.04446,332.57,0.48,0.48,2025-03-18,1754,N20,nominal,2.0NRT,293.26,3.37,D
41.56796,-84.04556,341,0.48,0.48,2025-03-18,1754,N20,nominal,2.0NRT,293.76,7.4,D
40.82658,-86.98992,342.18,0.35,0.57,2025-03-18,1754,N20,nominal,2.0NRT,293.97,3.09,D
43.10961,-76.84194,327.1,0.39,0.36,2025-03-18,1754,N20,nominal,2.0NRT,288.61,2.07,D
42.9756,-77.87119,326.87,0.4,0.37,2025-03-18,1754,N20,nominal,2.0NRT,293.61,3.44,D
40.98678,-87.50608,331.74,0.37,0.58,2025-03-18,1754,N20,nominal,2.0NRT,290.63,5.78,D
40.98566,-87.51027,346.9,0.37,0.58,2025-03-18,1754,N20,nominal,2.0NRT,290.33,5.78,D
40.98453,-87.51444,346.45,0.37,0.58,2025-03-18,1754,N20,nominal,2.0NRT,292.62,6.17,D
40.99184,-87.50847,332.51,0.37,0.58,2025-03-18,1754,N20,nominal,2.0NRT,290.55,3.22,D
40.99072,-87.51263,325.73,0.37,0.58,2025-03-18,1754,N20,nominal,2.0NRT,291.63,3.22,D
40.98958,-87.51683,334.42,0.37,0.58,2025-03-18,1754,N20,nominal,2.0NRT,291.06,5.89,D
40.98845,-87.52106,353.82,0.37,0.58,2025-03-18,1754,N20,nominal,2.0NRT,292.22,5.89,D
40.99691,-87.51083,331.94,0.37,0.58,2025-03-18,1754,N20,nominal,2.0NRT,288.07,3.22,D
40.99578,-87.51501,349.33,0.37,0.58,2025-03-18,1754,N20,nominal,2.0NRT,292.83,3.22,D
41.00083,-87.51744,341.27,0.37,0.58,2025-03-18,1754,N20,nominal,2.0NRT,289.8,3.1,D
43.28693,-77.85708,347.11,0.4,0.37,2025-03-18,1754,N20,nominal,2.0NRT,289.22,3.28,D
41.22377,-87.2571,334.22,0.35,0.57,2025-03-18,1754,N20,nominal,2.0NRT,286.25,3.72,D
43.26551,-79.80752,327.24,0.45,0.39,2025-03-18,1754,N20,nominal,2.0NRT,293.46,3.41,D
44.35868,-75.4269,338.16,0.39,0.36,2025-03-18,1754,N20,nominal,2.0NRT,289.61,1.74,D
44.42337,-75.37788,339.29,0.39,0.36,2025-03-18,1754,N20,nominal,2.0NRT,288.1,1.68,D
44.372,-78.60168,337.42,0.4,0.37,2025-03-18,1754,N20,nominal,2.0NRT,276.61,3.92,D
45.35956,-74.5186,325.61,0.4,0.37,2025-03-18,1754,N20,nominal,2.0NRT,276.25,2.43,D
45.61097,-74.7113,328.61,0.4,0.37,2025-03-18,1754,N20,nominal,2.0NRT,280.67,3.26,D
45.41943,-76.23568,328.67,0.38,0.36,2025-03-18,1754,N20,nominal,2.0NRT,282.38,3.44,D
45.83598,-73.24892,326.13,0.43,0.38,2025-03-18,1754,N20,nominal,2.0NRT,290.23,3.26,D
43.09957,-90.81698,338.81,0.47,0.64,2025-03-18,1754,N20,nominal,2.0NRT,282.08,9.33,D
43.10117,-90.81167,356.42,0.47,0.64,2025-03-18,1754,N20,low,2.0NRT,285.39,9.33,D
43.09784,-90.86538,325.44,0.47,0.64,2025-03-18,1754,N20,nominal,2.0NRT,280.94,1.71,D
43.49062,-92.64381,334.07,0.55,0.68,2025-03-18,1756,N20,nominal,2.0NRT,286.4,11.92,D
43.49065,-92.63961,352.9,0.55,0.68,2025-03-18,1756,N20,nominal,2.0NRT,285.18,9.47,D
40.01079,-85.3728,355.62,0.53,0.67,2025-03-18,1934,N20,nominal,2.0NRT,296.34,16.6,D
40.01472,-85.37322,367,0.53,0.67,2025-03-18,1934,N20,high,2.0NRT,295,21.54,D
40.27612,-83.23491,336.63,0.7,0.75,2025-03-18,1934,N20,nominal,2.0NRT,289.32,6.54,D
40.27602,-83.24335,335.81,0.69,0.75,2025-03-18,1934,N20,nominal,2.0NRT,290.09,6.54,D
40.27542,-83.24157,352.36,0.7,0.75,2025-03-18,1934,N20,nominal,2.0NRT,291.31,9.92,D
40.32204,-87.3046,349.72,0.42,0.61,2025-03-18,1934,N20,nominal,2.0NRT,292.38,14.01,D
40.32227,-87.29934,356.06,0.42,0.61,2025-03-18,1934,N20,low,2.0NRT,287.64,14.01,D
40.12689,-93.8931,336.69,0.57,0.43,2025-03-18,1934,N20,nominal,2.0NRT,277.78,7.28,D
40.05719,-95.4043,327.3,0.49,0.4,2025-03-18,1934,N20,nominal,2.0NRT,296.11,2.8,D
40.05854,-95.40668,326.89,0.49,0.4,2025-03-18,1934,N20,low,2.0NRT,298.59,2.93,D
40.41034,-92.15575,339.17,0.47,0.48,2025-03-18,1934,N20,nominal,2.0NRT,287.55,5.33,D
40.99049,-87.50654,334.86,0.42,0.61,2025-03-18,1934,N20,nominal,2.0NRT,288.38,4.71,D
41.38305,-87.40186,335.02,0.43,0.62,2025-03-18,1934,N20,nominal,2.0NRT,281.98,3.35,D
41.3849,-87.40098,334.89,0.43,0.62,2025-03-18,1934,N20,nominal,2.0NRT,280.7,2.93,D
40.87232,-95.81019,335.63,0.48,0.4,2025-03-18,1934,N20,nominal,2.0NRT,302.95,4.71,D
40.87167,-95.81591,342.3,0.48,0.4,2025-03-18,1934,N20,nominal,2.0NRT,301.8,4.71,D
40.86159,-95.82779,332.71,0.48,0.4,2025-03-18,1934,N20,low,2.0NRT,303.39,3.82,D
40.87083,-95.81207,333.35,0.48,0.4,2025-03-18,1934,N20,nominal,2.0NRT,302.9,3.74,D
40.8745,-95.81278,338.4,0.48,0.4,2025-03-18,1934,N20,nominal,2.0NRT,302.46,3.74,D
40.70485,-97.48742,367,0.42,0.38,2025-03-18,1934,N20,high,2.0NRT,303.03,10.83,D
40.70422,-97.49239,332.62,0.42,0.38,2025-03-18,1934,N20,nominal,2.0NRT,300.11,2.77,D
40.70766,-97.49315,333.53,0.42,0.38,2025-03-18,1934,N20,nominal,2.0NRT,300.42,3.1,D
40.7111,-97.49391,331.51,0.42,0.38,2025-03-18,1934,N20,nominal,2.0NRT,299.23,3.1,D
40.84148,-96.93945,330.04,0.44,0.38,2025-03-18,1934,N20,nominal,2.0NRT,290.88,2.74,D
41.61658,-87.25542,331.35,0.44,0.62,2025-03-18,1934,N20,nominal,2.0NRT,282.97,2.68,D
41.33643,-93.4911,326.09,0.41,0.45,2025-03-18,1934,N20,nominal,2.0NRT,295.27,1.93,D
41.83008,-85.53046,339.64,0.54,0.68,2025-03-18,1934,N20,nominal,2.0NRT,288.5,8.51,D
41.7345,-92.18581,346.15,0.48,0.48,2025-03-18,1934,N20,nominal,2.0NRT,277.88,19.53,D
41.39529,-95.94601,338.99,0.48,0.4,2025-03-18,1934,N20,nominal,2.0NRT,285.74,5.26,D
41.394,-95.94734,339.9,0.48,0.4,2025-03-18,1934,N20,nominal,2.0NRT,284.91,7.36,D
41.89976,-95.94753,354.37,0.49,0.4,2025-03-18,1934,N20,nominal,2.0NRT,294.16,9.88,D
41.91716,-96.09369,338.68,0.48,0.4,2025-03-18,1934,N20,nominal,2.0NRT,298.45,3.67,D
41.9163,-96.08962,328.44,0.48,0.4,2025-03-18,1934,N20,nominal,2.0NRT,298.4,2.1,D
41.91566,-96.09544,328.48,0.48,0.4,2025-03-18,1934,N20,nominal,2.0NRT,298.39,2.1,D
42.1097,-94.25373,335.32,0.39,0.44,2025-03-18,1934,N20,nominal,2.0NRT,277.87,5.89,D
42.91438,-89.6613,343.7,0.33,0.56,2025-03-18,1934,N20,nominal,2.0NRT,276.6,3.39,D
42.91953,-89.66177,353.99,0.33,0.56,2025-03-18,1934,N20,nominal,2.0NRT,267.91,3.39,D
43.12132,-88.91254,339.86,0.37,0.58,2025-03-18,1934,N20,nominal,2.0NRT,267.47,3.71,D
43.11948,-89.67008,338.74,0.34,0.56,2025-03-18,1934,N20,nominal,2.0NRT,281.33,2.47,D
43.12463,-89.67067,331.82,0.34,0.56,2025-03-18,1934,N20,nominal,2.0NRT,282.57,2.49,D
43.17906,-89.89819,355.55,0.33,0.55,2025-03-18,1934,N20,nominal,2.0NRT,284.01,12.44,D
43.17669,-89.90508,332.32,0.33,0.55,2025-03-18,1934,N20,nominal,2.0NRT,280.66,9.35,D
43.2154,-90.86514,337,0.58,0.52,2025-03-18,1934,N20,nominal,2.0NRT,285.71,6.05,D
43.40878,-89.68741,336.24,0.34,0.56,2025-03-18,1934,N20,nominal,2.0NRT,287.54,4,D
43.40856,-89.69191,345.21,0.34,0.56,2025-03-18,1934,N20,nominal,2.0NRT,287.92,7.25,D
43.40811,-89.70086,355.67,0.34,0.56,2025-03-18,1934,N20,nominal,2.0NRT,291.16,9.47,D
43.40833,-89.69643,356.31,0.34,0.56,2025-03-18,1934,N20,low,2.0NRT,288.11,7.25,D
43.56115,-89.67908,327.08,0.34,0.56,2025-03-18,1936,N20,nominal,2.0NRT,289.83,4.06,D
43.56093,-89.6833,354.05,0.34,0.56,2025-03-18,1936,N20,nominal,2.0NRT,294.65,4.06,D
43.4887,-92.64792,346.18,0.48,0.48,2025-03-18,1936,N20,nominal,2.0NRT,292.89,7.66,D
44.05751,-93.56609,350.71,0.44,0.46,2025-03-18,1936,N20,nominal,2.0NRT,297.91,49.44,D
44.06177,-93.56673,343.56,0.44,0.46,2025-03-18,1936,N20,nominal,2.0NRT,290.69,18.47,D
44.50944,-92.28246,326.19,0.51,0.49,2025-03-18,1936,N20,nominal,2.0NRT,284.62,7.57,D
44.49288,-93.40445,330.75,0.45,0.47,2025-03-18,1936,N20,nominal,2.0NRT,285.89,2.88,D
47.16555,-117.61548,338.18,0.41,0.6,2025-03-18,1938,N20,nominal,2.0NRT,284.74,2.4,D
47.16516,-117.6178,329.68,0.4,0.6,2025-03-18,1938,N20,nominal,2.0NRT,285.02,3.56,D
46.74124,-119.14417,329.95,0.49,0.65,2025-03-18,1938,N20,nominal,2.0NRT,291.63,2.12,D
46.76595,-119.64217,337.9,0.51,0.66,2025-03-18,1938,N20,nominal,2.0NRT,290.35,4.78,D
46.78186,-119.61359,354.84,0.51,0.66,2025-03-18,1938,N20,nominal,2.0NRT,290.54,7.25,D
46.76153,-119.64091,327.98,0.51,0.66,2025-03-18,1938,N20,nominal,2.0NRT,290.63,3.12,D
46.77755,-119.61265,367,0.51,0.66,2025-03-18,1938,N20,high,2.0NRT,292.74,8.95,D
46.71085,-119.87851,343.74,0.52,0.67,2025-03-18,1938,N20,nominal,2.0NRT,290.07,5.57,D
46.92125,-119.61559,334.34,0.5,0.66,2025-03-18,1938,N20,nominal,2.0NRT,290.87,2.64,D
52.34389,-113.12584,329.32,0.57,0.43,2025-03-18,1938,N20,nominal,2.0NRT,276.92,10.34,D
53.81361,-115.77695,333.58,0.43,0.46,2025-03-18,1938,N20,nominal,2.0NRT,273.23,2.53,D
53.8175,-115.77976,332.35,0.43,0.46,2025-03-18,1938,N20,nominal,2.0NRT,274.38,4.4,D
53.81472,-115.77796,336.53,0.43,0.46,2025-03-18,1938,N20,nominal,2.0NRT,274.53,4.75,D
47.23899,-119.97632,327.7,0.43,0.46,2025-03-18,2118,N20,nominal,2.0NRT,288.25,1.72,D
47.36007,-119.53217,329.62,0.45,0.47,2025-03-18,2118,N20,nominal,2.0NRT,287.4,2.28,D
48.10606,-119.71787,329.12,0.45,0.47,2025-03-18,2118,N20,nominal,2.0NRT,291.36,2.41,D
48.59685,-119.54141,336.47,0.46,0.47,2025-03-18,2118,N20,nominal,2.0NRT,292.48,4.65,D
53.00259,-122.64059,336.97,0.38,0.44,2025-03-18,2121,N20,nominal,2.0NRT,276.8,3.49,D
40.87151,-122.35791,331.36,0.44,0.38,2025-03-18,2116,N20,nominal,2.0NRT,281.87,3.42,D
42.3059,-122.96613,329.93,0.43,0.38,2025-03-18,2116,N20,nominal,2.0NRT,281.74,4.62,D
42.30458,-122.97669,332.84,0.43,0.38,2025-03-18,2116,N20,nominal,2.0NRT,284.97,3.66,D
44.66194,-120.25525,331.6,0.39,0.44,2025-03-18,2116,N20,nominal,2.0NRT,281.37,2.31,D
45.72538,-119.28802,334.01,0.44,0.46,2025-03-18,2118,N20,nominal,2.0NRT,290.43,2.15,D
46.25861,-118.69426,367,0.47,0.48,2025-03-18,2118,N20,high,2.0NRT,291.7,7.45,D
46.25908,-118.68807,344.03,0.48,0.48,2025-03-18,2118,N20,nominal,2.0NRT,287.99,7.45,D
46.33903,-120.48891,326.05,0.39,0.44,2025-03-18,2118,N20,nominal,2.0NRT,297.26,3.13,D
46.35175,-120.48418,326.48,0.4,0.44,2025-03-18,2118,N20,nominal,2.0NRT,296.11,1.43,D
46.48582,-120.35876,330.07,0.4,0.44,2025-03-18,2118,N20,nominal,2.0NRT,292.5,1.93,D
46.48354,-120.52731,339.05,0.39,0.44,2025-03-18,2118,N20,nominal,2.0NRT,292.85,2.96,D
46.52843,-120.34592,332.78,0.4,0.44,2025-03-18,2118,N20,nominal,2.0NRT,292.59,1.01,D
46.70898,-119.88195,339.6,0.42,0.45,2025-03-18,2118,N20,nominal,2.0NRT,295.33,5.01,D
46.71364,-119.87711,340.23,0.42,0.45,2025-03-18,2118,N20,nominal,2.0NRT,293.96,3.25,D
46.70958,-119.87891,339.82,0.42,0.46,2025-03-18,2118,N20,nominal,2.0NRT,295,6.56,D
46.71377,-119.87964,347.83,0.42,0.46,2025-03-18,2118,N20,nominal,2.0NRT,293.28,6.56,D
46.8848,-119.76864,326.13,0.43,0.46,2025-03-18,2118,N20,nominal,2.0NRT,293.57,2.93,D
46.92187,-119.62908,325.74,0.44,0.46,2025-03-18,2118,N20,nominal,2.0NRT,292.53,1.9,D
47.23878,-119.97478,327.46,0.43,0.46,2025-03-18,2118,N20,nominal,2.0NRT,288.18,1.73,D
43.27523,-79.80585,295.02,0.58,0.7,2025-03-19,0610,N20,nominal,2.0NRT,278.1,2.17,N
43.27514,-79.7986,295.64,0.58,0.7,2025-03-19,0610,N20,nominal,2.0NRT,276.37,1.2,N
43.26238,-79.81364,310.69,0.58,0.7,2025-03-19,0610,N20,nominal,2.0NRT,277.03,2.9,N
43.26233,-79.81187,312.93,0.58,0.7,2025-03-19,0610,N20,nominal,2.0NRT,276.92,2.73,N
42.80492,-80.10098,325.48,0.6,0.71,2025-03-19,0610,N20,nominal,2.0NRT,279.42,4.57,N
42.80616,-80.0987,324.18,0.6,0.71,2025-03-19,0610,N20,nominal,2.0NRT,280.3,4.99,N
42.79961,-80.09899,297.84,0.6,0.71,2025-03-19,0610,N20,nominal,2.0NRT,277.04,1.38,N
40.89387,-77.71335,322.25,0.44,0.62,2025-03-19,0612,N20,nominal,2.0NRT,273.92,2.8,N
40.89341,-77.71394,309.7,0.44,0.62,2025-03-19,0612,N20,nominal,2.0NRT,272.26,1.64,N
40.89318,-77.70869,299.89,0.44,0.62,2025-03-19,0612,N20,nominal,2.0NRT,273.15,1.5,N
40.6851,-76.3764,309.51,0.37,0.58,2025-03-19,0612,N20,nominal,2.0NRT,276.64,0.74,N
40.62352,-75.30861,295.15,0.32,0.55,2025-03-19,0612,N20,nominal,2.0NRT,274.95,0.69,N
40.48011,-74.32164,299.96,0.57,0.52,2025-03-19,0612,N20,nominal,2.0NRT,277.14,0.71,N
40.48071,-74.32082,299.09,0.57,0.52,2025-03-19,0612,N20,nominal,2.0NRT,277.09,1.51,N
40.39412,-79.86178,311.18,0.57,0.69,2025-03-19,0612,N20,nominal,2.0NRT,278.37,3.02,N
40.39396,-79.8549,316.75,0.57,0.69,2025-03-19,0612,N20,nominal,2.0NRT,278.89,4.01,N
40.23283,-76.8396,295.51,0.39,0.59,2025-03-19,0612,N20,nominal,2.0NRT,277.69,0.84,N
40.31244,-80.61155,307.4,0.62,0.71,2025-03-19,0612,N20,nominal,2.0NRT,276.25,1.16,N
43.27387,-79.79613,304.91,0.49,0.49,2025-03-19,0752,N20,nominal,2.0NRT,277,1.88,N
43.27102,-79.80388,298.84,0.49,0.48,2025-03-19,0752,N20,nominal,2.0NRT,279.88,1.05,N
43.26677,-79.80582,303.52,0.49,0.48,2025-03-19,0752,N20,nominal,2.0NRT,278.87,1.05,N
43.26251,-79.80774,325.53,0.49,0.48,2025-03-19,0752,N20,nominal,2.0NRT,280.64,2.84,N
41.97132,-75.80167,298.82,0.41,0.61,2025-03-19,0752,N20,nominal,2.0NRT,274.67,0.11,N
42.80751,-80.10011,307.59,0.49,0.48,2025-03-19,0752,N20,nominal,2.0NRT,277.53,1.83,N
42.80613,-80.09444,303.97,0.49,0.48,2025-03-19,0752,N20,nominal,2.0NRT,279.83,1.44,N
42.80326,-80.10197,312.26,0.49,0.48,2025-03-19,0752,N20,nominal,2.0NRT,277.19,1.83,N
42.80049,-80.09061,299.62,0.49,0.48,2025-03-19,0752,N20,nominal,2.0NRT,276.02,1.44,N
42.80684,-80.0952,310.91,0.49,0.48,2025-03-19,0752,N20,nominal,2.0NRT,280.36,2.63,N
42.80394,-80.10275,307.34,0.49,0.48,2025-03-19,0752,N20,nominal,2.0NRT,276.72,2.63,N
42.80124,-80.09137,304.01,0.49,0.48,2025-03-19,0752,N20,nominal,2.0NRT,276.29,0.85,N
40.68494,-76.37407,309.17,0.42,0.61,2025-03-19,0752,N20,nominal,2.0NRT,276.69,0.79,N
40.89499,-77.71062,312.62,0.36,0.57,2025-03-19,0752,N20,nominal,2.0NRT,272.71,1.18,N
41.75164,-81.28498,301.78,0.45,0.47,2025-03-19,0752,N20,nominal,2.0NRT,283.23,1.03,N
41.21968,-80.50884,297.71,0.51,0.49,2025-03-19,0752,N20,nominal,2.0NRT,275.05,0.88,N
41.21532,-80.51061,296.75,0.51,0.49,2025-03-19,0752,N20,nominal,2.0NRT,276.37,0.88,N
41.21794,-80.51133,304.52,0.51,0.49,2025-03-19,0752,N20,nominal,2.0NRT,276.35,1.69,N
41.46582,-81.67406,307.91,0.44,0.46,2025-03-19,0752,N20,nominal,2.0NRT,271.93,1.44,N
41.46175,-81.67573,324.01,0.44,0.46,2025-03-19,0752,N20,nominal,2.0NRT,270.5,1.44,N
40.23156,-76.83765,306.38,0.41,0.61,2025-03-19,0752,N20,nominal,2.0NRT,277.1,1.24,N
41.45356,-81.67905,306.73,0.44,0.46,2025-03-19,0752,N20,nominal,2.0NRT,272.43,0.93,N
40.8354,-79.93839,319.53,0.55,0.51,2025-03-19,0752,N20,nominal,2.0NRT,276.77,1.86,N
40.39788,-79.85741,313.27,0.57,0.52,2025-03-19,0752,N20,nominal,2.0NRT,278,1.6,N
40.39626,-79.85099,295.19,0.57,0.52,2025-03-19,0752,N20,nominal,2.0NRT,277.22,1.6,N
40.39325,-79.85911,315.19,0.57,0.52,2025-03-19,0752,N20,nominal,2.0NRT,279.27,2.55,N
40.39163,-79.85271,307.15,0.57,0.52,2025-03-19,0752,N20,nominal,2.0NRT,277.43,2.55,N
40.39078,-79.85412,320.89,0.57,0.52,2025-03-19,0752,N20,nominal,2.0NRT,278.08,2.1,N
40.34259,-79.90434,295.53,0.57,0.52,2025-03-19,0752,N20,nominal,2.0NRT,276.23,1.46,N
40.30526,-79.87646,300.32,0.58,0.52,2025-03-19,0752,N20,nominal,2.0NRT,281.8,1.46,N
41.36974,-84.91589,296.2,0.48,0.4,2025-03-19,0752,N20,nominal,2.0NRT,268.19,1.85,N
41.36728,-84.92273,342.66,0.48,0.4,2025-03-19,0752,N20,nominal,2.0NRT,271.02,6.71,N
40.31047,-80.60684,329.96,0.53,0.5,2025-03-19,0752,N20,nominal,2.0NRT,278.47,4.04,N
41.11982,-85.35305,312.43,0.47,0.39,2025-03-19,0752,N20,nominal,2.0NRT,262.71,1.93,N
40.93519,-87.33523,297.7,0.41,0.37,2025-03-19,0752,N20,nominal,2.0NRT,279.81,0.52,N
40.92601,-87.3431,301.33,0.41,0.37,2025-03-19,0752,N20,nominal,2.0NRT,280.81,0.71,N
41.4837,-90.82414,312.47,0.39,0.36,2025-03-19,0752,N20,nominal,2.0NRT,282.56,1.67,N
40.73376,-86.43191,302.39,0.43,0.38,2025-03-19,0752,N20,nominal,2.0NRT,274.8,1.12,N
41.03348,-91.88422,296.47,0.41,0.37,2025-03-19,0752,N20,nominal,2.0NRT,280.5,0.51,N
40.41867,-89.89507,296.59,0.38,0.36,2025-03-19,0752,N20,nominal,2.0NRT,282.69,0.84,N
40.39562,-91.98502,300.39,0.4,0.37,2025-03-19,0752,N20,nominal,2.0NRT,281.3,0.48,N
40.44137,-93.06284,296.47,0.43,0.38,2025-03-19,0752,N20,nominal,2.0NRT,277.65,0.62,N
54.15678,-108.28095,323.72,0.39,0.36,2025-03-19,0930,N20,nominal,2.0NRT,271.48,3.2,N
50.5168,-104.63017,320.32,0.52,0.42,2025-03-19,0932,N20,nominal,2.0NRT,264.12,4.33,N
42.68484,-111.59346,328.13,0.42,0.38,2025-03-19,0934,N20,nominal,2.0NRT,263.15,5.98,N
58.47697,-114.51865,322.49,0.5,0.41,2025-03-19,0930,N20,nominal,2.0NRT,249.84,2.2,N
43.14812,-115.66543,303.82,0.39,0.36,2025-03-19,0934,N20,nominal,2.0NRT,266.72,0.72,N
41.87603,-112.19257,295.95,0.41,0.37,2025-03-19,0934,N20,nominal,2.0NRT,268.22,0.42,N
40.82192,-114.25593,296.08,0.39,0.36,2025-03-19,0934,N20,nominal,2.0NRT,268.32,0.76,N
53.24437,-115.67455,326.29,0.5,0.66,2025-03-19,1110,N20,nominal,2.0NRT,260.95,2.9,N
40.40466,-74.90854,338.14,0.49,0.4,2025-03-19,1734,N20,nominal,2.0NRT,296.3,2.92,D
40.82991,-72.95063,325.47,0.42,0.37,2025-03-19,1734,N20,nominal,2.0NRT,296.75,2.35,D
40.7019,-74.47572,334.24,0.46,0.39,2025-03-19,1734,N20,nominal,2.0NRT,294.18,3.27,D
41.38394,-71.74025,336.69,0.39,0.36,2025-03-19,1734,N20,nominal,2.0NRT,295.61,1.85,D
41.41209,-71.58942,333.99,0.39,0.36,2025-03-19,1734,N20,nominal,2.0NRT,293.42,2.09,D
41.40847,-71.73773,346.1,0.39,0.36,2025-03-19,1734,N20,nominal,2.0NRT,296.26,2.71,D
41.41176,-71.73868,356.04,0.39,0.36,2025-03-19,1734,N20,low,2.0NRT,297.93,8.29,D
41.43682,-71.77491,332.16,0.39,0.36,2025-03-19,1734,N20,nominal,2.0NRT,294.91,1.77,D
41.43607,-71.77953,336.37,0.39,0.36,2025-03-19,1734,N20,nominal,2.0NRT,294.93,1.77,D
41.43531,-71.78416,337.13,0.39,0.36,2025-03-19,1734,N20,nominal,2.0NRT,295.03,1.51,D
41.44011,-71.77586,342.71,0.39,0.36,2025-03-19,1734,N20,nominal,2.0NRT,296.79,7.42,D
41.61179,-71.1559,345.68,0.39,0.36,2025-03-19,1734,N20,nominal,2.0NRT,296.9,2.65,D
41.62579,-71.64312,348.64,0.39,0.36,2025-03-19,1734,N20,nominal,2.0NRT,294.37,7.08,D
41.63056,-71.63486,336.23,0.39,0.36,2025-03-19,1734,N20,nominal,2.0NRT,293.63,2.14,D
41.62981,-71.63947,333.37,0.39,0.36,2025-03-19,1734,N20,nominal,2.0NRT,291.93,2.14,D
41.6346,-71.6312,338.12,0.39,0.36,2025-03-19,1734,N20,nominal,2.0NRT,295.49,2.67,D
41.6331,-71.6404,342.36,0.39,0.36,2025-03-19,1734,N20,nominal,2.0NRT,297.01,14.62,D
41.63788,-71.63213,337.45,0.39,0.36,2025-03-19,1734,N20,nominal,2.0NRT,294.93,2.67,D
41.54653,-72.70655,325.19,0.4,0.37,2025-03-19,1734,N20,low,2.0NRT,295.46,1.23,D
41.74654,-71.93284,326.45,0.39,0.36,2025-03-19,1734,N20,nominal,2.0NRT,291.8,1.89,D
41.74984,-71.93381,336.78,0.39,0.36,2025-03-19,1734,N20,nominal,2.0NRT,295.98,3.23,D
41.90934,-71.24017,326.63,0.39,0.36,2025-03-19,1734,N20,nominal,2.0NRT,293.13,1.1,D
41.84362,-71.6927,337.99,0.39,0.36,2025-03-19,1734,N20,nominal,2.0NRT,293.78,2.1,D
41.8469,-71.69364,337.16,0.39,0.36,2025-03-19,1734,N20,nominal,2.0NRT,293.79,2.1,D
41.96428,-71.51801,345.83,0.39,0.36,2025-03-19,1734,N20,nominal,2.0NRT,295.08,3.93,D
41.96681,-71.52357,340.98,0.39,0.36,2025-03-19,1734,N20,nominal,2.0NRT,294.36,4.11,D
42.01026,-71.76152,344.23,0.39,0.36,2025-03-19,1734,N20,nominal,2.0NRT,299.49,17.65,D
40.89177,-77.70782,335.08,0.42,0.45,2025-03-19,1734,N20,nominal,2.0NRT,291.8,3.42,D
41.95428,-72.39056,329.58,0.4,0.37,2025-03-19,1734,N20,nominal,2.0NRT,293.73,3.43,D
41.90296,-72.79445,338.29,0.4,0.37,2025-03-19,1734,N20,nominal,2.0NRT,294,2.61,D
41.91295,-72.79752,346.09,0.4,0.37,2025-03-19,1734,N20,nominal,2.0NRT,295.57,3.29,D
41.91212,-72.80229,346,0.4,0.37,2025-03-19,1734,N20,nominal,2.0NRT,295.71,5.73,D
42.11139,-71.64584,345.34,0.39,0.36,2025-03-19,1734,N20,nominal,2.0NRT,294.8,2.59,D
42.04589,-72.43689,342.36,0.4,0.37,2025-03-19,1734,N20,nominal,2.0NRT,295.47,3.57,D
42.0373,-72.52871,355.24,0.4,0.37,2025-03-19,1734,N20,nominal,2.0NRT,298.52,7.6,D
42.03622,-72.65813,331.35,0.4,0.37,2025-03-19,1734,N20,nominal,2.0NRT,292.46,1.71,D
42.22506,-71.66294,341.02,0.39,0.36,2025-03-19,1734,N20,nominal,2.0NRT,295.46,2.82,D
42.12588,-72.33227,345.66,0.39,0.37,2025-03-19,1734,N20,nominal,2.0NRT,295.54,3.64,D
42.06718,-72.75084,347.05,0.4,0.37,2025-03-19,1734,N20,nominal,2.0NRT,295.75,4.09,D
42.15025,-72.42706,326.42,0.4,0.37,2025-03-19,1734,N20,nominal,2.0NRT,295.18,1.35,D
42.16798,-72.36295,325.88,0.39,0.37,2025-03-19,1734,N20,nominal,2.0NRT,295.02,0.92,D
42.14571,-72.49519,329.04,0.4,0.37,2025-03-19,1734,N20,nominal,2.0NRT,296.71,1.57,D
42.1385,-72.53777,340.82,0.4,0.37,2025-03-19,1734,N20,nominal,2.0NRT,296.06,2.56,D
42.16653,-72.39223,342.8,0.4,0.37,2025-03-19,1734,N20,nominal,2.0NRT,294.08,4.28,D
42.14901,-72.49619,335.46,0.4,0.37,2025-03-19,1734,N20,nominal,2.0NRT,297.58,1.93,D
42.14181,-72.53877,338.86,0.4,0.37,2025-03-19,1734,N20,nominal,2.0NRT,297.34,2.14,D
42.15493,-72.5229,342.31,0.4,0.37,2025-03-19,1734,N20,nominal,2.0NRT,297.66,2.22,D
42.23964,-72.03534,344.3,0.39,0.36,2025-03-19,1734,N20,nominal,2.0NRT,292.9,2.26,D
42.29427,-72.01727,336.13,0.39,0.36,2025-03-19,1734,N20,nominal,2.0NRT,294.46,2.74,D
42.15736,-73.28962,336.44,0.41,0.37,2025-03-19,1734,N20,nominal,2.0NRT,295.07,2.33,D
42.32123,-72.52946,336.4,0.4,0.37,2025-03-19,1734,N20,nominal,2.0NRT,296.25,2.7,D
42.35473,-72.47504,329.63,0.4,0.37,2025-03-19,1734,N20,nominal,2.0NRT,290.83,0.63,D
42.42418,-72.51619,343.47,0.4,0.37,2025-03-19,1734,N20,nominal,2.0NRT,293.36,2.22,D
42.42179,-72.53046,339.45,0.4,0.37,2025-03-19,1734,N20,nominal,2.0NRT,293.71,3.13,D
42.4276,-72.53725,337.45,0.4,0.37,2025-03-19,1734,N20,nominal,2.0NRT,291.64,1.24,D
42.55142,-71.95037,338.23,0.39,0.36,2025-03-19,1734,N20,nominal,2.0NRT,291.04,2.8,D
42.45931,-72.60933,331.74,0.4,0.37,2025-03-19,1734,N20,nominal,2.0NRT,295.39,6.36,D
42.55939,-72.58397,327.32,0.4,0.37,2025-03-19,1734,N20,nominal,2.0NRT,291.59,2.16,D
42.60154,-72.35316,336.99,0.39,0.36,2025-03-19,1734,N20,nominal,2.0NRT,294.26,2.34,D
42.58478,-72.55692,335.89,0.4,0.37,2025-03-19,1734,N20,nominal,2.0NRT,295.85,5.84,D
42.48413,-73.16583,349.24,0.41,0.37,2025-03-19,1734,N20,nominal,2.0NRT,295.73,4.25,D
42.60896,-72.47472,342.73,0.39,0.36,2025-03-19,1734,N20,nominal,2.0NRT,296.23,7.35,D
42.48902,-73.21866,331.71,0.41,0.37,2025-03-19,1734,N20,nominal,2.0NRT,296.43,2.59,D
42.49237,-73.21971,345.18,0.41,0.37,2025-03-19,1734,N20,nominal,2.0NRT,295.94,3.09,D
42.64425,-72.56776,329.5,0.4,0.37,2025-03-19,1734,N20,nominal,2.0NRT,292.16,1.73,D
41.24234,-85.77785,326.92,0.51,0.66,2025-03-19,1737,N20,nominal,2.0NRT,287.08,2.72,D
41.2375,-85.77723,328.47,0.51,0.66,2025-03-19,1737,N20,nominal,2.0NRT,287.64,2.57,D
43.26496,-78.2753,326.07,0.4,0.44,2025-03-19,1737,N20,nominal,2.0NRT,290.66,1.87,D
44.10188,-75.52754,325.67,0.45,0.39,2025-03-19,1737,N20,nominal,2.0NRT,285.84,4.06,D
44.10641,-75.52337,335.9,0.45,0.39,2025-03-19,1737,N20,nominal,2.0NRT,283.58,4.06,D
44.1132,-75.58475,340.67,0.45,0.39,2025-03-19,1737,N20,nominal,2.0NRT,287.94,4.6,D
43.7417,-80.49416,328.49,0.49,0.48,2025-03-19,1737,N20,nominal,2.0NRT,290.05,3.33,D
44.25153,-78.85349,332.05,0.4,0.44,2025-03-19,1737,N20,nominal,2.0NRT,288.31,3.69,D
46.04242,-73.14156,330.2,0.39,0.36,2025-03-19,1737,N20,nominal,2.0NRT,289.91,3.75,D
42.5159,-83.55772,344.38,0.39,0.59,2025-03-19,1915,N20,nominal,2.0NRT,292,4.28,D
42.58471,-82.5188,334.07,0.44,0.62,2025-03-19,1915,N20,nominal,2.0NRT,290.49,102.41,D
42.58433,-82.52968,327.92,0.44,0.62,2025-03-19,1915,N20,nominal,2.0NRT,292.11,32.36,D
42.59031,-82.52452,355.95,0.44,0.62,2025-03-19,1915,N20,nominal,2.0NRT,294.15,36.4,D
42.80874,-83.17507,338.09,0.41,0.61,2025-03-19,1915,N20,nominal,2.0NRT,289.53,3.34,D
42.80669,-83.17666,337.12,0.41,0.61,2025-03-19,1915,N20,nominal,2.0NRT,289.71,5.02,D
43.01985,-115.4753,332.99,0.72,0.76,2025-03-19,1917,N20,nominal,2.0NRT,283.8,4.78,D
43.02064,-115.4744,325.72,0.72,0.76,2025-03-19,1917,N20,nominal,2.0NRT,283.33,6.38,D
47.74561,-99.5239,337.53,0.39,0.36,2025-03-19,1917,N20,nominal,2.0NRT,279.43,3.02,D
47.35519,-101.83503,332.78,0.43,0.38,2025-03-19,1917,N20,nominal,2.0NRT,286.38,3.34,D
46.70061,-109.50683,332.51,0.6,0.53,2025-03-19,1917,N20,nominal,2.0NRT,273.72,6.25,D
45.54998,-113.94309,328.89,0.51,0.66,2025-03-19,1917,N20,nominal,2.0NRT,273.19,5.68,D
45.55089,-113.9613,331.73,0.51,0.66,2025-03-19,1917,N20,nominal,2.0NRT,271.61,3.74,D
45.56471,-113.98119,333,0.51,0.66,2025-03-19,1917,N20,nominal,2.0NRT,270.25,7.18,D
45.56139,-113.99162,345.92,0.51,0.66,2025-03-19,1917,N20,nominal,2.0NRT,270.09,5.96,D
45.57796,-113.98178,352.38,0.51,0.66,2025-03-19,1917,N20,nominal,2.0NRT,269.29,7.66,D
46.27157,-113.29079,351.99,0.45,0.63,2025-03-19,1917,N20,nominal,2.0NRT,271.71,7.82,D
46.27795,-113.29079,356.59,0.45,0.63,2025-03-19,1917,N20,low,2.0NRT,273.24,11.04,D
46.27368,-113.28819,348.67,0.45,0.63,2025-03-19,1917,N20,nominal,2.0NRT,271.31,7.53,D
46.27197,-113.29369,350.89,0.45,0.63,2025-03-19,1917,N20,nominal,2.0NRT,272.43,7.53,D
46.27837,-113.29365,326.36,0.45,0.63,2025-03-19,1917,N20,nominal,2.0NRT,272.43,2.45,D
46.80975,-111.89117,340.19,0.38,0.59,2025-03-19,1917,N20,nominal,2.0NRT,286.28,7.32,D
46.80829,-111.89625,355.37,0.38,0.59,2025-03-19,1917,N20,nominal,2.0NRT,294.58,7.32,D
46.80704,-111.89449,327.85,0.38,0.59,2025-03-19,1917,N20,nominal,2.0NRT,290.44,7.48,D
46.81224,-111.89685,355.98,0.38,0.59,2025-03-19,1917,N20,low,2.0NRT,288.2,7.48,D
54.81764,-113.97097,353.86,0.51,0.49,2025-03-19,1919,N20,nominal,2.0NRT,277.51,32.24,D
42.8554,-115.76875,346.99,0.54,0.42,2025-03-19,2057,N20,nominal,2.0NRT,305.68,65.9,D
43.0255,-115.45403,328.88,0.56,0.43,2025-03-19,2057,N20,nominal,2.0NRT,285.56,3.57,D
43.02944,-115.45474,352.4,0.56,0.43,2025-03-19,2057,N20,nominal,2.0NRT,288.73,14.57,D
44.23334,-116.93118,327.24,0.5,0.41,2025-03-19,2057,N20,nominal,2.0NRT,270.1,3.02,D
45.54538,-113.94883,336.57,0.47,0.47,2025-03-19,2057,N20,nominal,2.0NRT,277.8,3.95,D
45.56467,-113.98503,337.4,0.47,0.47,2025-03-19,2057,N20,nominal,2.0NRT,275.13,11.38,D
45.57061,-113.96562,351.02,0.47,0.47,2025-03-19,2057,N20,nominal,2.0NRT,278.76,8.84,D
45.57825,-113.9808,336.93,0.47,0.47,2025-03-19,2057,N20,nominal,2.0NRT,274.2,13.95,D
45.57771,-113.98756,331.31,0.47,0.47,2025-03-19,2057,N20,nominal,2.0NRT,274.65,9.53,D
46.79968,-111.89246,339.51,0.6,0.53,2025-03-19,2057,N20,nominal,2.0NRT,293,8.3,D
46.8017,-111.89198,328.67,0.6,0.53,2025-03-19,2057,N20,nominal,2.0NRT,292.99,10.07,D
46.81145,-111.89414,338.94,0.6,0.53,2025-03-19,2057,N20,nominal,2.0NRT,290.97,10.07,D
51.09964,-110.25238,325.09,0.39,0.59,2025-03-19,2059,N20,nominal,2.0NRT,282.1,1.58,D
51.19028,-115.50597,328.3,0.46,0.47,2025-03-19,2059,N20,nominal,2.0NRT,272.47,3.47,D
54.81438,-113.97379,355.49,0.57,0.52,2025-03-19,2059,N20,nominal,2.0NRT,279.78,25.35,D
54.61506,-118.38158,348.08,0.38,0.44,2025-03-19,2101,N20,nominal,2.0NRT,277.26,10.37,D
46.84705,-64.22434,315.73,0.56,0.43,2025-03-20,0550,N20,nominal,2.0NRT,270.85,1.74,N
46.84311,-64.22514,301.19,0.56,0.43,2025-03-20,0550,N20,nominal,2.0NRT,270.64,1.74,N
45.83681,-73.25265,305.74,0.49,0.65,2025-03-20,0553,N20,nominal,2.0NRT,273.75,1.75,N
45.84124,-73.25032,297.2,0.49,0.65,2025-03-20,0553,N20,nominal,2.0NRT,274.56,1.76,N
45.28128,-66.01968,296.32,0.43,0.46,2025-03-20,0553,N20,nominal,2.0NRT,275.41,0.63,N
40.89307,-77.71489,315.02,0.78,0.78,2025-03-20,0553,N20,nominal,2.0NRT,281.71,3.07,N
40.89131,-77.71334,313.62,0.78,0.78,2025-03-20,0553,N20,nominal,2.0NRT,282.09,3.31,N
40.68521,-76.37785,301.36,0.67,0.73,2025-03-20,0553,N20,nominal,2.0NRT,277.14,0.42,N
40.68376,-76.37727,298.41,0.66,0.73,2025-03-20,0553,N20,nominal,2.0NRT,277.3,0.5,N
47.20496,-95.9227,295.45,0.37,0.58,2025-03-20,0731,N20,nominal,2.0NRT,266.29,0.6,N
46.73213,-92.07539,296.14,0.48,0.48,2025-03-20,0731,N20,nominal,2.0NRT,257.84,0.47,N
44.12378,-75.57655,318.39,0.44,0.46,2025-03-20,0731,N20,nominal,2.0NRT,280.58,1.43,N
44.11972,-75.57839,322.14,0.44,0.46,2025-03-20,0731,N20,nominal,2.0NRT,279.39,1.43,N
42.05084,-73.97468,295.19,0.59,0.53,2025-03-20,0731,N20,nominal,2.0NRT,275.82,1.27,N
43.2638,-79.81078,305.16,0.46,0.39,2025-03-20,0731,N20,nominal,2.0NRT,276.74,1.75,N
43.26122,-79.80763,308.19,0.46,0.39,2025-03-20,0731,N20,nominal,2.0NRT,280.5,2.01,N
42.26564,-83.4356,299.42,0.39,0.36,2025-03-20,0733,N20,nominal,2.0NRT,280.68,0.57,N
40.89324,-77.71162,324.58,0.42,0.45,2025-03-20,0733,N20,nominal,2.0NRT,281.47,1.87,N
40.22985,-76.84037,325.84,0.47,0.48,2025-03-20,0733,N20,nominal,2.0NRT,279.67,3.33,N
40.84103,-80.32161,295.72,0.48,0.4,2025-03-20,0733,N20,nominal,2.0NRT,277.65,0.37,N
41.37287,-84.92194,296.41,0.38,0.36,2025-03-20,0733,N20,nominal,2.0NRT,283.57,0.64,N
41.36961,-84.92284,316.71,0.38,0.36,2025-03-20,0733,N20,nominal,2.0NRT,282.17,2.63,N
41.3689,-84.9183,296.02,0.38,0.36,2025-03-20,0733,N20,nominal,2.0NRT,280.16,1.59,N
41.36634,-84.92373,326.87,0.38,0.36,2025-03-20,0733,N20,nominal,2.0NRT,281.55,2.63,N
41.36563,-84.9192,315.57,0.38,0.36,2025-03-20,0733,N20,nominal,2.0NRT,280.32,1.59,N
40.39812,-79.85733,309.79,0.51,0.41,2025-03-20,0733,N20,nominal,2.0NRT,283.12,1.1,N
40.39691,-79.85152,299.86,0.51,0.41,2025-03-20,0733,N20,nominal,2.0NRT,283.38,1.19,N
40.39441,-79.85847,330.75,0.51,0.41,2025-03-20,0733,N20,nominal,2.0NRT,285.2,5.71,N
40.39321,-79.85266,329.36,0.51,0.41,2025-03-20,0733,N20,nominal,2.0NRT,284.69,5.15,N
40.39268,-79.85328,330.22,0.51,0.41,2025-03-20,0733,N20,nominal,2.0NRT,283.74,3.8,N
40.39386,-79.85911,318.91,0.51,0.41,2025-03-20,0733,N20,nominal,2.0NRT,283.38,3.8,N
40.30688,-79.87711,296.48,0.51,0.41,2025-03-20,0733,N20,nominal,2.0NRT,284.73,0.87,N
40.30319,-79.87833,299.87,0.51,0.41,2025-03-20,0733,N20,nominal,2.0NRT,282.43,1.01,N
40.31406,-80.60833,303.98,0.48,0.4,2025-03-20,0733,N20,nominal,2.0NRT,282.1,0.61,N
40.31317,-80.60461,302.12,0.48,0.4,2025-03-20,0733,N20,nominal,2.0NRT,283.16,1.03,N
41.11842,-85.35173,310.79,0.38,0.36,2025-03-20,0733,N20,nominal,2.0NRT,277.24,1.34,N
41.00739,-96.15641,299.72,0.34,0.56,2025-03-20,0733,N20,nominal,2.0NRT,270.14,0.63,N
41.00547,-96.15578,303.26,0.34,0.56,2025-03-20,0733,N20,nominal,2.0NRT,270.55,0.84,N
50.51842,-104.63065,327.15,0.4,0.37,2025-03-20,0911,N20,nominal,2.0NRT,271.23,4.28,N
58.47459,-114.52118,335.51,0.48,0.48,2025-03-20,0909,N20,nominal,2.0NRT,257.29,9.56,N
46.7311,-92.08018,305.17,0.47,0.64,2025-03-20,0911,N20,nominal,2.0NRT,266.73,1.31,N
48.6638,-103.42012,301.21,0.44,0.38,2025-03-20,0911,N20,nominal,2.0NRT,264.25,0.36,N
43.65243,-105.34097,297.5,0.45,0.39,2025-03-20,0913,N20,nominal,2.0NRT,268.19,0.92,N
58.47672,-114.52013,333.67,0.48,0.48,2025-03-20,1049,N20,nominal,2.0NRT,257.88,7.76,N
57.00547,-111.4755,320.53,0.34,0.56,2025-03-20,1049,N20,nominal,2.0NRT,263.04,2.4,N
41.20085,-76.56048,339.26,0.5,0.66,2025-03-20,1856,N20,nominal,2.0NRT,291.85,4.16,D
40.00144,-95.40694,335.04,0.49,0.4,2025-03-20,1856,N20,nominal,2.0NRT,296.5,3.71,D
40.00035,-95.41253,326.78,0.49,0.4,2025-03-20,1856,N20,nominal,2.0NRT,294.55,3.5,D
40.05686,-95.25975,331.18,0.48,0.4,2025-03-20,1856,N20,nominal,2.0NRT,292.1,15.36,D
40.06045,-95.26094,336.92,0.48,0.4,2025-03-20,1856,N20,nominal,2.0NRT,297.67,15.36,D
40.7715,-91.79321,330.76,0.39,0.36,2025-03-20,1856,N20,nominal,2.0NRT,286.26,3.86,D
40.25354,-95.3058,336.26,0.48,0.4,2025-03-20,1856,N20,nominal,2.0NRT,292.11,4.3,D
40.56429,-93.76948,335.93,0.42,0.38,2025-03-20,1856,N20,nominal,2.0NRT,288.18,5.83,D
40.5635,-93.76679,326.71,0.42,0.38,2025-03-20,1856,N20,nominal,2.0NRT,285.35,3.24,D
40.56261,-93.77171,327.32,0.42,0.38,2025-03-20,1856,N20,nominal,2.0NRT,289.38,4.53,D
40.25975,-95.58311,344.21,0.49,0.4,2025-03-20,1856,N20,nominal,2.0NRT,296.91,10.05,D
41.63525,-87.13857,339.59,0.46,0.39,2025-03-20,1856,N20,nominal,2.0NRT,289.89,8.22,D
41.61254,-87.32835,332.26,0.45,0.39,2025-03-20,1856,N20,nominal,2.0NRT,289.03,3.6,D
41.63948,-87.13383,328.27,0.46,0.39,2025-03-20,1856,N20,nominal,2.0NRT,286.92,3.38,D
41.61609,-87.3291,338.26,0.45,0.39,2025-03-20,1856,N20,nominal,2.0NRT,288.86,3.67,D
41.64241,-87.14001,335.66,0.46,0.39,2025-03-20,1856,N20,nominal,2.0NRT,285.3,4.51,D
41.67546,-87.43161,333.26,0.45,0.39,2025-03-20,1856,N20,nominal,2.0NRT,288.89,4.05,D
40.71193,-93.89301,329.41,0.43,0.38,2025-03-20,1856,N20,nominal,2.0NRT,287.66,1.89,D
41.68383,-87.4224,330.93,0.45,0.39,2025-03-20,1856,N20,nominal,2.0NRT,288.96,6.7,D
40.88715,-92.93423,329.91,0.4,0.37,2025-03-20,1856,N20,nominal,2.0NRT,288.5,3.04,D
40.89048,-92.93521,336.61,0.4,0.37,2025-03-20,1856,N20,nominal,2.0NRT,288.51,4.98,D
41.20206,-91.05178,331.85,0.38,0.36,2025-03-20,1856,N20,nominal,2.0NRT,288,5.82,D
41.20464,-91.05719,330.97,0.38,0.36,2025-03-20,1856,N20,nominal,2.0NRT,287.73,4.24,D
40.69836,-94.08793,329.19,0.43,0.38,2025-03-20,1856,N20,nominal,2.0NRT,284.36,3.13,D
40.69744,-94.09291,354.71,0.43,0.38,2025-03-20,1856,N20,nominal,2.0NRT,290.55,7.32,D
40.69654,-94.09792,330.74,0.43,0.38,2025-03-20,1856,N20,nominal,2.0NRT,287.48,7.32,D
40.57833,-95.18166,330.41,0.47,0.4,2025-03-20,1856,N20,nominal,2.0NRT,289.75,3.25,D
41.0228,-93.35991,329.96,0.41,0.37,2025-03-20,1856,N20,nominal,2.0NRT,287.63,2.11,D
40.4838,-96.26007,334.73,0.52,0.42,2025-03-20,1856,N20,nominal,2.0NRT,283.6,4.55,D
40.89187,-94.45696,331.79,0.44,0.38,2025-03-20,1856,N20,nominal,2.0NRT,293.79,5.76,D
40.89532,-94.45808,339.89,0.44,0.38,2025-03-20,1856,N20,nominal,2.0NRT,291.66,5.76,D
40.79062,-96.30752,340.96,0.52,0.41,2025-03-20,1856,N20,nominal,2.0NRT,275.43,7.3,D
41.64576,-92.13999,333.19,0.39,0.36,2025-03-20,1856,N20,nominal,2.0NRT,288.41,2.96,D
41.64502,-92.14458,328.94,0.39,0.36,2025-03-20,1856,N20,nominal,2.0NRT,289.08,2.96,D
41.64904,-92.14092,338.41,0.39,0.36,2025-03-20,1856,N20,nominal,2.0NRT,290.68,2.96,D
41.00661,-96.16061,330.43,0.5,0.41,2025-03-20,1856,N20,nominal,2.0NRT,276.39,3.61,D
41.77557,-92.20462,329.08,0.39,0.36,2025-03-20,1856,N20,nominal,2.0NRT,284.67,2.4,D
41.77482,-92.20923,327.25,0.39,0.36,2025-03-20,1856,N20,nominal,2.0NRT,287.08,2.4,D
41.74191,-92.74103,338.92,0.39,0.36,2025-03-20,1856,N20,nominal,2.0NRT,289.27,1.91,D
41.74521,-92.74201,337.75,0.39,0.36,2025-03-20,1856,N20,nominal,2.0NRT,289.12,2.15,D
41.987,-93.022,337.33,0.4,0.37,2025-03-20,1858,N20,nominal,2.0NRT,288.67,2.77,D
43.02303,-89.60186,330.32,0.4,0.37,2025-03-20,1858,N20,nominal,2.0NRT,283.1,2.91,D
42.82044,-92.15114,325.2,0.39,0.36,2025-03-20,1858,N20,nominal,2.0NRT,282.8,2.33,D
41.56189,-99.32912,338.9,0.45,0.47,2025-03-20,1858,N20,nominal,2.0NRT,296.24,9.1,D
41.56604,-99.33081,344.26,0.45,0.47,2025-03-20,1858,N20,nominal,2.0NRT,297.44,6.85,D
41.56484,-99.33601,354.27,0.45,0.47,2025-03-20,1858,N20,nominal,2.0NRT,300.18,12.64,D
43.50956,-89.78882,329.34,0.4,0.37,2025-03-20,1858,N20,nominal,2.0NRT,275.58,5.61,D
43.44551,-95.38239,339.77,0.44,0.38,2025-03-20,1858,N20,nominal,2.0NRT,295.09,14.43,D
44.06858,-92.45559,329.75,0.38,0.36,2025-03-20,1858,N20,nominal,2.0NRT,281.41,2.49,D
43.81202,-94.93254,328.46,0.42,0.38,2025-03-20,1858,N20,nominal,2.0NRT,293.42,2,D
44.3601,-91.84798,339.8,0.38,0.36,2025-03-20,1858,N20,nominal,2.0NRT,282.72,4.17,D
44.02279,-94.64843,330.76,0.41,0.37,2025-03-20,1858,N20,nominal,2.0NRT,288.28,1.77,D
44.28968,-93.40213,325.82,0.39,0.36,2025-03-20,1858,N20,nominal,2.0NRT,284.43,1.53,D
44.24078,-93.96381,336.45,0.4,0.37,2025-03-20,1858,N20,nominal,2.0NRT,288.07,2.65,D
44.13216,-94.61329,330.96,0.41,0.37,2025-03-20,1858,N20,nominal,2.0NRT,288.58,2.94,D
44.5054,-93.44621,329.53,0.39,0.36,2025-03-20,1858,N20,nominal,2.0NRT,283.38,2.55,D
44.08813,-96.0265,331.99,0.45,0.39,2025-03-20,1858,N20,nominal,2.0NRT,286.73,3.8,D
44.67945,-93.13496,328.37,0.39,0.36,2025-03-20,1858,N20,nominal,2.0NRT,285.57,1.21,D
44.96639,-91.29442,327.4,0.39,0.36,2025-03-20,1858,N20,nominal,2.0NRT,290.71,3.39,D
44.98604,-92.7784,344.88,0.38,0.36,2025-03-20,1858,N20,nominal,2.0NRT,284.2,4.26,D
44.87592,-94.56735,325.71,0.4,0.37,2025-03-20,1858,N20,nominal,2.0NRT,280.25,2.05,D
45.19846,-94.39033,329.13,0.4,0.37,2025-03-20,1858,N20,nominal,2.0NRT,279.44,1.05,D
44.83634,-97.14149,343.28,0.47,0.4,2025-03-20,1858,N20,nominal,2.0NRT,290.91,7.81,D
45.26581,-95.81725,328.51,0.43,0.38,2025-03-20,1858,N20,nominal,2.0NRT,273.45,1.85,D
45.26381,-95.81883,329.67,0.43,0.38,2025-03-20,1858,N20,nominal,2.0NRT,274.62,3,D
45.83075,-92.60188,352.1,0.38,0.36,2025-03-20,1858,N20,nominal,2.0NRT,303.98,24.81,D
45.83401,-92.60289,336.42,0.38,0.36,2025-03-20,1858,N20,nominal,2.0NRT,304.9,28.08,D
46.08775,-93.06594,327.27,0.38,0.36,2025-03-20,1858,N20,nominal,2.0NRT,276.99,3.62,D
46.08699,-93.07084,340.16,0.38,0.36,2025-03-20,1858,N20,nominal,2.0NRT,279.24,3.62,D
46.72826,-92.07687,326.04,0.39,0.36,2025-03-20,1858,N20,nominal,2.0NRT,286.21,1.74,D
45.88009,-97.75493,330.43,0.48,0.4,2025-03-20,1858,N20,nominal,2.0NRT,289.27,10.33,D
45.8789,-97.7609,325.99,0.48,0.4,2025-03-20,1858,N20,nominal,2.0NRT,290.5,9.8,D
47.39274,-94.84762,328.8,0.39,0.36,2025-03-20,1858,N20,nominal,2.0NRT,275.41,5.22,D
48.25875,-101.11391,336.06,0.57,0.43,2025-03-20,1858,N20,nominal,2.0NRT,285.49,5,D
46.83805,-112.71011,343.28,0.51,0.41,2025-03-20,2040,N20,nominal,2.0NRT,272.08,9.49,D
46.83737,-112.71663,329.26,0.51,0.41,2025-03-20,2040,N20,nominal,2.0NRT,272.25,9.49,D
46.83767,-112.71112,332.83,0.51,0.41,2025-03-20,2040,N20,nominal,2.0NRT,272.67,10.85,D
46.83701,-112.71772,336.58,0.51,0.41,2025-03-20,2040,N20,nominal,2.0NRT,272.02,8.93,D
46.48991,-120.36135,330.74,0.4,0.37,2025-03-20,2040,N20,nominal,2.0NRT,278.88,4.52,D
