latitude,longitude,brightness,scan,track,acq_date,acq_time,satellite,confidence,version,bright_t31,frp,daynight
8.54789,-64.14841,303.55,3.87,1.83,2025-03-13,0105,T,50,6.1NRT,290.23,24.98,N
8.55592,-64.15482,303.09,3.87,1.83,2025-03-13,0105,T,43,6.1NRT,290.18,25.3,N
9.1667,-62.41644,301.7,2.74,1.58,2025-03-13,0105,T,43,6.1NRT,291.26,14.34,N
9.52232,-63.05043,304.67,3.03,1.66,2025-03-13,0105,T,61,6.1NRT,291.86,25.25,N
9.54551,-63.27703,319.51,3.16,1.68,2025-03-13,0105,T,99,6.1NRT,292.24,83.44,N
9.54106,-63.30468,322.71,3.18,1.69,2025-03-13,0105,T,100,6.1NRT,292.31,101.11,N
9.54541,-63.28346,325.32,3.16,1.68,2025-03-13,0105,T,100,6.1NRT,292.47,116.45,N
9.54076,-63.31109,314.79,3.18,1.69,2025-03-13,0105,T,90,6.1NRT,292.28,62.18,N
9.56473,-63.25851,313.39,3.14,1.68,2025-03-13,0105,T,87,6.1NRT,291.94,55.31,N
9.56015,-63.28597,312.65,3.16,1.68,2025-03-13,0105,T,85,6.1NRT,292.07,52.63,N
9.36712,-64.5276,304.68,4,1.86,2025-03-13,0105,T,60,6.1NRT,291.1,34.3,N
9.37399,-64.53385,306.81,4,1.86,2025-03-13,0105,T,68,6.1NRT,291.02,43.54,N
9.63594,-63.56599,331.78,3.32,1.72,2025-03-13,0105,T,100,6.1NRT,292.6,164.17,N
9.6558,-63.5392,317.77,3.3,1.72,2025-03-13,0105,T,96,6.1NRT,292.45,75.46,N
9.65105,-63.56813,328.96,3.32,1.72,2025-03-13,0105,T,100,6.1NRT,292.39,143.81,N
9.64625,-63.59732,308.81,3.34,1.72,2025-03-13,0105,T,75,6.1NRT,292.18,35.65,N
9.64141,-63.62674,306.16,3.35,1.73,2025-03-13,0105,T,66,6.1NRT,292.25,26.59,N
9.627,-63.71428,318.57,3.41,1.74,2025-03-13,0105,T,97,6.1NRT,292.12,84.65,N
9.62208,-63.74414,321.62,3.43,1.74,2025-03-13,0105,T,100,6.1NRT,291.98,105.72,N
9.65656,-63.62914,334.19,3.35,1.73,2025-03-13,0105,T,100,6.1NRT,292.35,184.57,N
9.63898,-63.5433,306.1,3.3,1.72,2025-03-13,0105,T,7,6.1NRT,292.4,24.05,N
9.63398,-63.5722,317.49,3.32,1.72,2025-03-13,0105,T,95,6.1NRT,292.54,72.27,N
9.65899,-63.5168,306.14,3.28,1.71,2025-03-13,0105,T,65,6.1NRT,292.41,26.4,N
9.65407,-63.54543,324.03,3.3,1.72,2025-03-13,0105,T,100,6.1NRT,292.54,109.26,N
9.64909,-63.57438,337.84,3.32,1.72,2025-03-13,0105,T,100,6.1NRT,292.54,211.86,N
9.62397,-63.72028,325.91,3.41,1.74,2025-03-13,0105,T,100,6.1NRT,292.49,131.24,N
9.61884,-63.75008,312.25,3.43,1.74,2025-03-13,0105,T,84,6.1NRT,291.89,56.34,N
9.65922,-63.60571,304.81,3.34,1.72,2025-03-13,0105,T,51,6.1NRT,292.23,21.93,N
9.65417,-63.6353,336.92,3.35,1.73,2025-03-13,0105,T,100,6.1NRT,292.42,212.02,N
9.71419,-63.55511,303.98,3.3,1.72,2025-03-13,0105,T,56,6.1NRT,292.3,21.65,N
10.05626,-64.88242,303.21,4.14,1.88,2025-03-13,0105,T,34,6.1NRT,291.71,31.7,N
10.37309,-63.36796,307.54,3.09,1.67,2025-03-13,0105,T,72,6.1NRT,292.67,34.76,N
10.25101,-64.18046,305.6,3.62,1.78,2025-03-13,0105,T,65,6.1NRT,288.75,46.14,N
21.90903,-77.96534,305.81,1.5,1.21,2025-03-13,0245,T,66,6.1NRT,291.84,11.43,N
22.28848,-79.58189,304.15,1.21,1.09,2025-03-13,0245,T,59,6.1NRT,289.19,9.25,N
22.69976,-79.78059,307.96,1.19,1.09,2025-03-13,0245,T,73,6.1NRT,288.66,11.53,N
22.71076,-79.77062,304.96,1.19,1.09,2025-03-13,0245,T,42,6.1NRT,288.78,9.03,N
22.58964,-81.14649,300.34,1.05,1.02,2025-03-13,0245,T,25,6.1NRT,289.81,4.74,N
25.04378,-78.0415,308.42,1.63,1.26,2025-03-13,0247,T,61,6.1NRT,287.67,20.51,N
25.04212,-78.05733,320.43,1.63,1.26,2025-03-13,0247,T,100,6.1NRT,287.67,40.56,N
28.68776,-82.05386,301.39,1.09,1.04,2025-03-13,0247,T,41,6.1NRT,284.41,8.26,N
30.7513,-89.11416,302.68,1.45,1.19,2025-03-13,0249,T,51,6.1NRT,287.17,10.86,N
32.22841,-85.59187,301.43,1.01,1,2025-03-13,0249,T,27,6.1NRT,286.79,5.71,N
7.01432,-69.94752,311.04,3.75,1.81,2025-03-13,0243,T,71,6.1NRT,290.86,60.57,N
7.01031,-69.98048,309.02,3.73,1.81,2025-03-13,0243,T,51,6.1NRT,291.05,49.94,N
7.02626,-69.98248,305.79,3.73,1.81,2025-03-13,0243,T,35,6.1NRT,290.85,35.76,N
7.0422,-69.9845,321.76,3.73,1.81,2025-03-13,0243,T,100,6.1NRT,290.9,121.21,N
7.03894,-69.95588,313.27,3.75,1.81,2025-03-13,0243,T,75,6.1NRT,291.03,70.5,N
7.0351,-69.98885,317.5,3.73,1.81,2025-03-13,0243,T,95,6.1NRT,290.9,94.37,N
7.144,-70.98447,304.69,3.11,1.67,2025-03-13,0243,T,58,6.1NRT,292.02,24.36,N
7.14046,-71.0118,304.32,3.09,1.67,2025-03-13,0243,T,52,6.1NRT,292.21,22.88,N
7.14416,-70.99014,306.71,3.11,1.67,2025-03-13,0243,T,69,6.1NRT,292.1,33.23,N
7.83005,-69.01672,305.18,4.57,1.96,2025-03-13,0243,T,63,6.1NRT,292.53,54.85,N
7.83174,-69.02401,302.43,4.57,1.96,2025-03-13,0243,T,49,6.1NRT,292.39,39.42,N
7.9953,-69.74718,310.42,4.03,1.86,2025-03-13,0243,T,80,6.1NRT,293.86,69.22,N
7.98497,-69.75104,306.76,4.03,1.86,2025-03-13,0243,T,69,6.1NRT,293.48,50.71,N
8.10878,-75.47635,305.43,1.43,1.18,2025-03-13,0243,T,64,6.1NRT,293.46,7.07,N
8.10559,-80.79463,318.62,1.06,1.03,2025-03-13,0243,T,97,6.1NRT,290.58,17.2,N
8.1985,-80.53046,310.98,1.04,1.02,2025-03-13,0243,T,81,6.1NRT,289.78,9.2,N
8.1972,-80.53964,304.87,1.04,1.02,2025-03-13,0243,T,62,6.1NRT,289.14,4.98,N
8.23153,-80.8157,303,1.06,1.03,2025-03-13,0243,T,53,6.1NRT,287.53,5,N
8.23019,-80.82507,300.59,1.06,1.03,2025-03-13,0243,T,30,6.1NRT,287.33,3.52,N
10.43067,-73.64378,303.16,2.15,1.42,2025-03-13,0243,T,54,6.1NRT,290.68,18.13,N
10.43202,-73.64979,300.96,2.15,1.42,2025-03-13,0243,T,29,6.1NRT,290.58,12.8,N
12.76438,-86.85195,313.86,2.24,1.45,2025-03-13,0245,T,88,6.1NRT,295.77,33.6,N
12.76105,-86.8719,336.49,2.25,1.45,2025-03-13,0245,T,100,6.1NRT,297.07,117.82,N
14.14007,-86.89906,308.7,2.13,1.42,2025-03-13,0245,T,75,6.1NRT,291.17,26.3,N
15.37162,-84.16261,315.49,1.29,1.13,2025-03-13,0245,T,91,6.1NRT,295.22,16.98,N
15.36986,-84.17429,312.19,1.29,1.13,2025-03-13,0245,T,84,6.1NRT,294.97,13.34,N
15.37173,-84.16902,318.21,1.29,1.13,2025-03-13,0245,T,96,6.1NRT,295.32,20.91,N
18.43217,-102.48898,301.56,1.38,1.16,2025-03-13,0423,T,39,6.1NRT,290.56,7.16,N
18.43061,-102.50163,302.03,1.37,1.16,2025-03-13,0423,T,43,6.1NRT,290.24,7.76,N
18.43969,-102.49623,312.92,1.38,1.16,2025-03-13,0423,T,86,6.1NRT,289.98,19.09,N
19.08128,-102.07059,314.47,1.5,1.21,2025-03-13,0423,T,89,6.1NRT,297.27,20.44,N
19.07963,-102.08474,323.56,1.49,1.21,2025-03-13,0423,T,100,6.1NRT,297.27,35.74,N
19.09192,-102.07217,310.85,1.5,1.21,2025-03-13,0423,T,81,6.1NRT,295.97,15.59,N
19.09026,-102.08628,330.46,1.49,1.21,2025-03-13,0423,T,100,6.1NRT,296.74,50.5,N
19.57316,-104.49144,310.13,1.1,1.05,2025-03-13,0423,T,79,6.1NRT,292.14,11.7,N
19.57186,-104.5017,303.39,1.1,1.05,2025-03-13,0423,T,55,6.1NRT,291.77,6.74,N
19.92651,-103.26961,324.97,1.29,1.13,2025-03-13,0423,T,100,6.1NRT,288.12,36.65,N
19.92512,-103.28118,331.19,1.29,1.13,2025-03-13,0423,T,100,6.1NRT,289.01,47.24,N
20.40652,-102.9983,306.4,1.36,1.15,2025-03-13,0423,T,68,6.1NRT,289.41,12.54,N
20.4152,-103.01234,300.13,1.35,1.15,2025-03-13,0423,T,9,6.1NRT,288.4,6.69,N
20.83779,-99.57227,307.66,2.44,1.51,2025-03-13,0423,T,72,6.1NRT,289.36,33.54,N
20.65656,-101.28035,304.28,1.8,1.31,2025-03-13,0423,T,59,6.1NRT,283.93,20.52,N
20.84718,-99.58266,306.64,2.44,1.51,2025-03-13,0423,T,40,6.1NRT,287.9,28.41,N
21.12794,-104.42266,306.76,1.15,1.07,2025-03-13,0423,T,25,6.1NRT,288.3,8.92,N
21.13406,-104.41837,316.21,1.15,1.07,2025-03-13,0423,T,93,6.1NRT,288.77,18.01,N
21.13277,-104.42889,311.12,1.15,1.07,2025-03-13,0423,T,75,6.1NRT,289.81,13.3,N
21.13155,-104.43882,305.67,1.15,1.07,2025-03-13,0423,T,37,6.1NRT,290.55,8.97,N
21.1422,-104.43005,307.34,1.15,1.07,2025-03-13,0423,T,71,6.1NRT,288.67,10.68,N
21.35474,-104.65707,304.98,1.13,1.06,2025-03-13,0423,T,62,6.1NRT,286.94,10.11,N
21.36407,-104.65838,311.01,1.13,1.06,2025-03-13,0423,T,81,6.1NRT,286.46,14.39,N
21.48299,-104.72095,337.8,1.12,1.06,2025-03-13,0423,T,100,6.1NRT,288.75,49.72,N
22.5956,-99.0819,303.69,2.79,1.6,2025-03-13,0423,T,56,6.1NRT,293.32,22.48,N
22.63271,-99.35564,305.34,2.66,1.57,2025-03-13,0423,T,64,6.1NRT,293.43,24.34,N
22.65796,-99.3849,321.28,2.65,1.56,2025-03-13,0423,T,100,6.1NRT,293.47,75.52,N
22.66422,-99.39336,307.14,2.65,1.56,2025-03-13,0423,T,70,6.1NRT,293.06,29.16,N
22.15961,-105.25946,302.61,1.08,1.04,2025-03-13,0423,T,50,6.1NRT,291.61,7.28,N
22.23861,-105.28812,306.15,1.08,1.04,2025-03-13,0423,T,67,6.1NRT,289.04,9.36,N
22.24775,-105.28962,300.65,1.08,1.04,2025-03-13,0423,T,20,6.1NRT,289.68,5.46,N
22.3896,-105.26416,307.71,1.09,1.04,2025-03-13,0423,T,41,6.1NRT,292.05,9.4,N
22.39876,-105.26563,307.6,1.09,1.04,2025-03-13,0423,T,51,6.1NRT,290.79,9.34,N
22.41991,-105.6685,300.72,1.05,1.03,2025-03-13,0423,T,32,6.1NRT,286.46,6.03,N
22.547,-104.95101,310.9,1.12,1.06,2025-03-13,0423,T,81,6.1NRT,290.35,12.3,N
23.52229,-103.86254,305.49,1.31,1.14,2025-03-13,0423,T,64,6.1NRT,284.83,13.8,N
23.53513,-105.78912,315.88,1.07,1.03,2025-03-13,0423,T,92,6.1NRT,291.61,15.82,N
23.53762,-106.19594,308.42,1.04,1.02,2025-03-13,0423,T,74,6.1NRT,293.56,8.4,N
23.61049,-106.1329,306.45,1.04,1.02,2025-03-13,0423,T,54,6.1NRT,295.42,6.13,N
23.64767,-106.12886,318.72,1.04,1.02,2025-03-13,0423,T,97,6.1NRT,296.32,15.77,N
23.64635,-106.13894,322.04,1.04,1.02,2025-03-13,0423,T,100,6.1NRT,296.57,19.21,N
23.64374,-106.15878,318.14,1.04,1.02,2025-03-13,0423,T,96,6.1NRT,295.75,15.45,N
23.65535,-106.14018,311.44,1.04,1.02,2025-03-13,0423,T,76,6.1NRT,294.99,9.47,N
23.654,-106.15038,312.86,1.04,1.02,2025-03-13,0423,T,86,6.1NRT,296.36,10.33,N
23.65268,-106.16038,332.61,1.04,1.02,2025-03-13,0423,T,100,6.1NRT,297.79,32.73,N
24.25378,-106.27824,306.18,1.04,1.02,2025-03-13,0425,T,67,6.1NRT,293,7.45,N
24.47725,-106.74648,305.82,1.02,1.01,2025-03-13,0425,T,66,6.1NRT,293.44,7.09,N
24.49122,-106.92402,302.7,1.01,1.01,2025-03-13,0425,T,51,6.1NRT,292.28,5.22,N
24.48993,-106.93369,303.65,1.01,1.01,2025-03-13,0425,T,56,6.1NRT,292.61,5.85,N
25.31524,-107.09506,305.51,1.01,1.01,2025-03-13,0425,T,36,6.1NRT,294.57,5.67,N
25.32278,-107.1063,305.57,1.01,1.01,2025-03-13,0425,T,27,6.1NRT,294.67,5.64,N
25.3316,-107.10802,307.01,1.01,1.01,2025-03-13,0425,T,53,6.1NRT,293.87,6.57,N
25.62726,-106.82358,304.37,1.03,1.01,2025-03-13,0425,T,60,6.1NRT,281.1,9.81,N
25.90838,-106.71478,308.08,1.04,1.02,2025-03-13,0425,T,73,6.1NRT,279.61,13.5,N
26.35055,-107.61479,319.3,1.01,1,2025-03-13,0425,T,98,6.1NRT,283.72,19.92,N
27.84904,-108.50408,303.41,1,1,2025-03-13,0427,T,25,6.1NRT,284.66,7.2,N
27.8592,-108.4958,306.24,1,1,2025-03-13,0427,T,26,6.1NRT,284.88,8.48,N
28.14519,-107.68404,315.95,1.02,1.01,2025-03-13,0427,T,92,6.1NRT,277.33,19.53,N
28.16631,-108.61633,303.43,1,1,2025-03-13,0427,T,55,6.1NRT,283.82,7.65,N
28.16493,-108.62623,309.05,1,1,2025-03-13,0427,T,76,6.1NRT,284.49,11.07,N
29.76843,-108.42725,303.54,1.01,1,2025-03-13,0427,T,56,6.1NRT,279.5,9.1,N
31.45253,-107.65263,302.02,1.06,1.03,2025-03-13,0427,T,46,6.1NRT,276.41,9.49,N
10.21793,-64.61276,305.94,1,1,2025-03-13,0657,A,66,6.1NRT,294.73,5.78,N
9.98313,-63.17733,305.75,1.03,1.02,2025-03-13,0657,A,65,6.1NRT,292.43,6.31,N
9.62779,-61.42549,312.71,1.24,1.11,2025-03-13,0657,A,85,6.1NRT,290.98,16.16,N
10.08368,-64.8917,312.71,1.01,1.01,2025-03-13,0657,A,85,6.1NRT,294.45,10.4,N
10.06201,-64.86741,305.68,1.01,1.01,2025-03-13,0657,A,65,6.1NRT,294.02,5.17,N
9.74146,-63.47432,307.35,1.02,1.01,2025-03-13,0657,A,71,6.1NRT,292.88,7.31,N
9.65812,-63.53047,308.04,1.02,1.01,2025-03-13,0657,A,73,6.1NRT,290.47,7.36,N
9.65674,-63.52145,302.52,1.02,1.01,2025-03-13,0657,A,50,6.1NRT,290.8,4.18,N
9.65338,-63.55882,312.86,1.02,1.01,2025-03-13,0657,A,76,6.1NRT,287.96,11.47,N
9.64453,-63.56014,308.09,1.02,1.01,2025-03-13,0657,A,56,6.1NRT,287.84,8.06,N
9.57804,-63.24553,308.19,1.03,1.02,2025-03-13,0657,A,74,6.1NRT,291.82,7.93,N
9.56835,-63.2529,303.95,1.03,1.02,2025-03-13,0657,A,50,6.1NRT,291.8,4.89,N
9.53613,-63.04096,309.69,1.05,1.02,2025-03-13,0657,A,78,6.1NRT,291.28,9.61,N
9.6307,-63.72417,313.98,1.01,1.01,2025-03-13,0657,A,88,6.1NRT,291.4,12.77,N
9.62935,-63.71523,302.99,1.01,1.01,2025-03-13,0657,A,34,6.1NRT,290.32,5.11,N
9.52714,-63.04234,303.86,1.05,1.02,2025-03-13,0657,A,54,6.1NRT,290.21,5.75,N
9.62187,-63.72551,313.24,1.01,1.01,2025-03-13,0657,A,87,6.1NRT,289.44,12.13,N
9.62052,-63.71656,304.38,1.01,1.01,2025-03-13,0657,A,50,6.1NRT,289.41,5.93,N
9.55329,-63.27393,306.62,1.03,1.02,2025-03-13,0657,A,69,6.1NRT,291.99,6.68,N
9.89571,-66.58253,302.21,1.15,1.07,2025-03-13,0657,A,47,6.1NRT,291.92,4.66,N
9.88631,-66.5838,303.16,1.15,1.07,2025-03-13,0657,A,54,6.1NRT,293.16,5.3,N
9.48249,-64.38496,304.02,1,1,2025-03-13,0657,A,58,6.1NRT,293.66,4.06,N
9.47371,-64.38627,304.12,1,1,2025-03-13,0657,A,59,6.1NRT,293.63,4.11,N
9.39369,-64.54622,310.58,1,1,2025-03-13,0657,A,80,6.1NRT,293.9,8.2,N
9.39236,-64.53737,304.17,1,1,2025-03-13,0657,A,59,6.1NRT,293.71,3.93,N
9.38225,-64.52984,327.15,1,1,2025-03-13,0657,A,100,6.1NRT,293.97,23.47,N
9.38093,-64.521,320.28,1,1,2025-03-13,0657,A,100,6.1NRT,294.13,16.19,N
9.92797,-68.58989,303.25,1.54,1.22,2025-03-13,0657,A,54,6.1NRT,291.53,10.53,N
9.22776,-64.05314,303.86,1,1,2025-03-13,0657,A,57,6.1NRT,292.93,4.67,N
9.12834,-63.69424,305.12,1.02,1.01,2025-03-13,0657,A,63,6.1NRT,292.27,5.06,N
8.85112,-63.5794,302.41,1.02,1.01,2025-03-13,0657,A,46,6.1NRT,289.68,4,N
8.84975,-63.57035,310.55,1.03,1.01,2025-03-13,0657,A,80,6.1NRT,289.65,9.54,N
8.69375,-63.15031,306.06,1.06,1.03,2025-03-13,0657,A,67,6.1NRT,291.83,6.39,N
8.87469,-64.40234,308.36,1,1,2025-03-13,0657,A,74,6.1NRT,292.86,7.5,N
9.37514,-69.33181,305.94,1.72,1.29,2025-03-13,0657,A,66,6.1NRT,294.96,12.37,N
8.56513,-64.13237,318.76,1.01,1,2025-03-13,0657,A,97,6.1NRT,293.85,15.41,N
8.19838,-66.64008,304.73,1.11,1.05,2025-03-13,0657,A,60,6.1NRT,294.39,5.33,N
8.22849,-68.50208,307.75,1.43,1.18,2025-03-13,0657,A,72,6.1NRT,293.3,11.66,N
8.22145,-68.49705,304.51,1.43,1.18,2025-03-13,0657,A,60,6.1NRT,294.02,8.03,N
7.88962,-66.29138,310.62,1.07,1.03,2025-03-13,0657,A,80,6.1NRT,295.38,8.77,N
7.91138,-66.89263,303.83,1.14,1.06,2025-03-13,0657,A,31,6.1NRT,291.53,5.4,N
8.05451,-69.2414,328.25,1.61,1.25,2025-03-13,0657,A,100,6.1NRT,293.1,53.35,N
8.05425,-69.26163,306.41,1.62,1.25,2025-03-13,0657,A,68,6.1NRT,292.28,14.05,N
8.05222,-69.24741,332.04,1.61,1.25,2025-03-13,0657,A,100,6.1NRT,294,63.5,N
7.82913,-69.01617,306.67,1.54,1.22,2025-03-13,0657,A,69,6.1NRT,286.96,15.66,N
7.67817,-68.0028,311.09,1.3,1.13,2025-03-13,0657,A,82,6.1NRT,293.56,14.63,N
7.3823,-68.14619,305.33,1.32,1.14,2025-03-13,0657,A,64,6.1NRT,292.56,9.6,N
7.03754,-69.95448,307.76,1.76,1.3,2025-03-13,0657,A,63,6.1NRT,290.83,18.01,N
7.03546,-69.93902,307.24,1.76,1.3,2025-03-13,0657,A,69,6.1NRT,291.31,16.8,N
7.03666,-69.9445,312.32,1.76,1.3,2025-03-13,0657,A,85,6.1NRT,291.2,25.49,N
7.02742,-69.96151,301.21,1.76,1.3,2025-03-13,0657,A,34,6.1NRT,285.2,10.74,N
7.02523,-69.94607,311.79,1.76,1.3,2025-03-13,0657,A,83,6.1NRT,289.09,25.64,N
7.03394,-70.43774,300.72,1.92,1.35,2025-03-13,0657,A,33,6.1NRT,289.48,10.64,N
22.70672,-79.76601,311,2,1.38,2025-03-13,0833,A,81,6.1NRT,287.7,33.94,N
19.45481,-92.07876,311.54,1.76,1.3,2025-03-13,0833,A,75,6.1NRT,297.45,19.54,N
17.90036,-92.48667,311.38,1.79,1.31,2025-03-13,0833,A,82,6.1NRT,295.64,22.45,N
17.90438,-93.18261,317.12,2.02,1.38,2025-03-13,0833,A,94,6.1NRT,295.9,42.09,N
17.85379,-93.11945,333.93,1.99,1.38,2025-03-13,0833,A,100,6.1NRT,295.67,91.82,N
17.85158,-93.1013,321.08,1.98,1.37,2025-03-13,0833,A,100,6.1NRT,295.14,49.64,N
17.84167,-93.12093,304.71,1.99,1.38,2025-03-13,0833,A,61,6.1NRT,294.49,16.12,N
16.21465,-95.15974,308.63,2.71,1.58,2025-03-13,0835,A,75,6.1NRT,295.44,33.11,N
16.21018,-95.16815,307.58,2.71,1.58,2025-03-13,0835,A,72,6.1NRT,295.51,28.17,N
10.26152,-85.73055,305.09,1.28,1.12,2025-03-13,0835,A,63,6.1NRT,293.67,7.36,N
30.26609,-93.27054,305,3.03,1.66,2025-03-13,0828,A,63,6.1NRT,287.62,39.5,N
30.26344,-93.27576,307.71,3.03,1.66,2025-03-13,0828,A,64,6.1NRT,287.54,43.73,N
28.14857,-107.68011,301.64,1.06,1.03,2025-03-13,1009,A,43,6.1NRT,275.89,10.45,N
27.58662,-109.92255,311.01,1,1,2025-03-13,1009,A,81,6.1NRT,281.54,14.28,N
23.65932,-106.14911,309.93,1.46,1.19,2025-03-13,1009,A,61,6.1NRT,294.06,15.54,N
23.54001,-105.78498,308.98,1.55,1.23,2025-03-13,1009,A,76,6.1NRT,289.06,19.73,N
21.36622,-104.65652,300.98,2.06,1.4,2025-03-13,1009,A,36,6.1NRT,281.72,21.41,N
9.60655,-64.10838,317.41,3.11,1.67,2025-03-13,1318,T,68,6.1NRT,295.78,37.35,D
9.60574,-64.11443,314.83,3.11,1.67,2025-03-13,1318,T,61,6.1NRT,295.69,26.72,D
9.36793,-64.53328,318.44,3.34,1.72,2025-03-13,1318,T,69,6.1NRT,294.05,47.12,D
9.37043,-64.5402,315.51,3.34,1.72,2025-03-13,1318,T,63,6.1NRT,293.76,33.38,D
9.36681,-64.51081,316.17,3.32,1.72,2025-03-13,1318,T,64,6.1NRT,294.53,36.02,D
30.69607,-83.77045,309.65,2.5,1.52,2025-03-13,1452,T,68,6.1NRT,291.01,29.74,D
30.42229,-82.99568,309.06,2.19,1.43,2025-03-13,1452,T,65,6.1NRT,292.37,18.49,D
29.91115,-82.77824,325.23,2.08,1.4,2025-03-13,1452,T,83,6.1NRT,293.72,59.83,D
29.9093,-82.75721,305.85,2.07,1.4,2025-03-13,1452,T,50,6.1NRT,293.27,10.9,D
29.90887,-82.7855,316.64,2.08,1.4,2025-03-13,1452,T,76,6.1NRT,293.82,35.15,D
29.90688,-82.7645,316.97,2.07,1.4,2025-03-13,1452,T,76,6.1NRT,293.26,35.19,D
29.63297,-81.50611,318.15,1.68,1.28,2025-03-13,1452,T,77,6.1NRT,295.06,29.58,D
29.20164,-82.19219,311.16,1.85,1.33,2025-03-13,1452,T,68,6.1NRT,295.24,15.35,D
28.957,-82.15978,314.25,1.83,1.32,2025-03-13,1452,T,71,6.1NRT,295.73,22.11,D
28.95523,-82.14149,309.46,1.82,1.32,2025-03-13,1452,T,63,6.1NRT,293.51,12.85,D
28.9478,-82.14948,320.1,1.82,1.32,2025-03-13,1452,T,78,6.1NRT,294.7,32.93,D
28.68465,-82.048,309.01,1.78,1.31,2025-03-13,1452,T,60,6.1NRT,295.95,10.97,D
28.50843,-82.2283,309.06,1.82,1.32,2025-03-13,1452,T,53,6.1NRT,297.19,12.23,D
28.434,-82.52604,310.15,1.91,1.35,2025-03-13,1452,T,43,6.1NRT,297.36,11.55,D
28.27529,-82.51913,313.38,1.9,1.35,2025-03-13,1452,T,68,6.1NRT,294.47,23.53,D
28.14869,-81.27432,312.94,1.55,1.23,2025-03-13,1452,T,59,6.1NRT,298.38,14.9,D
28.09334,-80.96037,345.4,1.48,1.2,2025-03-13,1452,T,94,6.1NRT,298.37,86.09,D
28.08273,-80.96178,317.16,1.48,1.2,2025-03-13,1452,T,68,6.1NRT,296.46,19.57,D
28.08116,-80.9471,317.12,1.48,1.2,2025-03-13,1452,T,67,6.1NRT,296.34,19.71,D
28.08898,-80.96764,315.09,1.48,1.2,2025-03-13,1452,T,54,6.1NRT,296.84,16.47,D
28.08731,-80.95296,323.03,1.48,1.2,2025-03-13,1452,T,79,6.1NRT,296.9,29.92,D
28.07671,-80.95438,321.05,1.48,1.2,2025-03-13,1452,T,60,6.1NRT,296.31,25.71,D
27.85631,-80.90796,346.02,1.46,1.19,2025-03-13,1452,T,94,6.1NRT,298.64,86.81,D
27.84738,-80.92386,310.88,1.46,1.19,2025-03-13,1452,T,45,6.1NRT,297.06,10.19,D
27.84578,-80.90938,320.34,1.46,1.19,2025-03-13,1452,T,76,6.1NRT,297.17,23.81,D
27.76355,-80.89716,309.91,1.45,1.19,2025-03-13,1452,T,58,6.1NRT,297.36,9.85,D
27.40363,-80.41921,309.33,1.34,1.15,2025-03-13,1452,T,57,6.1NRT,296.1,8.47,D
27.05696,-81.21992,325.24,1.49,1.21,2025-03-13,1452,T,81,6.1NRT,299.43,34.43,D
26.66187,-78.13963,316.75,1.04,1.02,2025-03-13,1452,T,63,6.1NRT,300.13,9.44,D
26.72383,-80.97868,363.37,1.42,1.18,2025-03-13,1452,T,100,6.1NRT,302.14,147.94,D
11.7359,-70.17289,315.38,4.25,1.91,2025-03-13,1454,T,48,6.1NRT,297.47,43.11,D
26.72228,-80.9647,337.69,1.42,1.18,2025-03-13,1452,T,89,6.1NRT,299.87,54.01,D
26.80052,-82.01787,309.29,1.67,1.27,2025-03-13,1452,T,42,6.1NRT,297.39,10.51,D
11.73073,-70.17945,316.74,4.25,1.91,2025-03-13,1454,T,50,6.1NRT,297.31,51.98,D
25.04592,-78.0537,316.43,1.02,1.01,2025-03-13,1452,T,66,6.1NRT,299.65,10.93,D
11.18265,-73.58513,311.58,2.34,1.48,2025-03-13,1457,T,55,6.1NRT,296.63,23.17,D
25.04456,-78.04388,311.56,1.02,1.01,2025-03-13,1452,T,49,6.1NRT,299.12,6.8,D
22.70731,-79.76514,324.25,1.1,1.05,2025-03-13,1454,T,54,6.1NRT,296.13,16.89,D
10.44407,-73.41457,318.96,2.5,1.52,2025-03-13,1457,T,65,6.1NRT,297.11,40.74,D
22.69947,-79.77698,320.53,1.11,1.05,2025-03-13,1454,T,53,6.1NRT,294.41,12.23,D
22.69808,-79.7665,325.86,1.1,1.05,2025-03-13,1454,T,79,6.1NRT,294.05,18.97,D
10.42016,-74.6319,319.95,2,1.38,2025-03-13,1457,T,69,6.1NRT,298.78,18.2,D
22.66365,-80.74294,356.07,1.23,1.1,2025-03-13,1454,T,98,6.1NRT,302.98,92.45,D
10.12081,-73.46004,316.26,2.51,1.52,2025-03-13,1457,T,35,6.1NRT,297.93,19.05,D
22.66222,-80.73128,317.9,1.23,1.1,2025-03-13,1454,T,68,6.1NRT,301.03,11.06,D
10.11711,-73.43805,318.81,2.52,1.53,2025-03-13,1457,T,64,6.1NRT,297.22,27.8,D
10.12158,-73.44267,320.3,2.52,1.53,2025-03-13,1457,T,50,6.1NRT,297.61,31.01,D
22.40751,-80.16392,315.74,1.14,1.07,2025-03-13,1454,T,67,6.1NRT,297.66,8.25,D
9.76324,-72.35053,313.77,3.13,1.68,2025-03-13,1457,T,42,6.1NRT,292.95,21.83,D
22.32206,-79.50489,330.88,1.07,1.03,2025-03-13,1454,T,84,6.1NRT,295.39,27.33,D
21.90434,-77.96039,315.06,1,1,2025-03-13,1454,T,50,6.1NRT,299.61,6.95,D
9.65637,-72.17368,317.15,3.25,1.7,2025-03-13,1457,T,63,6.1NRT,294.18,43.14,D
21.90162,-82.95738,314.07,1.67,1.27,2025-03-13,1454,T,34,6.1NRT,297.82,12.87,D
9.47132,-73.98772,319.33,2.34,1.48,2025-03-13,1457,T,70,6.1NRT,296.15,23.49,D
21.25253,-77.98436,326.95,1,1,2025-03-13,1454,T,80,6.1NRT,300.01,18.33,D
9.47295,-73.99287,317.32,2.34,1.48,2025-03-13,1457,T,32,6.1NRT,295.51,16.29,D
20.86199,-76.83781,321.14,1.04,1.02,2025-03-13,1454,T,73,6.1NRT,303.7,11.99,D
8.62939,-75.31393,316.84,1.9,1.35,2025-03-13,1457,T,68,6.1NRT,295.28,14.61,D
20.33382,-75.93874,318.74,1.14,1.06,2025-03-13,1454,T,0,6.1NRT,300.69,9.86,D
8.82112,-78.08951,321.74,1.21,1.09,2025-03-13,1457,T,76,6.1NRT,296.97,17.2,D
20.33245,-76.09572,323.76,1.12,1.05,2025-03-13,1454,T,77,6.1NRT,301.24,14.96,D
8.81948,-78.07887,320.21,1.21,1.09,2025-03-13,1457,T,74,6.1NRT,296.78,15.65,D
7.08608,-75.69647,309.95,1.89,1.34,2025-03-13,1457,T,50,6.1NRT,292.41,14.95,D
20.33084,-76.08531,322.42,1.12,1.06,2025-03-13,1454,T,75,6.1NRT,303.2,14.08,D
18.86212,-71.10452,315.46,2.57,1.54,2025-03-13,1454,T,39,6.1NRT,291.34,40.99,D
28.98362,-96.7027,312.89,1.39,1.17,2025-03-13,1630,T,29,6.1NRT,300.74,7.51,D
28.6461,-96.9574,313.02,1.36,1.15,2025-03-13,1630,T,36,6.1NRT,296.64,12.38,D
28.75492,-97.78169,328.81,1.22,1.1,2025-03-13,1630,T,80,6.1NRT,306.06,25.97,D
28.05731,-97.43393,322.04,1.3,1.13,2025-03-13,1630,T,68,6.1NRT,305.01,16.16,D
27.9117,-97.60295,317.92,1.28,1.12,2025-03-13,1630,T,22,6.1NRT,301.44,9.49,D
28.07723,-98.6261,318.05,1.14,1.06,2025-03-13,1630,T,48,6.1NRT,307.61,7.49,D
27.91127,-97.60893,325.88,1.28,1.12,2025-03-13,1630,T,56,6.1NRT,301.89,21.24,D
28.06796,-98.62801,318.7,1.14,1.06,2025-03-13,1630,T,53,6.1NRT,307.23,8.09,D
28.06616,-98.61681,328.09,1.14,1.06,2025-03-13,1630,T,77,6.1NRT,307.52,20.12,D
27.90147,-97.61102,323.54,1.28,1.12,2025-03-13,1630,T,61,6.1NRT,302.63,18.47,D
27.98281,-98.67482,319.27,1.13,1.06,2025-03-13,1630,T,59,6.1NRT,306.95,8.94,D
27.21948,-98.39095,335.21,1.19,1.09,2025-03-13,1630,T,85,6.1NRT,305.5,35.35,D
27.21754,-98.37929,348.99,1.2,1.09,2025-03-13,1630,T,94,6.1NRT,307.21,66.73,D
27.30386,-99.36366,322.63,1.08,1.04,2025-03-13,1630,T,69,6.1NRT,308.98,10.76,D
26.90738,-98.13013,320.51,1.24,1.11,2025-03-13,1630,T,66,6.1NRT,305.58,11.2,D
26.50345,-97.99731,335.7,1.28,1.12,2025-03-13,1630,T,85,6.1NRT,305.1,37.25,D
26.50133,-97.98489,333.94,1.28,1.12,2025-03-13,1630,T,84,6.1NRT,304.27,34.13,D
26.49364,-97.99933,327.01,1.28,1.12,2025-03-13,1630,T,76,6.1NRT,305.76,19.82,D
26.49152,-97.98692,329.29,1.28,1.12,2025-03-13,1630,T,79,6.1NRT,306.47,24.31,D
26.49108,-97.99286,331.6,1.28,1.12,2025-03-13,1630,T,81,6.1NRT,306.41,27.93,D
26.31393,-98.40581,325.72,1.23,1.1,2025-03-13,1630,T,74,6.1NRT,305.2,16.87,D
26.2559,-98.37473,330.56,1.23,1.1,2025-03-13,1630,T,80,6.1NRT,305.96,25.8,D
25.98362,-99.624,355.49,1.09,1.04,2025-03-13,1633,T,97,6.1NRT,310.02,74.43,D
25.98196,-99.6134,343.7,1.09,1.04,2025-03-13,1633,T,91,6.1NRT,308.02,46.31,D
25.85176,-99.7313,317.47,1.08,1.04,2025-03-13,1633,T,58,6.1NRT,305.67,8.75,D
25.7622,-99.98485,316.68,1.07,1.03,2025-03-13,1633,T,56,6.1NRT,306.58,5.73,D
25.50313,-99.69186,321.86,1.1,1.04,2025-03-13,1633,T,71,6.1NRT,304.97,12.8,D
25.42386,-99.53757,315.99,1.11,1.05,2025-03-13,1633,T,60,6.1NRT,305.23,6.83,D
25.09271,-99.6196,318.49,1.11,1.05,2025-03-13,1633,T,68,6.1NRT,307.54,8.41,D
25.63023,-106.81234,311.8,1.65,1.26,2025-03-13,1633,T,50,6.1NRT,295.81,14.03,D
25.61917,-106.81419,311.35,1.65,1.26,2025-03-13,1633,T,45,6.1NRT,296.68,12.3,D
23.59009,-98.69566,325.39,1.3,1.13,2025-03-13,1633,T,78,6.1NRT,307.28,17.98,D
23.1519,-98.78617,321.24,1.3,1.13,2025-03-13,1633,T,72,6.1NRT,305.9,13.64,D
23.7916,-103.32352,320.4,1.04,1.02,2025-03-13,1633,T,66,6.1NRT,307.66,7.34,D
22.60993,-98.06221,321.38,1.47,1.2,2025-03-13,1633,T,58,6.1NRT,306.81,12.05,D
23.65735,-105.57356,316.01,1.29,1.13,2025-03-13,1633,T,61,6.1NRT,301.86,11.3,D
23.65701,-106.16256,322.99,1.4,1.17,2025-03-13,1633,T,46,6.1NRT,306.05,16.82,D
23.64201,-106.12443,324.75,1.39,1.17,2025-03-13,1633,T,72,6.1NRT,306.16,19.63,D
23.54152,-105.79549,314.45,1.33,1.14,2025-03-13,1633,T,33,6.1NRT,302.13,6.27,D
23.54007,-105.78361,320.52,1.32,1.14,2025-03-13,1633,T,73,6.1NRT,303.45,14.36,D
23.52994,-105.78428,322.76,1.32,1.14,2025-03-13,1633,T,76,6.1NRT,303.37,17.72,D
22.31502,-99.07662,315.91,1.29,1.13,2025-03-13,1633,T,49,6.1NRT,303.72,7.84,D
22.022,-98.25697,317.07,1.46,1.2,2025-03-13,1633,T,63,6.1NRT,299.92,15.11,D
21.70781,-99.01935,317.83,1.33,1.14,2025-03-13,1633,T,67,6.1NRT,301.07,14.84,D
22.15358,-102.31535,323.43,1,1,2025-03-13,1633,T,72,6.1NRT,305.78,11.13,D
22.3702,-105.32088,327.92,1.21,1.09,2025-03-13,1633,T,80,6.1NRT,308.44,20.67,D
21.31559,-98.52699,310.83,1.45,1.19,2025-03-13,1633,T,44,6.1NRT,300.46,7.05,D
21.00079,-98.91962,310.04,1.38,1.16,2025-03-13,1633,T,40,6.1NRT,297.63,10.58,D
21.07584,-101.76254,331.64,1.02,1.01,2025-03-13,1633,T,82,6.1NRT,307.15,22.27,D
21.05368,-102.43491,318.04,1,1,2025-03-13,1633,T,43,6.1NRT,305.47,5.8,D
21.35416,-104.6554,326.25,1.1,1.05,2025-03-13,1633,T,78,6.1NRT,311.37,13.58,D
20.68121,-100.63901,320.72,1.12,1.06,2025-03-13,1633,T,65,6.1NRT,306.17,12.37,D
20.88584,-102.55101,318.24,1,1,2025-03-13,1633,T,61,6.1NRT,307.18,5.25,D
20.55517,-100.54679,319.89,1.14,1.06,2025-03-13,1633,T,41,6.1NRT,305.6,9.06,D
20.50595,-100.23627,336.61,1.18,1.08,2025-03-13,1633,T,86,6.1NRT,308.48,36.12,D
20.50421,-100.22531,332.04,1.18,1.08,2025-03-13,1633,T,83,6.1NRT,306.39,27.77,D
20.57819,-101.16912,319.08,1.07,1.03,2025-03-13,1633,T,61,6.1NRT,302.42,9.53,D
20.65989,-102.20805,317.75,1.01,1,2025-03-13,1633,T,61,6.1NRT,306.2,5.81,D
20.42923,-100.74252,318.95,1.12,1.05,2025-03-13,1633,T,62,6.1NRT,306.64,9.37,D
20.6056,-102.02385,332.74,1.02,1.01,2025-03-13,1633,T,83,6.1NRT,303.56,23.78,D
20.70586,-103.75346,319.68,1.02,1.01,2025-03-13,1633,T,66,6.1NRT,304.7,8.48,D
20.70454,-103.74395,320.55,1.02,1.01,2025-03-13,1633,T,68,6.1NRT,304.82,8.77,D
19.49281,-96.39377,316.27,2.23,1.45,2025-03-13,1633,T,65,6.1NRT,301.26,18.86,D
20.37255,-102.13864,316.09,1.02,1.01,2025-03-13,1633,T,54,6.1NRT,304.64,5.6,D
19.35813,-96.44935,316.86,2.23,1.45,2025-03-13,1633,T,64,6.1NRT,300.91,21.35,D
19.96594,-100.08667,326.21,1.22,1.1,2025-03-13,1633,T,59,6.1NRT,308.79,21.71,D
19.35781,-96.45509,317.04,2.23,1.45,2025-03-13,1633,T,64,6.1NRT,300.88,22.2,D
20.36633,-102.9758,322.39,1,1,2025-03-13,1633,T,63,6.1NRT,306.99,11.45,D
19.73299,-99.21102,320.88,1.39,1.17,2025-03-13,1633,T,35,6.1NRT,301.74,12.67,D
20.39295,-103.75247,320.68,1.02,1.01,2025-03-13,1633,T,70,6.1NRT,305.14,9.26,D
20.39163,-103.74297,321.4,1.02,1.01,2025-03-13,1633,T,71,6.1NRT,305.42,9.83,D
19.70248,-99.21651,318.27,1.39,1.17,2025-03-13,1633,T,26,6.1NRT,301.51,10.11,D
19.67953,-99.1413,315.87,1.41,1.17,2025-03-13,1633,T,31,6.1NRT,299.51,7.1,D
20.11024,-101.92274,317.16,1.03,1.01,2025-03-13,1633,T,60,6.1NRT,305.87,6.45,D
19.54682,-99.20458,318.69,1.4,1.17,2025-03-13,1633,T,51,6.1NRT,304,11.36,D
20.02684,-102.54535,318.68,1.01,1,2025-03-13,1633,T,57,6.1NRT,304.35,9.14,D
19.78716,-100.96055,316.72,1.11,1.05,2025-03-13,1633,T,43,6.1NRT,304.47,5.6,D
19.49744,-99.16036,318.83,1.41,1.18,2025-03-13,1633,T,68,6.1NRT,304.45,11.23,D
19.94342,-102.54563,328.14,1.01,1,2025-03-13,1633,T,80,6.1NRT,307.1,17.55,D
19.80914,-101.76601,322.72,1.04,1.02,2025-03-13,1633,T,76,6.1NRT,304.39,11.56,D
18.85558,-96.1656,314.59,2.4,1.49,2025-03-13,1633,T,61,6.1NRT,300.84,19.5,D
20.18792,-104.81503,320.9,1.09,1.04,2025-03-13,1633,T,71,6.1NRT,306.93,12.66,D
19.38004,-99.57173,316.64,1.34,1.15,2025-03-13,1633,T,47,6.1NRT,303.22,7.53,D
19.37803,-99.55946,315.32,1.34,1.15,2025-03-13,1633,T,40,6.1NRT,301.66,6.56,D
19.06459,-98.10743,317.12,1.7,1.28,2025-03-13,1633,T,63,6.1NRT,301.1,13.03,D
19.76196,-102.56812,315.58,1.01,1,2025-03-13,1633,T,49,6.1NRT,304.47,6.8,D
19.29295,-99.54269,321.22,1.35,1.15,2025-03-13,1633,T,55,6.1NRT,303.72,13.53,D
19.62166,-102.06088,327.13,1.03,1.01,2025-03-13,1633,T,69,6.1NRT,300.58,21.17,D
18.61882,-96.38865,321.17,2.33,1.48,2025-03-13,1633,T,73,6.1NRT,300.52,33.58,D
18.50853,-96.14609,324.66,2.45,1.51,2025-03-13,1633,T,77,6.1NRT,300.13,53.84,D
19.66397,-103.35384,317.39,1,1,2025-03-13,1633,T,64,6.1NRT,304.89,7.24,D
17.88908,-93.17124,313.47,4.25,1.91,2025-03-13,1633,T,59,6.1NRT,299.42,50.27,D
19.73071,-104.1656,318.7,1.03,1.01,2025-03-13,1633,T,66,6.1NRT,306.6,7.4,D
17.90104,-93.17506,315.59,4.25,1.91,2025-03-13,1633,T,65,6.1NRT,299.26,66.07,D
17.83644,-93.10966,327.89,4.31,1.92,2025-03-13,1633,T,81,6.1NRT,299.39,170.4,D
18.89827,-99.02799,315.96,1.47,1.2,2025-03-13,1633,T,65,6.1NRT,302.88,9.06,D
17.83162,-93.11585,327.24,4.31,1.92,2025-03-13,1633,T,81,6.1NRT,299.36,164.55,D
19.0893,-102.07833,323.44,1.03,1.02,2025-03-13,1633,T,64,6.1NRT,310.78,10.39,D
18.8279,-102.00226,323.26,1.04,1.02,2025-03-13,1633,T,59,6.1NRT,306.73,9.66,D
18.60284,-100.89481,324.42,1.15,1.07,2025-03-13,1633,T,72,6.1NRT,309.9,9.42,D
18.43959,-102.49525,315.94,1.02,1.01,2025-03-13,1635,T,39,6.1NRT,297.64,9.8,D
18.43821,-102.48597,321.29,1.02,1.01,2025-03-13,1635,T,68,6.1NRT,296.93,15.15,D
18.43073,-102.49652,351.87,1.02,1.01,2025-03-13,1635,T,96,6.1NRT,302.77,62.94,D
18.42934,-102.48718,324.49,1.02,1.01,2025-03-13,1635,T,72,6.1NRT,298.29,17.72,D
17.93465,-102.20896,318.61,1.04,1.02,2025-03-13,1635,T,36,6.1NRT,305.32,7.91,D
16.48733,-97.64402,311.65,2.07,1.4,2025-03-13,1635,T,44,6.1NRT,297.47,21.22,D
33.16417,-94.41566,307.55,1.59,1.24,2025-03-13,1628,T,57,6.1NRT,296.34,10.25,D
32.46243,-95.45634,316.04,1.42,1.18,2025-03-13,1628,T,73,6.1NRT,297,16.3,D
32.45976,-95.44174,315.45,1.42,1.18,2025-03-13,1628,T,72,6.1NRT,296.87,15.29,D
32.46403,-95.44722,323.58,1.42,1.18,2025-03-13,1628,T,81,6.1NRT,296.66,28.07,D
31.46077,-96.09904,306.09,1.36,1.15,2025-03-13,1628,T,46,6.1NRT,293.69,6.32,D
31.42624,-95.95428,308.88,1.39,1.17,2025-03-13,1628,T,63,6.1NRT,295.32,11.2,D
30.26448,-93.28184,327.93,2.19,1.43,2025-03-13,1628,T,84,6.1NRT,295.88,69.7,D
30.25209,-93.28515,309.3,2.19,1.43,2025-03-13,1628,T,53,6.1NRT,295.42,14.76,D
30.34753,-96.52562,312.46,1.34,1.15,2025-03-13,1628,T,50,6.1NRT,297.45,12.44,D
29.8665,-96.55441,309.2,1.36,1.16,2025-03-13,1628,T,41,6.1NRT,292.56,10.48,D
7.32256,-67.31305,339.35,1.95,1.36,2025-03-13,1919,A,80,6.1NRT,299.84,70.36,D
7.32017,-67.33015,331.3,1.95,1.36,2025-03-13,1919,A,38,6.1NRT,305.08,34.18,D
7.31516,-67.31763,332.42,1.95,1.36,2025-03-13,1919,A,73,6.1NRT,297.94,43.37,D
7.32714,-67.31924,343.71,1.95,1.36,2025-03-13,1919,A,84,6.1NRT,304.28,90.64,D
7.36034,-67.25348,339.43,1.98,1.37,2025-03-13,1919,A,85,6.1NRT,304.7,68.24,D
7.41817,-67.19009,338.74,2,1.38,2025-03-13,1919,A,80,6.1NRT,303.29,64.02,D
7.04677,-69.91065,335.52,1.25,1.11,2025-03-13,1919,A,77,6.1NRT,307.07,28.36,D
7.48796,-66.60081,325.06,2.24,1.45,2025-03-13,1919,A,0,6.1NRT,300.41,30.41,D
7.05045,-69.90661,339.55,1.26,1.11,2025-03-13,1919,A,79,6.1NRT,308.03,37.54,D
7.42569,-67.18024,327.57,2.01,1.38,2025-03-13,1919,A,23,6.1NRT,301.87,23.64,D
7.02589,-70.43567,331.2,1.17,1.08,2025-03-13,1919,A,60,6.1NRT,303.21,22.79,D
7.02443,-70.44595,342.69,1.17,1.08,2025-03-13,1919,A,89,6.1NRT,301.91,45.53,D
7.22587,-69.23177,379.68,1.4,1.17,2025-03-13,1919,A,82,6.1NRT,306.27,224.5,D
7.22414,-69.24403,363.2,1.39,1.17,2025-03-13,1919,A,82,6.1NRT,300.95,132.58,D
7.50652,-67.16064,336.91,2.02,1.39,2025-03-13,1919,A,55,6.1NRT,297.85,68.53,D
7.01461,-71.55463,318.99,1.05,1.02,2025-03-13,1919,A,49,6.1NRT,300.34,5.7,D
7.12221,-70.99158,332.86,1.1,1.05,2025-03-13,1919,A,81,6.1NRT,303.43,23.69,D
7.12083,-71.00127,344.1,1.1,1.05,2025-03-13,1919,A,90,6.1NRT,304.82,43.03,D
7.19987,-70.57735,336.69,1.16,1.07,2025-03-13,1919,A,79,6.1NRT,299.84,33.5,D
7.16935,-70.85874,333.56,1.12,1.05,2025-03-13,1919,A,81,6.1NRT,301.53,25.18,D
7.07448,-71.64787,351.17,1.04,1.02,2025-03-13,1919,A,95,6.1NRT,302.47,57.8,D
7.16189,-71.16041,327.59,1.09,1.04,2025-03-13,1919,A,51,6.1NRT,301.52,16.95,D
7.05682,-71.90186,324.47,1.03,1.01,2025-03-13,1919,A,56,6.1NRT,294.81,14.19,D
7.78253,-66.83564,327.28,2.17,1.43,2025-03-13,1919,A,56,6.1NRT,300.3,31.8,D
7.09216,-71.97149,315.09,1.02,1.01,2025-03-13,1919,A,26,6.1NRT,296.3,5.54,D
7.83749,-66.90091,328.07,2.15,1.42,2025-03-13,1919,A,48,6.1NRT,297.27,37.65,D
7.09268,-72.15515,318.31,1.02,1.01,2025-03-13,1919,A,49,6.1NRT,295.61,11.1,D
7.19383,-71.52698,344,1.05,1.03,2025-03-13,1919,A,91,6.1NRT,302.44,41.5,D
7.19252,-71.53625,368.11,1.05,1.03,2025-03-13,1919,A,100,6.1NRT,305.09,105.45,D
7.21601,-71.4352,328.92,1.06,1.03,2025-03-13,1919,A,78,6.1NRT,305.79,16.46,D
7.19889,-71.55608,320.5,1.05,1.02,2025-03-13,1919,A,30,6.1NRT,302.61,7.09,D
7.84004,-66.90845,336.22,2.15,1.42,2025-03-13,1919,A,77,6.1NRT,300.55,72.07,D
7.85254,-66.91014,327.64,2.15,1.42,2025-03-13,1919,A,43,6.1NRT,300.6,35.78,D
7.22612,-71.49376,326.16,1.06,1.03,2025-03-13,1919,A,74,6.1NRT,303.6,12.94,D
7.2248,-71.50306,322.19,1.06,1.03,2025-03-13,1919,A,67,6.1NRT,301.37,8.54,D
7.19587,-71.70599,324.29,1.04,1.02,2025-03-13,1919,A,65,6.1NRT,301.14,13.79,D
7.26415,-71.61275,325.84,1.05,1.02,2025-03-13,1919,A,56,6.1NRT,304.07,13.37,D
7.25509,-71.86926,321.39,1.03,1.01,2025-03-13,1919,A,67,6.1NRT,299.57,9.97,D
7.2549,-71.93408,321.4,1.03,1.01,2025-03-13,1919,A,68,6.1NRT,301.12,7.99,D
7.28702,-71.83684,335.61,1.03,1.02,2025-03-13,1919,A,85,6.1NRT,298.7,27.83,D
7.29725,-71.82904,319.32,1.03,1.02,2025-03-13,1919,A,61,6.1NRT,296.15,7.35,D
7.55979,-70.2928,344.85,1.21,1.09,2025-03-13,1919,A,90,6.1NRT,306.61,48.36,D
7.5694,-70.29417,336.52,1.21,1.09,2025-03-13,1919,A,75,6.1NRT,304.92,30.66,D
7.33847,-71.99926,324.4,1.03,1.01,2025-03-13,1919,A,60,6.1NRT,297.19,15.27,D
7.33717,-72.00832,327.9,1.02,1.01,2025-03-13,1919,A,72,6.1NRT,298.65,19.29,D
7.1236,-73.72202,324.5,1.02,1.01,2025-03-13,1919,A,69,6.1NRT,290.14,16.88,D
7.99969,-67.59851,327.92,1.9,1.35,2025-03-13,1919,A,42,6.1NRT,300.43,34.22,D
7.61537,-70.5523,373.68,1.17,1.08,2025-03-13,1919,A,100,6.1NRT,307.06,145.03,D
7.71933,-69.94209,332.14,1.28,1.12,2025-03-13,1919,A,66,6.1NRT,304.47,23.14,D
7.71778,-69.95331,330.55,1.27,1.12,2025-03-13,1919,A,54,6.1NRT,304.02,20.15,D
7.68127,-70.21727,328.65,1.23,1.1,2025-03-13,1919,A,46,6.1NRT,306.48,14.8,D
7.69093,-70.21865,336.44,1.23,1.1,2025-03-13,1919,A,81,6.1NRT,306.18,29.37,D
7.1296,-74.11745,314.99,1.04,1.02,2025-03-13,1919,A,61,6.1NRT,293.96,6.91,D
7.12824,-74.12661,345.5,1.04,1.02,2025-03-13,1919,A,93,6.1NRT,294.79,49.63,D
7.13855,-74.1188,312.85,1.04,1.02,2025-03-13,1919,A,38,6.1NRT,292.68,5.05,D
7.13718,-74.12797,341.61,1.04,1.02,2025-03-13,1919,A,91,6.1NRT,294.47,42,D
7.02539,-75.06548,307.62,1.14,1.06,2025-03-13,1919,A,40,6.1NRT,287.92,6.68,D
7.81402,-69.7058,327.09,1.32,1.14,2025-03-13,1919,A,26,6.1NRT,303.51,15.87,D
7.14208,-74.40897,327.56,1.07,1.03,2025-03-13,1919,A,82,6.1NRT,292.62,24.25,D
7.10769,-74.63586,317.22,1.09,1.04,2025-03-13,1919,A,53,6.1NRT,293.56,10.2,D
7.10625,-74.64532,337.67,1.09,1.04,2025-03-13,1919,A,89,6.1NRT,295.1,38.43,D
7.52422,-71.92761,326.53,1.03,1.01,2025-03-13,1919,A,73,6.1NRT,302.15,15.34,D
7.52292,-71.9367,321.12,1.03,1.01,2025-03-13,1919,A,62,6.1NRT,302.78,8.81,D
7.99481,-68.60122,325.49,1.59,1.24,2025-03-13,1919,A,32,6.1NRT,303.38,18.03,D
7.99292,-68.61521,341.34,1.59,1.24,2025-03-13,1919,A,87,6.1NRT,308.32,62.74,D
7.99104,-68.62919,337.63,1.58,1.24,2025-03-13,1919,A,83,6.1NRT,305.51,50.12,D
8.00572,-68.60271,330.6,1.59,1.24,2025-03-13,1919,A,64,6.1NRT,300.45,27.44,D
8.00383,-68.61671,355.5,1.59,1.24,2025-03-13,1919,A,97,6.1NRT,305.18,117.63,D
7.95055,-69.00864,332.57,1.48,1.2,2025-03-13,1919,A,64,6.1NRT,305.48,25.24,D
7.94876,-69.0217,330.19,1.48,1.2,2025-03-13,1919,A,44,6.1NRT,307.45,21.03,D
7.08546,-75.0307,313.64,1.13,1.06,2025-03-13,1919,A,58,6.1NRT,285.99,11.85,D
7.96111,-69.0101,329.68,1.48,1.2,2025-03-13,1919,A,27,6.1NRT,306.7,18.97,D
7.36915,-73.30801,328.09,1,1,2025-03-13,1919,A,82,6.1NRT,290.44,21.76,D
7.36786,-73.31677,310.36,1,1,2025-03-13,1919,A,51,6.1NRT,290.02,4.96,D
7.66592,-71.44489,328.02,1.07,1.03,2025-03-13,1919,A,75,6.1NRT,302.37,15.23,D
8.06196,-69.09588,342.51,1.47,1.2,2025-03-13,1919,A,88,6.1NRT,303.98,59.93,D
8.07247,-69.09733,342.73,1.47,1.2,2025-03-13,1919,A,83,6.1NRT,305.24,59.83,D
7.70044,-71.78294,324.11,1.04,1.02,2025-03-13,1919,A,70,6.1NRT,298.93,16.21,D
7.69908,-71.7923,323.37,1.04,1.02,2025-03-13,1919,A,69,6.1NRT,299.23,15.38,D
7.65332,-72.18946,323.67,1.02,1.01,2025-03-13,1919,A,56,6.1NRT,301.38,14.42,D
7.65943,-72.2728,321.2,1.02,1.01,2025-03-13,1919,A,62,6.1NRT,292.35,14.12,D
7.36141,-74.42542,313.45,1.06,1.03,2025-03-13,1919,A,58,6.1NRT,289.89,8.22,D
7.7805,-71.7454,325.06,1.05,1.02,2025-03-13,1919,A,73,6.1NRT,300.07,17.1,D
7.56217,-73.31299,323.49,1,1,2025-03-13,1919,A,78,6.1NRT,291.39,16.01,D
7.83253,-71.70218,324.1,1.05,1.02,2025-03-13,1919,A,73,6.1NRT,299.71,15.23,D
7.83761,-71.73092,331.75,1.05,1.02,2025-03-13,1919,A,78,6.1NRT,297.81,26.04,D
7.87042,-71.56469,325.55,1.06,1.03,2025-03-13,1919,A,75,6.1NRT,301.1,16.36,D
7.86443,-71.7354,314.21,1.05,1.02,2025-03-13,1919,A,25,6.1NRT,297.39,6.9,D
7.95859,-71.40166,314.83,1.08,1.04,2025-03-13,1919,A,33,6.1NRT,296.57,8.03,D
7.93042,-71.66687,338.87,1.06,1.03,2025-03-13,1919,A,83,6.1NRT,301.98,36.53,D
7.92909,-71.6762,328.63,1.06,1.03,2025-03-13,1919,A,75,6.1NRT,299.97,21.19,D
8.00083,-71.29993,346.25,1.09,1.04,2025-03-13,1919,A,87,6.1NRT,297.03,53.96,D
8.41593,-68.69833,328.08,1.59,1.24,2025-03-13,1919,A,48,6.1NRT,301.34,23.93,D
8.04607,-71.30921,318.46,1.09,1.04,2025-03-13,1919,A,35,6.1NRT,297.61,12,D
8.24575,-69.98476,331.2,1.29,1.13,2025-03-13,1919,A,78,6.1NRT,305.36,23.48,D
7.70705,-73.77927,323.48,1.02,1.01,2025-03-13,1919,A,0,6.1NRT,295.55,13.64,D
7.81622,-73.09894,310.9,1,1,2025-03-13,1919,A,46,6.1NRT,287.74,7.15,D
7.752,-73.6584,317.49,1.01,1.01,2025-03-13,1919,A,49,6.1NRT,296.59,6.05,D
8.46474,-68.68219,328.8,1.6,1.24,2025-03-13,1919,A,52,6.1NRT,300.93,22.93,D
8.46283,-68.69625,347.45,1.59,1.24,2025-03-13,1919,A,92,6.1NRT,304.59,84.16,D
7.77069,-74.09839,315.96,1.03,1.02,2025-03-13,1919,A,67,6.1NRT,293.38,8.32,D
7.65366,-75.06499,323.85,1.12,1.06,2025-03-13,1919,A,74,6.1NRT,289.79,18.91,D
7.72382,-75.02106,313.57,1.12,1.05,2025-03-13,1919,A,35,6.1NRT,291.08,8.26,D
8.64597,-68.61835,352,1.62,1.25,2025-03-13,1919,A,95,6.1NRT,303.87,103.26,D
8.70492,-68.4335,340.03,1.68,1.27,2025-03-13,1919,A,86,6.1NRT,306.1,52.64,D
8.2614,-71.66874,346.29,1.06,1.03,2025-03-13,1919,A,93,6.1NRT,298.59,55.51,D
8.26004,-71.67818,322.49,1.06,1.03,2025-03-13,1919,A,69,6.1NRT,294.72,17.71,D
8.20715,-72.25222,315.29,1.02,1.01,2025-03-13,1919,A,39,6.1NRT,296.79,7.14,D
8.57994,-69.86332,327.41,1.32,1.14,2025-03-13,1919,A,59,6.1NRT,306.61,15.72,D
8.58996,-69.86472,333.14,1.32,1.14,2025-03-13,1919,A,80,6.1NRT,306.78,25.24,D
8.58833,-69.8764,328.24,1.32,1.14,2025-03-13,1919,A,60,6.1NRT,305.86,15.61,D
8.81765,-68.28719,331.99,1.73,1.29,2025-03-13,1919,A,53,6.1NRT,306.99,30.93,D
8.26468,-72.74017,327.19,1,1,2025-03-13,1921,A,80,6.1NRT,294.79,21.15,D
8.88882,-68.51614,338.09,1.67,1.27,2025-03-13,1921,A,73,6.1NRT,305.38,47.04,D
8.31274,-72.65664,320.75,1.01,1,2025-03-13,1921,A,73,6.1NRT,297.42,11.88,D
8.8917,-68.50842,332.04,1.67,1.27,2025-03-13,1921,A,58,6.1NRT,306.34,26.42,D
8.87788,-68.78507,329.11,1.59,1.24,2025-03-13,1921,A,48,6.1NRT,304.78,26.96,D
8.76668,-69.76955,328.81,1.35,1.15,2025-03-13,1921,A,74,6.1NRT,306.94,18.8,D
8.76505,-69.78146,325.33,1.35,1.15,2025-03-13,1921,A,61,6.1NRT,304.84,11.8,D
8.86241,-69.22406,363.43,1.48,1.2,2025-03-13,1921,A,100,6.1NRT,305.29,144.23,D
8.86062,-69.23708,330.85,1.47,1.2,2025-03-13,1921,A,69,6.1NRT,304.09,28.2,D
8.1938,-74.29487,316.56,1.04,1.02,2025-03-13,1921,A,40,6.1NRT,291.12,11.41,D
8.96235,-68.99942,331.1,1.54,1.22,2025-03-13,1921,A,48,6.1NRT,307.61,26.28,D
8.89539,-69.4946,328.42,1.42,1.18,2025-03-13,1921,A,69,6.1NRT,306.99,16.21,D
8.21434,-74.27946,317.53,1.04,1.02,2025-03-13,1921,A,51,6.1NRT,292.43,11.34,D
8.90573,-69.49604,328.68,1.42,1.18,2025-03-13,1921,A,65,6.1NRT,306.23,17.39,D
8.93319,-69.60104,327.6,1.39,1.17,2025-03-13,1921,A,39,6.1NRT,305.06,15.64,D
9.02025,-69.01418,339.31,1.54,1.22,2025-03-13,1921,A,76,6.1NRT,305.38,41.65,D
8.09746,-75.4786,318.73,1.16,1.07,2025-03-13,1921,A,27,6.1NRT,293.8,9.25,D
8.91728,-69.86395,339.23,1.34,1.15,2025-03-13,1921,A,85,6.1NRT,302.81,45.29,D
8.92732,-69.86556,329.37,1.34,1.15,2025-03-13,1921,A,68,6.1NRT,304.19,24.41,D
8.91772,-69.93605,350.2,1.32,1.14,2025-03-13,1921,A,94,6.1NRT,301.83,75.22,D
8.55002,-72.81055,313.12,1,1,2025-03-13,1921,A,57,6.1NRT,295.33,6.25,D
8.3804,-73.96988,314.11,1.02,1.01,2025-03-13,1921,A,38,6.1NRT,293.58,6.32,D
8.33706,-74.32458,333.37,1.04,1.02,2025-03-13,1921,A,85,6.1NRT,295.11,29.34,D
8.26215,-74.82888,319.29,1.08,1.04,2025-03-13,1921,A,70,6.1NRT,295.46,12.08,D
8.58954,-72.66211,314.94,1.01,1,2025-03-13,1921,A,62,6.1NRT,297.08,6.02,D
9.08095,-69.40411,328.22,1.45,1.19,2025-03-13,1921,A,65,6.1NRT,307.76,16.33,D
8.35517,-74.51225,313.05,1.05,1.02,2025-03-13,1921,A,33,6.1NRT,295.14,7.28,D
9.05122,-69.85242,327.71,1.35,1.15,2025-03-13,1921,A,51,6.1NRT,303.17,22.93,D
9.04957,-69.86436,326.33,1.34,1.15,2025-03-13,1921,A,64,6.1NRT,301.93,21.12,D
8.44811,-74.13326,315.07,1.03,1.01,2025-03-13,1921,A,57,6.1NRT,297.04,7.28,D
8.44678,-74.14223,330.6,1.03,1.01,2025-03-13,1921,A,83,6.1NRT,296.63,24.16,D
8.64656,-72.83947,316.85,1,1,2025-03-13,1921,A,65,6.1NRT,297.29,7.85,D
8.29343,-75.46922,326.55,1.16,1.07,2025-03-13,1921,A,79,6.1NRT,293.04,20.94,D
8.29186,-75.47942,325.81,1.16,1.07,2025-03-13,1921,A,72,6.1NRT,291.34,21.12,D
8.78279,-72.22587,322.99,1.03,1.01,2025-03-13,1921,A,74,6.1NRT,298.98,12.99,D
9.11461,-69.91721,331.75,1.34,1.15,2025-03-13,1921,A,78,6.1NRT,301.74,31.83,D
9.14983,-69.95867,331.4,1.33,1.14,2025-03-13,1921,A,78,6.1NRT,296.97,34.15,D
8.76281,-72.87806,322.19,1,1,2025-03-13,1921,A,73,6.1NRT,299.67,11.76,D
8.76153,-72.88692,317.2,1,1,2025-03-13,1921,A,65,6.1NRT,299.71,7.03,D
8.78551,-72.84523,331.35,1,1,2025-03-13,1921,A,83,6.1NRT,300.49,21.95,D
8.78423,-72.85409,332.14,1,1,2025-03-13,1921,A,84,6.1NRT,300.62,23.07,D
8.57934,-74.24931,320.15,1.03,1.01,2025-03-13,1921,A,70,6.1NRT,299.34,11.47,D
9.46913,-67.94841,331,1.89,1.34,2025-03-13,1921,A,64,6.1NRT,304.52,31.5,D
9.22632,-69.76713,335.07,1.37,1.16,2025-03-13,1921,A,82,6.1NRT,304.52,37.59,D
8.64427,-73.87281,330.65,1.01,1.01,2025-03-13,1921,A,82,6.1NRT,298.93,21.78,D
8.64295,-73.88174,319.62,1.01,1.01,2025-03-13,1921,A,69,6.1NRT,299.79,9.29,D
9.33253,-69.06176,331.94,1.54,1.22,2025-03-13,1921,A,67,6.1NRT,308.19,19.27,D
8.63371,-74.1277,316.86,1.02,1.01,2025-03-13,1921,A,63,6.1NRT,298.19,8.68,D
8.64257,-74.1291,315.31,1.02,1.01,2025-03-13,1921,A,59,6.1NRT,297.79,7.51,D
8.29262,-76.4602,319.56,1.32,1.14,2025-03-13,1921,A,71,6.1NRT,294,16.95,D
8.29084,-76.47186,318.98,1.32,1.14,2025-03-13,1921,A,70,6.1NRT,293.22,16.08,D
9.42608,-68.70168,335.87,1.65,1.26,2025-03-13,1921,A,80,6.1NRT,305.94,39.4,D
9.29082,-69.677,326.22,1.39,1.17,2025-03-13,1921,A,62,6.1NRT,303.16,19.89,D
9.28908,-69.68941,324.93,1.39,1.17,2025-03-13,1921,A,54,6.1NRT,302.57,16.22,D
9.28861,-69.68366,329,1.39,1.17,2025-03-13,1921,A,63,6.1NRT,303.84,26.57,D
9.42946,-68.6942,332.33,1.65,1.26,2025-03-13,1921,A,58,6.1NRT,306.29,28.71,D
9.44207,-68.76968,328.2,1.63,1.26,2025-03-13,1921,A,38,6.1NRT,302.36,19.49,D
8.71706,-74.00901,314.67,1.02,1.01,2025-03-13,1921,A,42,6.1NRT,299.12,4.88,D
8.69707,-74.14377,322.07,1.02,1.01,2025-03-13,1921,A,73,6.1NRT,297.42,14.19,D
8.70995,-74.11806,315.16,1.02,1.01,2025-03-13,1921,A,53,6.1NRT,297.3,6.81,D
8.11541,-78.05642,313.81,1.73,1.29,2025-03-13,1921,A,50,6.1NRT,294.72,15.09,D
8.12671,-78.05808,316.99,1.73,1.29,2025-03-13,1921,A,69,6.1NRT,295.33,20.94,D
8.73247,-74.14961,315.01,1.02,1.01,2025-03-13,1921,A,58,6.1NRT,299.27,6.28,D
8.92152,-72.99538,315.04,1,1,2025-03-13,1921,A,59,6.1NRT,299.15,5.97,D
8.7546,-74.13087,318.54,1.02,1.01,2025-03-13,1921,A,67,6.1NRT,298.6,10.35,D
8.81128,-73.81018,330.04,1.01,1,2025-03-13,1921,A,62,6.1NRT,300.63,21.51,D
10.0391,-64.88358,318.36,3.39,1.74,2025-03-13,1921,A,38,6.1NRT,294.45,48.84,D
9.52578,-69.07302,326.72,1.55,1.23,2025-03-13,1921,A,68,6.1NRT,307.68,15.84,D
8.80907,-74.13012,352.27,1.02,1.01,2025-03-13,1921,A,96,6.1NRT,299.99,61.26,D
8.80773,-74.13914,327.81,1.02,1.01,2025-03-13,1921,A,75,6.1NRT,300.54,18.35,D
8.19666,-78.1227,312.83,1.74,1.29,2025-03-13,1921,A,59,6.1NRT,293.99,14.96,D
9.03568,-72.91049,331.65,1,1,2025-03-13,1921,A,83,6.1NRT,298.91,24.27,D
9.96338,-66.13126,320.9,2.69,1.57,2025-03-13,1921,A,62,6.1NRT,298.64,41.86,D
9.65447,-68.72292,327.06,1.65,1.26,2025-03-13,1921,A,54,6.1NRT,301.21,23.31,D
8.32162,-77.92,330.9,1.67,1.27,2025-03-13,1921,A,84,6.1NRT,297.26,51.42,D
9.15406,-72.52684,321.33,1.02,1.01,2025-03-13,1921,A,69,6.1NRT,297.76,10.5,D
8.94938,-73.99272,318.35,1.01,1.01,2025-03-13,1921,A,0,6.1NRT,302.89,6.42,D
8.94807,-74.00167,330.19,1.01,1.01,2025-03-13,1921,A,0,6.1NRT,301.06,19.44,D
8.90018,-74.32651,318.17,1.03,1.01,2025-03-13,1921,A,0,6.1NRT,302.17,7.78,D
22.12038,-80.23387,327.32,1.4,1.17,2025-03-13,1925,A,76,6.1NRT,298.23,30.82,D
22.20286,-80.29755,314.46,1.4,1.17,2025-03-13,1925,A,60,6.1NRT,289.87,12.2,D
9.14721,-72.95995,314.78,1,1,2025-03-13,1921,A,53,6.1NRT,298.74,6.14,D
22.33825,-80.16221,314.81,1.37,1.16,2025-03-13,1925,A,42,6.1NRT,294.59,11.52,D
9.14592,-72.9688,317.05,1,1,2025-03-13,1921,A,64,6.1NRT,299.81,7.76,D
22.28722,-80.76216,318.17,1.5,1.21,2025-03-13,1925,A,56,6.1NRT,300.42,12.09,D
10.0219,-67.0104,321.94,2.29,1.46,2025-03-13,1921,A,36,6.1NRT,301.33,30.36,D
22.685,-79.76296,344.85,1.28,1.12,2025-03-13,1925,A,93,6.1NRT,299.77,63.26,D
10.02455,-66.99813,319.44,2.29,1.47,2025-03-13,1921,A,38,6.1NRT,299.95,27.54,D
22.68295,-79.77498,338.62,1.28,1.12,2025-03-13,1925,A,89,6.1NRT,301.25,47.46,D
8.92987,-75.11853,322.54,1.1,1.04,2025-03-13,1921,A,62,6.1NRT,301.71,9.55,D
9.1353,-73.92365,333.04,1.01,1,2025-03-13,1921,A,73,6.1NRT,302.8,22.5,D
22.50223,-81.12183,328.12,1.57,1.24,2025-03-13,1925,A,82,6.1NRT,300.46,34.49,D
22.55624,-81.15508,324.22,1.58,1.24,2025-03-13,1925,A,69,6.1NRT,296.42,25.87,D
9.82307,-69.16264,322.67,1.54,1.22,2025-03-13,1921,A,30,6.1NRT,303.77,13.8,D
22.70121,-80.921,318.5,1.51,1.21,2025-03-13,1925,A,22,6.1NRT,301.17,15,D
9.82754,-69.15495,325.1,1.55,1.23,2025-03-13,1921,A,58,6.1NRT,304.39,17.69,D
22.81175,-80.40859,354.26,1.39,1.17,2025-03-13,1925,A,84,6.1NRT,294.5,106.24,D
9.13634,-74.23222,323.61,1.02,1.01,2025-03-13,1921,A,55,6.1NRT,305.4,8.32,D
22.76609,-80.86141,325.59,1.49,1.21,2025-03-13,1925,A,68,6.1NRT,301.33,28.31,D
9.135,-74.24126,325.37,1.02,1.01,2025-03-13,1921,A,63,6.1NRT,303.91,11.06,D
22.77109,-80.86913,319.13,1.49,1.21,2025-03-13,1925,A,50,6.1NRT,301.75,16.5,D
9.42519,-72.43729,319.95,1.03,1.01,2025-03-13,1921,A,69,6.1NRT,300.13,8.04,D
10.16926,-67.08395,321.93,2.27,1.46,2025-03-13,1921,A,65,6.1NRT,299.75,32.84,D
22.78912,-81.34441,328.21,1.61,1.25,2025-03-13,1925,A,82,6.1NRT,298.34,44.52,D
24.59738,-78.03867,323.44,1.03,1.02,2025-03-13,1925,A,66,6.1NRT,303.03,13.64,D
9.71425,-70.59892,332.52,1.23,1.1,2025-03-13,1921,A,78,6.1NRT,300.4,30.4,D
9.17078,-74.36729,321.65,1.03,1.01,2025-03-13,1921,A,64,6.1NRT,304.87,7.73,D
24.59587,-78.04855,317.86,1.03,1.02,2025-03-13,1925,A,52,6.1NRT,304.01,7.65,D
9.16944,-74.37639,323.34,1.03,1.01,2025-03-13,1921,A,71,6.1NRT,304.39,9.46,D
10.16974,-67.09181,323.71,2.27,1.46,2025-03-13,1921,A,62,6.1NRT,300.54,36.68,D
24.90316,-76.15533,312.25,1.02,1.01,2025-03-13,1925,A,0,6.1NRT,297.37,7.56,D
9.71869,-70.59525,324.75,1.24,1.1,2025-03-13,1921,A,62,6.1NRT,300.47,18.09,D
9.22922,-74.0507,324.26,1.01,1.01,2025-03-13,1921,A,54,6.1NRT,305.32,7.48,D
24.77121,-78.05312,326.61,1.03,1.01,2025-03-13,1925,A,46,6.1NRT,304.13,17,D
9.22789,-74.05965,323.82,1.01,1.01,2025-03-13,1921,A,47,6.1NRT,306.23,6.79,D
24.79044,-78.04659,321.73,1.03,1.01,2025-03-13,1925,A,74,6.1NRT,299.75,13.29,D
9.2513,-73.96268,372.71,1.01,1,2025-03-13,1921,A,100,6.1NRT,306.54,113.3,D
24.78893,-78.05645,321.84,1.03,1.01,2025-03-13,1925,A,74,6.1NRT,301.34,13.3,D
9.24998,-73.9716,359.6,1.01,1.01,2025-03-13,1921,A,99,6.1NRT,306.54,71.93,D
24.82027,-77.91061,325.99,1.02,1.01,2025-03-13,1925,A,71,6.1NRT,300.34,17.9,D
9.21532,-74.20472,334.62,1.02,1.01,2025-03-13,1921,A,84,6.1NRT,304.17,20.93,D
24.82938,-77.91807,318.93,1.02,1.01,2025-03-13,1925,A,70,6.1NRT,299.46,12.51,D
9.21397,-74.21374,355.31,1.02,1.01,2025-03-13,1921,A,92,6.1NRT,302.85,61.94,D
9.32417,-73.77366,326.68,1,1,2025-03-13,1921,A,72,6.1NRT,306.85,10.67,D
25.03077,-78.04877,320.36,1.03,1.01,2025-03-13,1925,A,32,6.1NRT,301.43,11.23,D
9.4917,-72.68404,356.38,1.01,1.01,2025-03-13,1921,A,98,6.1NRT,303.79,68.5,D
25.03961,-78.05044,330.4,1.03,1.01,2025-03-13,1925,A,83,6.1NRT,302.5,22.99,D
25.0381,-78.06029,324.1,1.03,1.01,2025-03-13,1925,A,53,6.1NRT,302.95,15.3,D
9.29146,-74.1795,332.95,1.02,1.01,2025-03-13,1921,A,82,6.1NRT,306.73,16.1,D
25.04695,-78.06195,319.49,1.03,1.01,2025-03-13,1925,A,28,6.1NRT,301.9,10.51,D
9.32886,-73.99843,321.96,1.01,1.01,2025-03-13,1921,A,30,6.1NRT,302.31,5.56,D
25.43768,-80.36897,342.47,1.26,1.11,2025-03-13,1925,A,75,6.1NRT,292.12,61.79,D
10.05565,-68.98511,332.18,1.6,1.25,2025-03-13,1921,A,71,6.1NRT,306.33,31.56,D
9.38029,-73.83325,327.87,1.01,1,2025-03-13,1921,A,71,6.1NRT,306.52,14.27,D
26.71857,-77.40475,336.78,1,1,2025-03-13,1928,A,88,6.1NRT,304.81,29,D
9.63748,-72.11565,324.62,1.05,1.02,2025-03-13,1921,A,75,6.1NRT,299.47,15.13,D
26.63634,-78.20958,348.42,1.02,1.01,2025-03-13,1928,A,0,6.1NRT,310.71,49.83,D
26.63483,-78.21945,359.58,1.02,1.01,2025-03-13,1928,A,75,6.1NRT,312.03,76.44,D
9.37334,-73.94135,324.72,1.01,1,2025-03-13,1921,A,18,6.1NRT,298.12,13.24,D
26.63332,-78.22933,331.89,1.02,1.01,2025-03-13,1928,A,61,6.1NRT,308.95,22.2,D
9.10502,-75.72408,347.61,1.17,1.07,2025-03-13,1921,A,93,6.1NRT,302.16,56.49,D
26.65565,-78.14222,328.02,1.01,1.01,2025-03-13,1928,A,61,6.1NRT,303.34,18.84,D
9.10344,-75.73436,330.6,1.17,1.08,2025-03-13,1921,A,79,6.1NRT,301.8,21.84,D
26.65415,-78.15208,317.38,1.01,1.01,2025-03-13,1928,A,51,6.1NRT,303.16,7.52,D
9.33305,-74.27456,322.3,1.02,1.01,2025-03-13,1921,A,44,6.1NRT,301.76,7.84,D
26.64212,-78.23102,341.19,1.02,1.01,2025-03-13,1928,A,90,6.1NRT,307.21,35.5,D
9.6462,-72.18313,367.62,1.04,1.02,2025-03-13,1921,A,100,6.1NRT,303.99,101.85,D
26.64061,-78.24091,355.34,1.02,1.01,2025-03-13,1928,A,98,6.1NRT,310.32,64.65,D
9.34191,-74.27592,320.7,1.02,1.01,2025-03-13,1921,A,43,6.1NRT,298.62,6.58,D
9.65516,-72.18444,358.86,1.04,1.02,2025-03-13,1921,A,99,6.1NRT,304.19,73.13,D
26.65092,-78.2327,331.89,1.02,1.01,2025-03-13,1928,A,66,6.1NRT,300.89,21.76,D
9.43434,-73.83238,327.67,1.01,1,2025-03-13,1921,A,39,6.1NRT,308.56,12.2,D
26.64941,-78.24259,352.41,1.02,1.01,2025-03-13,1928,A,96,6.1NRT,305.28,59.27,D
9.52043,-73.32725,320.86,1,1,2025-03-13,1921,A,53,6.1NRT,301.09,9.48,D
27.37592,-81.81708,313.81,1.42,1.18,2025-03-13,1928,A,41,6.1NRT,295.34,13.04,D
9.44911,-73.81389,324.91,1,1,2025-03-13,1921,A,58,6.1NRT,307.24,11.74,D
27.75258,-80.89716,324.5,1.24,1.11,2025-03-13,1928,A,79,6.1NRT,298.57,23.18,D
9.4478,-73.82276,325.24,1.01,1,2025-03-13,1921,A,57,6.1NRT,307.21,12.9,D
27.54615,-82.24272,316.64,1.49,1.21,2025-03-13,1928,A,60,6.1NRT,291.24,14.09,D
9.61629,-72.78806,319.5,1.01,1.01,2025-03-13,1921,A,37,6.1NRT,300.56,7.24,D
27.84362,-80.91115,317.56,1.24,1.1,2025-03-13,1928,A,45,6.1NRT,299.42,12.6,D
9.47975,-73.72786,349.31,1,1,2025-03-13,1921,A,94,6.1NRT,308.17,46.88,D
28.07302,-81.38523,324.43,1.3,1.13,2025-03-13,1928,A,75,6.1NRT,292.81,25.76,D
9.47844,-73.73672,328.77,1,1,2025-03-13,1921,A,60,6.1NRT,309.26,12.67,D
28.08062,-81.40017,328.52,1.3,1.13,2025-03-13,1928,A,64,6.1NRT,299.37,30.72,D
28.67995,-82.0451,326.32,1.39,1.17,2025-03-13,1928,A,81,6.1NRT,300.45,28.14,D
9.62512,-72.78937,321.37,1.01,1.01,2025-03-13,1921,A,64,6.1NRT,300.25,9.67,D
9.62383,-72.79832,321.44,1.01,1.01,2025-03-13,1921,A,63,6.1NRT,300.59,9.52,D
28.67754,-82.05878,326.43,1.39,1.17,2025-03-13,1928,A,81,6.1NRT,299.43,28.31,D
28.93805,-82.16703,315.56,1.39,1.17,2025-03-13,1928,A,59,6.1NRT,304.13,11.3,D
8.81555,-78.08199,331.05,1.68,1.28,2025-03-13,1921,A,84,6.1NRT,296.45,50.9,D
8.81315,-78.09679,326.36,1.69,1.28,2025-03-13,1921,A,80,6.1NRT,297.95,37.81,D
29.44346,-81.45529,329,1.25,1.11,2025-03-13,1928,A,0,6.1NRT,299.73,31.55,D
29.4469,-81.44868,309.81,1.24,1.11,2025-03-13,1928,A,49,6.1NRT,298.84,6.83,D
10.42999,-66.9959,318.95,2.33,1.48,2025-03-13,1921,A,45,6.1NRT,300.03,23.79,D
29.54078,-81.61946,314.37,1.27,1.12,2025-03-13,1928,A,68,6.1NRT,300.33,12.05,D
9.6051,-73.11444,344.88,1,1,2025-03-13,1921,A,91,6.1NRT,302.51,44.95,D
29.53148,-81.9651,314.48,1.32,1.14,2025-03-13,1928,A,68,6.1NRT,299.23,12.47,D
9.60383,-73.12321,333.28,1,1,2025-03-13,1921,A,82,6.1NRT,301.92,25.38,D
29.62034,-81.508,336.13,1.25,1.11,2025-03-13,1928,A,88,6.1NRT,301.35,43.78,D
10.00416,-70.3647,326.87,1.29,1.13,2025-03-13,1921,A,74,6.1NRT,302.62,19.11,D
29.62378,-81.5013,324.35,1.24,1.11,2025-03-13,1928,A,80,6.1NRT,301.2,23.14,D
10.01406,-70.36595,321.19,1.29,1.13,2025-03-13,1921,A,57,6.1NRT,302.33,9.53,D
29.62161,-81.51366,327.28,1.25,1.11,2025-03-13,1928,A,82,6.1NRT,301.27,27.93,D
9.62101,-73.26665,321.04,1,1,2025-03-13,1921,A,43,6.1NRT,304.13,7.8,D
30.02888,-82.37065,318.62,1.37,1.16,2025-03-13,1928,A,70,6.1NRT,295.21,19.4,D
9.97553,-71.01845,322,1.18,1.08,2025-03-13,1921,A,62,6.1NRT,299.6,10.2,D
30.02629,-82.37535,315.21,1.37,1.16,2025-03-13,1928,A,48,6.1NRT,294.96,14.84,D
9.81389,-72.17275,353.62,1.05,1.02,2025-03-13,1921,A,96,6.1NRT,304.39,62.35,D
29.99927,-84.42551,316.52,1.85,1.33,2025-03-13,1928,A,55,6.1NRT,292.01,29.63,D
9.82286,-72.17407,354.76,1.05,1.02,2025-03-13,1921,A,97,6.1NRT,303.59,64.77,D
30.43017,-83.06857,327.09,1.48,1.2,2025-03-13,1928,A,79,6.1NRT,294.39,35.65,D
10.06049,-71.00543,326.37,1.18,1.08,2025-03-13,1921,A,70,6.1NRT,299,14.61,D
30.42746,-83.08331,322.21,1.48,1.2,2025-03-13,1928,A,80,6.1NRT,296.21,26.54,D
9.67073,-73.8689,325.52,1.01,1,2025-03-13,1921,A,61,6.1NRT,306.2,11.95,D
31.94044,-82.43495,316.48,1.28,1.12,2025-03-13,1928,A,75,6.1NRT,295.21,16.63,D
30.54262,-89.96284,309.08,4.28,1.91,2025-03-13,1928,A,64,6.1NRT,292.05,43.49,D
9.67821,-73.87912,321.89,1.01,1,2025-03-13,1921,A,31,6.1NRT,302.05,8.23,D
30.53246,-90.00469,316.44,4.31,1.92,2025-03-13,1928,A,75,6.1NRT,292.32,92.57,D
10.13818,-70.86656,325.81,1.21,1.09,2025-03-13,1921,A,68,6.1NRT,297.89,17.56,D
30.54731,-89.9718,310.52,4.28,1.91,2025-03-13,1928,A,43,6.1NRT,291.45,45.33,D
10.11662,-71.05116,323.95,1.18,1.08,2025-03-13,1921,A,59,6.1NRT,301.5,10.81,D
30.53693,-90.01354,312.92,4.31,1.92,2025-03-13,1928,A,62,6.1NRT,291.82,62.54,D
32.46164,-80.77734,317.1,1.07,1.03,2025-03-13,1928,A,66,6.1NRT,287.14,16.24,D
10.16484,-70.76759,319.07,1.22,1.1,2025-03-13,1921,A,15,6.1NRT,299.36,9.58,D
32.0858,-83.30614,306.58,1.42,1.18,2025-03-13,1928,A,58,6.1NRT,293.23,8.37,D
10.16331,-70.77895,323.11,1.22,1.1,2025-03-13,1921,A,63,6.1NRT,301.18,14.89,D
32.70457,-80.6521,304.56,1.06,1.03,2025-03-13,1928,A,55,6.1NRT,278.6,8.88,D
9.87415,-72.85437,321.64,1.01,1.01,2025-03-13,1921,A,61,6.1NRT,298.73,13.91,D
32.82812,-81.59806,322.06,1.13,1.06,2025-03-13,1928,A,81,6.1NRT,291.55,20.27,D
9.99507,-72.32506,364.03,1.04,1.02,2025-03-13,1921,A,75,6.1NRT,298.66,91.2,D
32.82617,-81.60975,311.24,1.14,1.06,2025-03-13,1928,A,66,6.1NRT,294.35,8.62,D
9.74803,-74.15092,341.27,1.01,1.01,2025-03-13,1921,A,89,6.1NRT,308.37,32.73,D
32.77929,-82.09097,309.59,1.19,1.09,2025-03-13,1928,A,66,6.1NRT,296.77,7.9,D
9.95764,-72.77494,347.19,1.02,1.01,2025-03-13,1921,A,87,6.1NRT,299.3,51.9,D
32.95164,-81.41736,310.49,1.11,1.05,2025-03-13,1928,A,69,6.1NRT,297.31,7.28,D
10.05577,-72.35928,347.22,1.04,1.02,2025-03-13,1921,A,87,6.1NRT,302.36,48.55,D
32.78423,-82.4041,311.92,1.24,1.1,2025-03-13,1928,A,69,6.1NRT,297.37,9.9,D
9.62697,-75.27508,318.7,1.1,1.04,2025-03-13,1921,A,48,6.1NRT,301.68,7.62,D
32.97559,-81.38727,308.49,1.11,1.05,2025-03-13,1928,A,43,6.1NRT,295.85,4.81,D
10.0647,-72.36059,336.48,1.04,1.02,2025-03-13,1921,A,82,6.1NRT,304.21,26.66,D
32.21484,-85.5696,308.82,1.96,1.37,2025-03-13,1928,A,48,6.1NRT,291.95,16.49,D
10.0634,-72.3698,325.87,1.04,1.02,2025-03-13,1921,A,31,6.1NRT,304.35,11.45,D
32.21088,-85.58945,306.16,1.97,1.37,2025-03-13,1928,A,31,6.1NRT,292.15,11.89,D
10.08859,-72.44849,324.32,1.03,1.02,2025-03-13,1921,A,25,6.1NRT,303.22,8.65,D
32.98472,-81.38942,308.83,1.11,1.05,2025-03-13,1928,A,56,6.1NRT,296.48,5.56,D
10.05843,-72.65814,322.49,1.02,1.01,2025-03-13,1921,A,62,6.1NRT,302.16,10.3,D
32.98284,-81.40089,312.29,1.11,1.05,2025-03-13,1928,A,71,6.1NRT,297.95,8.63,D
9.67341,-75.38819,318.47,1.11,1.05,2025-03-13,1921,A,40,6.1NRT,298.69,10.55,D
32.20778,-85.57239,307.72,1.96,1.37,2025-03-13,1928,A,41,6.1NRT,289.48,14.48,D
10.09189,-72.62246,322.08,1.02,1.01,2025-03-13,1921,A,37,6.1NRT,304.85,7.92,D
32.25542,-85.46139,302.04,1.93,1.36,2025-03-13,1928,A,24,6.1NRT,288.03,10.71,D
10.16066,-72.20094,327.78,1.05,1.02,2025-03-13,1921,A,70,6.1NRT,304.47,10.48,D
32.93841,-82.04631,314,1.18,1.08,2025-03-13,1928,A,73,6.1NRT,297.4,10.06,D
9.83379,-74.45288,335.91,1.03,1.01,2025-03-13,1921,A,76,6.1NRT,305.41,24.58,D
33.11823,-81.362,314.33,1.1,1.05,2025-03-13,1928,A,74,6.1NRT,298.31,9.37,D
10.17731,-72.21289,330.14,1.05,1.02,2025-03-13,1921,A,76,6.1NRT,304.87,14.83,D
33.12733,-81.36414,317.02,1.1,1.05,2025-03-13,1928,A,77,6.1NRT,298.98,12.06,D
9.08953,-79.29895,317.79,2.07,1.4,2025-03-13,1921,A,49,6.1NRT,298.68,17.57,D
33.21972,-81.25001,321.57,1.09,1.04,2025-03-13,1928,A,81,6.1NRT,294.21,19.92,D
10.12866,-72.61868,353.05,1.02,1.01,2025-03-13,1921,A,96,6.1NRT,304.55,58.57,D
33.21786,-81.26131,316.14,1.09,1.04,2025-03-13,1928,A,72,6.1NRT,295.83,13.11,D
10.32954,-71.2627,325.51,1.15,1.07,2025-03-13,1921,A,69,6.1NRT,301.56,9.89,D
33.06997,-82.19258,308.73,1.2,1.09,2025-03-13,1928,A,67,6.1NRT,293.3,6.65,D
10.05745,-73.17574,319.95,1,1,2025-03-13,1921,A,24,6.1NRT,302.78,6.81,D
33.4152,-80.50389,315.09,1.03,1.02,2025-03-13,1928,A,41,6.1NRT,293.03,14.59,D
10.14639,-72.62135,327.41,1.02,1.01,2025-03-13,1921,A,64,6.1NRT,299.25,15.98,D
32.7998,-84.3075,321.94,1.58,1.24,2025-03-13,1928,A,81,6.1NRT,293.68,34.22,D
9.91111,-74.29829,327.2,1.02,1.01,2025-03-13,1921,A,72,6.1NRT,308.09,10.63,D
32.79672,-84.32365,312.71,1.58,1.24,2025-03-13,1928,A,72,6.1NRT,294.8,18.19,D
31.3591,-90.92265,313.33,4.71,1.99,2025-03-13,1928,A,70,6.1NRT,294.95,83.4,D
10.6221,-69.40733,338.66,1.53,1.22,2025-03-13,1921,A,82,6.1NRT,299.63,57.8,D
10.13899,-73.06829,322.62,1.01,1,2025-03-13,1921,A,46,6.1NRT,291.02,15.65,D
31.36039,-90.92618,312.87,4.71,1.99,2025-03-13,1928,A,52,6.1NRT,294.91,79.1,D
10.21632,-72.59204,323.81,1.03,1.01,2025-03-13,1921,A,22,6.1NRT,301.47,9.97,D
10.307,-72.01779,336.18,1.07,1.03,2025-03-13,1921,A,78,6.1NRT,302.44,29.14,D
10.1526,-73.1604,324.97,1,1,2025-03-13,1921,A,41,6.1NRT,300.17,13.25,D
10.24692,-72.56841,342.06,1.03,1.01,2025-03-13,1921,A,89,6.1NRT,304.05,38,D
10.03371,-74.15839,340.38,1.01,1.01,2025-03-13,1921,A,88,6.1NRT,307.64,28.41,D
10.313,-72.55681,400.6,1.03,1.01,2025-03-13,1921,A,87,6.1NRT,304.07,259.36,D
10.31162,-72.56649,370.11,1.03,1.01,2025-03-13,1921,A,94,6.1NRT,306.56,113.62,D
10.32055,-72.56748,325.29,1.03,1.01,2025-03-13,1921,A,43,6.1NRT,292.44,17.52,D
10.14996,-73.8085,320.83,1,1,2025-03-13,1921,A,52,6.1NRT,296.87,12.23,D
10.35212,-72.60027,388.5,1.03,1.01,2025-03-13,1921,A,100,6.1NRT,303.64,193.41,D
9.96533,-75.23824,317.78,1.09,1.04,2025-03-13,1921,A,42,6.1NRT,298.31,8.5,D
10.36489,-72.59013,335.07,1.03,1.01,2025-03-13,1921,A,78,6.1NRT,300.54,31.02,D
10.43403,-72.48718,325.37,1.04,1.02,2025-03-13,1921,A,64,6.1NRT,302.25,16.18,D
10.43268,-72.49661,333.52,1.04,1.02,2025-03-13,1921,A,81,6.1NRT,302.35,27.51,D
10.3454,-73.55166,320.44,1,1,2025-03-13,1921,A,64,6.1NRT,297.12,12.26,D
10.12748,-75.08067,325.7,1.07,1.03,2025-03-13,1921,A,63,6.1NRT,300.51,17.47,D
10.10259,-75.43042,323.95,1.1,1.05,2025-03-13,1921,A,0,6.1NRT,303.33,10.9,D
10.54477,-72.48133,334.39,1.04,1.02,2025-03-13,1921,A,81,6.1NRT,301.31,27.02,D
10.55491,-72.47398,328.75,1.04,1.02,2025-03-13,1921,A,65,6.1NRT,302.89,20.29,D
10.59653,-72.51454,321.49,1.04,1.02,2025-03-13,1921,A,51,6.1NRT,303.16,9.93,D
10.29656,-74.57402,328.48,1.03,1.01,2025-03-13,1921,A,63,6.1NRT,307.36,9.15,D
10.60549,-72.51558,333,1.04,1.02,2025-03-13,1921,A,81,6.1NRT,304.43,22.59,D
10.6042,-72.52467,326.46,1.04,1.02,2025-03-13,1921,A,52,6.1NRT,303.26,14.36,D
10.71352,-71.81741,326.81,1.1,1.04,2025-03-13,1921,A,66,6.1NRT,308.53,9.51,D
10.62198,-72.5276,332.42,1.04,1.02,2025-03-13,1921,A,80,6.1NRT,304.05,25.06,D
10.39424,-74.21991,326.01,1.01,1.01,2025-03-13,1921,A,73,6.1NRT,301.72,13.71,D
10.36569,-74.54396,334.21,1.03,1.01,2025-03-13,1921,A,76,6.1NRT,306.53,21.22,D
10.70215,-72.48025,321.56,1.04,1.02,2025-03-13,1921,A,60,6.1NRT,297.87,14.96,D
10.72839,-72.35999,347.22,1.05,1.02,2025-03-13,1921,A,92,6.1NRT,303.3,51.15,D
10.72708,-72.36924,327.09,1.05,1.02,2025-03-13,1921,A,73,6.1NRT,303.09,17.98,D
10.79071,-72.05099,328.69,1.08,1.04,2025-03-13,1921,A,67,6.1NRT,309.03,10.27,D
10.33447,-75.48581,322.95,1.1,1.05,2025-03-13,1921,A,56,6.1NRT,304.73,7.9,D
10.86786,-72.35435,322.08,1.05,1.02,2025-03-13,1921,A,55,6.1NRT,303.87,10.29,D
10.59995,-74.33371,325.27,1.01,1.01,2025-03-13,1921,A,73,6.1NRT,300.87,11.37,D
10.59862,-74.34269,326.25,1.01,1.01,2025-03-13,1921,A,75,6.1NRT,301.27,12.66,D
10.94281,-72.27903,323.63,1.06,1.03,2025-03-13,1921,A,51,6.1NRT,305.86,9.34,D
10.67675,-74.26038,326.85,1.01,1,2025-03-13,1921,A,76,6.1NRT,297.63,15.13,D
10.93033,-72.57068,325.01,1.04,1.02,2025-03-13,1921,A,70,6.1NRT,300.7,16.07,D
10.69786,-74.3003,334.57,1.01,1.01,2025-03-13,1921,A,84,6.1NRT,301.13,25.16,D
10.69653,-74.30927,337.63,1.01,1.01,2025-03-13,1921,A,87,6.1NRT,304.3,30.29,D
11.00214,-72.25592,333.98,1.06,1.03,2025-03-13,1921,A,83,6.1NRT,306.43,22,D
11.00081,-72.26538,323.97,1.06,1.03,2025-03-13,1921,A,51,6.1NRT,306.17,8.22,D
10.9872,-72.42663,319.69,1.05,1.02,2025-03-13,1921,A,62,6.1NRT,304.23,8.53,D
10.98189,-72.464,340.65,1.05,1.02,2025-03-13,1921,A,89,6.1NRT,302.79,38.47,D
10.98057,-72.47337,327.73,1.04,1.02,2025-03-13,1921,A,77,6.1NRT,300.28,19.14,D
10.99485,-72.4372,317.57,1.05,1.02,2025-03-13,1921,A,45,6.1NRT,302.18,6.49,D
10.78959,-74.11892,328.81,1.01,1,2025-03-13,1921,A,79,6.1NRT,301.69,18.62,D
10.98413,-72.96478,325.64,1.02,1.01,2025-03-13,1921,A,74,6.1NRT,304.1,14.84,D
10.98518,-73.02043,316.55,1.01,1.01,2025-03-13,1921,A,41,6.1NRT,300.03,8.2,D
10.98391,-73.02927,317.01,1.01,1.01,2025-03-13,1921,A,38,6.1NRT,301.16,8.09,D
10.69918,-74.96754,340.61,1.05,1.02,2025-03-13,1921,A,89,6.1NRT,302.88,34.22,D
11.05791,-72.90861,320.71,1.02,1.01,2025-03-13,1921,A,65,6.1NRT,300,10.92,D
11.05664,-72.91751,328.09,1.02,1.01,2025-03-13,1921,A,77,6.1NRT,299.63,19.32,D
10.80572,-74.877,322.61,1.04,1.02,2025-03-13,1921,A,71,6.1NRT,305.4,7.68,D
11.06074,-73.20348,321.95,1.01,1,2025-03-13,1921,A,68,6.1NRT,300.49,14.86,D
11.141,-72.70681,323.31,1.03,1.01,2025-03-13,1921,A,56,6.1NRT,306.54,9.27,D
11.28481,-72.20892,335.38,1.07,1.03,2025-03-13,1921,A,83,6.1NRT,311,24.63,D
11.29521,-72.2007,338.21,1.07,1.03,2025-03-13,1921,A,86,6.1NRT,310,28.38,D
11.29387,-72.21024,388.69,1.07,1.03,2025-03-13,1921,A,100,6.1NRT,315.69,196.52,D
11.29253,-72.21976,351.89,1.07,1.03,2025-03-13,1921,A,95,6.1NRT,307.53,57.32,D
10.97461,-74.66575,327.16,1.02,1.01,2025-03-13,1921,A,79,6.1NRT,298.91,20.47,D
11.23421,-73.09412,318.69,1.01,1.01,2025-03-13,1921,A,46,6.1NRT,302.78,7.14,D
11.72446,-70.18752,332.95,1.39,1.17,2025-03-13,1921,A,74,6.1NRT,309.4,24.89,D
14.76924,-83.62507,313.46,3.51,1.76,2025-03-13,1923,A,52,6.1NRT,297.78,36.61,D
14.86789,-84.01871,316.54,3.75,1.81,2025-03-13,1923,A,50,6.1NRT,296.77,54.17,D
14.86119,-84.02199,314.22,3.75,1.81,2025-03-13,1923,A,17,6.1NRT,295.93,42.85,D
15.34918,-84.70216,312.83,4.14,1.88,2025-03-13,1923,A,56,6.1NRT,294.34,57.19,D
15.33917,-84.7076,310.18,4.14,1.88,2025-03-13,1923,A,28,6.1NRT,293.55,40.44,D
19.04685,-71.26863,325.65,1.49,1.21,2025-03-13,1923,A,68,6.1NRT,298.05,30.87,D
19.23673,-71.78288,323.86,1.39,1.17,2025-03-13,1923,A,74,6.1NRT,301.33,18.66,D
19.32272,-71.91949,320.64,1.36,1.16,2025-03-13,1923,A,70,6.1NRT,299.74,13.98,D
19.32118,-71.93179,317.16,1.36,1.16,2025-03-13,1923,A,55,6.1NRT,299.43,8.77,D
20.08023,-75.85,316.9,1,1,2025-03-13,1923,A,46,6.1NRT,292.97,10.91,D
20.53369,-75.96542,323.63,1,1,2025-03-13,1923,A,75,6.1NRT,303.57,10,D
20.57686,-75.9155,321.6,1,1,2025-03-13,1923,A,68,6.1NRT,304.4,9.23,D
20.5755,-75.9248,323.36,1,1,2025-03-13,1923,A,75,6.1NRT,304.26,11.06,D
20.84654,-78.15875,322.79,1.12,1.06,2025-03-13,1923,A,67,6.1NRT,302.01,13.6,D
20.85576,-78.16045,357.25,1.12,1.06,2025-03-13,1923,A,98,6.1NRT,305.08,82.05,D
20.8541,-78.17088,340.73,1.12,1.06,2025-03-13,1923,A,90,6.1NRT,303.84,41.69,D
21.15004,-76.67529,315.86,1.01,1,2025-03-13,1923,A,61,6.1NRT,300.45,6.29,D
21.14862,-76.68472,319.75,1.01,1,2025-03-13,1923,A,69,6.1NRT,300.33,10.14,D
21.23533,-77.08634,338.83,1.03,1.01,2025-03-13,1923,A,89,6.1NRT,300.66,35.67,D
21.23388,-77.09592,322.29,1.03,1.01,2025-03-13,1923,A,63,6.1NRT,298.17,13.7,D
21.21151,-77.78072,317.42,1.07,1.03,2025-03-13,1923,A,65,6.1NRT,300.16,8.72,D
21.20601,-78.46674,326.75,1.15,1.07,2025-03-13,1923,A,75,6.1NRT,303.83,18.56,D
21.20431,-78.47742,342.43,1.15,1.07,2025-03-13,1923,A,91,6.1NRT,304.49,47.54,D
21.21532,-78.46848,318.42,1.15,1.07,2025-03-13,1923,A,48,6.1NRT,300.87,9.92,D
21.40828,-77.70545,341.53,1.06,1.03,2025-03-13,1923,A,90,6.1NRT,301.09,42.12,D
21.58393,-77.64777,314.87,1.06,1.03,2025-03-13,1923,A,58,6.1NRT,300.46,7.09,D
21.62562,-77.68213,316.32,1.06,1.03,2025-03-13,1923,A,61,6.1NRT,299.11,8.4,D
21.55799,-78.40362,315.52,1.13,1.06,2025-03-13,1923,A,48,6.1NRT,297.61,8.7,D
21.60757,-78.90888,325.02,1.19,1.09,2025-03-13,1923,A,0,6.1NRT,301.83,20.2,D
21.61167,-78.91628,369.22,1.19,1.09,2025-03-13,1923,A,75,6.1NRT,304.34,137.43,D
21.60982,-78.9274,351.71,1.19,1.09,2025-03-13,1923,A,72,6.1NRT,304.69,76.23,D
21.62114,-78.91809,320.01,1.19,1.09,2025-03-13,1923,A,70,6.1NRT,298.58,14.39,D
21.6193,-78.92921,346.82,1.19,1.09,2025-03-13,1923,A,93,6.1NRT,300.87,64.26,D
21.85983,-77.54471,317.75,1.04,1.02,2025-03-13,1923,A,0,6.1NRT,302.34,10.52,D
21.77489,-78.14592,318.52,1.1,1.04,2025-03-13,1923,A,62,6.1NRT,299.96,10.84,D
21.88652,-77.9631,331.05,1.08,1.04,2025-03-13,1923,A,83,6.1NRT,301.79,24.22,D
21.88493,-77.97317,320.7,1.08,1.04,2025-03-13,1923,A,71,6.1NRT,300.81,11.4,D
21.89556,-77.96476,352.73,1.08,1.04,2025-03-13,1923,A,96,6.1NRT,305.21,65.29,D
21.89397,-77.97483,346.62,1.08,1.04,2025-03-13,1923,A,93,6.1NRT,302.53,51.78,D
21.9046,-77.96642,345.81,1.08,1.04,2025-03-13,1923,A,93,6.1NRT,302.87,49.17,D
21.90302,-77.97649,347.87,1.08,1.04,2025-03-13,1923,A,94,6.1NRT,302.42,54.32,D
21.73876,-79.06134,325.49,1.21,1.09,2025-03-13,1923,A,67,6.1NRT,298.13,21.19,D
21.90156,-78.16434,317.56,1.09,1.04,2025-03-13,1923,A,63,6.1NRT,296.48,10.5,D
22.07054,-78.20789,320.11,1.09,1.04,2025-03-13,1923,A,71,6.1NRT,301.11,11.86,D
21.9817,-78.76618,321.09,1.16,1.07,2025-03-13,1923,A,51,6.1NRT,296.27,13.81,D
27.82245,-101.12369,325.51,1.03,1.02,2025-03-13,2104,A,49,6.1NRT,313.48,6.94,D
29.3697,-96.0061,315.96,2.07,1.4,2025-03-13,2104,A,43,6.1NRT,303.54,16.19,D
29.74789,-108.41627,305.4,1.7,1.28,2025-03-13,2104,A,22,6.1NRT,272.15,16.28,D
33.02998,-91.49913,309.49,4.71,1.99,2025-03-13,2106,A,0,6.1NRT,296.95,37.43,D
33.02972,-91.50335,309.84,4.71,1.99,2025-03-13,2106,A,49,6.1NRT,296.93,35.14,D
15.27947,-91.11105,331.35,3.06,1.66,2025-03-13,2101,A,82,6.1NRT,315.08,72.27,D
15.28004,-91.11586,330.09,3.06,1.66,2025-03-13,2101,A,81,6.1NRT,315.28,71.71,D
15.31103,-91.54012,321.62,2.84,1.61,2025-03-13,2101,A,72,6.1NRT,309.09,31.4,D
16.18088,-92.51152,335.34,2.45,1.51,2025-03-13,2101,A,85,6.1NRT,308.38,77.37,D
16.1783,-92.53352,325.58,2.44,1.51,2025-03-13,2101,A,74,6.1NRT,308.33,31.53,D
16.17657,-92.51628,333.19,2.45,1.51,2025-03-13,2101,A,83,6.1NRT,309.1,64.93,D
15.82998,-96.44579,323.71,1.25,1.11,2025-03-13,2101,A,63,6.1NRT,304.75,15.58,D
15.82852,-96.45691,320.08,1.25,1.11,2025-03-13,2101,A,46,6.1NRT,305.36,9.07,D
16.39855,-92.44211,358.45,2.5,1.52,2025-03-13,2101,A,99,6.1NRT,308.91,255.96,D
16.39344,-92.44611,324.99,2.5,1.52,2025-03-13,2101,A,53,6.1NRT,307.21,35.45,D
16.40914,-92.42667,328.02,2.51,1.52,2025-03-13,2101,A,39,6.1NRT,303.65,53.47,D
16.4067,-92.44852,357.77,2.5,1.52,2025-03-13,2101,A,98,6.1NRT,309.3,253.72,D
16.48018,-93.06917,324.54,2.23,1.45,2025-03-13,2101,A,60,6.1NRT,307.21,24.16,D
16.06282,-97.66535,323.6,1.09,1.04,2025-03-13,2101,A,63,6.1NRT,307.64,8.59,D
16.32796,-98.14778,336.26,1.06,1.03,2025-03-13,2101,A,84,6.1NRT,309.32,25.7,D
16.47064,-97.63667,331.6,1.11,1.05,2025-03-13,2101,A,78,6.1NRT,307.86,23.12,D
16.46921,-97.64739,323.44,1.1,1.05,2025-03-13,2101,A,22,6.1NRT,307.06,12.01,D
17.74126,-90.42346,323.63,3.75,1.81,2025-03-13,2101,A,74,6.1NRT,302.54,89.73,D
17.7517,-90.43184,319.93,3.75,1.81,2025-03-13,2101,A,55,6.1NRT,303.04,57.18,D
16.72506,-99.32076,331.35,1,1,2025-03-13,2101,A,76,6.1NRT,310.01,16.28,D
16.92527,-99.84585,323.79,1,1,2025-03-13,2101,A,44,6.1NRT,309.25,7.66,D
16.92393,-99.85494,326.2,1,1,2025-03-13,2101,A,59,6.1NRT,309.25,11.38,D
16.99564,-99.67078,328.79,1,1,2025-03-13,2101,A,79,6.1NRT,307.6,16.11,D
17.88802,-93.18641,328.96,2.29,1.47,2025-03-13,2101,A,78,6.1NRT,304.53,62.19,D
16.99846,-100.16315,322.46,1,1,2025-03-13,2101,A,36,6.1NRT,309.49,8.46,D
16.99576,-100.18144,324.05,1.01,1,2025-03-13,2101,A,50,6.1NRT,308.58,9.74,D
17.51528,-98.49001,334.3,1.05,1.02,2025-03-13,2101,A,78,6.1NRT,309.66,19.44,D
17.5139,-98.49987,351.5,1.05,1.02,2025-03-13,2101,A,95,6.1NRT,316.13,51.7,D
17.52286,-98.50111,326.12,1.05,1.02,2025-03-13,2101,A,63,6.1NRT,310.82,7.27,D
17.5216,-98.51022,328.67,1.05,1.02,2025-03-13,2101,A,76,6.1NRT,315.51,9.84,D
18.43523,-92.20231,321.27,2.79,1.6,2025-03-13,2101,A,69,6.1NRT,302.9,49.2,D
18.43256,-92.22785,321.73,2.78,1.59,2025-03-13,2101,A,66,6.1NRT,301.64,51.34,D
18.40783,-93.19365,320.63,2.33,1.48,2025-03-13,2101,A,39,6.1NRT,304.99,27.61,D
18.01155,-99.81409,329.52,1,1,2025-03-13,2101,A,73,6.1NRT,314.24,11.11,D
18.01022,-99.82326,329.83,1,1,2025-03-13,2101,A,73,6.1NRT,315.29,11.95,D
18.05663,-99.81204,334.85,1,1,2025-03-13,2101,A,80,6.1NRT,315.03,18.86,D
18.77634,-96.40192,335.74,1.37,1.16,2025-03-13,2101,A,83,6.1NRT,307.96,34.33,D
19.54252,-90.48864,360.26,3.92,1.84,2025-03-13,2101,A,100,6.1NRT,303.98,554.93,D
18.56641,-99.29211,333.33,1.02,1.01,2025-03-13,2101,A,48,6.1NRT,319.28,12.3,D
18.57786,-99.27489,338,1.02,1.01,2025-03-13,2101,A,62,6.1NRT,317.17,19.25,D
18.57654,-99.28423,337.67,1.02,1.01,2025-03-13,2101,A,69,6.1NRT,318.77,18.91,D
18.97856,-96.66047,326.05,1.33,1.14,2025-03-13,2101,A,52,6.1NRT,308.53,10.99,D
18.98859,-96.66196,342.66,1.33,1.14,2025-03-13,2101,A,89,6.1NRT,307.44,46.84,D
18.98854,-96.65503,336.69,1.33,1.14,2025-03-13,2101,A,84,6.1NRT,308.05,32.32,D
18.98701,-96.66743,326.32,1.33,1.14,2025-03-13,2101,A,47,6.1NRT,307.1,10.81,D
18.73141,-98.83192,338.13,1.04,1.02,2025-03-13,2101,A,84,6.1NRT,317.42,19.29,D
18.73804,-99.25524,331.2,1.02,1.01,2025-03-13,2101,A,74,6.1NRT,314.82,12.87,D
18.84863,-98.52014,331.7,1.07,1.03,2025-03-13,2101,A,78,6.1NRT,317.04,11.24,D
18.59148,-100.89196,352.85,1.02,1.01,2025-03-13,2101,A,96,6.1NRT,322.72,46.13,D
18.59008,-100.90128,333.28,1.02,1.01,2025-03-13,2101,A,69,6.1NRT,320.13,10.5,D
18.93302,-98.90517,336.78,1.04,1.02,2025-03-13,2101,A,84,6.1NRT,313.76,20.63,D
19.15136,-97.4384,332.23,1.21,1.09,2025-03-13,2101,A,37,6.1NRT,317.51,15.82,D
18.41956,-102.48187,333.75,1.16,1.07,2025-03-13,2101,A,82,6.1NRT,299.47,34.96,D
18.41785,-102.49279,352.47,1.16,1.07,2025-03-13,2101,A,96,6.1NRT,305.45,76.63,D
18.4162,-102.5032,344.46,1.16,1.07,2025-03-13,2101,A,91,6.1NRT,303.52,56.14,D
18.42724,-102.49406,327.94,1.16,1.07,2025-03-13,2101,A,75,6.1NRT,300.53,26.04,D
19.16042,-98.32257,324.03,1.1,1.04,2025-03-13,2101,A,51,6.1NRT,311.04,7.99,D
19.19986,-98.84936,324.29,1.05,1.02,2025-03-13,2101,A,70,6.1NRT,309.89,8.39,D
19.3271,-99.38848,335.03,1.02,1.01,2025-03-13,2101,A,83,6.1NRT,295.43,32.71,D
19.32579,-99.39774,330.04,1.02,1.01,2025-03-13,2101,A,77,6.1NRT,297.24,25.92,D
18.95998,-102.27711,345.47,1.11,1.05,2025-03-13,2101,A,91,6.1NRT,315.05,41.52,D
19.53315,-98.49786,340.03,1.09,1.04,2025-03-13,2101,A,88,6.1NRT,314.54,26.85,D
18.97349,-102.49219,335.52,1.14,1.06,2025-03-13,2101,A,83,6.1NRT,316.32,22.17,D
19.3414,-100.38665,319.45,1,1,2025-03-13,2101,A,45,6.1NRT,307.31,8.39,D
19.34005,-100.39587,320.72,1,1,2025-03-13,2101,A,57,6.1NRT,305.34,9.27,D
19.55189,-99.03694,326.43,1.04,1.02,2025-03-13,2101,A,72,6.1NRT,312.46,8.55,D
19.7363,-98.77025,325.55,1.07,1.03,2025-03-13,2101,A,64,6.1NRT,313.83,6.55,D
19.81731,-99.04742,333.7,1.05,1.02,2025-03-13,2101,A,82,6.1NRT,316.83,14.33,D
20.05991,-97.93719,322.14,1.16,1.07,2025-03-13,2101,A,63,6.1NRT,300.97,15.92,D
20.06923,-97.93921,341.84,1.16,1.07,2025-03-13,2101,A,89,6.1NRT,304.64,48.24,D
19.56587,-101.59795,320.29,1.04,1.02,2025-03-13,2101,A,50,6.1NRT,308.97,8.64,D
19.56441,-101.60754,335.34,1.04,1.02,2025-03-13,2101,A,64,6.1NRT,310.85,28.81,D
19.94419,-99.26621,328.88,1.03,1.02,2025-03-13,2101,A,64,6.1NRT,315.38,10.27,D
19.95305,-99.26766,342.88,1.03,1.02,2025-03-13,2101,A,89,6.1NRT,313.07,31.77,D
19.95174,-99.27715,330.35,1.03,1.02,2025-03-13,2101,A,62,6.1NRT,316.62,12.09,D
19.85874,-100.37035,327.64,1,1,2025-03-13,2101,A,71,6.1NRT,311.95,13.08,D
19.87812,-100.32343,330.6,1,1,2025-03-13,2101,A,77,6.1NRT,309.8,16.19,D
20.03416,-99.2869,325.4,1.03,1.02,2025-03-13,2101,A,41,6.1NRT,312.76,8.3,D
19.58315,-102.32005,318.85,1.1,1.05,2025-03-13,2101,A,26,6.1NRT,305.39,10.69,D
19.57094,-102.57452,330.65,1.13,1.06,2025-03-13,2101,A,80,6.1NRT,313.66,18.08,D
20.05147,-99.67744,327.71,1.02,1.01,2025-03-13,2101,A,72,6.1NRT,315.52,9.22,D
19.56176,-103.38535,342.21,1.24,1.11,2025-03-13,2101,A,90,6.1NRT,314.41,46.2,D
19.56003,-103.39599,322.06,1.25,1.11,2025-03-13,2101,A,37,6.1NRT,308.99,8.37,D
19.8154,-101.83747,335.43,1.05,1.03,2025-03-13,2101,A,84,6.1NRT,307.15,26.58,D
19.70216,-102.91208,360.17,1.17,1.08,2025-03-13,2101,A,100,6.1NRT,303.34,103.22,D
19.91549,-101.85168,324.4,1.05,1.03,2025-03-13,2101,A,62,6.1NRT,313.51,8.44,D
20.16316,-100.26551,329.52,1,1,2025-03-13,2101,A,62,6.1NRT,315.13,13.06,D
19.84455,-102.47988,323.95,1.11,1.05,2025-03-13,2101,A,58,6.1NRT,309.78,11.09,D
19.85371,-102.48148,325.23,1.11,1.05,2025-03-13,2101,A,57,6.1NRT,307.84,13.99,D
20.14386,-101.26793,330.6,1.02,1.01,2025-03-13,2101,A,70,6.1NRT,318.64,12.28,D
20.12331,-101.7028,324.57,1.04,1.02,2025-03-13,2101,A,54,6.1NRT,313.03,7.14,D
20.15722,-101.54699,326.23,1.03,1.01,2025-03-13,2101,A,65,6.1NRT,312.26,11.65,D
20.00533,-102.69241,323.65,1.13,1.06,2025-03-13,2101,A,54,6.1NRT,312.68,7.09,D
20.00365,-102.70289,327.84,1.13,1.06,2025-03-13,2101,A,73,6.1NRT,314.59,12.54,D
20.0156,-102.74722,327.65,1.14,1.06,2025-03-13,2101,A,73,6.1NRT,311.72,13.25,D
20.37261,-100.58731,335.87,1,1,2025-03-13,2101,A,81,6.1NRT,318.09,18.22,D
20.05806,-102.65926,322.5,1.13,1.06,2025-03-13,2101,A,58,6.1NRT,310.84,7.19,D
20.26135,-101.47456,324.79,1.02,1.01,2025-03-13,2101,A,51,6.1NRT,312.6,7.03,D
20.32404,-101.35939,328.5,1.02,1.01,2025-03-13,2101,A,68,6.1NRT,315.69,12.32,D
19.72686,-105.23614,320.2,1.63,1.26,2025-03-13,2101,A,54,6.1NRT,308.1,14.2,D
19.72783,-105.24127,330.7,1.63,1.26,2025-03-13,2101,A,60,6.1NRT,308.07,37.36,D
20.50349,-100.95444,325.97,1,1,2025-03-13,2101,A,64,6.1NRT,314.47,7.99,D
20.38169,-101.82517,324.37,1.04,1.02,2025-03-13,2101,A,60,6.1NRT,313.94,7.8,D
20.66512,-99.98841,329.05,1.01,1,2025-03-13,2101,A,67,6.1NRT,316.18,11.18,D
20.353,-102.13767,327.36,1.07,1.03,2025-03-13,2101,A,56,6.1NRT,314.7,11.39,D
20.36198,-102.13933,327.74,1.07,1.03,2025-03-13,2101,A,65,6.1NRT,312.61,10.8,D
20.38325,-102.06218,325.23,1.06,1.03,2025-03-13,2101,A,67,6.1NRT,312.78,10.41,D
20.38171,-102.07201,350.93,1.06,1.03,2025-03-13,2101,A,95,6.1NRT,315.05,55,D
20.56413,-101.17229,326.39,1.01,1,2025-03-13,2101,A,56,6.1NRT,312.48,9.01,D
20.37175,-102.83756,321.48,1.14,1.06,2025-03-13,2101,A,49,6.1NRT,310.48,7.43,D
20.37468,-103.27647,328.51,1.2,1.09,2025-03-13,2101,A,74,6.1NRT,310.13,17.59,D
20.37289,-103.28741,344.85,1.2,1.09,2025-03-13,2101,A,91,6.1NRT,311.71,50.65,D
20.38235,-103.28925,345.19,1.2,1.09,2025-03-13,2101,A,91,6.1NRT,316.04,52.67,D
20.59472,-102.01059,321.36,1.05,1.02,2025-03-13,2101,A,17,6.1NRT,309.94,5.35,D
20.59323,-102.02029,351.38,1.05,1.03,2025-03-13,2101,A,95,6.1NRT,311.85,55.03,D
20.59171,-102.03011,338.83,1.05,1.03,2025-03-13,2101,A,85,6.1NRT,312.14,28.82,D
20.27546,-104.059,334.67,1.33,1.14,2025-03-13,2101,A,82,6.1NRT,301.31,44.12,D
20.27335,-104.07168,372.76,1.33,1.14,2025-03-13,2101,A,100,6.1NRT,306.74,182.09,D
20.37263,-103.59113,328,1.24,1.11,2025-03-13,2101,A,74,6.1NRT,312.96,15.55,D
20.43761,-103.4547,329.89,1.22,1.1,2025-03-13,2101,A,76,6.1NRT,312.12,19.11,D
20.43378,-103.47798,334.07,1.22,1.1,2025-03-13,2101,A,82,6.1NRT,314.05,24.61,D
20.44146,-103.49126,327.7,1.23,1.1,2025-03-13,2101,A,73,6.1NRT,313.78,14.14,D
20.52699,-103.26588,343.1,1.19,1.09,2025-03-13,2104,A,89,6.1NRT,312.24,41.6,D
20.52523,-103.27689,340.73,1.19,1.09,2025-03-13,2104,A,88,6.1NRT,312.53,36.96,D
20.48125,-103.63481,333.89,1.25,1.11,2025-03-13,2104,A,59,6.1NRT,315.93,27.15,D
20.49088,-103.63674,353.05,1.25,1.11,2025-03-13,2104,A,73,6.1NRT,315.32,72.92,D
20.69959,-102.40742,322.83,1.08,1.04,2025-03-13,2104,A,50,6.1NRT,310.96,5.98,D
20.698,-102.41751,335.34,1.09,1.04,2025-03-13,2104,A,81,6.1NRT,312.95,23.99,D
20.2462,-105.12834,323.55,1.57,1.23,2025-03-13,2104,A,68,6.1NRT,310.35,22.03,D
20.20964,-105.33571,322.91,1.62,1.25,2025-03-13,2104,A,44,6.1NRT,312.38,17.8,D
20.25695,-105.13029,346.02,1.57,1.23,2025-03-13,2104,A,92,6.1NRT,311.79,85.3,D
20.25451,-105.14425,335.74,1.57,1.23,2025-03-13,2104,A,84,6.1NRT,309.87,51.81,D
20.8088,-102.00143,331.35,1.05,1.02,2025-03-13,2104,A,75,6.1NRT,315.06,15.92,D
20.58126,-103.70776,394.1,1.25,1.11,2025-03-13,2104,A,100,6.1NRT,320.51,283.73,D
20.57934,-103.71931,347.22,1.26,1.11,2025-03-13,2104,A,93,6.1NRT,315.44,55.38,D
20.27632,-105.48009,325.38,1.65,1.26,2025-03-13,2104,A,73,6.1NRT,311.09,25.31,D
20.27358,-105.49551,332.42,1.66,1.27,2025-03-13,2104,A,82,6.1NRT,311.81,43.19,D
20.74953,-103.3715,326.43,1.2,1.09,2025-03-13,2104,A,70,6.1NRT,313.24,13.73,D
21.23252,-100.2719,333.14,1.01,1,2025-03-13,2104,A,80,6.1NRT,314.15,16.31,D
20.8096,-103.17946,324.19,1.17,1.08,2025-03-13,2104,A,65,6.1NRT,312.38,8.81,D
20.80787,-103.19025,324.08,1.17,1.08,2025-03-13,2104,A,65,6.1NRT,312.24,8.67,D
20.79604,-103.35239,353.19,1.19,1.09,2025-03-13,2104,A,96,6.1NRT,318.23,70.55,D
20.80551,-103.35406,411.43,1.19,1.09,2025-03-13,2104,A,100,6.1NRT,323.9,406.81,D
20.80368,-103.36511,330.09,1.19,1.09,2025-03-13,2104,A,77,6.1NRT,316.43,18.69,D
21.00538,-102.52229,326.44,1.09,1.04,2025-03-13,2104,A,68,6.1NRT,313.71,11.9,D
21.12125,-101.90205,336.61,1.04,1.02,2025-03-13,2104,A,83,6.1NRT,317.25,23.25,D
21.28359,-100.88486,329.63,1,1,2025-03-13,2104,A,70,6.1NRT,314.76,12.48,D
21.13155,-101.95339,368.88,1.04,1.02,2025-03-13,2104,A,100,6.1NRT,316.33,102.47,D
21.13006,-101.96303,375.69,1.04,1.02,2025-03-13,2104,A,100,6.1NRT,318.59,128.42,D
21.92861,-97.86649,333.61,1.23,1.1,2025-03-13,2104,A,82,6.1NRT,307.43,34.8,D
21.01553,-104.19171,334.76,1.32,1.14,2025-03-13,2104,A,83,6.1NRT,312.31,34.59,D
21.41434,-101.7293,323.51,1.02,1.01,2025-03-13,2104,A,55,6.1NRT,312.61,8.51,D
21.11007,-104.42603,357.25,1.36,1.15,2025-03-13,2104,A,98,6.1NRT,310.04,103.06,D
21.10783,-104.43916,341.15,1.36,1.16,2025-03-13,2104,A,89,6.1NRT,312.77,48.02,D
21.12042,-104.42612,337.08,1.36,1.15,2025-03-13,2104,A,78,6.1NRT,311.18,41.95,D
21.11804,-104.44013,333.19,1.36,1.16,2025-03-13,2104,A,73,6.1NRT,312.63,29.99,D
21.63165,-102.00269,338.74,1.04,1.02,2025-03-13,2104,A,85,6.1NRT,313.11,28.92,D
21.20941,-104.80466,320.18,1.43,1.18,2025-03-13,2104,A,46,6.1NRT,307.08,12.92,D
21.32728,-104.65795,348.87,1.39,1.17,2025-03-13,2104,A,94,6.1NRT,315.22,72.58,D
21.3374,-104.66012,330.7,1.39,1.17,2025-03-13,2104,A,79,6.1NRT,315.7,24.23,D
21.94469,-100.90593,333.7,1,1,2025-03-13,2104,A,78,6.1NRT,316.36,14.16,D
21.95341,-100.90742,332.18,1,1,2025-03-13,2104,A,58,6.1NRT,318.61,12.04,D
21.42871,-104.67196,320.89,1.39,1.17,2025-03-13,2104,A,38,6.1NRT,310.79,9.53,D
21.4389,-104.67375,335.12,1.39,1.17,2025-03-13,2104,A,83,6.1NRT,310.98,36.93,D
21.43683,-104.6858,331.45,1.39,1.17,2025-03-13,2104,A,78,6.1NRT,310.37,31.38,D
22.30359,-99.07021,327.02,1.09,1.04,2025-03-13,2104,A,66,6.1NRT,312.56,10.64,D
22.52329,-98.73129,339.95,1.13,1.06,2025-03-13,2104,A,85,6.1NRT,316.62,28.76,D
22.52188,-98.74197,337.08,1.13,1.06,2025-03-13,2104,A,82,6.1NRT,315.47,23.07,D
22.23098,-101.03149,331.3,1,1,2025-03-13,2104,A,72,6.1NRT,316.19,12.84,D
22.63523,-99.48039,347.77,1.06,1.03,2025-03-13,2104,A,92,6.1NRT,313.19,50.92,D
22.63381,-99.49073,339.43,1.06,1.03,2025-03-13,2104,A,84,6.1NRT,309.59,34.33,D
22.64424,-99.4818,327.17,1.06,1.03,2025-03-13,2104,A,57,6.1NRT,310.56,16.13,D
22.64285,-99.49197,329.68,1.06,1.03,2025-03-13,2104,A,63,6.1NRT,305.78,19.77,D
22.86508,-99.41089,324.49,1.07,1.03,2025-03-13,2104,A,40,6.1NRT,310.42,8.58,D
22.44161,-102.33956,325.11,1.04,1.02,2025-03-13,2104,A,56,6.1NRT,314.46,7.32,D
22.44009,-102.34933,327.71,1.04,1.02,2025-03-13,2104,A,66,6.1NRT,313.63,10.26,D
21.99744,-105.13548,326.62,1.46,1.19,2025-03-13,2104,A,74,6.1NRT,313.7,16.15,D
22.58344,-101.9474,368.07,1.02,1.01,2025-03-13,2104,A,100,6.1NRT,322.27,95.01,D
22.58199,-101.95699,358.58,1.02,1.01,2025-03-13,2104,A,99,6.1NRT,320.29,66.62,D
22.14511,-105.25705,322.96,1.47,1.2,2025-03-13,2104,A,68,6.1NRT,311.29,9.18,D
22.68114,-102.04635,338.66,1.02,1.01,2025-03-13,2104,A,72,6.1NRT,314.33,25.03,D
22.67966,-102.05595,360.19,1.02,1.01,2025-03-13,2104,A,94,6.1NRT,317.17,71.98,D
22.16197,-105.1951,323.24,1.46,1.19,2025-03-13,2104,A,55,6.1NRT,312.81,13.64,D
22.68995,-102.04793,361.67,1.02,1.01,2025-03-13,2104,A,100,6.1NRT,312.29,76.34,D
22.68848,-102.05753,413.45,1.02,1.01,2025-03-13,2104,A,100,6.1NRT,324.04,337.87,D
22.68701,-102.06714,367.93,1.02,1.01,2025-03-13,2104,A,100,6.1NRT,320.07,95.09,D
22.20209,-105.27388,341,1.47,1.2,2025-03-13,2104,A,89,6.1NRT,314.32,56.71,D
22.23102,-105.29408,342.25,1.48,1.2,2025-03-13,2104,A,89,6.1NRT,313.06,56.74,D
22.22857,-105.2858,329.99,1.47,1.2,2025-03-13,2104,A,78,6.1NRT,314.08,25.44,D
22.22614,-105.29943,326.04,1.48,1.2,2025-03-13,2104,A,55,6.1NRT,311.83,17.09,D
22.32479,-105.29134,326.52,1.47,1.2,2025-03-13,2104,A,58,6.1NRT,311.31,16.3,D
22.32253,-105.30451,370.99,1.47,1.2,2025-03-13,2104,A,100,6.1NRT,316.15,182.86,D
22.3297,-105.29762,355.12,1.47,1.2,2025-03-13,2104,A,97,6.1NRT,313.13,99.78,D
22.3273,-105.31113,364.94,1.47,1.2,2025-03-13,2104,A,100,6.1NRT,316.89,145.97,D
22.32477,-105.32539,333.52,1.48,1.2,2025-03-13,2104,A,59,6.1NRT,314.4,27.17,D
22.29489,-105.4933,321.53,1.52,1.22,2025-03-13,2104,A,59,6.1NRT,310.76,12.44,D
22.3457,-105.32944,344.98,1.48,1.2,2025-03-13,2104,A,63,6.1NRT,317.2,57.52,D
22.75394,-102.94482,328.36,1.09,1.04,2025-03-13,2104,A,70,6.1NRT,316.27,11.58,D
22.37317,-105.23408,317.99,1.46,1.19,2025-03-13,2104,A,28,6.1NRT,304.03,12.28,D
22.37057,-105.24896,367.74,1.46,1.19,2025-03-13,2104,A,100,6.1NRT,310.45,170.47,D
22.36811,-105.26307,352.47,1.46,1.19,2025-03-13,2104,A,96,6.1NRT,312.51,95.6,D
22.35851,-105.31804,333.65,1.47,1.2,2025-03-13,2104,A,44,6.1NRT,314.65,28.44,D
22.35613,-105.33164,362.97,1.48,1.2,2025-03-13,2104,A,100,6.1NRT,315.87,137.18,D
22.38095,-105.25111,337.25,1.46,1.19,2025-03-13,2104,A,85,6.1NRT,308.99,47.91,D
22.3785,-105.2652,336.57,1.46,1.19,2025-03-13,2104,A,85,6.1NRT,313.25,44.37,D
22.39131,-105.25334,337.88,1.46,1.19,2025-03-13,2104,A,86,6.1NRT,308.14,49.59,D
22.3889,-105.26724,376.95,1.46,1.19,2025-03-13,2104,A,100,6.1NRT,315.12,223.93,D
22.38651,-105.2811,339.83,1.46,1.2,2025-03-13,2104,A,88,6.1NRT,313.99,50.63,D
22.91009,-102.42561,330.35,1.04,1.02,2025-03-13,2104,A,72,6.1NRT,315.88,13.86,D
22.90857,-102.43539,334.16,1.04,1.02,2025-03-13,2104,A,78,6.1NRT,316.84,19.37,D
23.02233,-102.47211,335.52,1.04,1.02,2025-03-13,2104,A,80,6.1NRT,316.63,20.35,D
22.55575,-105.31365,328.1,1.46,1.19,2025-03-13,2104,A,77,6.1NRT,310.71,22.83,D
23.56855,-98.69382,331.94,1.17,1.07,2025-03-13,2104,A,75,6.1NRT,316.65,10.7,D
23.56711,-98.70488,333.47,1.16,1.07,2025-03-13,2104,A,80,6.1NRT,317.89,13.12,D
22.56616,-105.31567,354.43,1.46,1.19,2025-03-13,2104,A,97,6.1NRT,314.09,102.27,D
22.56379,-105.32934,324.65,1.46,1.2,2025-03-13,2104,A,60,6.1NRT,311.65,14.12,D
23.57798,-98.69524,344.95,1.17,1.07,2025-03-13,2104,A,90,6.1NRT,317.11,36.96,D
23.57653,-98.70631,351.05,1.16,1.07,2025-03-13,2104,A,95,6.1NRT,318.55,52.06,D
22.5766,-105.3175,334.67,1.46,1.19,2025-03-13,2104,A,84,6.1NRT,311.84,36.44,D
23.17053,-102.82819,325.07,1.07,1.03,2025-03-13,2104,A,57,6.1NRT,314.84,7.95,D
23.80893,-98.40814,338.13,1.21,1.09,2025-03-13,2104,A,85,6.1NRT,309.38,36.72,D
23.02099,-104.21743,317.5,1.24,1.1,2025-03-13,2104,A,41,6.1NRT,296.7,16.94,D
23.68801,-100.99351,330.85,1,1,2025-03-13,2104,A,73,6.1NRT,317.89,9.71,D
23.16815,-105.9296,320.01,1.57,1.23,2025-03-13,2104,A,56,6.1NRT,309.47,9.49,D
23.51875,-105.77534,314.67,1.51,1.21,2025-03-13,2104,A,26,6.1NRT,302.45,8.36,D
23.51611,-105.79042,331.75,1.51,1.21,2025-03-13,2104,A,82,6.1NRT,304.52,43.76,D
23.51373,-105.80403,315.63,1.51,1.21,2025-03-13,2104,A,16,6.1NRT,303.69,13.26,D
23.52691,-105.79099,328.61,1.51,1.21,2025-03-13,2104,A,79,6.1NRT,304.25,36.74,D
23.53088,-105.79725,320.49,1.51,1.21,2025-03-13,2104,A,48,6.1NRT,303.43,20.29,D
23.59779,-106.12779,321.93,1.58,1.24,2025-03-13,2104,A,43,6.1NRT,311.01,12.35,D
23.59498,-106.14334,322.79,1.59,1.24,2025-03-13,2104,A,43,6.1NRT,311.67,14.32,D
23.63294,-106.11862,334.98,1.58,1.24,2025-03-13,2104,A,83,6.1NRT,309.37,41.94,D
23.63012,-106.13449,349.27,1.58,1.24,2025-03-13,2104,A,94,6.1NRT,312.11,91.47,D
23.64112,-106.13547,331.65,1.58,1.24,2025-03-13,2104,A,70,6.1NRT,310.69,34.84,D
23.63835,-106.15112,326.94,1.59,1.24,2025-03-13,2104,A,29,6.1NRT,309.72,23.59,D
23.63573,-106.16586,331.65,1.59,1.24,2025-03-13,2104,A,68,6.1NRT,310.04,36.84,D
23.64655,-106.16796,323.58,1.59,1.24,2025-03-13,2104,A,27,6.1NRT,308,19.42,D
24.01026,-104.52173,327.41,1.24,1.11,2025-03-13,2104,A,75,6.1NRT,311.82,18.15,D
24.00831,-104.53347,323.07,1.24,1.11,2025-03-13,2104,A,68,6.1NRT,310.69,11.66,D
23.72936,-106.28543,323.27,1.62,1.25,2025-03-13,2104,A,72,6.1NRT,306.67,23.07,D
24.97657,-99.40347,342.84,1.12,1.05,2025-03-13,2104,A,88,6.1NRT,315.01,37.74,D
24.97514,-99.41425,350.48,1.12,1.05,2025-03-13,2104,A,94,6.1NRT,315.5,55.28,D
24.32387,-104.01659,321.69,1.16,1.07,2025-03-13,2104,A,56,6.1NRT,311.55,5.14,D
25.29561,-99.77293,354.35,1.09,1.04,2025-03-13,2104,A,96,6.1NRT,314.71,62.98,D
25.29419,-99.78344,366.55,1.09,1.04,2025-03-13,2104,A,100,6.1NRT,314.85,100.86,D
25.30484,-99.77025,335.07,1.09,1.04,2025-03-13,2104,A,81,6.1NRT,311.34,23.91,D
25.30346,-99.78078,328.41,1.09,1.04,2025-03-13,2104,A,72,6.1NRT,308.78,14.33,D
25.30208,-99.79129,324.16,1.09,1.04,2025-03-13,2104,A,61,6.1NRT,310.11,9.17,D
25.35187,-99.90623,385.46,1.08,1.04,2025-03-13,2104,A,100,6.1NRT,318.22,181.02,D
25.35047,-99.91663,327.08,1.08,1.04,2025-03-13,2104,A,70,6.1NRT,313.03,11.13,D
24.46064,-106.49644,316.9,1.62,1.25,2025-03-13,2104,A,38,6.1NRT,306.56,12.86,D
24.47145,-106.49907,316.6,1.62,1.25,2025-03-13,2104,A,41,6.1NRT,305.01,13.68,D
24.47188,-106.93756,322.5,1.73,1.29,2025-03-13,2104,A,42,6.1NRT,309.47,15.99,D
24.40865,-107.40363,323.41,1.87,1.34,2025-03-13,2104,A,73,6.1NRT,305.1,28.04,D
24.40532,-107.42136,341.87,1.88,1.34,2025-03-13,2104,A,90,6.1NRT,305.55,95.51,D
25.95901,-97.68967,326.74,1.42,1.18,2025-03-13,2104,A,63,6.1NRT,312.14,12.13,D
25.3519,-103.33592,331.55,1.06,1.03,2025-03-13,2104,A,75,6.1NRT,313.89,18.58,D
26.1112,-98.45898,335.74,1.28,1.12,2025-03-13,2104,A,81,6.1NRT,309.86,30.3,D
26.11106,-98.46455,329.42,1.28,1.12,2025-03-13,2104,A,70,6.1NRT,309.62,17.43,D
26.48335,-97.99768,327.9,1.38,1.16,2025-03-13,2104,A,65,6.1NRT,312.53,13.91,D
26.53245,-97.93582,325.22,1.4,1.17,2025-03-13,2104,A,41,6.1NRT,308.76,13.24,D
26.26571,-100.36887,335.07,1.06,1.03,2025-03-13,2104,A,79,6.1NRT,317.12,19.67,D
26.26432,-100.3792,370.68,1.06,1.03,2025-03-13,2104,A,100,6.1NRT,320.73,110.01,D
26.2747,-100.37036,357.41,1.06,1.03,2025-03-13,2104,A,98,6.1NRT,318.53,66.81,D
26.27331,-100.38069,410.68,1.06,1.03,2025-03-13,2104,A,100,6.1NRT,333.47,331.32,D
26.27191,-100.39103,350.81,1.06,1.03,2025-03-13,2104,A,94,6.1NRT,319.73,50.52,D
26.2823,-100.38219,351.41,1.06,1.03,2025-03-13,2104,A,94,6.1NRT,313.07,51.99,D
26.2809,-100.39252,338.17,1.06,1.03,2025-03-13,2104,A,83,6.1NRT,316.15,25.51,D
26.51703,-99.14765,326.96,1.19,1.09,2025-03-13,2104,A,55,6.1NRT,311.57,10.16,D
26.51557,-99.15931,344.25,1.19,1.09,2025-03-13,2104,A,89,6.1NRT,312.92,43.48,D
25.31218,-107.11302,332.42,1.71,1.28,2025-03-13,2104,A,84,6.1NRT,308.45,50.25,D
25.61037,-106.81947,317.06,1.62,1.25,2025-03-13,2104,A,62,6.1NRT,298.96,21.83,D
25.98129,-106.56048,346.32,1.53,1.22,2025-03-13,2104,A,93,6.1NRT,298.89,95.73,D
25.99443,-106.54816,317.19,1.53,1.22,2025-03-13,2104,A,62,6.1NRT,294.18,21.88,D
25.99178,-106.5631,345.19,1.53,1.22,2025-03-13,2104,A,92,6.1NRT,296.15,92.48,D
26.51083,-106.35769,323.19,1.45,1.19,2025-03-13,2104,A,73,6.1NRT,295.72,31.03,D
7.44831,-61.43579,304.17,1.27,1.12,2025-03-14,0141,T,59,6.1NRT,287.55,7.2,N
7.52797,-63.24296,304.18,1.05,1.02,2025-03-14,0141,T,40,6.1NRT,285.74,4.74,N
7.62895,-63.71589,303.22,1.02,1.01,2025-03-14,0141,T,45,6.1NRT,288.42,3.42,N
7.77095,-63.69278,314.47,1.02,1.01,2025-03-14,0141,T,89,6.1NRT,292.7,10.72,N
7.28572,-67.18744,301.11,1.21,1.09,2025-03-14,0141,T,38,6.1NRT,288.75,4.55,N
7.01976,-69.27541,302.29,1.7,1.28,2025-03-14,0141,T,48,6.1NRT,287.51,8.52,N
7.01755,-69.29035,305.38,1.7,1.28,2025-03-14,0141,T,64,6.1NRT,289.24,12.68,N
7.32468,-67.25904,307.29,1.22,1.1,2025-03-14,0141,T,71,6.1NRT,288.64,8.77,N
7.32314,-67.26983,307.05,1.22,1.1,2025-03-14,0141,T,70,6.1NRT,289.78,8.31,N
7.34141,-67.23488,304.33,1.22,1.1,2025-03-14,0141,T,59,6.1NRT,289.82,5.69,N
7.33019,-67.31036,308.35,1.23,1.1,2025-03-14,0141,T,67,6.1NRT,292.53,8.11,N
7.32858,-67.3212,308.4,1.23,1.1,2025-03-14,0141,T,61,6.1NRT,292.94,7.87,N
7.35266,-67.2256,320.9,1.22,1.1,2025-03-14,0141,T,100,6.1NRT,291.13,21.68,N
7.35107,-67.23632,318.33,1.22,1.1,2025-03-14,0141,T,97,6.1NRT,289.58,18.58,N
7.3399,-67.31181,312.41,1.23,1.1,2025-03-14,0141,T,69,6.1NRT,292.54,11.67,N
7.35757,-67.25925,313.72,1.22,1.1,2025-03-14,0141,T,43,6.1NRT,291.57,12.54,N
7.37849,-67.25139,306.87,1.22,1.1,2025-03-14,0141,T,30,6.1NRT,290.56,6.8,N
7.436,-67.19437,316.97,1.21,1.09,2025-03-14,0141,T,94,6.1NRT,294.43,16.24,N
7.44028,-67.18995,310.33,1.21,1.09,2025-03-14,0141,T,80,6.1NRT,294.12,9.78,N
7.4387,-67.20059,308.42,1.21,1.09,2025-03-14,0141,T,74,6.1NRT,294.19,7.98,N
7.46445,-67.22625,312.64,1.21,1.09,2025-03-14,0141,T,85,6.1NRT,292.58,12.86,N
7.23349,-69.22961,311.37,1.67,1.27,2025-03-14,0141,T,82,6.1NRT,291.26,18.97,N
7.23332,-69.23592,308.46,1.67,1.27,2025-03-14,0141,T,75,6.1NRT,291.17,15.52,N
7.94979,-65.32284,303.88,1.01,1.01,2025-03-14,0141,T,11,6.1NRT,289.04,4.16,N
7.76043,-66.72341,307.53,1.13,1.06,2025-03-14,0141,T,72,6.1NRT,293.58,6.58,N
7.759,-66.73341,307.48,1.13,1.06,2025-03-14,0141,T,72,6.1NRT,293.84,6.6,N
7.77546,-66.68488,305.97,1.13,1.06,2025-03-14,0141,T,66,6.1NRT,292.79,5.55,N
7.62331,-68.16343,303.36,1.38,1.16,2025-03-14,0141,T,53,6.1NRT,292.37,6.2,N
8.04311,-65.31517,308.72,1.01,1.01,2025-03-14,0141,T,20,6.1NRT,291.44,4.59,N
7.65648,-68.00891,301.71,1.35,1.15,2025-03-14,0141,T,37,6.1NRT,287.69,6.42,N
8.17575,-64.42816,306.28,1,1,2025-03-14,0141,T,59,6.1NRT,290.21,4.57,N
7.17562,-71.28816,300.87,2.44,1.51,2025-03-14,0141,T,21,6.1NRT,287.34,12.99,N
8.41066,-62.85051,310.38,1.1,1.05,2025-03-14,0143,T,80,6.1NRT,292.98,7.44,N
8.41712,-62.85727,309.73,1.1,1.05,2025-03-14,0143,T,78,6.1NRT,292.88,8.13,N
8.07939,-65.32627,322.9,1.01,1.01,2025-03-14,0143,T,100,6.1NRT,291.85,18.37,N
8.07812,-65.33522,310.16,1.01,1.01,2025-03-14,0143,T,67,6.1NRT,291.98,7.34,N
7.86817,-67.25657,310.48,1.2,1.09,2025-03-14,0143,T,77,6.1NRT,295.48,8.45,N
7.86664,-67.2672,332.83,1.21,1.09,2025-03-14,0143,T,100,6.1NRT,296.51,38.55,N
7.82632,-67.76171,306.77,1.29,1.13,2025-03-14,0143,T,62,6.1NRT,292.7,8.12,N
7.82462,-67.77309,304.64,1.29,1.13,2025-03-14,0143,T,45,6.1NRT,291.93,6.48,N
7.70337,-69.32349,314.25,1.67,1.27,2025-03-14,0143,T,89,6.1NRT,293.19,24.6,N
7.9915,-67.60879,314.11,1.26,1.11,2025-03-14,0143,T,86,6.1NRT,294.78,14.32,N
7.98988,-67.61989,309.37,1.26,1.11,2025-03-14,0143,T,72,6.1NRT,295.09,9.63,N
8.01111,-67.61175,310.11,1.26,1.11,2025-03-14,0143,T,75,6.1NRT,295.09,9.85,N
7.73488,-69.57371,312.2,1.74,1.29,2025-03-14,0143,T,37,6.1NRT,293.6,19.43,N
7.73291,-69.57971,308.05,1.74,1.29,2025-03-14,0143,T,37,6.1NRT,293.81,14.18,N
7.74665,-69.56622,308.78,1.74,1.29,2025-03-14,0143,T,76,6.1NRT,292.96,15.64,N
7.74429,-69.5815,309.8,1.74,1.29,2025-03-14,0143,T,78,6.1NRT,293.52,17.77,N
8.89274,-62.33171,303.99,1.18,1.08,2025-03-14,0143,T,57,6.1NRT,287.41,6.75,N
8.0174,-68.61184,310.28,1.46,1.19,2025-03-14,0143,T,78,6.1NRT,290.07,13.8,N
18.5686,-69.27624,300.83,1.15,1.07,2025-03-14,0147,T,19,6.1NRT,289.19,3.92,N
8.01548,-68.62472,303.65,1.46,1.2,2025-03-14,0143,T,51,6.1NRT,290.37,6.31,N
18.57342,-69.28295,302.7,1.15,1.07,2025-03-14,0147,T,50,6.1NRT,289.47,5.64,N
7.79998,-70.20808,303.54,1.95,1.36,2025-03-14,0143,T,56,6.1NRT,293.08,9.94,N
20.55144,-76.08585,310.98,3.13,1.68,2025-03-14,0147,T,81,6.1NRT,287.65,51.44,N
7.81193,-70.20999,305.22,1.95,1.36,2025-03-14,0143,T,63,6.1NRT,293.2,12.69,N
20.54601,-76.1145,308.53,3.14,1.68,2025-03-14,0147,T,75,6.1NRT,288.84,43.53,N
8.49625,-65.63828,307.58,1.02,1.01,2025-03-14,0143,T,21,6.1NRT,292.38,4.66,N
20.55188,-76.09114,317.55,3.13,1.68,2025-03-14,0147,T,95,6.1NRT,288,81.47,N
7.80524,-70.21544,306.85,1.95,1.36,2025-03-14,0143,T,69,6.1NRT,292.99,14.79,N
20.54626,-76.11974,304.23,3.14,1.68,2025-03-14,0147,T,59,6.1NRT,289.05,31.04,N
8.50645,-65.63051,308.05,1.02,1.01,2025-03-14,0143,T,48,6.1NRT,292.24,5.22,N
8.51536,-65.63181,308.13,1.02,1.01,2025-03-14,0143,T,39,6.1NRT,292.73,5.3,N
20.89194,-77.66171,308.73,4.03,1.86,2025-03-14,0147,T,62,6.1NRT,289.75,63.22,N
8.32226,-67.23665,315.36,1.19,1.08,2025-03-14,0143,T,89,6.1NRT,298,12.08,N
8.32073,-67.24715,327.84,1.19,1.08,2025-03-14,0143,T,100,6.1NRT,298.36,28.27,N
8.0216,-69.27256,310.63,1.63,1.26,2025-03-14,0143,T,80,6.1NRT,292.51,17.35,N
8.01944,-69.28695,321.77,1.64,1.26,2025-03-14,0143,T,100,6.1NRT,293.52,37.08,N
8.04156,-69.2904,346.39,1.64,1.26,2025-03-14,0143,T,100,6.1NRT,294.56,109.66,N
8.03942,-69.30482,325.59,1.64,1.26,2025-03-14,0143,T,100,6.1NRT,293.58,44.77,N
8.64176,-65.18323,304.9,1.01,1,2025-03-14,0143,T,61,6.1NRT,291.71,3.5,N
8.64052,-65.19214,305.37,1.01,1,2025-03-14,0143,T,59,6.1NRT,292.03,3.73,N
8.05049,-69.30655,312.64,1.64,1.26,2025-03-14,0143,T,85,6.1NRT,293.78,19.31,N
8.04436,-69.2819,313.59,1.63,1.26,2025-03-14,0143,T,87,6.1NRT,293.58,21.06,N
8.04212,-69.29627,348.09,1.64,1.26,2025-03-14,0143,T,100,6.1NRT,295.27,116.37,N
8.59321,-65.73248,311.85,1.03,1.01,2025-03-14,0143,T,80,6.1NRT,294.21,7.84,N
8.59192,-65.74157,308.13,1.03,1.01,2025-03-14,0143,T,67,6.1NRT,294.15,5.07,N
8.00163,-70.01223,304.19,1.86,1.33,2025-03-14,0143,T,59,6.1NRT,293.8,11.44,N
8.32431,-68.0626,308.32,1.33,1.14,2025-03-14,0143,T,68,6.1NRT,294.56,9.6,N
8.5734,-66.44913,309.82,1.08,1.04,2025-03-14,0143,T,70,6.1NRT,296.88,6.1,N
8.59946,-66.46272,309.82,1.08,1.04,2025-03-14,0143,T,24,6.1NRT,297.25,5.15,N
8.37813,-68.6653,304.72,1.46,1.19,2025-03-14,0143,T,43,6.1NRT,294.68,7.58,N
8.37621,-68.67813,311.38,1.46,1.19,2025-03-14,0143,T,81,6.1NRT,295.97,14.93,N
8.38862,-68.66692,307.15,1.46,1.19,2025-03-14,0143,T,68,6.1NRT,294.3,10.36,N
8.3867,-68.67978,329.25,1.46,1.19,2025-03-14,0143,T,100,6.1NRT,295.17,45.51,N
8.18649,-70.087,304.69,1.87,1.34,2025-03-14,0143,T,46,6.1NRT,290.37,14.28,N
8.80439,-66.063,327.98,1.05,1.02,2025-03-14,0143,T,100,6.1NRT,296.09,24.17,N
8.71916,-66.65063,312.41,1.1,1.05,2025-03-14,0143,T,82,6.1NRT,297.72,8.56,N
8.72694,-66.66177,311.39,1.1,1.05,2025-03-14,0143,T,79,6.1NRT,297.64,7.64,N
8.82371,-66.05639,307.37,1.04,1.02,2025-03-14,0143,T,65,6.1NRT,295.73,4.4,N
8.48534,-68.63592,306.71,1.44,1.19,2025-03-14,0143,T,65,6.1NRT,294.38,10.25,N
8.60014,-67.99805,304.87,1.3,1.13,2025-03-14,0143,T,47,6.1NRT,294.84,5.88,N
8.63405,-68.11591,314.03,1.32,1.14,2025-03-14,0143,T,86,6.1NRT,294.5,14.67,N
8.65413,-68.11899,309.29,1.32,1.14,2025-03-14,0143,T,72,6.1NRT,294.81,9.99,N
8.6524,-68.1307,304.91,1.33,1.14,2025-03-14,0143,T,47,6.1NRT,294.39,6,N
9.10172,-65.18938,317.06,1,1,2025-03-14,0143,T,94,6.1NRT,292.99,13.4,N
9.10048,-65.19829,312.9,1,1,2025-03-14,0143,T,86,6.1NRT,292.8,10.16,N
8.47311,-70.01726,306.69,1.83,1.32,2025-03-14,0143,T,69,6.1NRT,292.84,14.34,N
8.66755,-68.7946,306.25,1.47,1.2,2025-03-14,0143,T,67,6.1NRT,295.47,8.66,N
9.36945,-64.52382,321.33,1,1,2025-03-14,0143,T,70,6.1NRT,292.59,19.08,N
9.37706,-64.534,316.2,1,1,2025-03-14,0143,T,93,6.1NRT,291.86,12.7,N
9.38712,-64.54169,306.05,1,1,2025-03-14,0143,T,41,6.1NRT,293.22,5.7,N
9.38589,-64.55061,310.58,1,1,2025-03-14,0143,T,69,6.1NRT,294.09,8.74,N
9.31492,-65.32073,306.39,1,1,2025-03-14,0143,T,66,6.1NRT,294.34,4.93,N
9.32376,-65.32202,312.51,1,1,2025-03-14,0143,T,84,6.1NRT,294.23,9,N
8.74341,-69.4484,324.13,1.64,1.26,2025-03-14,0143,T,100,6.1NRT,295.07,42.36,N
8.74123,-69.46287,314.34,1.64,1.26,2025-03-14,0143,T,89,6.1NRT,294.61,23.65,N
8.90481,-68.50738,308.45,1.39,1.17,2025-03-14,0143,T,6,6.1NRT,292.58,10.88,N
8.90301,-68.51971,333.3,1.4,1.17,2025-03-14,0143,T,100,6.1NRT,294.35,50.9,N
8.9012,-68.53206,327.71,1.4,1.17,2025-03-14,0143,T,100,6.1NRT,293.57,39.37,N
8.89958,-68.52487,332.57,1.4,1.17,2025-03-14,0143,T,100,6.1NRT,294.66,48.93,N
9.63951,-63.56155,375.97,1.06,1.03,2025-03-14,0143,T,100,6.1NRT,295.79,146.05,N
9.63825,-63.57095,324.14,1.06,1.03,2025-03-14,0143,T,100,6.1NRT,294.03,20.51,N
9.61811,-63.72054,346.48,1.04,1.02,2025-03-14,0143,T,100,6.1NRT,296.16,55.83,N
9.61686,-63.72983,348.56,1.04,1.02,2025-03-14,0143,T,100,6.1NRT,295.8,60.24,N
9.65363,-63.52522,315.03,1.06,1.03,2025-03-14,0143,T,90,6.1NRT,294.61,11.59,N
9.65236,-63.53465,336.33,1.06,1.03,2025-03-14,0143,T,100,6.1NRT,295.87,38,N
9.64856,-63.56288,373.95,1.06,1.03,2025-03-14,0143,T,100,6.1NRT,295.21,137.88,N
9.6473,-63.57227,351.87,1.06,1.03,2025-03-14,0143,T,100,6.1NRT,295.51,68.64,N
9.64603,-63.58165,311.44,1.05,1.03,2025-03-14,0143,T,83,6.1NRT,294.25,8.22,N
9.62585,-63.73111,304.85,1.04,1.02,2025-03-14,0143,T,62,6.1NRT,294.14,3.89,N
9.65001,-63.62043,348.33,1.05,1.02,2025-03-14,0143,T,100,6.1NRT,295.12,60.18,N
9.64875,-63.62976,385.55,1.05,1.02,2025-03-14,0143,T,100,6.1NRT,296.38,187.78,N
9.69895,-63.53167,306.78,1.06,1.03,2025-03-14,0143,T,69,6.1NRT,294.19,5.4,N
9.7403,-63.42778,308.9,1.07,1.03,2025-03-14,0143,T,76,6.1NRT,293.99,7.32,N
9.73396,-63.47521,310.32,1.07,1.03,2025-03-14,0143,T,80,6.1NRT,294.94,7.94,N
8.25754,-73.43881,305.36,3.47,1.75,2025-03-14,0143,T,58,6.1NRT,289.08,39.14,N
9.35483,-66.9789,327.19,1.12,1.06,2025-03-14,0143,T,100,6.1NRT,297.08,26.56,N
9.90621,-63.42455,306.19,1.07,1.03,2025-03-14,0143,T,67,6.1NRT,294.16,5.4,N
9.51534,-66.88403,321.56,1.11,1.05,2025-03-14,0143,T,100,6.1NRT,296.71,19.4,N
10.00624,-63.50331,310.72,1.07,1.03,2025-03-14,0143,T,81,6.1NRT,294.61,8.69,N
9.4192,-68.27935,312.74,1.32,1.14,2025-03-14,0143,T,85,6.1NRT,296.73,13.04,N
9.42923,-68.28091,327.67,1.32,1.14,2025-03-14,0143,T,100,6.1NRT,296.15,34.51,N
9.42747,-68.29261,313.28,1.32,1.14,2025-03-14,0143,T,87,6.1NRT,295.41,13.37,N
9.50499,-67.97655,322.85,1.26,1.12,2025-03-14,0143,T,95,6.1NRT,294.22,27.43,N
9.31583,-69.24386,358.8,1.55,1.23,2025-03-14,0143,T,100,6.1NRT,300.35,152.55,N
9.31376,-69.25752,333.6,1.55,1.23,2025-03-14,0143,T,100,6.1NRT,298.07,58.83,N
9.32661,-69.24553,315.53,1.55,1.23,2025-03-14,0143,T,91,6.1NRT,297.14,20.66,N
9.32455,-69.25919,312.16,1.55,1.23,2025-03-14,0143,T,84,6.1NRT,296.88,15.5,N
9.38105,-68.95419,309.03,1.47,1.2,2025-03-14,0143,T,76,6.1NRT,296.2,11.17,N
9.37911,-68.96721,307.21,1.47,1.2,2025-03-14,0143,T,71,6.1NRT,296.2,9.06,N
9.38588,-68.96059,314.78,1.47,1.2,2025-03-14,0143,T,90,6.1NRT,296.26,18.01,N
9.61998,-67.62046,312.24,1.2,1.09,2025-03-14,0143,T,83,6.1NRT,297.27,9.26,N
10.051,-64.8615,308.29,1,1,2025-03-14,0143,T,29,6.1NRT,293.77,6.66,N
10.05613,-64.8895,311.54,1,1,2025-03-14,0143,T,83,6.1NRT,293.24,8.51,N
9.52078,-68.63223,317.85,1.39,1.17,2025-03-14,0143,T,96,6.1NRT,295.74,21.24,N
9.51896,-68.64456,331.69,1.39,1.17,2025-03-14,0143,T,100,6.1NRT,295.36,46.45,N
9.67908,-67.61829,307.85,1.2,1.09,2025-03-14,0143,T,67,6.1NRT,296.46,6.76,N
9.52924,-68.64616,304.94,1.39,1.17,2025-03-14,0143,T,62,6.1NRT,294.56,6.18,N
10.07635,-64.88959,311.8,1,1,2025-03-14,0143,T,83,6.1NRT,295.68,8.3,N
10.07512,-64.8985,315.4,1,1,2025-03-14,0143,T,91,6.1NRT,295.29,11.2,N
9.69652,-67.52986,309.53,1.18,1.08,2025-03-14,0143,T,77,6.1NRT,295.04,6.5,N
9.52795,-68.6397,333.77,1.39,1.17,2025-03-14,0143,T,100,6.1NRT,295.4,51,N
9.52605,-68.65202,310.41,1.39,1.17,2025-03-14,0143,T,80,6.1NRT,294.26,11.66,N
9.56248,-68.61989,322.98,1.39,1.17,2025-03-14,0143,T,100,6.1NRT,295.6,30.39,N
9.87365,-66.58086,312.85,1.07,1.03,2025-03-14,0143,T,86,6.1NRT,295.51,10.8,N
9.62475,-68.27547,307.43,1.31,1.14,2025-03-14,0143,T,71,6.1NRT,296.46,6.08,N
9.67511,-68.1419,306.77,1.29,1.13,2025-03-14,0143,T,64,6.1NRT,296.1,5.93,N
9.68501,-68.14342,306.85,1.29,1.13,2025-03-14,0143,T,68,6.1NRT,295.94,5.86,N
10.37305,-63.37259,303.44,1.09,1.04,2025-03-14,0143,T,55,6.1NRT,293.08,4.75,N
10.37177,-63.38229,305.12,1.09,1.04,2025-03-14,0143,T,63,6.1NRT,293.01,5.81,N
9.86631,-67.07137,326.39,1.12,1.05,2025-03-14,0143,T,100,6.1NRT,295.34,25.93,N
9.86485,-67.08126,305.19,1.12,1.05,2025-03-14,0143,T,63,6.1NRT,294.78,4.32,N
9.57358,-69.15018,308.3,1.51,1.21,2025-03-14,0143,T,74,6.1NRT,295.26,11.42,N
9.63672,-69.09229,324.98,1.49,1.21,2025-03-14,0143,T,100,6.1NRT,296.58,36.69,N
9.63475,-69.10548,317.56,1.49,1.21,2025-03-14,0143,T,95,6.1NRT,296.01,23.56,N
9.64137,-69.09935,325.16,1.49,1.21,2025-03-14,0143,T,100,6.1NRT,296.49,37.24,N
10.07167,-67.1238,317.23,1.12,1.05,2025-03-14,0143,T,95,6.1NRT,292.75,17.33,N
10.07019,-67.13397,321.28,1.12,1.06,2025-03-14,0143,T,100,6.1NRT,292.75,21.59,N
10.08102,-67.12475,302.06,1.12,1.05,2025-03-14,0143,T,46,6.1NRT,291.33,4.96,N
10.11456,-67.33081,303.09,1.14,1.07,2025-03-14,0143,T,53,6.1NRT,291.01,6.09,N
10.16474,-67.18359,308.69,1.12,1.06,2025-03-14,0143,T,75,6.1NRT,290.19,10.44,N
10.16326,-67.19377,324.97,1.13,1.06,2025-03-14,0143,T,100,6.1NRT,291.52,27.43,N
10.15536,-67.37958,306.33,1.15,1.07,2025-03-14,0143,T,68,6.1NRT,292.99,7.57,N
10.04742,-68.18652,304.04,1.28,1.12,2025-03-14,0143,T,58,6.1NRT,292.5,6.76,N
10.19946,-67.44552,304.87,1.16,1.07,2025-03-14,0143,T,62,6.1NRT,293.73,5.09,N
10.19794,-67.45581,305.77,1.16,1.07,2025-03-14,0143,T,64,6.1NRT,292.73,5.84,N
9.6538,-72.20835,352.14,2.6,1.55,2025-03-14,0143,T,100,6.1NRT,294.02,261.38,N
9.65006,-72.23123,310.84,2.61,1.55,2025-03-14,0143,T,81,6.1NRT,292.76,31.97,N
9.67103,-72.18797,316.25,2.58,1.54,2025-03-14,0143,T,93,6.1NRT,292.86,49.19,N
9.66734,-72.2107,317.17,2.6,1.55,2025-03-14,0143,T,95,6.1NRT,292.8,52.38,N
9.82104,-72.17323,308.99,2.56,1.54,2025-03-14,0143,T,76,6.1NRT,293.24,27.8,N
9.82859,-72.18002,310.82,2.56,1.54,2025-03-14,0143,T,81,6.1NRT,293.14,33.4,N
10.09215,-73.34822,310.45,3.14,1.68,2025-03-14,0143,T,80,6.1NRT,294,33.14,N
10.09226,-73.35458,309.55,3.14,1.68,2025-03-14,0143,T,78,6.1NRT,294,31.62,N
19.36778,-96.40057,322.87,1.57,1.23,2025-03-14,0325,T,100,6.1NRT,293.63,38.69,N
19.37255,-96.39241,315.68,1.57,1.23,2025-03-14,0325,T,92,6.1NRT,293.74,25.5,N
19.37013,-96.40673,310.48,1.57,1.23,2025-03-14,0325,T,80,6.1NRT,293.3,17.9,N
20.05026,-99.28574,300.56,2.5,1.52,2025-03-14,0325,T,30,6.1NRT,289.32,20.17,N
20.04587,-99.29149,302.67,2.5,1.52,2025-03-14,0325,T,51,6.1NRT,289.12,22.69,N
20.38924,-100.37561,302.38,2.97,1.64,2025-03-14,0325,T,49,6.1NRT,286.59,31.2,N
20.39167,-100.38325,304.95,2.97,1.64,2025-03-14,0325,T,62,6.1NRT,286.58,37.41,N
21.66297,-98.40707,307.91,1.98,1.37,2025-03-14,0325,T,73,6.1NRT,293.87,20.65,N
21.7359,-98.44793,306.84,1.98,1.37,2025-03-14,0325,T,69,6.1NRT,293.32,19.01,N
21.73259,-98.46642,316.23,1.99,1.38,2025-03-14,0325,T,93,6.1NRT,293.77,38.18,N
21.83449,-98.09739,311.31,1.86,1.33,2025-03-14,0325,T,82,6.1NRT,291.26,27.45,N
21.83146,-98.11479,306.02,1.87,1.34,2025-03-14,0325,T,67,6.1NRT,291.47,18.6,N
22.69619,-99.49686,305.79,2.27,1.46,2025-03-14,0328,T,66,6.1NRT,291.71,22.4,N
22.69583,-99.50188,303.02,2.27,1.46,2025-03-14,0328,T,51,6.1NRT,291.61,15.92,N
22.91581,-99.4521,303.63,2.23,1.45,2025-03-14,0328,T,56,6.1NRT,292.97,13.83,N
24.99121,-99.41494,307.51,2,1.38,2025-03-14,0328,T,72,6.1NRT,293.45,18.73,N
26.11545,-98.45807,311.08,1.62,1.25,2025-03-14,0328,T,82,6.1NRT,293.72,18.82,N
26.55647,-97.92794,307.87,1.47,1.2,2025-03-14,0328,T,73,6.1NRT,293.49,13.39,N
12.77003,-86.86903,309.78,1.33,1.14,2025-03-14,0321,T,78,6.1NRT,294.83,11.94,N
13.98209,-85.41399,307.63,1.76,1.3,2025-03-14,0323,T,72,6.1NRT,292.61,17.54,N
13.95565,-89.26318,309.86,1.05,1.02,2025-03-14,0323,T,78,6.1NRT,293.59,7.96,N
13.95436,-89.27267,306.4,1.05,1.02,2025-03-14,0323,T,68,6.1NRT,293.14,5.51,N
14.02829,-89.20207,307.3,1.05,1.02,2025-03-14,0323,T,71,6.1NRT,291.56,6.46,N
14.03322,-89.71465,300.48,1.02,1.01,2025-03-14,0323,T,20,6.1NRT,290.46,4.07,N
14.05294,-91.23031,309.64,1.01,1.01,2025-03-14,0323,T,78,6.1NRT,293.92,7.55,N
14.13182,-91.5266,307.38,1.02,1.01,2025-03-14,0323,T,71,6.1NRT,294.56,6.09,N
14.68951,-90.43771,304.32,1,1,2025-03-14,0323,T,60,6.1NRT,291.03,6.16,N
14.77407,-90.68701,303.82,1,1,2025-03-14,0323,T,17,6.1NRT,291.16,4.84,N
14.79449,-90.68712,306.15,1,1,2025-03-14,0323,T,62,6.1NRT,293.14,6.8,N
14.83828,-90.43469,304.74,1,1,2025-03-14,0323,T,61,6.1NRT,294.08,4.07,N
14.73235,-91.57767,303.17,1.02,1.01,2025-03-14,0323,T,40,6.1NRT,287.75,6.28,N
14.74258,-91.56907,307.25,1.02,1.01,2025-03-14,0323,T,66,6.1NRT,286.2,9.56,N
14.64832,-92.2298,309.75,1.06,1.03,2025-03-14,0323,T,78,6.1NRT,295.2,8.08,N
14.65612,-92.23711,306.49,1.06,1.03,2025-03-14,0323,T,68,6.1NRT,294.6,6.24,N
15.29965,-91.09589,313.11,1,1,2025-03-14,0323,T,86,6.1NRT,293.51,11.5,N
15.29838,-91.10494,308.64,1,1,2025-03-14,0323,T,75,6.1NRT,293.32,7.93,N
15.30845,-91.09716,316,1,1,2025-03-14,0323,T,92,6.1NRT,292.77,13.88,N
15.30719,-91.10621,342.17,1,1,2025-03-14,0323,T,100,6.1NRT,297.25,46.57,N
15.30592,-91.11525,335.54,1,1,2025-03-14,0323,T,100,6.1NRT,297.61,35.53,N
15.30465,-91.12434,341.97,1,1,2025-03-14,0323,T,100,6.1NRT,297.84,45.51,N
15.30337,-91.13342,313.26,1,1,2025-03-14,0323,T,87,6.1NRT,293.21,11.08,N
15.31599,-91.10748,315,1,1,2025-03-14,0323,T,81,6.1NRT,291.04,13.39,N
15.31472,-91.11656,339.73,1,1,2025-03-14,0323,T,100,6.1NRT,293.26,42.94,N
15.31344,-91.12564,364.08,1,1,2025-03-14,0323,T,100,6.1NRT,296.47,97.25,N
15.31217,-91.13472,327.84,1,1,2025-03-14,0323,T,100,6.1NRT,292.53,26.18,N
15.31089,-91.14384,305.29,1,1,2025-03-14,0323,T,64,6.1NRT,291.23,6.4,N
16.18499,-92.51258,309.24,1.06,1.03,2025-03-14,0323,T,77,6.1NRT,295.62,7.1,N
16.40483,-92.46098,312.06,1.05,1.02,2025-03-14,0323,T,84,6.1NRT,291.91,11.35,N
16.4034,-92.47073,304.19,1.05,1.02,2025-03-14,0323,T,59,6.1NRT,292.79,5.4,N
16.20632,-95.16907,319.19,1.46,1.19,2025-03-14,0323,T,98,6.1NRT,298.61,25.53,N
15.98844,-96.66249,303.48,1.9,1.35,2025-03-14,0323,T,55,6.1NRT,292.16,12.92,N
16.69873,-92.97237,314.65,1.09,1.04,2025-03-14,0323,T,90,6.1NRT,296.61,11.48,N
16.7108,-92.95403,321.21,1.09,1.04,2025-03-14,0323,T,100,6.1NRT,296.92,18.51,N
16.70934,-92.96394,322.06,1.09,1.04,2025-03-14,0323,T,100,6.1NRT,296.68,19.07,N
16.70786,-92.97386,311.43,1.09,1.04,2025-03-14,0323,T,82,6.1NRT,296.14,8.54,N
16.71994,-92.95546,318.17,1.09,1.04,2025-03-14,0323,T,96,6.1NRT,296.36,15.28,N
16.71847,-92.96543,323.83,1.09,1.04,2025-03-14,0323,T,100,6.1NRT,296.6,21.18,N
16.48604,-97.63274,306.52,2.2,1.44,2025-03-14,0323,T,68,6.1NRT,291.41,20.69,N
16.48659,-97.63879,301.72,2.2,1.44,2025-03-14,0323,T,38,6.1NRT,291.34,13.39,N
17.87782,-92.48631,309.96,1.03,1.01,2025-03-14,0323,T,37,6.1NRT,297.54,7.26,N
17.89565,-92.4892,309.81,1.03,1.01,2025-03-14,0323,T,78,6.1NRT,296.53,7.69,N
17.84186,-93.11272,350.43,1.08,1.04,2025-03-14,0323,T,100,6.1NRT,296.6,68.67,N
17.84041,-93.12259,363.53,1.08,1.04,2025-03-14,0323,T,100,6.1NRT,298.6,105.48,N
17.89647,-93.17828,312.45,1.08,1.04,2025-03-14,0323,T,85,6.1NRT,297.22,10.08,N
17.895,-93.18819,330.97,1.08,1.04,2025-03-14,0323,T,100,6.1NRT,299.07,31.56,N
17.90558,-93.17979,321.93,1.08,1.04,2025-03-14,0323,T,100,6.1NRT,297.32,19.46,N
17.90412,-93.1897,325.59,1.08,1.04,2025-03-14,0323,T,100,6.1NRT,297.83,24.02,N
17.93175,-93.62612,306.74,1.13,1.06,2025-03-14,0323,T,68,6.1NRT,295.73,6.83,N
17.96356,-93.64799,307.15,1.13,1.06,2025-03-14,0323,T,69,6.1NRT,295.81,7.64,N
18.08677,-94.04922,308.02,1.17,1.08,2025-03-14,0323,T,72,6.1NRT,296.67,8.7,N
18.09624,-94.05083,312.33,1.17,1.08,2025-03-14,0323,T,84,6.1NRT,296.51,12.26,N
18.10015,-94.34418,306.24,1.22,1.1,2025-03-14,0323,T,66,6.1NRT,296.22,6.94,N
18.42071,-93.19032,336.02,1.07,1.03,2025-03-14,0323,T,100,6.1NRT,300.44,37.51,N
19.32992,-90.5878,310.17,1.04,1.02,2025-03-14,0323,T,77,6.1NRT,295.13,9.01,N
19.32865,-90.59742,305.68,1.03,1.02,2025-03-14,0323,T,60,6.1NRT,295.19,5.8,N
18.51139,-96.14171,304.19,1.56,1.23,2025-03-14,0323,T,58,6.1NRT,293.58,10.79,N
18.50902,-96.15598,303.31,1.56,1.23,2025-03-14,0323,T,54,6.1NRT,293.15,10.49,N
19.36959,-90.56432,317.46,1.04,1.02,2025-03-14,0323,T,95,6.1NRT,295.94,14.84,N
19.36831,-90.57395,307.89,1.04,1.02,2025-03-14,0323,T,70,6.1NRT,295.46,7.08,N
19.47573,-90.52754,306.54,1.04,1.02,2025-03-14,0323,T,64,6.1NRT,295.06,6.39,N
18.68905,-96.59663,305.62,1.67,1.27,2025-03-14,0323,T,65,6.1NRT,293.12,10.98,N
19.39901,-92.04352,312.86,1,1,2025-03-14,0323,T,80,6.1NRT,298.43,8.88,N
19.44664,-92.08919,321.41,1,1,2025-03-14,0323,T,100,6.1NRT,298.57,16.57,N
18.48018,-98.61413,307.97,2.39,1.49,2025-03-14,0323,T,73,6.1NRT,295.78,22.21,N
10.06675,-64.88255,302.06,3.71,1.8,2025-03-14,0735,A,22,6.1NRT,289.3,30.89,N
9.65995,-63.57625,301.81,4.79,2,2025-03-14,0735,A,43,6.1NRT,285.83,44.66,N
9.65017,-63.62022,323.04,4.75,1.99,2025-03-14,0735,A,100,6.1NRT,285.84,199.77,N
9.66558,-63.6221,300.63,4.75,1.99,2025-03-14,0735,A,20,6.1NRT,286.73,37.5,N
9.65821,-63.58068,302.72,4.79,2,2025-03-14,0735,A,51,6.1NRT,285.89,50.15,N
9.64817,-63.62475,319.23,4.75,1.99,2025-03-14,0735,A,98,6.1NRT,285.82,162.93,N
9.62867,-63.71441,311.72,4.68,1.98,2025-03-14,0735,A,83,6.1NRT,286.13,112.47,N
9.628,-63.72247,308.23,4.68,1.98,2025-03-14,0735,A,74,6.1NRT,285.77,90.47,N
9.92394,-67.41142,305.08,2.35,1.48,2025-03-14,0735,A,63,6.1NRT,289.96,23.43,N
9.37439,-64.52718,302.22,4.08,1.87,2025-03-14,0735,A,48,6.1NRT,287.77,33.49,N
9.3853,-64.53331,302.88,4.08,1.87,2025-03-14,0735,A,52,6.1NRT,287.56,37.1,N
9.43711,-68.28339,312.17,2.04,1.39,2025-03-14,0735,A,84,6.1NRT,291.86,28.23,N
9.43416,-68.26547,310.6,2.05,1.39,2025-03-14,0735,A,80,6.1NRT,292.02,25.08,N
10.16035,-73.74426,302.93,1,1,2025-03-14,0735,A,52,6.1NRT,292.2,4.16,N
9.67307,-72.19668,302.12,1.11,1.05,2025-03-14,0735,A,13,6.1NRT,283.28,5.45,N
9.67154,-72.18687,300.22,1.11,1.05,2025-03-14,0735,A,8,6.1NRT,282.47,4.55,N
9.66538,-72.2079,307.58,1.11,1.05,2025-03-14,0735,A,72,6.1NRT,283.38,9.31,N
8.87327,-68.52342,301.63,2,1.38,2025-03-14,0735,A,43,6.1NRT,287.34,13.49,N
9.39799,-72.62881,309.31,1.07,1.03,2025-03-14,0735,A,77,6.1NRT,286.37,9.68,N
9.39653,-72.61934,316.35,1.07,1.03,2025-03-14,0735,A,93,6.1NRT,287.86,15.62,N
9.38746,-72.62074,337.63,1.07,1.03,2025-03-14,0735,A,100,6.1NRT,288.05,43.64,N
8.64376,-68.10315,302.13,2.19,1.43,2025-03-14,0735,A,47,6.1NRT,289.42,13.76,N
8.60238,-68.01077,302.12,2.23,1.45,2025-03-14,0735,A,47,6.1NRT,289.91,12.96,N
8.59909,-67.99127,306.22,2.23,1.45,2025-03-14,0735,A,67,6.1NRT,289.99,20.71,N
8.59839,-67.99664,309.65,2.23,1.45,2025-03-14,0735,A,78,6.1NRT,290.1,26.63,N
8.42798,-68.69885,309.46,1.98,1.37,2025-03-14,0735,A,77,6.1NRT,288.08,25.55,N
8.43583,-68.70481,300.19,1.98,1.37,2025-03-14,0735,A,21,6.1NRT,287.46,10.3,N
8.43307,-68.68744,307.27,1.98,1.37,2025-03-14,0735,A,71,6.1NRT,287.36,22.14,N
8.39419,-68.67598,309.13,1.99,1.38,2025-03-14,0735,A,77,6.1NRT,288.09,24.57,N
8.74876,-72.32169,305.92,1.12,1.05,2025-03-14,0735,A,66,6.1NRT,287.24,7.77,N
8.90657,-73.45949,302.81,1.02,1.01,2025-03-14,0735,A,52,6.1NRT,286.85,7.38,N
7.75286,-69.56545,317.82,1.74,1.29,2025-03-14,0737,A,96,6.1NRT,289.93,36.69,N
7.00125,-69.41358,304.65,1.85,1.33,2025-03-14,0737,A,61,6.1NRT,290.08,15.02,N
25.01261,-99.40981,320.74,1.42,1.18,2025-03-14,0909,A,100,6.1NRT,293.19,29.99,N
25.01094,-99.39619,313.67,1.42,1.18,2025-03-14,0909,A,88,6.1NRT,292.72,19.4,N
25.00224,-99.41128,309.32,1.42,1.18,2025-03-14,0909,A,77,6.1NRT,292.25,15.49,N
25.00058,-99.39764,307.36,1.42,1.18,2025-03-14,0909,A,71,6.1NRT,292.31,13.19,N
22.93657,-99.44728,325.19,1.34,1.15,2025-03-14,0909,A,100,6.1NRT,291.84,36.25,N
22.9349,-99.43433,307.62,1.34,1.15,2025-03-14,0909,A,72,6.1NRT,291.55,12.81,N
22.31217,-99.04272,308.04,1.24,1.11,2025-03-14,0909,A,73,6.1NRT,288.71,13.87,N
20.62352,-100.11222,303.67,1.37,1.16,2025-03-14,0911,A,56,6.1NRT,280.33,14.8,N
20.60638,-102.02462,305.08,1.87,1.34,2025-03-14,0911,A,63,6.1NRT,282.25,24.65,N
20.07944,-97.93927,300.7,1.06,1.03,2025-03-14,0911,A,32,6.1NRT,289.16,5.36,N
20.61208,-102.03125,306.71,1.87,1.34,2025-03-14,0911,A,69,6.1NRT,283.19,25.53,N
20.05522,-99.28831,307.12,1.21,1.09,2025-03-14,0911,A,70,6.1NRT,285.32,14.08,N
20.30637,-104.05788,324.58,2.65,1.56,2025-03-14,0911,A,100,6.1NRT,285.11,104.06,N
20.29276,-104.06062,317.99,2.65,1.56,2025-03-14,0911,A,96,6.1NRT,286.23,74.39,N
20.27674,-104.03966,313.41,2.64,1.56,2025-03-14,0911,A,81,6.1NRT,289.01,53.67,N
20.30086,-104.06681,326.82,2.65,1.56,2025-03-14,0911,A,100,6.1NRT,286.43,108.02,N
20.298,-104.04118,309.98,2.64,1.56,2025-03-14,0911,A,40,6.1NRT,285.21,42.33,N
20.27114,-104.04901,308.56,2.64,1.56,2025-03-14,0911,A,33,6.1NRT,289.36,40.03,N
19.02276,-98.61916,306.76,1.1,1.04,2025-03-14,0911,A,69,6.1NRT,266.69,14.11,N
18.51064,-96.14153,311.87,1.01,1.01,2025-03-14,0911,A,84,6.1NRT,294.36,10.83,N
17.90131,-92.48658,310.69,1.54,1.22,2025-03-14,0911,A,81,6.1NRT,295.6,17.26,N
18.09257,-94.04869,306.84,1.22,1.1,2025-03-14,0911,A,69,6.1NRT,294.5,9.71,N
18.10678,-94.34421,310.19,1.17,1.08,2025-03-14,0911,A,79,6.1NRT,295.23,11.31,N
17.90568,-93.18896,310.34,1.38,1.16,2025-03-14,0911,A,79,6.1NRT,294.97,14.53,N
17.90355,-93.17635,325.03,1.38,1.16,2025-03-14,0911,A,100,6.1NRT,295.81,35.82,N
17.89552,-93.19085,304.95,1.38,1.16,2025-03-14,0911,A,62,6.1NRT,294.56,9.98,N
17.89338,-93.17824,308.71,1.38,1.16,2025-03-14,0911,A,75,6.1NRT,294.08,13.73,N
17.85201,-93.12063,307.11,1.4,1.17,2025-03-14,0911,A,62,6.1NRT,294.81,10.98,N
17.84179,-93.12252,327.59,1.4,1.17,2025-03-14,0911,A,100,6.1NRT,293.95,40.34,N
17.83959,-93.10978,339.95,1.4,1.17,2025-03-14,0911,A,100,6.1NRT,294.56,69.21,N
17.8433,-93.11588,343.28,1.4,1.17,2025-03-14,0911,A,100,6.1NRT,295.95,79.79,N
17.84118,-93.10307,309.58,1.4,1.17,2025-03-14,0911,A,78,6.1NRT,294.16,13.97,N
18.80317,-99.55996,303.32,1.21,1.09,2025-03-14,0911,A,54,6.1NRT,289.55,8.6,N
18.43904,-102.51656,300.3,1.89,1.34,2025-03-14,0911,A,19,6.1NRT,289.41,12.39,N
18.4369,-102.49901,316.36,1.89,1.34,2025-03-14,0911,A,93,6.1NRT,291.03,39.73,N
16.18081,-92.50689,309.52,1.65,1.26,2025-03-14,0911,A,78,6.1NRT,291.69,19.89,N
16.96726,-100.1348,306.27,1.24,1.1,2025-03-14,0911,A,67,6.1NRT,293.34,10.02,N
16.48751,-97.62089,305.36,1,1,2025-03-14,0911,A,64,6.1NRT,290.87,6.72,N
15.32147,-91.10802,307.09,2.19,1.44,2025-03-14,0911,A,70,6.1NRT,287.5,30.8,N
15.31218,-91.12819,311.65,2.19,1.43,2025-03-14,0911,A,83,6.1NRT,287.8,38.63,N
15.95621,-97.10354,303.02,1,1,2025-03-14,0911,A,53,6.1NRT,291.76,5.09,N
14.74188,-91.56144,303.88,2.08,1.4,2025-03-14,0911,A,57,6.1NRT,284.4,23.57,N
14.24766,-91.0111,302.01,2.34,1.48,2025-03-14,0911,A,46,6.1NRT,287.83,19.28,N
18.55974,-69.27315,315.59,1.77,1.3,2025-03-14,1355,T,66,6.1NRT,296.11,15.88,D
17.40488,-62.84001,318.85,1.05,1.02,2025-03-14,1355,T,0,6.1NRT,297.53,12.71,D
10.61386,-62.84526,315.74,1.23,1.1,2025-03-14,1357,T,68,6.1NRT,297.63,11.7,D
10.24822,-64.41982,310.86,1.05,1.02,2025-03-14,1357,T,47,6.1NRT,295.62,4.6,D
10.21172,-64.61124,319.24,1.04,1.02,2025-03-14,1357,T,56,6.1NRT,299.04,8.85,D
10.07779,-64.89524,325.97,1.02,1.01,2025-03-14,1357,T,64,6.1NRT,299.98,16.57,D
10.05469,-64.8616,319.86,1.03,1.01,2025-03-14,1357,T,43,6.1NRT,295.49,9.05,D
9.91248,-63.96503,316.1,1.1,1.05,2025-03-14,1357,T,52,6.1NRT,299.42,7.51,D
10.3263,-67.27254,328.98,1.07,1.03,2025-03-14,1357,T,84,6.1NRT,301.74,23.39,D
9.65346,-63.53534,323.71,1.16,1.07,2025-03-14,1357,T,74,6.1NRT,291.45,20.02,D
9.6519,-63.52505,323.64,1.16,1.07,2025-03-14,1357,T,78,6.1NRT,290.37,20.21,D
9.65645,-63.61835,308.38,1.15,1.07,2025-03-14,1357,T,21,6.1NRT,284.38,4.35,D
10.16696,-67.18672,317.86,1.06,1.03,2025-03-14,1357,T,60,6.1NRT,293.24,14.06,D
9.88894,-65.56321,314.37,1,1,2025-03-14,1357,T,63,6.1NRT,290.59,7.27,D
9.52386,-63.09679,318.19,1.23,1.1,2025-03-14,1357,T,68,6.1NRT,293.43,14.52,D
10.11255,-67.3934,313.09,1.07,1.03,2025-03-14,1357,T,47,6.1NRT,295.19,6.42,D
10.07239,-68.16544,313.24,1.16,1.07,2025-03-14,1357,T,44,6.1NRT,292.48,6.76,D
9.96475,-67.52338,312.04,1.08,1.04,2025-03-14,1357,T,46,6.1NRT,289.83,6.41,D
9.92295,-67.42241,319.09,1.07,1.03,2025-03-14,1357,T,70,6.1NRT,291,11.67,D
9.92432,-67.4996,319.2,1.08,1.04,2025-03-14,1357,T,70,6.1NRT,289.95,14.27,D
9.8945,-67.48081,333.47,1.08,1.04,2025-03-14,1357,T,85,6.1NRT,291.98,32.57,D
9.89322,-67.47167,319.4,1.07,1.03,2025-03-14,1357,T,69,6.1NRT,291.68,13.8,D
9.37824,-64.53423,321.22,1.06,1.03,2025-03-14,1357,T,48,6.1NRT,293.32,12.58,D
9.71447,-67.98697,321.09,1.13,1.06,2025-03-14,1359,T,71,6.1NRT,295.28,10.57,D
9.51505,-66.88177,315.24,1.03,1.01,2025-03-14,1359,T,47,6.1NRT,291.25,5.05,D
9.35301,-66.64413,322.09,1.01,1.01,2025-03-14,1359,T,70,6.1NRT,300.37,8.65,D
9.35378,-66.98178,322.76,1.03,1.01,2025-03-14,1359,T,71,6.1NRT,298.95,8.57,D
9.35248,-66.97264,325.63,1.03,1.01,2025-03-14,1359,T,75,6.1NRT,298.77,12.27,D
9.11244,-65.48895,318.88,1.01,1,2025-03-14,1359,T,66,6.1NRT,290.12,9.47,D
9.43339,-68.27726,342.34,1.16,1.07,2025-03-14,1359,T,90,6.1NRT,295.64,45.29,D
9.22966,-67.54105,331.87,1.07,1.03,2025-03-14,1359,T,82,6.1NRT,294.73,23.94,D
9.22834,-67.53159,324.33,1.07,1.03,2025-03-14,1359,T,72,6.1NRT,293.69,14.17,D
9.22058,-67.5423,325.22,1.07,1.03,2025-03-14,1359,T,74,6.1NRT,293.18,15.02,D
9.21927,-67.53284,316.33,1.07,1.03,2025-03-14,1359,T,25,6.1NRT,291.46,5.64,D
8.53391,-63.06718,319.31,1.27,1.12,2025-03-14,1359,T,29,6.1NRT,294.86,15.12,D
9.38012,-69.23724,319.87,1.31,1.14,2025-03-14,1359,T,41,6.1NRT,296.83,11.14,D
9.37856,-69.22565,320.05,1.31,1.13,2025-03-14,1359,T,38,6.1NRT,296.95,11.97,D
9.37013,-69.23857,323.33,1.31,1.14,2025-03-14,1359,T,70,6.1NRT,295.34,15.58,D
9.36857,-69.22699,330.92,1.31,1.13,2025-03-14,1359,T,82,6.1NRT,296.88,29.34,D
9.37119,-69.47825,332.83,1.36,1.15,2025-03-14,1359,T,73,6.1NRT,293.05,40.49,D
8.6065,-64.43707,321.4,1.08,1.04,2025-03-14,1359,T,65,6.1NRT,298.75,10.67,D
9.66296,-72.20715,327.68,2.2,1.44,2025-03-14,1359,T,82,6.1NRT,294.38,56.28,D
9.66053,-72.18771,317.27,2.19,1.44,2025-03-14,1359,T,27,6.1NRT,295.01,22.98,D
9.12805,-68.88221,332.57,1.24,1.11,2025-03-14,1359,T,83,6.1NRT,301.7,26.45,D
8.94017,-67.58076,317.1,1.07,1.03,2025-03-14,1359,T,50,6.1NRT,294.56,6.78,D
9.06376,-69.23946,324.38,1.3,1.13,2025-03-14,1359,T,75,6.1NRT,292.8,18.17,D
9.06223,-69.22797,332.87,1.3,1.13,2025-03-14,1359,T,84,6.1NRT,295.14,33.02,D
8.49443,-65.62173,320.75,1.01,1,2025-03-14,1359,T,58,6.1NRT,299.41,5.79,D
8.95166,-69.08762,313.93,1.27,1.12,2025-03-14,1359,T,36,6.1NRT,293.79,6.96,D
8.95017,-69.07642,314.52,1.26,1.12,2025-03-14,1359,T,44,6.1NRT,293.08,7.88,D
8.80903,-68.42666,357.36,1.16,1.07,2025-03-14,1359,T,98,6.1NRT,294.49,88.58,D
8.80762,-68.41642,315.23,1.16,1.07,2025-03-14,1359,T,39,6.1NRT,290.77,6.66,D
8.66605,-67.59882,317.7,1.06,1.03,2025-03-14,1359,T,37,6.1NRT,294.07,7.24,D
8.51898,-66.8238,323.46,1.01,1.01,2025-03-14,1359,T,69,6.1NRT,298.83,8.81,D
8.74981,-68.52503,321.26,1.17,1.08,2025-03-14,1359,T,70,6.1NRT,298.21,10.55,D
8.6444,-68.10781,319.82,1.11,1.05,2025-03-14,1359,T,42,6.1NRT,287.37,12.37,D
8.63514,-68.10908,338.48,1.11,1.05,2025-03-14,1359,T,88,6.1NRT,287.3,39.58,D
8.59374,-68.00105,325.69,1.1,1.05,2025-03-14,1359,T,76,6.1NRT,288.94,20.21,D
8.11057,-65.33636,328.58,1.02,1.01,2025-03-14,1359,T,78,6.1NRT,294.39,18.12,D
8.33136,-67.24915,331.87,1.03,1.02,2025-03-14,1359,T,82,6.1NRT,298.96,22.86,D
8.43006,-68.70351,314.39,1.19,1.08,2025-03-14,1359,T,61,6.1NRT,289.77,9.32,D
8.42865,-68.69302,330.65,1.19,1.08,2025-03-14,1359,T,83,6.1NRT,289.58,30.98,D
8.42505,-68.7001,325.16,1.19,1.08,2025-03-14,1359,T,74,6.1NRT,288.94,23.61,D
8.42358,-68.68964,326.15,1.18,1.08,2025-03-14,1359,T,75,6.1NRT,287.61,24.79,D
7.94136,-65.31783,320.99,1.03,1.01,2025-03-14,1359,T,65,6.1NRT,293.49,9.65,D
8.39353,-68.68304,315.67,1.18,1.08,2025-03-14,1359,T,45,6.1NRT,283.63,10.41,D
8.39209,-68.67261,320.39,1.18,1.08,2025-03-14,1359,T,70,6.1NRT,282.76,16.31,D
8.38401,-68.68432,338.74,1.18,1.08,2025-03-14,1359,T,89,6.1NRT,284.69,45.62,D
8.38257,-68.67389,322.39,1.18,1.08,2025-03-14,1359,T,72,6.1NRT,284.23,18.88,D
7.64052,-63.72831,314.16,1.2,1.09,2025-03-14,1359,T,61,6.1NRT,287.11,11.18,D
7.63893,-63.71776,309.34,1.2,1.09,2025-03-14,1359,T,45,6.1NRT,285.23,6.24,D
7.87497,-66.50806,323.39,1,1,2025-03-14,1359,T,69,6.1NRT,298.03,8.79,D
7.68488,-65.38569,327.21,1.02,1.01,2025-03-14,1359,T,77,6.1NRT,298.77,15.79,D
7.68355,-65.37667,329.58,1.03,1.01,2025-03-14,1359,T,80,6.1NRT,298.71,19.41,D
7.98634,-67.61897,328.19,1.05,1.02,2025-03-14,1359,T,60,6.1NRT,299.53,17.53,D
8.04673,-69.28919,320,1.27,1.12,2025-03-14,1359,T,24,6.1NRT,292.1,11.68,D
7.42334,-66.90695,332.22,1.01,1,2025-03-14,1359,T,83,6.1NRT,294.48,21.6,D
7.75831,-69.56696,318.07,1.31,1.14,2025-03-14,1359,T,61,6.1NRT,281.29,14.36,D
7.74831,-69.56829,320.29,1.31,1.14,2025-03-14,1359,T,74,6.1NRT,282.95,17.61,D
7.3735,-67.33068,320.3,1.03,1.01,2025-03-14,1359,T,66,6.1NRT,296.03,8.81,D
7.37092,-67.31262,331.46,1.02,1.01,2025-03-14,1359,T,83,6.1NRT,295.67,21.27,D
7.36193,-67.24954,332.39,1.02,1.01,2025-03-14,1359,T,84,6.1NRT,299.02,18.73,D
7.35433,-67.25977,323.71,1.02,1.01,2025-03-14,1359,T,63,6.1NRT,298.38,8.2,D
7.35305,-67.25078,328.67,1.02,1.01,2025-03-14,1359,T,80,6.1NRT,297.5,13.64,D
7.33532,-67.31757,328.25,1.02,1.01,2025-03-14,1359,T,76,6.1NRT,298.19,14.02,D
7.33404,-67.30854,324.83,1.02,1.01,2025-03-14,1359,T,60,6.1NRT,297.82,8.98,D
7.32514,-67.30978,333.85,1.02,1.01,2025-03-14,1359,T,85,6.1NRT,298.41,20.18,D
7.18768,-67.77634,315.62,1.05,1.02,2025-03-14,1359,T,47,6.1NRT,286.13,5.78,D
15.65272,-86.00263,315.83,1.29,1.13,2025-03-14,1535,T,28,6.1NRT,301.2,10.93,D
16.47015,-92.81074,334.39,1.38,1.16,2025-03-14,1535,T,86,6.1NRT,307.41,35.81,D
16.47098,-92.80405,322.75,1.38,1.16,2025-03-14,1535,T,72,6.1NRT,306.71,14,D
16.15387,-90.57789,312.48,1.05,1.03,2025-03-14,1535,T,59,6.1NRT,300.15,6.61,D
16.15255,-90.56832,316.11,1.05,1.02,2025-03-14,1535,T,67,6.1NRT,300.04,9.76,D
16.17727,-92.50605,332.48,1.31,1.13,2025-03-14,1535,T,84,6.1NRT,305.59,32.04,D
16.17578,-92.49423,322.37,1.31,1.13,2025-03-14,1535,T,72,6.1NRT,304.88,13.75,D
14.83714,-84.03879,320.57,1.83,1.32,2025-03-14,1535,T,76,6.1NRT,296.56,30.43,D
15.14862,-87.23088,316.95,1.13,1.06,2025-03-14,1535,T,71,6.1NRT,302.87,7.87,D
16.20422,-95.17394,322.33,2.03,1.39,2025-03-14,1535,T,61,6.1NRT,301.42,27.68,D
15.31895,-91.14116,318.47,1.09,1.04,2025-03-14,1535,T,20,6.1NRT,299.05,11.07,D
15.31349,-91.10155,335.01,1.08,1.04,2025-03-14,1535,T,79,6.1NRT,300.99,31.62,D
15.30839,-91.13213,338.89,1.09,1.04,2025-03-14,1535,T,85,6.1NRT,301.68,35.89,D
15.29935,-91.13401,330.42,1.09,1.04,2025-03-14,1535,T,58,6.1NRT,303.23,20.87,D
14.4439,-87.69453,319.4,1.09,1.04,2025-03-14,1535,T,57,6.1NRT,301.27,7.64,D
14.79426,-90.68055,316.19,1.04,1.02,2025-03-14,1535,T,51,6.1NRT,299.76,7.35,D
14.6879,-90.439,319.77,1.03,1.01,2025-03-14,1535,T,59,6.1NRT,300.57,11.05,D
14.68663,-90.4299,321.44,1.02,1.01,2025-03-14,1535,T,67,6.1NRT,300.99,12.06,D
14.74186,-91.56779,319.93,1.12,1.06,2025-03-14,1535,T,65,6.1NRT,297.06,15.47,D
14.49942,-91.81498,318.39,1.14,1.07,2025-03-14,1535,T,39,6.1NRT,302.27,8.88,D
14.40473,-91.46683,318.94,1.1,1.05,2025-03-14,1535,T,68,6.1NRT,303.69,8.18,D
14.4036,-91.52796,327.29,1.11,1.05,2025-03-14,1535,T,79,6.1NRT,304,17.47,D
14.3783,-91.40999,313.9,1.1,1.04,2025-03-14,1535,T,52,6.1NRT,300.89,6.07,D
14.42871,-91.93066,322.93,1.16,1.07,2025-03-14,1535,T,73,6.1NRT,306,9.49,D
14.42733,-91.9202,357.74,1.16,1.07,2025-03-14,1535,T,99,6.1NRT,305.37,83.29,D
14.42274,-91.92747,342.95,1.16,1.07,2025-03-14,1535,T,91,6.1NRT,305.29,45.68,D
14.42132,-91.91704,338.44,1.16,1.07,2025-03-14,1535,T,88,6.1NRT,302.97,36.34,D
14.17888,-90.17766,328.48,1.01,1,2025-03-14,1535,T,71,6.1NRT,304.67,18.17,D
14.34396,-91.42144,327.45,1.1,1.04,2025-03-14,1535,T,78,6.1NRT,302.54,20.1,D
14.05003,-89.40509,318.32,1,1,2025-03-14,1535,T,66,6.1NRT,300.29,7.22,D
14.24503,-91.03944,332.96,1.06,1.03,2025-03-14,1535,T,84,6.1NRT,300.58,26.79,D
14.24372,-91.02989,327.69,1.06,1.03,2025-03-14,1535,T,78,6.1NRT,300.46,19.92,D
14.31326,-91.80087,319.89,1.14,1.06,2025-03-14,1535,T,53,6.1NRT,302.51,6.14,D
14.31185,-91.79061,320.26,1.14,1.06,2025-03-14,1535,T,60,6.1NRT,301.95,6.41,D
14.097,-91.10233,328.57,1.06,1.03,2025-03-14,1535,T,79,6.1NRT,299.09,21.21,D
14.04524,-91.06101,354.01,1.06,1.03,2025-03-14,1535,T,97,6.1NRT,301.83,65.61,D
14.03621,-91.06229,337.15,1.06,1.03,2025-03-14,1535,T,87,6.1NRT,302.74,29.77,D
13.89795,-90.33951,334.64,1.01,1.01,2025-03-14,1535,T,85,6.1NRT,298.79,25.78,D
13.89666,-90.3304,326.68,1.01,1.01,2025-03-14,1535,T,78,6.1NRT,299.39,15.48,D
13.30219,-87.18996,320.45,1.19,1.08,2025-03-14,1535,T,45,6.1NRT,301.79,7.52,D
33.41937,-80.49837,306.99,1.41,1.18,2025-03-14,1529,T,59,6.1NRT,294.54,7.12,D
33.41659,-81.89919,304.06,1.19,1.09,2025-03-14,1529,T,49,6.1NRT,293.6,5.18,D
33.40948,-82.53062,305.45,1.12,1.06,2025-03-14,1529,T,46,6.1NRT,290.34,5.02,D
33.17637,-81.33723,331.64,1.28,1.12,2025-03-14,1529,T,87,6.1NRT,294.68,38.5,D
33.17403,-81.32404,320.61,1.28,1.12,2025-03-14,1529,T,63,6.1NRT,296.22,20.32,D
33.17394,-81.33059,323.92,1.28,1.12,2025-03-14,1529,T,82,6.1NRT,295.59,25.63,D
32.87962,-80.88795,305.83,1.37,1.16,2025-03-14,1529,T,58,6.1NRT,294.41,7.81,D
33.00764,-81.68153,335.01,1.24,1.11,2025-03-14,1529,T,89,6.1NRT,296.92,44.67,D
33.00545,-81.66874,322.12,1.24,1.11,2025-03-14,1529,T,81,6.1NRT,296.08,22.94,D
32.96107,-81.89597,316.39,1.21,1.09,2025-03-14,1529,T,75,6.1NRT,292.6,17.06,D
32.9441,-82.02905,308.09,1.2,1.09,2025-03-14,1529,T,43,6.1NRT,291.71,7.17,D
32.72282,-80.76918,304.12,1.4,1.17,2025-03-14,1529,T,51,6.1NRT,293.72,6.18,D
32.93462,-82.03127,316.48,1.2,1.09,2025-03-14,1529,T,75,6.1NRT,292.46,16.04,D
32.81913,-81.36594,308.36,1.29,1.13,2025-03-14,1529,T,64,6.1NRT,294.98,8.54,D
32.81678,-81.35265,306.96,1.3,1.13,2025-03-14,1529,T,61,6.1NRT,294.98,7.19,D
32.6476,-80.80955,305.08,1.4,1.17,2025-03-14,1529,T,55,6.1NRT,293.59,6.72,D
32.56198,-80.85165,303.81,1.4,1.17,2025-03-14,1529,T,0,6.1NRT,293.07,5.91,D
32.61921,-81.23051,314.12,1.33,1.14,2025-03-14,1529,T,72,6.1NRT,293.61,15.71,D
32.61679,-81.21689,305.71,1.33,1.14,2025-03-14,1529,T,57,6.1NRT,294.59,6.52,D
32.79536,-82.39761,304.89,1.16,1.07,2025-03-14,1529,T,53,6.1NRT,293.04,4.94,D
32.58264,-81.31656,303.95,1.31,1.14,2025-03-14,1529,T,48,6.1NRT,292.76,5.54,D
32.70932,-82.40511,313.03,1.16,1.07,2025-03-14,1529,T,71,6.1NRT,293.84,11.53,D
32.40512,-81.78831,312.98,1.25,1.11,2025-03-14,1529,T,71,6.1NRT,292.21,11.55,D
32.3085,-82.00212,303.27,1.22,1.1,2025-03-14,1529,T,38,6.1NRT,288.17,4.63,D
32.08862,-81.15263,307.23,1.37,1.16,2025-03-14,1529,T,56,6.1NRT,294.08,5.81,D
32.21157,-82.09564,306.29,1.22,1.1,2025-03-14,1529,T,58,6.1NRT,289.89,6.27,D
32.20944,-82.08317,312.14,1.22,1.1,2025-03-14,1529,T,70,6.1NRT,292.71,11.46,D
32.13051,-81.87189,305.5,1.25,1.11,2025-03-14,1529,T,58,6.1NRT,291.65,6.27,D
32.04708,-82.48211,308.17,1.17,1.08,2025-03-14,1529,T,67,6.1NRT,290.01,7.96,D
32.19976,-86.51955,317.55,1.03,1.01,2025-03-14,1529,T,78,6.1NRT,291.21,14.68,D
31.07047,-81.8912,302.67,1.3,1.13,2025-03-14,1529,T,53,6.1NRT,287.53,5.6,D
30.0136,-81.75831,308.33,1.37,1.16,2025-03-14,1529,T,34,6.1NRT,293.92,7.67,D
30.83819,-88.38052,304.69,1.16,1.07,2025-03-14,1529,T,57,6.1NRT,287.51,5.27,D
29.66385,-81.705,302.08,1.4,1.17,2025-03-14,1531,T,20,6.1NRT,288.35,4.25,D
29.71934,-82.74189,328.94,1.23,1.1,2025-03-14,1531,T,85,6.1NRT,296.45,33.14,D
29.70973,-82.744,312.4,1.23,1.1,2025-03-14,1531,T,57,6.1NRT,294.35,11.65,D
29.20067,-82.18719,315.8,1.34,1.15,2025-03-14,1531,T,73,6.1NRT,298.1,12,D
28.95026,-80.96354,304.74,1.61,1.25,2025-03-14,1531,T,43,6.1NRT,292.93,8.91,D
28.95743,-82.15678,318.75,1.36,1.15,2025-03-14,1531,T,72,6.1NRT,300.05,16.75,D
28.94696,-82.15098,313.7,1.36,1.16,2025-03-14,1531,T,38,6.1NRT,298.45,9.96,D
28.7611,-81.4582,307.64,1.51,1.21,2025-03-14,1531,T,57,6.1NRT,291.9,11.73,D
28.62228,-82.36657,308.57,1.34,1.15,2025-03-14,1531,T,48,6.1NRT,295.49,8.47,D
28.51577,-82.22983,320.83,1.37,1.16,2025-03-14,1531,T,78,6.1NRT,297.61,21.75,D
28.5134,-82.21632,316.95,1.37,1.16,2025-03-14,1531,T,73,6.1NRT,297.16,16.18,D
28.09206,-81.10967,315.35,1.64,1.26,2025-03-14,1531,T,71,6.1NRT,301.06,17.04,D
28.08916,-81.09361,312.6,1.65,1.26,2025-03-14,1531,T,60,6.1NRT,300.06,12.97,D
28.21041,-81.95855,310.15,1.44,1.19,2025-03-14,1531,T,61,6.1NRT,296.95,10.42,D
28.20008,-81.96086,333.22,1.44,1.19,2025-03-14,1531,T,87,6.1NRT,295.18,51.05,D
28.19758,-81.94675,311.52,1.44,1.19,2025-03-14,1531,T,64,6.1NRT,295.24,12.51,D
28.20387,-82.16241,319.4,1.4,1.17,2025-03-14,1531,T,64,6.1NRT,297.31,18.96,D
28.20706,-82.16747,322.78,1.4,1.17,2025-03-14,1531,T,74,6.1NRT,298.28,25.54,D
27.85718,-80.90376,316.55,1.71,1.28,2025-03-14,1531,T,71,6.1NRT,297.81,21.68,D
27.84603,-80.90637,311.75,1.71,1.28,2025-03-14,1531,T,52,6.1NRT,297.66,12.87,D
27.7332,-81.8271,327.61,1.5,1.21,2025-03-14,1531,T,78,6.1NRT,297.56,38.04,D
27.72269,-81.82947,322.68,1.5,1.21,2025-03-14,1531,T,78,6.1NRT,298.4,30.19,D
27.78347,-82.40441,310,1.38,1.16,2025-03-14,1531,T,42,6.1NRT,297,5.66,D
27.78118,-82.39094,320.77,1.38,1.16,2025-03-14,1531,T,76,6.1NRT,298.64,20.67,D
27.64009,-82.17165,311.06,1.43,1.18,2025-03-14,1531,T,24,6.1NRT,299.84,8.9,D
27.63768,-82.15769,312.54,1.43,1.18,2025-03-14,1531,T,41,6.1NRT,300.38,10.38,D
27.62737,-82.15996,313.97,1.43,1.18,2025-03-14,1531,T,48,6.1NRT,302.15,12.38,D
27.63395,-82.25942,316.73,1.41,1.18,2025-03-14,1531,T,70,6.1NRT,297.72,14.66,D
27.37533,-81.6945,311.61,1.55,1.23,2025-03-14,1531,T,60,6.1NRT,298.38,9.66,D
27.37234,-81.701,313.58,1.55,1.23,2025-03-14,1531,T,64,6.1NRT,298.92,13.31,D
27.0084,-80.11198,307.74,2.02,1.39,2025-03-14,1531,T,0,6.1NRT,295.52,10.51,D
27.00471,-80.11953,308.2,2.02,1.39,2025-03-14,1531,T,26,6.1NRT,295.4,10.17,D
26.36992,-81.41647,313.96,1.69,1.28,2025-03-14,1531,T,50,6.1NRT,301.09,12.78,D
25.43277,-80.36499,317.05,2.1,1.41,2025-03-14,1531,T,58,6.1NRT,296.13,32.61,D
22.92168,-81.34555,311.89,2.02,1.38,2025-03-14,1531,T,57,6.1NRT,298.22,17.32,D
22.91824,-81.32668,311.9,2.02,1.39,2025-03-14,1531,T,57,6.1NRT,296.56,16.87,D
21.33726,-88.85622,321.32,1.02,1.01,2025-03-14,1533,T,71,6.1NRT,303.45,11.09,D
20.85779,-89.19231,314.46,1.03,1.01,2025-03-14,1533,T,60,6.1NRT,302.87,5.69,D
20.42944,-89.49527,318.71,1.04,1.02,2025-03-14,1533,T,70,6.1NRT,302.2,10.47,D
20.02686,-89.12127,309.26,1.02,1.01,2025-03-14,1533,T,33,6.1NRT,297.81,3.57,D
20.02554,-89.11183,318.48,1.02,1.01,2025-03-14,1533,T,71,6.1NRT,299.48,11,D
19.77538,-89.7656,316.44,1.05,1.02,2025-03-14,1533,T,63,6.1NRT,303.57,7.01,D
19.80076,-90.50698,313.61,1.12,1.06,2025-03-14,1533,T,58,6.1NRT,302.71,5.27,D
19.39255,-89.39635,347.26,1.02,1.01,2025-03-14,1533,T,94,6.1NRT,300.95,49.67,D
19.39123,-89.38686,320.52,1.02,1.01,2025-03-14,1533,T,74,6.1NRT,301.99,10,D
19.2588,-89.82968,318.98,1.05,1.02,2025-03-14,1533,T,60,6.1NRT,304.06,7.96,D
19.25747,-89.81998,352.19,1.05,1.02,2025-03-14,1533,T,96,6.1NRT,306.45,62.11,D
19.25615,-89.81029,327.34,1.05,1.02,2025-03-14,1533,T,81,6.1NRT,304.12,17.69,D
19.45018,-92.08486,320.11,1.35,1.15,2025-03-14,1533,T,72,6.1NRT,297.09,23.89,D
18.29937,-88.3278,316.63,1,1,2025-03-14,1533,T,65,6.1NRT,299.42,8.17,D
18.6774,-91.13605,314.6,1.17,1.08,2025-03-14,1533,T,63,6.1NRT,301.13,8.01,D
18.676,-91.12527,331.24,1.17,1.08,2025-03-14,1533,T,84,6.1NRT,303.28,30.03,D
18.6346,-92.50909,312.09,1.41,1.17,2025-03-14,1533,T,0,6.1NRT,299.01,9.82,D
18.26433,-90.51117,320.11,1.09,1.04,2025-03-14,1533,T,74,6.1NRT,302.54,11.82,D
18.26767,-90.67509,312.78,1.1,1.05,2025-03-14,1533,T,60,6.1NRT,301.77,5.81,D
18.09811,-90.50689,313.34,1.08,1.04,2025-03-14,1533,T,61,6.1NRT,302.83,6.22,D
18.61053,-96.5197,316.3,2.8,1.6,2025-03-14,1533,T,65,6.1NRT,297,28.26,D
17.35677,-88.83286,331.37,1,1,2025-03-14,1533,T,85,6.1NRT,303.92,24.73,D
17.34799,-88.8342,331.33,1,1,2025-03-14,1533,T,85,6.1NRT,300.82,24.35,D
17.34667,-88.82506,310.87,1,1,2025-03-14,1533,T,52,6.1NRT,300.01,3.69,D
17.9004,-93.18195,339.83,1.53,1.22,2025-03-14,1533,T,90,6.1NRT,301.11,67.79,D
17.89702,-93.18916,334.31,1.53,1.22,2025-03-14,1533,T,86,6.1NRT,301.63,52,D
17.89527,-93.17515,327.76,1.53,1.22,2025-03-14,1533,T,81,6.1NRT,300.52,35.97,D
17.8455,-93.12463,331.95,1.51,1.21,2025-03-14,1533,T,84,6.1NRT,300.5,43.2,D
16.75129,-90.02621,333.85,1.03,1.01,2025-03-14,1533,T,86,6.1NRT,302.05,28.75,D
16.74999,-90.01686,324.88,1.03,1.01,2025-03-14,1533,T,79,6.1NRT,302.53,16.85,D
16.54592,-89.42818,314.16,1,1,2025-03-14,1533,T,63,6.1NRT,301.67,6.36,D
16.49918,-89.68473,323.85,1.01,1,2025-03-14,1533,T,78,6.1NRT,303.37,15.21,D
27.96947,-107.60013,303.73,1.28,1.12,2025-03-14,1709,T,24,6.1NRT,288.24,5.08,D
27.87406,-108.49827,306.29,1.15,1.07,2025-03-14,1709,T,50,6.1NRT,293.7,6.25,D
27.83944,-108.50055,323.2,1.16,1.07,2025-03-14,1709,T,81,6.1NRT,292.84,24.38,D
27.83757,-108.48902,311.1,1.16,1.07,2025-03-14,1709,T,65,6.1NRT,292.29,11.16,D
25.80885,-100.21521,316.22,4.57,1.96,2025-03-14,1709,T,57,6.1NRT,304.99,37.91,D
25.80692,-100.22282,317.84,4.57,1.96,2025-03-14,1709,T,65,6.1NRT,305.65,52.46,D
26.55566,-106.40125,312.51,1.6,1.25,2025-03-14,1709,T,66,6.1NRT,289.27,21.94,D
24.31914,-105.4705,308.36,2.07,1.4,2025-03-14,1711,T,45,6.1NRT,293,19.96,D
22.97636,-102.34383,312.32,3.78,1.82,2025-03-14,1711,T,65,6.1NRT,300.16,28.15,D
23.54185,-105.78526,314.03,2.04,1.39,2025-03-14,1711,T,68,6.1NRT,298.43,26,D
23.03031,-104.21921,307.22,2.74,1.58,2025-03-14,1711,T,38,6.1NRT,288.45,33.1,D
23.0242,-104.22491,307.33,2.74,1.58,2025-03-14,1711,T,29,6.1NRT,288.82,31.79,D
20.42732,-102.00233,336.33,4.57,1.96,2025-03-14,1711,T,87,6.1NRT,304.04,269.82,D
20.41854,-101.96088,316.75,4.61,1.97,2025-03-14,1711,T,66,6.1NRT,301.46,66.91,D
20.42485,-102.00975,334.02,4.57,1.96,2025-03-14,1711,T,86,6.1NRT,304.44,241.32,D
20.41652,-101.96915,322.28,4.61,1.97,2025-03-14,1711,T,75,6.1NRT,301.76,115.52,D
20.26567,-105.12641,315.14,2.68,1.57,2025-03-14,1711,T,67,6.1NRT,301.48,36.03,D
20.29136,-105.48398,320.53,2.51,1.52,2025-03-14,1711,T,75,6.1NRT,306.09,38.98,D
20.29579,-105.48903,318.5,2.51,1.52,2025-03-14,1711,T,42,6.1NRT,305.88,28.49,D
19.41789,-102.04084,309.35,4.79,2,2025-03-14,1711,T,31,6.1NRT,298.71,49.17,D
20.04084,-105.25933,316.01,2.64,1.56,2025-03-14,1711,T,67,6.1NRT,304.97,23.87,D
19.41662,-102.04668,309.15,4.79,2,2025-03-14,1711,T,21,6.1NRT,298.61,48.99,D
32.51018,-102.83334,308.5,2.07,1.4,2025-03-14,1709,T,59,6.1NRT,287.86,12.65,D
28.82328,-100.55633,319.32,3.64,1.79,2025-03-14,1709,T,68,6.1NRT,309.15,36.83,D
28.82887,-100.56135,320.4,3.64,1.79,2025-03-14,1709,T,70,6.1NRT,308.86,46.19,D
18.89658,-71.25156,310.63,4.41,1.93,2025-03-14,1824,A,33,6.1NRT,291.27,61.27,D
7.02835,-63.65161,320.41,1.95,1.36,2025-03-14,1821,A,67,6.1NRT,294.82,26.6,D
7.02562,-63.66859,331.84,1.96,1.37,2025-03-14,1821,A,86,6.1NRT,293.12,63.19,D
7.17726,-63.3762,328.03,1.85,1.33,2025-03-14,1821,A,83,6.1NRT,296.33,33.25,D
7.1747,-63.39228,337.59,1.85,1.33,2025-03-14,1821,A,89,6.1NRT,296.36,68.53,D
7.21716,-63.34955,323.93,1.83,1.33,2025-03-14,1821,A,80,6.1NRT,296.21,21.95,D
7.22467,-63.35604,325.7,1.83,1.33,2025-03-14,1821,A,80,6.1NRT,296.11,27.73,D
7.74794,-62.23662,324.49,1.48,1.2,2025-03-14,1821,A,76,6.1NRT,293.12,32.45,D
7.9042,-61.9556,316.26,1.41,1.17,2025-03-14,1821,A,57,6.1NRT,294.19,11.2,D
7.90139,-61.96177,316.37,1.41,1.17,2025-03-14,1821,A,50,6.1NRT,294.3,12.55,D
7.75359,-64.30225,321.03,2.13,1.42,2025-03-14,1821,A,44,6.1NRT,292.81,29.66,D
7.22526,-67.69132,320.31,4.08,1.87,2025-03-14,1821,A,69,6.1NRT,289.9,66.83,D
7.34978,-67.26017,321.62,3.75,1.81,2025-03-14,1821,A,69,6.1NRT,289.74,49.8,D
7.54513,-66.82572,315.33,3.43,1.74,2025-03-14,1821,A,32,6.1NRT,283.45,27.35,D
7.6638,-66.94621,320.56,3.49,1.76,2025-03-14,1821,A,21,6.1NRT,287.94,54.68,D
8.88055,-62.3275,323.39,1.44,1.19,2025-03-14,1821,A,79,6.1NRT,292.67,23.05,D
8.9097,-62.3452,316.45,1.44,1.19,2025-03-14,1821,A,55,6.1NRT,292.52,10.68,D
8.95208,-62.804,314.9,1.55,1.23,2025-03-14,1821,A,47,6.1NRT,291.18,12.32,D
9.11961,-62.63691,317.44,1.5,1.21,2025-03-14,1821,A,40,6.1NRT,293.58,11,D
9.18676,-62.85978,317.44,1.55,1.23,2025-03-14,1821,A,57,6.1NRT,292.32,19.72,D
9.61877,-61.41816,326.99,1.23,1.1,2025-03-14,1821,A,79,6.1NRT,288.13,32.64,D
9.82354,-63.49453,320.94,1.69,1.28,2025-03-14,1821,A,72,6.1NRT,288.58,22.91,D
9.06646,-68.13605,316.5,4.08,1.87,2025-03-14,1821,A,45,6.1NRT,285.31,44.62,D
9.06344,-68.10636,315.78,4.05,1.87,2025-03-14,1821,A,25,6.1NRT,283.82,37.21,D
10.11184,-63.91941,319.34,1.8,1.32,2025-03-14,1821,A,70,6.1NRT,292.68,33.84,D
9.93543,-65.36585,321.65,2.36,1.48,2025-03-14,1821,A,72,6.1NRT,289.13,40.5,D
10.12462,-64.28113,322.95,1.92,1.35,2025-03-14,1821,A,20,6.1NRT,290.8,33.43,D
9.93742,-65.35191,316.53,2.35,1.48,2025-03-14,1821,A,62,6.1NRT,288.27,22.95,D
9.93387,-65.37247,317.92,2.36,1.48,2025-03-14,1821,A,65,6.1NRT,289.6,25.94,D
10.13378,-64.27372,324.42,1.91,1.35,2025-03-14,1821,A,58,6.1NRT,291.04,40.69,D
10.13105,-64.28998,319.72,1.92,1.35,2025-03-14,1821,A,66,6.1NRT,288.66,29.14,D
10.19049,-64.00568,321.4,1.82,1.32,2025-03-14,1821,A,64,6.1NRT,288.39,36.08,D
10.05582,-64.88651,322,2.15,1.42,2025-03-14,1821,A,38,6.1NRT,293.53,32.12,D
10.1525,-64.38079,334.8,1.95,1.36,2025-03-14,1821,A,86,6.1NRT,291.41,79.7,D
10.15002,-64.39581,332.66,1.96,1.37,2025-03-14,1821,A,80,6.1NRT,289.35,72.79,D
10.00902,-65.40085,317.04,2.37,1.49,2025-03-14,1821,A,63,6.1NRT,291.39,36.91,D
10.00536,-65.42287,322.41,2.38,1.49,2025-03-14,1821,A,73,6.1NRT,292.02,55.22,D
9.88753,-66.2112,317.96,2.76,1.59,2025-03-14,1821,A,57,6.1NRT,292.22,30.54,D
9.81562,-66.63859,318.09,3,1.65,2025-03-14,1821,A,42,6.1NRT,294.44,28.34,D
10.00663,-65.40543,318.72,2.37,1.49,2025-03-14,1821,A,36,6.1NRT,291.33,37.87,D
9.89252,-66.2169,316.62,2.76,1.59,2025-03-14,1821,A,36,6.1NRT,291.92,27.85,D
9.8175,-66.644,319.46,3,1.65,2025-03-14,1821,A,48,6.1NRT,294.52,33.51,D
10.2571,-64.23007,315.71,1.89,1.34,2025-03-14,1821,A,63,6.1NRT,290.85,24.97,D
9.97774,-66.26008,312.98,2.78,1.59,2025-03-14,1821,A,52,6.1NRT,286.65,33.19,D
9.77038,-68.7296,323.11,4.41,1.93,2025-03-14,1821,A,78,6.1NRT,288.92,141.35,D
10.13601,-66.83153,333.93,3.06,1.66,2025-03-14,1821,A,86,6.1NRT,294.91,119.11,D
10.13145,-66.8581,322.07,3.08,1.67,2025-03-14,1821,A,74,6.1NRT,293.42,48.69,D
9.77387,-68.73524,328.2,4.41,1.93,2025-03-14,1821,A,82,6.1NRT,289.11,179.96,D
10.1371,-66.83682,337.04,3.06,1.66,2025-03-14,1821,A,88,6.1NRT,294.84,141.12,D
10.13235,-66.86338,316.6,3.08,1.67,2025-03-14,1821,A,31,6.1NRT,293.17,21.24,D
10.12882,-67.31425,323.63,3.35,1.73,2025-03-14,1821,A,59,6.1NRT,291.05,90.75,D
10.67975,-69.37372,321.27,4.75,1.99,2025-03-14,1821,A,74,6.1NRT,296.18,115.13,D
10.68132,-69.38166,320.36,4.75,1.99,2025-03-14,1821,A,72,6.1NRT,296.33,105.3,D
27.30326,-81.90142,335.16,1.72,1.29,2025-03-14,2004,A,86,6.1NRT,303.07,58.65,D
27.27694,-82.34431,314.63,1.6,1.25,2025-03-14,2004,A,55,6.1NRT,302.28,9.44,D
27.28789,-82.34583,331.3,1.6,1.25,2025-03-14,2004,A,83,6.1NRT,302.11,44.18,D
27.2921,-82.33726,319.32,1.6,1.25,2025-03-14,2004,A,68,6.1NRT,301.89,17.19,D
27.35705,-81.82916,345.95,1.74,1.29,2025-03-14,2004,A,93,6.1NRT,304.22,101.74,D
25.59246,-98.28004,329.99,4.54,1.96,2025-03-14,2004,A,69,6.1NRT,318.51,92.95,D
25.59504,-98.28465,328.76,4.54,1.96,2025-03-14,2004,A,61,6.1NRT,318.16,77.98,D
30.83798,-89.26022,304.41,1.02,1.01,2025-03-14,2006,A,45,6.1NRT,281.61,5.88,D
31.1155,-89.08158,305.23,1.01,1,2025-03-14,2006,A,51,6.1NRT,285.55,6.53,D
8.22576,-80.903,325.31,1.12,1.05,2025-03-14,2000,A,78,6.1NRT,299.76,13.02,D
31.11393,-89.09184,302.09,1.01,1.01,2025-03-14,2006,A,36,6.1NRT,282.18,4.52,D
8.26739,-80.67451,324.76,1.15,1.07,2025-03-14,2000,A,77,6.1NRT,295.51,16.03,D
31.21129,-88.50207,311.87,1,1,2025-03-14,2006,A,72,6.1NRT,287.13,9.69,D
10.07576,-83.39229,313.75,1,1,2025-03-14,2000,A,52,6.1NRT,298.24,4.98,D
32.20557,-82.10538,307.68,1.95,1.36,2025-03-14,2006,A,55,6.1NRT,284.12,18.15,D
10.60076,-83.89907,315.56,1.01,1,2025-03-14,2002,A,59,6.1NRT,300.8,7.09,D
32.1384,-86.74536,314.68,1.08,1.04,2025-03-14,2006,A,74,6.1NRT,293.58,11.07,D
10.64352,-84.23183,317.12,1.02,1.01,2025-03-14,2002,A,61,6.1NRT,300.41,8.49,D
31.99927,-88.02898,306.76,1.01,1,2025-03-14,2006,A,60,6.1NRT,276.43,8.35,D
32.31734,-85.75111,310.31,1.18,1.08,2025-03-14,2006,A,16,6.1NRT,283.56,11.25,D
10.71576,-84.56168,318.8,1.03,1.02,2025-03-14,2002,A,60,6.1NRT,303.22,8.34,D
33.02105,-83.6511,318.76,1.58,1.24,2025-03-14,2006,A,79,6.1NRT,287.24,31.52,D
10.71439,-84.57082,319.91,1.03,1.02,2025-03-14,2002,A,68,6.1NRT,301.96,9.67,D
33.01935,-83.66764,314.33,1.58,1.24,2025-03-14,2006,A,74,6.1NRT,284.08,24.06,D
32.05331,-92.03278,310.93,1.24,1.11,2025-03-14,2006,A,39,6.1NRT,293.39,8.97,D
10.66265,-85.64304,321.68,1.13,1.06,2025-03-14,2002,A,67,6.1NRT,303.22,10.26,D
32.58018,-89.91888,313.1,1.03,1.01,2025-03-14,2006,A,45,6.1NRT,293.13,7.81,D
10.94258,-84.76933,316.49,1.04,1.02,2025-03-14,2002,A,49,6.1NRT,301.93,7.86,D
32.10525,-95.58247,314.46,2.04,1.39,2025-03-14,2006,A,62,6.1NRT,298.81,18.48,D
11.2703,-84.00526,312.29,1,1,2025-03-14,2002,A,53,6.1NRT,299.95,6.13,D
11.26899,-84.01418,312.54,1,1,2025-03-14,2002,A,54,6.1NRT,298.81,6.18,D
32.1011,-95.60314,318.94,2.04,1.39,2025-03-14,2006,A,71,6.1NRT,300.08,29.41,D
11.7108,-83.70576,313.39,1,1,2025-03-14,2002,A,57,6.1NRT,300.55,6.03,D
32.09717,-95.58735,324.24,2.04,1.39,2025-03-14,2006,A,78,6.1NRT,299.43,45.54,D
12.13333,-85.70206,335.47,1.1,1.05,2025-03-14,2002,A,86,6.1NRT,301.27,32.17,D
12.2302,-85.91564,321.9,1.12,1.06,2025-03-14,2002,A,54,6.1NRT,303.71,9.72,D
12.40691,-86.70007,330.9,1.23,1.1,2025-03-14,2002,A,63,6.1NRT,311.92,17.04,D
32.79369,-94.69458,321.15,1.72,1.29,2025-03-14,2006,A,76,6.1NRT,297.06,32.06,D
12.40522,-86.71101,330.9,1.23,1.1,2025-03-14,2002,A,60,6.1NRT,311.36,16.33,D
33.43056,-92.73112,316.09,1.28,1.12,2025-03-14,2006,A,72,6.1NRT,295.53,14.85,D
12.40905,-86.70597,330.7,1.23,1.1,2025-03-14,2002,A,38,6.1NRT,312.58,15.01,D
13.5458,-83.54092,314.72,1.01,1,2025-03-14,2002,A,42,6.1NRT,302.05,6.65,D
13.69888,-83.76112,320.37,1,1,2025-03-14,2002,A,71,6.1NRT,303.89,9.16,D
13.69758,-83.77013,325.12,1,1,2025-03-14,2002,A,78,6.1NRT,302.97,14.26,D
13.80086,-83.93884,316.36,1,1,2025-03-14,2002,A,65,6.1NRT,302.31,6.9,D
13.83924,-83.79756,316.42,1,1,2025-03-14,2002,A,33,6.1NRT,298.92,8.22,D
13.40405,-87.04034,334.62,1.24,1.11,2025-03-14,2002,A,84,6.1NRT,307.49,27.77,D
14.01428,-83.6148,323.04,1.01,1,2025-03-14,2002,A,74,6.1NRT,304.49,12.06,D
14.06576,-83.38046,323.77,1.02,1.01,2025-03-14,2002,A,76,6.1NRT,308.14,8.96,D
13.94614,-84.66025,314.79,1.01,1,2025-03-14,2002,A,60,6.1NRT,297.38,7.32,D
14.17875,-83.36675,317.9,1.02,1.01,2025-03-14,2002,A,51,6.1NRT,302.61,4.99,D
14.19534,-83.44992,320.52,1.02,1.01,2025-03-14,2002,A,59,6.1NRT,304.9,7.11,D
14.22782,-83.53886,325.05,1.01,1.01,2025-03-14,2002,A,77,6.1NRT,302.52,14.95,D
14.23796,-83.53108,318.65,1.02,1.01,2025-03-14,2002,A,24,6.1NRT,304.7,6.83,D
14.23665,-83.54021,325.83,1.01,1.01,2025-03-14,2002,A,78,6.1NRT,304.38,15.03,D
14.23242,-83.63263,316.68,1.01,1.01,2025-03-14,2002,A,50,6.1NRT,301.01,6.44,D
14.2877,-83.51734,319.43,1.02,1.01,2025-03-14,2002,A,64,6.1NRT,298.01,10.48,D
14.35042,-83.78365,323.37,1.01,1,2025-03-14,2002,A,67,6.1NRT,303.68,12.21,D
14.41098,-83.48561,318.8,1.02,1.01,2025-03-14,2002,A,43,6.1NRT,304.33,5.97,D
14.0485,-86.05862,324.74,1.09,1.04,2025-03-14,2002,A,57,6.1NRT,307.99,14.62,D
14.04701,-86.06833,322.57,1.09,1.04,2025-03-14,2002,A,55,6.1NRT,306.87,12.79,D
13.63722,-88.78326,318.91,1.61,1.25,2025-03-14,2002,A,59,6.1NRT,301.97,11.94,D
14.57228,-83.5226,335.16,1.02,1.01,2025-03-14,2002,A,86,6.1NRT,303.78,26.5,D
14.33069,-85.53999,311.97,1.04,1.02,2025-03-14,2002,A,49,6.1NRT,300.21,4.88,D
14.12196,-87.05887,322.25,1.22,1.1,2025-03-14,2002,A,72,6.1NRT,303.05,17.38,D
14.72889,-83.39289,325.8,1.03,1.01,2025-03-14,2002,A,77,6.1NRT,304.56,16.21,D
14.6993,-83.72613,319.58,1.01,1.01,2025-03-14,2002,A,61,6.1NRT,300.61,8.06,D
14.66346,-84.05072,319.58,1,1,2025-03-14,2002,A,53,6.1NRT,301.58,8.69,D
14.77488,-83.65004,326.26,1.02,1.01,2025-03-14,2002,A,78,6.1NRT,304.88,11.86,D
14.77357,-83.65919,345.12,1.01,1.01,2025-03-14,2002,A,92,6.1NRT,306.31,41.28,D
14.81257,-83.4491,325.19,1.02,1.01,2025-03-14,2002,A,38,6.1NRT,306.34,12.68,D
14.78206,-83.72584,325.39,1.01,1.01,2025-03-14,2002,A,75,6.1NRT,299.68,16.75,D
14.83031,-83.45179,325.35,1.02,1.01,2025-03-14,2002,A,63,6.1NRT,305.99,13.18,D
14.82899,-83.46103,324.49,1.02,1.01,2025-03-14,2002,A,62,6.1NRT,305.32,11.97,D
14.87435,-83.54052,321.15,1.02,1.01,2025-03-14,2002,A,72,6.1NRT,300.32,12.89,D
13.92452,-90.31293,325.69,2.08,1.4,2025-03-14,2002,A,76,6.1NRT,301.43,37.35,D
14.39094,-87.61137,332.81,1.3,1.13,2025-03-14,2002,A,76,6.1NRT,315.04,21.24,D
14.39341,-87.60625,330.6,1.3,1.13,2025-03-14,2002,A,52,6.1NRT,313.17,18.75,D
13.93123,-90.30205,321.05,2.07,1.4,2025-03-14,2002,A,48,6.1NRT,299.96,23.17,D
13.92794,-90.32052,322.18,2.08,1.4,2025-03-14,2002,A,64,6.1NRT,301.38,24.43,D
14.90657,-84.5963,327.37,1,1,2025-03-14,2002,A,80,6.1NRT,301.7,19.74,D
13.985,-91.25419,326.42,2.46,1.51,2025-03-14,2002,A,78,6.1NRT,300.11,61.26,D
15.14502,-84.16592,346.29,1,1,2025-03-14,2002,A,93,6.1NRT,304.91,45.15,D
15.17658,-84.13379,318.24,1,1,2025-03-14,2002,A,29,6.1NRT,302.76,8.54,D
15.32361,-84.45572,319.21,1,1,2025-03-14,2002,A,64,6.1NRT,303.26,8.35,D
15.3223,-84.46475,320.7,1,1,2025-03-14,2002,A,73,6.1NRT,302.31,9.77,D
14.87156,-87.49963,322.12,1.26,1.12,2025-03-14,2002,A,34,6.1NRT,309.25,11.36,D
14.87445,-87.49422,323.7,1.26,1.12,2025-03-14,2002,A,74,6.1NRT,310.18,13.57,D
14.87878,-87.52907,319.18,1.27,1.12,2025-03-14,2002,A,47,6.1NRT,305.2,10.07,D
15.40246,-84.29802,317.12,1,1,2025-03-14,2002,A,68,6.1NRT,303.47,6.25,D
15.51739,-84.33197,320.04,1,1,2025-03-14,2002,A,25,6.1NRT,303.14,8.01,D
15.52747,-84.32429,322.96,1,1,2025-03-14,2002,A,69,6.1NRT,301.05,10.99,D
14.98623,-87.87971,319.52,1.33,1.14,2025-03-14,2002,A,66,6.1NRT,305.99,10.98,D
15.55289,-84.47272,324.83,1,1,2025-03-14,2002,A,54,6.1NRT,303.25,13.28,D
15.55157,-84.48176,340.26,1,1,2025-03-14,2002,A,90,6.1NRT,304.36,34.51,D
15.54104,-84.5541,330.19,1,1,2025-03-14,2002,A,80,6.1NRT,299.73,20.4,D
15.56034,-84.48314,335.43,1,1,2025-03-14,2002,A,87,6.1NRT,302.09,26.24,D
15.55902,-84.49219,323.86,1,1,2025-03-14,2002,A,72,6.1NRT,298.77,12.09,D
15.5498,-84.55548,326.27,1,1,2025-03-14,2002,A,57,6.1NRT,302.49,15.38,D
14.41733,-91.57096,318.9,2.55,1.54,2025-03-14,2002,A,56,6.1NRT,297.68,23.44,D
15.57476,-84.56867,333.33,1,1,2025-03-14,2002,A,86,6.1NRT,299.76,24.86,D
15.57345,-84.57771,322.22,1,1,2025-03-14,2002,A,44,6.1NRT,301.51,11.32,D
15.58353,-84.57005,332.18,1,1,2025-03-14,2002,A,83,6.1NRT,302.64,23.4,D
15.27072,-86.71536,326.65,1.13,1.06,2025-03-14,2002,A,79,6.1NRT,298.25,23.51,D
15.6139,-84.50748,312.01,1,1,2025-03-14,2002,A,29,6.1NRT,298.31,3.45,D
15.64368,-84.54919,320.13,1,1,2025-03-14,2002,A,54,6.1NRT,299.58,9.35,D
15.65244,-84.55058,331.2,1,1,2025-03-14,2002,A,84,6.1NRT,300.28,21.44,D
14.78912,-90.6836,317.4,2.14,1.42,2025-03-14,2002,A,19,6.1NRT,298.6,24.85,D
15.36545,-88.2021,322.03,1.37,1.16,2025-03-14,2002,A,48,6.1NRT,308.05,11.14,D
15.39955,-88.12003,319.92,1.35,1.15,2025-03-14,2002,A,47,6.1NRT,306.44,11.31,D
15.63651,-87.99503,314.67,1.32,1.14,2025-03-14,2002,A,58,6.1NRT,302.9,9.4,D
15.66596,-87.94002,318.05,1.31,1.13,2025-03-14,2002,A,50,6.1NRT,305.14,11.86,D
15.65489,-88.19694,312.95,1.36,1.15,2025-03-14,2002,A,48,6.1NRT,301.5,8.58,D
15.28842,-91.13796,330.3,2.27,1.46,2025-03-14,2002,A,53,6.1NRT,311.93,53.03,D
15.30893,-91.09682,355.15,2.25,1.45,2025-03-14,2002,A,97,6.1NRT,308.34,202.53,D
15.30536,-91.11662,336.04,2.26,1.46,2025-03-14,2002,A,73,6.1NRT,308.37,81.86,D
15.31821,-91.11784,374.49,2.26,1.46,2025-03-14,2002,A,100,6.1NRT,306.52,399.13,D
15.31432,-91.13957,337.8,2.27,1.46,2025-03-14,2002,A,69,6.1NRT,304.33,94.95,D
15.87707,-89.77962,339.43,1.74,1.29,2025-03-14,2002,A,90,6.1NRT,305.58,76.49,D
15.87881,-89.77058,327.29,1.73,1.29,2025-03-14,2002,A,81,6.1NRT,305.29,37.26,D
15.87607,-89.78619,328.75,1.74,1.29,2025-03-14,2002,A,82,6.1NRT,305.14,41.63,D
15.88212,-89.88474,317.25,1.77,1.3,2025-03-14,2002,A,68,6.1NRT,305.14,16.05,D
16.52758,-92.17453,321.73,2.58,1.54,2025-03-14,2002,A,64,6.1NRT,300.81,56.76,D
16.55342,-92.16429,323.74,2.57,1.54,2025-03-14,2002,A,74,6.1NRT,302.65,61.13,D
16.72944,-92.21349,321.69,2.57,1.54,2025-03-14,2002,A,72,6.1NRT,299.93,55.8,D
17.10765,-91.01807,314.47,2.04,1.39,2025-03-14,2002,A,12,6.1NRT,303.41,13.27,D
17.1043,-91.03687,316.96,2.04,1.39,2025-03-14,2002,A,34,6.1NRT,305.38,19.45,D
17.13201,-91.02162,319.28,2.04,1.39,2025-03-14,2002,A,61,6.1NRT,303.09,26.24,D
17.42806,-90.05225,315.19,1.7,1.28,2025-03-14,2004,A,61,6.1NRT,303.27,12.54,D
17.73178,-88.76752,317.89,1.37,1.16,2025-03-14,2004,A,52,6.1NRT,305.72,9.82,D
17.72967,-88.78002,320.57,1.37,1.16,2025-03-14,2004,A,61,6.1NRT,304.86,15.01,D
17.9045,-88.96677,323.81,1.4,1.17,2025-03-14,2004,A,73,6.1NRT,304.82,20.7,D
17.90233,-88.97966,317.5,1.4,1.17,2025-03-14,2004,A,37,6.1NRT,303.79,9.8,D
17.9147,-88.96873,322.4,1.4,1.17,2025-03-14,2004,A,69,6.1NRT,304.57,18.05,D
17.91255,-88.98153,318.26,1.4,1.17,2025-03-14,2004,A,45,6.1NRT,303.83,10.66,D
17.7535,-90.69759,317.89,1.87,1.34,2025-03-14,2004,A,67,6.1NRT,305.37,19.01,D
20.04821,-77.52874,326.31,2.86,1.61,2025-03-14,2004,A,79,6.1NRT,297.76,74.06,D
18.26361,-90.51444,332.52,1.77,1.3,2025-03-14,2004,A,84,6.1NRT,306.51,49.29,D
18.26084,-90.53059,323.16,1.78,1.31,2025-03-14,2004,A,74,6.1NRT,306.87,24.04,D
18.26109,-90.51886,332.81,1.77,1.3,2025-03-14,2004,A,84,6.1NRT,307.4,51.51,D
18.08675,-91.68317,348.87,2.19,1.43,2025-03-14,2004,A,94,6.1NRT,305.54,157.38,D
18.08311,-91.703,316.8,2.19,1.44,2025-03-14,2004,A,60,6.1NRT,304.88,15.91,D
17.83095,-93.12462,342.95,2.86,1.61,2025-03-14,2004,A,91,6.1NRT,302.81,186.72,D
18.30611,-90.72092,316.65,1.83,1.32,2025-03-14,2004,A,54,6.1NRT,304.74,12.75,D
17.88126,-93.1963,319.91,2.88,1.62,2025-03-14,2004,A,67,6.1NRT,303.31,42.31,D
18.19338,-91.61018,321.8,2.15,1.42,2025-03-14,2004,A,72,6.1NRT,304.07,34.32,D
17.90023,-93.17355,315.27,2.87,1.62,2025-03-14,2004,A,51,6.1NRT,301.99,24.19,D
17.89529,-93.19927,320.9,2.88,1.62,2025-03-14,2004,A,70,6.1NRT,303.06,48.9,D
18.69963,-89.02023,313.09,1.37,1.16,2025-03-14,2004,A,51,6.1NRT,301.07,7.89,D
20.44739,-77.03419,319.67,3.16,1.68,2025-03-14,2004,A,71,6.1NRT,297.74,52.53,D
20.44446,-77.06347,313.91,3.14,1.68,2025-03-14,2004,A,33,6.1NRT,298.77,26.2,D
18.92304,-88.59993,343.1,1.28,1.12,2025-03-14,2004,A,91,6.1NRT,301.42,58.75,D
18.86977,-88.92358,314.82,1.34,1.15,2025-03-14,2004,A,58,6.1NRT,302.92,9.51,D
18.55532,-90.76463,321.09,1.82,1.32,2025-03-14,2004,A,71,6.1NRT,306.18,20.21,D
18.5524,-90.78123,342.51,1.83,1.32,2025-03-14,2004,A,91,6.1NRT,307.68,90.28,D
20.44646,-77.0388,321.39,3.16,1.68,2025-03-14,2004,A,53,6.1NRT,298.1,56.43,D
20.58037,-75.90728,316.1,3.87,1.83,2025-03-14,2004,A,49,6.1NRT,296.17,54.04,D
19.02028,-88.3856,334.3,1.24,1.11,2025-03-14,2004,A,86,6.1NRT,302.72,37.89,D
19.01841,-88.39697,361.51,1.24,1.11,2025-03-14,2004,A,100,6.1NRT,304.62,114.52,D
18.61198,-90.76387,319.51,1.82,1.32,2025-03-14,2004,A,62,6.1NRT,306.02,16.04,D
18.76542,-90.28573,324.29,1.67,1.27,2025-03-14,2004,A,76,6.1NRT,307.11,25.69,D
18.76875,-90.27743,318.04,1.66,1.27,2025-03-14,2004,A,65,6.1NRT,305.69,13.53,D
18.76606,-90.29259,318.68,1.67,1.27,2025-03-14,2004,A,67,6.1NRT,306.91,15.37,D
18.80715,-90.25362,319.98,1.65,1.26,2025-03-14,2004,A,69,6.1NRT,306.4,16.08,D
18.81815,-90.2558,319.43,1.65,1.26,2025-03-14,2004,A,68,6.1NRT,306.35,14.71,D
18.09718,-94.6086,316.45,3.66,1.79,2025-03-14,2004,A,60,6.1NRT,303.45,45.72,D
18.63172,-92.17697,314.81,2.32,1.47,2025-03-14,2004,A,40,6.1NRT,302.43,21.38,D
20.77808,-77.95462,331.35,2.71,1.58,2025-03-14,2004,A,84,6.1NRT,300.1,83.51,D
20.79717,-77.90541,319.7,2.74,1.58,2025-03-14,2004,A,48,6.1NRT,298.64,28.07,D
19.28806,-89.31677,321.55,1.4,1.17,2025-03-14,2004,A,71,6.1NRT,304.53,17.34,D
19.27821,-89.67492,328.17,1.48,1.2,2025-03-14,2004,A,79,6.1NRT,310.06,26.93,D
18.13971,-95.94115,320.29,4.61,1.97,2025-03-14,2004,A,69,6.1NRT,304.77,65.1,D
19.43746,-89.53207,326.68,1.44,1.19,2025-03-14,2004,A,68,6.1NRT,308.38,21.84,D
19.44639,-89.52653,319.64,1.43,1.18,2025-03-14,2004,A,22,6.1NRT,306.74,11.49,D
19.48808,-89.65778,325.28,1.46,1.19,2025-03-14,2004,A,75,6.1NRT,307.61,21.09,D
21.08619,-78.36285,322.79,2.55,1.54,2025-03-14,2004,A,60,6.1NRT,300.98,37.9,D
19.42402,-90.37003,327.11,1.64,1.26,2025-03-14,2004,A,77,6.1NRT,306.49,32.09,D
19.69176,-89.42464,354.95,1.4,1.17,2025-03-14,2004,A,97,6.1NRT,305.98,103.47,D
19.68956,-89.43757,340.14,1.4,1.17,2025-03-14,2004,A,89,6.1NRT,305.95,53.6,D
21.20939,-78.45657,328.31,2.52,1.53,2025-03-14,2004,A,81,6.1NRT,298,73.83,D
21.20691,-78.48006,320.22,2.51,1.52,2025-03-14,2004,A,63,6.1NRT,298.83,40.41,D
19.76454,-89.8557,332.57,1.49,1.21,2025-03-14,2004,A,83,6.1NRT,308.3,38.04,D
19.76223,-89.8694,325.55,1.49,1.21,2025-03-14,2004,A,75,6.1NRT,307.72,23.03,D
19.7697,-89.86348,339.95,1.49,1.21,2025-03-14,2004,A,89,6.1NRT,308.59,58.04,D
19.82888,-89.58409,324.06,1.42,1.18,2025-03-14,2004,A,73,6.1NRT,307.74,18.71,D
19.82663,-89.59718,319.96,1.43,1.18,2025-03-14,2004,A,60,6.1NRT,306.89,11.92,D
19.82107,-89.81691,319.15,1.48,1.2,2025-03-14,2004,A,64,6.1NRT,305.82,13.62,D
20.00378,-88.85027,315.07,1.28,1.12,2025-03-14,2004,A,52,6.1NRT,303.69,7.15,D
19.44116,-92.09519,314.68,2.2,1.44,2025-03-14,2004,A,62,6.1NRT,297.91,27.07,D
19.44166,-92.10011,310.12,2.2,1.44,2025-03-14,2004,A,28,6.1NRT,297.78,14.36,D
20.05302,-89.04916,320.38,1.31,1.13,2025-03-14,2004,A,68,6.1NRT,306.04,11.51,D
20.01018,-89.30652,316.35,1.36,1.15,2025-03-14,2004,A,54,6.1NRT,304.85,10.05,D
20.11442,-89.72494,318.02,1.44,1.19,2025-03-14,2004,A,59,6.1NRT,306.92,10.47,D
20.11813,-90.0559,332.57,1.51,1.21,2025-03-14,2004,A,82,6.1NRT,309.89,37.59,D
20.1157,-90.06974,333.33,1.52,1.22,2025-03-14,2004,A,83,6.1NRT,309.54,40.13,D
20.14744,-90.07604,324.4,1.52,1.22,2025-03-14,2004,A,72,6.1NRT,307.68,21.3,D
20.49556,-90.08308,321.09,1.5,1.21,2025-03-14,2004,A,62,6.1NRT,308.57,12.26,D
20.98741,-87.7953,326.11,1.1,1.05,2025-03-14,2004,A,74,6.1NRT,308.13,12.43,D
20.98579,-87.80553,327.83,1.1,1.05,2025-03-14,2004,A,78,6.1NRT,308.3,15.1,D
20.99492,-87.8072,327.3,1.1,1.05,2025-03-14,2004,A,70,6.1NRT,308.32,13.85,D
20.77993,-89.13737,320.1,1.29,1.13,2025-03-14,2004,A,63,6.1NRT,306.17,11.13,D
20.69156,-90.14842,325.91,1.5,1.21,2025-03-14,2004,A,66,6.1NRT,310.96,15.86,D
20.68915,-90.16231,331.6,1.5,1.21,2025-03-14,2004,A,80,6.1NRT,313.19,28.59,D
20.82412,-89.79015,322.57,1.41,1.18,2025-03-14,2004,A,64,6.1NRT,310.55,12.39,D
22.2053,-80.39995,318.32,1.86,1.33,2025-03-14,2004,A,61,6.1NRT,298.51,14.29,D
20.90883,-89.96389,332.81,1.45,1.19,2025-03-14,2004,A,80,6.1NRT,310.53,31.25,D
22.28747,-80.48793,319.9,1.83,1.33,2025-03-14,2004,A,61,6.1NRT,301.66,15.38,D
21.12366,-89.17848,324.4,1.28,1.12,2025-03-14,2004,A,67,6.1NRT,310.23,13.6,D
21.03893,-89.80412,334.03,1.4,1.17,2025-03-14,2004,A,81,6.1NRT,311.16,36.4,D
22.41047,-80.20372,324.08,1.93,1.36,2025-03-14,2004,A,75,6.1NRT,302.35,25.28,D
22.4084,-80.22191,325.23,1.93,1.36,2025-03-14,2004,A,76,6.1NRT,304.09,27.8,D
22.40519,-80.21,326.03,1.93,1.36,2025-03-14,2004,A,68,6.1NRT,303.91,30.5,D
22.39103,-80.77175,328.18,1.76,1.3,2025-03-14,2004,A,69,6.1NRT,298.07,37.85,D
22.38916,-80.78824,332.52,1.75,1.3,2025-03-14,2004,A,84,6.1NRT,302.82,51.36,D
22.43495,-80.69281,331.3,1.78,1.31,2025-03-14,2004,A,83,6.1NRT,298.66,54.14,D
21.26951,-89.04292,330.95,1.25,1.11,2025-03-14,2004,A,78,6.1NRT,310.39,22.46,D
22.44296,-80.69974,321.45,1.78,1.31,2025-03-14,2004,A,62,6.1NRT,299.13,26.01,D
21.18765,-89.71226,327.38,1.38,1.16,2025-03-14,2004,A,73,6.1NRT,309.47,20.17,D
21.18545,-89.72504,334.98,1.38,1.16,2025-03-14,2004,A,83,6.1NRT,310.13,36.58,D
22.25401,-83.71011,319.44,1.15,1.07,2025-03-14,2004,A,58,6.1NRT,304.25,7.61,D
22.23053,-84.00597,315.02,1.11,1.05,2025-03-14,2004,A,32,6.1NRT,300.01,6.39,D
22.24624,-84.02955,315.88,1.11,1.05,2025-03-14,2004,A,21,6.1NRT,302.13,6,D
22.35329,-83.27822,324.76,1.21,1.09,2025-03-14,2004,A,57,6.1NRT,302.49,17.83,D
22.35183,-83.28963,350.45,1.21,1.09,2025-03-14,2004,A,90,6.1NRT,303.39,70.7,D
22.64557,-81.03851,336.82,1.69,1.28,2025-03-14,2004,A,87,6.1NRT,301.56,61.71,D
22.64365,-81.46939,327.66,1.58,1.24,2025-03-14,2004,A,73,6.1NRT,305.18,33.3,D
22.62906,-81.69118,339.51,1.53,1.22,2025-03-14,2004,A,89,6.1NRT,302.51,65.78,D
22.69709,-81.79345,318.8,1.5,1.21,2025-03-14,2004,A,43,6.1NRT,303.35,14.86,D
22.51292,-83.31457,315.68,1.21,1.09,2025-03-14,2004,A,58,6.1NRT,301.5,6.97,D
22.65724,-82.90009,317.59,1.28,1.12,2025-03-14,2004,A,64,6.1NRT,302.61,10.74,D
22.65575,-82.91218,319.65,1.28,1.12,2025-03-14,2004,A,68,6.1NRT,303.09,13.22,D
22.95,-80.67664,314.8,1.82,1.32,2025-03-14,2004,A,32,6.1NRT,297.86,14.69,D
22.66949,-83.1207,316.36,1.24,1.11,2025-03-14,2004,A,58,6.1NRT,302.42,6.97,D
22.95761,-81.11558,316.4,1.69,1.28,2025-03-14,2004,A,32,6.1NRT,300.36,12.17,D
22.82944,-82.65437,320.11,1.33,1.14,2025-03-14,2004,A,70,6.1NRT,304.65,10.81,D
22.98718,-81.44263,313.5,1.6,1.25,2025-03-14,2004,A,44,6.1NRT,299.22,9.86,D
18.72474,-99.31466,335.03,4.57,1.96,2025-03-14,2142,A,83,6.1NRT,311.96,177.8,D
18.7299,-99.27808,327.5,4.61,1.97,2025-03-14,2142,A,70,6.1NRT,311.11,103.34,D
18.72615,-99.31924,331.65,4.57,1.96,2025-03-14,2142,A,69,6.1NRT,311.7,151.47,D
18.42111,-102.51122,319.04,2.56,1.54,2025-03-14,2142,A,41,6.1NRT,298.54,42.14,D
18.43712,-102.49004,319.16,2.57,1.54,2025-03-14,2142,A,45,6.1NRT,297.1,39.32,D
18.78516,-99.67197,319.32,4.31,1.92,2025-03-14,2142,A,52,6.1NRT,305.85,52.81,D
18.83668,-99.30146,323.21,4.61,1.97,2025-03-14,2142,A,66,6.1NRT,309.66,72.44,D
18.99375,-102.76614,327.18,2.49,1.52,2025-03-14,2142,A,45,6.1NRT,313.72,26.88,D
19.97561,-100.00482,320.04,4.22,1.9,2025-03-14,2142,A,52,6.1NRT,305.44,72.17,D
20.40684,-99.66766,322.21,4.54,1.96,2025-03-14,2142,A,65,6.1NRT,308.28,69.97,D
20.25649,-104.05143,331.1,2.07,1.4,2025-03-14,2142,A,64,6.1NRT,310.09,51.37,D
20.37459,-103.09367,336,2.47,1.51,2025-03-14,2142,A,73,6.1NRT,306.5,99.67,D
20.3723,-103.11501,333.47,2.46,1.51,2025-03-14,2142,A,71,6.1NRT,308.84,84.2,D
20.36578,-103.29734,339.63,2.38,1.49,2025-03-14,2142,A,87,6.1NRT,307.33,112.85,D
20.38524,-103.10159,319.92,2.47,1.51,2025-03-14,2142,A,50,6.1NRT,306.2,24.43,D
20.36686,-103.2823,326.6,2.39,1.49,2025-03-14,2142,A,73,6.1NRT,305.31,45.97,D
20.36454,-103.30497,326.09,2.38,1.49,2025-03-14,2142,A,72,6.1NRT,306.43,45.11,D
20.16814,-105.32324,325.4,1.66,1.27,2025-03-14,2142,A,47,6.1NRT,310.82,16.98,D
20.19035,-105.32648,362.51,1.66,1.27,2025-03-14,2142,A,100,6.1NRT,314.58,162.02,D
20.18851,-105.34206,390.2,1.65,1.26,2025-03-14,2142,A,100,6.1NRT,322.33,383.13,D
20.20139,-105.32866,332.62,1.66,1.27,2025-03-14,2142,A,77,6.1NRT,313.1,37.04,D
20.19957,-105.34392,371.79,1.65,1.26,2025-03-14,2142,A,100,6.1NRT,318.02,223.19,D
20.21068,-105.34538,344.78,1.65,1.26,2025-03-14,2142,A,91,6.1NRT,319.75,74.82,D
20.59184,-102.03577,324.98,3,1.65,2025-03-14,2142,A,70,6.1NRT,306.49,58.5,D
20.2496,-105.11526,328.54,1.72,1.29,2025-03-14,2142,A,73,6.1NRT,312.69,30.09,D
20.2236,-105.33186,334.89,1.66,1.27,2025-03-14,2142,A,83,6.1NRT,312.83,44.46,D
20.22175,-105.34717,344.85,1.65,1.26,2025-03-14,2142,A,91,6.1NRT,316.34,77.4,D
20.2703,-105.13403,336.52,1.72,1.29,2025-03-14,2142,A,84,6.1NRT,311.6,53.54,D
20.59326,-102.04089,326.63,3,1.65,2025-03-14,2142,A,73,6.1NRT,306.42,67.79,D
20.26847,-105.14029,335.34,1.72,1.29,2025-03-14,2142,A,83,6.1NRT,311.1,52.89,D
20.45826,-103.64362,329.83,2.24,1.45,2025-03-14,2142,A,78,6.1NRT,309.73,49.91,D
20.25179,-105.4793,332.18,1.62,1.25,2025-03-14,2142,A,80,6.1NRT,310.06,34.04,D
20.26278,-105.48093,370.85,1.62,1.25,2025-03-14,2142,A,100,6.1NRT,315.92,209.68,D
20.26103,-105.4957,340.38,1.62,1.25,2025-03-14,2142,A,88,6.1NRT,315.59,55.13,D
20.27557,-105.46748,338.21,1.62,1.25,2025-03-14,2142,A,82,6.1NRT,312.84,49.22,D
20.2738,-105.48228,377.9,1.62,1.25,2025-03-14,2142,A,100,6.1NRT,320.12,259.6,D
20.27201,-105.49722,354.1,1.62,1.25,2025-03-14,2142,A,97,6.1NRT,318.03,108.79,D
20.65955,-102.10744,322.73,2.97,1.64,2025-03-14,2142,A,62,6.1NRT,306.1,48.51,D
20.28656,-105.46917,341.91,1.62,1.25,2025-03-14,2142,A,89,6.1NRT,314.51,62.16,D
20.28477,-105.48403,357.28,1.62,1.25,2025-03-14,2142,A,98,6.1NRT,318.46,128.25,D
20.28294,-105.49921,331.3,1.62,1.25,2025-03-14,2142,A,79,6.1NRT,314.51,28.1,D
20.2957,-105.48608,337.46,1.62,1.25,2025-03-14,2142,A,85,6.1NRT,314.41,48,D
20.66341,-102.11531,322.19,2.97,1.64,2025-03-14,2142,A,60,6.1NRT,306.6,44.3,D
20.56948,-103.70526,338.5,2.23,1.45,2025-03-14,2142,A,86,6.1NRT,310.28,89.97,D
20.53334,-104.14428,358.02,2.06,1.4,2025-03-14,2142,A,99,6.1NRT,312.32,195.71,D
20.53105,-104.16451,345.57,2.05,1.39,2025-03-14,2142,A,92,6.1NRT,310.82,116.7,D
20.71822,-103.40711,322.75,2.36,1.48,2025-03-14,2142,A,66,6.1NRT,308.88,27.66,D
20.71729,-103.41453,325.82,2.36,1.48,2025-03-14,2142,A,73,6.1NRT,308.61,36.71,D
20.8438,-103.31612,325,2.41,1.5,2025-03-14,2142,A,71,6.1NRT,312.91,31.25,D
21.01841,-104.21294,332.18,2.07,1.4,2025-03-14,2142,A,80,6.1NRT,309.11,53.3,D
21.01585,-104.23495,328.5,2.06,1.4,2025-03-14,2142,A,76,6.1NRT,308.4,40.34,D
21.02264,-104.22125,333.75,2.07,1.4,2025-03-14,2142,A,82,6.1NRT,309.44,58.41,D
21.03736,-104.20034,331.7,2.07,1.4,2025-03-14,2142,A,80,6.1NRT,311.26,48.92,D
21.03515,-104.22058,325.93,2.07,1.4,2025-03-14,2142,A,72,6.1NRT,310.87,29.49,D
21.10877,-104.59304,325.41,1.94,1.36,2025-03-14,2142,A,52,6.1NRT,313.67,20.71,D
21.10681,-104.61051,327.2,1.93,1.36,2025-03-14,2142,A,70,6.1NRT,314.54,25.12,D
21.91901,-103.38496,345.67,2.47,1.51,2025-03-14,2142,A,92,6.1NRT,309.07,156.84,D
21.93234,-103.38602,360.94,2.47,1.51,2025-03-14,2142,A,100,6.1NRT,309.32,285.94,D
21.93008,-103.36745,330.9,2.48,1.52,2025-03-14,2142,A,79,6.1NRT,305.28,67.26,D
21.92773,-103.39083,371.26,2.47,1.51,2025-03-14,2142,A,100,6.1NRT,311.9,405.79,D
22.17101,-103.04866,333.61,2.64,1.56,2025-03-14,2142,A,82,6.1NRT,308.32,90.92,D
22.16846,-103.07423,323.08,2.63,1.56,2025-03-14,2142,A,67,6.1NRT,307.2,38.2,D
22.1846,-103.051,327.43,2.64,1.56,2025-03-14,2142,A,75,6.1NRT,305.59,56.65,D
22.47084,-100.32143,321.68,4.28,1.91,2025-03-14,2142,A,64,6.1NRT,308.77,59.28,D
22.46737,-100.36147,321.49,4.25,1.91,2025-03-14,2142,A,57,6.1NRT,308.6,61.27,D
21.99287,-105.06667,321.09,1.84,1.33,2025-03-14,2142,A,62,6.1NRT,308.14,14.06,D
22.47699,-100.32997,321.36,4.28,1.91,2025-03-14,2142,A,60,6.1NRT,307.95,57.22,D
22.13472,-105.11532,320.9,1.83,1.33,2025-03-14,2142,A,63,6.1NRT,307.79,19.95,D
22.17538,-105.17276,332.86,1.82,1.32,2025-03-14,2142,A,68,6.1NRT,307.8,48.28,D
22.17343,-105.18958,330.55,1.81,1.32,2025-03-14,2142,A,75,6.1NRT,310.84,37.59,D
22.17277,-105.17929,333.7,1.82,1.32,2025-03-14,2142,A,67,6.1NRT,309.52,49.99,D
22.2134,-105.23682,324.14,1.8,1.32,2025-03-14,2142,A,67,6.1NRT,306.88,22.34,D
22.21153,-105.25347,344.63,1.8,1.31,2025-03-14,2142,A,91,6.1NRT,310.75,91.52,D
22.36168,-105.24493,321.32,1.81,1.32,2025-03-14,2142,A,39,6.1NRT,307.88,16.04,D
22.37093,-105.25256,335.47,1.81,1.32,2025-03-14,2142,A,84,6.1NRT,310.58,56.54,D
22.3635,-105.31984,352.56,1.79,1.31,2025-03-14,2142,A,96,6.1NRT,312.7,123.69,D
22.36161,-105.33687,352.09,1.78,1.31,2025-03-14,2142,A,96,6.1NRT,313.69,121.18,D
22.375,-105.32145,323.38,1.79,1.31,2025-03-14,2142,A,59,6.1NRT,308.75,16.56,D
22.56903,-105.32508,336.48,1.8,1.31,2025-03-14,2142,A,85,6.1NRT,311.06,58.52,D
22.58054,-105.3268,323.12,1.8,1.31,2025-03-14,2142,A,68,6.1NRT,311.34,19.2,D
23.00599,-105.79818,320.87,1.68,1.28,2025-03-14,2142,A,44,6.1NRT,309.96,11.45,D
23.14647,-106.06774,326.74,1.62,1.25,2025-03-14,2142,A,69,6.1NRT,313.56,17.04,D
23.21154,-106.2067,326.17,1.59,1.24,2025-03-14,2142,A,65,6.1NRT,311.73,18.97,D
23.53182,-105.80035,326.29,1.72,1.29,2025-03-14,2142,A,65,6.1NRT,307.27,32.89,D
23.59962,-106.11446,322.62,1.63,1.26,2025-03-14,2142,A,63,6.1NRT,311.38,13.71,D
23.59775,-106.13052,325.25,1.63,1.26,2025-03-14,2142,A,75,6.1NRT,310.87,20.05,D
23.65315,-106.14516,326.81,1.63,1.26,2025-03-14,2142,A,45,6.1NRT,308.95,22.41,D
23.65134,-106.16113,326.16,1.62,1.25,2025-03-14,2142,A,47,6.1NRT,307.89,21.77,D
23.7294,-106.28687,324.59,1.6,1.24,2025-03-14,2142,A,73,6.1NRT,309.02,22.56,D
24.31248,-105.46195,318.04,1.87,1.34,2025-03-14,2144,A,56,6.1NRT,298.21,25.96,D
24.31057,-105.47928,324.51,1.86,1.33,2025-03-14,2144,A,72,6.1NRT,299.64,42.63,D
25.32535,-107.1144,323.42,1.48,1.2,2025-03-14,2144,A,56,6.1NRT,310.21,15.71,D
26.11186,-100.17987,343.31,4.82,2,2025-03-14,2144,A,89,6.1NRT,314.47,331.28,D
26.11363,-100.18814,326.97,4.82,2,2025-03-14,2144,A,71,6.1NRT,313.55,107.16,D
26.51113,-106.34914,318.04,1.74,1.29,2025-03-14,2144,A,62,6.1NRT,295.31,25.35,D
26.52443,-106.33299,407.44,1.74,1.29,2025-03-14,2144,A,100,6.1NRT,303.77,662.29,D
26.52246,-106.35052,431.45,1.74,1.29,2025-03-14,2144,A,100,6.1NRT,314.59,1107.54,D
26.52231,-106.3385,416.68,1.74,1.29,2025-03-14,2144,A,100,6.1NRT,308.53,815.09,D
26.52048,-106.35604,383.11,1.74,1.29,2025-03-14,2144,A,100,6.1NRT,307.36,358.84,D
26.53362,-106.34023,322.79,1.74,1.29,2025-03-14,2144,A,71,6.1NRT,295.3,35.4,D
27.08644,-107.15704,316.06,1.56,1.23,2025-03-14,2144,A,53,6.1NRT,297.74,17.36,D
27.08479,-107.17209,314.16,1.55,1.23,2025-03-14,2144,A,32,6.1NRT,297.8,13.79,D
27.09721,-107.15848,355.9,1.56,1.23,2025-03-14,2144,A,98,6.1NRT,299.08,134.55,D
27.09554,-107.17364,353.51,1.55,1.23,2025-03-14,2144,A,97,6.1NRT,301.88,122.79,D
27.97273,-101.84033,320.23,3.85,1.83,2025-03-14,2144,A,31,6.1NRT,309.32,53.06,D
27.7845,-108.60945,312.39,1.29,1.13,2025-03-14,2144,A,43,6.1NRT,292.07,11.83,D
27.8385,-108.49789,318.59,1.31,1.14,2025-03-14,2144,A,53,6.1NRT,296.67,15.46,D
27.86878,-108.50962,314.83,1.31,1.14,2025-03-14,2144,A,55,6.1NRT,298.84,9.89,D
28.12577,-107.68495,314.14,1.49,1.2,2025-03-14,2144,A,55,6.1NRT,293.13,16.94,D
28.12416,-107.69947,317.9,1.48,1.2,2025-03-14,2144,A,66,6.1NRT,292.26,22.27,D
28.37911,-107.86853,350.3,1.46,1.19,2025-03-14,2144,A,95,6.1NRT,289.25,102.91,D
7.02247,-68.87186,321.8,1.91,1.35,2025-03-15,0221,T,100,6.1NRT,281.37,50.18,N
7.0344,-68.87341,319.52,1.91,1.35,2025-03-15,0221,T,99,6.1NRT,271.94,43.09,N
7.03037,-68.86229,313.09,1.91,1.35,2025-03-15,0221,T,65,6.1NRT,276.6,28.98,N
7.02826,-68.8792,323.46,1.91,1.35,2025-03-15,0221,T,100,6.1NRT,273.48,52.02,N
7.08511,-70.14075,305.87,1.53,1.22,2025-03-15,0221,T,66,6.1NRT,292.35,10.67,N
7.09589,-70.14221,304.29,1.53,1.22,2025-03-15,0221,T,59,6.1NRT,293.15,8.55,N
7.56323,-67.42899,301.34,2.54,1.53,2025-03-15,0221,T,11,6.1NRT,286.89,14.88,N
8.04635,-64.87959,306.02,4.14,1.88,2025-03-15,0221,T,39,6.1NRT,285.75,51.4,N
8.05177,-64.88718,304.96,4.14,1.88,2025-03-15,0221,T,18,6.1NRT,285.5,46.47,N
7.90558,-67.1132,308.45,2.73,1.58,2025-03-15,0221,T,75,6.1NRT,291.41,26.39,N
7.90248,-67.13727,306.65,2.71,1.58,2025-03-15,0221,T,69,6.1NRT,291.28,21.03,N
7.91068,-67.11943,311.37,2.73,1.58,2025-03-15,0221,T,82,6.1NRT,291.25,35.83,N
7.52512,-70.28474,313.3,1.52,1.22,2025-03-15,0221,T,73,6.1NRT,292.38,17.58,N
7.52337,-70.29816,328.08,1.51,1.21,2025-03-15,0221,T,100,6.1NRT,294.61,43.97,N
7.5199,-70.32492,313.46,1.51,1.21,2025-03-15,0221,T,51,6.1NRT,294.31,17.27,N
7.53585,-70.28617,306.86,1.52,1.22,2025-03-15,0221,T,20,6.1NRT,292.61,9.39,N
7.5341,-70.2996,310.88,1.51,1.21,2025-03-15,0221,T,46,6.1NRT,293.43,13.51,N
7.54659,-70.28761,316.57,1.52,1.22,2025-03-15,0221,T,93,6.1NRT,293.13,23.44,N
7.552,-70.32923,331.73,1.51,1.21,2025-03-15,0221,T,100,6.1NRT,294.45,51.91,N
7.7563,-69.56358,301.23,1.73,1.29,2025-03-15,0221,T,38,6.1NRT,282.94,10.88,N
8.05028,-67.40685,300.98,2.6,1.55,2025-03-15,0221,T,14,6.1NRT,279.27,12.31,N
7.75624,-69.55362,302.44,1.74,1.29,2025-03-15,0221,T,46,6.1NRT,284.06,11.57,N
8.46292,-69.49864,301.68,1.8,1.31,2025-03-15,0221,T,43,6.1NRT,284.56,13.83,N
8.70993,-70.25838,301.32,1.59,1.24,2025-03-15,0221,T,23,6.1NRT,287.22,10.12,N
8.91712,-69.88928,309.02,1.7,1.28,2025-03-15,0221,T,76,6.1NRT,293.07,14.42,N
8.91785,-69.88041,304.5,1.71,1.28,2025-03-15,0221,T,60,6.1NRT,293.08,9.34,N
8.91599,-69.89545,304.83,1.7,1.28,2025-03-15,0221,T,62,6.1NRT,293.01,9.44,N
8.96994,-70.09972,303.15,1.65,1.26,2025-03-15,0221,T,54,6.1NRT,290.54,8.56,N
8.97201,-70.09072,309.09,1.65,1.26,2025-03-15,0221,T,76,6.1NRT,290.81,15.7,N
9.52052,-68.9938,300.72,2.04,1.39,2025-03-15,0221,T,33,6.1NRT,286.77,9.25,N
9.58137,-68.90848,300.03,2.08,1.4,2025-03-15,0221,T,10,6.1NRT,279.47,10.58,N
9.58385,-68.91536,300.45,2.08,1.4,2025-03-15,0221,T,26,6.1NRT,280.59,11.29,N
8.39337,-80.4928,305.97,2.01,1.38,2025-03-15,0224,T,66,6.1NRT,293.9,14.34,N
8.39062,-80.51048,307.32,2.02,1.38,2025-03-15,0224,T,71,6.1NRT,293.91,16.78,N
10.16804,-72.41024,313.67,1.2,1.09,2025-03-15,0224,T,88,6.1NRT,283.4,15.3,N
10.10305,-73.80756,306.11,1.04,1.02,2025-03-15,0224,T,67,6.1NRT,287.39,5.81,N
15.59749,-84.50629,307.45,3.03,1.66,2025-03-15,0224,T,71,6.1NRT,294.09,32.83,N
15.59884,-84.51326,306.88,3.03,1.66,2025-03-15,0224,T,70,6.1NRT,294.04,31.39,N
18.69392,-70.87941,311.15,2,1.38,2025-03-15,0224,T,82,6.1NRT,287.89,33.25,N
20.32924,-76.84753,313.39,1,1,2025-03-15,0226,T,87,6.1NRT,292.13,11.34,N
20.78234,-77.9537,307.05,1.01,1,2025-03-15,0226,T,70,6.1NRT,291.57,7.57,N
20.781,-77.96313,304.48,1.01,1,2025-03-15,0226,T,60,6.1NRT,290.63,5.65,N
20.87116,-78.16805,318.43,1.01,1.01,2025-03-15,0226,T,97,6.1NRT,292.41,15.64,N
20.86981,-78.17756,327.19,1.02,1.01,2025-03-15,0226,T,100,6.1NRT,292.73,25.07,N
21.43042,-78.39229,306.79,1.02,1.01,2025-03-15,0226,T,69,6.1NRT,291.73,6.63,N
21.53281,-78.13249,300.86,1.01,1,2025-03-15,0226,T,26,6.1NRT,285.27,4.34,N
21.54164,-78.13396,318.08,1.01,1,2025-03-15,0226,T,96,6.1NRT,283.52,16.64,N
21.59825,-78.57062,305.32,1.02,1.01,2025-03-15,0226,T,64,6.1NRT,291.8,6.17,N
22.00236,-78.64398,305.29,1.02,1.01,2025-03-15,0226,T,64,6.1NRT,291.71,6.28,N
22.01153,-78.65144,321.2,1.02,1.01,2025-03-15,0226,T,100,6.1NRT,291.59,19.45,N
22.20786,-78.94654,327.86,1.04,1.02,2025-03-15,0226,T,100,6.1NRT,291.51,27.35,N
22.21681,-78.9481,301.5,1.04,1.02,2025-03-15,0226,T,42,6.1NRT,290.84,4.17,N
22.66553,-79.83542,306.5,1.1,1.05,2025-03-15,0226,T,68,6.1NRT,290.77,8.75,N
22.66393,-79.84582,304.41,1.1,1.05,2025-03-15,0226,T,59,6.1NRT,290.85,7.12,N
22.62333,-81.0034,303.5,1.25,1.11,2025-03-15,0226,T,55,6.1NRT,290.87,7.62,N
22.82957,-80.09351,302.45,1.12,1.06,2025-03-15,0226,T,49,6.1NRT,290.98,5.49,N
22.63452,-81.70088,314.85,1.38,1.16,2025-03-15,0226,T,90,6.1NRT,291.63,20.71,N
22.63242,-81.71387,303.39,1.38,1.16,2025-03-15,0226,T,55,6.1NRT,291.56,8.02,N
22.7344,-81.46294,327.38,1.33,1.14,2025-03-15,0226,T,100,6.1NRT,291.53,39.03,N
25.04745,-78.05381,306.46,1,1,2025-03-15,0226,T,45,6.1NRT,291.98,7.23,N
31.9611,-82.24622,300.01,1.09,1.04,2025-03-15,0228,T,6,6.1NRT,287.26,5.7,N
20.51156,-101.29517,304.48,1.01,1.01,2025-03-15,0404,T,60,6.1NRT,285.46,8.65,N
20.26567,-104.05083,300.84,1.12,1.05,2025-03-15,0404,T,34,6.1NRT,288.12,6.04,N
20.26409,-104.06124,301.29,1.12,1.05,2025-03-15,0404,T,34,6.1NRT,288.86,6.22,N
20.6054,-102.03637,305.06,1,1,2025-03-15,0404,T,63,6.1NRT,282.91,8.66,N
20.6041,-102.04569,321.76,1,1,2025-03-15,0404,T,100,6.1NRT,282.76,22.04,N
20.19018,-105.3298,316.66,1.3,1.13,2025-03-15,0404,T,94,6.1NRT,296.31,18.81,N
20.1883,-105.34178,313.86,1.3,1.13,2025-03-15,0404,T,88,6.1NRT,295.73,15.48,N
20.20017,-105.33115,318.54,1.3,1.13,2025-03-15,0404,T,97,6.1NRT,295.89,20.93,N
20.19826,-105.34335,325.61,1.3,1.13,2025-03-15,0404,T,100,6.1NRT,295.89,31.99,N
20.20187,-105.32534,308.75,1.3,1.13,2025-03-15,0404,T,75,6.1NRT,295.43,10.37,N
20.1999,-105.33745,323.48,1.3,1.13,2025-03-15,0404,T,100,6.1NRT,296.17,28.75,N
20.19792,-105.34964,316.43,1.3,1.13,2025-03-15,0404,T,92,6.1NRT,294.96,18.37,N
20.20784,-105.35146,320.15,1.3,1.13,2025-03-15,0404,T,100,6.1NRT,294.92,23.3,N
20.20586,-105.36366,320.53,1.31,1.13,2025-03-15,0404,T,100,6.1NRT,293.67,25.07,N
20.2564,-105.11256,305.65,1.26,1.12,2025-03-15,0404,T,28,6.1NRT,294.8,7.61,N
20.46555,-103.82603,319.96,1.09,1.04,2025-03-15,0404,T,99,6.1NRT,284.69,23.24,N
20.23165,-105.33041,309.51,1.3,1.13,2025-03-15,0404,T,78,6.1NRT,294.44,11.87,N
20.22972,-105.34242,317.65,1.3,1.13,2025-03-15,0404,T,95,6.1NRT,295.06,21.39,N
20.25995,-105.47444,309.4,1.32,1.14,2025-03-15,0404,T,76,6.1NRT,294.5,12.56,N
20.26994,-105.4764,320.28,1.32,1.14,2025-03-15,0404,T,100,6.1NRT,295.68,24.77,N
20.26799,-105.48881,312.54,1.33,1.14,2025-03-15,0404,T,45,6.1NRT,295.88,14.22,N
20.26885,-105.48186,322.04,1.32,1.14,2025-03-15,0404,T,100,6.1NRT,296.63,27.51,N
20.2809,-105.47111,318.23,1.32,1.14,2025-03-15,0404,T,96,6.1NRT,295.76,21.72,N
20.27886,-105.48361,324.17,1.32,1.14,2025-03-15,0404,T,100,6.1NRT,297.17,30.71,N
20.27685,-105.49594,311.8,1.33,1.14,2025-03-15,0404,T,42,6.1NRT,295.82,13.42,N
20.29089,-105.47291,317.48,1.32,1.14,2025-03-15,0404,T,95,6.1NRT,295.58,20.93,N
20.28889,-105.48528,320.96,1.32,1.14,2025-03-15,0404,T,100,6.1NRT,296.24,26.21,N
20.30093,-105.47443,315.55,1.32,1.14,2025-03-15,0404,T,91,6.1NRT,294.85,19.32,N
20.29898,-105.48656,320.53,1.32,1.14,2025-03-15,0404,T,100,6.1NRT,295.04,26.5,N
20.8915,-102.62389,303.72,1.01,1,2025-03-15,0404,T,57,6.1NRT,280.42,9.03,N
21.2908,-99.75604,325.72,1.15,1.07,2025-03-15,0404,T,100,6.1NRT,293.8,28.67,N
21.28948,-99.76666,315.51,1.15,1.07,2025-03-15,0404,T,91,6.1NRT,292.66,16.28,N
21.70381,-98.44102,350.23,1.37,1.16,2025-03-15,0404,T,100,6.1NRT,299.37,95.41,N
21.70226,-98.45399,340.97,1.37,1.16,2025-03-15,0404,T,100,6.1NRT,298.95,66.68,N
21.70111,-98.44689,352.88,1.37,1.16,2025-03-15,0404,T,100,6.1NRT,300.17,104.95,N
20.973,-104.01239,300.28,1.09,1.04,2025-03-15,0404,T,24,6.1NRT,287.7,6.49,N
20.97147,-104.02248,314.42,1.09,1.04,2025-03-15,0404,T,89,6.1NRT,289.01,17.29,N
20.98061,-104.02408,319.31,1.09,1.04,2025-03-15,0404,T,98,6.1NRT,287.31,21.92,N
21.73036,-98.46402,328.75,1.37,1.16,2025-03-15,0404,T,100,6.1NRT,298.11,39.14,N
21.0244,-104.21862,306.23,1.11,1.05,2025-03-15,0404,T,35,6.1NRT,291.94,8.8,N
21.03507,-104.21071,307.58,1.11,1.05,2025-03-15,0404,T,21,6.1NRT,291.97,9.05,N
21.03353,-104.22078,312.47,1.11,1.05,2025-03-15,0404,T,70,6.1NRT,292.1,13.49,N
21.05102,-104.4174,306.08,1.13,1.06,2025-03-15,0404,T,67,6.1NRT,286.07,10.79,N
21.74461,-99.44668,310.92,1.2,1.09,2025-03-15,0404,T,81,6.1NRT,300.66,8.15,N
21.75416,-99.44849,317.72,1.2,1.09,2025-03-15,0404,T,96,6.1NRT,299.81,15.86,N
22.31354,-99.04752,305.47,1.28,1.12,2025-03-15,0404,T,64,6.1NRT,293.77,8.06,N
22.31209,-99.05971,315.91,1.28,1.12,2025-03-15,0404,T,92,6.1NRT,295.03,18.9,N
22.44526,-99.13409,311.48,1.27,1.12,2025-03-15,0404,T,62,6.1NRT,298.66,10.43,N
22.44381,-99.14606,323.48,1.27,1.12,2025-03-15,0404,T,100,6.1NRT,298.48,25.24,N
22.44702,-99.12807,312.07,1.28,1.12,2025-03-15,0404,T,55,6.1NRT,299.27,10.83,N
22.44565,-99.1399,319.11,1.27,1.12,2025-03-15,0404,T,98,6.1NRT,298.76,18.4,N
22.44424,-99.15197,320.64,1.27,1.12,2025-03-15,0404,T,100,6.1NRT,297.09,19.37,N
22.4569,-99.12958,335.34,1.28,1.12,2025-03-15,0404,T,100,6.1NRT,302.61,47.05,N
15.29961,-91.14662,300.76,3.95,1.85,2025-03-15,0404,T,31,6.1NRT,289.49,28.61,N
22.45553,-99.14134,353.63,1.27,1.12,2025-03-15,0404,T,100,6.1NRT,303.36,94.56,N
22.45412,-99.15337,322.44,1.27,1.12,2025-03-15,0404,T,100,6.1NRT,298.08,22.45,N
15.3066,-91.15362,306.28,3.95,1.85,2025-03-15,0404,T,67,6.1NRT,288.89,55.29,N
16.20979,-95.16893,308.48,1.96,1.37,2025-03-15,0404,T,75,6.1NRT,297.3,18.32,N
22.45128,-99.17769,320.95,1.27,1.12,2025-03-15,0404,T,100,6.1NRT,298.2,21.47,N
17.84597,-93.1051,327.32,3,1.65,2025-03-15,0404,T,100,6.1NRT,297.09,119.72,N
22.46678,-99.13117,317.1,1.28,1.12,2025-03-15,0404,T,94,6.1NRT,300.1,16.95,N
17.84325,-93.13277,332,2.99,1.64,2025-03-15,0404,T,100,6.1NRT,296.97,147.92,N
17.89584,-93.19381,320.26,2.96,1.64,2025-03-15,0404,T,100,6.1NRT,297.24,80.62,N
22.46541,-99.14279,333.3,1.27,1.12,2025-03-15,0404,T,100,6.1NRT,300.56,42.62,N
17.90061,-93.17341,315.93,2.97,1.64,2025-03-15,0404,T,92,6.1NRT,297.31,62.51,N
17.89796,-93.20094,316.9,2.96,1.64,2025-03-15,0404,T,94,6.1NRT,296.9,66.7,N
22.46531,-99.22866,307.69,1.26,1.11,2025-03-15,0404,T,42,6.1NRT,296.32,7.05,N
17.94126,-93.6301,304.66,2.74,1.58,2025-03-15,0404,T,60,6.1NRT,294.51,21.82,N
17.9321,-93.6347,306.88,2.74,1.58,2025-03-15,0404,T,68,6.1NRT,294.59,28.65,N
22.56926,-99.03929,328.59,1.29,1.13,2025-03-15,0404,T,100,6.1NRT,297.33,35.4,N
17.97495,-94.52,314.23,2.34,1.48,2025-03-15,0404,T,88,6.1NRT,297.28,37.88,N
22.56783,-99.05155,330.28,1.29,1.13,2025-03-15,0404,T,100,6.1NRT,297.16,38.67,N
18.09188,-94.05405,308.63,2.55,1.54,2025-03-15,0404,T,74,6.1NRT,296.4,28.24,N
22.47886,-100.33376,312.57,1.11,1.05,2025-03-15,0404,T,85,6.1NRT,292.6,12.54,N
17.67174,-97.99938,302.61,1.3,1.13,2025-03-15,0404,T,50,6.1NRT,292.58,7.46,N
22.48501,-100.34052,307.78,1.11,1.05,2025-03-15,0404,T,72,6.1NRT,291.4,9.7,N
18.2924,-92.8603,309.47,3.18,1.69,2025-03-15,0404,T,76,6.1NRT,296.76,38.4,N
22.74907,-99.32398,311.73,1.25,1.11,2025-03-15,0404,T,79,6.1NRT,296.85,11.55,N
18.28945,-92.8896,317.18,3.16,1.68,2025-03-15,0404,T,94,6.1NRT,297.13,71.51,N
18.22321,-95.92993,309.33,1.84,1.33,2025-03-15,0404,T,77,6.1NRT,296.47,17.93,N
22.74763,-99.33593,307.24,1.25,1.11,2025-03-15,0404,T,38,6.1NRT,295.94,7.1,N
18.01937,-99.83028,314.74,1.07,1.03,2025-03-15,0404,T,90,6.1NRT,299.02,10.65,N
22.756,-99.34927,308.21,1.25,1.11,2025-03-15,0404,T,69,6.1NRT,295.13,8.3,N
18.50565,-96.1429,308.45,1.79,1.31,2025-03-15,0404,T,75,6.1NRT,297.34,15.81,N
24.32942,-99.13084,316.51,1.34,1.15,2025-03-15,0404,T,93,6.1NRT,293.95,20.28,N
17.97501,-100.7159,318.96,1.01,1.01,2025-03-15,0404,T,98,6.1NRT,295.97,15.69,N
23.86305,-103.05492,304.45,1,1,2025-03-15,0404,T,60,6.1NRT,284.86,8.73,N
18.55235,-96.54633,327.97,1.68,1.27,2025-03-15,0404,T,100,6.1NRT,297.52,52.59,N
23.54923,-105.78605,303.03,1.24,1.1,2025-03-15,0404,T,29,6.1NRT,287.29,7.75,N
17.93413,-102.20408,316.67,1.02,1.01,2025-03-15,0404,T,94,6.1NRT,296.32,14.31,N
23.54744,-105.79746,308.82,1.24,1.11,2025-03-15,0404,T,72,6.1NRT,286.95,13.2,N
23.55127,-105.79173,309.87,1.24,1.1,2025-03-15,0404,T,74,6.1NRT,286.76,13.89,N
18.73294,-96.56561,312.63,1.68,1.27,2025-03-15,0404,T,85,6.1NRT,296.28,21.3,N
24.64875,-99.53606,329.2,1.28,1.12,2025-03-15,0406,T,100,6.1NRT,298.18,36.53,N
18.93061,-96.63586,307.28,1.67,1.27,2025-03-15,0404,T,71,6.1NRT,295.66,14.03,N
23.7382,-106.27998,301.82,1.31,1.13,2025-03-15,0406,T,44,6.1NRT,291.12,7.66,N
18.90609,-98.91634,316.15,1.19,1.09,2025-03-15,0404,T,93,6.1NRT,289.87,19.99,N
25.00836,-99.41913,312.02,1.32,1.14,2025-03-15,0406,T,84,6.1NRT,294.98,15.44,N
18.90475,-98.92723,303.63,1.19,1.09,2025-03-15,0404,T,56,6.1NRT,288.46,8.02,N
25.0069,-99.43193,307.55,1.31,1.14,2025-03-15,0406,T,72,6.1NRT,293.63,10.69,N
18.42694,-102.50047,306.17,1.03,1.01,2025-03-15,0404,T,67,6.1NRT,289.17,8.09,N
25.92547,-98.01638,305.17,1.67,1.27,2025-03-15,0406,T,63,6.1NRT,293.48,12.01,N
18.42559,-102.50981,301.62,1.03,1.01,2025-03-15,0404,T,43,6.1NRT,288.65,5.54,N
25.60152,-100.92078,307.25,1.12,1.06,2025-03-15,0406,T,71,6.1NRT,292.49,8.96,N
18.4386,-102.48278,300.59,1.02,1.01,2025-03-15,0404,T,26,6.1NRT,288.8,4.68,N
26.12728,-100.1285,300.98,1.24,1.11,2025-03-15,0406,T,36,6.1NRT,290.83,6.14,N
18.44886,-102.47462,336.69,1.02,1.01,2025-03-15,0404,T,100,6.1NRT,291.5,40.46,N
26.51369,-99.1402,309.42,1.43,1.18,2025-03-15,0406,T,77,6.1NRT,297.13,11.31,N
18.44747,-102.48421,338.37,1.02,1.01,2025-03-15,0404,T,100,6.1NRT,291.06,42.89,N
26.52783,-106.34477,303.96,1.2,1.09,2025-03-15,0406,T,58,6.1NRT,277.82,12.66,N
26.54107,-106.32359,316.64,1.2,1.09,2025-03-15,0406,T,94,6.1NRT,279.05,23.63,N
18.82662,-99.91729,301.61,1.07,1.03,2025-03-15,0404,T,43,6.1NRT,285.96,7.06,N
18.83567,-99.91885,330.97,1.07,1.03,2025-03-15,0404,T,100,6.1NRT,285.48,35.52,N
26.53921,-106.33511,331.15,1.2,1.09,2025-03-15,0406,T,100,6.1NRT,280.5,44.43,N
18.83439,-99.92863,317.54,1.07,1.03,2025-03-15,0404,T,95,6.1NRT,285.13,19.21,N
19.0237,-98.6233,309.95,1.24,1.11,2025-03-15,0404,T,79,6.1NRT,270.61,18.4,N
18.98289,-102.73633,309.46,1.03,1.01,2025-03-15,0404,T,77,6.1NRT,296.54,6.79,N
18.98151,-102.74584,327.59,1.03,1.01,2025-03-15,0404,T,100,6.1NRT,297.97,24.27,N
18.98905,-102.75685,318.42,1.03,1.02,2025-03-15,0404,T,97,6.1NRT,297.28,13.61,N
18.98767,-102.76636,317.04,1.03,1.02,2025-03-15,0404,T,94,6.1NRT,297.7,12.41,N
19.35278,-100.39619,308.93,1.05,1.02,2025-03-15,0404,T,76,6.1NRT,289.98,11.2,N
19.06107,-102.83323,307.47,1.04,1.02,2025-03-15,0404,T,72,6.1NRT,295.33,6.53,N
20.07286,-97.93494,307.59,1.41,1.18,2025-03-15,0404,T,72,6.1NRT,293.51,11.75,N
20.08482,-97.92281,305.02,1.41,1.18,2025-03-15,0404,T,63,6.1NRT,292.02,9.46,N
20.08315,-97.93688,320.95,1.41,1.18,2025-03-15,0404,T,100,6.1NRT,292.14,30.04,N
20.05282,-99.29446,306.32,1.17,1.08,2025-03-15,0404,T,68,6.1NRT,289.07,10.92,N
19.61204,-104.50798,309.89,1.19,1.09,2025-03-15,0404,T,79,6.1NRT,288.9,13.62,N
19.61032,-104.51904,308.33,1.19,1.09,2025-03-15,0404,T,74,6.1NRT,289.54,12.13,N
20.16335,-103.05745,300.63,1.03,1.02,2025-03-15,0404,T,31,6.1NRT,285.78,5.97,N
9.654,-63.52625,312.08,1.51,1.21,2025-03-15,0637,A,84,6.1NRT,285.77,20.11,N
9.65644,-63.62217,303.9,1.54,1.22,2025-03-15,0637,A,38,6.1NRT,280.14,11.05,N
9.64892,-63.56802,348.13,1.53,1.22,2025-03-15,0637,A,100,6.1NRT,288.77,106.18,N
9.64706,-63.55458,355.47,1.52,1.22,2025-03-15,0637,A,100,6.1NRT,288.94,135.65,N
33.01395,-79.88881,301.58,1.05,1.02,2025-03-15,0809,A,42,6.1NRT,287.24,6.65,N
33.01245,-79.8779,306.48,1.05,1.02,2025-03-15,0809,A,68,6.1NRT,287.68,9.8,N
23.14639,-81.71209,307.18,1.02,1.01,2025-03-15,0811,A,71,6.1NRT,291.96,8.51,N
22.16131,-78.52698,308.23,1.17,1.08,2025-03-15,0811,A,74,6.1NRT,291,10.09,N
22.26048,-99.21055,308.42,2.12,1.41,2025-03-15,0949,A,74,6.1NRT,287.4,24.97,N
22.25747,-99.21593,313.37,2.12,1.41,2025-03-15,0949,A,87,6.1NRT,286.51,36.43,N
20.0834,-97.92731,340.54,2.96,1.64,2025-03-15,0949,A,100,6.1NRT,295.02,212.64,N
20.07735,-97.897,307.82,2.97,1.64,2025-03-15,0949,A,73,6.1NRT,290.75,36.43,N
20.08157,-97.93611,324.98,2.96,1.64,2025-03-15,0949,A,100,6.1NRT,294.23,107.62,N
20.07541,-97.90397,318.58,2.97,1.64,2025-03-15,0949,A,97,6.1NRT,291.91,77.07,N
20.60871,-102.05195,304.44,1.44,1.19,2025-03-15,0949,A,60,6.1NRT,279.61,16.91,N
20.6064,-102.03852,323.55,1.44,1.19,2025-03-15,0949,A,100,6.1NRT,282.02,43.32,N
20.27944,-105.13421,301.51,1.03,1.01,2025-03-15,0949,A,42,6.1NRT,290.4,5.28,N
20.26617,-105.10763,307.64,1.03,1.02,2025-03-15,0949,A,72,6.1NRT,291.58,8.72,N
18.44523,-102.47477,324.76,1.47,1.2,2025-03-15,0952,A,100,6.1NRT,290.02,42,N
18.4427,-102.45992,307.89,1.47,1.2,2025-03-15,0952,A,73,6.1NRT,289.08,16.14,N
28.12711,-107.68871,306.77,1.26,1.12,2025-03-15,0949,A,69,6.1NRT,271.33,18.52,N
25.93993,-100.16438,304.94,1.53,1.22,2025-03-15,0949,A,62,6.1NRT,293.01,10.99,N
25.92934,-100.16669,316.45,1.53,1.22,2025-03-15,0949,A,93,6.1NRT,293.57,26.12,N
26.53695,-106.32784,308.03,1.06,1.03,2025-03-15,0949,A,73,6.1NRT,275.68,13.66,N
22.46603,-99.11252,310.5,2.13,1.42,2025-03-15,0949,A,65,6.1NRT,295.24,25.55,N
22.47234,-99.21207,307.59,2.09,1.41,2025-03-15,0949,A,62,6.1NRT,295.92,16.74,N
22.45725,-99.13353,303.72,2.12,1.42,2025-03-15,0949,A,20,6.1NRT,291.15,12.17,N
22.45378,-99.11549,311.96,2.13,1.42,2025-03-15,0949,A,84,6.1NRT,294.8,29.59,N
22.46014,-99.21482,315.2,2.09,1.41,2025-03-15,0949,A,91,6.1NRT,295.87,31.85,N
22.45639,-99.19537,311.83,2.1,1.41,2025-03-15,0949,A,83,6.1NRT,295.94,24.51,N
22.44787,-99.2172,324.84,2.09,1.41,2025-03-15,0949,A,100,6.1NRT,295.63,60.1,N
22.44409,-99.19772,310.76,2.1,1.41,2025-03-15,0949,A,81,6.1NRT,295.06,22.11,N
23.55152,-105.79461,304.22,1,1,2025-03-15,0949,A,59,6.1NRT,284.14,8.51,N
23.55014,-105.78518,302.26,1,1,2025-03-15,0949,A,48,6.1NRT,284.49,7.23,N
22.45675,-99.2203,322.65,2.09,1.41,2025-03-15,0949,A,100,6.1NRT,295.93,51.64,N
22.45313,-99.20081,324.77,2.1,1.41,2025-03-15,0949,A,100,6.1NRT,296.78,58.24,N
22.44083,-99.20313,306.58,2.1,1.41,2025-03-15,0949,A,58,6.1NRT,294.79,14.29,N
26.74209,-80.66884,321.74,2.93,1.63,2025-03-15,1433,T,55,6.1NRT,296.76,64.17,D
26.72767,-80.6702,313.42,2.93,1.63,2025-03-15,1433,T,22,6.1NRT,296.16,26.22,D
26.73969,-80.67627,325.27,2.93,1.63,2025-03-15,1433,T,68,6.1NRT,296.55,78.75,D
24.85075,-77.92068,311.62,1.74,1.29,2025-03-15,1433,T,38,6.1NRT,296.66,13.48,D
21.82874,-79.79222,319.5,2.17,1.43,2025-03-15,1433,T,73,6.1NRT,296.09,33.76,D
21.21938,-78.44068,313.91,1.69,1.28,2025-03-15,1433,T,23,6.1NRT,297.36,10.2,D
21.0001,-77.46012,324.62,1.43,1.18,2025-03-15,1433,T,73,6.1NRT,300.16,21.87,D
19.15275,-71.46988,315.05,1.14,1.06,2025-03-15,1435,T,68,6.1NRT,299.84,9.52,D
19.02438,-71.30197,311.87,1.17,1.08,2025-03-15,1435,T,56,6.1NRT,299.16,7.92,D
18.53476,-68.86472,317.47,1.69,1.28,2025-03-15,1435,T,73,6.1NRT,300.11,20.67,D
18.59376,-70.03102,312.1,1.4,1.17,2025-03-15,1435,T,61,6.1NRT,296.35,9.7,D
18.69828,-70.86861,322.61,1.24,1.11,2025-03-15,1435,T,77,6.1NRT,294.14,23.87,D
18.45056,-71.24497,341.8,1.19,1.09,2025-03-15,1435,T,91,6.1NRT,302.7,49.9,D
10.59771,-66.97861,307.18,3.39,1.74,2025-03-15,1437,T,33,6.1NRT,287.09,23.57,D
11.09289,-73.16801,313.14,1.16,1.07,2025-03-15,1437,T,68,6.1NRT,271.64,15.06,D
10.28202,-69.31044,311.45,2.24,1.45,2025-03-15,1437,T,53,6.1NRT,282.38,24.95,D
10.81342,-72.8661,317.25,1.22,1.1,2025-03-15,1437,T,70,6.1NRT,301.99,7.43,D
10.62611,-72.52497,314.83,1.28,1.12,2025-03-15,1437,T,61,6.1NRT,297.73,11.38,D
10.63683,-72.66129,315.02,1.26,1.11,2025-03-15,1437,T,70,6.1NRT,295.09,14.68,D
10.59873,-72.41182,313.89,1.3,1.13,2025-03-15,1437,T,57,6.1NRT,296.03,7.55,D
10.34945,-72.52778,322.16,1.29,1.13,2025-03-15,1437,T,57,6.1NRT,296.86,19.92,D
10.51395,-73.87126,310.19,1.09,1.04,2025-03-15,1437,T,58,6.1NRT,289.88,8.61,D
10.42796,-75.28421,319.6,1,1,2025-03-15,1437,T,70,6.1NRT,298.32,8.29,D
10.28932,-74.72213,317.88,1.03,1.01,2025-03-15,1437,T,61,6.1NRT,298.53,6.94,D
9.9728,-73.34757,319.27,1.17,1.08,2025-03-15,1437,T,50,6.1NRT,296.5,10.58,D
9.97122,-73.33722,322.72,1.17,1.08,2025-03-15,1437,T,74,6.1NRT,296.44,15.71,D
9.47729,-72.39262,315.73,1.36,1.15,2025-03-15,1437,T,48,6.1NRT,297.92,9.09,D
9.49847,-73.93969,313.76,1.11,1.05,2025-03-15,1437,T,40,6.1NRT,296.33,4.88,D
9.00447,-72.18263,312.45,1.42,1.18,2025-03-15,1437,T,67,6.1NRT,287.39,9.85,D
9.00255,-72.17007,309.6,1.43,1.18,2025-03-15,1437,T,61,6.1NRT,287.78,6.26,D
8.90676,-73.30527,310.2,1.21,1.1,2025-03-15,1437,T,57,6.1NRT,289.01,10.05,D
8.93774,-73.57831,318.63,1.17,1.08,2025-03-15,1437,T,72,6.1NRT,294.06,13.96,D
9.10732,-75.09637,316.76,1.02,1.01,2025-03-15,1437,T,62,6.1NRT,298,5.7,D
9.07588,-75.07921,315.8,1.02,1.01,2025-03-15,1437,T,57,6.1NRT,297.86,5.02,D
8.48837,-73.79056,311.97,1.16,1.07,2025-03-15,1437,T,0,6.1NRT,290.18,6.45,D
8.66402,-75.54535,313.47,1.01,1,2025-03-15,1437,T,56,6.1NRT,292.83,5.83,D
8.40547,-75.34872,327.04,1.02,1.01,2025-03-15,1440,T,82,6.1NRT,298.08,16.75,D
8.39793,-75.35897,324.36,1.02,1.01,2025-03-15,1440,T,79,6.1NRT,297.25,13.95,D
8.39661,-75.35,351.09,1.02,1.01,2025-03-15,1440,T,96,6.1NRT,297.37,57.79,D
8.17562,-76.45218,325.93,1,1,2025-03-15,1440,T,80,6.1NRT,293.24,19.63,D
7.31744,-71.69661,317.71,1.65,1.26,2025-03-15,1440,T,73,6.1NRT,292.46,22.4,D
7.0205,-74.34883,309.43,1.12,1.06,2025-03-15,1440,T,60,6.1NRT,292.46,6.39,D
30.43622,-85.75274,305.53,3.37,1.73,2025-03-15,1609,T,13,6.1NRT,288.76,15.54,D
31.41666,-96.12965,304.89,1.01,1,2025-03-15,1609,T,54,6.1NRT,292.5,4.37,D
29.9171,-96.23855,312.08,1,1,2025-03-15,1609,T,63,6.1NRT,297.11,7.11,D
28.05406,-97.43711,314.16,1.03,1.01,2025-03-15,1611,T,54,6.1NRT,301.64,5.25,D
26.50787,-99.11697,324.71,1.13,1.06,2025-03-15,1611,T,56,6.1NRT,304.69,15.32,D
26.49854,-99.11838,326.35,1.13,1.06,2025-03-15,1611,T,43,6.1NRT,304.29,16.65,D
26.49199,-99.14188,322.63,1.13,1.06,2025-03-15,1611,T,29,6.1NRT,304.56,11.94,D
26.29962,-99.49903,320.88,1.17,1.08,2025-03-15,1611,T,69,6.1NRT,304.44,13.66,D
26.11354,-98.35107,327.64,1.05,1.03,2025-03-15,1611,T,79,6.1NRT,304.86,19.29,D
26.11218,-98.34083,315.26,1.05,1.02,2025-03-15,1611,T,57,6.1NRT,303.29,6.15,D
26.06893,-98.22268,314.9,1.04,1.02,2025-03-15,1611,T,55,6.1NRT,304.44,5.97,D
26.17535,-99.17001,319.56,1.13,1.06,2025-03-15,1611,T,67,6.1NRT,304.51,10.86,D
26.003,-98.28117,318.93,1.05,1.02,2025-03-15,1611,T,67,6.1NRT,305.44,8.77,D
26.00165,-98.27099,319.99,1.05,1.02,2025-03-15,1611,T,69,6.1NRT,304.09,9.87,D
25.93046,-98.02054,330.69,1.03,1.01,2025-03-15,1611,T,82,6.1NRT,305.67,22.24,D
25.92909,-98.01053,328.53,1.03,1.01,2025-03-15,1611,T,80,6.1NRT,305.56,19.47,D
25.97982,-98.73429,339.65,1.08,1.04,2025-03-15,1611,T,89,6.1NRT,306.13,38.88,D
25.97845,-98.72377,329.1,1.08,1.04,2025-03-15,1611,T,81,6.1NRT,305.25,21.61,D
25.96581,-99.69009,327.34,1.19,1.08,2025-03-15,1611,T,78,6.1NRT,303.54,23.89,D
26.52614,-106.33365,341.07,3.47,1.75,2025-03-15,1611,T,91,6.1NRT,290.45,259.86,D
25.92287,-100.16241,330.46,1.26,1.11,2025-03-15,1611,T,81,6.1NRT,304.86,28.69,D
25.92138,-100.15022,318.62,1.25,1.11,2025-03-15,1611,T,65,6.1NRT,304.26,10.37,D
26.52983,-106.34018,336.84,3.47,1.75,2025-03-15,1611,T,88,6.1NRT,291.07,225.86,D
25.93009,-100.38795,320.66,1.29,1.13,2025-03-15,1611,T,69,6.1NRT,307.63,12.77,D
25.92859,-100.37543,322.72,1.29,1.13,2025-03-15,1611,T,72,6.1NRT,306.87,15.2,D
25.31208,-99.41211,316.36,1.14,1.06,2025-03-15,1611,T,62,6.1NRT,303.74,9.13,D
25.35588,-99.95359,314.88,1.21,1.09,2025-03-15,1611,T,58,6.1NRT,303.65,7.6,D
25.0031,-98.31367,317.55,1.04,1.02,2025-03-15,1611,T,60,6.1NRT,306.19,5.63,D
24.32949,-99.12888,323.68,1.08,1.04,2025-03-15,1611,T,75,6.1NRT,307.22,14.26,D
24.32811,-99.11848,321.75,1.08,1.04,2025-03-15,1611,T,72,6.1NRT,305.94,11.7,D
23.64887,-101.07954,318.38,1.33,1.14,2025-03-15,1611,T,65,6.1NRT,303.58,10.94,D
23.64734,-101.06691,317.47,1.33,1.14,2025-03-15,1611,T,63,6.1NRT,303.96,9.15,D
22.91505,-98.07872,329.34,1.01,1,2025-03-15,1611,T,78,6.1NRT,311.62,14.87,D
22.98589,-98.86507,321.89,1.04,1.02,2025-03-15,1611,T,58,6.1NRT,311.64,7.72,D
22.75427,-98.45604,337.8,1.02,1.01,2025-03-15,1611,T,86,6.1NRT,314.49,26.32,D
22.75293,-98.4464,326.39,1.02,1.01,2025-03-15,1611,T,72,6.1NRT,313.72,10.53,D
22.67065,-98.58366,327.27,1.02,1.01,2025-03-15,1611,T,74,6.1NRT,312.7,13.37,D
22.75192,-99.3168,334.89,1.07,1.03,2025-03-15,1611,T,84,6.1NRT,310.68,24.31,D
22.74284,-99.31816,341.56,1.07,1.03,2025-03-15,1611,T,89,6.1NRT,310.14,36.26,D
22.68262,-99.48835,320.5,1.08,1.04,2025-03-15,1611,T,58,6.1NRT,309.53,11.79,D
22.56731,-99.04101,325.18,1.05,1.02,2025-03-15,1611,T,68,6.1NRT,314,10.18,D
22.46175,-99.14447,335.34,1.05,1.02,2025-03-15,1611,T,78,6.1NRT,312.48,23.77,D
22.4604,-99.13444,336.41,1.05,1.02,2025-03-15,1611,T,81,6.1NRT,313.06,26.34,D
22.45902,-99.12429,347.05,1.05,1.02,2025-03-15,1611,T,93,6.1NRT,312,47.27,D
22.45765,-99.11414,339.03,1.05,1.02,2025-03-15,1611,T,87,6.1NRT,308.1,32.14,D
22.4888,-99.41518,334.1,1.07,1.03,2025-03-15,1611,T,83,6.1NRT,300.82,30.93,D
22.46212,-99.21545,392.69,1.06,1.03,2025-03-15,1611,T,100,6.1NRT,323.52,212.24,D
22.46077,-99.20543,432.07,1.06,1.03,2025-03-15,1611,T,100,6.1NRT,333.29,530.47,D
22.45943,-99.19547,329.53,1.06,1.03,2025-03-15,1611,T,51,6.1NRT,311.45,12.98,D
22.45275,-99.14587,335.01,1.05,1.02,2025-03-15,1611,T,84,6.1NRT,310.95,22.68,D
22.4531,-99.21687,343.01,1.06,1.03,2025-03-15,1611,T,90,6.1NRT,315.57,34.94,D
22.45176,-99.20689,343.18,1.06,1.03,2025-03-15,1611,T,90,6.1NRT,311.44,34.81,D
22.34299,-99.3568,321.84,1.07,1.03,2025-03-15,1611,T,63,6.1NRT,304.84,12.72,D
22.32616,-99.36906,321.31,1.07,1.03,2025-03-15,1611,T,65,6.1NRT,303.12,13.34,D
22.05967,-98.55958,321.6,1.01,1.01,2025-03-15,1613,T,66,6.1NRT,310.02,7.38,D
21.98125,-98.33521,319.76,1.01,1,2025-03-15,1613,T,63,6.1NRT,307.91,7.09,D
22.05432,-99.06053,346.75,1.04,1.02,2025-03-15,1613,T,93,6.1NRT,318.36,44.32,D
22.05299,-99.05072,367.22,1.04,1.02,2025-03-15,1613,T,100,6.1NRT,314.95,99.25,D
21.9596,-100.78684,317.93,1.22,1.1,2025-03-15,1613,T,63,6.1NRT,304.39,9.25,D
21.75695,-99.45211,328.68,1.06,1.03,2025-03-15,1613,T,79,6.1NRT,307.17,19.6,D
21.7556,-99.44204,358.2,1.06,1.03,2025-03-15,1613,T,99,6.1NRT,309.41,78.91,D
21.15654,-98.37662,317.89,1,1,2025-03-15,1613,T,64,6.1NRT,307.1,6.45,D
20.98603,-98.01768,325.69,1,1,2025-03-15,1613,T,77,6.1NRT,309.66,13.23,D
20.7843,-97.89999,347.26,1,1,2025-03-15,1613,T,94,6.1NRT,303.38,50.8,D
19.51273,-90.63181,324.53,2.68,1.57,2025-03-15,1613,T,78,6.1NRT,302.63,61.25,D
20.71819,-98.47607,369.79,1,1,2025-03-15,1613,T,100,6.1NRT,304.79,110.43,D
20.71691,-98.46693,320.13,1,1,2025-03-15,1613,T,73,6.1NRT,300.19,12.26,D
19.45012,-92.08831,313.15,2.08,1.4,2025-03-15,1613,T,57,6.1NRT,297.61,17.89,D
19.44707,-92.09442,311.17,2.08,1.4,2025-03-15,1613,T,47,6.1NRT,297.47,13.85,D
19.44373,-92.07537,311.3,2.09,1.41,2025-03-15,1613,T,48,6.1NRT,297.47,14.03,D
20.64152,-101.00138,314.99,1.22,1.1,2025-03-15,1613,T,40,6.1NRT,301.82,5.04,D
20.97505,-104.01,324.25,1.96,1.37,2025-03-15,1613,T,75,6.1NRT,303.84,34.33,D
20.96964,-104.01648,321,1.96,1.37,2025-03-15,1613,T,70,6.1NRT,305.53,26.47,D
20.58016,-101.16749,316.13,1.24,1.11,2025-03-15,1613,T,48,6.1NRT,303.18,8.85,D
20.14854,-98.03601,316.28,1,1,2025-03-15,1613,T,65,6.1NRT,303.63,7.75,D
20.60548,-102.04157,327.44,1.4,1.17,2025-03-15,1613,T,64,6.1NRT,298.69,29.55,D
20.01694,-97.90811,326.37,1,1,2025-03-15,1613,T,79,6.1NRT,306.06,18.37,D
19.77771,-97.03806,313.98,1.04,1.02,2025-03-15,1613,T,58,6.1NRT,297.64,8.85,D
20.04916,-99.29152,317.17,1.03,1.01,2025-03-15,1613,T,61,6.1NRT,302.45,8.78,D
18.64225,-92.16331,315.11,2.13,1.42,2025-03-15,1613,T,49,6.1NRT,300.37,24.76,D
18.64042,-92.17013,316.82,2.13,1.42,2025-03-15,1613,T,68,6.1NRT,300.61,26.35,D
18.99556,-96.09396,316.35,1.15,1.07,2025-03-15,1613,T,53,6.1NRT,305,5.69,D
18.88748,-96.71568,319.55,1.09,1.04,2025-03-15,1613,T,66,6.1NRT,304.79,9.88,D
18.79692,-96.12948,325.74,1.15,1.07,2025-03-15,1613,T,76,6.1NRT,305.9,18.22,D
19.26771,-100.05167,319.32,1.07,1.03,2025-03-15,1613,T,74,6.1NRT,300.63,14.19,D
19.07931,-98.82277,317.51,1,1,2025-03-15,1613,T,68,6.1NRT,305.48,6,D
18.76943,-96.73155,318.41,1.09,1.04,2025-03-15,1613,T,63,6.1NRT,306.98,6.81,D
19.36266,-100.98581,322.24,1.17,1.08,2025-03-15,1613,T,64,6.1NRT,294.58,19.37,D
19.05842,-99.01102,312.26,1.01,1,2025-03-15,1613,T,33,6.1NRT,294.27,8.59,D
18.65961,-96.5591,360.65,1.11,1.05,2025-03-15,1613,T,100,6.1NRT,311.57,87.36,D
18.44621,-95.21259,314.54,1.31,1.13,2025-03-15,1613,T,38,6.1NRT,303.44,8.59,D
18.05822,-93.3041,314.54,1.8,1.31,2025-03-15,1613,T,62,6.1NRT,303.92,12.8,D
18.51177,-96.14242,320.23,1.16,1.07,2025-03-15,1613,T,54,6.1NRT,309.52,8.52,D
18.50238,-96.14401,323.87,1.16,1.07,2025-03-15,1613,T,75,6.1NRT,308.9,12.72,D
18.00276,-93.4537,315.12,1.76,1.3,2025-03-15,1613,T,62,6.1NRT,304.98,11.83,D
18.09083,-94.04732,323.14,1.58,1.24,2025-03-15,1613,T,75,6.1NRT,301.87,30.46,D
17.89771,-93.18642,338.22,1.85,1.33,2025-03-15,1613,T,89,6.1NRT,306.18,80.17,D
17.89478,-93.16962,319.94,1.85,1.33,2025-03-15,1613,T,72,6.1NRT,304.48,23.83,D
17.97746,-93.77874,321.43,1.66,1.27,2025-03-15,1613,T,73,6.1NRT,305.67,24.61,D
17.89034,-93.19438,319.33,1.85,1.33,2025-03-15,1613,T,61,6.1NRT,305.68,20.91,D
17.88751,-93.17754,317.22,1.85,1.33,2025-03-15,1613,T,40,6.1NRT,304.75,15.47,D
17.9773,-93.78515,318.74,1.66,1.27,2025-03-15,1613,T,69,6.1NRT,304.85,20.46,D
17.84114,-93.11659,349.48,1.87,1.34,2025-03-15,1613,T,95,6.1NRT,305.1,135.12,D
18.75749,-99.02991,323.04,1.01,1,2025-03-15,1613,T,72,6.1NRT,307.24,11.12,D
17.87155,-93.50106,317.42,1.75,1.3,2025-03-15,1613,T,67,6.1NRT,304.32,17.95,D
18.73242,-99.04321,321.93,1.01,1,2025-03-15,1613,T,70,6.1NRT,305.59,10.18,D
18.83558,-99.92061,355.36,1.05,1.02,2025-03-15,1613,T,97,6.1NRT,298.98,76.96,D
16.93771,-89.57387,325.93,3.66,1.79,2025-03-15,1613,T,80,6.1NRT,300.01,120.39,D
18.08517,-96.12484,316.2,1.18,1.08,2025-03-15,1613,T,40,6.1NRT,305.52,5.29,D
16.94274,-89.57738,323.37,3.66,1.79,2025-03-15,1613,T,74,6.1NRT,300,102.97,D
16.93673,-89.54541,310.35,3.68,1.8,2025-03-15,1613,T,53,6.1NRT,299.34,27.98,D
17.96477,-95.7961,322.56,1.23,1.1,2025-03-15,1613,T,73,6.1NRT,307.54,13.01,D
17.96297,-95.7849,333.56,1.23,1.1,2025-03-15,1613,T,85,6.1NRT,308.71,31.45,D
17.66264,-96.22362,317.52,1.18,1.08,2025-03-15,1613,T,67,6.1NRT,304.17,11.89,D
18.44693,-102.47836,316.18,1.4,1.17,2025-03-15,1613,T,53,6.1NRT,296.85,14.64,D
18.42098,-102.50306,314.71,1.4,1.17,2025-03-15,1613,T,33,6.1NRT,300.94,12.32,D
17.97486,-100.7112,318.61,1.1,1.05,2025-03-15,1613,T,61,6.1NRT,307.56,9.4,D
16.15209,-90.79529,309.86,3.06,1.66,2025-03-15,1613,T,37,6.1NRT,299.25,23.18,D
16.52815,-93.29758,309.43,1.93,1.36,2025-03-15,1613,T,46,6.1NRT,298.4,10.38,D
16.06632,-90.89632,309.52,3.02,1.65,2025-03-15,1613,T,16,6.1NRT,299.19,17.38,D
16.0612,-90.86915,322.64,3.03,1.66,2025-03-15,1613,T,76,6.1NRT,300.39,73.69,D
16.07368,-90.87202,313.34,3.03,1.66,2025-03-15,1613,T,59,6.1NRT,300.04,32.41,D
16.05933,-90.87501,317.71,3.03,1.66,2025-03-15,1613,T,69,6.1NRT,299.92,51.39,D
16.88695,-96.2131,315.33,1.21,1.09,2025-03-15,1613,T,64,6.1NRT,305.2,6.24,D
16.61015,-94.80458,318.14,1.49,1.2,2025-03-15,1613,T,58,6.1NRT,302.46,14.6,D
16.77898,-95.96707,318.46,1.25,1.11,2025-03-15,1613,T,70,6.1NRT,303.08,12.53,D
16.15186,-92.51297,326,2.25,1.45,2025-03-15,1613,T,80,6.1NRT,304.32,48.46,D
16.14836,-92.49294,320.37,2.26,1.46,2025-03-15,1613,T,68,6.1NRT,303.09,28.53,D
16.89924,-97.93224,314.92,1.03,1.01,2025-03-15,1613,T,52,6.1NRT,299.44,8.2,D
15.296,-91.1459,315.31,3,1.65,2025-03-15,1613,T,60,6.1NRT,302.5,32.91,D
15.30833,-91.15213,316.4,3,1.65,2025-03-15,1613,T,63,6.1NRT,300.47,39.75,D
14.34878,-90.76613,312.38,3.35,1.73,2025-03-15,1613,T,28,6.1NRT,295.55,34.42,D
14.46058,-91.90256,320.21,2.71,1.58,2025-03-15,1613,T,64,6.1NRT,303.51,25.34,D
14.02686,-91.02414,318.53,3.25,1.7,2025-03-15,1616,T,70,6.1NRT,299.34,48.84,D
20.87779,-77.97204,324.67,2.32,1.47,2025-03-15,1904,A,66,6.1NRT,300.47,37.88,D
20.87368,-77.99342,338.29,2.33,1.48,2025-03-15,1904,A,89,6.1NRT,301.15,101.3,D
20.89056,-77.97482,320.65,2.32,1.47,2025-03-15,1904,A,50,6.1NRT,300.04,26.44,D
20.88647,-77.9962,323.79,2.33,1.48,2025-03-15,1904,A,68,6.1NRT,299.7,37.76,D
20.87446,-78.12923,318.63,2.39,1.49,2025-03-15,1904,A,69,6.1NRT,300.09,25.14,D
20.91673,-78.0477,349.43,2.35,1.48,2025-03-15,1904,A,95,6.1NRT,300.52,180.21,D
20.91265,-78.06939,327.29,2.36,1.48,2025-03-15,1904,A,80,6.1NRT,300.43,55.9,D
20.89656,-78.22636,333.65,2.43,1.5,2025-03-15,1904,A,74,6.1NRT,299.99,85.13,D
20.93429,-78.09684,317.77,2.37,1.49,2025-03-15,1904,A,64,6.1NRT,298.85,20.68,D
20.91528,-78.05436,343.82,2.35,1.48,2025-03-15,1904,A,92,6.1NRT,300.9,141.53,D
20.89381,-78.23271,342.02,2.43,1.5,2025-03-15,1904,A,69,6.1NRT,300.02,132.36,D
20.93253,-78.10339,317.61,2.37,1.49,2025-03-15,1904,A,68,6.1NRT,298.79,21.21,D
21.21392,-78.43823,315.81,2.48,1.52,2025-03-15,1904,A,56,6.1NRT,298.06,22.1,D
21.21029,-78.44451,316.05,2.48,1.52,2025-03-15,1904,A,27,6.1NRT,297.91,19.64,D
7.42956,-62.31895,320.56,1.95,1.36,2025-03-15,1900,A,66,6.1NRT,286.48,22.46,D
21.28901,-78.46221,314.98,2.48,1.52,2025-03-15,1904,A,25,6.1NRT,296.9,23.25,D
7.00208,-65.71531,339.31,1.13,1.06,2025-03-15,1900,A,86,6.1NRT,300.5,34.37,D
21.78973,-79.01038,346.69,2.65,1.56,2025-03-15,1904,A,93,6.1NRT,298.96,188.18,D
7.00069,-65.72526,338.99,1.13,1.06,2025-03-15,1900,A,87,6.1NRT,299.92,33.66,D
7.59218,-62.07957,321.7,2.05,1.39,2025-03-15,1900,A,66,6.1NRT,285.96,31.16,D
21.80325,-79.01343,368.38,2.65,1.56,2025-03-15,1904,A,100,6.1NRT,298.58,419.02,D
21.81676,-79.01648,351.62,2.65,1.56,2025-03-15,1904,A,96,6.1NRT,298.08,233.62,D
7.49683,-63.52226,323.88,1.58,1.24,2025-03-15,1900,A,65,6.1NRT,291.39,12.73,D
21.84295,-79.09978,326.99,2.69,1.57,2025-03-15,1904,A,70,6.1NRT,299.88,66.33,D
21.83812,-79.12465,336.78,2.7,1.57,2025-03-15,1904,A,88,6.1NRT,302.41,118.83,D
7.59102,-63.49881,329.42,1.59,1.24,2025-03-15,1900,A,78,6.1NRT,299.29,23.07,D
21.85654,-79.10286,340.73,2.69,1.57,2025-03-15,1904,A,90,6.1NRT,296.6,149.68,D
7.60383,-63.48619,328.07,1.6,1.24,2025-03-15,1900,A,75,6.1NRT,299.74,18.33,D
7.60192,-63.50034,336.44,1.59,1.24,2025-03-15,1900,A,85,6.1NRT,299.65,39.92,D
21.85173,-79.12778,346.42,2.7,1.57,2025-03-15,1904,A,93,6.1NRT,299.21,190.98,D
21.83598,-79.10491,323.38,2.69,1.57,2025-03-15,1904,A,59,6.1NRT,301,50.46,D
7.60004,-63.51432,336.78,1.59,1.24,2025-03-15,1900,A,86,6.1NRT,299.34,40.47,D
21.83095,-79.12978,320.14,2.7,1.57,2025-03-15,1904,A,38,6.1NRT,300.54,32.12,D
7.27335,-65.88347,333.65,1.12,1.05,2025-03-15,1900,A,84,6.1NRT,299.8,24.49,D
21.84957,-79.108,359.78,2.69,1.57,2025-03-15,1904,A,99,6.1NRT,298.85,321.83,D
7.76938,-63.28224,333.93,1.66,1.27,2025-03-15,1900,A,83,6.1NRT,297.53,36.44,D
21.84457,-79.13287,338.21,2.7,1.57,2025-03-15,1904,A,89,6.1NRT,301.95,128.57,D
7.76736,-63.29684,327.18,1.66,1.27,2025-03-15,1900,A,71,6.1NRT,298.48,18.36,D
21.96285,-79.21765,320.28,2.73,1.58,2025-03-15,1904,A,72,6.1NRT,297.36,41.18,D
22.14884,-78.54485,325.87,2.41,1.5,2025-03-15,1904,A,48,6.1NRT,294.83,64.58,D
22.14648,-78.55093,321.14,2.41,1.5,2025-03-15,1904,A,66,6.1NRT,294.76,51.36,D
22.15944,-78.5539,331.65,2.41,1.5,2025-03-15,1904,A,84,6.1NRT,294.31,91.63,D
22.31993,-80.43723,321.79,3.3,1.72,2025-03-15,1904,A,40,6.1NRT,297.92,55.66,D
22.31876,-80.44443,321.6,3.3,1.72,2025-03-15,1904,A,39,6.1NRT,298.87,56.41,D
7.9963,-64.44814,325.54,1.38,1.16,2025-03-15,1900,A,0,6.1NRT,299.78,17.77,D
22.65693,-80.23249,317.67,3.13,1.68,2025-03-15,1904,A,59,6.1NRT,293.29,58.44,D
7.53223,-67.88148,333.7,1,1,2025-03-15,1900,A,31,6.1NRT,295.56,21.32,D
22.67139,-80.23599,346.55,3.13,1.68,2025-03-15,1904,A,83,6.1NRT,293.56,258.45,D
7.54978,-67.88409,339.39,1,1,2025-03-15,1900,A,69,6.1NRT,296.39,30.04,D
7.11464,-71.78013,325.81,1.45,1.19,2025-03-15,1900,A,74,6.1NRT,296.48,24.71,D
22.66542,-80.26485,327.92,3.14,1.68,2025-03-15,1904,A,75,6.1NRT,295.61,106,D
22.58784,-80.78828,330.5,3.45,1.75,2025-03-15,1904,A,78,6.1NRT,298.17,132.48,D
7.13245,-71.93995,313.61,1.49,1.2,2025-03-15,1902,A,65,6.1NRT,293.65,9.3,D
7.1304,-71.9531,317.31,1.49,1.21,2025-03-15,1902,A,71,6.1NRT,294.1,15.74,D
22.58505,-80.79465,328.56,3.45,1.75,2025-03-15,1904,A,77,6.1NRT,298.42,114.44,D
7.2208,-71.64293,319.29,1.41,1.18,2025-03-15,1902,A,74,6.1NRT,297.88,11.48,D
22.83699,-80.10477,315.38,3.03,1.66,2025-03-15,1904,A,64,6.1NRT,296.47,41.32,D
22.83846,-80.10986,314.1,3.03,1.66,2025-03-15,1904,A,60,6.1NRT,296.29,34.55,D
7.31035,-71.91479,314.52,1.47,1.2,2025-03-15,1902,A,66,6.1NRT,294.37,8.13,D
24.73677,-76.2084,319.4,1.45,1.19,2025-03-15,1904,A,0,6.1NRT,298.68,22,D
8.64064,-62.77504,329.58,1.88,1.34,2025-03-15,1902,A,75,6.1NRT,302.42,38.47,D
24.82781,-77.93219,312.82,1.9,1.35,2025-03-15,1904,A,35,6.1NRT,298.63,14.42,D
7.33398,-71.97048,337.16,1.48,1.2,2025-03-15,1902,A,89,6.1NRT,295.83,58.06,D
24.98201,-78.03642,314.62,1.91,1.35,2025-03-15,1906,A,62,6.1NRT,298.09,20.51,D
7.01036,-74.11786,313.92,2.2,1.44,2025-03-15,1902,A,68,6.1NRT,294.58,19.86,D
25.03526,-78.05587,310.03,1.91,1.35,2025-03-15,1906,A,18,6.1NRT,298.46,10.31,D
7.00732,-74.13705,313.88,2.21,1.44,2025-03-15,1902,A,68,6.1NRT,293.83,18.94,D
26.54803,-78.61273,318.4,1.95,1.36,2025-03-15,1906,A,66,6.1NRT,302.26,24.74,D
8.3235,-65.4894,347.35,1.2,1.09,2025-03-15,1902,A,92,6.1NRT,305.12,53.81,D
26.5598,-78.61563,373.37,1.95,1.36,2025-03-15,1906,A,100,6.1NRT,305.45,319.87,D
8.32205,-65.5,334.3,1.2,1.09,2025-03-15,1902,A,34,6.1NRT,304.18,24.09,D
8.30447,-65.83553,330.65,1.15,1.07,2025-03-15,1902,A,60,6.1NRT,304.77,13.71,D
26.55621,-78.63434,337.46,1.95,1.36,2025-03-15,1906,A,88,6.1NRT,302.82,85.8,D
7.04927,-74.13103,312.41,2.2,1.44,2025-03-15,1902,A,65,6.1NRT,294.19,17.42,D
26.66629,-78.117,318.82,1.79,1.31,2025-03-15,1906,A,66,6.1NRT,302.07,21.76,D
8.43759,-65.09476,333.98,1.27,1.12,2025-03-15,1902,A,72,6.1NRT,301.26,22.27,D
26.66307,-78.13422,331.3,1.79,1.31,2025-03-15,1906,A,73,6.1NRT,303.13,54.62,D
8.43602,-65.10593,335.07,1.27,1.12,2025-03-15,1902,A,76,6.1NRT,302.36,25.25,D
26.65008,-78.20352,320.08,1.81,1.32,2025-03-15,1906,A,60,6.1NRT,304.51,21.52,D
7.0434,-74.41033,342.14,2.32,1.47,2025-03-15,1902,A,92,6.1NRT,294.04,143.12,D
26.6468,-78.221,338.74,1.82,1.32,2025-03-15,1906,A,84,6.1NRT,305.85,76.54,D
7.04032,-74.4296,359.63,2.33,1.48,2025-03-15,1902,A,94,6.1NRT,292.22,274.46,D
26.64351,-78.23853,325.8,1.82,1.32,2025-03-15,1906,A,70,6.1NRT,305.5,34.7,D
7.04177,-74.41489,350.78,2.32,1.47,2025-03-15,1902,A,96,6.1NRT,294.3,201.89,D
26.64021,-78.2561,318.53,1.83,1.32,2025-03-15,1906,A,51,6.1NRT,303.62,19,D
7.03854,-74.43417,338.46,2.33,1.48,2025-03-15,1902,A,90,6.1NRT,290.32,123,D
26.65495,-78.24129,327.59,1.82,1.32,2025-03-15,1906,A,77,6.1NRT,303.83,40.12,D
7.48023,-71.94083,321.88,1.47,1.2,2025-03-15,1902,A,65,6.1NRT,296.17,18.55,D
26.65517,-78.22981,319.9,1.82,1.32,2025-03-15,1906,A,54,6.1NRT,303.12,21.21,D
7.5501,-72.15554,312.15,1.52,1.22,2025-03-15,1902,A,63,6.1NRT,293.13,12.19,D
26.65177,-78.24731,321.51,1.82,1.32,2025-03-15,1906,A,62,6.1NRT,304.3,25.69,D
7.24561,-74.05734,315.16,2.15,1.43,2025-03-15,1902,A,61,6.1NRT,294.03,25.46,D
7.24261,-74.07579,313.29,2.16,1.43,2025-03-15,1902,A,67,6.1NRT,293.45,21.68,D
32.89014,-81.25903,305.28,2.11,1.41,2025-03-15,1908,A,59,6.1NRT,286.66,13.6,D
8.62007,-65.17853,328.25,1.26,1.12,2025-03-15,1902,A,54,6.1NRT,297.23,18.91,D
32.88002,-81.26069,303.89,2.11,1.41,2025-03-15,1908,A,55,6.1NRT,286.67,11.23,D
8.6501,-65.18851,335.91,1.26,1.12,2025-03-15,1902,A,82,6.1NRT,300.54,31.97,D
7.2546,-74.56321,312.76,2.37,1.49,2025-03-15,1902,A,66,6.1NRT,294.16,20.75,D
7.25109,-74.58456,319.08,2.38,1.49,2025-03-15,1902,A,75,6.1NRT,293.9,40.15,D
7.32253,-74.55436,325.47,2.36,1.48,2025-03-15,1902,A,81,6.1NRT,294.02,64.16,D
7.31922,-74.57529,351.2,2.37,1.49,2025-03-15,1902,A,96,6.1NRT,295.21,210.87,D
8.78843,-64.85395,333,1.33,1.14,2025-03-15,1902,A,77,6.1NRT,300.41,29.19,D
7.32107,-74.56099,343.75,2.36,1.48,2025-03-15,1902,A,93,6.1NRT,294.61,157.42,D
7.31764,-74.58159,336.61,2.37,1.49,2025-03-15,1902,A,89,6.1NRT,294.91,116.6,D
7.29152,-74.8196,312.74,2.48,1.52,2025-03-15,1902,A,67,6.1NRT,293.99,25.6,D
7.37994,-74.44444,345.81,2.3,1.47,2025-03-15,1902,A,94,6.1NRT,292.28,163.62,D
7.36662,-74.52623,311.58,2.34,1.48,2025-03-15,1902,A,64,6.1NRT,292.12,21.31,D
7.36326,-74.54685,310.85,2.35,1.48,2025-03-15,1902,A,62,6.1NRT,291.5,19.07,D
7.39272,-74.44675,393.87,2.3,1.47,2025-03-15,1902,A,100,6.1NRT,294.96,723.44,D
7.38949,-74.46675,319.11,2.31,1.47,2025-03-15,1902,A,75,6.1NRT,286.28,39.57,D
7.35189,-74.69891,317.73,2.42,1.5,2025-03-15,1902,A,74,6.1NRT,293.84,40.04,D
7.46967,-74.04818,313.58,2.13,1.42,2025-03-15,1902,A,64,6.1NRT,294.19,16.68,D
7.42156,-74.43085,327.71,2.29,1.47,2025-03-15,1902,A,83,6.1NRT,293.16,69.75,D
7.41489,-74.55586,325.87,2.35,1.48,2025-03-15,1902,A,82,6.1NRT,293.98,64.01,D
7.42042,-74.43587,338.99,2.29,1.47,2025-03-15,1902,A,90,6.1NRT,293.01,125.25,D
7.4162,-74.54018,318.82,2.34,1.48,2025-03-15,1902,A,75,6.1NRT,293.31,41.64,D
7.41278,-74.56073,318.57,2.35,1.48,2025-03-15,1902,A,74,6.1NRT,293.73,41.67,D
7.36177,-74.94806,310.38,2.53,1.53,2025-03-15,1902,A,61,6.1NRT,289.69,23.46,D
7.56203,-73.80937,326.48,2.03,1.39,2025-03-15,1902,A,71,6.1NRT,295.58,44.53,D
9.02328,-64.26411,332.09,1.47,1.2,2025-03-15,1902,A,62,6.1NRT,302.88,22.21,D
7.68406,-73.78196,312.52,2.01,1.38,2025-03-15,1902,A,0,6.1NRT,294.52,10.48,D
9.06956,-64.52372,350.75,1.41,1.18,2025-03-15,1902,A,94,6.1NRT,302.43,79.44,D
7.5039,-74.98081,313.56,2.53,1.53,2025-03-15,1902,A,67,6.1NRT,288.96,26.86,D
7.50044,-75.00214,312.27,2.54,1.53,2025-03-15,1902,A,64,6.1NRT,285.94,23.26,D
9.0799,-64.52512,349.52,1.41,1.18,2025-03-15,1902,A,94,6.1NRT,301.07,76.34,D
8.5891,-68.03503,323.14,1,1,2025-03-15,1902,A,55,6.1NRT,300.02,10.88,D
7.49876,-74.98473,322.12,2.53,1.53,2025-03-15,1902,A,77,6.1NRT,287.91,54.23,D
7.47048,-75.3997,306.91,2.74,1.58,2025-03-15,1902,A,25,6.1NRT,288.58,17.07,D
7.5788,-74.99866,316.39,2.53,1.53,2025-03-15,1902,A,71,6.1NRT,285.53,37.58,D
7.54813,-75.2717,310.41,2.66,1.57,2025-03-15,1902,A,58,6.1NRT,292.79,18.71,D
9.60454,-61.42316,328.62,2.5,1.52,2025-03-15,1902,A,78,6.1NRT,295.92,71.16,D
9.60101,-61.4302,319.53,2.5,1.52,2025-03-15,1902,A,48,6.1NRT,294.69,34.42,D
9.61716,-61.40984,321.83,2.51,1.52,2025-03-15,1902,A,67,6.1NRT,296.36,46,D
8.836,-67.3567,346.22,1.02,1.01,2025-03-15,1902,A,92,6.1NRT,299.91,43,D
7.72531,-74.91847,309.76,2.48,1.52,2025-03-15,1902,A,44,6.1NRT,288.85,16.15,D
7.7079,-75.0273,324.34,2.53,1.53,2025-03-15,1902,A,69,6.1NRT,292.92,60.41,D
8.82811,-67.73597,327.66,1.01,1,2025-03-15,1902,A,51,6.1NRT,302.44,12.86,D
7.70649,-75.0089,323.76,2.52,1.53,2025-03-15,1902,A,79,6.1NRT,292.6,62.43,D
7.70277,-75.03097,320.16,2.53,1.53,2025-03-15,1902,A,75,6.1NRT,292.17,48.26,D
8.92176,-67.58599,340.07,1.01,1.01,2025-03-15,1902,A,83,6.1NRT,302.05,28.64,D
8.98616,-67.28029,331.79,1.03,1.01,2025-03-15,1902,A,39,6.1NRT,298.53,16.9,D
8.98487,-67.28937,347.68,1.03,1.01,2025-03-15,1902,A,93,6.1NRT,302.25,43.95,D
8.98358,-67.29845,339.59,1.03,1.01,2025-03-15,1902,A,87,6.1NRT,303.11,29.14,D
8.01261,-73.87841,343.82,2.02,1.38,2025-03-15,1902,A,0,6.1NRT,297.5,114.81,D
8.00974,-73.89605,327.66,2.02,1.39,2025-03-15,1902,A,0,6.1NRT,297.34,46.57,D
7.71772,-75.66052,318.15,2.84,1.61,2025-03-15,1902,A,73,6.1NRT,290.08,49.72,D
7.71323,-75.68728,315.08,2.86,1.61,2025-03-15,1902,A,68,6.1NRT,289.99,37.87,D
7.91059,-74.74377,320.22,2.38,1.49,2025-03-15,1902,A,75,6.1NRT,293.36,44.23,D
7.9117,-74.72635,311.53,2.37,1.49,2025-03-15,1902,A,36,6.1NRT,293.23,16.81,D
7.90796,-74.74831,316.45,2.38,1.49,2025-03-15,1902,A,63,6.1NRT,293.1,29.51,D
8.02256,-74.53681,313.07,2.28,1.46,2025-03-15,1902,A,63,6.1NRT,292.92,23.9,D
9.74324,-63.03164,335.43,1.87,1.34,2025-03-15,1902,A,84,6.1NRT,300.71,54.96,D
9.74102,-63.04809,326.33,1.86,1.33,2025-03-15,1902,A,36,6.1NRT,302.09,22.84,D
8.05112,-74.52206,328.31,2.27,1.46,2025-03-15,1902,A,83,6.1NRT,293.48,71.13,D
8.07353,-74.46337,310.33,2.24,1.45,2025-03-15,1902,A,42,6.1NRT,289.25,16.81,D
9.73948,-63.03808,328.73,1.87,1.34,2025-03-15,1902,A,52,6.1NRT,301.8,32.44,D
8.05449,-74.5092,313.42,2.26,1.46,2025-03-15,1902,A,63,6.1NRT,293.21,23.71,D
8.05117,-74.5289,323.07,2.27,1.46,2025-03-15,1902,A,78,6.1NRT,292.94,52.62,D
7.80922,-75.94764,307.9,2.99,1.64,2025-03-15,1902,A,18,6.1NRT,283.94,25.36,D
8.07715,-74.45179,310.32,2.23,1.45,2025-03-15,1902,A,54,6.1NRT,288.43,18.5,D
7.85601,-76.28994,311.81,3.18,1.69,2025-03-15,1902,A,59,6.1NRT,290.82,34.42,D
8.54915,-72.61025,314.86,1.58,1.24,2025-03-15,1902,A,65,6.1NRT,296.08,13.89,D
8.52535,-73.28297,313.99,1.78,1.31,2025-03-15,1902,A,50,6.1NRT,289.45,16.42,D
8.34801,-74.7206,316.51,2.32,1.47,2025-03-15,1902,A,65,6.1NRT,288.91,28.91,D
8.71219,-72.60648,321.02,1.57,1.23,2025-03-15,1902,A,75,6.1NRT,289.9,25.93,D
8.71004,-72.62018,311.36,1.57,1.23,2025-03-15,1902,A,45,6.1NRT,289.8,10.41,D
8.44251,-74.32134,313.76,2.15,1.42,2025-03-15,1902,A,61,6.1NRT,291.72,21.32,D
8.28703,-75.4767,326.87,2.68,1.57,2025-03-15,1902,A,81,6.1NRT,291.32,73.33,D
9.39955,-68.68758,328.99,1,1,2025-03-15,1902,A,74,6.1NRT,295.17,16.87,D
9.39499,-68.84109,338.13,1.01,1,2025-03-15,1902,A,82,6.1NRT,298.51,27.14,D
9.73571,-66.60203,326.02,1.1,1.04,2025-03-15,1902,A,64,6.1NRT,291.8,16.56,D
9.73436,-66.61174,322.45,1.1,1.04,2025-03-15,1902,A,50,6.1NRT,292.71,10.6,D
8.8564,-72.44758,313.44,1.51,1.21,2025-03-15,1902,A,32,6.1NRT,293.1,8.78,D
9.42242,-68.85098,325.94,1.01,1,2025-03-15,1902,A,56,6.1NRT,300.95,10.44,D
10.00258,-65.01961,317.51,1.35,1.15,2025-03-15,1902,A,62,6.1NRT,296.26,10.37,D
8.59915,-74.39262,316.66,2.16,1.43,2025-03-15,1902,A,69,6.1NRT,293.14,26.97,D
9.62222,-67.91245,343.06,1.01,1,2025-03-15,1902,A,90,6.1NRT,304.69,31.86,D
9.62093,-67.92135,335.43,1.01,1,2025-03-15,1902,A,65,6.1NRT,304.4,20.72,D
9.6318,-67.92965,334.3,1.01,1,2025-03-15,1902,A,54,6.1NRT,301.84,23.76,D
9.63052,-67.93855,333.19,1.01,1,2025-03-15,1902,A,64,6.1NRT,299.11,23.58,D
9.51187,-68.75306,325.17,1,1,2025-03-15,1902,A,36,6.1NRT,295.49,9.71,D
9.51056,-68.76193,339.83,1,1,2025-03-15,1902,A,83,6.1NRT,296.65,30.21,D
9.64187,-67.92207,343.28,1.01,1,2025-03-15,1902,A,90,6.1NRT,301.63,37.53,D
9.64059,-67.93099,332.81,1.01,1,2025-03-15,1902,A,77,6.1NRT,296.34,22.25,D
9.52065,-68.75439,327.17,1,1,2025-03-15,1902,A,60,6.1NRT,297.01,11.77,D
9.51935,-68.76327,350.84,1,1,2025-03-15,1902,A,95,6.1NRT,297.79,51.48,D
9.84003,-66.91701,331.25,1.07,1.03,2025-03-15,1902,A,67,6.1NRT,296.96,18.22,D
9.83869,-66.92644,335.69,1.07,1.03,2025-03-15,1902,A,0,6.1NRT,298.65,25.03,D
9.68437,-68.00108,337.04,1.01,1,2025-03-15,1902,A,85,6.1NRT,305.31,24.11,D
9.96745,-66.32838,331.5,1.13,1.06,2025-03-15,1902,A,84,6.1NRT,283.98,32.62,D
9.97672,-66.32993,313.3,1.13,1.06,2025-03-15,1902,A,59,6.1NRT,283.12,11.5,D
9.97534,-66.33984,318.33,1.13,1.06,2025-03-15,1902,A,70,6.1NRT,284.49,16.65,D
9.7613,-67.85466,324.58,1.01,1,2025-03-15,1902,A,62,6.1NRT,297.66,11.19,D
9.64902,-68.68902,338.46,1,1,2025-03-15,1902,A,87,6.1NRT,304.88,27.7,D
9.64772,-68.69788,327.88,1,1,2025-03-15,1902,A,54,6.1NRT,301.63,14.32,D
9.6578,-68.69034,352.09,1,1,2025-03-15,1902,A,96,6.1NRT,301.21,54.38,D
9.6565,-68.6992,340.69,1,1,2025-03-15,1902,A,89,6.1NRT,299.58,33.74,D
9.56686,-69.30648,334.16,1.02,1.01,2025-03-15,1902,A,77,6.1NRT,304.08,21.02,D
9.57572,-69.30785,350.08,1.02,1.01,2025-03-15,1902,A,95,6.1NRT,304.84,49.75,D
9.57438,-69.31684,328.02,1.02,1.01,2025-03-15,1902,A,51,6.1NRT,304.96,13.88,D
8.80139,-74.3616,320.86,2.13,1.42,2025-03-15,1902,A,58,6.1NRT,296.37,36.25,D
9.88222,-67.65949,320.43,1.02,1.01,2025-03-15,1902,A,71,6.1NRT,283.05,15.67,D
9.71122,-68.95909,334.48,1.01,1,2025-03-15,1902,A,85,6.1NRT,304.75,23.13,D
9.72002,-68.96041,329.26,1.01,1,2025-03-15,1902,A,80,6.1NRT,300.51,16.69,D
9.67637,-69.25582,332.47,1.02,1.01,2025-03-15,1902,A,73,6.1NRT,306.05,14.67,D
9.67504,-69.26482,332.86,1.02,1.01,2025-03-15,1902,A,83,6.1NRT,308.73,17.14,D
9.78736,-68.56258,327.75,1,1,2025-03-15,1902,A,79,6.1NRT,298.69,14.84,D
9.78607,-68.57143,325.76,1,1,2025-03-15,1902,A,70,6.1NRT,303.25,12.37,D
9.81369,-68.58138,332.76,1,1,2025-03-15,1902,A,80,6.1NRT,298.69,24.72,D
9.75488,-68.98062,325.83,1.01,1,2025-03-15,1902,A,68,6.1NRT,299.9,14.23,D
9.85856,-68.33507,333.19,1,1,2025-03-15,1902,A,68,6.1NRT,295.63,21.13,D
9.85204,-68.6866,318.11,1,1,2025-03-15,1902,A,67,6.1NRT,298.42,8.47,D
9.7654,-69.2747,317.86,1.02,1.01,2025-03-15,1902,A,66,6.1NRT,297.68,9.81,D
9.01455,-74.1841,318.27,2.04,1.39,2025-03-15,1902,A,0,6.1NRT,296.7,24.59,D
10.10581,-67.19196,308.39,1.05,1.02,2025-03-15,1902,A,30,6.1NRT,277.77,5.56,D
10.06562,-67.47694,327.16,1.03,1.01,2025-03-15,1902,A,81,6.1NRT,287.2,20.7,D
9.83646,-69.11816,325.18,1.01,1.01,2025-03-15,1902,A,63,6.1NRT,303.32,11.48,D
9.83513,-69.1271,325.11,1.01,1.01,2025-03-15,1902,A,63,6.1NRT,302.78,11.23,D
9.34469,-73.42091,316.27,1.76,1.3,2025-03-15,1902,A,66,6.1NRT,288.8,20.07,D
10.34203,-67.01959,336.35,1.07,1.03,2025-03-15,1902,A,88,6.1NRT,293.9,33.4,D
9.78234,-70.8795,316.22,1.17,1.08,2025-03-15,1902,A,32,6.1NRT,296.35,5.83,D
9.78075,-70.88982,321.76,1.17,1.08,2025-03-15,1902,A,73,6.1NRT,299.05,11.95,D
9.28721,-74.21233,324.77,2.03,1.39,2025-03-15,1902,A,78,6.1NRT,298.82,27.86,D
9.63264,-72.10651,322.84,1.39,1.17,2025-03-15,1902,A,67,6.1NRT,295.01,21.09,D
9.62882,-72.13113,322.37,1.4,1.17,2025-03-15,1902,A,65,6.1NRT,296.45,18.82,D
9.6269,-72.14348,318.05,1.4,1.17,2025-03-15,1902,A,70,6.1NRT,296.48,13.46,D
9.63906,-72.1328,326.37,1.4,1.17,2025-03-15,1902,A,44,6.1NRT,297.25,24.6,D
10.11185,-69.18732,320.9,1.01,1.01,2025-03-15,1902,A,57,6.1NRT,299.51,5.38,D
9.37615,-73.92936,317.43,1.92,1.35,2025-03-15,1902,A,56,6.1NRT,294.19,18.16,D
9.91232,-70.69394,316.13,1.14,1.06,2025-03-15,1902,A,62,6.1NRT,294.93,8.76,D
9.92626,-70.72771,322.92,1.14,1.07,2025-03-15,1902,A,75,6.1NRT,298.21,17.72,D
10.02468,-70.50507,319.46,1.11,1.05,2025-03-15,1902,A,68,6.1NRT,297.71,14.12,D
9.99888,-70.73594,317.05,1.14,1.07,2025-03-15,1902,A,57,6.1NRT,296.55,9.25,D
9.99731,-70.74619,323.05,1.14,1.07,2025-03-15,1902,A,74,6.1NRT,297.89,15.87,D
10.30024,-68.96677,313.55,1,1,2025-03-15,1902,A,42,6.1NRT,290.96,8.31,D
10.29893,-68.97576,332.14,1,1,2025-03-15,1902,A,73,6.1NRT,293.42,27.98,D
9.52004,-74.06541,330.19,1.96,1.37,2025-03-15,1902,A,81,6.1NRT,298.55,40.2,D
9.51318,-74.0692,324.29,1.96,1.37,2025-03-15,1902,A,53,6.1NRT,296.38,21.94,D
9.64632,-73.55391,320.74,1.78,1.31,2025-03-15,1902,A,53,6.1NRT,293.58,20.98,D
9.64377,-73.56957,325.03,1.78,1.31,2025-03-15,1902,A,75,6.1NRT,291.46,31.56,D
10.47421,-68.4893,317.11,1,1,2025-03-15,1902,A,43,6.1NRT,292.33,8.76,D
10.47911,-68.51723,324.15,1,1,2025-03-15,1902,A,74,6.1NRT,290.45,16.86,D
9.61605,-74.45901,323.67,2.09,1.41,2025-03-15,1902,A,50,6.1NRT,296.16,30.53,D
10.54308,-68.50878,319.96,1,1,2025-03-15,1902,A,73,6.1NRT,289.83,11.15,D
10.51229,-68.91779,317.23,1,1,2025-03-15,1902,A,31,6.1NRT,293.14,7.5,D
9.58657,-75.03554,313.39,2.33,1.48,2025-03-15,1902,A,36,6.1NRT,290.86,23.2,D
9.5832,-75.05564,313.59,2.34,1.48,2025-03-15,1902,A,36,6.1NRT,291.75,26.43,D
10.36705,-70.99792,313.09,1.17,1.08,2025-03-15,1902,A,30,6.1NRT,291.82,9.93,D
9.93753,-74.51872,327.55,2.09,1.41,2025-03-15,1902,A,73,6.1NRT,295.33,45.73,D
10.28612,-72.5183,321.21,1.45,1.19,2025-03-15,1902,A,66,6.1NRT,296.58,18.01,D
10.28413,-72.53085,324.71,1.46,1.19,2025-03-15,1902,A,73,6.1NRT,295.95,24.73,D
10.49301,-72.44576,319.16,1.42,1.18,2025-03-15,1902,A,54,6.1NRT,294.99,14.21,D
10.21632,-74.24861,330.65,1.96,1.37,2025-03-15,1902,A,82,6.1NRT,298.75,57.02,D
10.21349,-74.26606,321.85,1.97,1.37,2025-03-15,1902,A,58,6.1NRT,298,31.46,D
10.22125,-74.25452,322.97,1.96,1.37,2025-03-15,1902,A,62,6.1NRT,295.18,31.63,D
10.56121,-72.46165,323.94,1.42,1.18,2025-03-15,1902,A,72,6.1NRT,297.05,23.85,D
10.55944,-72.4728,323.08,1.43,1.18,2025-03-15,1902,A,71,6.1NRT,295.95,23.39,D
10.58962,-72.41565,318.33,1.41,1.18,2025-03-15,1902,A,38,6.1NRT,296.84,11.06,D
10.58748,-72.42928,319.34,1.42,1.18,2025-03-15,1902,A,39,6.1NRT,298.09,13.42,D
10.59667,-72.50563,321.53,1.43,1.18,2025-03-15,1902,A,68,6.1NRT,296.05,21.36,D
10.59455,-72.51926,327.67,1.44,1.19,2025-03-15,1902,A,77,6.1NRT,296.49,32.95,D
10.91792,-70.64841,316.74,1.11,1.05,2025-03-15,1902,A,42,6.1NRT,292.27,6.16,D
10.34284,-74.2298,341.65,1.95,1.36,2025-03-15,1902,A,90,6.1NRT,297.48,93.26,D
10.64665,-72.44249,323.88,1.42,1.18,2025-03-15,1902,A,72,6.1NRT,294.22,25.7,D
10.68456,-72.3362,317.66,1.39,1.17,2025-03-15,1902,A,36,6.1NRT,296.8,11.65,D
10.7865,-72.27261,320.63,1.37,1.16,2025-03-15,1902,A,54,6.1NRT,300.04,12.71,D
10.45489,-74.51402,323.47,2.04,1.39,2025-03-15,1902,A,68,6.1NRT,296.9,25.19,D
10.45673,-75.26795,310.89,2.34,1.48,2025-03-15,1902,A,30,6.1NRT,279.06,30.98,D
10.91237,-73.08859,316.78,1.56,1.23,2025-03-15,1902,A,66,6.1NRT,292.89,18.69,D
10.91027,-73.10155,326.15,1.56,1.23,2025-03-15,1902,A,79,6.1NRT,292.63,37.87,D
11.09841,-72.31037,318.01,1.36,1.16,2025-03-15,1902,A,68,6.1NRT,298.33,13.09,D
11.09429,-73.17507,312.94,1.57,1.23,2025-03-15,1902,A,59,6.1NRT,293.07,16.37,D
18.33829,-71.29229,319.69,1.02,1.01,2025-03-15,1904,A,66,6.1NRT,304.5,7.08,D
18.57105,-70.79133,315.08,1,1,2025-03-15,1904,A,39,6.1NRT,299.02,8.11,D
18.69751,-70.17185,312.73,1,1,2025-03-15,1904,A,22,6.1NRT,295.31,5.41,D
18.79616,-70.19442,322.42,1,1,2025-03-15,1904,A,74,6.1NRT,300.68,13.22,D
18.79482,-70.20365,314.64,1,1,2025-03-15,1904,A,56,6.1NRT,301.04,6.46,D
18.9132,-69.63912,330.25,1.02,1.01,2025-03-15,1904,A,83,6.1NRT,299.79,23.55,D
18.94676,-69.72118,318.55,1.02,1.01,2025-03-15,1904,A,69,6.1NRT,302.05,8.39,D
18.97424,-69.59118,311.46,1.02,1.01,2025-03-15,1904,A,30,6.1NRT,298.16,5.61,D
18.81382,-70.90685,320.74,1,1,2025-03-15,1904,A,32,6.1NRT,300.53,8.74,D
18.75925,-71.45032,318.66,1.03,1.01,2025-03-15,1904,A,55,6.1NRT,301.77,8.63,D
19.15065,-71.36808,314.41,1.02,1.01,2025-03-15,1904,A,48,6.1NRT,298.66,8.48,D
18.98582,-72.44147,325.86,1.1,1.04,2025-03-15,1904,A,75,6.1NRT,306.07,14.34,D
19.18443,-71.38366,318.31,1.02,1.01,2025-03-15,1904,A,65,6.1NRT,300.54,11.86,D
19.21747,-71.71472,321.59,1.03,1.02,2025-03-15,1904,A,70,6.1NRT,303.74,9.09,D
19.17866,-72.33272,322.66,1.08,1.04,2025-03-15,1904,A,55,6.1NRT,301.75,13.61,D
19.27197,-71.84802,318.62,1.04,1.02,2025-03-15,1904,A,35,6.1NRT,303.85,6.75,D
20.15875,-75.15253,323.09,1.5,1.21,2025-03-15,1904,A,23,6.1NRT,300.34,18.87,D
20.15317,-75.15815,322.74,1.5,1.21,2025-03-15,1904,A,32,6.1NRT,299.78,15.44,D
20.2565,-77.03872,319.27,2.04,1.39,2025-03-15,1904,A,72,6.1NRT,292.87,25.59,D
20.25307,-77.05746,316.83,2.04,1.39,2025-03-15,1904,A,54,6.1NRT,292.61,20.12,D
20.23032,-77.25086,321.3,2.12,1.41,2025-03-15,1904,A,66,6.1NRT,296.51,32.23,D
20.22679,-77.27013,316.36,2.12,1.42,2025-03-15,1904,A,59,6.1NRT,296.55,22.17,D
20.23233,-77.25629,324.5,2.12,1.41,2025-03-15,1904,A,52,6.1NRT,297.84,36.83,D
27.89542,-97.26795,320.8,1,1,2025-03-15,2044,A,0,6.1NRT,306.64,7.17,D
28.0549,-97.44188,322.99,1,1,2025-03-15,2044,A,66,6.1NRT,308.12,9.51,D
26.52521,-106.28811,326.6,3.23,1.7,2025-03-15,2044,A,76,6.1NRT,292.23,109.71,D
26.51899,-106.31731,387.7,3.25,1.7,2025-03-15,2044,A,100,6.1NRT,303.79,1012.94,D
26.5128,-106.34634,347.42,3.26,1.71,2025-03-15,2044,A,94,6.1NRT,297.55,296.94,D
26.5336,-106.32103,369,3.25,1.7,2025-03-15,2044,A,100,6.1NRT,302.44,602.81,D
26.52737,-106.35043,338.17,3.26,1.71,2025-03-15,2044,A,88,6.1NRT,299.23,205.79,D
26.52542,-106.29465,353.56,3.23,1.7,2025-03-15,2044,A,97,6.1NRT,294.18,360.91,D
26.51903,-106.3237,393.16,3.25,1.7,2025-03-15,2044,A,100,6.1NRT,305.2,1166.71,D
26.51256,-106.35312,333.42,3.26,1.71,2025-03-15,2044,A,85,6.1NRT,296.54,167.65,D
26.53364,-106.32741,359.03,3.25,1.7,2025-03-15,2044,A,99,6.1NRT,302.3,449.35,D
26.52715,-106.35707,318.99,3.26,1.71,2025-03-15,2044,A,67,6.1NRT,297.29,80.4,D
28.35744,-97.06399,333.7,1,1,2025-03-15,2044,A,83,6.1NRT,305.52,23.48,D
14.15047,-87.19102,323.1,2.41,1.5,2025-03-15,2042,A,69,6.1NRT,304.04,41.6,D
28.35601,-97.07391,347.74,1,1,2025-03-15,2044,A,93,6.1NRT,309.12,47.86,D
28.36826,-97.07265,321.26,1,1,2025-03-15,2044,A,65,6.1NRT,305.88,9.6,D
14.19038,-89.64613,347.02,1.56,1.23,2025-03-15,2042,A,93,6.1NRT,309.39,78.9,D
28.36684,-97.08258,328,1,1,2025-03-15,2044,A,77,6.1NRT,308.47,17.22,D
14.1887,-89.65939,346.49,1.55,1.23,2025-03-15,2042,A,92,6.1NRT,311.38,76.51,D
28.26634,-101.05378,320.89,1.3,1.13,2025-03-15,2044,A,64,6.1NRT,309.95,8.78,D
13.99116,-91.25095,340.14,1.22,1.1,2025-03-15,2042,A,87,6.1NRT,308.11,42.7,D
29.70208,-94.19183,349.8,1.29,1.13,2025-03-15,2044,A,95,6.1NRT,300.4,82.6,D
13.98969,-91.26187,324.21,1.21,1.1,2025-03-15,2042,A,43,6.1NRT,307.02,13.28,D
29.70054,-94.20482,390.42,1.29,1.13,2025-03-15,2044,A,94,6.1NRT,305.2,284.74,D
14.328,-91.41281,335.38,1.2,1.09,2025-03-15,2042,A,84,6.1NRT,304.38,30.03,D
29.93259,-95.80091,359.63,1.09,1.04,2025-03-15,2044,A,99,6.1NRT,301.09,90.11,D
14.87298,-87.47906,323.76,2.34,1.48,2025-03-15,2042,A,34,6.1NRT,305.75,30.95,D
29.93117,-95.81192,333.93,1.09,1.04,2025-03-15,2044,A,86,6.1NRT,299.27,31.81,D
14.33649,-91.70639,323.4,1.16,1.07,2025-03-15,2042,A,41,6.1NRT,308.01,9.3,D
30.52787,-93.03859,308.94,1.55,1.23,2025-03-15,2044,A,54,6.1NRT,297.54,8.43,D
14.40692,-91.65935,337.21,1.17,1.08,2025-03-15,2042,A,86,6.1NRT,307.41,28.13,D
30.33737,-95.16593,309.02,1.17,1.08,2025-03-15,2044,A,51,6.1NRT,298.65,5.22,D
14.43301,-91.60943,323.31,1.18,1.08,2025-03-15,2042,A,49,6.1NRT,306.23,9.42,D
30.43891,-94.50303,320.32,1.27,1.12,2025-03-15,2044,A,76,6.1NRT,300.29,18.48,D
14.74252,-89.97539,326.39,1.5,1.21,2025-03-15,2042,A,72,6.1NRT,304.94,26.18,D
30.44873,-94.50459,328.95,1.27,1.12,2025-03-15,2044,A,83,6.1NRT,299.73,31.18,D
14.74086,-89.98816,359.41,1.5,1.21,2025-03-15,2042,A,99,6.1NRT,310.28,135.43,D
30.45052,-94.49737,314.52,1.27,1.12,2025-03-15,2044,A,56,6.1NRT,299.33,11.14,D
14.50201,-91.91148,325.73,1.14,1.06,2025-03-15,2042,A,43,6.1NRT,309.39,9.02,D
30.44902,-94.51025,311.87,1.27,1.12,2025-03-15,2044,A,33,6.1NRT,299.12,8.27,D
14.76209,-90.68654,327.12,1.35,1.15,2025-03-15,2042,A,65,6.1NRT,305.25,22.9,D
29.08138,-103.48642,333.33,1.78,1.31,2025-03-15,2044,A,86,6.1NRT,302.99,56.58,D
14.76028,-90.6918,322.47,1.35,1.15,2025-03-15,2042,A,39,6.1NRT,304.46,13.81,D
29.09262,-103.48945,349.46,1.78,1.31,2025-03-15,2044,A,95,6.1NRT,304.98,120.83,D
14.77045,-90.69242,323.87,1.35,1.15,2025-03-15,2042,A,28,6.1NRT,306.55,14.05,D
30.35961,-98.74056,357.02,1.01,1.01,2025-03-15,2044,A,98,6.1NRT,294.31,68.96,D
14.81997,-90.54855,322.64,1.38,1.16,2025-03-15,2042,A,66,6.1NRT,308.17,11.42,D
30.35806,-98.75073,341.72,1.01,1.01,2025-03-15,2044,A,70,6.1NRT,295.04,34.69,D
15.12061,-90.82879,327.73,1.33,1.14,2025-03-15,2042,A,73,6.1NRT,306.16,23.5,D
30.36993,-98.73219,382.29,1.01,1.01,2025-03-15,2044,A,100,6.1NRT,295.77,154.94,D
15.11922,-90.83958,332.47,1.33,1.14,2025-03-15,2042,A,82,6.1NRT,308.44,31.67,D
30.36837,-98.74238,496.35,1.01,1.01,2025-03-15,2044,A,100,6.1NRT,334.7,1536.66,D
15.29278,-91.15191,338.78,1.28,1.12,2025-03-15,2042,A,88,6.1NRT,316,32.15,D
30.36682,-98.75257,460.11,1.01,1.01,2025-03-15,2044,A,100,6.1NRT,325.41,851.89,D
15.29131,-91.16306,331.45,1.28,1.12,2025-03-15,2042,A,78,6.1NRT,315.32,17.13,D
30.36527,-98.76274,359.43,1.01,1.01,2025-03-15,2044,A,99,6.1NRT,299.65,70.72,D
15.30109,-91.16486,361.25,1.28,1.12,2025-03-15,2042,A,100,6.1NRT,318.75,103.19,D
30.36372,-98.77291,348.77,1.01,1.01,2025-03-15,2044,A,72,6.1NRT,299.93,47.41,D
15.31235,-91.15541,335.43,1.28,1.12,2025-03-15,2042,A,56,6.1NRT,309.25,27.88,D
30.37714,-98.74421,396.67,1.01,1.01,2025-03-15,2044,A,100,6.1NRT,300.17,224.93,D
15.31088,-91.1665,362.21,1.28,1.12,2025-03-15,2042,A,100,6.1NRT,310.93,108.14,D
30.37559,-98.75437,450.16,1.01,1.01,2025-03-15,2044,A,100,6.1NRT,322.09,712.44,D
16.13796,-92.47894,361.81,1.11,1.05,2025-03-15,2042,A,100,6.1NRT,312.82,85.76,D
30.37404,-98.76454,460.32,1.01,1.01,2025-03-15,2044,A,100,6.1NRT,333.11,854.23,D
16.13659,-92.48896,371.12,1.11,1.05,2025-03-15,2042,A,100,6.1NRT,320,118.75,D
30.37249,-98.77473,473.99,1.01,1.01,2025-03-15,2044,A,100,6.1NRT,335.85,1079.79,D
16.14716,-92.48045,354.93,1.11,1.05,2025-03-15,2042,A,97,6.1NRT,312.95,64.43,D
30.37093,-98.78493,433.92,1.01,1.01,2025-03-15,2044,A,100,6.1NRT,319.83,519.06,D
16.14579,-92.49043,345.09,1.11,1.05,2025-03-15,2042,A,91,6.1NRT,316.23,38.29,D
30.36938,-98.79511,412.56,1.01,1.01,2025-03-15,2044,A,100,6.1NRT,312.55,329.75,D
16.20089,-92.1563,318.67,1.15,1.07,2025-03-15,2042,A,52,6.1NRT,306.66,7.14,D
30.38436,-98.75619,350.69,1.01,1.01,2025-03-15,2044,A,96,6.1NRT,292.78,51.72,D
16.15223,-92.51194,338,1.11,1.05,2025-03-15,2042,A,66,6.1NRT,315.92,21.99,D
30.38281,-98.76637,386.64,1.01,1.01,2025-03-15,2044,A,100,6.1NRT,299.17,170.31,D
16.16139,-92.51357,332.28,1.11,1.05,2025-03-15,2042,A,58,6.1NRT,312.85,12.43,D
30.38126,-98.77657,412.87,1.01,1.01,2025-03-15,2044,A,100,6.1NRT,310.95,327.99,D
16.19508,-92.52445,329.99,1.11,1.05,2025-03-15,2042,A,52,6.1NRT,314.42,11.43,D
30.37971,-98.78674,422.46,1.01,1.01,2025-03-15,2044,A,100,6.1NRT,322.88,407.16,D
16.23836,-92.55116,326.35,1.11,1.05,2025-03-15,2042,A,30,6.1NRT,311.13,8.28,D
30.37815,-98.79691,464.63,1.01,1.01,2025-03-15,2044,A,100,6.1NRT,337.13,922.72,D
16.23696,-92.56131,336.13,1.11,1.05,2025-03-15,2042,A,84,6.1NRT,312.11,23.83,D
30.3766,-98.80711,424.54,1.01,1.01,2025-03-15,2044,A,100,6.1NRT,321.63,430.17,D
16.24758,-92.55235,350.42,1.11,1.05,2025-03-15,2042,A,95,6.1NRT,314.87,53.23,D
30.39467,-98.74784,330.8,1.01,1.01,2025-03-15,2044,A,41,6.1NRT,278.25,16.39,D
16.24617,-92.56253,357.64,1.11,1.05,2025-03-15,2042,A,98,6.1NRT,316.13,73.76,D
16.16654,-93.40605,360.34,1.03,1.02,2025-03-15,2042,A,100,6.1NRT,309.49,78.36,D
30.39003,-98.77837,394.62,1.01,1.01,2025-03-15,2044,A,100,6.1NRT,302.86,212.6,D
30.38848,-98.78854,430.38,1.01,1.01,2025-03-15,2044,A,100,6.1NRT,313.09,484.32,D
16.16523,-93.41542,345.64,1.03,1.02,2025-03-15,2042,A,91,6.1NRT,310.26,43.02,D
30.38693,-98.79874,428.49,1.01,1.01,2025-03-15,2044,A,100,6.1NRT,317.42,466.95,D
16.17544,-93.40739,332.04,1.03,1.02,2025-03-15,2042,A,79,6.1NRT,308.4,19.84,D
16.17412,-93.41679,323.77,1.03,1.02,2025-03-15,2042,A,64,6.1NRT,309.62,9.5,D
30.38537,-98.80894,448.26,1.01,1.01,2025-03-15,2044,A,100,6.1NRT,330.72,691.74,D
30.38382,-98.81912,372.6,1.01,1.01,2025-03-15,2044,A,100,6.1NRT,304.52,118.59,D
15.75849,-96.47254,351.02,1.11,1.05,2025-03-15,2042,A,95,6.1NRT,309.76,61.94,D
16.43236,-92.20026,321.26,1.16,1.07,2025-03-15,2042,A,53,6.1NRT,306.12,12.94,D
30.39415,-98.81077,343.82,1.01,1.01,2025-03-15,2044,A,88,6.1NRT,300.43,41.44,D
16.5119,-92.76844,337.16,1.09,1.04,2025-03-15,2042,A,85,6.1NRT,310.09,25.42,D
16.51055,-92.77842,361.25,1.09,1.04,2025-03-15,2042,A,100,6.1NRT,312.55,82.74,D
31.20337,-97.70899,324.73,1.01,1,2025-03-15,2046,A,80,6.1NRT,300.05,16.01,D
16.52103,-92.76978,330.8,1.09,1.04,2025-03-15,2042,A,75,6.1NRT,303.85,15.19,D
31.20191,-97.71922,337.5,1.01,1,2025-03-15,2046,A,89,6.1NRT,301.71,32.84,D
16.51969,-92.7797,347.84,1.09,1.04,2025-03-15,2042,A,93,6.1NRT,309.71,46.67,D
31.89712,-95.61515,308.95,1.16,1.07,2025-03-15,2046,A,58,6.1NRT,296.79,6.5,D
16.52373,-93.02067,344.1,1.07,1.03,2025-03-15,2042,A,91,6.1NRT,314.83,35.64,D
16.52237,-93.03048,341.27,1.07,1.03,2025-03-15,2042,A,89,6.1NRT,316.11,31.04,D
16.52325,-93.28659,321.78,1.05,1.02,2025-03-15,2042,A,62,6.1NRT,308.25,9.01,D
16.6265,-93.0821,334.62,1.06,1.03,2025-03-15,2042,A,83,6.1NRT,313.56,18.92,D
16.64184,-93.10422,364.3,1.06,1.03,2025-03-15,2042,A,100,6.1NRT,314.51,88.45,D
16.75544,-92.32527,319.15,1.15,1.07,2025-03-15,2042,A,47,6.1NRT,301.58,10.84,D
16.54465,-93.8649,327.47,1.02,1.01,2025-03-15,2042,A,68,6.1NRT,307.98,12.44,D
16.54335,-93.87413,327.93,1.01,1.01,2025-03-15,2042,A,69,6.1NRT,309.72,13.34,D
16.76479,-92.32648,317.79,1.15,1.07,2025-03-15,2042,A,32,6.1NRT,302.13,9.46,D
16.68049,-93.0872,344.03,1.07,1.03,2025-03-15,2042,A,91,6.1NRT,311.65,39.11,D
16.67916,-93.09686,345.16,1.06,1.03,2025-03-15,2042,A,91,6.1NRT,313.3,40.93,D
16.56681,-93.96246,337.8,1.01,1.01,2025-03-15,2042,A,85,6.1NRT,311.09,27.1,D
16.92532,-91.95959,328.39,1.2,1.09,2025-03-15,2042,A,77,6.1NRT,313.17,18.38,D
17.01915,-92.49564,317.87,1.13,1.06,2025-03-15,2042,A,57,6.1NRT,307.47,6.63,D
16.73823,-94.69829,331.05,1,1,2025-03-15,2042,A,82,6.1NRT,304.65,24.29,D
17.03057,-93.22299,322.31,1.06,1.03,2025-03-15,2042,A,73,6.1NRT,309.18,8.18,D
16.31889,-98.06137,325.61,1.33,1.14,2025-03-15,2042,A,72,6.1NRT,309.36,15.02,D
16.31691,-98.07349,324.43,1.34,1.15,2025-03-15,2042,A,70,6.1NRT,309.42,13.14,D
16.8093,-95.02298,327.04,1,1,2025-03-15,2042,A,78,6.1NRT,307.55,15.02,D
16.80796,-95.0321,323.89,1,1,2025-03-15,2042,A,74,6.1NRT,308.87,11.44,D
16.81807,-95.0244,349.43,1,1,2025-03-15,2042,A,95,6.1NRT,307.83,49.9,D
16.81672,-95.03352,340.77,1,1,2025-03-15,2042,A,89,6.1NRT,308.78,33.36,D
17.09608,-95.46011,315.38,1.01,1.01,2025-03-15,2042,A,39,6.1NRT,305.06,6.22,D
17.75969,-90.71135,323.77,1.47,1.2,2025-03-15,2042,A,71,6.1NRT,307.44,19.65,D
17.12545,-95.32359,319.07,1.01,1,2025-03-15,2042,A,62,6.1NRT,306.08,9.75,D
17.1451,-95.51263,339.95,1.02,1.01,2025-03-15,2042,A,88,6.1NRT,305.92,37.16,D
17.14371,-95.52186,316.42,1.02,1.01,2025-03-15,2042,A,51,6.1NRT,305.83,7.59,D
17.83874,-93.1138,361.32,1.09,1.04,2025-03-15,2042,A,100,6.1NRT,312.02,87.55,D
17.83736,-93.12374,373.43,1.08,1.04,2025-03-15,2042,A,100,6.1NRT,314.67,130,D
18.2136,-90.49478,326.34,1.55,1.23,2025-03-15,2042,A,64,6.1NRT,310.9,15.57,D
17.88419,-93.18795,326,1.08,1.04,2025-03-15,2042,A,73,6.1NRT,311.2,13.07,D
17.89464,-93.17942,337.46,1.08,1.04,2025-03-15,2042,A,86,6.1NRT,310.73,29.77,D
17.89328,-93.18932,349.77,1.08,1.04,2025-03-15,2042,A,94,6.1NRT,314.69,54.93,D
18.1179,-91.73931,349.93,1.28,1.12,2025-03-15,2042,A,94,6.1NRT,310.52,69.48,D
18.11951,-91.73314,325.92,1.28,1.12,2025-03-15,2042,A,72,6.1NRT,308.71,16.44,D
18.04012,-92.57162,323.98,1.15,1.07,2025-03-15,2042,A,49,6.1NRT,308.86,12.76,D
18.04949,-92.573,325.4,1.15,1.07,2025-03-15,2042,A,62,6.1NRT,308.5,14.95,D
18.04808,-92.58356,321.19,1.15,1.07,2025-03-15,2042,A,33,6.1NRT,308.67,9.72,D
17.93317,-93.62807,323.91,1.04,1.02,2025-03-15,2042,A,71,6.1NRT,308.82,11.26,D
17.57698,-96.1921,323.39,1.05,1.02,2025-03-15,2042,A,71,6.1NRT,307.74,13.69,D
17.95921,-93.64847,320.1,1.04,1.02,2025-03-15,2042,A,62,6.1NRT,308.07,7.11,D
18.00503,-93.44883,322.49,1.06,1.03,2025-03-15,2042,A,68,6.1NRT,310.81,7.56,D
18.00369,-93.45854,322.97,1.06,1.03,2025-03-15,2042,A,69,6.1NRT,312.93,7.94,D
17.99437,-93.5263,324.84,1.05,1.02,2025-03-15,2042,A,72,6.1NRT,312.94,9.8,D
18.06256,-93.09523,327.3,1.09,1.04,2025-03-15,2042,A,75,6.1NRT,309.69,16.81,D
17.70919,-95.87251,328.67,1.03,1.01,2025-03-15,2042,A,78,6.1NRT,317.67,13.61,D
17.65633,-96.22182,319.85,1.05,1.02,2025-03-15,2042,A,62,6.1NRT,306.7,9.58,D
17.6549,-96.23122,326.22,1.05,1.02,2025-03-15,2042,A,74,6.1NRT,307.2,17.52,D
18.27153,-92.43291,324.51,1.18,1.08,2025-03-15,2042,A,53,6.1NRT,307.57,16.29,D
18.08809,-94.04835,330.85,1.02,1.01,2025-03-15,2042,A,80,6.1NRT,310.18,21.52,D
18.29475,-92.80981,318.37,1.13,1.06,2025-03-15,2042,A,0,6.1NRT,307.65,7.89,D
18.10017,-94.34542,323.8,1.01,1,2025-03-15,2042,A,65,6.1NRT,307.33,12.08,D
18.09885,-94.35467,321.05,1.01,1,2025-03-15,2042,A,56,6.1NRT,307.53,9.14,D
18.08562,-94.44707,317.56,1.01,1,2025-03-15,2042,A,37,6.1NRT,306.96,6.42,D
18.08463,-94.57887,318.16,1,1,2025-03-15,2042,A,36,6.1NRT,308.1,6.55,D
18.35716,-92.8142,322.29,1.13,1.06,2025-03-15,2042,A,68,6.1NRT,307.65,12.34,D
18.20395,-94.00495,319.9,1.03,1.01,2025-03-15,2042,A,52,6.1NRT,306.58,8.78,D
18.36702,-92.9524,327.02,1.11,1.05,2025-03-15,2042,A,57,6.1NRT,307.74,18.5,D
18.36563,-92.96263,348.9,1.11,1.05,2025-03-15,2042,A,71,6.1NRT,308.66,59.72,D
18.04359,-95.24428,324.08,1,1,2025-03-15,2042,A,33,6.1NRT,313.01,9.33,D
17.52947,-98.52173,327.73,1.37,1.16,2025-03-15,2042,A,76,6.1NRT,316.5,18.2,D
18.16742,-94.57892,335.74,1,1,2025-03-15,2042,A,71,6.1NRT,310.07,24.56,D
18.64437,-92.17448,327.77,1.23,1.1,2025-03-15,2042,A,71,6.1NRT,306.05,22.88,D
18.18835,-95.89356,338.38,1.02,1.01,2025-03-15,2042,A,81,6.1NRT,311.4,26.34,D
18.13407,-96.78657,323.79,1.09,1.04,2025-03-15,2042,A,62,6.1NRT,303.57,16.09,D
18.14122,-96.79339,321.6,1.09,1.04,2025-03-15,2042,A,50,6.1NRT,302.79,14.53,D
18.31263,-96.22012,379.02,1.04,1.02,2025-03-15,2042,A,100,6.1NRT,321.26,138.26,D
18.31119,-96.22964,327.72,1.04,1.02,2025-03-15,2042,A,74,6.1NRT,316.54,7.86,D
19.28332,-89.79269,325.53,1.81,1.32,2025-03-15,2042,A,51,6.1NRT,306.94,19.97,D
19.29863,-89.83418,331.65,1.8,1.31,2025-03-15,2042,A,81,6.1NRT,305.66,39.4,D
19.38132,-89.53259,324.42,1.9,1.35,2025-03-15,2042,A,54,6.1NRT,307.16,17.47,D
19.37926,-89.55009,328.02,1.89,1.34,2025-03-15,2042,A,74,6.1NRT,307.96,28.17,D
18.49951,-96.14733,340.07,1.03,1.01,2025-03-15,2042,A,87,6.1NRT,318.47,25.94,D
18.50838,-96.14884,327.6,1.03,1.01,2025-03-15,2042,A,68,6.1NRT,317.02,8.17,D
19.58162,-89.58862,333.65,1.89,1.34,2025-03-15,2042,A,82,6.1NRT,307.18,45.54,D
19.57729,-89.59531,331.2,1.89,1.34,2025-03-15,2042,A,80,6.1NRT,307.24,39.35,D
18.7005,-96.59333,335.96,1.06,1.03,2025-03-15,2042,A,83,6.1NRT,317.11,18.68,D
18.70947,-96.59488,336.57,1.06,1.03,2025-03-15,2042,A,84,6.1NRT,315.4,19.07,D
18.585,-97.45735,359.9,1.15,1.07,2025-03-15,2042,A,99,6.1NRT,317.95,84.29,D
18.58336,-97.4678,370.39,1.15,1.07,2025-03-15,2042,A,100,6.1NRT,323.36,122.02,D
18.5917,-97.45295,384.47,1.15,1.07,2025-03-15,2042,A,100,6.1NRT,314.1,190.9,D
18.59,-97.46343,428.07,1.15,1.07,2025-03-15,2042,A,100,6.1NRT,339.19,553.03,D
18.58831,-97.4739,349.15,1.15,1.07,2025-03-15,2042,A,93,6.1NRT,322.6,53.35,D
18.59933,-97.46494,334.98,1.15,1.07,2025-03-15,2042,A,81,6.1NRT,316.23,26.33,D
18.14876,-100.31677,328.86,1.78,1.31,2025-03-15,2042,A,66,6.1NRT,318.52,22.56,D
19.44029,-92.09311,313.09,1.27,1.12,2025-03-15,2042,A,57,6.1NRT,299.17,12.68,D
18.48289,-98.67094,325.65,1.35,1.15,2025-03-15,2042,A,50,6.1NRT,314.01,10.38,D
18.79614,-96.81207,340.57,1.07,1.03,2025-03-15,2042,A,87,6.1NRT,314.25,31.6,D
18.79463,-96.82174,333.89,1.07,1.03,2025-03-15,2042,A,67,6.1NRT,310.96,21.66,D
19.82328,-89.56728,324.94,1.91,1.35,2025-03-15,2042,A,72,6.1NRT,307.65,26.11,D
18.95308,-96.14887,328.18,1.03,1.01,2025-03-15,2042,A,72,6.1NRT,311.83,12.99,D
18.95165,-96.1583,341.5,1.03,1.01,2025-03-15,2042,A,88,6.1NRT,311.74,33.55,D
18.81728,-97.26094,336.61,1.12,1.05,2025-03-15,2042,A,83,6.1NRT,316.33,30.96,D
18.5924,-98.75376,327.59,1.36,1.15,2025-03-15,2042,A,62,6.1NRT,316.01,11.29,D
18.59032,-98.76616,330.9,1.36,1.16,2025-03-15,2042,A,73,6.1NRT,318.17,17.28,D
18.55341,-99.04743,337.46,1.42,1.18,2025-03-15,2042,A,84,6.1NRT,318.48,37.09,D
18.56364,-99.0496,338.87,1.42,1.18,2025-03-15,2042,A,85,6.1NRT,318.8,39.75,D
18.56141,-99.06282,329.68,1.42,1.18,2025-03-15,2042,A,44,6.1NRT,317.51,17.56,D
19.59788,-92.29377,311.46,1.24,1.11,2025-03-15,2042,A,49,6.1NRT,298.79,10.89,D
18.72465,-98.58162,327.36,1.32,1.14,2025-03-15,2042,A,71,6.1NRT,316.11,13.84,D
18.93534,-97.40195,328.76,1.13,1.06,2025-03-15,2042,A,56,6.1NRT,316.57,9.94,D
18.64312,-99.38703,341.65,1.49,1.21,2025-03-15,2042,A,88,6.1NRT,320.67,49.5,D
18.64993,-99.37952,341.19,1.49,1.21,2025-03-15,2042,A,88,6.1NRT,316.18,52.48,D
18.64759,-99.39303,389.16,1.49,1.21,2025-03-15,2042,A,100,6.1NRT,324.43,320.19,D
18.72982,-99.03824,328.95,1.41,1.18,2025-03-15,2042,A,73,6.1NRT,312.66,19.78,D
18.72762,-99.05119,327.9,1.41,1.18,2025-03-15,2042,A,71,6.1NRT,313.9,18.52,D
18.69167,-99.26228,335.07,1.46,1.19,2025-03-15,2042,A,74,6.1NRT,319.52,27.29,D
18.70208,-99.26414,347.87,1.46,1.19,2025-03-15,2042,A,93,6.1NRT,321.12,65.5,D
19.04253,-97.30571,328.33,1.12,1.05,2025-03-15,2042,A,62,6.1NRT,303.56,22.17,D
18.70973,-99.47443,330.25,1.51,1.21,2025-03-15,2042,A,67,6.1NRT,319.74,22.17,D
19.06053,-98.10728,322.1,1.22,1.1,2025-03-15,2042,A,66,6.1NRT,308.24,7.25,D
19.0723,-98.1559,322.01,1.23,1.1,2025-03-15,2042,A,52,6.1NRT,307.16,6.2,D
18.82951,-99.92747,367.79,1.62,1.25,2025-03-15,2042,A,100,6.1NRT,302.96,212.4,D
18.8235,-99.91739,330.6,1.62,1.25,2025-03-15,2042,A,80,6.1NRT,299.09,50.54,D
18.82043,-99.93458,323.2,1.62,1.25,2025-03-15,2042,A,70,6.1NRT,302.38,33.59,D
18.8317,-99.93445,337.38,1.62,1.25,2025-03-15,2042,A,86,6.1NRT,299.54,70.21,D
19.03061,-98.84623,319.47,1.36,1.15,2025-03-15,2042,A,49,6.1NRT,307.68,11.12,D
19.06895,-98.80219,325.07,1.35,1.15,2025-03-15,2042,A,72,6.1NRT,310.93,15.09,D
18.42754,-102.49538,316.5,2.57,1.54,2025-03-15,2042,A,39,6.1NRT,296.06,40.18,D
19.06448,-99.01636,330.35,1.39,1.17,2025-03-15,2042,A,79,6.1NRT,295.83,42.83,D
19.21526,-98.15266,328.37,1.23,1.1,2025-03-15,2042,A,76,6.1NRT,305.91,22.58,D
18.44009,-102.47733,320.85,2.56,1.54,2025-03-15,2042,A,57,6.1NRT,294.3,48.95,D
19.45291,-97.22948,327.44,1.1,1.05,2025-03-15,2042,A,69,6.1NRT,315.1,10.43,D
19.58679,-96.84679,328.3,1.06,1.03,2025-03-15,2042,A,74,6.1NRT,312.29,13.97,D
19.3123,-99.00737,328.94,1.37,1.16,2025-03-15,2042,A,72,6.1NRT,314.01,20.8,D
19.32254,-99.00832,325.24,1.37,1.16,2025-03-15,2042,A,53,6.1NRT,307.8,13.37,D
19.29229,-99.54866,324.31,1.49,1.21,2025-03-15,2042,A,49,6.1NRT,309.53,12.69,D
19.32952,-99.58405,321.05,1.5,1.21,2025-03-15,2042,A,58,6.1NRT,306.97,8.84,D
19.76834,-97.0453,333.33,1.07,1.03,2025-03-15,2042,A,83,6.1NRT,300.48,31.92,D
19.37013,-99.56918,321.32,1.49,1.21,2025-03-15,2042,A,22,6.1NRT,309.48,10.16,D
19.10073,-102.43433,340.38,2.46,1.51,2025-03-15,2042,A,89,6.1NRT,312.43,110.02,D
19.09655,-102.45679,325.02,2.47,1.51,2025-03-15,2042,A,74,6.1NRT,313.19,33.4,D
19.09753,-102.44077,337.67,2.46,1.51,2025-03-15,2042,A,88,6.1NRT,313.46,93.52,D
19.69905,-99.21704,324.16,1.4,1.17,2025-03-15,2042,A,32,6.1NRT,309.77,8.31,D
21.08194,-89.3023,321.61,2.09,1.41,2025-03-15,2042,A,61,6.1NRT,307.85,19.1,D
21.07985,-89.32184,321.53,2.09,1.41,2025-03-15,2042,A,58,6.1NRT,307.02,20.07,D
19.72954,-99.22272,325.27,1.4,1.17,2025-03-15,2042,A,52,6.1NRT,308.08,11.76,D
21.26865,-88.63448,326.26,2.37,1.49,2025-03-15,2042,A,73,6.1NRT,306.87,35.24,D
19.98262,-98.25564,322.93,1.21,1.09,2025-03-15,2042,A,61,6.1NRT,310.3,8.81,D
21.18739,-89.72324,324.88,1.95,1.36,2025-03-15,2042,A,71,6.1NRT,307.44,22.95,D
21.19366,-89.73121,323.34,1.95,1.36,2025-03-15,2044,A,60,6.1NRT,307.55,18.66,D
19.90011,-99.18745,328.13,1.38,1.16,2025-03-15,2044,A,47,6.1NRT,313.99,19.04,D
19.91014,-99.18977,336.78,1.38,1.16,2025-03-15,2044,A,82,6.1NRT,311.86,37.45,D
20.30869,-97.08578,327.83,1.07,1.03,2025-03-15,2044,A,76,6.1NRT,311.38,16.5,D
19.83925,-100.19688,318.63,1.62,1.25,2025-03-15,2044,A,50,6.1NRT,308.45,13.39,D
19.98163,-99.43543,338.21,1.43,1.18,2025-03-15,2044,A,87,6.1NRT,314.46,46.14,D
20.21631,-98.07728,320.52,1.18,1.08,2025-03-15,2044,A,59,6.1NRT,302.83,15.54,D
19.31533,-103.51817,321.42,2.94,1.63,2025-03-15,2044,A,67,6.1NRT,307.07,34.53,D
19.60493,-102.146,325.96,2.29,1.46,2025-03-15,2044,A,47,6.1NRT,308.55,51.39,D
19.96475,-100.53712,323.94,1.7,1.28,2025-03-15,2044,A,71,6.1NRT,313.25,15.95,D
20.12034,-99.83588,335.87,1.51,1.21,2025-03-15,2044,A,85,6.1NRT,313.25,43.24,D
20.11798,-99.84972,325.74,1.51,1.21,2025-03-15,2044,A,73,6.1NRT,312.46,19.53,D
20.03411,-100.54247,328.65,1.7,1.28,2025-03-15,2044,A,78,6.1NRT,310.46,31.56,D
20.03128,-100.55826,327.18,1.7,1.28,2025-03-15,2044,A,76,6.1NRT,311.29,26.99,D
20.03857,-101.15954,361.37,1.89,1.34,2025-03-15,2044,A,87,6.1NRT,311.92,199.5,D
20.05022,-101.16177,336.95,1.89,1.34,2025-03-15,2044,A,82,6.1NRT,311.77,69.74,D
20.61222,-98.61743,421.05,1.24,1.11,2025-03-15,2044,A,100,6.1NRT,321.9,544.86,D
20.61021,-98.62981,362.35,1.24,1.11,2025-03-15,2044,A,100,6.1NRT,314.05,115.37,D
20.71818,-98.47161,326.61,1.22,1.1,2025-03-15,2044,A,75,6.1NRT,306.99,21.56,D
20.7165,-98.4819,337.88,1.22,1.1,2025-03-15,2044,A,87,6.1NRT,309.02,42.5,D
20.60449,-102.04913,323.64,2.14,1.42,2025-03-15,2044,A,75,6.1NRT,289.23,47.8,D
21.18165,-100.87019,336.18,1.7,1.28,2025-03-15,2044,A,85,6.1NRT,311.35,52.29,D
20.87152,-103.44252,314.9,2.69,1.57,2025-03-15,2044,A,19,6.1NRT,299.68,26.47,D
21.91499,-97.94035,337.84,1.11,1.05,2025-03-15,2044,A,85,6.1NRT,308.5,34.39,D
21.92415,-97.94206,327.08,1.11,1.05,2025-03-15,2044,A,72,6.1NRT,308.02,18.02,D
21.69133,-99.37871,349.87,1.32,1.14,2025-03-15,2044,A,94,6.1NRT,316.75,67.09,D
21.68931,-99.39088,397.07,1.33,1.14,2025-03-15,2044,A,100,6.1NRT,332.99,329.26,D
21.68725,-99.40321,376.92,1.33,1.14,2025-03-15,2044,A,100,6.1NRT,328.32,186.01,D
21.69929,-99.39259,363.13,1.33,1.14,2025-03-15,2044,A,100,6.1NRT,321.23,116.03,D
21.69722,-99.40506,353.51,1.33,1.14,2025-03-15,2044,A,96,6.1NRT,321.44,78.25,D
21.70113,-99.38691,333.52,1.32,1.14,2025-03-15,2044,A,81,6.1NRT,317.06,28.2,D
21.69904,-99.39902,344.91,1.33,1.14,2025-03-15,2044,A,91,6.1NRT,322.85,54.12,D
21.87071,-98.55596,330.95,1.18,1.08,2025-03-15,2044,A,67,6.1NRT,312.79,19.24,D
21.15251,-102.65852,319.63,2.31,1.47,2025-03-15,2044,A,63,6.1NRT,307.46,24.54,D
21.74265,-99.44492,323.52,1.33,1.14,2025-03-15,2044,A,42,6.1NRT,313.48,11.38,D
21.75483,-99.43363,324.21,1.33,1.14,2025-03-15,2044,A,61,6.1NRT,311.72,13.13,D
21.75269,-99.44636,349.02,1.33,1.14,2025-03-15,2044,A,93,6.1NRT,316.5,72.46,D
21.79726,-99.48457,339.63,1.34,1.15,2025-03-15,2044,A,86,6.1NRT,313.48,47.09,D
21.7952,-99.49659,325.63,1.34,1.15,2025-03-15,2044,A,68,6.1NRT,312.11,17.61,D
21.38115,-101.86995,335.21,2,1.38,2025-03-15,2044,A,84,6.1NRT,314.5,63.89,D
22.0312,-98.53056,326.76,1.17,1.08,2025-03-15,2044,A,61,6.1NRT,309.1,17.15,D
21.9137,-99.28934,331.3,1.3,1.13,2025-03-15,2044,A,77,6.1NRT,316.21,22.85,D
21.97115,-99.06881,335.38,1.26,1.11,2025-03-15,2044,A,78,6.1NRT,316.24,22.59,D
21.96918,-99.08051,359.43,1.26,1.11,2025-03-15,2044,A,99,6.1NRT,322.44,91.16,D
21.98085,-99.07071,342.51,1.26,1.11,2025-03-15,2044,A,89,6.1NRT,317.86,37.6,D
21.9789,-99.08241,363.15,1.26,1.11,2025-03-15,2044,A,100,6.1NRT,324.12,105.35,D
21.97694,-99.09413,339.47,1.26,1.12,2025-03-15,2044,A,86,6.1NRT,320.78,31.99,D
22.01958,-98.9575,413.22,1.24,1.11,2025-03-15,2044,A,100,6.1NRT,324.79,443.19,D
22.01767,-98.96912,433.09,1.24,1.11,2025-03-15,2044,A,100,6.1NRT,337.8,682.65,D
22.02923,-98.9593,353.11,1.24,1.11,2025-03-15,2044,A,96,6.1NRT,316.12,70.5,D
22.02731,-98.97096,347.84,1.24,1.11,2025-03-15,2044,A,93,6.1NRT,319.17,54.27,D
21.92097,-99.67165,355.06,1.37,1.16,2025-03-15,2044,A,97,6.1NRT,322.7,88.53,D
22.03841,-99.03891,334.94,1.25,1.11,2025-03-15,2044,A,81,6.1NRT,319.23,22.65,D
22.03643,-99.05059,337.5,1.25,1.11,2025-03-15,2044,A,84,6.1NRT,320.86,25.6,D
22.07531,-98.87867,335.74,1.22,1.1,2025-03-15,2044,A,82,6.1NRT,314.12,31.33,D
22.04809,-99.04076,360.43,1.25,1.11,2025-03-15,2044,A,100,6.1NRT,321.45,92.6,D
22.04612,-99.05246,376.27,1.25,1.11,2025-03-15,2044,A,100,6.1NRT,327.4,159.98,D
22.04414,-99.06419,354.07,1.25,1.11,2025-03-15,2044,A,96,6.1NRT,326.03,66.93,D
22.05776,-99.04264,447.1,1.25,1.11,2025-03-15,2044,A,100,6.1NRT,333.44,905.11,D
22.05581,-99.05427,424.45,1.25,1.11,2025-03-15,2044,A,100,6.1NRT,338.29,568.26,D
22.05383,-99.06604,352.41,1.25,1.11,2025-03-15,2044,A,65,6.1NRT,330.49,59.57,D
22.06744,-99.04452,349.31,1.25,1.11,2025-03-15,2044,A,93,6.1NRT,314.17,57.75,D
22.0655,-99.05614,382.94,1.25,1.11,2025-03-15,2044,A,100,6.1NRT,326.28,199.33,D
22.06353,-99.06788,348.07,1.25,1.11,2025-03-15,2044,A,93,6.1NRT,327.32,49.56,D
22.07518,-99.05801,344.74,1.25,1.11,2025-03-15,2044,A,90,6.1NRT,321.06,43.74,D
22.07322,-99.06975,334.07,1.25,1.11,2025-03-15,2044,A,80,6.1NRT,321.92,18.24,D
22.20088,-98.4109,341.99,1.15,1.07,2025-03-15,2044,A,88,6.1NRT,313.61,41.38,D
22.19913,-98.42171,330.14,1.16,1.07,2025-03-15,2044,A,74,6.1NRT,313.28,19.06,D
21.53356,-102.45757,323.51,2.19,1.44,2025-03-15,2044,A,69,6.1NRT,311.89,25.45,D
21.53891,-102.44518,321.7,2.19,1.43,2025-03-15,2044,A,66,6.1NRT,310.35,20.78,D
21.91122,-100.80944,361.81,1.63,1.26,2025-03-15,2044,A,100,6.1NRT,319.33,156.89,D
21.90852,-100.82484,359.95,1.64,1.26,2025-03-15,2044,A,99,6.1NRT,319.95,143.58,D
21.90582,-100.84029,341.57,1.64,1.26,2025-03-15,2044,A,88,6.1NRT,319.82,63.52,D
21.92476,-100.79651,328.21,1.63,1.26,2025-03-15,2044,A,63,6.1NRT,308.17,25.51,D
21.92212,-100.81168,396.61,1.63,1.26,2025-03-15,2044,A,100,6.1NRT,318.35,447.35,D
21.91943,-100.82707,417.29,1.64,1.26,2025-03-15,2044,A,100,6.1NRT,329.92,733.15,D
21.91673,-100.84261,374.67,1.64,1.26,2025-03-15,2044,A,100,6.1NRT,319.33,240.78,D
21.91501,-100.79973,340.34,1.63,1.26,2025-03-15,2044,A,87,6.1NRT,315.83,60.78,D
21.91225,-100.81491,377.68,1.63,1.26,2025-03-15,2044,A,100,6.1NRT,322.04,260.17,D
21.90944,-100.83033,352.53,1.64,1.26,2025-03-15,2044,A,96,6.1NRT,321.37,104.34,D
21.90662,-100.84574,336.74,1.64,1.26,2025-03-15,2044,A,84,6.1NRT,318.96,45.42,D
21.9259,-100.80196,340.61,1.63,1.26,2025-03-15,2044,A,87,6.1NRT,308.31,60.72,D
21.92315,-100.81715,399.01,1.63,1.26,2025-03-15,2044,A,100,6.1NRT,320.53,472.27,D
21.92034,-100.83261,403.18,1.64,1.26,2025-03-15,2044,A,100,6.1NRT,327.42,524.56,D
21.91754,-100.84801,345.81,1.64,1.26,2025-03-15,2044,A,91,6.1NRT,316.05,75.89,D
21.97484,-100.84404,370.82,1.64,1.26,2025-03-15,2044,A,100,6.1NRT,317.8,212.02,D
21.97215,-100.85924,337.12,1.64,1.26,2025-03-15,2044,A,84,6.1NRT,314.5,46.06,D
21.98575,-100.84627,344.95,1.64,1.26,2025-03-15,2044,A,91,6.1NRT,315.89,74.08,D
21.98308,-100.86147,335.34,1.64,1.26,2025-03-15,2044,A,83,6.1NRT,313.78,40.45,D
22.30126,-99.05373,332.33,1.24,1.11,2025-03-15,2044,A,68,6.1NRT,321.91,17.65,D
21.72673,-102.43537,324.46,2.16,1.43,2025-03-15,2044,A,62,6.1NRT,312.98,30.51,D
22.34801,-99.15379,404.31,1.25,1.11,2025-03-15,2044,A,100,6.1NRT,317.69,364.67,D
22.34607,-99.16545,403.12,1.26,1.11,2025-03-15,2044,A,100,6.1NRT,328.6,353.04,D
22.34413,-99.17709,378.92,1.26,1.11,2025-03-15,2044,A,100,6.1NRT,325.68,181.21,D
22.34222,-99.18848,346.79,1.26,1.12,2025-03-15,2044,A,92,6.1NRT,319.39,53.67,D
22.3577,-99.15566,433.24,1.25,1.11,2025-03-15,2044,A,100,6.1NRT,326.8,696.11,D
22.35577,-99.16733,463.54,1.26,1.11,2025-03-15,2044,A,100,6.1NRT,400.07,1234.47,D
22.35383,-99.17898,376.88,1.26,1.11,2025-03-15,2044,A,100,6.1NRT,326.36,169.25,D
22.35193,-99.19043,404.06,1.26,1.12,2025-03-15,2044,A,100,6.1NRT,330.01,366.02,D
22.35017,-99.20094,367.45,1.26,1.12,2025-03-15,2044,A,100,6.1NRT,318.16,128.85,D
22.32276,-99.36527,328.27,1.29,1.13,2025-03-15,2044,A,72,6.1NRT,309.07,22.52,D
22.32071,-99.37755,325.95,1.29,1.13,2025-03-15,2044,A,63,6.1NRT,310.41,18.21,D
22.36547,-99.16924,339.07,1.26,1.11,2025-03-15,2044,A,86,6.1NRT,317.08,32.29,D
22.36354,-99.18087,333.98,1.26,1.11,2025-03-15,2044,A,77,6.1NRT,317.84,21.59,D
22.36164,-99.19238,346.85,1.26,1.12,2025-03-15,2044,A,92,6.1NRT,317.49,55.33,D
22.33444,-99.356,340.34,1.29,1.13,2025-03-15,2044,A,87,6.1NRT,311.71,46.58,D
22.43664,-99.11537,335.47,1.24,1.11,2025-03-15,2044,A,80,6.1NRT,311,28.94,D
22.43457,-99.12782,337.16,1.25,1.11,2025-03-15,2044,A,76,6.1NRT,315,30.92,D
22.42672,-99.17482,369.8,1.25,1.11,2025-03-15,2044,A,100,6.1NRT,325.43,131.8,D
22.42476,-99.18654,355.98,1.26,1.11,2025-03-15,2044,A,97,6.1NRT,324.2,76.31,D
22.4463,-99.11723,374.62,1.24,1.11,2025-03-15,2044,A,100,6.1NRT,313.42,162.32,D
22.44424,-99.12968,361.84,1.25,1.11,2025-03-15,2044,A,100,6.1NRT,318.67,103.99,D
22.43643,-99.17659,344.98,1.25,1.11,2025-03-15,2044,A,90,6.1NRT,318.94,43.12,D
22.43447,-99.18837,346.82,1.26,1.11,2025-03-15,2044,A,92,6.1NRT,320.63,44.9,D
22.4325,-99.20018,348.83,1.26,1.11,2025-03-15,2044,A,76,6.1NRT,320.5,49.28,D
22.43055,-99.21186,361.3,1.26,1.12,2025-03-15,2044,A,100,6.1NRT,324.78,94.91,D
22.45597,-99.11906,351.11,1.24,1.11,2025-03-15,2044,A,94,6.1NRT,310.32,69.43,D
22.45391,-99.1315,336.57,1.25,1.11,2025-03-15,2044,A,75,6.1NRT,314.61,31.31,D
22.45,-99.15515,341.11,1.25,1.11,2025-03-15,2044,A,87,6.1NRT,315.03,35.97,D
22.44614,-99.17841,349.9,1.25,1.11,2025-03-15,2044,A,94,6.1NRT,319.6,58.36,D
22.44419,-99.19012,392.45,1.26,1.11,2025-03-15,2044,A,100,6.1NRT,332.54,260.7,D
22.44221,-99.20204,376.4,1.26,1.11,2025-03-15,2044,A,100,6.1NRT,327.78,163.58,D
22.43832,-99.22545,354.12,1.26,1.12,2025-03-15,2044,A,69,6.1NRT,324.3,68.13,D
22.4636,-99.13327,357.74,1.25,1.11,2025-03-15,2044,A,98,6.1NRT,314.37,90.56,D
22.46161,-99.1453,352.33,1.25,1.11,2025-03-15,2044,A,95,6.1NRT,316.82,69.24,D
22.45582,-99.18038,366.87,1.25,1.11,2025-03-15,2044,A,100,6.1NRT,323.45,121.69,D
22.45391,-99.19193,375.76,1.26,1.11,2025-03-15,2044,A,100,6.1NRT,331.84,158.61,D
22.45194,-99.20383,359.13,1.26,1.11,2025-03-15,2044,A,99,6.1NRT,328.71,80.92,D
22.44803,-99.22742,339.47,1.26,1.12,2025-03-15,2044,A,39,6.1NRT,322.69,30.86,D
22.44617,-99.23861,353.02,1.26,1.12,2025-03-15,2044,A,90,6.1NRT,319.48,67.73,D
22.4655,-99.18234,361.49,1.25,1.11,2025-03-15,2044,A,100,6.1NRT,316.92,99.8,D
22.46359,-99.19389,412.44,1.26,1.11,2025-03-15,2044,A,100,6.1NRT,327.33,438.41,D
22.46167,-99.20557,381.28,1.26,1.11,2025-03-15,2044,A,100,6.1NRT,327.92,186.27,D
22.45971,-99.21748,350.39,1.26,1.12,2025-03-15,2044,A,66,6.1NRT,323.43,53.71,D
22.4805,-99.40998,326.83,1.29,1.13,2025-03-15,2044,A,67,6.1NRT,310.66,20.85,D
22.54889,-99.06107,373.46,1.23,1.1,2025-03-15,2044,A,87,6.1NRT,324.49,143.06,D
22.49033,-99.41185,336.61,1.29,1.13,2025-03-15,2044,A,83,6.1NRT,312.05,39.38,D
22.48835,-99.42359,326.48,1.29,1.13,2025-03-15,2044,A,59,6.1NRT,311.88,20.41,D
22.56423,-99.02823,378.66,1.23,1.1,2025-03-15,2044,A,100,6.1NRT,321.8,173.59,D
22.56231,-99.03988,367.5,1.23,1.1,2025-03-15,2044,A,100,6.1NRT,325.82,117.01,D
22.5585,-99.06297,363.88,1.23,1.1,2025-03-15,2044,A,100,6.1NRT,324.43,97.22,D
22.55659,-99.0745,395.07,1.23,1.1,2025-03-15,2044,A,100,6.1NRT,329.68,271.59,D
22.74602,-97.95966,339.75,1.09,1.04,2025-03-15,2044,A,86,6.1NRT,309.75,36.57,D
22.7444,-97.96994,327.57,1.09,1.04,2025-03-15,2044,A,69,6.1NRT,309.26,16.92,D
22.57382,-99.03013,369.06,1.23,1.1,2025-03-15,2044,A,100,6.1NRT,325.9,125.75,D
22.5719,-99.04178,352.96,1.23,1.1,2025-03-15,2044,A,67,6.1NRT,329.56,61.01,D
22.58343,-99.03188,360.67,1.23,1.1,2025-03-15,2044,A,94,6.1NRT,322.22,90.81,D
22.58151,-99.04362,353.98,1.23,1.1,2025-03-15,2044,A,94,6.1NRT,326.57,62.87,D
22.57961,-99.05519,343.57,1.23,1.1,2025-03-15,2044,A,80,6.1NRT,322.15,30.61,D
22.53716,-99.31297,336.13,1.27,1.12,2025-03-15,2044,A,67,6.1NRT,317.4,25.99,D
22.5352,-99.32486,370.78,1.28,1.12,2025-03-15,2044,A,100,6.1NRT,324.16,142.51,D
22.59113,-99.04535,337.84,1.23,1.1,2025-03-15,2044,A,47,6.1NRT,321.79,23.07,D
22.58921,-99.05709,349.46,1.23,1.1,2025-03-15,2044,A,93,6.1NRT,324.73,49.71,D
22.54497,-99.32675,336.87,1.28,1.12,2025-03-15,2044,A,71,6.1NRT,322.98,27.93,D
22.57058,-99.42284,347.22,1.29,1.13,2025-03-15,2044,A,92,6.1NRT,317.39,63.77,D
22.56855,-99.43484,330.35,1.29,1.13,2025-03-15,2044,A,70,6.1NRT,317.67,24.84,D
22.46849,-100.33051,336.52,1.48,1.2,2025-03-15,2044,A,82,6.1NRT,314.78,37.06,D
22.72616,-98.87315,330.9,1.2,1.09,2025-03-15,2044,A,73,6.1NRT,318.33,14.07,D
22.47412,-100.33832,333.93,1.48,1.2,2025-03-15,2044,A,79,6.1NRT,315.23,33.66,D
22.86958,-98.22986,326.1,1.11,1.05,2025-03-15,2044,A,60,6.1NRT,315.7,10.45,D
22.85171,-98.4006,327.53,1.13,1.06,2025-03-15,2044,A,65,6.1NRT,317.41,9.14,D
22.67347,-99.48631,337.5,1.3,1.13,2025-03-15,2044,A,83,6.1NRT,319.95,39.36,D
22.68335,-99.48794,350.33,1.3,1.13,2025-03-15,2044,A,94,6.1NRT,320.39,73.49,D
22.94548,-97.98772,341.31,1.09,1.04,2025-03-15,2044,A,87,6.1NRT,312.13,37.21,D
22.94386,-97.99804,382.91,1.09,1.04,2025-03-15,2044,A,100,6.1NRT,318.49,174.19,D
22.94227,-98.00822,328.41,1.09,1.04,2025-03-15,2044,A,63,6.1NRT,309.18,16.93,D
22.89751,-98.39277,334.94,1.13,1.06,2025-03-15,2044,A,79,6.1NRT,315.64,20.5,D
22.743,-99.32179,353.56,1.26,1.12,2025-03-15,2044,A,96,6.1NRT,321.2,67.29,D
22.74099,-99.33364,366.95,1.27,1.12,2025-03-15,2044,A,100,6.1NRT,323.93,117.49,D
22.73897,-99.34551,342.95,1.27,1.12,2025-03-15,2044,A,70,6.1NRT,321.23,37.52,D
22.90675,-98.39452,333.7,1.13,1.06,2025-03-15,2044,A,78,6.1NRT,316.11,18.75,D
22.74871,-99.34743,353.05,1.27,1.12,2025-03-15,2044,A,96,6.1NRT,324.52,64.36,D
22.75846,-99.34933,354.79,1.27,1.12,2025-03-15,2044,A,97,6.1NRT,325.28,68.87,D
22.88715,-98.69202,345.78,1.17,1.08,2025-03-15,2044,A,90,6.1NRT,326.88,36.92,D
22.95391,-98.33785,339.47,1.12,1.06,2025-03-15,2044,A,85,6.1NRT,316.02,32.33,D
22.95222,-98.34843,337.84,1.12,1.06,2025-03-15,2044,A,83,6.1NRT,317.11,28.94,D
22.82842,-99.16984,415.84,1.24,1.11,2025-03-15,2044,A,100,6.1NRT,328.47,463.46,D
22.8265,-99.18146,426.83,1.24,1.11,2025-03-15,2044,A,100,6.1NRT,339.43,592.56,D
22.79149,-99.39266,336.48,1.28,1.12,2025-03-15,2044,A,82,6.1NRT,319.21,28.23,D
22.8792,-98.92012,381.75,1.2,1.09,2025-03-15,2044,A,100,6.1NRT,325.06,183.52,D
22.87737,-98.9314,357.2,1.2,1.09,2025-03-15,2044,A,98,6.1NRT,322,76.31,D
22.83614,-99.18336,339.75,1.24,1.11,2025-03-15,2044,A,85,6.1NRT,321.98,28.78,D
22.99856,-98.46235,354.1,1.13,1.06,2025-03-15,2044,A,96,6.1NRT,321.08,59.13,D
22.99331,-98.49467,336.74,1.14,1.06,2025-03-15,2044,A,83,6.1NRT,321.19,21.36,D
22.99157,-98.50544,340.26,1.14,1.06,2025-03-15,2044,A,86,6.1NRT,320.74,28.76,D
22.8336,-99.45713,333.23,1.28,1.12,2025-03-15,2044,A,79,6.1NRT,320.01,22.01,D
23.00259,-98.49643,376.27,1.14,1.06,2025-03-15,2044,A,100,6.1NRT,325.79,139.91,D
23.00084,-98.5072,403.4,1.14,1.06,2025-03-15,2044,A,100,6.1NRT,329.43,305.19,D
23.05001,-98.43882,345.78,1.13,1.06,2025-03-15,2044,A,72,6.1NRT,318.85,37.77,D
23.0483,-98.44956,348.36,1.13,1.06,2025-03-15,2044,A,83,6.1NRT,320.28,43.6,D
23.05927,-98.44047,371.58,1.13,1.06,2025-03-15,2044,A,100,6.1NRT,319.6,122.81,D
23.05755,-98.45126,396.59,1.13,1.06,2025-03-15,2044,A,100,6.1NRT,324.36,256.72,D
22.78038,-102.60438,324.57,2.12,1.41,2025-03-15,2044,A,62,6.1NRT,305.86,36.18,D
22.77659,-102.62455,332.95,2.12,1.42,2025-03-15,2044,A,81,6.1NRT,307.16,64.88,D
22.79253,-102.60735,339.43,2.12,1.41,2025-03-15,2044,A,87,6.1NRT,307.8,95.99,D
22.78873,-102.62775,328.92,2.12,1.42,2025-03-15,2044,A,77,6.1NRT,309.67,48.83,D
22.78332,-102.61239,342.51,2.12,1.41,2025-03-15,2044,A,90,6.1NRT,309.21,108.84,D
22.79547,-102.61537,327.02,2.12,1.41,2025-03-15,2044,A,65,6.1NRT,308.14,40.87,D
22.88241,-102.35831,327.99,2.02,1.38,2025-03-15,2044,A,75,6.1NRT,312.58,35.63,D
22.36823,-105.33469,320.04,3.43,1.74,2025-03-15,2044,A,65,6.1NRT,304.32,43.27,D
22.36525,-105.33791,319.4,3.43,1.74,2025-03-15,2044,A,64,6.1NRT,304.82,42.55,D
23.75016,-99.7045,319.12,1.29,1.13,2025-03-15,2044,A,46,6.1NRT,302.74,17.54,D
25.55574,-98.23208,351.23,1.05,1.02,2025-03-15,2044,A,94,6.1NRT,319.08,48.53,D
25.55416,-98.2422,339.83,1.05,1.02,2025-03-15,2044,A,86,6.1NRT,317.31,25.22,D
25.76397,-97.54261,323.68,1.01,1.01,2025-03-15,2044,A,48,6.1NRT,307.34,10.01,D
25.77423,-97.53449,325,1.01,1.01,2025-03-15,2044,A,55,6.1NRT,307.38,11.29,D
25.77276,-97.54427,342.4,1.01,1.01,2025-03-15,2044,A,88,6.1NRT,309.33,35.87,D
25.77555,-97.64554,326.68,1.02,1.01,2025-03-15,2044,A,65,6.1NRT,313.94,8.77,D
25.41022,-100.61392,390.54,1.37,1.16,2025-03-15,2044,A,100,6.1NRT,305.86,303.46,D
25.40784,-100.62739,398.5,1.37,1.16,2025-03-15,2044,A,100,6.1NRT,318.67,372.54,D
25.57969,-99.74544,365.09,1.21,1.09,2025-03-15,2044,A,100,6.1NRT,314.47,116.36,D
25.57773,-99.75708,327.38,1.21,1.1,2025-03-15,2044,A,71,6.1NRT,311.4,16.84,D
25.58921,-99.74745,326.87,1.21,1.09,2025-03-15,2044,A,65,6.1NRT,308.55,15.73,D
25.55723,-99.99704,323.61,1.25,1.11,2025-03-15,2044,A,69,6.1NRT,309.55,12.95,D
25.55522,-100.00899,324.51,1.25,1.11,2025-03-15,2044,A,71,6.1NRT,308.78,14.61,D
25.95663,-97.67179,340.65,1.02,1.01,2025-03-15,2044,A,86,6.1NRT,316.95,27.06,D
25.95515,-97.68162,327.54,1.02,1.01,2025-03-15,2044,A,68,6.1NRT,317.38,7.71,D
25.43391,-100.89975,319.36,1.42,1.18,2025-03-15,2044,A,53,6.1NRT,305.41,7.26,D
25.59451,-100.08479,319.34,1.26,1.12,2025-03-15,2044,A,49,6.1NRT,308.53,10.26,D
25.63381,-100.03084,330.9,1.25,1.11,2025-03-15,2044,A,79,6.1NRT,307.69,26.17,D
25.63178,-100.04281,337.96,1.25,1.11,2025-03-15,2044,A,86,6.1NRT,309.1,40.15,D
25.58934,-100.89155,322.16,1.41,1.18,2025-03-15,2044,A,46,6.1NRT,310.48,10.1,D
25.97868,-98.72745,325.19,1.08,1.04,2025-03-15,2044,A,66,6.1NRT,314.14,9.47,D
26.03682,-98.4148,324.15,1.06,1.03,2025-03-15,2044,A,62,6.1NRT,313.21,8.4,D
26.14501,-98.13399,328.04,1.04,1.02,2025-03-15,2044,A,71,6.1NRT,312.26,12.77,D
26.11217,-98.34573,334.71,1.05,1.02,2025-03-15,2044,A,81,6.1NRT,312.08,23.03,D
26.11059,-98.35587,330.19,1.05,1.02,2025-03-15,2044,A,75,6.1NRT,313.81,15.64,D
25.78665,-100.52888,330.14,1.33,1.14,2025-03-15,2044,A,77,6.1NRT,315.62,22.04,D
25.95984,-99.6928,322.12,1.19,1.09,2025-03-15,2044,A,57,6.1NRT,310.68,10.33,D
26.15734,-98.59313,332.81,1.07,1.03,2025-03-15,2044,A,75,6.1NRT,316.08,15.45,D
26.16633,-98.59492,334.71,1.07,1.03,2025-03-15,2044,A,81,6.1NRT,318.03,18.12,D
26.17529,-98.70914,352.18,1.08,1.04,2025-03-15,2044,A,95,6.1NRT,314.18,55.95,D
26.17362,-98.71954,334.39,1.08,1.04,2025-03-15,2044,A,81,6.1NRT,315.12,20.78,D
25.93496,-100.38432,340.03,1.3,1.13,2025-03-15,2044,A,87,6.1NRT,312.56,43.9,D
25.93283,-100.39667,329.37,1.3,1.13,2025-03-15,2044,A,65,6.1NRT,310.48,21.34,D
26.48301,-99.09988,351.14,1.1,1.05,2025-03-15,2044,A,95,6.1NRT,310.26,56.11,D
26.48126,-99.11057,333.33,1.1,1.05,2025-03-15,2044,A,61,6.1NRT,313.02,19.32,D
26.49214,-99.10174,332.86,1.1,1.05,2025-03-15,2044,A,57,6.1NRT,309.39,18.16,D
26.49039,-99.11243,344.42,1.1,1.05,2025-03-15,2044,A,90,6.1NRT,313.86,39.51,D
26.49953,-99.11428,331.1,1.1,1.05,2025-03-15,2044,A,69,6.1NRT,311.95,15.62,D
26.50867,-99.11614,346.79,1.1,1.05,2025-03-15,2044,A,92,6.1NRT,311.65,45.09,D
26.50693,-99.12684,331.79,1.11,1.05,2025-03-15,2044,A,61,6.1NRT,315.09,16.69,D
7.0589,-63.69947,306.43,1.47,1.2,2025-03-16,0124,T,68,6.1NRT,287.76,11.94,N
7.7655,-62.38542,320.14,1.19,1.08,2025-03-16,0124,T,100,6.1NRT,287.28,21.33,N
7.76399,-62.39587,303.79,1.19,1.08,2025-03-16,0124,T,57,6.1NRT,286.68,5.28,N
7.95768,-62.13218,304.94,1.14,1.07,2025-03-16,0124,T,62,6.1NRT,292.52,5.06,N
7.96707,-62.13356,304.4,1.14,1.07,2025-03-16,0124,T,60,6.1NRT,292.46,4.67,N
8.6506,-62.77519,307.44,1.22,1.1,2025-03-16,0124,T,71,6.1NRT,290.96,7.67,N
19.03851,-71.99996,303.23,3.78,1.82,2025-03-16,0126,T,16,6.1NRT,288.13,46.4,N
8.64904,-62.78596,309.9,1.22,1.1,2025-03-16,0124,T,79,6.1NRT,291.75,9.78,N
8.72262,-62.91373,303.74,1.24,1.1,2025-03-16,0124,T,57,6.1NRT,291.46,4.48,N
19.03131,-72.00475,307.21,3.78,1.82,2025-03-16,0126,T,71,6.1NRT,287.72,66.62,N
8.68712,-63.15825,309.07,1.28,1.12,2025-03-16,0124,T,76,6.1NRT,293.18,9.29,N
8.55494,-64.13349,307.08,1.49,1.21,2025-03-16,0124,T,70,6.1NRT,276.08,13.61,N
8.55926,-64.14043,302.62,1.49,1.21,2025-03-16,0124,T,50,6.1NRT,275.83,9.25,N
8.78064,-64.04014,304.32,1.46,1.19,2025-03-16,0124,T,6,6.1NRT,285.38,7.01,N
8.77869,-64.05297,306.66,1.46,1.19,2025-03-16,0124,T,48,6.1NRT,286.33,9.81,N
8.77673,-64.06587,309.75,1.46,1.2,2025-03-16,0124,T,78,6.1NRT,286.06,13.41,N
8.77477,-64.07881,303.21,1.47,1.2,2025-03-16,0124,T,14,6.1NRT,284.16,6.26,N
8.78724,-64.06755,310.15,1.46,1.2,2025-03-16,0124,T,31,6.1NRT,286.07,12.97,N
8.91192,-63.30407,308.14,1.3,1.13,2025-03-16,0124,T,74,6.1NRT,288.2,10.53,N
9.0744,-62.26008,314.24,1.13,1.06,2025-03-16,0124,T,89,6.1NRT,293.26,12.89,N
9.07295,-62.2701,310.31,1.13,1.06,2025-03-16,0124,T,80,6.1NRT,293.26,9.4,N
8.92252,-63.57424,305.17,1.35,1.15,2025-03-16,0124,T,63,6.1NRT,287.92,8.06,N
9.09967,-64.18723,306,1.48,1.2,2025-03-16,0124,T,66,6.1NRT,277.51,11.59,N
9.05211,-64.5088,327.62,1.56,1.23,2025-03-16,0124,T,100,6.1NRT,286.38,49.1,N
9.05006,-64.52262,327.55,1.57,1.23,2025-03-16,0124,T,100,6.1NRT,287.14,48.09,N
9.10439,-64.19426,303.73,1.48,1.2,2025-03-16,0124,T,57,6.1NRT,274.93,10.09,N
9.05463,-64.51547,341.04,1.56,1.23,2025-03-16,0124,T,100,6.1NRT,288.15,84.98,N
9.05247,-64.5294,304.41,1.57,1.23,2025-03-16,0124,T,60,6.1NRT,286.88,8.43,N
9.1521,-63.95311,302.69,1.42,1.18,2025-03-16,0124,T,51,6.1NRT,281.25,7.55,N
9.37781,-63.61449,306.13,1.34,1.15,2025-03-16,0124,T,64,6.1NRT,289.96,7.88,N
9.48272,-63.11837,315.71,1.24,1.11,2025-03-16,0124,T,91,6.1NRT,293.79,15.92,N
9.48109,-63.12937,330.37,1.24,1.11,2025-03-16,0124,T,100,6.1NRT,294.4,37.43,N
9.47946,-63.14038,305.27,1.24,1.11,2025-03-16,0124,T,60,6.1NRT,293.67,6,N
9.49409,-63.10889,312.03,1.24,1.11,2025-03-16,0124,T,83,6.1NRT,293.44,12.46,N
9.49247,-63.11987,322.57,1.24,1.11,2025-03-16,0124,T,100,6.1NRT,293.8,24.71,N
9.49084,-63.13087,324.42,1.24,1.11,2025-03-16,0124,T,100,6.1NRT,293.8,27.33,N
9.55257,-62.77753,309.26,1.19,1.08,2025-03-16,0124,T,76,6.1NRT,292.98,9.57,N
9.50221,-63.12136,304.53,1.24,1.11,2025-03-16,0124,T,46,6.1NRT,293.45,5.42,N
9.50059,-63.13237,325.74,1.24,1.11,2025-03-16,0124,T,100,6.1NRT,293.75,29.87,N
9.37351,-64.52833,313.83,1.55,1.23,2025-03-16,0124,T,87,6.1NRT,293.15,19.27,N
9.37142,-64.54202,305.56,1.55,1.23,2025-03-16,0124,T,62,6.1NRT,292.92,8.2,N
9.61039,-63.29762,303.11,1.27,1.12,2025-03-16,0124,T,45,6.1NRT,292.84,4.42,N
9.55993,-63.63049,309.43,1.33,1.14,2025-03-16,0124,T,75,6.1NRT,293.12,11.07,N
9.6475,-63.52478,306.78,1.31,1.13,2025-03-16,0124,T,31,6.1NRT,293.74,6.43,N
9.64238,-63.55964,377.92,1.31,1.14,2025-03-16,0124,T,100,6.1NRT,295.68,211.53,N
9.64066,-63.57131,349.73,1.32,1.14,2025-03-16,0124,T,100,6.1NRT,294.58,87.57,N
9.61815,-63.72429,364.47,1.35,1.15,2025-03-16,0124,T,100,6.1NRT,294.34,149.76,N
9.61639,-63.73621,320,1.35,1.15,2025-03-16,0124,T,99,6.1NRT,292.11,23.88,N
9.65749,-63.52624,318.16,1.31,1.13,2025-03-16,0124,T,96,6.1NRT,293.68,18.98,N
9.6558,-63.53782,329.58,1.31,1.14,2025-03-16,0124,T,100,6.1NRT,294.33,36.98,N
9.65069,-63.57273,324.85,1.32,1.14,2025-03-16,0124,T,100,6.1NRT,293.88,29.39,N
9.64898,-63.58442,308.37,1.32,1.14,2025-03-16,0124,T,56,6.1NRT,293.56,7.63,N
9.65689,-63.53188,326.22,1.31,1.13,2025-03-16,0124,T,100,6.1NRT,294.52,31.83,N
9.65513,-63.54345,308.65,1.31,1.14,2025-03-16,0124,T,28,6.1NRT,293.85,8.13,N
9.65158,-63.56667,316.34,1.31,1.14,2025-03-16,0124,T,70,6.1NRT,293.99,16.07,N
9.6498,-63.57834,323.96,1.32,1.14,2025-03-16,0124,T,100,6.1NRT,293.85,27.86,N
9.62639,-63.73125,305.35,1.35,1.15,2025-03-16,0124,T,59,6.1NRT,292.29,6.72,N
9.65448,-63.61491,307.81,1.32,1.14,2025-03-16,0124,T,62,6.1NRT,293.74,7.62,N
9.65269,-63.62667,385.65,1.33,1.14,2025-03-16,0124,T,100,6.1NRT,296.11,265.61,N
9.65089,-63.63851,342.81,1.33,1.14,2025-03-16,0124,T,100,6.1NRT,293.68,69.03,N
9.69857,-63.52633,305.1,1.31,1.13,2025-03-16,0124,T,58,6.1NRT,292.95,6.3,N
9.74367,-63.42795,305.64,1.29,1.13,2025-03-16,0124,T,61,6.1NRT,294.03,6.57,N
9.73691,-63.47379,313.49,1.29,1.13,2025-03-16,0124,T,86,6.1NRT,294.56,14.33,N
10.05843,-64.87148,307.6,1.6,1.24,2025-03-16,0124,T,10,6.1NRT,291.77,9.69,N
10.05625,-64.8857,324.46,1.6,1.25,2025-03-16,0124,T,100,6.1NRT,291.89,38.77,N
10.21129,-64.61962,309.71,1.52,1.22,2025-03-16,0124,T,78,6.1NRT,292.8,13.99,N
9.65697,-68.72016,303.02,3.26,1.71,2025-03-16,0124,T,46,6.1NRT,286.03,22.56,N
9.65561,-68.72662,304.03,3.26,1.71,2025-03-16,0124,T,53,6.1NRT,285.86,26.21,N
16.2474,-92.5631,307.58,2.09,1.41,2025-03-16,0304,T,72,6.1NRT,295.03,19.27,N
16.25,-92.56866,308.5,2.09,1.41,2025-03-16,0304,T,75,6.1NRT,294.74,22.68,N
17.89769,-92.48418,316.49,1.91,1.35,2025-03-16,0304,T,93,6.1NRT,297.81,31.22,N
17.89474,-92.50163,315.85,1.92,1.35,2025-03-16,0304,T,91,6.1NRT,297.49,29.88,N
17.84564,-93.10708,313.84,2.14,1.42,2025-03-16,0304,T,88,6.1NRT,298.02,31.67,N
17.84225,-93.12649,327.84,2.15,1.42,2025-03-16,0304,T,100,6.1NRT,298.2,74.34,N
14.44433,-87.12394,313.76,1.04,1.02,2025-03-16,0304,T,88,6.1NRT,294.29,11.88,N
18.11384,-91.73993,318.73,1.67,1.27,2025-03-16,0304,T,97,6.1NRT,297.64,31.37,N
14.44298,-87.1333,327.93,1.04,1.02,2025-03-16,0304,T,100,6.1NRT,294.66,26.57,N
17.89768,-93.17799,330.05,2.16,1.43,2025-03-16,0304,T,100,6.1NRT,298.81,83.05,N
15.09839,-87.95653,314.54,1.1,1.04,2025-03-16,0304,T,89,6.1NRT,297.09,11.65,N
17.89435,-93.19758,324.63,2.17,1.43,2025-03-16,0304,T,100,6.1NRT,298.69,64.03,N
15.28618,-87.99883,309.47,1.1,1.04,2025-03-16,0304,T,76,6.1NRT,297.19,7.31,N
17.89869,-93.18464,329.81,2.16,1.43,2025-03-16,0304,T,100,6.1NRT,299.31,83.21,N
15.28473,-88.00871,350.12,1.1,1.04,2025-03-16,0304,T,100,6.1NRT,297.94,68.79,N
18.0895,-94.0477,308.62,2.5,1.52,2025-03-16,0304,T,75,6.1NRT,296.35,29.45,N
20.63338,-76.85275,305.83,4.28,1.91,2025-03-16,0304,T,38,6.1NRT,290.33,52.99,N
20.63711,-76.85841,305.86,4.28,1.91,2025-03-16,0304,T,38,6.1NRT,290.31,54.06,N
18.50587,-96.13613,307.07,3.53,1.77,2025-03-16,0304,T,70,6.1NRT,296.87,35.48,N
19.39352,-92.04046,311.4,1.66,1.27,2025-03-16,0306,T,75,6.1NRT,299.74,16.19,N
19.44386,-92.08177,310.48,1.67,1.27,2025-03-16,0306,T,71,6.1NRT,299.37,14.73,N
21.09219,-89.31311,314.86,1.09,1.04,2025-03-16,0306,T,87,6.1NRT,299.27,10.99,N
22.67217,-80.25398,306.65,2.52,1.53,2025-03-16,0306,T,69,6.1NRT,292.54,27.68,N
22.36098,-83.27839,307.95,1.5,1.21,2025-03-16,0306,T,52,6.1NRT,295.14,10.49,N
22.66677,-80.25874,303.84,2.52,1.53,2025-03-16,0306,T,57,6.1NRT,292.5,21.32,N
30.34451,-98.71247,320.04,2.9,1.62,2025-03-16,0308,T,98,6.1NRT,284.29,91.48,N
30.33855,-98.74063,332.87,2.91,1.63,2025-03-16,0308,T,99,6.1NRT,285.45,158.68,N
30.35854,-98.71626,315.48,2.9,1.62,2025-03-16,0308,T,45,6.1NRT,283.52,69.52,N
30.35256,-98.74459,337.38,2.91,1.63,2025-03-16,0308,T,94,6.1NRT,285.33,185.49,N
30.36051,-98.7775,322.94,2.93,1.63,2025-03-16,0308,T,40,6.1NRT,284.09,98.66,N
30.34746,-98.71965,332.22,2.9,1.62,2025-03-16,0308,T,100,6.1NRT,285.14,154.89,N
30.34131,-98.7478,327.14,2.91,1.63,2025-03-16,0308,T,65,6.1NRT,285.14,121.19,N
30.35533,-98.75177,332.61,2.91,1.63,2025-03-16,0308,T,61,6.1NRT,284.75,149.61,N
30.36307,-98.78473,327.29,2.93,1.63,2025-03-16,0308,T,49,6.1NRT,284.46,123.29,N
32.37273,-93.63647,319.67,1.24,1.11,2025-03-16,0308,T,99,6.1NRT,284.76,27.99,N
32.37056,-93.64925,303.02,1.24,1.11,2025-03-16,0308,T,53,6.1NRT,282.78,10.94,N
26.52486,-106.31815,304.62,2.24,1.45,2025-03-16,0446,T,58,6.1NRT,277.16,31.64,N
29.26393,-110.89104,321.98,1.22,1.1,2025-03-16,0446,T,100,6.1NRT,285.23,30.55,N
30.49826,-109.62824,310.18,1.5,1.21,2025-03-16,0446,T,79,6.1NRT,276.68,26.31,N
11.74502,-70.19166,333.04,1.06,1.03,2025-03-16,0714,A,100,6.1NRT,294.09,34.12,N
11.73597,-70.19299,314.82,1.06,1.03,2025-03-16,0714,A,90,6.1NRT,293.29,12.35,N
10.06555,-64.87706,313.41,1.5,1.21,2025-03-16,0714,A,65,6.1NRT,288.75,18.94,N
10.06125,-64.85059,305.81,1.51,1.21,2025-03-16,0714,A,45,6.1NRT,289.02,11.19,N
10.05498,-64.87891,308.61,1.5,1.21,2025-03-16,0714,A,27,6.1NRT,289.19,12.96,N
9.65987,-63.53347,314.38,1.93,1.36,2025-03-16,0714,A,89,6.1NRT,285.28,33.64,N
9.65703,-63.51637,306.82,1.93,1.36,2025-03-16,0714,A,69,6.1NRT,285.11,19.94,N
9.66208,-63.61962,301.88,1.9,1.35,2025-03-16,0714,A,40,6.1NRT,284.13,12.85,N
9.65367,-63.56928,327.31,1.91,1.35,2025-03-16,0714,A,100,6.1NRT,285.22,65.77,N
9.65084,-63.55232,332.18,1.92,1.35,2025-03-16,0714,A,100,6.1NRT,286.01,81.4,N
9.65306,-63.638,313.07,1.89,1.34,2025-03-16,0714,A,86,6.1NRT,282.04,32.08,N
9.65028,-63.62144,350.42,1.9,1.35,2025-03-16,0714,A,100,6.1NRT,283.64,162.79,N
9.63896,-63.55406,302.47,1.92,1.35,2025-03-16,0714,A,9,6.1NRT,285.08,11.49,N
9.4888,-63.13396,300.98,2.09,1.41,2025-03-16,0714,A,28,6.1NRT,289.28,11.68,N
9.48571,-63.11559,303.21,2.09,1.41,2025-03-16,0714,A,54,6.1NRT,289.62,15.44,N
9.47652,-63.13605,300.89,2.09,1.41,2025-03-16,0714,A,9,6.1NRT,289.73,10.78,N
9.37306,-64.52573,309.88,1.64,1.26,2025-03-16,0714,A,79,6.1NRT,290.96,17.24,N
9.37073,-64.51134,301.83,1.64,1.26,2025-03-16,0714,A,45,6.1NRT,290.33,6.84,N
8.55891,-64.13427,306.69,1.81,1.32,2025-03-16,0714,A,69,6.1NRT,292.1,16.05,N
26.23092,-94.674,305.8,1.54,1.22,2025-03-16,0850,A,37,6.1NRT,293.45,11.39,N
19.60629,-92.29098,310.24,1.01,1.01,2025-03-16,0852,A,70,6.1NRT,297.79,7.44,N
19.44805,-92.08387,316.79,1.01,1,2025-03-16,0852,A,92,6.1NRT,298.24,12.39,N
19.40257,-92.03981,310.56,1.01,1,2025-03-16,0852,A,71,6.1NRT,298.06,7.17,N
18.64705,-92.17281,314.21,1,1,2025-03-16,0852,A,87,6.1NRT,298.77,9.87,N
18.4249,-93.18478,312.08,1.05,1.02,2025-03-16,0852,A,83,6.1NRT,298.81,9.39,N
18.20933,-94.00377,305.84,1.12,1.05,2025-03-16,0852,A,66,6.1NRT,293.59,7.6,N
18.04728,-93.0625,304.99,1.04,1.02,2025-03-16,0852,A,62,6.1NRT,294.7,6.14,N
17.89902,-92.48984,312.6,1.01,1,2025-03-16,0852,A,85,6.1NRT,296.21,9.55,N
18.09566,-94.04832,314.43,1.12,1.06,2025-03-16,0852,A,89,6.1NRT,293.34,15.76,N
18.09422,-94.03802,309.44,1.12,1.06,2025-03-16,0852,A,77,6.1NRT,293.47,11.3,N
18.10807,-94.3457,307.76,1.16,1.07,2025-03-16,0852,A,72,6.1NRT,295.27,8.87,N
17.90764,-93.184,331.5,1.04,1.02,2025-03-16,0852,A,100,6.1NRT,296.18,31.86,N
17.90626,-93.17446,327.06,1.04,1.02,2025-03-16,0852,A,100,6.1NRT,296.53,25.93,N
17.89869,-93.18536,323.11,1.04,1.02,2025-03-16,0852,A,100,6.1NRT,297.7,22.03,N
17.89731,-93.17583,304.93,1.04,1.02,2025-03-16,0852,A,62,6.1NRT,294.4,6.16,N
17.84439,-93.12558,305.23,1.04,1.02,2025-03-16,0852,A,60,6.1NRT,292.59,6.33,N
17.84302,-93.11609,365.83,1.04,1.02,2025-03-16,0852,A,100,6.1NRT,297.41,108.2,N
17.84166,-93.10661,314.04,1.04,1.02,2025-03-16,0852,A,88,6.1NRT,294.28,12.45,N
17.97668,-94.51986,325.26,1.18,1.08,2025-03-16,0852,A,100,6.1NRT,298.33,28.02,N
18.43535,-102.48099,308.1,4.61,1.97,2025-03-16,0852,A,73,6.1NRT,289.27,93.24,N
18.43162,-102.48582,300.76,4.61,1.97,2025-03-16,0852,A,33,6.1NRT,288.9,55.86,N
17.39499,-95.90085,307.22,1.4,1.17,2025-03-16,0852,A,71,6.1NRT,295.69,10.68,N
16.24763,-92.5705,302.99,1,1,2025-03-16,0852,A,53,6.1NRT,291.97,5.68,N
16.20429,-95.16886,315.38,1.22,1.1,2025-03-16,0852,A,91,6.1NRT,296.32,15.71,N
14.73723,-91.56576,306.9,1.03,1.02,2025-03-16,0852,A,70,6.1NRT,287.06,10.42,N
14.25723,-91.51672,319.7,1.04,1.02,2025-03-16,0852,A,99,6.1NRT,292.94,18.02,N
14.25577,-91.50734,337.54,1.04,1.02,2025-03-16,0852,A,100,6.1NRT,294.75,41.6,N
14.02108,-90.48819,303.71,1.15,1.07,2025-03-16,0854,A,57,6.1NRT,286.8,7.39,N
14.02212,-90.61404,304.99,1.13,1.06,2025-03-16,0854,A,62,6.1NRT,288.14,7.83,N
33.44135,-88.57112,309.99,1.01,1,2025-03-16,0848,A,79,6.1NRT,284.19,12.29,N
9.08346,-62.26138,315.59,1.03,1.01,2025-03-16,1340,T,26,6.1NRT,295.22,6.88,D
9.07455,-62.26262,316.78,1.03,1.01,2025-03-16,1340,T,68,6.1NRT,295.47,8.22,D
9.07327,-62.25354,320.18,1.03,1.01,2025-03-16,1340,T,74,6.1NRT,295.71,11.23,D
9.37791,-64.52946,318.97,1.31,1.14,2025-03-16,1340,T,39,6.1NRT,296.57,8.32,D
9.37634,-64.51778,318.53,1.31,1.14,2025-03-16,1340,T,41,6.1NRT,296.97,7.12,D
8.90306,-62.35467,327.39,1.03,1.01,2025-03-16,1340,T,81,6.1NRT,295.99,17.77,D
9.45436,-67.03783,321.04,2.02,1.38,2025-03-16,1340,T,64,6.1NRT,296.84,16.57,D
8.74232,-65.72267,320.25,1.56,1.23,2025-03-16,1340,T,65,6.1NRT,298.43,13.01,D
8.32312,-65.83126,324.37,1.57,1.23,2025-03-16,1340,T,73,6.1NRT,297.48,18.03,D
8.31867,-65.82455,325.36,1.56,1.23,2025-03-16,1340,T,74,6.1NRT,297.76,18.98,D
16.24134,-92.57977,320.65,3,1.65,2025-03-16,1516,T,54,6.1NRT,300.78,48.88,D
16.23922,-92.58606,335.01,3,1.65,2025-03-16,1516,T,86,6.1NRT,299.59,133.69,D
16.23636,-92.55928,327.69,2.99,1.64,2025-03-16,1516,T,80,6.1NRT,301.84,83.71,D
16.22471,-92.58771,320.13,3,1.65,2025-03-16,1516,T,71,6.1NRT,300.56,49.28,D
16.22186,-92.56074,320.34,2.99,1.64,2025-03-16,1516,T,68,6.1NRT,303.72,47.45,D
14.91015,-84.02237,321.35,1.01,1.01,2025-03-16,1516,T,75,6.1NRT,302.54,10.79,D
15.10935,-87.94752,326.63,1.3,1.13,2025-03-16,1516,T,80,6.1NRT,305.04,21.44,D
14.67183,-88.11853,315.3,1.31,1.14,2025-03-16,1516,T,61,6.1NRT,301.68,10.97,D
13.84369,-83.50431,314.91,1.06,1.03,2025-03-16,1516,T,56,6.1NRT,302.17,6.15,D
14.74586,-90.46648,323.48,1.95,1.36,2025-03-16,1516,T,76,6.1NRT,300.53,36.06,D
14.7337,-91.56611,313.04,2.38,1.49,2025-03-16,1516,T,49,6.1NRT,295.37,27.89,D
14.03598,-87.47269,313.7,1.19,1.08,2025-03-16,1516,T,55,6.1NRT,301.06,7.67,D
14.47642,-91.95132,319.48,2.52,1.53,2025-03-16,1516,T,67,6.1NRT,292.22,31.65,D
13.95391,-89.1465,321.55,1.51,1.21,2025-03-16,1516,T,50,6.1NRT,304.48,11.74,D
14.05442,-90.7532,337.69,2,1.38,2025-03-16,1516,T,87,6.1NRT,300.62,80.47,D
14.05001,-90.7597,346.42,2,1.38,2025-03-16,1516,T,93,6.1NRT,300.24,122.32,D
14.03643,-91.06126,320.77,2.11,1.41,2025-03-16,1516,T,59,6.1NRT,300.98,27.6,D
13.27483,-87.9801,319.16,1.24,1.11,2025-03-16,1516,T,48,6.1NRT,303.15,10.32,D
12.61928,-86.60136,329.39,1.05,1.03,2025-03-16,1516,T,80,6.1NRT,303.08,18.45,D
26.75646,-77.39648,324.95,1.49,1.21,2025-03-16,1512,T,58,6.1NRT,296.53,29.69,D
8.59106,-80.47565,315.06,1.93,1.36,2025-03-16,1516,T,62,6.1NRT,295.86,16.81,D
26.74339,-77.3843,319.93,1.5,1.21,2025-03-16,1512,T,39,6.1NRT,298.17,20.23,D
26.86609,-80.5254,351.95,1.05,1.02,2025-03-16,1512,T,96,6.1NRT,297.43,65.2,D
26.55575,-78.62132,312.13,1.27,1.12,2025-03-16,1512,T,53,6.1NRT,296.57,9.1,D
26.55282,-78.61504,311.7,1.27,1.12,2025-03-16,1512,T,33,6.1NRT,296.04,7.78,D
26.74952,-80.61216,323.17,1.04,1.02,2025-03-16,1512,T,78,6.1NRT,298.32,15.36,D
26.77065,-80.991,325.45,1.02,1.01,2025-03-16,1512,T,80,6.1NRT,301.64,17.48,D
25.00347,-78.0545,313.2,1.46,1.19,2025-03-16,1514,T,57,6.1NRT,293.43,13.16,D
25.00104,-78.04057,313.67,1.46,1.19,2025-03-16,1514,T,59,6.1NRT,292.17,13.96,D
24.65066,-78.03617,314.8,1.48,1.2,2025-03-16,1514,T,62,6.1NRT,295.13,15.82,D
22.95267,-80.66328,311.8,1.12,1.06,2025-03-16,1514,T,51,6.1NRT,294.78,4.75,D
22.76544,-79.82443,324.92,1.24,1.11,2025-03-16,1514,T,78,6.1NRT,299.3,22.18,D
22.64569,-79.78044,320.32,1.25,1.11,2025-03-16,1514,T,72,6.1NRT,302.62,14.41,D
22.76447,-81.23651,313.06,1.07,1.03,2025-03-16,1514,T,43,6.1NRT,296.47,8.27,D
22.67398,-81.31017,313.77,1.07,1.03,2025-03-16,1514,T,45,6.1NRT,295.78,5.31,D
22.3538,-83.26989,319.54,1,1,2025-03-16,1514,T,33,6.1NRT,302.74,8.65,D
21.73345,-79.6739,315.96,1.31,1.14,2025-03-16,1514,T,65,6.1NRT,299.18,10.36,D
20.90077,-77.21819,319.81,2,1.38,2025-03-16,1514,T,71,6.1NRT,300.22,23.61,D
20.89747,-77.19968,321.66,2.01,1.38,2025-03-16,1514,T,74,6.1NRT,300.46,29.34,D
20.58428,-75.91372,316.29,2.55,1.54,2025-03-16,1514,T,54,6.1NRT,299.4,25.99,D
20.69246,-77.01823,317.31,2.09,1.41,2025-03-16,1514,T,61,6.1NRT,299.56,17.18,D
20.68901,-76.99892,328.13,2.1,1.41,2025-03-16,1514,T,81,6.1NRT,301.22,51.39,D
20.48501,-76.3162,315.6,2.39,1.49,2025-03-16,1514,T,62,6.1NRT,299.51,17.14,D
20.38374,-76.76554,317.63,2.22,1.44,2025-03-16,1514,T,57,6.1NRT,299.95,20.09,D
31.35261,-97.64088,313.38,2.37,1.49,2025-03-16,1650,T,70,6.1NRT,296.55,31.23,D
31.34772,-97.61714,322.96,2.38,1.49,2025-03-16,1650,T,80,6.1NRT,296.31,62.88,D
30.23216,-93.54562,305.32,4.79,2,2025-03-16,1650,T,54,6.1NRT,292.12,57.29,D
30.23219,-93.55292,305.75,4.79,2,2025-03-16,1650,T,47,6.1NRT,292.11,53.64,D
32.28325,-106.80868,310.83,1.05,1.02,2025-03-16,1650,T,57,6.1NRT,297.5,5,D
32.55677,-109.92664,304.15,1.48,1.2,2025-03-16,1650,T,45,6.1NRT,286.88,8.23,D
29.73812,-94.12706,329.91,4.5,1.95,2025-03-16,1650,T,85,6.1NRT,293.86,234.45,D
29.73559,-94.13467,325.85,4.5,1.95,2025-03-16,1650,T,78,6.1NRT,293.65,196.78,D
29.72527,-94.09101,311.48,4.54,1.96,2025-03-16,1650,T,50,6.1NRT,293.02,80.3,D
28.72989,-96.15627,318.58,3.47,1.75,2025-03-16,1650,T,54,6.1NRT,302.15,66.19,D
28.7338,-96.16209,323.1,3.47,1.75,2025-03-16,1650,T,0,6.1NRT,301.71,92.43,D
28.55596,-96.70883,319.79,3.21,1.7,2025-03-16,1650,T,28,6.1NRT,303.48,47.28,D
28.54139,-96.71289,324.2,3.21,1.7,2025-03-16,1650,T,77,6.1NRT,304.05,76.38,D
28.53469,-96.68178,323.47,3.23,1.7,2025-03-16,1650,T,76,6.1NRT,301.09,73.31,D
30.49991,-109.62732,321.42,1.34,1.15,2025-03-16,1650,T,77,6.1NRT,293.22,24.65,D
30.48981,-109.62871,316.54,1.34,1.15,2025-03-16,1650,T,71,6.1NRT,293.62,17.1,D
30.06974,-107.62175,316.1,1.07,1.03,2025-03-16,1650,T,68,6.1NRT,298.32,7.23,D
28.27078,-101.04367,315.32,1.63,1.26,2025-03-16,1650,T,65,6.1NRT,304.24,11.71,D
29.12172,-107.00471,318.24,1.02,1.01,2025-03-16,1650,T,72,6.1NRT,300.91,9.15,D
27.9866,-105.28691,314.14,1.03,1.01,2025-03-16,1652,T,59,6.1NRT,302.29,5.61,D
27.98507,-105.27681,321.13,1.03,1.01,2025-03-16,1652,T,73,6.1NRT,302.86,12.53,D
27.04939,-107.35816,306.92,1.01,1.01,2025-03-16,1652,T,31,6.1NRT,293.66,4.5,D
26.52514,-106.33235,335.13,1,1,2025-03-16,1652,T,88,6.1NRT,298.5,31.61,D
26.52371,-106.3226,337.5,1,1,2025-03-16,1652,T,77,6.1NRT,298.62,32.74,D
26.52228,-106.31287,335.13,1,1,2025-03-16,1652,T,80,6.1NRT,301.15,29.16,D
26.51353,-106.31441,356.19,1,1,2025-03-16,1652,T,98,6.1NRT,299.75,71.67,D
26.5121,-106.30467,323.86,1,1,2025-03-16,1652,T,58,6.1NRT,297.97,16.38,D
26.29859,-106.6797,307.88,1,1,2025-03-16,1652,T,54,6.1NRT,294.75,5.49,D
26.29719,-106.67001,307.78,1,1,2025-03-16,1652,T,54,6.1NRT,293.53,5.77,D
25.76134,-103.32988,312.86,1.3,1.13,2025-03-16,1652,T,49,6.1NRT,296.24,7.36,D
24.86886,-99.44153,317.43,2.5,1.52,2025-03-16,1652,T,73,6.1NRT,299.6,37.46,D
24.86415,-99.41783,309.62,2.51,1.52,2025-03-16,1652,T,48,6.1NRT,297.75,13.72,D
24.8731,-99.44607,314.48,2.5,1.52,2025-03-16,1652,T,58,6.1NRT,299.88,24.15,D
24.86856,-99.42231,313.43,2.51,1.52,2025-03-16,1652,T,52,6.1NRT,298.82,21.07,D
23.71077,-99.08636,311.1,2.82,1.6,2025-03-16,1652,T,60,6.1NRT,289.96,27.96,D
24.0765,-103.4248,316.78,1.37,1.16,2025-03-16,1652,T,61,6.1NRT,301.43,10.55,D
23.77633,-105.35593,308.01,1.1,1.05,2025-03-16,1652,T,22,6.1NRT,293.34,5.07,D
23.73441,-106.27967,308.44,1.03,1.01,2025-03-16,1652,T,55,6.1NRT,294.91,4.3,D
22.46185,-99.17456,322.25,2.96,1.64,2025-03-16,1652,T,48,6.1NRT,296.07,59.03,D
22.454,-99.15443,318.08,2.97,1.64,2025-03-16,1652,T,18,6.1NRT,298.4,40.38,D
22.44368,-99.1018,319.39,3,1.65,2025-03-16,1652,T,70,6.1NRT,297.35,54.35,D
24.20394,-110.23665,318.12,1.22,1.1,2025-03-16,1652,T,42,6.1NRT,299.2,10.81,D
24.19572,-110.24972,324.65,1.22,1.1,2025-03-16,1652,T,77,6.1NRT,298.92,20.44,D
24.19428,-110.23795,317.08,1.22,1.1,2025-03-16,1652,T,64,6.1NRT,298.74,10.72,D
23.55574,-105.77904,314.14,1.07,1.03,2025-03-16,1652,T,43,6.1NRT,298.66,8.04,D
23.54767,-105.78717,314.85,1.07,1.03,2025-03-16,1652,T,69,6.1NRT,300.55,9.4,D
23.54602,-105.7762,312.65,1.07,1.03,2025-03-16,1652,T,58,6.1NRT,300.74,7.46,D
21.53203,-98.71452,315,3.35,1.73,2025-03-16,1652,T,67,6.1NRT,299.32,38.99,D
21.53399,-98.71958,313.65,3.35,1.73,2025-03-16,1652,T,64,6.1NRT,299.19,33.85,D
22.0392,-102.28741,312.42,1.78,1.31,2025-03-16,1652,T,43,6.1NRT,298.2,8.24,D
20.28409,-99.8165,321.22,2.97,1.64,2025-03-16,1652,T,72,6.1NRT,306.62,43.26,D
20.28104,-99.82257,318.9,2.97,1.64,2025-03-16,1652,T,61,6.1NRT,307.16,31.79,D
21.01397,-104.20628,317.17,1.37,1.16,2025-03-16,1652,T,60,6.1NRT,302.35,14.03,D
20.4859,-103.56345,318.71,1.55,1.23,2025-03-16,1654,T,50,6.1NRT,306.62,12.9,D
20.76003,-105.30273,313.83,1.2,1.09,2025-03-16,1654,T,49,6.1NRT,302.73,6.47,D
20.434,-103.64592,318.63,1.53,1.22,2025-03-16,1654,T,61,6.1NRT,306.92,11.97,D
20.11338,-103.41833,318.08,1.61,1.25,2025-03-16,1654,T,64,6.1NRT,305.27,15.03,D
19.59022,-102.47283,314.51,1.93,1.36,2025-03-16,1654,T,46,6.1NRT,301.05,14.13,D
8.8099,-63.55161,330.4,4.47,1.94,2025-03-16,1802,A,64,6.1NRT,288.15,215.22,D
8.81294,-63.55632,336.69,4.47,1.94,2025-03-16,1802,A,0,6.1NRT,287.69,298.78,D
9.6235,-63.71162,320.6,4.44,1.94,2025-03-16,1802,A,50,6.1NRT,291.69,84.71,D
9.6167,-63.75005,323.47,4.47,1.94,2025-03-16,1802,A,59,6.1NRT,289.55,105.56,D
9.61061,-63.71674,328.1,4.44,1.94,2025-03-16,1802,A,75,6.1NRT,293.39,154.72,D
9.60354,-63.75493,323.38,4.47,1.94,2025-03-16,1802,A,43,6.1NRT,290.82,105.71,D
9.87706,-63.31506,312.92,4.08,1.87,2025-03-16,1802,A,41,6.1NRT,289.31,52.92,D
7.28675,-74.94929,359.11,1.22,1.1,2025-03-16,1940,A,94,6.1NRT,283.23,108.49,D
7.66008,-76.21462,314.97,1.07,1.03,2025-03-16,1940,A,64,6.1NRT,295.28,8.04,D
7.74752,-76.25293,314.22,1.07,1.03,2025-03-16,1940,A,63,6.1NRT,296.22,6.94,D
7.8128,-76.04507,311.72,1.09,1.04,2025-03-16,1940,A,29,6.1NRT,294.2,6.25,D
7.9555,-76.40775,332.66,1.06,1.03,2025-03-16,1940,A,85,6.1NRT,295.47,29.69,D
8.27212,-77.73597,328.69,1,1,2025-03-16,1940,A,82,6.1NRT,297.28,20.31,D
8.32328,-77.83035,321.1,1,1,2025-03-16,1940,A,75,6.1NRT,286.77,11.47,D
8.67623,-78.45551,338.99,1.01,1,2025-03-16,1940,A,90,6.1NRT,295.25,35.99,D
9.32547,-74.04831,326.36,1.49,1.21,2025-03-16,1940,A,75,6.1NRT,300.51,15.82,D
8.76145,-78.68335,320.55,1.01,1.01,2025-03-16,1940,A,66,6.1NRT,296.93,10.49,D
24.83788,-78.02872,316.68,1.34,1.15,2025-03-16,1945,A,48,6.1NRT,300.12,11.88,D
9.43926,-74.71489,355.72,1.35,1.15,2025-03-16,1940,A,0,6.1NRT,302.9,91.89,D
9.43761,-74.72679,339.03,1.35,1.15,2025-03-16,1940,A,0,6.1NRT,302.34,39.83,D
24.97986,-78.04335,313.6,1.34,1.15,2025-03-16,1945,A,40,6.1NRT,296.59,8.86,D
9.48117,-75.23785,323.9,1.25,1.11,2025-03-16,1940,A,70,6.1NRT,292.01,17.31,D
25.04144,-78.03162,320.89,1.34,1.15,2025-03-16,1945,A,73,6.1NRT,299.51,18.79,D
8.99342,-78.8102,317.13,1.01,1.01,2025-03-16,1940,A,72,6.1NRT,295.7,8.05,D
26.73972,-77.38358,320.29,1.56,1.23,2025-03-16,1945,A,44,6.1NRT,298.66,19.27,D
9.05032,-78.79144,322.06,1.01,1.01,2025-03-16,1940,A,77,6.1NRT,296.77,12.29,D
26.65192,-78.2136,372.15,1.37,1.16,2025-03-16,1945,A,100,6.1NRT,305.18,177.26,D
9.08011,-78.65022,322.77,1.01,1,2025-03-16,1940,A,78,6.1NRT,297.35,14.62,D
26.65029,-78.22701,356.86,1.37,1.16,2025-03-16,1945,A,98,6.1NRT,303.8,104.92,D
9.0788,-78.65913,318.36,1.01,1,2025-03-16,1940,A,69,6.1NRT,296.64,9.61,D
26.74182,-77.38947,327.52,1.56,1.23,2025-03-16,1945,A,60,6.1NRT,299.78,32.2,D
9.68685,-74.76745,327.69,1.35,1.15,2025-03-16,1940,A,0,6.1NRT,300.58,19.77,D
26.65037,-78.20522,333.56,1.38,1.16,2025-03-16,1945,A,86,6.1NRT,302.66,36.79,D
8.92158,-80.33655,304.13,1.15,1.07,2025-03-16,1940,A,42,6.1NRT,276.23,5.66,D
9.27707,-79.12939,309.7,1.03,1.01,2025-03-16,1940,A,18,6.1NRT,288.99,6.71,D
26.64882,-78.21867,364.61,1.37,1.16,2025-03-16,1945,A,100,6.1NRT,306.9,140.02,D
26.64727,-78.2321,327.6,1.37,1.16,2025-03-16,1945,A,66,6.1NRT,303.2,22.98,D
10.10941,-74.82182,333.42,1.36,1.15,2025-03-16,1940,A,55,6.1NRT,305,25.84,D
29.7334,-92.95315,324.61,3.39,1.74,2025-03-16,1947,A,0,6.1NRT,293.67,123.98,D
10.40802,-75.188,321.2,1.3,1.13,2025-03-16,1940,A,39,6.1NRT,297.2,11.28,D
29.78858,-93.19306,312.17,3.51,1.76,2025-03-16,1947,A,53,6.1NRT,295.11,59.35,D
10.93435,-72.7086,320.56,2,1.38,2025-03-16,1942,A,46,6.1NRT,289.34,24.7,D
29.71594,-94.1199,347.94,4.08,1.87,2025-03-16,1947,A,83,6.1NRT,295,424.91,D
11.97612,-86.0883,314.27,2.63,1.56,2025-03-16,1942,A,0,6.1NRT,299.09,22.12,D
29.70662,-94.15953,309.76,4.11,1.88,2025-03-16,1947,A,31,6.1NRT,296.36,48.03,D
29.73187,-94.12505,332.28,4.08,1.87,2025-03-16,1947,A,82,6.1NRT,296.59,214.01,D
13.33702,-84.22527,316.66,1.77,1.3,2025-03-16,1942,A,49,6.1NRT,301.3,15.96,D
29.69433,-94.28522,305.11,4.19,1.9,2025-03-16,1947,A,42,6.1NRT,293.57,24.63,D
13.3782,-84.3306,320.9,1.8,1.31,2025-03-16,1942,A,60,6.1NRT,300.74,26.37,D
29.73179,-94.08995,326.4,4.05,1.87,2025-03-16,1947,A,73,6.1NRT,294.47,156.54,D
13.73262,-83.78725,313.54,1.61,1.25,2025-03-16,1942,A,41,6.1NRT,299.01,10.55,D
29.72232,-94.12928,353.98,4.08,1.87,2025-03-16,1947,A,92,6.1NRT,296.73,520.5,D
13.84509,-83.81912,314.33,1.61,1.25,2025-03-16,1942,A,32,6.1NRT,301.59,10.83,D
29.68368,-94.28916,311.05,4.19,1.9,2025-03-16,1947,A,60,6.1NRT,294.57,56.94,D
13.90776,-85.28621,315.33,2.08,1.4,2025-03-16,1942,A,57,6.1NRT,303.99,17.67,D
29.73826,-94.13438,310.42,4.08,1.87,2025-03-16,1947,A,66,6.1NRT,296.5,51.03,D
14.46543,-83.98706,324.56,1.62,1.25,2025-03-16,1942,A,77,6.1NRT,302.75,27.46,D
31.14964,-87.98518,308.45,1.46,1.19,2025-03-16,1947,A,57,6.1NRT,296.78,11.21,D
14.02647,-86.63157,316.82,2.64,1.56,2025-03-16,1942,A,38,6.1NRT,306.23,21.92,D
30.09195,-93.57298,322.05,3.66,1.79,2025-03-16,1947,A,61,6.1NRT,293.92,117.5,D
14.6628,-83.82294,319.42,1.56,1.23,2025-03-16,1942,A,68,6.1NRT,301.78,14.15,D
31.0314,-93.15797,305.12,3.25,1.7,2025-03-16,1947,A,61,6.1NRT,292.17,29.2,D
14.04047,-87.46675,311.37,3.08,1.67,2025-03-16,1942,A,15,6.1NRT,300.09,20.97,D
31.0241,-93.18995,303.41,3.26,1.71,2025-03-16,1947,A,56,6.1NRT,293.35,23.87,D
14.03546,-87.49478,314.71,3.09,1.67,2025-03-16,1942,A,54,6.1NRT,300.11,33.41,D
14.02763,-87.47266,313.19,3.08,1.67,2025-03-16,1942,A,37,6.1NRT,301.17,26.53,D
14.69396,-83.9958,316.27,1.6,1.25,2025-03-16,1942,A,52,6.1NRT,303.23,9.98,D
14.71663,-83.92647,317.56,1.58,1.24,2025-03-16,1942,A,43,6.1NRT,301.89,13.14,D
14.79712,-83.53689,319.81,1.48,1.2,2025-03-16,1942,A,30,6.1NRT,302.01,16.2,D
14.78407,-83.74287,319.44,1.53,1.22,2025-03-16,1942,A,66,6.1NRT,303.81,16.06,D
14.77271,-84.62885,327.84,1.78,1.31,2025-03-16,1942,A,80,6.1NRT,303.52,41.71,D
14.90671,-84.03126,331.75,1.6,1.25,2025-03-16,1942,A,83,6.1NRT,305.46,34.85,D
14.81222,-84.60318,317.76,1.77,1.3,2025-03-16,1942,A,65,6.1NRT,304.85,16.35,D
14.90832,-84.03661,328.98,1.6,1.25,2025-03-16,1942,A,73,6.1NRT,305.09,28.82,D
14.83787,-84.58015,315.76,1.76,1.3,2025-03-16,1942,A,51,6.1NRT,303.65,13.65,D
15.01126,-84.92543,316.34,1.86,1.33,2025-03-16,1942,A,53,6.1NRT,303.29,17.08,D
15.14153,-84.43275,313.29,1.69,1.28,2025-03-16,1942,A,47,6.1NRT,302.78,10.57,D
15.12639,-84.58861,315.06,1.74,1.29,2025-03-16,1942,A,54,6.1NRT,303.31,13.29,D
15.33026,-84.47963,323.27,1.69,1.28,2025-03-16,1942,A,75,6.1NRT,304.3,26.6,D
14.86566,-87.4985,324.27,2.97,1.64,2025-03-16,1942,A,67,6.1NRT,307.46,59.98,D
14.87267,-87.47932,319.22,2.96,1.64,2025-03-16,1942,A,64,6.1NRT,308.54,33.21,D
14.86819,-87.50325,321.87,2.97,1.64,2025-03-16,1942,A,71,6.1NRT,307.81,51.18,D
14.93841,-87.4414,320.14,2.93,1.63,2025-03-16,1942,A,72,6.1NRT,308.85,32.92,D
15.52157,-84.51129,321.1,1.69,1.28,2025-03-16,1942,A,69,6.1NRT,307.57,20.91,D
15.5327,-84.51336,333.98,1.69,1.28,2025-03-16,1942,A,86,6.1NRT,307.81,52.88,D
15.54383,-84.51542,327.06,1.69,1.28,2025-03-16,1942,A,80,6.1NRT,305.38,32.81,D
15.60169,-84.78703,317.18,1.77,1.3,2025-03-16,1942,A,66,6.1NRT,304.98,16.24,D
15.60278,-84.77764,320.67,1.76,1.3,2025-03-16,1942,A,72,6.1NRT,305.5,22.34,D
15.71006,-84.7653,317.1,1.75,1.3,2025-03-16,1942,A,65,6.1NRT,304.68,16.26,D
15.70799,-84.76994,317.88,1.75,1.3,2025-03-16,1942,A,66,6.1NRT,304.68,18.96,D
15.73239,-85.10786,313.32,1.86,1.33,2025-03-16,1942,A,51,6.1NRT,301.87,10.85,D
15.72853,-85.11438,317.31,1.86,1.33,2025-03-16,1942,A,65,6.1NRT,302.36,17.95,D
15.76872,-86.78752,316.38,2.5,1.52,2025-03-16,1942,A,34,6.1NRT,302.74,26.2,D
16.26641,-89.22652,314.39,3.78,1.82,2025-03-16,1942,A,59,6.1NRT,298.27,42.43,D
16.25988,-89.26038,314.72,3.8,1.82,2025-03-16,1942,A,62,6.1NRT,297.64,43.03,D
16.26007,-89.23314,317.9,3.78,1.82,2025-03-16,1945,A,69,6.1NRT,298.97,62.46,D
18.27293,-78.20599,326.74,1.1,1.05,2025-03-16,1945,A,80,6.1NRT,301.47,17.02,D
20.06528,-75.94826,319.46,1.57,1.24,2025-03-16,1945,A,60,6.1NRT,304.57,13.99,D
20.14663,-75.91525,324.71,1.58,1.24,2025-03-16,1945,A,62,6.1NRT,302.96,23.53,D
20.14989,-75.9061,320.77,1.59,1.24,2025-03-16,1945,A,49,6.1NRT,302.32,14.83,D
20.14815,-75.92101,319.16,1.58,1.24,2025-03-16,1945,A,46,6.1NRT,303.09,12.33,D
20.26475,-76.1777,322.26,1.53,1.22,2025-03-16,1945,A,54,6.1NRT,304.43,13.37,D
20.28265,-76.20882,320.53,1.52,1.22,2025-03-16,1945,A,44,6.1NRT,303.48,10.32,D
20.28592,-76.2149,324.91,1.52,1.22,2025-03-16,1945,A,64,6.1NRT,303.05,18.3,D
20.36127,-77.04086,323.03,1.34,1.15,2025-03-16,1945,A,61,6.1NRT,304.08,9.34,D
20.42989,-77.05627,322.49,1.34,1.15,2025-03-16,1945,A,51,6.1NRT,305.72,13.04,D
20.73252,-77.79324,321.58,1.22,1.1,2025-03-16,1945,A,50,6.1NRT,302.4,11.54,D
20.73101,-77.80465,323.92,1.22,1.1,2025-03-16,1945,A,55,6.1NRT,303.52,14.72,D
20.76615,-77.79339,319.44,1.23,1.1,2025-03-16,1945,A,31,6.1NRT,301.25,8.3,D
20.77728,-77.78336,339.35,1.23,1.1,2025-03-16,1945,A,88,6.1NRT,303.12,39.38,D
20.77581,-77.7948,327.91,1.23,1.1,2025-03-16,1945,A,65,6.1NRT,303.1,18.12,D
20.80857,-77.69399,325.62,1.24,1.11,2025-03-16,1945,A,50,6.1NRT,304.35,11.51,D
20.80707,-77.70559,330.04,1.24,1.11,2025-03-16,1945,A,78,6.1NRT,307.48,19.37,D
20.79513,-77.79765,323.9,1.23,1.1,2025-03-16,1945,A,45,6.1NRT,303.21,10.13,D
22.25489,-80.2924,328.27,1.02,1.01,2025-03-16,1945,A,79,6.1NRT,305.9,13.1,D
22.25507,-80.54594,352.3,1.01,1,2025-03-16,1945,A,96,6.1NRT,303.74,56.46,D
22.24067,-80.83392,325.41,1,1,2025-03-16,1945,A,75,6.1NRT,302.75,14.81,D
22.32816,-80.35909,321.74,1.01,1.01,2025-03-16,1945,A,70,6.1NRT,303.44,8.13,D
22.39445,-80.144,327.73,1.02,1.01,2025-03-16,1945,A,78,6.1NRT,304.63,13.61,D
22.37631,-80.33771,337.92,1.02,1.01,2025-03-16,1945,A,87,6.1NRT,306.32,29.41,D
22.37496,-80.34727,323.45,1.02,1.01,2025-03-16,1945,A,43,6.1NRT,305.22,10.24,D
22.42842,-80.03065,327.43,1.03,1.01,2025-03-16,1945,A,78,6.1NRT,300.69,15.18,D
22.33368,-80.7005,318.25,1,1,2025-03-16,1945,A,62,6.1NRT,302.22,7,D
22.38719,-80.38842,321.38,1.01,1.01,2025-03-16,1945,A,61,6.1NRT,303.6,7.73,D
22.34246,-80.70198,327.61,1,1,2025-03-16,1945,A,78,6.1NRT,302.04,16.96,D
22.48353,-80.10594,317.09,1.03,1.01,2025-03-16,1945,A,45,6.1NRT,300.85,6.02,D
22.4384,-80.6181,320.24,1.01,1,2025-03-16,1945,A,46,6.1NRT,305.8,7.92,D
22.46888,-80.46734,355.98,1.01,1.01,2025-03-16,1945,A,98,6.1NRT,302.67,65,D
22.46753,-80.47687,333.98,1.01,1.01,2025-03-16,1945,A,85,6.1NRT,304.65,21.93,D
22.47155,-80.57503,319.89,1.01,1,2025-03-16,1945,A,68,6.1NRT,303.19,8.43,D
22.45932,-80.66046,318.55,1.01,1,2025-03-16,1945,A,65,6.1NRT,301.82,8.9,D
22.60442,-79.76015,333.61,1.05,1.02,2025-03-16,1945,A,84,6.1NRT,301.91,25.65,D
22.52368,-80.34495,324.81,1.02,1.01,2025-03-16,1945,A,76,6.1NRT,304.41,12.28,D
22.58451,-80.76175,318.31,1,1,2025-03-16,1945,A,65,6.1NRT,303.53,7.13,D
22.60675,-80.79462,319.13,1,1,2025-03-16,1945,A,59,6.1NRT,301.22,7.32,D
22.2104,-83.68018,315.15,1.17,1.08,2025-03-16,1945,A,42,6.1NRT,300.92,7.35,D
22.2086,-83.69112,322.15,1.17,1.08,2025-03-16,1945,A,72,6.1NRT,301.02,15.68,D
22.66183,-80.79985,321.33,1,1,2025-03-16,1945,A,61,6.1NRT,303.25,8.92,D
22.68147,-80.72546,322.69,1.01,1,2025-03-16,1945,A,41,6.1NRT,297.73,9.66,D
22.69024,-80.72694,424.63,1.01,1,2025-03-16,1945,A,100,6.1NRT,312.46,428.35,D
22.69902,-80.72843,386.78,1.01,1,2025-03-16,1945,A,100,6.1NRT,307,174.35,D
22.23725,-83.7532,319.94,1.18,1.08,2025-03-16,1945,A,68,6.1NRT,303.8,10.36,D
22.36008,-83.2747,359.23,1.11,1.05,2025-03-16,1945,A,94,6.1NRT,309.46,86.98,D
22.80105,-80.40994,341.15,1.02,1.01,2025-03-16,1945,A,90,6.1NRT,304.07,36.07,D
22.7997,-80.41956,336.65,1.02,1.01,2025-03-16,1945,A,87,6.1NRT,304.43,28.23,D
22.6438,-81.50031,320.37,1,1,2025-03-16,1945,A,69,6.1NRT,302.24,12.08,D
22.36927,-83.27643,332.38,1.11,1.05,2025-03-16,1945,A,77,6.1NRT,304.75,25.06,D
22.36758,-83.28689,327.56,1.12,1.05,2025-03-16,1945,A,45,6.1NRT,304.63,17.12,D
22.80988,-80.41142,321.95,1.02,1.01,2025-03-16,1945,A,72,6.1NRT,304.4,10.04,D
22.81465,-80.44171,319.65,1.02,1.01,2025-03-16,1945,A,68,6.1NRT,301.83,8.9,D
22.8133,-80.45131,319.35,1.02,1.01,2025-03-16,1945,A,67,6.1NRT,301.59,9.18,D
22.77808,-80.69968,318.1,1.01,1,2025-03-16,1945,A,51,6.1NRT,301.33,8.77,D
22.82347,-80.44318,347.81,1.02,1.01,2025-03-16,1945,A,94,6.1NRT,302.53,49.64,D
22.82212,-80.45278,339.15,1.02,1.01,2025-03-16,1945,A,89,6.1NRT,301.16,34.02,D
22.24453,-84.33764,317.54,1.26,1.12,2025-03-16,1945,A,62,6.1NRT,305.59,8.33,D
22.3742,-83.66177,313.95,1.16,1.07,2025-03-16,1945,A,47,6.1NRT,301.66,5.66,D
22.42068,-83.4108,315.98,1.13,1.06,2025-03-16,1945,A,51,6.1NRT,301.79,6.62,D
22.41896,-83.42139,316.67,1.13,1.06,2025-03-16,1945,A,47,6.1NRT,301.81,6.55,D
22.78194,-81.12334,320.67,1,1,2025-03-16,1945,A,29,6.1NRT,305.11,10.2,D
22.78057,-81.13278,335.74,1,1,2025-03-16,1945,A,86,6.1NRT,304.61,28.54,D
22.69153,-81.79644,331.2,1.01,1,2025-03-16,1945,A,82,6.1NRT,302.64,22.76,D
22.85536,-80.73785,318.37,1.01,1,2025-03-16,1945,A,44,6.1NRT,297.89,9.51,D
22.3446,-84.28986,319.92,1.25,1.11,2025-03-16,1945,A,70,6.1NRT,304.24,12.76,D
22.34266,-84.30161,346.08,1.25,1.11,2025-03-16,1945,A,93,6.1NRT,305.89,63.05,D
22.35817,-84.32899,317.77,1.26,1.11,2025-03-16,1945,A,65,6.1NRT,305.21,8.74,D
22.7651,-81.80616,321.18,1.01,1,2025-03-16,1945,A,40,6.1NRT,305.2,9.95,D
22.46971,-83.68086,317.4,1.16,1.07,2025-03-16,1945,A,66,6.1NRT,303.33,9.97,D
22.36212,-84.32408,317.52,1.25,1.11,2025-03-16,1945,A,58,6.1NRT,305.31,8.03,D
22.94251,-80.65179,318.87,1.01,1,2025-03-16,1945,A,30,6.1NRT,301.59,7.62,D
22.94115,-80.66135,337.84,1.01,1,2025-03-16,1945,A,88,6.1NRT,303.21,31.54,D
22.78286,-81.86794,321.51,1.01,1,2025-03-16,1945,A,72,6.1NRT,301.48,10.6,D
22.78143,-81.87746,317.81,1.01,1,2025-03-16,1945,A,52,6.1NRT,302.15,6.87,D
22.86624,-81.36718,338.17,1,1,2025-03-16,1945,A,88,6.1NRT,302.25,33.88,D
22.82149,-81.66992,317.16,1,1,2025-03-16,1945,A,44,6.1NRT,300.79,5.87,D
22.82008,-81.67941,324.26,1,1,2025-03-16,1945,A,76,6.1NRT,302.21,12.43,D
22.94972,-80.91618,319.56,1,1,2025-03-16,1945,A,66,6.1NRT,303.67,9.17,D
22.91961,-81.12453,329.32,1,1,2025-03-16,1945,A,76,6.1NRT,298.23,20.45,D
22.98304,-80.74654,326.21,1.01,1,2025-03-16,1945,A,67,6.1NRT,302.39,16.3,D
22.58822,-83.36204,317.54,1.12,1.05,2025-03-16,1945,A,66,6.1NRT,303.38,9.53,D
22.98125,-81.20867,349.21,1,1,2025-03-16,1945,A,95,6.1NRT,303.28,52.88,D
22.97987,-81.21813,332.28,1,1,2025-03-16,1945,A,84,6.1NRT,302.89,23.52,D
22.98862,-81.21964,330.55,1,1,2025-03-16,1945,A,82,6.1NRT,304.43,21.02,D
22.84128,-82.38831,313.36,1.03,1.02,2025-03-16,1945,A,47,6.1NRT,299.49,4.21,D
22.92427,-81.89875,334.12,1.01,1,2025-03-16,1945,A,85,6.1NRT,302.19,28.68,D
22.96906,-81.67888,319.18,1,1,2025-03-16,1945,A,69,6.1NRT,302.85,8.31,D
22.78111,-83.19509,330.14,1.1,1.04,2025-03-16,1945,A,82,6.1NRT,301.09,27.49,D
22.77948,-83.20535,319.52,1.1,1.04,2025-03-16,1945,A,70,6.1NRT,301.06,13.66,D
22.77046,-83.32126,314.59,1.11,1.05,2025-03-16,1945,A,59,6.1NRT,298.59,9.02,D
22.92712,-82.85249,312.52,1.06,1.03,2025-03-16,1945,A,43,6.1NRT,301.24,5.67,D
23.00416,-82.7196,319.49,1.05,1.02,2025-03-16,1945,A,62,6.1NRT,301.05,11.47,D
23.02542,-82.64218,316.02,1.04,1.02,2025-03-16,1945,A,53,6.1NRT,301.55,8.57,D
22.96839,-83.06428,317.32,1.08,1.04,2025-03-16,1945,A,65,6.1NRT,303.51,8.65,D
23.14399,-81.98609,318.06,1.01,1.01,2025-03-16,1945,A,67,6.1NRT,301.32,9.32,D
24.78166,-77.90965,316.9,1.36,1.15,2025-03-16,1945,A,63,6.1NRT,298.9,12.18,D
24.79179,-77.91113,315.61,1.36,1.15,2025-03-16,1945,A,48,6.1NRT,299.37,9.94,D
24.84086,-77.93153,317.81,1.35,1.15,2025-03-16,1945,A,61,6.1NRT,297.16,12.46,D
24.85099,-77.933,315.78,1.35,1.15,2025-03-16,1945,A,26,6.1NRT,297.45,9.15,D
24.83972,-78.02357,316.74,1.34,1.15,2025-03-16,1945,A,0,6.1NRT,299.59,13.14,D
17.27894,-97.68717,345.3,2.38,1.49,2025-03-16,2123,A,92,6.1NRT,307.41,149.82,D
17.27635,-97.70907,356.25,2.37,1.49,2025-03-16,2123,A,98,6.1NRT,308.72,234.9,D
17.27776,-97.69459,355.93,2.38,1.49,2025-03-16,2123,A,98,6.1NRT,308.53,234.24,D
17.27533,-97.71656,332.66,2.37,1.49,2025-03-16,2123,A,83,6.1NRT,306.18,81.45,D
17.29069,-97.69712,340.26,2.38,1.49,2025-03-16,2123,A,89,6.1NRT,300.69,122.65,D
17.28847,-97.71703,328.18,2.37,1.49,2025-03-16,2123,A,79,6.1NRT,302.31,62.69,D
17.49638,-98.50964,335.52,2.07,1.4,2025-03-16,2123,A,85,6.1NRT,313.35,56.68,D
18.01409,-99.83227,330.55,1.67,1.27,2025-03-16,2123,A,61,6.1NRT,318.78,23.34,D
18.2716,-100.26575,330.8,1.57,1.23,2025-03-16,2123,A,63,6.1NRT,318.08,19.3,D
18.26988,-100.27991,331.2,1.56,1.23,2025-03-16,2123,A,73,6.1NRT,319.21,18.67,D
18.39535,-99.52345,364.08,1.78,1.31,2025-03-16,2123,A,100,6.1NRT,317.23,189.49,D
18.20266,-102.03545,328.56,1.21,1.09,2025-03-16,2123,A,0,6.1NRT,305.82,20.2,D
18.36407,-101.08591,328.4,1.38,1.16,2025-03-16,2123,A,66,6.1NRT,314.6,14.16,D
18.68937,-99.14914,330.5,1.92,1.35,2025-03-16,2123,A,57,6.1NRT,318.39,23.96,D
18.69056,-99.34309,352.56,1.86,1.33,2025-03-16,2123,A,95,6.1NRT,318.2,119.45,D
18.80579,-99.0462,332.9,1.96,1.37,2025-03-16,2123,A,76,6.1NRT,315.65,37.47,D
18.80369,-99.06426,336.74,1.96,1.37,2025-03-16,2123,A,81,6.1NRT,317.56,52,D
18.41176,-102.50121,320.92,1.15,1.07,2025-03-16,2123,A,49,6.1NRT,302.2,14.63,D
18.418,-102.49695,327.14,1.15,1.07,2025-03-16,2123,A,69,6.1NRT,302.84,20.85,D
18.44732,-102.49143,322.47,1.15,1.07,2025-03-16,2123,A,54,6.1NRT,298.77,16.05,D
19.30701,-97.83287,328.66,2.49,1.52,2025-03-16,2123,A,77,6.1NRT,312.6,40.14,D
19.14415,-99.9522,327.1,1.7,1.28,2025-03-16,2123,A,63,6.1NRT,302.18,39.6,D
19.32882,-98.45346,324.89,2.23,1.45,2025-03-16,2123,A,69,6.1NRT,308.38,26.97,D
19.07327,-101.60752,325.78,1.31,1.13,2025-03-16,2123,A,45,6.1NRT,307.96,17.36,D
19.73642,-98.53073,328.46,2.23,1.45,2025-03-16,2123,A,73,6.1NRT,308.63,35.31,D
19.73794,-98.53851,324.89,2.23,1.45,2025-03-16,2123,A,56,6.1NRT,308.42,24.98,D
19.93475,-100.04796,335.16,1.72,1.29,2025-03-16,2123,A,82,6.1NRT,311.54,45.18,D
19.78197,-102.57973,328.77,1.18,1.08,2025-03-16,2123,A,58,6.1NRT,315.18,16.81,D
20.14675,-101.43066,327.86,1.39,1.17,2025-03-16,2123,A,48,6.1NRT,316.12,11.83,D
19.67843,-105.17203,324.06,1,1,2025-03-16,2123,A,66,6.1NRT,307.09,9.82,D
20.00042,-103.01293,338.74,1.13,1.06,2025-03-16,2123,A,84,6.1NRT,312.1,31.31,D
20.09016,-102.59493,334.53,1.18,1.08,2025-03-16,2123,A,78,6.1NRT,315.75,23.58,D
20.0888,-102.60539,327.85,1.18,1.08,2025-03-16,2123,A,49,6.1NRT,316.65,11.76,D
20.36721,-100.4486,327.37,1.63,1.26,2025-03-16,2123,A,61,6.1NRT,315.62,13.05,D
20.21898,-102.05891,338.83,1.27,1.12,2025-03-16,2123,A,84,6.1NRT,317.75,32.01,D
20.2224,-102.05434,328.89,1.27,1.12,2025-03-16,2123,A,68,6.1NRT,316.04,11.87,D
20.22094,-102.06602,329.37,1.27,1.12,2025-03-16,2123,A,69,6.1NRT,318.75,13.16,D
20.62435,-100.11185,333.28,1.74,1.29,2025-03-16,2123,A,80,6.1NRT,317.12,30.94,D
20.32996,-102.80463,325.43,1.16,1.07,2025-03-16,2123,A,30,6.1NRT,312.9,8.41,D
20.32854,-102.81548,326.51,1.16,1.07,2025-03-16,2123,A,36,6.1NRT,313.51,9.1,D
20.57669,-101.17751,328.91,1.46,1.19,2025-03-16,2123,A,54,6.1NRT,317.79,18.12,D
20.23997,-104.08688,326.32,1.04,1.02,2025-03-16,2123,A,39,6.1NRT,316.03,10.05,D
20.61179,-102.03905,333,1.29,1.13,2025-03-16,2123,A,73,6.1NRT,317.47,20.49,D
20.40312,-103.63957,334.48,1.07,1.03,2025-03-16,2123,A,60,6.1NRT,318.44,15.89,D
20.27749,-105.49471,324.05,1,1,2025-03-16,2123,A,55,6.1NRT,307.85,9.59,D
20.29034,-105.4683,325.03,1,1,2025-03-16,2123,A,58,6.1NRT,307.81,11.33,D
20.57428,-103.66855,330.45,1.07,1.03,2025-03-16,2123,A,68,6.1NRT,317.1,12.1,D
20.86984,-101.85152,331.75,1.33,1.14,2025-03-16,2123,A,58,6.1NRT,319.77,21.46,D
20.67352,-103.67942,330.7,1.07,1.03,2025-03-16,2123,A,55,6.1NRT,318.29,10.73,D
20.6754,-103.80135,334.39,1.06,1.03,2025-03-16,2123,A,79,6.1NRT,321.88,15.04,D
20.7258,-103.76952,350.2,1.07,1.03,2025-03-16,2123,A,94,6.1NRT,318.94,52.09,D
20.82414,-103.72968,332.09,1.07,1.03,2025-03-16,2123,A,53,6.1NRT,318.49,13.15,D
20.91036,-103.76846,334.71,1.07,1.03,2025-03-16,2123,A,80,6.1NRT,316.95,18.9,D
20.90956,-104.64177,327.48,1.02,1.01,2025-03-16,2123,A,71,6.1NRT,316.4,9.4,D
20.90821,-104.65137,344.25,1.02,1.01,2025-03-16,2123,A,90,6.1NRT,316.43,35.62,D
21.01535,-104.20939,332.81,1.04,1.02,2025-03-16,2123,A,67,6.1NRT,315.09,15.8,D
21.47496,-101.15498,330.14,1.51,1.21,2025-03-16,2123,A,65,6.1NRT,315.84,18.87,D
21.47327,-101.16908,331.7,1.51,1.21,2025-03-16,2123,A,58,6.1NRT,318.21,22.36,D
21.70321,-99.37777,346.65,2.04,1.39,2025-03-16,2123,A,92,6.1NRT,308.72,128.1,D
21.71527,-99.38075,325.46,2.04,1.39,2025-03-16,2123,A,42,6.1NRT,305.48,38.8,D
21.71308,-99.40027,355.47,2.04,1.39,2025-03-16,2123,A,97,6.1NRT,308.97,183.45,D
21.71109,-99.41808,332.42,2.03,1.39,2025-03-16,2123,A,68,6.1NRT,303.99,60.09,D
21.71818,-99.38618,335.87,2.04,1.39,2025-03-16,2123,A,80,6.1NRT,306.02,77.68,D
21.71611,-99.40591,335.38,2.04,1.39,2025-03-16,2123,A,83,6.1NRT,306.02,75.02,D
22.14905,-98.9898,317.96,2.22,1.44,2025-03-16,2123,A,39,6.1NRT,303.61,23.3,D
21.42929,-104.68055,336.78,1.02,1.01,2025-03-16,2123,A,69,6.1NRT,302.22,30.17,D
21.96629,-102.21656,348.55,1.31,1.14,2025-03-16,2123,A,92,6.1NRT,317.67,58.65,D
21.96477,-102.22884,332.28,1.31,1.13,2025-03-16,2123,A,76,6.1NRT,320.09,17.94,D
22.3373,-99.17627,318.69,2.16,1.43,2025-03-16,2123,A,24,6.1NRT,306.12,20.26,D
22.32942,-99.3674,320.25,2.09,1.41,2025-03-16,2123,A,54,6.1NRT,299.11,35.29,D
22.32735,-99.38654,320.23,2.09,1.41,2025-03-16,2123,A,54,6.1NRT,298.35,35.19,D
22.4234,-99.11217,364.1,2.19,1.44,2025-03-16,2123,A,100,6.1NRT,306.74,273.37,D
22.42143,-99.13107,332.86,2.19,1.43,2025-03-16,2123,A,80,6.1NRT,305.84,65.84,D
22.43601,-99.11394,375.66,2.19,1.44,2025-03-16,2123,A,100,6.1NRT,307.34,395.15,D
22.43404,-99.13267,351.71,2.19,1.43,2025-03-16,2123,A,95,6.1NRT,306.24,170.52,D
22.6827,-99.47408,327.03,2.08,1.4,2025-03-16,2123,A,59,6.1NRT,301.14,50.54,D
22.69497,-99.47599,323.73,2.08,1.4,2025-03-16,2123,A,48,6.1NRT,299.5,39.66,D
22.73576,-99.33305,323.31,2.13,1.42,2025-03-16,2123,A,63,6.1NRT,305.83,32.37,D
22.74075,-99.32043,320.16,2.14,1.42,2025-03-16,2123,A,49,6.1NRT,305.62,21.53,D
22.73867,-99.34071,321.28,2.13,1.42,2025-03-16,2123,A,56,6.1NRT,305.44,24.87,D
22.88887,-98.38032,323.11,2.53,1.53,2025-03-16,2123,A,55,6.1NRT,307.38,30.55,D
22.88647,-98.40413,323.09,2.52,1.53,2025-03-16,2123,A,53,6.1NRT,307.01,29.23,D
22.93966,-98.01118,335.65,2.7,1.57,2025-03-16,2123,A,84,6.1NRT,300.28,124.67,D
22.94713,-97.99157,322.83,2.71,1.58,2025-03-16,2123,A,68,6.1NRT,296.69,59.17,D
22.94472,-98.01755,327.55,2.7,1.57,2025-03-16,2123,A,76,6.1NRT,299.51,78.94,D
23.00211,-98.52617,321.49,2.48,1.52,2025-03-16,2123,A,51,6.1NRT,305.12,25.16,D
23.04903,-98.46158,385.54,2.51,1.52,2025-03-16,2123,A,100,6.1NRT,308.26,628.34,D
23.04673,-98.48461,333.56,2.5,1.52,2025-03-16,2123,A,52,6.1NRT,306.48,74.72,D
23.0624,-98.46349,349.37,2.51,1.52,2025-03-16,2123,A,94,6.1NRT,301.41,191.1,D
22.3361,-105.314,328.99,1.01,1,2025-03-16,2123,A,74,6.1NRT,314.47,11.28,D
22.36174,-105.34442,332.04,1,1,2025-03-16,2123,A,74,6.1NRT,314.17,15.35,D
22.37322,-105.32695,339.03,1.01,1,2025-03-16,2123,A,84,6.1NRT,315.19,24.74,D
22.37186,-105.33641,337.42,1.01,1,2025-03-16,2123,A,77,6.1NRT,314.67,21.69,D
22.38334,-105.31895,335.25,1.01,1,2025-03-16,2123,A,82,6.1NRT,313.26,19.6,D
22.77328,-102.54182,325.54,1.28,1.12,2025-03-16,2123,A,48,6.1NRT,311.01,12.16,D
22.77174,-102.55412,359.16,1.28,1.12,2025-03-16,2123,A,99,6.1NRT,311.87,99.97,D
22.88136,-102.32296,329,1.33,1.14,2025-03-16,2123,A,62,6.1NRT,317.48,13.03,D
22.56733,-105.3234,332.62,1.01,1,2025-03-16,2123,A,79,6.1NRT,312.59,17.78,D
22.56598,-105.33289,333,1.01,1,2025-03-16,2123,A,80,6.1NRT,313.09,17.77,D
22.58489,-105.32638,340.65,1.01,1,2025-03-16,2123,A,87,6.1NRT,315.88,28.66,D
22.96206,-102.58108,338.17,1.28,1.12,2025-03-16,2123,A,83,6.1NRT,317.4,30.74,D
22.72757,-105.55691,321,1,1,2025-03-16,2123,A,52,6.1NRT,310.64,6.66,D
23.15207,-106.05763,332.57,1,1,2025-03-16,2125,A,82,6.1NRT,311.88,17.64,D
23.59417,-106.13666,328.64,1,1,2025-03-16,2125,A,80,6.1NRT,307.5,14.65,D
23.60292,-106.13819,323.66,1,1,2025-03-16,2125,A,75,6.1NRT,309.1,9.16,D
23.65805,-106.14379,332.81,1,1,2025-03-16,2125,A,83,6.1NRT,302.11,21.43,D
23.65527,-106.16277,322.94,1,1,2025-03-16,2125,A,72,6.1NRT,301.44,10.45,D
23.73107,-106.2801,320.57,1,1,2025-03-16,2125,A,66,6.1NRT,308.31,8.17,D
23.72967,-106.28962,328.09,1,1,2025-03-16,2125,A,78,6.1NRT,309.58,16.18,D
24.75788,-98.12393,322.23,2.8,1.6,2025-03-16,2125,A,68,6.1NRT,305.76,48.04,D
24.74749,-98.12762,323.12,2.8,1.6,2025-03-16,2125,A,70,6.1NRT,305.59,52.35,D
24.47625,-106.74222,319.83,1,1,2025-03-16,2125,A,45,6.1NRT,306.67,5.26,D
24.48535,-106.92184,325.39,1.01,1,2025-03-16,2125,A,73,6.1NRT,307.68,11.2,D
25.57521,-99.94322,317.81,2.11,1.41,2025-03-16,2125,A,51,6.1NRT,304.8,16.93,D
25.90123,-100.19308,326.74,2.04,1.39,2025-03-16,2125,A,72,6.1NRT,306.31,37.05,D
25.91897,-100.37426,328.15,1.98,1.37,2025-03-16,2125,A,65,6.1NRT,305.94,41.07,D
25.92662,-100.36263,321.31,1.99,1.38,2025-03-16,2125,A,53,6.1NRT,305.86,18.87,D
26.14528,-100.12276,325.58,2.09,1.41,2025-03-16,2125,A,70,6.1NRT,309.79,33.05,D
26.14327,-100.14278,335.65,2.08,1.4,2025-03-16,2125,A,83,6.1NRT,307.64,71.36,D
25.30263,-107.08746,327.8,1.01,1,2025-03-16,2125,A,76,6.1NRT,310.13,12.96,D
25.32603,-107.11163,322.52,1.01,1,2025-03-16,2125,A,49,6.1NRT,311.01,7.36,D
25.32457,-107.12147,323.66,1.01,1,2025-03-16,2125,A,57,6.1NRT,311.24,8.86,D
25.47409,-108.26009,320.7,1.07,1.03,2025-03-16,2125,A,52,6.1NRT,309.09,4.66,D
25.47246,-108.27039,350.08,1.07,1.03,2025-03-16,2125,A,94,6.1NRT,311.21,54.21,D
25.55823,-107.89943,325.23,1.04,1.02,2025-03-16,2125,A,58,6.1NRT,314.11,7.35,D
26.313,-107.13111,317.54,1,1,2025-03-16,2125,A,52,6.1NRT,302.02,8.22,D
26.31156,-107.14082,315.74,1,1,2025-03-16,2125,A,44,6.1NRT,303.09,7.43,D
26.50662,-106.31731,368.17,1.01,1,2025-03-16,2125,A,100,6.1NRT,311.01,100.37,D
26.50522,-106.32712,385.5,1.01,1,2025-03-16,2125,A,100,6.1NRT,311.35,168.72,D
26.51536,-106.31889,349.46,1.01,1,2025-03-16,2125,A,94,6.1NRT,311.55,48.25,D
26.51395,-106.3287,387.38,1.01,1,2025-03-16,2125,A,100,6.1NRT,316.88,174.1,D
26.51257,-106.33843,356.36,1.01,1,2025-03-16,2125,A,92,6.1NRT,304.26,67.28,D
26.5213,-106.33998,361.01,1.01,1,2025-03-16,2125,A,100,6.1NRT,311.59,79.1,D
26.5199,-106.34975,345.3,1,1,2025-03-16,2125,A,88,6.1NRT,305.08,43.67,D
27.37093,-101.30092,326.69,1.79,1.31,2025-03-16,2125,A,72,6.1NRT,311.5,23.22,D
27.36899,-101.31861,324.84,1.78,1.31,2025-03-16,2125,A,51,6.1NRT,311.73,20.07,D
27.37886,-101.30756,326.27,1.79,1.31,2025-03-16,2125,A,71,6.1NRT,311.02,23.29,D
27.44218,-101.26192,325.28,1.8,1.32,2025-03-16,2125,A,69,6.1NRT,309.54,21.5,D
27.04622,-107.35772,327.04,1,1,2025-03-16,2125,A,73,6.1NRT,305.4,17.43,D
27.59537,-108.32037,334.3,1.04,1.02,2025-03-16,2125,A,83,6.1NRT,305.37,28.49,D
27.69547,-107.8446,320.12,1.01,1.01,2025-03-16,2125,A,61,6.1NRT,306.67,9.02,D
27.83792,-108.49228,318.71,1.04,1.02,2025-03-16,2125,A,39,6.1NRT,305.42,8.31,D
27.84678,-108.49411,320.52,1.04,1.02,2025-03-16,2125,A,54,6.1NRT,306.78,9.84,D
28.0687,-107.46413,381.9,1,1,2025-03-16,2125,A,100,6.1NRT,308.16,150.8,D
28.06724,-107.474,380.29,1,1,2025-03-16,2125,A,100,6.1NRT,310.85,144.48,D
28.1259,-108.60024,323.11,1.04,1.02,2025-03-16,2125,A,67,6.1NRT,311.61,10.97,D
28.12431,-108.61043,317.47,1.04,1.02,2025-03-16,2125,A,36,6.1NRT,307.37,5.35,D
30.09557,-108.1453,317.97,1,1,2025-03-16,2125,A,37,6.1NRT,300.29,10.54,D
30.10428,-108.14703,349.56,1,1,2025-03-16,2125,A,94,6.1NRT,301.62,56.68,D
30.49457,-109.63079,317.3,1.07,1.03,2025-03-16,2125,A,47,6.1NRT,306.34,6.51,D
20.20448,-75.3959,306.91,1.21,1.09,2025-03-17,0206,T,70,6.1NRT,292.5,9.05,N
7.2521,-70.52122,313.22,1.02,1.01,2025-03-17,0204,T,87,6.1NRT,291.13,11.59,N
20.59538,-76.81388,316.12,1.46,1.19,2025-03-17,0206,T,76,6.1NRT,289.92,26.84,N
8.55922,-64.12788,307.65,2.02,1.39,2025-03-17,0204,T,72,6.1NRT,291.72,15.16,N
20.59315,-76.82742,320.21,1.46,1.19,2025-03-17,0206,T,100,6.1NRT,291.09,32.66,N
8.55694,-64.14582,308.04,2.02,1.38,2025-03-17,0204,T,73,6.1NRT,291.6,15.93,N
8.76943,-63.18217,315.41,2.43,1.5,2025-03-17,0204,T,91,6.1NRT,291.68,41.32,N
8.76678,-63.20346,311.76,2.42,1.5,2025-03-17,0204,T,83,6.1NRT,291.56,30.66,N
8.78271,-63.18383,331.64,2.43,1.5,2025-03-17,0204,T,100,6.1NRT,291.87,104.77,N
8.78005,-63.20501,317.93,2.42,1.5,2025-03-17,0204,T,96,6.1NRT,291.55,49.32,N
8.77895,-63.18982,336.61,2.43,1.5,2025-03-17,0204,T,100,6.1NRT,292.14,130.5,N
8.77645,-63.21107,305.15,2.42,1.5,2025-03-17,0204,T,63,6.1NRT,291.46,13.57,N
8.96972,-65.92578,315.2,1.5,1.21,2025-03-17,0204,T,91,6.1NRT,293.45,19.51,N
8.968,-65.93904,329.05,1.49,1.21,2025-03-17,0204,T,100,6.1NRT,294.06,45.29,N
9.36977,-64.51884,305.38,1.94,1.36,2025-03-17,0204,T,64,6.1NRT,292.4,10.6,N
9.3751,-64.52606,311.07,1.94,1.36,2025-03-17,0204,T,82,6.1NRT,292.38,21.38,N
9.373,-64.54327,304.36,1.93,1.36,2025-03-17,0204,T,60,6.1NRT,292.14,9.66,N
9.56126,-63.63667,304.69,2.29,1.47,2025-03-17,0204,T,61,6.1NRT,292.16,14.46,N
9.6169,-63.71151,310.81,2.27,1.46,2025-03-17,0204,T,81,6.1NRT,291.94,26.25,N
9.6144,-63.73172,325.39,2.26,1.46,2025-03-17,0204,T,100,6.1NRT,292.06,70.14,N
9.6529,-63.52752,320.35,2.35,1.48,2025-03-17,0204,T,100,6.1NRT,292.35,56.08,N
9.6503,-63.54843,320.29,2.34,1.48,2025-03-17,0204,T,100,6.1NRT,292.28,55.07,N
9.64772,-63.5692,337.23,2.33,1.48,2025-03-17,0204,T,100,6.1NRT,292.41,125.45,N
9.64515,-63.58989,310.92,2.32,1.47,2025-03-17,0204,T,81,6.1NRT,291.96,25.37,N
9.62977,-63.71326,303.98,2.27,1.46,2025-03-17,0204,T,58,6.1NRT,291.77,11.76,N
9.62726,-63.73343,313.72,2.26,1.46,2025-03-17,0204,T,88,6.1NRT,291.77,34.16,N
9.65556,-63.61233,309.55,2.31,1.47,2025-03-17,0204,T,78,6.1NRT,292.02,22.48,N
9.653,-63.63272,349.42,2.3,1.47,2025-03-17,0204,T,100,6.1NRT,292.47,198.87,N
9.65045,-63.53362,327.04,2.35,1.48,2025-03-17,0204,T,100,6.1NRT,292.44,80.7,N
9.64801,-63.55454,325.04,2.34,1.48,2025-03-17,0204,T,100,6.1NRT,292.37,71.55,N
9.64559,-63.5753,326.06,2.33,1.48,2025-03-17,0204,T,100,6.1NRT,292.37,74.54,N
9.62876,-63.71957,315.69,2.27,1.46,2025-03-17,0204,T,92,6.1NRT,291.9,38.49,N
9.6264,-63.73976,311.35,2.26,1.46,2025-03-17,0204,T,82,6.1NRT,291.7,27.17,N
9.65375,-63.61851,331.42,2.31,1.47,2025-03-17,0204,T,100,6.1NRT,292.26,96.51,N
9.65135,-63.63887,333.34,2.3,1.47,2025-03-17,0204,T,100,6.1NRT,292.08,104.82,N
9.73681,-63.47984,306.13,2.38,1.49,2025-03-17,0204,T,67,6.1NRT,292.17,17.01,N
9.44779,-67.03282,307.18,1.28,1.12,2025-03-17,0204,T,62,6.1NRT,294.35,8.15,N
9.44631,-67.04421,306.88,1.28,1.12,2025-03-17,0204,T,54,6.1NRT,293.81,7.29,N
9.59664,-68.07043,312.59,1.13,1.06,2025-03-17,0204,T,82,6.1NRT,296.7,9.29,N
10.05618,-64.87825,311.16,1.86,1.33,2025-03-17,0204,T,81,6.1NRT,289.91,24.55,N
10.05404,-64.89493,310.93,1.86,1.33,2025-03-17,0204,T,81,6.1NRT,290.5,23.58,N
9.46461,-69.46206,319.6,1.01,1.01,2025-03-17,0204,T,99,6.1NRT,293.27,16.44,N
10.06296,-64.88545,318.82,1.86,1.33,2025-03-17,0204,T,97,6.1NRT,291.68,37.88,N
9.47347,-69.46342,319.94,1.01,1.01,2025-03-17,0204,T,99,6.1NRT,292.82,16.96,N
9.97164,-66.69316,302.6,1.37,1.16,2025-03-17,0204,T,38,6.1NRT,291.71,7.72,N
8.68588,-78.45813,303.38,3.26,1.71,2025-03-17,0204,T,55,6.1NRT,289.91,22.34,N
10.32989,-72.02655,307.36,1.08,1.04,2025-03-17,0204,T,71,6.1NRT,293.44,5.27,N
10.3285,-72.03616,311.06,1.08,1.04,2025-03-17,0204,T,82,6.1NRT,293.5,8.15,N
14.02996,-90.64279,305.5,1.76,1.3,2025-03-17,0345,T,65,6.1NRT,293.31,11.87,N
14.0281,-90.65872,316.53,1.76,1.3,2025-03-17,0345,T,93,6.1NRT,293.6,30.38,N
14.19462,-91.3625,305.57,1.57,1.23,2025-03-17,0345,T,65,6.1NRT,291.26,9.87,N
14.19286,-91.37664,304.8,1.56,1.23,2025-03-17,0345,T,62,6.1NRT,291.13,9.01,N
14.19682,-91.36858,309.97,1.57,1.23,2025-03-17,0345,T,79,6.1NRT,291.45,14.69,N
14.84318,-89.88511,310.22,2.07,1.4,2025-03-17,0345,T,79,6.1NRT,293.45,22.67,N
14.84593,-89.89248,316.45,2.07,1.4,2025-03-17,0345,T,93,6.1NRT,293.75,37.06,N
16.15707,-92.53813,300.35,1.38,1.16,2025-03-17,0345,T,18,6.1NRT,286.89,6.09,N
16.50662,-92.76039,307.55,1.35,1.15,2025-03-17,0345,T,68,6.1NRT,291.54,11.59,N
16.50614,-92.75413,306.63,1.35,1.15,2025-03-17,0345,T,52,6.1NRT,290.85,10.99,N
16.89525,-90.87457,301.87,1.86,1.33,2025-03-17,0345,T,45,6.1NRT,291.14,7.77,N
17.34003,-95.75041,303.45,1.02,1.01,2025-03-17,0345,T,55,6.1NRT,290.52,5.64,N
17.97968,-94.52037,308.02,1.12,1.06,2025-03-17,0345,T,73,6.1NRT,292.49,8.47,N
17.51243,-98.49697,304.33,1.1,1.04,2025-03-17,0345,T,60,6.1NRT,288.38,6.69,N
17.51088,-98.50733,303.83,1.1,1.05,2025-03-17,0345,T,47,6.1NRT,288.83,6.02,N
19.29236,-90.53747,301.04,2.14,1.42,2025-03-17,0345,T,19,6.1NRT,291.01,15.3,N
18.40533,-99.50039,309.85,1.2,1.09,2025-03-17,0345,T,73,6.1NRT,296.32,9.07,N
18.40359,-99.5118,314.7,1.2,1.09,2025-03-17,0345,T,90,6.1NRT,298.13,13.76,N
18.40176,-99.52374,312.2,1.2,1.09,2025-03-17,0345,T,65,6.1NRT,297.23,10.82,N
18.41312,-99.51348,309.14,1.2,1.09,2025-03-17,0345,T,76,6.1NRT,297.08,8.75,N
19.45272,-92.08292,307.53,1.65,1.26,2025-03-17,0345,T,55,6.1NRT,292.87,14.38,N
19.14717,-99.95287,302.21,1.24,1.11,2025-03-17,0345,T,47,6.1NRT,284.73,10.61,N
20.05256,-99.29082,300.31,1.12,1.05,2025-03-17,0345,T,24,6.1NRT,281.01,7.99,N
20.19167,-100.42915,307.59,1.27,1.12,2025-03-17,0345,T,72,6.1NRT,286.7,14.15,N
20.97396,-97.79259,306.64,1,1,2025-03-17,0347,T,69,6.1NRT,287.68,8.69,N
20.87159,-99.19707,311.95,1.09,1.04,2025-03-17,0347,T,84,6.1NRT,280.62,16.76,N
20.57781,-101.16808,306.97,1.39,1.17,2025-03-17,0347,T,70,6.1NRT,289.11,13.27,N
20.57575,-101.181,304.22,1.4,1.17,2025-03-17,0347,T,59,6.1NRT,291.19,10.14,N
20.5683,-103.91164,307.83,2.19,1.43,2025-03-17,0347,T,73,6.1NRT,288.64,29.06,N
20.56474,-103.93181,306.03,2.19,1.44,2025-03-17,0347,T,67,6.1NRT,288.98,24.87,N
20.56921,-103.91817,313.65,2.19,1.43,2025-03-17,0347,T,88,6.1NRT,288.74,41.09,N
20.72777,-103.76742,300.56,2.12,1.41,2025-03-17,0347,T,30,6.1NRT,287.91,15.54,N
21.70274,-99.37791,301.74,1.09,1.04,2025-03-17,0347,T,36,6.1NRT,288.61,5.26,N
21.72863,-99.39249,300.84,1.09,1.04,2025-03-17,0347,T,11,6.1NRT,289.5,4.94,N
21.8401,-99.01723,305.1,1.05,1.02,2025-03-17,0347,T,63,6.1NRT,286.73,8.83,N
21.83862,-99.02714,309.97,1.05,1.02,2025-03-17,0347,T,79,6.1NRT,286.73,12.29,N
21.25814,-104.63607,301,2.4,1.49,2025-03-17,0347,T,36,6.1NRT,282.27,22.63,N
21.25521,-104.64116,301.08,2.4,1.49,2025-03-17,0347,T,34,6.1NRT,282.53,21.13,N
22.32261,-99.37617,300.53,1.07,1.03,2025-03-17,0347,T,9,6.1NRT,285.2,5.61,N
22.33168,-99.37775,307.2,1.07,1.03,2025-03-17,0347,T,47,6.1NRT,285.38,9.78,N
22.35128,-99.36663,302.08,1.07,1.03,2025-03-17,0347,T,47,6.1NRT,286.06,7.06,N
22.43494,-99.11603,325.79,1.05,1.02,2025-03-17,0347,T,100,6.1NRT,291.83,26.03,N
22.43344,-99.12624,315.3,1.05,1.02,2025-03-17,0347,T,91,6.1NRT,289.43,15.03,N
22.44393,-99.11758,308.61,1.05,1.02,2025-03-17,0347,T,75,6.1NRT,289.79,9.94,N
22.4822,-99.17171,301.67,1.05,1.02,2025-03-17,0347,T,43,6.1NRT,287.73,6.29,N
22.67741,-99.47459,314.67,1.07,1.03,2025-03-17,0347,T,58,6.1NRT,287.55,14.86,N
22.69558,-99.47289,304.2,1.07,1.03,2025-03-17,0347,T,56,6.1NRT,286.39,7.77,N
22.69398,-99.48337,303.79,1.07,1.03,2025-03-17,0347,T,48,6.1NRT,286.67,7.57,N
22.74518,-99.32821,307.21,1.06,1.03,2025-03-17,0347,T,71,6.1NRT,291.52,8.07,N
22.74368,-99.33823,303.29,1.06,1.03,2025-03-17,0347,T,42,6.1NRT,291.45,5.57,N
22.7919,-99.38798,300.73,1.06,1.03,2025-03-17,0347,T,33,6.1NRT,290.53,4.6,N
22.88307,-99.08378,328.65,1.04,1.02,2025-03-17,0347,T,100,6.1NRT,286.11,30.32,N
22.88161,-99.09365,305.5,1.04,1.02,2025-03-17,0347,T,65,6.1NRT,286.37,8.27,N
22.92574,-98.98033,305.75,1.03,1.02,2025-03-17,0347,T,65,6.1NRT,288.55,8.13,N
22.92431,-98.99014,329.72,1.03,1.02,2025-03-17,0347,T,100,6.1NRT,289.97,31.31,N
23.05789,-98.45268,301.23,1.01,1,2025-03-17,0347,T,16,6.1NRT,286.3,4.83,N
23.05651,-98.4623,305.05,1.01,1,2025-03-17,0347,T,56,6.1NRT,286.56,7.05,N
25.51175,-97.56635,305.95,1.02,1.01,2025-03-17,0347,T,66,6.1NRT,286.64,9.33,N
26.04159,-98.15006,300.74,1,1,2025-03-17,0347,T,33,6.1NRT,288.47,5.44,N
26.05707,-98.1026,303.9,1,1,2025-03-17,0347,T,57,6.1NRT,288.22,6.87,N
26.06618,-98.23434,311.3,1,1,2025-03-17,0347,T,82,6.1NRT,288.67,10.99,N
26.06484,-98.24411,304.2,1,1,2025-03-17,0347,T,50,6.1NRT,289.05,5.99,N
26.07499,-98.23585,307.19,1,1,2025-03-17,0347,T,71,6.1NRT,288.58,8.44,N
26.15471,-100.12942,300.22,1.06,1.03,2025-03-17,0347,T,22,6.1NRT,284.17,6.65,N
29.92644,-93.15178,307.73,1.93,1.36,2025-03-17,0349,T,72,6.1NRT,283.72,27.73,N
32.7957,-95.05817,305.01,1.57,1.24,2025-03-17,0349,T,63,6.1NRT,278.15,19.87,N
9.73781,-63.46569,300.45,3.75,1.81,2025-03-17,0616,A,28,6.1NRT,289.56,23.44,N
9.6634,-63.61414,325.7,3.85,1.83,2025-03-17,0616,A,100,6.1NRT,290.01,157.67,N
9.65544,-63.54717,325.16,3.8,1.82,2025-03-17,0616,A,100,6.1NRT,290.34,148.02,N
9.65152,-63.51426,312.02,3.78,1.82,2025-03-17,0616,A,40,6.1NRT,290.5,63.17,N
9.64737,-63.61661,320.6,3.85,1.83,2025-03-17,0616,A,100,6.1NRT,289.12,117.44,N
9.6395,-63.5497,309.43,3.8,1.82,2025-03-17,0616,A,48,6.1NRT,290.33,51.26,N
9.66002,-63.52079,318.82,3.78,1.82,2025-03-17,0616,A,97,6.1NRT,290.48,107.41,N
9.65665,-63.62309,338.74,3.85,1.83,2025-03-17,0616,A,100,6.1NRT,289.97,287.35,N
9.65242,-63.58937,306.91,3.82,1.83,2025-03-17,0616,A,70,6.1NRT,289.6,44.45,N
9.64824,-63.55606,330.65,3.8,1.82,2025-03-17,0616,A,100,6.1NRT,290.23,199.85,N
9.62344,-63.70022,300.98,3.9,1.84,2025-03-17,0616,A,36,6.1NRT,288.84,26.1,N
8.15327,-80.57549,307.54,1.05,1.02,2025-03-17,0754,A,72,6.1NRT,291.7,7.57,N
22.75336,-80.35115,317.49,1.49,1.21,2025-03-17,0752,A,95,6.1NRT,289.89,28.75,N
22.75163,-80.33708,310.4,1.49,1.2,2025-03-17,0752,A,80,6.1NRT,289.39,18.68,N
22.0043,-79.18279,304.22,1.24,1.1,2025-03-17,0752,A,59,6.1NRT,284.14,8.83,N
21.99992,-79.17727,303.39,1.23,1.1,2025-03-17,0752,A,55,6.1NRT,284.69,8.15,N
20.64678,-76.84219,304.36,1,1,2025-03-17,0752,A,60,6.1NRT,291.2,5.45,N
20.6454,-76.83284,306.5,1,1,2025-03-17,0752,A,68,6.1NRT,291.13,6.78,N
20.63799,-76.84363,304.72,1,1,2025-03-17,0752,A,45,6.1NRT,291.8,5.41,N
15.14574,-83.93218,304.35,2.11,1.41,2025-03-17,0754,A,60,6.1NRT,293.71,16.79,N
22.70633,-99.48061,304.96,1.03,1.02,2025-03-17,0930,A,53,6.1NRT,283.7,8.87,N
22.70479,-99.47089,316.35,1.03,1.02,2025-03-17,0930,A,93,6.1NRT,286.15,17.34,N
22.68553,-99.46447,321.76,1.03,1.02,2025-03-17,0930,A,100,6.1NRT,286.32,22.49,N
22.17325,-97.80426,302.2,1.22,1.1,2025-03-17,0930,A,47,6.1NRT,288.7,8.13,N
20.87326,-99.1965,309.03,1.09,1.04,2025-03-17,0930,A,76,6.1NRT,280.59,14.47,N
18.41201,-99.50308,301.54,1.12,1.05,2025-03-17,0932,A,34,6.1NRT,290.13,5.76,N
28.05992,-97.43413,303.42,1.08,1.04,2025-03-17,0928,A,55,6.1NRT,282.6,10.04,N
19.17149,-71.4904,316.4,1.16,1.07,2025-03-17,1416,T,65,6.1NRT,302.78,8.91,D
18.93137,-71.35413,335.01,1.13,1.06,2025-03-17,1416,T,87,6.1NRT,305.08,31.31,D
11.74272,-70.19491,332.44,1.01,1,2025-03-17,1418,T,62,6.1NRT,300.97,20.57,D
11.73259,-70.18723,321.79,1.01,1,2025-03-17,1418,T,59,6.1NRT,299.78,8.29,D
9.58946,-61.40658,310.27,4.14,1.88,2025-03-17,1418,T,57,6.1NRT,291.03,47.61,D
10.88031,-70.88068,325.43,1,1,2025-03-17,1418,T,78,6.1NRT,299.5,11.62,D
9.65253,-63.53589,326.62,2.79,1.6,2025-03-17,1418,T,81,6.1NRT,292.81,80.38,D
9.64735,-63.54223,314.51,2.79,1.6,2025-03-17,1418,T,40,6.1NRT,291.03,32.24,D
9.64939,-63.64125,323.93,2.74,1.58,2025-03-17,1418,T,78,6.1NRT,291.17,62.48,D
9.64544,-63.61735,334.77,2.75,1.59,2025-03-17,1418,T,87,6.1NRT,291.24,124.06,D
9.62009,-63.72049,340.16,2.7,1.57,2025-03-17,1418,T,90,6.1NRT,295.33,153.28,D
9.52796,-64.74794,321.42,2.24,1.45,2025-03-17,1418,T,76,6.1NRT,297.59,28.38,D
10.72453,-73.18139,318.25,1.15,1.07,2025-03-17,1418,T,61,6.1NRT,299.83,8.05,D
9.37345,-64.53129,317.69,2.35,1.48,2025-03-17,1418,T,70,6.1NRT,294.49,25.89,D
9.37003,-64.51075,315.4,2.36,1.48,2025-03-17,1418,T,65,6.1NRT,294.3,19.24,D
9.37223,-64.51708,318.42,2.36,1.48,2025-03-17,1418,T,71,6.1NRT,294.26,29.35,D
9.95967,-70.63456,313.36,1.01,1,2025-03-17,1418,T,61,6.1NRT,296.21,7.84,D
9.95437,-71.04894,317.61,1,1,2025-03-17,1418,T,69,6.1NRT,298.28,5.18,D
9.47599,-68.92821,319.25,1.14,1.07,2025-03-17,1418,T,69,6.1NRT,295.2,10.2,D
9.45729,-68.93101,317.35,1.14,1.07,2025-03-17,1418,T,41,6.1NRT,296.3,7.16,D
9.48923,-70.83916,314.2,1,1,2025-03-17,1418,T,66,6.1NRT,296.11,6.14,D
7.79151,-64.26705,314.59,2.64,1.56,2025-03-17,1418,T,60,6.1NRT,289.05,34.24,D
7.69301,-64.31318,325.77,2.63,1.56,2025-03-17,1418,T,80,6.1NRT,290.66,72.61,D
7.70318,-64.34164,317.4,2.62,1.55,2025-03-17,1418,T,66,6.1NRT,289.66,34.08,D
7.69964,-64.3188,326.01,2.63,1.56,2025-03-17,1418,T,81,6.1NRT,290.52,71.9,D
7.53132,-64.93483,311.87,2.36,1.48,2025-03-17,1418,T,26,6.1NRT,291.94,18.49,D
18.91636,-96.84808,312.02,1.25,1.11,2025-03-17,1554,T,41,6.1NRT,296.03,9.5,D
18.81291,-96.9147,315.03,1.26,1.11,2025-03-17,1554,T,54,6.1NRT,299.88,11.34,D
18.55184,-95.2841,312.15,1.05,1.02,2025-03-17,1554,T,59,6.1NRT,297.84,7.85,D
18.56595,-96.35156,321.73,1.16,1.07,2025-03-17,1554,T,76,6.1NRT,302.45,13.17,D
18.50996,-96.14364,328.33,1.14,1.06,2025-03-17,1554,T,83,6.1NRT,302.43,22.91,D
17.9024,-93.18388,346.72,1.02,1.01,2025-03-17,1554,T,94,6.1NRT,298.01,52.35,D
17.90102,-93.17455,320.17,1.02,1.01,2025-03-17,1554,T,69,6.1NRT,295.22,13.89,D
17.89356,-93.18528,327.91,1.02,1.01,2025-03-17,1554,T,83,6.1NRT,297.21,21.52,D
17.84628,-93.12288,320.64,1.02,1.01,2025-03-17,1554,T,77,6.1NRT,295.57,14.26,D
17.84489,-93.11353,320.92,1.02,1.01,2025-03-17,1554,T,77,6.1NRT,295.86,14.83,D
17.83742,-93.1243,328.47,1.02,1.01,2025-03-17,1554,T,84,6.1NRT,293.87,22.02,D
17.83603,-93.11494,350.21,1.02,1.01,2025-03-17,1554,T,96,6.1NRT,294.12,59.17,D
17.3583,-90.04591,314.37,1.45,1.19,2025-03-17,1554,T,69,6.1NRT,292.95,15.21,D
18.40427,-99.50078,315.28,1.87,1.34,2025-03-17,1554,T,44,6.1NRT,299.73,14,D
17.08907,-93.06388,315.32,1.03,1.02,2025-03-17,1554,T,47,6.1NRT,293.59,11.1,D
17.28041,-95.02592,311.88,1.02,1.01,2025-03-17,1554,T,64,6.1NRT,295,5.92,D
15.15342,-83.95136,305.8,4.68,1.98,2025-03-17,1554,T,12,6.1NRT,286.15,19.54,D
16.46718,-92.79974,310.67,1.06,1.03,2025-03-17,1554,T,35,6.1NRT,288.53,4.65,D
16.16612,-96.58705,316.51,1.13,1.06,2025-03-17,1554,T,59,6.1NRT,300.77,12.03,D
15.37347,-92.23975,311.99,1.15,1.07,2025-03-17,1554,T,24,6.1NRT,297.28,6.34,D
15.11185,-92.52632,320.5,1.12,1.05,2025-03-17,1554,T,76,6.1NRT,302.15,8.94,D
14.99167,-92.1628,314.7,1.17,1.08,2025-03-17,1554,T,68,6.1NRT,300.16,8.81,D
15.02088,-92.53653,327.65,1.12,1.06,2025-03-17,1554,T,78,6.1NRT,301.93,18.69,D
14.93849,-92.16633,312.68,1.17,1.08,2025-03-17,1554,T,56,6.1NRT,300.16,6.28,D
14.36302,-90.32775,318.31,1.56,1.23,2025-03-17,1554,T,63,6.1NRT,300.22,18.16,D
14.35247,-90.33088,328.12,1.56,1.23,2025-03-17,1554,T,81,6.1NRT,297.34,37.69,D
14.47009,-91.71924,320.92,1.26,1.11,2025-03-17,1556,T,65,6.1NRT,300.18,11.21,D
14.4621,-91.73203,328.81,1.25,1.11,2025-03-17,1556,T,80,6.1NRT,301.19,22.49,D
14.32629,-91.19574,318.72,1.36,1.16,2025-03-17,1556,T,31,6.1NRT,301.34,11.03,D
14.3745,-91.76338,325.05,1.25,1.11,2025-03-17,1556,T,75,6.1NRT,302.64,12.94,D
14.21723,-90.84042,318.98,1.44,1.19,2025-03-17,1556,T,58,6.1NRT,300.5,11.41,D
14.25739,-91.21928,319.36,1.36,1.15,2025-03-17,1556,T,33,6.1NRT,299.62,10.28,D
14.1956,-91.08451,321.99,1.39,1.17,2025-03-17,1556,T,70,6.1NRT,301.48,14.19,D
14.19363,-91.07207,318.45,1.39,1.17,2025-03-17,1556,T,55,6.1NRT,300.06,9.02,D
33.31103,-84.89084,301.93,1.59,1.24,2025-03-17,1550,T,43,6.1NRT,286.29,11.46,D
14.07097,-90.30408,326.6,1.58,1.24,2025-03-17,1556,T,77,6.1NRT,299.89,31.26,D
13.90514,-90.28378,318.08,1.6,1.25,2025-03-17,1556,T,63,6.1NRT,301.08,10.2,D
13.90109,-90.32831,324.77,1.59,1.24,2025-03-17,1556,T,75,6.1NRT,301.12,24.91,D
33.36993,-86.697,321.66,1.25,1.11,2025-03-17,1550,T,71,6.1NRT,286.79,28.21,D
13.64509,-88.83459,318.86,2.09,1.41,2025-03-17,1556,T,48,6.1NRT,303.08,22.42,D
13.71101,-89.72222,318.58,1.78,1.31,2025-03-17,1556,T,38,6.1NRT,300.07,15.21,D
33.43806,-88.56674,300.14,1.06,1.03,2025-03-17,1550,T,27,6.1NRT,289.9,3.88,D
32.86099,-85.29874,301.67,1.54,1.22,2025-03-17,1550,T,48,6.1NRT,287.36,10.3,D
32.15253,-81.95164,305.28,2.64,1.56,2025-03-17,1550,T,61,6.1NRT,287.97,29.79,D
32.14677,-81.92505,300.76,2.65,1.56,2025-03-17,1550,T,41,6.1NRT,287.9,19.49,D
32.14586,-81.95883,300.85,2.64,1.56,2025-03-17,1550,T,20,6.1NRT,287.82,17.42,D
32.14025,-81.93216,300.64,2.65,1.56,2025-03-17,1550,T,20,6.1NRT,287.35,17.04,D
33.38532,-89.12105,300.77,1.03,1.01,2025-03-17,1550,T,41,6.1NRT,288.28,4.77,D
32.46363,-84.85441,305.6,1.67,1.27,2025-03-17,1550,T,41,6.1NRT,287.66,13.2,D
32.41667,-84.85516,310.49,1.67,1.27,2025-03-17,1550,T,57,6.1NRT,286.7,20.67,D
32.93164,-88.23755,304.24,1.09,1.04,2025-03-17,1550,T,58,6.1NRT,287.57,7.81,D
33.29642,-90.98958,308.21,1.01,1,2025-03-17,1550,T,50,6.1NRT,291.5,8.04,D
32.33392,-85.0937,302.62,1.62,1.25,2025-03-17,1550,T,53,6.1NRT,287.95,11.13,D
32.33078,-85.07708,308.36,1.62,1.25,2025-03-17,1550,T,67,6.1NRT,288.61,18.54,D
32.49743,-86.32172,302.48,1.36,1.15,2025-03-17,1550,T,46,6.1NRT,288.9,7.95,D
32.31833,-86.4212,301.4,1.35,1.15,2025-03-17,1552,T,47,6.1NRT,289.1,6.6,D
32.3159,-86.4074,302.95,1.35,1.15,2025-03-17,1552,T,54,6.1NRT,288.78,7.79,D
32.20862,-85.92719,300,1.45,1.19,2025-03-17,1552,T,8,6.1NRT,288.49,7.13,D
32.64053,-88.92036,300.7,1.05,1.02,2025-03-17,1552,T,41,6.1NRT,288.02,4.9,D
32.19987,-86.51362,303.99,1.34,1.15,2025-03-17,1552,T,58,6.1NRT,288.79,9.04,D
32.27892,-87.09199,311.74,1.25,1.11,2025-03-17,1552,T,62,6.1NRT,289.66,15.03,D
32.27676,-87.07922,308.6,1.25,1.11,2025-03-17,1552,T,64,6.1NRT,288.55,12.15,D
32.2671,-87.0815,311.29,1.25,1.11,2025-03-17,1552,T,61,6.1NRT,288.47,14.33,D
33.33987,-95.39119,305.34,1.55,1.23,2025-03-17,1552,T,57,6.1NRT,293.74,8.12,D
33.33707,-95.39754,305.47,1.55,1.23,2025-03-17,1552,T,57,6.1NRT,293.41,8.22,D
31.97862,-86.78284,303.75,1.31,1.13,2025-03-17,1552,T,57,6.1NRT,287.65,9.32,D
31.44624,-84.17232,309.82,1.95,1.36,2025-03-17,1552,T,69,6.1NRT,290,23.36,D
31.36631,-84.24133,322.31,1.93,1.36,2025-03-17,1552,T,82,6.1NRT,290.67,52.23,D
31.36253,-84.22189,312.79,1.94,1.36,2025-03-17,1552,T,73,6.1NRT,289.24,29.73,D
31.38015,-84.43863,300.74,1.87,1.34,2025-03-17,1552,T,41,6.1NRT,289.04,9.7,D
31.42185,-85.01971,305.37,1.71,1.28,2025-03-17,1552,T,61,6.1NRT,289.5,15.37,D
31.74277,-87.62923,307.19,1.2,1.09,2025-03-17,1552,T,65,6.1NRT,288.62,9.9,D
31.74068,-87.61692,317.61,1.2,1.09,2025-03-17,1552,T,78,6.1NRT,288.96,20.39,D
31.7312,-87.61907,308.39,1.2,1.09,2025-03-17,1552,T,43,6.1NRT,287.43,10.09,D
31.6019,-87.17427,302.68,1.26,1.12,2025-03-17,1552,T,53,6.1NRT,289.58,8.07,D
31.43819,-87.73549,304.41,1.19,1.09,2025-03-17,1552,T,59,6.1NRT,289.64,7.69,D
31.66085,-89.17471,302.94,1.05,1.02,2025-03-17,1552,T,46,6.1NRT,289.36,5.14,D
30.74317,-84.17383,307.21,2.02,1.38,2025-03-17,1552,T,65,6.1NRT,289.84,23.33,D
30.73915,-84.15369,312.84,2.02,1.39,2025-03-17,1552,T,73,6.1NRT,289.56,34.49,D
30.73516,-84.16035,319.25,2.02,1.39,2025-03-17,1552,T,79,6.1NRT,290.01,47.33,D
31.12699,-86.87823,309.97,1.34,1.15,2025-03-17,1552,T,53,6.1NRT,288.44,14.38,D
31.11702,-86.88058,307.3,1.34,1.15,2025-03-17,1552,T,47,6.1NRT,288.59,12.03,D
31.98319,-92.98713,304.06,1.12,1.05,2025-03-17,1552,T,58,6.1NRT,291.04,5.94,D
31.98176,-92.97559,308.34,1.12,1.05,2025-03-17,1552,T,67,6.1NRT,291.1,9.21,D
31.01105,-86.92563,303.88,1.33,1.14,2025-03-17,1552,T,57,6.1NRT,289.07,9.63,D
31.15132,-87.97966,301.71,1.17,1.08,2025-03-17,1552,T,37,6.1NRT,291.03,6.01,D
31.69808,-94.36834,308.39,1.29,1.13,2025-03-17,1552,T,57,6.1NRT,292.82,10.01,D
31.64124,-94.04643,308.38,1.24,1.11,2025-03-17,1552,T,66,6.1NRT,293.19,9.95,D
31.06883,-90.77975,320.03,1,1,2025-03-17,1552,T,80,6.1NRT,291.08,17.32,D
31.06736,-90.76957,320.64,1,1,2025-03-17,1552,T,80,6.1NRT,291.34,17.93,D
30.51029,-87.4324,315.34,1.28,1.12,2025-03-17,1552,T,76,6.1NRT,289,19.64,D
30.49831,-87.42181,344.38,1.28,1.12,2025-03-17,1552,T,94,6.1NRT,290.14,73.2,D
30.49608,-87.409,312.64,1.28,1.12,2025-03-17,1552,T,73,6.1NRT,288.24,16.16,D
31.07874,-91.30753,312.14,1,1,2025-03-17,1552,T,72,6.1NRT,293.42,10.24,D
31.07731,-91.2973,302.94,1,1,2025-03-17,1552,T,54,6.1NRT,292.86,4.19,D
30.5314,-88.16023,303.42,1.17,1.08,2025-03-17,1552,T,40,6.1NRT,292.02,5.57,D
31.33742,-93.88309,306.16,1.21,1.09,2025-03-17,1552,T,62,6.1NRT,293.1,7.11,D
31.33303,-93.87735,307.34,1.2,1.09,2025-03-17,1552,T,64,6.1NRT,293.36,8.71,D
31.15548,-92.98392,310.58,1.1,1.05,2025-03-17,1552,T,69,6.1NRT,293.78,9.68,D
30.33898,-87.64792,301.46,1.25,1.11,2025-03-17,1552,T,36,6.1NRT,290.81,4.34,D
30.44933,-90.27743,303.79,1.01,1.01,2025-03-17,1552,T,57,6.1NRT,291.33,5,D
31.00435,-96.55775,318.85,1.72,1.29,2025-03-17,1552,T,76,6.1NRT,295.16,29.46,D
30.99467,-96.5659,312.63,1.72,1.29,2025-03-17,1552,T,48,6.1NRT,295.4,16.26,D
30.99287,-96.5484,313.71,1.71,1.28,2025-03-17,1552,T,57,6.1NRT,294.88,18.03,D
29.99569,-90.39718,306.07,1.01,1.01,2025-03-17,1552,T,27,6.1NRT,295.42,5.13,D
29.95093,-92.28625,308.44,1.03,1.01,2025-03-17,1552,T,55,6.1NRT,296.44,5.58,D
29.93083,-93.18405,318.29,1.09,1.04,2025-03-17,1552,T,0,6.1NRT,293.41,16.5,D
29.76104,-92.94115,324.47,1.07,1.03,2025-03-17,1552,T,42,6.1NRT,294.78,19.94,D
29.75336,-92.95341,321.21,1.07,1.03,2025-03-17,1552,T,68,6.1NRT,294.51,16.89,D
29.75198,-92.94267,323.65,1.07,1.03,2025-03-17,1552,T,61,6.1NRT,293.81,19.58,D
28.22648,-97.0386,315.36,1.7,1.28,2025-03-17,1552,T,62,6.1NRT,298.34,17.85,D
28.22477,-97.02172,335.05,1.69,1.28,2025-03-17,1552,T,86,6.1NRT,298.77,66.33,D
27.11512,-97.96606,311.87,1.9,1.35,2025-03-17,1552,T,57,6.1NRT,300.57,13.03,D
25.80242,-97.31572,312.05,1.65,1.26,2025-03-17,1554,T,48,6.1NRT,296.66,12.03,D
23.70035,-99.03043,312,2.04,1.39,2025-03-17,1554,T,63,6.1NRT,299.7,13.09,D
22.7069,-99.48846,312.52,2.15,1.42,2025-03-17,1554,T,38,6.1NRT,293.29,24.06,D
22.70491,-99.46807,311.16,2.14,1.42,2025-03-17,1554,T,15,6.1NRT,293.16,19.21,D
22.70315,-99.47475,319.96,2.14,1.42,2025-03-17,1554,T,73,6.1NRT,293.35,43.74,D
20.61907,-89.67011,312.99,1.36,1.15,2025-03-17,1554,T,67,6.1NRT,294.11,10.67,D
21.70166,-98.55228,313.48,1.77,1.3,2025-03-17,1554,T,60,6.1NRT,298.57,12.16,D
21.41492,-98.44998,334.97,1.72,1.29,2025-03-17,1554,T,87,6.1NRT,299.95,62.47,D
21.41612,-98.45581,330.37,1.72,1.29,2025-03-17,1554,T,84,6.1NRT,299.3,49.72,D
19.38009,-90.59245,331.28,1.25,1.11,2025-03-17,1554,T,85,6.1NRT,297.34,34.1,D
19.37037,-90.59413,315.34,1.25,1.11,2025-03-17,1554,T,70,6.1NRT,297.08,10.62,D
19.59863,-92.28954,312.06,1.05,1.02,2025-03-17,1554,T,52,6.1NRT,293.39,8.47,D
19.44737,-92.08743,321.84,1.06,1.03,2025-03-17,1554,T,74,6.1NRT,294.77,17.95,D
19.39469,-92.04576,310.63,1.07,1.03,2025-03-17,1554,T,36,6.1NRT,294.38,7.17,D
19.38876,-96.53884,321.1,1.22,1.1,2025-03-17,1554,T,73,6.1NRT,298.6,15.75,D
19.38734,-96.52765,331.06,1.21,1.1,2025-03-17,1554,T,84,6.1NRT,298.89,30.45,D
18.53224,-90.7502,338.22,1.26,1.11,2025-03-17,1554,T,90,6.1NRT,297.34,48.24,D
18.53037,-90.73871,327.53,1.26,1.11,2025-03-17,1554,T,82,6.1NRT,297.41,28.14,D
28.05405,-108.69238,312.12,2.39,1.49,2025-03-17,1730,T,57,6.1NRT,291.44,29.05,D
28.0409,-108.69417,312.25,2.39,1.49,2025-03-17,1730,T,44,6.1NRT,295.21,30.28,D
26.52076,-106.35345,309.89,3.82,1.83,2025-03-17,1730,T,36,6.1NRT,291.14,53.73,D
26.51232,-106.31515,332.35,3.85,1.83,2025-03-17,1730,T,86,6.1NRT,296.94,212.89,D
26.50426,-106.32493,337.8,3.85,1.83,2025-03-17,1730,T,90,6.1NRT,296.41,263.76,D
10.04191,-84.81129,327.77,1.32,1.14,2025-03-17,2019,A,72,6.1NRT,298.95,24.47,D
10.49909,-85.28374,323.75,1.25,1.11,2025-03-17,2019,A,71,6.1NRT,304.38,9.1,D
10.49755,-85.29494,326.95,1.25,1.11,2025-03-17,2019,A,76,6.1NRT,306.93,14.37,D
10.4558,-85.73754,327.82,1.18,1.08,2025-03-17,2019,A,76,6.1NRT,311.76,13.87,D
10.48209,-85.68815,324.34,1.18,1.08,2025-03-17,2019,A,71,6.1NRT,310.76,9.37,D
12.8996,-86.19123,322.89,1.19,1.08,2025-03-17,2021,A,38,6.1NRT,304.04,12.51,D
13.30447,-86.71066,345.74,1.13,1.06,2025-03-17,2021,A,92,6.1NRT,307.96,52.4,D
13.30319,-86.72002,328.73,1.13,1.06,2025-03-17,2021,A,78,6.1NRT,306.2,21.47,D
13.40926,-88.01902,334.94,1.02,1.01,2025-03-17,2021,A,78,6.1NRT,310.26,20.99,D
13.40797,-88.02814,327.31,1.02,1.01,2025-03-17,2021,A,50,6.1NRT,310.28,10.52,D
13.59581,-88.06892,325.71,1.02,1.01,2025-03-17,2021,A,35,6.1NRT,307.19,9.89,D
14.27486,-83.52892,319.69,1.89,1.34,2025-03-17,2021,A,63,6.1NRT,303.67,20.88,D
14.05826,-86.58558,323.96,1.17,1.07,2025-03-17,2021,A,69,6.1NRT,305.77,15.07,D
14.42497,-83.89626,322.75,1.78,1.31,2025-03-17,2021,A,59,6.1NRT,304.91,21.27,D
14.03903,-87.47613,325.77,1.07,1.03,2025-03-17,2021,A,78,6.1NRT,296.99,17.22,D
13.86215,-89.29191,323.63,1,1,2025-03-17,2021,A,42,6.1NRT,303.44,8.55,D
14.02596,-89.61579,351.05,1.01,1,2025-03-17,2021,A,95,6.1NRT,300.98,55.32,D
14.02461,-89.62489,325.6,1.01,1,2025-03-17,2021,A,78,6.1NRT,300.19,13.21,D
14.03474,-89.61721,322.3,1.01,1,2025-03-17,2021,A,73,6.1NRT,300.75,10.2,D
14.91729,-83.91055,323.41,1.8,1.32,2025-03-17,2021,A,62,6.1NRT,296.34,29.94,D
13.97976,-91.25908,324.51,1.14,1.06,2025-03-17,2021,A,68,6.1NRT,300.75,15.14,D
13.97817,-91.2693,331.3,1.14,1.06,2025-03-17,2021,A,82,6.1NRT,300.3,25.73,D
15.00116,-84.05808,313.27,1.76,1.3,2025-03-17,2021,A,21,6.1NRT,287.78,10.85,D
15.03313,-83.89811,323.22,1.81,1.32,2025-03-17,2021,A,66,6.1NRT,291.9,27.62,D
15.07182,-83.75868,315.35,1.86,1.33,2025-03-17,2021,A,57,6.1NRT,283.12,21.64,D
15.13277,-83.93508,314.09,1.81,1.32,2025-03-17,2021,A,28,6.1NRT,290.64,10.39,D
14.14783,-91.18452,320.69,1.13,1.06,2025-03-17,2021,A,55,6.1NRT,298.26,12.43,D
15.15354,-84.02554,339.71,1.78,1.31,2025-03-17,2021,A,89,6.1NRT,296.58,77.98,D
15.15156,-84.04156,319.06,1.78,1.31,2025-03-17,2021,A,58,6.1NRT,296.77,17.53,D
15.16505,-84.0269,320.63,1.78,1.31,2025-03-17,2021,A,66,6.1NRT,297.73,19.94,D
14.18634,-91.47101,326.63,1.16,1.07,2025-03-17,2021,A,77,6.1NRT,301.14,18.53,D
14.18469,-91.48142,332.66,1.16,1.07,2025-03-17,2021,A,83,6.1NRT,300.71,27.28,D
15.28164,-84.11389,316.56,1.76,1.3,2025-03-17,2021,A,65,6.1NRT,297.05,15.26,D
15.2712,-84.18243,317.78,1.74,1.29,2025-03-17,2021,A,61,6.1NRT,298.9,15.34,D
15.36755,-84.24293,320.26,1.73,1.29,2025-03-17,2021,A,35,6.1NRT,295.27,18.5,D
15.36707,-84.24988,319.34,1.73,1.29,2025-03-17,2021,A,49,6.1NRT,294.56,16.83,D
15.38221,-84.22003,325.13,1.74,1.29,2025-03-17,2021,A,78,6.1NRT,297.11,33.5,D
14.45578,-91.82764,327.67,1.2,1.09,2025-03-17,2021,A,69,6.1NRT,298.59,17.71,D
14.45408,-91.83846,331,1.21,1.09,2025-03-17,2021,A,80,6.1NRT,302.14,21.31,D
16.25781,-94.14131,320.01,1.59,1.24,2025-03-17,2021,A,69,6.1NRT,305.76,13.3,D
16.32935,-95.39886,320.26,1.96,1.37,2025-03-17,2021,A,72,6.1NRT,303.26,28.86,D
16.50483,-94.52434,328.28,1.68,1.27,2025-03-17,2021,A,70,6.1NRT,310.68,25.69,D
16.50225,-94.53951,325.84,1.68,1.27,2025-03-17,2021,A,68,6.1NRT,308.47,17.71,D
16.51591,-94.52644,337.04,1.68,1.27,2025-03-17,2021,A,88,6.1NRT,312.59,49.72,D
16.51334,-94.5416,332.81,1.68,1.27,2025-03-17,2021,A,83,6.1NRT,311,35.63,D
16.67659,-98.03663,316.22,3.09,1.67,2025-03-17,2021,A,67,6.1NRT,302.93,28.73,D
17.83055,-93.11691,359.6,1.28,1.12,2025-03-17,2021,A,99,6.1NRT,299.86,113.24,D
17.82864,-93.12856,321.88,1.28,1.12,2025-03-17,2021,A,77,6.1NRT,298.12,18.52,D
17.89178,-93.18206,345.09,1.29,1.13,2025-03-17,2021,A,93,6.1NRT,299.12,66.47,D
17.88984,-93.19376,324.56,1.29,1.13,2025-03-17,2021,A,80,6.1NRT,298.68,22.92,D
18.63978,-92.1739,325.7,1.12,1.05,2025-03-17,2021,A,76,6.1NRT,297.13,22.4,D
18.6314,-92.51099,310.23,1.16,1.07,2025-03-17,2021,A,15,6.1NRT,292.48,7.5,D
18.24409,-95.18478,317.03,1.74,1.29,2025-03-17,2021,A,68,6.1NRT,297.9,20.38,D
18.24131,-95.20078,322.99,1.74,1.29,2025-03-17,2021,A,76,6.1NRT,298.06,33.85,D
18.15397,-95.93901,323.9,1.98,1.37,2025-03-17,2021,A,77,6.1NRT,301.27,36.08,D
18.15069,-95.95702,317.82,1.99,1.38,2025-03-17,2021,A,52,6.1NRT,299.76,19.16,D
19.2028,-89.65796,315.29,1.01,1,2025-03-17,2021,A,44,6.1NRT,302.21,5.57,D
19.18285,-90.19125,335.38,1,1,2025-03-17,2021,A,86,6.1NRT,304.7,25.84,D
19.34645,-90.12917,322.31,1,1,2025-03-17,2021,A,73,6.1NRT,304.11,11.33,D
19.38776,-90.67843,330.85,1,1,2025-03-17,2021,A,81,6.1NRT,299.73,23.08,D
19.54546,-89.71872,319.37,1.01,1,2025-03-17,2021,A,68,6.1NRT,303.54,7.25,D
19.46794,-90.25601,334.35,1,1,2025-03-17,2021,A,85,6.1NRT,305.86,23.73,D
19.4666,-90.26524,319.57,1,1,2025-03-17,2021,A,62,6.1NRT,303.96,6.83,D
19.4767,-90.25745,325.87,1,1,2025-03-17,2021,A,77,6.1NRT,305.48,12.41,D
19.57369,-89.64689,323.87,1.01,1,2025-03-17,2021,A,75,6.1NRT,302.92,11.62,D
19.57236,-89.65623,324.55,1.01,1,2025-03-17,2021,A,76,6.1NRT,303.87,12.04,D
19.23882,-92.24978,323.15,1.11,1.05,2025-03-17,2021,A,76,6.1NRT,292.58,19.82,D
19.23719,-92.25998,325.15,1.11,1.05,2025-03-17,2021,A,78,6.1NRT,293.91,22.38,D
19.53537,-90.49144,319.31,1,1,2025-03-17,2021,A,57,6.1NRT,297.27,8.89,D
19.62308,-90.13678,354.15,1,1,2025-03-17,2021,A,97,6.1NRT,303.59,64.59,D
19.62174,-90.14603,316.86,1,1,2025-03-17,2021,A,60,6.1NRT,303.59,7.75,D
19.44008,-92.08978,324.38,1.09,1.04,2025-03-17,2021,A,77,6.1NRT,294.15,21.08,D
19.91379,-90.24698,323.71,1,1,2025-03-17,2021,A,75,6.1NRT,305.98,12.06,D
20.06514,-89.43915,314.23,1.02,1.01,2025-03-17,2021,A,57,6.1NRT,300.14,5.63,D
20.06677,-89.82079,316.07,1.01,1,2025-03-17,2021,A,39,6.1NRT,301.18,4.94,D
20.00261,-90.26735,322.11,1,1,2025-03-17,2021,A,72,6.1NRT,305.5,9.93,D
18.56559,-98.79897,327.23,3.23,1.7,2025-03-17,2021,A,77,6.1NRT,311.79,60.62,D
18.55982,-98.82818,324.15,3.25,1.7,2025-03-17,2021,A,58,6.1NRT,311.36,46.09,D
20.26835,-89.43514,321.29,1.03,1.01,2025-03-17,2021,A,72,6.1NRT,302.92,9.07,D
20.3269,-90.00631,320.93,1.01,1,2025-03-17,2023,A,61,6.1NRT,307.47,9.21,D
18.94223,-98.45101,359.92,2.99,1.64,2025-03-17,2023,A,99,6.1NRT,309.13,357.46,D
18.8535,-99.06515,320.36,3.34,1.72,2025-03-17,2023,A,65,6.1NRT,305.33,41.4,D
18.95014,-98.42902,331.6,2.97,1.64,2025-03-17,2023,A,82,6.1NRT,308.37,87.26,D
18.94473,-98.456,343.82,2.99,1.64,2025-03-17,2023,A,91,6.1NRT,308.25,179.23,D
19.20982,-97.60355,325.23,2.54,1.53,2025-03-17,2023,A,75,6.1NRT,310,34.65,D
19.20559,-97.60964,328.28,2.54,1.53,2025-03-17,2023,A,79,6.1NRT,311.01,47.89,D
22.35639,-83.26527,312.1,2.61,1.55,2025-03-17,2023,A,47,6.1NRT,292.81,22.16,D
20.61216,-101.55437,318.92,4.68,1.98,2025-03-17,2023,A,69,6.1NRT,306.08,65.36,D
20.85968,-77.05685,310.21,4.71,1.99,2025-03-17,1845,A,17,6.1NRT,290.62,54.53,D
20.91233,-101.32718,334.07,4.44,1.94,2025-03-17,2023,A,86,6.1NRT,310.92,175.01,D
20.9036,-101.36893,330.25,4.47,1.94,2025-03-17,2023,A,83,6.1NRT,313.27,127.29,D
20.861,-77.06092,310.4,4.71,1.99,2025-03-17,1845,A,9,6.1NRT,291.05,49.13,D
20.89964,-101.33228,338.7,4.44,1.94,2025-03-17,2023,A,89,6.1NRT,311.59,236.9,D
26.64541,-78.22429,317.93,4.14,1.88,2025-03-17,1847,A,44,6.1NRT,287.72,95.06,D
20.89066,-101.37366,324.5,4.47,1.94,2025-03-17,2023,A,76,6.1NRT,312.92,68.5,D
22.1036,-98.60221,319.96,2.6,1.55,2025-03-17,2023,A,69,6.1NRT,303.65,30.21,D
22.43012,-99.11359,315.36,2.79,1.6,2025-03-17,2023,A,28,6.1NRT,301.67,21.25,D
22.66395,-99.48804,313.8,2.94,1.63,2025-03-17,2023,A,28,6.1NRT,300.03,38.82,D
22.94071,-98.00005,317.19,2.24,1.45,2025-03-17,2023,A,51,6.1NRT,304.99,23.56,D
22.69523,-99.49829,320.8,2.94,1.63,2025-03-17,2023,A,65,6.1NRT,296.82,68.79,D
22.83637,-99.86407,320.26,3.11,1.67,2025-03-17,2023,A,70,6.1NRT,303.38,53.04,D
22.84372,-99.84297,316.2,3.09,1.67,2025-03-17,2023,A,49,6.1NRT,303.15,31.73,D
22.83773,-99.87132,316.04,3.11,1.67,2025-03-17,2023,A,50,6.1NRT,302.51,31.62,D
24.03719,-98.43867,322.99,2.29,1.46,2025-03-17,2023,A,74,6.1NRT,299.12,41.67,D
23.72826,-100.64931,324.24,3.39,1.74,2025-03-17,2023,A,75,6.1NRT,306.67,74.69,D
23.72191,-100.67986,318.62,3.41,1.74,2025-03-17,2023,A,65,6.1NRT,305.47,45.84,D
7.03318,-62.81116,319.05,1,1,2025-03-17,1841,A,42,6.1NRT,301.55,8.26,D
23.72571,-100.65322,327,3.39,1.74,2025-03-17,2023,A,78,6.1NRT,306.87,94,D
24.06671,-99.29842,333.19,2.64,1.56,2025-03-17,2023,A,84,6.1NRT,304.67,106.07,D
24.06179,-99.32294,319.52,2.65,1.56,2025-03-17,2023,A,67,6.1NRT,304.07,43.97,D
7.03183,-63.62928,335.56,1.02,1.01,2025-03-17,1841,A,84,6.1NRT,301.06,23.02,D
24.07391,-99.30708,327.13,2.64,1.56,2025-03-17,2023,A,78,6.1NRT,303.05,74.06,D
7.03051,-63.63823,328.41,1.02,1.01,2025-03-17,1841,A,69,6.1NRT,304.33,12.85,D
24.60209,-98.53942,321.52,2.26,1.46,2025-03-17,2023,A,71,6.1NRT,300.33,40.76,D
24.60637,-98.5256,317.55,2.25,1.45,2025-03-17,2023,A,44,6.1NRT,301.04,23.09,D
7.3416,-61.95468,319.03,1.03,1.01,2025-03-17,1841,A,67,6.1NRT,298.99,9.24,D
25.16431,-97.77752,315.74,1.93,1.36,2025-03-17,2023,A,0,6.1NRT,303.39,19.08,D
7.09659,-63.63637,334.16,1.02,1.01,2025-03-17,1841,A,85,6.1NRT,303.77,21.6,D
7.09526,-63.64529,326.28,1.02,1.01,2025-03-17,1841,A,63,6.1NRT,303.24,11.33,D
7.37495,-61.84863,323.31,1.03,1.01,2025-03-17,1841,A,32,6.1NRT,301.33,11.62,D
7.10809,-63.80338,321.95,1.03,1.01,2025-03-17,1841,A,41,6.1NRT,300.54,10.11,D
7.53179,-61.52122,322.8,1.06,1.03,2025-03-17,1841,A,69,6.1NRT,299.34,12.96,D
7.24914,-63.59214,333.98,1.02,1.01,2025-03-17,1841,A,84,6.1NRT,305.55,19.52,D
7.24783,-63.60106,335.43,1.02,1.01,2025-03-17,1841,A,86,6.1NRT,305.29,21.64,D
7.14291,-64.50012,332.04,1.08,1.04,2025-03-17,1841,A,84,6.1NRT,299.49,27.74,D
7.14147,-64.50965,327.52,1.08,1.04,2025-03-17,1841,A,80,6.1NRT,298.59,21.78,D
7.49973,-62.26463,333.33,1.01,1.01,2025-03-17,1843,A,66,6.1NRT,308.4,19.58,D
7.36996,-63.21829,324.4,1,1,2025-03-17,1843,A,56,6.1NRT,300.41,12.47,D
7.17839,-64.57365,343.71,1.09,1.04,2025-03-17,1843,A,92,6.1NRT,300.14,48,D
7.17697,-64.58318,344.56,1.09,1.04,2025-03-17,1843,A,92,6.1NRT,300.2,50.27,D
7.20649,-64.50994,322.25,1.08,1.04,2025-03-17,1843,A,73,6.1NRT,299.84,12.42,D
7.20509,-64.51941,345.19,1.08,1.04,2025-03-17,1843,A,92,6.1NRT,301.46,49.13,D
7.20368,-64.52891,319.18,1.08,1.04,2025-03-17,1843,A,53,6.1NRT,300.39,8.82,D
7.24617,-64.42495,322.14,1.07,1.03,2025-03-17,1843,A,68,6.1NRT,297.31,14.33,D
7.42744,-63.26871,333.37,1,1,2025-03-17,1843,A,82,6.1NRT,306.12,17.84,D
7.43074,-63.36848,335.38,1.01,1,2025-03-17,1843,A,84,6.1NRT,307.87,22.16,D
7.42944,-63.37734,337.46,1.01,1,2025-03-17,1843,A,86,6.1NRT,307.75,25.57,D
7.43953,-63.3698,326.52,1.01,1,2025-03-17,1843,A,43,6.1NRT,305.05,12.14,D
7.39462,-63.73607,332.14,1.02,1.01,2025-03-17,1843,A,68,6.1NRT,305.79,17.76,D
7.53789,-63.21069,338.91,1,1,2025-03-17,1843,A,86,6.1NRT,307.03,27.22,D
7.5366,-63.21951,322.89,1,1,2025-03-17,1843,A,33,6.1NRT,303.98,5.3,D
7.52106,-63.32535,326.26,1,1,2025-03-17,1843,A,55,6.1NRT,305.03,8.75,D
7.51976,-63.33418,326.91,1,1,2025-03-17,1843,A,64,6.1NRT,304.2,9.92,D
7.38696,-64.29081,323.67,1.06,1.03,2025-03-17,1843,A,72,6.1NRT,299.88,16.53,D
7.38559,-64.30001,326.18,1.06,1.03,2025-03-17,1843,A,71,6.1NRT,298.24,19.64,D
7.54483,-63.34694,325.11,1,1,2025-03-17,1843,A,25,6.1NRT,305.45,6.58,D
7.52141,-63.50641,333.93,1.01,1,2025-03-17,1843,A,80,6.1NRT,306.8,14.12,D
7.43921,-64.37089,326.16,1.06,1.03,2025-03-17,1843,A,25,6.1NRT,300.77,14.47,D
7.44823,-64.37227,338.83,1.06,1.03,2025-03-17,1843,A,87,6.1NRT,301.16,31.04,D
7.63132,-63.7082,335.21,1.02,1.01,2025-03-17,1843,A,77,6.1NRT,305.49,17.91,D
7.62999,-63.71716,332.66,1.02,1.01,2025-03-17,1843,A,63,6.1NRT,304.57,15.86,D
7.83532,-62.74585,322.63,1,1,2025-03-17,1843,A,31,6.1NRT,304.85,9.6,D
7.71115,-64.09484,324.26,1.04,1.02,2025-03-17,1843,A,52,6.1NRT,302.66,11.96,D
7.70979,-64.10396,324.98,1.04,1.02,2025-03-17,1843,A,49,6.1NRT,300.58,13.49,D
8.02375,-62.59662,318.23,1.01,1,2025-03-17,1843,A,44,6.1NRT,298.98,9.22,D
7.79448,-64.28294,333.98,1.05,1.02,2025-03-17,1843,A,63,6.1NRT,303.26,21.09,D
7.79312,-64.29211,338.09,1.05,1.02,2025-03-17,1843,A,83,6.1NRT,304.8,27.42,D
7.88062,-63.89227,333.52,1.02,1.01,2025-03-17,1843,A,72,6.1NRT,306.72,20.22,D
8.12519,-62.98451,332.42,1,1,2025-03-17,1843,A,60,6.1NRT,304.22,18.01,D
8.0043,-63.80736,346.42,1.02,1.01,2025-03-17,1843,A,92,6.1NRT,303.98,44.8,D
8.00297,-63.81632,345.88,1.02,1.01,2025-03-17,1843,A,91,6.1NRT,302.63,45.55,D
8.01313,-63.8087,325.72,1.02,1.01,2025-03-17,1843,A,37,6.1NRT,303.16,13.09,D
8.08131,-63.9075,333.28,1.02,1.01,2025-03-17,1843,A,79,6.1NRT,305.85,17.46,D
8.28063,-63.30817,345.12,1,1,2025-03-17,1843,A,0,6.1NRT,305.34,37.16,D
8.42403,-62.5079,343.5,1.01,1.01,2025-03-17,1843,A,90,6.1NRT,304.92,36.57,D
8.42274,-62.5168,326.24,1.01,1,2025-03-17,1843,A,41,6.1NRT,303.29,11.28,D
8.4871,-62.33115,322.98,1.02,1.01,2025-03-17,1843,A,28,6.1NRT,303.03,8.29,D
8.48581,-62.34013,328.95,1.02,1.01,2025-03-17,1843,A,70,6.1NRT,301.38,15.3,D
8.36115,-63.26293,333.14,1,1,2025-03-17,1843,A,75,6.1NRT,308.02,15.13,D
8.35986,-63.27175,330.5,1,1,2025-03-17,1843,A,61,6.1NRT,307.62,11.25,D
8.40397,-63.21529,337.42,1,1,2025-03-17,1843,A,84,6.1NRT,309.11,17.92,D
8.59799,-62.14174,359.01,1.03,1.01,2025-03-17,1843,A,0,6.1NRT,303.47,78.87,D
8.59669,-62.15083,352.41,1.03,1.01,2025-03-17,1843,A,0,6.1NRT,302.18,62.02,D
8.70519,-62.61962,336.91,1.01,1,2025-03-17,1843,A,70,6.1NRT,305.29,20.71,D
8.70391,-62.62852,369.2,1.01,1,2025-03-17,1843,A,100,6.1NRT,308.21,98.08,D
8.70263,-62.63743,386.61,1.01,1,2025-03-17,1843,A,100,6.1NRT,311.95,168.22,D
8.70135,-62.64633,331.75,1.01,1,2025-03-17,1843,A,66,6.1NRT,305.03,17.32,D
8.714,-62.62093,332.42,1.01,1,2025-03-17,1843,A,65,6.1NRT,310.88,15.62,D
8.71272,-62.62984,336.35,1.01,1,2025-03-17,1843,A,81,6.1NRT,311.16,21.26,D
8.71144,-62.63874,374.99,1.01,1,2025-03-17,1843,A,100,6.1NRT,311.24,119.33,D
8.71016,-62.64764,427.96,1.01,1,2025-03-17,1843,A,100,6.1NRT,316,456.55,D
8.70888,-62.65654,402.9,1.01,1,2025-03-17,1843,A,100,6.1NRT,311.89,260.71,D
8.7241,-62.61333,345.64,1.01,1,2025-03-17,1843,A,92,6.1NRT,306.39,36.5,D
8.72281,-62.62224,357.56,1.01,1,2025-03-17,1843,A,98,6.1NRT,309.89,63.08,D
8.72153,-62.63115,337.54,1.01,1,2025-03-17,1843,A,80,6.1NRT,310.38,21.46,D
8.72025,-62.64005,348.77,1.01,1,2025-03-17,1843,A,94,6.1NRT,309.01,44.57,D
8.71897,-62.64895,427.09,1.01,1,2025-03-17,1843,A,100,6.1NRT,315.57,446.26,D
8.71768,-62.65784,437.97,1.01,1,2025-03-17,1843,A,100,6.1NRT,315.02,559.97,D
8.73162,-62.62356,333.56,1.01,1,2025-03-17,1843,A,75,6.1NRT,305.59,16.97,D
8.73034,-62.63246,352.73,1.01,1,2025-03-17,1843,A,96,6.1NRT,306.7,51.6,D
8.72906,-62.64136,363.97,1.01,1,2025-03-17,1843,A,100,6.1NRT,306.73,81.74,D
8.72777,-62.65026,382.36,1.01,1,2025-03-17,1843,A,100,6.1NRT,305.26,149.43,D
8.72649,-62.65916,371.35,1.01,1,2025-03-17,1843,A,100,6.1NRT,300.23,109.07,D
8.71693,-62.91131,326,1,1,2025-03-17,1843,A,62,6.1NRT,305.82,11,D
8.79401,-62.44106,328.57,1.02,1.01,2025-03-17,1843,A,55,6.1NRT,307.16,9.54,D
8.54598,-64.13799,327.67,1.03,1.01,2025-03-17,1843,A,28,6.1NRT,302.97,14.72,D
8.82887,-62.2621,328.5,1.03,1.01,2025-03-17,1843,A,66,6.1NRT,307.12,10.13,D
8.71498,-63.10948,380.97,1,1,2025-03-17,1843,A,100,6.1NRT,307.39,140.22,D
8.7137,-63.1183,347.48,1,1,2025-03-17,1843,A,92,6.1NRT,304.56,39.66,D
8.72761,-63.09904,360.24,1,1,2025-03-17,1843,A,87,6.1NRT,307.29,72.28,D
8.72633,-63.10786,382.15,1,1,2025-03-17,1843,A,94,6.1NRT,312.22,145.98,D
8.72505,-63.11669,404.23,1,1,2025-03-17,1843,A,100,6.1NRT,314.94,263.95,D
8.72376,-63.12551,423.18,1,1,2025-03-17,1843,A,100,6.1NRT,314.72,407.53,D
8.72248,-63.13433,441.96,1,1,2025-03-17,1843,A,94,6.1NRT,321.2,597.69,D
8.7351,-63.10918,352.62,1,1,2025-03-17,1843,A,96,6.1NRT,306.04,53.17,D
8.73382,-63.118,347.77,1,1,2025-03-17,1843,A,93,6.1NRT,304.13,43.48,D
8.73253,-63.12682,331.55,1,1,2025-03-17,1843,A,54,6.1NRT,299.6,17.53,D
8.73125,-63.13565,329.52,1,1,2025-03-17,1843,A,42,6.1NRT,297.18,15.23,D
8.55028,-64.35876,335.61,1.04,1.02,2025-03-17,1843,A,78,6.1NRT,307.83,16.53,D
8.54889,-64.36797,335.91,1.04,1.02,2025-03-17,1843,A,82,6.1NRT,308.58,17.7,D
8.85499,-62.52904,330.8,1.01,1.01,2025-03-17,1843,A,73,6.1NRT,305.56,16.13,D
8.78549,-63.82855,330.14,1.01,1.01,2025-03-17,1843,A,39,6.1NRT,308.48,11.73,D
8.84597,-63.55302,336.61,1,1,2025-03-17,1843,A,81,6.1NRT,304.12,22.18,D
8.72992,-64.88597,327.18,1.08,1.04,2025-03-17,1843,A,38,6.1NRT,306.16,14.34,D
8.19336,-68.39926,315.6,1.85,1.33,2025-03-17,1843,A,57,6.1NRT,287.92,13.15,D
8.78087,-64.61129,335.61,1.06,1.03,2025-03-17,1843,A,83,6.1NRT,306.79,24.4,D
8.77946,-64.62063,331.45,1.06,1.03,2025-03-17,1843,A,76,6.1NRT,304.86,18.95,D
8.78987,-64.61269,327.91,1.06,1.03,2025-03-17,1843,A,56,6.1NRT,305.6,13.72,D
8.78845,-64.62202,328.82,1.06,1.03,2025-03-17,1843,A,61,6.1NRT,305.21,15.64,D
8.96801,-63.90501,328.42,1.01,1.01,2025-03-17,1843,A,54,6.1NRT,307.36,10.11,D
9.19849,-62.39313,318.26,1.02,1.01,2025-03-17,1843,A,55,6.1NRT,301.33,6.06,D
8.92988,-64.78371,328.98,1.07,1.03,2025-03-17,1843,A,38,6.1NRT,309.38,11.93,D
9.22824,-62.83421,329.94,1.01,1,2025-03-17,1843,A,49,6.1NRT,305.03,15.99,D
8.94885,-64.78362,345.4,1.07,1.03,2025-03-17,1843,A,91,6.1NRT,309.07,41.1,D
8.94742,-64.79305,369.66,1.07,1.03,2025-03-17,1843,A,100,6.1NRT,308.14,110.39,D
9.25995,-62.73887,324.95,1.01,1,2025-03-17,1843,A,51,6.1NRT,302.75,10.94,D
8.94252,-64.94772,337.63,1.08,1.04,2025-03-17,1843,A,84,6.1NRT,309.02,25.96,D
9.27372,-62.76824,324.17,1.01,1,2025-03-17,1843,A,36,6.1NRT,304.67,7.28,D
9.27243,-62.77715,326.95,1.01,1,2025-03-17,1843,A,45,6.1NRT,306.48,10.46,D
9.09225,-64.00939,332.09,1.02,1.01,2025-03-17,1843,A,67,6.1NRT,308.4,10.63,D
9.14672,-63.76241,326.14,1.01,1,2025-03-17,1843,A,68,6.1NRT,306.81,6.48,D
9.12402,-63.97762,335.03,1.01,1.01,2025-03-17,1843,A,77,6.1NRT,309.59,15.62,D
9.13284,-63.97896,342.62,1.01,1.01,2025-03-17,1843,A,89,6.1NRT,307.56,28.84,D
9.03442,-64.64362,336.04,1.05,1.03,2025-03-17,1843,A,78,6.1NRT,306.48,26.53,D
9.18125,-63.84602,326.5,1.01,1,2025-03-17,1843,A,57,6.1NRT,306.16,10.18,D
9.19448,-63.93922,332.81,1.01,1.01,2025-03-17,1843,A,51,6.1NRT,309.34,17.25,D
9.58685,-61.40897,344.74,1.11,1.05,2025-03-17,1843,A,92,6.1NRT,300.77,49.64,D
9.58546,-61.41879,323.97,1.11,1.05,2025-03-17,1843,A,76,6.1NRT,300.98,14.66,D
9.17969,-64.47961,331.65,1.04,1.02,2025-03-17,1843,A,62,6.1NRT,305.85,19.02,D
9.3199,-63.71921,329.73,1,1,2025-03-17,1843,A,76,6.1NRT,307.48,14.03,D
9.43284,-63.13074,339.95,1,1,2025-03-17,1843,A,88,6.1NRT,308.21,28.39,D
9.49375,-62.90985,327.16,1.01,1,2025-03-17,1843,A,39,6.1NRT,307.6,10.93,D
9.4076,-63.5029,356.73,1,1,2025-03-17,1843,A,98,6.1NRT,309.47,64.65,D
9.50255,-62.91117,328.96,1.01,1,2025-03-17,1843,A,35,6.1NRT,305.08,12.82,D
9.50127,-62.92006,329.16,1.01,1,2025-03-17,1843,A,52,6.1NRT,304.93,12.18,D
9.39358,-63.78147,333.19,1.01,1,2025-03-17,1843,A,80,6.1NRT,307.3,17.42,D
9.40237,-63.7828,334.62,1.01,1,2025-03-17,1843,A,82,6.1NRT,305.98,17.54,D
9.40106,-63.79168,328,1.01,1,2025-03-17,1843,A,59,6.1NRT,305.55,9.21,D
9.3675,-64.52101,331.5,1.04,1.02,2025-03-17,1843,A,46,6.1NRT,308.39,19.14,D
9.44355,-64.13325,327.98,1.02,1.01,2025-03-17,1843,A,46,6.1NRT,307.16,12.1,D
9.55354,-63.63106,335.12,1,1,2025-03-17,1843,A,60,6.1NRT,307.37,16.29,D
9.64184,-63.53256,341,1,1,2025-03-17,1843,A,79,6.1NRT,310.55,28.09,D
9.63796,-63.5591,367.95,1,1,2025-03-17,1843,A,100,6.1NRT,309.22,95.51,D
9.63667,-63.56794,370.66,1,1,2025-03-17,1843,A,100,6.1NRT,307.6,105.75,D
9.63537,-63.57679,332.42,1,1,2025-03-17,1843,A,76,6.1NRT,303.78,20.3,D
9.6133,-63.72731,359.7,1,1,2025-03-17,1843,A,99,6.1NRT,309.55,71.05,D
9.65061,-63.53388,353.45,1,1,2025-03-17,1843,A,96,6.1NRT,312.28,51.18,D
9.7419,-62.96835,324.5,1.01,1,2025-03-17,1843,A,58,6.1NRT,305.79,8.87,D
9.64644,-63.6237,362.21,1,1,2025-03-17,1843,A,100,6.1NRT,304.96,78.49,D
9.73547,-63.28208,327.05,1,1,2025-03-17,1843,A,45,6.1NRT,304.88,10.29,D
9.81047,-63.01248,321.77,1,1,2025-03-17,1843,A,56,6.1NRT,304.81,6.68,D
9.77314,-63.26966,331.5,1,1,2025-03-17,1843,A,78,6.1NRT,309.07,14.16,D
9.78914,-63.34441,327.05,1,1,2025-03-17,1843,A,52,6.1NRT,307.78,9.33,D
9.74839,-63.75999,333.52,1,1,2025-03-17,1843,A,78,6.1NRT,306.41,21.17,D
10.06166,-61.89902,314.61,1.07,1.03,2025-03-17,1843,A,38,6.1NRT,299.5,6.52,D
9.84614,-63.5214,329.83,1,1,2025-03-17,1843,A,77,6.1NRT,308.16,15.52,D
9.91038,-63.14198,321.24,1,1,2025-03-17,1843,A,44,6.1NRT,303.06,9.42,D
9.52926,-65.88285,316.28,1.18,1.08,2025-03-17,1843,A,30,6.1NRT,290.77,9.11,D
9.52765,-65.89323,328.95,1.18,1.08,2025-03-17,1843,A,79,6.1NRT,294.09,26.13,D
9.58137,-65.85912,337.8,1.18,1.08,2025-03-17,1843,A,66,6.1NRT,292.81,42.89,D
10.26967,-61.39526,325.6,1.13,1.06,2025-03-17,1843,A,77,6.1NRT,300.02,15.21,D
9.89643,-65.05997,321.52,1.07,1.03,2025-03-17,1843,A,58,6.1NRT,302.17,6.25,D
9.895,-65.06947,333.61,1.07,1.03,2025-03-17,1843,A,84,6.1NRT,303.85,22.64,D
9.9959,-64.64196,323.01,1.04,1.02,2025-03-17,1843,A,69,6.1NRT,304.05,7.89,D
10.5046,-61.4414,322.35,1.13,1.06,2025-03-17,1843,A,46,6.1NRT,300.11,12.92,D
9.37543,-68.9351,328.7,1.93,1.36,2025-03-17,1843,A,45,6.1NRT,284.5,55.13,D
9.37269,-68.95207,327.4,1.94,1.36,2025-03-17,1843,A,60,6.1NRT,277.68,50.41,D
9.38729,-68.93709,344.67,1.93,1.36,2025-03-17,1843,A,92,6.1NRT,282.66,118.79,D
10.08599,-64.54005,319.29,1.03,1.01,2025-03-17,1843,A,47,6.1NRT,300.5,6.17,D
9.80719,-66.34475,325.19,1.24,1.11,2025-03-17,1843,A,58,6.1NRT,305,11.09,D
9.38172,-68.9429,359.21,1.93,1.36,2025-03-17,1843,A,94,6.1NRT,283.21,204.61,D
9.37885,-68.95986,325.1,1.94,1.36,2025-03-17,1843,A,0,6.1NRT,270.75,43.48,D
10.05227,-64.88461,344.53,1.06,1.03,2025-03-17,1843,A,92,6.1NRT,302.03,42,D
10.05086,-64.8939,328.58,1.06,1.03,2025-03-17,1843,A,64,6.1NRT,303.35,16.46,D
9.84946,-66.32857,339.35,1.24,1.11,2025-03-17,1843,A,88,6.1NRT,306.18,33.85,D
9.84776,-66.33947,329.32,1.24,1.11,2025-03-17,1843,A,72,6.1NRT,307.58,15.06,D
10.3164,-63.40644,320.37,1,1,2025-03-17,1843,A,54,6.1NRT,301.93,8.82,D
10.21121,-64.49959,316.79,1.03,1.01,2025-03-17,1843,A,64,6.1NRT,297.5,8.95,D
9.9969,-66.44102,323,1.25,1.11,2025-03-17,1843,A,76,6.1NRT,296.79,21.43,D
10.61762,-62.4723,317.18,1.04,1.02,2025-03-17,1843,A,56,6.1NRT,300.35,6.95,D
10.6163,-62.48152,319.37,1.04,1.02,2025-03-17,1843,A,66,6.1NRT,301.67,9,D
10.55996,-63.00046,323.5,1.01,1,2025-03-17,1843,A,74,6.1NRT,302.23,13.06,D
10.62078,-62.6408,324.46,1.03,1.01,2025-03-17,1843,A,75,6.1NRT,302.42,14.14,D
9.62735,-69.24506,387.57,2.02,1.39,2025-03-17,1843,A,100,6.1NRT,295.72,489.21,D
9.62451,-69.26275,357.09,2.03,1.39,2025-03-17,1843,A,98,6.1NRT,294.11,191.02,D
10.61663,-62.868,314.72,1.02,1.01,2025-03-17,1843,A,45,6.1NRT,300.73,6.39,D
10.0237,-66.7885,330.85,1.31,1.14,2025-03-17,1843,A,84,6.1NRT,302.09,31.5,D
9.61907,-69.24866,385.54,2.02,1.39,2025-03-17,1843,A,100,6.1NRT,297.23,464.29,D
9.63118,-69.25066,353.79,2.02,1.39,2025-03-17,1843,A,97,6.1NRT,290.96,166.48,D
10.03095,-66.87157,315.75,1.33,1.14,2025-03-17,1843,A,51,6.1NRT,296.72,11.18,D
10.06959,-66.69114,321.49,1.29,1.13,2025-03-17,1843,A,71,6.1NRT,301.75,13.58,D
10.06788,-66.70209,333.98,1.3,1.13,2025-03-17,1843,A,86,6.1NRT,302.09,34.35,D
9.73576,-68.91476,311.59,1.9,1.35,2025-03-17,1843,A,27,6.1NRT,292.03,17.39,D
10.14202,-66.75741,330.95,1.3,1.13,2025-03-17,1843,A,84,6.1NRT,306,23.76,D
10.27554,-66.62135,320.93,1.27,1.12,2025-03-17,1843,A,32,6.1NRT,302.37,11.37,D
10.1942,-67.20551,308.99,1.39,1.17,2025-03-17,1843,A,28,6.1NRT,281.67,12.06,D
10.18196,-68.441,318.21,1.71,1.28,2025-03-17,1843,A,66,6.1NRT,294.25,21,D
10.23328,-69.44418,317.53,2.04,1.39,2025-03-17,1843,A,51,6.1NRT,294.61,22.62,D
10.4333,-69.16588,320.31,1.93,1.36,2025-03-17,1843,A,69,6.1NRT,294.43,29.85,D
10.47969,-69.10419,321.35,1.9,1.35,2025-03-17,1843,A,64,6.1NRT,296.5,28.7,D
10.47775,-69.09331,322.23,1.9,1.35,2025-03-17,1843,A,73,6.1NRT,296.41,33.27,D
10.47487,-69.11031,315.17,1.9,1.35,2025-03-17,1843,A,45,6.1NRT,296.54,14.94,D
10.46698,-69.37527,320.56,2,1.38,2025-03-17,1843,A,71,6.1NRT,296.57,29.02,D
10.33311,-70.48779,315.42,2.47,1.51,2025-03-17,1843,A,26,6.1NRT,297.06,17.06,D
10.77801,-70.64659,323.53,2.49,1.52,2025-03-17,1843,A,70,6.1NRT,289.26,62.81,D
10.77385,-70.67036,313.02,2.5,1.52,2025-03-17,1843,A,38,6.1NRT,292.13,25.95,D
18.38469,-68.69981,315.77,1.3,1.13,2025-03-17,1845,A,63,6.1NRT,298.53,13.55,D
18.52323,-68.86058,317.65,1.32,1.14,2025-03-17,1845,A,53,6.1NRT,296.97,13.93,D
18.52124,-68.8726,320.46,1.32,1.14,2025-03-17,1845,A,65,6.1NRT,294.56,18.22,D
18.73483,-69.13228,325.05,1.36,1.16,2025-03-17,1845,A,59,6.1NRT,298.24,24.8,D
18.8987,-68.77,333.19,1.29,1.13,2025-03-17,1845,A,86,6.1NRT,300.13,40.19,D
18.81858,-69.79353,326.64,1.5,1.21,2025-03-17,1845,A,69,6.1NRT,301.92,31.75,D
26.05371,-97.93289,338.25,1.9,1.35,2025-03-17,2025,A,83,6.1NRT,306.81,75.7,D
26.04519,-98.10389,323.93,1.95,1.36,2025-03-17,2025,A,73,6.1NRT,309.44,28.1,D
26.04158,-98.12256,320.63,1.96,1.37,2025-03-17,2025,A,63,6.1NRT,307.74,18.86,D
26.05539,-98.24448,322.22,2,1.38,2025-03-17,2025,A,61,6.1NRT,307.37,26.95,D
25.85136,-100.00256,320.32,2.7,1.57,2025-03-17,2025,A,65,6.1NRT,305.66,36.6,D
25.84599,-100.02842,319.01,2.71,1.58,2025-03-17,2025,A,62,6.1NRT,304.82,32.11,D
26.08948,-98.96204,317.83,2.24,1.45,2025-03-17,2025,A,56,6.1NRT,306.28,19.73,D
28.04519,-97.44287,314.39,1.6,1.24,2025-03-17,2025,A,45,6.1NRT,298.13,13.78,D
27.43345,-101.25751,326.91,3.05,1.66,2025-03-17,2025,A,54,6.1NRT,311.52,66.06,D
27.43534,-101.26527,331.7,3.05,1.66,2025-03-17,2025,A,82,6.1NRT,311.47,97.3,D
29.76955,-92.30289,315.45,1.01,1,2025-03-17,2025,A,71,6.1NRT,297.65,10,D
29.76811,-92.31297,309.17,1.01,1,2025-03-17,2025,A,13,6.1NRT,297.89,4.97,D
29.77831,-92.30455,316.27,1.01,1,2025-03-17,2025,A,72,6.1NRT,297.62,10.74,D
30.48506,-87.4185,304.73,1.7,1.28,2025-03-17,2025,A,27,6.1NRT,294.18,8.24,D
30.16031,-91.80778,332.62,1.03,1.01,2025-03-17,2025,A,86,6.1NRT,305.33,23.79,D
29.78176,-94.88925,311.67,1.09,1.04,2025-03-17,2025,A,57,6.1NRT,298.68,5.58,D
30.06353,-93.50834,315.57,1.01,1,2025-03-17,2025,A,67,6.1NRT,298.11,10.16,D
30.67229,-89.49091,310.91,1.28,1.12,2025-03-17,2025,A,64,6.1NRT,297.67,9.6,D
30.1866,-93.10694,333.33,1,1,2025-03-17,2025,A,87,6.1NRT,299.74,29.17,D
31.00226,-86.93428,312.23,1.86,1.33,2025-03-17,2025,A,69,6.1NRT,295.32,23.14,D
30.79673,-89.13853,309.45,1.34,1.15,2025-03-17,2025,A,63,6.1NRT,297.15,9.55,D
31.0964,-86.89376,311.04,1.88,1.34,2025-03-17,2025,A,68,6.1NRT,294.81,20.96,D
31.1082,-86.89524,328.22,1.88,1.34,2025-03-17,2025,A,85,6.1NRT,297.34,61.76,D
31.3548,-84.27599,307.55,2.88,1.62,2025-03-17,2025,A,62,6.1NRT,295.35,24.72,D
30.60921,-91.35321,315.08,1.06,1.03,2025-03-17,2025,A,47,6.1NRT,304.48,7.18,D
30.35261,-93.23532,307.56,1,1,2025-03-17,2025,A,51,6.1NRT,296.6,3.47,D
30.35111,-93.24541,320.63,1,1,2025-03-17,2025,A,78,6.1NRT,298.41,14.3,D
29.90641,-96.29633,310.36,1.26,1.12,2025-03-17,2025,A,48,6.1NRT,299.42,5.66,D
31.45922,-84.29447,306.35,2.88,1.62,2025-03-17,2025,A,58,6.1NRT,294.8,20.36,D
31.20201,-87.65601,308.14,1.68,1.27,2025-03-17,2027,A,62,6.1NRT,294.53,13.16,D
31.16922,-89.68726,317.48,1.26,1.12,2025-03-17,2027,A,75,6.1NRT,295.33,18.36,D
31.16769,-89.70006,314.58,1.26,1.12,2025-03-17,2027,A,71,6.1NRT,295.92,14.99,D
31.05458,-90.76679,307.8,1.12,1.06,2025-03-17,2027,A,54,6.1NRT,296.78,5.39,D
31.0531,-90.77821,312.27,1.12,1.05,2025-03-17,2027,A,66,6.1NRT,297.09,8.95,D
31.75915,-84.09929,310.7,3,1.65,2025-03-17,2027,A,36,6.1NRT,295.74,32.11,D
30.73229,-93.16936,310.17,1,1,2025-03-17,2027,A,61,6.1NRT,299.25,5.6,D
31.10101,-90.75837,308,1.12,1.06,2025-03-17,2027,A,55,6.1NRT,296.13,5.44,D
31.09956,-90.76983,324.91,1.12,1.06,2025-03-17,2027,A,81,6.1NRT,298.33,22.92,D
30.61032,-94.28969,308.77,1.03,1.02,2025-03-17,2027,A,61,6.1NRT,298.14,5.75,D
31.25091,-89.69418,317.57,1.26,1.12,2025-03-17,2027,A,75,6.1NRT,295.14,18.38,D
31.58511,-87.1648,306.13,1.83,1.32,2025-03-17,2027,A,55,6.1NRT,295.26,11.52,D
31.58318,-87.1835,305.06,1.82,1.32,2025-03-17,2027,A,45,6.1NRT,294.89,10.01,D
30.90005,-93.22561,313.77,1,1,2025-03-17,2027,A,68,6.1NRT,298.16,8.59,D
31.59499,-88.16567,316.31,1.57,1.24,2025-03-17,2027,A,75,6.1NRT,297.25,22.69,D
31.59329,-88.18177,305.83,1.57,1.23,2025-03-17,2027,A,57,6.1NRT,295.74,8.03,D
30.6757,-95.48759,313.75,1.13,1.06,2025-03-17,2027,A,62,6.1NRT,296.4,10.62,D
30.6849,-95.48965,362.63,1.13,1.06,2025-03-17,2027,A,100,6.1NRT,299.67,107.81,D
30.68301,-95.501,320.72,1.13,1.06,2025-03-17,2027,A,77,6.1NRT,297.66,18,D
31.13262,-93.02322,335.25,1,1,2025-03-17,2027,A,74,6.1NRT,303.23,28.46,D
31.13114,-93.03339,323.41,1,1,2025-03-17,2027,A,58,6.1NRT,301.1,14.81,D
31.14932,-92.99139,310.77,1,1,2025-03-17,2027,A,50,6.1NRT,299.73,5.91,D
31.14785,-93.00157,315.44,1,1,2025-03-17,2027,A,68,6.1NRT,300.16,9.12,D
31.14638,-93.01173,314.25,1,1,2025-03-17,2027,A,68,6.1NRT,298.48,8.17,D
31.14491,-93.0219,317,1,1,2025-03-17,2027,A,72,6.1NRT,298.97,10.38,D
31.52033,-90.26344,305.74,1.19,1.09,2025-03-17,2027,A,48,6.1NRT,295.63,5.07,D
31.51885,-90.2757,313.24,1.19,1.09,2025-03-17,2027,A,69,6.1NRT,296.86,11.87,D
30.90135,-95.02661,307.81,1.08,1.04,2025-03-17,2027,A,56,6.1NRT,293.87,6.16,D
31.51711,-91.24294,308.7,1.09,1.04,2025-03-17,2027,A,57,6.1NRT,298.66,5.67,D
32.15024,-85.59645,303.7,2.39,1.49,2025-03-17,2027,A,54,6.1NRT,293.58,14.29,D
30.35973,-98.76372,319.29,1.75,1.3,2025-03-17,2027,A,21,6.1NRT,303.47,15.52,D
31.90797,-88.55772,311.27,1.5,1.21,2025-03-17,2027,A,68,6.1NRT,293.51,14.55,D
31.90631,-88.57323,306.33,1.5,1.21,2025-03-17,2027,A,58,6.1NRT,294.81,8.12,D
32.27128,-84.7355,305.3,2.75,1.59,2025-03-17,2027,A,59,6.1NRT,293.13,21.61,D
31.70683,-90.78273,307.89,1.14,1.06,2025-03-17,2027,A,55,6.1NRT,297.6,5.66,D
32.26868,-86.43874,350.81,2.09,1.41,2025-03-17,2027,A,96,6.1NRT,298.32,181.64,D
32.26665,-86.46038,317.51,2.09,1.41,2025-03-17,2027,A,77,6.1NRT,296.2,38.92,D
32.27209,-86.44641,335.03,2.09,1.41,2025-03-17,2027,A,89,6.1NRT,297.62,96.05,D
32.09784,-88.69253,315.5,1.48,1.2,2025-03-17,2027,A,74,6.1NRT,294.59,20.21,D
32.0962,-88.70769,317.47,1.48,1.2,2025-03-17,2027,A,76,6.1NRT,295.32,23.14,D
30.9876,-96.55786,317.21,1.25,1.11,2025-03-17,2027,A,71,6.1NRT,301.63,12.8,D
32.56699,-84.3634,314.17,2.94,1.63,2025-03-17,2027,A,74,6.1NRT,295.01,45.83,D
32.56454,-84.39412,314.75,2.93,1.63,2025-03-17,2027,A,74,6.1NRT,295.01,48.93,D
32.34269,-86.80209,305.17,1.98,1.37,2025-03-17,2027,A,0,6.1NRT,294.19,12.4,D
32.56861,-84.36877,315.76,2.94,1.63,2025-03-17,2027,A,75,6.1NRT,294.93,56.94,D
32.56636,-84.39954,307.66,2.93,1.63,2025-03-17,2027,A,64,6.1NRT,294.51,28.06,D
32.36803,-87.05016,308.2,1.91,1.35,2025-03-17,2027,A,48,6.1NRT,295.05,15.6,D
31.3883,-94.99564,314.21,1.07,1.03,2025-03-17,2027,A,71,6.1NRT,295.93,10.63,D
31.38657,-95.00645,316.62,1.07,1.03,2025-03-17,2027,A,74,6.1NRT,296.03,12.99,D
31.95794,-91.74786,326.21,1.06,1.03,2025-03-17,2027,A,62,6.1NRT,298.4,21.01,D
31.62967,-94.04207,318.98,1.01,1.01,2025-03-17,2027,A,76,6.1NRT,298.84,13.57,D
32.29078,-90.60529,310.57,1.17,1.08,2025-03-17,2027,A,58,6.1NRT,298.02,6.23,D
32.28926,-90.61742,319.07,1.17,1.08,2025-03-17,2027,A,75,6.1NRT,298.85,15,D
31.97091,-92.98301,314.28,1,1,2025-03-17,2027,A,69,6.1NRT,298.44,9.71,D
31.75885,-94.47395,308.46,1.03,1.01,2025-03-17,2027,A,58,6.1NRT,298.41,4.97,D
33.01104,-86.99655,306.29,1.96,1.37,2025-03-17,2027,A,62,6.1NRT,294.68,14.59,D
32.24569,-93.3912,314.16,1,1,2025-03-17,2027,A,69,6.1NRT,299.01,8.29,D
32.25442,-93.39299,347.25,1,1,2025-03-17,2027,A,94,6.1NRT,301.65,52.54,D
32.25292,-93.40327,317.32,1,1,2025-03-17,2027,A,73,6.1NRT,298.83,10.78,D
31.89304,-95.89403,315.99,1.13,1.06,2025-03-17,2027,A,16,6.1NRT,302.01,8.86,D
31.89816,-95.90054,320.34,1.13,1.06,2025-03-17,2027,A,41,6.1NRT,303.34,13.74,D
31.90738,-95.90269,328.58,1.13,1.06,2025-03-17,2027,A,79,6.1NRT,304.03,24.3,D
31.9166,-95.90484,319.08,1.13,1.06,2025-03-17,2027,A,54,6.1NRT,302,12.05,D
32.62715,-92.58807,314.92,1.02,1.01,2025-03-17,2027,A,70,6.1NRT,298.03,9.94,D
33.11458,-89.33456,307.48,1.4,1.17,2025-03-17,2027,A,59,6.1NRT,295.43,9.62,D
32.51896,-94.47131,322.7,1.02,1.01,2025-03-17,2027,A,78,6.1NRT,300.01,16.27,D
33.36112,-92.485,314.64,1.03,1.02,2025-03-17,2027,A,71,6.1NRT,294.67,10.15,D
33.36752,-94.73529,339.67,1.02,1.01,2025-03-17,2027,A,90,6.1NRT,302.39,38.43,D
33.36589,-94.74588,338.09,1.02,1.01,2025-03-17,2027,A,89,6.1NRT,302.33,35.84,D
33.37631,-94.73724,312.84,1.02,1.01,2025-03-17,2027,A,64,6.1NRT,300.52,6.99,D
33.37468,-94.74784,312.25,1.02,1.01,2025-03-17,2027,A,63,6.1NRT,300.4,6.46,D
33.33382,-95.47987,316.75,1.06,1.03,2025-03-17,2027,A,69,6.1NRT,303.35,10.21,D
22.38141,-105.31283,319.06,4.11,1.88,2025-03-17,2201,A,64,6.1NRT,304.98,54.25,D
23.78854,-105.31319,326.13,4.31,1.92,2025-03-17,2201,A,79,6.1NRT,303.03,137,D
23.80541,-105.31386,347.22,4.31,1.92,2025-03-17,2201,A,94,6.1NRT,302.12,409.78,D
23.80201,-105.35478,323.73,4.28,1.91,2025-03-17,2201,A,76,6.1NRT,302.03,124.08,D
23.79215,-105.31786,343.13,4.31,1.92,2025-03-17,2201,A,92,6.1NRT,303.57,344.13,D
23.80896,-105.31929,336.74,4.31,1.92,2025-03-17,2201,A,88,6.1NRT,301.03,257.72,D
23.80587,-105.35952,315.29,4.28,1.91,2025-03-17,2201,A,20,6.1NRT,301.53,58.19,D
25.29246,-107.08701,324.65,3.3,1.72,2025-03-17,2201,A,68,6.1NRT,310.9,53.15,D
25.28983,-107.0916,324.5,3.3,1.72,2025-03-17,2201,A,61,6.1NRT,310.84,49.95,D
25.31733,-107.12643,325.44,3.28,1.71,2025-03-17,2201,A,73,6.1NRT,311.13,56.49,D
25.99637,-106.56365,318.16,3.71,1.8,2025-03-17,2201,A,59,6.1NRT,301.26,70.92,D
27.03265,-106.97371,326.11,3.55,1.77,2025-03-17,2203,A,70,6.1NRT,299.24,108.6,D
27.02953,-106.98133,324.69,3.55,1.77,2025-03-17,2203,A,74,6.1NRT,300.38,105.29,D
27.9391,-107.47435,316.91,3.35,1.73,2025-03-17,2203,A,46,6.1NRT,303.49,42.03,D
28.06018,-107.45652,342.88,3.37,1.73,2025-03-17,2203,A,90,6.1NRT,305.94,231.47,D
28.0575,-107.48904,324.2,3.35,1.73,2025-03-17,2203,A,56,6.1NRT,304.92,78.8,D
28.05915,-107.4641,339.47,3.37,1.73,2025-03-17,2203,A,88,6.1NRT,305.49,198.83,D
28.07431,-107.46596,323.55,3.37,1.73,2025-03-17,2203,A,71,6.1NRT,304.68,77.89,D
30.09863,-108.1258,318.74,3.19,1.69,2025-03-17,2203,A,66,6.1NRT,286.1,61.18,D
30.09737,-108.13211,324.31,3.19,1.69,2025-03-17,2203,A,76,6.1NRT,285.82,96.85,D
33.01547,-79.88142,301.33,1.21,1.1,2025-03-18,0826,A,40,6.1NRT,280.69,9.93,N
28.03213,-89.20436,305.79,1.53,1.22,2025-03-18,0828,A,37,6.1NRT,293.22,12.07,N
30.17022,-108.43053,304.09,1,1,2025-03-18,1006,A,58,6.1NRT,281.04,9.61,N
30.11878,-108.15131,305.52,1,1,2025-03-18,1006,A,65,6.1NRT,279.83,10.44,N
30.11724,-108.14126,303.28,1,1,2025-03-18,1006,A,54,6.1NRT,278.92,9.01,N
28.06299,-108.68588,306.67,1,1,2025-03-18,1006,A,62,6.1NRT,286.59,8.79,N
28.0615,-108.67614,317.72,1,1,2025-03-18,1006,A,96,6.1NRT,286.42,17.59,N
28.05574,-108.69736,310.88,1,1,2025-03-18,1006,A,81,6.1NRT,287.83,11.72,N
28.05427,-108.6877,309.07,1,1,2025-03-18,1006,A,74,6.1NRT,287.08,10.31,N
28.05278,-108.67795,330.04,1,1,2025-03-18,1006,A,100,6.1NRT,287.15,30.81,N
28.05127,-108.66811,320.1,1,1,2025-03-18,1006,A,100,6.1NRT,285.17,19.48,N
14.41384,-83.88252,310.73,1.2,1.09,2025-03-18,0245,T,81,6.1NRT,279.49,14.77,N
14.91107,-83.90569,304.33,1.18,1.08,2025-03-18,0245,T,60,6.1NRT,293.99,6,N
14.90945,-83.9164,323.95,1.19,1.08,2025-03-18,0245,T,100,6.1NRT,294.46,26.82,N
14.90784,-83.92711,302.98,1.19,1.08,2025-03-18,0245,T,45,6.1NRT,292.81,5.17,N
15.0991,-84.95458,300.04,1.36,1.15,2025-03-18,0245,T,12,6.1NRT,289.79,4.57,N
20.86914,-77.51764,310.45,1.69,1.28,2025-03-18,0247,T,80,6.1NRT,291.79,19.69,N
20.88305,-77.59946,303.77,1.67,1.27,2025-03-18,0247,T,57,6.1NRT,291.78,10.49,N
20.88131,-77.61528,308.76,1.66,1.27,2025-03-18,0247,T,75,6.1NRT,291.17,17.29,N
22.59977,-80.84246,309.66,1.12,1.05,2025-03-18,0247,T,78,6.1NRT,288.22,12.88,N
22.68376,-80.23818,306.04,1.2,1.09,2025-03-18,0247,T,67,6.1NRT,287.28,11.89,N
23.05836,-82.41258,300.53,1.01,1.01,2025-03-18,0247,T,15,6.1NRT,289.65,3.96,N
23.06722,-82.41401,307.82,1.01,1.01,2025-03-18,0247,T,73,6.1NRT,289.75,8.53,N
28.51007,-80.64569,300.11,1.33,1.14,2025-03-18,0249,T,17,6.1NRT,286.66,8.64,N
10.03584,-84.34227,302.57,1.48,1.2,2025-03-18,0243,T,50,6.1NRT,290.97,9.22,N
7.81609,-64.2794,305.16,3.73,1.81,2025-03-18,0105,T,48,6.1NRT,290.86,29.86,N
7.8093,-64.28474,311.77,3.73,1.81,2025-03-18,0105,T,83,6.1NRT,290.93,62.71,N
8.71313,-62.66821,321.93,2.66,1.57,2025-03-18,0105,T,100,6.1NRT,294.28,67.59,N
8.70947,-62.69154,306.57,2.68,1.57,2025-03-18,0105,T,7,6.1NRT,293.75,16.38,N
8.73412,-62.62387,314.35,2.64,1.56,2025-03-18,0105,T,63,6.1NRT,293.77,38,N
8.72686,-62.67045,327.27,2.66,1.57,2025-03-18,0105,T,100,6.1NRT,294.7,89.26,N
8.72322,-62.69386,342.21,2.68,1.57,2025-03-18,0105,T,100,6.1NRT,294.76,183.36,N
8.70955,-62.64905,311.93,2.65,1.56,2025-03-18,0105,T,20,6.1NRT,293.91,30.01,N
8.70571,-62.67226,310.84,2.66,1.57,2025-03-18,0105,T,26,6.1NRT,293.91,27.66,N
8.72706,-62.62807,306.23,2.64,1.56,2025-03-18,0105,T,36,6.1NRT,293.57,16.86,N
8.72325,-62.65128,310.02,2.65,1.56,2025-03-18,0105,T,32,6.1NRT,293.94,25.41,N
8.71944,-62.67449,319.23,2.66,1.57,2025-03-18,0105,T,98,6.1NRT,294.13,57.9,N
8.71561,-62.69782,305.75,2.68,1.57,2025-03-18,0105,T,61,6.1NRT,293.63,17.39,N
8.74076,-62.63019,309.9,2.64,1.56,2025-03-18,0105,T,76,6.1NRT,293.72,26.82,N
8.73697,-62.65339,337.88,2.65,1.56,2025-03-18,0105,T,100,6.1NRT,294.48,152.71,N
8.73317,-62.67675,357.1,2.66,1.57,2025-03-18,0105,T,100,6.1NRT,295.31,314.87,N
8.72934,-62.70019,342.85,2.68,1.57,2025-03-18,0105,T,100,6.1NRT,294.49,191.95,N
8.68579,-63.14487,305.91,2.91,1.63,2025-03-18,0105,T,58,6.1NRT,293.39,18.03,N
8.68166,-63.17039,306.57,2.93,1.63,2025-03-18,0105,T,64,6.1NRT,293.39,20.25,N
8.71836,-63.1242,310.1,2.9,1.62,2025-03-18,0105,T,68,6.1NRT,293.45,29.34,N
8.7143,-63.14962,325.77,2.91,1.63,2025-03-18,0105,T,100,6.1NRT,294.05,96.38,N
8.71023,-63.17514,311.03,2.93,1.63,2025-03-18,0105,T,80,6.1NRT,293.38,32.66,N
8.72136,-63.13129,307.6,2.9,1.62,2025-03-18,0105,T,44,6.1NRT,293.36,21.43,N
8.71712,-63.15667,326.15,2.91,1.63,2025-03-18,0105,T,100,6.1NRT,293.87,98.86,N
8.88384,-62.66092,306.67,2.64,1.56,2025-03-18,0105,T,66,6.1NRT,293.51,20.65,N
8.89054,-62.66749,307.56,2.64,1.56,2025-03-18,0105,T,71,6.1NRT,293.68,21.71,N
9.22407,-64.06546,305.46,3.37,1.73,2025-03-18,0105,T,62,6.1NRT,292.12,22.9,N
9.22138,-64.07027,304.97,3.37,1.73,2025-03-18,0105,T,60,6.1NRT,292,21.97,N
9.64744,-63.5328,316.95,3,1.65,2025-03-18,0105,T,94,6.1NRT,289.66,62.89,N
9.64311,-63.55919,332.44,3.02,1.65,2025-03-18,0105,T,100,6.1NRT,292.01,148.53,N
9.63877,-63.58572,318.62,3.03,1.66,2025-03-18,0105,T,97,6.1NRT,291.88,69.57,N
9.61689,-63.71908,327.84,3.11,1.67,2025-03-18,0105,T,100,6.1NRT,292.28,125.24,N
9.61242,-63.74627,315.49,3.13,1.68,2025-03-18,0105,T,91,6.1NRT,291.63,61.8,N
9.66191,-63.53495,303.07,3,1.65,2025-03-18,0105,T,49,6.1NRT,291.16,15.5,N
9.64897,-63.61456,334.52,3.05,1.66,2025-03-18,0105,T,100,6.1NRT,292.39,163.43,N
9.64459,-63.64146,336.26,3.06,1.66,2025-03-18,0105,T,100,6.1NRT,292.4,178.41,N
9.64035,-63.66747,304.95,3.08,1.67,2025-03-18,0105,T,60,6.1NRT,291.99,18.94,N
9.64933,-63.53826,316.02,3,1.65,2025-03-18,0105,T,92,6.1NRT,290.6,59.22,N
9.64482,-63.56464,330.28,3.02,1.65,2025-03-18,0105,T,100,6.1NRT,292.08,135.63,N
9.64028,-63.59115,307.82,3.03,1.66,2025-03-18,0105,T,72,6.1NRT,291.94,27.4,N
9.61742,-63.72441,326.42,3.11,1.67,2025-03-18,0105,T,100,6.1NRT,292.37,117.45,N
9.61276,-63.75155,304.77,3.13,1.68,2025-03-18,0105,T,60,6.1NRT,291.53,21.66,N
9.65028,-63.61999,345.52,3.05,1.66,2025-03-18,0105,T,100,6.1NRT,292.53,255.9,N
9.64572,-63.64677,327.94,3.06,1.66,2025-03-18,0105,T,100,6.1NRT,292.28,120.14,N
9.73427,-63.47291,307.17,2.96,1.64,2025-03-18,0105,T,70,6.1NRT,292.12,26.89,N
18.42739,-102.59375,302.29,1.46,1.2,2025-03-18,0425,T,48,6.1NRT,289.24,10.36,N
18.42595,-102.60614,305.35,1.46,1.19,2025-03-18,0425,T,64,6.1NRT,289.74,13.29,N
19.75681,-104.2401,307.39,1.21,1.09,2025-03-18,0425,T,71,6.1NRT,291.02,10.61,N
20.52223,-100.92908,302.25,2.07,1.4,2025-03-18,0425,T,48,6.1NRT,288.41,17.34,N
20.43876,-103.58514,303.72,1.34,1.15,2025-03-18,0425,T,57,6.1NRT,290.2,9.58,N
20.43731,-103.59742,302.2,1.34,1.15,2025-03-18,0425,T,47,6.1NRT,290.44,8.1,N
20.8023,-102.91264,312.99,1.5,1.21,2025-03-18,0425,T,86,6.1NRT,285.56,25.84,N
20.80069,-102.92664,328.78,1.5,1.21,2025-03-18,0425,T,100,6.1NRT,285.75,53.83,N
20.73532,-103.74662,304.1,1.32,1.14,2025-03-18,0425,T,17,6.1NRT,290.53,8.64,N
20.74384,-103.76047,311.53,1.32,1.14,2025-03-18,0425,T,78,6.1NRT,289.55,15.94,N
20.74298,-103.76635,314.28,1.32,1.14,2025-03-18,0425,T,89,6.1NRT,290.09,19.55,N
20.84524,-104.01991,300.33,1.28,1.12,2025-03-18,0425,T,24,6.1NRT,289.03,6.49,N
20.85513,-104.02127,311.71,1.28,1.12,2025-03-18,0425,T,83,6.1NRT,287.22,16.99,N
20.85361,-104.03378,307.66,1.28,1.12,2025-03-18,0425,T,72,6.1NRT,288.32,12.76,N
21.35086,-102.81873,300.36,1.55,1.23,2025-03-18,0425,T,26,6.1NRT,284.02,12.11,N
21.33503,-104.7578,301.83,1.18,1.08,2025-03-18,0425,T,45,6.1NRT,285.12,8.17,N
22.22759,-105.23913,302.83,1.14,1.06,2025-03-18,0427,T,52,6.1NRT,290.63,7.07,N
23.6661,-106.15203,305.95,1.08,1.04,2025-03-18,0427,T,66,6.1NRT,292.56,7.85,N
23.73236,-106.28802,303.45,1.07,1.03,2025-03-18,0427,T,55,6.1NRT,293.05,5.9,N
26.01256,-106.56381,306.08,1.09,1.04,2025-03-18,0427,T,67,6.1NRT,281.22,11.67,N
27.35988,-107.39232,300.59,1.05,1.02,2025-03-18,0427,T,30,6.1NRT,284.8,6.79,N
28.07841,-107.45486,314.79,1.06,1.03,2025-03-18,0427,T,90,6.1NRT,279.89,17.95,N
28.04557,-108.6828,304.95,1,1,2025-03-18,0427,T,48,6.1NRT,278.12,7.89,N
28.04422,-108.69262,307.74,1,1,2025-03-18,0427,T,68,6.1NRT,279.97,9.32,N
28.05435,-108.68436,319.41,1,1,2025-03-18,0427,T,82,6.1NRT,280.52,17.9,N
28.05301,-108.69416,319.88,1,1,2025-03-18,0427,T,99,6.1NRT,282.17,18.32,N
28.05167,-108.70396,308.92,1,1,2025-03-18,0427,T,34,6.1NRT,283.92,8.75,N
28.13814,-108.61392,303.89,1,1,2025-03-18,0427,T,57,6.1NRT,287.96,6.83,N
28.37599,-108.61725,304.51,1.01,1,2025-03-18,0427,T,60,6.1NRT,286.04,8.59,N
30.10371,-108.15302,320.75,1.04,1.02,2025-03-18,0429,T,100,6.1NRT,285.76,22.58,N
30.11399,-108.14424,333.47,1.04,1.02,2025-03-18,0429,T,100,6.1NRT,285.61,38.1,N
30.11265,-108.15458,357.01,1.04,1.02,2025-03-18,0429,T,100,6.1NRT,290.48,86.4,N
30.11131,-108.16496,303.44,1.04,1.02,2025-03-18,0429,T,55,6.1NRT,283.13,8.52,N
30.16778,-108.4366,321.63,1.03,1.01,2025-03-18,0429,T,100,6.1NRT,281.29,23.14,N
30.49603,-109.63122,327.34,1,1,2025-03-18,0429,T,100,6.1NRT,279.02,29.05,N
17.91003,-93.18364,314.23,2.1,1.41,2025-03-18,0833,A,89,6.1NRT,289.38,41.75,N
17.90774,-93.16445,301.79,2.09,1.41,2025-03-18,0833,A,44,6.1NRT,289.25,16.68,N
17.89762,-93.18516,311.24,2.1,1.41,2025-03-18,0833,A,82,6.1NRT,289.23,34.34,N
17.85155,-93.11317,334.53,2.07,1.4,2025-03-18,0833,A,100,6.1NRT,289.3,105.19,N
17.84747,-93.11884,323.78,2.07,1.4,2025-03-18,0833,A,100,6.1NRT,289.13,65.95,N
17.84515,-93.09995,312.23,2.07,1.4,2025-03-18,0833,A,84,6.1NRT,288.31,35.38,N
14.9103,-83.90899,301.2,1.37,1.16,2025-03-18,0833,A,39,6.1NRT,288.85,7.42,N
9.70677,-63.52842,301.69,1.01,1,2025-03-18,0654,A,43,6.1NRT,283.89,6.1,N
9.66063,-63.53274,302.3,1.01,1,2025-03-18,0654,A,48,6.1NRT,282.63,6.07,N
9.65651,-63.62452,300.05,1.01,1,2025-03-18,0654,A,12,6.1NRT,284.3,5.4,N
9.64841,-63.57108,308.31,1.01,1,2025-03-18,0654,A,74,6.1NRT,283.61,9.44,N
9.64706,-63.56216,301.33,1.01,1,2025-03-18,0654,A,40,6.1NRT,283.12,5.28,N
9.62388,-63.72623,310.89,1,1,2025-03-18,0654,A,81,6.1NRT,280.6,10.88,N
9.62254,-63.71735,314.11,1,1,2025-03-18,0654,A,89,6.1NRT,281.85,13.31,N
8.89417,-62.63348,300.23,1.08,1.04,2025-03-18,0657,A,22,6.1NRT,275.91,5.81,N
8.8909,-62.67282,318.83,1.07,1.03,2025-03-18,0657,A,98,6.1NRT,273.12,19.18,N
8.88945,-62.66335,309.03,1.07,1.03,2025-03-18,0657,A,53,6.1NRT,271.52,10.19,N
8.88618,-62.70258,307.67,1.07,1.03,2025-03-18,0657,A,56,6.1NRT,276.04,9.13,N
8.88473,-62.69314,347.81,1.07,1.03,2025-03-18,0657,A,100,6.1NRT,276.68,64.01,N
8.88328,-62.68369,319.58,1.07,1.03,2025-03-18,0657,A,62,6.1NRT,273.97,18.16,N
8.87567,-62.69455,320.39,1.07,1.03,2025-03-18,0657,A,73,6.1NRT,272.64,19.33,N
8.74786,-62.64331,306,1.08,1.04,2025-03-18,0657,A,55,6.1NRT,275.87,8.18,N
8.74639,-62.63379,300.96,1.08,1.04,2025-03-18,0657,A,14,6.1NRT,273.29,5.13,N
8.74172,-62.66369,322.69,1.08,1.04,2025-03-18,0657,A,90,6.1NRT,278.02,20.89,N
8.74025,-62.65421,320.72,1.08,1.04,2025-03-18,0657,A,62,6.1NRT,277.87,18.63,N
8.73707,-62.6935,319.9,1.07,1.03,2025-03-18,0657,A,99,6.1NRT,278.31,18.95,N
8.73559,-62.68404,342.06,1.07,1.03,2025-03-18,0657,A,100,6.1NRT,280.99,51.04,N
8.72733,-62.69102,320.4,1.07,1.03,2025-03-18,0657,A,100,6.1NRT,279.94,21.01,N
8.72588,-62.68155,308.89,1.08,1.04,2025-03-18,0657,A,76,6.1NRT,277.04,10.3,N
8.72009,-62.6435,318.97,1.08,1.04,2025-03-18,0657,A,98,6.1NRT,278.7,19.33,N
8.71863,-62.63397,321.64,1.08,1.04,2025-03-18,0657,A,100,6.1NRT,279.03,22.32,N
8.71389,-62.66393,315.44,1.08,1.04,2025-03-18,0657,A,75,6.1NRT,281.28,15.08,N
8.71244,-62.65442,323.87,1.08,1.04,2025-03-18,0657,A,100,6.1NRT,282.35,24.62,N
8.55783,-64.13286,307.73,1,1,2025-03-18,0657,A,72,6.1NRT,278.42,8.76,N
30.94553,-88.00599,301.39,1.18,1.08,2025-03-18,0249,T,41,6.1NRT,283.45,9.25,N
30.9436,-88.01796,303.24,1.18,1.08,2025-03-18,0249,T,54,6.1NRT,283.02,10.86,N
31.80943,-85.2654,307.56,1,1,2025-03-18,0249,T,72,6.1NRT,281.23,10.64,N
31.81822,-85.26711,305.37,1,1,2025-03-18,0249,T,62,6.1NRT,281.29,9.07,N
9.59821,-61.41526,316.03,1.73,1.29,2025-03-18,1318,T,47,6.1NRT,294.41,15.31,D
8.73514,-62.61345,313.96,2.08,1.4,2025-03-18,1318,T,55,6.1NRT,274.64,27.84,D
23.00878,-80.6171,319.05,1.15,1.07,2025-03-18,1454,T,75,6.1NRT,297.83,14.69,D
22.99273,-80.64171,349.56,1.16,1.07,2025-03-18,1454,T,95,6.1NRT,300.22,69.5,D
22.86085,-80.04015,324.29,1.09,1.04,2025-03-18,1454,T,80,6.1NRT,300.29,19.33,D
22.85949,-80.02985,310.98,1.09,1.04,2025-03-18,1454,T,59,6.1NRT,299.72,6.1,D
22.96719,-81.76732,311.68,1.33,1.14,2025-03-18,1454,T,62,6.1NRT,299.21,9.39,D
22.73741,-80.35806,310.9,1.12,1.05,2025-03-18,1454,T,50,6.1NRT,299.59,6.27,D
22.60475,-80.75169,316.02,1.16,1.07,2025-03-18,1454,T,69,6.1NRT,299.18,11.56,D
22.60333,-80.74075,312.34,1.16,1.07,2025-03-18,1454,T,56,6.1NRT,297.27,8.34,D
22.53265,-80.27244,310.48,1.1,1.05,2025-03-18,1454,T,55,6.1NRT,299.08,6.87,D
22.17653,-78.73752,320.05,1,1,2025-03-18,1454,T,73,6.1NRT,302.98,10.69,D
22.1752,-78.72807,318,1,1,2025-03-18,1454,T,62,6.1NRT,302.03,9.14,D
22.30493,-80.01466,312.07,1.07,1.03,2025-03-18,1454,T,61,6.1NRT,299.52,6.65,D
22.31208,-80.13834,311.65,1.08,1.04,2025-03-18,1454,T,39,6.1NRT,298.95,4.21,D
22.30295,-80.13976,314.55,1.08,1.04,2025-03-18,1454,T,61,6.1NRT,299.43,6.52,D
21.53451,-77.57535,313.78,1.02,1.01,2025-03-18,1454,T,58,6.1NRT,300.4,7.32,D
21.53309,-77.56579,327.53,1.02,1.01,2025-03-18,1454,T,82,6.1NRT,303.8,21.41,D
21.40146,-78.17176,332.61,1,1,2025-03-18,1454,T,86,6.1NRT,303.2,25.14,D
21.40009,-78.16238,317.98,1,1,2025-03-18,1454,T,72,6.1NRT,302.29,8.06,D
21.39267,-78.17319,315.03,1,1,2025-03-18,1454,T,56,6.1NRT,300.64,5.52,D
21.21773,-77.06471,312.61,1.06,1.03,2025-03-18,1454,T,62,6.1NRT,301.48,6.27,D
21.25686,-77.99974,312.41,1.01,1,2025-03-18,1454,T,50,6.1NRT,302.07,4.39,D
21.31383,-78.45137,317.31,1,1,2025-03-18,1454,T,70,6.1NRT,303.85,8.78,D
21.2208,-78.26153,313.03,1,1,2025-03-18,1454,T,39,6.1NRT,302.41,4.57,D
21.21943,-78.25215,328.13,1,1,2025-03-18,1454,T,82,6.1NRT,302.08,19.36,D
21.13695,-78.31992,327.69,1,1,2025-03-18,1454,T,81,6.1NRT,307.11,18.43,D
33.45755,-80.66663,301.55,1.55,1.23,2025-03-18,1452,T,48,6.1NRT,291.18,6.67,D
21.1137,-78.16066,317.23,1,1,2025-03-18,1454,T,57,6.1NRT,305.43,7.17,D
21.11232,-78.15128,316.65,1,1,2025-03-18,1454,T,42,6.1NRT,304.3,6.88,D
20.9216,-77.42995,315.1,1.04,1.02,2025-03-18,1454,T,57,6.1NRT,303.99,5.71,D
20.72736,-76.29408,313.79,1.14,1.07,2025-03-18,1454,T,35,6.1NRT,295.5,6.8,D
33.33224,-82.23347,309.93,1.95,1.36,2025-03-18,1452,T,69,6.1NRT,291.05,22.21,D
20.98082,-78.1307,332.74,1.01,1,2025-03-18,1454,T,85,6.1NRT,302.57,26.26,D
33.01079,-79.88734,302.89,1.37,1.16,2025-03-18,1452,T,47,6.1NRT,291.07,8.45,D
20.97944,-78.12132,312.53,1.01,1,2025-03-18,1454,T,53,6.1NRT,301.74,4.92,D
32.97157,-81.74895,310.75,1.79,1.31,2025-03-18,1452,T,52,6.1NRT,290.44,19.89,D
20.8836,-77.61028,317.18,1.03,1.01,2025-03-18,1454,T,54,6.1NRT,305.68,8.13,D
32.95998,-81.75032,316.75,1.79,1.31,2025-03-18,1452,T,77,6.1NRT,289.9,32.18,D
20.82365,-77.3933,315.45,1.04,1.02,2025-03-18,1454,T,61,6.1NRT,301.23,7.51,D
32.95818,-81.73161,308.78,1.79,1.31,2025-03-18,1452,T,64,6.1NRT,289.65,17.47,D
20.72255,-76.85353,334.02,1.08,1.04,2025-03-18,1454,T,86,6.1NRT,300.09,32.88,D
32.88076,-81.05938,305.84,1.61,1.25,2025-03-18,1452,T,62,6.1NRT,290.24,12.66,D
20.72099,-76.84345,330.46,1.09,1.04,2025-03-18,1454,T,83,6.1NRT,299.97,26.65,D
33.26209,-86.01614,301.59,3.53,1.77,2025-03-18,1452,T,48,6.1NRT,289.62,24.7,D
20.80451,-77.63921,341.14,1.03,1.01,2025-03-18,1454,T,90,6.1NRT,305.55,36.14,D
32.6917,-80.78133,303.54,1.54,1.22,2025-03-18,1452,T,56,6.1NRT,289.2,10.28,D
20.80309,-77.62965,360.13,1.03,1.01,2025-03-18,1454,T,100,6.1NRT,308.82,78.97,D
32.80157,-82.39785,310.52,1.97,1.37,2025-03-18,1452,T,70,6.1NRT,290.62,24.39,D
20.77359,-77.61494,321.91,1.03,1.01,2025-03-18,1454,T,74,6.1NRT,303.87,9.02,D
32.73635,-82.14683,305.84,1.89,1.34,2025-03-18,1452,T,62,6.1NRT,290.1,16.4,D
20.78271,-78.04079,314.66,1.01,1,2025-03-18,1454,T,60,6.1NRT,300.57,6.81,D
20.13473,-77.30267,311.76,1.06,1.03,2025-03-18,1454,T,60,6.1NRT,297.63,4.54,D
32.49557,-80.75629,309.35,1.53,1.22,2025-03-18,1452,T,60,6.1NRT,291.24,15.57,D
15.04103,-83.89708,333.68,1.44,1.19,2025-03-18,1457,T,79,6.1NRT,301.92,40.34,D
32.53769,-81.39097,333.64,1.68,1.27,2025-03-18,1452,T,89,6.1NRT,292.12,70.43,D
15.03941,-83.88399,327.98,1.43,1.18,2025-03-18,1457,T,67,6.1NRT,300.67,27.36,D
32.52645,-81.39243,306.69,1.68,1.27,2025-03-18,1452,T,64,6.1NRT,290.12,14.07,D
15.03058,-83.89839,325.59,1.44,1.19,2025-03-18,1457,T,77,6.1NRT,298.26,24.94,D
32.58321,-82.39542,300.94,1.96,1.37,2025-03-18,1452,T,24,6.1NRT,290.23,7.19,D
15.03316,-83.89085,340.26,1.43,1.18,2025-03-18,1457,T,90,6.1NRT,298.6,58.75,D
32.57825,-82.40197,304.21,1.96,1.37,2025-03-18,1452,T,58,6.1NRT,290.06,13.32,D
14.90371,-83.9275,313.55,1.44,1.19,2025-03-18,1457,T,49,6.1NRT,296.82,9.19,D
32.36285,-84.00033,300.61,2.51,1.52,2025-03-18,1452,T,39,6.1NRT,290,13.4,D
14.4352,-83.77351,317.19,1.38,1.16,2025-03-18,1457,T,68,6.1NRT,301.27,10.29,D
32.15996,-81.60811,301.7,1.71,1.28,2025-03-18,1452,T,49,6.1NRT,290.72,9.09,D
14.20647,-83.3513,317.61,1.29,1.13,2025-03-18,1457,T,68,6.1NRT,301.67,9.84,D
32.40046,-84.78543,302.83,2.84,1.61,2025-03-18,1452,T,54,6.1NRT,289.6,20.4,D
14.20494,-83.33971,320.88,1.29,1.13,2025-03-18,1457,T,73,6.1NRT,301.95,14.32,D
8.80767,-78.07693,318.2,1.3,1.13,2025-03-18,1459,T,76,6.1NRT,295.37,16.76,D
32.39829,-84.75592,302.11,2.83,1.61,2025-03-18,1452,T,51,6.1NRT,290.17,18.13,D
7.48115,-80.82867,312.72,1.02,1.01,2025-03-18,1459,T,54,6.1NRT,292.91,5.77,D
32.06953,-82.47462,304.32,1.95,1.36,2025-03-18,1452,T,59,6.1NRT,292.01,10.55,D
32.06774,-82.45442,304.93,1.95,1.36,2025-03-18,1452,T,60,6.1NRT,292.53,11.87,D
32.06252,-82.46093,308.75,1.95,1.36,2025-03-18,1452,T,68,6.1NRT,292.7,16.95,D
32.01811,-82.50707,304.69,1.96,1.37,2025-03-18,1452,T,60,6.1NRT,292.35,12.07,D
32.01626,-82.4869,308.61,1.95,1.36,2025-03-18,1452,T,67,6.1NRT,292.41,18.29,D
31.99278,-82.63422,312.89,2,1.38,2025-03-18,1452,T,73,6.1NRT,290.71,30.14,D
31.98868,-82.6416,313.83,2,1.38,2025-03-18,1452,T,74,6.1NRT,290.88,30.06,D
31.5987,-82.75461,310.38,2.01,1.38,2025-03-18,1452,T,70,6.1NRT,291.92,23.3,D
31.54663,-82.45448,312.83,1.91,1.35,2025-03-18,1452,T,73,6.1NRT,292.08,26.79,D
31.5448,-82.43476,316.99,1.91,1.35,2025-03-18,1452,T,77,6.1NRT,292.19,35.67,D
30.74896,-84.35829,302.2,2.54,1.53,2025-03-18,1452,T,51,6.1NRT,290.64,14.87,D
30.58168,-83.111,303,2.07,1.4,2025-03-18,1452,T,54,6.1NRT,291.54,10.44,D
30.43534,-81.79264,305.92,1.67,1.27,2025-03-18,1452,T,61,6.1NRT,290.51,12.37,D
30.43588,-81.79944,301.7,1.67,1.27,2025-03-18,1452,T,41,6.1NRT,290.74,7.6,D
30.44388,-82.72276,301.95,1.93,1.36,2025-03-18,1452,T,25,6.1NRT,291.03,8.06,D
30.44209,-82.7031,304.79,1.93,1.36,2025-03-18,1452,T,52,6.1NRT,291.03,12.78,D
30.43643,-82.70987,308.39,1.93,1.36,2025-03-18,1452,T,67,6.1NRT,290.78,18.64,D
30.36256,-83.57317,303.62,2.21,1.44,2025-03-18,1452,T,57,6.1NRT,292.54,13.72,D
30.00859,-81.74392,307.34,1.64,1.26,2025-03-18,1454,T,65,6.1NRT,293.68,11.45,D
30.0069,-81.72733,307.97,1.63,1.26,2025-03-18,1454,T,66,6.1NRT,295.49,12.34,D
30.02715,-83.00539,304.44,2,1.38,2025-03-18,1454,T,50,6.1NRT,291.82,10.54,D
29.19718,-82.17813,308.36,1.71,1.28,2025-03-18,1454,T,44,6.1NRT,294.21,9.68,D
29.19852,-82.18476,315.82,1.71,1.28,2025-03-18,1454,T,75,6.1NRT,294.43,23.13,D
28.153,-81.27472,314.01,1.44,1.19,2025-03-18,1454,T,58,6.1NRT,297.78,15.87,D
28.09095,-81.09646,309.9,1.4,1.17,2025-03-18,1454,T,45,6.1NRT,299.4,8.21,D
27.86783,-80.90964,318.33,1.36,1.15,2025-03-18,1454,T,75,6.1NRT,296.86,19.54,D
27.86625,-80.8962,319.19,1.36,1.15,2025-03-18,1454,T,76,6.1NRT,296.51,20.42,D
27.85765,-80.91105,331.78,1.36,1.15,2025-03-18,1454,T,86,6.1NRT,297.23,42.73,D
27.85608,-80.89762,319.82,1.36,1.15,2025-03-18,1454,T,66,6.1NRT,296.47,20.68,D
27.75185,-80.87785,320.6,1.35,1.15,2025-03-18,1454,T,77,6.1NRT,296.71,24.19,D
27.7169,-81.27892,309.85,1.42,1.18,2025-03-18,1454,T,57,6.1NRT,297.97,8.51,D
26.99354,-80.50177,323.59,1.26,1.11,2025-03-18,1454,T,80,6.1NRT,296.4,23.07,D
26.99203,-80.48944,323.77,1.25,1.11,2025-03-18,1454,T,81,6.1NRT,296.16,23.75,D
26.65022,-78.21034,314.18,1.02,1.01,2025-03-18,1454,T,57,6.1NRT,302.64,6.21,D
26.54611,-78.59972,319.01,1.04,1.02,2025-03-18,1454,T,57,6.1NRT,300.29,10.87,D
26.53853,-78.61131,316.49,1.04,1.02,2025-03-18,1454,T,16,6.1NRT,301.31,7.74,D
25.43115,-80.38079,315.6,1.19,1.09,2025-03-18,1454,T,74,6.1NRT,296.66,12.98,D
25.42974,-80.36927,313.24,1.19,1.08,2025-03-18,1454,T,71,6.1NRT,297.34,10.84,D
25.42606,-80.37582,329.62,1.19,1.08,2025-03-18,1454,T,62,6.1NRT,298.16,31.97,D
25.41651,-80.3772,327.85,1.19,1.08,2025-03-18,1454,T,76,6.1NRT,296.74,28.91,D
24.97771,-78.05927,311.29,1,1,2025-03-18,1454,T,48,6.1NRT,296.38,6.87,D
32.51228,-93.55502,304.01,2.01,1.38,2025-03-18,1630,T,44,6.1NRT,290.95,11.67,D
32.50835,-93.5627,304.9,2.01,1.38,2025-03-18,1630,T,52,6.1NRT,290.34,13.89,D
32.34875,-93.02303,310.42,2.2,1.44,2025-03-18,1630,T,70,6.1NRT,291.37,27.43,D
32.34416,-93.00062,305.83,2.21,1.44,2025-03-18,1630,T,62,6.1NRT,291.31,17.86,D
31.37299,-89.4482,304.64,4.05,1.87,2025-03-18,1630,T,50,6.1NRT,292.24,39.87,D
31.36651,-89.45555,307.65,4.05,1.87,2025-03-18,1630,T,60,6.1NRT,292,55.22,D
31.92817,-96.12206,302.04,1.42,1.18,2025-03-18,1630,T,50,6.1NRT,276.94,8.92,D
31.59216,-94.74433,301.81,1.76,1.3,2025-03-18,1630,T,44,6.1NRT,289.6,4.48,D
31.60087,-95.15685,307.78,1.65,1.26,2025-03-18,1630,T,66,6.1NRT,292.49,12.12,D
29.88181,-93.49345,322.67,2.34,1.48,2025-03-18,1633,T,39,6.1NRT,279.34,55.33,D
29.91427,-97.85391,310.13,1.23,1.1,2025-03-18,1633,T,63,6.1NRT,295.65,6.1,D
28.85801,-105.41351,317.96,1.37,1.16,2025-03-18,1633,T,62,6.1NRT,304.32,11.29,D
28.07413,-107.45869,311.25,1.82,1.32,2025-03-18,1633,T,19,6.1NRT,297.41,13.16,D
27.65456,-105.22396,328.62,1.29,1.13,2025-03-18,1633,T,69,6.1NRT,304.27,26.1,D
27.83833,-108.48057,313.59,2.14,1.42,2025-03-18,1633,T,51,6.1NRT,299.61,19.87,D
27.83662,-108.48723,315.61,2.14,1.42,2025-03-18,1633,T,59,6.1NRT,299.5,25.25,D
25.86752,-97.78907,315,1.45,1.19,2025-03-18,1633,T,58,6.1NRT,303.72,8.52,D
25.97714,-98.73002,319.16,1.27,1.12,2025-03-18,1633,T,69,6.1NRT,303.95,13.47,D
25.79163,-99.08954,319.98,1.22,1.1,2025-03-18,1633,T,70,6.1NRT,302.85,14.05,D
25.51121,-97.5645,312.93,1.52,1.22,2025-03-18,1633,T,45,6.1NRT,301.44,10.65,D
25.50867,-97.54991,313.04,1.53,1.22,2025-03-18,1633,T,40,6.1NRT,300.39,10.52,D
25.93337,-100.24126,322.48,1.08,1.04,2025-03-18,1633,T,71,6.1NRT,304.02,11.98,D
25.9243,-100.24299,320.02,1.08,1.04,2025-03-18,1633,T,55,6.1NRT,302.55,9.08,D
26.51939,-106.34151,324.89,1.46,1.19,2025-03-18,1633,T,58,6.1NRT,297.41,27.51,D
26.50019,-106.32219,323.36,1.46,1.19,2025-03-18,1633,T,21,6.1NRT,297.05,23.96,D
25.22818,-97.85087,313.17,1.47,1.2,2025-03-18,1633,T,49,6.1NRT,300.88,9.26,D
25.2257,-97.83676,313.44,1.48,1.2,2025-03-18,1633,T,51,6.1NRT,301.56,10.26,D
25.40704,-103.74261,316.83,1.05,1.03,2025-03-18,1633,T,50,6.1NRT,305.98,6.47,D
24.02789,-99.21663,314.09,1.28,1.12,2025-03-18,1635,T,60,6.1NRT,301.01,10.43,D
22.9309,-99.0614,317.28,1.35,1.15,2025-03-18,1635,T,60,6.1NRT,303.06,10.95,D
22.92874,-99.04863,350.7,1.36,1.15,2025-03-18,1635,T,95,6.1NRT,306.09,87.52,D
22.92657,-99.03588,316.32,1.36,1.15,2025-03-18,1635,T,48,6.1NRT,304.35,10.23,D
22.72497,-98.94087,318.06,1.39,1.17,2025-03-18,1635,T,68,6.1NRT,303.52,12.55,D
23.3183,-102.91888,322.93,1,1,2025-03-18,1635,T,70,6.1NRT,305.86,10.09,D
22.71389,-99.48569,319.11,1.29,1.13,2025-03-18,1635,T,69,6.1NRT,297.07,19.22,D
22.67786,-99.46099,312.48,1.29,1.13,2025-03-18,1635,T,24,6.1NRT,297.16,10.1,D
23.18841,-102.90738,322.68,1,1,2025-03-18,1635,T,70,6.1NRT,307.44,11.11,D
22.72593,-102.71526,320.82,1,1,2025-03-18,1635,T,60,6.1NRT,307.19,7.81,D
22.00378,-98.26676,329.34,1.58,1.24,2025-03-18,1635,T,82,6.1NRT,300.08,42.03,D
22.00124,-98.25198,312.11,1.59,1.24,2025-03-18,1635,T,54,6.1NRT,300.8,8.51,D
22.71616,-102.95796,319.09,1,1,2025-03-18,1635,T,62,6.1NRT,307.15,5.47,D
22.01905,-98.83913,331.78,1.45,1.19,2025-03-18,1635,T,84,6.1NRT,305.41,40.4,D
22.01677,-98.82552,327.02,1.45,1.19,2025-03-18,1635,T,80,6.1NRT,304.97,29.94,D
21.88523,-98.31149,334.56,1.58,1.24,2025-03-18,1635,T,86,6.1NRT,303.24,52.75,D
21.6813,-98.33414,311.97,1.59,1.24,2025-03-18,1635,T,49,6.1NRT,300.03,7.36,D
21.53622,-98.72257,314.21,1.5,1.21,2025-03-18,1635,T,65,6.1NRT,302.09,10.53,D
22.31961,-104.76472,314.94,1.08,1.04,2025-03-18,1635,T,50,6.1NRT,300.2,7.5,D
21.28577,-98.53378,311.24,1.57,1.23,2025-03-18,1635,T,61,6.1NRT,298.78,9.76,D
21.6427,-102.00542,319.54,1.03,1.01,2025-03-18,1635,T,62,6.1NRT,306.34,7.32,D
21.6865,-102.61765,332.31,1.01,1,2025-03-18,1635,T,82,6.1NRT,307.7,21.15,D
20.86359,-99.19698,316.07,1.44,1.19,2025-03-18,1635,T,69,6.1NRT,296.89,20.1,D
21.17883,-104.63611,322.92,1.05,1.02,2025-03-18,1635,T,73,6.1NRT,306.44,10.96,D
20.56858,-100.52921,318.81,1.21,1.09,2025-03-18,1635,T,57,6.1NRT,302.05,9.63,D
20.57953,-101.17535,317.08,1.12,1.06,2025-03-18,1635,T,49,6.1NRT,303.24,7.17,D
20.71669,-102.24914,318.31,1.03,1.01,2025-03-18,1635,T,59,6.1NRT,306.58,6.15,D
20.74063,-103.74284,320.05,1,1,2025-03-18,1635,T,50,6.1NRT,304.2,6.86,D
20.73186,-103.7442,322.83,1,1,2025-03-18,1635,T,68,6.1NRT,306.69,9.85,D
20.59114,-103.1382,321.28,1,1,2025-03-18,1635,T,58,6.1NRT,304.91,6.36,D
20.58979,-103.1289,326.97,1,1,2025-03-18,1635,T,76,6.1NRT,306.95,12.84,D
19.46087,-96.53825,314.46,2.39,1.49,2025-03-18,1635,T,59,6.1NRT,298.46,25.64,D
19.85962,-99.28726,314.03,1.48,1.2,2025-03-18,1635,T,35,6.1NRT,302.43,5.98,D
20.36275,-102.71942,323.04,1.01,1.01,2025-03-18,1635,T,70,6.1NRT,307.2,10.29,D
20.2181,-102.0069,327.63,1.05,1.03,2025-03-18,1635,T,78,6.1NRT,306.2,16.02,D
19.73394,-99.21849,323.01,1.5,1.21,2025-03-18,1635,T,59,6.1NRT,299.44,19.24,D
19.70001,-99.21038,319.51,1.5,1.21,2025-03-18,1635,T,33,6.1NRT,301.62,11.65,D
19.67756,-99.14306,320.19,1.52,1.22,2025-03-18,1635,T,64,6.1NRT,298.15,14.56,D
19.49517,-99.16063,320.28,1.53,1.22,2025-03-18,1635,T,53,6.1NRT,304.06,14.12,D
19.37816,-99.56061,317.01,1.44,1.19,2025-03-18,1635,T,21,6.1NRT,300.61,8.64,D
19.06775,-98.10519,315.6,1.86,1.33,2025-03-18,1635,T,46,6.1NRT,300.91,11.62,D
19.29284,-99.54128,321.57,1.45,1.19,2025-03-18,1635,T,51,6.1NRT,302.1,14.34,D
19.60759,-102.31174,314.21,1.04,1.02,2025-03-18,1635,T,41,6.1NRT,300.88,7.99,D
18.51253,-96.142,313.82,2.68,1.57,2025-03-18,1635,T,63,6.1NRT,299.19,22.68,D
17.89536,-93.17782,312.08,4.64,1.97,2025-03-18,1635,T,63,6.1NRT,291.92,59.3,D
17.8936,-93.18501,309.09,4.64,1.97,2025-03-18,1635,T,42,6.1NRT,291.59,38.45,D
17.84266,-93.1095,311.55,4.71,1.99,2025-03-18,1635,T,54,6.1NRT,291.2,55.57,D
17.84097,-93.11473,310.13,4.71,1.99,2025-03-18,1635,T,52,6.1NRT,290.84,48.29,D
18.31688,-95.77696,313.21,2.88,1.62,2025-03-18,1635,T,61,6.1NRT,297.16,27.14,D
19.23528,-101.45671,313.69,1.13,1.06,2025-03-18,1635,T,30,6.1NRT,301.22,5.78,D
18.15524,-95.90297,315.06,2.84,1.61,2025-03-18,1635,T,52,6.1NRT,297.57,30.06,D
19.51935,-104.56618,326.46,1.02,1.01,2025-03-18,1635,T,78,6.1NRT,305,15.21,D
19.20568,-102.59156,326.46,1.03,1.01,2025-03-18,1635,T,76,6.1NRT,307.88,13.84,D
18.30904,-97.19317,313.55,2.25,1.45,2025-03-18,1635,T,39,6.1NRT,298.02,20.29,D
18.29628,-97.19482,313.42,2.25,1.45,2025-03-18,1635,T,34,6.1NRT,299.77,17.87,D
19.32533,-103.71623,337.23,1,1,2025-03-18,1635,T,87,6.1NRT,307.19,28.05,D
19.32401,-103.707,336.18,1,1,2025-03-18,1635,T,86,6.1NRT,307.72,26.61,D
18.91408,-102.18739,321.36,1.06,1.03,2025-03-18,1635,T,63,6.1NRT,304.85,9.9,D
18.7828,-103.16192,318.51,1.01,1,2025-03-18,1635,T,56,6.1NRT,302.36,6.22,D
18.43138,-102.60303,315.98,1.04,1.02,2025-03-18,1635,T,53,6.1NRT,298.89,9.16,D
18.42245,-102.60442,316.3,1.04,1.02,2025-03-18,1635,T,57,6.1NRT,298.43,9.81,D
17.21466,-96.05347,316.53,2.91,1.63,2025-03-18,1635,T,73,6.1NRT,289.58,72.82,D
17.21139,-96.06198,309.07,2.91,1.63,2025-03-18,1635,T,51,6.1NRT,288.84,41.22,D
17.20521,-96.02722,312.3,2.93,1.63,2025-03-18,1635,T,67,6.1NRT,289.41,53.25,D
7.32127,-62.2039,344.98,4.82,2,2025-03-18,1919,A,93,6.1NRT,292.2,419.95,D
7.15298,-68.9954,326.59,1.39,1.17,2025-03-18,1919,A,51,6.1NRT,293.65,27.22,D
7.29435,-69.66408,322.39,1.27,1.12,2025-03-18,1919,A,64,6.1NRT,297.83,12.46,D
7.01577,-73.22243,315.34,1.01,1,2025-03-18,1919,A,71,6.1NRT,293.87,7.56,D
7.16023,-75.64256,322.96,1.26,1.11,2025-03-18,1919,A,76,6.1NRT,296.38,20.58,D
7.15858,-75.65326,331.05,1.26,1.12,2025-03-18,1919,A,84,6.1NRT,296.12,33.87,D
8.40677,-73.81489,311.4,1.02,1.01,2025-03-18,1919,A,17,6.1NRT,291.01,5.02,D
9.83769,-63.96634,322.23,3.82,1.83,2025-03-18,1919,A,75,6.1NRT,294.26,80.9,D
9.82921,-63.9706,319.25,3.82,1.83,2025-03-18,1919,A,64,6.1NRT,294.77,58.32,D
7.67325,-80.72282,341.91,3,1.65,2025-03-18,1919,A,91,6.1NRT,291.32,208.32,D
7.66917,-80.74734,312.59,3.02,1.65,2025-03-18,1919,A,54,6.1NRT,291.06,34.9,D
7.67597,-80.72982,318.9,3,1.65,2025-03-18,1919,A,70,6.1NRT,290.83,58.14,D
7.73542,-80.90495,311.99,3.09,1.67,2025-03-18,1919,A,52,6.1NRT,294.85,30.88,D
7.75367,-81.43415,317.22,3.41,1.74,2025-03-18,1919,A,33,6.1NRT,295.4,51.73,D
7.77344,-81.40892,323.28,3.39,1.74,2025-03-18,1919,A,76,6.1NRT,294.47,89.34,D
7.76886,-81.4365,313.63,3.41,1.74,2025-03-18,1919,A,34,6.1NRT,294.7,36.76,D
7.75103,-81.44274,315.55,3.41,1.74,2025-03-18,1919,A,60,6.1NRT,295.18,49.56,D
7.77137,-81.4155,326.54,3.39,1.74,2025-03-18,1919,A,80,6.1NRT,294.41,112.78,D
7.76656,-81.44324,313.76,3.41,1.74,2025-03-18,1919,A,55,6.1NRT,294.83,39.8,D
7.85217,-81.39744,311.19,3.37,1.73,2025-03-18,1919,A,47,6.1NRT,295.88,29.77,D
7.84964,-81.40164,312.95,3.37,1.73,2025-03-18,1919,A,56,6.1NRT,296,37.15,D
8.20877,-80.90881,318.55,3.03,1.66,2025-03-18,1919,A,70,6.1NRT,298.46,35.72,D
8.2232,-80.91128,341.8,3.03,1.66,2025-03-18,1919,A,91,6.1NRT,299.61,187.02,D
8.21554,-80.89003,316.58,3.02,1.65,2025-03-18,1919,A,56,6.1NRT,297.53,25.81,D
8.21098,-80.91626,323.04,3.03,1.66,2025-03-18,1919,A,77,6.1NRT,299.12,57.46,D
8.22542,-80.91865,334.26,3.03,1.66,2025-03-18,1919,A,86,6.1NRT,299.66,125.79,D
8.39198,-80.73759,317.48,2.91,1.63,2025-03-18,1919,A,71,6.1NRT,299.39,40.49,D
8.54593,-79.89968,317.24,2.48,1.52,2025-03-18,1919,A,62,6.1NRT,299.74,23.55,D
8.49442,-80.78818,311.52,2.93,1.63,2025-03-18,1919,A,51,6.1NRT,297.05,31.38,D
8.73745,-80.24637,310.15,2.62,1.55,2025-03-18,1921,A,63,6.1NRT,293.08,23.02,D
8.82734,-80.12188,313.8,2.55,1.54,2025-03-18,1921,A,62,6.1NRT,292.23,28.76,D
8.82371,-80.14419,334.07,2.56,1.54,2025-03-18,1921,A,88,6.1NRT,294.71,114.3,D
8.79689,-80.19077,313.61,2.58,1.54,2025-03-18,1921,A,69,6.1NRT,294.47,32.24,D
8.83521,-80.1284,321.96,2.55,1.54,2025-03-18,1921,A,79,6.1NRT,292.44,58.93,D
8.83141,-80.15073,326.79,2.56,1.54,2025-03-18,1921,A,83,6.1NRT,294.12,78.9,D
8.91639,-80.19646,308.05,2.57,1.54,2025-03-18,1921,A,43,6.1NRT,293.06,16.35,D
9.2301,-78.87595,310.03,1.99,1.38,2025-03-18,1921,A,48,6.1NRT,294.47,13.86,D
9.02703,-80.08496,309.7,2.51,1.52,2025-03-18,1921,A,49,6.1NRT,293.5,18.39,D
10.32508,-73.90607,310.89,1.01,1,2025-03-18,1921,A,38,6.1NRT,286.33,6.41,D
10.20636,-75.1308,312.72,1.09,1.04,2025-03-18,1921,A,34,6.1NRT,284.68,9.33,D
10.21549,-75.13225,308.69,1.09,1.04,2025-03-18,1921,A,29,6.1NRT,278.24,5.73,D
10.56102,-75.23064,324.52,1.09,1.04,2025-03-18,1921,A,77,6.1NRT,296.25,19.6,D
10.70147,-75.10185,324,1.08,1.04,2025-03-18,1921,A,77,6.1NRT,298.5,13.79,D
10.70004,-75.11134,333.61,1.08,1.04,2025-03-18,1921,A,85,6.1NRT,300.19,26.68,D
11.11755,-72.38942,313.82,1.04,1.02,2025-03-18,1921,A,52,6.1NRT,275.32,12.76,D
15.05149,-83.76635,321.19,3.71,1.8,2025-03-18,1921,A,72,6.1NRT,289.49,94.28,D
15.0459,-83.77249,327.98,3.71,1.8,2025-03-18,1921,A,80,6.1NRT,290.13,134.73,D
15.12652,-84.03271,314.92,3.87,1.83,2025-03-18,1921,A,62,6.1NRT,293.4,53.08,D
18.35567,-71.73371,322.72,1.31,1.14,2025-03-18,1923,A,61,6.1NRT,304.97,15.74,D
18.99936,-71.33692,314.82,1.42,1.18,2025-03-18,1923,A,44,6.1NRT,298.03,8.8,D
19.23207,-71.58331,322.85,1.38,1.16,2025-03-18,1923,A,73,6.1NRT,299.93,19.44,D
19.23056,-71.59512,316.18,1.38,1.16,2025-03-18,1923,A,50,6.1NRT,298.8,8.98,D
19.1366,-72.57497,328.58,1.2,1.09,2025-03-18,1923,A,79,6.1NRT,302.19,21.15,D
19.23991,-71.84509,322.31,1.33,1.14,2025-03-18,1923,A,69,6.1NRT,300.69,13.54,D
19.23833,-71.8576,322.76,1.33,1.14,2025-03-18,1923,A,71,6.1NRT,301.94,14.7,D
19.2699,-72.32532,321.19,1.24,1.11,2025-03-18,1923,A,59,6.1NRT,295.9,16.01,D
19.35856,-71.86926,315.7,1.33,1.14,2025-03-18,1923,A,29,6.1NRT,296.57,9.93,D
19.35102,-72.41508,325.94,1.23,1.1,2025-03-18,1923,A,77,6.1NRT,301.08,19.47,D
19.34947,-72.42705,318.97,1.23,1.1,2025-03-18,1923,A,51,6.1NRT,299.71,9.14,D
20.15131,-75.06183,323.23,1.01,1,2025-03-18,1923,A,38,6.1NRT,309.21,8.9,D
20.12504,-75.56774,320.92,1,1,2025-03-18,1923,A,68,6.1NRT,303.98,8.81,D
20.27918,-75.01867,313.86,1.01,1,2025-03-18,1923,A,50,6.1NRT,295.44,8.22,D
20.28364,-75.36292,311.91,1,1,2025-03-18,1923,A,49,6.1NRT,300.97,4.61,D
20.28085,-75.52032,322.92,1,1,2025-03-18,1923,A,67,6.1NRT,302.68,12.52,D
20.02421,-77.45195,322.64,1.09,1.04,2025-03-18,1923,A,76,6.1NRT,304.43,13.17,D
20.00655,-77.56386,325.94,1.1,1.05,2025-03-18,1923,A,80,6.1NRT,308.69,16.74,D
20.12245,-77.3009,321.1,1.08,1.04,2025-03-18,1923,A,55,6.1NRT,304.48,9.81,D
20.15085,-77.35738,318.17,1.08,1.04,2025-03-18,1923,A,66,6.1NRT,306.01,6.32,D
20.22362,-77.24284,323.18,1.07,1.03,2025-03-18,1923,A,45,6.1NRT,306.73,10.53,D
20.4063,-76.66381,341.38,1.03,1.01,2025-03-18,1923,A,90,6.1NRT,304.74,38.23,D
20.42864,-76.75599,319.67,1.03,1.01,2025-03-18,1923,A,46,6.1NRT,305.61,8.27,D
20.61945,-76.27982,344.67,1.01,1,2025-03-18,1923,A,92,6.1NRT,308.76,39.04,D
20.61805,-76.28921,331.99,1.01,1,2025-03-18,1923,A,78,6.1NRT,312.72,18.17,D
20.59677,-76.80746,339.51,1.03,1.02,2025-03-18,1923,A,88,6.1NRT,310.73,31.25,D
20.5953,-76.81706,365.14,1.03,1.02,2025-03-18,1923,A,100,6.1NRT,310.73,91.51,D
20.59384,-76.82666,392.71,1.03,1.02,2025-03-18,1923,A,100,6.1NRT,314.71,209.3,D
20.60711,-76.79943,325.35,1.03,1.01,2025-03-18,1923,A,74,6.1NRT,310.79,10.35,D
20.60564,-76.80902,377.69,1.03,1.02,2025-03-18,1923,A,100,6.1NRT,312.92,136.76,D
20.60418,-76.81862,386.74,1.03,1.02,2025-03-18,1923,A,100,6.1NRT,313.61,176.3,D
20.60272,-76.82822,333.19,1.03,1.02,2025-03-18,1923,A,76,6.1NRT,306.61,19.95,D
20.7107,-76.84288,335.74,1.03,1.02,2025-03-18,1923,A,85,6.1NRT,306.84,29.39,D
20.70053,-76.96977,323.57,1.04,1.02,2025-03-18,1923,A,62,6.1NRT,309.33,11.14,D
20.69474,-77.13519,325.96,1.05,1.02,2025-03-18,1923,A,64,6.1NRT,311.46,12.52,D
20.69322,-77.14496,356.96,1.05,1.02,2025-03-18,1923,A,98,6.1NRT,313.82,72.14,D
20.69169,-77.15475,331.55,1.05,1.02,2025-03-18,1923,A,75,6.1NRT,309.12,21.07,D
20.70565,-77.42142,318.5,1.07,1.03,2025-03-18,1923,A,0,6.1NRT,307.36,7.48,D
20.8635,-76.44668,318.03,1.01,1.01,2025-03-18,1923,A,58,6.1NRT,306.51,5.32,D
20.7365,-77.51491,328.46,1.08,1.04,2025-03-18,1923,A,77,6.1NRT,308.11,19.24,D
20.73491,-77.52496,336.91,1.08,1.04,2025-03-18,1923,A,86,6.1NRT,307.88,32.01,D
20.73173,-77.54511,319.47,1.09,1.04,2025-03-18,1923,A,48,6.1NRT,304.87,7.83,D
20.71407,-77.65653,319.84,1.1,1.04,2025-03-18,1923,A,38,6.1NRT,307.69,7.6,D
20.71245,-77.66673,316.62,1.1,1.04,2025-03-18,1923,A,39,6.1NRT,306.38,5.64,D
20.74671,-77.56858,323.45,1.09,1.04,2025-03-18,1923,A,49,6.1NRT,308.48,9.35,D
20.77782,-77.42965,334.85,1.07,1.03,2025-03-18,1923,A,84,6.1NRT,308.12,27.53,D
20.72955,-77.79642,323.98,1.11,1.05,2025-03-18,1923,A,70,6.1NRT,306.06,14.53,D
20.76241,-77.70729,354.65,1.1,1.05,2025-03-18,1923,A,97,6.1NRT,313.29,69.03,D
20.76081,-77.71752,337.84,1.1,1.05,2025-03-18,1923,A,86,6.1NRT,310.35,31.7,D
20.77225,-77.75794,333.7,1.1,1.05,2025-03-18,1923,A,40,6.1NRT,309.76,20.37,D
20.73958,-78.01952,340.26,1.13,1.06,2025-03-18,1923,A,88,6.1NRT,308.91,36.89,D
20.86978,-77.25922,317.6,1.06,1.03,2025-03-18,1923,A,35,6.1NRT,306.54,5.48,D
20.85744,-77.33818,319.23,1.06,1.03,2025-03-18,1923,A,42,6.1NRT,307.97,6.84,D
20.74885,-78.02122,322.41,1.13,1.06,2025-03-18,1923,A,40,6.1NRT,309.44,8.79,D
20.95778,-76.74776,357.38,1.02,1.01,2025-03-18,1923,A,98,6.1NRT,305.65,72.62,D
20.95632,-76.75731,341.38,1.02,1.01,2025-03-18,1923,A,89,6.1NRT,305.38,37.58,D
20.86024,-77.37943,333.47,1.07,1.03,2025-03-18,1923,A,83,6.1NRT,307.7,25.1,D
20.75982,-78.0124,331.25,1.13,1.06,2025-03-18,1923,A,80,6.1NRT,310.43,20.57,D
20.74961,-78.07577,316.6,1.14,1.06,2025-03-18,1923,A,36,6.1NRT,306.47,6.36,D
20.96517,-76.75886,335.74,1.02,1.01,2025-03-18,1923,A,85,6.1NRT,306.11,27.32,D
20.96371,-76.76841,323.02,1.03,1.01,2025-03-18,1923,A,62,6.1NRT,304.51,11.43,D
20.97401,-76.76041,334.48,1.02,1.01,2025-03-18,1923,A,73,6.1NRT,307.88,24.97,D
20.86425,-77.4724,410.37,1.08,1.04,2025-03-18,1923,A,100,6.1NRT,317.85,343.65,D
20.86269,-77.48238,409.52,1.08,1.04,2025-03-18,1923,A,100,6.1NRT,322.37,337.9,D
20.78672,-77.96331,330.04,1.13,1.06,2025-03-18,1923,A,79,6.1NRT,309.44,16.95,D
20.77328,-78.04745,321.18,1.14,1.06,2025-03-18,1923,A,48,6.1NRT,306.07,9.81,D
20.98575,-76.74285,324.57,1.02,1.01,2025-03-18,1923,A,70,6.1NRT,307.23,13.85,D
20.9163,-77.19688,333.14,1.05,1.02,2025-03-18,1923,A,83,6.1NRT,306.34,22.93,D
20.91479,-77.20669,336.74,1.05,1.02,2025-03-18,1923,A,86,6.1NRT,307.82,29.18,D
20.84008,-77.68604,337.08,1.1,1.04,2025-03-18,1923,A,86,6.1NRT,308.5,30.5,D
20.83204,-77.73714,329.99,1.1,1.05,2025-03-18,1923,A,77,6.1NRT,311.6,17.6,D
20.78087,-78.05973,320.63,1.14,1.06,2025-03-18,1923,A,54,6.1NRT,305.33,9.38,D
20.77918,-78.07032,333.52,1.14,1.06,2025-03-18,1923,A,83,6.1NRT,306.65,28.48,D
20.89913,-77.42735,336.52,1.07,1.03,2025-03-18,1923,A,86,6.1NRT,308.62,27.28,D
20.8864,-77.56934,324.28,1.08,1.04,2025-03-18,1923,A,69,6.1NRT,305.87,11.72,D
20.88012,-77.60971,324.57,1.09,1.04,2025-03-18,1923,A,64,6.1NRT,312.24,12.52,D
20.82533,-77.95962,344.21,1.13,1.06,2025-03-18,1923,A,91,6.1NRT,312,42.67,D
20.82368,-77.9701,332.57,1.13,1.06,2025-03-18,1923,A,82,6.1NRT,312.05,20.59,D
20.83424,-77.94521,328.66,1.12,1.06,2025-03-18,1923,A,78,6.1NRT,308.53,17.56,D
20.82066,-78.02907,321.93,1.13,1.06,2025-03-18,1923,A,68,6.1NRT,308.36,9.97,D
20.83408,-78.06413,355.09,1.14,1.06,2025-03-18,1923,A,97,6.1NRT,307.89,75.11,D
20.83237,-78.07471,332.66,1.14,1.06,2025-03-18,1923,A,82,6.1NRT,305.9,24.9,D
20.8686,-77.90857,351.41,1.12,1.05,2025-03-18,1923,A,95,6.1NRT,309.5,63.87,D
20.83653,-78.10822,333.98,1.14,1.07,2025-03-18,1923,A,78,6.1NRT,306.33,26.94,D
20.83481,-78.11884,350.24,1.14,1.07,2025-03-18,1923,A,95,6.1NRT,307.04,63.26,D
20.87947,-77.89985,328.94,1.12,1.05,2025-03-18,1923,A,79,6.1NRT,307.79,18.56,D
20.87781,-77.91025,362.1,1.12,1.05,2025-03-18,1923,A,100,6.1NRT,312.68,94.87,D
20.85603,-78.04642,338.83,1.13,1.06,2025-03-18,1923,A,87,6.1NRT,308.01,35.39,D
20.85433,-78.05698,407.76,1.14,1.06,2025-03-18,1923,A,100,6.1NRT,316.97,349.04,D
20.85264,-78.06755,345.85,1.14,1.06,2025-03-18,1923,A,92,6.1NRT,309.77,48.06,D
20.85093,-78.07813,353.65,1.14,1.06,2025-03-18,1923,A,96,6.1NRT,312.05,68.65,D
20.90508,-77.79807,321.23,1.11,1.05,2025-03-18,1923,A,62,6.1NRT,304.71,11.68,D
20.90346,-77.80836,317.6,1.11,1.05,2025-03-18,1923,A,35,6.1NRT,306.27,7.21,D
20.86361,-78.05869,327.24,1.14,1.06,2025-03-18,1923,A,41,6.1NRT,308,16.15,D
20.86191,-78.06926,338.87,1.14,1.06,2025-03-18,1923,A,88,6.1NRT,309.09,35.61,D
20.86022,-78.07985,328.64,1.14,1.06,2025-03-18,1923,A,32,6.1NRT,308.77,17.2,D
20.89126,-77.9449,320.31,1.12,1.06,2025-03-18,1923,A,45,6.1NRT,307.38,7.4,D
20.8896,-77.95535,321.31,1.12,1.06,2025-03-18,1923,A,50,6.1NRT,307.09,9.06,D
24.78261,-77.87357,324.17,1.03,1.02,2025-03-18,1925,A,77,6.1NRT,300.5,19.13,D
20.87541,-78.10448,332.14,1.14,1.06,2025-03-18,1923,A,82,6.1NRT,308.41,23.02,D
20.93038,-77.8771,323.85,1.11,1.05,2025-03-18,1923,A,57,6.1NRT,308.81,10.65,D
24.78385,-77.92478,313.94,1.04,1.02,2025-03-18,1925,A,0,6.1NRT,300.1,7.34,D
21.0178,-77.37893,318.83,1.06,1.03,2025-03-18,1923,A,65,6.1NRT,305.44,7.49,D
24.85713,-77.93489,333.56,1.04,1.02,2025-03-18,1925,A,81,6.1NRT,299.52,30.04,D
21.01623,-77.38885,317.23,1.07,1.03,2025-03-18,1923,A,61,6.1NRT,305.2,6.23,D
24.96742,-78.05364,319.9,1.04,1.02,2025-03-18,1925,A,47,6.1NRT,301.78,11.51,D
20.93888,-77.87461,334.26,1.11,1.05,2025-03-18,1923,A,85,6.1NRT,310.43,26.97,D
24.97632,-78.05534,323.28,1.04,1.02,2025-03-18,1925,A,57,6.1NRT,302.74,15.09,D
20.93721,-77.88498,329.63,1.11,1.05,2025-03-18,1923,A,80,6.1NRT,310.65,19.27,D
20.92114,-78.04333,325.78,1.13,1.06,2025-03-18,1923,A,24,6.1NRT,308.63,12.41,D
24.97478,-78.06533,319.19,1.04,1.02,2025-03-18,1925,A,48,6.1NRT,301.06,11.09,D
20.96387,-77.83659,318.54,1.11,1.05,2025-03-18,1923,A,55,6.1NRT,306.85,7.9,D
24.99039,-78.03361,312.17,1.04,1.02,2025-03-18,1925,A,50,6.1NRT,302.04,6.96,D
20.97304,-77.83827,318.34,1.11,1.05,2025-03-18,1923,A,43,6.1NRT,305.83,7.6,D
20.9815,-77.90379,324.63,1.12,1.05,2025-03-18,1923,A,71,6.1NRT,308.49,10.73,D
25.04802,-78.07539,313.7,1.04,1.02,2025-03-18,1925,A,59,6.1NRT,301.36,7.6,D
25.04648,-78.08539,318.04,1.04,1.02,2025-03-18,1925,A,69,6.1NRT,301.39,11.35,D
21.00055,-77.84323,317.81,1.11,1.05,2025-03-18,1923,A,35,6.1NRT,304.2,7.84,D
25.35924,-80.4132,351.26,1.31,1.13,2025-03-18,1925,A,96,6.1NRT,299.85,86.08,D
20.99891,-77.85361,323.12,1.11,1.05,2025-03-18,1923,A,55,6.1NRT,305.99,12.26,D
20.94538,-78.18985,341.31,1.15,1.07,2025-03-18,1923,A,90,6.1NRT,310.94,39.98,D
25.35707,-80.4257,383.85,1.31,1.13,2025-03-18,1925,A,100,6.1NRT,301.35,243.21,D
20.94367,-78.20055,327.89,1.15,1.07,2025-03-18,1923,A,50,6.1NRT,309.24,16.28,D
25.3549,-80.43823,363.18,1.31,1.14,2025-03-18,1925,A,100,6.1NRT,299.01,134.71,D
20.96491,-78.12762,332.81,1.14,1.06,2025-03-18,1923,A,83,6.1NRT,306.72,26.42,D
25.37126,-80.40281,344.03,1.3,1.13,2025-03-18,1925,A,92,6.1NRT,300.44,63.5,D
20.96322,-78.13824,339.35,1.14,1.07,2025-03-18,1923,A,88,6.1NRT,307.42,38.1,D
25.3691,-80.41529,347.74,1.31,1.13,2025-03-18,1925,A,94,6.1NRT,300,73.66,D
20.95641,-78.18089,328.52,1.15,1.07,2025-03-18,1923,A,63,6.1NRT,310.3,17.25,D
25.36694,-80.4278,377.64,1.31,1.13,2025-03-18,1925,A,100,6.1NRT,301.39,204.17,D
20.95471,-78.19157,326.24,1.15,1.07,2025-03-18,1923,A,50,6.1NRT,311.07,14.34,D
25.36477,-80.44032,369.24,1.31,1.14,2025-03-18,1925,A,100,6.1NRT,299.97,161.92,D
20.9742,-78.12933,325.27,1.14,1.06,2025-03-18,1923,A,75,6.1NRT,306.95,16.84,D
25.37896,-80.41738,370.39,1.31,1.13,2025-03-18,1925,A,100,6.1NRT,301.33,162.12,D
20.97251,-78.13996,325.92,1.14,1.07,2025-03-18,1923,A,76,6.1NRT,307.07,17.32,D
21.01076,-78.00037,326.54,1.12,1.06,2025-03-18,1923,A,62,6.1NRT,308.45,15.74,D
25.37681,-80.42989,358.02,1.31,1.13,2025-03-18,1925,A,99,6.1NRT,298.49,110.16,D
21.06793,-77.70296,314.57,1.09,1.04,2025-03-18,1923,A,37,6.1NRT,303.72,4.85,D
25.37465,-80.44242,313.43,1.31,1.14,2025-03-18,1925,A,58,6.1NRT,296.95,11.05,D
21.1867,-77.06261,361.65,1.04,1.02,2025-03-18,1923,A,87,6.1NRT,306.11,85.91,D
21.1852,-77.0723,345.37,1.04,1.02,2025-03-18,1923,A,92,6.1NRT,304.44,46.64,D
25.39096,-80.40699,351.17,1.3,1.13,2025-03-18,1925,A,96,6.1NRT,298.46,83.23,D
21.00779,-78.19579,318.37,1.15,1.07,2025-03-18,1923,A,65,6.1NRT,304.14,10.44,D
21.00606,-78.20648,315.86,1.15,1.07,2025-03-18,1923,A,58,6.1NRT,303.81,8.01,D
25.38882,-80.41947,377.26,1.31,1.13,2025-03-18,1925,A,100,6.1NRT,299.94,198.51,D
21.19708,-77.05452,318.64,1.04,1.02,2025-03-18,1923,A,39,6.1NRT,305.02,7.16,D
21.19559,-77.0642,373.22,1.04,1.02,2025-03-18,1923,A,94,6.1NRT,309.87,124.81,D
25.41279,-80.3987,331.99,1.3,1.13,2025-03-18,1925,A,41,6.1NRT,299.89,34.34,D
21.1941,-77.07389,349.12,1.04,1.02,2025-03-18,1923,A,94,6.1NRT,306.9,54.2,D
21.20449,-77.0658,344.07,1.04,1.02,2025-03-18,1923,A,92,6.1NRT,308.2,43.96,D
25.42475,-80.38834,326.8,1.3,1.13,2025-03-18,1925,A,39,6.1NRT,299.64,26.28,D
21.203,-77.07548,318.82,1.04,1.02,2025-03-18,1923,A,46,6.1NRT,305.62,8.4,D
26.44858,-77.07475,313.56,1,1,2025-03-18,1925,A,51,6.1NRT,300.74,6.81,D
21.03498,-78.14595,321.96,1.14,1.06,2025-03-18,1923,A,72,6.1NRT,303.67,13.08,D
26.55453,-78.62678,324.88,1.05,1.02,2025-03-18,1925,A,75,6.1NRT,304.57,16.48,D
21.03327,-78.15658,356.99,1.14,1.07,2025-03-18,1923,A,98,6.1NRT,306.47,85.68,D
21.07937,-77.92719,316.33,1.12,1.05,2025-03-18,1923,A,56,6.1NRT,304.24,5.86,D
26.64168,-78.19334,340.26,1.02,1.01,2025-03-18,1925,A,68,6.1NRT,306.96,35.01,D
21.07536,-78.01227,318.44,1.12,1.06,2025-03-18,1923,A,55,6.1NRT,305.2,6.2,D
21.06702,-78.0648,322.76,1.13,1.06,2025-03-18,1923,A,73,6.1NRT,307.16,13.37,D
26.64015,-78.20329,328.37,1.03,1.01,2025-03-18,1925,A,15,6.1NRT,308.04,16.37,D
21.10754,-77.86842,341.87,1.11,1.05,2025-03-18,1923,A,90,6.1NRT,308.84,42.28,D
26.64744,-78.21497,334.44,1.03,1.01,2025-03-18,1925,A,75,6.1NRT,307.47,24.94,D
21.03375,-78.33366,328.98,1.17,1.07,2025-03-18,1923,A,71,6.1NRT,308.65,19.93,D
26.6459,-78.22495,324.13,1.03,1.01,2025-03-18,1925,A,27,6.1NRT,305.86,11.9,D
21.09415,-78.11987,376.66,1.14,1.06,2025-03-18,1923,A,100,6.1NRT,309.68,156.34,D
21.09243,-78.13046,352.24,1.14,1.06,2025-03-18,1923,A,96,6.1NRT,307.13,68.33,D
26.64436,-78.23493,324.62,1.03,1.01,2025-03-18,1925,A,58,6.1NRT,306.63,13.27,D
21.09071,-78.14107,346.82,1.14,1.06,2025-03-18,1923,A,93,6.1NRT,305.21,52.1,D
21.08899,-78.15166,336.04,1.14,1.06,2025-03-18,1923,A,53,6.1NRT,306.51,28.61,D
27.70529,-81.28703,320.88,1.34,1.15,2025-03-18,1928,A,73,6.1NRT,308.84,15.66,D
21.08554,-78.1729,360.99,1.14,1.07,2025-03-18,1923,A,100,6.1NRT,310.28,92.26,D
28.07983,-81.09604,326.55,1.29,1.13,2025-03-18,1928,A,80,6.1NRT,308.35,25.79,D
21.09828,-78.15337,349.31,1.14,1.06,2025-03-18,1923,A,92,6.1NRT,308.47,56.53,D
21.09656,-78.164,364.74,1.14,1.06,2025-03-18,1923,A,100,6.1NRT,312.43,103,D
28.07978,-81.21514,320.43,1.31,1.14,2025-03-18,1928,A,58,6.1NRT,306.65,14.79,D
21.09484,-78.17464,352.65,1.14,1.07,2025-03-18,1923,A,96,6.1NRT,310.3,65.67,D
28.07758,-81.228,319.33,1.31,1.14,2025-03-18,1928,A,56,6.1NRT,306.21,13.52,D
21.10585,-78.16573,331.75,1.14,1.06,2025-03-18,1923,A,64,6.1NRT,312.81,21.86,D
28.07901,-81.2205,325.91,1.31,1.14,2025-03-18,1928,A,78,6.1NRT,307.37,23.07,D
21.1363,-78.09512,331.6,1.13,1.06,2025-03-18,1923,A,83,6.1NRT,303.18,25.44,D
28.46955,-81.17422,316.26,1.28,1.12,2025-03-18,1928,A,64,6.1NRT,304.48,13,D
21.13461,-78.10567,334.16,1.13,1.06,2025-03-18,1923,A,85,6.1NRT,303.83,30.61,D
28.46733,-81.18683,316.41,1.29,1.13,2025-03-18,1928,A,68,6.1NRT,303.83,13.34,D
21.14556,-78.09685,358.3,1.13,1.06,2025-03-18,1923,A,99,6.1NRT,306.65,86.8,D
30.01565,-82.97585,361.49,1.54,1.22,2025-03-18,1928,A,100,6.1NRT,304.22,158.47,D
21.14388,-78.10738,353.82,1.13,1.06,2025-03-18,1923,A,97,6.1NRT,308.79,73.64,D
30.01277,-82.99115,349.49,1.54,1.22,2025-03-18,1928,A,95,6.1NRT,302.72,104.47,D
21.14219,-78.11794,375.64,1.13,1.06,2025-03-18,1923,A,100,6.1NRT,311.64,152.76,D
21.1405,-78.12852,341.04,1.14,1.06,2025-03-18,1923,A,85,6.1NRT,307.41,42.98,D
30.36867,-82.24441,313.2,1.37,1.16,2025-03-18,1928,A,67,6.1NRT,297.1,14.04,D
21.18398,-77.9744,316.72,1.12,1.05,2025-03-18,1923,A,54,6.1NRT,304.5,6.96,D
30.31824,-82.97495,310.28,1.52,1.22,2025-03-18,1928,A,63,6.1NRT,299.73,7.79,D
21.15061,-78.18503,324.53,1.14,1.07,2025-03-18,1923,A,76,6.1NRT,310.23,13.41,D
21.14552,-78.21702,316.63,1.15,1.07,2025-03-18,1923,A,58,6.1NRT,305.05,5.08,D
30.31541,-82.99012,321.48,1.52,1.22,2025-03-18,1928,A,78,6.1NRT,299.76,25.18,D
21.17998,-78.05986,323.05,1.13,1.06,2025-03-18,1923,A,36,6.1NRT,308.05,10.82,D
30.51501,-82.80226,311.99,1.47,1.2,2025-03-18,1928,A,66,6.1NRT,297.27,13.61,D
21.17666,-78.0809,325.11,1.13,1.06,2025-03-18,1923,A,71,6.1NRT,307.01,13.83,D
30.49348,-83.09479,311.6,1.53,1.22,2025-03-18,1928,A,57,6.1NRT,301.34,7.19,D
21.18714,-78.05596,367.76,1.13,1.06,2025-03-18,1923,A,100,6.1NRT,311.28,115.46,D
21.18544,-78.06646,361.84,1.13,1.06,2025-03-18,1923,A,100,6.1NRT,311.56,93.97,D
30.45278,-83.31248,330.4,1.58,1.24,2025-03-18,1928,A,85,6.1NRT,304.69,43.66,D
21.14733,-78.30027,319.11,1.16,1.07,2025-03-18,1923,A,44,6.1NRT,307.78,8.86,D
30.44981,-83.32829,345.98,1.59,1.24,2025-03-18,1928,A,94,6.1NRT,304.78,93.5,D
21.14557,-78.31104,322.59,1.16,1.07,2025-03-18,1923,A,69,6.1NRT,305.77,13.46,D
21.17412,-78.19497,350.6,1.14,1.07,2025-03-18,1923,A,95,6.1NRT,309.1,63.6,D
30.44683,-83.34415,313.85,1.59,1.24,2025-03-18,1928,A,69,6.1NRT,302.11,11.68,D
21.17239,-78.20562,329.68,1.14,1.07,2025-03-18,1923,A,82,6.1NRT,308.15,21.02,D
30.56789,-83.93015,314.41,1.73,1.29,2025-03-18,1928,A,64,6.1NRT,298.9,20.44,D
21.17127,-78.27152,338.62,1.15,1.07,2025-03-18,1923,A,88,6.1NRT,309.62,36.16,D
21.16953,-78.28225,334.16,1.15,1.07,2025-03-18,1923,A,85,6.1NRT,308.27,27.82,D
30.61209,-83.76325,314.49,1.68,1.27,2025-03-18,1928,A,70,6.1NRT,297.6,20.06,D
21.24331,-78.00175,323.89,1.12,1.05,2025-03-18,1923,A,66,6.1NRT,307.5,13.8,D
21.1958,-78.29825,320.63,1.16,1.07,2025-03-18,1923,A,71,6.1NRT,306.36,11.06,D
30.57903,-83.93307,322.75,1.73,1.29,2025-03-18,1928,A,80,6.1NRT,298.76,37.27,D
21.22136,-78.2588,321.61,1.15,1.07,2025-03-18,1923,A,66,6.1NRT,309.92,10.97,D
21.21964,-78.26952,322.31,1.15,1.07,2025-03-18,1923,A,71,6.1NRT,307.13,12.14,D
30.6689,-83.58721,310.47,1.63,1.26,2025-03-18,1928,A,64,6.1NRT,298.14,13.46,D
21.23919,-78.20711,323.86,1.14,1.07,2025-03-18,1923,A,74,6.1NRT,307.07,11.11,D
30.59122,-83.99091,316.8,1.74,1.29,2025-03-18,1928,A,55,6.1NRT,295.87,23.53,D
21.30436,-77.96603,319.45,1.11,1.05,2025-03-18,1923,A,63,6.1NRT,304.84,8.82,D
21.30269,-77.9764,335.47,1.11,1.05,2025-03-18,1923,A,86,6.1NRT,306.88,30.88,D
30.57083,-84.09565,322.6,1.77,1.3,2025-03-18,1928,A,79,6.1NRT,298.16,39.28,D
21.31188,-77.97809,331.25,1.11,1.05,2025-03-18,1923,A,83,6.1NRT,307.4,23.65,D
21.27976,-78.17744,321.43,1.14,1.06,2025-03-18,1923,A,71,6.1NRT,309.01,6.98,D
30.62235,-83.8904,307.55,1.71,1.28,2025-03-18,1928,A,40,6.1NRT,296.48,9.2,D
21.27115,-78.23059,340.57,1.14,1.07,2025-03-18,1923,A,90,6.1NRT,310.33,37.97,D
30.65928,-83.7581,330.14,1.68,1.27,2025-03-18,1928,A,85,6.1NRT,296.66,54.02,D
21.25603,-78.38284,318.65,1.16,1.07,2025-03-18,1923,A,60,6.1NRT,308.03,8.12,D
30.64648,-83.82521,315.92,1.69,1.28,2025-03-18,1928,A,72,6.1NRT,297.67,22.93,D
21.28525,-78.32153,340.18,1.16,1.07,2025-03-18,1923,A,89,6.1NRT,305.27,43.81,D
30.52624,-84.44605,313.78,1.87,1.34,2025-03-18,1928,A,69,6.1NRT,297.07,22.93,D
21.33794,-78.23211,331.84,1.14,1.07,2025-03-18,1923,A,83,6.1NRT,306.58,21.45,D
30.99352,-81.98701,313.36,1.29,1.13,2025-03-18,1928,A,70,6.1NRT,297.52,13.76,D
21.34459,-78.22793,323.42,1.14,1.06,2025-03-18,1923,A,74,6.1NRT,306.29,10.54,D
30.67026,-83.76099,331.79,1.68,1.27,2025-03-18,1928,A,86,6.1NRT,298.05,58.34,D
21.34285,-78.23856,325.1,1.14,1.07,2025-03-18,1923,A,76,6.1NRT,306.94,12.88,D
30.66709,-83.77774,307.51,1.68,1.27,2025-03-18,1928,A,54,6.1NRT,297.39,8.96,D
21.32583,-78.40153,325.13,1.16,1.07,2025-03-18,1923,A,77,6.1NRT,306.46,17.67,D
21.36833,-78.19951,319.01,1.14,1.06,2025-03-18,1923,A,32,6.1NRT,306.54,6.45,D
30.65751,-83.82815,307.83,1.69,1.28,2025-03-18,1928,A,40,6.1NRT,296.95,8.96,D
21.36661,-78.21013,327.48,1.14,1.06,2025-03-18,1923,A,74,6.1NRT,306.22,15.9,D
30.64128,-83.9133,313.15,1.72,1.29,2025-03-18,1928,A,68,6.1NRT,297.65,18.49,D
21.41465,-77.97054,333.61,1.11,1.05,2025-03-18,1923,A,85,6.1NRT,303.43,30.83,D
21.38274,-78.16943,323.66,1.13,1.06,2025-03-18,1923,A,75,6.1NRT,304.38,12.05,D
30.59437,-84.15775,314.57,1.79,1.31,2025-03-18,1928,A,70,6.1NRT,298.47,20.83,D
21.39878,-78.12894,324.8,1.13,1.06,2025-03-18,1923,A,76,6.1NRT,306.58,12.52,D
30.69069,-83.71381,309.07,1.66,1.27,2025-03-18,1928,A,60,6.1NRT,298.36,10.44,D
21.52414,-77.57225,320.2,1.07,1.03,2025-03-18,1923,A,58,6.1NRT,304.27,9.16,D
21.39318,-78.40301,321.08,1.16,1.07,2025-03-18,1923,A,71,6.1NRT,304.46,11.59,D
30.68756,-83.73048,310.41,1.67,1.27,2025-03-18,1928,A,63,6.1NRT,298.7,12.06,D
21.5347,-77.68388,313.84,1.08,1.04,2025-03-18,1923,A,45,6.1NRT,300.69,7.31,D
30.60669,-84.21748,333.7,1.8,1.32,2025-03-18,1928,A,87,6.1NRT,298.42,69.6,D
21.49739,-77.91798,320.7,1.1,1.05,2025-03-18,1923,A,50,6.1NRT,301.35,12.37,D
30.69127,-83.7207,315.37,1.66,1.27,2025-03-18,1928,A,72,6.1NRT,298.92,20.17,D
21.50818,-77.90936,316.77,1.1,1.05,2025-03-18,1923,A,38,6.1NRT,304.39,9.22,D
30.61387,-84.11371,308.59,1.77,1.3,2025-03-18,1928,A,38,6.1NRT,298.34,9.6,D
21.50654,-77.91965,318.92,1.1,1.05,2025-03-18,1923,A,54,6.1NRT,302.39,11.26,D
21.47048,-78.20327,318.84,1.13,1.06,2025-03-18,1923,A,56,6.1NRT,306.07,6.54,D
30.60752,-84.20554,325.72,1.8,1.31,2025-03-18,1928,A,82,6.1NRT,298.18,47.3,D
21.56786,-77.88868,324.5,1.1,1.05,2025-03-18,1923,A,76,6.1NRT,303.61,15.5,D
30.60397,-84.22343,321.09,1.8,1.32,2025-03-18,1928,A,78,6.1NRT,297.83,36.46,D
21.56624,-77.89895,333.33,1.1,1.05,2025-03-18,1923,A,85,6.1NRT,305.04,28.82,D
30.61885,-84.20856,312.39,1.8,1.31,2025-03-18,1928,A,60,6.1NRT,297.16,17.28,D
21.51005,-78.2544,327.08,1.14,1.06,2025-03-18,1923,A,79,6.1NRT,307.77,16.21,D
30.70389,-83.95456,315.55,1.72,1.29,2025-03-18,1928,A,72,6.1NRT,296.61,22.44,D
21.51933,-78.25613,332.52,1.14,1.06,2025-03-18,1923,A,84,6.1NRT,309.04,23.85,D
30.70058,-83.97168,308.51,1.73,1.29,2025-03-18,1928,A,57,6.1NRT,297.65,10.56,D
21.50915,-78.32026,324.79,1.15,1.07,2025-03-18,1923,A,68,6.1NRT,307.05,13.68,D
21.63682,-78.2029,318.31,1.13,1.06,2025-03-18,1923,A,66,6.1NRT,303.5,8.72,D
30.68043,-84.07587,309.58,1.76,1.3,2025-03-18,1928,A,61,6.1NRT,298.12,12.33,D
21.64607,-78.20462,315.2,1.13,1.06,2025-03-18,1923,A,40,6.1NRT,301.61,5.74,D
30.7216,-83.92316,311.07,1.71,1.28,2025-03-18,1928,A,53,6.1NRT,296.91,13.5,D
21.6399,-78.30186,317.3,1.14,1.06,2025-03-18,1923,A,68,6.1NRT,304.38,7.95,D
30.72409,-84.03245,311.74,1.74,1.29,2025-03-18,1928,A,66,6.1NRT,297.99,16.09,D
21.73123,-78.24772,316.18,1.13,1.06,2025-03-18,1923,A,57,6.1NRT,301.23,10.23,D
30.69819,-84.22967,308.09,1.8,1.31,2025-03-18,1928,A,57,6.1NRT,297.04,11.59,D
21.86158,-77.54537,310.55,1.06,1.03,2025-03-18,1923,A,32,6.1NRT,299.65,5.47,D
21.91913,-78.35008,322.68,1.14,1.06,2025-03-18,1923,A,75,6.1NRT,301.92,16.08,D
30.67734,-84.33824,309.43,1.83,1.32,2025-03-18,1928,A,60,6.1NRT,296.88,13.14,D
21.73212,-79.60427,322.07,1.34,1.15,2025-03-18,1923,A,74,6.1NRT,306.27,17.17,D
30.72205,-84.03699,308.41,1.74,1.29,2025-03-18,1928,A,56,6.1NRT,298.08,9.96,D
22.02124,-78.35413,317.34,1.14,1.06,2025-03-18,1923,A,67,6.1NRT,302.73,10.96,D
30.77015,-83.85174,309.8,1.69,1.28,2025-03-18,1928,A,62,6.1NRT,298.77,12.58,D
22.01952,-78.36477,313.21,1.14,1.06,2025-03-18,1923,A,49,6.1NRT,301.08,7.07,D
30.67326,-84.34222,311.2,1.83,1.32,2025-03-18,1928,A,64,6.1NRT,297.06,17.21,D
21.94385,-78.95099,326.3,1.22,1.1,2025-03-18,1923,A,79,6.1NRT,305.74,23.03,D
21.8202,-79.75832,328.52,1.36,1.16,2025-03-18,1923,A,81,6.1NRT,304.62,29.16,D
30.73502,-84.15088,318.08,1.77,1.3,2025-03-18,1928,A,75,6.1NRT,298.13,28.67,D
22.15061,-78.76003,316.13,1.18,1.08,2025-03-18,1923,A,41,6.1NRT,304.19,7.57,D
30.78353,-83.96237,315.69,1.72,1.29,2025-03-18,1928,A,72,6.1NRT,297.34,22.23,D
22.14881,-78.77108,319.34,1.19,1.08,2025-03-18,1923,A,58,6.1NRT,306.34,11.59,D
30.7802,-83.97958,312.34,1.72,1.29,2025-03-18,1928,A,67,6.1NRT,297.94,16.43,D
22.17256,-78.68464,331.99,1.17,1.08,2025-03-18,1923,A,85,6.1NRT,299.59,34.34,D
22.17078,-78.69563,341.46,1.17,1.08,2025-03-18,1923,A,91,6.1NRT,301.24,51.72,D
30.82393,-83.81292,307.25,1.68,1.27,2025-03-18,1928,A,54,6.1NRT,296.97,9.58,D
22.06883,-79.74656,315.88,1.35,1.15,2025-03-18,1923,A,66,6.1NRT,303.39,10.51,D
30.77903,-84.10696,312.18,1.76,1.3,2025-03-18,1928,A,66,6.1NRT,298.37,17.28,D
22.10827,-79.87891,312.13,1.37,1.16,2025-03-18,1923,A,50,6.1NRT,300.52,9.76,D
30.84268,-84.02106,308.19,1.73,1.29,2025-03-18,1928,A,50,6.1NRT,297.28,9.91,D
22.30413,-78.83602,316.05,1.19,1.08,2025-03-18,1923,A,65,6.1NRT,301.65,8.75,D
22.12981,-79.93621,314.33,1.38,1.16,2025-03-18,1923,A,52,6.1NRT,303.84,9.15,D
30.83927,-84.03845,310.49,1.73,1.29,2025-03-18,1928,A,63,6.1NRT,298.39,14.53,D
22.1276,-79.94912,314.35,1.39,1.17,2025-03-18,1923,A,47,6.1NRT,304.05,8.33,D
30.84022,-84.09359,308.49,1.75,1.3,2025-03-18,1928,A,57,6.1NRT,297.84,11.85,D
22.17379,-79.80009,318.34,1.35,1.15,2025-03-18,1923,A,70,6.1NRT,303.29,12.96,D
30.73636,-84.74148,309.54,1.94,1.36,2025-03-18,1928,A,54,6.1NRT,298.78,14.81,D
22.15889,-79.88825,311.37,1.37,1.16,2025-03-18,1923,A,25,6.1NRT,300.61,7.02,D
22.17899,-79.89285,316.04,1.37,1.16,2025-03-18,1923,A,52,6.1NRT,304.48,10.93,D
30.85261,-84.39713,310.19,1.83,1.32,2025-03-18,1928,A,48,6.1NRT,299.48,11.51,D
22.13221,-80.27146,331.05,1.45,1.19,2025-03-18,1923,A,83,6.1NRT,306.6,37.24,D
30.85225,-84.38274,313.12,1.82,1.32,2025-03-18,1928,A,67,6.1NRT,298.86,18.13,D
30.81898,-84.54859,309.81,1.87,1.34,2025-03-18,1928,A,60,6.1NRT,297.8,13.22,D
22.12982,-80.28507,348.77,1.46,1.19,2025-03-18,1923,A,95,6.1NRT,305.78,89.19,D
22.17936,-80.30911,314.05,1.46,1.19,2025-03-18,1923,A,48,6.1NRT,302.45,8.39,D
31.00491,-83.66412,317.05,1.62,1.25,2025-03-18,1928,A,73,6.1NRT,298.87,21.81,D
22.17227,-80.35039,314.29,1.47,1.2,2025-03-18,1923,A,49,6.1NRT,302.43,8.19,D
30.84606,-84.59587,321.85,1.89,1.34,2025-03-18,1928,A,78,6.1NRT,299.19,38.8,D
22.31377,-79.5763,311.29,1.31,1.13,2025-03-18,1923,A,19,6.1NRT,299.51,5.32,D
31.02011,-83.82369,321.55,1.66,1.27,2025-03-18,1928,A,78,6.1NRT,298.63,33.41,D
22.20122,-80.3487,321.67,1.46,1.2,2025-03-18,1923,A,73,6.1NRT,303.44,19.39,D
31.08772,-83.90105,311.52,1.68,1.27,2025-03-18,1928,A,62,6.1NRT,297.61,13.53,D
22.19881,-80.36234,321.58,1.47,1.2,2025-03-18,1923,A,73,6.1NRT,304.74,18.86,D
31.05941,-84.10869,315,1.73,1.29,2025-03-18,1928,A,70,6.1NRT,298.99,19.51,D
22.22122,-80.29627,317.54,1.45,1.19,2025-03-18,1923,A,38,6.1NRT,306.58,10.75,D
30.91152,-85.05153,318.09,2.02,1.38,2025-03-18,1928,A,68,6.1NRT,300.06,28.6,D
22.16552,-80.73564,317.93,1.56,1.23,2025-03-18,1923,A,62,6.1NRT,306.96,13.39,D
30.90753,-85.07166,313.89,2.02,1.39,2025-03-18,1928,A,44,6.1NRT,299.66,18.34,D
30.90337,-85.05396,326.49,2.02,1.38,2025-03-18,1928,A,82,6.1NRT,300.74,54.4,D
22.25465,-80.28909,320.96,1.45,1.19,2025-03-18,1923,A,72,6.1NRT,308.67,13.2,D
30.89925,-85.07402,312.27,2.02,1.39,2025-03-18,1928,A,64,6.1NRT,300.74,16.5,D
22.23167,-80.48372,353.62,1.49,1.21,2025-03-18,1923,A,97,6.1NRT,306.12,109.21,D
30.91529,-85.05725,311.07,2.02,1.38,2025-03-18,1928,A,55,6.1NRT,299.38,13.93,D
22.29379,-80.31091,324.91,1.45,1.19,2025-03-18,1923,A,71,6.1NRT,306.86,19.7,D
22.28877,-80.3152,322.37,1.45,1.19,2025-03-18,1923,A,60,6.1NRT,307.97,15.32,D
31.53496,-82.43934,312.56,1.34,1.15,2025-03-18,1928,A,66,6.1NRT,299.88,10.22,D
22.30134,-80.48884,319.22,1.49,1.21,2025-03-18,1923,A,58,6.1NRT,305.05,12.7,D
31.41562,-83.15199,309.95,1.48,1.2,2025-03-18,1928,A,59,6.1NRT,298.04,9.87,D
22.22247,-81.06147,312.39,1.64,1.26,2025-03-18,1923,A,47,6.1NRT,301.98,11.1,D
31.09438,-85.0717,311.46,2,1.38,2025-03-18,1928,A,63,6.1NRT,298.85,17.98,D
22.21976,-81.07675,314.97,1.64,1.26,2025-03-18,1923,A,59,6.1NRT,301.59,16.3,D
31.84405,-81.3103,312.22,1.16,1.07,2025-03-18,1928,A,62,6.1NRT,295.98,10.57,D
22.27857,-80.87072,328.17,1.58,1.24,2025-03-18,1923,A,80,6.1NRT,305.58,34.15,D
31.61717,-82.9542,311.49,1.43,1.18,2025-03-18,1928,A,59,6.1NRT,298.63,10.25,D
22.28394,-80.86331,320.79,1.58,1.24,2025-03-18,1923,A,70,6.1NRT,303.37,18.47,D
30.74148,-87.52011,309.18,3,1.65,2025-03-18,1928,A,59,6.1NRT,298.54,28.03,D
22.28126,-80.87808,323.26,1.58,1.24,2025-03-18,1923,A,75,6.1NRT,306.85,23.47,D
30.72915,-87.52083,308.17,3,1.65,2025-03-18,1928,A,55,6.1NRT,297.87,24.07,D
31.58725,-83.55022,312.05,1.55,1.23,2025-03-18,1928,A,64,6.1NRT,297.8,12.99,D
22.37429,-80.48179,345.43,1.48,1.2,2025-03-18,1923,A,93,6.1NRT,312.22,76.2,D
22.45408,-80.14809,318.56,1.41,1.17,2025-03-18,1923,A,61,6.1NRT,302.65,13.04,D
31.6319,-83.43158,326,1.53,1.22,2025-03-18,1928,A,81,6.1NRT,298.44,37.17,D
22.42421,-80.50646,320.97,1.49,1.2,2025-03-18,1923,A,72,6.1NRT,307.1,15.16,D
31.28172,-85.67744,315.46,2.18,1.43,2025-03-18,1928,A,72,6.1NRT,298.68,29.65,D
31.82843,-83.11203,319.1,1.45,1.19,2025-03-18,1928,A,75,6.1NRT,298.04,22.63,D
22.36189,-80.86424,339.11,1.58,1.24,2025-03-18,1923,A,89,6.1NRT,309.99,59.96,D
31.56055,-84.59898,317.34,1.82,1.32,2025-03-18,1928,A,73,6.1NRT,300.27,24.79,D
22.3593,-80.87901,325.19,1.58,1.24,2025-03-18,1923,A,78,6.1NRT,310.25,24.54,D
22.51709,-80.02575,316.99,1.38,1.16,2025-03-18,1923,A,64,6.1NRT,302.65,13.37,D
31.83377,-83.11865,309.5,1.45,1.19,2025-03-18,1928,A,41,6.1NRT,298.09,8.31,D
31.56044,-84.5845,308.87,1.81,1.32,2025-03-18,1928,A,54,6.1NRT,298.62,9.57,D
22.43074,-80.59478,340.1,1.51,1.21,2025-03-18,1923,A,90,6.1NRT,305.66,63.91,D
22.42831,-80.60889,334.76,1.51,1.21,2025-03-18,1923,A,86,6.1NRT,304.44,50.04,D
31.55678,-84.6027,310.96,1.82,1.32,2025-03-18,1928,A,63,6.1NRT,300.09,12.69,D
22.42101,-80.65133,326.22,1.52,1.22,2025-03-18,1923,A,79,6.1NRT,303.37,31,D
31.94055,-82.65602,311.94,1.35,1.15,2025-03-18,1928,A,51,6.1NRT,301.06,9.39,D
22.41855,-80.66559,321.23,1.53,1.22,2025-03-18,1923,A,62,6.1NRT,304.15,21.03,D
31.80587,-83.44071,319.28,1.51,1.21,2025-03-18,1928,A,75,6.1NRT,297.78,24.34,D
22.4241,-80.59869,333.75,1.51,1.21,2025-03-18,1923,A,86,6.1NRT,305.01,46.07,D
31.99715,-82.45744,325.89,1.32,1.14,2025-03-18,1928,A,81,6.1NRT,300.3,28.78,D
22.41397,-80.65513,320.62,1.52,1.22,2025-03-18,1923,A,58,6.1NRT,302.62,19.62,D
32.16104,-81.6346,345.43,1.19,1.09,2025-03-18,1928,A,93,6.1NRT,299.18,63.83,D
22.43464,-80.60084,327.66,1.51,1.21,2025-03-18,1923,A,81,6.1NRT,305.06,32.12,D
31.98544,-82.63855,314.75,1.35,1.15,2025-03-18,1928,A,69,6.1NRT,298.18,13.7,D
32.05851,-82.46546,313.04,1.31,1.14,2025-03-18,1928,A,66,6.1NRT,300.17,9.71,D
22.42455,-80.65731,321.52,1.52,1.22,2025-03-18,1923,A,59,6.1NRT,303.11,21.58,D
31.74906,-84.10764,324.78,1.67,1.27,2025-03-18,1928,A,81,6.1NRT,302.72,34.34,D
22.40681,-80.81798,322.1,1.56,1.23,2025-03-18,1923,A,75,6.1NRT,305.35,20.89,D
22.46592,-80.86076,319.49,1.57,1.23,2025-03-18,1923,A,63,6.1NRT,304.17,18.11,D
31.76003,-84.11058,315.82,1.67,1.27,2025-03-18,1928,A,43,6.1NRT,300.52,15.66,D
32.25921,-81.66495,321.71,1.19,1.09,2025-03-18,1928,A,78,6.1NRT,297.42,20.7,D
22.46897,-80.86822,319.41,1.57,1.23,2025-03-18,1923,A,41,6.1NRT,304.5,15.21,D
32.47297,-80.76603,310.93,1.09,1.04,2025-03-18,1928,A,51,6.1NRT,299.49,6.97,D
22.6393,-79.9693,312.45,1.36,1.16,2025-03-18,1923,A,50,6.1NRT,299.49,9.17,D
32.48384,-80.75695,311.32,1.09,1.04,2025-03-18,1928,A,57,6.1NRT,299.95,7.6,D
22.63706,-79.98218,318.4,1.36,1.16,2025-03-18,1923,A,70,6.1NRT,302.87,16.79,D
31.83371,-84.38843,309.49,1.74,1.29,2025-03-18,1928,A,60,6.1NRT,298.95,11.26,D
22.67796,-80.23338,328.93,1.41,1.18,2025-03-18,1923,A,82,6.1NRT,301.02,32.37,D
31.62533,-85.4325,322.95,2.06,1.4,2025-03-18,1928,A,80,6.1NRT,298.9,49.6,D
22.72742,-80.3594,316.02,1.44,1.19,2025-03-18,1923,A,66,6.1NRT,303.57,14.08,D
31.62106,-85.45343,311.25,2.07,1.4,2025-03-18,1928,A,65,6.1NRT,298.47,20.21,D
32.28884,-81.97369,313.54,1.23,1.1,2025-03-18,1928,A,68,6.1NRT,298.42,11.3,D
22.73774,-80.36147,312.27,1.44,1.19,2025-03-18,1923,A,36,6.1NRT,301.3,8.44,D
22.59819,-81.1648,325.51,1.64,1.26,2025-03-18,1923,A,79,6.1NRT,304.2,31.33,D
32.20068,-82.53447,348.71,1.32,1.14,2025-03-18,1928,A,95,6.1NRT,302.73,82.21,D
22.59956,-81.17173,324.46,1.64,1.26,2025-03-18,1923,A,78,6.1NRT,303.61,29.1,D
32.01729,-84.10342,312.38,1.65,1.26,2025-03-18,1928,A,66,6.1NRT,300.39,16.13,D
22.85464,-80.03886,312.16,1.36,1.16,2025-03-18,1923,A,31,6.1NRT,300.5,7.57,D
32.6101,-80.83322,311.49,1.09,1.04,2025-03-18,1928,A,49,6.1NRT,297.25,8.94,D
22.7365,-80.8451,314.69,1.55,1.23,2025-03-18,1923,A,35,6.1NRT,303.48,10.71,D
32.01743,-84.10852,310.17,1.65,1.26,2025-03-18,1928,A,62,6.1NRT,300.1,12,D
32.53685,-81.3272,317.67,1.14,1.06,2025-03-18,1928,A,74,6.1NRT,298.18,15.47,D
22.81753,-80.44034,311.4,1.45,1.19,2025-03-18,1923,A,34,6.1NRT,298.62,9.78,D
22.69512,-81.14442,330.95,1.62,1.25,2025-03-18,1923,A,84,6.1NRT,306.33,38.52,D
32.52689,-81.38586,314.29,1.15,1.07,2025-03-18,1928,A,59,6.1NRT,297.62,10.23,D
32.52488,-81.39764,355.96,1.15,1.07,2025-03-18,1928,A,98,6.1NRT,302.49,87.93,D
22.69243,-81.15967,331.75,1.63,1.26,2025-03-18,1923,A,84,6.1NRT,305.95,41.51,D
32.53416,-81.39985,318.51,1.15,1.07,2025-03-18,1928,A,75,6.1NRT,300.22,14.64,D
22.69604,-81.14977,334.89,1.62,1.25,2025-03-18,1923,A,87,6.1NRT,306.88,50.5,D
22.69325,-81.16497,320.14,1.63,1.26,2025-03-18,1923,A,70,6.1NRT,305.46,15.11,D
32.06228,-84.17339,309.93,1.66,1.27,2025-03-18,1928,A,62,6.1NRT,298.54,11.7,D
22.67879,-81.30594,316.33,1.67,1.27,2025-03-18,1923,A,35,6.1NRT,306.05,12.63,D
31.5699,-86.78812,316.08,2.55,1.54,2025-03-18,1928,A,74,6.1NRT,294.62,46.94,D
32.09642,-84.23598,308.27,1.68,1.27,2025-03-18,1928,A,28,6.1NRT,298.1,7.84,D
22.74502,-81.25558,321.73,1.65,1.26,2025-03-18,1923,A,74,6.1NRT,303.77,22.89,D
22.76423,-81.27567,333.98,1.65,1.26,2025-03-18,1923,A,86,6.1NRT,305.89,52.49,D
32.74463,-80.64011,306.27,1.07,1.03,2025-03-18,1928,A,50,6.1NRT,295.86,5.25,D
22.76149,-81.29115,329.78,1.66,1.27,2025-03-18,1923,A,83,6.1NRT,305.18,40.31,D
32.73921,-80.67326,315.13,1.07,1.03,2025-03-18,1928,A,71,6.1NRT,296.34,12.11,D
22.75315,-81.40298,317.93,1.69,1.28,2025-03-18,1923,A,58,6.1NRT,302.53,16.13,D
32.34325,-82.94924,318.5,1.38,1.16,2025-03-18,1928,A,75,6.1NRT,298.83,19.24,D
22.76801,-81.26718,318.09,1.65,1.26,2025-03-18,1923,A,61,6.1NRT,304.31,16.42,D
31.57058,-86.76802,308.99,2.54,1.53,2025-03-18,1928,A,63,6.1NRT,294.36,25.13,D
31.56499,-86.79343,315.52,2.55,1.54,2025-03-18,1928,A,73,6.1NRT,295.11,45.61,D
22.76517,-81.28261,333.79,1.65,1.26,2025-03-18,1923,A,86,6.1NRT,306.36,54.32,D
22.75323,-81.40977,314.1,1.69,1.28,2025-03-18,1923,A,42,6.1NRT,303.33,10.39,D
32.35334,-82.95179,309.11,1.38,1.16,2025-03-18,1928,A,25,6.1NRT,298.28,6.3,D
22.69393,-81.85745,321.46,1.82,1.32,2025-03-18,1923,A,56,6.1NRT,300.98,31.18,D
32.18258,-83.91812,316.96,1.59,1.24,2025-03-18,1928,A,73,6.1NRT,298.32,22.62,D
22.87897,-80.90217,331.84,1.55,1.23,2025-03-18,1923,A,84,6.1NRT,300.52,49.41,D
32.12397,-84.34031,315.15,1.7,1.28,2025-03-18,1928,A,71,6.1NRT,298.81,20.97,D
31.95206,-85.45768,315.55,2.03,1.39,2025-03-18,1928,A,73,6.1NRT,298.55,28.75,D
22.87639,-80.91665,310.41,1.55,1.23,2025-03-18,1923,A,30,6.1NRT,299.06,8.52,D
22.69471,-81.98286,316.45,1.86,1.33,2025-03-18,1923,A,39,6.1NRT,302.61,15.58,D
31.94362,-85.46006,314.13,2.03,1.39,2025-03-18,1928,A,71,6.1NRT,298.73,25.96,D
32.13034,-84.66181,315.46,1.78,1.31,2025-03-18,1928,A,72,6.1NRT,299.28,22.92,D
22.7158,-81.93349,328.55,1.85,1.33,2025-03-18,1923,A,82,6.1NRT,305.81,49.12,D
22.72734,-81.93598,340.3,1.85,1.33,2025-03-18,1923,A,90,6.1NRT,308.08,86.37,D
32.19356,-84.40067,317.94,1.71,1.28,2025-03-18,1928,A,75,6.1NRT,301.01,25.45,D
22.72419,-81.95325,333.23,1.85,1.33,2025-03-18,1923,A,85,6.1NRT,307.2,58.69,D
33.00227,-79.8885,310.18,1.02,1.01,2025-03-18,1928,A,58,6.1NRT,297.95,7.42,D
22.97904,-80.64306,341.57,1.48,1.2,2025-03-18,1923,A,91,6.1NRT,302.31,68.57,D
32.84877,-80.91267,310.91,1.09,1.04,2025-03-18,1928,A,65,6.1NRT,296.45,9.24,D
32.11729,-84.97025,315.13,1.87,1.34,2025-03-18,1928,A,72,6.1NRT,299.24,25,D
22.97303,-80.64732,325.89,1.48,1.2,2025-03-18,1923,A,60,6.1NRT,299.78,29.11,D
22.98598,-80.63559,320.01,1.48,1.2,2025-03-18,1923,A,57,6.1NRT,297.86,20.37,D
32.47472,-83.18967,308.7,1.42,1.18,2025-03-18,1928,A,51,6.1NRT,298.41,7.17,D
22.98349,-80.64951,322.96,1.48,1.2,2025-03-18,1923,A,64,6.1NRT,301.74,25.59,D
32.84175,-81.17735,323.81,1.12,1.05,2025-03-18,1928,A,81,6.1NRT,298.03,22.13,D
22.77292,-82.05952,319.47,1.88,1.34,2025-03-18,1923,A,72,6.1NRT,306.39,20.65,D
32.34122,-84.00669,309.09,1.6,1.25,2025-03-18,1928,A,60,6.1NRT,297.87,11.12,D
32.17055,-84.99231,316.3,1.87,1.34,2025-03-18,1928,A,73,6.1NRT,298.32,27.93,D
32.02423,-85.7103,309.09,2.1,1.41,2025-03-18,1928,A,53,6.1NRT,298.54,15.43,D
32.01981,-85.73169,309.3,2.11,1.41,2025-03-18,1928,A,57,6.1NRT,298.19,15.72,D
32.03192,-85.73528,312.27,2.11,1.41,2025-03-18,1928,A,68,6.1NRT,297.39,22.28,D
32.72404,-82.15133,317.32,1.24,1.1,2025-03-18,1928,A,74,6.1NRT,298.46,16.25,D
33.10684,-79.8744,309.81,1.02,1.01,2025-03-18,1928,A,64,6.1NRT,295.53,7.62,D
33.10521,-79.88497,313.58,1.02,1.01,2025-03-18,1928,A,70,6.1NRT,295.56,10.59,D
32.73362,-82.15372,307.77,1.24,1.1,2025-03-18,1928,A,41,6.1NRT,296.65,5.59,D
32.14394,-85.33797,311.04,1.97,1.37,2025-03-18,1928,A,58,6.1NRT,298.88,17.36,D
32.16752,-85.3446,309.54,1.97,1.37,2025-03-18,1928,A,53,6.1NRT,297.4,14.72,D
32.19142,-85.28865,309.43,1.95,1.36,2025-03-18,1928,A,60,6.1NRT,297.53,15.57,D
32.70973,-82.69984,309.01,1.32,1.14,2025-03-18,1928,A,59,6.1NRT,297.15,7.31,D
32.39342,-84.39452,316.67,1.69,1.28,2025-03-18,1928,A,52,6.1NRT,291.71,28.81,D
31.74858,-87.49426,311.54,2.82,1.6,2025-03-18,1928,A,59,6.1NRT,298.82,33.97,D
32.18204,-85.51904,324.57,2.02,1.39,2025-03-18,1928,A,61,6.1NRT,297.89,54.37,D
32.15172,-85.73027,316.63,2.09,1.41,2025-03-18,1928,A,74,6.1NRT,298.75,32.99,D
32.14737,-85.75156,309.77,2.1,1.41,2025-03-18,1928,A,63,6.1NRT,298.56,16.74,D
32.95727,-81.43983,317.99,1.14,1.06,2025-03-18,1928,A,75,6.1NRT,298.41,15.74,D
32.90931,-81.72559,308.21,1.17,1.08,2025-03-18,1928,A,58,6.1NRT,296.67,6.29,D
32.79305,-82.40214,313.94,1.27,1.12,2025-03-18,1928,A,70,6.1NRT,298.24,12.56,D
31.45519,-88.99174,306.34,3.62,1.78,2025-03-18,1928,A,47,6.1NRT,291.64,35.77,D
32.20954,-85.57046,321.29,2.04,1.39,2025-03-18,1928,A,79,6.1NRT,298.73,43.94,D
32.15454,-85.73823,321.99,2.09,1.41,2025-03-18,1928,A,79,6.1NRT,298.96,45.59,D
32.2015,-85.57508,313.72,2.04,1.39,2025-03-18,1928,A,70,6.1NRT,298.2,24.72,D
32.78325,-82.64051,310.67,1.31,1.13,2025-03-18,1928,A,63,6.1NRT,298.58,9.19,D
32.23866,-85.45672,321.63,2,1.38,2025-03-18,1928,A,79,6.1NRT,298.19,44.99,D
32.21345,-85.57856,312.41,2.04,1.39,2025-03-18,1928,A,68,6.1NRT,298.29,21.49,D
31.45029,-88.99771,306.03,3.62,1.78,2025-03-18,1928,A,29,6.1NRT,293.07,34.91,D
32.95124,-81.74245,312.55,1.17,1.08,2025-03-18,1928,A,66,6.1NRT,297.46,9.24,D
32.9606,-81.74477,312.89,1.17,1.08,2025-03-18,1928,A,68,6.1NRT,297.21,9.22,D
33.07277,-81.36484,310.45,1.13,1.06,2025-03-18,1928,A,28,6.1NRT,300.44,5.99,D
32.21056,-86.02938,309.91,2.19,1.43,2025-03-18,1928,A,63,6.1NRT,298.71,16.99,D
33.07799,-81.37149,318.57,1.13,1.06,2025-03-18,1928,A,76,6.1NRT,300.15,14.75,D
32.21115,-86.03434,310.58,2.19,1.43,2025-03-18,1928,A,64,6.1NRT,298.66,19.22,D
33.18056,-81.31818,307.87,1.12,1.05,2025-03-18,1928,A,57,6.1NRT,296.97,5.93,D
33.4044,-80.05306,318.62,1.02,1.01,2025-03-18,1928,A,66,6.1NRT,294.98,12.61,D
33.40273,-80.06371,312.47,1.02,1.01,2025-03-18,1928,A,36,6.1NRT,295.78,7.31,D
33.49818,-79.56075,324.12,1.01,1,2025-03-18,1928,A,81,6.1NRT,296.04,19.42,D
33.12786,-81.91184,315.48,1.19,1.08,2025-03-18,1928,A,72,6.1NRT,297.33,12.74,D
33.13727,-81.91415,309.48,1.19,1.08,2025-03-18,1928,A,53,6.1NRT,296.29,6.49,D
33.39297,-80.41747,306.21,1.04,1.02,2025-03-18,1928,A,47,6.1NRT,294.82,4.17,D
32.59206,-85.04065,310.61,1.84,1.33,2025-03-18,1928,A,55,6.1NRT,298.41,16.22,D
32.81522,-84.02818,308.95,1.57,1.23,2025-03-18,1928,A,58,6.1NRT,297.73,9.74,D
32.81216,-84.04413,309.47,1.57,1.24,2025-03-18,1928,A,59,6.1NRT,298.86,10.8,D
32.90242,-83.62675,310.86,1.48,1.2,2025-03-18,1928,A,59,6.1NRT,297.68,12.3,D
32.91278,-83.62955,340.14,1.48,1.2,2025-03-18,1928,A,79,6.1NRT,298.56,71.33,D
32.85484,-84.17505,308.61,1.6,1.25,2025-03-18,1928,A,57,6.1NRT,298.01,9.57,D
32.18002,-87.50347,330.25,2.75,1.59,2025-03-18,1928,A,85,6.1NRT,299.59,107.95,D
32.19164,-87.48461,311.53,2.74,1.58,2025-03-18,1928,A,66,6.1NRT,298.66,31,D
32.1855,-87.51208,322.13,2.75,1.59,2025-03-18,1928,A,79,6.1NRT,298.85,72.08,D
32.24118,-87.32652,309.27,2.66,1.57,2025-03-18,1928,A,62,6.1NRT,298.72,23.25,D
33.05166,-83.71055,309.86,1.48,1.2,2025-03-18,1928,A,60,6.1NRT,297.81,10.71,D
32.87568,-84.91806,310.01,1.78,1.31,2025-03-18,1928,A,62,6.1NRT,298.01,13.42,D
33.35661,-82.43177,315.68,1.25,1.11,2025-03-18,1928,A,71,6.1NRT,298.13,13.31,D
33.35436,-82.44473,318.63,1.25,1.11,2025-03-18,1928,A,75,6.1NRT,301.11,17.1,D
33.35861,-82.439,328.43,1.25,1.11,2025-03-18,1928,A,84,6.1NRT,300.39,30.11,D
32.88459,-84.9277,320.08,1.78,1.31,2025-03-18,1928,A,77,6.1NRT,297.95,31.92,D
33.11942,-83.84865,310.04,1.51,1.21,2025-03-18,1928,A,61,6.1NRT,299.36,10.99,D
33.33147,-82.81747,317.12,1.31,1.13,2025-03-18,1928,A,73,6.1NRT,302.11,16.27,D
33.34128,-82.82004,318.29,1.31,1.13,2025-03-18,1928,A,74,6.1NRT,298.88,18.04,D
33.18936,-84.4548,314.31,1.64,1.26,2025-03-18,1928,A,70,6.1NRT,295.61,19.31,D
33.18606,-84.47166,319.18,1.64,1.26,2025-03-18,1928,A,76,6.1NRT,296.79,28.63,D
33.23281,-84.64627,312.06,1.68,1.27,2025-03-18,1928,A,35,6.1NRT,298.68,13.67,D
33.22952,-84.66343,318.69,1.68,1.28,2025-03-18,1928,A,76,6.1NRT,298.99,25.68,D
33.23228,-84.65084,317.86,1.68,1.27,2025-03-18,1928,A,75,6.1NRT,298.77,25.87,D
33.22888,-84.66798,311.87,1.68,1.28,2025-03-18,1928,A,67,6.1NRT,298.65,15.22,D
33.18734,-84.93513,309.7,1.76,1.3,2025-03-18,1928,A,63,6.1NRT,297.76,13.34,D
13.95843,-90.44144,322.48,3.16,1.68,2025-03-18,2059,A,54,6.1NRT,296.68,39.11,D
13.95764,-90.44609,325.34,3.16,1.68,2025-03-18,2059,A,54,6.1NRT,296.75,50.34,D
16.38061,-93.76469,333.14,1.89,1.34,2025-03-18,2101,A,82,6.1NRT,305.36,49.63,D
16.4058,-94.02933,320.91,1.8,1.32,2025-03-18,2101,A,54,6.1NRT,304.08,15.68,D
16.41549,-94.04624,319.95,1.8,1.31,2025-03-18,2101,A,38,6.1NRT,304.6,13.73,D
16.43275,-94.00041,327.22,1.81,1.32,2025-03-18,2101,A,75,6.1NRT,305.26,32.24,D
16.38123,-94.42301,330.5,1.68,1.27,2025-03-18,2101,A,73,6.1NRT,308.04,26.3,D
16.39239,-94.42473,331.2,1.68,1.27,2025-03-18,2101,A,74,6.1NRT,308.41,28.43,D
16.72215,-99.18079,327.33,1,1,2025-03-18,2101,A,75,6.1NRT,308.73,10.62,D
16.73092,-99.18217,323.92,1,1,2025-03-18,2101,A,59,6.1NRT,307.71,6.48,D
16.89684,-98.39787,319.61,1.03,1.01,2025-03-18,2101,A,53,6.1NRT,304.98,6.56,D
16.93331,-99.94209,320.28,1.01,1,2025-03-18,2101,A,58,6.1NRT,306.17,6.14,D
16.93195,-99.95127,323.46,1.01,1,2025-03-18,2101,A,69,6.1NRT,306.26,9.29,D
16.97379,-99.78957,325.97,1,1,2025-03-18,2101,A,74,6.1NRT,310.59,11.06,D
17.03494,-100.05827,323.17,1.01,1,2025-03-18,2101,A,66,6.1NRT,309.07,7.57,D
18.35513,-92.83954,311.6,2.38,1.49,2025-03-18,2101,A,38,6.1NRT,296.4,16.25,D
17.74553,-98.60165,322.58,1.03,1.01,2025-03-18,2101,A,43,6.1NRT,310.93,5.82,D
18.24568,-96.05707,325.22,1.37,1.16,2025-03-18,2101,A,65,6.1NRT,309.06,12.89,D
18.50133,-96.14371,324.96,1.37,1.16,2025-03-18,2101,A,70,6.1NRT,309.62,15.35,D
18.4661,-96.66371,329.89,1.27,1.12,2025-03-18,2101,A,51,6.1NRT,313.78,21.43,D
18.46461,-96.67535,329.89,1.27,1.12,2025-03-18,2101,A,58,6.1NRT,312.79,20.63,D
18.0309,-99.83814,336.26,1,1,2025-03-18,2101,A,82,6.1NRT,313.43,21.52,D
28.15629,-107.6199,320.59,1.68,1.28,2025-03-18,2104,A,63,6.1NRT,294.39,29.82,D
18.02691,-101.27406,322.88,1.06,1.03,2025-03-18,2101,A,61,6.1NRT,302.09,14.37,D
28.15312,-107.63661,315.69,1.69,1.28,2025-03-18,2104,A,58,6.1NRT,296.88,20.87,D
18.0254,-101.28383,327.8,1.06,1.03,2025-03-18,2101,A,73,6.1NRT,301.31,20.15,D
28.17035,-107.60632,404.52,1.68,1.27,2025-03-18,2104,A,100,6.1NRT,302.77,588.57,D
18.03587,-101.27571,332.9,1.06,1.03,2025-03-18,2101,A,80,6.1NRT,301.74,26.22,D
28.16736,-107.62218,466.96,1.68,1.28,2025-03-18,2104,A,100,6.1NRT,400.07,2040.38,D
18.03441,-101.28516,343.17,1.06,1.03,2025-03-18,2101,A,89,6.1NRT,301.01,44.01,D
19.49197,-89.82561,344.95,4.22,1.9,2025-03-18,2101,A,93,6.1NRT,300.79,348.84,D
28.16428,-107.63846,401.48,1.69,1.28,2025-03-18,2104,A,100,6.1NRT,324.28,551.11,D
28.16105,-107.65555,326.92,1.69,1.28,2025-03-18,2104,A,57,6.1NRT,301.03,42.19,D
18.70844,-96.67603,334.85,1.28,1.12,2025-03-18,2101,A,82,6.1NRT,311,28.16,D
28.18146,-107.60829,465.49,1.68,1.27,2025-03-18,2104,A,100,6.1NRT,316.53,1985.39,D
18.70689,-96.68781,341,1.27,1.12,2025-03-18,2101,A,88,6.1NRT,311.17,41.83,D
19.51246,-89.78857,326.99,4.25,1.91,2025-03-18,2101,A,80,6.1NRT,302.19,123.25,D
28.17837,-107.62471,439.59,1.68,1.28,2025-03-18,2104,A,100,6.1NRT,322.93,1244.03,D
28.17534,-107.64084,336.65,1.69,1.28,2025-03-18,2104,A,72,6.1NRT,297.6,68.57,D
19.5087,-89.82716,356.38,4.22,1.9,2025-03-18,2101,A,98,6.1NRT,302.39,546.95,D
18.45898,-98.7131,331.3,1.03,1.02,2025-03-18,2101,A,64,6.1NRT,317.46,10.72,D
28.1924,-107.61115,317.76,1.68,1.27,2025-03-18,2104,A,55,6.1NRT,293.55,27.26,D
28.03034,-108.68842,324.33,2,1.38,2025-03-18,2104,A,77,6.1NRT,300.38,45.78,D
19.496,-89.83105,352.7,4.22,1.9,2025-03-18,2101,A,96,6.1NRT,301.36,482.88,D
19.51626,-89.79385,333.98,4.25,1.91,2025-03-18,2101,A,86,6.1NRT,302.27,203.61,D
28.12038,-108.60955,317.71,1.97,1.37,2025-03-18,2104,A,68,6.1NRT,301.28,26.6,D
19.51272,-89.83262,347.32,4.22,1.9,2025-03-18,2101,A,94,6.1NRT,302.21,389.32,D
28.13228,-108.61201,311.49,1.97,1.37,2025-03-18,2104,A,27,6.1NRT,299.93,12.59,D
18.9215,-96.13094,321.6,1.39,1.17,2025-03-18,2101,A,58,6.1NRT,307.64,13.59,D
28.12529,-108.6156,321.65,1.97,1.37,2025-03-18,2104,A,75,6.1NRT,300.91,36.49,D
28.84345,-105.41345,348.68,1.21,1.09,2025-03-18,2104,A,93,6.1NRT,312.32,60.14,D
18.66186,-98.96948,338.87,1.02,1.01,2025-03-18,2101,A,84,6.1NRT,319.78,23.12,D
18.63353,-99.232,331.84,1.01,1.01,2025-03-18,2101,A,74,6.1NRT,317.83,12.63,D
28.84144,-105.42529,340.07,1.21,1.09,2025-03-18,2104,A,87,6.1NRT,312.3,38.64,D
28.863,-105.35612,322.55,1.2,1.09,2025-03-18,2104,A,62,6.1NRT,310.55,8.96,D
18.62508,-99.35368,351.65,1.01,1,2025-03-18,2101,A,94,6.1NRT,318.51,47.04,D
18.84951,-99.0117,348.61,1.02,1.01,2025-03-18,2101,A,93,6.1NRT,315.8,44.55,D
30.40369,-95.27328,318.07,2.31,1.47,2025-03-18,2104,A,63,6.1NRT,296.57,36.56,D
19.00015,-97.99664,323.18,1.1,1.05,2025-03-18,2101,A,40,6.1NRT,309,8.79,D
30.40148,-95.29671,315.41,2.3,1.47,2025-03-18,2104,A,44,6.1NRT,297.37,27.74,D
30.40136,-95.27801,318.5,2.31,1.47,2025-03-18,2104,A,73,6.1NRT,296.65,40.11,D
18.99875,-98.00681,330.3,1.1,1.05,2025-03-18,2101,A,75,6.1NRT,312.65,19.01,D
18.85834,-99.01309,340.46,1.02,1.01,2025-03-18,2101,A,86,6.1NRT,313.95,28.68,D
30.41431,-95.27959,310.62,2.31,1.47,2025-03-18,2104,A,35,6.1NRT,296.6,16.73,D
31.29867,-94.96951,312.05,2.5,1.52,2025-03-18,2104,A,56,6.1NRT,295.66,27.83,D
18.91782,-99.05776,333.56,1.02,1.01,2025-03-18,2101,A,80,6.1NRT,314.15,18.6,D
18.91649,-99.06715,329,1.02,1.01,2025-03-18,2101,A,74,6.1NRT,312.57,11.91,D
31.32196,-94.95139,307.51,2.51,1.52,2025-03-18,2104,A,26,6.1NRT,292.01,15.47,D
18.41035,-102.49124,327.97,1.19,1.08,2025-03-18,2101,A,73,6.1NRT,302.24,26.08,D
31.31987,-94.97713,306.99,2.5,1.52,2025-03-18,2104,A,12,6.1NRT,292.37,14.47,D
31.24529,-97.74857,324.66,1.61,1.25,2025-03-18,2104,A,75,6.1NRT,303.24,25.56,D
18.40873,-102.50139,321.1,1.19,1.09,2025-03-18,2101,A,53,6.1NRT,302.93,16.6,D
18.41687,-102.59848,319.97,1.2,1.09,2025-03-18,2101,A,45,6.1NRT,301.58,13.58,D
31.24773,-97.73781,321.42,1.61,1.25,2025-03-18,2104,A,70,6.1NRT,303.79,20.17,D
18.41501,-102.60976,321.67,1.21,1.09,2025-03-18,2101,A,56,6.1NRT,302.54,15.89,D
31.24603,-97.75434,317.53,1.61,1.25,2025-03-18,2104,A,61,6.1NRT,302.81,12.96,D
19.17063,-98.43729,331.45,1.06,1.03,2025-03-18,2101,A,80,6.1NRT,315.39,15.51,D
31.53255,-95.24228,308.18,2.41,1.5,2025-03-18,2104,A,46,6.1NRT,293.44,16.59,D
19.35578,-98.49854,332.81,1.06,1.03,2025-03-18,2101,A,80,6.1NRT,314.66,16.87,D
30.10664,-108.15582,325.84,1.66,1.27,2025-03-18,2104,A,80,6.1NRT,293.87,44.59,D
18.86522,-102.5393,326.51,1.18,1.08,2025-03-18,2101,A,61,6.1NRT,310.63,12.78,D
30.15695,-108.4425,323.64,1.73,1.29,2025-03-18,2104,A,77,6.1NRT,295.22,42.01,D
18.99476,-101.83549,327.03,1.09,1.04,2025-03-18,2101,A,55,6.1NRT,313.23,10.29,D
32.79452,-108.04984,307.36,1.44,1.19,2025-03-18,2106,A,43,6.1NRT,289.24,11.56,D
19.42297,-99.46331,325.85,1.01,1,2025-03-18,2101,A,69,6.1NRT,308.14,12.75,D
19.42165,-99.47255,324.07,1.01,1,2025-03-18,2101,A,64,6.1NRT,309.4,10.09,D
19.15342,-102.05902,324.2,1.11,1.05,2025-03-18,2101,A,69,6.1NRT,309.47,9.54,D
19.15179,-102.06924,325.64,1.11,1.05,2025-03-18,2101,A,71,6.1NRT,312.56,11.16,D
19.98357,-96.61195,316.72,1.34,1.15,2025-03-18,2101,A,62,6.1NRT,302.21,11.14,D
19.90406,-98.79959,331.7,1.05,1.02,2025-03-18,2101,A,64,6.1NRT,318.82,9.3,D
19.91386,-98.79697,333.84,1.05,1.02,2025-03-18,2101,A,82,6.1NRT,316.73,14.17,D
19.93118,-99.25854,330.25,1.02,1.01,2025-03-18,2101,A,70,6.1NRT,314.37,11.28,D
19.50757,-102.51923,325.09,1.16,1.07,2025-03-18,2101,A,68,6.1NRT,309.08,11.04,D
20.03941,-99.28812,326.43,1.02,1.01,2025-03-18,2101,A,60,6.1NRT,312.63,9.95,D
19.87784,-100.41211,339.43,1,1,2025-03-18,2101,A,87,6.1NRT,309.18,29,D
19.87647,-100.42135,328.95,1,1,2025-03-18,2101,A,75,6.1NRT,312.86,13.66,D
19.2072,-104.62224,318.13,1.57,1.23,2025-03-18,2101,A,56,6.1NRT,303.95,13.49,D
19.57731,-102.65908,326.84,1.17,1.08,2025-03-18,2101,A,62,6.1NRT,310.18,13.31,D
20.25491,-100.30071,342.8,1,1,2025-03-18,2101,A,88,6.1NRT,310.3,33.19,D
20.25355,-100.30996,336.74,1,1,2025-03-18,2101,A,82,6.1NRT,314.54,22.09,D
20.70355,-97.92795,316.39,1.15,1.07,2025-03-18,2101,A,49,6.1NRT,303.27,7.28,D
20.22453,-101.36558,336.91,1.03,1.02,2025-03-18,2101,A,83,6.1NRT,313.62,24.24,D
20.23337,-101.36716,332.42,1.03,1.02,2025-03-18,2101,A,76,6.1NRT,314.18,18.27,D
20.17997,-101.71504,325.71,1.06,1.03,2025-03-18,2101,A,50,6.1NRT,311.86,7.28,D
20.17846,-101.72477,334.94,1.06,1.03,2025-03-18,2101,A,81,6.1NRT,313.83,20.01,D
20.06326,-102.69965,324.4,1.16,1.07,2025-03-18,2101,A,67,6.1NRT,310.07,7.58,D
20.4457,-100.25946,333.89,1,1,2025-03-18,2101,A,79,6.1NRT,312.21,19.4,D
20.2209,-101.74799,336.48,1.06,1.03,2025-03-18,2101,A,72,6.1NRT,313.51,23.02,D
20.21937,-101.7578,334.39,1.06,1.03,2025-03-18,2101,A,61,6.1NRT,315.26,19.43,D
20.59579,-99.86288,332.04,1.01,1,2025-03-18,2101,A,78,6.1NRT,315.12,15.16,D
20.59446,-99.87221,329.37,1.01,1,2025-03-18,2101,A,74,6.1NRT,314.44,10.68,D
20.53318,-100.48002,339.95,1,1,2025-03-18,2101,A,86,6.1NRT,313.65,25.78,D
20.53182,-100.4893,332.47,1,1,2025-03-18,2101,A,77,6.1NRT,313.73,14.1,D
20.85212,-98.47687,338.09,1.09,1.04,2025-03-18,2101,A,87,6.1NRT,301.9,38.75,D
20.85075,-98.48699,346.82,1.09,1.04,2025-03-18,2101,A,93,6.1NRT,303.29,56.62,D
20.59658,-100.29118,342.99,1,1,2025-03-18,2101,A,89,6.1NRT,317.42,28.62,D
20.59523,-100.30046,370.72,1,1,2025-03-18,2101,A,100,6.1NRT,322.73,99.02,D
20.50719,-101.2093,332.95,1.02,1.01,2025-03-18,2101,A,77,6.1NRT,314.48,14.69,D
20.56713,-101.17128,327.42,1.02,1.01,2025-03-18,2101,A,53,6.1NRT,312,9.81,D
20.71013,-100.35097,325.18,1,1,2025-03-18,2101,A,54,6.1NRT,311.78,6.38,D
20.49424,-101.95683,326.95,1.07,1.03,2025-03-18,2101,A,66,6.1NRT,313.76,11.18,D
20.49269,-101.96671,325.74,1.07,1.03,2025-03-18,2101,A,63,6.1NRT,312.97,9.56,D
20.66822,-101.11785,327.23,1.02,1.01,2025-03-18,2101,A,65,6.1NRT,314.88,8.11,D
20.6668,-101.12728,334.76,1.02,1.01,2025-03-18,2101,A,79,6.1NRT,315.66,18.55,D
20.36303,-103.08151,338.5,1.2,1.09,2025-03-18,2101,A,85,6.1NRT,309.09,38.28,D
20.36121,-103.09284,336.18,1.21,1.09,2025-03-18,2101,A,79,6.1NRT,310.64,33.61,D
20.70553,-102.25792,326.37,1.09,1.04,2025-03-18,2101,A,59,6.1NRT,313.9,9.17,D
20.92041,-101.53703,336.35,1.03,1.02,2025-03-18,2101,A,80,6.1NRT,316.3,19.24,D
20.85521,-102.07603,348.45,1.07,1.03,2025-03-18,2101,A,92,6.1NRT,312.98,45.82,D
20.85364,-102.08603,329.11,1.07,1.03,2025-03-18,2101,A,63,6.1NRT,313.57,11.01,D
20.86422,-102.07761,369.66,1.07,1.03,2025-03-18,2101,A,100,6.1NRT,317.55,108.3,D
20.86266,-102.08759,332.42,1.07,1.03,2025-03-18,2101,A,75,6.1NRT,315.05,16.03,D
21.08187,-100.9593,327.83,1.01,1,2025-03-18,2101,A,33,6.1NRT,313.94,8.14,D
21.08922,-100.97017,335.38,1.01,1,2025-03-18,2101,A,80,6.1NRT,316.7,18.48,D
20.82794,-102.82753,330.65,1.15,1.07,2025-03-18,2101,A,73,6.1NRT,312.01,16.52,D
20.7289,-103.73914,354.4,1.29,1.13,2025-03-18,2101,A,97,6.1NRT,311.64,80.52,D
20.72702,-103.75058,331.84,1.3,1.13,2025-03-18,2101,A,69,6.1NRT,312.06,20.97,D
20.42774,-105.5224,319.25,1.72,1.29,2025-03-18,2101,A,48,6.1NRT,305.53,16.81,D
20.73186,-103.7341,335.65,1.29,1.13,2025-03-18,2101,A,83,6.1NRT,309.87,27.91,D
20.72993,-103.74551,337.42,1.29,1.13,2025-03-18,2101,A,83,6.1NRT,311.81,32.55,D
20.43005,-105.51305,320.62,1.72,1.29,2025-03-18,2101,A,49,6.1NRT,303.32,24.36,D
21.18618,-101.61102,327.43,1.03,1.02,2025-03-18,2101,A,63,6.1NRT,314.72,11.09,D
21.36625,-102.36004,335.16,1.09,1.04,2025-03-18,2101,A,80,6.1NRT,315.91,21.02,D
21.48136,-102.27255,344.21,1.08,1.04,2025-03-18,2101,A,89,6.1NRT,315.76,38.9,D
21.67112,-102.59702,328.88,1.1,1.05,2025-03-18,2101,A,46,6.1NRT,313.83,9.09,D
21.68023,-102.59867,326.63,1.1,1.05,2025-03-18,2101,A,18,6.1NRT,314.85,6.84,D
21.6786,-102.60891,335.91,1.1,1.05,2025-03-18,2101,A,81,6.1NRT,318.88,21.36,D
22.29345,-99.0543,333.42,1.07,1.03,2025-03-18,2101,A,69,6.1NRT,312.59,21.49,D
21.95988,-101.68888,335.83,1.03,1.01,2025-03-18,2101,A,80,6.1NRT,315.35,19.71,D
21.95843,-101.69848,325.96,1.03,1.01,2025-03-18,2101,A,60,6.1NRT,314.72,6.44,D
22.33359,-99.37508,323.8,1.05,1.02,2025-03-18,2101,A,59,6.1NRT,301.62,15.8,D
22.41545,-99.1116,329.63,1.07,1.03,2025-03-18,2101,A,53,6.1NRT,307.73,15.53,D
22.42448,-99.11308,327.45,1.07,1.03,2025-03-18,2101,A,43,6.1NRT,312.08,13.01,D
22.42316,-99.12279,327.37,1.07,1.03,2025-03-18,2101,A,35,6.1NRT,314.78,12.63,D
21.71088,-104.94801,318.78,1.48,1.2,2025-03-18,2101,A,41,6.1NRT,306.75,11.92,D
21.70852,-104.96178,317.77,1.49,1.2,2025-03-18,2101,A,27,6.1NRT,307.2,9.47,D
21.71891,-104.96439,319.12,1.49,1.2,2025-03-18,2101,A,37,6.1NRT,307.45,11.08,D
22.70573,-98.93549,326.18,1.09,1.04,2025-03-18,2101,A,66,6.1NRT,310.23,11.62,D
22.70435,-98.94582,325.22,1.09,1.04,2025-03-18,2101,A,64,6.1NRT,310.17,10.25,D
22.66104,-99.46564,327.21,1.05,1.02,2025-03-18,2101,A,44,6.1NRT,305.11,16.31,D
22.66867,-99.47665,323.68,1.05,1.02,2025-03-18,2104,A,35,6.1NRT,307.13,11.05,D
22.66731,-99.48645,343.13,1.04,1.02,2025-03-18,2104,A,88,6.1NRT,312.76,41.57,D
22.70493,-99.48956,331,1.05,1.02,2025-03-18,2104,A,75,6.1NRT,303.83,23.89,D
22.73444,-99.34086,332.66,1.06,1.03,2025-03-18,2104,A,78,6.1NRT,311.71,19.05,D
21.91301,-105.19582,339.15,1.53,1.22,2025-03-18,2104,A,87,6.1NRT,311.33,52.93,D
23.04493,-98.75228,336.57,1.12,1.05,2025-03-18,2104,A,84,6.1NRT,312.98,26.15,D
23.04352,-98.76283,338.87,1.12,1.05,2025-03-18,2104,A,86,6.1NRT,313.09,30.78,D
22.22948,-104.19749,330.3,1.31,1.13,2025-03-18,2104,A,75,6.1NRT,311.53,26.5,D
23.05063,-98.75879,345.88,1.12,1.05,2025-03-18,2104,A,92,6.1NRT,313.01,45.84,D
22.23144,-104.19005,328.58,1.3,1.13,2025-03-18,2104,A,71,6.1NRT,308.71,22.24,D
22.31346,-103.88435,323.92,1.25,1.11,2025-03-18,2104,A,64,6.1NRT,309.01,13.31,D
22.36434,-105.33466,326.29,1.53,1.22,2025-03-18,2104,A,72,6.1NRT,312.51,17.9,D
22.98072,-102.69412,332.23,1.08,1.04,2025-03-18,2104,A,76,6.1NRT,312.66,17.26,D
22.97911,-102.70425,349.18,1.08,1.04,2025-03-18,2104,A,93,6.1NRT,315.61,49.6,D
22.55145,-105.32649,328.7,1.52,1.22,2025-03-18,2104,A,78,6.1NRT,310.24,25.83,D
23.32894,-102.95295,325.68,1.1,1.04,2025-03-18,2104,A,63,6.1NRT,312.76,8.73,D
23.04718,-104.72882,318.79,1.36,1.16,2025-03-18,2104,A,45,6.1NRT,305.93,15.38,D
23.99047,-99.31792,324.43,1.08,1.04,2025-03-18,2104,A,50,6.1NRT,310.26,12.38,D
24.05385,-99.05001,318.82,1.11,1.05,2025-03-18,2104,A,38,6.1NRT,307.67,7.04,D
23.45321,-106.51265,320.33,1.76,1.3,2025-03-18,2104,A,69,6.1NRT,306.16,17.25,D
23.53159,-106.1446,320.32,1.65,1.26,2025-03-18,2104,A,67,6.1NRT,309.71,16.62,D
23.65829,-106.14351,318.43,1.65,1.26,2025-03-18,2104,A,55,6.1NRT,307.58,11.85,D
23.65572,-106.15797,319.47,1.65,1.26,2025-03-18,2104,A,58,6.1NRT,307.09,14.65,D
23.64865,-106.14763,318.68,1.65,1.26,2025-03-18,2104,A,54,6.1NRT,307.93,12.35,D
23.65956,-106.15015,317.83,1.65,1.26,2025-03-18,2104,A,44,6.1NRT,307.12,11.64,D
23.94974,-104.63725,322.08,1.3,1.13,2025-03-18,2104,A,65,6.1NRT,308.74,10.4,D
24.72043,-99.91588,346.35,1.05,1.02,2025-03-18,2104,A,91,6.1NRT,314.32,44,D
24.71907,-99.9258,337.54,1.05,1.02,2025-03-18,2104,A,84,6.1NRT,313.57,27.45,D
24.06784,-104.96971,324.75,1.36,1.15,2025-03-18,2104,A,52,6.1NRT,308.25,15.74,D
24.06566,-104.98227,358.83,1.36,1.15,2025-03-18,2104,A,99,6.1NRT,315.63,111.7,D
24.06344,-104.99497,329.11,1.36,1.16,2025-03-18,2104,A,77,6.1NRT,313.55,24.01,D
25.40296,-99.98293,328.97,1.05,1.03,2025-03-18,2104,A,74,6.1NRT,313.76,13.54,D
25.63637,-99.68539,328.82,1.08,1.04,2025-03-18,2104,A,74,6.1NRT,310.03,16.2,D
25.64899,-100.13565,322.17,1.05,1.02,2025-03-18,2104,A,43,6.1NRT,309.78,6.36,D
26.10394,-98.33852,320.34,1.26,1.12,2025-03-18,2104,A,49,6.1NRT,306.47,9.73,D
25.84399,-100.32568,326.37,1.04,1.02,2025-03-18,2104,A,62,6.1NRT,313.87,8.96,D
25.84261,-100.33574,337.21,1.04,1.02,2025-03-18,2104,A,82,6.1NRT,314.78,24.4,D
25.85291,-100.32719,367.33,1.04,1.02,2025-03-18,2104,A,100,6.1NRT,314.99,97.16,D
25.85152,-100.33725,365.83,1.04,1.02,2025-03-18,2104,A,100,6.1NRT,315.92,92.43,D
25.40861,-103.39017,333.37,1.09,1.04,2025-03-18,2104,A,72,6.1NRT,316.95,18.15,D
25.40697,-103.40057,367.87,1.09,1.04,2025-03-18,2104,A,100,6.1NRT,320.89,102.98,D
25.9906,-106.54565,352.73,1.58,1.24,2025-03-18,2104,A,96,6.1NRT,303.27,120.96,D
26.00131,-106.54799,323.98,1.58,1.24,2025-03-18,2104,A,26,6.1NRT,299.13,30.28,D
25.99648,-106.53802,341.42,1.58,1.24,2025-03-18,2104,A,90,6.1NRT,301.31,77.03,D
25.99362,-106.5534,329.05,1.58,1.24,2025-03-18,2104,A,50,6.1NRT,301.87,41.69,D
26.00449,-106.55491,316.05,1.58,1.24,2025-03-18,2104,A,23,6.1NRT,298.65,17.98,D
26.00155,-106.57074,323.92,1.58,1.24,2025-03-18,2104,A,70,6.1NRT,299.5,32.44,D
26.50052,-106.29453,328.2,1.49,1.2,2025-03-18,2104,A,68,6.1NRT,303.73,35.58,D
26.49799,-106.30882,323.75,1.49,1.21,2025-03-18,2104,A,50,6.1NRT,303.67,26.43,D
26.493,-106.33695,337.46,1.5,1.21,2025-03-18,2104,A,86,6.1NRT,301.82,58.16,D
26.50599,-106.32488,324.34,1.49,1.21,2025-03-18,2104,A,9,6.1NRT,302.73,24.67,D
26.50347,-106.33912,327.45,1.5,1.21,2025-03-18,2104,A,43,6.1NRT,301.94,32.05,D
26.50015,-106.3287,330.4,1.49,1.21,2025-03-18,2104,A,41,6.1NRT,303.78,34.21,D
27.0141,-104.45919,334.62,1.15,1.07,2025-03-18,2104,A,79,6.1NRT,318.96,20.06,D
27.01904,-106.96788,333.33,1.61,1.25,2025-03-18,2104,A,82,6.1NRT,301.58,53.21,D
27.0162,-106.98347,320.21,1.61,1.25,2025-03-18,2104,A,61,6.1NRT,303.07,21.83,D
27.02982,-106.9704,318.34,1.61,1.25,2025-03-18,2104,A,50,6.1NRT,303.21,18.44,D
27.03508,-106.96241,317.63,1.6,1.25,2025-03-18,2104,A,24,6.1NRT,302.47,16.2,D
27.33509,-107.40696,316.1,1.69,1.28,2025-03-18,2104,A,41,6.1NRT,297.08,20.33,D
27.34882,-107.39535,315.61,1.69,1.28,2025-03-18,2104,A,49,6.1NRT,298.55,19.73,D
27.34587,-107.41092,321.92,1.69,1.28,2025-03-18,2104,A,70,6.1NRT,298.84,33.09,D
29.04815,-100.76174,325.9,1.06,1.03,2025-03-18,2104,A,62,6.1NRT,311.59,10.85,D
27.82925,-108.47482,312.54,1.96,1.37,2025-03-18,2104,A,30,6.1NRT,299.36,18.15,D
27.82569,-108.4931,326.73,1.96,1.37,2025-03-18,2104,A,78,6.1NRT,299.95,55.45,D
28.05875,-107.4509,327.42,1.65,1.26,2025-03-18,2104,A,77,6.1NRT,299.43,41.01,D
28.05571,-107.46743,334.07,1.65,1.26,2025-03-18,2104,A,84,6.1NRT,300.82,59.88,D
28.06963,-107.45363,333,1.65,1.26,2025-03-18,2104,A,83,6.1NRT,301.03,56.68,D
28.06672,-107.46951,326.69,1.65,1.26,2025-03-18,2104,A,77,6.1NRT,299.99,40.3,D
28.06004,-107.45798,334.85,1.65,1.26,2025-03-18,2104,A,85,6.1NRT,300.99,62.13,D
28.05685,-107.47466,320.74,1.65,1.26,2025-03-18,2104,A,68,6.1NRT,300.29,26.65,D
28.07096,-107.46044,337.96,1.65,1.26,2025-03-18,2104,A,87,6.1NRT,300.98,70.8,D
7.61165,-63.74883,304.28,1.05,1.02,2025-03-19,0143,T,51,6.1NRT,290.79,3.78,N
7.42718,-65.48442,341.46,1.01,1,2025-03-19,0143,T,100,6.1NRT,291.63,45.49,N
7.42594,-65.49332,320.23,1.01,1,2025-03-19,0143,T,100,6.1NRT,289.62,16.14,N
7.42469,-65.50222,318.07,1.01,1,2025-03-19,0143,T,96,6.1NRT,287.51,13.82,N
7.77086,-63.24541,307.55,1.1,1.04,2025-03-19,0143,T,66,6.1NRT,296.31,4.8,N
7.7052,-63.80536,308.75,1.05,1.02,2025-03-19,0143,T,71,6.1NRT,295.49,6.11,N
7.11017,-69.82885,310.03,1.71,1.28,2025-03-19,0143,T,62,6.1NRT,284.46,19.53,N
7.10893,-69.83492,309.49,1.71,1.28,2025-03-19,0143,T,78,6.1NRT,285.44,20.3,N
8.09751,-63.35855,307.37,1.09,1.04,2025-03-19,0143,T,26,6.1NRT,295.39,6.56,N
8.27856,-63.92221,307.84,1.05,1.02,2025-03-19,0143,T,66,6.1NRT,295.51,5.55,N
8.69698,-62.71843,309.58,1.19,1.08,2025-03-19,0143,T,13,6.1NRT,292.1,7.57,N
8.69559,-62.72896,321.84,1.19,1.08,2025-03-19,0143,T,100,6.1NRT,292.48,20.35,N
8.69421,-62.73948,324.48,1.18,1.08,2025-03-19,0143,T,92,6.1NRT,292.67,24.65,N
8.69282,-62.74999,314.46,1.18,1.08,2025-03-19,0143,T,46,6.1NRT,291.98,14.28,N
8.70655,-62.71978,339.98,1.19,1.08,2025-03-19,0143,T,100,6.1NRT,290.54,51.11,N
8.70515,-62.73031,374.68,1.19,1.08,2025-03-19,0143,T,100,6.1NRT,292.39,165.31,N
8.70376,-62.74083,364.18,1.18,1.08,2025-03-19,0143,T,100,6.1NRT,289.29,123.21,N
8.70237,-62.75135,319.54,1.18,1.08,2025-03-19,0143,T,27,6.1NRT,283.63,21.33,N
8.74592,-62.49627,313.88,1.22,1.1,2025-03-19,0143,T,88,6.1NRT,295.16,13.63,N
8.74449,-62.50713,307.18,1.22,1.1,2025-03-19,0143,T,69,6.1NRT,294.41,7.38,N
8.71612,-62.72109,365.85,1.19,1.08,2025-03-19,0143,T,100,6.1NRT,290.24,127.24,N
8.71472,-62.73162,397.87,1.19,1.08,2025-03-19,0143,T,100,6.1NRT,292.32,305,N
8.71332,-62.74215,351.9,1.18,1.08,2025-03-19,0143,T,100,6.1NRT,279.79,85.06,N
8.75708,-62.4867,319.6,1.22,1.1,2025-03-19,0143,T,99,6.1NRT,294.36,19.45,N
8.75564,-62.49757,324.06,1.22,1.1,2025-03-19,0143,T,100,6.1NRT,293.27,25.7,N
8.7257,-62.72237,320.86,1.19,1.08,2025-03-19,0143,T,0,6.1NRT,288.05,19.2,N
8.72429,-62.73292,348.18,1.19,1.08,2025-03-19,0143,T,97,6.1NRT,288.43,72.75,N
8.72289,-62.74345,316.93,1.18,1.08,2025-03-19,0143,T,94,6.1NRT,279.59,21.25,N
8.73386,-62.73421,316.78,1.19,1.08,2025-03-19,0143,T,15,6.1NRT,286.95,18.29,N
8.61905,-63.58555,313.8,1.08,1.04,2025-03-19,0143,T,85,6.1NRT,295.49,11.29,N
8.74485,-62.72497,314.71,1.19,1.08,2025-03-19,0143,T,33,6.1NRT,284.44,14.73,N
8.74343,-62.73551,315.43,1.19,1.08,2025-03-19,0143,T,19,6.1NRT,285.94,17.07,N
8.68666,-63.15615,306.5,1.13,1.06,2025-03-19,0143,T,65,6.1NRT,293.25,6.49,N
8.55402,-64.13007,308.41,1.04,1.02,2025-03-19,0143,T,74,6.1NRT,296.76,5.76,N
8.55277,-64.13925,311.64,1.03,1.02,2025-03-19,0143,T,83,6.1NRT,296.82,8.15,N
8.81762,-62.42292,304.94,1.24,1.11,2025-03-19,0143,T,42,6.1NRT,294.66,6.03,N
8.92129,-64.20633,311.75,1.04,1.02,2025-03-19,0143,T,83,6.1NRT,296.44,8.53,N
9.053,-63.28803,311.89,1.12,1.06,2025-03-19,0145,T,84,6.1NRT,293.41,11.69,N
9.06232,-63.28931,311.88,1.12,1.06,2025-03-19,0145,T,84,6.1NRT,292.43,12.04,N
9.01443,-64.53819,308.14,1.02,1.01,2025-03-19,0145,T,74,6.1NRT,295.93,5.8,N
9.31152,-63.56341,307.7,1.1,1.04,2025-03-19,0145,T,72,6.1NRT,287.42,8.88,N
9.23074,-64.30247,305.83,1.03,1.02,2025-03-19,0145,T,66,6.1NRT,295.69,4.41,N
9.36026,-63.48029,301.31,1.11,1.05,2025-03-19,0145,T,40,6.1NRT,282,4.48,N
9.37608,-64.52129,313.67,1.02,1.01,2025-03-19,0145,T,88,6.1NRT,295.42,9.75,N
9.37484,-64.53037,314.11,1.02,1.01,2025-03-19,0145,T,88,6.1NRT,295.31,10.33,N
9.37361,-64.53946,307.71,1.02,1.01,2025-03-19,0145,T,72,6.1NRT,295.06,5.52,N
9.56035,-63.62612,306.18,1.1,1.04,2025-03-19,0145,T,65,6.1NRT,294.88,5.44,N
9.55907,-63.63588,309.45,1.09,1.04,2025-03-19,0145,T,76,6.1NRT,295.01,7.88,N
9.47644,-64.39262,305.91,1.03,1.01,2025-03-19,0145,T,64,6.1NRT,295.14,4.57,N
9.68694,-63.02785,302.5,1.17,1.08,2025-03-19,0145,T,49,6.1NRT,292.44,3.96,N
9.68556,-63.03828,304.18,1.17,1.08,2025-03-19,0145,T,58,6.1NRT,291.91,5.22,N
9.64866,-63.52844,317.69,1.11,1.05,2025-03-19,0145,T,95,6.1NRT,295.86,15.39,N
9.64467,-63.55797,350.01,1.1,1.05,2025-03-19,0145,T,100,6.1NRT,295.93,68.25,N
9.64334,-63.56778,361.15,1.1,1.05,2025-03-19,0145,T,100,6.1NRT,296.36,99.34,N
9.64202,-63.57758,321.71,1.1,1.05,2025-03-19,0145,T,100,6.1NRT,294.99,18.45,N
9.62222,-63.72385,364.45,1.09,1.04,2025-03-19,0145,T,100,6.1NRT,297.11,108.79,N
9.62091,-63.73352,330.78,1.09,1.04,2025-03-19,0145,T,100,6.1NRT,294.61,30.92,N
9.65791,-63.52977,328.35,1.11,1.05,2025-03-19,0145,T,100,6.1NRT,295.44,28.24,N
9.65658,-63.53963,328.03,1.11,1.05,2025-03-19,0145,T,100,6.1NRT,295.32,27.42,N
9.65258,-63.56913,307.51,1.1,1.05,2025-03-19,0145,T,52,6.1NRT,294.76,5.47,N
9.65125,-63.57893,306.65,1.1,1.05,2025-03-19,0145,T,35,6.1NRT,294.44,4.81,N
9.6538,-63.61558,309.18,1.1,1.05,2025-03-19,0145,T,75,6.1NRT,295.22,7.44,N
9.65251,-63.62535,375.19,1.1,1.04,2025-03-19,0145,T,100,6.1NRT,298.01,151.25,N
9.65123,-63.63507,354.29,1.1,1.04,2025-03-19,0145,T,100,6.1NRT,295.81,78.18,N
9.7344,-63.07249,303.73,1.17,1.08,2025-03-19,0145,T,55,6.1NRT,292.93,4.74,N
9.70247,-63.5324,310.59,1.11,1.05,2025-03-19,0145,T,80,6.1NRT,294.73,9.27,N
9.64318,-64.04416,306.84,1.06,1.03,2025-03-19,0145,T,67,6.1NRT,294.66,5.87,N
9.74498,-63.42687,305.03,1.12,1.06,2025-03-19,0145,T,61,6.1NRT,294.61,4.85,N
9.7383,-63.47658,307.99,1.12,1.05,2025-03-19,0145,T,72,6.1NRT,295.19,6.6,N
9.71575,-63.78244,311.28,1.08,1.04,2025-03-19,0145,T,81,6.1NRT,294.59,9.1,N
9.37308,-67.73691,305.46,1.15,1.07,2025-03-19,0145,T,64,6.1NRT,281.73,8.46,N
9.37157,-67.74714,300.52,1.15,1.07,2025-03-19,0145,T,19,6.1NRT,284.28,4.59,N
9.68161,-66.62598,302.33,1.04,1.02,2025-03-19,0145,T,22,6.1NRT,283.11,4.09,N
9.77677,-66.28278,316.59,1.02,1.01,2025-03-19,0145,T,93,6.1NRT,282.05,14.66,N
9.69259,-66.93752,308.93,1.06,1.03,2025-03-19,0145,T,76,6.1NRT,292.58,6.62,N
10.19584,-63.69065,302.86,1.1,1.05,2025-03-19,0145,T,52,6.1NRT,289.5,6.11,N
9.89551,-66.22355,302.34,1.01,1.01,2025-03-19,0145,T,38,6.1NRT,284.93,4.11,N
19.25003,-71.99059,318.87,1.51,1.21,2025-03-19,0147,T,98,6.1NRT,285.56,35.59,N
20.64069,-76.83421,328.57,3.25,1.7,2025-03-19,0149,T,100,6.1NRT,290.79,156.27,N
20.63934,-76.84048,322.68,3.25,1.7,2025-03-19,0149,T,100,6.1NRT,290.53,119.15,N
21.16492,-78.09505,308.11,3.92,1.84,2025-03-19,0149,T,59,6.1NRT,288.94,66.61,N
21.1723,-78.10286,308.12,3.92,1.84,2025-03-19,0149,T,59,6.1NRT,288.26,70,N
14.0501,-89.71265,314.26,1.05,1.02,2025-03-19,0325,T,89,6.1NRT,292.2,13.6,N
14.02565,-90.64854,305.29,1.01,1,2025-03-19,0325,T,64,6.1NRT,293.2,4.42,N
12.83902,-87.36047,310.19,1.34,1.15,2025-03-19,0323,T,79,6.1NRT,296.22,10.84,N
14.40154,-90.18082,300.96,1.03,1.01,2025-03-19,0325,T,36,6.1NRT,289.7,5.01,N
14.4003,-90.19,302.32,1.03,1.01,2025-03-19,0325,T,48,6.1NRT,289.64,5.74,N
13.20689,-87.27225,319.67,1.37,1.16,2025-03-19,0323,T,99,6.1NRT,294.31,25.33,N
16.21694,-92.37685,324.13,1.02,1.01,2025-03-19,0325,T,100,6.1NRT,294.79,21.35,N
13.31047,-86.78481,300.83,1.48,1.2,2025-03-19,0323,T,16,6.1NRT,290.59,6.43,N
16.21561,-92.38617,308.86,1.02,1.01,2025-03-19,0325,T,76,6.1NRT,293.85,7.63,N
13.29263,-86.92596,300.4,1.45,1.19,2025-03-19,0323,T,16,6.1NRT,289.22,3.79,N
16.22581,-92.3782,328.56,1.02,1.01,2025-03-19,0325,T,100,6.1NRT,294.37,26.22,N
13.32101,-86.7867,302.57,1.48,1.2,2025-03-19,0323,T,41,6.1NRT,289.78,8.51,N
16.39266,-93.76587,305.88,1.13,1.06,2025-03-19,0325,T,66,6.1NRT,291.78,8.28,N
13.31655,-86.77795,304.3,1.49,1.2,2025-03-19,0323,T,47,6.1NRT,290.32,9.99,N
16.31051,-94.4428,332.61,1.22,1.1,2025-03-19,0325,T,100,6.1NRT,295.6,41.79,N
16.20818,-95.17317,315.17,1.35,1.15,2025-03-19,0325,T,91,6.1NRT,298.79,17.16,N
16.42591,-94.03168,304.64,1.16,1.07,2025-03-19,0325,T,43,6.1NRT,292.12,6.49,N
16.42421,-94.04292,314.4,1.16,1.07,2025-03-19,0325,T,89,6.1NRT,293.79,14.53,N
18.04574,-88.61129,304.02,1.3,1.13,2025-03-19,0328,T,58,6.1NRT,291.73,8.2,N
18.25255,-88.75463,312.04,1.28,1.12,2025-03-19,0328,T,84,6.1NRT,292,16.06,N
17.89763,-92.48663,314.77,1.01,1,2025-03-19,0328,T,90,6.1NRT,293.7,12.04,N
17.89632,-92.4959,316.06,1.01,1,2025-03-19,0328,T,92,6.1NRT,293.32,13.1,N
17.83591,-93.11626,334.06,1.04,1.02,2025-03-19,0328,T,100,6.1NRT,294.39,35.46,N
17.83452,-93.12579,304.85,1.04,1.02,2025-03-19,0328,T,62,6.1NRT,293.36,5.52,N
17.84486,-93.11772,362.01,1.04,1.02,2025-03-19,0328,T,100,6.1NRT,295.03,95.7,N
17.84347,-93.12726,328.11,1.04,1.02,2025-03-19,0328,T,100,6.1NRT,294.04,26.64,N
17.8903,-93.18379,312.79,1.04,1.02,2025-03-19,0328,T,86,6.1NRT,293.77,11.56,N
17.88892,-93.19335,307.9,1.04,1.02,2025-03-19,0328,T,73,6.1NRT,294.16,7.99,N
17.90029,-93.182,338.7,1.04,1.02,2025-03-19,0328,T,100,6.1NRT,295.11,43.15,N
17.89889,-93.19155,322.64,1.04,1.02,2025-03-19,0328,T,100,6.1NRT,295.5,21.02,N
17.98398,-94.52702,311.73,1.17,1.08,2025-03-19,0328,T,83,6.1NRT,294.9,12.89,N
18.09487,-94.05084,309.11,1.11,1.05,2025-03-19,0328,T,76,6.1NRT,293.42,10.3,N
18.10437,-94.34607,305.09,1.15,1.07,2025-03-19,0328,T,63,6.1NRT,292.84,7.32,N
18.71897,-90.23686,303.7,1.09,1.04,2025-03-19,0328,T,57,6.1NRT,292.5,5.55,N
18.71766,-90.24704,309.36,1.09,1.04,2025-03-19,0328,T,77,6.1NRT,290.31,9.63,N
19.08356,-88.20399,306.53,1.42,1.18,2025-03-19,0328,T,68,6.1NRT,291.92,12.33,N
18.43772,-93.16299,309.88,1.03,1.02,2025-03-19,0328,T,79,6.1NRT,296.26,8.26,N
19.38237,-88.84843,301.74,1.31,1.13,2025-03-19,0328,T,44,6.1NRT,291.66,6.6,N
19.29453,-90.61876,301.26,1.07,1.03,2025-03-19,0328,T,39,6.1NRT,291.12,4.45,N
18.50872,-96.14236,307.41,1.44,1.19,2025-03-19,0328,T,71,6.1NRT,293.72,13.9,N
19.50527,-89.83636,310.88,1.16,1.07,2025-03-19,0328,T,33,6.1NRT,293.93,10.63,N
19.51744,-89.81617,306.55,1.16,1.07,2025-03-19,0328,T,68,6.1NRT,293.89,7.75,N
19.51608,-89.82694,327.66,1.16,1.07,2025-03-19,0328,T,100,6.1NRT,295.7,30.15,N
19.51472,-89.83768,371.16,1.16,1.07,2025-03-19,0328,T,100,6.1NRT,300.5,147.03,N
19.52554,-89.82829,314.49,1.16,1.07,2025-03-19,0328,T,35,6.1NRT,294.33,13.59,N
19.52418,-89.83903,366.32,1.16,1.07,2025-03-19,0328,T,100,6.1NRT,296.67,127.8,N
19.52281,-89.84978,307.99,1.16,1.07,2025-03-19,0328,T,55,6.1NRT,293.44,8.9,N
18.57228,-96.52349,301.7,1.53,1.22,2025-03-19,0328,T,43,6.1NRT,291.46,8.7,N
19.39839,-92.04434,312.36,1,1,2025-03-19,0328,T,78,6.1NRT,296.89,8.75,N
19.44865,-92.0866,319.62,1,1,2025-03-19,0328,T,99,6.1NRT,297.04,15.17,N
19.5265,-92.19069,314.81,1,1,2025-03-19,0328,T,86,6.1NRT,296.57,10.96,N
19.60426,-92.29434,309.29,1,1,2025-03-19,0328,T,65,6.1NRT,296.76,6.8,N
20.04676,-99.28905,301.3,2.29,1.46,2025-03-19,0328,T,40,6.1NRT,289.07,19.16,N
20.56919,-102.4306,303.84,3.85,1.83,2025-03-19,0328,T,57,6.1NRT,289.58,40.9,N
20.57722,-102.43956,312.27,3.85,1.83,2025-03-19,0328,T,84,6.1NRT,289.54,85.43,N
21.63921,-98.36926,306.42,1.81,1.32,2025-03-19,0328,T,68,6.1NRT,292.16,17.24,N
21.69564,-98.43985,303.29,1.82,1.32,2025-03-19,0328,T,54,6.1NRT,292.57,11.84,N
21.67426,-98.55998,309.89,1.86,1.33,2025-03-19,0328,T,79,6.1NRT,292.7,23.54,N
21.75921,-98.41776,311.43,1.81,1.32,2025-03-19,0328,T,82,6.1NRT,292.81,24.42,N
21.7702,-98.40812,304.65,1.81,1.32,2025-03-19,0328,T,61,6.1NRT,292.68,13.47,N
21.76717,-98.425,304.58,1.81,1.32,2025-03-19,0328,T,61,6.1NRT,292.68,13.16,N
21.73026,-98.83368,303.36,1.95,1.36,2025-03-19,0328,T,55,6.1NRT,291.74,13.58,N
21.83443,-98.97637,302.94,1.98,1.37,2025-03-19,0328,T,52,6.1NRT,292.32,12.14,N
21.89461,-98.88064,302.59,1.95,1.36,2025-03-19,0328,T,50,6.1NRT,292.28,11.7,N
22.13561,-99.29413,301.3,2.07,1.4,2025-03-19,0328,T,40,6.1NRT,290.42,12.8,N
22.48247,-98.90894,302.01,1.9,1.35,2025-03-19,0328,T,46,6.1NRT,291.45,11.66,N
22.37665,-102.24438,300.72,3.39,1.74,2025-03-19,0328,T,32,6.1NRT,287.89,34.56,N
22.92752,-99.45729,302.75,2.04,1.39,2025-03-19,0328,T,51,6.1NRT,290.63,14.84,N
23.38933,-98.15591,305.97,1.62,1.25,2025-03-19,0328,T,66,6.1NRT,292.24,15.84,N
23.3905,-98.16236,302.71,1.62,1.25,2025-03-19,0328,T,18,6.1NRT,291.49,10.83,N
28.04639,-108.68466,300.72,3.78,1.82,2025-03-19,0506,T,33,6.1NRT,282.15,40.21,N
21.55151,-78.30997,301.77,2.37,1.49,2025-03-19,0731,A,44,6.1NRT,285.06,25.41,N
21.55275,-78.31501,306.9,2.37,1.49,2025-03-19,0731,A,70,6.1NRT,285.23,33.79,N
20.64609,-76.82549,303.2,1.78,1.31,2025-03-19,0731,A,54,6.1NRT,285.79,18.12,N
20.64775,-76.83082,306.07,1.78,1.31,2025-03-19,0731,A,63,6.1NRT,286.01,20.3,N
9.66008,-63.63644,313.43,4.54,1.96,2025-03-19,0733,A,87,6.1NRT,286.03,116.81,N
9.65293,-63.59699,314.47,4.57,1.96,2025-03-19,0733,A,89,6.1NRT,286.38,124.58,N
9.6582,-63.64433,305.86,4.54,1.96,2025-03-19,0733,A,66,6.1NRT,285.78,67.65,N
9.65132,-63.60492,320.23,4.57,1.96,2025-03-19,0733,A,100,6.1NRT,286.09,168.97,N
22.71934,-99.483,300.19,1.39,1.17,2025-03-19,0909,A,21,6.1NRT,289.78,7.6,N
21.70917,-98.3986,303.46,1.17,1.08,2025-03-19,0909,A,55,6.1NRT,289.48,8.49,N
19.52028,-89.825,309.37,2.15,1.43,2025-03-19,0909,A,77,6.1NRT,290.11,32.71,N
19.51945,-89.83237,311.82,2.15,1.43,2025-03-19,0909,A,83,6.1NRT,290.03,38.02,N
19.45087,-92.07655,307.65,1.48,1.2,2025-03-19,0909,A,56,6.1NRT,296.54,10.48,N
18.5142,-96.14845,301.01,1,1,2025-03-19,0911,A,36,6.1NRT,290.07,5.39,N
18.51279,-96.13921,310.89,1.01,1,2025-03-19,0911,A,81,6.1NRT,292.25,11.64,N
17.90287,-92.48891,307.34,1.48,1.2,2025-03-19,0911,A,71,6.1NRT,292,13.6,N
18.10978,-94.34425,304.58,1.14,1.07,2025-03-19,0911,A,61,6.1NRT,292.33,7.25,N
17.9064,-93.1795,328.9,1.33,1.14,2025-03-19,0911,A,100,6.1NRT,293.58,42,N
17.8964,-93.18132,309.8,1.33,1.14,2025-03-19,0911,A,78,6.1NRT,292.89,14.92,N
17.84586,-93.12182,333,1.35,1.15,2025-03-19,0911,A,100,6.1NRT,292.59,51.68,N
17.8438,-93.1095,339.75,1.35,1.15,2025-03-19,0911,A,100,6.1NRT,293.52,67.82,N
18.6478,-98.45132,302.03,1.1,1.04,2025-03-19,0911,A,46,6.1NRT,286.71,7.42,N
17.98278,-94.52802,305.97,1.12,1.06,2025-03-19,0911,A,66,6.1NRT,295.21,7.74,N
17.89151,-99.65394,303.42,1.23,1.1,2025-03-19,0911,A,55,6.1NRT,292.31,6.67,N
16.20415,-95.16434,311.57,1.1,1.05,2025-03-19,0911,A,83,6.1NRT,294.56,11.58,N
13.75946,-88.8441,304.27,3.39,1.74,2025-03-19,0911,A,59,6.1NRT,288.5,39.26,N
13.7629,-88.85161,305.34,3.39,1.74,2025-03-19,0911,A,64,6.1NRT,288.65,45.6,N
30.49616,-109.61969,304.21,2.73,1.58,2025-03-19,1047,A,59,6.1NRT,273.74,47.33,N
7.57679,-80.79086,318.53,1.09,1.04,2025-03-19,2000,A,63,6.1NRT,296.54,12.13,D
7.75427,-80.90581,340.73,1.08,1.04,2025-03-19,2000,A,89,6.1NRT,301.97,39.55,D
7.75292,-80.91525,319.32,1.08,1.04,2025-03-19,2000,A,63,6.1NRT,301.67,8.62,D
7.76266,-80.90288,327.71,1.08,1.04,2025-03-19,2000,A,77,6.1NRT,301.73,19.08,D
7.76132,-80.91248,329.11,1.08,1.04,2025-03-19,2000,A,78,6.1NRT,302.03,20.79,D
7.98567,-80.76059,325.2,1.1,1.05,2025-03-19,2000,A,73,6.1NRT,303.35,12.52,D
8.33216,-80.1929,327.9,1.19,1.08,2025-03-19,2000,A,0,6.1NRT,299.15,19.42,D
8.34167,-80.19427,323.23,1.19,1.08,2025-03-19,2000,A,59,6.1NRT,300.92,14.05,D
8.2791,-80.71218,327.19,1.12,1.05,2025-03-19,2000,A,67,6.1NRT,298.4,16.97,D
8.26242,-81.41443,322.74,1.05,1.02,2025-03-19,2000,A,71,6.1NRT,304.63,10.12,D
8.2671,-82.46728,320.13,1,1,2025-03-19,2000,A,48,6.1NRT,307.64,11.35,D
8.26582,-82.4761,318.52,1,1,2025-03-19,2000,A,39,6.1NRT,306.69,9.86,D
8.45997,-81.57943,315.22,1.04,1.02,2025-03-19,2000,A,42,6.1NRT,298.34,6.59,D
8.38208,-82.88398,330.65,1,1,2025-03-19,2000,A,82,6.1NRT,304.28,20.28,D
9.07752,-79.23196,324.68,1.39,1.17,2025-03-19,2000,A,73,6.1NRT,300.99,17.06,D
8.90776,-81.86981,312.82,1.03,1.01,2025-03-19,2000,A,61,6.1NRT,300.01,5.45,D
8.96311,-83.59211,326.58,1.02,1.01,2025-03-19,2000,A,61,6.1NRT,301.63,18.18,D
9.11258,-83.202,321.25,1,1,2025-03-19,2000,A,75,6.1NRT,304.54,9.61,D
9.12525,-83.17677,313.82,1,1,2025-03-19,2000,A,36,6.1NRT,302.4,4.6,D
9.15515,-83.21741,318.75,1,1,2025-03-19,2000,A,70,6.1NRT,303.1,7.96,D
9.15385,-83.22626,315.64,1,1,2025-03-19,2000,A,54,6.1NRT,303.66,5.28,D
9.1265,-83.41268,321.28,1.01,1,2025-03-19,2000,A,75,6.1NRT,304.47,7.66,D
9.1252,-83.42158,321.42,1.01,1,2025-03-19,2000,A,76,6.1NRT,305.65,8.32,D
9.21662,-83.1879,317.79,1,1,2025-03-19,2000,A,67,6.1NRT,300.95,9.65,D
9.7148,-83.05869,315.42,1,1,2025-03-19,2000,A,53,6.1NRT,303.55,6.09,D
9.71351,-83.06754,318.19,1,1,2025-03-19,2000,A,72,6.1NRT,302.75,8.78,D
9.67792,-83.4328,311.33,1,1,2025-03-19,2000,A,58,6.1NRT,300.91,5.92,D
10.01585,-84.33695,331.45,1.04,1.02,2025-03-19,2000,A,83,6.1NRT,313.2,17.4,D
10.01615,-84.82522,349.43,1.09,1.04,2025-03-19,2000,A,95,6.1NRT,309.03,49.78,D
10.0147,-84.83482,328.19,1.09,1.04,2025-03-19,2000,A,54,6.1NRT,310.82,11.44,D
10.26,-83.87601,311.6,1.02,1.01,2025-03-19,2000,A,46,6.1NRT,292.65,3.22,D
10.6391,-83.81216,313.49,1.01,1,2025-03-19,2000,A,53,6.1NRT,294.19,7.18,D
10.47273,-85.16209,335.74,1.11,1.05,2025-03-19,2000,A,85,6.1NRT,307.05,27.73,D
10.47121,-85.17191,345.81,1.11,1.05,2025-03-19,2000,A,92,6.1NRT,311.49,47.02,D
10.4226,-85.73466,326.08,1.19,1.08,2025-03-19,2000,A,60,6.1NRT,307.61,12.79,D
10.52518,-85.67242,327.37,1.17,1.08,2025-03-19,2000,A,77,6.1NRT,308.64,13.79,D
10.71255,-84.56184,317.62,1.05,1.02,2025-03-19,2000,A,59,6.1NRT,302.18,6.65,D
10.83077,-83.82647,343.93,1.01,1,2025-03-19,2000,A,92,6.1NRT,293.89,46.88,D
10.82946,-83.83541,320.61,1.01,1,2025-03-19,2000,A,73,6.1NRT,291.62,14.61,D
10.90347,-83.83421,309.32,1.01,1,2025-03-19,2000,A,38,6.1NRT,294.86,4.6,D
10.80301,-84.76084,316.71,1.06,1.03,2025-03-19,2000,A,62,6.1NRT,297.18,8.65,D
12.32919,-86.88699,316.07,1.3,1.13,2025-03-19,2002,A,64,6.1NRT,293.47,6.91,D
12.65161,-86.79353,320.18,1.27,1.12,2025-03-19,2002,A,28,6.1NRT,292.74,10.75,D
13.30205,-86.77913,312.55,1.24,1.11,2025-03-19,2002,A,39,6.1NRT,290.97,9.33,D
13.32779,-88.19422,322.13,1.54,1.22,2025-03-19,2002,A,50,6.1NRT,306.79,12.59,D
14.59175,-86.34653,317.55,1.14,1.06,2025-03-19,2002,A,59,6.1NRT,300.99,11.24,D
14.59017,-86.35669,317.09,1.14,1.06,2025-03-19,2002,A,54,6.1NRT,297.77,11.04,D
14.02033,-90.53573,318.69,2.25,1.45,2025-03-19,2002,A,59,6.1NRT,299.46,18.04,D
15.13964,-83.86411,317.66,1,1,2025-03-19,2002,A,57,6.1NRT,295.08,7.81,D
14.7408,-87.04263,331.79,1.23,1.1,2025-03-19,2002,A,85,6.1NRT,307.13,26.53,D
14.73904,-87.05366,323.49,1.23,1.1,2025-03-19,2002,A,66,6.1NRT,306.57,13.72,D
14.75528,-88.78069,311.92,1.6,1.25,2025-03-19,2002,A,25,6.1NRT,299.07,9.95,D
15.46797,-84.5386,318.8,1,1,2025-03-19,2002,A,55,6.1NRT,296.68,9.02,D
14.98641,-87.87756,316.46,1.37,1.16,2025-03-19,2002,A,68,6.1NRT,299.78,12.93,D
14.70823,-90.53471,319.74,2.19,1.43,2025-03-19,2002,A,70,6.1NRT,303.55,28.1,D
15.28606,-88.30782,310.22,1.45,1.19,2025-03-19,2002,A,44,6.1NRT,296.75,6.39,D
15.4001,-88.1105,313.2,1.4,1.17,2025-03-19,2002,A,48,6.1NRT,301.32,9.4,D
15.398,-88.12323,315.79,1.4,1.17,2025-03-19,2002,A,50,6.1NRT,301.32,11.49,D
15.63505,-87.99779,311.33,1.37,1.16,2025-03-19,2002,A,54,6.1NRT,299.17,8.91,D
16.65991,-88.39613,315.21,1.4,1.17,2025-03-19,2002,A,63,6.1NRT,300.43,10.95,D
16.33202,-90.63354,313.79,2.06,1.4,2025-03-19,2002,A,60,6.1NRT,299.92,17.71,D
16.85246,-89.45371,318.01,1.64,1.26,2025-03-19,2002,A,69,6.1NRT,302.44,17.47,D
16.34511,-92.71221,342.1,2.99,1.64,2025-03-19,2002,A,91,6.1NRT,304.84,172.4,D
16.34036,-92.73725,371.58,3,1.65,2025-03-19,2002,A,94,6.1NRT,306.88,541.66,D
16.33517,-92.76464,355.5,3.02,1.65,2025-03-19,2002,A,85,6.1NRT,307.18,314.12,D
16.35463,-92.7402,342.43,3,1.65,2025-03-19,2002,A,91,6.1NRT,305.47,176.96,D
16.34957,-92.76701,338.83,3.02,1.65,2025-03-19,2002,A,84,6.1NRT,307.3,145.65,D
16.81566,-90.2737,322.28,1.89,1.34,2025-03-19,2002,A,74,6.1NRT,303.06,27.85,D
16.36878,-92.74375,327.78,3,1.65,2025-03-19,2002,A,80,6.1NRT,305.45,69.16,D
16.36388,-92.76989,328.28,3.02,1.65,2025-03-19,2002,A,68,6.1NRT,305.39,68.52,D
16.49412,-92.14478,322.01,2.69,1.57,2025-03-19,2002,A,73,6.1NRT,298.45,68.64,D
16.37086,-92.74866,328.61,3,1.65,2025-03-19,2002,A,81,6.1NRT,305.3,74.95,D
16.34411,-94.40265,318.28,4.03,1.86,2025-03-19,2002,A,57,6.1NRT,304.24,45.56,D
16.33516,-94.40827,321.41,4.03,1.86,2025-03-19,2002,A,71,6.1NRT,304.99,65.27,D
16.19561,-95.17657,315.72,4.64,1.97,2025-03-19,2002,A,43,6.1NRT,297.56,62.4,D
17.02849,-90.95155,324.72,2.11,1.41,2025-03-19,2002,A,77,6.1NRT,301.08,46.69,D
18.05765,-88.53736,328.15,1.35,1.15,2025-03-19,2002,A,81,6.1NRT,298.67,30.73,D
18.05563,-88.54973,324.36,1.36,1.15,2025-03-19,2002,A,78,6.1NRT,296.88,24.32,D
18.26716,-88.69627,316.59,1.37,1.16,2025-03-19,2002,A,62,6.1NRT,298.75,9.77,D
17.80129,-91.86193,314.38,2.39,1.49,2025-03-19,2002,A,57,6.1NRT,302.66,21.32,D
18.09023,-90.60792,319.06,1.89,1.34,2025-03-19,2002,A,59,6.1NRT,303.5,16.37,D
18.09662,-90.61407,322.1,1.89,1.34,2025-03-19,2002,A,73,6.1NRT,303.56,23.9,D
20.06608,-77.50272,346.99,2.75,1.59,2025-03-19,2002,A,94,6.1NRT,305.4,199.67,D
20.06345,-77.52799,337.54,2.74,1.58,2025-03-19,2002,A,88,6.1NRT,304.71,127.18,D
20.08006,-77.50417,334.21,2.75,1.59,2025-03-19,2002,A,81,6.1NRT,305.48,105.19,D
20.08438,-77.50966,323.96,2.75,1.59,2025-03-19,2002,A,60,6.1NRT,304.8,48.56,D
17.82877,-93.10369,324.77,2.97,1.64,2025-03-19,2002,A,76,6.1NRT,304.13,68.83,D
17.82358,-93.13039,337.12,2.99,1.64,2025-03-19,2002,A,87,6.1NRT,304.38,148.99,D
20.15877,-77.33435,320.09,2.84,1.61,2025-03-19,2002,A,71,6.1NRT,307.36,32.19,D
17.83781,-93.13349,321.19,2.99,1.64,2025-03-19,2002,A,71,6.1NRT,303.16,49.88,D
20.17295,-77.33588,318.61,2.84,1.61,2025-03-19,2002,A,55,6.1NRT,306.12,23.92,D
17.88963,-93.17286,321.7,3,1.65,2025-03-19,2002,A,71,6.1NRT,303.63,57.58,D
17.88455,-93.19978,330.75,3.02,1.65,2025-03-19,2002,A,82,6.1NRT,304.96,109.82,D
17.89213,-93.18077,329.58,3,1.65,2025-03-19,2002,A,81,6.1NRT,303.96,101.76,D
17.88686,-93.20763,321.48,3.02,1.65,2025-03-19,2002,A,71,6.1NRT,304.8,56.74,D
17.89967,-93.53017,322.11,3.19,1.69,2025-03-19,2002,A,72,6.1NRT,304.76,59.26,D
17.8993,-93.53455,320.97,3.19,1.69,2025-03-19,2002,A,70,6.1NRT,304.7,52.67,D
18.73446,-89.09734,323.08,1.43,1.18,2025-03-19,2002,A,75,6.1NRT,301.98,23.58,D
18.73223,-89.11035,313.96,1.44,1.19,2025-03-19,2002,A,56,6.1NRT,301.43,9.31,D
20.42785,-77.04681,316.96,3.02,1.65,2025-03-19,2002,A,57,6.1NRT,304.46,28.03,D
18.91752,-88.5067,314.59,1.31,1.13,2025-03-19,2002,A,57,6.1NRT,302.05,9.43,D
20.43081,-77.05504,318.49,3.02,1.65,2025-03-19,2002,A,57,6.1NRT,303.89,39.54,D
18.92324,-88.59458,319.39,1.32,1.14,2025-03-19,2002,A,33,6.1NRT,304.26,12.17,D
18.70965,-90.23907,325.82,1.73,1.29,2025-03-19,2002,A,78,6.1NRT,306.1,31.55,D
18.61836,-90.76646,327.92,1.9,1.35,2025-03-19,2002,A,80,6.1NRT,305.3,39.31,D
18.7082,-90.24364,326.02,1.73,1.29,2025-03-19,2002,A,78,6.1NRT,306,32.27,D
19.07039,-88.20313,319.96,1.25,1.11,2025-03-19,2002,A,71,6.1NRT,299.86,15.11,D
18.62778,-90.75532,317.66,1.89,1.34,2025-03-19,2002,A,64,6.1NRT,304.06,14.24,D
18.62464,-90.77259,323.2,1.9,1.35,2025-03-19,2002,A,75,6.1NRT,304.92,28.65,D
18.59224,-91.15521,325.9,2.03,1.39,2025-03-19,2002,A,78,6.1NRT,305.01,43.25,D
20.65355,-76.76332,335.87,3.19,1.69,2025-03-19,2002,A,87,6.1NRT,304.21,144.98,D
20.65711,-76.74166,318.29,3.21,1.7,2025-03-19,2002,A,40,6.1NRT,302.43,37.89,D
20.65426,-76.7714,331.35,3.19,1.69,2025-03-19,2002,A,84,6.1NRT,304.54,111.57,D
20.69048,-77.15248,319.56,2.99,1.64,2025-03-19,2002,A,55,6.1NRT,307.73,33.49,D
20.86562,-76.45975,327.69,3.39,1.74,2025-03-19,2002,A,81,6.1NRT,303.93,103.65,D
20.77864,-77.30614,315.2,2.91,1.63,2025-03-19,2002,A,63,6.1NRT,303.58,25.36,D
18.9043,-90.71719,325.74,1.86,1.33,2025-03-19,2002,A,75,6.1NRT,304.85,32.13,D
18.90036,-90.72343,324.71,1.86,1.33,2025-03-19,2002,A,76,6.1NRT,306.1,31.49,D
20.86394,-76.46765,327.49,3.39,1.74,2025-03-19,2002,A,78,6.1NRT,303.92,102.07,D
20.78278,-77.31443,327.01,2.91,1.63,2025-03-19,2002,A,77,6.1NRT,303.74,81.65,D
20.7248,-78.02804,320.38,2.56,1.54,2025-03-19,2002,A,45,6.1NRT,304.54,31.13,D
20.90663,-76.34345,331.6,3.47,1.75,2025-03-19,2002,A,82,6.1NRT,304.66,128.42,D
20.7872,-77.55668,320.06,2.79,1.6,2025-03-19,2002,A,36,6.1NRT,307.26,24.56,D
20.92204,-76.34518,323.03,3.47,1.75,2025-03-19,2002,A,71,6.1NRT,305.23,71.37,D
19.41482,-88.04145,311.64,1.21,1.09,2025-03-19,2002,A,46,6.1NRT,301.55,6.01,D
19.29857,-88.75165,312.94,1.33,1.14,2025-03-19,2002,A,49,6.1NRT,302.12,8.21,D
20.85153,-77.34959,317.96,2.9,1.62,2025-03-19,2002,A,52,6.1NRT,303.84,29.68,D
20.77637,-78.05816,326.57,2.55,1.54,2025-03-19,2002,A,75,6.1NRT,302.36,56.73,D
20.91741,-76.34946,328.58,3.47,1.75,2025-03-19,2004,A,79,6.1NRT,305.86,105.33,D
20.85393,-77.35499,316.53,2.9,1.62,2025-03-19,2004,A,30,6.1NRT,304.02,22.84,D
20.78358,-78.06416,325.08,2.55,1.54,2025-03-19,2004,A,73,6.1NRT,302.22,52.83,D
20.78118,-78.08788,316.81,2.54,1.53,2025-03-19,2004,A,45,6.1NRT,300.49,23.89,D
20.8168,-77.87224,322.41,2.64,1.56,2025-03-19,2004,A,41,6.1NRT,308.72,26.52,D
20.85867,-77.59652,322.92,2.78,1.59,2025-03-19,2004,A,71,6.1NRT,306.08,42.76,D
20.85607,-77.62233,323.8,2.76,1.59,2025-03-19,2004,A,73,6.1NRT,303.66,47.13,D
19.211,-89.68806,322.28,1.54,1.22,2025-03-19,2004,A,73,6.1NRT,307.93,19.74,D
20.8727,-77.59801,336.18,2.78,1.59,2025-03-19,2004,A,86,6.1NRT,307.64,115.65,D
20.87005,-77.62401,339.71,2.76,1.59,2025-03-19,2004,A,88,6.1NRT,306.27,140.39,D
20.85878,-78.00034,335.43,2.58,1.54,2025-03-19,2004,A,85,6.1NRT,308.6,93.77,D
20.85395,-78.00703,334.48,2.58,1.54,2025-03-19,2004,A,85,6.1NRT,307.76,87.68,D
19.27561,-89.66354,338.09,1.53,1.22,2025-03-19,2004,A,88,6.1NRT,310.31,53.02,D
19.27315,-89.67756,323.75,1.54,1.22,2025-03-19,2004,A,70,6.1NRT,311.38,18.06,D
20.96032,-77.64167,317.45,2.76,1.59,2025-03-19,2004,A,58,6.1NRT,304.02,28.32,D
20.9577,-77.66735,322.97,2.75,1.59,2025-03-19,2004,A,72,6.1NRT,304.86,52.25,D
20.9516,-77.99419,325.82,2.6,1.55,2025-03-19,2004,A,36,6.1NRT,306.17,43.51,D
20.95818,-78.00031,324.2,2.6,1.55,2025-03-19,2004,A,25,6.1NRT,306.57,37.09,D
21.00652,-77.65231,315.99,2.76,1.59,2025-03-19,2004,A,52,6.1NRT,303.27,25.66,D
20.97179,-78.00191,327.91,2.6,1.55,2025-03-19,2004,A,79,6.1NRT,307.76,57.84,D
20.96936,-78.0261,322.55,2.58,1.54,2025-03-19,2004,A,54,6.1NRT,307.02,34.48,D
21.00023,-77.8567,321.8,2.66,1.57,2025-03-19,2004,A,69,6.1NRT,304.48,41.58,D
19.32332,-90.30505,322.66,1.7,1.28,2025-03-19,2004,A,48,6.1NRT,310.49,17.55,D
7.01049,-63.63655,345.61,2.04,1.39,2025-03-19,1821,A,93,6.1NRT,299.9,120.42,D
21.04646,-78.20313,320.47,2.51,1.52,2025-03-19,2004,A,65,6.1NRT,305.16,31.04,D
7.01401,-63.64209,326.18,2.04,1.39,2025-03-19,1821,A,31,6.1NRT,301.87,37.63,D
21.07518,-77.74574,319.09,2.73,1.58,2025-03-19,2004,A,67,6.1NRT,305.71,32.29,D
7.32785,-62.18579,322.82,1.55,1.23,2025-03-19,1821,A,61,6.1NRT,304.13,21.97,D
21.05857,-78.18845,334.39,2.52,1.53,2025-03-19,2004,A,85,6.1NRT,304.01,91.52,D
7.33359,-62.17949,321.85,1.55,1.23,2025-03-19,1821,A,36,6.1NRT,302.9,19.17,D
21.05618,-78.21183,325.42,2.51,1.52,2025-03-19,2004,A,77,6.1NRT,303.95,50.27,D
7.53854,-61.67246,341.87,1.42,1.18,2025-03-19,1821,A,91,6.1NRT,304.29,56.34,D
21.04902,-78.28149,321.04,2.48,1.52,2025-03-19,2004,A,55,6.1NRT,302.67,32.07,D
19.35105,-90.48006,321.66,1.75,1.3,2025-03-19,2004,A,45,6.1NRT,308.22,15.62,D
7.54692,-61.68644,341.65,1.42,1.18,2025-03-19,1821,A,91,6.1NRT,304.93,56.9,D
19.36232,-90.48235,325.77,1.75,1.3,2025-03-19,2004,A,75,6.1NRT,308.26,26.21,D
7.47599,-62.13826,324.45,1.53,1.22,2025-03-19,1821,A,78,6.1NRT,301.58,26.15,D
19.48677,-89.83394,404.08,1.56,1.23,2025-03-19,2004,A,100,6.1NRT,312.77,509.88,D
7.47386,-62.15178,343.96,1.54,1.22,2025-03-19,1821,A,92,6.1NRT,302.35,79.76,D
19.4843,-89.84827,353.87,1.57,1.23,2025-03-19,2004,A,97,6.1NRT,307.57,113.81,D
7.22024,-63.81664,327.56,2.09,1.41,2025-03-19,1821,A,80,6.1NRT,298.76,51.21,D
19.49993,-89.82175,341.53,1.56,1.23,2025-03-19,2004,A,90,6.1NRT,308.27,63.63,D
7.51409,-62.20649,328.16,1.55,1.23,2025-03-19,1821,A,81,6.1NRT,301.76,32.47,D
21.1385,-78.07754,325.65,2.57,1.54,2025-03-19,2004,A,77,6.1NRT,303.24,52.34,D
7.21878,-64.4802,315.78,2.36,1.48,2025-03-19,1821,A,57,6.1NRT,294.39,26.16,D
21.12829,-78.17265,319.54,2.53,1.53,2025-03-19,2004,A,55,6.1NRT,305.24,25.74,D
7.27723,-64.60171,324.47,2.41,1.5,2025-03-19,1821,A,77,6.1NRT,296.49,61.39,D
19.51307,-89.80954,346.89,1.55,1.23,2025-03-19,2004,A,93,6.1NRT,307.72,82.56,D
8.05085,-59.79204,317.94,1.09,1.04,2025-03-19,1821,A,75,6.1NRT,294.77,12.5,D
19.51064,-89.82386,397.13,1.56,1.23,2025-03-19,2004,A,100,6.1NRT,312.31,427.56,D
8.04941,-59.80165,314.1,1.09,1.04,2025-03-19,1821,A,70,6.1NRT,296.48,8.54,D
19.50819,-89.83823,376.9,1.56,1.23,2025-03-19,2004,A,100,6.1NRT,311.4,246.41,D
8.06482,-59.82373,329.99,1.09,1.04,2025-03-19,1821,A,85,6.1NRT,298.81,26.56,D
19.50575,-89.85258,329.52,1.57,1.23,2025-03-19,2004,A,80,6.1NRT,306.05,33.56,D
7.31915,-64.74597,332.95,2.47,1.51,2025-03-19,1821,A,80,6.1NRT,293.9,105.52,D
19.52377,-89.81166,348.99,1.55,1.23,2025-03-19,2004,A,94,6.1NRT,306.93,91.4,D
7.31604,-64.76476,335.12,2.48,1.52,2025-03-19,1821,A,81,6.1NRT,292.71,117.43,D
19.52134,-89.82597,392.08,1.56,1.23,2025-03-19,2004,A,100,6.1NRT,309.92,376.56,D
19.5189,-89.84037,416.96,1.56,1.23,2025-03-19,2004,A,100,6.1NRT,316.08,690.1,D
7.93611,-61.88174,319.74,1.44,1.19,2025-03-19,1821,A,43,6.1NRT,302.96,13.25,D
19.5158,-89.81548,347.84,1.55,1.23,2025-03-19,2004,A,94,6.1NRT,307.82,87.01,D
19.51327,-89.8298,370.25,1.56,1.23,2025-03-19,2004,A,100,6.1NRT,309.96,201.06,D
7.71776,-63.29566,328.49,1.86,1.33,2025-03-19,1821,A,74,6.1NRT,304.44,35.27,D
19.51073,-89.84413,368.01,1.56,1.23,2025-03-19,2004,A,100,6.1NRT,310.96,188.7,D
8.10807,-61.91435,315.15,1.44,1.19,2025-03-19,1821,A,35,6.1NRT,297.51,12.49,D
19.5681,-89.58038,323.5,1.49,1.21,2025-03-19,2004,A,67,6.1NRT,307.29,14.7,D
7.85779,-63.5974,330.25,1.95,1.36,2025-03-19,1821,A,71,6.1NRT,303.94,33.48,D
19.52649,-89.8176,357.72,1.55,1.23,2025-03-19,2004,A,98,6.1NRT,307.07,133.71,D
19.52397,-89.8319,415.92,1.56,1.23,2025-03-19,2004,A,100,6.1NRT,314.11,674.87,D
7.85462,-63.58617,336.78,1.95,1.36,2025-03-19,1821,A,87,6.1NRT,304.45,61.9,D
19.52144,-89.84625,377.64,1.56,1.23,2025-03-19,2004,A,100,6.1NRT,311.76,259.04,D
21.14539,-78.08347,321.52,2.57,1.54,2025-03-19,2004,A,74,6.1NRT,303.47,37.28,D
8.00245,-62.75414,325.61,1.67,1.27,2025-03-19,1821,A,67,6.1NRT,300.16,29.08,D
19.53717,-89.81977,336.99,1.55,1.23,2025-03-19,2004,A,87,6.1NRT,305.27,54.61,D
7.94311,-63.60633,331.75,1.95,1.36,2025-03-19,1821,A,83,6.1NRT,302.84,47.69,D
19.53467,-89.83404,335.96,1.56,1.23,2025-03-19,2004,A,86,6.1NRT,305.3,52.93,D
8.14693,-62.7089,320.8,1.65,1.26,2025-03-19,1821,A,61,6.1NRT,302.36,22.74,D
21.16516,-78.15826,324.65,2.54,1.53,2025-03-19,2004,A,78,6.1NRT,305.65,43.43,D
8.17975,-63.08762,326.1,1.76,1.3,2025-03-19,1821,A,54,6.1NRT,305.03,28.24,D
21.18856,-78.06416,325.69,2.58,1.54,2025-03-19,2004,A,74,6.1NRT,305.5,50.65,D
19.58144,-89.75549,326.23,1.54,1.22,2025-03-19,2004,A,74,6.1NRT,312.14,17.86,D
8.00242,-64.27241,328.35,2.19,1.44,2025-03-19,1821,A,79,6.1NRT,301.3,52.96,D
19.57901,-89.76958,334.94,1.54,1.22,2025-03-19,2004,A,85,6.1NRT,310.61,39.86,D
7.99932,-64.29163,327.68,2.2,1.44,2025-03-19,1821,A,69,6.1NRT,303.13,49.01,D
19.62175,-89.64795,354.57,1.51,1.21,2025-03-19,2004,A,97,6.1NRT,312.68,105.38,D
8.07401,-63.90426,333.42,2.04,1.39,2025-03-19,1821,A,56,6.1NRT,302.04,55.93,D
19.61939,-89.6618,352.79,1.51,1.21,2025-03-19,2004,A,96,6.1NRT,310.3,98.53,D
8.00301,-64.27754,331.1,2.19,1.44,2025-03-19,1821,A,61,6.1NRT,301.44,64.55,D
21.21154,-78.23503,326.03,2.51,1.52,2025-03-19,2004,A,79,6.1NRT,305.67,49.41,D
8.07739,-63.90984,337.84,2.04,1.39,2025-03-19,1821,A,87,6.1NRT,303.73,73.47,D
21.2455,-78.04647,322.42,2.6,1.55,2025-03-19,2004,A,65,6.1NRT,303.84,36.78,D
21.23772,-78.11863,325.74,2.56,1.54,2025-03-19,2004,A,79,6.1NRT,307.32,46.28,D
8.43102,-62.28476,319.66,1.51,1.21,2025-03-19,1821,A,55,6.1NRT,299.22,21.47,D
21.21017,-78.21835,319.59,2.52,1.53,2025-03-19,2004,A,70,6.1NRT,306.39,23.62,D
8.43561,-62.29212,318.38,1.51,1.21,2025-03-19,1821,A,52,6.1NRT,297.72,19.91,D
21.20782,-78.24179,320.46,2.51,1.52,2025-03-19,2004,A,73,6.1NRT,304.82,28.58,D
8.41385,-62.42683,319.08,1.55,1.23,2025-03-19,1821,A,53,6.1NRT,300.29,14.17,D
21.23312,-78.12534,323.99,2.56,1.54,2025-03-19,2004,A,77,6.1NRT,306.61,38.93,D
8.00663,-65.04424,322.74,2.53,1.53,2025-03-19,1821,A,49,6.1NRT,300.85,34.34,D
21.25396,-78.05482,319.16,2.6,1.55,2025-03-19,2004,A,71,6.1NRT,304.18,25.27,D
8.69535,-62.67424,337.29,1.6,1.25,2025-03-19,1821,A,81,6.1NRT,306.78,45.06,D
21.2914,-78.30407,324.72,2.49,1.52,2025-03-19,2004,A,69,6.1NRT,306.62,44.16,D
21.33148,-78.3088,318.75,2.49,1.52,2025-03-19,2004,A,66,6.1NRT,305.16,25.54,D
8.69086,-62.70243,360.75,1.61,1.25,2025-03-19,1821,A,100,6.1NRT,305.04,146.22,D
21.31251,-78.49162,326.81,2.41,1.5,2025-03-19,2004,A,70,6.1NRT,308.37,52.04,D
8.68861,-62.71657,340.73,1.61,1.25,2025-03-19,1821,A,89,6.1NRT,305.31,62.54,D
19.89595,-88.99592,316.34,1.35,1.15,2025-03-19,2004,A,55,6.1NRT,305.18,9.23,D
19.38183,-92.04945,310.08,2.29,1.46,2025-03-19,2004,A,27,6.1NRT,297.18,16.21,D
8.73674,-62.48289,335.43,1.55,1.23,2025-03-19,1821,A,82,6.1NRT,310.14,32.55,D
8.7238,-62.56492,362.58,1.57,1.23,2025-03-19,1821,A,100,6.1NRT,311.29,149.11,D
20.18495,-87.50453,316.76,1.11,1.05,2025-03-19,2004,A,49,6.1NRT,295.89,9.8,D
20.18329,-87.51485,331.55,1.12,1.05,2025-03-19,2004,A,63,6.1NRT,298.17,29.08,D
8.72162,-62.5787,360.51,1.57,1.24,2025-03-19,1821,A,100,6.1NRT,307.99,133.5,D
19.44109,-92.09048,313.51,2.29,1.47,2025-03-19,2004,A,58,6.1NRT,297.09,25.12,D
8.71726,-62.60633,335.43,1.58,1.24,2025-03-19,1821,A,67,6.1NRT,309.95,31.26,D
8.70402,-62.69007,350.08,1.6,1.25,2025-03-19,1821,A,94,6.1NRT,308.72,87.05,D
21.53909,-78.32246,333.61,2.5,1.52,2025-03-19,2004,A,86,6.1NRT,306.42,85.7,D
8.70179,-62.70415,362.58,1.61,1.25,2025-03-19,1821,A,100,6.1NRT,309.44,147.96,D
21.53663,-78.34583,322.12,2.49,1.52,2025-03-19,2004,A,60,6.1NRT,304.09,35.33,D
8.69955,-62.71828,389.31,1.61,1.25,2025-03-19,1821,A,100,6.1NRT,310.02,355.3,D
21.61211,-77.88814,333.7,2.7,1.57,2025-03-19,2004,A,86,6.1NRT,304.91,112.45,D
8.6928,-62.76087,355.17,1.62,1.25,2025-03-19,1821,A,97,6.1NRT,304.84,116.93,D
21.54894,-78.3309,333.98,2.5,1.52,2025-03-19,2004,A,81,6.1NRT,306.16,88.87,D
21.60775,-77.86926,317.74,2.71,1.58,2025-03-19,2004,A,48,6.1NRT,303.85,37.42,D
8.69055,-62.77512,345.4,1.63,1.26,2025-03-19,1821,A,92,6.1NRT,307.43,77.1,D
21.60526,-77.89498,331.25,2.7,1.57,2025-03-19,2004,A,84,6.1NRT,305.11,98.94,D
8.73676,-62.5529,366.66,1.57,1.23,2025-03-19,1821,A,100,6.1NRT,309.03,171.5,D
20.0029,-90.00227,321.63,1.57,1.23,2025-03-19,2004,A,56,6.1NRT,310.65,12.87,D
8.73461,-62.56659,496.49,1.57,1.23,2025-03-19,1821,A,100,6.1NRT,335.39,2922.02,D
8.7281,-62.60803,340.03,1.58,1.24,2025-03-19,1821,A,66,6.1NRT,302.21,46.91,D
21.63417,-78.29332,319.17,2.52,1.53,2025-03-19,2004,A,43,6.1NRT,303.03,26.29,D
8.71271,-62.70591,371.41,1.61,1.25,2025-03-19,1821,A,100,6.1NRT,311.76,197.1,D
21.65009,-78.27134,319.24,2.53,1.53,2025-03-19,2004,A,59,6.1NRT,304.69,29.72,D
8.71048,-62.72004,383.02,1.61,1.25,2025-03-19,1821,A,100,6.1NRT,311.1,289.12,D
21.6476,-78.29497,325.57,2.52,1.53,2025-03-19,2004,A,79,6.1NRT,305.9,54.45,D
21.62176,-78.66125,319.01,2.36,1.48,2025-03-19,2004,A,69,6.1NRT,302.16,32.69,D
8.70825,-62.73421,336.78,1.62,1.25,2025-03-19,1821,A,86,6.1NRT,305.75,34.59,D
8.70602,-62.74841,337.12,1.62,1.25,2025-03-19,1821,A,78,6.1NRT,304.33,42.49,D
20.04339,-90.02528,320.44,1.57,1.24,2025-03-19,2004,A,56,6.1NRT,309.83,13.59,D
8.70153,-62.77691,431.4,1.63,1.26,2025-03-19,1821,A,100,6.1NRT,311.14,987.45,D
20.02339,-90.14239,324.69,1.6,1.25,2025-03-19,2004,A,72,6.1NRT,308.11,21.94,D
8.74541,-62.56828,444.97,1.57,1.23,2025-03-19,1821,A,100,6.1NRT,312.14,1227.22,D
21.64413,-78.27579,329.21,2.53,1.53,2025-03-19,2004,A,70,6.1NRT,305.71,67.18,D
21.64181,-78.29945,324.79,2.52,1.53,2025-03-19,2004,A,50,6.1NRT,303.43,46.5,D
8.74326,-62.58207,463.62,1.57,1.24,2025-03-19,1821,A,100,6.1NRT,317.85,1730.01,D
8.73894,-62.60974,372.47,1.58,1.24,2025-03-19,1821,A,100,6.1NRT,301.09,212.35,D
21.61872,-78.66611,315.74,2.36,1.48,2025-03-19,2004,A,56,6.1NRT,301.84,22.76,D
21.74772,-79.05792,318.57,2.21,1.44,2025-03-19,2004,A,65,6.1NRT,301.52,30.09,D
8.7562,-62.57007,327.3,1.57,1.23,2025-03-19,1821,A,59,6.1NRT,303.09,20.86,D
8.72792,-62.75204,337.63,1.62,1.25,2025-03-19,1821,A,73,6.1NRT,302.77,41.96,D
21.69058,-79.57274,320.67,2.02,1.38,2025-03-19,2004,A,0,6.1NRT,304.06,21.67,D
8.7257,-62.76626,351.47,1.62,1.25,2025-03-19,1821,A,93,6.1NRT,305.52,100.54,D
21.70275,-79.5743,320.96,2.02,1.38,2025-03-19,2004,A,57,6.1NRT,304.11,23.14,D
21.70061,-79.59318,335.47,2.01,1.38,2025-03-19,2004,A,81,6.1NRT,303.55,73.32,D
8.71903,-62.80913,392.46,1.64,1.26,2025-03-19,1821,A,100,6.1NRT,305.32,402.53,D
21.80128,-78.80649,327.63,2.31,1.47,2025-03-19,2004,A,79,6.1NRT,305.48,52.99,D
8.74847,-62.57566,423.47,1.57,1.23,2025-03-19,1821,A,100,6.1NRT,310.78,794.33,D
8.74622,-62.58943,372.09,1.57,1.24,2025-03-19,1821,A,100,6.1NRT,303.64,213.55,D
21.74734,-79.06315,316.19,2.21,1.44,2025-03-19,2004,A,54,6.1NRT,301.74,22.11,D
21.69385,-79.57861,334.57,2.02,1.38,2025-03-19,2004,A,74,6.1NRT,304.96,67.63,D
8.74396,-62.60323,334.85,1.58,1.24,2025-03-19,1821,A,35,6.1NRT,299.12,42.5,D
8.7417,-62.61708,349.56,1.58,1.24,2025-03-19,1821,A,94,6.1NRT,296.99,96.45,D
21.69186,-79.59749,328.25,2.01,1.38,2025-03-19,2004,A,73,6.1NRT,303.23,44.32,D
8.71872,-62.75741,339.59,1.62,1.25,2025-03-19,1821,A,67,6.1NRT,306.24,47.73,D
21.704,-79.59907,317.72,2.01,1.38,2025-03-19,2004,A,47,6.1NRT,302.36,16,D
8.75926,-62.57742,328.38,1.57,1.23,2025-03-19,1821,A,71,6.1NRT,304.2,23.35,D
21.81423,-78.79126,326.04,2.32,1.47,2025-03-19,2004,A,76,6.1NRT,306.84,46.38,D
21.81198,-78.81308,347.51,2.31,1.47,2025-03-19,2004,A,93,6.1NRT,305.76,159.93,D
8.7227,-62.80194,357.02,1.63,1.26,2025-03-19,1821,A,93,6.1NRT,303.25,130.78,D
21.8069,-78.98591,335.38,2.24,1.45,2025-03-19,2004,A,86,6.1NRT,306.62,86.58,D
8.77006,-62.57919,326.02,1.57,1.23,2025-03-19,1821,A,76,6.1NRT,306.87,19.71,D
8.74235,-62.81996,373.99,1.64,1.26,2025-03-19,1821,A,97,6.1NRT,304.97,241.38,D
21.80467,-79.00697,320.86,2.23,1.45,2025-03-19,2004,A,31,6.1NRT,304.76,29.19,D
21.81966,-78.9875,326.35,2.24,1.45,2025-03-19,2004,A,72,6.1NRT,306.77,45.22,D
8.74004,-62.83432,414.77,1.64,1.26,2025-03-19,1821,A,100,6.1NRT,306.83,705.46,D
21.76942,-79.45226,329.99,2.07,1.4,2025-03-19,2004,A,81,6.1NRT,303.88,56.95,D
8.73771,-62.84873,409.11,1.65,1.26,2025-03-19,1821,A,100,6.1NRT,303.46,627.54,D
21.82115,-79.09342,321.07,2.2,1.44,2025-03-19,2004,A,56,6.1NRT,307.65,28.48,D
8.75336,-62.82175,325.8,1.64,1.26,2025-03-19,1821,A,53,6.1NRT,297.85,29.56,D
21.78171,-79.45386,328.17,2.07,1.4,2025-03-19,2004,A,79,6.1NRT,306.11,50.27,D
8.6574,-63.71487,369.68,1.93,1.36,2025-03-19,1821,A,100,6.1NRT,302.35,271.87,D
20.3023,-90.00484,321.9,1.55,1.23,2025-03-19,2004,A,70,6.1NRT,311.06,16.06,D
8.65404,-63.70198,334.85,1.92,1.35,2025-03-19,1821,A,57,6.1NRT,301.44,57.25,D
8.65123,-63.71879,368.82,1.93,1.36,2025-03-19,1821,A,100,6.1NRT,299.93,262.4,D
21.85224,-79.15977,328.56,2.18,1.43,2025-03-19,2004,A,70,6.1NRT,310.05,46.66,D
21.84998,-79.18005,346.12,2.17,1.43,2025-03-19,2004,A,93,6.1NRT,306.44,134.28,D
8.90167,-62.74914,343.35,1.61,1.25,2025-03-19,1821,A,91,6.1NRT,303.25,75.73,D
21.76112,-79.95911,319.19,1.89,1.34,2025-03-19,2004,A,0,6.1NRT,303.36,17.5,D
8.91258,-62.75094,380.67,1.61,1.25,2025-03-19,1821,A,100,6.1NRT,304.36,289.21,D
8.91038,-62.7651,346.72,1.61,1.25,2025-03-19,1821,A,93,6.1NRT,299.84,90.11,D
21.85027,-78.95606,320.05,2.26,1.46,2025-03-19,2004,A,51,6.1NRT,306.95,24.31,D
8.90618,-62.7422,345.88,1.6,1.25,2025-03-19,1821,A,92,6.1NRT,304.58,81.97,D
21.85421,-79.16759,347.77,2.18,1.43,2025-03-19,2004,A,94,6.1NRT,309.63,142.28,D
8.90387,-62.75629,358.76,1.61,1.25,2025-03-19,1821,A,99,6.1NRT,304.85,142.85,D
8.91708,-62.74399,332.04,1.6,1.25,2025-03-19,1821,A,75,6.1NRT,304.11,36.18,D
21.85208,-79.18794,333.42,2.17,1.43,2025-03-19,2004,A,80,6.1NRT,305.25,67.51,D
8.91478,-62.75808,353.13,1.61,1.25,2025-03-19,1821,A,96,6.1NRT,302.54,114.75,D
21.8668,-79.16919,326.02,2.18,1.43,2025-03-19,2004,A,70,6.1NRT,307.91,40.8,D
9.0358,-62.27818,322.42,1.48,1.2,2025-03-19,1821,A,68,6.1NRT,300.91,16.81,D
21.81223,-79.67823,326.31,1.99,1.38,2025-03-19,2004,A,73,6.1NRT,306.32,38.21,D
9.03374,-62.29119,320.67,1.48,1.2,2025-03-19,1821,A,44,6.1NRT,301.85,12.47,D
21.87287,-79.23179,349.12,2.15,1.43,2025-03-19,2004,A,94,6.1NRT,307.15,156.11,D
9.02962,-62.31728,319.72,1.49,1.2,2025-03-19,1821,A,38,6.1NRT,302.19,11.43,D
21.8707,-79.2521,411.51,2.15,1.42,2025-03-19,2004,A,100,6.1NRT,312.38,978.59,D
8.81529,-63.91598,320.47,1.98,1.37,2025-03-19,1821,A,59,6.1NRT,297.11,19.44,D
21.86853,-79.27228,324.38,2.14,1.42,2025-03-19,2004,A,75,6.1NRT,304.68,41.88,D
8.955,-63.14389,328.44,1.72,1.29,2025-03-19,1821,A,73,6.1NRT,294.64,37.71,D
21.79613,-79.93496,316.55,1.9,1.35,2025-03-19,2004,A,46,6.1NRT,302.95,15.16,D
9.15597,-63.3303,322.49,1.76,1.3,2025-03-19,1821,A,52,6.1NRT,299.55,21.52,D
21.8854,-79.23344,326.69,2.15,1.43,2025-03-19,2004,A,71,6.1NRT,305.69,46.56,D
9.12055,-63.55052,316.04,1.83,1.33,2025-03-19,1821,A,24,6.1NRT,294.91,16.62,D
21.8832,-79.25374,338.5,2.15,1.42,2025-03-19,2004,A,88,6.1NRT,306.7,96.34,D
9.1698,-63.31678,334.53,1.76,1.3,2025-03-19,1821,A,84,6.1NRT,305.02,54.04,D
9.16734,-63.33221,335.56,1.76,1.3,2025-03-19,1821,A,86,6.1NRT,304.4,56.71,D
21.84426,-79.72082,316.23,1.98,1.37,2025-03-19,2004,A,47,6.1NRT,304.65,13.37,D
9.3937,-62.15084,314.3,1.43,1.18,2025-03-19,1821,A,55,6.1NRT,299.15,11.26,D
22.00892,-78.57319,320.25,2.43,1.5,2025-03-19,2004,A,57,6.1NRT,304.49,34.38,D
21.98691,-78.77545,326.11,2.34,1.48,2025-03-19,2004,A,77,6.1NRT,303.73,53.88,D
9.57275,-61.40299,333.33,1.27,1.12,2025-03-19,1821,A,85,6.1NRT,298.44,39.36,D
9.57104,-61.4142,315.3,1.27,1.12,2025-03-19,1821,A,49,6.1NRT,294.9,11.7,D
21.98425,-78.78014,322.94,2.34,1.48,2025-03-19,2004,A,74,6.1NRT,304.31,45.9,D
9.36795,-63.15985,333.98,1.69,1.28,2025-03-19,1821,A,85,6.1NRT,304.92,46.43,D
20.4624,-89.96095,330.25,1.53,1.22,2025-03-19,2004,A,80,6.1NRT,309.82,37.48,D
8.95751,-65.92182,324.17,2.86,1.61,2025-03-19,1821,A,37,6.1NRT,300.99,53.32,D
20.43093,-90.26898,344.28,1.61,1.25,2025-03-19,2004,A,91,6.1NRT,315.32,73.35,D
8.96203,-65.92921,323.93,2.86,1.61,2025-03-19,1821,A,61,6.1NRT,301.89,57.47,D
20.73366,-88.65887,327.92,1.25,1.11,2025-03-19,2004,A,78,6.1NRT,306.44,24.09,D
9.54741,-63.05097,336.57,1.65,1.26,2025-03-19,1821,A,86,6.1NRT,305.23,57.72,D
20.73769,-88.65433,319.87,1.25,1.11,2025-03-19,2004,A,65,6.1NRT,306.18,12.78,D
20.73574,-88.66592,321.7,1.25,1.11,2025-03-19,2004,A,69,6.1NRT,306.24,15.57,D
9.56078,-63.03834,335.29,1.65,1.26,2025-03-19,1821,A,85,6.1NRT,301.97,51.91,D
9.55845,-63.05281,361.32,1.65,1.26,2025-03-19,1821,A,100,6.1NRT,304.07,163.79,D
22.01929,-79.67898,340.03,2,1.38,2025-03-19,2004,A,89,6.1NRT,303.76,94.69,D
22.01869,-80.28284,317.24,1.81,1.32,2025-03-19,2004,A,58,6.1NRT,304.63,17.16,D
9.54919,-63.53874,328.19,1.8,1.31,2025-03-19,1821,A,63,6.1NRT,304.35,34.08,D
9.54659,-63.55451,324.73,1.8,1.32,2025-03-19,1821,A,30,6.1NRT,304.5,25.3,D
21.03614,-87.62881,322.02,1.1,1.05,2025-03-19,2004,A,70,6.1NRT,305.55,13.83,D
9.51211,-63.76361,324.17,1.87,1.34,2025-03-19,1821,A,58,6.1NRT,304.33,26.62,D
22.15545,-79.87944,333.04,1.95,1.36,2025-03-19,2004,A,84,6.1NRT,304.51,63.89,D
22.15348,-79.89757,321.1,1.94,1.36,2025-03-19,2004,A,70,6.1NRT,303.2,26.3,D
9.69914,-62.96512,335.16,1.62,1.25,2025-03-19,1821,A,85,6.1NRT,299.82,54.83,D
22.13403,-80.28706,328.57,1.81,1.32,2025-03-19,2004,A,79,6.1NRT,307.68,38.99,D
9.7285,-63.00453,336.82,1.62,1.25,2025-03-19,1821,A,86,6.1NRT,304.13,55.18,D
9.72617,-63.01884,353.28,1.63,1.26,2025-03-19,1821,A,96,6.1NRT,306.06,118.55,D
22.1456,-80.28876,332.14,1.81,1.32,2025-03-19,2004,A,83,6.1NRT,307.88,48.75,D
22.18233,-80.27655,338.78,1.82,1.32,2025-03-19,2004,A,88,6.1NRT,307.88,71.79,D
9.64294,-63.52743,338.78,1.79,1.31,2025-03-19,1821,A,88,6.1NRT,304.53,75.13,D
20.97975,-88.85776,322.72,1.28,1.12,2025-03-19,2004,A,45,6.1NRT,310.53,10.99,D
9.61416,-63.70204,333.33,1.85,1.33,2025-03-19,1821,A,82,6.1NRT,307.62,44.54,D
9.61148,-63.71823,342.1,1.85,1.33,2025-03-19,1821,A,90,6.1NRT,308.07,78.89,D
20.99203,-88.85332,344.78,1.27,1.12,2025-03-19,2004,A,91,6.1NRT,311.99,53.96,D
20.99004,-88.86513,324.33,1.28,1.12,2025-03-19,2004,A,27,6.1NRT,311.57,12.25,D
9.60881,-63.73439,344.1,1.86,1.33,2025-03-19,1821,A,91,6.1NRT,307.09,90.02,D
22.19153,-80.26585,336.61,1.82,1.32,2025-03-19,2004,A,87,6.1NRT,306.51,63.11,D
9.63885,-63.6242,356.2,1.82,1.32,2025-03-19,1821,A,98,6.1NRT,303.07,157.01,D
22.18965,-80.28294,342.88,1.82,1.32,2025-03-19,2004,A,91,6.1NRT,305.88,89.38,D
9.65041,-63.626,327.53,1.82,1.32,2025-03-19,1821,A,76,6.1NRT,300.66,32.98,D
20.8721,-89.61524,332.33,1.42,1.18,2025-03-19,2004,A,81,6.1NRT,312.02,31.32,D
9.44751,-65.17938,326.16,2.44,1.51,2025-03-19,1821,A,67,6.1NRT,297.51,50.8,D
9.44468,-65.18567,322.61,2.44,1.51,2025-03-19,1821,A,55,6.1NRT,300.03,40.91,D
22.19375,-80.35186,337.84,1.8,1.31,2025-03-19,2004,A,87,6.1NRT,304.16,72.5,D
9.77262,-63.30379,326.26,1.71,1.28,2025-03-19,1821,A,50,6.1NRT,305.27,26.57,D
22.19185,-80.36883,323.2,1.79,1.31,2025-03-19,2004,A,73,6.1NRT,305.72,26.73,D
22.15302,-80.71308,319.66,1.69,1.28,2025-03-19,2004,A,56,6.1NRT,305.99,14.25,D
9.42669,-65.78393,320.16,2.73,1.58,2025-03-19,1821,A,55,6.1NRT,296.06,34.67,D
22.19957,-80.40414,332.62,1.78,1.31,2025-03-19,2004,A,83,6.1NRT,304.4,49.55,D
10.12841,-61.46007,320.35,1.26,1.11,2025-03-19,1821,A,71,6.1NRT,300.58,13.15,D
10.16977,-61.33721,316.77,1.23,1.1,2025-03-19,1821,A,51,6.1NRT,300.09,11.69,D
22.19767,-80.42094,324.95,1.78,1.31,2025-03-19,2004,A,71,6.1NRT,304.84,29.02,D
20.86738,-89.76608,331.1,1.46,1.19,2025-03-19,2004,A,79,6.1NRT,312.91,28.69,D
10.20964,-61.39976,321.53,1.24,1.11,2025-03-19,1821,A,53,6.1NRT,300.03,16.37,D
9.97485,-63.19767,314.92,1.66,1.27,2025-03-19,1821,A,34,6.1NRT,299.23,7.95,D
20.86505,-89.77958,324.96,1.46,1.19,2025-03-19,2004,A,68,6.1NRT,311.81,16.88,D
22.23613,-80.184,324.07,1.85,1.33,2025-03-19,2004,A,74,6.1NRT,307.88,24.09,D
9.9744,-63.68738,320.99,1.81,1.32,2025-03-19,1821,A,58,6.1NRT,303.59,22.96,D
22.18484,-80.73345,356.04,1.68,1.28,2025-03-19,2004,A,98,6.1NRT,305.3,139.79,D
10.40469,-61.08055,328.37,1.19,1.08,2025-03-19,1821,A,81,6.1NRT,300.3,27.23,D
22.18299,-80.7493,348.36,1.68,1.27,2025-03-19,2004,A,94,6.1NRT,305.65,101.39,D
10.40307,-61.091,335.83,1.19,1.08,2025-03-19,1821,A,87,6.1NRT,299.72,40.37,D
9.98595,-63.68911,328.96,1.81,1.32,2025-03-19,1821,A,81,6.1NRT,302.26,44.28,D
22.23586,-80.49342,326.67,1.76,1.3,2025-03-19,2004,A,77,6.1NRT,305.76,29.82,D
10.42831,-61.11658,315.21,1.19,1.09,2025-03-19,1821,A,63,6.1NRT,299.12,9.54,D
22.23392,-80.50997,323.78,1.75,1.3,2025-03-19,2004,A,65,6.1NRT,306.49,22.28,D
22.261,-80.37816,332.57,1.79,1.31,2025-03-19,2004,A,83,6.1NRT,309.62,44.01,D
10.42669,-61.12706,313.4,1.19,1.09,2025-03-19,1821,A,58,6.1NRT,299.37,8.25,D
9.78257,-65.94382,320.48,2.76,1.59,2025-03-19,1821,A,66,6.1NRT,298.11,45.19,D
22.25903,-80.39495,324.3,1.79,1.31,2025-03-19,2004,A,52,6.1NRT,309.47,20.52,D
22.23463,-80.50042,327.49,1.76,1.3,2025-03-19,2004,A,71,6.1NRT,305.59,28.98,D
10.34501,-63.40567,322.16,1.7,1.28,2025-03-19,1821,A,49,6.1NRT,306.56,19.29,D
22.25894,-80.38503,332.09,1.79,1.31,2025-03-19,2004,A,83,6.1NRT,310.25,40.84,D
10.34276,-63.41954,334.3,1.7,1.28,2025-03-19,1821,A,86,6.1NRT,304.43,52,D
10.38321,-63.38202,325.93,1.69,1.28,2025-03-19,1821,A,65,6.1NRT,303.24,28.65,D
22.27047,-80.38653,327.23,1.79,1.31,2025-03-19,2004,A,78,6.1NRT,310.1,27.13,D
10.38085,-63.39691,335.91,1.69,1.28,2025-03-19,1821,A,87,6.1NRT,305.39,55.64,D
22.2689,-80.50499,322.77,1.76,1.3,2025-03-19,2004,A,56,6.1NRT,310.28,18.05,D
10.38263,-63.38694,335.25,1.69,1.28,2025-03-19,1821,A,87,6.1NRT,304.32,54.34,D
22.26704,-80.52146,327.09,1.75,1.3,2025-03-19,2004,A,69,6.1NRT,309.97,29.96,D
10.38016,-63.40179,327.61,1.69,1.28,2025-03-19,1821,A,77,6.1NRT,305.55,31.68,D
22.33828,-79.98772,318.3,1.92,1.35,2025-03-19,2004,A,34,6.1NRT,306.18,17.06,D
10.60641,-62.72618,316.78,1.5,1.21,2025-03-19,1821,A,66,6.1NRT,301.77,15.84,D
22.27141,-80.87977,344.67,1.65,1.26,2025-03-19,2004,A,92,6.1NRT,311.47,81.44,D
22.26958,-80.8953,342.1,1.65,1.26,2025-03-19,2004,A,90,6.1NRT,307.27,73.55,D
18.61373,-70.87903,313.77,4.38,1.93,2025-03-19,1824,A,48,6.1NRT,298.21,54.6,D
22.28252,-80.88123,326.83,1.65,1.26,2025-03-19,2004,A,73,6.1NRT,310.6,26.34,D
18.87852,-69.70341,313.88,3.51,1.76,2025-03-19,1824,A,59,6.1NRT,299.96,48.05,D
22.28233,-80.88686,326.71,1.65,1.26,2025-03-19,2004,A,50,6.1NRT,309.83,24.7,D
19.02097,-71.33531,320.64,4.64,1.97,2025-03-19,1824,A,73,6.1NRT,299.58,120.51,D
22.36432,-80.24821,324.13,1.84,1.33,2025-03-19,2004,A,69,6.1NRT,310.08,19.68,D
22.40318,-80.11029,324.45,1.89,1.34,2025-03-19,2004,A,74,6.1NRT,305.3,30.74,D
22.39179,-80.52645,321.42,1.76,1.3,2025-03-19,2004,A,53,6.1NRT,308.3,15.76,D
22.44407,-80.27573,324.3,1.83,1.33,2025-03-19,2004,A,66,6.1NRT,310.53,24.69,D
22.35646,-81.022,328.69,1.62,1.25,2025-03-19,2004,A,79,6.1NRT,307.13,36.47,D
22.44297,-80.26483,322.29,1.84,1.33,2025-03-19,2004,A,60,6.1NRT,308.74,21.29,D
22.35873,-81.02902,322.31,1.62,1.25,2025-03-19,2004,A,61,6.1NRT,305.45,20.99,D
22.49927,-80.07552,315.86,1.9,1.35,2025-03-19,2004,A,27,6.1NRT,304.69,12.78,D
22.42206,-80.76848,321.98,1.69,1.28,2025-03-19,2004,A,60,6.1NRT,307.09,18.64,D
22.37081,-81.21396,315.24,1.57,1.23,2025-03-19,2004,A,51,6.1NRT,302.53,12.17,D
21.30214,-88.78654,333.7,1.25,1.11,2025-03-19,2004,A,82,6.1NRT,312.55,26.38,D
21.30021,-88.79816,329.47,1.25,1.11,2025-03-19,2004,A,77,6.1NRT,310.99,18.7,D
22.48779,-80.49519,332.95,1.77,1.3,2025-03-19,2004,A,83,6.1NRT,309.73,46.77,D
22.51632,-80.54977,339.83,1.76,1.3,2025-03-19,2004,A,89,6.1NRT,305.89,74.14,D
22.51351,-80.55515,323.42,1.76,1.3,2025-03-19,2004,A,57,6.1NRT,304.76,27.76,D
22.62803,-79.71959,319.41,2.03,1.39,2025-03-19,2004,A,66,6.1NRT,306.82,23.75,D
22.13652,-84.17014,313.58,1.07,1.03,2025-03-19,2004,A,51,6.1NRT,302.68,5.27,D
22.67228,-80.16393,323.64,1.89,1.34,2025-03-19,2004,A,73,6.1NRT,306.23,34.79,D
22.56534,-81.1159,351.83,1.6,1.25,2025-03-19,2004,A,96,6.1NRT,311.6,105.79,D
22.67627,-80.23619,335.38,1.86,1.33,2025-03-19,2004,A,81,6.1NRT,304.98,69.52,D
22.26363,-83.63702,320.5,1.13,1.06,2025-03-19,2004,A,59,6.1NRT,308.28,8.71,D
22.66649,-80.73191,327.28,1.71,1.28,2025-03-19,2004,A,67,6.1NRT,308.27,28.91,D
22.701,-80.536,328.83,1.77,1.3,2025-03-19,2004,A,80,6.1NRT,304.42,46.27,D
22.62745,-81.15506,320.5,1.6,1.24,2025-03-19,2004,A,50,6.1NRT,305.79,12.58,D
22.62564,-81.1701,334.67,1.59,1.24,2025-03-19,2004,A,85,6.1NRT,306.28,46.43,D
22.27175,-83.9275,315.6,1.1,1.04,2025-03-19,2004,A,20,6.1NRT,300.85,7.74,D
22.66652,-80.72114,324.06,1.72,1.29,2025-03-19,2004,A,16,6.1NRT,308.56,19.9,D
22.6177,-81.15947,330.5,1.6,1.24,2025-03-19,2004,A,81,6.1NRT,307.34,34.9,D
22.616,-81.17455,323.88,1.59,1.24,2025-03-19,2004,A,66,6.1NRT,305.78,19.34,D
22.27814,-83.93455,333.09,1.1,1.04,2025-03-19,2004,A,84,6.1NRT,304.47,29.69,D
22.27676,-83.94497,316.35,1.1,1.04,2025-03-19,2004,A,27,6.1NRT,301.77,8.37,D
22.69782,-80.54127,328.9,1.77,1.3,2025-03-19,2004,A,79,6.1NRT,305.82,47,D
22.28865,-83.92569,344.25,1.1,1.04,2025-03-19,2004,A,92,6.1NRT,304.79,50.22,D
22.28729,-83.93597,368.03,1.1,1.04,2025-03-19,2004,A,100,6.1NRT,305.55,117.64,D
22.28592,-83.94632,338.21,1.1,1.04,2025-03-19,2004,A,88,6.1NRT,301.61,38.71,D
22.70009,-80.62582,318.45,1.75,1.3,2025-03-19,2004,A,62,6.1NRT,305.22,18.19,D
22.29784,-83.9269,344.6,1.1,1.04,2025-03-19,2004,A,92,6.1NRT,303.75,51.68,D
22.29648,-83.93719,339.27,1.1,1.04,2025-03-19,2004,A,89,6.1NRT,301.94,41.15,D
22.65002,-81.44873,322.06,1.53,1.22,2025-03-19,2004,A,70,6.1NRT,307.8,20.93,D
22.6483,-81.46315,336.22,1.52,1.22,2025-03-19,2004,A,86,6.1NRT,310.65,54.05,D
22.7419,-80.86175,325.44,1.68,1.27,2025-03-19,2004,A,57,6.1NRT,303.83,27.31,D
22.4547,-83.17036,323.29,1.19,1.09,2025-03-19,2004,A,73,6.1NRT,304.18,15.69,D
22.45322,-83.1816,319.54,1.19,1.09,2025-03-19,2004,A,61,6.1NRT,304.09,10.34,D
22.41103,-83.50133,317.87,1.15,1.07,2025-03-19,2004,A,53,6.1NRT,306.38,6.4,D
22.7443,-80.85265,320.98,1.68,1.28,2025-03-19,2004,A,53,6.1NRT,304.85,15.89,D
22.79215,-80.62781,356.75,1.75,1.3,2025-03-19,2004,A,98,6.1NRT,305.16,159.91,D
22.79032,-80.64429,362.77,1.75,1.3,2025-03-19,2004,A,100,6.1NRT,304.46,195.08,D
22.77252,-80.90475,320.75,1.67,1.27,2025-03-19,2004,A,46,6.1NRT,306.44,20.04,D
22.77073,-80.92057,356.44,1.67,1.27,2025-03-19,2004,A,98,6.1NRT,307.17,145.53,D
22.78915,-80.85851,327.36,1.68,1.28,2025-03-19,2004,A,78,6.1NRT,306.81,34.65,D
22.78733,-80.87445,324.1,1.68,1.27,2025-03-19,2004,A,72,6.1NRT,304.45,25.97,D
22.819,-80.79723,322.63,1.7,1.28,2025-03-19,2004,A,64,6.1NRT,303.71,24.43,D
22.50611,-83.5556,327.31,1.14,1.07,2025-03-19,2004,A,79,6.1NRT,304.09,20.96,D
22.76838,-81.72231,325.67,1.47,1.2,2025-03-19,2004,A,70,6.1NRT,307.28,22.09,D
22.76674,-81.73619,321.3,1.46,1.2,2025-03-19,2004,A,46,6.1NRT,309.29,13.23,D
22.74071,-81.95436,324.76,1.42,1.18,2025-03-19,2004,A,75,6.1NRT,310.04,16.95,D
22.5758,-83.28111,319.55,1.18,1.08,2025-03-19,2004,A,67,6.1NRT,306.39,10.81,D
22.88404,-81.29998,323.97,1.57,1.24,2025-03-19,2004,A,74,6.1NRT,304.05,26.91,D
22.6912,-82.84212,321.69,1.25,1.11,2025-03-19,2004,A,65,6.1NRT,304.43,15.54,D
22.81175,-81.95779,321.45,1.42,1.18,2025-03-19,2004,A,69,6.1NRT,308.22,11.83,D
22.84309,-81.78223,324.21,1.46,1.19,2025-03-19,2004,A,75,6.1NRT,307.76,22.97,D
22.84146,-81.79601,319.86,1.46,1.19,2025-03-19,2004,A,68,6.1NRT,305.83,15.4,D
22.96308,-81.1325,320.89,1.62,1.25,2025-03-19,2004,A,69,6.1NRT,302.75,23.33,D
22.95607,-81.28621,335.03,1.58,1.24,2025-03-19,2004,A,85,6.1NRT,302.87,57.23,D
22.75422,-82.91846,320.97,1.24,1.11,2025-03-19,2004,A,70,6.1NRT,306.64,13.97,D
22.9435,-81.96856,324.22,1.42,1.18,2025-03-19,2004,A,75,6.1NRT,305.31,19.62,D
22.99803,-81.78198,322.12,1.46,1.2,2025-03-19,2004,A,65,6.1NRT,305.09,18.59,D
22.99635,-81.79572,328.35,1.46,1.19,2025-03-19,2004,A,80,6.1NRT,303.95,29.38,D
22.99165,-81.92032,345.85,1.43,1.18,2025-03-19,2004,A,93,6.1NRT,305.12,71.42,D
23.00412,-81.78989,316.54,1.46,1.2,2025-03-19,2004,A,37,6.1NRT,303.42,11.39,D
22.98976,-81.91321,331.15,1.44,1.19,2025-03-19,2004,A,83,6.1NRT,305.44,32.2,D
22.98816,-81.92683,324.26,1.43,1.18,2025-03-19,2004,A,70,6.1NRT,303.18,18.53,D
23.00017,-81.91467,322.26,1.44,1.19,2025-03-19,2004,A,47,6.1NRT,305.52,14.98,D
22.99791,-82.85194,318.23,1.26,1.11,2025-03-19,2004,A,61,6.1NRT,302.39,13.83,D
23.00171,-82.90095,347.87,1.25,1.11,2025-03-19,2004,A,89,6.1NRT,301.51,72.83,D
25.35276,-80.40386,322.12,1.98,1.37,2025-03-19,2004,A,74,6.1NRT,302.32,33.43,D
25.36465,-80.47044,324.44,1.96,1.37,2025-03-19,2004,A,78,6.1NRT,301,41.76,D
25.37666,-80.47195,340.77,1.96,1.37,2025-03-19,2004,A,85,6.1NRT,298.06,99.34,D
25.3747,-80.49085,334.21,1.95,1.36,2025-03-19,2004,A,85,6.1NRT,297.12,74.51,D
25.4067,-80.41793,332.28,1.98,1.37,2025-03-19,2004,A,49,6.1NRT,301.61,57.88,D
25.43289,-80.40181,358.15,1.98,1.37,2025-03-19,2004,A,99,6.1NRT,300.02,194.52,D
25.43084,-80.42095,365.68,1.98,1.37,2025-03-19,2004,A,100,6.1NRT,299.54,253.28,D
26.64956,-78.22038,317.87,2.99,1.64,2025-03-19,2004,A,55,6.1NRT,305.73,42.4,D
27.31721,-82.06328,319.72,1.61,1.25,2025-03-19,2004,A,47,6.1NRT,307.02,12.93,D
27.49475,-81.90392,338.54,1.66,1.27,2025-03-19,2004,A,88,6.1NRT,309.4,66.18,D
27.49301,-81.92027,356.73,1.66,1.27,2025-03-19,2004,A,98,6.1NRT,312.2,144.2,D
27.712,-81.27344,323.68,1.85,1.33,2025-03-19,2004,A,74,6.1NRT,307.09,29.42,D
27.71005,-81.29173,324.1,1.85,1.33,2025-03-19,2004,A,74,6.1NRT,310.49,29.87,D
27.71852,-81.27995,325,1.85,1.33,2025-03-19,2004,A,70,6.1NRT,305.32,30.46,D
29.64557,-82.90273,318.95,1.53,1.22,2025-03-19,2004,A,71,6.1NRT,305.02,15.85,D
29.77279,-83.29893,324.77,1.45,1.19,2025-03-19,2004,A,78,6.1NRT,300.37,30.72,D
29.77112,-83.31351,346.39,1.45,1.19,2025-03-19,2004,A,93,6.1NRT,305.34,85.36,D
29.78157,-83.31506,331.79,1.45,1.19,2025-03-19,2004,A,84,6.1NRT,303.09,43.19,D
29.77989,-83.32961,318.01,1.44,1.19,2025-03-19,2004,A,58,6.1NRT,302.41,15.87,D
29.8997,-82.8957,319.58,1.54,1.22,2025-03-19,2004,A,72,6.1NRT,305.55,19.27,D
29.84101,-84.86803,367.89,1.19,1.08,2025-03-19,2004,A,100,6.1NRT,302.09,135.11,D
29.83952,-84.87997,393.65,1.19,1.08,2025-03-19,2004,A,100,6.1NRT,306.19,273.08,D
29.83803,-84.89193,361.6,1.19,1.08,2025-03-19,2004,A,100,6.1NRT,302.3,109.82,D
29.83654,-84.90385,348.8,1.18,1.08,2025-03-19,2004,A,95,6.1NRT,299.66,71.22,D
29.85052,-84.86961,315.74,1.19,1.08,2025-03-19,2004,A,46,6.1NRT,297.09,12.8,D
29.84903,-84.88156,373.5,1.19,1.08,2025-03-19,2004,A,100,6.1NRT,302.27,159.34,D
29.84754,-84.89349,382.89,1.19,1.08,2025-03-19,2004,A,100,6.1NRT,303.92,205.72,D
29.84604,-84.90541,341.04,1.18,1.08,2025-03-19,2004,A,91,6.1NRT,300.44,52.04,D
30.17458,-83.07922,319.15,1.51,1.21,2025-03-19,2004,A,73,6.1NRT,303.94,15.97,D
30.17923,-83.08679,328.63,1.51,1.21,2025-03-19,2004,A,83,6.1NRT,304.98,33.39,D
30.1723,-84.48818,374.83,1.25,1.11,2025-03-19,2004,A,100,6.1NRT,304.09,178.67,D
30.17076,-84.50082,337.21,1.25,1.11,2025-03-19,2004,A,89,6.1NRT,301.9,46.97,D
30.18206,-84.48975,354.51,1.25,1.11,2025-03-19,2004,A,97,6.1NRT,301.19,92.69,D
30.18052,-84.50238,333.28,1.25,1.11,2025-03-19,2004,A,86,6.1NRT,301.84,37.74,D
30.19027,-84.50394,326.53,1.25,1.11,2025-03-19,2004,A,69,6.1NRT,301.99,25.59,D
30.2839,-84.33014,327.63,1.28,1.12,2025-03-19,2004,A,82,6.1NRT,300.16,30.65,D
30.28234,-84.34311,335.38,1.28,1.12,2025-03-19,2004,A,88,6.1NRT,301.18,45.69,D
30.37388,-83.90118,313.24,1.36,1.15,2025-03-19,2004,A,62,6.1NRT,301.63,9.9,D
30.37232,-83.91495,318.87,1.36,1.15,2025-03-19,2004,A,72,6.1NRT,301.44,17.5,D
30.44969,-83.31403,318.32,1.48,1.2,2025-03-19,2004,A,72,6.1NRT,307.11,13.42,D
30.44805,-83.32902,319.08,1.47,1.2,2025-03-19,2004,A,73,6.1NRT,307.43,14.98,D
30.39663,-83.79167,313.21,1.38,1.16,2025-03-19,2004,A,62,6.1NRT,301.22,12.1,D
30.5157,-82.80148,311.8,1.6,1.24,2025-03-19,2004,A,58,6.1NRT,301.31,11.16,D
30.49751,-84.16183,324.23,1.32,1.14,2025-03-19,2004,A,78,6.1NRT,300.28,24.57,D
30.5155,-84.09636,323.25,1.33,1.14,2025-03-19,2004,A,56,6.1NRT,301.97,21.58,D
30.50751,-84.1634,322.78,1.32,1.14,2025-03-19,2004,A,77,6.1NRT,300.41,22.62,D
30.52877,-84.07095,318.71,1.33,1.14,2025-03-19,2004,A,38,6.1NRT,301.49,14.43,D
30.52715,-84.08447,324.39,1.33,1.14,2025-03-19,2004,A,76,6.1NRT,300.81,23.21,D
30.53694,-84.07782,326.89,1.33,1.14,2025-03-19,2004,A,75,6.1NRT,301.9,27.13,D
30.61557,-83.75152,318.6,1.4,1.17,2025-03-19,2004,A,39,6.1NRT,302.43,15.33,D
30.60748,-83.82222,312.72,1.38,1.16,2025-03-19,2004,A,60,6.1NRT,300.88,9.96,D
30.63401,-83.68188,312.86,1.41,1.18,2025-03-19,2004,A,53,6.1NRT,302.77,9.33,D
30.63238,-83.69616,318.33,1.41,1.17,2025-03-19,2004,A,71,6.1NRT,302.48,16.73,D
30.62585,-83.75311,322.67,1.4,1.17,2025-03-19,2004,A,63,6.1NRT,303.16,22.39,D
30.62422,-83.7673,318.54,1.39,1.17,2025-03-19,2004,A,62,6.1NRT,303.36,16.02,D
30.61125,-83.87965,313.45,1.37,1.16,2025-03-19,2004,A,58,6.1NRT,300.99,10.77,D
30.57297,-84.2066,339.11,1.31,1.14,2025-03-19,2004,A,90,6.1NRT,301.92,55.75,D
30.60851,-83.99179,325.15,1.35,1.15,2025-03-19,2004,A,79,6.1NRT,302.52,27.46,D
30.59249,-84.12783,314.91,1.33,1.14,2025-03-19,2004,A,65,6.1NRT,301.63,11.81,D
30.65136,-83.71352,341.04,1.4,1.17,2025-03-19,2004,A,91,6.1NRT,303.54,63.9,D
30.62837,-83.91062,330.75,1.37,1.16,2025-03-19,2004,A,84,6.1NRT,303.27,36.75,D
30.62675,-83.92445,331.15,1.36,1.16,2025-03-19,2004,A,84,6.1NRT,302.41,37.83,D
30.66167,-83.71507,349.02,1.4,1.17,2025-03-19,2004,A,95,6.1NRT,304.36,89.74,D
30.66001,-83.72933,333.04,1.4,1.17,2025-03-19,2004,A,86,6.1NRT,302.59,44.45,D
30.63692,-83.92598,312.8,1.36,1.16,2025-03-19,2004,A,60,6.1NRT,301.91,8.87,D
30.62062,-84.06332,338.58,1.34,1.15,2025-03-19,2004,A,68,6.1NRT,302.92,51.01,D
30.59175,-84.30393,338.25,1.3,1.13,2025-03-19,2004,A,89,6.1NRT,302.51,51.69,D
30.59016,-84.31714,320.64,1.29,1.13,2025-03-19,2004,A,74,6.1NRT,301.38,18.81,D
30.66051,-83.70721,328.39,1.41,1.17,2025-03-19,2004,A,82,6.1NRT,302.4,33.39,D
30.65894,-83.72149,353.76,1.4,1.17,2025-03-19,2004,A,97,6.1NRT,306.79,106.01,D
30.63699,-83.91876,326.11,1.37,1.16,2025-03-19,2004,A,80,6.1NRT,302.68,28.14,D
30.62149,-84.0564,323.94,1.34,1.15,2025-03-19,2004,A,76,6.1NRT,301.61,22.23,D
30.61994,-84.0701,331.79,1.34,1.15,2025-03-19,2004,A,74,6.1NRT,303.24,36.42,D
30.59393,-84.29769,320.27,1.3,1.13,2025-03-19,2004,A,74,6.1NRT,300.68,18.76,D
30.5924,-84.31091,328.15,1.3,1.13,2025-03-19,2004,A,82,6.1NRT,302.57,31.14,D
30.66924,-83.72311,327.77,1.4,1.17,2025-03-19,2004,A,82,6.1NRT,302.86,31.69,D
30.65973,-83.80836,314.97,1.39,1.17,2025-03-19,2004,A,65,6.1NRT,301.07,12.61,D
30.65816,-83.82246,315.09,1.39,1.17,2025-03-19,2004,A,65,6.1NRT,301.58,13.04,D
30.61305,-84.21971,322.22,1.31,1.14,2025-03-19,2004,A,72,6.1NRT,300.38,23.93,D
30.68113,-83.71043,314.24,1.41,1.17,2025-03-19,2004,A,39,6.1NRT,302.32,10.86,D
30.63698,-84.10027,330.35,1.33,1.14,2025-03-19,2004,A,84,6.1NRT,300.47,35,D
30.63543,-84.11377,319.27,1.33,1.14,2025-03-19,2004,A,72,6.1NRT,298.29,17.65,D
30.68985,-83.72622,314.95,1.4,1.17,2025-03-19,2004,A,48,6.1NRT,303.34,11.42,D
30.68624,-83.94058,312.39,1.36,1.16,2025-03-19,2004,A,59,6.1NRT,301.06,8.5,D
30.66873,-84.09148,313.49,1.34,1.15,2025-03-19,2004,A,59,6.1NRT,299.56,9.84,D
30.75597,-83.51493,314.01,1.45,1.19,2025-03-19,2004,A,63,6.1NRT,303.48,11.73,D
30.72614,-83.77525,317.01,1.4,1.17,2025-03-19,2004,A,69,6.1NRT,300.96,15.59,D
30.7245,-83.78945,317.57,1.39,1.17,2025-03-19,2004,A,70,6.1NRT,302.3,16.07,D
30.69367,-84.05377,325.51,1.34,1.15,2025-03-19,2004,A,80,6.1NRT,301.35,26.05,D
30.66817,-84.26914,312.11,1.31,1.13,2025-03-19,2004,A,58,6.1NRT,301,8.49,D
30.66659,-84.28233,326.73,1.3,1.13,2025-03-19,2004,A,81,6.1NRT,301.89,29.55,D
30.71675,-83.94518,322.26,1.36,1.16,2025-03-19,2004,A,56,6.1NRT,302.17,20.46,D
30.6813,-84.24417,312.3,1.31,1.14,2025-03-19,2004,A,57,6.1NRT,300.1,8.9,D
30.67971,-84.25747,330.65,1.31,1.13,2025-03-19,2004,A,84,6.1NRT,301.55,36.29,D
30.61413,-84.79622,315.29,1.22,1.1,2025-03-19,2004,A,66,6.1NRT,303.33,9.14,D
30.7269,-83.94683,318.24,1.36,1.16,2025-03-19,2004,A,27,6.1NRT,301.09,14.11,D
30.72528,-83.96062,320.08,1.36,1.16,2025-03-19,2004,A,43,6.1NRT,301.84,16.5,D
30.7171,-84.02957,322.42,1.35,1.15,2025-03-19,2004,A,76,6.1NRT,300.95,21.16,D
30.71547,-84.04334,316,1.35,1.15,2025-03-19,2004,A,23,6.1NRT,300.47,11.59,D
30.72405,-83.95201,331.35,1.36,1.16,2025-03-19,2004,A,75,6.1NRT,302.63,36.2,D
30.71474,-84.0349,320.72,1.35,1.15,2025-03-19,2004,A,51,6.1NRT,301.02,18.3,D
30.72538,-84.29735,313.31,1.3,1.13,2025-03-19,2004,A,62,6.1NRT,301.2,9.53,D
30.71667,-84.45628,315.63,1.28,1.12,2025-03-19,2006,A,67,6.1NRT,300.98,12.24,D
30.80123,-83.82124,324.52,1.39,1.17,2025-03-19,2006,A,74,6.1NRT,301.15,27.98,D
30.7931,-83.89174,319.32,1.38,1.16,2025-03-19,2006,A,73,6.1NRT,300.53,18.49,D
30.79149,-83.90572,316.47,1.37,1.16,2025-03-19,2006,A,68,6.1NRT,299.65,14.35,D
30.78228,-84.0734,310.06,1.34,1.15,2025-03-19,2006,A,49,6.1NRT,299.76,7.5,D
30.78755,-84.11576,311.35,1.34,1.15,2025-03-19,2006,A,55,6.1NRT,299.91,9.01,D
30.71552,-84.79307,334.16,1.23,1.1,2025-03-19,2006,A,86,6.1NRT,303.26,37.39,D
30.71399,-84.80545,346.75,1.22,1.1,2025-03-19,2006,A,94,6.1NRT,304.84,66.09,D
30.81715,-83.94518,315.28,1.37,1.16,2025-03-19,2006,A,64,6.1NRT,301.58,10.87,D
30.71849,-84.80033,349.4,1.23,1.1,2025-03-19,2006,A,95,6.1NRT,305.08,73.91,D
30.71701,-84.81271,318.79,1.22,1.1,2025-03-19,2006,A,72,6.1NRT,302.58,14.11,D
30.76558,-84.65421,316.96,1.25,1.11,2025-03-19,2006,A,68,6.1NRT,304.31,11.12,D
30.7325,-84.92872,335.74,1.21,1.09,2025-03-19,2006,A,82,6.1NRT,304.41,41.06,D
30.52261,-86.56508,372.13,1.04,1.02,2025-03-19,2006,A,100,6.1NRT,303.16,124.38,D
30.52119,-86.57563,389.9,1.04,1.02,2025-03-19,2006,A,100,6.1NRT,309.78,203.31,D
30.51977,-86.58617,316.77,1.04,1.02,2025-03-19,2006,A,41,6.1NRT,300.56,8.71,D
30.77533,-84.65576,336.09,1.25,1.11,2025-03-19,2006,A,88,6.1NRT,305.21,42.19,D
30.7738,-84.66851,316.06,1.25,1.11,2025-03-19,2006,A,57,6.1NRT,303.12,10.43,D
30.53012,-86.57727,323.07,1.04,1.02,2025-03-19,2006,A,77,6.1NRT,301.21,14.9,D
30.88908,-83.76932,311.89,1.4,1.17,2025-03-19,2006,A,57,6.1NRT,299.67,9.79,D
30.75827,-84.95788,341.95,1.21,1.09,2025-03-19,2006,A,79,6.1NRT,303.63,52.68,D
30.75676,-84.97013,338.87,1.2,1.09,2025-03-19,2006,A,89,6.1NRT,305.62,45.76,D
30.76634,-84.97171,316.76,1.2,1.09,2025-03-19,2006,A,68,6.1NRT,304.95,11.04,D
30.9444,-83.70999,319.42,1.42,1.18,2025-03-19,2006,A,72,6.1NRT,301.34,19.87,D
30.8672,-84.47955,317.69,1.28,1.12,2025-03-19,2006,A,70,6.1NRT,303.49,11.85,D
30.97319,-83.64053,314.82,1.43,1.18,2025-03-19,2006,A,61,6.1NRT,303.63,12.72,D
31.04534,-83.07812,313.98,1.56,1.23,2025-03-19,2006,A,57,6.1NRT,301.71,12.34,D
31.04364,-83.09401,329.42,1.55,1.23,2025-03-19,2006,A,72,6.1NRT,301.92,42.86,D
30.84729,-84.81403,337.5,1.23,1.1,2025-03-19,2006,A,77,6.1NRT,304.97,42.93,D
30.8469,-84.97805,313.86,1.21,1.09,2025-03-19,2006,A,62,6.1NRT,303.07,7.94,D
31.01722,-83.80901,317.25,1.4,1.17,2025-03-19,2006,A,69,6.1NRT,300.18,16.31,D
31.01556,-83.82327,327.86,1.4,1.17,2025-03-19,2006,A,81,6.1NRT,301.56,34.6,D
30.95052,-84.37233,319.8,1.3,1.13,2025-03-19,2006,A,73,6.1NRT,302.73,14.94,D
31.04002,-83.58268,312.13,1.45,1.19,2025-03-19,2006,A,41,6.1NRT,301,8.73,D
31.01458,-83.8155,326.88,1.4,1.17,2025-03-19,2006,A,80,6.1NRT,301.55,32.17,D
31.01301,-83.8298,310.95,1.4,1.17,2025-03-19,2006,A,39,6.1NRT,300.95,7.72,D
30.95263,-84.3661,312.91,1.3,1.13,2025-03-19,2006,A,18,6.1NRT,302.3,6.08,D
30.95112,-84.3793,317.76,1.3,1.13,2025-03-19,2006,A,66,6.1NRT,302.99,11.77,D
31.0763,-83.54283,319.21,1.46,1.19,2025-03-19,2006,A,72,6.1NRT,301.58,20.43,D
31.00172,-84.29259,323.3,1.31,1.14,2025-03-19,2006,A,77,6.1NRT,302.75,20.62,D
31.00017,-84.30595,318.28,1.31,1.14,2025-03-19,2006,A,59,6.1NRT,303.49,12.51,D
30.99706,-84.33253,321.88,1.31,1.13,2025-03-19,2006,A,75,6.1NRT,302.48,17.3,D
31.00493,-84.52156,318.67,1.28,1.12,2025-03-19,2006,A,71,6.1NRT,302.34,12.92,D
31.01478,-84.52312,329.99,1.28,1.12,2025-03-19,2006,A,83,6.1NRT,303.16,30.56,D
31.01321,-84.53616,319.19,1.28,1.12,2025-03-19,2006,A,72,6.1NRT,302.65,13.51,D
30.93933,-85.32584,322.81,1.16,1.07,2025-03-19,2006,A,73,6.1NRT,302.2,16.95,D
30.93787,-85.3377,320.59,1.16,1.07,2025-03-19,2006,A,38,6.1NRT,303.28,13.11,D
30.95022,-85.31558,327.32,1.17,1.07,2025-03-19,2006,A,55,6.1NRT,300.86,21.84,D
31.22914,-83.06863,312.32,1.57,1.23,2025-03-19,2006,A,56,6.1NRT,302.03,10.12,D
31.22742,-83.08469,313.33,1.57,1.23,2025-03-19,2006,A,60,6.1NRT,300.98,12.27,D
31.09985,-84.48908,312.23,1.29,1.13,2025-03-19,2006,A,55,6.1NRT,301.71,6.42,D
30.89195,-86.21066,312.34,1.07,1.03,2025-03-19,2006,A,59,6.1NRT,299.92,6.63,D
30.8905,-86.22157,314.72,1.07,1.03,2025-03-19,2006,A,65,6.1NRT,300.71,8.45,D
30.85811,-86.87773,314.4,1.03,1.01,2025-03-19,2006,A,59,6.1NRT,299.69,7.08,D
30.85668,-86.88816,342.47,1.03,1.01,2025-03-19,2006,A,92,6.1NRT,302.56,43.75,D
31.2366,-83.93459,314.16,1.39,1.17,2025-03-19,2006,A,62,6.1NRT,301.5,10.94,D
30.86412,-86.90025,314.08,1.03,1.01,2025-03-19,2006,A,50,6.1NRT,299.46,7.1,D
31.23279,-84.57633,319.69,1.28,1.12,2025-03-19,2006,A,72,6.1NRT,304.33,14.5,D
31.23126,-84.58938,319.56,1.28,1.12,2025-03-19,2006,A,72,6.1NRT,304.27,13.61,D
31.30756,-84.10841,313.6,1.36,1.15,2025-03-19,2006,A,60,6.1NRT,301.44,9.95,D
31.37085,-83.82986,327.26,1.41,1.18,2025-03-19,2006,A,81,6.1NRT,299.98,33.96,D
31.36918,-83.84436,315.12,1.41,1.18,2025-03-19,2006,A,64,6.1NRT,299.83,13.55,D
31.32705,-84.29308,315.28,1.33,1.14,2025-03-19,2006,A,36,6.1NRT,302.3,11.12,D
31.32675,-84.29994,315.4,1.33,1.14,2025-03-19,2006,A,28,6.1NRT,302.26,10.73,D
31.33833,-84.28796,330.9,1.33,1.14,2025-03-19,2006,A,79,6.1NRT,302.81,35.1,D
30.67804,-89.36214,309.43,1.04,1.02,2025-03-19,2006,A,50,6.1NRT,292.49,6.03,D
31.48143,-83.38139,321.81,1.51,1.21,2025-03-19,2006,A,75,6.1NRT,300.23,25.5,D
31.49209,-83.38293,315.46,1.51,1.21,2025-03-19,2006,A,59,6.1NRT,300.52,14.01,D
31.41902,-84.03285,317.11,1.38,1.16,2025-03-19,2006,A,68,6.1NRT,302.02,14.99,D
31.3981,-84.21383,319.5,1.34,1.15,2025-03-19,2006,A,72,6.1NRT,302.76,16.5,D
31.3965,-84.22757,319,1.34,1.15,2025-03-19,2006,A,71,6.1NRT,303.33,15.81,D
31.3,-85.03484,319.54,1.21,1.09,2025-03-19,2006,A,72,6.1NRT,304.81,14.02,D
31.41303,-84.174,313.26,1.35,1.15,2025-03-19,2006,A,58,6.1NRT,301.76,9.06,D
31.37473,-84.49886,312.94,1.29,1.13,2025-03-19,2006,A,54,6.1NRT,302.92,6.86,D
31.60456,-82.54404,311.49,1.72,1.29,2025-03-19,2006,A,53,6.1NRT,300.48,9.49,D
31.41058,-84.36839,321.44,1.32,1.14,2025-03-19,2006,A,66,6.1NRT,303.1,17.79,D
30.85752,-88.48619,311.18,1,1,2025-03-19,2006,A,61,6.1NRT,298.41,5.72,D
31.41074,-84.36012,321.56,1.32,1.14,2025-03-19,2006,A,70,6.1NRT,303.21,18.79,D
31.45958,-84.20084,313.77,1.35,1.15,2025-03-19,2006,A,58,6.1NRT,302.85,8,D
31.45014,-84.28331,312.91,1.33,1.14,2025-03-19,2006,A,56,6.1NRT,302.2,8.77,D
31.43764,-84.3919,314.06,1.31,1.14,2025-03-19,2006,A,61,6.1NRT,300.86,11.54,D
31.42075,-84.79053,320.47,1.25,1.11,2025-03-19,2006,A,73,6.1NRT,303.01,15.05,D
31.41921,-84.80335,313.77,1.25,1.11,2025-03-19,2006,A,45,6.1NRT,303.25,6.95,D
31.4305,-84.79215,325.29,1.25,1.11,2025-03-19,2006,A,79,6.1NRT,302.98,21.48,D
31.42895,-84.80497,315.12,1.25,1.11,2025-03-19,2006,A,31,6.1NRT,303.48,8.08,D
31.59539,-83.55969,314.5,1.48,1.2,2025-03-19,2006,A,63,6.1NRT,299.81,12.26,D
30.86096,-89.14397,310.74,1.02,1.01,2025-03-19,2006,A,40,6.1NRT,297.75,7.14,D
30.78982,-89.59459,308.67,1.05,1.02,2025-03-19,2006,A,53,6.1NRT,292.86,5.34,D
31.48288,-84.79469,335.78,1.25,1.11,2025-03-19,2006,A,87,6.1NRT,303.87,41.35,D
31.48136,-84.8075,314.06,1.25,1.11,2025-03-19,2006,A,58,6.1NRT,303.4,7.71,D
31.24182,-86.76848,311.77,1.04,1.02,2025-03-19,2006,A,59,6.1NRT,299.19,6.25,D
31.16418,-87.3332,324.42,1.01,1.01,2025-03-19,2006,A,79,6.1NRT,298.91,17.55,D
31.55226,-84.37587,318.34,1.32,1.14,2025-03-19,2006,A,70,6.1NRT,303.6,14.22,D
31.54596,-84.42987,316.21,1.31,1.14,2025-03-19,2006,A,67,6.1NRT,302.36,11.83,D
31.6424,-83.7717,321.22,1.44,1.19,2025-03-19,2006,A,74,6.1NRT,301.78,22.99,D
31.61925,-83.97501,311.59,1.4,1.17,2025-03-19,2006,A,53,6.1NRT,301.45,6.95,D
31.54421,-84.6993,314.37,1.27,1.12,2025-03-19,2006,A,63,6.1NRT,301.47,9.06,D
31.41218,-85.83149,310.01,1.12,1.05,2025-03-19,2006,A,19,6.1NRT,299.88,4.57,D
31.41068,-85.84302,315.13,1.12,1.05,2025-03-19,2006,A,65,6.1NRT,300.67,9.1,D
31.5755,-84.52196,312.7,1.3,1.13,2025-03-19,2006,A,57,6.1NRT,302.39,6.89,D
31.42185,-85.80371,316.1,1.12,1.06,2025-03-19,2006,A,68,6.1NRT,301.94,9.8,D
31.41753,-85.8381,316.15,1.12,1.05,2025-03-19,2006,A,68,6.1NRT,300.23,10.32,D
31.60773,-84.41772,316.52,1.32,1.14,2025-03-19,2006,A,50,6.1NRT,301.36,10.77,D
31.62085,-84.39223,322.2,1.32,1.14,2025-03-19,2006,A,76,6.1NRT,302.7,19.03,D
31.29851,-86.95819,333.7,1.03,1.01,2025-03-19,2006,A,87,6.1NRT,300.02,29.83,D
31.29708,-86.96871,324.29,1.03,1.01,2025-03-19,2006,A,79,6.1NRT,301.31,17.73,D
31.72452,-83.56055,312.79,1.48,1.2,2025-03-19,2006,A,59,6.1NRT,296.32,11.71,D
31.67058,-84.04646,314.79,1.39,1.17,2025-03-19,2006,A,64,6.1NRT,301.62,12.05,D
31.66897,-84.06068,313.69,1.38,1.16,2025-03-19,2006,A,61,6.1NRT,300.77,10.54,D
31.63086,-84.39383,335.78,1.32,1.14,2025-03-19,2006,A,87,6.1NRT,303.32,44.29,D
31.30739,-86.95985,358.63,1.03,1.01,2025-03-19,2006,A,99,6.1NRT,302.19,80.41,D
31.30595,-86.97038,326.72,1.03,1.01,2025-03-19,2006,A,81,6.1NRT,300.8,19.93,D
31.65495,-84.53471,314.28,1.3,1.13,2025-03-19,2006,A,53,6.1NRT,300.92,8.27,D
31.87978,-82.74901,310.18,1.68,1.27,2025-03-19,2006,A,48,6.1NRT,296.69,10.88,D
31.76214,-84.05331,323.78,1.39,1.17,2025-03-19,2006,A,78,6.1NRT,300.63,25.11,D
31.82844,-83.55225,318.32,1.49,1.21,2025-03-19,2006,A,71,6.1NRT,295.6,20.91,D
31.80975,-84.00227,319.45,1.4,1.17,2025-03-19,2006,A,73,6.1NRT,301.78,18.31,D
31.2195,-88.47977,346.82,1,1,2025-03-19,2006,A,94,6.1NRT,303.57,49.42,D
31.21799,-88.48997,318.07,1,1,2025-03-19,2006,A,49,6.1NRT,301.89,9.31,D
31.22975,-88.47137,342.8,1,1,2025-03-19,2006,A,92,6.1NRT,300.47,41.4,D
31.22824,-88.48157,370.21,1,1,2025-03-19,2006,A,100,6.1NRT,303.86,110.71,D
31.22673,-88.49175,318.28,1,1,2025-03-19,2006,A,65,6.1NRT,300.08,9.51,D
31.23802,-88.48914,310.65,1,1,2025-03-19,2006,A,55,6.1NRT,299.64,4.34,D
31.79958,-84.25105,313,1.35,1.15,2025-03-19,2006,A,56,6.1NRT,300.58,9.58,D
31.80971,-84.25264,311.49,1.35,1.15,2025-03-19,2006,A,54,6.1NRT,300.23,7.97,D
31.77852,-84.52628,317.92,1.31,1.13,2025-03-19,2006,A,71,6.1NRT,303.93,13.45,D
31.84371,-84.0423,323.09,1.39,1.17,2025-03-19,2006,A,77,6.1NRT,301.6,24.43,D
31.84211,-84.05665,313.68,1.39,1.17,2025-03-19,2006,A,62,6.1NRT,300.97,10.37,D
31.78848,-84.52784,333.7,1.31,1.13,2025-03-19,2006,A,86,6.1NRT,303.83,39.57,D
31.83052,-84.34063,314.21,1.34,1.15,2025-03-19,2006,A,64,6.1NRT,300.2,10.81,D
31.97288,-83.50768,311.35,1.51,1.21,2025-03-19,2006,A,48,6.1NRT,296.3,8.55,D
31.37599,-88.42947,317.01,1,1,2025-03-19,2006,A,71,6.1NRT,299.31,9.56,D
31.7202,-86.42193,324.99,1.07,1.03,2025-03-19,2006,A,80,6.1NRT,299.23,20.06,D
32.07447,-83.89794,325.2,1.43,1.18,2025-03-19,2006,A,80,6.1NRT,299.51,31.14,D
32.07282,-83.91268,315.85,1.43,1.18,2025-03-19,2006,A,68,6.1NRT,298.78,15.16,D
32.06952,-83.94202,311.44,1.42,1.18,2025-03-19,2006,A,53,6.1NRT,296.02,9.42,D
31.82578,-86.32317,307.89,1.08,1.04,2025-03-19,2006,A,42,6.1NRT,291.35,5.86,D
32.12135,-83.92692,310.94,1.43,1.18,2025-03-19,2006,A,58,6.1NRT,297.54,9.65,D
31.94426,-85.45589,312.71,1.18,1.08,2025-03-19,2006,A,64,6.1NRT,301.22,7.66,D
31.95971,-85.40875,315.86,1.18,1.08,2025-03-19,2006,A,69,6.1NRT,300.17,11.07,D
32.13071,-84.03266,310.72,1.41,1.17,2025-03-19,2006,A,58,6.1NRT,296.53,10.09,D
31.96921,-85.41036,312.09,1.18,1.08,2025-03-19,2006,A,38,6.1NRT,300.92,6.81,D
31.77991,-87.01503,321.02,1.04,1.02,2025-03-19,2006,A,76,6.1NRT,297.67,14.67,D
32.13705,-84.25235,315.17,1.37,1.16,2025-03-19,2006,A,68,6.1NRT,298.05,13.37,D
32.12732,-84.33648,311.85,1.35,1.15,2025-03-19,2006,A,62,6.1NRT,299.91,8.85,D
30.40674,-95.24382,341,2.2,1.44,2025-03-19,2006,A,91,6.1NRT,297.22,131.59,D
30.40232,-95.26564,321.63,2.21,1.44,2025-03-19,2006,A,77,6.1NRT,298.14,49.56,D
30.40701,-95.24889,347.42,2.2,1.44,2025-03-19,2006,A,94,6.1NRT,298.08,169.01,D
31.68879,-88.18505,318.89,1,1,2025-03-19,2006,A,69,6.1NRT,298.84,11.15,D
31.69752,-88.18681,347.25,1,1,2025-03-19,2006,A,94,6.1NRT,301.35,50.69,D
31.69604,-88.19704,315.65,1,1,2025-03-19,2006,A,24,6.1NRT,299.6,7.82,D
32.04081,-85.72263,343.35,1.15,1.07,2025-03-19,2006,A,92,6.1NRT,295.92,55.82,D
32.12522,-85.27921,321.29,1.21,1.09,2025-03-19,2006,A,75,6.1NRT,301.9,16.71,D
32.13036,-85.27405,317.86,1.21,1.09,2025-03-19,2006,A,72,6.1NRT,300.74,14.12,D
32.12888,-85.28643,315.87,1.21,1.09,2025-03-19,2006,A,69,6.1NRT,300.26,11.65,D
32.17804,-85.52053,312.64,1.18,1.08,2025-03-19,2006,A,48,6.1NRT,290.79,10.11,D
32.01518,-86.77469,310.89,1.05,1.02,2025-03-19,2006,A,58,6.1NRT,296.35,4.91,D
32.7165,-80.6937,307.98,2.38,1.49,2025-03-19,2006,A,58,6.1NRT,290.65,19.77,D
31.08454,-93.01071,314.94,1.51,1.21,2025-03-19,2006,A,60,6.1NRT,295.02,14.71,D
32.3273,-84.88251,349.12,1.27,1.12,2025-03-19,2006,A,95,6.1NRT,302.68,77.99,D
31.09785,-92.99825,309.67,1.51,1.21,2025-03-19,2006,A,22,6.1NRT,292.94,7.22,D
31.09504,-93.0134,316.23,1.51,1.21,2025-03-19,2006,A,71,6.1NRT,295.96,16.62,D
32.36469,-84.82156,313.5,1.28,1.12,2025-03-19,2006,A,65,6.1NRT,300.5,8.39,D
32.28524,-85.46992,324.65,1.19,1.08,2025-03-19,2006,A,76,6.1NRT,295.45,23.01,D
32.28953,-85.47749,311.69,1.19,1.08,2025-03-19,2006,A,47,6.1NRT,296.22,8.56,D
32.64647,-82.48706,313.27,1.79,1.31,2025-03-19,2006,A,69,6.1NRT,294.6,18.58,D
32.65802,-82.48859,326.72,1.79,1.31,2025-03-19,2006,A,83,6.1NRT,296.05,47.96,D
32.27085,-86.16225,311.83,1.11,1.05,2025-03-19,2006,A,62,6.1NRT,299.96,6.22,D
32.32261,-85.95265,327.33,1.13,1.06,2025-03-19,2006,A,82,6.1NRT,300.43,23.88,D
32.33189,-85.95431,315.12,1.13,1.06,2025-03-19,2006,A,69,6.1NRT,300.22,9.64,D
32.50986,-84.54119,309.45,1.33,1.14,2025-03-19,2006,A,56,6.1NRT,289.43,8.57,D
32.30123,-86.41679,313.16,1.09,1.04,2025-03-19,2006,A,64,6.1NRT,300.63,6.42,D
32.77953,-82.64226,308.5,1.76,1.3,2025-03-19,2006,A,63,6.1NRT,284.48,15.49,D
32.59484,-84.42744,309.17,1.35,1.15,2025-03-19,2006,A,43,6.1NRT,284.97,12.81,D
32.97975,-82.09982,311.15,1.92,1.35,2025-03-19,2006,A,52,6.1NRT,292.42,20.16,D
33.06935,-81.40372,311.34,2.15,1.42,2025-03-19,2006,A,67,6.1NRT,286.97,28.26,D
33.06033,-82.21858,309.68,1.89,1.34,2025-03-19,2006,A,67,6.1NRT,292.61,16.33,D
32.90763,-84.44497,305.71,1.36,1.16,2025-03-19,2006,A,54,6.1NRT,289.24,5.94,D
31.28622,-94.92508,334.8,2,1.38,2025-03-19,2006,A,83,6.1NRT,297.69,86.67,D
31.30206,-94.90849,315.48,1.99,1.38,2025-03-19,2006,A,61,6.1NRT,296.75,27.23,D
31.29809,-94.92834,328.22,2,1.38,2025-03-19,2006,A,79,6.1NRT,297.72,63.35,D
31.30689,-94.91696,319.06,1.99,1.38,2025-03-19,2006,A,75,6.1NRT,296.99,34.25,D
32.93965,-84.79648,328.71,1.31,1.13,2025-03-19,2006,A,85,6.1NRT,294.42,35.07,D
32.9496,-84.79816,309.08,1.31,1.13,2025-03-19,2006,A,32,6.1NRT,289.39,8.52,D
31.54257,-94.0421,319.6,1.72,1.29,2025-03-19,2006,A,76,6.1NRT,299.92,30.48,D
33.49979,-79.88105,328.37,2.76,1.59,2025-03-19,2006,A,85,6.1NRT,290.76,106.89,D
33.49747,-79.90992,337.12,2.75,1.59,2025-03-19,2006,A,90,6.1NRT,290.95,161.25,D
33.48978,-79.88468,335.52,2.76,1.59,2025-03-19,2006,A,89,6.1NRT,288.84,152.38,D
33.48766,-79.91357,328.52,2.75,1.59,2025-03-19,2006,A,85,6.1NRT,289.89,112.55,D
33.16207,-83.5885,308.09,1.55,1.23,2025-03-19,2006,A,63,6.1NRT,292.63,9.3,D
33.16039,-83.60464,309.62,1.54,1.22,2025-03-19,2006,A,66,6.1NRT,293.43,10.9,D
31.82154,-93.29826,310.16,1.53,1.22,2025-03-19,2006,A,26,6.1NRT,298.79,9.02,D
31.81869,-93.31367,311.36,1.53,1.22,2025-03-19,2006,A,50,6.1NRT,298.92,11.45,D
31.82559,-93.30589,316.31,1.53,1.22,2025-03-19,2006,A,71,6.1NRT,299.12,18.06,D
33.34089,-83.18067,305.16,1.65,1.26,2025-03-19,2006,A,42,6.1NRT,284.09,13.45,D
33.27129,-83.83802,305.84,1.5,1.21,2025-03-19,2006,A,56,6.1NRT,284.68,9.72,D
33.24886,-84.66795,320.52,1.34,1.15,2025-03-19,2006,A,79,6.1NRT,296.04,20.71,D
33.24727,-84.68189,324.49,1.34,1.15,2025-03-19,2006,A,82,6.1NRT,296.94,26.71,D
33.28899,-85.20592,305.85,1.25,1.11,2025-03-19,2006,A,37,6.1NRT,289.32,4.94,D
33.29876,-85.20754,306.73,1.25,1.11,2025-03-19,2006,A,45,6.1NRT,290.23,6.15,D
33.33728,-85.05183,310.51,1.28,1.12,2025-03-19,2006,A,65,6.1NRT,292.68,9.44,D
33.33297,-85.35207,316.06,1.24,1.1,2025-03-19,2006,A,73,6.1NRT,292.29,16.36,D
32.50226,-93.59206,311.49,1.54,1.22,2025-03-19,2006,A,57,6.1NRT,295.62,12.78,D
32.5059,-93.59963,322.28,1.54,1.22,2025-03-19,2006,A,69,6.1NRT,297.55,30,D
32.34607,-95.36106,316.89,2.02,1.38,2025-03-19,2006,A,74,6.1NRT,296.33,31.04,D
32.35468,-95.34872,312.24,2.01,1.38,2025-03-19,2006,A,64,6.1NRT,296.06,21.01,D
32.35044,-95.36906,310.92,2.02,1.38,2025-03-19,2006,A,62,6.1NRT,295.8,18.68,D
32.67243,-94.11716,315.2,1.65,1.26,2025-03-19,2006,A,63,6.1NRT,294.85,23.47,D
32.69589,-94.4173,312.74,1.72,1.29,2025-03-19,2006,A,69,6.1NRT,294.58,19.78,D
32.69248,-94.43478,321.88,1.72,1.29,2025-03-19,2006,A,79,6.1NRT,296.72,38.37,D
31.91279,-98.52861,307.85,3.37,1.73,2025-03-19,2006,A,59,6.1NRT,296.38,23.16,D
33.4137,-93.03143,310.24,1.37,1.16,2025-03-19,2006,A,65,6.1NRT,296.07,11.09,D
17.88532,-99.69622,322.1,4,1.86,2025-03-19,2140,A,45,6.1NRT,308.27,35.43,D
19.6487,-104.43014,344.85,1.82,1.32,2025-03-19,2142,A,92,6.1NRT,305.99,94.13,D
19.64683,-104.44593,336.65,1.81,1.32,2025-03-19,2142,A,86,6.1NRT,310.57,57.63,D
19.6852,-104.59142,328.02,1.77,1.3,2025-03-19,2142,A,77,6.1NRT,306.76,29.57,D
19.75211,-104.42117,328.25,1.83,1.32,2025-03-19,2142,A,72,6.1NRT,310.65,34.6,D
19.74938,-104.42812,325.45,1.83,1.32,2025-03-19,2142,A,42,6.1NRT,309.16,23.56,D
20.28088,-105.47034,332.47,1.56,1.23,2025-03-19,2142,A,46,6.1NRT,314.06,29.5,D
20.29169,-105.47189,330.4,1.56,1.23,2025-03-19,2142,A,53,6.1NRT,313.66,24.98,D
22.21936,-105.22871,324.32,1.73,1.29,2025-03-19,2142,A,57,6.1NRT,313.35,18.64,D
22.33367,-105.22343,328.53,1.74,1.29,2025-03-19,2142,A,71,6.1NRT,309.28,33.25,D
22.76677,-102.60426,323.95,2.79,1.6,2025-03-19,2142,A,58,6.1NRT,311.6,28.05,D
22.77341,-102.58416,328.58,2.8,1.6,2025-03-19,2142,A,73,6.1NRT,310.83,52.59,D
23.54374,-106.13953,324.46,1.56,1.23,2025-03-19,2142,A,67,6.1NRT,310.07,17.81,D
23.65713,-106.14841,326.05,1.57,1.23,2025-03-19,2142,A,70,6.1NRT,310.57,20.11,D
23.65528,-106.16397,321.96,1.56,1.23,2025-03-19,2142,A,56,6.1NRT,309.62,11.98,D
24.80008,-107.05893,341.91,1.41,1.18,2025-03-19,2142,A,90,6.1NRT,315.94,51.74,D
25.92578,-108.59757,338.13,1.19,1.09,2025-03-19,2144,A,88,6.1NRT,315.2,31.91,D
27.33455,-107.41324,321.62,1.46,1.19,2025-03-19,2144,A,56,6.1NRT,300.65,18.68,D
27.58556,-108.30641,331.1,1.29,1.13,2025-03-19,2144,A,78,6.1NRT,301.25,33.49,D
27.81945,-108.47729,341.42,1.28,1.12,2025-03-19,2144,A,88,6.1NRT,303.69,54.17,D
27.81787,-108.49048,343.21,1.27,1.12,2025-03-19,2144,A,90,6.1NRT,304.48,58.18,D
27.82774,-108.49149,319.58,1.27,1.12,2025-03-19,2144,A,39,6.1NRT,304.84,13.25,D
28.15522,-107.62077,362.81,1.45,1.19,2025-03-19,2144,A,100,6.1NRT,304.54,147.68,D
28.15359,-107.63484,341.53,1.45,1.19,2025-03-19,2144,A,89,6.1NRT,304.01,64.87,D
28.03014,-108.66321,342.73,1.25,1.11,2025-03-19,2144,A,89,6.1NRT,300.83,56,D
28.1296,-108.60755,318.97,1.26,1.12,2025-03-19,2144,A,30,6.1NRT,306.57,7.82,D
28.12811,-108.61962,328.79,1.26,1.12,2025-03-19,2144,A,75,6.1NRT,307.49,22.81,D
29.26441,-110.86157,324.15,1.05,1.02,2025-03-19,2144,A,59,6.1NRT,313.03,6.01,D
30.09776,-108.15968,340.69,1.42,1.18,2025-03-19,2144,A,88,6.1NRT,301.94,65.79,D
30.14693,-108.44439,333.19,1.37,1.16,2025-03-19,2144,A,82,6.1NRT,301.19,39.23,D
30.14542,-108.45749,331.7,1.37,1.16,2025-03-19,2144,A,80,6.1NRT,302.23,35.08,D
30.15865,-108.4325,319.18,1.37,1.16,2025-03-19,2144,A,49,6.1NRT,300.27,15.95,D
30.1571,-108.44579,324.46,1.37,1.16,2025-03-19,2144,A,69,6.1NRT,301.08,23.32,D
31.30541,-109.93715,323.65,1.18,1.08,2025-03-19,2144,A,70,6.1NRT,305.04,12.87,D
32.05745,-114.97621,318.86,1.08,1.04,2025-03-19,2144,A,37,6.1NRT,308.21,6.95,D
9.55875,-64.89277,301.15,4.75,1.99,2025-03-20,0224,T,38,6.1NRT,288.44,30.18,N
9.06349,-73.48357,328.58,1.1,1.04,2025-03-20,0224,T,100,6.1NRT,294.76,27.48,N
9.23293,-73.381,301.88,1.11,1.05,2025-03-20,0224,T,42,6.1NRT,291.24,4.41,N
9.28584,-73.33851,300.62,1.12,1.05,2025-03-20,0224,T,21,6.1NRT,290.05,4,N
9.33409,-73.3109,307.14,1.12,1.06,2025-03-20,0224,T,70,6.1NRT,289.43,8.69,N
8.31573,-81.19746,308.69,2.09,1.41,2025-03-20,0224,T,75,6.1NRT,294.18,20.52,N
9.66712,-72.16398,310.48,1.31,1.13,2025-03-20,0224,T,80,6.1NRT,290.62,12.37,N
9.67864,-72.15366,312.96,1.31,1.14,2025-03-20,0224,T,86,6.1NRT,290.66,14.99,N
9.67714,-72.16532,342.81,1.31,1.13,2025-03-20,0224,T,100,6.1NRT,290.85,69.75,N
9.68716,-72.16668,303.78,1.31,1.13,2025-03-20,0224,T,44,6.1NRT,289.75,6.91,N
10.1335,-73.11922,312.67,1.17,1.08,2025-03-20,0224,T,85,6.1NRT,286.31,15.18,N
10.13217,-73.12926,303.83,1.17,1.07,2025-03-20,0224,T,43,6.1NRT,287.09,7.26,N
10.42843,-73.59701,301.78,1.11,1.05,2025-03-20,0224,T,44,6.1NRT,288.63,5.84,N
10.65288,-73.43585,317.85,1.14,1.06,2025-03-20,0224,T,96,6.1NRT,289.52,19.15,N
10.67127,-85.50799,314.71,4.17,1.89,2025-03-20,0224,T,86,6.1NRT,295.74,88.74,N
10.68778,-85.51091,306.4,4.17,1.89,2025-03-20,0224,T,45,6.1NRT,295.39,44.32,N
10.67679,-85.51547,319.32,4.17,1.89,2025-03-20,0224,T,98,6.1NRT,295.7,124.27,N
17.88218,-76.43177,314.53,1.02,1.01,2025-03-20,0226,T,85,6.1NRT,294.19,12.42,N
17.89106,-76.43311,311.92,1.02,1.01,2025-03-20,0226,T,77,6.1NRT,293.73,10.56,N
19.02057,-71.41885,300.25,2.01,1.38,2025-03-20,0226,T,23,6.1NRT,287.27,14.03,N
19.99763,-76.51379,308.39,1.04,1.02,2025-03-20,0226,T,74,6.1NRT,291.12,9.29,N
20.00654,-76.51548,322.24,1.04,1.02,2025-03-20,0226,T,100,6.1NRT,290.25,21.44,N
20.19422,-75.3392,302.23,1.15,1.07,2025-03-20,0226,T,48,6.1NRT,289.55,6.84,N
20.22379,-75.40898,302.45,1.14,1.06,2025-03-20,0226,T,49,6.1NRT,290.27,6.66,N
20.25062,-75.84415,307.54,1.09,1.04,2025-03-20,0226,T,72,6.1NRT,288.34,10.82,N
20.14589,-77.32985,334.39,1,1,2025-03-20,0226,T,100,6.1NRT,292,35.4,N
20.14461,-77.33922,331.06,1,1,2025-03-20,0226,T,100,6.1NRT,292.47,30.69,N
20.54199,-76.22069,301.2,1.07,1.03,2025-03-20,0226,T,10,6.1NRT,288.38,5.61,N
20.5407,-76.23067,301.16,1.07,1.03,2025-03-20,0226,T,6,6.1NRT,289.56,5.43,N
20.55237,-76.21205,319.58,1.07,1.03,2025-03-20,0226,T,97,6.1NRT,288.18,19.92,N
20.55108,-76.22205,330.6,1.07,1.03,2025-03-20,0226,T,100,6.1NRT,290.35,32.96,N
20.54979,-76.23203,339.55,1.07,1.03,2025-03-20,0226,T,100,6.1NRT,291.98,47.67,N
20.56276,-76.20341,310.64,1.07,1.03,2025-03-20,0226,T,64,6.1NRT,287.69,11.91,N
20.56146,-76.21341,316.42,1.07,1.03,2025-03-20,0226,T,92,6.1NRT,288.39,16.83,N
20.55888,-76.23339,329.48,1.07,1.03,2025-03-20,0226,T,100,6.1NRT,288.45,31.7,N
20.57315,-76.19476,331.15,1.07,1.03,2025-03-20,0226,T,100,6.1NRT,287.88,35.22,N
20.57186,-76.20477,312.83,1.07,1.03,2025-03-20,0226,T,86,6.1NRT,287.21,14.02,N
20.57056,-76.21477,335.74,1.07,1.03,2025-03-20,0226,T,100,6.1NRT,289.15,41.84,N
20.56926,-76.22476,317.03,1.07,1.03,2025-03-20,0226,T,94,6.1NRT,287.02,17.8,N
20.58016,-76.90961,319.68,1.02,1.01,2025-03-20,0226,T,99,6.1NRT,290.9,18.8,N
20.65294,-76.98528,302.68,1.02,1.01,2025-03-20,0226,T,51,6.1NRT,289.53,6.06,N
20.72496,-77.80865,327.84,1,1,2025-03-20,0226,T,100,6.1NRT,293.14,25.46,N
20.93238,-77.16409,311.87,1.01,1.01,2025-03-20,0226,T,84,6.1NRT,290.44,11.88,N
20.94125,-77.16547,300.72,1.01,1.01,2025-03-20,0226,T,33,6.1NRT,290.05,4.8,N
21.00371,-78.38699,307.48,1.01,1,2025-03-20,0226,T,72,6.1NRT,291.72,8.46,N
21.06682,-78.19518,308.97,1,1,2025-03-20,0226,T,39,6.1NRT,289.88,8.42,N
21.31033,-78.49483,308.18,1.01,1,2025-03-20,0228,T,72,6.1NRT,289.68,8.33,N
21.32016,-78.50221,306.52,1.01,1,2025-03-20,0228,T,68,6.1NRT,290.15,7.93,N
21.32899,-78.50368,314.28,1.01,1,2025-03-20,0228,T,89,6.1NRT,288,13.35,N
21.61592,-78.68633,338.22,1.01,1,2025-03-20,0228,T,100,6.1NRT,290.9,42.54,N
21.62112,-79.41416,301.28,1.04,1.02,2025-03-20,0228,T,36,6.1NRT,290.1,4.61,N
21.83504,-77.97417,303.22,1,1,2025-03-20,0228,T,54,6.1NRT,288.14,6.69,N
21.63009,-79.41571,301.79,1.04,1.02,2025-03-20,0228,T,38,6.1NRT,290.19,4.83,N
21.62866,-79.42554,310.13,1.05,1.02,2025-03-20,0228,T,79,6.1NRT,290.19,10.4,N
21.79295,-78.99218,317.08,1.02,1.01,2025-03-20,0228,T,94,6.1NRT,289.93,16.17,N
21.79157,-79.00178,300.37,1.02,1.01,2025-03-20,0228,T,26,6.1NRT,289.93,4.84,N
21.80365,-78.99007,321.88,1.02,1.01,2025-03-20,0228,T,100,6.1NRT,289.33,20.98,N
21.81391,-78.98197,305.71,1.02,1.01,2025-03-20,0228,T,65,6.1NRT,288.99,7.83,N
21.85659,-79.12727,306.5,1.02,1.01,2025-03-20,0228,T,68,6.1NRT,288.48,8.95,N
21.8552,-79.13693,305.25,1.03,1.01,2025-03-20,0228,T,64,6.1NRT,288.42,8.08,N
22.24795,-80.40273,314.08,1.12,1.05,2025-03-20,0228,T,88,6.1NRT,291.14,15.56,N
22.27732,-80.3972,302.81,1.12,1.05,2025-03-20,0228,T,51,6.1NRT,290.24,6.74,N
22.40885,-80.20152,303.88,1.09,1.04,2025-03-20,0228,T,57,6.1NRT,288.63,8.14,N
22.49529,-79.81026,326.51,1.06,1.03,2025-03-20,0228,T,100,6.1NRT,290.12,28.42,N
22.49381,-79.82031,307.29,1.06,1.03,2025-03-20,0228,T,71,6.1NRT,288.18,9.96,N
22.36426,-81.02872,315.36,1.19,1.09,2025-03-20,0228,T,91,6.1NRT,289.66,19.15,N
22.36249,-81.03996,306.72,1.19,1.09,2025-03-20,0228,T,69,6.1NRT,290.05,10.92,N
22.40327,-80.84145,308.74,1.17,1.07,2025-03-20,0228,T,75,6.1NRT,290.18,12.01,N
22.36625,-81.2044,314.53,1.22,1.1,2025-03-20,0228,T,89,6.1NRT,290.11,18.24,N
22.36445,-81.21588,320.4,1.22,1.1,2025-03-20,0228,T,100,6.1NRT,290.31,25.42,N
22.48595,-80.49048,302.39,1.12,1.06,2025-03-20,0228,T,49,6.1NRT,288.65,7.29,N
22.48434,-80.50108,316.82,1.12,1.06,2025-03-20,0228,T,94,6.1NRT,289.26,19.39,N
22.68419,-80.09024,324.54,1.08,1.04,2025-03-20,0228,T,100,6.1NRT,288.41,27.3,N
22.68265,-80.10044,308.75,1.08,1.04,2025-03-20,0228,T,75,6.1NRT,289.32,11.81,N
22.70833,-80.53797,303.5,1.12,1.05,2025-03-20,0228,T,55,6.1NRT,288.44,7.81,N
22.59814,-81.24223,328.67,1.21,1.1,2025-03-20,0228,T,100,6.1NRT,290.8,37.79,N
22.80442,-80.63841,313.5,1.13,1.06,2025-03-20,0228,T,87,6.1NRT,287.69,16.61,N
22.80277,-80.64912,328.13,1.13,1.06,2025-03-20,0228,T,100,6.1NRT,288.94,34.2,N
22.29709,-83.93587,322.92,1.83,1.33,2025-03-20,0228,T,100,6.1NRT,290.85,50.41,N
22.81862,-80.79611,313.2,1.15,1.07,2025-03-20,0228,T,87,6.1NRT,288.86,16.02,N
22.82505,-80.792,311.11,1.15,1.07,2025-03-20,0228,T,82,6.1NRT,288.1,15.13,N
22.82335,-80.80286,305.39,1.15,1.07,2025-03-20,0228,T,64,6.1NRT,288.81,10.34,N
22.29298,-83.94054,305.92,1.83,1.33,2025-03-20,0228,T,20,6.1NRT,290.08,16.26,N
22.30447,-83.94337,307.98,1.83,1.33,2025-03-20,0228,T,59,6.1NRT,289.83,20.27,N
22.90727,-81.81168,300.31,1.29,1.13,2025-03-20,0228,T,24,6.1NRT,289.24,6.93,N
22.95219,-81.97969,300.12,1.32,1.14,2025-03-20,0228,T,18,6.1NRT,288.49,7.59,N
23.00407,-81.97682,307.78,1.32,1.14,2025-03-20,0228,T,72,6.1NRT,287.97,14.44,N
23.00208,-81.98927,303.58,1.32,1.14,2025-03-20,0228,T,56,6.1NRT,288.04,10.61,N
23.00316,-81.98226,313.5,1.32,1.14,2025-03-20,0228,T,87,6.1NRT,288.27,19.88,N
22.9876,-82.20094,310.38,1.36,1.15,2025-03-20,0228,T,80,6.1NRT,290.01,16.9,N
25.04096,-78.0423,311.34,1.02,1.01,2025-03-20,0228,T,75,6.1NRT,287.15,12.61,N
25.38799,-80.48225,300.66,1.05,1.03,2025-03-20,0228,T,30,6.1NRT,286.78,6.01,N
26.66547,-77.93772,328.27,1.04,1.02,2025-03-20,0228,T,100,6.1NRT,289.17,30.5,N
31.0451,-83.08863,314.2,1.16,1.07,2025-03-20,0230,T,89,6.1NRT,286.97,17.74,N
32.33254,-85.95509,303.17,1.57,1.24,2025-03-20,0232,T,54,6.1NRT,289.88,11.33,N
33.02474,-85.42077,311.98,1.42,1.18,2025-03-20,0232,T,84,6.1NRT,287.79,20.77,N
33.02212,-85.43545,309.77,1.42,1.18,2025-03-20,0232,T,78,6.1NRT,286.86,18.16,N
33.3021,-85.20315,320.82,1.36,1.16,2025-03-20,0232,T,100,6.1NRT,287.19,32.29,N
13.97491,-90.26698,305.6,4.82,2,2025-03-20,0404,T,34,6.1NRT,289.83,52.87,N
16.31161,-92.68292,322.09,3.37,1.73,2025-03-20,0404,T,100,6.1NRT,293.25,107.53,N
16.3084,-92.71413,348.41,3.35,1.73,2025-03-20,0404,T,100,6.1NRT,293.96,333.73,N
16.32372,-92.71544,341.21,3.35,1.73,2025-03-20,0404,T,100,6.1NRT,294.77,251.55,N
16.32057,-92.74574,317.72,3.34,1.72,2025-03-20,0404,T,96,6.1NRT,292.81,73.64,N
16.30868,-92.68968,327.05,3.37,1.73,2025-03-20,0404,T,100,6.1NRT,293.26,139.55,N
16.30576,-92.72035,326.38,3.35,1.73,2025-03-20,0404,T,100,6.1NRT,292.39,131.78,N
16.32411,-92.69019,326.29,3.37,1.73,2025-03-20,0404,T,100,6.1NRT,294.04,134.03,N
16.32102,-92.72212,350.09,3.35,1.73,2025-03-20,0404,T,100,6.1NRT,294.87,355.27,N
16.31814,-92.75193,307.53,3.34,1.72,2025-03-20,0404,T,61,6.1NRT,292.6,35.34,N
16.37908,-92.75883,303,3.34,1.72,2025-03-20,0404,T,15,6.1NRT,292.88,18.77,N
16.3977,-92.72756,304.26,3.35,1.73,2025-03-20,0404,T,48,6.1NRT,292.8,23.61,N
16.39448,-92.75893,328.68,3.34,1.72,2025-03-20,0404,T,100,6.1NRT,293.7,147.82,N
16.39134,-92.78949,303.45,3.32,1.72,2025-03-20,0404,T,18,6.1NRT,293.38,19.56,N
16.39493,-92.73318,313.03,3.35,1.73,2025-03-20,0404,T,86,6.1NRT,293.29,59.79,N
16.39196,-92.76445,328.89,3.34,1.72,2025-03-20,0404,T,100,6.1NRT,293.85,149.91,N
16.37924,-98.14119,304.26,1.32,1.14,2025-03-20,0404,T,59,6.1NRT,292.16,7.29,N
16.85699,-98.39802,302.01,1.29,1.13,2025-03-20,0404,T,46,6.1NRT,291.28,5.63,N
17.34697,-95.73637,308.75,2.02,1.38,2025-03-20,0404,T,75,6.1NRT,293.72,21.29,N
17.35263,-95.72351,304.31,2.02,1.39,2025-03-20,0404,T,39,6.1NRT,293.77,12.02,N
16.97847,-99.80186,316.09,1.1,1.04,2025-03-20,0404,T,93,6.1NRT,294.97,15.25,N
17.83693,-93.12479,315.99,3.26,1.71,2025-03-20,0404,T,92,6.1NRT,295.25,71.07,N
17.8352,-93.13014,308.34,3.26,1.71,2025-03-20,0404,T,74,6.1NRT,295.17,41.26,N
17.90783,-93.16782,306.17,3.25,1.7,2025-03-20,0404,T,67,6.1NRT,295.65,32.77,N
17.9048,-93.19786,312.78,3.23,1.7,2025-03-20,0404,T,86,6.1NRT,295.33,58.23,N
17.90636,-93.17445,311.26,3.25,1.7,2025-03-20,0404,T,82,6.1NRT,295.74,52.78,N
17.90355,-93.20451,307.21,3.23,1.7,2025-03-20,0404,T,71,6.1NRT,295.15,37.17,N
17.89197,-99.64556,306.93,1.13,1.06,2025-03-20,0404,T,57,6.1NRT,295.94,5.19,N
17.8999,-99.65772,307.56,1.13,1.06,2025-03-20,0404,T,53,6.1NRT,295.36,5.97,N
18.51239,-96.13896,303.51,1.95,1.36,2025-03-20,0404,T,55,6.1NRT,291.94,13.75,N
18.51033,-96.15704,302.09,1.95,1.36,2025-03-20,0404,T,47,6.1NRT,291.62,11.58,N
18.50526,-96.14481,307.82,1.95,1.36,2025-03-20,0404,T,73,6.1NRT,292.04,21.01,N
19.00833,-100.10891,301.46,1.11,1.05,2025-03-20,0406,T,41,6.1NRT,290.03,5.94,N
20.04982,-99.28904,305.8,1.25,1.11,2025-03-20,0406,T,66,6.1NRT,288.06,11.87,N
19.60011,-102.68375,301.92,1,1,2025-03-20,0406,T,45,6.1NRT,290.42,4.12,N
19.65727,-104.4399,300.48,1.12,1.05,2025-03-20,0406,T,21,6.1NRT,285.86,5.17,N
19.8281,-104.232,314.2,1.09,1.04,2025-03-20,0406,T,89,6.1NRT,275.31,16.8,N
19.82659,-104.24218,310.59,1.09,1.04,2025-03-20,0406,T,80,6.1NRT,279,13.66,N
19.86269,-104.18036,300.12,1.09,1.04,2025-03-20,0406,T,17,6.1NRT,286.55,5.59,N
20.34982,-101.177,306.63,1.04,1.02,2025-03-20,0406,T,69,6.1NRT,286.84,9.61,N
20.45688,-100.56026,300.07,1.09,1.04,2025-03-20,0406,T,14,6.1NRT,287.69,5.77,N
20.58095,-101.17007,305.78,1.05,1.02,2025-03-20,0406,T,66,6.1NRT,283.2,10.03,N
20.57968,-101.17984,300.37,1.04,1.02,2025-03-20,0406,T,26,6.1NRT,285.67,6.46,N
20.49169,-103.23138,328.51,1.01,1.01,2025-03-20,0406,T,100,6.1NRT,280.08,30.58,N
20.49033,-103.24084,301.56,1.01,1.01,2025-03-20,0406,T,42,6.1NRT,277.75,7.38,N
20.53224,-103.07409,300.62,1.01,1,2025-03-20,0406,T,31,6.1NRT,278.58,6.21,N
20.50119,-103.41737,317.38,1.02,1.01,2025-03-20,0406,T,95,6.1NRT,284.16,17.61,N
20.49984,-103.42673,339.62,1.02,1.01,2025-03-20,0406,T,100,6.1NRT,285.77,45.87,N
20.49849,-103.43605,321.1,1.02,1.01,2025-03-20,0406,T,100,6.1NRT,279.85,21.36,N
20.51005,-103.41888,337.88,1.02,1.01,2025-03-20,0406,T,100,6.1NRT,282.43,43.14,N
20.50869,-103.42831,383.67,1.02,1.01,2025-03-20,0406,T,100,6.1NRT,288.09,176.15,N
20.50735,-103.4376,328.81,1.02,1.01,2025-03-20,0406,T,100,6.1NRT,282.29,30,N
20.59781,-103.07185,303.21,1.01,1,2025-03-20,0406,T,54,6.1NRT,275.76,7.27,N
20.2762,-105.47153,312.02,1.24,1.11,2025-03-20,0406,T,79,6.1NRT,295.84,12.3,N
20.28771,-105.46159,318.2,1.24,1.1,2025-03-20,0406,T,96,6.1NRT,297.46,19.17,N
20.28592,-105.47314,305.96,1.24,1.11,2025-03-20,0406,T,10,6.1NRT,295.6,6.13,N
20.29744,-105.46309,316.75,1.24,1.1,2025-03-20,0406,T,94,6.1NRT,297.2,17.35,N
20.8757,-102.06001,304.85,1.01,1,2025-03-20,0406,T,62,6.1NRT,279.99,8.81,N
20.79319,-103.05862,302.05,1.01,1,2025-03-20,0406,T,44,6.1NRT,287.79,6.68,N
20.71777,-103.70826,300.06,1.04,1.02,2025-03-20,0406,T,14,6.1NRT,281.34,5.98,N
20.71637,-103.71785,300.19,1.04,1.02,2025-03-20,0406,T,21,6.1NRT,283.81,5.85,N
20.88201,-103.84772,303.13,1.04,1.02,2025-03-20,0406,T,53,6.1NRT,291.1,5.92,N
20.88061,-103.85732,303.02,1.04,1.02,2025-03-20,0406,T,53,6.1NRT,290.44,6,N
21.64957,-98.30692,311.43,1.51,1.21,2025-03-20,0406,T,82,6.1NRT,288.61,20.86,N
21.66029,-98.30827,302.32,1.51,1.21,2025-03-20,0406,T,48,6.1NRT,288.38,10.53,N
21.97675,-103.29457,309.56,1.01,1,2025-03-20,0406,T,78,6.1NRT,285,11.9,N
22.19788,-103.03407,303.78,1,1,2025-03-20,0406,T,57,6.1NRT,287.51,7.32,N
22.67617,-99.48174,301.15,1.31,1.13,2025-03-20,0406,T,38,6.1NRT,287.73,6.93,N
22.72677,-99.48461,301.06,1.31,1.14,2025-03-20,0406,T,27,6.1NRT,286.39,6.19,N
22.72542,-99.49626,316.21,1.31,1.13,2025-03-20,0406,T,93,6.1NRT,287.36,21.88,N
22.84305,-99.02212,303.31,1.4,1.17,2025-03-20,0406,T,53,6.1NRT,287.28,9.37,N
22.92058,-99.05209,305.47,1.4,1.17,2025-03-20,0406,T,64,6.1NRT,274.92,13.2,N
22.91901,-99.06543,300.93,1.4,1.17,2025-03-20,0406,T,35,6.1NRT,272.25,9.07,N
25.99815,-100.14754,304.36,1.31,1.14,2025-03-20,0406,T,60,6.1NRT,286.36,10.8,N
25.31615,-107.12337,304.69,1.29,1.13,2025-03-20,0406,T,39,6.1NRT,294.49,6.83,N
25.31809,-107.11721,307.3,1.29,1.13,2025-03-20,0406,T,46,6.1NRT,295.2,9.04,N
26.34007,-100.87975,340.41,1.21,1.09,2025-03-20,0406,T,100,6.1NRT,288.52,60.41,N
26.33866,-100.89159,314.95,1.21,1.09,2025-03-20,0406,T,90,6.1NRT,287.3,19.53,N
27.34014,-107.40295,304.5,1.25,1.11,2025-03-20,0408,T,55,6.1NRT,283.73,11.48,N
27.35164,-107.39388,306.77,1.25,1.11,2025-03-20,0408,T,69,6.1NRT,284.62,13.48,N
27.34968,-107.40587,312.37,1.25,1.11,2025-03-20,0408,T,85,6.1NRT,285.09,18.99,N
27.59011,-108.31129,309.89,1.4,1.17,2025-03-20,0408,T,79,6.1NRT,287.66,19.01,N
27.58779,-108.32505,301.3,1.4,1.17,2025-03-20,0408,T,40,6.1NRT,285.81,9.92,N
27.82889,-108.48084,305.82,1.42,1.18,2025-03-20,0408,T,66,6.1NRT,286.06,14.63,N
27.8266,-108.49422,308.29,1.42,1.18,2025-03-20,0408,T,74,6.1NRT,285.87,17.4,N
27.83904,-108.48371,302.33,1.42,1.18,2025-03-20,0408,T,24,6.1NRT,285.34,10.3,N
28.15928,-107.61509,322.32,1.25,1.11,2025-03-20,0408,T,60,6.1NRT,281.97,31.15,N
28.17092,-107.60513,308.84,1.25,1.11,2025-03-20,0408,T,30,6.1NRT,278.55,15.75,N
28.16699,-107.62917,313.66,1.25,1.11,2025-03-20,0408,T,28,6.1NRT,279.82,20.32,N
28.16496,-107.64159,303.35,1.25,1.11,2025-03-20,0408,T,15,6.1NRT,278.26,11.68,N
28.0566,-108.65141,306.89,1.44,1.19,2025-03-20,0408,T,61,6.1NRT,287.02,14.15,N
28.05428,-108.66479,321.13,1.44,1.19,2025-03-20,0408,T,100,6.1NRT,288.15,33.03,N
28.06428,-108.66897,319.24,1.44,1.19,2025-03-20,0408,T,98,6.1NRT,288.53,30.2,N
28.0618,-108.68333,309.34,1.44,1.19,2025-03-20,0408,T,58,6.1NRT,288.99,15.89,N
28.05892,-108.69991,307.24,1.45,1.19,2025-03-20,0408,T,71,6.1NRT,290.66,14.66,N
28.05618,-108.71573,301.51,1.45,1.19,2025-03-20,0408,T,21,6.1NRT,290.48,7.87,N
28.14443,-108.61812,304.04,1.42,1.18,2025-03-20,0408,T,58,6.1NRT,285.94,12.39,N
30.40206,-95.21154,301.76,3.26,1.71,2025-03-20,0408,T,44,6.1NRT,284.95,36.3,N
30.15448,-108.44511,308.42,1.29,1.13,2025-03-20,0408,T,64,6.1NRT,279.06,17.15,N
30.15227,-108.4583,319.95,1.29,1.13,2025-03-20,0408,T,99,6.1NRT,280.21,30.97,N
30.49655,-109.63042,332.57,1.49,1.2,2025-03-20,0408,T,100,6.1NRT,278.55,66.11,N
9.7385,-63.47037,305.9,1.57,1.23,2025-03-20,0637,A,66,6.1NRT,291.11,12.81,N
9.73656,-63.45648,304.74,1.57,1.23,2025-03-20,0637,A,61,6.1NRT,291.07,10.97,N
9.66485,-63.52839,308.17,1.58,1.24,2025-03-20,0637,A,48,6.1NRT,289.74,13.75,N
9.65397,-63.52996,322.38,1.58,1.24,2025-03-20,0637,A,100,6.1NRT,290.32,36.89,N
9.65204,-63.51609,303.6,1.58,1.24,2025-03-20,0637,A,17,6.1NRT,290.13,8.52,N
9.65671,-63.63004,356.52,1.61,1.25,2025-03-20,0637,A,100,6.1NRT,291.25,153.68,N
9.65475,-63.61582,343.35,1.6,1.25,2025-03-20,0637,A,100,6.1NRT,291.41,96.69,N
9.6489,-63.57351,308.22,1.59,1.24,2025-03-20,0637,A,70,6.1NRT,289.67,13.6,N
9.64696,-63.55947,355.88,1.59,1.24,2025-03-20,0637,A,100,6.1NRT,290.76,146.11,N
9.64503,-63.54552,313.62,1.58,1.24,2025-03-20,0637,A,38,6.1NRT,289.64,19.62,N
9.62429,-63.72155,345.67,1.63,1.26,2025-03-20,0637,A,100,6.1NRT,292.91,108.99,N
9.62236,-63.70716,306.6,1.63,1.26,2025-03-20,0637,A,69,6.1NRT,291.21,13.22,N
9.56627,-63.63464,303.21,1.6,1.25,2025-03-20,0637,A,54,6.1NRT,290.79,9.98,N
9.56432,-63.62053,302.8,1.6,1.25,2025-03-20,0637,A,51,6.1NRT,291.12,9.53,N
9.37642,-63.16863,312.9,1.47,1.2,2025-03-20,0637,A,86,6.1NRT,291.87,20.33,N
9.37512,-64.5176,301.47,1.86,1.33,2025-03-20,0637,A,41,6.1NRT,284.19,10.26,N
8.92728,-62.86413,306.4,1.38,1.16,2025-03-20,0637,A,8,6.1NRT,293.95,8.58,N
8.92554,-62.85194,312.87,1.38,1.16,2025-03-20,0637,A,86,6.1NRT,294.08,15.99,N
8.77582,-62.6706,309.63,1.34,1.15,2025-03-20,0637,A,73,6.1NRT,294.11,10.95,N
8.77415,-62.65878,325.23,1.33,1.14,2025-03-20,0637,A,100,6.1NRT,294.9,32.25,N
8.76917,-62.62353,339.15,1.33,1.14,2025-03-20,0637,A,100,6.1NRT,295.69,59.89,N
8.76751,-62.61183,327.94,1.32,1.14,2025-03-20,0637,A,100,6.1NRT,295.66,35.62,N
8.76586,-62.60015,324.55,1.32,1.14,2025-03-20,0637,A,100,6.1NRT,295.63,29.21,N
8.76421,-62.58849,321.81,1.32,1.14,2025-03-20,0637,A,100,6.1NRT,295.44,24.46,N
8.76256,-62.57685,322.7,1.32,1.14,2025-03-20,0637,A,96,6.1NRT,295.22,26.15,N
8.76092,-62.56524,320.11,1.31,1.14,2025-03-20,0637,A,78,6.1NRT,295.12,24.28,N
8.77073,-62.7075,322.08,1.34,1.15,2025-03-20,0637,A,100,6.1NRT,294.7,28.48,N
8.76907,-62.69564,319.76,1.34,1.15,2025-03-20,0637,A,99,6.1NRT,294.76,23.73,N
8.76741,-62.68381,327.98,1.34,1.15,2025-03-20,0637,A,100,6.1NRT,294.95,37.12,N
8.76574,-62.67199,333.23,1.34,1.15,2025-03-20,0637,A,100,6.1NRT,295.92,47.2,N
8.76408,-62.66016,324.32,1.33,1.14,2025-03-20,0637,A,100,6.1NRT,295.39,30,N
8.76242,-62.64837,344.49,1.33,1.14,2025-03-20,0637,A,100,6.1NRT,296.23,74.35,N
8.76077,-62.63663,332.14,1.33,1.14,2025-03-20,0637,A,100,6.1NRT,295.6,44.43,N
8.75912,-62.62492,328.52,1.33,1.14,2025-03-20,0637,A,100,6.1NRT,295.67,37.4,N
8.75748,-62.61322,306.65,1.32,1.14,2025-03-20,0637,A,38,6.1NRT,295.11,7.23,N
8.73254,-62.58108,319.48,1.32,1.14,2025-03-20,0637,A,87,6.1NRT,294.64,21.2,N
8.7603,-62.85568,319.31,1.37,1.16,2025-03-20,0637,A,98,6.1NRT,293.99,25.41,N
8.72254,-62.58256,310.56,1.32,1.14,2025-03-20,0637,A,39,6.1NRT,294.44,11.6,N
8.75175,-62.86926,310.88,1.38,1.16,2025-03-20,0637,A,81,6.1NRT,293.85,13.66,N
8.75009,-62.8571,324.33,1.37,1.16,2025-03-20,0637,A,100,6.1NRT,294.77,32.78,N
8.7287,-62.70125,312.62,1.34,1.15,2025-03-20,0637,A,85,6.1NRT,294.55,15.33,N
8.75338,-62.8636,326.77,1.37,1.16,2025-03-20,0637,A,100,6.1NRT,294.5,36.34,N
8.75164,-62.85148,322.85,1.37,1.16,2025-03-20,0637,A,100,6.1NRT,294.85,29.08,N
8.73624,-62.81667,306.67,1.36,1.16,2025-03-20,0637,A,69,6.1NRT,294.85,8.05,N
8.72083,-62.70927,330.7,1.34,1.15,2025-03-20,0637,A,100,6.1NRT,294.91,41.8,N
8.71913,-62.69743,311.42,1.34,1.15,2025-03-20,0637,A,53,6.1NRT,294.31,12.02,N
8.73643,-62.89073,318.35,1.38,1.16,2025-03-20,0637,A,91,6.1NRT,293.62,22.22,N
8.73469,-62.87854,334.35,1.38,1.16,2025-03-20,0637,A,100,6.1NRT,295.01,51.69,N
8.71922,-62.7701,320.38,1.35,1.15,2025-03-20,0637,A,100,6.1NRT,294.54,24.01,N
8.71242,-62.72251,309.02,1.34,1.15,2025-03-20,0637,A,76,6.1NRT,294.58,10.38,N
8.71073,-62.71066,307.12,1.34,1.15,2025-03-20,0637,A,44,6.1NRT,294.42,8.23,N
8.72619,-62.89212,319.46,1.38,1.16,2025-03-20,0637,A,96,6.1NRT,294.34,23.08,N
8.72447,-62.87994,343.39,1.38,1.16,2025-03-20,0637,A,100,6.1NRT,295.42,74.56,N
8.70908,-62.77151,334.89,1.35,1.15,2025-03-20,0637,A,100,6.1NRT,295.17,51.42,N
8.7057,-62.74768,339.51,1.35,1.15,2025-03-20,0637,A,100,6.1NRT,295.55,62.47,N
8.70401,-62.7358,343.39,1.35,1.15,2025-03-20,0637,A,100,6.1NRT,295.39,72.1,N
8.70232,-62.72393,315.89,1.34,1.15,2025-03-20,0637,A,87,6.1NRT,294.47,17.49,N
8.71596,-62.89353,313.39,1.38,1.16,2025-03-20,0637,A,57,6.1NRT,294.09,14.96,N
8.70232,-62.79683,314.22,1.36,1.15,2025-03-20,0637,A,86,6.1NRT,294.92,15.2,N
8.69895,-62.77295,314.64,1.35,1.15,2025-03-20,0637,A,90,6.1NRT,294.76,16.33,N
8.69555,-62.8223,311.47,1.36,1.16,2025-03-20,0637,A,83,6.1NRT,294.96,12.77,N
8.69551,-62.89637,320.42,1.38,1.16,2025-03-20,0637,A,100,6.1NRT,294.27,25.36,N
8.69381,-62.88419,315.86,1.38,1.16,2025-03-20,0637,A,92,6.1NRT,294.36,18.41,N
8.69212,-62.87206,311.25,1.37,1.16,2025-03-20,0637,A,82,6.1NRT,294.08,12.92,N
8.69043,-62.85993,316.48,1.37,1.16,2025-03-20,0637,A,93,6.1NRT,294.62,19.52,N
8.68874,-62.84784,311.33,1.37,1.16,2025-03-20,0637,A,82,6.1NRT,294.8,13.16,N
8.68706,-62.83577,310.85,1.37,1.16,2025-03-20,0637,A,79,6.1NRT,294.59,12.36,N
8.56653,-64.13538,301.66,1.69,1.28,2025-03-20,0637,A,37,6.1NRT,285.37,9.84,N
22.83067,-80.00904,338.58,1.01,1.01,2025-03-20,0809,A,100,6.1NRT,285.95,44.97,N
22.82919,-79.99949,302.14,1.01,1.01,2025-03-20,0809,A,47,6.1NRT,283.92,7.57,N
21.79914,-78.99169,321.86,1.1,1.04,2025-03-20,0811,A,100,6.1NRT,286.2,25.16,N
21.79749,-78.98141,309.82,1.1,1.05,2025-03-20,0811,A,78,6.1NRT,285.72,13.37,N
21.33991,-78.50335,309.25,1.17,1.08,2025-03-20,0811,A,77,6.1NRT,283.74,13.9,N
21.33051,-78.50511,321.47,1.17,1.08,2025-03-20,0811,A,100,6.1NRT,287.24,26.02,N
20.00838,-76.5164,305.93,1.62,1.25,2025-03-20,0811,A,66,6.1NRT,289.44,16.58,N
20.0052,-76.50865,301.03,1.63,1.26,2025-03-20,0811,A,26,6.1NRT,289.59,9.23,N
16.3099,-92.67219,315.74,4.5,1.95,2025-03-20,0811,A,92,6.1NRT,288.05,133.8,N
16.30852,-92.68001,316.83,4.5,1.95,2025-03-20,0811,A,94,6.1NRT,286.79,142.02,N
13.3421,-87.27848,308.08,1.54,1.22,2025-03-20,0813,A,41,6.1NRT,294.85,11,N
13.33139,-87.28042,308.55,1.54,1.22,2025-03-20,0813,A,22,6.1NRT,294.66,11.15,N
13.32959,-87.26655,319.4,1.54,1.22,2025-03-20,0813,A,98,6.1NRT,295.32,27.32,N
13.32712,-87.27354,311.22,1.54,1.22,2025-03-20,0813,A,43,6.1NRT,295.21,14.38,N
13.32528,-87.2601,309.47,1.54,1.22,2025-03-20,0813,A,25,6.1NRT,295.05,11.71,N
10.4682,-85.37383,306.48,1.09,1.04,2025-03-20,0813,A,68,6.1NRT,296.42,6.85,N
20.58525,-101.16409,304.13,1.59,1.24,2025-03-20,0949,A,59,6.1NRT,286.2,16.09,N
20.52868,-100.91972,301.45,1.66,1.27,2025-03-20,0949,A,41,6.1NRT,285.11,13.41,N
20.6071,-102.94601,302.58,1.22,1.1,2025-03-20,0949,A,50,6.1NRT,280.21,12.16,N
20.29746,-105.45699,301.38,1.01,1,2025-03-20,0949,A,33,6.1NRT,289.99,4.59,N
30.17924,-108.44242,300.81,1.55,1.23,2025-03-20,0947,A,34,6.1NRT,273.82,16.65,N
30.11466,-108.15457,302.69,1.48,1.2,2025-03-20,0947,A,51,6.1NRT,274.55,18.29,N
30.11059,-108.16251,301.88,1.48,1.2,2025-03-20,0947,A,45,6.1NRT,274.51,16.72,N
28.16961,-107.62253,309.84,1.3,1.13,2025-03-20,0949,A,67,6.1NRT,275.77,19.98,N
28.16807,-107.61009,307.39,1.29,1.13,2025-03-20,0949,A,71,6.1NRT,275.36,17.87,N
28.16646,-107.59713,300.87,1.29,1.13,2025-03-20,0949,A,4,6.1NRT,274.53,11.53,N
28.06984,-108.67796,317.48,1.5,1.21,2025-03-20,0949,A,95,6.1NRT,287.96,30.18,N
28.06826,-108.66406,325.57,1.49,1.21,2025-03-20,0949,A,100,6.1NRT,288.43,45.82,N
28.06656,-108.64902,309.03,1.49,1.21,2025-03-20,0949,A,76,6.1NRT,285.8,19.81,N
28.06459,-108.68532,304.49,1.5,1.21,2025-03-20,0949,A,37,6.1NRT,286.65,12.75,N
28.06268,-108.6694,306.4,1.49,1.21,2025-03-20,0949,A,60,6.1NRT,285.9,15.22,N
28.06088,-108.65442,314.57,1.49,1.21,2025-03-20,0949,A,89,6.1NRT,285.77,25.77,N
27.59852,-108.2967,305.46,1.4,1.17,2025-03-20,0949,A,64,6.1NRT,285.64,14.79,N
25.37778,-102.90526,318.21,1.08,1.04,2025-03-20,0949,A,96,6.1NRT,280.92,22.77,N
21.87421,-102.34447,300.69,1.27,1.12,2025-03-20,0949,A,32,6.1NRT,282.42,10,N
26.54002,-80.85331,313.03,2.76,1.59,2025-03-20,1435,T,53,6.1NRT,300.21,23.27,D
25.44036,-80.39964,314.3,2.48,1.52,2025-03-20,1435,T,53,6.1NRT,298.48,28.81,D
25.43815,-80.37568,332.91,2.47,1.51,2025-03-20,1435,T,74,6.1NRT,299.52,103.41,D
25.38261,-80.46132,310.06,2.5,1.52,2025-03-20,1435,T,20,6.1NRT,298.71,17.15,D
22.38826,-80.77734,318.51,2.41,1.5,2025-03-20,1437,T,68,6.1NRT,303.45,33.53,D
22.02749,-78.17537,313.93,1.53,1.22,2025-03-20,1437,T,56,6.1NRT,299.82,11.96,D
21.46907,-78.28469,316.98,1.53,1.22,2025-03-20,1437,T,67,6.1NRT,301.7,12.04,D
21.33394,-78.50789,330.14,1.58,1.24,2025-03-20,1437,T,83,6.1NRT,303.11,43.14,D
21.33221,-78.49307,318.42,1.58,1.24,2025-03-20,1437,T,67,6.1NRT,304.36,17.52,D
21.26278,-78.36797,316.03,1.54,1.22,2025-03-20,1437,T,55,6.1NRT,301.39,13.28,D
20.59289,-76.09336,328.27,1.12,1.05,2025-03-20,1437,T,82,6.1NRT,304.23,22.19,D
20.5915,-76.08295,330.19,1.12,1.05,2025-03-20,1437,T,84,6.1NRT,305.08,25.14,D
20.58224,-76.08428,329.01,1.12,1.05,2025-03-20,1437,T,83,6.1NRT,304.4,21.84,D
20.58026,-76.21272,362.54,1.13,1.06,2025-03-20,1437,T,100,6.1NRT,309.58,96.63,D
20.5682,-76.19299,330.92,1.13,1.06,2025-03-20,1437,T,51,6.1NRT,306.63,20.67,D
20.55311,-76.0779,322.33,1.11,1.05,2025-03-20,1437,T,73,6.1NRT,305.89,11.11,D
20.56438,-76.23651,332.04,1.13,1.06,2025-03-20,1437,T,57,6.1NRT,309.58,22.04,D
20.55643,-76.24842,423.16,1.13,1.06,2025-03-20,1437,T,100,6.1NRT,318.32,493.9,D
20.55506,-76.23785,397.95,1.13,1.06,2025-03-20,1437,T,100,6.1NRT,317.25,274.9,D
20.55369,-76.22728,327.97,1.13,1.06,2025-03-20,1437,T,57,6.1NRT,308.88,16.03,D
20.5471,-76.24976,361.97,1.13,1.06,2025-03-20,1437,T,100,6.1NRT,305.43,97,D
20.54573,-76.23917,388.31,1.13,1.06,2025-03-20,1437,T,100,6.1NRT,310.04,214.56,D
20.50803,-76.2189,320.09,1.13,1.06,2025-03-20,1437,T,73,6.1NRT,306.93,9.69,D
20.44921,-76.13123,320.31,1.12,1.05,2025-03-20,1437,T,48,6.1NRT,308.1,8.13,D
20.3289,-76.05929,319.6,1.11,1.05,2025-03-20,1437,T,71,6.1NRT,302.97,10.81,D
20.32756,-76.04901,319.38,1.11,1.05,2025-03-20,1437,T,72,6.1NRT,303.84,10.51,D
20.23953,-75.4552,320.56,1.05,1.02,2025-03-20,1437,T,70,6.1NRT,303.98,11.66,D
20.2487,-75.72577,321.32,1.07,1.03,2025-03-20,1437,T,74,6.1NRT,305.31,12.39,D
19.47507,-70.72698,316.05,1.32,1.14,2025-03-20,1437,T,31,6.1NRT,301.45,8.2,D
20.07418,-75.66167,312.4,1.06,1.03,2025-03-20,1437,T,49,6.1NRT,299.73,7.1,D
20.07288,-75.65211,310.69,1.06,1.03,2025-03-20,1437,T,22,6.1NRT,300.66,5.75,D
20.00804,-76.54261,313.26,1.16,1.07,2025-03-20,1437,T,56,6.1NRT,298.29,10.66,D
19.99441,-76.51186,312.92,1.15,1.07,2025-03-20,1437,T,56,6.1NRT,299.1,9.1,D
19.09913,-71.32466,312.49,1.23,1.1,2025-03-20,1437,T,54,6.1NRT,295.42,10.01,D
19.08877,-71.46883,310.92,1.21,1.09,2025-03-20,1437,T,39,6.1NRT,300.45,7.25,D
19.07107,-71.35636,312.38,1.23,1.1,2025-03-20,1437,T,61,6.1NRT,300.28,8.32,D
19.0032,-71.24224,314.88,1.25,1.11,2025-03-20,1437,T,67,6.1NRT,295.8,13.88,D
19.00137,-71.23092,313.64,1.25,1.11,2025-03-20,1437,T,64,6.1NRT,294.58,12.87,D
18.97244,-71.62816,328.82,1.19,1.09,2025-03-20,1437,T,83,6.1NRT,302.32,24.09,D
18.51924,-69.64633,316.6,1.62,1.25,2025-03-20,1437,T,70,6.1NRT,299.22,17.17,D
18.51527,-69.6377,310.87,1.62,1.25,2025-03-20,1437,T,57,6.1NRT,298.83,10.04,D
10.89248,-73.19276,317.74,1.24,1.11,2025-03-20,1440,T,75,6.1NRT,291.91,15.13,D
10.40858,-73.52483,320.15,1.21,1.09,2025-03-20,1440,T,71,6.1NRT,294.86,16.87,D
10.22856,-73.21185,315.37,1.26,1.12,2025-03-20,1440,T,50,6.1NRT,295.34,8.21,D
10.35225,-74.74924,320.28,1.06,1.03,2025-03-20,1440,T,53,6.1NRT,300.4,6.37,D
9.98029,-74.98225,327.65,1.05,1.02,2025-03-20,1440,T,78,6.1NRT,300.25,16.74,D
9.48165,-73.98734,317.87,1.17,1.08,2025-03-20,1440,T,66,6.1NRT,294.6,8.29,D
9.57313,-75.16752,323.52,1.04,1.02,2025-03-20,1440,T,72,6.1NRT,297.94,13.9,D
9.57178,-75.15827,322.77,1.04,1.02,2025-03-20,1440,T,71,6.1NRT,296.97,13.46,D
9.48615,-74.82726,319.83,1.07,1.03,2025-03-20,1440,T,52,6.1NRT,298.91,6.79,D
9.48474,-74.8178,330.69,1.07,1.03,2025-03-20,1440,T,62,6.1NRT,299.7,20.35,D
7.43946,-69.28693,347.97,2.79,1.6,2025-03-20,1440,T,82,6.1NRT,283.95,236.34,D
7.42552,-69.28918,317.72,2.79,1.6,2025-03-20,1440,T,67,6.1NRT,284.36,48.94,D
8.24517,-76.19533,314.81,1.01,1,2025-03-20,1440,T,67,6.1NRT,292.23,6.18,D
20.43311,-97.22153,310.45,1.05,1.02,2025-03-20,1616,T,34,6.1NRT,293.03,6.15,D
20.74327,-103.73048,319.11,1.7,1.28,2025-03-20,1616,T,52,6.1NRT,305.52,12.85,D
20.5947,-102.95316,320.91,1.49,1.21,2025-03-20,1616,T,71,6.1NRT,301.81,18,D
20.59303,-102.93922,322.31,1.49,1.21,2025-03-20,1616,T,73,6.1NRT,301.86,20.31,D
20.47179,-102.60727,321.27,1.41,1.18,2025-03-20,1616,T,73,6.1NRT,302.77,17.93,D
19.35701,-96.37788,316.42,1.17,1.08,2025-03-20,1616,T,58,6.1NRT,299.16,7.95,D
20.13863,-102.30681,314.42,1.34,1.15,2025-03-20,1616,T,59,6.1NRT,300.43,9.1,D
19.02298,-98.62315,331.15,1,1,2025-03-20,1616,T,0,6.1NRT,296.06,26.01,D
18.64834,-96.74104,320.22,1.14,1.07,2025-03-20,1616,T,73,6.1NRT,296.42,16.35,D
18.50511,-96.13994,318.04,1.23,1.1,2025-03-20,1616,T,48,6.1NRT,292.88,14.48,D
18.08765,-94.04512,309.58,1.72,1.29,2025-03-20,1616,T,56,6.1NRT,290.71,14.7,D
18.83318,-98.83304,324.72,1,1,2025-03-20,1616,T,78,6.1NRT,302.12,13.56,D
18.83185,-98.82384,359.41,1,1,2025-03-20,1616,T,99,6.1NRT,305.41,75.58,D
18.69276,-99.13973,319.21,1,1,2025-03-20,1616,T,66,6.1NRT,304.59,6.47,D
19.16393,-102.75711,318.95,1.39,1.17,2025-03-20,1616,T,64,6.1NRT,303.89,10.69,D
18.73222,-99.67066,323.21,1.01,1,2025-03-20,1616,T,73,6.1NRT,301,12.8,D
18.44866,-98.72973,321.06,1,1,2025-03-20,1616,T,71,6.1NRT,302.34,8.66,D
18.44731,-98.72052,317.59,1,1,2025-03-20,1616,T,58,6.1NRT,302.77,5.67,D
18.43988,-98.7311,338.55,1,1,2025-03-20,1616,T,88,6.1NRT,304.66,30.33,D
18.43853,-98.72189,330.46,1,1,2025-03-20,1616,T,82,6.1NRT,304.1,18.88,D
18.18203,-99.63145,323.89,1.01,1,2025-03-20,1616,T,69,6.1NRT,307.29,9.93,D
18.18073,-99.62219,331.37,1.01,1,2025-03-20,1616,T,81,6.1NRT,306.14,19.63,D
18.17324,-99.63276,327.66,1.01,1,2025-03-20,1616,T,75,6.1NRT,306.38,13.44,D
18.17193,-99.6235,342.38,1.01,1,2025-03-20,1616,T,90,6.1NRT,305.45,35.79,D
17.87152,-99.66521,323.26,1,1,2025-03-20,1616,T,71,6.1NRT,302.51,11.4,D
16.81293,-93.01833,308.82,2.19,1.43,2025-03-20,1616,T,49,6.1NRT,291.64,15.65,D
16.39398,-92.73594,316.85,2.34,1.48,2025-03-20,1616,T,65,6.1NRT,299.56,18.16,D
16.30176,-92.66744,340.09,2.38,1.49,2025-03-20,1616,T,91,6.1NRT,300.06,112.82,D
16.30375,-92.67279,337.46,2.38,1.49,2025-03-20,1616,T,89,6.1NRT,300.37,100.66,D
16.29997,-92.65111,322.18,2.39,1.49,2025-03-20,1616,T,55,6.1NRT,298.28,34.56,D
16.29092,-92.67593,339.14,2.38,1.49,2025-03-20,1618,T,85,6.1NRT,300.69,106.18,D
16.28716,-92.65449,326.94,2.39,1.49,2025-03-20,1618,T,41,6.1NRT,298.19,48.99,D
16.27795,-92.67824,337.35,2.38,1.49,2025-03-20,1618,T,61,6.1NRT,299.67,95.18,D
16.34518,-94.41544,319.61,1.74,1.29,2025-03-20,1618,T,64,6.1NRT,305.53,12.93,D
16.34425,-94.40591,323.81,1.75,1.3,2025-03-20,1618,T,77,6.1NRT,307.14,20.51,D
16.85672,-98.40337,311.55,1.03,1.01,2025-03-20,1618,T,53,6.1NRT,295.74,6.07,D
14.469,-90.19347,309.17,4.05,1.87,2025-03-20,1618,T,52,6.1NRT,295.52,52.16,D
14.47872,-90.20036,309.76,4.05,1.87,2025-03-20,1618,T,55,6.1NRT,294.23,58.32,D
33.4183,-93.02023,300.78,1.12,1.05,2025-03-20,1611,T,41,6.1NRT,286.9,5.76,D
14.67642,-92.14073,312.24,2.82,1.6,2025-03-20,1618,T,28,6.1NRT,297.72,20.81,D
33.40911,-93.02235,302.25,1.12,1.05,2025-03-20,1611,T,51,6.1NRT,287.17,6.7,D
14.42975,-91.53867,314.13,3.18,1.69,2025-03-20,1618,T,46,6.1NRT,297.05,27.55,D
14.42936,-91.54404,315.06,3.18,1.69,2025-03-20,1618,T,50,6.1NRT,297.14,31.75,D
14.27882,-90.79681,315.09,3.66,1.79,2025-03-20,1618,T,36,6.1NRT,297.36,38.01,D
14.21407,-90.94596,316.77,3.57,1.77,2025-03-20,1618,T,63,6.1NRT,297.31,46.66,D
14.20824,-90.91391,328.73,3.6,1.78,2025-03-20,1618,T,81,6.1NRT,297.13,125.72,D
32.98382,-92.4623,310.8,1.2,1.09,2025-03-20,1611,T,70,6.1NRT,286.81,15.02,D
14.19277,-90.91669,317.33,3.6,1.78,2025-03-20,1618,T,65,6.1NRT,297.19,48.3,D
33.4595,-97.36244,317.49,1.07,1.03,2025-03-20,1611,T,77,6.1NRT,292.74,15.25,D
14.03757,-90.75004,321.85,3.73,1.81,2025-03-20,1618,T,72,6.1NRT,296.83,72.05,D
32.58878,-91.89563,302.34,1.3,1.13,2025-03-20,1611,T,25,6.1NRT,288.01,5.52,D
14.04386,-90.75604,319.34,3.73,1.81,2025-03-20,1618,T,71,6.1NRT,296.42,55.36,D
32.58648,-91.88232,301.85,1.3,1.13,2025-03-20,1611,T,25,6.1NRT,288.33,5.21,D
14.03796,-90.723,315.19,3.75,1.81,2025-03-20,1618,T,63,6.1NRT,296.68,30.5,D
33.09775,-95.19854,310.34,1,1,2025-03-20,1611,T,61,6.1NRT,288.61,10.25,D
32.29028,-90.6164,301.02,1.56,1.23,2025-03-20,1611,T,22,6.1NRT,285.14,7.3,D
32.57652,-92.54434,310.68,1.2,1.09,2025-03-20,1611,T,70,6.1NRT,287.79,14.11,D
32.32486,-91.8041,300.74,1.32,1.14,2025-03-20,1611,T,21,6.1NRT,288.05,4.72,D
31.51595,-87.98497,335.62,2.42,1.5,2025-03-20,1611,T,90,6.1NRT,286.07,127.89,D
32.53142,-93.56711,303.78,1.09,1.04,2025-03-20,1611,T,54,6.1NRT,286.95,6.79,D
32.01429,-91.86148,300.16,1.33,1.14,2025-03-20,1611,T,13,6.1NRT,287.8,4.18,D
31.86467,-91.7179,309.45,1.36,1.16,2025-03-20,1611,T,69,6.1NRT,287.91,14.76,D
31.73141,-91.61066,301.64,1.39,1.17,2025-03-20,1611,T,24,6.1NRT,290.89,5.85,D
31.72886,-91.59655,302.03,1.39,1.17,2025-03-20,1611,T,23,6.1NRT,290.16,6.15,D
32.60614,-97.45078,306.05,1.06,1.03,2025-03-20,1611,T,51,6.1NRT,292.47,5.46,D
32.56656,-97.28948,303.05,1.05,1.02,2025-03-20,1611,T,48,6.1NRT,291.88,3.38,D
32.73859,-98.90537,325.46,1.22,1.1,2025-03-20,1611,T,82,6.1NRT,295.84,26.59,D
32.73711,-98.89268,334.19,1.22,1.1,2025-03-20,1611,T,88,6.1NRT,295.42,41.42,D
32.10135,-95.72752,311.09,1,1,2025-03-20,1611,T,62,6.1NRT,291.22,9.66,D
31.97693,-95.12631,300.67,1.01,1.01,2025-03-20,1611,T,40,6.1NRT,289.71,3.81,D
31.55973,-92.95395,302.55,1.19,1.09,2025-03-20,1611,T,40,6.1NRT,291.39,5.7,D
31.78822,-95.10213,301.12,1.01,1.01,2025-03-20,1611,T,45,6.1NRT,290.39,4.56,D
31.76454,-96.08138,304.55,1,1,2025-03-20,1611,T,51,6.1NRT,289.6,5.1,D
31.76015,-96.05062,308,1,1,2025-03-20,1611,T,66,6.1NRT,288.85,7.71,D
31.75282,-95.99937,301.94,1,1,2025-03-20,1611,T,50,6.1NRT,289.29,3.96,D
31.75136,-95.98912,313.64,1,1,2025-03-20,1611,T,74,6.1NRT,290.35,12,D
31.53502,-94.71412,311.7,1.03,1.02,2025-03-20,1611,T,68,6.1NRT,288.51,11.88,D
31.72492,-96.32687,305.01,1,1,2025-03-20,1611,T,60,6.1NRT,291.68,5.53,D
31.58213,-95.52253,300.25,1,1,2025-03-20,1611,T,33,6.1NRT,288,3.9,D
31.07674,-93.01908,302.02,1.2,1.09,2025-03-20,1611,T,38,6.1NRT,289.45,5.15,D
31.07471,-93.00696,311.86,1.2,1.09,2025-03-20,1611,T,72,6.1NRT,289.64,13.52,D
31.15169,-93.52861,325.15,1.14,1.06,2025-03-20,1611,T,84,6.1NRT,289.37,29.17,D
31.14979,-93.51707,310.62,1.14,1.06,2025-03-20,1611,T,70,6.1NRT,288.92,13.29,D
31.45693,-95.60631,300.61,1,1,2025-03-20,1611,T,39,6.1NRT,290.38,3.77,D
31.42417,-95.95483,301.77,1,1,2025-03-20,1611,T,49,6.1NRT,290.49,3.79,D
31.59152,-97.50822,314.03,1.05,1.02,2025-03-20,1611,T,72,6.1NRT,292.62,11.41,D
30.63883,-91.51144,307.93,1.48,1.2,2025-03-20,1611,T,56,6.1NRT,292.44,13.25,D
30.69049,-91.86053,301.74,1.4,1.17,2025-03-20,1611,T,44,6.1NRT,291.47,6.58,D
30.40092,-90.41197,308.85,1.76,1.3,2025-03-20,1611,T,68,6.1NRT,288.36,21.46,D
30.39167,-90.42018,300.99,1.76,1.3,2025-03-20,1611,T,29,6.1NRT,287.69,9.97,D
31.26484,-96.46548,303.24,1,1,2025-03-20,1611,T,30,6.1NRT,292.6,3.61,D
31.198,-95.99624,304.3,1,1,2025-03-20,1611,T,58,6.1NRT,290.72,5.03,D
31.19653,-95.98605,303.99,1,1,2025-03-20,1611,T,58,6.1NRT,290.54,5.17,D
31.19506,-95.97588,303.19,1,1,2025-03-20,1611,T,45,6.1NRT,290.42,4.52,D
30.404,-91.42441,303.14,1.51,1.21,2025-03-20,1611,T,34,6.1NRT,291.05,8.57,D
31.0899,-96.13783,305.01,1,1,2025-03-20,1611,T,44,6.1NRT,289.42,5.07,D
31.0826,-96.14967,302.55,1,1,2025-03-20,1611,T,19,6.1NRT,292.02,4.02,D
31.08114,-96.1395,309.91,1,1,2025-03-20,1611,T,69,6.1NRT,291.69,8.46,D
30.39976,-92.68423,301.16,1.28,1.12,2025-03-20,1611,T,36,6.1NRT,289.55,4.8,D
30.11787,-91.20575,304.72,1.58,1.24,2025-03-20,1611,T,28,6.1NRT,292.1,11.25,D
30.36826,-92.67805,302.22,1.28,1.12,2025-03-20,1611,T,43,6.1NRT,289.91,5.09,D
30.73965,-96.79913,302.25,1.01,1,2025-03-20,1611,T,42,6.1NRT,292.05,3.02,D
30.73823,-96.78889,311.12,1.01,1,2025-03-20,1611,T,69,6.1NRT,293.77,8.86,D
30.01767,-93.1134,300.1,1.23,1.1,2025-03-20,1611,T,27,6.1NRT,289.98,4.06,D
30.23265,-95.22105,302.36,1.03,1.01,2025-03-20,1611,T,29,6.1NRT,291.35,4.5,D
29.92006,-95.29112,304.51,1.03,1.01,2025-03-20,1611,T,31,6.1NRT,292.59,3.53,D
29.74183,-94.16301,338.44,1.11,1.05,2025-03-20,1611,T,91,6.1NRT,294.14,44.41,D
29.74002,-94.1519,313.87,1.11,1.05,2025-03-20,1611,T,38,6.1NRT,291.48,11.12,D
29.72286,-94.14987,324.25,1.11,1.05,2025-03-20,1611,T,82,6.1NRT,292.1,24.44,D
29.71367,-94.15179,333.56,1.11,1.05,2025-03-20,1611,T,88,6.1NRT,291.65,37.03,D
29.86445,-95.91134,304.88,1.01,1,2025-03-20,1611,T,54,6.1NRT,293.97,4.52,D
29.41936,-96.35233,306.27,1,1,2025-03-20,1611,T,37,6.1NRT,294.13,4.12,D
29.38601,-97.42273,311.6,1.02,1.01,2025-03-20,1611,T,58,6.1NRT,299.11,6.28,D
29.29725,-100.1459,313.48,1.29,1.13,2025-03-20,1611,T,62,6.1NRT,300.28,9.15,D
28.68413,-97.75037,327.29,1.02,1.01,2025-03-20,1611,T,82,6.1NRT,298.92,21.93,D
28.41377,-99.26528,317.77,1.14,1.06,2025-03-20,1611,T,69,6.1NRT,298.96,11.97,D
28.41234,-99.25395,311.79,1.14,1.06,2025-03-20,1611,T,54,6.1NRT,299.36,6.01,D
28.34842,-98.90068,310.04,1.1,1.05,2025-03-20,1611,T,42,6.1NRT,299.16,4.35,D
27.97778,-98.66636,316.74,1.07,1.03,2025-03-20,1613,T,68,6.1NRT,298.8,10.61,D
27.39041,-97.66788,326.32,1.01,1,2025-03-20,1613,T,76,6.1NRT,300.32,18.64,D
27.38903,-97.65797,314.01,1.01,1,2025-03-20,1613,T,65,6.1NRT,298.03,6.04,D
27.3816,-97.66938,385.53,1.01,1,2025-03-20,1613,T,75,6.1NRT,304.6,173.24,D
27.38021,-97.65947,348.56,1.01,1,2025-03-20,1613,T,89,6.1NRT,299.22,53.2,D
27.3714,-97.66097,364.04,1.01,1,2025-03-20,1613,T,75,6.1NRT,299.97,92.55,D
26.12978,-92.03625,315.63,1.67,1.27,2025-03-20,1613,T,64,6.1NRT,294.71,21.05,D
27.27413,-99.50508,321.1,1.14,1.06,2025-03-20,1613,T,75,6.1NRT,298.68,14.39,D
27.2676,-99.50126,314.92,1.14,1.06,2025-03-20,1613,T,65,6.1NRT,299.81,7.7,D
26.1299,-92.04256,314.62,1.67,1.27,2025-03-20,1613,T,62,6.1NRT,294.76,18.26,D
26.07778,-97.58728,310.01,1,1,2025-03-20,1613,T,19,6.1NRT,296.94,4.45,D
26.069,-97.58878,320.38,1,1,2025-03-20,1613,T,75,6.1NRT,297.23,13.32,D
26.17542,-99.17491,312.39,1.08,1.04,2025-03-20,1613,T,62,6.1NRT,299.81,5.87,D
26.33899,-100.89415,319.34,1.31,1.14,2025-03-20,1613,T,75,6.1NRT,296.22,15.51,D
26.33752,-100.88136,317.21,1.31,1.14,2025-03-20,1613,T,72,6.1NRT,298.06,12.4,D
26.33812,-100.88786,325.61,1.31,1.14,2025-03-20,1613,T,81,6.1NRT,297.35,24.14,D
26.32812,-100.88921,327.73,1.31,1.14,2025-03-20,1613,T,83,6.1NRT,298.44,28.35,D
25.94518,-99.10603,312.99,1.07,1.03,2025-03-20,1613,T,59,6.1NRT,299.64,5.9,D
25.94383,-99.09564,325.94,1.07,1.03,2025-03-20,1613,T,81,6.1NRT,300.24,19.29,D
25.47356,-98.27068,312.43,1.01,1.01,2025-03-20,1613,T,66,6.1NRT,298.52,6,D
25.37041,-102.91477,333.17,1.73,1.29,2025-03-20,1613,T,87,6.1NRT,298.95,53.72,D
25.37162,-102.92044,322.6,1.73,1.29,2025-03-20,1613,T,79,6.1NRT,297.93,26.2,D
24.39294,-98.99954,310.85,1.04,1.02,2025-03-20,1613,T,56,6.1NRT,295.4,4.89,D
23.64365,-98.84675,318.66,1.02,1.01,2025-03-20,1613,T,76,6.1NRT,298.32,9.07,D
23.64231,-98.83703,317.95,1.02,1.01,2025-03-20,1613,T,75,6.1NRT,299.88,8.32,D
23.63479,-98.84815,316.78,1.02,1.01,2025-03-20,1613,T,49,6.1NRT,300.08,7.34,D
22.83803,-99.08929,332.57,1.02,1.01,2025-03-20,1613,T,86,6.1NRT,299.49,26.94,D
22.73646,-99.49512,324.89,1.05,1.02,2025-03-20,1613,T,80,6.1NRT,289.45,22.14,D
22.73511,-99.48518,313.01,1.05,1.02,2025-03-20,1613,T,57,6.1NRT,287.88,9.98,D
22.6712,-99.4858,310.04,1.04,1.02,2025-03-20,1613,T,33,6.1NRT,296.59,6.23,D
22.66986,-99.47588,313.66,1.04,1.02,2025-03-20,1613,T,52,6.1NRT,294.72,9.14,D
19.88003,-90.28949,310.72,3.05,1.66,2025-03-20,1613,T,26,6.1NRT,289.58,24.93,D
7.1993,-63.37903,327.46,1.54,1.22,2025-03-20,1900,A,63,6.1NRT,306.65,12.37,D
7.24554,-63.44024,330.04,1.52,1.22,2025-03-20,1900,A,80,6.1NRT,307.77,18.66,D
7.20776,-63.71386,333.47,1.45,1.19,2025-03-20,1900,A,83,6.1NRT,304.03,35.68,D
7.34125,-63.41928,334.53,1.53,1.22,2025-03-20,1900,A,84,6.1NRT,302.92,33.61,D
7.40138,-63.30295,332.52,1.57,1.23,2025-03-20,1900,A,74,6.1NRT,306.13,33.19,D
7.07472,-65.5953,328.99,1.12,1.05,2025-03-20,1900,A,66,6.1NRT,303.31,15.34,D
7.40344,-63.30893,331.05,1.57,1.23,2025-03-20,1900,A,63,6.1NRT,304.91,28.17,D
7.28779,-64.74718,327.09,1.24,1.11,2025-03-20,1900,A,56,6.1NRT,281.58,30.71,D
7.14958,-65.71171,321.93,1.1,1.05,2025-03-20,1900,A,63,6.1NRT,302.3,8.43,D
7.29186,-64.74306,318.55,1.25,1.11,2025-03-20,1900,A,52,6.1NRT,283.19,19.51,D
7.15146,-65.75795,353.48,1.1,1.05,2025-03-20,1900,A,96,6.1NRT,304.69,67.45,D
7.48068,-63.5856,326.02,1.5,1.21,2025-03-20,1900,A,31,6.1NRT,301.47,18.16,D
7.06162,-66.77621,337.67,1.02,1.01,2025-03-20,1900,A,75,6.1NRT,303.58,24.63,D
7.60777,-63.14383,333.33,1.62,1.25,2025-03-20,1900,A,83,6.1NRT,300.17,36.46,D
7.60579,-63.15793,341.61,1.62,1.25,2025-03-20,1900,A,90,6.1NRT,301.44,61.91,D
7.57635,-63.36722,337.54,1.56,1.23,2025-03-20,1900,A,86,6.1NRT,306,40.95,D
7.12874,-66.5002,331.1,1.04,1.02,2025-03-20,1900,A,76,6.1NRT,307.3,13.24,D
7.60838,-63.14955,343.68,1.62,1.25,2025-03-20,1900,A,91,6.1NRT,301.3,69.92,D
7.6065,-63.16371,326.75,1.62,1.25,2025-03-20,1900,A,49,6.1NRT,299.82,19.83,D
7.57857,-63.37326,344.25,1.56,1.23,2025-03-20,1900,A,91,6.1NRT,306.38,62.59,D
7.39924,-64.98331,328.72,1.21,1.09,2025-03-20,1900,A,66,6.1NRT,294.12,24.88,D
7.12895,-67.58471,331.45,1,1,2025-03-20,1900,A,75,6.1NRT,296.89,18.91,D
7.12767,-67.59349,329.83,1,1,2025-03-20,1900,A,77,6.1NRT,297.88,17.06,D
7.72416,-63.4687,340.61,1.54,1.22,2025-03-20,1900,A,88,6.1NRT,306.12,48.25,D
7.2534,-66.78915,335.07,1.02,1.01,2025-03-20,1900,A,0,6.1NRT,301.81,25.69,D
7.23044,-67.14639,323.26,1.01,1,2025-03-20,1900,A,33,6.1NRT,302.2,7.48,D
7.23925,-67.1477,332.95,1.01,1,2025-03-20,1900,A,58,6.1NRT,306.31,17.07,D
7.23797,-67.15655,334.39,1.01,1,2025-03-20,1900,A,63,6.1NRT,304.76,20.16,D
7.76454,-63.43853,329.58,1.55,1.23,2025-03-20,1900,A,66,6.1NRT,306.64,16.58,D
7.77532,-63.44001,332.23,1.55,1.23,2025-03-20,1900,A,76,6.1NRT,306.47,22.61,D
7.80484,-63.30359,330.4,1.59,1.24,2025-03-20,1900,A,71,6.1NRT,306.62,22.27,D
7.78425,-63.4551,345.91,1.55,1.23,2025-03-20,1900,A,92,6.1NRT,307.02,65.52,D
7.78057,-63.48215,337.29,1.54,1.22,2025-03-20,1900,A,85,6.1NRT,306.88,36.03,D
7.79131,-63.48364,326.86,1.54,1.22,2025-03-20,1900,A,56,6.1NRT,299.71,11.72,D
7.83174,-63.34999,326.73,1.58,1.24,2025-03-20,1900,A,73,6.1NRT,303.64,13.26,D
7.29593,-67.12892,341.91,1.01,1,2025-03-20,1900,A,80,6.1NRT,306.32,29.38,D
7.84261,-63.35139,334.89,1.58,1.24,2025-03-20,1900,A,83,6.1NRT,303.71,34.49,D
7.84068,-63.36529,341.69,1.57,1.24,2025-03-20,1900,A,89,6.1NRT,304.6,55.26,D
7.85347,-63.35292,325,1.58,1.24,2025-03-20,1900,A,42,6.1NRT,301.87,8.98,D
7.84588,-63.35851,339.63,1.58,1.24,2025-03-20,1900,A,87,6.1NRT,304.53,47.77,D
7.84405,-63.37236,328.1,1.57,1.24,2025-03-20,1900,A,72,6.1NRT,304.33,16.11,D
7.26661,-67.96808,326.08,1,1,2025-03-20,1900,A,73,6.1NRT,302.95,9,D
7.5847,-66.01775,327.52,1.08,1.04,2025-03-20,1900,A,65,6.1NRT,307.13,11.67,D
7.58337,-66.02725,325.71,1.08,1.04,2025-03-20,1900,A,60,6.1NRT,306.05,9.15,D
7.39788,-67.32791,323.93,1,1,2025-03-20,1900,A,46,6.1NRT,300.03,12.33,D
7.56801,-67.04272,327.66,1.01,1.01,2025-03-20,1900,A,51,6.1NRT,301.5,12.4,D
7.56673,-67.05163,346.29,1.01,1.01,2025-03-20,1900,A,92,6.1NRT,304.87,41.94,D
7.5975,-66.90098,330.14,1.02,1.01,2025-03-20,1900,A,70,6.1NRT,306.04,15.77,D
7.59621,-66.90994,327.28,1.02,1.01,2025-03-20,1900,A,64,6.1NRT,306.5,12.01,D
7.87261,-65.03857,331.4,1.22,1.1,2025-03-20,1900,A,38,6.1NRT,307.02,19.51,D
7.58696,-67.0364,323.82,1.01,1.01,2025-03-20,1900,A,48,6.1NRT,304.39,8.18,D
7.58567,-67.04531,336.48,1.01,1.01,2025-03-20,1900,A,84,6.1NRT,303.83,24.05,D
7.63979,-66.86712,327.69,1.02,1.01,2025-03-20,1900,A,45,6.1NRT,305.75,10.95,D
7.85782,-65.51934,325.56,1.15,1.07,2025-03-20,1900,A,46,6.1NRT,304.65,9.46,D
7.66235,-66.96202,328.35,1.02,1.01,2025-03-20,1900,A,35,6.1NRT,306.91,8.71,D
7.68133,-66.95567,336.87,1.02,1.01,2025-03-20,1900,A,84,6.1NRT,306.86,20.2,D
7.68004,-66.96462,344.03,1.02,1.01,2025-03-20,1900,A,90,6.1NRT,304.74,32.91,D
7.67875,-66.97357,348.1,1.02,1.01,2025-03-20,1900,A,93,6.1NRT,306.28,41.35,D
7.67746,-66.98252,348.36,1.02,1.01,2025-03-20,1900,A,93,6.1NRT,308.35,44.53,D
7.71614,-66.77709,323.22,1.03,1.01,2025-03-20,1900,A,40,6.1NRT,301.38,7.24,D
7.6863,-66.98382,343.68,1.02,1.01,2025-03-20,1900,A,90,6.1NRT,307.21,34.82,D
7.68501,-66.99276,339.15,1.02,1.01,2025-03-20,1900,A,85,6.1NRT,307.5,28.78,D
7.70032,-66.94933,329.94,1.02,1.01,2025-03-20,1900,A,70,6.1NRT,308.45,11,D
7.63336,-67.41109,326.03,1,1,2025-03-20,1900,A,39,6.1NRT,302.41,10.48,D
7.71702,-66.97665,326.04,1.02,1.01,2025-03-20,1900,A,35,6.1NRT,306.92,9.01,D
7.727,-67.03291,327.74,1.01,1.01,2025-03-20,1900,A,66,6.1NRT,308.08,9.2,D
8.20436,-63.98593,321.96,1.44,1.19,2025-03-20,1900,A,55,6.1NRT,286.34,21.28,D
7.56002,-68.60925,319.45,1.02,1.01,2025-03-20,1900,A,64,6.1NRT,292.72,8.21,D
8.01811,-65.5547,341.91,1.15,1.07,2025-03-20,1900,A,87,6.1NRT,312.48,32.4,D
8.55327,-62.52307,331.84,1.87,1.34,2025-03-20,1900,A,81,6.1NRT,298.04,39.2,D
7.82992,-67.7832,330.09,1,1,2025-03-20,1900,A,78,6.1NRT,302.69,17.44,D
8.28442,-64.65934,334.03,1.3,1.13,2025-03-20,1900,A,74,6.1NRT,308.98,25.09,D
7.94671,-67.3014,334.48,1.01,1,2025-03-20,1900,A,82,6.1NRT,302.29,21.29,D
7.94544,-67.31026,329.94,1.01,1,2025-03-20,1900,A,72,6.1NRT,302.92,15.46,D
7.95552,-67.3027,322.06,1.01,1,2025-03-20,1900,A,32,6.1NRT,302.41,6.92,D
7.73288,-69.37536,316.88,1.08,1.04,2025-03-20,1900,A,47,6.1NRT,292.15,7.52,D
8.71835,-62.38684,329.83,1.93,1.36,2025-03-20,1900,A,42,6.1NRT,300.7,31.04,D
8.00977,-67.57032,328.7,1,1,2025-03-20,1900,A,72,6.1NRT,303.25,16.67,D
8.72586,-62.42247,328.73,1.92,1.35,2025-03-20,1900,A,25,6.1NRT,298.75,29.13,D
8.67053,-62.84609,357.61,1.78,1.31,2025-03-20,1900,A,98,6.1NRT,302.34,150.38,D
8.70086,-62.70477,336.82,1.82,1.32,2025-03-20,1900,A,85,6.1NRT,302.42,45.53,D
8.751,-62.5958,341.61,1.86,1.33,2025-03-20,1900,A,89,6.1NRT,297.03,73.18,D
8.7605,-62.61376,336.35,1.86,1.33,2025-03-20,1900,A,83,6.1NRT,296.89,52.5,D
8.75829,-62.63011,333.14,1.85,1.33,2025-03-20,1900,A,71,6.1NRT,297.08,40.04,D
8.75608,-62.64642,341.42,1.85,1.33,2025-03-20,1900,A,89,6.1NRT,298.85,71.94,D
8.75388,-62.66264,331.65,1.84,1.33,2025-03-20,1900,A,47,6.1NRT,300.25,34.26,D
8.76554,-62.66417,352.93,1.84,1.33,2025-03-20,1900,A,96,6.1NRT,295.57,130.99,D
8.76334,-62.68031,348.68,1.83,1.33,2025-03-20,1900,A,94,6.1NRT,296.75,105.52,D
8.76113,-62.69645,330.8,1.83,1.32,2025-03-20,1900,A,56,6.1NRT,296.38,33.34,D
8.75736,-62.80976,338.5,1.79,1.31,2025-03-20,1900,A,87,6.1NRT,299.88,56.05,D
8.75519,-62.82552,337.54,1.79,1.31,2025-03-20,1900,A,77,6.1NRT,299.18,48.8,D
8.75302,-62.84122,389.35,1.78,1.31,2025-03-20,1900,A,100,6.1NRT,305.65,411.1,D
8.75086,-62.85691,359.87,1.78,1.31,2025-03-20,1900,A,99,6.1NRT,302.96,160.49,D
8.76496,-62.63657,325.45,1.85,1.33,2025-03-20,1900,A,28,6.1NRT,296.08,21.85,D
8.76287,-62.65287,344.07,1.85,1.33,2025-03-20,1900,A,91,6.1NRT,297.23,89.52,D
8.76079,-62.66906,350.6,1.84,1.33,2025-03-20,1900,A,95,6.1NRT,298.39,118.53,D
8.75871,-62.68526,336.99,1.83,1.33,2025-03-20,1900,A,83,6.1NRT,298.42,57.15,D
8.7261,-62.93833,327.38,1.75,1.3,2025-03-20,1900,A,24,6.1NRT,300.31,25.98,D
8.74966,-62.84639,390.8,1.78,1.31,2025-03-20,1900,A,100,6.1NRT,305.37,429.95,D
8.04876,-67.93282,319.94,1,1,2025-03-20,1900,A,62,6.1NRT,298.4,8.49,D
8.76321,-62.83221,359.55,1.79,1.31,2025-03-20,1900,A,99,6.1NRT,301.47,162.53,D
8.76115,-62.84792,362.4,1.78,1.31,2025-03-20,1900,A,100,6.1NRT,302.8,179.61,D
8.75909,-62.86364,351.92,1.78,1.31,2025-03-20,1900,A,88,6.1NRT,301.37,118.45,D
8.77057,-62.86515,337.54,1.78,1.31,2025-03-20,1900,A,0,6.1NRT,292.27,58.59,D
8.60678,-64.62389,331.79,1.32,1.14,2025-03-20,1900,A,58,6.1NRT,305.12,25.93,D
8.91855,-62.44371,327.64,1.93,1.36,2025-03-20,1900,A,72,6.1NRT,299.31,33.36,D
8.89934,-62.8577,324.35,1.79,1.31,2025-03-20,1900,A,54,6.1NRT,298.01,17.81,D
8.91086,-62.85916,334.98,1.79,1.31,2025-03-20,1900,A,84,6.1NRT,301.18,47.92,D
8.90871,-62.87496,327.05,1.78,1.31,2025-03-20,1900,A,70,6.1NRT,298.49,25.12,D
8.92451,-62.84501,332.66,1.79,1.31,2025-03-20,1900,A,58,6.1NRT,303.57,40.55,D
8.02314,-69.40871,318.99,1.07,1.03,2025-03-20,1900,A,27,6.1NRT,296.36,9.34,D
8.25408,-67.97585,324.06,1,1,2025-03-20,1900,A,48,6.1NRT,301.5,12.3,D
8.44067,-67.20573,327.2,1.01,1.01,2025-03-20,1900,A,67,6.1NRT,307.84,9.9,D
8.34711,-67.85232,345.19,1,1,2025-03-20,1900,A,92,6.1NRT,301.59,42.53,D
8.72608,-65.24427,356.86,1.21,1.1,2025-03-20,1900,A,98,6.1NRT,303.57,82.39,D
8.7246,-65.25497,362.07,1.21,1.09,2025-03-20,1900,A,100,6.1NRT,305.96,100.79,D
8.35717,-67.84482,350.75,1,1,2025-03-20,1900,A,90,6.1NRT,299.82,54.4,D
8.35588,-67.85363,326.27,1,1,2025-03-20,1900,A,59,6.1NRT,300.25,14.55,D
7.4074,-74.03927,311.46,2.23,1.45,2025-03-20,1900,A,35,6.1NRT,277.74,25.71,D
8.37577,-67.90163,316.17,1,1,2025-03-20,1900,A,24,6.1NRT,291.21,7.07,D
8.83149,-64.84389,334.16,1.29,1.13,2025-03-20,1900,A,82,6.1NRT,302.27,31.34,D
8.8299,-64.85522,346.35,1.28,1.12,2025-03-20,1900,A,92,6.1NRT,302.93,59.75,D
8.82831,-64.86658,331.94,1.28,1.12,2025-03-20,1900,A,78,6.1NRT,301.68,25.29,D
9.18474,-62.40987,324.89,1.96,1.37,2025-03-20,1900,A,65,6.1NRT,297.38,35.42,D
9.19674,-62.41148,321.64,1.96,1.37,2025-03-20,1900,A,31,6.1NRT,295.66,26.06,D
8.90331,-64.76642,323.14,1.3,1.13,2025-03-20,1900,A,14,6.1NRT,296.74,11.82,D
8.53135,-67.52464,352.76,1,1,2025-03-20,1900,A,96,6.1NRT,298.04,58.54,D
8.58762,-67.26051,334.16,1.01,1.01,2025-03-20,1900,A,83,6.1NRT,303.25,21.14,D
8.58632,-67.26944,328.77,1.01,1.01,2025-03-20,1900,A,77,6.1NRT,301.85,14,D
8.58503,-67.27837,324.33,1.01,1.01,2025-03-20,1900,A,64,6.1NRT,298.58,9.43,D
9.06597,-64.48459,329.94,1.37,1.16,2025-03-20,1900,A,60,6.1NRT,304.12,18.46,D
8.85665,-66.22034,327.49,1.09,1.04,2025-03-20,1900,A,68,6.1NRT,300.3,11.16,D
8.8685,-66.2024,359.92,1.09,1.04,2025-03-20,1900,A,99,6.1NRT,308.56,80.6,D
8.86714,-66.21204,395.38,1.09,1.04,2025-03-20,1900,A,100,6.1NRT,313.83,239.45,D
8.86579,-66.22167,336.26,1.09,1.04,2025-03-20,1900,A,84,6.1NRT,305.74,24.32,D
9.09507,-64.71124,320.42,1.32,1.14,2025-03-20,1900,A,22,6.1NRT,291.81,11.37,D
8.74665,-67.25071,326.16,1.01,1.01,2025-03-20,1900,A,66,6.1NRT,302.78,13.08,D
8.95462,-65.92538,322.21,1.12,1.06,2025-03-20,1900,A,35,6.1NRT,293.35,11.63,D
8.5847,-68.62712,312.71,1.01,1.01,2025-03-20,1900,A,43,6.1NRT,278.95,7.7,D
9.58908,-61.39657,313.12,2.4,1.49,2025-03-20,1900,A,20,6.1NRT,291.16,18.76,D
9.00855,-66.00026,334.94,1.12,1.05,2025-03-20,1900,A,82,6.1NRT,311.13,22.13,D
8.84853,-67.12556,336.95,1.02,1.01,2025-03-20,1900,A,73,6.1NRT,305.2,27.59,D
8.84724,-67.13457,329.68,1.02,1.01,2025-03-20,1900,A,51,6.1NRT,305.35,16.56,D
9.30442,-63.93646,322.13,1.5,1.21,2025-03-20,1900,A,55,6.1NRT,298.09,14.46,D
9.30261,-63.94975,327.2,1.5,1.21,2025-03-20,1900,A,71,6.1NRT,296.74,24.81,D
9.23298,-64.45807,326.25,1.38,1.16,2025-03-20,1900,A,61,6.1NRT,298.28,18.66,D
9.35409,-63.92209,334.48,1.51,1.21,2025-03-20,1900,A,83,6.1NRT,299.86,41.74,D
9.35231,-63.93552,336.95,1.51,1.21,2025-03-20,1900,A,85,6.1NRT,300.7,47.31,D
9.51441,-63.40882,356.52,1.66,1.27,2025-03-20,1900,A,74,6.1NRT,285.01,149.39,D
9.68684,-63.05147,339.55,1.78,1.31,2025-03-20,1900,A,88,6.1NRT,294.27,70.87,D
9.64474,-63.53625,340.38,1.63,1.26,2025-03-20,1900,A,82,6.1NRT,300.97,62.08,D
9.64404,-63.62358,349.74,1.6,1.25,2025-03-20,1900,A,94,6.1NRT,295.08,99.99,D
9.66104,-63.69035,335.25,1.59,1.24,2025-03-20,1900,A,79,6.1NRT,298.93,47.23,D
8.973,-68.68324,348.83,1.01,1.01,2025-03-20,1900,A,94,6.1NRT,290.51,53.45,D
8.98182,-68.68459,327.27,1.01,1.01,2025-03-20,1900,A,79,6.1NRT,292.85,17.61,D
9.29888,-66.74979,340.65,1.05,1.02,2025-03-20,1900,A,87,6.1NRT,305.17,34.33,D
9.29755,-66.75909,324.36,1.05,1.02,2025-03-20,1900,A,42,6.1NRT,301.27,10.11,D
9.22901,-67.29834,343.21,1.02,1.01,2025-03-20,1900,A,90,6.1NRT,301.38,37.48,D
9.36188,-66.49652,325.36,1.07,1.03,2025-03-20,1900,A,57,6.1NRT,305.33,7.52,D
9.34072,-66.64743,335.83,1.06,1.03,2025-03-20,1900,A,70,6.1NRT,308.07,26.07,D
9.37096,-66.49784,325.33,1.07,1.03,2025-03-20,1900,A,52,6.1NRT,304.92,8.38,D
8.88021,-69.97537,312.27,1.11,1.05,2025-03-20,1900,A,56,6.1NRT,285.52,6.03,D
9.57453,-65.45274,328.61,1.21,1.09,2025-03-20,1900,A,41,6.1NRT,307.26,15.16,D
9.41,-66.74995,333.75,1.05,1.02,2025-03-20,1900,A,81,6.1NRT,304.88,20.61,D
9.40869,-66.75925,328.15,1.05,1.02,2025-03-20,1900,A,48,6.1NRT,306.23,12.47,D
9.51064,-66.23027,328.27,1.1,1.05,2025-03-20,1900,A,56,6.1NRT,306,12.29,D
8.34148,-73.88958,344.1,2.09,1.41,2025-03-20,1900,A,61,6.1NRT,292.85,118.94,D
8.33847,-73.90783,324.39,2.09,1.41,2025-03-20,1900,A,66,6.1NRT,293.9,36.96,D
9.60726,-65.7432,350.57,1.17,1.08,2025-03-20,1900,A,94,6.1NRT,312.31,60.11,D
9.6058,-65.75359,331.35,1.17,1.07,2025-03-20,1900,A,77,6.1NRT,310.67,18.43,D
9.7299,-65.51985,337.84,1.2,1.09,2025-03-20,1900,A,85,6.1NRT,306.49,31.73,D
9.22428,-69.09871,319.71,1.03,1.01,2025-03-20,1900,A,51,6.1NRT,290.26,7.3,D
9.22293,-69.1078,318.73,1.03,1.01,2025-03-20,1900,A,47,6.1NRT,290.72,7.06,D
9.80009,-65.61259,339.47,1.19,1.09,2025-03-20,1900,A,87,6.1NRT,310.5,34.96,D
9.96542,-64.48462,326.2,1.41,1.17,2025-03-20,1900,A,75,6.1NRT,306.34,16.72,D
9.64635,-66.90117,317.05,1.05,1.02,2025-03-20,1900,A,17,6.1NRT,294.59,4.38,D
10.01722,-64.33823,322.27,1.44,1.19,2025-03-20,1900,A,14,6.1NRT,303.33,11.42,D
10.01557,-64.35019,329.42,1.44,1.19,2025-03-20,1900,A,79,6.1NRT,304.09,23.93,D
10.01219,-64.3429,335.96,1.44,1.19,2025-03-20,1900,A,86,6.1NRT,305.71,41.06,D
8.64238,-73.51975,311.01,1.93,1.36,2025-03-20,1900,A,0,6.1NRT,286.27,14.01,D
9.91137,-65.17887,322.9,1.27,1.12,2025-03-20,1900,A,66,6.1NRT,304.12,10.56,D
8.70117,-73.53189,309.13,1.93,1.36,2025-03-20,1900,A,36,6.1NRT,285.04,10.57,D
10.15098,-63.94978,323.33,1.55,1.23,2025-03-20,1900,A,55,6.1NRT,289.42,27.41,D
10.04624,-64.86501,331,1.33,1.14,2025-03-20,1900,A,80,6.1NRT,304.1,25.7,D
9.76136,-66.94,326.38,1.04,1.02,2025-03-20,1900,A,62,6.1NRT,301.52,12.95,D
9.41077,-69.46526,316.56,1.05,1.02,2025-03-20,1902,A,51,6.1NRT,274.37,14.22,D
9.40938,-69.47451,316.31,1.05,1.02,2025-03-20,1902,A,67,6.1NRT,277.55,14.03,D
9.91526,-66.04079,329.47,1.14,1.06,2025-03-20,1902,A,75,6.1NRT,301.28,19.01,D
9.93008,-66.00271,322.29,1.14,1.06,2025-03-20,1902,A,58,6.1NRT,300.46,11.32,D
9.9099,-66.41283,317,1.09,1.04,2025-03-20,1902,A,36,6.1NRT,296.85,4.98,D
9.96324,-66.21783,325.82,1.12,1.05,2025-03-20,1902,A,77,6.1NRT,295.25,18.13,D
9.89608,-66.69901,324.86,1.07,1.03,2025-03-20,1902,A,74,6.1NRT,303.32,11.69,D
9.90513,-66.70027,366.6,1.07,1.03,2025-03-20,1902,A,100,6.1NRT,300.21,102.25,D
9.99015,-66.16001,323.3,1.12,1.06,2025-03-20,1902,A,71,6.1NRT,301.64,14.38,D
9.67312,-68.37788,336.87,1,1,2025-03-20,1902,A,88,6.1NRT,297.87,29.85,D
9.68189,-68.3792,336.57,1,1,2025-03-20,1902,A,88,6.1NRT,297.42,28.5,D
9.64412,-68.6364,324.47,1.01,1,2025-03-20,1902,A,57,6.1NRT,297.68,12.23,D
9.60987,-68.86848,329.63,1.01,1.01,2025-03-20,1902,A,83,6.1NRT,291.75,19.67,D
10.34606,-63.78586,314.98,1.6,1.25,2025-03-20,1902,A,43,6.1NRT,288.58,11.37,D
10.34414,-63.8001,328,1.6,1.24,2025-03-20,1902,A,80,6.1NRT,288.88,37.48,D
9.98053,-66.42895,323.26,1.09,1.04,2025-03-20,1902,A,70,6.1NRT,296.81,15.29,D
10.03139,-66.13583,319.4,1.13,1.06,2025-03-20,1902,A,66,6.1NRT,298.81,11.84,D
8.85883,-74.0058,314.76,2.09,1.41,2025-03-20,1902,A,52,6.1NRT,289.52,23.94,D
9.78483,-68.00366,312.14,1,1,2025-03-20,1902,A,37,6.1NRT,287.12,5.67,D
9.96132,-66.83047,319.48,1.06,1.03,2025-03-20,1902,A,38,6.1NRT,297.95,8.36,D
9.01615,-73.01352,314.14,1.73,1.29,2025-03-20,1902,A,71,6.1NRT,288.72,18.66,D
10.00959,-66.68385,320.67,1.07,1.03,2025-03-20,1902,A,66,6.1NRT,297.32,10.74,D
9.90842,-67.45835,317.78,1.02,1.01,2025-03-20,1902,A,29,6.1NRT,290.21,7.91,D
9.91723,-67.45979,323.05,1.02,1.01,2025-03-20,1902,A,58,6.1NRT,292.14,13.03,D
10.02591,-66.76389,312.86,1.06,1.03,2025-03-20,1902,A,33,6.1NRT,292.15,6.03,D
10.02453,-66.77352,317.01,1.06,1.03,2025-03-20,1902,A,51,6.1NRT,287.93,9.61,D
10.0661,-66.73658,322.45,1.07,1.03,2025-03-20,1902,A,75,6.1NRT,292.89,14.96,D
9.89888,-68.03551,314.92,1,1,2025-03-20,1902,A,53,6.1NRT,294.25,6.8,D
10.14394,-66.70847,320.11,1.07,1.03,2025-03-20,1902,A,64,6.1NRT,300.65,7.72,D
10.06142,-67.2837,311.57,1.03,1.01,2025-03-20,1902,A,50,6.1NRT,286.72,6.25,D
10.15516,-66.69748,320.58,1.07,1.03,2025-03-20,1902,A,58,6.1NRT,300.15,8.42,D
10.08934,-67.29457,323.58,1.03,1.01,2025-03-20,1902,A,76,6.1NRT,286.96,16.25,D
10.12286,-67.12264,318.06,1.04,1.02,2025-03-20,1902,A,64,6.1NRT,288.14,14.02,D
10.09822,-67.29586,319.23,1.03,1.01,2025-03-20,1902,A,70,6.1NRT,287.03,11.08,D
9.88714,-68.99394,316.38,1.02,1.01,2025-03-20,1902,A,69,6.1NRT,288.73,7.04,D
10.25307,-66.59484,324.31,1.08,1.04,2025-03-20,1902,A,75,6.1NRT,305.02,11.53,D
10.2582,-67.34096,334.76,1.03,1.01,2025-03-20,1902,A,81,6.1NRT,295.61,28.38,D
10.47987,-66.23006,311.86,1.13,1.06,2025-03-20,1902,A,46,6.1NRT,293.3,6.11,D
9.409,-73.37431,323.44,1.82,1.32,2025-03-20,1902,A,78,6.1NRT,288.58,36.42,D
9.28842,-74.20407,320.14,2.12,1.42,2025-03-20,1902,A,37,6.1NRT,289.27,22.65,D
10.45769,-66.50535,321.63,1.1,1.04,2025-03-20,1902,A,57,6.1NRT,302.63,10.35,D
9.40527,-73.37907,320.26,1.82,1.32,2025-03-20,1902,A,73,6.1NRT,288.92,26.65,D
9.58307,-73.22084,315.64,1.76,1.3,2025-03-20,1902,A,56,6.1NRT,292.23,14.7,D
10.07331,-70.63619,319.62,1.16,1.07,2025-03-20,1902,A,73,6.1NRT,285.94,18.03,D
10.0717,-70.64662,314.8,1.16,1.07,2025-03-20,1902,A,65,6.1NRT,284.79,12.72,D
9.72319,-73.2093,326.36,1.74,1.29,2025-03-20,1902,A,56,6.1NRT,299.11,29.98,D
10.44292,-69.17694,321.32,1.02,1.01,2025-03-20,1902,A,46,6.1NRT,293.17,12.31,D
9.66203,-74.74268,317.52,2.3,1.47,2025-03-20,1902,A,25,6.1NRT,289.42,26.43,D
9.65858,-74.76288,323.64,2.31,1.47,2025-03-20,1902,A,0,6.1NRT,288.61,45.47,D
10.60323,-69.08849,317.97,1.01,1.01,2025-03-20,1902,A,72,6.1NRT,278.68,12.37,D
10.35578,-70.73116,308.78,1.17,1.07,2025-03-20,1902,A,47,6.1NRT,275.84,9.92,D
9.89032,-73.90102,324.44,1.96,1.37,2025-03-20,1902,A,65,6.1NRT,295.73,30.72,D
9.89535,-73.90695,325.16,1.96,1.37,2025-03-20,1902,A,63,6.1NRT,293.42,30.8,D
9.8477,-74.41673,323.1,2.15,1.43,2025-03-20,1902,A,54,6.1NRT,297.19,34.77,D
10.69331,-69.28365,311.48,1.02,1.01,2025-03-20,1902,A,54,6.1NRT,274.79,7.53,D
9.80597,-75.465,316.08,2.62,1.55,2025-03-20,1902,A,42,6.1NRT,291.85,25.54,D
10.76806,-69.47426,308.69,1.03,1.01,2025-03-20,1902,A,37,6.1NRT,281.75,6.51,D
9.81295,-75.47093,317.46,2.62,1.55,2025-03-20,1902,A,57,6.1NRT,292.37,32.97,D
10.14683,-73.65177,337.88,1.85,1.33,2025-03-20,1902,A,87,6.1NRT,295.09,68.43,D
10.09876,-74.24349,325.67,2.07,1.4,2025-03-20,1902,A,55,6.1NRT,303.06,32.51,D
10.17832,-74.17183,323.12,2.03,1.39,2025-03-20,1902,A,43,6.1NRT,301.53,20.68,D
10.26567,-73.903,313.64,1.93,1.36,2025-03-20,1902,A,36,6.1NRT,290.37,16.47,D
10.24108,-74.98419,318.9,2.35,1.48,2025-03-20,1902,A,42,6.1NRT,294.47,14.03,D
10.66077,-73.48136,317.47,1.76,1.3,2025-03-20,1902,A,53,6.1NRT,290.19,28.62,D
10.6304,-74.7071,327.67,2.19,1.44,2025-03-20,1902,A,69,6.1NRT,299.03,44.69,D
11.11917,-74.21438,317.06,1.96,1.37,2025-03-20,1902,A,0,6.1NRT,300.3,21.46,D
18.036,-71.30955,313.19,1.04,1.02,2025-03-20,1904,A,56,6.1NRT,298.92,7.1,D
18.4355,-69.34206,319.67,1.02,1.01,2025-03-20,1904,A,48,6.1NRT,303.91,7.02,D
18.43417,-69.35139,322.34,1.02,1.01,2025-03-20,1904,A,53,6.1NRT,305.56,10.63,D
18.28872,-70.35614,326.24,1,1,2025-03-20,1904,A,77,6.1NRT,311.99,9.42,D
18.25706,-71.37625,325.82,1.04,1.02,2025-03-20,1904,A,67,6.1NRT,299.99,16.01,D
18.25559,-71.38581,327.98,1.04,1.02,2025-03-20,1904,A,73,6.1NRT,299.87,19.31,D
18.55352,-70.82124,329.52,1.01,1.01,2025-03-20,1904,A,80,6.1NRT,303.05,21.08,D
18.56554,-70.86144,340.14,1.01,1.01,2025-03-20,1904,A,89,6.1NRT,305.9,34.97,D
18.80322,-69.49858,313.8,1.01,1.01,2025-03-20,1904,A,26,6.1NRT,301.64,4.19,D
18.8019,-69.50792,317.27,1.01,1.01,2025-03-20,1904,A,65,6.1NRT,301.91,7.48,D
18.73516,-70.03693,314,1,1,2025-03-20,1904,A,51,6.1NRT,302.73,5.09,D
18.79259,-69.7629,328.16,1.01,1,2025-03-20,1904,A,80,6.1NRT,305.69,16.75,D
18.56135,-71.50431,331.4,1.05,1.02,2025-03-20,1904,A,72,6.1NRT,294.87,26.68,D
18.87845,-69.67816,328.99,1.01,1,2025-03-20,1904,A,81,6.1NRT,303.84,19.08,D
18.87713,-69.68745,321.34,1.01,1,2025-03-20,1904,A,73,6.1NRT,303.45,10.33,D
18.87317,-69.71524,318.06,1.01,1,2025-03-20,1904,A,64,6.1NRT,304.79,7.47,D
18.94449,-69.59374,312.42,1.01,1.01,2025-03-20,1904,A,50,6.1NRT,299.54,5.92,D
18.88461,-70.01025,330.6,1,1,2025-03-20,1904,A,82,6.1NRT,305.44,21.49,D
18.88328,-70.01949,317.32,1,1,2025-03-20,1904,A,63,6.1NRT,303.14,7.29,D
18.98545,-69.76839,316.93,1.01,1,2025-03-20,1904,A,65,6.1NRT,303.63,6.18,D
18.8683,-71.12762,326.09,1.02,1.01,2025-03-20,1904,A,77,6.1NRT,307.07,13.63,D
18.86404,-71.15578,328.25,1.02,1.01,2025-03-20,1904,A,79,6.1NRT,307.54,17.37,D
18.86262,-71.16515,317.55,1.02,1.01,2025-03-20,1904,A,53,6.1NRT,306.04,5.82,D
18.91213,-71.07654,322.02,1.02,1.01,2025-03-20,1904,A,72,6.1NRT,299.35,16.18,D
18.91073,-71.08589,321.69,1.02,1.01,2025-03-20,1904,A,70,6.1NRT,298.31,14.99,D
18.8928,-71.57685,320.25,1.05,1.02,2025-03-20,1904,A,70,6.1NRT,308.04,5.64,D
19.25319,-69.639,311.47,1.01,1.01,2025-03-20,1904,A,41,6.1NRT,299.59,4.49,D
19.23286,-69.84502,315.6,1.01,1,2025-03-20,1904,A,61,6.1NRT,303.97,7.5,D
19.27963,-69.64315,322.29,1.01,1.01,2025-03-20,1904,A,76,6.1NRT,300.83,15.07,D
19.1096,-71.36969,322.17,1.03,1.01,2025-03-20,1904,A,59,6.1NRT,300.28,12.64,D
19.12583,-71.38241,321.44,1.03,1.01,2025-03-20,1904,A,67,6.1NRT,301.43,11.89,D
19.16405,-71.36991,313.44,1.03,1.01,2025-03-20,1904,A,33,6.1NRT,298.17,7.02,D
19.15698,-71.48249,323.66,1.04,1.02,2025-03-20,1904,A,69,6.1NRT,308.86,12.64,D
19.15551,-71.49206,320.38,1.04,1.02,2025-03-20,1904,A,60,6.1NRT,308.63,9.06,D
19.15858,-71.59075,324.13,1.04,1.02,2025-03-20,1904,A,70,6.1NRT,310.25,10.07,D
19.45309,-70.03529,325.91,1,1,2025-03-20,1904,A,78,6.1NRT,302.23,16.56,D
19.26321,-71.75399,318.85,1.05,1.02,2025-03-20,1904,A,53,6.1NRT,306.3,7.5,D
19.26174,-71.76353,329,1.05,1.02,2025-03-20,1904,A,79,6.1NRT,305.54,18.57,D
19.31938,-71.56597,316.22,1.04,1.02,2025-03-20,1904,A,54,6.1NRT,298.47,10.89,D
19.29159,-72.34567,331.89,1.1,1.05,2025-03-20,1904,A,81,6.1NRT,309.01,23.64,D
20.03133,-75.47194,315.94,1.65,1.26,2025-03-20,1904,A,65,6.1NRT,303.64,15.16,D
20.02901,-75.48508,311.9,1.65,1.26,2025-03-20,1904,A,50,6.1NRT,301.78,8.49,D
20.06841,-75.65996,314.17,1.7,1.28,2025-03-20,1904,A,62,6.1NRT,300.11,16.26,D
20.12851,-75.64693,317.83,1.69,1.28,2025-03-20,1904,A,59,6.1NRT,305.56,14.4,D
20.00803,-76.30321,310.72,1.9,1.35,2025-03-20,1904,A,50,6.1NRT,296.31,17.14,D
20.26578,-75.00275,317.86,1.51,1.21,2025-03-20,1904,A,69,6.1NRT,303.48,17.15,D
20.14228,-75.69831,318.39,1.7,1.28,2025-03-20,1904,A,71,6.1NRT,305.88,15.52,D
20.30083,-75.05293,329.78,1.53,1.22,2025-03-20,1904,A,83,6.1NRT,303.83,41.23,D
20.22985,-75.46225,323.37,1.63,1.26,2025-03-20,1904,A,59,6.1NRT,309.49,20.33,D
20.17013,-75.80208,321.4,1.73,1.29,2025-03-20,1904,A,55,6.1NRT,309.17,18.5,D
20.10537,-76.54699,313.26,1.97,1.37,2025-03-20,1904,A,60,6.1NRT,298.91,23.42,D
20.29825,-75.80185,319.69,1.72,1.29,2025-03-20,1904,A,65,6.1NRT,307.96,17.64,D
20.41203,-75.10207,313.07,1.53,1.22,2025-03-20,1904,A,55,6.1NRT,299.39,13,D
20.29686,-75.80665,323.01,1.72,1.29,2025-03-20,1904,A,76,6.1NRT,308.25,26.71,D
20.41158,-75.35558,317.42,1.59,1.24,2025-03-20,1904,A,67,6.1NRT,300.16,20.75,D
20.39668,-75.56898,318.93,1.65,1.26,2025-03-20,1904,A,67,6.1NRT,303.55,17.49,D
20.36681,-75.73882,315.86,1.7,1.28,2025-03-20,1904,A,64,6.1NRT,304.18,14.14,D
20.10534,-77.25503,345.91,2.23,1.45,2025-03-20,1904,A,93,6.1NRT,304.09,143.58,D
20.10158,-77.27539,336.91,2.23,1.45,2025-03-20,1904,A,88,6.1NRT,305.4,96.07,D
20.17582,-76.94054,323.67,2.1,1.41,2025-03-20,1904,A,76,6.1NRT,305.62,37.83,D
20.10603,-77.26215,345.57,2.23,1.45,2025-03-20,1904,A,93,6.1NRT,305.45,140.44,D
20.18241,-76.92896,321.72,2.09,1.41,2025-03-20,1904,A,72,6.1NRT,305.04,29.77,D
20.17877,-76.94817,317.93,2.1,1.41,2025-03-20,1904,A,60,6.1NRT,305.97,20,D
20.41677,-75.72373,317.21,1.69,1.28,2025-03-20,1904,A,48,6.1NRT,305.81,14.47,D
20.21901,-76.93685,319.62,2.09,1.41,2025-03-20,1904,A,54,6.1NRT,309.15,19.65,D
20.44736,-75.7457,317.71,1.69,1.28,2025-03-20,1904,A,51,6.1NRT,303.99,17.45,D
20.19864,-77.11515,321.23,2.16,1.43,2025-03-20,1904,A,41,6.1NRT,306.54,24.57,D
20.4187,-75.97262,325.96,1.76,1.3,2025-03-20,1904,A,59,6.1NRT,309.24,26.76,D
20.21973,-77.14041,319.85,2.17,1.43,2025-03-20,1904,A,54,6.1NRT,307.7,19.12,D
20.21606,-77.16036,323.29,2.18,1.43,2025-03-20,1904,A,73,6.1NRT,306.26,29.33,D
20.44115,-76.04505,326.19,1.78,1.31,2025-03-20,1904,A,74,6.1NRT,308.9,24.18,D
20.2208,-77.14548,323.09,2.17,1.43,2025-03-20,1904,A,59,6.1NRT,307.2,28,D
20.30935,-76.74531,319.12,2.02,1.38,2025-03-20,1904,A,64,6.1NRT,307.79,19.1,D
20.44973,-76.05172,333.09,1.78,1.31,2025-03-20,1904,A,83,6.1NRT,309.48,42.39,D
20.25426,-77.17329,320.21,2.18,1.43,2025-03-20,1904,A,59,6.1NRT,308.07,24.82,D
20.38946,-76.64791,323.09,1.98,1.37,2025-03-20,1904,A,64,6.1NRT,311.78,20.29,D
20.29896,-77.14108,325.54,2.16,1.43,2025-03-20,1904,A,71,6.1NRT,309.2,40.98,D
20.29523,-77.16119,321.33,2.17,1.43,2025-03-20,1904,A,45,6.1NRT,307.34,27.62,D
20.41203,-76.72878,325.47,2,1.38,2025-03-20,1904,A,75,6.1NRT,310.98,33.07,D
20.40871,-76.74725,324.61,2.01,1.38,2025-03-20,1904,A,72,6.1NRT,308.82,28.85,D
20.41681,-76.73691,332.66,2,1.38,2025-03-20,1904,A,82,6.1NRT,310.74,54.16,D
20.43559,-76.70275,321.81,1.99,1.38,2025-03-20,1904,A,48,6.1NRT,307.33,16.16,D
20.43219,-76.72107,367.87,2,1.38,2025-03-20,1904,A,100,6.1NRT,310.01,263.84,D
20.53719,-76.21474,339.43,1.82,1.32,2025-03-20,1904,A,88,6.1NRT,309.77,63.43,D
20.44414,-76.72362,324.8,2,1.38,2025-03-20,1904,A,68,6.1NRT,309.31,25.4,D
20.57259,-76.08411,325.63,1.78,1.31,2025-03-20,1904,A,74,6.1NRT,309.98,23.93,D
20.5626,-76.27258,360.14,1.84,1.33,2025-03-20,1904,A,100,6.1NRT,309.46,172.85,D
20.43903,-76.95617,320.3,2.08,1.4,2025-03-20,1904,A,35,6.1NRT,309.31,20,D
20.57412,-76.27499,357.43,1.84,1.33,2025-03-20,1904,A,98,6.1NRT,309.99,156.67,D
20.5731,-76.26205,348.87,1.83,1.33,2025-03-20,1904,A,94,6.1NRT,308.29,109.07,D
20.56996,-76.27896,356.96,1.84,1.33,2025-03-20,1904,A,98,6.1NRT,310.14,157.2,D
20.55682,-76.91399,322.56,2.05,1.39,2025-03-20,1904,A,60,6.1NRT,312.44,19.2,D
20.71613,-76.58649,323.6,1.93,1.36,2025-03-20,1904,A,65,6.1NRT,308.33,24.95,D
20.70999,-76.59012,319.82,1.93,1.36,2025-03-20,1904,A,45,6.1NRT,309.5,15.03,D
20.80214,-76.28625,325.76,1.82,1.32,2025-03-20,1904,A,74,6.1NRT,309.17,29.58,D
20.73405,-76.72574,321.36,1.97,1.37,2025-03-20,1904,A,47,6.1NRT,306.78,19.42,D
20.70854,-77.07018,321.36,2.09,1.41,2025-03-20,1904,A,43,6.1NRT,310.85,19.06,D
20.69942,-77.07518,324.07,2.09,1.41,2025-03-20,1904,A,68,6.1NRT,312.58,26.72,D
20.69689,-77.1553,324.14,2.12,1.42,2025-03-20,1904,A,56,6.1NRT,311.33,31.22,D
20.89093,-76.31141,325.44,1.82,1.32,2025-03-20,1904,A,74,6.1NRT,308.01,26.19,D
20.83023,-77.20919,320.2,2.13,1.42,2025-03-20,1904,A,64,6.1NRT,304.59,26.25,D
20.82657,-77.22884,328.81,2.14,1.42,2025-03-20,1904,A,78,6.1NRT,305.86,54.64,D
20.96265,-76.69192,320.32,1.94,1.36,2025-03-20,1904,A,27,6.1NRT,306.88,17.09,D
20.79589,-77.60287,325.2,2.29,1.46,2025-03-20,1904,A,74,6.1NRT,309.13,32.48,D
20.79198,-77.62394,329.21,2.29,1.47,2025-03-20,1904,A,79,6.1NRT,313.24,47.54,D
20.82778,-77.50152,326.2,2.24,1.45,2025-03-20,1904,A,69,6.1NRT,306.85,38.23,D
20.79556,-77.6095,332.14,2.29,1.46,2025-03-20,1904,A,82,6.1NRT,310.2,59.38,D
20.82821,-77.50832,326.98,2.24,1.45,2025-03-20,1904,A,76,6.1NRT,307.13,43.6,D
20.82154,-77.68114,322.13,2.31,1.47,2025-03-20,1904,A,54,6.1NRT,307.58,25.15,D
20.81748,-77.70241,336.91,2.32,1.47,2025-03-20,1904,A,86,6.1NRT,307.7,89.91,D
20.92245,-77.21526,322.47,2.12,1.42,2025-03-20,1904,A,50,6.1NRT,308.7,23.69,D
21.14094,-76.39955,317.66,1.83,1.32,2025-03-20,1904,A,53,6.1NRT,303.2,17.07,D
21.13784,-76.41646,346.29,1.83,1.33,2025-03-20,1904,A,93,6.1NRT,303.93,112.37,D
21.14934,-76.41893,317.47,1.83,1.33,2025-03-20,1904,A,47,6.1NRT,304.17,16.67,D
20.87643,-77.94714,318.85,2.42,1.5,2025-03-20,1904,A,36,6.1NRT,306.84,20.69,D
20.88518,-77.97224,331.75,2.43,1.5,2025-03-20,1904,A,82,6.1NRT,305.23,75.04,D
20.88093,-77.99458,345.43,2.44,1.51,2025-03-20,1904,A,92,6.1NRT,306.68,159.15,D
20.9258,-78.03474,317.26,2.45,1.51,2025-03-20,1904,A,33,6.1NRT,304.35,20.28,D
20.92143,-78.05726,322.3,2.46,1.51,2025-03-20,1904,A,71,6.1NRT,306.34,39,D
20.96031,-77.92631,324.26,2.4,1.49,2025-03-20,1904,A,50,6.1NRT,310.02,35.97,D
20.93886,-78.03761,326.43,2.45,1.51,2025-03-20,1904,A,59,6.1NRT,304.13,48.11,D
20.969,-77.95135,323.17,2.41,1.5,2025-03-20,1904,A,32,6.1NRT,307.03,30.56,D
20.95193,-78.04042,331.65,2.45,1.51,2025-03-20,1904,A,82,6.1NRT,303.76,71.37,D
20.99872,-77.86602,322.75,2.37,1.49,2025-03-20,1904,A,65,6.1NRT,306.21,37.43,D
20.97353,-77.9985,322.93,2.43,1.5,2025-03-20,1904,A,62,6.1NRT,307.01,34.89,D
21.06117,-78.02293,318.7,2.43,1.5,2025-03-20,1904,A,37,6.1NRT,307.27,18.3,D
21.09922,-77.89348,322.41,2.37,1.49,2025-03-20,1904,A,68,6.1NRT,308.31,33.81,D
21.05718,-78.18739,328.74,2.5,1.52,2025-03-20,1904,A,80,6.1NRT,304.92,65.85,D
21.05279,-78.21049,321.41,2.51,1.52,2025-03-20,1904,A,66,6.1NRT,305.07,38.88,D
21.07034,-78.19038,347.55,2.5,1.52,2025-03-20,1904,A,94,6.1NRT,303.33,176.79,D
21.06599,-78.21342,327.14,2.51,1.52,2025-03-20,1904,A,77,6.1NRT,302.6,59.2,D
21.10177,-77.8782,319.36,2.36,1.48,2025-03-20,1904,A,39,6.1NRT,307.34,22.12,D
21.09749,-77.9,320.27,2.37,1.49,2025-03-20,1904,A,42,6.1NRT,308.36,24.17,D
21.06644,-78.19637,360.63,2.5,1.52,2025-03-20,1904,A,100,6.1NRT,304.53,294.34,D
21.14035,-77.88657,318.36,2.36,1.48,2025-03-20,1904,A,62,6.1NRT,305.68,20.8,D
21.13191,-77.9302,318.13,2.38,1.49,2025-03-20,1904,A,56,6.1NRT,305.5,17.85,D
21.12769,-77.95201,319.28,2.39,1.49,2025-03-20,1904,A,62,6.1NRT,305.38,22.5,D
21.09278,-78.20222,321.47,2.5,1.52,2025-03-20,1904,A,66,6.1NRT,304.53,32.14,D
21.14521,-78.0719,320.42,2.44,1.51,2025-03-20,1904,A,56,6.1NRT,304.64,27.02,D
21.19227,-77.96636,322.96,2.39,1.49,2025-03-20,1904,A,74,6.1NRT,306.63,39.41,D
21.18429,-78.08067,323.4,2.44,1.51,2025-03-20,1904,A,35,6.1NRT,307.85,32.68,D
21.18953,-77.9706,320.26,2.39,1.49,2025-03-20,1904,A,68,6.1NRT,305.97,30.4,D
21.18509,-78.06235,324.89,2.43,1.5,2025-03-20,1904,A,66,6.1NRT,306.4,39.94,D
21.18072,-78.0847,320.51,2.44,1.51,2025-03-20,1904,A,47,6.1NRT,307.78,23.25,D
21.16268,-78.24689,347.32,2.51,1.52,2025-03-20,1904,A,93,6.1NRT,306.08,176.61,D
21.15815,-78.27002,321.25,2.52,1.53,2025-03-20,1904,A,67,6.1NRT,306.23,34.43,D
21.21116,-78.13832,324.6,2.46,1.51,2025-03-20,1904,A,76,6.1NRT,311.41,37.07,D
21.24141,-78.05143,317.12,2.42,1.5,2025-03-20,1904,A,39,6.1NRT,304.55,14.72,D
21.27615,-78.08252,345.19,2.43,1.5,2025-03-20,1904,A,92,6.1NRT,307.43,149.6,D
21.27775,-78.06658,328.28,2.42,1.5,2025-03-20,1904,A,81,6.1NRT,306.79,57.02,D
21.27337,-78.08895,336.31,2.43,1.5,2025-03-20,1904,A,87,6.1NRT,308.14,95.64,D
21.43111,-77.61201,325.62,2.22,1.44,2025-03-20,1904,A,79,6.1NRT,302.47,48.34,D
21.30802,-78.26274,323.53,2.5,1.52,2025-03-20,1904,A,57,6.1NRT,310.92,34.59,D
21.29023,-78.3556,316.93,2.54,1.53,2025-03-20,1904,A,52,6.1NRT,302.63,24.67,D
21.43527,-77.59641,316.9,2.21,1.44,2025-03-20,1904,A,60,6.1NRT,302.44,19.68,D
21.4313,-77.61684,320.38,2.22,1.44,2025-03-20,1904,A,73,6.1NRT,302.2,30.75,D
21.30286,-78.3387,320.77,2.53,1.53,2025-03-20,1904,A,51,6.1NRT,304.74,33.66,D
21.42068,-77.87547,328.33,2.32,1.47,2025-03-20,1904,A,80,6.1NRT,309.57,52.22,D
21.41653,-77.89696,319.69,2.33,1.48,2025-03-20,1904,A,45,6.1NRT,307.84,23.53,D
21.35637,-78.20659,319.22,2.47,1.51,2025-03-20,1904,A,29,6.1NRT,307.09,17.01,D
21.35191,-78.22939,323.08,2.48,1.52,2025-03-20,1904,A,71,6.1NRT,307.2,31.69,D
21.46637,-77.77532,323.05,2.28,1.46,2025-03-20,1904,A,60,6.1NRT,303.99,34.63,D
21.39566,-78.14458,349.34,2.44,1.51,2025-03-20,1904,A,95,6.1NRT,309.88,180.05,D
21.40868,-78.14752,327.35,2.44,1.51,2025-03-20,1904,A,80,6.1NRT,307.95,51.82,D
21.59348,-77.87669,328.81,2.3,1.47,2025-03-20,1904,A,73,6.1NRT,305.38,55.87,D
21.58951,-77.89792,327.11,2.31,1.47,2025-03-20,1904,A,79,6.1NRT,305.38,48.57,D
21.59215,-77.88109,334.89,2.3,1.47,2025-03-20,1904,A,86,6.1NRT,305.39,86.73,D
21.58802,-77.90234,320.54,2.31,1.47,2025-03-20,1904,A,50,6.1NRT,304.91,28.2,D
21.70592,-77.91337,321.54,2.3,1.47,2025-03-20,1904,A,74,6.1NRT,299.18,48.98,D
21.80653,-78.00892,329.68,2.33,1.48,2025-03-20,1904,A,82,6.1NRT,300.66,73.17,D
21.71074,-78.83955,345.33,2.7,1.57,2025-03-20,1904,A,93,6.1NRT,307.38,181.66,D
21.87371,-78.07623,314.06,2.35,1.48,2025-03-20,1904,A,43,6.1NRT,301.63,17.01,D
21.87555,-78.1958,316.62,2.4,1.49,2025-03-20,1904,A,53,6.1NRT,303.85,21.22,D
21.82929,-78.92352,319.8,2.73,1.58,2025-03-20,1904,A,40,6.1NRT,303.93,29.83,D
21.98314,-78.19739,318.68,2.39,1.49,2025-03-20,1904,A,70,6.1NRT,301.47,35.21,D
21.98538,-78.18178,315.05,2.38,1.49,2025-03-20,1904,A,29,6.1NRT,300.84,21.81,D
21.98104,-78.20376,315.79,2.39,1.49,2025-03-20,1904,A,44,6.1NRT,301.43,23.79,D
21.83535,-78.93188,328.58,2.73,1.58,2025-03-20,1904,A,79,6.1NRT,304.76,66.01,D
22.01115,-78.18762,315.83,2.38,1.49,2025-03-20,1904,A,38,6.1NRT,302,23.17,D
22.01109,-78.32696,319.17,2.44,1.51,2025-03-20,1904,A,67,6.1NRT,302.62,38.39,D
22.00671,-78.34952,343.35,2.45,1.51,2025-03-20,1904,A,91,6.1NRT,303.29,157.98,D
21.84289,-79.9472,310.29,3.25,1.7,2025-03-20,1904,A,27,6.1NRT,299.13,28.23,D
22.01889,-79.68839,320.86,3.08,1.67,2025-03-20,1904,A,73,6.1NRT,302.73,58.25,D
22.26931,-79.44205,325,2.91,1.63,2025-03-20,1904,A,78,6.1NRT,302.32,75.34,D
22.26387,-79.46912,322.89,2.93,1.63,2025-03-20,1904,A,76,6.1NRT,302.87,64.62,D
22.13048,-80.12664,318.53,3.3,1.72,2025-03-20,1904,A,70,6.1NRT,301.09,52.92,D
22.18066,-80.10846,315.66,3.28,1.71,2025-03-20,1904,A,36,6.1NRT,302.35,32.68,D
22.27296,-79.44973,326.54,2.91,1.63,2025-03-20,1904,A,80,6.1NRT,301.99,81.57,D
22.26734,-79.47681,315.24,2.93,1.63,2025-03-20,1904,A,40,6.1NRT,302.94,27.86,D
22.12931,-80.13385,316.12,3.3,1.72,2025-03-20,1904,A,50,6.1NRT,300.88,34.52,D
22.17983,-80.1151,315.94,3.28,1.71,2025-03-20,1904,A,56,6.1NRT,302.59,36.09,D
22.22017,-80.22079,315.58,3.34,1.72,2025-03-20,1904,A,48,6.1NRT,301.97,25.49,D
22.21802,-80.22504,314.73,3.34,1.72,2025-03-20,1904,A,41,6.1NRT,301.94,22.81,D
22.23347,-80.52732,316.1,3.51,1.76,2025-03-20,1904,A,61,6.1NRT,303.33,39.35,D
22.23693,-80.50127,315.28,3.49,1.76,2025-03-20,1904,A,36,6.1NRT,301.98,28.87,D
22.39636,-80.11652,320.76,3.25,1.7,2025-03-20,1904,A,47,6.1NRT,307.49,45.32,D
22.41344,-80.18385,324.69,3.28,1.71,2025-03-20,1904,A,75,6.1NRT,307.16,61.52,D
22.40729,-80.21395,325.91,3.3,1.72,2025-03-20,1904,A,79,6.1NRT,309.07,70.32,D
22.41207,-80.18775,327.81,3.28,1.71,2025-03-20,1904,A,81,6.1NRT,307.41,83.87,D
22.4057,-80.21783,323.28,3.3,1.72,2025-03-20,1904,A,72,6.1NRT,309.35,52.95,D
22.39445,-80.64645,316.21,3.55,1.77,2025-03-20,1904,A,56,6.1NRT,300.31,41.38,D
22.35373,-80.91855,318.06,3.73,1.81,2025-03-20,1904,A,68,6.1NRT,301.2,51,D
22.39254,-80.79289,318.82,3.64,1.79,2025-03-20,1904,A,62,6.1NRT,302.1,53.01,D
22.45135,-80.6682,315.77,3.55,1.77,2025-03-20,1904,A,64,6.1NRT,300.87,46.94,D
22.38706,-80.97079,317.01,3.75,1.81,2025-03-20,1904,A,52,6.1NRT,298.43,49.7,D
22.37967,-81.00538,314.71,3.78,1.82,2025-03-20,1904,A,46,6.1NRT,298.66,41.55,D
22.65671,-79.82729,316.92,3.05,1.66,2025-03-20,1904,A,67,6.1NRT,301.69,36.55,D
22.56921,-80.33039,344.71,3.34,1.72,2025-03-20,1904,A,92,6.1NRT,304.13,248.48,D
22.56287,-80.36123,319.87,3.35,1.73,2025-03-20,1904,A,72,6.1NRT,304.44,56.54,D
22.55648,-80.39228,321.53,3.37,1.73,2025-03-20,1904,A,74,6.1NRT,303.57,65.91,D
22.65808,-79.83213,314.67,3.05,1.66,2025-03-20,1904,A,40,6.1NRT,301.4,24.59,D
22.56719,-80.33415,346.32,3.34,1.72,2025-03-20,1904,A,93,6.1NRT,304.16,266.23,D
22.56064,-80.36493,315.73,3.35,1.73,2025-03-20,1904,A,59,6.1NRT,304.31,35.33,D
22.55403,-80.39592,319.56,3.37,1.73,2025-03-20,1904,A,71,6.1NRT,303.83,56.72,D
22.66795,-80.07517,317.36,3.18,1.69,2025-03-20,1904,A,68,6.1NRT,301.89,48.39,D
22.74088,-79.94187,345.3,3.09,1.67,2025-03-20,1904,A,93,6.1NRT,301.59,243.66,D
22.73507,-79.97049,327.64,3.11,1.67,2025-03-20,1904,A,81,6.1NRT,299.02,104.73,D
22.74817,-79.92097,312.59,3.08,1.67,2025-03-20,1904,A,37,6.1NRT,301.18,28.53,D
22.7422,-79.94943,348.23,3.09,1.67,2025-03-20,1904,A,94,6.1NRT,301.24,273.35,D
22.73619,-79.978,315.7,3.11,1.67,2025-03-20,1904,A,63,6.1NRT,298.8,40.39,D
22.70312,-80.50579,312.54,3.41,1.74,2025-03-20,1904,A,54,6.1NRT,300.19,32.62,D
22.69653,-80.53745,345.74,3.43,1.74,2025-03-20,1904,A,93,6.1NRT,303.23,285.78,D
22.70019,-80.50952,319.04,3.41,1.74,2025-03-20,1904,A,71,6.1NRT,300.06,64.42,D
22.69338,-80.54113,333.61,3.43,1.74,2025-03-20,1904,A,86,6.1NRT,303.38,163.63,D
22.65012,-81.24543,317.57,3.87,1.83,2025-03-20,1904,A,56,6.1NRT,303.97,34.48,D
22.76901,-81.50937,314.32,4.03,1.86,2025-03-20,1904,A,50,6.1NRT,302.27,38.68,D
22.91858,-81.75642,310.51,4.17,1.89,2025-03-20,1904,A,32,6.1NRT,299.03,28.4,D
22.92453,-81.76517,312.77,4.17,1.89,2025-03-20,1904,A,55,6.1NRT,299.05,40.81,D
24.77732,-77.89858,323.76,1.97,1.37,2025-03-20,1904,A,77,6.1NRT,298.9,45.19,D
24.8502,-77.94212,313.12,1.98,1.37,2025-03-20,1904,A,54,6.1NRT,297.7,18.71,D
24.86207,-77.94489,338.13,1.98,1.37,2025-03-20,1904,A,67,6.1NRT,298.38,96.55,D
24.98662,-78.03793,314.49,2,1.38,2025-03-20,1904,A,61,6.1NRT,300.81,20.54,D
25.03091,-78.03565,314.34,1.99,1.38,2025-03-20,1904,A,61,6.1NRT,299.67,20.61,D
25.02728,-78.05454,312.5,2,1.38,2025-03-20,1904,A,54,6.1NRT,299.17,16.41,D
25.36181,-80.39091,335.16,2.9,1.62,2025-03-20,1904,A,66,6.1NRT,301.53,137.64,D
25.37578,-80.39455,344.25,2.9,1.62,2025-03-20,1904,A,70,6.1NRT,300.98,201.96,D
25.36493,-80.39632,345.19,2.9,1.62,2025-03-20,1904,A,70,6.1NRT,301.84,217.25,D
25.3789,-80.39994,325.05,2.9,1.62,2025-03-20,1904,A,0,6.1NRT,300.65,67.2,D
25.39536,-80.46212,346.32,2.93,1.63,2025-03-20,1904,A,81,6.1NRT,299.63,231.73,D
25.43041,-80.39156,319.13,2.88,1.62,2025-03-20,1904,A,31,6.1NRT,297.66,50.47,D
26.64775,-78.17442,362.77,1.88,1.34,2025-03-20,1904,A,0,6.1NRT,305.23,215.48,D
26.64436,-78.19251,384.52,1.89,1.34,2025-03-20,1904,A,75,6.1NRT,312.3,413.24,D
26.64095,-78.21066,347.25,1.89,1.34,2025-03-20,1904,A,71,6.1NRT,309.73,120.23,D
26.6341,-78.24715,327.37,1.9,1.35,2025-03-20,1904,A,0,6.1NRT,305.91,41.17,D
26.64325,-78.18046,383.15,1.88,1.34,2025-03-20,1904,A,0,6.1NRT,309.67,400.53,D
26.63972,-78.19853,357.09,1.89,1.34,2025-03-20,1904,A,74,6.1NRT,310.83,176.05,D
26.65485,-78.18324,337.04,1.88,1.34,2025-03-20,1904,A,83,6.1NRT,302.64,78.82,D
26.65134,-78.20131,351.05,1.89,1.34,2025-03-20,1904,A,96,6.1NRT,305.97,140.85,D
26.64781,-78.21946,347.84,1.89,1.34,2025-03-20,1904,A,94,6.1NRT,307.47,123.43,D
26.64427,-78.23766,318.33,1.9,1.35,2025-03-20,1904,A,49,6.1NRT,305.2,19.16,D
26.64072,-78.25591,317.06,1.9,1.35,2025-03-20,1904,A,35,6.1NRT,304.3,16.9,D
26.48452,-80.67481,326.05,2.86,1.61,2025-03-20,1906,A,79,6.1NRT,303.02,73,D
26.47881,-80.70205,332.09,2.87,1.62,2025-03-20,1906,A,84,6.1NRT,306.28,108.31,D
26.56385,-80.67429,337.59,2.84,1.61,2025-03-20,1906,A,88,6.1NRT,304.81,143.46,D
26.55814,-80.70142,338.21,2.86,1.61,2025-03-20,1906,A,89,6.1NRT,304.51,149.23,D
26.81445,-81.02144,333.37,2.97,1.64,2025-03-20,1906,A,69,6.1NRT,298.34,114.4,D
26.80849,-81.04985,337.88,2.99,1.64,2025-03-20,1906,A,76,6.1NRT,300.56,148.93,D
26.82261,-81.0537,385.99,2.99,1.64,2025-03-20,1906,A,100,6.1NRT,302.46,825.84,D
26.81664,-81.08226,354.38,3,1.65,2025-03-20,1906,A,97,6.1NRT,302.86,311.19,D
26.81723,-81.02916,338.62,2.97,1.64,2025-03-20,1906,A,43,6.1NRT,298.59,143.48,D
26.81108,-81.05752,358.4,2.99,1.64,2025-03-20,1906,A,99,6.1NRT,302.16,350.14,D
26.82521,-81.06134,384.6,2.99,1.64,2025-03-20,1906,A,100,6.1NRT,302.09,794.79,D
26.83933,-81.06519,352.5,2.99,1.64,2025-03-20,1906,A,96,6.1NRT,298.55,274.45,D
26.83321,-81.09368,371.33,3,1.65,2025-03-20,1906,A,100,6.1NRT,304.45,543.82,D
26.85345,-81.06905,340.42,2.99,1.64,2025-03-20,1906,A,68,6.1NRT,298.18,164.48,D
27.585,-82.00171,326.69,3.34,1.72,2025-03-20,1906,A,75,6.1NRT,297.34,116.43,D
27.57792,-82.03372,321.82,3.35,1.73,2025-03-20,1906,A,74,6.1NRT,296.97,85.24,D
14.16736,-87.32433,366,2.24,1.45,2025-03-20,2040,A,100,6.1NRT,306.95,302.89,D
14.17069,-87.31245,338.66,2.25,1.45,2025-03-20,2040,A,88,6.1NRT,304.47,99.77,D
14.13215,-90.97072,322.12,1.22,1.1,2025-03-20,2040,A,54,6.1NRT,301.27,9.46,D
14.06903,-91.50372,367.74,1.15,1.07,2025-03-20,2040,A,100,6.1NRT,302.27,123.05,D
14.06761,-91.51401,354.26,1.14,1.07,2025-03-20,2040,A,97,6.1NRT,301.62,77.41,D
14.45062,-89.71406,333,1.49,1.21,2025-03-20,2040,A,84,6.1NRT,310.14,29.78,D
14.27827,-91.46218,328.73,1.16,1.07,2025-03-20,2040,A,77,6.1NRT,301.14,18.09,D
14.3028,-91.46085,321.83,1.16,1.07,2025-03-20,2040,A,45,6.1NRT,298.34,11.32,D
14.30139,-91.47131,333.14,1.16,1.07,2025-03-20,2040,A,83,6.1NRT,296.46,26.73,D
14.3851,-91.88478,325.75,1.11,1.05,2025-03-20,2040,A,76,6.1NRT,300.8,11,D
14.41873,-91.8954,341.27,1.11,1.05,2025-03-20,2040,A,90,6.1NRT,304.39,34.72,D
14.4938,-91.89626,340.46,1.11,1.05,2025-03-20,2040,A,84,6.1NRT,301.47,35.38,D
15.71773,-84.53699,319.61,3.92,1.84,2025-03-20,2040,A,68,6.1NRT,295.19,78.07,D
14.79092,-92.27655,322.3,1.08,1.04,2025-03-20,2040,A,65,6.1NRT,303.5,7.17,D
16.2387,-92.67881,330.9,1.07,1.03,2025-03-20,2042,A,61,6.1NRT,302.19,20.18,D
16.25038,-92.66095,325.51,1.07,1.03,2025-03-20,2042,A,40,6.1NRT,300.09,13.52,D
16.35303,-92.7812,333.42,1.06,1.03,2025-03-20,2042,A,84,6.1NRT,304.7,23.89,D
16.38687,-92.73663,337.8,1.07,1.03,2025-03-20,2042,A,87,6.1NRT,308.17,28.01,D
16.38551,-92.74641,330.95,1.07,1.03,2025-03-20,2042,A,70,6.1NRT,307.42,15.78,D
16.38415,-92.75616,334.71,1.07,1.03,2025-03-20,2042,A,85,6.1NRT,306.1,21.65,D
16.38279,-92.76591,360.79,1.07,1.03,2025-03-20,2042,A,100,6.1NRT,307.68,80.75,D
16.39185,-92.76704,322.86,1.07,1.03,2025-03-20,2042,A,28,6.1NRT,305.39,7.27,D
16.23772,-94.24677,326.73,1,1,2025-03-20,2042,A,76,6.1NRT,311.27,9.02,D
16.23639,-94.25584,325.81,1,1,2025-03-20,2042,A,71,6.1NRT,310.3,7.85,D
16.57431,-92.18744,351.65,1.13,1.06,2025-03-20,2042,A,90,6.1NRT,294.11,73.04,D
16.57286,-92.19788,332.62,1.13,1.06,2025-03-20,2042,A,0,6.1NRT,289.43,31.03,D
16.58129,-92.18355,320.55,1.13,1.06,2025-03-20,2042,A,49,6.1NRT,288.45,18.77,D
16.5799,-92.19395,336.78,1.13,1.06,2025-03-20,2042,A,0,6.1NRT,293.68,42.61,D
16.29268,-94.43756,351.92,1,1,2025-03-20,2042,A,96,6.1NRT,308.33,51.59,D
16.29135,-94.44665,341.53,1,1,2025-03-20,2042,A,90,6.1NRT,307.81,31.72,D
16.30144,-94.43896,331.15,1,1,2025-03-20,2042,A,80,6.1NRT,309.14,15.3,D
16.30011,-94.44804,324.73,1,1,2025-03-20,2042,A,73,6.1NRT,309.06,8.96,D
16.31419,-94.41313,336.65,1,1,2025-03-20,2042,A,81,6.1NRT,312.71,20.48,D
16.32428,-94.40546,344.56,1,1,2025-03-20,2042,A,91,6.1NRT,313.43,32.03,D
16.32295,-94.41454,356.46,1,1,2025-03-20,2042,A,98,6.1NRT,315.43,59.04,D
16.32162,-94.42361,330.09,1,1,2025-03-20,2042,A,20,6.1NRT,311.56,11.57,D
16.33171,-94.41593,344.39,1,1,2025-03-20,2042,A,91,6.1NRT,313.2,32.98,D
16.3418,-94.40826,344.03,1,1,2025-03-20,2042,A,91,6.1NRT,313.34,32.66,D
16.34047,-94.41734,365.96,1,1,2025-03-20,2042,A,100,6.1NRT,314.2,85.75,D
16.55238,-93.21027,314.12,1.04,1.02,2025-03-20,2042,A,45,6.1NRT,300.15,5.63,D
16.4702,-94.48756,324.01,1,1,2025-03-20,2042,A,70,6.1NRT,308.18,6.52,D
16.46886,-94.49664,346.05,1,1,2025-03-20,2042,A,93,6.1NRT,309.74,40.04,D
16.85131,-98.40777,315.51,1.43,1.18,2025-03-20,2042,A,59,6.1NRT,299.25,9.89,D
17.82875,-93.11194,347.51,1.06,1.03,2025-03-20,2042,A,71,6.1NRT,279.26,57.82,D
17.894,-93.17801,335.38,1.06,1.03,2025-03-20,2042,A,87,6.1NRT,296.84,30.59,D
17.89264,-93.18771,349.12,1.06,1.03,2025-03-20,2042,A,95,6.1NRT,298.54,56.71,D
17.90164,-93.51788,318.79,1.04,1.02,2025-03-20,2042,A,71,6.1NRT,298.21,10.67,D
17.90031,-93.52737,315.34,1.03,1.02,2025-03-20,2042,A,51,6.1NRT,298.86,7.91,D
17.98118,-93.80624,324.81,1.02,1.01,2025-03-20,2042,A,78,6.1NRT,298.17,15.92,D
17.97986,-93.81558,325.91,1.02,1.01,2025-03-20,2042,A,80,6.1NRT,299.12,17.6,D
18.39627,-91.90368,319.91,1.22,1.1,2025-03-20,2042,A,72,6.1NRT,295.88,15.51,D
19.47699,-89.83395,353.9,1.73,1.29,2025-03-20,2042,A,97,6.1NRT,303.53,133.45,D
19.47512,-89.84994,357.07,1.73,1.29,2025-03-20,2042,A,98,6.1NRT,303.71,152.06,D
19.49022,-89.81939,338.5,1.74,1.29,2025-03-20,2042,A,88,6.1NRT,302.96,67.65,D
18.06579,-99.82029,322.6,1.71,1.28,2025-03-20,2042,A,67,6.1NRT,304.86,19.59,D
19.58602,-90.55118,332.52,1.54,1.22,2025-03-20,2042,A,84,6.1NRT,299.09,43.32,D
19.5843,-90.56535,333.98,1.54,1.22,2025-03-20,2042,A,85,6.1NRT,301.03,47.21,D
18.56269,-98.82454,328.01,1.43,1.18,2025-03-20,2042,A,76,6.1NRT,309.2,18.21,D
18.55442,-99.60966,317.88,1.62,1.25,2025-03-20,2042,A,37,6.1NRT,299.3,17.48,D
18.55182,-99.62479,318.08,1.62,1.25,2025-03-20,2042,A,39,6.1NRT,297.52,19.26,D
18.89569,-98.92258,331.35,1.43,1.18,2025-03-20,2042,A,81,6.1NRT,309.81,25.68,D
18.92327,-99.01054,323.15,1.45,1.19,2025-03-20,2042,A,67,6.1NRT,305.59,15.45,D
20.95577,-88.73111,318.09,2.2,1.44,2025-03-20,2042,A,42,6.1NRT,300.24,18.98,D
20.95731,-88.73885,320.88,2.2,1.44,2025-03-20,2042,A,69,6.1NRT,299.95,28.86,D
19.58885,-99.20678,321.05,1.46,1.19,2025-03-20,2042,A,41,6.1NRT,299.29,9.49,D
19.05976,-102.38639,325.67,2.55,1.54,2025-03-20,2042,A,78,6.1NRT,308.77,31.25,D
19.7238,-99.21272,321.19,1.45,1.19,2025-03-20,2042,A,32,6.1NRT,302.35,12.25,D
19.58516,-102.69635,322.03,2.63,1.56,2025-03-20,2042,A,73,6.1NRT,304.7,37.96,D
19.58403,-102.67783,322.73,2.62,1.55,2025-03-20,2042,A,52,6.1NRT,307.07,36.26,D
19.57884,-102.70412,321.93,2.63,1.56,2025-03-20,2042,A,55,6.1NRT,304.99,33.84,D
20.03978,-102.52856,325.88,2.5,1.52,2025-03-20,2042,A,76,6.1NRT,306.46,44.42,D
20.56122,-100.52643,317.42,1.73,1.29,2025-03-20,2042,A,53,6.1NRT,297.29,13.11,D
20.56066,-100.53331,316.54,1.73,1.29,2025-03-20,2042,A,52,6.1NRT,297.55,11.77,D
20.4584,-102.13555,325.14,2.29,1.46,2025-03-20,2042,A,74,6.1NRT,307.74,30.8,D
20.45831,-102.14272,322.56,2.29,1.46,2025-03-20,2042,A,70,6.1NRT,307.74,24.21,D
20.71764,-103.63245,322.63,2.93,1.63,2025-03-20,2042,A,38,6.1NRT,307.83,30.55,D
22.04048,-100.88689,315.41,1.71,1.28,2025-03-20,2044,A,40,6.1NRT,299.17,9.36,D
22.36547,-99.12761,328.98,1.29,1.13,2025-03-20,2044,A,82,6.1NRT,297.51,28.39,D
22.37737,-99.11697,341.27,1.29,1.13,2025-03-20,2044,A,90,6.1NRT,302.05,53.05,D
22.37529,-99.12962,355.61,1.29,1.13,2025-03-20,2044,A,98,6.1NRT,304.48,96.75,D
22.33306,-99.38349,316.14,1.34,1.15,2025-03-20,2044,A,42,6.1NRT,294.57,15.92,D
22.37744,-99.1224,353.56,1.29,1.13,2025-03-20,2044,A,97,6.1NRT,304.1,87.49,D
22.37526,-99.13508,327.05,1.29,1.13,2025-03-20,2044,A,64,6.1NRT,302.54,22.46,D
22.38931,-99.11228,352.06,1.29,1.13,2025-03-20,2044,A,96,6.1NRT,303.02,80.81,D
22.38724,-99.12437,377.51,1.29,1.13,2025-03-20,2044,A,100,6.1NRT,306.92,192.52,D
22.39913,-99.11414,352.44,1.29,1.13,2025-03-20,2044,A,96,6.1NRT,305.46,82.79,D
22.41875,-99.11797,356.04,1.29,1.13,2025-03-20,2044,A,98,6.1NRT,308.27,94.32,D
22.4166,-99.13068,343.1,1.29,1.13,2025-03-20,2044,A,91,6.1NRT,306.52,54.05,D
22.74389,-97.99712,316.93,1.12,1.05,2025-03-20,2044,A,59,6.1NRT,304.1,7.51,D
22.65772,-99.47479,320.36,1.34,1.15,2025-03-20,2044,A,62,6.1NRT,299.73,20.79,D
22.65556,-99.48753,319.16,1.34,1.15,2025-03-20,2044,A,54,6.1NRT,300.41,19.31,D
21.99015,-104.16574,336.04,3,1.65,2025-03-20,2044,A,85,6.1NRT,312.92,125.95,D
21.98379,-104.19765,332.09,3.02,1.65,2025-03-20,2044,A,81,6.1NRT,312.06,100.97,D
22.00502,-104.16566,328.48,3,1.65,2025-03-20,2044,A,78,6.1NRT,310.23,79.45,D
21.97728,-104.17111,328.63,3,1.65,2025-03-20,2044,A,60,6.1NRT,312.32,74.34,D
21.99225,-104.17075,333.98,3,1.65,2025-03-20,2044,A,73,6.1NRT,313.22,105.4,D
22.00725,-104.17022,328.32,3,1.65,2025-03-20,2044,A,70,6.1NRT,309.93,74.65,D
23.23268,-98.98628,320.88,1.23,1.1,2025-03-20,2044,A,60,6.1NRT,304.42,12.36,D
23.23741,-98.98176,324.27,1.23,1.1,2025-03-20,2044,A,73,6.1NRT,304.92,16.69,D
24.16417,-98.2689,323.02,1.11,1.05,2025-03-20,2044,A,78,6.1NRT,304.58,12.86,D
24.16249,-98.27944,341.19,1.11,1.05,2025-03-20,2044,A,91,6.1NRT,306.25,41.95,D
23.91539,-100.91442,319.55,1.58,1.24,2025-03-20,2044,A,61,6.1NRT,301.32,17.19,D
23.91276,-100.92933,336.91,1.58,1.24,2025-03-20,2044,A,88,6.1NRT,299.47,57.69,D
23.91765,-100.92014,328.89,1.58,1.24,2025-03-20,2044,A,82,6.1NRT,301.31,35.89,D
23.91492,-100.93501,327.03,1.58,1.24,2025-03-20,2044,A,81,6.1NRT,298.87,30.24,D
24.59146,-99.4413,313.08,1.24,1.11,2025-03-20,2044,A,61,6.1NRT,290.73,10.55,D
23.9786,-103.4976,321.33,2.42,1.5,2025-03-20,2044,A,57,6.1NRT,306.53,14.56,D
25.61581,-97.93014,320.04,1.05,1.02,2025-03-20,2044,A,68,6.1NRT,307.75,5.47,D
25.84775,-97.62677,325.57,1.03,1.01,2025-03-20,2044,A,75,6.1NRT,305.52,13.22,D
25.85659,-97.62846,323.98,1.03,1.01,2025-03-20,2044,A,73,6.1NRT,305.9,11.66,D
25.9,-98.18767,362.1,1.06,1.03,2025-03-20,2044,A,100,6.1NRT,311.23,85.28,D
25.89839,-98.1979,352.36,1.06,1.03,2025-03-20,2044,A,96,6.1NRT,308.38,58.3,D
25.90897,-98.18943,335.52,1.06,1.03,2025-03-20,2044,A,85,6.1NRT,309.86,24.56,D
25.90736,-98.19965,327.73,1.06,1.03,2025-03-20,2044,A,78,6.1NRT,306.62,12.87,D
25.91794,-98.19118,327.65,1.06,1.03,2025-03-20,2044,A,78,6.1NRT,309.22,14.08,D
25.91633,-98.20141,328.47,1.06,1.03,2025-03-20,2044,A,79,6.1NRT,308.34,14.76,D
25.66275,-100.12266,318.95,1.31,1.13,2025-03-20,2044,A,70,6.1NRT,302.13,11.71,D
25.82665,-99.57007,322.34,1.21,1.1,2025-03-20,2044,A,73,6.1NRT,294.98,19.48,D
26.32562,-100.88274,318.9,1.42,1.18,2025-03-20,2044,A,64,6.1NRT,298.77,10.54,D
26.32323,-100.89639,326.46,1.42,1.18,2025-03-20,2044,A,78,6.1NRT,299.85,24.18,D
26.32083,-100.91006,346.49,1.42,1.18,2025-03-20,2044,A,93,6.1NRT,301.17,76.25,D
26.31843,-100.92374,331.99,1.42,1.18,2025-03-20,2044,A,84,6.1NRT,297.81,37.92,D
26.33582,-100.88509,331.1,1.42,1.18,2025-03-20,2044,A,83,6.1NRT,299.84,32.53,D
26.33344,-100.89872,332.62,1.42,1.18,2025-03-20,2044,A,84,6.1NRT,300.24,37.16,D
26.33105,-100.91236,321.36,1.42,1.18,2025-03-20,2044,A,64,6.1NRT,300.55,16.42,D
27.36181,-97.66489,373.77,1.01,1.01,2025-03-20,2044,A,100,6.1NRT,311.87,125.97,D
27.37209,-97.65668,344.91,1.01,1.01,2025-03-20,2044,A,69,6.1NRT,306.87,40.16,D
27.38087,-97.65839,323.51,1.01,1.01,2025-03-20,2044,A,59,6.1NRT,307.45,9.93,D
27.37938,-97.66828,358.02,1.01,1.01,2025-03-20,2044,A,0,6.1NRT,312.5,71.49,D
28.2088,-97.56734,322.94,1,1,2025-03-20,2044,A,70,6.1NRT,307.34,10.98,D
28.47429,-97.83188,323.45,1.01,1,2025-03-20,2044,A,71,6.1NRT,309.15,11.99,D
28.47278,-97.84185,322.16,1.01,1,2025-03-20,2044,A,69,6.1NRT,308.44,10.25,D
28.74994,-97.78076,326.08,1,1,2025-03-20,2044,A,75,6.1NRT,306.64,14.63,D
29.68211,-92.62592,328.67,1.55,1.23,2025-03-20,2044,A,85,6.1NRT,293.75,48.25,D
29.68042,-92.6415,320.55,1.55,1.23,2025-03-20,2044,A,69,6.1NRT,293.43,30.81,D
29.6912,-92.64305,345.98,1.55,1.23,2025-03-20,2044,A,89,6.1NRT,293.34,96.95,D
29.6895,-92.65861,327.3,1.54,1.22,2025-03-20,2044,A,80,6.1NRT,294.43,42.15,D
29.70198,-92.64459,330.35,1.55,1.23,2025-03-20,2044,A,86,6.1NRT,293.57,50.24,D
29.26812,-96.16405,315.45,1.04,1.02,2025-03-20,2044,A,48,6.1NRT,303.84,7.09,D
29.72934,-94.16682,309.9,1.26,1.11,2025-03-20,2044,A,33,6.1NRT,299.1,6.84,D
29.73912,-94.16837,313.26,1.26,1.11,2025-03-20,2044,A,67,6.1NRT,297.22,10.41,D
30.0019,-92.80031,333,1.53,1.22,2025-03-20,2044,A,0,6.1NRT,294.93,58.69,D
30.01108,-92.96324,307.52,1.49,1.21,2025-03-20,2044,A,25,6.1NRT,294.42,9.74,D
30.02168,-92.9648,307.7,1.49,1.21,2025-03-20,2044,A,35,6.1NRT,294.97,9.37,D
30.00673,-93.80443,324.2,1.33,1.14,2025-03-20,2044,A,70,6.1NRT,295.67,28.04,D
30.01076,-94.466,322.76,1.22,1.1,2025-03-20,2044,A,79,6.1NRT,297.41,23.27,D
29.40696,-100.01973,323.6,1.14,1.06,2025-03-20,2044,A,73,6.1NRT,309.05,15.13,D
30.30834,-94.09991,304.27,1.29,1.13,2025-03-20,2044,A,43,6.1NRT,292.61,5.87,D
30.30948,-94.09223,306.49,1.29,1.13,2025-03-20,2044,A,53,6.1NRT,293.77,7.69,D
30.45367,-93.08954,305.14,1.48,1.2,2025-03-20,2044,A,47,6.1NRT,293.42,7.28,D
28.15755,-107.576,351.98,3.78,1.82,2025-03-20,2044,A,96,6.1NRT,293.81,421.68,D
28.14948,-107.61175,384.65,3.8,1.82,2025-03-20,2044,A,100,6.1NRT,302.73,1166.68,D
28.16525,-107.61501,322.18,3.8,1.82,2025-03-20,2044,A,60,6.1NRT,298.01,105.86,D
28.15092,-107.57915,347.15,3.78,1.82,2025-03-20,2044,A,93,6.1NRT,295.42,357.64,D
28.14268,-107.61445,365.33,3.8,1.82,2025-03-20,2044,A,100,6.1NRT,299.06,673.85,D
28.16669,-107.58227,344.6,3.78,1.82,2025-03-20,2044,A,92,6.1NRT,291.44,326,D
28.1584,-107.618,352.18,3.8,1.82,2025-03-20,2044,A,96,6.1NRT,300.15,438.85,D
31.07551,-93.01659,325.59,1.53,1.22,2025-03-20,2044,A,84,6.1NRT,295.18,38.33,D
31.07376,-93.03219,308.51,1.53,1.22,2025-03-20,2044,A,34,6.1NRT,294.55,9.62,D
31.06907,-93.0223,314.84,1.53,1.22,2025-03-20,2044,A,73,6.1NRT,294.03,18.8,D
31.07978,-93.02393,317.49,1.53,1.22,2025-03-20,2044,A,77,6.1NRT,296.26,22.92,D
31.31585,-94.97414,303.82,1.2,1.09,2025-03-20,2044,A,50,6.1NRT,293.11,5.49,D
31.18969,-95.9818,314.07,1.08,1.04,2025-03-20,2044,A,69,6.1NRT,297.74,10.41,D
31.80525,-90.28288,300.23,2.4,1.49,2025-03-20,2044,A,32,6.1NRT,289.59,12.45,D
31.19879,-95.98347,309.19,1.08,1.04,2025-03-20,2044,A,37,6.1NRT,297.58,6.28,D
31.62359,-95.53859,306.18,1.14,1.06,2025-03-20,2044,A,55,6.1NRT,295.03,5.54,D
31.62213,-95.55019,304.83,1.13,1.06,2025-03-20,2044,A,49,6.1NRT,294.3,4.37,D
31.71724,-96.93883,314.51,1.03,1.01,2025-03-20,2044,A,67,6.1NRT,301.27,8.17,D
32.0985,-95.72463,305.83,1.13,1.06,2025-03-20,2044,A,37,6.1NRT,295.82,4.14,D
30.13637,-108.45377,314.42,3.85,1.83,2025-03-20,2044,A,4,6.1NRT,298.03,56.65,D
30.15178,-108.45914,317.41,3.85,1.83,2025-03-20,2044,A,48,6.1NRT,297.92,77.46,D
32.66941,-94.12092,304.05,1.38,1.16,2025-03-20,2044,A,37,6.1NRT,291.26,6.85,D
32.66777,-94.13523,311.44,1.37,1.16,2025-03-20,2044,A,70,6.1NRT,291.9,14.9,D
32.97149,-92.47456,302.25,1.76,1.3,2025-03-20,2044,A,51,6.1NRT,291.36,9.38,D
32.47736,-98.40845,323.03,1,1,2025-03-20,2044,A,77,6.1NRT,299.97,15.7,D
32.47584,-98.41874,336.39,1,1,2025-03-20,2044,A,88,6.1NRT,302.33,32.88,D
31.95876,-101.99725,318.14,1.31,1.13,2025-03-20,2044,A,56,6.1NRT,305.87,9.37,D
33.19368,-95.47574,306.37,1.19,1.08,2025-03-20,2046,A,55,6.1NRT,294.74,5.86,D
32.73055,-98.89133,315.9,1.01,1,2025-03-20,2046,A,64,6.1NRT,303,6.79,D
32.72898,-98.90172,321.08,1.01,1,2025-03-20,2046,A,73,6.1NRT,304.25,11.57,D
