latitude,longitude,bright_ti4,scan,track,acq_date,acq_time,satellite,confidence,version,bright_ti5,frp,daynight
-6.8545,12.39397,367,0.39,0.6,2025-03-13,0109,N,high,2.0NRT,286.29,9.96,N
-6.85399,12.39036,319.69,0.39,0.6,2025-03-13,0109,N,nominal,2.0NRT,284.72,10.23,N
-6.85501,12.39757,308.69,0.39,0.6,2025-03-13,0109,N,nominal,2.0NRT,285.43,9.96,N
-6.86002,12.39319,367,0.39,0.6,2025-03-13,0109,N,high,2.0NRT,285.05,7.24,N
-6.85951,12.38959,309.87,0.39,0.6,2025-03-13,0109,N,nominal,2.0NRT,285.42,6.71,N
-6.86053,12.3968,311.28,0.39,0.6,2025-03-13,0109,N,nominal,2.0NRT,284.85,7.24,N
-6.85402,12.3912,325.13,0.39,0.6,2025-03-13,0109,N,nominal,2.0NRT,284.7,5.95,N
-6.8545,12.39481,367,0.39,0.6,2025-03-13,0109,N,high,2.0NRT,286.84,10.25,N
-6.85353,12.3876,304.32,0.39,0.6,2025-03-13,0109,N,nominal,2.0NRT,284.95,5.95,N
-6.85498,12.39842,308.95,0.39,0.6,2025-03-13,0109,N,nominal,2.0NRT,285.37,10.25,N
-6.85954,12.39041,320.4,0.39,0.6,2025-03-13,0109,N,nominal,2.0NRT,285.39,5.95,N
-6.86002,12.39402,367,0.39,0.6,2025-03-13,0109,N,high,2.0NRT,285.11,10.25,N
-6.85905,12.38681,302.57,0.39,0.6,2025-03-13,0109,N,nominal,2.0NRT,285.69,5.95,N
-6.8605,12.39764,308.63,0.39,0.6,2025-03-13,0109,N,nominal,2.0NRT,284.76,10.25,N
-7.1279,12.34382,316.29,0.39,0.6,2025-03-13,0109,N,nominal,2.0NRT,287.98,1.15,N
-7.12839,12.34743,307.52,0.39,0.6,2025-03-13,0109,N,nominal,2.0NRT,287.57,1.15,N
-21.18484,46.53581,332.05,0.45,0.39,2025-03-13,1019,N,nominal,2.0NRT,296.42,3.2,D
-20.78938,46.36185,340.36,0.46,0.39,2025-03-13,1019,N,nominal,2.0NRT,296.55,6.18,D
-20.24909,45.91352,332.83,0.47,0.4,2025-03-13,1019,N,nominal,2.0NRT,299,2.04,D
-18.97723,48.33008,333.28,0.39,0.36,2025-03-13,1019,N,nominal,2.0NRT,294.72,3.53,D
-16.43983,46.35361,334.36,0.42,0.38,2025-03-13,1021,N,nominal,2.0NRT,294.92,3.43,D
-15.77345,47.99863,333.54,0.39,0.36,2025-03-13,1021,N,nominal,2.0NRT,299.17,2.45,D
-15.64279,48.57369,335.03,0.38,0.36,2025-03-13,1021,N,nominal,2.0NRT,296.68,3.35,D
-15.41484,47.75881,342.96,0.39,0.36,2025-03-13,1021,N,nominal,2.0NRT,298.97,12.4,D
-14.78134,47.40889,331.56,0.39,0.36,2025-03-13,1021,N,nominal,2.0NRT,299.41,2.01,D
-14.48623,47.74065,348.1,0.38,0.36,2025-03-13,1021,N,nominal,2.0NRT,298.47,5.62,D
-13.70982,49.16295,343.14,0.4,0.37,2025-03-13,1021,N,nominal,2.0NRT,295.24,4.91,D
-10.39126,34.92122,340.34,0.58,0.7,2025-03-13,1024,N,nominal,2.0NRT,289.95,6.9,D
-9.39016,35.20654,339,0.54,0.68,2025-03-13,1024,N,nominal,2.0NRT,286.86,5.88,D
-9.25952,35.09432,337.52,0.55,0.68,2025-03-13,1024,N,nominal,2.0NRT,285.53,8.29,D
-9.25753,35.09582,335.65,0.55,0.68,2025-03-13,1024,N,nominal,2.0NRT,284.02,6.61,D
-8.74362,36.71024,335.22,0.42,0.61,2025-03-13,1024,N,nominal,2.0NRT,290.69,3.73,D
-8.74155,36.71013,340.46,0.42,0.61,2025-03-13,1024,N,nominal,2.0NRT,290.52,4.18,D
-8.3442,35.72589,331.51,0.49,0.65,2025-03-13,1024,N,nominal,2.0NRT,283.13,5.63,D
-7.14794,38.95266,341.34,0.56,0.52,2025-03-13,1024,N,nominal,2.0NRT,292.32,9.5,D
-6.78725,39.02943,341.58,0.55,0.51,2025-03-13,1024,N,nominal,2.0NRT,292.99,7.96,D
-6.52464,39.03231,334.04,0.54,0.51,2025-03-13,1024,N,nominal,2.0NRT,294.14,4.02,D
-6.52533,39.02735,330.63,0.54,0.51,2025-03-13,1024,N,nominal,2.0NRT,294.42,4.02,D
-6.68574,37.01928,329.64,0.38,0.58,2025-03-13,1024,N,nominal,2.0NRT,290.05,2.87,D
-6.66351,37.0205,332.55,0.38,0.58,2025-03-13,1024,N,nominal,2.0NRT,290.18,3.08,D
-6.66258,37.01913,338.23,0.37,0.58,2025-03-13,1024,N,nominal,2.0NRT,290.11,2.7,D
-6.62696,36.99714,329.32,0.38,0.58,2025-03-13,1024,N,nominal,2.0NRT,290.06,3.7,D
-6.46966,37.64128,335.13,0.34,0.56,2025-03-13,1024,N,nominal,2.0NRT,290.71,2.7,D
-6.46808,37.64293,330.36,0.34,0.56,2025-03-13,1024,N,nominal,2.0NRT,292.58,2.81,D
-6.46852,37.63984,331.82,0.34,0.56,2025-03-13,1024,N,nominal,2.0NRT,292.7,2.17,D
-6.46482,37.08093,331.49,0.37,0.58,2025-03-13,1024,N,nominal,2.0NRT,288.4,1.92,D
-6.10437,39.37875,342.2,0.51,0.49,2025-03-13,1024,N,nominal,2.0NRT,296.84,9.55,D
-6.41862,37.0438,333.97,0.37,0.58,2025-03-13,1024,N,nominal,2.0NRT,284.76,4.48,D
-6.06784,39.40638,343.33,0.51,0.49,2025-03-13,1024,N,nominal,2.0NRT,296.49,4.87,D
-6.39317,37.06926,345.42,0.37,0.58,2025-03-13,1024,N,nominal,2.0NRT,289.1,5.68,D
-5.82312,39.35773,340.07,0.51,0.49,2025-03-13,1024,N,nominal,2.0NRT,296.23,4.22,D
-5.84349,38.5771,352.46,0.57,0.52,2025-03-13,1026,N,nominal,2.0NRT,296.1,13.28,D
-5.77499,38.65336,333.96,0.56,0.52,2025-03-13,1026,N,nominal,2.0NRT,294.21,3.73,D
-5.72227,38.68166,331.94,0.56,0.51,2025-03-13,1026,N,nominal,2.0NRT,294.9,3.04,D
-5.69293,38.61192,344.27,0.57,0.52,2025-03-13,1026,N,nominal,2.0NRT,298.27,15.9,D
-5.7128,38.46664,347.24,0.58,0.52,2025-03-13,1026,N,nominal,2.0NRT,296.86,14.37,D
-5.71352,38.46138,339.24,0.58,0.52,2025-03-13,1026,N,nominal,2.0NRT,294.68,14.37,D
-5.68814,38.61127,330.22,0.57,0.52,2025-03-13,1026,N,nominal,2.0NRT,295.64,15.9,D
-5.69345,38.60944,344.5,0.56,0.52,2025-03-13,1026,N,nominal,2.0NRT,297.95,30.33,D
-5.71368,38.46957,342.08,0.58,0.52,2025-03-13,1026,N,nominal,2.0NRT,296,12.83,D
-5.71444,38.46432,339.86,0.58,0.52,2025-03-13,1026,N,nominal,2.0NRT,294.91,12.83,D
-5.7152,38.45906,331.49,0.58,0.52,2025-03-13,1026,N,nominal,2.0NRT,294.07,4.88,D
-5.70884,38.46894,341.91,0.58,0.52,2025-03-13,1026,N,nominal,2.0NRT,293.27,12.83,D
-5.65828,38.47763,335.14,0.58,0.52,2025-03-13,1026,N,nominal,2.0NRT,294.24,5.6,D
-5.6542,38.11069,330.84,0.61,0.53,2025-03-13,1026,N,nominal,2.0NRT,292.22,5.97,D
-5.65397,38.10978,332.3,0.61,0.53,2025-03-13,1026,N,nominal,2.0NRT,291.74,3.79,D
-5.50392,38.64388,337.31,0.56,0.51,2025-03-13,1026,N,nominal,2.0NRT,296.63,6.95,D
-5.44709,38.49268,341.77,0.57,0.52,2025-03-13,1026,N,nominal,2.0NRT,296.52,9.69,D
-5.34208,38.96488,338.93,0.53,0.5,2025-03-13,1026,N,nominal,2.0NRT,295.86,4.02,D
-5.40807,38.45568,337.42,0.57,0.52,2025-03-13,1026,N,nominal,2.0NRT,293.77,3.68,D
-5.40324,38.45503,348.42,0.57,0.52,2025-03-13,1026,N,nominal,2.0NRT,294.7,15.02,D
-5.33821,38.89018,341.45,0.53,0.5,2025-03-13,1026,N,nominal,2.0NRT,295.54,19.51,D
-5.33889,38.88528,332.12,0.54,0.5,2025-03-13,1026,N,nominal,2.0NRT,297.37,19.2,D
-5.33419,38.88475,342.56,0.54,0.5,2025-03-13,1026,N,nominal,2.0NRT,295.74,9.17,D
-5.32347,38.92791,342.67,0.53,0.5,2025-03-13,1026,N,nominal,2.0NRT,295.16,11.2,D
-5.33938,38.96637,338.55,0.53,0.5,2025-03-13,1026,N,nominal,2.0NRT,295.53,5.52,D
-5.40432,38.45793,348.87,0.57,0.52,2025-03-13,1026,N,nominal,2.0NRT,296.22,12.61,D
-5.40507,38.45276,336.44,0.57,0.52,2025-03-13,1026,N,nominal,2.0NRT,292.7,12.61,D
-5.33674,38.88713,346.77,0.53,0.5,2025-03-13,1026,N,nominal,2.0NRT,298.42,53.29,D
-5.32569,38.93021,340.89,0.53,0.5,2025-03-13,1026,N,nominal,2.0NRT,294.62,6.95,D
-5.34436,38.53366,342.7,0.57,0.52,2025-03-13,1026,N,nominal,2.0NRT,297.87,14.67,D
-5.34508,38.52858,338.95,0.57,0.52,2025-03-13,1026,N,nominal,2.0NRT,298.66,14.67,D
-5.31752,38.65374,342.4,0.55,0.51,2025-03-13,1026,N,nominal,2.0NRT,295.02,5.4,D
-5.18807,39.03909,342.13,0.52,0.5,2025-03-13,1026,N,nominal,2.0NRT,298.18,15.8,D
-5.20188,38.71149,331.41,0.55,0.51,2025-03-13,1026,N,nominal,2.0NRT,296.01,7.73,D
-5.08261,38.96437,331.84,0.52,0.5,2025-03-13,1026,N,nominal,2.0NRT,295.27,3.29,D
-5.07797,38.96372,341.75,0.52,0.5,2025-03-13,1026,N,nominal,2.0NRT,296.69,16.23,D
-5.02562,38.99996,344.6,0.52,0.5,2025-03-13,1026,N,nominal,2.0NRT,298.29,6.52,D
-5.03496,38.9338,343.5,0.53,0.5,2025-03-13,1026,N,nominal,2.0NRT,297.47,10.17,D
-5.01044,39.07425,334.71,0.51,0.5,2025-03-13,1026,N,nominal,2.0NRT,296.46,3.1,D
-5.015,39.0419,343.09,0.52,0.5,2025-03-13,1026,N,nominal,2.0NRT,298.05,3.58,D
-5.02033,39.0041,334.78,0.52,0.5,2025-03-13,1026,N,nominal,2.0NRT,297,6.52,D
-5.02099,38.99939,335.67,0.52,0.5,2025-03-13,1026,N,nominal,2.0NRT,297.32,6.52,D
-5.0536,38.52319,335.44,0.56,0.52,2025-03-13,1026,N,nominal,2.0NRT,302.74,6.45,D
-4.95992,39.06905,341.78,0.51,0.5,2025-03-13,1026,N,nominal,2.0NRT,297.27,10.43,D
-4.95531,39.0685,341.7,0.51,0.5,2025-03-13,1026,N,nominal,2.0NRT,296.32,8.1,D
-4.96302,38.95005,340.84,0.52,0.5,2025-03-13,1026,N,nominal,2.0NRT,295.92,5.11,D
-4.97049,38.76519,342.89,0.54,0.51,2025-03-13,1026,N,nominal,2.0NRT,298.28,8.52,D
-4.93345,38.82463,332.26,0.53,0.5,2025-03-13,1026,N,nominal,2.0NRT,297.87,4.18,D
-4.86782,38.96705,336.38,0.52,0.5,2025-03-13,1026,N,nominal,2.0NRT,294.69,4.66,D
-4.77308,39.10572,333.34,0.51,0.49,2025-03-13,1026,N,nominal,2.0NRT,297.59,9.37,D
-4.77373,39.10108,346.32,0.51,0.49,2025-03-13,1026,N,nominal,2.0NRT,297.63,9.37,D
-4.77317,39.10259,345.71,0.51,0.49,2025-03-13,1026,N,nominal,2.0NRT,297.49,14.71,D
-4.70661,39.17654,332.03,0.5,0.49,2025-03-13,1026,N,nominal,2.0NRT,295.4,5.41,D
-4.56361,39.29942,338.07,0.49,0.48,2025-03-13,1026,N,nominal,2.0NRT,295.61,3.55,D
-4.52568,39.27597,331.73,0.49,0.49,2025-03-13,1026,N,nominal,2.0NRT,296.97,2.38,D
-4.52402,39.27361,332.26,0.49,0.49,2025-03-13,1026,N,nominal,2.0NRT,297.52,1.88,D
-4.49684,39.39564,341.92,0.48,0.48,2025-03-13,1026,N,nominal,2.0NRT,297.24,14.83,D
-4.33421,39.46644,343.55,0.47,0.48,2025-03-13,1026,N,nominal,2.0NRT,292.05,34.97,D
-4.33482,39.46221,351.87,0.47,0.48,2025-03-13,1026,N,nominal,2.0NRT,295.37,34.97,D
-4.46051,37.54964,367,0.32,0.55,2025-03-13,1026,N,high,2.0NRT,299.78,5.24,D
-4.12893,39.08132,341.09,0.5,0.49,2025-03-13,1026,N,nominal,2.0NRT,305.37,7.11,D
-4.12725,39.08369,336.39,0.5,0.49,2025-03-13,1026,N,low,2.0NRT,306.41,8.98,D
-33.55164,18.51239,335.93,0.58,0.52,2025-03-13,1157,N,nominal,2.0NRT,306.99,2.92,D
-33.24557,18.51191,338.56,0.57,0.52,2025-03-13,1157,N,low,2.0NRT,311.4,4.58,D
-33.24607,18.50555,341.17,0.57,0.52,2025-03-13,1157,N,low,2.0NRT,312.46,4.58,D
-33.24657,18.49922,336.87,0.57,0.52,2025-03-13,1157,N,low,2.0NRT,311.03,2.84,D
-32.30531,19.12129,344.18,0.52,0.5,2025-03-13,1157,N,nominal,2.0NRT,304.17,9.28,D
-32.29839,19.14588,332.37,0.51,0.5,2025-03-13,1157,N,low,2.0NRT,304.56,3.01,D
-32.30069,19.12031,346.33,0.52,0.5,2025-03-13,1157,N,nominal,2.0NRT,305.05,9.28,D
-32.3012,19.11477,342.43,0.52,0.5,2025-03-13,1157,N,nominal,2.0NRT,301.7,9.28,D
-32.29596,19.06834,309.83,0.52,0.5,2025-03-13,1157,N,low,2.0NRT,310.45,207.68,D
-32.29063,19.07517,367,0.52,0.5,2025-03-13,1157,N,high,2.0NRT,308.47,75.5,D
-32.28978,19.08466,330.86,0.52,0.5,2025-03-13,1157,N,nominal,2.0NRT,303.01,7.69,D
-32.29126,19.06804,344.22,0.52,0.5,2025-03-13,1157,N,nominal,2.0NRT,316,75.5,D
-32.2918,19.06208,342.04,0.52,0.5,2025-03-13,1157,N,nominal,2.0NRT,303.67,13.42,D
-32.28713,19.06142,354.23,0.52,0.5,2025-03-13,1157,N,nominal,2.0NRT,305.29,13.42,D
-32.28242,19.06129,332.77,0.52,0.5,2025-03-13,1157,N,nominal,2.0NRT,302.4,2.82,D
-32.26239,19.12823,354.98,0.52,0.5,2025-03-13,1157,N,nominal,2.0NRT,306.94,19.96,D
-32.23338,19.0277,331.35,0.52,0.5,2025-03-13,1157,N,low,2.0NRT,302.92,2.83,D
-32.22866,19.02776,335.76,0.52,0.5,2025-03-13,1157,N,nominal,2.0NRT,305.05,6.98,D
-32.2292,19.02138,336.33,0.52,0.5,2025-03-13,1157,N,nominal,2.0NRT,304.69,3.48,D
-32.23217,19.02519,352.53,0.52,0.5,2025-03-13,1157,N,nominal,2.0NRT,303.61,6.33,D
-32.17728,19.05785,335.57,0.52,0.5,2025-03-13,1157,N,low,2.0NRT,307.98,3.64,D
-32.1811,19.01482,339.01,0.52,0.5,2025-03-13,1157,N,nominal,2.0NRT,305.92,7.28,D
-32.1824,19.00007,343.33,0.52,0.5,2025-03-13,1157,N,nominal,2.0NRT,306.98,12.34,D
-32.17708,19.00679,333.02,0.52,0.5,2025-03-13,1157,N,low,2.0NRT,303.3,7.28,D
-32.17028,19.03035,334.4,0.52,0.5,2025-03-13,1157,N,low,2.0NRT,307.3,4.56,D
-32.17078,19.02469,333.74,0.52,0.5,2025-03-13,1157,N,low,2.0NRT,308,5.49,D
-32.17132,19.01854,349.64,0.52,0.5,2025-03-13,1157,N,nominal,2.0NRT,306.97,5.49,D
-32.16618,19.02333,333.88,0.52,0.5,2025-03-13,1157,N,low,2.0NRT,304.77,5.49,D
-29.48026,30.39268,355.24,0.47,0.4,2025-03-13,1200,N,nominal,2.0NRT,291.99,26.81,D
-29.47571,30.3967,345.77,0.47,0.4,2025-03-13,1200,N,nominal,2.0NRT,296.24,20.29,D
-29.47659,30.39186,342.07,0.47,0.4,2025-03-13,1200,N,nominal,2.0NRT,294.86,20.29,D
-29.3617,30.46841,340.14,0.48,0.4,2025-03-13,1200,N,nominal,2.0NRT,302.93,7.07,D
-29.28093,30.46092,333.38,0.48,0.4,2025-03-13,1200,N,nominal,2.0NRT,296.91,6.66,D
-29.00207,30.93736,337.6,0.51,0.41,2025-03-13,1200,N,nominal,2.0NRT,300.17,20.61,D
-28.99824,30.93673,352.12,0.51,0.41,2025-03-13,1200,N,nominal,2.0NRT,299.44,20.61,D
-28.44626,31.39,330.46,0.55,0.42,2025-03-13,1200,N,nominal,2.0NRT,298.78,6.04,D
-28.44728,31.38478,332.03,0.55,0.42,2025-03-13,1200,N,nominal,2.0NRT,297.68,5.78,D
-28.44757,31.38892,339.9,0.55,0.42,2025-03-13,1200,N,nominal,2.0NRT,300.85,8.9,D
-27.46949,31.63938,342.68,0.39,0.44,2025-03-13,1200,N,nominal,2.0NRT,298.62,7.41,D
-27.98597,26.46449,330.59,0.38,0.36,2025-03-13,1200,N,low,2.0NRT,303.24,3.35,D
-27.98658,26.46056,333.48,0.38,0.36,2025-03-13,1200,N,low,2.0NRT,305.03,3.35,D
-28.01569,25.84438,333.87,0.38,0.36,2025-03-13,1200,N,nominal,2.0NRT,304.52,3.37,D
-28.03259,25.68597,340.71,0.39,0.36,2025-03-13,1200,N,nominal,2.0NRT,305.42,6.53,D
-27.63124,25.93707,338.06,0.38,0.36,2025-03-13,1200,N,low,2.0NRT,308.07,4.78,D
-27.6279,25.93642,351,0.38,0.36,2025-03-13,1200,N,nominal,2.0NRT,309.55,4.78,D
-27.62457,25.93578,333.11,0.38,0.36,2025-03-13,1200,N,low,2.0NRT,307.53,3.08,D
-27.21206,25.34898,337.54,0.39,0.36,2025-03-13,1200,N,nominal,2.0NRT,301.89,8.62,D
-26.548,27.50432,331.83,0.4,0.37,2025-03-13,1200,N,nominal,2.0NRT,298.22,1.72,D
-26.03425,29.20823,335.63,0.47,0.4,2025-03-13,1200,N,nominal,2.0NRT,300.98,7.58,D
-25.3029,32.279,341.38,0.46,0.47,2025-03-13,1200,N,nominal,2.0NRT,298.93,6.18,D
-24.79648,34.04339,331.58,0.6,0.53,2025-03-13,1200,N,nominal,2.0NRT,295.7,3.57,D
-24.18235,35.44339,367,0.38,0.58,2025-03-13,1200,N,high,2.0NRT,294.95,26.41,D
-24.18319,35.43967,354.32,0.38,0.58,2025-03-13,1200,N,nominal,2.0NRT,292.66,13.28,D
-25.71505,27.40312,333.03,0.41,0.37,2025-03-13,1200,N,nominal,2.0NRT,300.17,2.37,D
-24.04075,31.10708,330.56,0.42,0.45,2025-03-13,1200,N,low,2.0NRT,305.17,7.69,D
-24.04068,31.08553,331.56,0.42,0.45,2025-03-13,1200,N,low,2.0NRT,305.28,4.85,D
-24.04064,31.10727,331.08,0.42,0.45,2025-03-13,1200,N,low,2.0NRT,304.98,4.69,D
-24.04043,31.08566,331.38,0.42,0.45,2025-03-13,1200,N,low,2.0NRT,305.19,5.29,D
-23.747,30.49039,330.88,0.39,0.44,2025-03-13,1200,N,nominal,2.0NRT,299.51,2.07,D
-22.19119,29.56283,335.04,0.55,0.43,2025-03-13,1202,N,nominal,2.0NRT,301.02,5.46,D
-21.9444,29.85279,331.07,0.38,0.44,2025-03-13,1202,N,low,2.0NRT,302.25,3.99,D
-21.9529,27.89623,348.2,0.46,0.39,2025-03-13,1202,N,nominal,2.0NRT,302.44,14.15,D
-18.62167,25.46245,336.23,0.41,0.37,2025-03-13,1202,N,nominal,2.0NRT,304.69,4.03,D
-18.44131,26.47636,341.16,0.44,0.38,2025-03-13,1202,N,nominal,2.0NRT,305.86,12.4,D
-18.43149,26.51326,334.15,0.44,0.38,2025-03-13,1202,N,low,2.0NRT,304.86,8.26,D
-18.37253,26.4511,343.06,0.44,0.38,2025-03-13,1202,N,nominal,2.0NRT,306.15,8.44,D
-17.83409,25.45134,339.48,0.41,0.37,2025-03-13,1202,N,nominal,2.0NRT,305.77,6.4,D
-17.77726,25.30599,331.48,0.41,0.37,2025-03-13,1202,N,nominal,2.0NRT,298.67,2.12,D
-16.31332,28.82747,335.35,0.41,0.45,2025-03-13,1202,N,nominal,2.0NRT,303.62,11.77,D
-15.8679,28.87189,341.86,0.42,0.46,2025-03-13,1202,N,nominal,2.0NRT,293.36,4.59,D
-15.86371,28.87105,344.38,0.42,0.46,2025-03-13,1202,N,nominal,2.0NRT,294.26,6.83,D
-15.86442,28.86711,341.36,0.42,0.45,2025-03-13,1202,N,nominal,2.0NRT,291.25,6.83,D
-15.85952,28.87021,337.67,0.42,0.46,2025-03-13,1202,N,nominal,2.0NRT,294.28,6.83,D
-8.98882,35.16057,332.07,0.72,0.76,2025-03-13,1204,N,nominal,2.0NRT,287.9,8.74,D
-9.94645,30.05249,328.87,0.32,0.55,2025-03-13,1204,N,nominal,2.0NRT,285.19,2.38,D
-9.94802,30.0528,325.96,0.32,0.55,2025-03-13,1204,N,nominal,2.0NRT,285.04,2.21,D
-8.98518,35.15745,343.14,0.72,0.76,2025-03-13,1204,N,nominal,2.0NRT,288.04,9.57,D
-9.59132,28.54458,328.91,0.51,0.5,2025-03-13,1204,N,nominal,2.0NRT,294.74,6.72,D
-9.50334,28.59387,347.2,0.52,0.5,2025-03-13,1204,N,nominal,2.0NRT,294.58,7.04,D
-9.46332,28.50068,329.2,0.51,0.5,2025-03-13,1204,N,nominal,2.0NRT,294.07,3.93,D
-9.73267,26.82543,328.78,0.4,0.44,2025-03-13,1204,N,nominal,2.0NRT,296.51,1.75,D
-9.56042,27.74382,342.67,0.46,0.47,2025-03-13,1204,N,nominal,2.0NRT,291.38,6.86,D
-10.12047,20.61211,330.41,0.39,0.36,2025-03-13,1204,N,nominal,2.0NRT,296.16,2.17,D
-8.49375,27.05452,342.9,0.43,0.46,2025-03-13,1204,N,nominal,2.0NRT,296.09,5.02,D
-7.98537,29.5778,327.38,0.32,0.55,2025-03-13,1204,N,nominal,2.0NRT,279.19,2.73,D
-8.79576,24.82359,342.54,0.47,0.4,2025-03-13,1204,N,nominal,2.0NRT,295.94,5.49,D
-8.27244,26.72835,336.77,0.41,0.45,2025-03-13,1206,N,nominal,2.0NRT,297.86,3.41,D
-7.69346,29.5184,345.35,0.32,0.55,2025-03-13,1206,N,nominal,2.0NRT,280.86,4.73,D
-8.13473,26.92629,333.54,0.43,0.46,2025-03-13,1206,N,nominal,2.0NRT,298.54,2.82,D
-8.00114,27.07769,336,0.44,0.46,2025-03-13,1206,N,nominal,2.0NRT,294.21,5.36,D
-8.03568,26.84959,330.79,0.42,0.45,2025-03-13,1206,N,nominal,2.0NRT,296.65,2.38,D
-7.56575,29.48645,339.2,0.32,0.55,2025-03-13,1206,N,nominal,2.0NRT,288.87,2.6,D
-8.36185,24.69552,332.45,0.47,0.4,2025-03-13,1206,N,nominal,2.0NRT,300.47,5.83,D
-7.56695,29.48712,332.11,0.32,0.55,2025-03-13,1206,N,nominal,2.0NRT,288.52,3.37,D
-9.96671,13.55024,345.62,0.62,0.54,2025-03-13,1206,N,nominal,2.0NRT,289.34,10.77,D
-9.07303,19.77776,338,0.41,0.37,2025-03-13,1206,N,nominal,2.0NRT,299.5,3.92,D
-8.98251,20.15621,347.95,0.4,0.37,2025-03-13,1206,N,nominal,2.0NRT,299.08,7.01,D
-8.9786,20.15932,345.45,0.4,0.37,2025-03-13,1206,N,nominal,2.0NRT,299.51,7.81,D
-8.1462,24.73235,347.29,0.48,0.4,2025-03-13,1206,N,nominal,2.0NRT,301.99,16.14,D
-8.14726,24.73353,355.04,0.48,0.4,2025-03-13,1206,N,nominal,2.0NRT,302.57,19.16,D
-9.35581,16.43664,327.48,0.39,0.44,2025-03-13,1206,N,nominal,2.0NRT,295.09,2.97,D
-9.34862,16.39889,328.22,0.39,0.44,2025-03-13,1206,N,nominal,2.0NRT,296.22,2.85,D
-8.66009,19.95513,339.99,0.4,0.37,2025-03-13,1206,N,nominal,2.0NRT,301,15.02,D
-8.66063,19.95149,330.62,0.4,0.37,2025-03-13,1206,N,low,2.0NRT,298.08,15.02,D
-8.6567,19.95462,333.15,0.4,0.37,2025-03-13,1206,N,low,2.0NRT,297.68,15.02,D
-8.65725,19.95098,334.45,0.4,0.37,2025-03-13,1206,N,low,2.0NRT,308.68,15.02,D
-9.20001,16.19567,341.79,0.4,0.45,2025-03-13,1206,N,nominal,2.0NRT,297.86,4.73,D
-8.22648,22.64734,333.02,0.4,0.37,2025-03-13,1206,N,nominal,2.0NRT,294.69,2.73,D
-8.70192,18.52799,339.43,0.45,0.39,2025-03-13,1206,N,low,2.0NRT,299.21,65.36,D
-8.69776,18.53153,351.3,0.45,0.39,2025-03-13,1206,N,low,2.0NRT,300.71,40.03,D
-7.36239,26.99723,343.17,0.44,0.46,2025-03-13,1206,N,nominal,2.0NRT,296.07,8.72,D
-7.82875,24.02744,335.46,0.45,0.39,2025-03-13,1206,N,nominal,2.0NRT,297.92,3.64,D
-8.66102,18.49314,335.31,0.45,0.39,2025-03-13,1206,N,low,2.0NRT,296.12,9.27,D
-8.71084,18.05133,332.37,0.47,0.4,2025-03-13,1206,N,nominal,2.0NRT,295.44,3.69,D
-8.47891,19.60525,336.83,0.41,0.37,2025-03-13,1206,N,nominal,2.0NRT,297.54,3.62,D
-7.31655,26.99375,346.4,0.44,0.46,2025-03-13,1206,N,nominal,2.0NRT,298.47,5.54,D
-8.62927,18.25613,335.34,0.46,0.39,2025-03-13,1206,N,nominal,2.0NRT,296.62,5.26,D
-7.58936,24.92098,341.55,0.5,0.41,2025-03-13,1206,N,nominal,2.0NRT,303.3,28.51,D
-7.63128,24.51035,367,0.47,0.4,2025-03-13,1206,N,high,2.0NRT,296.39,15.74,D
-7.53333,24.76697,333.64,0.49,0.4,2025-03-13,1206,N,nominal,2.0NRT,298.75,4.32,D
-7.50394,24.87687,341.35,0.5,0.41,2025-03-13,1206,N,nominal,2.0NRT,296.18,4.13,D
-7.13053,27.0645,342.93,0.45,0.47,2025-03-13,1206,N,nominal,2.0NRT,297.23,11.2,D
-7.56687,24.42115,337.96,0.47,0.4,2025-03-13,1206,N,nominal,2.0NRT,290.93,4.14,D
-8.44778,18.47603,344.85,0.45,0.39,2025-03-13,1206,N,nominal,2.0NRT,295.31,9.54,D
-8.44421,18.4755,337.91,0.45,0.39,2025-03-13,1206,N,nominal,2.0NRT,296.31,9.54,D
-8.35021,19.01582,329.89,0.42,0.38,2025-03-13,1206,N,nominal,2.0NRT,297.28,3.1,D
-7.40576,24.90854,332.07,0.5,0.41,2025-03-13,1206,N,nominal,2.0NRT,295.89,7.03,D
-7.40275,24.9034,332.04,0.5,0.41,2025-03-13,1206,N,nominal,2.0NRT,297.29,3.57,D
-7.74277,22.66311,333.64,0.4,0.37,2025-03-13,1206,N,nominal,2.0NRT,294.32,4.43,D
-7.36525,24.94398,355.3,0.5,0.41,2025-03-13,1206,N,nominal,2.0NRT,302.14,39.21,D
-7.366,24.93944,341.48,0.5,0.41,2025-03-13,1206,N,nominal,2.0NRT,292.76,39.21,D
-7.36749,24.93037,331.16,0.5,0.41,2025-03-13,1206,N,nominal,2.0NRT,299.65,12.37,D
-7.35924,24.95701,339.79,0.5,0.41,2025-03-13,1206,N,nominal,2.0NRT,296.25,16.66,D
-7.35999,24.95247,335.45,0.5,0.41,2025-03-13,1206,N,nominal,2.0NRT,295.12,11.56,D
-7.36074,24.94792,354.35,0.5,0.41,2025-03-13,1206,N,nominal,2.0NRT,297.09,11.56,D
-7.36149,24.94337,354.46,0.5,0.41,2025-03-13,1206,N,nominal,2.0NRT,302.38,39.21,D
-7.36224,24.93882,341.34,0.5,0.41,2025-03-13,1206,N,nominal,2.0NRT,309.78,39.21,D
-7.35623,24.95185,345.02,0.5,0.41,2025-03-13,1206,N,nominal,2.0NRT,298.69,14.68,D
-7.35698,24.94729,350.09,0.5,0.41,2025-03-13,1206,N,nominal,2.0NRT,295.79,14.68,D
-7.35773,24.94274,345.02,0.5,0.41,2025-03-13,1206,N,nominal,2.0NRT,289.6,21.9,D
-7.36535,24.94519,347.46,0.5,0.41,2025-03-13,1206,N,nominal,2.0NRT,300.93,35.96,D
-7.36607,24.94063,342.04,0.5,0.41,2025-03-13,1206,N,nominal,2.0NRT,294.62,35.96,D
-7.36751,24.93154,331.98,0.5,0.41,2025-03-13,1206,N,nominal,2.0NRT,301.31,36.05,D
-7.36159,24.94457,367,0.5,0.41,2025-03-13,1206,N,high,2.0NRT,298.12,35.96,D
-7.36014,24.95369,346.43,0.5,0.41,2025-03-13,1206,N,nominal,2.0NRT,297.55,12.16,D
-7.36087,24.94913,347.25,0.5,0.41,2025-03-13,1206,N,nominal,2.0NRT,295.93,12.16,D
-7.36231,24.94001,350.91,0.5,0.41,2025-03-13,1206,N,nominal,2.0NRT,311.37,35.96,D
-7.35638,24.95307,340.29,0.5,0.41,2025-03-13,1206,N,nominal,2.0NRT,298.02,12.99,D
-7.35711,24.9485,354.41,0.5,0.41,2025-03-13,1206,N,nominal,2.0NRT,298.47,12.99,D
-7.35783,24.94394,341.5,0.5,0.41,2025-03-13,1206,N,nominal,2.0NRT,286.84,8.66,D
-7.35855,24.93937,337.2,0.5,0.41,2025-03-13,1206,N,nominal,2.0NRT,296.7,8.66,D
-8.81059,15.24721,328.75,0.46,0.47,2025-03-13,1206,N,nominal,2.0NRT,293.32,4.73,D
-7.32715,24.99086,332.33,0.5,0.41,2025-03-13,1206,N,nominal,2.0NRT,298.02,4.43,D
-7.67881,22.67123,332.46,0.4,0.37,2025-03-13,1206,N,nominal,2.0NRT,296.65,4.96,D
-7.69405,22.57317,333.53,0.4,0.37,2025-03-13,1206,N,nominal,2.0NRT,297.99,2.3,D
-7.67199,22.69267,335.76,0.4,0.37,2025-03-13,1206,N,nominal,2.0NRT,295.02,3.35,D
-7.67257,22.689,337.58,0.4,0.37,2025-03-13,1206,N,nominal,2.0NRT,295.89,3.92,D
-7.68614,22.60171,331.03,0.4,0.37,2025-03-13,1206,N,nominal,2.0NRT,296.03,3.51,D
-7.68332,22.59754,330.18,0.4,0.37,2025-03-13,1206,N,nominal,2.0NRT,297.41,2.88,D
-8.17653,19.34336,339.55,0.41,0.37,2025-03-13,1206,N,nominal,2.0NRT,299.76,6.51,D
-7.66637,22.66181,331.47,0.4,0.37,2025-03-13,1206,N,nominal,2.0NRT,295.77,4.34,D
-7.67315,22.61823,345.6,0.4,0.37,2025-03-13,1206,N,nominal,2.0NRT,298.51,7.57,D
-7.66976,22.61772,335.83,0.4,0.37,2025-03-13,1206,N,nominal,2.0NRT,297,7.57,D
-7.67033,22.6141,336.22,0.4,0.37,2025-03-13,1206,N,nominal,2.0NRT,297.24,3.84,D
-7.67089,22.61048,333.48,0.4,0.37,2025-03-13,1206,N,nominal,2.0NRT,297.19,3.84,D
-7.66524,22.62443,336.6,0.4,0.37,2025-03-13,1206,N,nominal,2.0NRT,296.88,5.11,D
-7.66581,22.6208,332.61,0.4,0.37,2025-03-13,1206,N,nominal,2.0NRT,297.71,6.32,D
-7.6675,22.60995,330.3,0.4,0.37,2025-03-13,1206,N,nominal,2.0NRT,296.01,3.25,D
-7.66185,22.62389,338.41,0.4,0.37,2025-03-13,1206,N,nominal,2.0NRT,296.33,5.11,D
-7.66242,22.62027,345.48,0.4,0.37,2025-03-13,1206,N,nominal,2.0NRT,298.53,6.32,D
-7.65563,22.6415,339.73,0.4,0.37,2025-03-13,1206,N,nominal,2.0NRT,296.44,3.09,D
-7.66243,22.57571,331.92,0.4,0.37,2025-03-13,1206,N,nominal,2.0NRT,297.41,1.85,D
-7.65961,22.57156,339.74,0.4,0.37,2025-03-13,1206,N,nominal,2.0NRT,298.12,12.74,D
-7.66017,22.56793,332.76,0.4,0.37,2025-03-13,1206,N,nominal,2.0NRT,297.91,3.03,D
-7.66074,22.5643,336.94,0.4,0.37,2025-03-13,1206,N,nominal,2.0NRT,298.5,3.03,D
-7.64885,22.61816,332.95,0.4,0.37,2025-03-13,1206,N,nominal,2.0NRT,297.78,3.93,D
-7.65225,22.59645,340.82,0.4,0.37,2025-03-13,1206,N,nominal,2.0NRT,297.64,3.42,D
-7.65281,22.59281,335.05,0.4,0.37,2025-03-13,1206,N,nominal,2.0NRT,297.58,3.42,D
-7.65622,22.57104,340.92,0.4,0.37,2025-03-13,1206,N,nominal,2.0NRT,301.31,12.74,D
-7.65113,22.5814,341.86,0.4,0.37,2025-03-13,1206,N,nominal,2.0NRT,298.86,9.74,D
-7.64263,22.61348,344.04,0.4,0.37,2025-03-13,1206,N,nominal,2.0NRT,297.55,7.86,D
-7.63132,22.61916,339.19,0.4,0.37,2025-03-13,1206,N,nominal,2.0NRT,297.88,3.96,D
-7.60419,22.67794,332.47,0.4,0.37,2025-03-13,1206,N,nominal,2.0NRT,296.12,2.79,D
-8.57856,16.00279,337.31,0.41,0.45,2025-03-13,1206,N,nominal,2.0NRT,294.73,3.26,D
-7.57644,22.63255,332.39,0.4,0.37,2025-03-13,1206,N,nominal,2.0NRT,297.93,2.21,D
-7.60008,22.45792,332.77,0.4,0.37,2025-03-13,1206,N,nominal,2.0NRT,297.35,4.9,D
-8.53872,15.98609,330.84,0.41,0.45,2025-03-13,1206,N,nominal,2.0NRT,299.87,3.86,D
-6.82208,27.10375,329.78,0.46,0.47,2025-03-13,1206,N,nominal,2.0NRT,297.18,1.99,D
-6.98797,25.96231,333.44,0.39,0.44,2025-03-13,1206,N,nominal,2.0NRT,293.28,1.17,D
-7.31905,23.56432,334.53,0.43,0.38,2025-03-13,1206,N,nominal,2.0NRT,297.24,3.38,D
-8.44816,15.98828,334.81,0.41,0.45,2025-03-13,1206,N,nominal,2.0NRT,294.55,4.15,D
-7.95821,19.0713,331.3,0.42,0.38,2025-03-13,1206,N,nominal,2.0NRT,298.87,4.1,D
-8.06538,18.30435,333.46,0.45,0.39,2025-03-13,1206,N,low,2.0NRT,298.15,26.15,D
-8.06596,18.30031,333.36,0.45,0.39,2025-03-13,1206,N,low,2.0NRT,293.85,19.71,D
-6.90501,25.67521,333.9,0.56,0.43,2025-03-13,1206,N,nominal,2.0NRT,297.39,4.2,D
-7.39302,22.55503,331.88,0.4,0.37,2025-03-13,1206,N,nominal,2.0NRT,297.27,1.44,D
-8.43204,15.33353,328.14,0.45,0.47,2025-03-13,1206,N,nominal,2.0NRT,291.41,2.89,D
-6.82943,25.91414,341.65,0.39,0.44,2025-03-13,1206,N,nominal,2.0NRT,298.55,5.54,D
-7.09027,23.8517,330.19,0.45,0.39,2025-03-13,1206,N,nominal,2.0NRT,296.19,3.53,D
-7.87759,18.56334,330.6,0.44,0.38,2025-03-13,1206,N,low,2.0NRT,298.83,8.04,D
-7.87405,18.56278,333.01,0.44,0.38,2025-03-13,1206,N,low,2.0NRT,295.44,4.56,D
-8.48412,13.89563,326.44,0.56,0.51,2025-03-13,1206,N,nominal,2.0NRT,290.01,3.18,D
-7.29108,22.15927,334.33,0.39,0.36,2025-03-13,1206,N,nominal,2.0NRT,298.08,3.68,D
-7.01434,23.77782,330.55,0.44,0.39,2025-03-13,1206,N,nominal,2.0NRT,292.83,1.56,D
-8.3083,14.96786,341.11,0.47,0.48,2025-03-13,1206,N,nominal,2.0NRT,293,4.32,D
-7.26865,22.14851,336.84,0.39,0.36,2025-03-13,1206,N,nominal,2.0NRT,298.63,2.92,D
-7.32599,21.73425,348.86,0.39,0.36,2025-03-13,1206,N,nominal,2.0NRT,298.72,6.42,D
-7.0729,23.31516,335.61,0.43,0.38,2025-03-13,1206,N,nominal,2.0NRT,297.57,3.05,D
-6.95681,24.01189,335.06,0.46,0.39,2025-03-13,1206,N,nominal,2.0NRT,297.68,3.98,D
-8.30879,14.96911,340.85,0.47,0.48,2025-03-13,1206,N,nominal,2.0NRT,293,5.32,D
-7.2416,22.06742,333.53,0.39,0.36,2025-03-13,1206,N,nominal,2.0NRT,298.42,2.14,D
-7.0815,23.05482,345.08,0.42,0.37,2025-03-13,1206,N,nominal,2.0NRT,296.95,7.92,D
-7.23434,22.06993,335.17,0.39,0.36,2025-03-13,1206,N,nominal,2.0NRT,298.9,2.34,D
-6.92208,24.04465,331.77,0.46,0.39,2025-03-13,1206,N,nominal,2.0NRT,297.77,2.39,D
-7.88631,17.66259,343.16,0.48,0.4,2025-03-13,1206,N,nominal,2.0NRT,293.82,6.88,D
-8.18753,15.54818,333.57,0.43,0.46,2025-03-13,1206,N,nominal,2.0NRT,291.77,2.35,D
-7.10754,22.73078,335.16,0.41,0.37,2025-03-13,1206,N,nominal,2.0NRT,298.68,3.45,D
-7.10412,22.73024,332.59,0.41,0.37,2025-03-13,1206,N,nominal,2.0NRT,297.41,3.45,D
-7.19808,22.1044,331.75,0.39,0.36,2025-03-13,1206,N,nominal,2.0NRT,298.38,3.16,D
-6.86384,24.17684,335.88,0.46,0.39,2025-03-13,1206,N,nominal,2.0NRT,295.8,3.28,D
-7.20621,22.00746,330.59,0.39,0.36,2025-03-13,1206,N,nominal,2.0NRT,298.6,3,D
-7.20786,21.99683,331.16,0.39,0.36,2025-03-13,1206,N,nominal,2.0NRT,298.79,1.53,D
-7.20176,22.01401,335.82,0.39,0.36,2025-03-13,1206,N,nominal,2.0NRT,297.76,3.6,D
-7.20231,22.01047,336.42,0.39,0.36,2025-03-13,1206,N,nominal,2.0NRT,297.84,3,D
-7.20286,22.00694,340.16,0.39,0.36,2025-03-13,1206,N,nominal,2.0NRT,298.99,3,D
-7.64313,19.0834,333.02,0.42,0.37,2025-03-13,1206,N,low,2.0NRT,299.11,4.54,D
-7.19951,22.00643,352.97,0.39,0.36,2025-03-13,1206,N,nominal,2.0NRT,301.23,14.7,D
-7.18183,22.09824,342.61,0.39,0.36,2025-03-13,1206,N,nominal,2.0NRT,299.2,4.96,D
-7.17903,22.09415,347.66,0.39,0.36,2025-03-13,1206,N,nominal,2.0NRT,299.96,9.62,D
-6.89191,23.842,335.09,0.45,0.39,2025-03-13,1206,N,nominal,2.0NRT,298.98,5.36,D
-6.98873,23.21546,332.82,0.42,0.38,2025-03-13,1206,N,nominal,2.0NRT,297.47,3.15,D
-6.83796,24.12962,337.39,0.46,0.39,2025-03-13,1206,N,nominal,2.0NRT,300.29,7.44,D
-6.98768,23.21482,331.09,0.42,0.38,2025-03-13,1206,N,nominal,2.0NRT,297.03,1.87,D
-7.13085,22.28705,331.54,0.4,0.37,2025-03-13,1206,N,nominal,2.0NRT,297.48,2.44,D
-6.83782,24.12982,348.5,0.46,0.39,2025-03-13,1206,N,nominal,2.0NRT,300.68,7.09,D
-6.83353,24.13346,337.67,0.46,0.39,2025-03-13,1206,N,nominal,2.0NRT,299.95,7.09,D
-6.95326,23.3674,333.33,0.43,0.38,2025-03-13,1206,N,nominal,2.0NRT,297.59,1.59,D
-6.93765,23.44453,340.9,0.43,0.38,2025-03-13,1206,N,nominal,2.0NRT,299.21,6.07,D
-7.12233,22.25266,341.8,0.4,0.37,2025-03-13,1206,N,nominal,2.0NRT,298,4.76,D
-7.08112,22.49744,344.62,0.4,0.37,2025-03-13,1206,N,nominal,2.0NRT,298.63,5.43,D
-7.10674,22.30903,345.06,0.4,0.37,2025-03-13,1206,N,nominal,2.0NRT,299.15,5.19,D
-7.1365,22.11581,337.97,0.39,0.36,2025-03-13,1206,N,nominal,2.0NRT,298.52,4.1,D
-7.1271,22.15452,340.85,0.39,0.36,2025-03-13,1206,N,nominal,2.0NRT,298.86,3.8,D
-7.09999,22.30798,332.4,0.4,0.37,2025-03-13,1206,N,nominal,2.0NRT,296.98,2.02,D
-7.11988,22.17902,330.23,0.39,0.37,2025-03-13,1206,N,nominal,2.0NRT,296.41,2.43,D
-6.92271,23.40229,334.08,0.43,0.38,2025-03-13,1206,N,nominal,2.0NRT,298.4,2.66,D
-6.93786,23.30557,337,0.43,0.38,2025-03-13,1206,N,nominal,2.0NRT,297.58,3.49,D
-6.95495,23.15094,333.71,0.42,0.38,2025-03-13,1206,N,nominal,2.0NRT,299.45,2.56,D
-7.09033,22.25869,335.47,0.4,0.37,2025-03-13,1206,N,nominal,2.0NRT,297.79,4.59,D
-7.103,22.15447,330.32,0.39,0.36,2025-03-13,1206,N,nominal,2.0NRT,295.78,1.92,D
-7.09782,22.0989,348.37,0.39,0.36,2025-03-13,1206,N,nominal,2.0NRT,300.64,9.68,D
-7.03646,22.47191,333.46,0.4,0.37,2025-03-13,1206,N,nominal,2.0NRT,299,4.18,D
-7.12768,21.83897,342.18,0.39,0.36,2025-03-13,1206,N,nominal,2.0NRT,299.41,3.4,D
-6.75278,24.17273,332.1,0.47,0.39,2025-03-13,1206,N,nominal,2.0NRT,299.56,1.55,D
-6.89984,23.25212,339.3,0.42,0.38,2025-03-13,1206,N,nominal,2.0NRT,296.23,4.84,D
-7.06103,22.20283,339.75,0.4,0.37,2025-03-13,1206,N,nominal,2.0NRT,298.26,6.03,D
-7.1045,21.90033,334.36,0.39,0.36,2025-03-13,1206,N,nominal,2.0NRT,299.17,4.95,D
-7.0543,22.20178,340.59,0.4,0.37,2025-03-13,1206,N,nominal,2.0NRT,299.36,4.32,D
-7.05485,22.19819,335.34,0.39,0.37,2025-03-13,1206,N,nominal,2.0NRT,300.01,6.11,D
-7.05093,22.20125,332.39,0.4,0.37,2025-03-13,1206,N,nominal,2.0NRT,299.01,4.32,D
-6.88096,23.21377,345.05,0.42,0.38,2025-03-13,1206,N,nominal,2.0NRT,299.29,4.99,D
-6.88158,23.20993,341.43,0.42,0.38,2025-03-13,1206,N,nominal,2.0NRT,300.41,4.99,D
-7.03748,22.22111,340.97,0.4,0.37,2025-03-13,1206,N,nominal,2.0NRT,298.83,8.28,D
-6.87941,23.21424,335.02,0.42,0.38,2025-03-13,1206,N,nominal,2.0NRT,298.5,4.86,D
-6.88001,23.2104,340.87,0.42,0.38,2025-03-13,1206,N,nominal,2.0NRT,300.53,4.86,D
-7.00549,22.35251,346.22,0.4,0.37,2025-03-13,1206,N,nominal,2.0NRT,299.11,6.28,D
-7.00605,22.3489,339.94,0.4,0.37,2025-03-13,1206,N,nominal,2.0NRT,300.1,6.28,D
-6.84737,23.35156,333.12,0.43,0.38,2025-03-13,1206,N,nominal,2.0NRT,297.79,8.87,D
-6.84797,23.34768,346.23,0.43,0.38,2025-03-13,1206,N,nominal,2.0NRT,302.88,8.87,D
-6.84447,23.34715,346.75,0.43,0.38,2025-03-13,1206,N,nominal,2.0NRT,299.07,8.18,D
-7.0148,22.24713,335.35,0.4,0.37,2025-03-13,1206,N,nominal,2.0NRT,297.74,3.01,D
-6.83578,23.33395,340.63,0.43,0.38,2025-03-13,1206,N,nominal,2.0NRT,300.17,3.04,D
-6.55403,25.09374,339.99,0.52,0.42,2025-03-13,1206,N,nominal,2.0NRT,300.87,8.87,D
-6.98242,22.36738,330.43,0.4,0.37,2025-03-13,1206,N,nominal,2.0NRT,298.49,2.21,D
-7.01895,22.13062,341.38,0.39,0.36,2025-03-13,1206,N,nominal,2.0NRT,297.47,5.5,D
-6.8277,23.31692,333.92,0.43,0.38,2025-03-13,1206,N,nominal,2.0NRT,299.27,3.49,D
-6.97733,22.35549,330.85,0.4,0.37,2025-03-13,1206,N,nominal,2.0NRT,298.22,1.61,D
-8.00284,15.42669,328.09,0.44,0.46,2025-03-13,1206,N,nominal,2.0NRT,293.32,3.31,D
-7.95154,15.75912,339.77,0.41,0.45,2025-03-13,1206,N,nominal,2.0NRT,295.73,5.91,D
-6.81828,23.33131,338.45,0.43,0.38,2025-03-13,1206,N,nominal,2.0NRT,298.21,2.98,D
-6.96889,22.36528,334.06,0.4,0.37,2025-03-13,1206,N,nominal,2.0NRT,298.72,4.07,D
-7.94736,15.75862,330.1,0.41,0.45,2025-03-13,1206,N,nominal,2.0NRT,293.38,2.48,D
-6.91969,22.65981,339.68,0.41,0.37,2025-03-13,1206,N,nominal,2.0NRT,298.27,5.33,D
-6.80088,23.39633,335.9,0.43,0.38,2025-03-13,1206,N,nominal,2.0NRT,299.16,4.26,D
-6.92826,22.58226,331.12,0.4,0.37,2025-03-13,1206,N,nominal,2.0NRT,299.01,2.24,D
-6.5016,25.2229,350.44,0.53,0.42,2025-03-13,1206,N,nominal,2.0NRT,302.78,9.78,D
-6.49773,25.22224,347.76,0.53,0.42,2025-03-13,1206,N,nominal,2.0NRT,298.81,9.78,D
-6.7848,23.42988,339.11,0.43,0.38,2025-03-13,1206,N,nominal,2.0NRT,298.96,5.67,D
-6.78067,23.43326,332.22,0.43,0.38,2025-03-13,1206,N,nominal,2.0NRT,298.02,1.84,D
-6.98697,22.11471,334.7,0.39,0.36,2025-03-13,1206,N,nominal,2.0NRT,297.77,2.71,D
-6.87786,22.79316,344.96,0.41,0.37,2025-03-13,1206,N,nominal,2.0NRT,299.09,4.87,D
-6.7854,23.35792,336.78,0.43,0.38,2025-03-13,1206,N,nominal,2.0NRT,298.8,3.03,D
-6.87559,22.78523,332.1,0.41,0.37,2025-03-13,1206,N,nominal,2.0NRT,296.74,3.19,D
-6.97085,22.17428,330.62,0.39,0.37,2025-03-13,1206,N,nominal,2.0NRT,297.45,2.51,D
-6.98079,22.11012,331.59,0.39,0.36,2025-03-13,1206,N,nominal,2.0NRT,296.35,1.92,D
-6.99015,22.04966,336.55,0.39,0.36,2025-03-13,1206,N,nominal,2.0NRT,298.62,2.63,D
-6.81961,23.1188,338.51,0.42,0.38,2025-03-13,1206,N,nominal,2.0NRT,298.79,4.87,D
-6.95914,22.22746,332.6,0.4,0.37,2025-03-13,1206,N,nominal,2.0NRT,297.73,2.64,D
-7.91774,15.69665,327.77,0.42,0.45,2025-03-13,1206,N,nominal,2.0NRT,294.56,3.26,D
-6.42755,25.50436,330.5,0.55,0.43,2025-03-13,1206,N,nominal,2.0NRT,298.34,3.51,D
-6.91812,22.44641,335.33,0.4,0.37,2025-03-13,1206,N,nominal,2.0NRT,299.1,2.28,D
-6.93112,22.34091,338.13,0.4,0.37,2025-03-13,1206,N,nominal,2.0NRT,299.32,6.28,D
-6.94456,22.25459,338.79,0.4,0.37,2025-03-13,1206,N,nominal,2.0NRT,300.43,3.21,D
-6.97562,22.0547,339.21,0.39,0.36,2025-03-13,1206,N,nominal,2.0NRT,299.25,4.17,D
-6.92774,22.34038,351.76,0.4,0.37,2025-03-13,1206,N,nominal,2.0NRT,301.14,6.28,D
-6.9283,22.33677,342.36,0.4,0.37,2025-03-13,1206,N,nominal,2.0NRT,301.46,6.28,D
-6.9367,22.26071,337.08,0.4,0.37,2025-03-13,1206,N,nominal,2.0NRT,298.15,5.91,D
-6.93388,22.25661,339.44,0.4,0.37,2025-03-13,1206,N,nominal,2.0NRT,300.93,5.91,D
-6.94615,22.17783,335.36,0.4,0.37,2025-03-13,1206,N,nominal,2.0NRT,299.13,4.09,D
-6.84234,22.81801,347.02,0.41,0.37,2025-03-13,1206,N,nominal,2.0NRT,297.75,6.17,D
-6.84293,22.81431,334.82,0.41,0.37,2025-03-13,1206,N,nominal,2.0NRT,299.94,5.58,D
-6.91984,22.32442,331.83,0.4,0.37,2025-03-13,1206,N,nominal,2.0NRT,298.6,2.03,D
-6.94279,22.17731,342.55,0.4,0.37,2025-03-13,1206,N,nominal,2.0NRT,298.27,12.94,D
-6.83891,22.81747,345.06,0.41,0.37,2025-03-13,1206,N,nominal,2.0NRT,301.58,6.17,D
-6.89437,22.46501,331.14,0.4,0.37,2025-03-13,1206,N,nominal,2.0NRT,297.11,2.34,D
-6.69067,23.72463,336.65,0.45,0.39,2025-03-13,1206,N,nominal,2.0NRT,296.88,3.19,D
-6.77381,23.20558,332.97,0.42,0.38,2025-03-13,1206,N,nominal,2.0NRT,297.75,1.09,D
-6.8349,22.82064,337.68,0.41,0.37,2025-03-13,1206,N,nominal,2.0NRT,298.62,5.88,D
-6.83548,22.81693,349.05,0.41,0.37,2025-03-13,1206,N,nominal,2.0NRT,300.27,5.88,D
-6.83607,22.81322,347.9,0.41,0.37,2025-03-13,1206,N,nominal,2.0NRT,302.76,6.28,D
-6.92095,22.27302,335.9,0.4,0.37,2025-03-13,1206,N,nominal,2.0NRT,298.78,3.88,D
-6.83264,22.81269,343.67,0.41,0.37,2025-03-13,1206,N,nominal,2.0NRT,299.25,6.28,D
-6.69228,23.72508,331.66,0.45,0.39,2025-03-13,1206,N,nominal,2.0NRT,296.75,3.67,D
-6.83313,22.8162,333.68,0.41,0.37,2025-03-13,1206,N,nominal,2.0NRT,295.97,5.63,D
-6.8337,22.81249,351.32,0.41,0.37,2025-03-13,1206,N,nominal,2.0NRT,300.61,10.72,D
-6.87904,22.47324,334.11,0.4,0.37,2025-03-13,1206,N,nominal,2.0NRT,297.94,3.57,D
-6.82629,22.79227,330.9,0.41,0.37,2025-03-13,1206,N,nominal,2.0NRT,299.01,3.07,D
-6.82229,22.79543,333.71,0.41,0.37,2025-03-13,1206,N,nominal,2.0NRT,299.29,4.47,D
-6.41082,25.34051,342.57,0.54,0.42,2025-03-13,1206,N,nominal,2.0NRT,300.45,6.3,D
-6.74741,23.2091,332.28,0.42,0.38,2025-03-13,1206,N,nominal,2.0NRT,298.97,1.45,D
-6.40692,25.33986,340.71,0.54,0.42,2025-03-13,1206,N,nominal,2.0NRT,298.91,6.46,D
-6.57672,24.27305,332.84,0.47,0.4,2025-03-13,1206,N,nominal,2.0NRT,299.01,3.93,D
-6.81777,22.73409,339.35,0.41,0.37,2025-03-13,1206,N,nominal,2.0NRT,300.78,6.47,D
-6.60116,24.09471,340.84,0.46,0.39,2025-03-13,1206,N,nominal,2.0NRT,298.07,4.01,D
-6.62098,23.96914,334.73,0.46,0.39,2025-03-13,1206,N,nominal,2.0NRT,301.97,2.66,D
-6.70797,23.36975,330.42,0.43,0.38,2025-03-13,1206,N,nominal,2.0NRT,298.33,3.02,D
-6.42099,25.15299,341.33,0.53,0.42,2025-03-13,1206,N,nominal,2.0NRT,300.6,14.36,D
-6.7247,23.21741,339.07,0.42,0.38,2025-03-13,1206,N,nominal,2.0NRT,299.71,5.52,D
-7.98396,14.70269,341.55,0.49,0.48,2025-03-13,1206,N,nominal,2.0NRT,294.01,8.73,D
-6.71045,23.26267,336.6,0.43,0.38,2025-03-13,1206,N,nominal,2.0NRT,298.99,2.58,D
-6.6887,23.28712,344.31,0.43,0.38,2025-03-13,1206,N,nominal,2.0NRT,300.47,5.17,D
-6.78824,22.65399,338.68,0.41,0.37,2025-03-13,1206,N,nominal,2.0NRT,298.85,4.73,D
-6.57167,23.99993,333.02,0.46,0.39,2025-03-13,1206,N,nominal,2.0NRT,302.21,5.04,D
-6.74374,22.84817,337.03,0.41,0.37,2025-03-13,1206,N,nominal,2.0NRT,300.65,3.66,D
-6.65266,23.40115,337.89,0.43,0.38,2025-03-13,1206,N,nominal,2.0NRT,300.09,4.26,D
-6.67327,23.24896,340.54,0.43,0.38,2025-03-13,1206,N,nominal,2.0NRT,299.2,3.53,D
-6.75043,22.73869,342.69,0.41,0.37,2025-03-13,1206,N,nominal,2.0NRT,298.27,6.37,D
-6.75159,22.73134,347.13,0.41,0.37,2025-03-13,1206,N,nominal,2.0NRT,300.61,5.43,D
-6.58503,23.73312,335.36,0.45,0.39,2025-03-13,1206,N,nominal,2.0NRT,299.68,8.41,D
-6.67504,23.17045,337.44,0.42,0.38,2025-03-13,1206,N,nominal,2.0NRT,298.12,2.57,D
-6.69561,23.04093,333.03,0.42,0.38,2025-03-13,1206,N,nominal,2.0NRT,298.24,3.23,D
-6.69622,23.03713,345.28,0.42,0.38,2025-03-13,1206,N,nominal,2.0NRT,298.17,3.74,D
-6.6484,23.29269,331,0.43,0.38,2025-03-13,1206,N,nominal,2.0NRT,301.3,1.63,D
-6.64752,23.29266,330.32,0.43,0.38,2025-03-13,1206,N,nominal,2.0NRT,301.56,2.32,D
-6.67864,23.04602,333.51,0.42,0.38,2025-03-13,1206,N,nominal,2.0NRT,297.96,4.1,D
-6.71478,22.76726,337,0.41,0.37,2025-03-13,1206,N,nominal,2.0NRT,299.77,3.98,D
-6.69402,22.87846,336.39,0.41,0.37,2025-03-13,1206,N,nominal,2.0NRT,298.02,5.72,D
-6.6946,22.87474,336.98,0.41,0.37,2025-03-13,1206,N,nominal,2.0NRT,299.9,4.44,D
-6.60025,23.45763,333.5,0.44,0.38,2025-03-13,1206,N,nominal,2.0NRT,299.13,3.54,D
-7.90272,14.67802,328.84,0.49,0.48,2025-03-13,1206,N,nominal,2.0NRT,288.75,3.43,D
-6.59011,23.47626,347.75,0.44,0.38,2025-03-13,1206,N,nominal,2.0NRT,298.4,6.19,D
-6.61074,23.29869,332.66,0.43,0.38,2025-03-13,1206,N,nominal,2.0NRT,299.04,6.74,D
-6.64439,23.08359,337.95,0.42,0.38,2025-03-13,1206,N,nominal,2.0NRT,300.09,3.05,D
-6.66218,22.96964,330.88,0.42,0.37,2025-03-13,1206,N,nominal,2.0NRT,298.32,2.97,D
-6.45757,24.24643,330.58,0.47,0.4,2025-03-13,1206,N,nominal,2.0NRT,298.77,1.76,D
-6.64033,23.08685,332.91,0.42,0.38,2025-03-13,1206,N,nominal,2.0NRT,299.64,5.67,D
-6.64092,23.08305,337.4,0.42,0.38,2025-03-13,1206,N,nominal,2.0NRT,300.9,4.55,D
-6.58589,23.41118,333.95,0.43,0.38,2025-03-13,1206,N,nominal,2.0NRT,298.86,2.58,D
-6.63804,23.07872,336.65,0.42,0.38,2025-03-13,1206,N,nominal,2.0NRT,296.96,4.55,D
-6.74206,22.34395,337.23,0.4,0.37,2025-03-13,1206,N,nominal,2.0NRT,298.38,3.46,D
-6.33844,24.84701,334.33,0.51,0.41,2025-03-13,1206,N,nominal,2.0NRT,297.96,3.56,D
-6.56044,23.43537,339.07,0.43,0.38,2025-03-13,1206,N,nominal,2.0NRT,299.12,4.84,D
-6.48137,23.90986,335.32,0.46,0.39,2025-03-13,1206,N,nominal,2.0NRT,298.69,2.88,D
-6.09504,26.25978,336.16,0.42,0.45,2025-03-13,1206,N,nominal,2.0NRT,297.96,4.35,D
-6.43824,24.15611,340.27,0.47,0.4,2025-03-13,1206,N,nominal,2.0NRT,299.86,3.85,D
-6.53002,23.53585,333.9,0.44,0.38,2025-03-13,1206,N,nominal,2.0NRT,298.21,1.33,D
-6.59809,23.08415,342.97,0.42,0.38,2025-03-13,1206,N,nominal,2.0NRT,302.11,5.8,D
-6.5987,23.08032,343.8,0.42,0.38,2025-03-13,1206,N,nominal,2.0NRT,303.28,5.8,D
-6.62735,22.89874,330.45,0.41,0.37,2025-03-13,1206,N,low,2.0NRT,303.26,2.88,D
-6.47298,23.82416,336.92,0.45,0.39,2025-03-13,1206,N,nominal,2.0NRT,298.8,2.51,D
-6.6556,22.67455,333.02,0.41,0.37,2025-03-13,1206,N,nominal,2.0NRT,300.2,2.74,D
-6.57555,23.15902,336.85,0.42,0.38,2025-03-13,1206,N,nominal,2.0NRT,299.84,2.88,D
-6.56345,23.14536,331.08,0.42,0.38,2025-03-13,1206,N,low,2.0NRT,301.37,2.63,D
-6.56254,23.14498,336.96,0.42,0.38,2025-03-13,1206,N,nominal,2.0NRT,301.74,4.43,D
-6.56433,23.13343,331.67,0.42,0.38,2025-03-13,1206,N,low,2.0NRT,302.07,3.48,D
-6.63465,22.67841,341.1,0.41,0.37,2025-03-13,1206,N,nominal,2.0NRT,297.41,2.87,D
-6.55737,23.13236,340,0.42,0.38,2025-03-13,1206,N,nominal,2.0NRT,299.19,6.06,D
-6.32082,24.62108,332.86,0.5,0.41,2025-03-13,1206,N,nominal,2.0NRT,300.69,5.3,D
-6.52688,23.30558,339.96,0.43,0.38,2025-03-13,1206,N,nominal,2.0NRT,301.42,6.89,D
-6.31708,24.62046,333.41,0.5,0.41,2025-03-13,1206,N,nominal,2.0NRT,301.69,5.3,D
-6.51608,23.35189,334.18,0.43,0.38,2025-03-13,1206,N,nominal,2.0NRT,299.88,4.11,D
-5.94979,26.88848,335.47,0.46,0.47,2025-03-13,1206,N,nominal,2.0NRT,299.15,7.32,D
-5.9404,26.89124,344.77,0.46,0.47,2025-03-13,1206,N,nominal,2.0NRT,296.95,8.6,D
-5.94108,26.88706,339.14,0.46,0.47,2025-03-13,1206,N,nominal,2.0NRT,297.57,8.6,D
-6.54711,23.08385,334.47,0.42,0.38,2025-03-13,1206,N,nominal,2.0NRT,300.41,4.44,D
-6.5489,23.07239,334.18,0.42,0.38,2025-03-13,1206,N,nominal,2.0NRT,300.35,3.04,D
-6.54949,23.06857,336,0.42,0.38,2025-03-13,1206,N,nominal,2.0NRT,298.91,2.41,D
-6.54364,23.0833,352.14,0.42,0.38,2025-03-13,1206,N,nominal,2.0NRT,302.42,4.44,D
-6.7768,21.57444,331.28,0.39,0.36,2025-03-13,1206,N,nominal,2.0NRT,297.8,2.3,D
-6.29691,24.62647,332.93,0.5,0.41,2025-03-13,1206,N,nominal,2.0NRT,299.65,3.73,D
-6.53301,23.12861,345.46,0.42,0.38,2025-03-13,1206,N,nominal,2.0NRT,302.39,3.74,D
-6.53898,23.09037,331.01,0.42,0.38,2025-03-13,1206,N,low,2.0NRT,303.2,4.11,D
-6.53958,23.08654,345.64,0.42,0.38,2025-03-13,1206,N,nominal,2.0NRT,301.67,4.11,D
-6.54374,23.05988,333.31,0.42,0.38,2025-03-13,1206,N,nominal,2.0NRT,300.82,3,D
-6.78364,21.50751,333.42,0.39,0.36,2025-03-13,1206,N,nominal,2.0NRT,297.31,2.67,D
-6.52953,23.12809,339.19,0.42,0.38,2025-03-13,1206,N,nominal,2.0NRT,303.32,3.74,D
-6.32408,24.40763,333.79,0.48,0.4,2025-03-13,1206,N,nominal,2.0NRT,299.8,1.88,D
-6.37981,24.05656,331.25,0.46,0.39,2025-03-13,1206,N,nominal,2.0NRT,299.16,0.87,D
-6.54275,23.0207,334.19,0.42,0.38,2025-03-13,1206,N,nominal,2.0NRT,301.02,4.04,D
-6.77858,21.496,331.41,0.39,0.36,2025-03-13,1206,N,nominal,2.0NRT,297.3,2.95,D
-6.53988,23.01636,330.52,0.42,0.38,2025-03-13,1206,N,nominal,2.0NRT,298.61,4.04,D
-7.75235,14.82654,338.54,0.47,0.48,2025-03-13,1206,N,nominal,2.0NRT,293.38,9.07,D
-6.20669,25.0681,346.53,0.53,0.42,2025-03-13,1206,N,nominal,2.0NRT,300.2,8.24,D
-6.51862,23.10678,332.9,0.42,0.38,2025-03-13,1206,N,nominal,2.0NRT,300.91,1.96,D
-6.59366,22.62665,330.16,0.41,0.37,2025-03-13,1206,N,low,2.0NRT,300.6,2.55,D
-6.20283,25.06749,331.85,0.53,0.42,2025-03-13,1206,N,nominal,2.0NRT,298.82,4.92,D
-6.60794,22.51249,334.78,0.4,0.37,2025-03-13,1206,N,nominal,2.0NRT,296.53,2.85,D
-6.4978,23.1939,341.67,0.43,0.38,2025-03-13,1206,N,nominal,2.0NRT,300.76,4.69,D
-6.56776,22.74772,330,0.41,0.37,2025-03-13,1206,N,nominal,2.0NRT,299.45,2.94,D
-6.42341,23.64201,346.84,0.44,0.39,2025-03-13,1206,N,nominal,2.0NRT,302.41,7.84,D
-6.50879,23.10132,338.7,0.42,0.38,2025-03-13,1206,N,nominal,2.0NRT,301.78,3.82,D
-6.52674,22.9871,334.11,0.42,0.38,2025-03-13,1206,N,nominal,2.0NRT,299.28,1.56,D
-6.54977,22.84026,331.28,0.41,0.37,2025-03-13,1206,N,nominal,2.0NRT,298.83,2.07,D
-6.36108,24.01059,330.38,0.46,0.39,2025-03-13,1206,N,low,2.0NRT,300.4,1.01,D
-6.58688,22.58044,334.37,0.41,0.37,2025-03-13,1206,N,nominal,2.0NRT,297.62,2.27,D
-6.16229,25.21952,336.78,0.54,0.42,2025-03-13,1206,N,nominal,2.0NRT,301.47,4.76,D
-6.49399,23.15005,340.64,0.42,0.38,2025-03-13,1206,N,nominal,2.0NRT,300.71,3.58,D
-6.31649,24.2423,345.72,0.47,0.4,2025-03-13,1206,N,nominal,2.0NRT,298.39,8.24,D
-6.49957,23.09205,346.9,0.42,0.38,2025-03-13,1206,N,nominal,2.0NRT,301.66,3.91,D
-6.5371,22.85356,333.38,0.41,0.37,2025-03-13,1206,N,nominal,2.0NRT,296.23,1.15,D
-6.47489,23.22573,334.43,0.43,0.38,2025-03-13,1206,N,nominal,2.0NRT,299.66,3.18,D
-6.75435,21.43152,345.58,0.39,0.36,2025-03-13,1206,N,nominal,2.0NRT,299,4.95,D
-6.61756,22.2945,347.69,0.4,0.37,2025-03-13,1206,N,nominal,2.0NRT,294.33,5.67,D
-6.48309,23.12872,340.23,0.42,0.38,2025-03-13,1206,N,nominal,2.0NRT,301.04,6.08,D
-6.24431,24.59499,346.47,0.5,0.41,2025-03-13,1206,N,nominal,2.0NRT,298.5,8.35,D
-6.59441,22.39841,330.16,0.4,0.37,2025-03-13,1206,N,nominal,2.0NRT,300.21,1.87,D
-6.75077,21.38814,334.16,0.39,0.36,2025-03-13,1206,N,nominal,2.0NRT,297.6,2.38,D
-6.5092,22.9186,333,0.42,0.37,2025-03-13,1206,N,nominal,2.0NRT,300.85,2.43,D
-6.46369,23.16107,332.64,0.42,0.38,2025-03-13,1206,N,nominal,2.0NRT,299.83,2.51,D
-6.46856,23.13038,330.21,0.42,0.38,2025-03-13,1206,N,nominal,2.0NRT,299.04,2.45,D
-6.50718,22.86432,336.64,0.41,0.37,2025-03-13,1206,N,nominal,2.0NRT,299.97,3.16,D
-6.34169,23.85458,338.32,0.45,0.39,2025-03-13,1206,N,nominal,2.0NRT,303.52,9.95,D
-6.34453,23.85208,337.72,0.45,0.39,2025-03-13,1206,N,nominal,2.0NRT,299.6,6.38,D
-6.37586,23.62731,339.44,0.44,0.39,2025-03-13,1206,N,nominal,2.0NRT,302.32,6.64,D
-6.38457,23.57142,334.06,0.44,0.38,2025-03-13,1206,N,nominal,2.0NRT,299.94,3.28,D
-6.70337,21.48085,332.12,0.39,0.36,2025-03-13,1206,N,nominal,2.0NRT,297,2.2,D
-6.20077,24.69676,337.65,0.5,0.41,2025-03-13,1206,N,nominal,2.0NRT,299.83,5.42,D
-6.68881,21.55377,332.23,0.39,0.36,2025-03-13,1206,N,nominal,2.0NRT,297.94,1.66,D
-6.72013,21.23722,331.83,0.38,0.36,2025-03-13,1206,N,nominal,2.0NRT,296.9,3.72,D
-6.31539,23.82634,336.81,0.45,0.39,2025-03-13,1206,N,nominal,2.0NRT,301.53,3.72,D
-6.67201,21.52973,332.9,0.39,0.36,2025-03-13,1206,N,nominal,2.0NRT,297.87,4.82,D
-6.55409,22.27376,339.38,0.4,0.37,2025-03-13,1206,N,nominal,2.0NRT,298.76,4.15,D
-6.08838,25.20535,334.77,0.54,0.42,2025-03-13,1206,N,low,2.0NRT,306.38,4.74,D
-6.08915,25.20061,333,0.54,0.42,2025-03-13,1206,N,low,2.0NRT,304.7,4.74,D
-6.08296,25.21423,342.5,0.54,0.42,2025-03-13,1206,N,low,2.0NRT,312.78,50.48,D
-6.08526,25.19997,332.98,0.54,0.42,2025-03-13,1206,N,low,2.0NRT,304.44,4.74,D
-6.07984,25.2088,335.11,0.54,0.42,2025-03-13,1206,N,low,2.0NRT,309.91,46.73,D
-6.08061,25.20407,335.28,0.54,0.42,2025-03-13,1206,N,low,2.0NRT,306.65,5.34,D
-6.02909,25.49784,333.89,0.56,0.43,2025-03-13,1206,N,nominal,2.0NRT,302.39,2.97,D
-6.07517,25.21304,350.68,0.54,0.42,2025-03-13,1206,N,nominal,2.0NRT,304.45,46.73,D
-6.07594,25.20822,343.38,0.54,0.42,2025-03-13,1206,N,nominal,2.0NRT,301.9,46.73,D
-6.48909,22.5806,330.49,0.41,0.37,2025-03-13,1206,N,nominal,2.0NRT,298.54,2.58,D
-6.72268,21.04189,332.21,0.38,0.36,2025-03-13,1206,N,nominal,2.0NRT,298.77,3.35,D
-6.06264,25.21636,337.44,0.54,0.42,2025-03-13,1206,N,nominal,2.0NRT,305.33,33.29,D
-6.06345,25.21139,347.32,0.54,0.42,2025-03-13,1206,N,nominal,2.0NRT,306.63,18.69,D
-6.05874,25.21578,337.31,0.54,0.42,2025-03-13,1206,N,nominal,2.0NRT,306.58,33.29,D
-6.05955,25.21081,339.18,0.54,0.42,2025-03-13,1206,N,nominal,2.0NRT,308.79,18.69,D
-6.29935,23.71866,337.08,0.45,0.39,2025-03-13,1206,N,nominal,2.0NRT,304.39,4.59,D
-6.46676,22.6564,330.01,0.41,0.37,2025-03-13,1206,N,nominal,2.0NRT,298.44,1.9,D
-7.59172,15.01593,331.56,0.46,0.47,2025-03-13,1206,N,nominal,2.0NRT,293.59,5.39,D
-6.05565,25.21021,337.42,0.54,0.42,2025-03-13,1206,N,nominal,2.0NRT,300.6,4.53,D
-6.05489,25.19035,335.19,0.54,0.42,2025-03-13,1206,N,nominal,2.0NRT,301.53,7.48,D
-6.29285,23.71343,339.87,0.45,0.39,2025-03-13,1206,N,nominal,2.0NRT,302.67,5.32,D
-6.44304,22.76303,344.34,0.41,0.37,2025-03-13,1206,N,nominal,2.0NRT,299.22,5.64,D
-6.04386,25.23348,333.81,0.54,0.42,2025-03-13,1206,N,nominal,2.0NRT,299.03,24.08,D
-6.04466,25.22859,347.03,0.54,0.42,2025-03-13,1206,N,nominal,2.0NRT,306.9,66.96,D
-6.40178,23.00308,333.25,0.42,0.38,2025-03-13,1206,N,nominal,2.0NRT,299.26,3.33,D
-7.6956,14.15727,327.26,0.52,0.5,2025-03-13,1206,N,nominal,2.0NRT,291.13,2.92,D
-6.03995,25.23292,337.22,0.54,0.42,2025-03-13,1206,N,nominal,2.0NRT,302.59,24.08,D
-6.03683,25.22747,330.24,0.54,0.42,2025-03-13,1206,N,low,2.0NRT,301.29,4.57,D
-6.03762,25.22266,338.85,0.54,0.42,2025-03-13,1206,N,nominal,2.0NRT,303.35,4.57,D
-6.22786,24.05034,340.96,0.47,0.39,2025-03-13,1206,N,nominal,2.0NRT,299.71,4.05,D
-6.39003,23.03247,334.19,0.42,0.38,2025-03-13,1206,N,nominal,2.0NRT,300.47,3.36,D
-6.37887,23.05811,337.12,0.42,0.38,2025-03-13,1206,N,nominal,2.0NRT,299.79,2.29,D
-6.66888,21.19376,333.81,0.38,0.36,2025-03-13,1206,N,nominal,2.0NRT,297.92,3.07,D
-6.66941,21.19028,332.28,0.38,0.36,2025-03-13,1206,N,nominal,2.0NRT,297.08,3.07,D
-6.3754,23.05754,335.5,0.42,0.38,2025-03-13,1206,N,nominal,2.0NRT,300.53,2.29,D
-6.38204,23.01558,337.52,0.42,0.38,2025-03-13,1206,N,nominal,2.0NRT,299.31,3.38,D
-6.38864,22.97391,337.6,0.42,0.38,2025-03-13,1206,N,nominal,2.0NRT,301.56,3.46,D
-6.46588,22.48328,333.36,0.4,0.37,2025-03-13,1206,N,nominal,2.0NRT,298.2,1.31,D
-5.98002,25.47445,330.68,0.56,0.43,2025-03-13,1206,N,nominal,2.0NRT,299.71,5.08,D
-6.12502,24.59204,333.41,0.5,0.41,2025-03-13,1206,N,nominal,2.0NRT,300.39,2.4,D
-6.43012,22.68871,334.85,0.41,0.37,2025-03-13,1206,N,nominal,2.0NRT,299.09,4.19,D
-6.21649,24.0053,349.46,0.46,0.39,2025-03-13,1206,N,nominal,2.0NRT,301.42,6.33,D
-6.21286,24.00471,338.76,0.46,0.39,2025-03-13,1206,N,nominal,2.0NRT,302.6,4.71,D
-6.36316,23.06736,332.68,0.42,0.38,2025-03-13,1206,N,nominal,2.0NRT,298.68,2.69,D
-6.45223,22.50362,350.01,0.4,0.37,2025-03-13,1206,N,nominal,2.0NRT,299.71,6.26,D
-6.10636,24.63543,339.74,0.5,0.41,2025-03-13,1206,N,nominal,2.0NRT,303.17,6.21,D
-6.34684,23.14746,330.54,0.43,0.38,2025-03-13,1206,N,nominal,2.0NRT,298,2.96,D
-6.67189,21.06261,332.91,0.38,0.36,2025-03-13,1206,N,nominal,2.0NRT,298.32,2.46,D
-6.12547,24.58852,335.46,0.5,0.41,2025-03-13,1206,N,nominal,2.0NRT,300.17,2.59,D
-6.21648,24.00579,347.34,0.46,0.39,2025-03-13,1206,N,nominal,2.0NRT,302.24,5.99,D
-6.52291,22.02235,334.9,0.39,0.36,2025-03-13,1206,N,nominal,2.0NRT,300.88,4.03,D
-6.66917,21.06494,331.06,0.38,0.36,2025-03-13,1206,N,nominal,2.0NRT,297.91,3.44,D
-6.21285,24.0052,337.29,0.46,0.39,2025-03-13,1206,N,nominal,2.0NRT,301.87,5.99,D
-6.34618,23.14718,331.52,0.43,0.38,2025-03-13,1206,N,nominal,2.0NRT,298.19,3.76,D
-6.39899,22.8055,337.33,0.41,0.37,2025-03-13,1206,N,nominal,2.0NRT,300.25,2.87,D
-6.51681,22.0397,331.73,0.39,0.37,2025-03-13,1206,N,nominal,2.0NRT,299.28,2.3,D
-6.11086,24.63258,336.07,0.5,0.41,2025-03-13,1206,N,nominal,2.0NRT,303.89,6.31,D
-6.33434,23.20052,335.24,0.43,0.38,2025-03-13,1206,N,nominal,2.0NRT,299.87,3.67,D
-6.10638,24.63654,338.42,0.5,0.41,2025-03-13,1206,N,nominal,2.0NRT,302.59,4.39,D
-6.3921,22.80446,335.6,0.41,0.37,2025-03-13,1206,N,nominal,2.0NRT,300.68,4.46,D
-6.40076,22.74844,345.4,0.41,0.37,2025-03-13,1206,N,nominal,2.0NRT,300.84,6.09,D
-6.02933,25.04992,330.41,0.53,0.42,2025-03-13,1206,N,nominal,2.0NRT,299.06,3.22,D
-6.03009,25.04515,331.87,0.53,0.42,2025-03-13,1206,N,nominal,2.0NRT,301.47,3.22,D
-6.05416,24.8934,331.85,0.52,0.41,2025-03-13,1206,N,nominal,2.0NRT,299.73,5.12,D
-6.45291,22.34278,341.09,0.4,0.37,2025-03-13,1206,N,nominal,2.0NRT,294.56,4.92,D
-6.13293,24.37097,330.5,0.48,0.4,2025-03-13,1206,N,nominal,2.0NRT,298.64,3.25,D
-6.21599,23.8196,335.36,0.45,0.39,2025-03-13,1206,N,nominal,2.0NRT,299.23,3.66,D
-6.32057,23.15107,338.87,0.43,0.38,2025-03-13,1206,N,nominal,2.0NRT,294.95,2.33,D
-6.37315,22.81301,337.57,0.41,0.37,2025-03-13,1206,N,nominal,2.0NRT,302.62,4.4,D
-6.18447,23.99639,345.72,0.46,0.39,2025-03-13,1206,N,nominal,2.0NRT,302.34,8.39,D
-6.41906,22.49424,335.75,0.4,0.37,2025-03-13,1206,N,nominal,2.0NRT,299.17,2.64,D
-6.18085,23.99574,367,0.46,0.39,2025-03-13,1206,N,high,2.0NRT,303.36,7.34,D
-6.07428,24.66862,337.17,0.5,0.41,2025-03-13,1206,N,nominal,2.0NRT,300.1,5.04,D
-6.18284,23.98318,332.78,0.46,0.39,2025-03-13,1206,N,nominal,2.0NRT,300.83,1.85,D
-6.43203,22.38797,333.44,0.4,0.37,2025-03-13,1206,N,nominal,2.0NRT,300.49,2.56,D
-6.0705,24.66804,342.06,0.5,0.41,2025-03-13,1206,N,nominal,2.0NRT,299.67,5.04,D
-6.17723,23.99512,331.24,0.46,0.39,2025-03-13,1206,N,nominal,2.0NRT,301.97,7.34,D
-6.23913,23.60229,332.01,0.44,0.39,2025-03-13,1206,N,nominal,2.0NRT,298.07,3.94,D
-6.32521,23.02993,330.75,0.42,0.38,2025-03-13,1206,N,nominal,2.0NRT,299.64,2.17,D
-6.60434,21.22226,333.76,0.38,0.36,2025-03-13,1206,N,nominal,2.0NRT,299.06,8.29,D
-6.02593,24.89831,335.43,0.52,0.41,2025-03-13,1206,N,nominal,2.0NRT,300.49,3.77,D
-6.16325,24.03644,330.39,0.47,0.39,2025-03-13,1206,N,nominal,2.0NRT,299.66,1.73,D
-6.17919,23.93573,330.65,0.46,0.39,2025-03-13,1206,N,nominal,2.0NRT,298.55,2.44,D
-7.51508,14.95847,339.18,0.46,0.47,2025-03-13,1206,N,nominal,2.0NRT,292.42,8.45,D
-6.16138,24.00124,331.07,0.46,0.39,2025-03-13,1206,N,nominal,2.0NRT,300.7,3,D
-6.5933,21.22768,342.05,0.38,0.36,2025-03-13,1206,N,nominal,2.0NRT,298.66,5.91,D
-6.16168,23.97593,336.23,0.46,0.39,2025-03-13,1206,N,nominal,2.0NRT,300.04,5.65,D
-6.58877,21.21274,336.12,0.38,0.36,2025-03-13,1206,N,nominal,2.0NRT,297.87,4.35,D
-5.98764,25.01394,334.56,0.53,0.42,2025-03-13,1206,N,nominal,2.0NRT,301.09,3.62,D
-6.05072,24.62276,330.49,0.5,0.41,2025-03-13,1206,N,low,2.0NRT,303.47,3.17,D
-6.15242,23.98733,330.94,0.46,0.39,2025-03-13,1206,N,nominal,2.0NRT,299.8,2.06,D
-6.28342,23.13731,346.59,0.43,0.38,2025-03-13,1206,N,nominal,2.0NRT,300.61,7.74,D
-6.04466,24.61251,336.99,0.5,0.41,2025-03-13,1206,N,nominal,2.0NRT,302.9,9.8,D
-6.17281,23.81282,336.87,0.45,0.39,2025-03-13,1206,N,nominal,2.0NRT,301.18,4.35,D
-6.56095,21.2833,331.54,0.39,0.36,2025-03-13,1206,N,nominal,2.0NRT,296.7,1.53,D
-6.59548,21.05727,332.67,0.38,0.36,2025-03-13,1206,N,nominal,2.0NRT,296.03,2.78,D
-6.32519,22.73674,334.39,0.41,0.37,2025-03-13,1206,N,nominal,2.0NRT,299.85,2.98,D
-6.47175,21.79669,331.77,0.39,0.36,2025-03-13,1206,N,nominal,2.0NRT,296.32,1.91,D
-7.84574,12.10842,328.91,0.36,0.58,2025-03-13,1206,N,nominal,2.0NRT,288.17,6.58,D
-7.84531,12.11176,356.68,0.36,0.57,2025-03-13,1206,N,low,2.0NRT,287.82,6.58,D
-6.13997,23.87951,337.43,0.46,0.39,2025-03-13,1206,N,nominal,2.0NRT,299.74,3.03,D
-6.0064,24.65785,333.54,0.5,0.41,2025-03-13,1206,N,nominal,2.0NRT,300.51,5.48,D
-6.32542,22.66825,332.39,0.41,0.37,2025-03-13,1206,N,nominal,2.0NRT,300.25,3.47,D
-6.29917,22.79006,355.66,0.41,0.37,2025-03-13,1206,N,nominal,2.0NRT,305.25,8.64,D
-6.29976,22.78633,342.15,0.41,0.37,2025-03-13,1206,N,nominal,2.0NRT,302.87,8.64,D
-5.99283,24.66986,337.34,0.5,0.41,2025-03-13,1206,N,nominal,2.0NRT,300.73,9.53,D
-6.19426,23.427,345.31,0.44,0.38,2025-03-13,1206,N,nominal,2.0NRT,300.88,4.9,D
-6.54218,21.20564,330.86,0.38,0.36,2025-03-13,1206,N,nominal,2.0NRT,299.53,2.07,D
-6.54697,21.17434,331.7,0.38,0.36,2025-03-13,1206,N,nominal,2.0NRT,298.59,1.8,D
-6.00623,24.65919,335.1,0.5,0.41,2025-03-13,1206,N,nominal,2.0NRT,300.98,6.39,D
-6.19451,23.42722,343.47,0.44,0.38,2025-03-13,1206,N,nominal,2.0NRT,300.23,4.7,D
-6.24938,23.07298,334.52,0.42,0.38,2025-03-13,1206,N,nominal,2.0NRT,299.3,3.23,D
-6.39625,22.11955,334.05,0.4,0.37,2025-03-13,1206,N,nominal,2.0NRT,297.09,7.09,D
-5.99346,24.6666,335.19,0.5,0.41,2025-03-13,1206,N,nominal,2.0NRT,300.88,8.84,D
-7.03683,17.82997,339.93,0.46,0.39,2025-03-13,1206,N,low,2.0NRT,301.22,7.51,D
-6.10197,23.95085,332.99,0.46,0.39,2025-03-13,1206,N,nominal,2.0NRT,299.41,3.37,D
-6.37564,22.18617,332.79,0.4,0.37,2025-03-13,1206,N,nominal,2.0NRT,300.41,2.32,D
-5.97216,24.75251,336.39,0.51,0.41,2025-03-13,1206,N,nominal,2.0NRT,302.58,4.18,D
-6.23486,23.07465,334.74,0.42,0.38,2025-03-13,1206,N,nominal,2.0NRT,296.88,4.31,D
-6.28007,22.783,352.11,0.41,0.37,2025-03-13,1206,N,nominal,2.0NRT,306.17,36.28,D
-6.51446,21.25768,333.29,0.39,0.36,2025-03-13,1206,N,nominal,2.0NRT,300.09,20.2,D
-6.54255,21.07338,331.73,0.38,0.36,2025-03-13,1206,N,nominal,2.0NRT,298.81,2.71,D
-5.97781,24.69221,344.06,0.51,0.41,2025-03-13,1206,N,nominal,2.0NRT,304.38,15.27,D
-5.96734,24.70935,330.58,0.51,0.41,2025-03-13,1206,N,nominal,2.0NRT,300.54,2.62,D
-5.96806,24.70482,334.05,0.51,0.41,2025-03-13,1206,N,nominal,2.0NRT,302.13,5.28,D
-5.96878,24.70028,336.89,0.51,0.41,2025-03-13,1206,N,nominal,2.0NRT,302.07,5.28,D
-5.965,24.69964,345.4,0.51,0.41,2025-03-13,1206,N,nominal,2.0NRT,302.68,5.28,D
-6.21915,23.08396,330.38,0.42,0.38,2025-03-13,1206,N,nominal,2.0NRT,298.29,4.8,D
-6.07493,23.98091,331.07,0.46,0.39,2025-03-13,1206,N,nominal,2.0NRT,299.61,2.32,D
-6.28713,22.60143,333.4,0.41,0.37,2025-03-13,1206,N,nominal,2.0NRT,298.45,2.55,D
-6.30649,22.47662,340.53,0.4,0.37,2025-03-13,1206,N,nominal,2.0NRT,301.36,6.13,D
-6.49076,21.27901,332.48,0.39,0.36,2025-03-13,1206,N,nominal,2.0NRT,297.21,2.14,D
-6.49874,21.22679,336.94,0.38,0.36,2025-03-13,1206,N,nominal,2.0NRT,299.11,3.2,D
-6.16059,23.38963,336.84,0.44,0.38,2025-03-13,1206,N,nominal,2.0NRT,300.05,6.2,D
-6.53732,20.88421,333.55,0.38,0.36,2025-03-13,1206,N,nominal,2.0NRT,295.15,1.58,D
-6.80199,19.12296,335.02,0.41,0.37,2025-03-13,1206,N,nominal,2.0NRT,298.78,3.97,D
-5.98888,24.38083,332.13,0.49,0.4,2025-03-13,1206,N,nominal,2.0NRT,300.04,4.72,D
-6.0096,24.22733,336.03,0.48,0.4,2025-03-13,1206,N,nominal,2.0NRT,299.55,6.29,D
-6.24866,22.71326,346.12,0.41,0.37,2025-03-13,1206,N,nominal,2.0NRT,299.39,7.1,D
-6.98907,17.80148,332.06,0.46,0.39,2025-03-13,1206,N,low,2.0NRT,304.06,7.32,D
-5.98922,24.33112,333.27,0.48,0.4,2025-03-13,1206,N,nominal,2.0NRT,299.17,6.42,D
-6.04785,23.96386,333.19,0.46,0.39,2025-03-13,1206,N,nominal,2.0NRT,300.93,2.43,D
-6.98423,17.80924,334.97,0.46,0.39,2025-03-13,1206,N,low,2.0NRT,302.28,13.17,D
-6.98483,17.80509,340.48,0.46,0.39,2025-03-13,1206,N,nominal,2.0NRT,305.01,10.46,D
-5.68215,26.14638,335.25,0.41,0.45,2025-03-13,1206,N,nominal,2.0NRT,293.43,3.41,D
-6.17736,23.07745,335.74,0.42,0.38,2025-03-13,1206,N,nominal,2.0NRT,298.42,3.37,D
-6.21146,22.86069,333.29,0.42,0.37,2025-03-13,1206,N,nominal,2.0NRT,298.57,3.42,D
-6.21206,22.85692,330.35,0.42,0.37,2025-03-13,1206,N,nominal,2.0NRT,297.99,3.42,D
-5.96235,24.40367,335.02,0.49,0.4,2025-03-13,1206,N,nominal,2.0NRT,298.44,3.64,D
-5.91129,24.69582,337.09,0.51,0.41,2025-03-13,1206,N,nominal,2.0NRT,304.38,3.9,D
-6.06933,23.71304,330.96,0.45,0.39,2025-03-13,1206,N,nominal,2.0NRT,300.55,3,D
-6.96909,17.78559,334.55,0.46,0.39,2025-03-13,1206,N,low,2.0NRT,300.74,7.68,D
-6.4544,21.22717,331.2,0.38,0.36,2025-03-13,1206,N,nominal,2.0NRT,297.54,7.55,D
-6.76947,19.12956,344.83,0.41,0.37,2025-03-13,1206,N,nominal,2.0NRT,300.56,6.55,D
-6.93481,17.9719,342.24,0.46,0.39,2025-03-13,1206,N,nominal,2.0NRT,299.45,5.69,D
-5.91767,24.58496,346.02,0.5,0.41,2025-03-13,1206,N,nominal,2.0NRT,302.06,6.17,D
-6.56589,20.42598,345.61,0.39,0.36,2025-03-13,1206,N,nominal,2.0NRT,298.54,6.92,D
-6.95516,17.7792,334.04,0.46,0.39,2025-03-13,1206,N,low,2.0NRT,300.21,4.33,D
-5.91089,24.57927,336.8,0.5,0.41,2025-03-13,1206,N,nominal,2.0NRT,302.13,3.99,D
-5.85046,24.92496,338.87,0.52,0.42,2025-03-13,1206,N,nominal,2.0NRT,303.97,7.08,D
-6.04058,23.75473,330.19,0.45,0.39,2025-03-13,1206,N,nominal,2.0NRT,299.92,3.95,D
-6.15377,23.04621,337.69,0.42,0.38,2025-03-13,1206,N,nominal,2.0NRT,295.82,4.97,D
-7.29524,15.29346,328.67,0.44,0.46,2025-03-13,1206,N,nominal,2.0NRT,292.27,3.36,D
-6.38717,21.50965,332.69,0.39,0.36,2025-03-13,1206,N,nominal,2.0NRT,298.26,1.55,D
-5.91078,24.58024,337.1,0.5,0.41,2025-03-13,1206,N,nominal,2.0NRT,301.3,2.35,D
-6.01568,23.90767,331.19,0.46,0.39,2025-03-13,1206,N,nominal,2.0NRT,298.95,2.57,D
-5.85257,24.92667,339.87,0.52,0.42,2025-03-13,1206,N,nominal,2.0NRT,301.05,3.09,D
-5.98516,24.03176,333.11,0.47,0.4,2025-03-13,1206,N,nominal,2.0NRT,299.04,4.92,D
-6.01263,23.85585,330.49,0.46,0.39,2025-03-13,1206,N,nominal,2.0NRT,299.94,2.22,D
-5.8785,24.68735,339.76,0.51,0.41,2025-03-13,1206,N,nominal,2.0NRT,301.87,3.99,D
-7.49507,13.90736,346.11,0.54,0.51,2025-03-13,1206,N,nominal,2.0NRT,287.45,6.3,D
-6.00346,23.86711,334.39,0.46,0.39,2025-03-13,1206,N,nominal,2.0NRT,299.92,3.98,D
-7.49035,13.9069,328.23,0.54,0.51,2025-03-13,1206,N,nominal,2.0NRT,285.08,6.3,D
-6.92985,17.7502,332.98,0.47,0.39,2025-03-13,1206,N,low,2.0NRT,300.64,7.06,D
-6.18972,22.62388,331.07,0.41,0.37,2025-03-13,1206,N,nominal,2.0NRT,299.11,3.23,D
-6.24067,22.29406,342.29,0.4,0.37,2025-03-13,1206,N,nominal,2.0NRT,301.59,4.65,D
-6.43991,20.97155,341.35,0.38,0.36,2025-03-13,1206,N,nominal,2.0NRT,299.79,8.17,D
-6.91759,17.78289,329.99,0.46,0.39,2025-03-13,1206,N,low,2.0NRT,299.91,5.48,D
-6.88455,17.98195,348.57,0.45,0.39,2025-03-13,1206,N,nominal,2.0NRT,297.1,7.61,D
-5.78887,25.10388,331.12,0.54,0.42,2025-03-13,1206,N,nominal,2.0NRT,300.48,2.62,D
-6.70765,19.15014,341.65,0.41,0.37,2025-03-13,1206,N,nominal,2.0NRT,299.12,2.52,D
-6.14707,22.808,330.3,0.42,0.37,2025-03-13,1206,N,nominal,2.0NRT,299.39,1.99,D
-6.90792,17.77289,333.94,0.46,0.39,2025-03-13,1206,N,low,2.0NRT,297.44,9.73,D
-6.22316,22.29503,336.92,0.4,0.37,2025-03-13,1206,N,nominal,2.0NRT,301.36,4.63,D
-6.23488,22.21924,341.89,0.4,0.37,2025-03-13,1206,N,nominal,2.0NRT,298.16,3.17,D
-6.1634,22.65769,331.61,0.41,0.37,2025-03-13,1206,N,nominal,2.0NRT,298.95,2.85,D
-6.3514,21.41746,331.12,0.39,0.36,2025-03-13,1206,N,nominal,2.0NRT,299.77,4.01,D
-6.50382,20.41582,334.12,0.39,0.36,2025-03-13,1206,N,nominal,2.0NRT,299.37,3.03,D
-6.89827,17.76267,331.84,0.46,0.39,2025-03-13,1206,N,low,2.0NRT,298.73,6.66,D
-5.93603,24.05872,331.09,0.47,0.4,2025-03-13,1206,N,nominal,2.0NRT,298.87,3.11,D
-6.14843,22.70867,334.77,0.41,0.37,2025-03-13,1206,N,nominal,2.0NRT,299.57,3.55,D
-6.34806,21.41695,342.6,0.39,0.36,2025-03-13,1206,N,nominal,2.0NRT,299.15,4.01,D
-5.7865,24.97016,337.72,0.53,0.42,2025-03-13,1206,N,nominal,2.0NRT,298.18,4.99,D
-6.13451,22.77532,341.21,0.41,0.37,2025-03-13,1206,N,nominal,2.0NRT,299.23,6.11,D
-5.86846,24.43519,330.31,0.49,0.4,2025-03-13,1206,N,low,2.0NRT,301.36,2.91,D
-6.27872,21.82359,334.56,0.39,0.36,2025-03-13,1206,N,nominal,2.0NRT,300.15,4.16,D
-6.27927,21.82006,334.64,0.39,0.36,2025-03-13,1206,N,nominal,2.0NRT,298.85,2.34,D
-7.19685,15.60199,333.4,0.41,0.45,2025-03-13,1206,N,nominal,2.0NRT,292.85,2.69,D
-5.82701,24.66961,338.62,0.51,0.41,2025-03-13,1206,N,nominal,2.0NRT,301.94,4.57,D
-5.97669,23.73226,338.88,0.45,0.39,2025-03-13,1206,N,nominal,2.0NRT,299.02,9.46,D
-5.99545,23.61392,330.9,0.45,0.39,2025-03-13,1206,N,nominal,2.0NRT,299.22,1.94,D
-6.34555,21.36654,336.84,0.39,0.36,2025-03-13,1206,N,nominal,2.0NRT,298.94,3.24,D
-7.21842,15.41836,343.06,0.43,0.46,2025-03-13,1206,N,nominal,2.0NRT,290.7,4.59,D
-5.76021,25.05933,338.5,0.53,0.42,2025-03-13,1206,N,nominal,2.0NRT,301.58,21.19,D
-5.76098,25.0546,347.45,0.53,0.42,2025-03-13,1206,N,nominal,2.0NRT,307.5,21.19,D
-6.19093,22.34594,333.64,0.4,0.37,2025-03-13,1206,N,nominal,2.0NRT,300.61,1.01,D
-6.20279,22.26964,334.23,0.4,0.37,2025-03-13,1206,N,nominal,2.0NRT,300.79,3.05,D
-5.75634,25.05873,335.17,0.53,0.42,2025-03-13,1206,N,nominal,2.0NRT,307.01,29.37,D
-5.75711,25.05392,340.64,0.53,0.42,2025-03-13,1206,N,nominal,2.0NRT,306.97,29.37,D
-5.75788,25.0492,340.01,0.53,0.42,2025-03-13,1206,N,nominal,2.0NRT,304.08,7.65,D
-7.2046,15.4557,340.23,0.42,0.45,2025-03-13,1206,N,nominal,2.0NRT,294.14,5.88,D
-7.20513,15.45193,347.01,0.42,0.45,2025-03-13,1206,N,nominal,2.0NRT,293.13,5.88,D
-5.75245,25.05815,344.24,0.53,0.42,2025-03-13,1206,N,nominal,2.0NRT,305.38,29.37,D
-5.75324,25.05328,345.28,0.53,0.42,2025-03-13,1206,N,nominal,2.0NRT,305.24,29.37,D
-5.98158,23.63214,333.64,0.45,0.39,2025-03-13,1206,N,nominal,2.0NRT,299.34,3.7,D
-6.20945,22.18213,332.17,0.4,0.37,2025-03-13,1206,N,nominal,2.0NRT,297.01,2.18,D
-5.83532,24.52204,333.41,0.5,0.41,2025-03-13,1206,N,nominal,2.0NRT,300.19,5.31,D
-6.47349,20.43618,334.19,0.39,0.36,2025-03-13,1206,N,nominal,2.0NRT,299.54,4.16,D
-5.91964,23.97399,335.76,0.47,0.39,2025-03-13,1206,N,nominal,2.0NRT,299.84,3.74,D
-6.03313,23.26144,332.32,0.43,0.38,2025-03-13,1206,N,nominal,2.0NRT,298.33,2.46,D
-6.03375,23.25754,343.38,0.43,0.38,2025-03-13,1206,N,nominal,2.0NRT,299.99,3.83,D
-6.13259,22.63008,346.56,0.41,0.37,2025-03-13,1206,N,nominal,2.0NRT,301.16,7.68,D
-5.76186,24.92724,338.88,0.52,0.42,2025-03-13,1206,N,nominal,2.0NRT,301.53,4.61,D
-6.47156,20.40379,339.01,0.39,0.36,2025-03-13,1206,N,nominal,2.0NRT,296.05,4.1,D
-6.12574,22.62902,331.77,0.41,0.37,2025-03-13,1206,N,nominal,2.0NRT,300.63,2.4,D
-5.74723,24.94436,333.35,0.53,0.42,2025-03-13,1206,N,nominal,2.0NRT,300.97,4.18,D
-5.88536,24.09418,340.47,0.47,0.4,2025-03-13,1206,N,nominal,2.0NRT,303.24,21.43,D
-6.45263,20.46155,330.87,0.39,0.36,2025-03-13,1206,N,low,2.0NRT,302.68,3.7,D
-5.88169,24.09361,344.55,0.47,0.4,2025-03-13,1206,N,nominal,2.0NRT,303.14,24.49,D
-6.09974,22.7049,333.61,0.41,0.37,2025-03-13,1206,N,nominal,2.0NRT,298.64,2.71,D
-6.1056,22.66768,333.94,0.41,0.37,2025-03-13,1206,N,nominal,2.0NRT,300.77,3.97,D
-7.14788,15.58776,347.68,0.41,0.45,2025-03-13,1206,N,nominal,2.0NRT,294.21,7.87,D
-5.91898,23.81617,338.29,0.46,0.39,2025-03-13,1206,N,nominal,2.0NRT,299.28,5.17,D
-6.08629,22.7678,348.97,0.41,0.37,2025-03-13,1206,N,nominal,2.0NRT,301.68,9.94,D
-6.10743,22.63379,337.17,0.41,0.37,2025-03-13,1206,N,nominal,2.0NRT,300.32,2.77,D
-6.11034,22.61531,331.45,0.41,0.37,2025-03-13,1206,N,nominal,2.0NRT,300.21,1.97,D
-6.31306,21.3116,337.66,0.39,0.36,2025-03-13,1206,N,nominal,2.0NRT,301.42,4.41,D
-6.64842,19.07703,356.36,0.41,0.37,2025-03-13,1206,N,low,2.0NRT,292.1,57.64,D
-6.64898,19.07326,336.79,0.41,0.37,2025-03-13,1206,N,low,2.0NRT,290.03,4.8,D
-6.41617,20.61268,330.42,0.38,0.36,2025-03-13,1206,N,nominal,2.0NRT,300.82,1.72,D
-6.43668,20.47695,330.99,0.39,0.36,2025-03-13,1206,N,nominal,2.0NRT,299.89,3.78,D
-5.7461,24.94093,339.6,0.53,0.42,2025-03-13,1206,N,nominal,2.0NRT,301.79,3,D
-6.08389,22.76709,346.44,0.41,0.37,2025-03-13,1206,N,nominal,2.0NRT,299.76,7.93,D
-5.9179,23.81641,337.09,0.46,0.39,2025-03-13,1206,N,nominal,2.0NRT,299.37,6.07,D
-6.42604,20.50656,332.58,0.38,0.36,2025-03-13,1206,N,nominal,2.0NRT,297.47,4.17,D
-6.42656,20.50308,343.98,0.39,0.36,2025-03-13,1206,N,nominal,2.0NRT,298.2,4.17,D
-5.9368,23.67114,332.91,0.45,0.39,2025-03-13,1206,N,nominal,2.0NRT,298.93,3.93,D
-6.0994,22.62075,333.3,0.41,0.37,2025-03-13,1206,N,nominal,2.0NRT,298.36,2.52,D
-7.15058,15.5878,351.49,0.41,0.45,2025-03-13,1206,N,nominal,2.0NRT,294.91,7.58,D
-6.09598,22.59749,332.67,0.41,0.37,2025-03-13,1206,N,nominal,2.0NRT,300.33,2.13,D
-6.1011,22.56429,331.15,0.41,0.37,2025-03-13,1206,N,nominal,2.0NRT,299.05,2.25,D
-6.09768,22.56376,332.45,0.41,0.37,2025-03-13,1206,N,nominal,2.0NRT,298.53,2.25,D
-6.33021,21.02508,367,0.38,0.36,2025-03-13,1206,N,high,2.0NRT,295.62,10.68,D
-6.39566,20.59452,330.38,0.38,0.36,2025-03-13,1206,N,low,2.0NRT,301.79,2.66,D
-5.92807,23.58615,331.34,0.45,0.39,2025-03-13,1206,N,nominal,2.0NRT,299.79,3.18,D
-5.74787,24.70612,336.77,0.51,0.41,2025-03-13,1206,N,nominal,2.0NRT,296.73,3.4,D
-6.08743,22.53945,335.09,0.41,0.37,2025-03-13,1206,N,nominal,2.0NRT,299.48,6.13,D
-5.88025,23.84407,339.85,0.46,0.39,2025-03-13,1206,N,nominal,2.0NRT,297.34,4.51,D
-6.08801,22.51307,331.8,0.41,0.37,2025-03-13,1206,N,low,2.0NRT,301.94,1.6,D
-7.1258,15.55327,331.17,0.42,0.45,2025-03-13,1206,N,nominal,2.0NRT,293.65,8.39,D
-5.98232,23.16972,334.63,0.43,0.38,2025-03-13,1206,N,nominal,2.0NRT,299.5,2.75,D
-7.12161,15.55276,354.57,0.42,0.45,2025-03-13,1206,N,nominal,2.0NRT,295.78,8.39,D
-6.11572,22.28908,335.12,0.4,0.37,2025-03-13,1206,N,nominal,2.0NRT,302.98,4.54,D
-6.03675,22.77523,333.73,0.42,0.37,2025-03-13,1206,N,nominal,2.0NRT,299.08,3.8,D
-5.74942,24.57457,335.06,0.5,0.41,2025-03-13,1206,N,nominal,2.0NRT,302.07,5.25,D
-5.86118,23.87097,332.9,0.46,0.39,2025-03-13,1206,N,nominal,2.0NRT,299.12,4.57,D
-6.14016,22.08617,342.31,0.4,0.37,2025-03-13,1206,N,nominal,2.0NRT,300.37,3.56,D
-6.36309,20.60735,334.26,0.38,0.36,2025-03-13,1206,N,nominal,2.0NRT,298.45,1.9,D
-5.84066,23.95352,334.41,0.47,0.39,2025-03-13,1206,N,nominal,2.0NRT,298.1,3.01,D
-6.16651,21.87084,332.81,0.39,0.36,2025-03-13,1206,N,nominal,2.0NRT,301.35,2.81,D
-5.6011,25.42299,333.16,0.56,0.43,2025-03-13,1206,N,nominal,2.0NRT,298.72,4.42,D
-5.67753,24.92541,336.17,0.53,0.42,2025-03-13,1206,N,nominal,2.0NRT,304.14,8.68,D
-5.6783,24.92063,341.37,0.53,0.42,2025-03-13,1206,N,nominal,2.0NRT,306.92,15.37,D
-6.11329,22.17035,334.15,0.4,0.37,2025-03-13,1206,N,nominal,2.0NRT,300.9,2.44,D
-5.6729,24.92964,332.16,0.53,0.42,2025-03-13,1206,N,low,2.0NRT,303.76,8.68,D
-5.70024,24.76016,335.75,0.51,0.41,2025-03-13,1206,N,nominal,2.0NRT,299.87,5.73,D
-6.57812,19.0815,341.57,0.41,0.37,2025-03-13,1206,N,nominal,2.0NRT,293.08,5.75,D
-5.34581,26.90075,342.07,0.47,0.48,2025-03-13,1206,N,nominal,2.0NRT,294.19,8.13,D
-6.24647,21.2614,334.25,0.39,0.36,2025-03-13,1206,N,nominal,2.0NRT,299.33,1.67,D
-6.7059,18.16378,335.34,0.44,0.39,2025-03-13,1206,N,low,2.0NRT,294.24,11.44,D
-6.83701,17.25842,332.31,0.49,0.4,2025-03-13,1206,N,low,2.0NRT,295.95,4.06,D
-6.03316,22.5953,350.22,0.41,0.37,2025-03-13,1206,N,nominal,2.0NRT,301.47,6.01,D
-6.03779,22.56571,333.66,0.41,0.37,2025-03-13,1206,N,nominal,2.0NRT,299.99,3.75,D
-6.03837,22.56203,337.87,0.41,0.37,2025-03-13,1206,N,nominal,2.0NRT,300.78,3.75,D
-6.34139,20.59341,337.98,0.38,0.36,2025-03-13,1206,N,nominal,2.0NRT,304.3,2.59,D
-5.65438,24.9464,331.66,0.53,0.42,2025-03-13,1206,N,low,2.0NRT,302.61,3.96,D
-5.94646,23.12415,341.78,0.43,0.38,2025-03-13,1206,N,nominal,2.0NRT,300.83,5.92,D
-6.07043,22.33434,339.88,0.4,0.37,2025-03-13,1206,N,nominal,2.0NRT,297.66,2.95,D
-6.09075,22.20388,334.49,0.4,0.37,2025-03-13,1206,N,nominal,2.0NRT,300.89,1.85,D
-6.82954,17.25733,344.73,0.49,0.4,2025-03-13,1206,N,nominal,2.0NRT,294.95,12.68,D
-6.28464,20.92224,333.18,0.38,0.36,2025-03-13,1206,N,nominal,2.0NRT,298.49,2.3,D
-5.93946,23.12311,344.82,0.43,0.38,2025-03-13,1206,N,nominal,2.0NRT,299.74,5.18,D
-6.81951,17.27409,331.56,0.49,0.4,2025-03-13,1206,N,low,2.0NRT,296.09,5.17,D
-6.30225,20.76152,337.73,0.38,0.36,2025-03-13,1206,N,nominal,2.0NRT,301.82,3.35,D
-6.30438,20.74768,342.9,0.38,0.36,2025-03-13,1206,N,nominal,2.0NRT,301.1,5.9,D
-5.96044,22.94535,335.23,0.42,0.38,2025-03-13,1206,N,nominal,2.0NRT,298.76,3.17,D
-5.85182,23.58255,350.05,0.45,0.39,2025-03-13,1206,N,nominal,2.0NRT,299.7,6.18,D
-5.84825,23.58203,343.9,0.45,0.39,2025-03-13,1206,N,nominal,2.0NRT,302.74,8.04,D
-5.84889,23.57799,334.13,0.45,0.39,2025-03-13,1206,N,nominal,2.0NRT,299.5,3.82,D
-5.93607,23.03172,337.25,0.42,0.38,2025-03-13,1206,N,nominal,2.0NRT,300.9,6.94,D
-5.98463,22.72501,341.66,0.41,0.37,2025-03-13,1206,N,nominal,2.0NRT,299.68,4.85,D
-5.70743,24.42942,332.1,0.49,0.41,2025-03-13,1206,N,nominal,2.0NRT,300.36,4.31,D
-6.00929,22.54627,332.4,0.41,0.37,2025-03-13,1206,N,nominal,2.0NRT,297.55,1.6,D
-6.17388,21.48972,335.67,0.39,0.36,2025-03-13,1206,N,nominal,2.0NRT,296.77,4.99,D
-5.84988,23.58322,347.3,0.45,0.39,2025-03-13,1206,N,nominal,2.0NRT,302.79,11.52,D
-5.85051,23.57916,340.8,0.45,0.39,2025-03-13,1206,N,nominal,2.0NRT,300.54,7.23,D
-6.0099,22.5466,334.83,0.41,0.37,2025-03-13,1206,N,nominal,2.0NRT,296.83,1.73,D
-6.26161,20.90081,331.69,0.38,0.36,2025-03-13,1206,N,nominal,2.0NRT,297.78,2.44,D
-6.04087,22.32241,345.47,0.4,0.37,2025-03-13,1206,N,nominal,2.0NRT,301.56,5.56,D
-5.69906,24.50345,333.29,0.5,0.41,2025-03-13,1206,N,nominal,2.0NRT,301.02,3.14,D
-6.04803,22.23066,332.89,0.4,0.37,2025-03-13,1206,N,nominal,2.0NRT,298.66,1.27,D
-6.18752,21.31997,336.51,0.39,0.36,2025-03-13,1206,N,nominal,2.0NRT,300.05,3.4,D
-6.22664,21.04111,332.76,0.38,0.36,2025-03-13,1206,N,nominal,2.0NRT,298.4,2.67,D
-6.53465,19.00303,331.31,0.41,0.37,2025-03-13,1206,N,nominal,2.0NRT,293.5,3.5,D
-5.61971,24.93366,335.88,0.53,0.42,2025-03-13,1206,N,nominal,2.0NRT,303.14,3.66,D
-5.67531,24.53199,331.4,0.5,0.41,2025-03-13,1206,N,low,2.0NRT,301.44,3.95,D
-6.64839,18.16882,340.66,0.44,0.39,2025-03-13,1206,N,low,2.0NRT,300.87,6.74,D
-6.50857,19.06007,342.98,0.41,0.37,2025-03-13,1206,N,nominal,2.0NRT,299.94,5.92,D
-5.59361,24.97349,349.07,0.53,0.42,2025-03-13,1206,N,nominal,2.0NRT,302.97,9.82,D
-5.92821,22.82435,331.25,0.42,0.37,2025-03-13,1206,N,nominal,2.0NRT,298.38,2.23,D
-5.57581,24.98565,337.93,0.53,0.42,2025-03-13,1206,N,nominal,2.0NRT,302.44,34.5,D
-5.67604,24.35788,331.52,0.49,0.4,2025-03-13,1206,N,nominal,2.0NRT,298.57,4.09,D
-6.05843,21.91615,334.28,0.39,0.36,2025-03-13,1206,N,nominal,2.0NRT,300.85,2.45,D
-6.05899,21.91258,340.49,0.39,0.36,2025-03-13,1206,N,nominal,2.0NRT,301.89,2.45,D
-5.45653,25.70072,334.04,0.39,0.44,2025-03-13,1206,N,nominal,2.0NRT,301.23,4.42,D
-5.99724,22.2896,335.62,0.4,0.37,2025-03-13,1206,N,nominal,2.0NRT,302.13,2.77,D
-5.45077,25.7106,339.88,0.39,0.44,2025-03-13,1206,N,nominal,2.0NRT,298.66,7.29,D
-5.45134,25.70705,348.29,0.39,0.44,2025-03-13,1206,N,nominal,2.0NRT,304.93,8.83,D
-5.86604,23.10835,332.11,0.43,0.38,2025-03-13,1206,N,nominal,2.0NRT,300.34,2.69,D
-5.96832,22.45343,330.95,0.41,0.37,2025-03-13,1206,N,low,2.0NRT,301.09,2.51,D
-6.12386,21.44611,332.16,0.39,0.36,2025-03-13,1206,N,low,2.0NRT,304.09,2.98,D
-6.97929,15.65076,353.79,0.41,0.45,2025-03-13,1206,N,nominal,2.0NRT,293.81,8.87,D
-6.99289,15.55493,340.03,0.41,0.45,2025-03-13,1206,N,nominal,2.0NRT,295.08,12.89,D
-5.44614,25.71347,367,0.39,0.44,2025-03-13,1206,N,high,2.0NRT,299.93,7.29,D
-5.42029,25.87236,341.48,0.4,0.44,2025-03-13,1206,N,nominal,2.0NRT,294.69,8.24,D
-5.44555,25.71707,346.17,0.39,0.44,2025-03-13,1206,N,nominal,2.0NRT,294.93,5.93,D
-5.44672,25.70989,333.3,0.39,0.44,2025-03-13,1206,N,nominal,2.0NRT,301.07,7.29,D
-5.4473,25.70634,335.77,0.39,0.44,2025-03-13,1206,N,nominal,2.0NRT,304.38,8.83,D
-5.64847,24.4587,333.87,0.5,0.41,2025-03-13,1206,N,nominal,2.0NRT,300.3,2.02,D
-5.96832,22.43093,334.24,0.41,0.37,2025-03-13,1206,N,nominal,2.0NRT,300.55,2.46,D
-6.6759,17.73232,330.06,0.46,0.39,2025-03-13,1206,N,nominal,2.0NRT,301.33,4.59,D
-6.97515,15.65023,341.84,0.41,0.45,2025-03-13,1206,N,nominal,2.0NRT,292.68,8.87,D
-5.44325,25.70566,367,0.39,0.44,2025-03-13,1206,N,high,2.0NRT,301.37,14.37,D
-5.44209,25.71278,330.64,0.39,0.44,2025-03-13,1206,N,nominal,2.0NRT,297.07,5.62,D
-5.44267,25.70922,350.51,0.39,0.44,2025-03-13,1206,N,nominal,2.0NRT,300.67,5.62,D
-5.59999,24.71264,331.37,0.51,0.41,2025-03-13,1206,N,nominal,2.0NRT,298.99,5,D
-6.30684,20.1528,352,0.39,0.36,2025-03-13,1206,N,low,2.0NRT,302.87,9.67,D
-5.47951,25.40725,333.53,0.56,0.43,2025-03-13,1206,N,nominal,2.0NRT,299.1,4.14,D
-5.48033,25.40221,334.71,0.56,0.43,2025-03-13,1206,N,nominal,2.0NRT,297.12,4.14,D
-5.87697,22.9251,330.29,0.42,0.38,2025-03-13,1206,N,nominal,2.0NRT,298.79,2.2,D
-5.95696,22.39181,340.11,0.4,0.37,2025-03-13,1206,N,nominal,2.0NRT,302.2,6.49,D
-6.95549,15.63998,344.42,0.41,0.45,2025-03-13,1206,N,nominal,2.0NRT,293.84,9.16,D
-5.59371,24.65501,337.43,0.51,0.41,2025-03-13,1206,N,nominal,2.0NRT,300.7,2.76,D
-6.24049,20.5246,338.4,0.38,0.36,2025-03-13,1206,N,nominal,2.0NRT,300.9,3.61,D
-5.84235,23.07689,330.03,0.43,0.38,2025-03-13,1206,N,low,2.0NRT,300.49,1.92,D
-6.45277,19.08198,331.35,0.41,0.37,2025-03-13,1206,N,nominal,2.0NRT,297.23,3.06,D
-7.11152,14.44997,327.01,0.49,0.49,2025-03-13,1206,N,nominal,2.0NRT,291.01,3.85,D
-5.50964,25.07462,336.58,0.54,0.42,2025-03-13,1206,N,nominal,2.0NRT,298.55,2.22,D
-5.56651,24.72653,339.64,0.51,0.41,2025-03-13,1206,N,nominal,2.0NRT,300.59,3.92,D
-6.01911,21.88099,332,0.39,0.36,2025-03-13,1206,N,nominal,2.0NRT,298.86,3.77,D
-5.57099,24.67505,336.09,0.51,0.41,2025-03-13,1206,N,nominal,2.0NRT,303.2,4.86,D
-5.59549,24.52457,332.18,0.5,0.41,2025-03-13,1206,N,nominal,2.0NRT,299.4,1.72,D
-5.59621,24.52014,336.74,0.5,0.41,2025-03-13,1206,N,nominal,2.0NRT,302.13,2.26,D
-5.98576,22.07336,332.8,0.4,0.37,2025-03-13,1206,N,nominal,2.0NRT,301.23,1.68,D
-5.56643,24.67912,333.63,0.51,0.41,2025-03-13,1206,N,nominal,2.0NRT,303.32,6.5,D
-6.01405,21.86926,332.98,0.39,0.36,2025-03-13,1206,N,nominal,2.0NRT,300.96,3.16,D
-6.07713,21.43901,330.93,0.39,0.36,2025-03-13,1206,N,nominal,2.0NRT,299.32,1.43,D
-5.50894,25.07655,330.9,0.54,0.42,2025-03-13,1206,N,nominal,2.0NRT,298.2,3.09,D
-5.57153,24.67665,333.05,0.51,0.41,2025-03-13,1206,N,nominal,2.0NRT,302.07,3.97,D
-5.59578,24.5214,342.12,0.5,0.41,2025-03-13,1206,N,nominal,2.0NRT,301.29,3.56,D
-5.567,24.68075,333.58,0.51,0.41,2025-03-13,1206,N,nominal,2.0NRT,302.78,4.27,D
-5.56772,24.67612,331.9,0.51,0.41,2025-03-13,1206,N,low,2.0NRT,305.18,3.97,D
-6.21219,20.42358,332.64,0.39,0.36,2025-03-13,1206,N,nominal,2.0NRT,298.9,3.65,D
-6.21271,20.42011,332.81,0.39,0.36,2025-03-13,1206,N,nominal,2.0NRT,297.98,3.65,D
-5.91477,22.34757,336.18,0.4,0.37,2025-03-13,1206,N,nominal,2.0NRT,300.88,4.31,D
-6.09052,21.20116,330.11,0.39,0.36,2025-03-13,1206,N,nominal,2.0NRT,298.71,2.06,D
-6.20358,20.45789,340.19,0.38,0.36,2025-03-13,1206,N,nominal,2.0NRT,304.05,8.05,D
-5.81442,22.97396,333.99,0.42,0.38,2025-03-13,1206,N,nominal,2.0NRT,300.29,2.93,D
-6.19919,20.46435,337.15,0.38,0.36,2025-03-13,1206,N,nominal,2.0NRT,301.23,5.29,D
-6.89475,15.78163,339.89,0.4,0.44,2025-03-13,1206,N,nominal,2.0NRT,291.18,5.84,D
-5.53317,24.7469,339.43,0.52,0.41,2025-03-13,1206,N,nominal,2.0NRT,299.58,6.66,D
-5.86358,22.61105,331.52,0.41,0.37,2025-03-13,1206,N,nominal,2.0NRT,299.96,2.52,D
-5.97506,21.88828,332.65,0.39,0.36,2025-03-13,1206,N,nominal,2.0NRT,300.91,3.01,D
-5.97169,21.88775,334.57,0.39,0.36,2025-03-13,1206,N,nominal,2.0NRT,301.29,3.01,D
-5.52987,24.69378,343.16,0.51,0.41,2025-03-13,1206,N,nominal,2.0NRT,302.23,5.79,D
-5.69496,23.64727,334.92,0.45,0.39,2025-03-13,1206,N,nominal,2.0NRT,299.44,1.74,D
-5.4916,24.90981,333.29,0.53,0.42,2025-03-13,1206,N,nominal,2.0NRT,301.81,3.44,D
-5.35534,25.73512,340.25,0.4,0.44,2025-03-13,1206,N,nominal,2.0NRT,297.99,6.3,D
-5.35591,25.73153,353.61,0.4,0.44,2025-03-13,1206,N,nominal,2.0NRT,300.41,6.3,D
-5.35649,25.72796,340.17,0.4,0.44,2025-03-13,1206,N,nominal,2.0NRT,297.43,3.78,D
-5.54344,24.55943,333.49,0.5,0.41,2025-03-13,1206,N,nominal,2.0NRT,301.5,2.46,D
-5.89995,22.28565,335.25,0.4,0.37,2025-03-13,1206,N,nominal,2.0NRT,300.16,4.31,D
-6.17343,20.49957,332.19,0.38,0.36,2025-03-13,1206,N,nominal,2.0NRT,301.92,3.98,D
-6.48728,18.40432,334.33,0.43,0.38,2025-03-13,1206,N,nominal,2.0NRT,299.18,3.55,D
-5.93012,22.06801,330.48,0.4,0.37,2025-03-13,1206,N,low,2.0NRT,301.12,3.58,D
-6.18011,20.43298,334.41,0.39,0.36,2025-03-13,1206,N,nominal,2.0NRT,299.82,3.33,D
-5.47772,24.92238,331.29,0.53,0.42,2025-03-13,1206,N,low,2.0NRT,301.6,3.06,D
-5.47849,24.91763,331.26,0.53,0.42,2025-03-13,1206,N,low,2.0NRT,303.5,3.06,D
-5.55748,24.42262,345.71,0.5,0.41,2025-03-13,1206,N,nominal,2.0NRT,300.28,13.58,D
-5.64134,23.89385,331.7,0.46,0.39,2025-03-13,1206,N,nominal,2.0NRT,297.86,2.69,D
-6.04884,21.27319,337.3,0.39,0.36,2025-03-13,1206,N,nominal,2.0NRT,297.94,2.12,D
-5.46691,24.94045,346.93,0.53,0.42,2025-03-13,1206,N,nominal,2.0NRT,304.61,12.4,D
-5.52168,24.57447,338.04,0.51,0.41,2025-03-13,1206,N,nominal,2.0NRT,302.15,6.49,D
-6.14836,20.55267,330.03,0.38,0.36,2025-03-13,1206,N,low,2.0NRT,300.16,3.86,D
-5.37494,25.43509,347.36,0.57,0.43,2025-03-13,1206,N,nominal,2.0NRT,297.28,10.03,D
-5.47375,24.82431,332.99,0.52,0.42,2025-03-13,1206,N,nominal,2.0NRT,300.33,5.5,D
-5.52574,24.50089,333.44,0.5,0.41,2025-03-13,1206,N,nominal,2.0NRT,299.25,3.03,D
-5.89587,22.15506,334.64,0.4,0.37,2025-03-13,1206,N,nominal,2.0NRT,302.38,3.09,D
-5.5507,24.32125,336.04,0.49,0.4,2025-03-13,1206,N,nominal,2.0NRT,296.2,3.29,D
-6.37272,18.98661,341.27,0.41,0.37,2025-03-13,1206,N,nominal,2.0NRT,297.07,6.62,D
-5.33385,25.63669,355.48,0.39,0.44,2025-03-13,1206,N,nominal,2.0NRT,304.12,25.29,D
-5.3298,25.63606,353.95,0.39,0.44,2025-03-13,1206,N,nominal,2.0NRT,300.09,6.3,D
-5.44528,24.90275,347.11,0.53,0.42,2025-03-13,1206,N,nominal,2.0NRT,302.29,13.26,D
-5.55159,24.2445,331.41,0.48,0.4,2025-03-13,1206,N,nominal,2.0NRT,300.05,2.73,D
-5.56975,24.13144,336.81,0.48,0.4,2025-03-13,1206,N,nominal,2.0NRT,297.82,4.43,D
-5.85803,22.30897,330.01,0.4,0.37,2025-03-13,1206,N,nominal,2.0NRT,301.87,1.74,D
-7.07661,13.91889,328.18,0.53,0.5,2025-03-13,1206,N,nominal,2.0NRT,293.08,4.97,D
-5.4788,24.6478,337.64,0.51,0.41,2025-03-13,1206,N,nominal,2.0NRT,302.85,5.62,D
-5.88622,22.0834,336.59,0.4,0.37,2025-03-13,1206,N,nominal,2.0NRT,300.87,3.43,D
-5.97675,21.49832,340.85,0.39,0.36,2025-03-13,1206,N,nominal,2.0NRT,297.03,1.81,D
-6.0126,21.24272,337.25,0.39,0.36,2025-03-13,1206,N,nominal,2.0NRT,299.61,2.38,D
-5.39496,25.11366,347.91,0.54,0.42,2025-03-13,1206,N,nominal,2.0NRT,298.79,18.68,D
-5.4667,24.67428,346.62,0.51,0.41,2025-03-13,1206,N,nominal,2.0NRT,301.96,5.78,D
-5.46746,24.66961,336.51,0.51,0.41,2025-03-13,1206,N,nominal,2.0NRT,303.15,4.47,D
-6.81141,15.75027,331.99,0.4,0.44,2025-03-13,1206,N,nominal,2.0NRT,293.04,2.32,D
-6.54338,17.59281,347.21,0.47,0.4,2025-03-13,1206,N,nominal,2.0NRT,299.42,8.67,D
-5.83537,22.29797,331.29,0.4,0.37,2025-03-13,1206,N,nominal,2.0NRT,300.66,2.43,D
-5.93008,21.66754,335.92,0.39,0.36,2025-03-13,1206,N,nominal,2.0NRT,301.21,3.35,D
-5.39595,25.11057,336.64,0.54,0.42,2025-03-13,1206,N,nominal,2.0NRT,304.03,19.41,D
-5.46478,24.67049,333.79,0.51,0.41,2025-03-13,1206,N,nominal,2.0NRT,302.61,4.25,D
-6.54398,17.59371,334.17,0.47,0.4,2025-03-13,1206,N,nominal,2.0NRT,297.93,5.26,D
-6.09153,20.57521,333.72,0.38,0.36,2025-03-13,1206,N,nominal,2.0NRT,300.24,3.76,D
-6.54033,17.59315,334.75,0.47,0.4,2025-03-13,1206,N,nominal,2.0NRT,296.7,5.26,D
-5.82194,22.31767,342.65,0.4,0.37,2025-03-13,1206,N,nominal,2.0NRT,303.38,9.46,D
-5.82643,22.28848,332.23,0.4,0.37,2025-03-13,1206,N,nominal,2.0NRT,302.28,2.64,D
-6.39783,18.49839,349.26,0.43,0.38,2025-03-13,1206,N,nominal,2.0NRT,301.23,18.2,D
-6.52607,17.63882,333.58,0.47,0.39,2025-03-13,1206,N,nominal,2.0NRT,298.53,3.64,D
-6.38282,18.57487,334.62,0.42,0.38,2025-03-13,1206,N,low,2.0NRT,300.44,9.11,D
-5.79929,22.35161,333.15,0.4,0.37,2025-03-13,1206,N,nominal,2.0NRT,299.32,3.52,D
-5.79985,22.34795,333.88,0.4,0.37,2025-03-13,1206,N,nominal,2.0NRT,299.67,3.06,D
-6.37177,18.55339,331.19,0.43,0.38,2025-03-13,1206,N,nominal,2.0NRT,297.69,4.16,D
-6.38608,18.43325,331.49,0.43,0.38,2025-03-13,1206,N,low,2.0NRT,290.36,3.16,D
-6.38665,18.42937,336.16,0.43,0.38,2025-03-13,1206,N,low,2.0NRT,293.01,5.12,D
-6.05158,20.63664,336.2,0.38,0.36,2025-03-13,1206,N,nominal,2.0NRT,299.78,3.49,D
-5.77319,22.43004,333.69,0.41,0.37,2025-03-13,1206,N,nominal,2.0NRT,296.6,1.75,D
-5.79132,22.31287,334.99,0.4,0.37,2025-03-13,1206,N,nominal,2.0NRT,303.35,5.07,D
-5.38617,24.87039,332.65,0.53,0.42,2025-03-13,1206,N,nominal,2.0NRT,302.31,6.41,D
-5.68104,23.00031,338.76,0.43,0.38,2025-03-13,1206,N,nominal,2.0NRT,302.62,4.55,D
-5.79749,22.2505,331.34,0.4,0.37,2025-03-13,1206,N,nominal,2.0NRT,300.29,1.97,D
-5.80476,22.20347,334.63,0.4,0.37,2025-03-13,1206,N,nominal,2.0NRT,299.53,2.73,D
-5.87594,21.74166,332.21,0.39,0.36,2025-03-13,1206,N,nominal,2.0NRT,297.99,1.84,D
-6.05968,20.53843,331.39,0.38,0.36,2025-03-13,1206,N,nominal,2.0NRT,299.62,2.61,D
-6.51327,17.49776,332.13,0.47,0.4,2025-03-13,1206,N,low,2.0NRT,302.32,7.79,D
-6.57126,17.10147,336.78,0.5,0.41,2025-03-13,1206,N,nominal,2.0NRT,301.48,6.58,D
-5.42033,24.60689,336.58,0.51,0.41,2025-03-13,1206,N,nominal,2.0NRT,299.03,2.79,D
-5.41654,24.6063,335.1,0.51,0.41,2025-03-13,1206,N,nominal,2.0NRT,297.5,2.79,D
-5.35843,24.9448,339.54,0.53,0.42,2025-03-13,1206,N,nominal,2.0NRT,303.12,9.93,D
-5.37378,24.84915,333.38,0.53,0.42,2025-03-13,1206,N,nominal,2.0NRT,301.5,4.02,D
-5.43025,24.49616,330.23,0.5,0.41,2025-03-13,1206,N,low,2.0NRT,302.02,4.55,D
-5.45319,24.35231,335.23,0.49,0.4,2025-03-13,1206,N,nominal,2.0NRT,299.88,19.26,D
-5.36992,24.84857,335.32,0.53,0.42,2025-03-13,1206,N,nominal,2.0NRT,302.34,4.02,D
-5.44946,24.3517,336.02,0.49,0.4,2025-03-13,1206,N,nominal,2.0NRT,300.79,19.26,D
-5.45017,24.34723,334.18,0.49,0.4,2025-03-13,1206,N,nominal,2.0NRT,302.67,19.26,D
-5.41768,24.52643,335.21,0.5,0.41,2025-03-13,1206,N,nominal,2.0NRT,300.95,6.14,D
-5.75898,22.29674,339.45,0.4,0.37,2025-03-13,1206,N,nominal,2.0NRT,301.05,7.46,D
-5.78434,22.13362,341.13,0.4,0.37,2025-03-13,1206,N,nominal,2.0NRT,300.96,6.03,D
-5.31232,25.08221,338.83,0.54,0.42,2025-03-13,1206,N,nominal,2.0NRT,299.21,5.1,D
-5.786,22.10063,330.94,0.4,0.37,2025-03-13,1206,N,nominal,2.0NRT,300.29,2.82,D
-5.30841,25.08159,332.03,0.54,0.42,2025-03-13,1206,N,nominal,2.0NRT,299.85,5.1,D
-5.38548,24.60604,331.06,0.51,0.41,2025-03-13,1206,N,nominal,2.0NRT,299.27,3.55,D
-5.57182,23.44229,331.47,0.44,0.39,2025-03-13,1206,N,nominal,2.0NRT,299.08,3.35,D
-6.53056,17.09112,330,0.5,0.41,2025-03-13,1206,N,nominal,2.0NRT,296.29,1.84,D
-7.17599,12.3864,338.24,0.34,0.56,2025-03-13,1206,N,nominal,2.0NRT,289.01,3.28,D
-5.28713,25.11367,340.8,0.55,0.42,2025-03-13,1206,N,nominal,2.0NRT,303.46,3.7,D
-5.74764,22.14652,334.83,0.4,0.37,2025-03-13,1206,N,nominal,2.0NRT,302.47,3.54,D
-5.28704,25.11582,345.24,0.55,0.42,2025-03-13,1206,N,nominal,2.0NRT,303.25,10.14,D
-5.35551,24.60307,337.65,0.51,0.41,2025-03-13,1206,N,nominal,2.0NRT,296.12,4.89,D
-5.72729,22.18372,345.68,0.4,0.37,2025-03-13,1206,N,nominal,2.0NRT,301.21,5.13,D
-7.17466,12.38781,334.1,0.34,0.56,2025-03-13,1206,N,nominal,2.0NRT,288.82,3.24,D
-6.29424,18.41986,331.39,0.43,0.38,2025-03-13,1206,N,low,2.0NRT,305.73,4.41,D
-6.29597,18.40825,330.18,0.43,0.38,2025-03-13,1206,N,low,2.0NRT,301.61,6.01,D
-5.81735,21.55168,330.36,0.39,0.36,2025-03-13,1206,N,nominal,2.0NRT,300.25,2.93,D
-5.30481,24.80093,338.29,0.52,0.42,2025-03-13,1206,N,nominal,2.0NRT,301.31,9.9,D
-6.26703,18.53041,333.91,0.43,0.38,2025-03-13,1206,N,nominal,2.0NRT,297.28,4.44,D
-5.78387,21.6583,330.75,0.39,0.36,2025-03-13,1206,N,nominal,2.0NRT,299.26,3.23,D
-5.82897,21.34179,335.52,0.39,0.36,2025-03-13,1206,N,nominal,2.0NRT,298.02,2.6,D
-6.7436,15.16138,329,0.44,0.46,2025-03-13,1206,N,nominal,2.0NRT,293.8,2.77,D
-5.83205,21.2994,333.9,0.39,0.36,2025-03-13,1206,N,nominal,2.0NRT,299.41,3.61,D
-6.40187,17.46949,331.78,0.47,0.4,2025-03-13,1206,N,low,2.0NRT,298.37,8.88,D
-6.39821,17.46892,350.54,0.47,0.4,2025-03-13,1206,N,low,2.0NRT,301.56,8.88,D
-5.2433,24.98805,332.37,0.54,0.42,2025-03-13,1206,N,nominal,2.0NRT,299.67,4.95,D
-6.23971,18.52229,347.65,0.43,0.38,2025-03-13,1206,N,low,2.0NRT,298.36,24.42,D
-5.81484,21.30037,345.06,0.39,0.36,2025-03-13,1206,N,nominal,2.0NRT,298.52,3.83,D
-5.81644,21.2899,336.17,0.39,0.36,2025-03-13,1206,N,nominal,2.0NRT,298.65,3.08,D
-5.84841,21.08095,332.47,0.38,0.36,2025-03-13,1206,N,nominal,2.0NRT,298.54,2.43,D
-5.25717,24.75448,339.7,0.52,0.42,2025-03-13,1206,N,nominal,2.0NRT,301.69,10.58,D
-5.91697,20.54107,330.54,0.38,0.36,2025-03-13,1206,N,nominal,2.0NRT,299.64,2.01,D
-6.63218,15.6161,333.27,0.41,0.45,2025-03-13,1206,N,nominal,2.0NRT,290.2,4.61,D
-6.63269,15.61242,335.08,0.41,0.45,2025-03-13,1206,N,nominal,2.0NRT,291.15,3.96,D
-7.06582,12.41116,333.88,0.34,0.56,2025-03-13,1206,N,nominal,2.0NRT,289.59,2.58,D
-5.615,22.43562,332.17,0.41,0.37,2025-03-13,1206,N,nominal,2.0NRT,299.33,3.47,D
-5.59652,22.5312,337,0.41,0.37,2025-03-13,1206,N,nominal,2.0NRT,299.69,4.24,D
-5.86675,20.78193,334.24,0.38,0.36,2025-03-13,1206,N,nominal,2.0NRT,298.59,2.14,D
-5.89771,20.5559,335.2,0.38,0.36,2025-03-13,1206,N,nominal,2.0NRT,299.39,2.13,D
-5.62654,22.29481,339.28,0.4,0.37,2025-03-13,1206,N,nominal,2.0NRT,300.81,3.59,D
-5.71698,21.69144,338.41,0.39,0.36,2025-03-13,1206,N,nominal,2.0NRT,303.17,7.88,D
-6.2306,18.26665,332.62,0.44,0.38,2025-03-13,1206,N,low,2.0NRT,300.41,8.9,D
-6.23289,18.25088,351.63,0.44,0.38,2025-03-13,1206,N,nominal,2.0NRT,305.18,17.49,D
-5.71308,21.69448,334.63,0.39,0.36,2025-03-13,1206,N,nominal,2.0NRT,301.57,3.57,D
-5.70972,21.69396,338.22,0.39,0.36,2025-03-13,1206,N,nominal,2.0NRT,299.96,3.57,D
-5.70832,21.69353,333.83,0.39,0.36,2025-03-13,1206,N,nominal,2.0NRT,299.84,4.65,D
-5.87418,20.60531,332.22,0.38,0.36,2025-03-13,1206,N,nominal,2.0NRT,298.79,2.23,D
-5.70216,21.68893,334.02,0.39,0.36,2025-03-13,1206,N,nominal,2.0NRT,299.31,3.95,D
-5.87596,20.54878,333.84,0.38,0.36,2025-03-13,1206,N,nominal,2.0NRT,298.9,2.41,D
-5.56775,22.5421,336.9,0.41,0.37,2025-03-13,1206,N,nominal,2.0NRT,300.21,3.85,D
-5.48466,23.05732,333.28,0.43,0.38,2025-03-13,1206,N,nominal,2.0NRT,298.91,3.26,D
-5.64131,22.04102,334.42,0.4,0.37,2025-03-13,1206,N,nominal,2.0NRT,296.72,4.46,D
-7.0651,12.41077,332.47,0.34,0.56,2025-03-13,1206,N,nominal,2.0NRT,289.59,2.83,D
-5.46749,23.0986,345.65,0.43,0.38,2025-03-13,1206,N,nominal,2.0NRT,300.16,6.15,D
-6.30568,17.57008,330.76,0.47,0.4,2025-03-13,1206,N,low,2.0NRT,301.44,5.72,D
-6.30203,17.5695,350.58,0.47,0.4,2025-03-13,1206,N,nominal,2.0NRT,304.2,19.8,D
-6.59641,15.55893,337.55,0.41,0.45,2025-03-13,1206,N,nominal,2.0NRT,293.2,4.6,D
-5.19092,24.78984,338.27,0.52,0.42,2025-03-13,1206,N,nominal,2.0NRT,302.85,10.98,D
-5.17539,24.73908,344.79,0.52,0.42,2025-03-13,1206,N,nominal,2.0NRT,301.92,10.92,D
-6.53724,15.73678,348.84,0.4,0.44,2025-03-13,1206,N,nominal,2.0NRT,293.32,6.33,D
-4.48828,28.90261,338.52,0.33,0.55,2025-03-13,1206,N,nominal,2.0NRT,292.66,3.98,D
-5.23174,24.36189,332.82,0.5,0.41,2025-03-13,1206,N,nominal,2.0NRT,301.41,4.94,D
-6.18904,18.11143,340.73,0.44,0.38,2025-03-13,1206,N,nominal,2.0NRT,301.9,9.91,D
-5.28926,23.97662,332.96,0.47,0.4,2025-03-13,1206,N,nominal,2.0NRT,298.71,6.64,D
-5.28995,23.97226,337.78,0.47,0.4,2025-03-13,1206,N,nominal,2.0NRT,301.25,12.52,D
-5.2856,23.97601,335.2,0.47,0.4,2025-03-13,1206,N,nominal,2.0NRT,300.82,6.64,D
-5.45267,22.91819,333.32,0.42,0.38,2025-03-13,1206,N,nominal,2.0NRT,299.35,2.31,D
-5.73329,21.10581,333.27,0.39,0.36,2025-03-13,1206,N,nominal,2.0NRT,299.16,5.33,D
-6.26498,17.54239,339.21,0.47,0.4,2025-03-13,1206,N,low,2.0NRT,304.22,13.12,D
-6.17839,18.1099,337.04,0.44,0.38,2025-03-13,1206,N,nominal,2.0NRT,298.66,7.04,D
-6.29268,17.32594,339.18,0.48,0.4,2025-03-13,1206,N,nominal,2.0NRT,295.97,5.54,D
-4.46141,28.93709,349.85,0.33,0.55,2025-03-13,1206,N,nominal,2.0NRT,293.48,4.04,D
-6.15672,18.18376,334.26,0.44,0.38,2025-03-13,1206,N,low,2.0NRT,299.78,7.61,D
-6.16952,18.09617,331.42,0.44,0.38,2025-03-13,1206,N,low,2.0NRT,294.92,3.68,D
-6.55121,15.42993,341.54,0.42,0.45,2025-03-13,1206,N,nominal,2.0NRT,292.47,7.65,D
-6.10632,18.5032,350.8,0.43,0.38,2025-03-13,1206,N,nominal,2.0NRT,297.73,17.2,D
-6.10689,18.49938,332.08,0.43,0.38,2025-03-13,1206,N,low,2.0NRT,297.14,6.92,D
-6.14854,18.21498,335.98,0.44,0.38,2025-03-13,1206,N,low,2.0NRT,301.95,5,D
-5.41597,23.01507,338.29,0.43,0.38,2025-03-13,1206,N,nominal,2.0NRT,299.96,3.09,D
-5.13772,24.70474,342.95,0.52,0.41,2025-03-13,1206,N,nominal,2.0NRT,302.44,8.43,D
-5.42964,22.88321,334.32,0.42,0.38,2025-03-13,1206,N,nominal,2.0NRT,299.02,4,D
-5.55846,22.06157,333.12,0.4,0.37,2025-03-13,1206,N,nominal,2.0NRT,298.2,3.31,D
-5.13392,24.70402,342.92,0.52,0.41,2025-03-13,1206,N,nominal,2.0NRT,304.68,10.35,D
-5.55226,22.07913,331.22,0.4,0.37,2025-03-13,1206,N,nominal,2.0NRT,298.53,1.41,D
-5.18531,24.36385,335.7,0.5,0.41,2025-03-13,1206,N,nominal,2.0NRT,304.09,7.09,D
-5.18604,24.35933,339.86,0.5,0.41,2025-03-13,1206,N,nominal,2.0NRT,303.77,6.59,D
-5.13529,24.70598,338.18,0.52,0.42,2025-03-13,1206,N,nominal,2.0NRT,303.39,11.88,D
-5.18898,24.36104,339.29,0.5,0.41,2025-03-13,1206,N,nominal,2.0NRT,301.79,9.6,D
-5.18452,24.36504,334.73,0.5,0.41,2025-03-13,1206,N,nominal,2.0NRT,301.61,5.81,D
-5.10502,24.77371,347.43,0.52,0.42,2025-03-13,1206,N,nominal,2.0NRT,299.93,8.89,D
-5.55195,21.87261,330.47,0.4,0.37,2025-03-13,1206,N,nominal,2.0NRT,298.89,2.38,D
-5.60514,21.52554,334.4,0.39,0.36,2025-03-13,1206,N,nominal,2.0NRT,301.33,3.52,D
-6.47448,15.62737,328.92,0.4,0.44,2025-03-13,1206,N,nominal,2.0NRT,292.61,2.14,D
-5.0577,24.94782,342.37,0.54,0.42,2025-03-13,1206,N,nominal,2.0NRT,293.07,10.89,D
-5.21525,23.92619,337.57,0.47,0.4,2025-03-13,1206,N,nominal,2.0NRT,298.79,6.84,D
-5.2116,23.92559,330.63,0.47,0.4,2025-03-13,1206,N,nominal,2.0NRT,298.77,3.3,D
-6.08094,18.20932,331.52,0.44,0.38,2025-03-13,1206,N,low,2.0NRT,303.54,7.12,D
-5.0429,24.94064,355.04,0.54,0.42,2025-03-13,1206,N,nominal,2.0NRT,304.73,44.9,D
-5.33794,23.05063,336.72,0.43,0.38,2025-03-13,1206,N,nominal,2.0NRT,300.59,2.26,D
-5.68991,20.747,333.84,0.38,0.36,2025-03-13,1206,N,nominal,2.0NRT,302.36,2.22,D
-5.04437,24.85691,331.68,0.53,0.42,2025-03-13,1206,N,nominal,2.0NRT,298.96,5.8,D
-5.0405,24.85632,338.5,0.53,0.42,2025-03-13,1206,N,nominal,2.0NRT,299.54,12.58,D
-5.27967,23.28351,338.94,0.44,0.38,2025-03-13,1206,N,nominal,2.0NRT,299.27,3.91,D
-5.55115,21.54247,335.38,0.39,0.36,2025-03-13,1206,N,nominal,2.0NRT,296.76,6.79,D
-6.86023,12.39416,367,0.34,0.56,2025-03-13,1206,N,high,2.0NRT,290.01,7.92,D
-6.86064,12.39108,338.12,0.34,0.56,2025-03-13,1206,N,nominal,2.0NRT,289.24,7.92,D
-5.10401,24.31564,340.65,0.5,0.41,2025-03-13,1206,N,nominal,2.0NRT,301.79,9.48,D
-6.85506,12.39346,354.42,0.34,0.56,2025-03-13,1206,N,nominal,2.0NRT,288.67,5.16,D
-6.85547,12.39039,335.22,0.34,0.56,2025-03-13,1206,N,nominal,2.0NRT,289.16,5.16,D
-5.02957,24.67985,356.1,0.52,0.41,2025-03-13,1206,N,nominal,2.0NRT,304.11,22.24,D
-5.02573,24.67931,347.3,0.52,0.41,2025-03-13,1206,N,nominal,2.0NRT,301.13,22.24,D
-5.07878,24.35289,330.35,0.5,0.41,2025-03-13,1206,N,low,2.0NRT,301.13,2.85,D
-5.02957,24.63173,347.65,0.52,0.41,2025-03-13,1206,N,nominal,2.0NRT,306.93,64.04,D
-5.03032,24.62711,347.89,0.52,0.41,2025-03-13,1206,N,nominal,2.0NRT,300.54,15.32,D
-5.0265,24.62654,332.98,0.52,0.41,2025-03-13,1206,N,nominal,2.0NRT,300.78,15.32,D
-5.42491,22.13245,334.49,0.4,0.37,2025-03-13,1206,N,nominal,2.0NRT,300.28,2.75,D
-5.0275,24.68095,346.36,0.52,0.42,2025-03-13,1206,N,nominal,2.0NRT,303.76,36.64,D
-5.03103,24.63323,341.18,0.52,0.41,2025-03-13,1206,N,nominal,2.0NRT,300.9,21.53,D
-5.03175,24.62861,352.25,0.52,0.41,2025-03-13,1206,N,nominal,2.0NRT,303.86,24.21,D
-5.71492,20.18505,331.23,0.39,0.36,2025-03-13,1206,N,nominal,2.0NRT,299.02,2.3,D
-5.0272,24.63268,339.22,0.52,0.41,2025-03-13,1206,N,nominal,2.0NRT,299.27,21.53,D
-5.02793,24.62804,334.49,0.52,0.41,2025-03-13,1206,N,nominal,2.0NRT,300.74,24.21,D
-5.51409,21.48209,336.62,0.39,0.36,2025-03-13,1206,N,nominal,2.0NRT,299.27,3.38,D
-5.23902,23.22425,332.34,0.44,0.38,2025-03-13,1206,N,nominal,2.0NRT,299.45,5.46,D
-5.02346,24.53225,342.33,0.51,0.41,2025-03-13,1206,N,nominal,2.0NRT,301.3,10.57,D
-5.02489,24.52315,330.24,0.51,0.41,2025-03-13,1206,N,low,2.0NRT,305.11,4.26,D
-5.0204,24.52698,347.25,0.51,0.41,2025-03-13,1206,N,nominal,2.0NRT,303.98,10.57,D
-5.02111,24.52247,334.15,0.51,0.41,2025-03-13,1206,N,low,2.0NRT,304.35,4.26,D
-5.02183,24.51793,336.88,0.51,0.41,2025-03-13,1206,N,nominal,2.0NRT,299.92,4.26,D
-5.21001,23.31747,337.67,0.44,0.39,2025-03-13,1206,N,nominal,2.0NRT,298.19,4.11,D
-5.0166,24.52642,350.87,0.51,0.41,2025-03-13,1206,N,nominal,2.0NRT,305.27,24.62,D
-4.99999,24.53307,340.41,0.51,0.41,2025-03-13,1206,N,nominal,2.0NRT,299.63,11.04,D
-5.00072,24.52848,337.96,0.51,0.41,2025-03-13,1206,N,nominal,2.0NRT,302.37,7.28,D
-5.00145,24.52386,337.08,0.51,0.41,2025-03-13,1206,N,nominal,2.0NRT,299.73,7.28,D
-5.33324,22.38771,331.89,0.41,0.37,2025-03-13,1206,N,nominal,2.0NRT,299.18,2.62,D
-5.91587,18.4515,339.84,0.43,0.38,2025-03-13,1206,N,nominal,2.0NRT,298.5,15.1,D
-5.90825,18.43063,331.81,0.43,0.38,2025-03-13,1206,N,low,2.0NRT,297.38,11.97,D
-5.44771,21.46839,330.35,0.39,0.36,2025-03-13,1206,N,nominal,2.0NRT,300.19,2,D
-4.96643,24.49974,344.99,0.51,0.41,2025-03-13,1206,N,nominal,2.0NRT,301.97,7.4,D
-4.96044,24.51281,336.44,0.51,0.41,2025-03-13,1206,N,low,2.0NRT,306.68,13.06,D
-4.96264,24.49915,340.73,0.51,0.41,2025-03-13,1206,N,nominal,2.0NRT,306.71,7.4,D
-5.45183,21.39718,346.65,0.39,0.36,2025-03-13,1206,N,nominal,2.0NRT,300.87,6.43,D
-4.95664,24.51226,337.78,0.51,0.41,2025-03-13,1206,N,nominal,2.0NRT,307.64,7.73,D
-4.95284,24.51169,334.7,0.51,0.41,2025-03-13,1206,N,low,2.0NRT,308.36,7.73,D
-4.95433,24.50246,331.7,0.51,0.41,2025-03-13,1206,N,low,2.0NRT,305.71,11.19,D
-4.94981,24.50641,333.33,0.51,0.41,2025-03-13,1206,N,low,2.0NRT,305.6,6.26,D
-5.95854,17.93852,331.5,0.45,0.39,2025-03-13,1206,N,nominal,2.0NRT,297.07,6.02,D
-4.91646,24.63934,340.2,0.52,0.41,2025-03-13,1206,N,nominal,2.0NRT,305.2,15.32,D
-4.95008,24.5081,337.72,0.51,0.41,2025-03-13,1206,N,low,2.0NRT,307.87,7.21,D
-4.91688,24.646,336.71,0.52,0.41,2025-03-13,1206,N,nominal,2.0NRT,305.79,8.65,D
-4.91835,24.63659,336.41,0.52,0.41,2025-03-13,1206,N,nominal,2.0NRT,303.21,12.13,D
-5.92493,18.0493,345.46,0.44,0.38,2025-03-13,1206,N,nominal,2.0NRT,301.6,11.59,D
-6.09096,16.91022,349.98,0.5,0.41,2025-03-13,1206,N,nominal,2.0NRT,301.55,9.98,D
-6.09162,16.90576,337.26,0.5,0.41,2025-03-13,1206,N,nominal,2.0NRT,303.08,9.98,D
-5.88017,18.3002,337.55,0.43,0.38,2025-03-13,1206,N,low,2.0NRT,300.67,6.14,D
-5.87665,18.29971,336.67,0.43,0.38,2025-03-13,1206,N,low,2.0NRT,299.71,3.85,D
-5.87722,18.29588,337.41,0.43,0.38,2025-03-13,1206,N,low,2.0NRT,299.97,3.85,D
-4.94499,24.36719,347.07,0.5,0.41,2025-03-13,1206,N,nominal,2.0NRT,297.05,6.24,D
-5.33733,21.83871,333.5,0.4,0.37,2025-03-13,1206,N,nominal,2.0NRT,298.96,2.59,D
-4.94125,24.36647,335.27,0.5,0.41,2025-03-13,1206,N,nominal,2.0NRT,299.97,6.48,D
-4.94197,24.3619,340.59,0.5,0.41,2025-03-13,1206,N,nominal,2.0NRT,302.06,6.19,D
-5.25759,22.33437,332.7,0.41,0.37,2025-03-13,1206,N,nominal,2.0NRT,299.13,4.27,D
-5.16055,22.89257,330.84,0.43,0.38,2025-03-13,1206,N,nominal,2.0NRT,298.05,2.84,D
-4.87176,24.63374,339.8,0.52,0.41,2025-03-13,1206,N,nominal,2.0NRT,300.14,11.84,D
-4.9997,23.80283,339.67,0.47,0.4,2025-03-13,1206,N,nominal,2.0NRT,304.77,34.34,D
-5.00037,23.79863,335.23,0.47,0.4,2025-03-13,1206,N,nominal,2.0NRT,301.48,6.38,D
-5.88704,17.96183,344.5,0.44,0.39,2025-03-13,1206,N,low,2.0NRT,302.31,8.04,D
-4.83831,24.76917,337.25,0.53,0.42,2025-03-13,1206,N,nominal,2.0NRT,299.83,6.83,D
-4.83908,24.76439,330.37,0.53,0.42,2025-03-13,1206,N,low,2.0NRT,301.36,4.04,D
-5.90436,17.71868,332.6,0.46,0.39,2025-03-13,1206,N,nominal,2.0NRT,299.62,5.48,D
-5.03036,23.42222,337.43,0.45,0.39,2025-03-13,1206,N,nominal,2.0NRT,298.92,3.25,D
-5.4251,20.88627,335.53,0.38,0.36,2025-03-13,1206,N,nominal,2.0NRT,297.52,7.15,D
-5.09889,22.96621,333.39,0.43,0.38,2025-03-13,1206,N,nominal,2.0NRT,297.76,3.8,D
-5.89053,17.73785,343.17,0.46,0.39,2025-03-13,1206,N,low,2.0NRT,302.65,10.89,D
-4.77826,24.94396,330.25,0.54,0.42,2025-03-13,1206,N,nominal,2.0NRT,294.39,3.81,D
-5.23811,22.05523,334.38,0.4,0.37,2025-03-13,1206,N,nominal,2.0NRT,299.05,4.46,D
-5.88633,17.74142,355.32,0.46,0.39,2025-03-13,1206,N,low,2.0NRT,301.72,22.55,D
-5.88693,17.73729,336.45,0.46,0.39,2025-03-13,1206,N,low,2.0NRT,301.5,7.04,D
-5.09617,22.93802,334.61,0.43,0.38,2025-03-13,1206,N,nominal,2.0NRT,296.06,3.17,D
-6.05651,16.50248,337.97,0.53,0.42,2025-03-13,1206,N,nominal,2.0NRT,294.13,5.47,D
-6.06814,16.4205,344.93,0.54,0.42,2025-03-13,1206,N,nominal,2.0NRT,298.25,9.67,D
-6.06511,16.41212,329.21,0.54,0.42,2025-03-13,1206,N,nominal,2.0NRT,297.57,4.29,D
-5.23558,21.88818,334.28,0.4,0.37,2025-03-13,1206,N,nominal,2.0NRT,300.1,1.96,D
-5.17375,22.24581,337.14,0.41,0.37,2025-03-13,1206,N,nominal,2.0NRT,299.97,4.3,D
-5.24333,21.72513,336.29,0.39,0.36,2025-03-13,1206,N,nominal,2.0NRT,301.04,4.41,D
-5.26994,21.55158,330.33,0.39,0.36,2025-03-13,1206,N,nominal,2.0NRT,298.44,2.48,D
-5.1915,22.03997,334.41,0.4,0.37,2025-03-13,1206,N,nominal,2.0NRT,300.23,5.08,D
-5.18583,22.03168,340.88,0.4,0.37,2025-03-13,1206,N,nominal,2.0NRT,299.62,4.82,D
-6.01534,16.50812,337.38,0.53,0.42,2025-03-13,1206,N,nominal,2.0NRT,298.38,7.27,D
-5.71508,18.46881,336,0.42,0.38,2025-03-13,1206,N,nominal,2.0NRT,302.25,4.66,D
-4.73519,24.78913,333.03,0.53,0.42,2025-03-13,1206,N,nominal,2.0NRT,297.35,3.41,D
-4.7978,24.39609,333.94,0.5,0.41,2025-03-13,1206,N,nominal,2.0NRT,303.18,9.39,D
-5.02203,22.9737,333.56,0.43,0.38,2025-03-13,1206,N,nominal,2.0NRT,298.34,6.73,D
-5.15818,22.05339,334.68,0.4,0.37,2025-03-13,1206,N,nominal,2.0NRT,299.23,3.79,D
-5.19967,21.74027,331.52,0.39,0.37,2025-03-13,1206,N,nominal,2.0NRT,298.6,2.52,D
-4.77659,24.38347,333.55,0.5,0.41,2025-03-13,1206,N,low,2.0NRT,306.73,3.54,D
-5.0204,22.84698,334.31,0.43,0.38,2025-03-13,1206,N,nominal,2.0NRT,297.67,2.85,D
-5.18579,21.78549,331.61,0.4,0.37,2025-03-13,1206,N,nominal,2.0NRT,299.77,2.46,D
-6.1988,14.91071,329.67,0.44,0.46,2025-03-13,1206,N,nominal,2.0NRT,291.05,3.58,D
-5.77551,17.73795,335.55,0.45,0.39,2025-03-13,1206,N,low,2.0NRT,297.65,15.86,D
-4.75911,24.34799,333.69,0.5,0.41,2025-03-13,1206,N,nominal,2.0NRT,298.64,2.71,D
-4.76492,24.31201,341.8,0.5,0.41,2025-03-13,1206,N,nominal,2.0NRT,303.94,9.67,D
-4.5292,25.73041,334.18,0.41,0.45,2025-03-13,1206,N,nominal,2.0NRT,295.35,5.28,D
-4.70734,24.64328,336.67,0.52,0.42,2025-03-13,1206,N,nominal,2.0NRT,299.21,3.75,D
-4.76116,24.31144,337.44,0.5,0.41,2025-03-13,1206,N,nominal,2.0NRT,301.63,9.67,D
-5.10275,22.16373,334.83,0.4,0.37,2025-03-13,1206,N,nominal,2.0NRT,301.75,2.6,D
-4.73152,24.4704,331.38,0.51,0.41,2025-03-13,1206,N,low,2.0NRT,301.62,4.72,D
-4.76423,24.31406,346.56,0.5,0.41,2025-03-13,1206,N,nominal,2.0NRT,302.35,8.33,D
-4.76047,24.31348,334.18,0.5,0.41,2025-03-13,1206,N,nominal,2.0NRT,299.6,8.33,D
-5.10998,22.04619,334.94,0.4,0.37,2025-03-13,1206,N,nominal,2.0NRT,299.69,4.06,D
-4.70566,24.64079,349.79,0.52,0.42,2025-03-13,1206,N,nominal,2.0NRT,299.3,7.61,D
-4.73254,24.46819,332.06,0.51,0.41,2025-03-13,1206,N,low,2.0NRT,302.92,4.88,D
-5.08652,22.17653,334.39,0.4,0.37,2025-03-13,1206,N,nominal,2.0NRT,299.68,4.52,D
-4.82054,23.82927,332.88,0.47,0.4,2025-03-13,1206,N,nominal,2.0NRT,297.8,4.27,D
-5.06332,22.23672,332.62,0.41,0.37,2025-03-13,1206,N,nominal,2.0NRT,300.35,3.93,D
-4.72939,24.36429,351.98,0.5,0.41,2025-03-13,1206,N,nominal,2.0NRT,303.48,55.09,D
-4.7301,24.35975,352.14,0.5,0.41,2025-03-13,1206,N,nominal,2.0NRT,306.39,47.21,D
-4.74212,24.28301,337.22,0.5,0.41,2025-03-13,1206,N,nominal,2.0NRT,300.01,3.86,D
-4.23808,27.42797,340.68,0.53,0.5,2025-03-13,1206,N,nominal,2.0NRT,294.5,7.84,D
-4.71194,24.45077,337.28,0.51,0.41,2025-03-13,1206,N,nominal,2.0NRT,301.49,7.89,D
-4.72561,24.36371,345.4,0.5,0.41,2025-03-13,1206,N,nominal,2.0NRT,301.87,29.83,D
-4.72703,24.35469,335.44,0.5,0.41,2025-03-13,1206,N,nominal,2.0NRT,304.39,10.48,D
-5.90891,16.5245,335.87,0.53,0.42,2025-03-13,1206,N,nominal,2.0NRT,298.27,9.14,D
-5.09046,21.9249,338.55,0.4,0.37,2025-03-13,1206,N,nominal,2.0NRT,301.04,4.26,D
-4.70386,24.37898,340.37,0.5,0.41,2025-03-13,1206,N,nominal,2.0NRT,301.28,6.1,D
-5.0687,22.04359,334.21,0.4,0.37,2025-03-13,1206,N,nominal,2.0NRT,300.68,2.44,D
-4.69135,24.43349,334.58,0.51,0.41,2025-03-13,1206,N,nominal,2.0NRT,298.28,11.59,D
-5.89972,16.47948,338.86,0.53,0.42,2025-03-13,1206,N,nominal,2.0NRT,299.83,4.99,D
-4.68758,24.4328,339.99,0.51,0.41,2025-03-13,1206,N,nominal,2.0NRT,300.07,11.59,D
-4.68831,24.42818,338.48,0.51,0.41,2025-03-13,1206,N,nominal,2.0NRT,304.16,19.16,D
-5.58982,18.55972,332.71,0.42,0.38,2025-03-13,1206,N,low,2.0NRT,302.79,6.34,D
-5.75751,17.42538,333.28,0.47,0.4,2025-03-13,1206,N,low,2.0NRT,298.63,10.88,D
-5.75813,17.42115,351.35,0.47,0.4,2025-03-13,1206,N,nominal,2.0NRT,302.68,15.94,D
-5.8931,16.49784,333.39,0.53,0.42,2025-03-13,1206,N,nominal,2.0NRT,296.88,9.69,D
-4.62215,24.79428,330.7,0.53,0.42,2025-03-13,1206,N,nominal,2.0NRT,294.75,2.49,D
-4.66948,24.44885,335.33,0.51,0.41,2025-03-13,1206,N,nominal,2.0NRT,300.78,5.2,D
-5.69166,17.77307,346.47,0.45,0.39,2025-03-13,1206,N,nominal,2.0NRT,295.83,6.25,D
-5.00413,22.28028,338.9,0.41,0.37,2025-03-13,1206,N,nominal,2.0NRT,299.79,5.04,D
-4.66832,24.38327,334.24,0.51,0.41,2025-03-13,1206,N,nominal,2.0NRT,300.02,6.65,D
-4.66906,24.37861,346.46,0.51,0.41,2025-03-13,1206,N,nominal,2.0NRT,301.92,5.61,D
-6.39723,12.70023,329.28,0.63,0.54,2025-03-13,1206,N,nominal,2.0NRT,285.62,8.63,D
-4.66529,24.37799,331.93,0.51,0.41,2025-03-13,1206,N,low,2.0NRT,303.16,5.61,D
-4.84553,23.24626,332.77,0.44,0.39,2025-03-13,1206,N,nominal,2.0NRT,297.7,2.47,D
-6.3922,12.69956,344,0.63,0.54,2025-03-13,1206,N,nominal,2.0NRT,289.01,8.63,D
-5.0353,22.01259,330.89,0.4,0.37,2025-03-13,1206,N,nominal,2.0NRT,298.31,2.48,D
-5.55404,18.56227,340.56,0.42,0.38,2025-03-13,1206,N,nominal,2.0NRT,305.87,6.83,D
-4.95813,22.46247,334.32,0.41,0.37,2025-03-13,1206,N,nominal,2.0NRT,298.16,2.43,D
-4.94004,22.55532,336.01,0.42,0.37,2025-03-13,1206,N,nominal,2.0NRT,300.67,3.15,D
-4.943,22.5365,330.71,0.42,0.37,2025-03-13,1206,N,nominal,2.0NRT,300.04,2.62,D
-4.18861,27.15418,331.74,0.51,0.49,2025-03-13,1206,N,nominal,2.0NRT,293.59,3.11,D
-4.96262,22.28093,336.78,0.41,0.37,2025-03-13,1206,N,nominal,2.0NRT,299.3,3.59,D
-6.39364,12.69747,344.09,0.63,0.54,2025-03-13,1206,N,nominal,2.0NRT,289.7,21.29,D
-5.84748,16.40002,330.15,0.53,0.42,2025-03-13,1206,N,nominal,2.0NRT,297.3,3.3,D
-4.97658,22.12169,330.87,0.4,0.37,2025-03-13,1206,N,nominal,2.0NRT,299.1,1.33,D
-4.38822,25.73823,334.39,0.41,0.45,2025-03-13,1206,N,nominal,2.0NRT,293.56,2.87,D
-4.1171,27.39441,336.55,0.53,0.5,2025-03-13,1206,N,nominal,2.0NRT,295.06,3.52,D
-5.62714,17.65523,334.15,0.46,0.39,2025-03-13,1206,N,nominal,2.0NRT,297.3,9.75,D
-5.6637,17.40796,330.65,0.47,0.4,2025-03-13,1206,N,low,2.0NRT,301.92,6.04,D
-4.37996,25.73688,331.65,0.41,0.45,2025-03-13,1206,N,nominal,2.0NRT,293.74,4.23,D
-5.65943,17.41162,330.11,0.47,0.4,2025-03-13,1206,N,nominal,2.0NRT,298.37,4.26,D
-4.00486,27.99222,331.33,0.58,0.52,2025-03-13,1206,N,nominal,2.0NRT,296.25,8.23,D
-5.4766,18.59658,338.65,0.42,0.37,2025-03-13,1206,N,nominal,2.0NRT,300.89,4.02,D
-5.92866,15.48157,334.28,0.41,0.45,2025-03-13,1206,N,nominal,2.0NRT,290.29,3.39,D
-6.29711,12.87629,333.52,0.61,0.53,2025-03-13,1206,N,nominal,2.0NRT,290.01,8.82,D
-5.63985,17.44333,341.94,0.47,0.4,2025-03-13,1206,N,nominal,2.0NRT,302.8,8.46,D
-5.65728,17.32445,346.62,0.47,0.4,2025-03-13,1206,N,nominal,2.0NRT,299.13,8.2,D
-6.29136,12.8813,340.42,0.61,0.53,2025-03-13,1206,N,nominal,2.0NRT,290.02,14.81,D
-6.29215,12.87559,345.1,0.61,0.53,2025-03-13,1206,N,nominal,2.0NRT,290.37,8.82,D
-5.52227,18.19259,332.66,0.43,0.38,2025-03-13,1206,N,nominal,2.0NRT,294.35,3.82,D
-5.46414,18.51363,345.57,0.42,0.38,2025-03-13,1206,N,nominal,2.0NRT,302.51,4.64,D
-5.46068,18.51304,337.49,0.42,0.38,2025-03-13,1206,N,nominal,2.0NRT,298.2,4.64,D
-5.68622,16.91659,339.87,0.5,0.41,2025-03-13,1206,N,low,2.0NRT,295.64,9.7,D
-4.2427,26.23623,341.4,0.44,0.46,2025-03-13,1206,N,nominal,2.0NRT,291.45,4.31,D
-4.93716,21.88243,339.88,0.4,0.37,2025-03-13,1206,N,nominal,2.0NRT,297.69,8.78,D
-4.93265,21.88915,334.57,0.4,0.37,2025-03-13,1206,N,nominal,2.0NRT,300.33,5.62,D
-5.63315,17.17968,330.47,0.48,0.4,2025-03-13,1206,N,nominal,2.0NRT,295.83,4.53,D
-4.92864,21.81824,335.99,0.4,0.37,2025-03-13,1206,N,nominal,2.0NRT,298.31,3.17,D
-4.75829,22.90593,332.49,0.43,0.38,2025-03-13,1206,N,nominal,2.0NRT,297.53,5.04,D
-4.76008,22.89429,334.23,0.43,0.38,2025-03-13,1206,N,nominal,2.0NRT,295.87,3.57,D
-4.90869,21.90337,330.83,0.4,0.37,2025-03-13,1206,N,nominal,2.0NRT,297.84,3.57,D
-4.75127,22.90488,334.21,0.43,0.38,2025-03-13,1206,N,nominal,2.0NRT,298.15,4.22,D
-4.9409,21.67044,333.49,0.39,0.36,2025-03-13,1206,N,nominal,2.0NRT,299.18,3.63,D
-4.97433,21.42938,337.4,0.39,0.36,2025-03-13,1206,N,nominal,2.0NRT,299.09,4.06,D
-4.97487,21.42587,341.48,0.39,0.36,2025-03-13,1206,N,nominal,2.0NRT,299.02,3.27,D
-4.86852,22.09735,332.62,0.4,0.37,2025-03-13,1206,N,nominal,2.0NRT,298.33,1.55,D
-4.86904,22.07132,335.29,0.4,0.37,2025-03-13,1206,N,nominal,2.0NRT,298.11,2.53,D
-4.74153,22.85194,340.89,0.43,0.38,2025-03-13,1206,N,nominal,2.0NRT,297.47,3.79,D
-4.84594,22.17616,330.86,0.41,0.37,2025-03-13,1206,N,nominal,2.0NRT,298.29,2.36,D
-4.89644,21.7804,333.02,0.4,0.37,2025-03-13,1206,N,nominal,2.0NRT,299.52,2.95,D
-4.28579,25.64996,330.06,0.4,0.45,2025-03-13,1206,N,nominal,2.0NRT,293.77,3.69,D
-4.28638,25.64628,335.51,0.4,0.45,2025-03-13,1206,N,nominal,2.0NRT,294.81,3.69,D
-4.83172,22.17778,334.17,0.41,0.37,2025-03-13,1206,N,nominal,2.0NRT,298.97,2.97,D
-4.71258,22.92284,344.3,0.43,0.38,2025-03-13,1206,N,nominal,2.0NRT,298.43,7.08,D
-4.82377,22.20661,331,0.41,0.37,2025-03-13,1206,N,nominal,2.0NRT,297.33,3.21,D
-4.81978,22.20974,332.32,0.41,0.37,2025-03-13,1206,N,nominal,2.0NRT,297.77,3.21,D
-4.82035,22.20608,332.18,0.41,0.37,2025-03-13,1206,N,nominal,2.0NRT,296.62,3.21,D
-4.88885,21.69524,332.8,0.39,0.37,2025-03-13,1206,N,nominal,2.0NRT,298.66,1.08,D
-4.71618,22.78497,333.41,0.43,0.38,2025-03-13,1206,N,nominal,2.0NRT,297.87,6.8,D
-4.72703,22.69273,339,0.42,0.38,2025-03-13,1206,N,nominal,2.0NRT,297.78,3.69,D
-4.84392,21.94135,330.63,0.4,0.37,2025-03-13,1206,N,nominal,2.0NRT,298.79,3.58,D
-5.997,14.11829,340.53,0.5,0.49,2025-03-13,1206,N,nominal,2.0NRT,290.26,10.29,D
-5.99765,14.11366,339.3,0.5,0.49,2025-03-13,1206,N,nominal,2.0NRT,290.67,10.29,D
-4.72355,22.69222,332.93,0.42,0.38,2025-03-13,1206,N,nominal,2.0NRT,295.54,3.69,D
-4.84109,21.93725,330.91,0.4,0.37,2025-03-13,1206,N,nominal,2.0NRT,299.86,3.12,D
-5.60054,16.86862,338.78,0.5,0.41,2025-03-13,1206,N,nominal,2.0NRT,293.28,5.9,D
-4.82705,22.00542,331.56,0.4,0.37,2025-03-13,1206,N,nominal,2.0NRT,301.05,2.4,D
-5.30294,18.87125,339.73,0.41,0.37,2025-03-13,1206,N,nominal,2.0NRT,303,11.54,D
-5.30348,18.8676,330.16,0.41,0.37,2025-03-13,1206,N,low,2.0NRT,299.32,11.54,D
-4.69135,22.85208,345.9,0.43,0.38,2025-03-13,1206,N,nominal,2.0NRT,297.12,5.09,D
-4.70595,22.73635,335.54,0.42,0.38,2025-03-13,1206,N,nominal,2.0NRT,296.45,3.37,D
-4.73458,22.53113,332.84,0.42,0.37,2025-03-13,1206,N,nominal,2.0NRT,300.72,6.31,D
-4.68208,22.84268,333.58,0.43,0.38,2025-03-13,1206,N,nominal,2.0NRT,295.1,3.4,D
-4.7176,22.59422,330.29,0.42,0.38,2025-03-13,1206,N,nominal,2.0NRT,296.23,1.52,D
-4.72826,22.52632,345.91,0.42,0.37,2025-03-13,1206,N,nominal,2.0NRT,300.67,9.33,D
-5.30721,18.72416,330.04,0.41,0.37,2025-03-13,1206,N,nominal,2.0NRT,300.39,2.42,D
-5.63126,16.49327,334.07,0.52,0.42,2025-03-13,1206,N,nominal,2.0NRT,295.92,5.49,D
-4.68961,22.74951,336.53,0.42,0.38,2025-03-13,1206,N,nominal,2.0NRT,299.22,3.41,D
-4.80443,22.01677,330.15,0.4,0.37,2025-03-13,1206,N,low,2.0NRT,300.64,2.21,D
-4.68613,22.74895,337.83,0.42,0.38,2025-03-13,1206,N,nominal,2.0NRT,302.23,3.41,D
-4.84409,21.73939,332.54,0.4,0.37,2025-03-13,1206,N,nominal,2.0NRT,292.6,1.41,D
-4.68204,22.7522,340.09,0.42,0.38,2025-03-13,1206,N,nominal,2.0NRT,303.35,12.75,D
-4.65353,22.90979,335.89,0.43,0.38,2025-03-13,1206,N,nominal,2.0NRT,297.55,2.85,D
-4.67857,22.75163,335.13,0.42,0.38,2025-03-13,1206,N,nominal,2.0NRT,299.5,12.75,D
-4.68128,22.7518,337.65,0.43,0.38,2025-03-13,1206,N,nominal,2.0NRT,303.09,29.95,D
-4.68421,22.73273,338.78,0.42,0.38,2025-03-13,1206,N,nominal,2.0NRT,297.34,3.52,D
-5.62969,16.49473,334.08,0.52,0.42,2025-03-13,1206,N,nominal,2.0NRT,294.89,5.16,D
-4.65346,22.90963,336.52,0.43,0.38,2025-03-13,1206,N,nominal,2.0NRT,297.25,3.62,D
-4.8521,21.59057,341.68,0.39,0.36,2025-03-13,1206,N,nominal,2.0NRT,301.06,7.1,D
-4.672,22.74251,333.79,0.42,0.38,2025-03-13,1206,N,nominal,2.0NRT,296.24,5.23,D
-4.67736,22.66148,336.57,0.42,0.38,2025-03-13,1206,N,nominal,2.0NRT,298.16,5.07,D
-5.25174,18.86691,338.85,0.41,0.37,2025-03-13,1206,N,low,2.0NRT,299.05,5.56,D
-4.82866,21.60886,344.74,0.39,0.36,2025-03-13,1206,N,nominal,2.0NRT,299.38,7.65,D
-4.8986,21.15172,333.63,0.39,0.36,2025-03-13,1206,N,nominal,2.0NRT,298.85,4.66,D
-4.08927,26.31491,340.82,0.45,0.47,2025-03-13,1206,N,nominal,2.0NRT,292.54,5.08,D
-5.58049,16.5886,342.25,0.52,0.41,2025-03-13,1206,N,nominal,2.0NRT,296.35,9.52,D
-5.20406,19.0913,346.36,0.4,0.37,2025-03-13,1206,N,nominal,2.0NRT,301.02,8.75,D
-5.75544,15.33854,338.31,0.41,0.45,2025-03-13,1206,N,nominal,2.0NRT,290.71,2.94,D
-4.64892,22.68429,336.15,0.42,0.38,2025-03-13,1206,N,nominal,2.0NRT,301.6,23.71,D
-4.79936,21.70995,336.48,0.4,0.37,2025-03-13,1206,N,nominal,2.0NRT,297.16,3.86,D
-5.19236,19.12295,341.02,0.4,0.37,2025-03-13,1206,N,nominal,2.0NRT,300.37,9.36,D
-4.60843,22.89878,333.6,0.43,0.38,2025-03-13,1206,N,nominal,2.0NRT,298.84,2.86,D
-4.62829,22.7712,333.77,0.43,0.38,2025-03-13,1206,N,nominal,2.0NRT,298.73,3.77,D
-4.63009,22.75962,334.54,0.43,0.38,2025-03-13,1206,N,nominal,2.0NRT,299.57,2.54,D
-4.60249,22.91384,330.69,0.43,0.38,2025-03-13,1206,N,nominal,2.0NRT,298.99,1.8,D
-4.64912,22.61436,330.84,0.42,0.38,2025-03-13,1206,N,nominal,2.0NRT,300.46,2.46,D
-4.62131,22.77011,330.57,0.43,0.38,2025-03-13,1206,N,nominal,2.0NRT,299.14,2.84,D
-4.80721,21.5693,334.87,0.39,0.36,2025-03-13,1206,N,nominal,2.0NRT,300.06,2.79,D
-4.6064,22.84279,342.08,0.43,0.38,2025-03-13,1206,N,nominal,2.0NRT,298.25,4.88,D
-4.76541,21.81825,334.09,0.4,0.37,2025-03-13,1206,N,nominal,2.0NRT,296.97,2.35,D
-4.79969,21.50655,330.84,0.39,0.36,2025-03-13,1206,N,nominal,2.0NRT,300.03,1.86,D
-4.77665,21.63363,334.09,0.39,0.36,2025-03-13,1206,N,nominal,2.0NRT,297.17,3.98,D
-4.80338,21.46024,334.46,0.39,0.36,2025-03-13,1206,N,nominal,2.0NRT,298.63,6.3,D
-5.16438,19.07807,338.7,0.4,0.37,2025-03-13,1206,N,low,2.0NRT,304.57,8.66,D
-4.57747,22.88999,333.87,0.43,0.38,2025-03-13,1206,N,nominal,2.0NRT,299.11,4.05,D
-4.80003,21.45974,336.77,0.39,0.36,2025-03-13,1206,N,nominal,2.0NRT,298.27,6.3,D
-4.76985,21.61077,331.76,0.39,0.36,2025-03-13,1206,N,nominal,2.0NRT,297.96,2.68,D
-5.15582,19.06564,337.6,0.4,0.37,2025-03-13,1206,N,low,2.0NRT,303.28,7.7,D
-5.52006,16.57459,332.29,0.52,0.41,2025-03-13,1206,N,nominal,2.0NRT,294.3,5.08,D
-5.96915,13.37978,327.9,0.56,0.51,2025-03-13,1206,N,nominal,2.0NRT,290.25,5.85,D
-4.5665,22.86842,333.84,0.43,0.38,2025-03-13,1206,N,nominal,2.0NRT,299.47,3.23,D
-4.64523,22.3449,331.99,0.41,0.37,2025-03-13,1206,N,nominal,2.0NRT,295.71,3.65,D
-5.18254,18.8151,332.26,0.41,0.37,2025-03-13,1206,N,low,2.0NRT,302.17,3.19,D
-4.55826,22.87511,330.46,0.43,0.38,2025-03-13,1206,N,nominal,2.0NRT,298.8,2.9,D
-4.75476,21.61933,332.93,0.39,0.36,2025-03-13,1206,N,nominal,2.0NRT,299.97,2.46,D
-4.77009,21.52022,333.09,0.39,0.36,2025-03-13,1206,N,nominal,2.0NRT,298.61,3.85,D
-4.75907,21.56922,346.2,0.39,0.36,2025-03-13,1206,N,nominal,2.0NRT,301.18,9.69,D
-4.5586,22.82756,333.67,0.43,0.38,2025-03-13,1206,N,nominal,2.0NRT,296.51,2.97,D
-5.17771,18.77671,341.81,0.41,0.37,2025-03-13,1206,N,low,2.0NRT,300.39,5.24,D
-5.17805,18.77716,334.44,0.41,0.37,2025-03-13,1206,N,low,2.0NRT,299.94,5.18,D
-4.55775,22.8281,343,0.43,0.38,2025-03-13,1206,N,nominal,2.0NRT,297.01,3.55,D
-4.7442,21.61049,333.11,0.39,0.36,2025-03-13,1206,N,nominal,2.0NRT,300.14,2.84,D
-4.78677,21.33162,332.18,0.39,0.36,2025-03-13,1206,N,nominal,2.0NRT,299.87,2.87,D
-4.33144,24.27079,336.04,0.5,0.41,2025-03-13,1206,N,nominal,2.0NRT,290.64,5.06,D
-4.33214,24.26627,331.75,0.5,0.41,2025-03-13,1206,N,nominal,2.0NRT,289.94,2.06,D
-4.55009,22.85461,331.49,0.43,0.38,2025-03-13,1206,N,nominal,2.0NRT,299.76,9.27,D
-4.75437,21.52143,337.86,0.39,0.36,2025-03-13,1206,N,nominal,2.0NRT,300.58,22.37,D
-4.54659,22.85403,344.64,0.43,0.38,2025-03-13,1206,N,nominal,2.0NRT,299.38,9.27,D
-4.5744,22.67321,332.27,0.42,0.38,2025-03-13,1206,N,nominal,2.0NRT,297.2,2.56,D
-4.78222,21.31652,337.64,0.39,0.36,2025-03-13,1206,N,nominal,2.0NRT,301.67,2.7,D
-4.68973,21.89888,334.82,0.4,0.37,2025-03-13,1206,N,nominal,2.0NRT,298.09,3.94,D
-4.77004,21.32906,332.63,0.39,0.36,2025-03-13,1206,N,nominal,2.0NRT,298.92,2.08,D
-4.77915,21.26945,332.87,0.39,0.36,2025-03-13,1206,N,nominal,2.0NRT,300.48,2.78,D
-4.5605,22.67104,335.48,0.42,0.38,2025-03-13,1206,N,nominal,2.0NRT,297.23,3.48,D
-4.72022,21.63223,343.59,0.39,0.37,2025-03-13,1206,N,nominal,2.0NRT,300.17,5.17,D
-5.11658,19.02261,333.54,0.4,0.37,2025-03-13,1206,N,nominal,2.0NRT,298.77,2.65,D
-5.46553,16.68833,333.98,0.51,0.41,2025-03-13,1206,N,nominal,2.0NRT,295.32,7.2,D
-4.71304,21.65657,346.31,0.39,0.37,2025-03-13,1206,N,nominal,2.0NRT,299.16,8.33,D
-5.85392,14.00802,335.01,0.5,0.49,2025-03-13,1206,N,nominal,2.0NRT,290.18,4.06,D
-4.79691,21.08601,333.33,0.39,0.36,2025-03-13,1206,N,nominal,2.0NRT,299.24,5.08,D
-4.79744,21.08252,345.28,0.39,0.36,2025-03-13,1206,N,nominal,2.0NRT,302.82,6.4,D
-4.52022,22.86206,333.67,0.43,0.38,2025-03-13,1206,N,nominal,2.0NRT,298.9,3.42,D
-4.73076,21.49611,344.99,0.39,0.36,2025-03-13,1206,N,nominal,2.0NRT,298.65,4.85,D
-5.56647,15.92298,332.21,0.56,0.43,2025-03-13,1206,N,nominal,2.0NRT,294.42,3.54,D
-4.73325,21.43506,339.95,0.39,0.36,2025-03-13,1206,N,nominal,2.0NRT,299.64,4.98,D
-4.50608,22.88372,333.56,0.43,0.38,2025-03-13,1206,N,nominal,2.0NRT,298.58,2.36,D
-4.72123,21.49103,330.81,0.39,0.36,2025-03-13,1206,N,nominal,2.0NRT,297.34,1.47,D
-4.82178,20.83377,343.53,0.38,0.36,2025-03-13,1206,N,nominal,2.0NRT,296.64,5.04,D
-4.71082,21.53647,335.98,0.39,0.36,2025-03-13,1206,N,nominal,2.0NRT,298.77,2.82,D
-4.71353,21.51881,331.27,0.39,0.36,2025-03-13,1206,N,nominal,2.0NRT,296.34,2.35,D
-4.50572,22.83988,338.53,0.43,0.38,2025-03-13,1206,N,nominal,2.0NRT,301.38,11.47,D
-4.53036,22.65868,339.02,0.42,0.38,2025-03-13,1206,N,nominal,2.0NRT,299.05,4.35,D
-5.32565,17.40401,330.94,0.47,0.39,2025-03-13,1206,N,low,2.0NRT,289.76,5,D
-5.45587,16.51566,332.54,0.52,0.42,2025-03-13,1206,N,nominal,2.0NRT,290.63,3.5,D
-4.28416,24.20312,331.67,0.5,0.41,2025-03-13,1206,N,nominal,2.0NRT,297.04,8.06,D
-4.71151,21.44255,333.05,0.39,0.36,2025-03-13,1206,N,nominal,2.0NRT,299.95,1.73,D
-5.407,16.79749,331.58,0.5,0.41,2025-03-13,1206,N,nominal,2.0NRT,294.51,4.7,D
-4.51049,22.69472,335.08,0.42,0.38,2025-03-13,1206,N,nominal,2.0NRT,297.83,3.55,D
-4.51169,22.68704,334.83,0.42,0.38,2025-03-13,1206,N,nominal,2.0NRT,300.71,4.6,D
-4.66878,21.67533,335.41,0.4,0.37,2025-03-13,1206,N,nominal,2.0NRT,299.41,3.18,D
-4.69011,21.53697,333.96,0.39,0.36,2025-03-13,1206,N,nominal,2.0NRT,299.76,5.49,D
-4.48468,22.83675,336.35,0.43,0.38,2025-03-13,1206,N,nominal,2.0NRT,298.65,3.23,D
-4.69057,21.51168,334.85,0.39,0.36,2025-03-13,1206,N,nominal,2.0NRT,300.33,5.48,D
-4.48118,22.83621,339.64,0.43,0.38,2025-03-13,1206,N,nominal,2.0NRT,297.24,5.77,D
-4.10788,25.13047,332.21,0.57,0.43,2025-03-13,1206,N,nominal,2.0NRT,292.38,3.57,D
-5.00561,19.37025,332.35,0.39,0.37,2025-03-13,1206,N,low,2.0NRT,302.36,4.05,D
-4.09638,25.17617,342.03,0.57,0.43,2025-03-13,1206,N,nominal,2.0NRT,295.45,6.51,D
-4.65302,21.66575,334.87,0.4,0.37,2025-03-13,1206,N,nominal,2.0NRT,298.96,3.77,D
-5.5082,15.90416,330.91,0.57,0.43,2025-03-13,1206,N,nominal,2.0NRT,296.33,6.95,D
-4.24378,24.23855,344.39,0.5,0.41,2025-03-13,1206,N,nominal,2.0NRT,292.75,5.92,D
-4.2445,24.23405,335.99,0.5,0.41,2025-03-13,1206,N,nominal,2.0NRT,293.18,4.22,D
-4.4951,22.63377,330.37,0.42,0.38,2025-03-13,1206,N,nominal,2.0NRT,300.07,0.88,D
-4.98274,19.45408,332.17,0.39,0.36,2025-03-13,1206,N,low,2.0NRT,295.92,7.26,D
-5.01951,19.20785,332.34,0.4,0.37,2025-03-13,1206,N,low,2.0NRT,303.33,3.41,D
-5.40364,16.57976,335.73,0.52,0.41,2025-03-13,1206,N,nominal,2.0NRT,293.73,11.73,D
-5.51042,15.83122,341.55,0.57,0.43,2025-03-13,1206,N,nominal,2.0NRT,296.91,10.87,D
-4.68367,21.3339,334.1,0.39,0.36,2025-03-13,1206,N,nominal,2.0NRT,301.04,3.03,D
-4.48605,22.6165,334.74,0.42,0.38,2025-03-13,1206,N,nominal,2.0NRT,298.54,11.13,D
-4.68169,21.33641,333.42,0.39,0.36,2025-03-13,1206,N,nominal,2.0NRT,300.06,3.65,D
-5.40134,16.58095,330.23,0.51,0.41,2025-03-13,1206,N,nominal,2.0NRT,292.45,5.49,D
-4.64713,21.54043,331.07,0.39,0.36,2025-03-13,1206,N,nominal,2.0NRT,300.05,2.56,D
-5.39827,16.57547,341.2,0.51,0.41,2025-03-13,1206,N,nominal,2.0NRT,293.26,14.7,D
-5.50987,15.82846,346.07,0.57,0.43,2025-03-13,1206,N,nominal,2.0NRT,296.98,13.09,D
-4.68117,21.25009,335.8,0.39,0.36,2025-03-13,1206,N,nominal,2.0NRT,299.51,7.46,D
-4.45757,22.66286,332.98,0.42,0.38,2025-03-13,1206,N,nominal,2.0NRT,299.03,2.6,D
-5.38432,16.51176,338.58,0.52,0.41,2025-03-13,1206,N,nominal,2.0NRT,293.91,14.03,D
-5.32172,16.88189,334.12,0.49,0.41,2025-03-13,1206,N,nominal,2.0NRT,294.56,5.1,D
-4.66325,21.23304,341.06,0.39,0.36,2025-03-13,1206,N,nominal,2.0NRT,299.61,4.77,D
-4.60699,21.57795,330.03,0.39,0.36,2025-03-13,1206,N,nominal,2.0NRT,298.57,0.65,D
-4.94351,19.34188,339.4,0.4,0.37,2025-03-13,1206,N,nominal,2.0NRT,300.16,6.38,D
-4.9439,19.31635,337.61,0.4,0.37,2025-03-13,1206,N,nominal,2.0NRT,293.85,3.59,D
-4.4172,22.73924,331.8,0.43,0.38,2025-03-13,1206,N,nominal,2.0NRT,298.53,2.22,D
-5.33959,16.57695,341.9,0.51,0.41,2025-03-13,1206,N,nominal,2.0NRT,290.55,6.42,D
-4.18316,24.16084,347.06,0.5,0.41,2025-03-13,1206,N,nominal,2.0NRT,298.04,9.98,D
-4.38134,22.90033,335.41,0.43,0.38,2025-03-13,1206,N,nominal,2.0NRT,298.6,7.05,D
-4.17798,24.16924,336.85,0.5,0.41,2025-03-13,1206,N,nominal,2.0NRT,294.87,5.99,D
-4.17942,24.16016,337.04,0.5,0.41,2025-03-13,1206,N,nominal,2.0NRT,296.37,7.09,D
-4.38878,22.82966,335.95,0.43,0.38,2025-03-13,1206,N,nominal,2.0NRT,300.66,4.63,D
-4.39155,22.74315,334.2,0.43,0.38,2025-03-13,1206,N,nominal,2.0NRT,299.82,5.69,D
-4.40186,22.65445,334.74,0.42,0.38,2025-03-13,1206,N,nominal,2.0NRT,299.78,3.48,D
-4.36453,22.86976,331.42,0.43,0.38,2025-03-13,1206,N,nominal,2.0NRT,297.99,2.06,D
-4.48972,22.02349,330.27,0.4,0.37,2025-03-13,1206,N,nominal,2.0NRT,299.34,2.96,D
-5.39633,15.88022,336.39,0.57,0.43,2025-03-13,1206,N,nominal,2.0NRT,296.46,5.13,D
-4.87964,19.35442,331.93,0.39,0.37,2025-03-13,1206,N,low,2.0NRT,290.09,3.16,D
-4.08912,24.40883,332.09,0.52,0.41,2025-03-13,1206,N,nominal,2.0NRT,295.73,6.02,D
-4.85826,19.47451,346.86,0.39,0.36,2025-03-13,1206,N,low,2.0NRT,297.51,7.75,D
-4.87627,19.35393,341.03,0.39,0.37,2025-03-13,1206,N,nominal,2.0NRT,290.1,3.16,D
-4.52629,21.64519,330.77,0.4,0.37,2025-03-13,1206,N,nominal,2.0NRT,300.17,2.04,D
-4.09013,24.41063,335.25,0.52,0.41,2025-03-13,1206,N,nominal,2.0NRT,294.37,5.89,D
-4.32259,22.85944,334.64,0.43,0.38,2025-03-13,1206,N,nominal,2.0NRT,298.92,9.86,D
-5.208,16.89443,330.27,0.49,0.4,2025-03-13,1206,N,nominal,2.0NRT,292.96,4.29,D
-4.44948,21.89815,332.69,0.4,0.37,2025-03-13,1206,N,nominal,2.0NRT,298.83,2.98,D
-5.00823,18.21234,337.21,0.43,0.38,2025-03-13,1206,N,low,2.0NRT,300.91,8.69,D
-4.54704,21.23992,332.05,0.39,0.36,2025-03-13,1206,N,nominal,2.0NRT,298.06,8.71,D
-5.37727,15.66194,331.69,0.39,0.44,2025-03-13,1206,N,nominal,2.0NRT,295.64,2.78,D
-5.03065,17.86775,355.43,0.44,0.38,2025-03-13,1206,N,low,2.0NRT,306.14,44.19,D
-5.03124,17.86377,344.62,0.44,0.38,2025-03-13,1206,N,low,2.0NRT,303.87,10.13,D
-4.52501,21.18278,330.92,0.39,0.36,2025-03-13,1206,N,nominal,2.0NRT,299.71,2.24,D
-4.4974,21.34016,332.79,0.39,0.36,2025-03-13,1206,N,nominal,2.0NRT,297.14,2.71,D
-5.21277,16.54611,331.12,0.51,0.41,2025-03-13,1206,N,nominal,2.0NRT,293.49,3.94,D
-5.01354,17.8855,367,0.44,0.38,2025-03-13,1206,N,high,2.0NRT,307.32,9.63,D
-4.92969,18.45366,341.31,0.42,0.38,2025-03-13,1206,N,nominal,2.0NRT,300.18,10.5,D
-5.01412,17.88157,333.63,0.44,0.38,2025-03-13,1206,N,nominal,2.0NRT,302.63,9.63,D
-4.92903,18.43419,335.17,0.42,0.38,2025-03-13,1206,N,low,2.0NRT,300.42,13.18,D
-5.01001,17.88489,337.07,0.44,0.38,2025-03-13,1206,N,nominal,2.0NRT,304.41,9.59,D
-4.38165,21.99928,336.26,0.4,0.37,2025-03-13,1206,N,nominal,2.0NRT,300.65,4.51,D
-4.4697,21.38639,333.59,0.39,0.36,2025-03-13,1206,N,nominal,2.0NRT,298.48,4.59,D
-4.47025,21.38284,333.01,0.39,0.36,2025-03-13,1206,N,nominal,2.0NRT,298.98,3.85,D
-4.9334,18.25999,333.36,0.42,0.38,2025-03-13,1206,N,nominal,2.0NRT,295.77,5.78,D
-4.93254,18.25985,332.69,0.42,0.38,2025-03-13,1206,N,nominal,2.0NRT,295.95,5.58,D
-4.4283,21.5348,349.77,0.39,0.36,2025-03-13,1206,N,nominal,2.0NRT,301.07,6.39,D
-4.42884,21.53126,353.58,0.39,0.36,2025-03-13,1206,N,nominal,2.0NRT,301.37,6.39,D
-4.42547,21.53075,341.35,0.39,0.36,2025-03-13,1206,N,nominal,2.0NRT,303.37,6.39,D
-4.42601,21.52723,335.37,0.39,0.36,2025-03-13,1206,N,nominal,2.0NRT,302.06,5.86,D
-4.94946,18.07673,334.81,0.43,0.38,2025-03-13,1206,N,low,2.0NRT,298.68,3.98,D
-4.40196,21.66208,333.93,0.4,0.37,2025-03-13,1206,N,nominal,2.0NRT,297.99,3.45,D
-4.48496,21.11864,334.01,0.39,0.36,2025-03-13,1206,N,nominal,2.0NRT,300.16,7.31,D
-4.48162,21.11814,331.79,0.39,0.36,2025-03-13,1206,N,nominal,2.0NRT,299.42,7.31,D
-4.81727,18.76744,333.01,0.41,0.37,2025-03-13,1206,N,nominal,2.0NRT,299.91,2.84,D
-5.04099,17.24436,335.83,0.47,0.4,2025-03-13,1206,N,low,2.0NRT,297.37,5.13,D
-4.87465,18.33738,334.69,0.42,0.38,2025-03-13,1206,N,low,2.0NRT,300.47,7.4,D
-4.18857,22.81892,336.81,0.43,0.38,2025-03-13,1206,N,nominal,2.0NRT,299.23,4.27,D
-5.14011,16.49458,335.25,0.52,0.41,2025-03-13,1206,N,nominal,2.0NRT,294.95,6.83,D
-4.89391,18.13651,342.47,0.43,0.38,2025-03-13,1206,N,nominal,2.0NRT,300.5,7.31,D
-5.28776,15.45404,341.06,0.4,0.44,2025-03-13,1206,N,nominal,2.0NRT,294.41,5.09,D
-4.28086,22.15558,333.53,0.41,0.37,2025-03-13,1206,N,nominal,2.0NRT,299.56,4.95,D
-4.95912,17.64772,333.7,0.45,0.39,2025-03-13,1206,N,low,2.0NRT,308.14,10.94,D
-5.00928,17.25667,343.43,0.47,0.4,2025-03-13,1206,N,nominal,2.0NRT,299.74,5.91,D
-5.0099,17.25244,330.17,0.47,0.4,2025-03-13,1206,N,low,2.0NRT,300.97,5.91,D
-5.27089,15.45518,347.67,0.4,0.44,2025-03-13,1206,N,nominal,2.0NRT,293.98,6.81,D
-4.93235,17.75492,334.51,0.44,0.39,2025-03-13,1206,N,nominal,2.0NRT,298.35,3.29,D
-4.29888,21.92655,330.17,0.4,0.37,2025-03-13,1206,N,nominal,2.0NRT,300.46,2.58,D
-4.96649,17.49779,347.92,0.46,0.39,2025-03-13,1206,N,nominal,2.0NRT,300.38,12.66,D
-4.31672,21.76663,332.18,0.4,0.37,2025-03-13,1206,N,nominal,2.0NRT,299.83,4.15,D
-4.38206,21.34344,333.3,0.39,0.36,2025-03-13,1206,N,nominal,2.0NRT,297.84,2.77,D
-4.47621,20.72939,330.86,0.38,0.36,2025-03-13,1206,N,low,2.0NRT,301.54,4.73,D
-5.09747,16.49261,333.56,0.52,0.41,2025-03-13,1206,N,nominal,2.0NRT,294.27,3.94,D
-5.08545,16.54913,332.53,0.51,0.41,2025-03-13,1206,N,nominal,2.0NRT,295.19,4.93,D
-5.09299,16.49656,332.82,0.52,0.41,2025-03-13,1206,N,nominal,2.0NRT,294.45,3.94,D
-5.05267,16.74996,331.64,0.5,0.41,2025-03-13,1206,N,nominal,2.0NRT,292.22,4.98,D
-5.08918,16.49597,334.74,0.52,0.41,2025-03-13,1206,N,nominal,2.0NRT,294.56,5.26,D
-4.90796,17.72246,339.97,0.45,0.39,2025-03-13,1206,N,nominal,2.0NRT,300.22,11.3,D
-4.83194,18.21743,332.18,0.43,0.38,2025-03-13,1206,N,low,2.0NRT,301,3.85,D
-4.82846,18.21685,343.2,0.43,0.38,2025-03-13,1206,N,nominal,2.0NRT,301.1,3.85,D
-4.83066,18.21719,343.77,0.43,0.38,2025-03-13,1206,N,nominal,2.0NRT,302.22,4.45,D
-4.90545,17.72247,341.71,0.45,0.39,2025-03-13,1206,N,nominal,2.0NRT,297.57,9.3,D
-5.05193,16.75105,331.83,0.5,0.41,2025-03-13,1206,N,nominal,2.0NRT,292.09,4.56,D
-5.09006,16.49773,335.18,0.52,0.41,2025-03-13,1206,N,nominal,2.0NRT,295.02,4.37,D
-5.09075,16.49313,330.85,0.52,0.41,2025-03-13,1206,N,nominal,2.0NRT,294.15,4.37,D
-4.82776,18.21279,332.44,0.43,0.38,2025-03-13,1206,N,low,2.0NRT,299.73,4.45,D
-4.90615,17.6937,333.37,0.45,0.39,2025-03-13,1206,N,nominal,2.0NRT,298.81,5.27,D
-4.89287,17.75756,334.87,0.44,0.39,2025-03-13,1206,N,nominal,2.0NRT,297.24,3.13,D
-4.26364,21.85759,344.02,0.4,0.37,2025-03-13,1206,N,nominal,2.0NRT,302.71,17.5,D
-4.27248,21.79977,333.31,0.4,0.37,2025-03-13,1206,N,nominal,2.0NRT,299.24,2.29,D
-4.93671,17.39265,340.36,0.46,0.39,2025-03-13,1206,N,nominal,2.0NRT,302.01,6.95,D
-4.79417,18.3175,333.88,0.42,0.38,2025-03-13,1206,N,nominal,2.0NRT,300.13,4.3,D
-4.93308,17.39216,338.01,0.46,0.39,2025-03-13,1206,N,nominal,2.0NRT,301.19,10.9,D
-5.0563,16.54108,339.64,0.51,0.41,2025-03-13,1206,N,nominal,2.0NRT,294.94,6.37,D
-5.05247,16.5407,336.7,0.51,0.41,2025-03-13,1206,N,nominal,2.0NRT,293.17,6.45,D
-5.18578,15.64002,338.41,0.39,0.44,2025-03-13,1206,N,nominal,2.0NRT,295.51,5.19,D
-5.18123,15.64294,334.41,0.39,0.44,2025-03-13,1206,N,nominal,2.0NRT,294.22,5.19,D
-5.18175,15.63944,349.93,0.39,0.44,2025-03-13,1206,N,nominal,2.0NRT,295.35,5.19,D
-4.41047,20.67258,330.1,0.38,0.36,2025-03-13,1206,N,low,2.0NRT,301.89,3.63,D
-4.31531,21.22822,334.33,0.39,0.36,2025-03-13,1206,N,nominal,2.0NRT,297.8,3.42,D
-4.83291,17.79389,343.12,0.44,0.39,2025-03-13,1206,N,nominal,2.0NRT,298.24,5.83,D
-5.01249,16.54824,332.52,0.51,0.41,2025-03-13,1206,N,nominal,2.0NRT,295.08,11.13,D
-4.38682,20.6938,335.98,0.38,0.36,2025-03-13,1206,N,nominal,2.0NRT,298.24,5.11,D
-4.04416,22.86484,331.87,0.43,0.38,2025-03-13,1206,N,nominal,2.0NRT,297.85,2.41,D
-4.08674,22.54727,333.76,0.42,0.38,2025-03-13,1206,N,nominal,2.0NRT,299.96,10.95,D
-4.84487,17.53919,330.87,0.45,0.39,2025-03-13,1206,N,low,2.0NRT,297.29,5.85,D
-5.3861,13.75858,333.28,0.52,0.5,2025-03-13,1206,N,nominal,2.0NRT,285.6,5.3,D
-4.08326,22.54674,334.78,0.42,0.38,2025-03-13,1206,N,nominal,2.0NRT,299.47,10.95,D
-4.08386,22.54289,334.57,0.42,0.38,2025-03-13,1206,N,nominal,2.0NRT,300.83,10.95,D
-4.18565,21.89008,336.81,0.4,0.37,2025-03-13,1206,N,nominal,2.0NRT,298.07,4.61,D
-4.36795,20.55612,331.46,0.38,0.36,2025-03-13,1206,N,nominal,2.0NRT,301.52,1.87,D
-4.40794,20.29316,335.44,0.38,0.36,2025-03-13,1206,N,nominal,2.0NRT,301.65,4.24,D
-4.87717,17.19659,349.2,0.47,0.4,2025-03-13,1206,N,nominal,2.0NRT,298.1,10.11,D
-4.80524,17.55137,334.08,0.45,0.39,2025-03-13,1206,N,nominal,2.0NRT,296.24,4.66,D
-4.34853,20.54965,336.79,0.38,0.36,2025-03-13,1206,N,nominal,2.0NRT,303.05,3.42,D
-4.36891,20.39345,335,0.38,0.36,2025-03-13,1206,N,nominal,2.0NRT,299.77,1.9,D
-4.34504,20.52788,336.49,0.38,0.36,2025-03-13,1206,N,nominal,2.0NRT,302.1,5.42,D
-4.35278,20.45475,333.37,0.38,0.36,2025-03-13,1206,N,nominal,2.0NRT,296.73,3.58,D
-4.037,22.49346,331.38,0.42,0.38,2025-03-13,1206,N,nominal,2.0NRT,299.59,3.38,D
-4.03354,22.4929,334.46,0.42,0.38,2025-03-13,1206,N,nominal,2.0NRT,298.33,3.38,D
-4.90839,16.63086,341.54,0.5,0.41,2025-03-13,1206,N,nominal,2.0NRT,298.67,4.87,D
-4.11645,21.86466,338.34,0.4,0.37,2025-03-13,1206,N,nominal,2.0NRT,301.05,4.68,D
-4.29433,20.70442,332.66,0.38,0.36,2025-03-13,1206,N,nominal,2.0NRT,300.22,3.09,D
-4.32755,20.48636,346.39,0.38,0.36,2025-03-13,1206,N,nominal,2.0NRT,300.53,5.92,D
-4.29101,20.70391,333.74,0.38,0.36,2025-03-13,1206,N,nominal,2.0NRT,300.4,5.21,D
-4.32775,20.44035,333.99,0.38,0.36,2025-03-13,1206,N,nominal,2.0NRT,299.16,4.24,D
-4.31232,20.51939,334.37,0.38,0.36,2025-03-13,1206,N,nominal,2.0NRT,295.88,1.63,D
-4.89997,16.58291,342.04,0.51,0.41,2025-03-13,1206,N,nominal,2.0NRT,296.51,6.49,D
-4.01957,22.28645,334.36,0.41,0.37,2025-03-13,1206,N,nominal,2.0NRT,301.72,2.85,D
-4.30288,20.44722,346.66,0.38,0.36,2025-03-13,1206,N,nominal,2.0NRT,300.38,5.75,D
-4.82341,16.94996,333.17,0.48,0.4,2025-03-13,1206,N,nominal,2.0NRT,293.31,4.21,D
-4.26091,20.67809,336.66,0.38,0.36,2025-03-13,1206,N,nominal,2.0NRT,301.43,3.07,D
-4.79334,17.10472,332.99,0.48,0.4,2025-03-13,1206,N,nominal,2.0NRT,294.57,3.76,D
-4.08578,21.79343,333.16,0.4,0.37,2025-03-13,1206,N,nominal,2.0NRT,300.4,3.06,D
-4.12188,21.56047,337.59,0.4,0.37,2025-03-13,1206,N,nominal,2.0NRT,295.81,3.02,D
-4.2439,20.70032,330.11,0.38,0.36,2025-03-13,1206,N,low,2.0NRT,300.64,1.87,D
-4.11336,21.52639,337.03,0.39,0.37,2025-03-13,1206,N,nominal,2.0NRT,300.61,4.24,D
-4.11196,21.52562,335.92,0.4,0.37,2025-03-13,1206,N,nominal,2.0NRT,298.7,3.51,D
-4.29057,20.35257,331.27,0.38,0.36,2025-03-13,1206,N,nominal,2.0NRT,298.11,1.64,D
-4.08515,21.67873,334.42,0.4,0.37,2025-03-13,1206,N,nominal,2.0NRT,299.38,3.46,D
-4.02296,22.06309,337.38,0.41,0.37,2025-03-13,1206,N,nominal,2.0NRT,299.56,4.12,D
-4.23441,20.67689,334.44,0.38,0.36,2025-03-13,1206,N,nominal,2.0NRT,300.38,2.84,D
-4.57622,18.42408,336.5,0.42,0.37,2025-03-13,1206,N,low,2.0NRT,299.73,5.02,D
-4.09859,21.5454,334.31,0.4,0.37,2025-03-13,1206,N,nominal,2.0NRT,299.67,7.39,D
-4.09913,21.54187,334.97,0.4,0.37,2025-03-13,1206,N,nominal,2.0NRT,299.39,5.16,D
-4.74078,17.28485,332.56,0.46,0.39,2025-03-13,1206,N,low,2.0NRT,297.79,5.06,D
-4.17518,20.99858,332.89,0.39,0.36,2025-03-13,1206,N,nominal,2.0NRT,299.59,2.16,D
-4.21867,20.64616,346.76,0.38,0.36,2025-03-13,1206,N,nominal,2.0NRT,302.84,10.07,D
-4.63806,17.84735,340.42,0.44,0.38,2025-03-13,1206,N,nominal,2.0NRT,295.15,6.1,D
-4.04967,21.68445,332.27,0.4,0.37,2025-03-13,1206,N,nominal,2.0NRT,297.09,2.58,D
-4.20325,20.65802,331.77,0.38,0.36,2025-03-13,1206,N,nominal,2.0NRT,299.96,2.48,D
-4.18904,20.68422,336.63,0.38,0.36,2025-03-13,1206,N,nominal,2.0NRT,302.05,4.43,D
-4.59801,17.87367,335.2,0.44,0.38,2025-03-13,1206,N,nominal,2.0NRT,294.63,4.28,D
-4.1342,20.93174,335.56,0.39,0.36,2025-03-13,1206,N,nominal,2.0NRT,302.22,6.4,D
-4.13615,20.80755,331.8,0.39,0.36,2025-03-13,1206,N,nominal,2.0NRT,297.74,2.59,D
-4.04944,21.32761,346.7,0.39,0.36,2025-03-13,1206,N,nominal,2.0NRT,298.26,6.37,D
-4.04599,21.30544,339.35,0.39,0.36,2025-03-13,1206,N,nominal,2.0NRT,300.07,11.07,D
-4.01506,21.40844,338.27,0.39,0.36,2025-03-13,1206,N,nominal,2.0NRT,299.56,3.15,D
-4.00324,21.39581,331.76,0.39,0.36,2025-03-13,1206,N,nominal,2.0NRT,298.26,1.53,D
-4.56424,17.66986,333.03,0.44,0.39,2025-03-13,1206,N,nominal,2.0NRT,298.69,8.26,D
-4.24942,19.62094,331,0.39,0.36,2025-03-13,1206,N,nominal,2.0NRT,298.55,3.51,D
-4.64652,16.84127,352.01,0.49,0.4,2025-03-13,1206,N,nominal,2.0NRT,295.7,22.54,D
-4.31243,19.06604,352.81,0.4,0.37,2025-03-13,1206,N,nominal,2.0NRT,297.34,13.59,D
-4.17127,19.9796,332.71,0.39,0.36,2025-03-13,1206,N,nominal,2.0NRT,300.71,2.11,D
-4.53279,17.48778,336.46,0.45,0.39,2025-03-13,1206,N,low,2.0NRT,300.01,7.22,D
-4.58988,17.09863,335.7,0.47,0.4,2025-03-13,1206,N,nominal,2.0NRT,297.87,5.13,D
-4.56793,17.06916,339.87,0.47,0.4,2025-03-13,1206,N,nominal,2.0NRT,299.35,12.22,D
-4.56425,17.06863,339,0.47,0.4,2025-03-13,1206,N,nominal,2.0NRT,297.54,12.22,D
-4.56485,17.06966,335.3,0.47,0.4,2025-03-13,1206,N,low,2.0NRT,298.91,13.21,D
-4.12402,19.93629,333.62,0.39,0.36,2025-03-13,1206,N,nominal,2.0NRT,299.38,6.76,D
-4.29501,18.80834,333.22,0.4,0.37,2025-03-13,1206,N,low,2.0NRT,299.76,3.63,D
-4.88284,14.71742,344.64,0.44,0.46,2025-03-13,1206,N,nominal,2.0NRT,292.28,6.79,D
-4.42213,17.65341,337.97,0.44,0.39,2025-03-13,1206,N,nominal,2.0NRT,294.89,9.76,D
-4.43585,17.56093,334.16,0.45,0.39,2025-03-13,1206,N,nominal,2.0NRT,296.13,3.8,D
-4.54943,16.79267,336.86,0.49,0.4,2025-03-13,1206,N,nominal,2.0NRT,300.11,12.05,D
-4.55144,16.77905,340.88,0.49,0.4,2025-03-13,1206,N,low,2.0NRT,301,15.16,D
-4.29484,18.38958,337.14,0.42,0.37,2025-03-13,1206,N,low,2.0NRT,300.94,7.49,D
-4.70346,15.57322,336.24,0.39,0.44,2025-03-13,1206,N,nominal,2.0NRT,292.74,5.58,D
-4.69895,15.57605,339.93,0.38,0.44,2025-03-13,1206,N,nominal,2.0NRT,292.72,14,D
-4.69943,15.5727,333.67,0.39,0.44,2025-03-13,1206,N,nominal,2.0NRT,294.46,14,D
-4.47499,16.99113,332.35,0.48,0.4,2025-03-13,1206,N,nominal,2.0NRT,295.65,3.93,D
-4.47129,16.99067,332.63,0.48,0.4,2025-03-13,1206,N,nominal,2.0NRT,295.09,4.52,D
-4.47259,16.99245,338.53,0.48,0.4,2025-03-13,1206,N,nominal,2.0NRT,295.8,10.67,D
-4.36756,17.66285,331.09,0.44,0.39,2025-03-13,1206,N,low,2.0NRT,299.56,3.79,D
-4.3628,17.67034,335.01,0.44,0.39,2025-03-13,1206,N,low,2.0NRT,298.84,9.65,D
-4.38975,17.29553,341.23,0.46,0.39,2025-03-13,1206,N,nominal,2.0NRT,299.47,7.36,D
-4.358,17.40958,331.59,0.45,0.39,2025-03-13,1206,N,nominal,2.0NRT,296.41,2.59,D
-4.28592,17.77236,347.64,0.44,0.38,2025-03-13,1206,N,nominal,2.0NRT,300.19,12.29,D
-4.69196,14.90691,340.36,0.42,0.45,2025-03-13,1206,N,nominal,2.0NRT,292.59,5.05,D
-4.09342,18.97039,332.27,0.4,0.37,2025-03-13,1206,N,low,2.0NRT,299.9,3.48,D
-4.09672,18.87879,333.89,0.4,0.37,2025-03-13,1206,N,nominal,2.0NRT,298.92,5.24,D
-4.25691,17.72369,333.12,0.44,0.38,2025-03-13,1206,N,nominal,2.0NRT,298.55,7.35,D
-4.52189,15.89269,333.1,0.55,0.43,2025-03-13,1206,N,nominal,2.0NRT,293.49,4.22,D
-4.2574,17.72414,334.56,0.44,0.38,2025-03-13,1206,N,nominal,2.0NRT,298.34,7.7,D
-4.64275,15.08989,353.18,0.41,0.45,2025-03-13,1206,N,nominal,2.0NRT,288.94,9.04,D
-4.47093,16.2095,330.93,0.53,0.42,2025-03-13,1206,N,nominal,2.0NRT,295.42,3.95,D
-4.17448,17.96381,343.97,0.43,0.38,2025-03-13,1206,N,nominal,2.0NRT,301.05,5.54,D
-4.23225,17.52842,335.79,0.45,0.39,2025-03-13,1206,N,low,2.0NRT,299.13,7.52,D
-4.18814,17.48047,335.2,0.45,0.39,2025-03-13,1206,N,nominal,2.0NRT,298.37,6.16,D
-4.36097,16.29025,346.39,0.52,0.41,2025-03-13,1206,N,nominal,2.0NRT,301.71,52.85,D
-4.46714,15.59968,335.25,0.57,0.43,2025-03-13,1206,N,nominal,2.0NRT,293.11,5.54,D
-4.35886,16.29159,353.37,0.52,0.41,2025-03-13,1206,N,nominal,2.0NRT,299.04,40.87,D
-4.35957,16.28683,339.02,0.52,0.41,2025-03-13,1206,N,nominal,2.0NRT,299.01,40.87,D
-4.17597,17.4295,338.59,0.45,0.39,2025-03-13,1206,N,nominal,2.0NRT,296.37,4.55,D
-4.37005,16.13877,332.59,0.53,0.42,2025-03-13,1206,N,nominal,2.0NRT,295.24,5.34,D
-4.36618,16.13819,345.11,0.53,0.42,2025-03-13,1206,N,nominal,2.0NRT,292.84,6.63,D
-4.28817,16.39975,332.09,0.51,0.41,2025-03-13,1206,N,nominal,2.0NRT,294.49,3.69,D
-4.27989,16.40326,330.65,0.51,0.41,2025-03-13,1206,N,nominal,2.0NRT,295.65,2.47,D
-4.06475,17.80858,332.33,0.43,0.38,2025-03-13,1206,N,low,2.0NRT,300.2,6.76,D
-4.26576,16.42029,347.74,0.51,0.41,2025-03-13,1206,N,nominal,2.0NRT,295.23,6.4,D
-4.23828,16.36905,332.26,0.51,0.41,2025-03-13,1206,N,nominal,2.0NRT,295.52,4.29,D
-4.00715,17.93113,336.24,0.43,0.38,2025-03-13,1206,N,low,2.0NRT,300.14,4.75,D
-4.23947,16.3662,335.63,0.51,0.41,2025-03-13,1206,N,nominal,2.0NRT,296.89,4.53,D
-4.10835,17.2093,333.53,0.46,0.39,2025-03-13,1206,N,nominal,2.0NRT,294.96,6.17,D
-4.02491,17.59281,340.68,0.44,0.39,2025-03-13,1206,N,low,2.0NRT,298.39,8.79,D
-4.08407,16.81882,335.74,0.48,0.4,2025-03-13,1206,N,low,2.0NRT,300.51,15.97,D
-4.35532,14.88364,333.46,0.42,0.45,2025-03-13,1206,N,nominal,2.0NRT,291.18,2.99,D
-4.10728,15.59772,331.75,0.57,0.43,2025-03-13,1206,N,nominal,2.0NRT,294.39,7.91,D
-4.07154,15.70212,331.93,0.56,0.43,2025-03-13,1206,N,nominal,2.0NRT,293.56,3.54,D
-4.03042,15.25235,349.37,0.39,0.44,2025-03-13,1206,N,nominal,2.0NRT,294.76,4.98,D
-4.03095,15.24874,331.72,0.39,0.44,2025-03-13,1206,N,nominal,2.0NRT,294.32,4.98,D
-4.03806,14.49616,341.87,0.44,0.46,2025-03-13,1206,N,nominal,2.0NRT,291.14,4.34,D
-4.01999,14.53012,333.66,0.44,0.46,2025-03-13,1206,N,nominal,2.0NRT,291.18,5.4,D
-4.01086,14.53292,343.12,0.44,0.46,2025-03-13,1206,N,nominal,2.0NRT,291.93,8.65,D
-33.74158,18.86823,367,0.69,0.74,2025-03-13,1338,N,high,2.0NRT,298.86,20.8,D
-33.74379,18.861,357.02,0.69,0.74,2025-03-13,1338,N,nominal,2.0NRT,297.95,20.8,D
-33.74319,18.86835,367,0.69,0.74,2025-03-13,1338,N,high,2.0NRT,299.71,25.97,D
-33.73652,18.86544,340.51,0.69,0.74,2025-03-13,1338,N,nominal,2.0NRT,297.13,9.91,D
-32.3009,19.08347,367,0.77,0.77,2025-03-13,1338,N,high,2.0NRT,299.05,60.79,D
-32.30248,19.07839,348.17,0.77,0.77,2025-03-13,1338,N,nominal,2.0NRT,308.53,36.84,D
-32.30481,19.0709,340.81,0.77,0.77,2025-03-13,1338,N,nominal,2.0NRT,301.16,36.84,D
-32.29295,19.08368,367,0.77,0.77,2025-03-13,1338,N,high,2.0NRT,303.09,29.09,D
-32.2942,19.07966,356.86,0.77,0.77,2025-03-13,1338,N,nominal,2.0NRT,304.58,29.09,D
-32.29562,19.07511,355.53,0.77,0.77,2025-03-13,1338,N,nominal,2.0NRT,306.54,18.01,D
-32.29736,19.06952,355.25,0.77,0.77,2025-03-13,1338,N,nominal,2.0NRT,306.87,18.01,D
-32.29056,19.06604,341.17,0.77,0.77,2025-03-13,1338,N,nominal,2.0NRT,305.2,18.01,D
-32.30008,19.08258,367,0.77,0.77,2025-03-13,1338,N,high,2.0NRT,299.59,55.99,D
-32.30163,19.07751,343.86,0.77,0.77,2025-03-13,1338,N,nominal,2.0NRT,310.4,55.99,D
-32.30378,19.07046,344.21,0.77,0.77,2025-03-13,1338,N,nominal,2.0NRT,302.82,22.66,D
-32.2921,19.08291,367,0.77,0.77,2025-03-13,1338,N,high,2.0NRT,303.74,44,D
-32.29656,19.06833,367,0.77,0.77,2025-03-13,1338,N,high,2.0NRT,307.12,17.02,D
-32.29333,19.07891,352.41,0.77,0.77,2025-03-13,1338,N,nominal,2.0NRT,305.08,20.21,D
-32.29476,19.07425,336.86,0.77,0.77,2025-03-13,1338,N,nominal,2.0NRT,306.33,20.21,D
-32.30275,19.04799,336.4,0.77,0.77,2025-03-13,1338,N,nominal,2.0NRT,301.81,17.02,D
-32.28284,19.06173,331.62,0.77,0.77,2025-03-13,1338,N,low,2.0NRT,305.24,5.08,D
-32.26566,19.06642,335.8,0.77,0.77,2025-03-13,1338,N,nominal,2.0NRT,301.52,6.88,D
-32.23053,19.02706,340.58,0.77,0.77,2025-03-13,1338,N,nominal,2.0NRT,302.43,7.28,D
-32.23065,19.02509,334.67,0.77,0.77,2025-03-13,1340,N,nominal,2.0NRT,302.44,4.88,D
-32.1807,19.00834,367,0.77,0.77,2025-03-13,1340,N,high,2.0NRT,304.17,17.46,D
-32.18228,19.0032,338.61,0.77,0.77,2025-03-13,1340,N,nominal,2.0NRT,299.98,17.46,D
-32.17096,19.01447,367,0.77,0.77,2025-03-13,1340,N,high,2.0NRT,300.84,20.66,D
-32.1729,19.00814,367,0.77,0.77,2025-03-13,1340,N,high,2.0NRT,299.63,34.42,D
-32.16899,19.0209,337.04,0.77,0.77,2025-03-13,1340,N,nominal,2.0NRT,299.16,20.66,D
-15.89068,33.03276,308.14,0.42,0.38,2025-03-13,2312,N,nominal,2.0NRT,290.69,0.81,N
-15.89414,33.03219,329.54,0.42,0.38,2025-03-13,2312,N,nominal,2.0NRT,291.48,3.23,N
-15.93107,33.01844,304.56,0.42,0.37,2025-03-13,2312,N,nominal,2.0NRT,291.21,0.79,N
-16.1192,33.75981,314.32,0.45,0.39,2025-03-13,2312,N,nominal,2.0NRT,294.2,1.75,N
-16.13114,33.7665,305.17,0.45,0.39,2025-03-13,2312,N,nominal,2.0NRT,292.74,1.06,N
-16.16429,33.80592,317.11,0.45,0.39,2025-03-13,2312,N,nominal,2.0NRT,292.8,1.95,N
-16.19482,33.84015,309.39,0.45,0.39,2025-03-13,2312,N,nominal,2.0NRT,293.17,2.94,N
-17.34179,27.20695,310.03,0.46,0.39,2025-03-13,2312,N,nominal,2.0NRT,292.92,2.27,N
-18.04959,30.3787,303.85,0.38,0.36,2025-03-13,2312,N,nominal,2.0NRT,288.58,0.95,N
-18.47613,32.7359,302.87,0.43,0.38,2025-03-13,2312,N,nominal,2.0NRT,283.78,0.8,N
-18.47648,32.73659,306.47,0.43,0.38,2025-03-13,2312,N,nominal,2.0NRT,283.93,0.84,N
-18.52895,32.65409,306,0.43,0.38,2025-03-13,2312,N,nominal,2.0NRT,284.22,0.99,N
-17.29422,24.146,305.62,0.46,0.47,2025-03-13,2312,N,nominal,2.0NRT,287.96,1.27,N
-17.29854,24.14512,308.9,0.46,0.47,2025-03-13,2312,N,nominal,2.0NRT,289.65,1.27,N
-18.36184,26.65971,318.32,0.48,0.4,2025-03-13,2312,N,nominal,2.0NRT,293.69,1.98,N
-18.36263,26.66427,319.96,0.48,0.4,2025-03-13,2312,N,nominal,2.0NRT,293.19,1.98,N
-18.91417,29.73034,305.05,0.39,0.36,2025-03-13,2312,N,nominal,2.0NRT,287.34,0.73,N
-18.36558,26.47766,320.22,0.49,0.4,2025-03-13,2312,N,nominal,2.0NRT,295.09,2.83,N
-18.36929,26.47697,344.03,0.49,0.4,2025-03-13,2312,N,nominal,2.0NRT,299.2,9.72,N
-18.36434,26.44931,310.14,0.49,0.4,2025-03-13,2312,N,nominal,2.0NRT,294.59,2.2,N
-18.37259,26.45253,325.62,0.49,0.4,2025-03-13,2312,N,nominal,2.0NRT,293.57,2.85,N
-18.37177,26.44793,310.92,0.49,0.4,2025-03-13,2312,N,nominal,2.0NRT,293.54,2.62,N
-18.41048,26.49331,304.37,0.49,0.4,2025-03-13,2312,N,nominal,2.0NRT,292.16,0.64,N
-18.42119,26.4672,308.5,0.49,0.4,2025-03-13,2312,N,nominal,2.0NRT,292.25,0.96,N
-18.42851,26.50887,319.98,0.48,0.4,2025-03-13,2312,N,nominal,2.0NRT,292.92,2.1,N
-18.4293,26.51332,310.83,0.48,0.4,2025-03-13,2312,N,nominal,2.0NRT,292.74,2.1,N
-18.43744,26.5162,305.46,0.48,0.4,2025-03-13,2312,N,nominal,2.0NRT,292.87,2.02,N
-18.44034,26.51095,310.8,0.48,0.4,2025-03-13,2312,N,nominal,2.0NRT,293.38,1.74,N
-18.44562,26.51928,306.87,0.48,0.4,2025-03-13,2312,N,nominal,2.0NRT,292.54,1.45,N
-18.44211,26.47737,328.54,0.49,0.4,2025-03-13,2312,N,nominal,2.0NRT,295.06,3.1,N
-18.43936,26.47452,318.11,0.49,0.4,2025-03-13,2312,N,nominal,2.0NRT,294.23,3.04,N
-18.4402,26.47917,308.27,0.49,0.4,2025-03-13,2312,N,nominal,2.0NRT,292.74,2.13,N
-19.41483,30.04898,298.78,0.38,0.36,2025-03-13,2314,N,nominal,2.0NRT,287.65,0.54,N
-19.83954,32.7985,298.89,0.44,0.38,2025-03-13,2314,N,nominal,2.0NRT,285.11,0.44,N
-19.46344,29.79986,299.28,0.38,0.36,2025-03-13,2314,N,nominal,2.0NRT,286.98,0.32,N
-23.99086,29.42604,303.3,0.39,0.36,2025-03-13,2314,N,nominal,2.0NRT,287.24,0.9,N
-23.99144,29.42984,313.98,0.39,0.36,2025-03-13,2314,N,nominal,2.0NRT,286.11,0.71,N
-24.04491,25.88702,301.08,0.44,0.39,2025-03-13,2314,N,nominal,2.0NRT,290.41,0.55,N
-24.04845,25.88626,302.74,0.44,0.39,2025-03-13,2314,N,nominal,2.0NRT,289.2,0.55,N
-24.83483,27.36539,332.09,0.39,0.37,2025-03-13,2314,N,nominal,2.0NRT,290.3,4.8,N
-25.48376,27.10276,304.61,0.4,0.37,2025-03-13,2314,N,nominal,2.0NRT,289.26,0.97,N
-25.4905,27.10141,321.39,0.4,0.37,2025-03-13,2314,N,nominal,2.0NRT,290.57,1.8,N
-25.85706,29.17143,326.65,0.39,0.36,2025-03-13,2314,N,nominal,2.0NRT,285.25,2.05,N
-25.85764,29.1753,305.11,0.39,0.36,2025-03-13,2314,N,nominal,2.0NRT,283.17,2.05,N
-25.65564,27.84481,304.06,0.39,0.36,2025-03-13,2314,N,nominal,2.0NRT,288.26,0.71,N
-25.65898,27.84416,299.66,0.39,0.36,2025-03-13,2314,N,nominal,2.0NRT,287.91,2.08,N
-25.66105,27.83579,328.27,0.39,0.36,2025-03-13,2314,N,nominal,2.0NRT,289.13,3.27,N
-25.66168,27.83965,337.74,0.39,0.36,2025-03-13,2314,N,nominal,2.0NRT,289.83,2.08,N
-26.01442,29.61737,295.92,0.39,0.36,2025-03-13,2314,N,nominal,2.0NRT,284.92,0.4,N
-25.70557,27.40445,300.11,0.39,0.36,2025-03-13,2314,N,nominal,2.0NRT,288.24,0.41,N
-25.71226,27.40312,344.84,0.39,0.36,2025-03-13,2314,N,nominal,2.0NRT,295.52,12.76,N
-25.71561,27.40245,302.1,0.39,0.36,2025-03-13,2314,N,nominal,2.0NRT,287.92,0.89,N
-26.02654,29.19296,320.5,0.39,0.36,2025-03-13,2314,N,nominal,2.0NRT,291.42,1.32,N
-26.02182,29.1619,299.37,0.39,0.36,2025-03-13,2314,N,nominal,2.0NRT,287.16,0.71,N
-26.02241,29.16578,303.86,0.39,0.36,2025-03-13,2314,N,nominal,2.0NRT,288.24,1.21,N
-26.02595,29.18907,301.71,0.39,0.36,2025-03-13,2314,N,nominal,2.0NRT,287.68,1.32,N
-26.02811,29.18068,321.41,0.39,0.36,2025-03-13,2314,N,nominal,2.0NRT,291.99,1.94,N
-26.03284,29.21179,323.37,0.39,0.36,2025-03-13,2314,N,nominal,2.0NRT,294.06,2.78,N
-26.02634,29.16905,305.25,0.39,0.36,2025-03-13,2314,N,nominal,2.0NRT,288.62,1.21,N
-26.02693,29.17293,311.93,0.39,0.36,2025-03-13,2314,N,nominal,2.0NRT,290.97,1.43,N
-26.02752,29.17681,311.15,0.39,0.36,2025-03-13,2314,N,nominal,2.0NRT,290.24,1.43,N
-26.0287,29.18456,313.52,0.39,0.36,2025-03-13,2314,N,nominal,2.0NRT,290.09,1.94,N
-26.02929,29.18845,304.57,0.39,0.36,2025-03-13,2314,N,nominal,2.0NRT,288.13,1.32,N
-26.03107,29.20011,299.65,0.39,0.36,2025-03-13,2314,N,nominal,2.0NRT,286.06,0.54,N
-26.03225,29.2079,315.13,0.39,0.36,2025-03-13,2314,N,nominal,2.0NRT,290.52,1.94,N
-26.03559,29.20728,331.32,0.39,0.36,2025-03-13,2314,N,nominal,2.0NRT,294.01,3.12,N
-26.03086,29.17619,300.53,0.39,0.36,2025-03-13,2314,N,nominal,2.0NRT,287.44,1,N
-26.03441,29.19949,309.67,0.39,0.36,2025-03-13,2314,N,nominal,2.0NRT,289.54,1.58,N
-26.035,29.20339,316.98,0.39,0.36,2025-03-13,2314,N,nominal,2.0NRT,292.33,3.12,N
-26.03619,29.21118,301.29,0.39,0.36,2025-03-13,2314,N,nominal,2.0NRT,288.74,1.02,N
-26.04801,29.28903,302.32,0.39,0.36,2025-03-13,2314,N,nominal,2.0NRT,287.13,0.8,N
-26.06533,29.28984,320.48,0.39,0.36,2025-03-13,2314,N,nominal,2.0NRT,286.68,1.48,N
-26.06695,29.2898,322.59,0.39,0.36,2025-03-13,2314,N,nominal,2.0NRT,286.32,1.79,N
-26.05874,29.23524,301.38,0.39,0.36,2025-03-13,2314,N,nominal,2.0NRT,288.94,1.41,N
-25.9262,28.33183,306.62,0.38,0.36,2025-03-13,2314,N,nominal,2.0NRT,286.42,1.06,N
-26.09923,29.43652,300.28,0.39,0.36,2025-03-13,2314,N,nominal,2.0NRT,284.67,0.51,N
-26.07547,29.23214,299.61,0.39,0.36,2025-03-13,2314,N,nominal,2.0NRT,287.81,1.71,N
-26.10462,29.40336,298.82,0.39,0.36,2025-03-13,2314,N,nominal,2.0NRT,285.38,0.44,N
-25.93852,28.2583,296.43,0.38,0.36,2025-03-13,2314,N,nominal,2.0NRT,286.28,0.39,N
-26.07174,29.04909,301.05,0.39,0.36,2025-03-13,2314,N,nominal,2.0NRT,288.07,0.67,N
-26.07449,29.04458,297.45,0.39,0.36,2025-03-13,2314,N,nominal,2.0NRT,286.41,0.67,N
-25.97691,28.30622,304.92,0.38,0.36,2025-03-13,2314,N,nominal,2.0NRT,285.86,0.87,N
-26.27659,29.13273,299.28,0.39,0.36,2025-03-13,2314,N,nominal,2.0NRT,285.86,0.57,N
-26.26558,28.83549,302.91,0.39,0.36,2025-03-13,2314,N,nominal,2.0NRT,285.91,0.81,N
-26.26891,28.83486,308.96,0.39,0.36,2025-03-13,2314,N,nominal,2.0NRT,285.66,1.29,N
-26.19793,28.3128,300.84,0.38,0.36,2025-03-13,2314,N,nominal,2.0NRT,285.08,0.43,N
-26.28219,28.16267,298.77,0.38,0.36,2025-03-13,2314,N,nominal,2.0NRT,286.22,0.44,N
-26.28551,28.16202,298.57,0.38,0.36,2025-03-13,2314,N,nominal,2.0NRT,286,0.59,N
-26.39093,28.49095,298.21,0.38,0.36,2025-03-13,2314,N,nominal,2.0NRT,287.18,0.55,N
-26.39425,28.49031,301.63,0.38,0.36,2025-03-13,2314,N,nominal,2.0NRT,287.6,0.55,N
-26.31025,27.78776,307.96,0.39,0.36,2025-03-13,2314,N,nominal,2.0NRT,286.37,1.14,N
-26.31358,27.7871,303.88,0.39,0.36,2025-03-13,2314,N,nominal,2.0NRT,286.08,0.95,N
-26.54111,29.15718,321.04,0.39,0.36,2025-03-13,2314,N,nominal,2.0NRT,286.74,1.48,N
-26.54052,29.15327,300.78,0.39,0.36,2025-03-13,2314,N,nominal,2.0NRT,287.48,1.48,N
-26.54997,29.14748,296.87,0.39,0.36,2025-03-13,2314,N,nominal,2.0NRT,286.35,0.94,N
-26.55056,29.15139,299.66,0.39,0.36,2025-03-13,2314,N,nominal,2.0NRT,289.37,0.84,N
-26.55115,29.1553,301.03,0.39,0.36,2025-03-13,2314,N,nominal,2.0NRT,290.56,0.84,N
-26.55411,29.17488,302.32,0.39,0.36,2025-03-13,2314,N,nominal,2.0NRT,290.25,1.29,N
-26.55449,29.15468,300.2,0.39,0.36,2025-03-13,2314,N,nominal,2.0NRT,287.82,0.98,N
-26.5608,29.17362,301.84,0.39,0.36,2025-03-13,2314,N,nominal,2.0NRT,289.52,1.13,N
-26.58517,27.95836,297.59,0.38,0.36,2025-03-13,2314,N,nominal,2.0NRT,285.88,0.39,N
-26.58578,27.96222,296.27,0.38,0.36,2025-03-13,2314,N,nominal,2.0NRT,285.91,0.39,N
-26.65584,27.80986,307.43,0.38,0.36,2025-03-13,2314,N,nominal,2.0NRT,288.86,0.92,N
-26.65646,27.81373,300.55,0.38,0.36,2025-03-13,2314,N,nominal,2.0NRT,288.27,0.92,N
-26.65708,27.8176,298.86,0.38,0.36,2025-03-13,2314,N,nominal,2.0NRT,287.77,0.99,N
-26.67868,27.95286,304.92,0.38,0.36,2025-03-13,2314,N,nominal,2.0NRT,287,0.53,N
-26.65916,27.8092,302.03,0.38,0.36,2025-03-13,2314,N,nominal,2.0NRT,288.09,0.92,N
-26.68201,27.9522,299.17,0.38,0.36,2025-03-13,2314,N,nominal,2.0NRT,287.09,0.53,N
-26.68594,27.95541,302.84,0.38,0.36,2025-03-13,2314,N,nominal,2.0NRT,286.72,0.39,N
-26.66581,27.80788,297.82,0.38,0.36,2025-03-13,2314,N,nominal,2.0NRT,287.31,0.73,N
-26.66913,27.80722,328.58,0.38,0.36,2025-03-13,2314,N,nominal,2.0NRT,288.02,2.38,N
-26.66975,27.81109,311.44,0.38,0.36,2025-03-13,2314,N,nominal,2.0NRT,287.22,2.38,N
-26.69862,27.94892,302.03,0.38,0.36,2025-03-13,2314,N,nominal,2.0NRT,287.03,0.89,N
-5.41097,38.75787,314.07,0.42,0.45,2025-03-13,2307,N,nominal,2.0NRT,293.63,1.15,N
-26.70526,27.94761,302.81,0.38,0.36,2025-03-13,2314,N,nominal,2.0NRT,287.61,0.47,N
-5.41514,38.75723,306.89,0.42,0.45,2025-03-13,2307,N,nominal,2.0NRT,292.84,1.15,N
-6.3089,39.49583,305.39,0.48,0.48,2025-03-13,2307,N,nominal,2.0NRT,293.31,0.55,N
-26.70858,27.94695,297.79,0.38,0.36,2025-03-13,2314,N,nominal,2.0NRT,286.68,0.47,N
-26.71191,27.9463,298.02,0.38,0.36,2025-03-13,2314,N,nominal,2.0NRT,287.28,0.39,N
-11.08864,26.25914,326.63,0.43,0.46,2025-03-13,2309,N,nominal,2.0NRT,283.91,3.41,N
-26.71523,27.94564,301.85,0.38,0.36,2025-03-13,2314,N,nominal,2.0NRT,286.98,0.39,N
-11.09284,26.25834,336.51,0.43,0.46,2025-03-13,2309,N,nominal,2.0NRT,283.94,3.41,N
-12.07479,26.39769,300.54,0.4,0.45,2025-03-13,2309,N,nominal,2.0NRT,276.43,0.53,N
-26.71855,27.94498,306.79,0.38,0.36,2025-03-13,2314,N,nominal,2.0NRT,288.7,1.2,N
-26.72051,27.92164,305.01,0.38,0.36,2025-03-13,2314,N,nominal,2.0NRT,287.64,0.91,N
-12.07887,26.39686,298.44,0.4,0.45,2025-03-13,2309,N,nominal,2.0NRT,276.47,0.55,N
-26.7348,27.94673,299.34,0.38,0.36,2025-03-13,2314,N,nominal,2.0NRT,286.75,0.5,N
-12.65745,28.10323,303.05,0.48,0.4,2025-03-13,2312,N,nominal,2.0NRT,285.95,0.9,N
-26.80614,27.85683,300.78,0.38,0.36,2025-03-13,2316,N,nominal,2.0NRT,289.66,1.02,N
-12.29156,25.81656,300.78,0.44,0.46,2025-03-13,2312,N,nominal,2.0NRT,279.04,0.79,N
-14.49053,28.46214,313.03,0.44,0.38,2025-03-13,2312,N,nominal,2.0NRT,278.22,2.09,N
-26.82273,27.84192,304.01,0.38,0.36,2025-03-13,2316,N,nominal,2.0NRT,289.47,1.14,N
-26.91127,27.50471,295.19,0.39,0.36,2025-03-13,2316,N,nominal,2.0NRT,284.82,0.3,N
-27.98389,26.46025,297.71,0.4,0.37,2025-03-13,2316,N,nominal,2.0NRT,286.37,0.48,N
-27.98456,26.46428,299.01,0.4,0.37,2025-03-13,2316,N,nominal,2.0NRT,286.68,0.48,N
-28.16322,25.42485,299.19,0.42,0.38,2025-03-13,2316,N,nominal,2.0NRT,286.68,0.65,N
-28.21111,23.54873,299.04,0.49,0.4,2025-03-13,2316,N,nominal,2.0NRT,285.92,0.9,N
-28.35952,23.50904,305.94,0.49,0.4,2025-03-13,2316,N,nominal,2.0NRT,286.46,1.13,N
-32.14359,18.96274,351.44,0.48,0.48,2025-03-13,2316,N,nominal,2.0NRT,299.1,43.25,N
-32.14483,18.96829,352.27,0.48,0.48,2025-03-13,2316,N,nominal,2.0NRT,303.17,34.15,N
-32.14605,18.97377,347.04,0.48,0.48,2025-03-13,2316,N,nominal,2.0NRT,309.75,34.15,N
-32.14724,18.97914,348.12,0.48,0.48,2025-03-13,2316,N,nominal,2.0NRT,296.76,10.45,N
-32.14843,18.98447,344.46,0.48,0.48,2025-03-13,2316,N,nominal,2.0NRT,296.61,10.45,N
-32.14961,18.9898,367,0.48,0.48,2025-03-13,2316,N,high,2.0NRT,302.48,32.56,N
-32.15079,18.99511,341.35,0.48,0.48,2025-03-13,2316,N,nominal,2.0NRT,303.95,32.56,N
-32.15195,19.00033,317.4,0.48,0.48,2025-03-13,2316,N,nominal,2.0NRT,293.23,8.68,N
-32.14542,18.94984,347.5,0.48,0.48,2025-03-13,2316,N,nominal,2.0NRT,302.25,28.1,N
-32.14666,18.95545,351.54,0.48,0.48,2025-03-13,2316,N,nominal,2.0NRT,304.87,43.25,N
-32.14794,18.96119,351.75,0.48,0.48,2025-03-13,2316,N,nominal,2.0NRT,311.55,43.25,N
-32.14919,18.96683,353.28,0.48,0.48,2025-03-13,2316,N,nominal,2.0NRT,301.05,34.15,N
-32.15044,18.97245,320.7,0.48,0.48,2025-03-13,2316,N,nominal,2.0NRT,295.18,34.15,N
-32.15407,18.9888,328.34,0.48,0.48,2025-03-13,2316,N,nominal,2.0NRT,293.7,32.56,N
-32.1552,18.99389,341.14,0.48,0.48,2025-03-13,2316,N,nominal,2.0NRT,293.85,32.56,N
-32.15632,18.99893,355.58,0.48,0.48,2025-03-13,2316,N,nominal,2.0NRT,295.08,8.68,N
-32.15744,19.004,331.02,0.48,0.48,2025-03-13,2316,N,nominal,2.0NRT,294,8.68,N
-32.15868,19.00953,323.25,0.48,0.48,2025-03-13,2316,N,nominal,2.0NRT,292.26,2.73,N
-32.15288,18.98346,305.27,0.48,0.48,2025-03-13,2316,N,nominal,2.0NRT,293.4,10.45,N
-32.14972,18.94814,352.36,0.48,0.48,2025-03-13,2316,N,nominal,2.0NRT,300.16,30.93,N
-32.15096,18.9537,337.14,0.48,0.48,2025-03-13,2316,N,nominal,2.0NRT,296.89,6.88,N
-32.15221,18.95934,326.39,0.48,0.48,2025-03-13,2316,N,nominal,2.0NRT,296.22,6.88,N
-32.15348,18.96507,321.21,0.48,0.48,2025-03-13,2316,N,nominal,2.0NRT,295.64,4.18,N
-32.16298,19.00787,337.12,0.48,0.48,2025-03-13,2316,N,nominal,2.0NRT,292.57,5.78,N
-32.15479,18.97093,318.51,0.48,0.48,2025-03-13,2316,N,nominal,2.0NRT,295.17,4.18,N
-32.15602,18.97651,316.34,0.48,0.48,2025-03-13,2316,N,nominal,2.0NRT,294.54,2.75,N
-32.15719,18.98178,305.38,0.48,0.48,2025-03-13,2316,N,nominal,2.0NRT,293.21,2.75,N
-32.16055,18.99693,312.67,0.48,0.48,2025-03-13,2316,N,nominal,2.0NRT,293.64,1.81,N
-32.16167,19.00199,310.56,0.48,0.48,2025-03-13,2316,N,nominal,2.0NRT,293.64,1.81,N
-32.17512,19.06272,304.07,0.47,0.48,2025-03-13,2316,N,nominal,2.0NRT,292.14,1.48,N
-32.1578,18.96339,339.32,0.48,0.48,2025-03-13,2316,N,nominal,2.0NRT,297.62,4.18,N
-32.1591,18.96925,335.58,0.48,0.48,2025-03-13,2316,N,nominal,2.0NRT,296.39,4.18,N
-32.1603,18.9747,330,0.48,0.48,2025-03-13,2316,N,nominal,2.0NRT,295.8,2.75,N
-32.16145,18.97985,326.85,0.48,0.48,2025-03-13,2316,N,nominal,2.0NRT,295.7,2.75,N
-32.16253,18.98478,335.39,0.48,0.48,2025-03-13,2316,N,nominal,2.0NRT,295.65,3.51,N
-32.16364,18.98974,310.63,0.48,0.48,2025-03-13,2316,N,nominal,2.0NRT,294.66,3.51,N
-32.16478,18.99489,310.63,0.48,0.48,2025-03-13,2316,N,nominal,2.0NRT,295.11,1.81,N
-32.16598,19.00033,306.73,0.48,0.48,2025-03-13,2316,N,nominal,2.0NRT,294.16,1.81,N
-32.16088,18.95617,339.3,0.48,0.48,2025-03-13,2316,N,nominal,2.0NRT,298.33,12.69,N
-32.16212,18.96176,348.17,0.48,0.48,2025-03-13,2316,N,nominal,2.0NRT,303.29,10.83,N
-32.16452,18.97262,345.28,0.48,0.48,2025-03-13,2316,N,nominal,2.0NRT,297.52,26.67,N
-32.16559,18.97743,354.95,0.48,0.48,2025-03-13,2316,N,nominal,2.0NRT,306.8,26.67,N
-32.16665,18.98222,344.71,0.48,0.48,2025-03-13,2316,N,nominal,2.0NRT,298.23,6.85,N
-32.16774,18.98716,329.1,0.48,0.48,2025-03-13,2316,N,nominal,2.0NRT,298.12,6.85,N
-32.16894,18.99256,326.12,0.48,0.48,2025-03-13,2316,N,nominal,2.0NRT,297.11,2.71,N
-32.16337,18.96739,310.54,0.48,0.48,2025-03-13,2316,N,nominal,2.0NRT,294.85,10.83,N
-32.17026,18.99854,310.29,0.48,0.48,2025-03-13,2316,N,nominal,2.0NRT,294.06,2.71,N
-32.16754,18.96509,354.87,0.48,0.48,2025-03-13,2316,N,nominal,2.0NRT,299.47,10.83,N
-32.16866,18.97015,367,0.48,0.48,2025-03-13,2316,N,high,2.0NRT,303.49,26.67,N
-32.16973,18.97497,367,0.48,0.48,2025-03-13,2316,N,high,2.0NRT,304.32,26.67,N
-32.1708,18.97982,331.5,0.48,0.48,2025-03-13,2316,N,nominal,2.0NRT,298.52,6.85,N
-32.17193,18.98492,335.94,0.48,0.48,2025-03-13,2316,N,nominal,2.0NRT,297.61,6.85,N
-32.17326,18.99096,333.41,0.48,0.48,2025-03-13,2316,N,nominal,2.0NRT,296.55,2.71,N
-32.16516,18.95428,313.76,0.48,0.48,2025-03-13,2316,N,nominal,2.0NRT,295.18,12.69,N
-32.16636,18.95974,314.5,0.48,0.48,2025-03-13,2316,N,nominal,2.0NRT,295.18,10.83,N
-32.17472,18.99756,309.12,0.48,0.48,2025-03-13,2316,N,nominal,2.0NRT,294,2.71,N
-32.17289,18.96809,332.73,0.48,0.48,2025-03-13,2316,N,nominal,2.0NRT,297.22,19.64,N
-32.17401,18.97313,354.99,0.48,0.48,2025-03-13,2316,N,nominal,2.0NRT,301.46,19.64,N
-32.17515,18.97831,343.81,0.48,0.48,2025-03-13,2316,N,nominal,2.0NRT,300.79,8.3,N
-32.17776,18.99018,320.97,0.48,0.48,2025-03-13,2316,N,nominal,2.0NRT,295.47,2.61,N
-32.17639,18.98394,316.29,0.48,0.48,2025-03-13,2316,N,nominal,2.0NRT,296.85,8.3,N
-32.17918,18.99662,310.75,0.48,0.48,2025-03-13,2316,N,nominal,2.0NRT,293.53,2.61,N
-32.17831,18.97143,322.5,0.48,0.48,2025-03-13,2316,N,nominal,2.0NRT,298.12,19.64,N
-32.17951,18.97687,345.94,0.48,0.48,2025-03-13,2316,N,nominal,2.0NRT,299.47,8.3,N
-32.18076,18.98256,332.55,0.48,0.48,2025-03-13,2316,N,nominal,2.0NRT,297.1,8.3,N
-32.18204,18.98837,336.93,0.48,0.48,2025-03-13,2316,N,nominal,2.0NRT,296.27,2.61,N
-32.18335,18.99433,312.84,0.48,0.48,2025-03-13,2316,N,nominal,2.0NRT,294.33,2.61,N
-32.18013,18.9584,339.65,0.48,0.48,2025-03-13,2316,N,nominal,2.0NRT,299.35,14.11,N
-32.18137,18.96408,354.15,0.48,0.48,2025-03-13,2316,N,nominal,2.0NRT,303.69,9.04,N
-32.18261,18.9697,367,0.48,0.48,2025-03-13,2316,N,high,2.0NRT,300.61,9.04,N
-32.18385,18.97532,313.91,0.48,0.48,2025-03-13,2316,N,nominal,2.0NRT,297.15,2.72,N
-32.18507,18.98088,318.17,0.48,0.48,2025-03-13,2316,N,nominal,2.0NRT,296.43,2.72,N
-32.1875,18.99195,305.89,0.48,0.48,2025-03-13,2316,N,nominal,2.0NRT,294.6,6.25,N
-32.18688,18.9678,330.75,0.48,0.48,2025-03-13,2316,N,nominal,2.0NRT,298.81,9.04,N
-32.19056,18.98457,330.59,0.48,0.48,2025-03-13,2316,N,nominal,2.0NRT,297.12,6.25,N
-32.19181,18.99027,344.34,0.48,0.48,2025-03-13,2316,N,nominal,2.0NRT,298.53,6.25,N
-32.18557,18.96187,318.23,0.48,0.48,2025-03-13,2316,N,nominal,2.0NRT,297.74,9.04,N
-32.18815,18.97358,319.97,0.48,0.48,2025-03-13,2316,N,nominal,2.0NRT,297.83,2.72,N
-32.18936,18.97913,319.8,0.48,0.48,2025-03-13,2316,N,nominal,2.0NRT,296.98,2.72,N
-32.19358,18.97704,344.26,0.48,0.48,2025-03-13,2316,N,nominal,2.0NRT,303.21,11.85,N
-32.19482,18.98271,328.3,0.48,0.48,2025-03-13,2316,N,nominal,2.0NRT,297.14,6.47,N
-32.19606,18.98835,326.5,0.48,0.48,2025-03-13,2316,N,nominal,2.0NRT,295.86,6.47,N
-32.19773,18.9746,309.04,0.48,0.48,2025-03-13,2316,N,nominal,2.0NRT,297.7,11.85,N
-32.21809,19.02505,339.03,0.48,0.48,2025-03-13,2316,N,nominal,2.0NRT,297.95,3.97,N
-32.21697,19.01992,318.31,0.48,0.48,2025-03-13,2316,N,nominal,2.0NRT,296.19,3.97,N
-32.2187,19.00642,342.47,0.48,0.48,2025-03-13,2316,N,nominal,2.0NRT,305.83,35.52,N
-32.21984,19.01163,350.85,0.48,0.48,2025-03-13,2316,N,nominal,2.0NRT,307.27,35.52,N
-32.22099,19.01694,367,0.48,0.48,2025-03-13,2316,N,high,2.0NRT,304.65,9.28,N
-32.22219,19.02247,330.23,0.48,0.48,2025-03-13,2316,N,nominal,2.0NRT,297.96,9.28,N
-32.22291,19.00431,340.47,0.48,0.48,2025-03-13,2316,N,nominal,2.0NRT,298.21,35.52,N
-32.22411,19.00983,355.78,0.48,0.48,2025-03-13,2316,N,nominal,2.0NRT,300.22,35.52,N
-32.22671,19.02181,354.26,0.48,0.48,2025-03-13,2316,N,nominal,2.0NRT,300.35,9.28,N
-32.22538,19.01569,314.74,0.48,0.48,2025-03-13,2316,N,nominal,2.0NRT,297.58,9.28,N
-32.23101,19.02017,310.25,0.48,0.48,2025-03-13,2316,N,nominal,2.0NRT,296.02,4.41,N
-32.22894,19.01904,339.2,0.48,0.48,2025-03-13,2316,N,nominal,2.0NRT,298.41,7.37,N
-32.23019,19.02459,324.8,0.47,0.48,2025-03-13,2316,N,nominal,2.0NRT,295.89,7.37,N
-32.26699,19.04331,329.8,0.47,0.48,2025-03-13,2316,N,nominal,2.0NRT,297.21,6.39,N
-32.26809,19.04825,335.22,0.47,0.48,2025-03-13,2316,N,nominal,2.0NRT,298.24,4.39,N
-32.26925,19.05351,320.03,0.47,0.48,2025-03-13,2316,N,nominal,2.0NRT,296.52,4.39,N
-32.29126,19.11102,311.24,0.47,0.48,2025-03-13,2316,N,nominal,2.0NRT,289.02,1.15,N
-32.28152,19.04593,338.35,0.47,0.48,2025-03-13,2316,N,nominal,2.0NRT,296.91,7.89,N
-32.28253,19.05047,337.11,0.47,0.48,2025-03-13,2316,N,nominal,2.0NRT,296.6,7.89,N
-32.2932,19.09883,339.66,0.47,0.48,2025-03-13,2316,N,nominal,2.0NRT,291.7,6.38,N
-32.29858,19.10222,353.83,0.47,0.48,2025-03-13,2316,N,nominal,2.0NRT,296.59,16.33,N
-32.29985,19.108,348.78,0.47,0.48,2025-03-13,2316,N,nominal,2.0NRT,292.05,16.33,N
-32.29721,19.09598,311.24,0.47,0.48,2025-03-13,2316,N,nominal,2.0NRT,290.68,6.38,N
-32.30106,19.11346,314.28,0.47,0.48,2025-03-13,2316,N,nominal,2.0NRT,289.02,1.51,N
-32.30236,19.09829,348.56,0.47,0.48,2025-03-13,2316,N,nominal,2.0NRT,296.52,10.39,N
-32.30389,19.10533,333.71,0.47,0.48,2025-03-13,2316,N,nominal,2.0NRT,290.51,10.39,N
-32.30799,19.10286,332.74,0.47,0.48,2025-03-13,2316,N,nominal,2.0NRT,291.02,10.39,N
-32.30957,19.11009,338.53,0.47,0.48,2025-03-13,2316,N,nominal,2.0NRT,290.21,5.33,N
-32.30631,19.09521,306.6,0.47,0.48,2025-03-13,2316,N,nominal,2.0NRT,292.58,10.39,N
-32.31374,19.108,301.51,0.47,0.48,2025-03-13,2316,N,nominal,2.0NRT,289.57,0.61,N
-32.40319,19.20503,299.43,0.46,0.47,2025-03-13,2316,N,nominal,2.0NRT,287.36,0.47,N
-32.4077,19.20465,311.31,0.46,0.47,2025-03-13,2316,N,nominal,2.0NRT,287.57,1.33,N
-32.93994,18.75774,304.09,0.47,0.48,2025-03-13,2318,N,nominal,2.0NRT,292.59,0.69,N
-33.38833,19.16483,300,0.44,0.46,2025-03-13,2318,N,nominal,2.0NRT,288.62,0.52,N
-23.33977,15.5848,302.76,0.49,0.65,2025-03-14,0056,N,nominal,2.0NRT,287.78,0.23,N
-4.50869,12.05265,303.85,0.51,0.41,2025-03-14,0050,N,nominal,2.0NRT,273.62,1.27,N
-4.51247,12.05209,313,0.51,0.41,2025-03-14,0050,N,nominal,2.0NRT,273.62,2.14,N
-4.85821,12.01645,298.46,0.51,0.41,2025-03-14,0050,N,nominal,2.0NRT,267.71,0.4,N
-4.85891,12.02097,298.97,0.51,0.41,2025-03-14,0050,N,nominal,2.0NRT,266.4,0.31,N
-4.86342,12.02499,321.79,0.51,0.41,2025-03-14,0050,N,nominal,2.0NRT,264.51,1.2,N
-4.8627,12.02037,296.8,0.51,0.41,2025-03-14,0050,N,nominal,2.0NRT,266.27,1.2,N
-4.86141,12.01851,300.07,0.51,0.41,2025-03-14,0050,N,nominal,2.0NRT,267.3,0.52,N
-4.86209,12.02308,314.12,0.51,0.41,2025-03-14,0050,N,nominal,2.0NRT,264.65,1.02,N
-4.86277,12.02772,300.84,0.51,0.41,2025-03-14,0050,N,nominal,2.0NRT,261.14,1.02,N
-19.14367,48.84963,333.88,0.57,0.43,2025-03-14,1002,N,nominal,2.0NRT,289.72,7.18,D
-18.91555,49.11803,353.25,0.55,0.43,2025-03-14,1002,N,nominal,2.0NRT,288.6,16.42,D
-18.73048,48.95373,341.49,0.56,0.43,2025-03-14,1002,N,nominal,2.0NRT,291.01,7.36,D
-18.66532,49.05264,346.91,0.55,0.43,2025-03-14,1002,N,nominal,2.0NRT,291.25,11.59,D
-17.93309,49.44035,328.49,0.51,0.41,2025-03-14,1002,N,nominal,2.0NRT,289.81,4.84,D
-17.93567,49.43781,338.51,0.51,0.41,2025-03-14,1002,N,nominal,2.0NRT,290.63,5.05,D
-6.25951,39.43483,331.78,0.53,0.67,2025-03-14,1006,N,nominal,2.0NRT,293.71,4.58,D
-6.1013,39.40107,344.39,0.53,0.67,2025-03-14,1006,N,nominal,2.0NRT,293.83,3.85,D
-18.03272,48.51659,332.08,0.39,0.44,2025-03-14,1002,N,nominal,2.0NRT,290.12,2.61,D
-6.1035,39.40342,336.14,0.53,0.67,2025-03-14,1006,N,nominal,2.0NRT,293.77,5.88,D
-13.50688,49.65607,335.4,0.45,0.39,2025-03-14,1004,N,nominal,2.0NRT,296.52,6.03,D
-7.4332,38.97723,334.23,0.59,0.7,2025-03-14,1006,N,nominal,2.0NRT,293.69,6.41,D
-6.03487,38.5989,347.16,0.6,0.71,2025-03-14,1006,N,nominal,2.0NRT,293.55,8.31,D
-7.05775,38.93196,331.06,0.59,0.7,2025-03-14,1006,N,nominal,2.0NRT,291.78,3.87,D
-6.03668,38.59661,341.2,0.6,0.71,2025-03-14,1006,N,nominal,2.0NRT,293.2,9.47,D
-5.55639,38.91798,345.45,0.56,0.69,2025-03-14,1006,N,nominal,2.0NRT,293.86,6.48,D
-5.42569,38.57806,367,0.59,0.7,2025-03-14,1006,N,high,2.0NRT,296.18,18.73,D
-5.42642,38.57262,367,0.59,0.7,2025-03-14,1006,N,high,2.0NRT,294.53,18.73,D
-5.35079,38.44902,339.7,0.6,0.71,2025-03-14,1006,N,nominal,2.0NRT,293.47,3.64,D
-5.32323,38.60162,330.5,0.59,0.7,2025-03-14,1006,N,nominal,2.0NRT,294.79,5.19,D
-5.34273,38.45891,332.84,0.6,0.71,2025-03-14,1006,N,nominal,2.0NRT,294.69,3.61,D
-5.222,38.57386,336.17,0.59,0.7,2025-03-14,1006,N,nominal,2.0NRT,294.89,6.85,D
-5.10639,38.9424,335.25,0.55,0.68,2025-03-14,1006,N,nominal,2.0NRT,295.07,4.22,D
-5.10399,38.94406,334.42,0.55,0.68,2025-03-14,1006,N,nominal,2.0NRT,294.94,3.71,D
-5.00028,39.03925,332.47,0.54,0.68,2025-03-14,1006,N,nominal,2.0NRT,294.5,2.39,D
-5.00456,39.03902,334.72,0.54,0.68,2025-03-14,1006,N,nominal,2.0NRT,294.71,4.82,D
-4.97135,38.76508,339.07,0.57,0.69,2025-03-14,1006,N,nominal,2.0NRT,294.48,8.66,D
-4.56218,39.33445,335.77,0.51,0.66,2025-03-14,1006,N,nominal,2.0NRT,295.15,3.26,D
-4.56093,39.25214,338.17,0.52,0.67,2025-03-14,1006,N,nominal,2.0NRT,294.97,4.81,D
-4.56286,39.25409,342.43,0.52,0.67,2025-03-14,1006,N,nominal,2.0NRT,295.08,5.28,D
-34.12266,19.00878,336.61,0.51,0.66,2025-03-14,1140,N,nominal,2.0NRT,294.35,4.63,D
-33.53498,18.49377,332.14,0.54,0.68,2025-03-14,1140,N,nominal,2.0NRT,298,4.61,D
-33.38929,19.16326,334.5,0.49,0.65,2025-03-14,1140,N,nominal,2.0NRT,297.92,4.5,D
-32.32165,19.10735,346.26,0.49,0.65,2025-03-14,1140,N,nominal,2.0NRT,295.63,7.76,D
-32.32222,19.0954,334.51,0.49,0.65,2025-03-14,1140,N,nominal,2.0NRT,296.8,7.27,D
-32.31605,19.09531,367,0.49,0.65,2025-03-14,1140,N,high,2.0NRT,302.76,11.81,D
-32.31546,19.10792,340.71,0.49,0.65,2025-03-14,1140,N,nominal,2.0NRT,297.75,18.94,D
-32.31659,19.08411,354.01,0.49,0.65,2025-03-14,1140,N,nominal,2.0NRT,299.13,11.81,D
-32.30998,19.09332,347.17,0.49,0.65,2025-03-14,1140,N,nominal,2.0NRT,297.33,11.81,D
-32.32228,19.1034,353.37,0.49,0.65,2025-03-14,1140,N,nominal,2.0NRT,297.1,10.03,D
-32.3168,19.09067,367,0.49,0.65,2025-03-14,1140,N,high,2.0NRT,302.57,10.03,D
-32.31613,19.10293,345.77,0.49,0.65,2025-03-14,1140,N,nominal,2.0NRT,298.72,10.03,D
-32.31736,19.08062,341.5,0.49,0.65,2025-03-14,1140,N,nominal,2.0NRT,298.67,8.61,D
-32.31068,19.08987,367,0.49,0.65,2025-03-14,1140,N,high,2.0NRT,297.58,8.57,D
-32.31007,19.10101,346.94,0.49,0.65,2025-03-14,1140,N,nominal,2.0NRT,297.17,8.57,D
-32.22976,19.01407,334.37,0.49,0.65,2025-03-14,1140,N,nominal,2.0NRT,299.46,3.96,D
-32.18156,18.98828,341.77,0.49,0.65,2025-03-14,1140,N,nominal,2.0NRT,298.67,7.01,D
-32.18231,18.97379,342.46,0.49,0.65,2025-03-14,1140,N,nominal,2.0NRT,299.97,3.88,D
-32.175,18.99524,350.02,0.49,0.65,2025-03-14,1140,N,nominal,2.0NRT,298.81,26.65,D
-32.17543,18.98677,355.07,0.49,0.65,2025-03-14,1140,N,nominal,2.0NRT,302.36,30.52,D
-32.17081,18.95607,337.82,0.5,0.65,2025-03-14,1140,N,nominal,2.0NRT,297.78,4.19,D
-32.15573,19.00852,346.88,0.49,0.65,2025-03-14,1140,N,nominal,2.0NRT,298.92,5.54,D
-32.15863,18.95119,337.41,0.5,0.65,2025-03-14,1140,N,nominal,2.0NRT,294.5,3.18,D
-32.15017,18.99603,336.75,0.49,0.65,2025-03-14,1140,N,nominal,2.0NRT,300.59,6.5,D
-24.28126,28.82844,334.41,0.39,0.36,2025-03-14,1142,N,nominal,2.0NRT,295.6,2.09,D
-32.15382,18.92329,332.63,0.5,0.66,2025-03-14,1140,N,nominal,2.0NRT,296.44,2.04,D
-18.27641,34.13763,331.82,0.41,0.45,2025-03-14,1145,N,nominal,2.0NRT,293.54,2.57,D
-32.14408,18.99397,352.08,0.49,0.65,2025-03-14,1140,N,nominal,2.0NRT,298.28,6.5,D
-18.44147,26.47724,348.73,0.41,0.37,2025-03-14,1145,N,nominal,2.0NRT,311.76,12.28,D
-32.14493,18.99445,355.14,0.49,0.65,2025-03-14,1140,N,nominal,2.0NRT,298.5,11.31,D
-18.42963,26.5114,347.44,0.41,0.37,2025-03-14,1145,N,nominal,2.0NRT,306.93,5.97,D
-27.639,30.70599,329.73,0.38,0.36,2025-03-14,1140,N,nominal,2.0NRT,298.29,3.22,D
-18.35967,26.66262,334.89,0.41,0.37,2025-03-14,1145,N,low,2.0NRT,305.25,3.33,D
-26.29649,28.19173,330.92,0.41,0.37,2025-03-14,1142,N,nominal,2.0NRT,299.71,4.62,D
-18.36023,26.65873,334.21,0.41,0.37,2025-03-14,1145,N,low,2.0NRT,305.33,3.33,D
-26.31189,27.78778,328.37,0.43,0.38,2025-03-14,1142,N,low,2.0NRT,300.72,2.93,D
-18.37199,26.47833,343.39,0.41,0.37,2025-03-14,1145,N,nominal,2.0NRT,313.09,8.93,D
-25.71368,28.19483,336.58,0.41,0.37,2025-03-14,1142,N,nominal,2.0NRT,295.32,3.07,D
-18.36855,26.47777,354.45,0.41,0.37,2025-03-14,1145,N,nominal,2.0NRT,321.15,16.89,D
-25.66285,27.83813,332.73,0.42,0.38,2025-03-14,1142,N,nominal,2.0NRT,297.4,3.21,D
-17.52355,28.03246,330.02,0.38,0.36,2025-03-14,1145,N,low,2.0NRT,302.78,1.86,D
-25.57592,27.58121,330.59,0.43,0.38,2025-03-14,1142,N,low,2.0NRT,305.03,5.28,D
-16.16474,33.80505,331.36,0.43,0.46,2025-03-14,1145,N,low,2.0NRT,304.06,6.8,D
-24.83441,27.3668,329.91,0.43,0.38,2025-03-14,1142,N,nominal,2.0NRT,299.83,3.94,D
-15.89307,33.03358,332,0.39,0.44,2025-03-14,1145,N,nominal,2.0NRT,297.37,5.01,D
-24.35524,29.22403,335.77,0.39,0.36,2025-03-14,1142,N,nominal,2.0NRT,302.73,4.1,D
-15.86316,28.87309,334.03,0.39,0.36,2025-03-14,1145,N,low,2.0NRT,308.33,8.65,D
-15.38322,28.22072,338.59,0.39,0.36,2025-03-14,1145,N,nominal,2.0NRT,299.46,2.18,D
-15.37711,28.21603,331.12,0.39,0.36,2025-03-14,1145,N,nominal,2.0NRT,297.36,1.29,D
-15.36211,28.20251,334.7,0.39,0.36,2025-03-14,1145,N,nominal,2.0NRT,297.43,1.5,D
-15.36585,28.0959,335.44,0.39,0.36,2025-03-14,1145,N,nominal,2.0NRT,300.43,4.33,D
-15.36252,28.09535,347.67,0.39,0.36,2025-03-14,1145,N,nominal,2.0NRT,304.51,7.69,D
-11.97087,26.56717,332.52,0.38,0.36,2025-03-14,1147,N,nominal,2.0NRT,295.89,3.07,D
-11.09132,27.2811,333.02,0.39,0.36,2025-03-14,1147,N,nominal,2.0NRT,297.79,2.39,D
-10.81719,27.02324,335.52,0.39,0.36,2025-03-14,1147,N,nominal,2.0NRT,294.9,3.53,D
-10.40994,27.84413,336.09,0.4,0.37,2025-03-14,1147,N,nominal,2.0NRT,299.66,2.82,D
-9.94596,27.30639,335.5,0.39,0.36,2025-03-14,1147,N,nominal,2.0NRT,295.93,2.71,D
-9.36036,27.37245,332.82,0.39,0.36,2025-03-14,1147,N,nominal,2.0NRT,297.68,5.51,D
-9.05695,28.95067,332.47,0.44,0.38,2025-03-14,1147,N,nominal,2.0NRT,298.92,2.45,D
-10.85723,13.9137,338.62,0.63,0.72,2025-03-14,1147,N,nominal,2.0NRT,285.87,8.96,D
-10.85183,13.90133,328.78,0.63,0.72,2025-03-14,1147,N,nominal,2.0NRT,285.52,4.67,D
-10.85424,13.91186,338.48,0.63,0.72,2025-03-14,1147,N,nominal,2.0NRT,285.95,7.76,D
-6.69617,37.00463,338.21,0.51,0.66,2025-03-14,1147,N,nominal,2.0NRT,292.22,7.81,D
-8.38464,26.82255,331.77,0.39,0.36,2025-03-14,1147,N,nominal,2.0NRT,296.28,2.27,D
-8.16581,26.95084,337.51,0.39,0.36,2025-03-14,1147,N,nominal,2.0NRT,299.64,2.8,D
-8.15787,26.91331,344.18,0.39,0.36,2025-03-14,1147,N,nominal,2.0NRT,299.74,7.84,D
-8.16916,26.79561,344.29,0.39,0.36,2025-03-14,1147,N,nominal,2.0NRT,298.7,9.94,D
-8.18318,26.68237,334.21,0.39,0.36,2025-03-14,1147,N,nominal,2.0NRT,296.35,2.8,D
-8.16302,26.79105,342.83,0.39,0.36,2025-03-14,1147,N,nominal,2.0NRT,297.86,4.58,D
-8.1652,26.77694,345.63,0.39,0.36,2025-03-14,1147,N,nominal,2.0NRT,297.86,8.44,D
-8.13673,26.93906,342.93,0.39,0.36,2025-03-14,1147,N,nominal,2.0NRT,300.1,6.01,D
-8.13728,26.93551,333.45,0.39,0.36,2025-03-14,1147,N,nominal,2.0NRT,299.27,6.01,D
-8.15913,26.79406,333,0.39,0.36,2025-03-14,1147,N,nominal,2.0NRT,297.79,8,D
-8.15968,26.79053,343.54,0.39,0.36,2025-03-14,1147,N,nominal,2.0NRT,297.11,4.58,D
-8.16185,26.77642,345.54,0.39,0.36,2025-03-14,1147,N,nominal,2.0NRT,295.85,8.44,D
-6.14922,38.43151,333.1,0.64,0.72,2025-03-14,1147,N,nominal,2.0NRT,293.5,3.52,D
-8.12607,26.91926,333.96,0.39,0.36,2025-03-14,1147,N,nominal,2.0NRT,298.71,6.98,D
-7.97238,26.89029,339.48,0.39,0.36,2025-03-14,1147,N,nominal,2.0NRT,298.38,4.41,D
-7.94078,26.96168,336.1,0.39,0.36,2025-03-14,1147,N,nominal,2.0NRT,299.18,5.81,D
-8.16585,24.15884,338.5,0.41,0.37,2025-03-14,1147,N,nominal,2.0NRT,295.57,4.34,D
-8.08028,23.3029,332.67,0.44,0.38,2025-03-14,1147,N,nominal,2.0NRT,293.04,6.17,D
-5.44609,38.82137,336.37,0.7,0.75,2025-03-14,1147,N,nominal,2.0NRT,292.54,4.5,D
-5.51456,38.48746,331.71,0.67,0.73,2025-03-14,1147,N,nominal,2.0NRT,293.15,5.49,D
-5.44776,38.82454,347.75,0.7,0.75,2025-03-14,1147,N,nominal,2.0NRT,292.69,10.34,D
-5.41612,38.88086,333.67,0.71,0.75,2025-03-14,1147,N,nominal,2.0NRT,293.02,6.24,D
-5.41051,38.75206,330.4,0.7,0.75,2025-03-14,1147,N,nominal,2.0NRT,293.17,4.03,D
-7.33131,27.02886,333.76,0.39,0.37,2025-03-14,1147,N,nominal,2.0NRT,298.51,4.22,D
-7.3192,26.98621,339.43,0.39,0.37,2025-03-14,1147,N,nominal,2.0NRT,296.84,4.02,D
-7.31975,26.98264,334.44,0.39,0.37,2025-03-14,1147,N,nominal,2.0NRT,298,2.56,D
-7.31418,26.99641,338.83,0.39,0.37,2025-03-14,1147,N,nominal,2.0NRT,299.92,5.69,D
-7.31473,26.99284,337.45,0.39,0.37,2025-03-14,1147,N,nominal,2.0NRT,300.97,5.69,D
-7.31528,26.98926,331.62,0.39,0.37,2025-03-14,1147,N,nominal,2.0NRT,299.27,5.39,D
-7.24464,27.02227,333.57,0.4,0.37,2025-03-14,1147,N,nominal,2.0NRT,296.18,2.56,D
-7.14604,27.05092,335.87,0.4,0.37,2025-03-14,1147,N,nominal,2.0NRT,303.22,27.78,D
-7.14659,27.04733,330.1,0.4,0.37,2025-03-14,1147,N,nominal,2.0NRT,296.13,27.78,D
-7.56918,23.74313,345.03,0.42,0.38,2025-03-14,1147,N,nominal,2.0NRT,297.39,10.57,D
-8.60759,16.26478,329.54,0.41,0.61,2025-03-14,1147,N,nominal,2.0NRT,287.7,3.69,D
-6.98621,27.04344,340.35,0.4,0.37,2025-03-14,1147,N,nominal,2.0NRT,297.73,8.75,D
-8.24098,17.99049,325.95,0.62,0.54,2025-03-14,1147,N,nominal,2.0NRT,277.9,4.02,D
-7.28823,23.99293,338.28,0.41,0.37,2025-03-14,1147,N,nominal,2.0NRT,292.27,4.54,D
-7.22621,23.70741,332.22,0.42,0.38,2025-03-14,1147,N,nominal,2.0NRT,294.59,2.61,D
-7.20468,23.78158,337.03,0.42,0.37,2025-03-14,1147,N,nominal,2.0NRT,295.08,4.2,D
-7.26999,23.31186,345.3,0.43,0.38,2025-03-14,1147,N,nominal,2.0NRT,292.55,5.44,D
-7.11672,23.78828,331.77,0.42,0.37,2025-03-14,1147,N,low,2.0NRT,294.08,2.51,D
-7.15365,23.49024,334.35,0.43,0.38,2025-03-14,1147,N,nominal,2.0NRT,292.21,3.37,D
-7.8618,17.31956,337.52,0.34,0.56,2025-03-14,1147,N,nominal,2.0NRT,287.83,3.62,D
-7.86066,17.31757,335.23,0.34,0.56,2025-03-14,1147,N,nominal,2.0NRT,287.28,2.59,D
-6.35202,26.97203,332.37,0.4,0.37,2025-03-14,1147,N,nominal,2.0NRT,297.04,1.93,D
-6.25729,26.90597,336.41,0.4,0.37,2025-03-14,1147,N,nominal,2.0NRT,297.41,5.09,D
-7.46036,14.99297,326.88,0.48,0.65,2025-03-14,1147,N,nominal,2.0NRT,283.95,3.08,D
-5.6771,26.25749,332.34,0.39,0.36,2025-03-14,1147,N,nominal,2.0NRT,290.08,2.69,D
-5.56611,26.86679,333.1,0.4,0.37,2025-03-14,1147,N,nominal,2.0NRT,295.9,1.61,D
-5.44109,27.64839,335.06,0.42,0.38,2025-03-14,1147,N,nominal,2.0NRT,297.12,6.15,D
-7.06767,15.52431,341.94,0.44,0.62,2025-03-14,1147,N,nominal,2.0NRT,277.14,6.47,D
-6.47524,18.90191,329.86,0.5,0.49,2025-03-14,1147,N,nominal,2.0NRT,272.63,3.74,D
-4.85029,29.09667,331.2,0.5,0.41,2025-03-14,1149,N,nominal,2.0NRT,298.77,3.95,D
-4.63591,28.98407,334.25,0.5,0.41,2025-03-14,1149,N,nominal,2.0NRT,299.49,3.57,D
-4.37779,28.71829,334.53,0.48,0.4,2025-03-14,1149,N,nominal,2.0NRT,293.96,5.05,D
-4.41192,28.05454,348.49,0.45,0.39,2025-03-14,1149,N,nominal,2.0NRT,297.97,12.31,D
-4.14311,28.6321,336.69,0.48,0.4,2025-03-14,1149,N,nominal,2.0NRT,296.94,3.92,D
-7.24589,14.48245,341.53,0.76,0.77,2025-03-14,1327,N,nominal,2.0NRT,277.6,10.45,D
-33.56264,21.89318,345.45,0.57,0.69,2025-03-14,1321,N,nominal,2.0NRT,294.26,5.2,D
-33.56245,21.89586,336.21,0.57,0.69,2025-03-14,1321,N,nominal,2.0NRT,294.5,7.45,D
-33.53632,18.51647,352.28,0.38,0.58,2025-03-14,1321,N,nominal,2.0NRT,303.11,5.09,D
-33.53508,18.4985,367,0.38,0.58,2025-03-14,1321,N,high,2.0NRT,302.82,112.05,D
-33.53606,18.49459,367,0.38,0.58,2025-03-14,1321,N,high,2.0NRT,329.52,53.97,D
-33.53706,18.49066,208,0.37,0.58,2025-03-14,1321,N,low,2.0NRT,305.33,53.97,D
-33.53075,18.4927,356.34,0.38,0.58,2025-03-14,1321,N,nominal,2.0NRT,300.97,53.97,D
-33.53174,18.48879,342.94,0.37,0.58,2025-03-14,1321,N,nominal,2.0NRT,300.06,53.97,D
-32.3218,19.11477,367,0.43,0.62,2025-03-14,1321,N,high,2.0NRT,296.33,19.11,D
-32.32276,19.11115,355.06,0.43,0.62,2025-03-14,1321,N,nominal,2.0NRT,299.88,32.83,D
-32.32365,19.10771,351.86,0.43,0.62,2025-03-14,1321,N,nominal,2.0NRT,302.43,32.83,D
-32.31634,19.11213,347.19,0.43,0.62,2025-03-14,1321,N,nominal,2.0NRT,296.72,19.11,D
-32.3172,19.10886,349.99,0.43,0.62,2025-03-14,1321,N,nominal,2.0NRT,296.04,32.83,D
-32.31974,19.0992,354.95,0.43,0.62,2025-03-14,1321,N,nominal,2.0NRT,300.09,20.29,D
-32.31551,19.0919,330.36,0.43,0.62,2025-03-14,1321,N,nominal,2.0NRT,298.38,6.97,D
-32.32244,19.11503,367,0.43,0.62,2025-03-14,1321,N,high,2.0NRT,295.44,17.85,D
-32.32339,19.11138,367,0.43,0.62,2025-03-14,1321,N,high,2.0NRT,298.76,34.48,D
-32.32427,19.10793,352.47,0.43,0.62,2025-03-14,1321,N,nominal,2.0NRT,302.52,34.48,D
-32.31699,19.11233,367,0.43,0.62,2025-03-14,1321,N,high,2.0NRT,296.62,17.85,D
-32.31785,19.10898,367,0.43,0.62,2025-03-14,1321,N,high,2.0NRT,296.96,34.48,D
-32.32037,19.09924,367,0.43,0.62,2025-03-14,1321,N,high,2.0NRT,300.29,17.55,D
-32.23252,19.01194,334.08,0.43,0.62,2025-03-14,1321,N,nominal,2.0NRT,301.69,3.42,D
-32.23218,19.01246,334.63,0.43,0.62,2025-03-14,1321,N,nominal,2.0NRT,300.95,4.74,D
-32.20341,19.00513,367,0.43,0.62,2025-03-14,1321,N,high,2.0NRT,300.17,18.68,D
-32.20425,19.00188,351.18,0.43,0.62,2025-03-14,1321,N,nominal,2.0NRT,299.49,12.11,D
-32.19251,18.99982,355.84,0.43,0.62,2025-03-14,1321,N,nominal,2.0NRT,297.79,6.18,D
-32.19508,18.98993,335.17,0.43,0.62,2025-03-14,1321,N,nominal,2.0NRT,302.01,5.47,D
-32.18024,18.97622,367,0.43,0.62,2025-03-14,1321,N,high,2.0NRT,304.36,12.35,D
-32.17633,18.99126,333.84,0.43,0.62,2025-03-14,1321,N,nominal,2.0NRT,299.77,4.03,D
-32.17728,18.98761,345.29,0.43,0.62,2025-03-14,1321,N,nominal,2.0NRT,301.91,4.03,D
-32.18126,18.9723,353.28,0.43,0.62,2025-03-14,1321,N,nominal,2.0NRT,303.21,12.35,D
-32.17125,18.98721,333.3,0.43,0.62,2025-03-14,1321,N,nominal,2.0NRT,301.64,4.25,D
-32.17464,18.9742,334.12,0.43,0.62,2025-03-14,1321,N,nominal,2.0NRT,301.08,5.13,D
-32.17573,18.97,349.82,0.43,0.62,2025-03-14,1321,N,nominal,2.0NRT,300.52,5.13,D
-32.15799,19.01455,337.33,0.43,0.62,2025-03-14,1321,N,nominal,2.0NRT,298.88,2.01,D
-32.17427,18.95208,354.5,0.43,0.62,2025-03-14,1321,N,nominal,2.0NRT,298.83,6.37,D
-32.15331,19.00892,352.85,0.43,0.62,2025-03-14,1321,N,nominal,2.0NRT,300.77,9.44,D
-32.16701,18.95645,332.76,0.43,0.62,2025-03-14,1321,N,nominal,2.0NRT,296.55,3.03,D
-32.14988,18.99856,338.49,0.43,0.62,2025-03-14,1321,N,nominal,2.0NRT,300.76,4.75,D
-32.15587,18.95217,367,0.43,0.62,2025-03-14,1321,N,high,2.0NRT,300.46,14.66,D
-32.14515,18.99313,338.92,0.43,0.62,2025-03-14,1321,N,nominal,2.0NRT,300.56,7.05,D
-32.15533,18.93083,367,0.43,0.62,2025-03-14,1321,N,high,2.0NRT,303.05,9.7,D
-32.13818,18.97288,340.29,0.43,0.62,2025-03-14,1321,N,nominal,2.0NRT,300.41,8.9,D
-32.13938,18.96832,347.02,0.43,0.62,2025-03-14,1321,N,nominal,2.0NRT,302.2,6.14,D
-32.14466,18.94818,350.08,0.43,0.62,2025-03-14,1321,N,nominal,2.0NRT,301.23,5.65,D
-32.13345,18.96752,332.35,0.43,0.62,2025-03-14,1321,N,nominal,2.0NRT,298.63,6.14,D
-32.13836,18.97318,336.56,0.43,0.62,2025-03-14,1321,N,nominal,2.0NRT,300.43,9.24,D
-32.13952,18.96861,341.9,0.43,0.62,2025-03-14,1321,N,nominal,2.0NRT,301.5,4.95,D
-32.14469,18.94842,343.34,0.43,0.62,2025-03-14,1321,N,nominal,2.0NRT,300.63,5.42,D
-32.1457,18.94447,335.57,0.43,0.62,2025-03-14,1321,N,nominal,2.0NRT,300.22,3.71,D
-32.13361,18.9678,331.12,0.43,0.62,2025-03-14,1321,N,nominal,2.0NRT,298.79,4.95,D
-32.13483,18.96305,334.35,0.43,0.62,2025-03-14,1321,N,nominal,2.0NRT,297.89,4.95,D
-18.36094,26.65875,320.93,0.61,0.53,2025-03-14,2254,N,nominal,2.0NRT,293.55,3.36,N
-18.36151,26.65559,311.81,0.61,0.53,2025-03-14,2254,N,nominal,2.0NRT,293.03,1.86,N
-18.36269,26.66129,308.6,0.61,0.53,2025-03-14,2254,N,nominal,2.0NRT,293.23,1.86,N
-18.36611,26.47786,321.81,0.62,0.54,2025-03-14,2254,N,nominal,2.0NRT,295.52,4.59,N
-18.37109,26.47686,318.14,0.62,0.54,2025-03-14,2254,N,nominal,2.0NRT,293.7,4.14,N
-18.37121,26.45211,327.36,0.62,0.54,2025-03-14,2254,N,nominal,2.0NRT,294.31,7.68,N
-18.42918,26.50848,309.16,0.62,0.54,2025-03-14,2254,N,nominal,2.0NRT,292.3,2.81,N
-18.44007,26.51132,307.72,0.62,0.54,2025-03-14,2254,N,nominal,2.0NRT,293.17,1.64,N
-18.43794,26.47483,305.44,0.62,0.54,2025-03-14,2254,N,nominal,2.0NRT,292.73,1.24,N
-18.44286,26.47362,309.52,0.62,0.54,2025-03-14,2254,N,nominal,2.0NRT,292.99,2.18,N
-18.42899,26.5081,306.91,0.62,0.54,2025-03-14,2254,N,nominal,2.0NRT,292.05,1.34,N
-18.43013,26.51356,304.96,0.62,0.54,2025-03-14,2254,N,nominal,2.0NRT,292.26,1.68,N
-18.43991,26.51093,306.4,0.62,0.54,2025-03-14,2254,N,nominal,2.0NRT,293.03,2.65,N
-18.44244,26.47333,314,0.62,0.54,2025-03-14,2254,N,nominal,2.0NRT,293.06,3.36,N
-21.74998,35.06178,302.04,0.39,0.36,2025-03-14,2254,N,nominal,2.0NRT,289.17,0.43,N
-22.1134,29.85764,302.77,0.51,0.41,2025-03-14,2254,N,nominal,2.0NRT,289.46,1.06,N
-23.99159,29.42648,296.14,0.5,0.41,2025-03-14,2257,N,nominal,2.0NRT,283.25,1.51,N
-24.55342,30.14797,317.71,0.46,0.39,2025-03-14,2257,N,nominal,2.0NRT,286.94,1.58,N
-24.55702,30.14719,315.41,0.46,0.39,2025-03-14,2257,N,nominal,2.0NRT,287.01,2.1,N
-24.63232,29.92037,316.17,0.47,0.39,2025-03-14,2257,N,nominal,2.0NRT,286.25,1.18,N
-24.81465,30.11992,319.09,0.45,0.39,2025-03-14,2257,N,nominal,2.0NRT,288.35,3.09,N
-24.81824,30.11918,324.92,0.45,0.39,2025-03-14,2257,N,nominal,2.0NRT,286.33,4.17,N
-25.84645,29.87238,295.23,0.45,0.39,2025-03-14,2257,N,nominal,2.0NRT,282.49,0.37,N
-25.80236,29.48898,306.97,0.47,0.4,2025-03-14,2257,N,nominal,2.0NRT,285.49,0.96,N
-25.80324,29.49373,299.24,0.47,0.4,2025-03-14,2257,N,nominal,2.0NRT,285.8,1,N
-25.80687,29.4929,299.76,0.47,0.4,2025-03-14,2257,N,nominal,2.0NRT,284.69,3.04,N
-25.80774,29.49765,303.14,0.47,0.4,2025-03-14,2257,N,nominal,2.0NRT,284.09,3.04,N
-25.81138,29.49681,337.22,0.47,0.4,2025-03-14,2257,N,nominal,2.0NRT,286.54,3.04,N
-25.8105,29.49206,296.28,0.47,0.4,2025-03-14,2257,N,nominal,2.0NRT,284.91,3.04,N
-25.91947,29.55318,299.43,0.47,0.39,2025-03-14,2257,N,nominal,2.0NRT,286.15,0.7,N
-26.1432,29.48308,297.38,0.47,0.39,2025-03-14,2257,N,nominal,2.0NRT,283.77,0.68,N
-28.35833,23.50674,302.12,0.6,0.53,2025-03-14,2257,N,nominal,2.0NRT,286.07,1.49,N
-32.13919,18.98784,310.71,0.44,0.62,2025-03-14,2259,N,nominal,2.0NRT,291.5,1.92,N
-32.1405,18.9928,309.12,0.44,0.62,2025-03-14,2259,N,nominal,2.0NRT,291.22,1.5,N
-32.15304,19.017,303.12,0.44,0.62,2025-03-14,2259,N,nominal,2.0NRT,289.6,1.84,N
-32.16022,19.02087,320.96,0.44,0.62,2025-03-14,2259,N,nominal,2.0NRT,290.55,1.93,N
-32.17456,18.98143,307.52,0.44,0.62,2025-03-14,2259,N,nominal,2.0NRT,292.62,2.12,N
-32.30619,19.13389,307.73,0.43,0.62,2025-03-14,2259,N,nominal,2.0NRT,288.29,0.85,N
-32.30545,19.08416,340.24,0.43,0.62,2025-03-14,2259,N,nominal,2.0NRT,293.37,2.86,N
-32.30775,19.09301,329.02,0.43,0.62,2025-03-14,2259,N,nominal,2.0NRT,291.9,2.86,N
-32.31116,19.08258,320.79,0.43,0.62,2025-03-14,2259,N,nominal,2.0NRT,290.84,2.86,N
-32.32179,19.12354,309.28,0.43,0.62,2025-03-14,2259,N,nominal,2.0NRT,288.15,0.61,N
-32.32283,19.12754,299.45,0.43,0.62,2025-03-14,2259,N,nominal,2.0NRT,287.86,0.61,N
-32.32698,19.12002,324.45,0.43,0.62,2025-03-14,2259,N,nominal,2.0NRT,288.51,2,N
-32.32072,19.0959,300.51,0.43,0.62,2025-03-14,2259,N,nominal,2.0NRT,289.55,0.8,N
-32.32279,19.10386,308.74,0.43,0.62,2025-03-14,2259,N,nominal,2.0NRT,289.51,0.8,N
-32.32573,19.11518,303.29,0.43,0.62,2025-03-14,2259,N,nominal,2.0NRT,288.32,2.56,N
-32.32668,19.09528,301.96,0.43,0.62,2025-03-14,2259,N,nominal,2.0NRT,290.53,0.8,N
-32.3306,19.11044,310.84,0.43,0.62,2025-03-14,2259,N,nominal,2.0NRT,289.11,2.56,N
-32.33191,19.11547,316.67,0.43,0.62,2025-03-14,2259,N,nominal,2.0NRT,288.6,2,N
-32.93879,18.75964,299.44,0.43,0.62,2025-03-14,2259,N,nominal,2.0NRT,288.27,0.46,N
-32.93908,18.75967,299.52,0.43,0.62,2025-03-14,2259,N,nominal,2.0NRT,288.37,0.95,N
-33.52668,18.4948,308.63,0.43,0.62,2025-03-14,2259,N,nominal,2.0NRT,286.79,0.89,N
-33.52768,18.49733,299.09,0.43,0.62,2025-03-14,2259,N,nominal,2.0NRT,286.82,0.7,N
-33.84345,18.52907,299.56,0.42,0.61,2025-03-14,2259,N,nominal,2.0NRT,289.11,0.56,N
-33.96893,18.57867,304.12,0.42,0.61,2025-03-14,2259,N,nominal,2.0NRT,288.06,0.55,N
-5.1024,39.02118,311.84,0.39,0.36,2025-03-14,2250,N,nominal,2.0NRT,294.37,1.59,N
-5.09794,38.41078,317.56,0.38,0.36,2025-03-14,2250,N,nominal,2.0NRT,286.13,1.54,N
-11.21862,41.14107,307.6,0.53,0.42,2025-03-14,2252,N,nominal,2.0NRT,289.5,3.07,N
-15.8924,33.03176,311.72,0.43,0.38,2025-03-14,2252,N,nominal,2.0NRT,289.11,1.11,N
-15.89591,33.03115,299.31,0.43,0.38,2025-03-14,2252,N,nominal,2.0NRT,287.34,0.3,N
-16.11972,33.7592,313.28,0.41,0.37,2025-03-14,2252,N,nominal,2.0NRT,294.28,1.89,N
-16.12036,33.76302,312.77,0.41,0.37,2025-03-14,2252,N,nominal,2.0NRT,294.85,1.36,N
-16.12377,33.76242,307.86,0.41,0.37,2025-03-14,2252,N,nominal,2.0NRT,294.27,1.36,N
-16.12782,33.76564,307.73,0.41,0.37,2025-03-14,2252,N,nominal,2.0NRT,293.21,2.21,N
-16.13188,33.76885,317.13,0.41,0.37,2025-03-14,2252,N,nominal,2.0NRT,293.8,1.67,N
-16.13108,33.72176,305.08,0.41,0.37,2025-03-14,2252,N,nominal,2.0NRT,293.1,0.77,N
-16.16551,33.80212,308.66,0.41,0.37,2025-03-14,2252,N,nominal,2.0NRT,291.62,1.12,N
-16.16614,33.80593,305.69,0.41,0.37,2025-03-14,2252,N,nominal,2.0NRT,291.39,1.12,N
-16.19286,33.84027,317.22,0.41,0.37,2025-03-14,2252,N,nominal,2.0NRT,293.58,1.8,N
-16.19626,33.83965,309.28,0.41,0.37,2025-03-14,2252,N,nominal,2.0NRT,292.45,1.54,N
-15.90287,31.12063,313.24,0.53,0.42,2025-03-14,2252,N,nominal,2.0NRT,286.92,1.95,N
-15.90674,31.11987,310.21,0.53,0.42,2025-03-14,2252,N,nominal,2.0NRT,286.75,1.95,N
-16.36853,28.26346,316.78,0.52,0.5,2025-03-14,2254,N,nominal,2.0NRT,289.7,1.72,N
-17.34443,27.20392,306.06,0.58,0.52,2025-03-14,2254,N,nominal,2.0NRT,292.18,1.48,N
-18.05265,30.37911,305.68,0.55,0.42,2025-03-14,2254,N,nominal,2.0NRT,288.22,1.22,N
-32.14173,18.98418,310.04,0.49,0.65,2025-03-15,0037,N,nominal,2.0NRT,290.48,1.58,N
-32.14202,18.98943,309.68,0.49,0.65,2025-03-15,0037,N,nominal,2.0NRT,290.45,1.57,N
-32.14952,19.01382,327.76,0.49,0.65,2025-03-15,0037,N,nominal,2.0NRT,290.63,5.28,N
-32.14981,19.01921,322.68,0.49,0.65,2025-03-15,0037,N,nominal,2.0NRT,290.3,3.58,N
-32.30656,19.08171,345.3,0.5,0.65,2025-03-15,0037,N,nominal,2.0NRT,292.87,15.85,N
-32.30677,19.08545,355.86,0.5,0.65,2025-03-15,0037,N,nominal,2.0NRT,297.67,15.85,N
-32.30698,19.08908,314.62,0.5,0.65,2025-03-15,0037,N,nominal,2.0NRT,292.31,6.47,N
-32.3129,19.0842,338.52,0.5,0.65,2025-03-15,0037,N,nominal,2.0NRT,291.46,6.46,N
-32.3197,19.0947,304.49,0.5,0.66,2025-03-15,0037,N,nominal,2.0NRT,289.46,1.94,N
-32.32133,19.12366,302.14,0.5,0.66,2025-03-15,0037,N,nominal,2.0NRT,287.22,0.54,N
-32.32617,19.09942,303.4,0.5,0.66,2025-03-15,0037,N,nominal,2.0NRT,289.63,2.59,N
-32.32635,19.10269,315.15,0.5,0.66,2025-03-15,0037,N,nominal,2.0NRT,289.59,2.5,N
-32.32656,19.10628,316.16,0.5,0.66,2025-03-15,0037,N,nominal,2.0NRT,289.54,2.5,N
-32.32679,19.11035,309.77,0.5,0.66,2025-03-15,0037,N,nominal,2.0NRT,288.55,1.84,N
-32.32704,19.11482,306.88,0.5,0.66,2025-03-15,0037,N,nominal,2.0NRT,288.5,1.84,N
-32.32732,19.1197,303.38,0.5,0.66,2025-03-15,0037,N,nominal,2.0NRT,288.2,1.57,N
-32.30564,19.08184,337.57,0.5,0.65,2025-03-15,0037,N,nominal,2.0NRT,292.65,22.14,N
-32.30583,19.08567,367,0.5,0.65,2025-03-15,0037,N,high,2.0NRT,297.24,9.27,N
-32.30602,19.08929,316.44,0.5,0.66,2025-03-15,0037,N,nominal,2.0NRT,292.01,9.27,N
-32.31196,19.08418,367,0.5,0.65,2025-03-15,0037,N,high,2.0NRT,292.55,9.27,N
-32.31853,19.0913,303.16,0.5,0.66,2025-03-15,0037,N,nominal,2.0NRT,289.79,2.42,N
-32.32016,19.12321,299.12,0.5,0.66,2025-03-15,0037,N,nominal,2.0NRT,287.35,0.49,N
-32.32513,19.09906,308.52,0.5,0.66,2025-03-15,0037,N,nominal,2.0NRT,289.67,2.26,N
-32.3253,19.10237,316.69,0.5,0.66,2025-03-15,0037,N,nominal,2.0NRT,289.67,2.26,N
-32.32549,19.10597,316.26,0.5,0.66,2025-03-15,0037,N,nominal,2.0NRT,289.11,2.21,N
-32.3257,19.11005,311.31,0.5,0.66,2025-03-15,0037,N,nominal,2.0NRT,288.69,2.21,N
-32.32592,19.11449,303.08,0.5,0.66,2025-03-15,0037,N,nominal,2.0NRT,288.29,1.21,N
-32.32617,19.11927,304.34,0.5,0.66,2025-03-15,0037,N,nominal,2.0NRT,288.13,1.21,N
-32.32645,19.12491,301.97,0.5,0.66,2025-03-15,0037,N,nominal,2.0NRT,287.67,0.49,N
-32.93781,18.75919,299.35,0.48,0.65,2025-03-15,0037,N,nominal,2.0NRT,287.61,0.52,N
-32.93818,18.75876,299.47,0.48,0.65,2025-03-15,0037,N,nominal,2.0NRT,287.43,0.66,N
-33.96899,18.57776,299.64,0.48,0.64,2025-03-15,0039,N,nominal,2.0NRT,287.48,0.69,N
-33.96952,18.5777,297.85,0.48,0.64,2025-03-15,0039,N,nominal,2.0NRT,287.7,0.76,N
-4.24549,10.81641,314.66,0.42,0.38,2025-03-15,0033,N,nominal,2.0NRT,289.73,2.61,N
-4.51992,11.41928,330.25,0.4,0.37,2025-03-15,0033,N,nominal,2.0NRT,280.2,4.17,N
-4.88668,11.90842,297.86,0.39,0.36,2025-03-15,0033,N,nominal,2.0NRT,261.72,0.89,N
-4.88856,11.90849,304.43,0.39,0.36,2025-03-15,0033,N,nominal,2.0NRT,261.63,1.13,N
-4.9343,12.08785,298.21,0.39,0.36,2025-03-15,0033,N,nominal,2.0NRT,261.96,0.38,N
-4.92293,11.38194,337.48,0.4,0.37,2025-03-15,0033,N,nominal,2.0NRT,284.49,10.02,N
-6.13782,11.03154,301.36,0.4,0.37,2025-03-15,0033,N,nominal,2.0NRT,266.88,1.26,N
-6.14121,11.031,321.97,0.4,0.37,2025-03-15,0033,N,nominal,2.0NRT,266.84,1.26,N
-7.79337,17.30482,314.25,0.4,0.44,2025-03-15,0033,N,nominal,2.0NRT,284.79,1.69,N
-7.79389,17.30846,315.81,0.4,0.44,2025-03-15,0033,N,nominal,2.0NRT,284.84,1.69,N
-7.79796,17.30773,344.38,0.4,0.44,2025-03-15,0033,N,nominal,2.0NRT,285.19,3.13,N
-7.79744,17.30412,306.67,0.4,0.44,2025-03-15,0033,N,nominal,2.0NRT,283.97,3.13,N
-7.06728,12.41155,303.39,0.38,0.36,2025-03-15,0033,N,nominal,2.0NRT,265.15,0.56,N
-7.1177,12.36447,305.78,0.38,0.36,2025-03-15,0033,N,nominal,2.0NRT,267.73,0.9,N
-7.15738,12.3406,310.04,0.38,0.36,2025-03-15,0033,N,nominal,2.0NRT,266.53,1.2,N
-7.15792,12.34407,295.23,0.38,0.36,2025-03-15,0033,N,nominal,2.0NRT,266.81,1,N
-10.12345,13.66691,300.18,0.42,0.37,2025-03-15,0033,N,nominal,2.0NRT,284.93,0.49,N
-10.12978,13.66205,303.51,0.42,0.37,2025-03-15,0033,N,nominal,2.0NRT,285.09,0.51,N
-10.77395,15.35554,313.08,0.5,0.41,2025-03-15,0033,N,nominal,2.0NRT,284.01,2.49,N
-12.55661,13.49367,320.75,0.43,0.38,2025-03-15,0035,N,nominal,2.0NRT,286.21,2.08,N
-20.11228,57.67286,332.29,0.4,0.37,2025-03-15,0941,N,nominal,2.0NRT,300.71,3.96,D
-19.62234,48.71103,325.83,0.39,0.6,2025-03-15,0943,N,nominal,2.0NRT,276.85,3.19,D
-19.04907,49.05733,340.01,0.37,0.58,2025-03-15,0943,N,nominal,2.0NRT,283.32,4.25,D
-16.67043,48.7636,329.71,0.36,0.57,2025-03-15,0943,N,nominal,2.0NRT,287.52,1.37,D
-25.81352,29.4965,326.49,0.39,0.44,2025-03-15,1121,N,low,2.0NRT,296.89,5.63,D
-19.30132,34.99453,340.22,0.4,0.37,2025-03-15,1123,N,nominal,2.0NRT,298.41,3.36,D
-18.08896,33.08913,331.68,0.38,0.36,2025-03-15,1123,N,nominal,2.0NRT,295.49,7.57,D
-17.53489,36.0611,337.97,0.45,0.39,2025-03-15,1123,N,nominal,2.0NRT,293.42,4.22,D
-18.44143,26.47693,339.89,0.48,0.48,2025-03-15,1123,N,nominal,2.0NRT,306.18,10.87,D
-18.36896,26.47619,344.69,0.48,0.48,2025-03-15,1123,N,nominal,2.0NRT,308.85,11.44,D
-18.37158,26.45331,340.35,0.48,0.48,2025-03-15,1123,N,nominal,2.0NRT,304.88,11.59,D
-18.3711,26.47792,338.88,0.48,0.48,2025-03-15,1123,N,nominal,2.0NRT,302.81,4.81,D
-18.37444,26.45054,341.31,0.48,0.48,2025-03-15,1123,N,nominal,2.0NRT,307.67,5.5,D
-18.36665,26.47725,339.87,0.48,0.48,2025-03-15,1123,N,nominal,2.0NRT,304.66,4.81,D
-18.36998,26.44991,331.6,0.48,0.48,2025-03-15,1123,N,nominal,2.0NRT,301.14,5.5,D
-17.61781,29.78473,332.52,0.46,0.39,2025-03-15,1123,N,nominal,2.0NRT,299.3,2.5,D
-15.89407,33.0339,333.01,0.39,0.36,2025-03-15,1125,N,nominal,2.0NRT,295.45,4.22,D
-15.89463,33.03029,335.67,0.39,0.36,2025-03-15,1125,N,nominal,2.0NRT,295.56,4.22,D
-15.86887,28.88069,337.54,0.48,0.4,2025-03-15,1125,N,nominal,2.0NRT,300.6,4.35,D
-15.86949,28.87612,329.49,0.48,0.4,2025-03-15,1125,N,nominal,2.0NRT,298.95,4.35,D
-15.86576,28.87561,332.9,0.48,0.4,2025-03-15,1125,N,nominal,2.0NRT,300.66,4.35,D
-7.05239,38.96992,349.98,0.33,0.55,2025-03-15,1128,N,nominal,2.0NRT,294.94,2.89,D
-7.05296,38.90611,342.39,0.32,0.55,2025-03-15,1128,N,nominal,2.0NRT,291.83,2.13,D
-7.02612,38.58838,330.73,0.61,0.54,2025-03-15,1128,N,nominal,2.0NRT,294.4,3.49,D
-6.93964,38.85158,333.08,0.32,0.55,2025-03-15,1128,N,nominal,2.0NRT,294.83,1.88,D
-6.93405,38.85375,349.23,0.32,0.55,2025-03-15,1128,N,nominal,2.0NRT,296.57,7.48,D
-6.93457,38.85081,351.58,0.32,0.55,2025-03-15,1128,N,nominal,2.0NRT,294.91,5.46,D
-6.87985,38.75454,341.91,0.63,0.54,2025-03-15,1128,N,nominal,2.0NRT,295.78,12.47,D
-6.84081,38.92132,333.08,0.33,0.55,2025-03-15,1128,N,nominal,2.0NRT,296.68,2.1,D
-6.71369,38.85479,339.03,0.32,0.55,2025-03-15,1128,N,nominal,2.0NRT,297.74,2.97,D
-6.66762,38.998,333.39,0.33,0.55,2025-03-15,1128,N,nominal,2.0NRT,296.6,1,D
-6.58481,39.00586,348.01,0.33,0.55,2025-03-15,1128,N,nominal,2.0NRT,296.82,4.47,D
-6.52101,39.0302,331.63,0.34,0.56,2025-03-15,1128,N,nominal,2.0NRT,296.22,1.55,D
-6.55538,38.82813,330.07,0.32,0.55,2025-03-15,1128,N,nominal,2.0NRT,297.48,2.24,D
-6.54522,38.82641,332.77,0.32,0.55,2025-03-15,1128,N,nominal,2.0NRT,297.04,2.51,D
-6.54671,38.81765,336.67,0.32,0.55,2025-03-15,1128,N,nominal,2.0NRT,298.02,1.68,D
-6.45376,38.6998,338.91,0.32,0.54,2025-03-15,1128,N,nominal,2.0NRT,297.24,2.84,D
-6.30948,39.50949,367,0.36,0.58,2025-03-15,1128,N,high,2.0NRT,295.41,12.37,D
-6.3089,39.51284,335.13,0.36,0.58,2025-03-15,1128,N,nominal,2.0NRT,294.45,10.96,D
-6.17099,39.37514,335.87,0.36,0.57,2025-03-15,1128,N,nominal,2.0NRT,295.27,1.13,D
-6.16721,39.37471,340.32,0.36,0.57,2025-03-15,1128,N,nominal,2.0NRT,295.03,2.39,D
-6.18253,38.51622,348.32,0.63,0.54,2025-03-15,1128,N,nominal,2.0NRT,294.5,17.11,D
-6.18383,38.51347,342.28,0.63,0.54,2025-03-15,1128,N,nominal,2.0NRT,294.08,19.8,D
-5.97741,38.57704,341.35,0.32,0.54,2025-03-15,1128,N,nominal,2.0NRT,292.79,2.56,D
-5.97238,38.57612,339.93,0.32,0.54,2025-03-15,1128,N,nominal,2.0NRT,294.42,4.94,D
-5.97402,38.57668,353.5,0.32,0.54,2025-03-15,1128,N,nominal,2.0NRT,294.93,4.41,D
-5.97451,38.57371,339.89,0.32,0.54,2025-03-15,1128,N,nominal,2.0NRT,293.25,4.41,D
-5.94072,38.55888,340.78,0.32,0.54,2025-03-15,1128,N,nominal,2.0NRT,294.48,2.78,D
-5.79559,39.31649,331.66,0.36,0.57,2025-03-15,1128,N,nominal,2.0NRT,294.16,2.07,D
-5.82537,38.54293,350.7,0.32,0.54,2025-03-15,1128,N,nominal,2.0NRT,296.41,3.83,D
-5.85981,38.33968,342.89,0.62,0.54,2025-03-15,1128,N,nominal,2.0NRT,294.23,8.37,D
-5.76113,38.70479,367,0.33,0.55,2025-03-15,1128,N,high,2.0NRT,296.92,5.69,D
-5.76062,38.70774,333.63,0.33,0.55,2025-03-15,1128,N,nominal,2.0NRT,295.77,5.14,D
-5.76165,38.70181,332.99,0.33,0.55,2025-03-15,1128,N,nominal,2.0NRT,296.44,5.69,D
-5.65498,38.21928,342.47,0.61,0.53,2025-03-15,1128,N,nominal,2.0NRT,291.51,4.57,D
-5.47454,38.83841,331.28,0.34,0.56,2025-03-15,1128,N,nominal,2.0NRT,293.92,2.48,D
-5.55026,38.38672,331.91,0.63,0.54,2025-03-15,1128,N,nominal,2.0NRT,298.44,10.31,D
-5.38613,38.91822,339.59,0.34,0.56,2025-03-15,1128,N,nominal,2.0NRT,294.93,2.39,D
-5.38838,38.90522,343.82,0.34,0.56,2025-03-15,1128,N,nominal,2.0NRT,295.12,3.26,D
-5.44752,38.50337,339.13,0.32,0.55,2025-03-15,1128,N,nominal,2.0NRT,297.78,4.21,D
-5.38823,38.90326,340.62,0.34,0.56,2025-03-15,1128,N,nominal,2.0NRT,294.56,4.03,D
-5.44392,38.50343,344.89,0.32,0.55,2025-03-15,1128,N,nominal,2.0NRT,296.19,2.2,D
-5.24453,38.58589,347.82,0.33,0.55,2025-03-15,1128,N,nominal,2.0NRT,296.07,3.84,D
-5.18777,38.69051,346.91,0.33,0.56,2025-03-15,1128,N,nominal,2.0NRT,295.51,4.81,D
-5.10749,38.53004,367,0.33,0.55,2025-03-15,1128,N,high,2.0NRT,302.27,5.81,D
-5.10797,38.52711,345.3,0.33,0.55,2025-03-15,1128,N,nominal,2.0NRT,300.37,5.81,D
-5.01783,39.03667,339.76,0.36,0.57,2025-03-15,1128,N,nominal,2.0NRT,295.71,1.59,D
-5.01109,39.01209,332.44,0.35,0.57,2025-03-15,1128,N,nominal,2.0NRT,296.29,2.82,D
-5.00583,39.0111,343.62,0.35,0.57,2025-03-15,1128,N,nominal,2.0NRT,296.07,5.2,D
-4.90785,39.13753,332.94,0.36,0.58,2025-03-15,1128,N,nominal,2.0NRT,294.66,5.16,D
-4.9102,39.1364,333.95,0.36,0.58,2025-03-15,1128,N,nominal,2.0NRT,295.32,4.35,D
-4.99618,38.55279,331.53,0.33,0.55,2025-03-15,1128,N,nominal,2.0NRT,298.6,0.89,D
-4.99357,38.53683,335.63,0.33,0.55,2025-03-15,1128,N,nominal,2.0NRT,301.53,4.17,D
-4.85335,39.11605,338.71,0.36,0.58,2025-03-15,1128,N,nominal,2.0NRT,294.22,1.36,D
-4.94643,38.38221,333.37,0.32,0.55,2025-03-15,1128,N,nominal,2.0NRT,294.72,3.09,D
-4.80614,39.16722,367,0.37,0.58,2025-03-15,1128,N,high,2.0NRT,295.61,9.05,D
-4.80557,39.17053,332.12,0.37,0.58,2025-03-15,1128,N,nominal,2.0NRT,294.26,9.05,D
-4.80876,39.16897,367,0.37,0.58,2025-03-15,1128,N,high,2.0NRT,295.6,8.72,D
-4.80931,39.16565,332.17,0.37,0.58,2025-03-15,1128,N,nominal,2.0NRT,293.95,8.72,D
-7.8489,17.58152,331.58,0.68,0.74,2025-03-15,1128,N,nominal,2.0NRT,267.7,7.4,D
-4.37949,39.54549,332.12,0.39,0.6,2025-03-15,1128,N,nominal,2.0NRT,296.32,3.23,D
-4.31029,39.38765,367,0.39,0.59,2025-03-15,1128,N,high,2.0NRT,296.32,24.58,D
-4.22193,39.50912,351.49,0.39,0.6,2025-03-15,1128,N,nominal,2.0NRT,295.19,4.2,D
-4.37232,38.59629,330.01,0.34,0.56,2025-03-15,1128,N,nominal,2.0NRT,296.75,1.2,D
-4.3164,38.73545,346.43,0.35,0.57,2025-03-15,1128,N,nominal,2.0NRT,298.92,3.92,D
-6.66454,22.88524,339.85,0.57,0.52,2025-03-15,1128,N,nominal,2.0NRT,282.72,3.39,D
-6.66081,22.88728,344.24,0.57,0.52,2025-03-15,1128,N,nominal,2.0NRT,282.81,12.8,D
-7.06983,19.24367,334.68,0.51,0.66,2025-03-15,1128,N,nominal,2.0NRT,281.94,5.14,D
-4.83701,33.8801,344.35,0.5,0.41,2025-03-15,1128,N,nominal,2.0NRT,297.96,8.47,D
-4.83325,33.87951,339.68,0.5,0.41,2025-03-15,1128,N,nominal,2.0NRT,295.35,6,D
-6.94853,19.16649,345.32,0.52,0.67,2025-03-15,1128,N,nominal,2.0NRT,275.81,11.52,D
-6.95101,19.16321,334.43,0.52,0.67,2025-03-15,1128,N,nominal,2.0NRT,276.44,5.27,D
-6.94475,19.16283,342.72,0.52,0.67,2025-03-15,1128,N,nominal,2.0NRT,276.18,7.44,D
-4.42415,16.85095,327.81,0.68,0.74,2025-03-15,1128,N,nominal,2.0NRT,277.08,6.37,D
-33.70465,19.32603,341.66,0.46,0.47,2025-03-15,1301,N,nominal,2.0NRT,303.02,10.7,D
-33.70597,19.32294,341.82,0.46,0.47,2025-03-15,1301,N,nominal,2.0NRT,304.41,11.07,D
-33.39129,19.1695,337.49,0.46,0.47,2025-03-15,1301,N,nominal,2.0NRT,302.07,23.04,D
-33.39234,19.16459,341.93,0.45,0.47,2025-03-15,1301,N,nominal,2.0NRT,303.82,18.6,D
-33.53289,18.49899,348.69,0.42,0.45,2025-03-15,1301,N,nominal,2.0NRT,304.91,7.59,D
-33.52876,18.49775,367,0.42,0.45,2025-03-15,1301,N,high,2.0NRT,301.46,7.59,D
-33.38698,19.16826,344.71,0.46,0.47,2025-03-15,1301,N,nominal,2.0NRT,306.05,23.04,D
-33.38803,19.16337,336.24,0.45,0.47,2025-03-15,1301,N,nominal,2.0NRT,307.91,18.6,D
-33.38371,19.16217,339.01,0.45,0.47,2025-03-15,1301,N,nominal,2.0NRT,302.58,2.94,D
-32.72268,19.06922,335.57,0.46,0.47,2025-03-15,1301,N,nominal,2.0NRT,301.23,3.57,D
-32.33117,19.12243,337.89,0.48,0.48,2025-03-15,1301,N,nominal,2.0NRT,295.8,7.29,D
-32.33311,19.1136,353.01,0.48,0.48,2025-03-15,1301,N,nominal,2.0NRT,298.89,13.09,D
-32.334,19.10955,349.74,0.48,0.48,2025-03-15,1301,N,nominal,2.0NRT,297.74,8.86,D
-32.32473,19.13044,340.72,0.48,0.48,2025-03-15,1301,N,nominal,2.0NRT,297.39,6.64,D
-32.33067,19.10347,352.4,0.47,0.48,2025-03-15,1301,N,nominal,2.0NRT,297.66,8.86,D
-32.32639,19.10174,343.82,0.47,0.48,2025-03-15,1301,N,nominal,2.0NRT,299.27,20.42,D
-32.32715,19.09829,337.08,0.47,0.48,2025-03-15,1301,N,nominal,2.0NRT,300.24,15.72,D
-32.3285,19.1012,353.21,0.48,0.48,2025-03-15,1301,N,nominal,2.0NRT,305.09,49.83,D
-32.30512,19.14487,340.85,0.48,0.48,2025-03-15,1301,N,nominal,2.0NRT,297.49,5.46,D
-32.16967,19.0499,348.69,0.48,0.48,2025-03-15,1301,N,nominal,2.0NRT,303.44,48.31,D
-32.17094,19.04403,342.27,0.48,0.48,2025-03-15,1301,N,nominal,2.0NRT,300.41,9.69,D
-32.16508,19.04951,367,0.48,0.48,2025-03-15,1301,N,high,2.0NRT,303.71,15.28,D
-32.16638,19.04355,352.2,0.48,0.48,2025-03-15,1301,N,nominal,2.0NRT,305.4,12.37,D
-32.16051,19.04909,343.53,0.48,0.48,2025-03-15,1301,N,nominal,2.0NRT,297.61,15.28,D
-32.16182,19.04308,356.13,0.48,0.48,2025-03-15,1301,N,nominal,2.0NRT,300.21,12.37,D
-32.15729,19.04246,336.09,0.48,0.48,2025-03-15,1301,N,nominal,2.0NRT,294.13,3.03,D
-32.15856,19.03667,335.61,0.47,0.48,2025-03-15,1301,N,nominal,2.0NRT,290.53,3.03,D
-10.96834,15.69156,327.46,0.38,0.59,2025-03-15,1308,N,nominal,2.0NRT,292.31,2.33,D
-10.96814,15.69148,327.95,0.39,0.59,2025-03-15,1308,N,nominal,2.0NRT,292.01,2.69,D
-11.10159,14.11296,341.96,0.6,0.53,2025-03-15,1308,N,nominal,2.0NRT,298.3,6.19,D
-8.72101,15.23741,328.64,0.39,0.6,2025-03-15,1308,N,nominal,2.0NRT,287.32,1.73,D
-8.70514,15.23091,367,0.39,0.6,2025-03-15,1308,N,high,2.0NRT,290.66,8.41,D
-8.43845,15.05126,367,0.39,0.59,2025-03-15,1308,N,high,2.0NRT,292.52,6.8,D
-8.433,15.05016,327.58,0.39,0.59,2025-03-15,1308,N,nominal,2.0NRT,289.72,6.8,D
-8.09415,15.76017,327.67,0.44,0.62,2025-03-15,1308,N,nominal,2.0NRT,287.93,3.66,D
-7.75313,17.09184,325.84,0.54,0.68,2025-03-15,1308,N,nominal,2.0NRT,277.19,8,D
-8.03373,15.56681,337.28,0.42,0.61,2025-03-15,1308,N,nominal,2.0NRT,289.63,4.71,D
-8.15505,14.74224,331.21,0.37,0.58,2025-03-15,1308,N,nominal,2.0NRT,292.18,2.99,D
-7.99634,15.4202,338.7,0.42,0.61,2025-03-15,1308,N,nominal,2.0NRT,292.28,4.05,D
-7.99453,15.41817,345.96,0.42,0.61,2025-03-15,1308,N,nominal,2.0NRT,292.03,4.33,D
-7.97127,15.41796,367,0.42,0.61,2025-03-15,1308,N,high,2.0NRT,292.15,6.94,D
-7.9706,15.42171,333.99,0.42,0.61,2025-03-15,1308,N,nominal,2.0NRT,290.41,6.94,D
-7.94044,15.55639,326.47,0.43,0.62,2025-03-15,1308,N,nominal,2.0NRT,290.55,2.63,D
-7.93397,15.46286,343.71,0.42,0.61,2025-03-15,1308,N,nominal,2.0NRT,290.89,4.81,D
-7.97425,14.73902,333.51,0.37,0.58,2025-03-15,1308,N,nominal,2.0NRT,291.71,2.1,D
-8.2189,13.32717,337.92,0.6,0.53,2025-03-15,1308,N,nominal,2.0NRT,292.1,7.02,D
-8.17003,13.43192,335.76,0.61,0.53,2025-03-15,1308,N,nominal,2.0NRT,291.41,3.87,D
-7.91726,14.7154,337.51,0.37,0.58,2025-03-15,1308,N,nominal,2.0NRT,292.53,2.89,D
-7.92037,14.69838,329.22,0.37,0.58,2025-03-15,1308,N,nominal,2.0NRT,291.19,2.35,D
-7.91878,14.67676,339.21,0.37,0.58,2025-03-15,1308,N,nominal,2.0NRT,291.15,3.78,D
-7.92412,14.70013,329.47,0.37,0.58,2025-03-15,1308,N,nominal,2.0NRT,291.11,2.34,D
-7.91571,14.71637,343.05,0.37,0.58,2025-03-15,1308,N,nominal,2.0NRT,292.37,3.95,D
-7.91693,14.67775,330.22,0.37,0.58,2025-03-15,1308,N,nominal,2.0NRT,291.01,3.91,D
-7.7542,15.43342,334.98,0.42,0.61,2025-03-15,1308,N,nominal,2.0NRT,289.13,4.35,D
-7.41766,17.21146,326.24,0.56,0.69,2025-03-15,1308,N,nominal,2.0NRT,274.62,4.18,D
-7.84993,14.49671,329.4,0.36,0.58,2025-03-15,1308,N,nominal,2.0NRT,290.88,4.1,D
-7.84667,14.49635,339.54,0.36,0.58,2025-03-15,1308,N,nominal,2.0NRT,291.17,3.56,D
-7.57663,15.40042,329.14,0.42,0.61,2025-03-15,1308,N,nominal,2.0NRT,283.26,2.2,D
-7.57542,15.39872,327.74,0.42,0.61,2025-03-15,1308,N,nominal,2.0NRT,283.93,1.83,D
-7.62106,14.78922,337.87,0.38,0.59,2025-03-15,1308,N,nominal,2.0NRT,285.83,4.22,D
-7.48117,15.16092,327.88,0.41,0.6,2025-03-15,1308,N,nominal,2.0NRT,286.08,2.3,D
-7.47149,14.9277,327.23,0.39,0.6,2025-03-15,1308,N,nominal,2.0NRT,285.16,2.15,D
-6.68413,19.07272,335.49,0.76,0.77,2025-03-15,1308,N,nominal,2.0NRT,275.45,8.9,D
-6.67694,19.07151,335.75,0.76,0.77,2025-03-15,1308,N,nominal,2.0NRT,275.84,8.9,D
-6.68285,19.06899,340.92,0.76,0.77,2025-03-15,1308,N,nominal,2.0NRT,275.97,13.67,D
-7.38609,14.99677,342.77,0.4,0.6,2025-03-15,1308,N,nominal,2.0NRT,282.87,4.32,D
-7.309,15.23262,329.35,0.42,0.61,2025-03-15,1308,N,nominal,2.0NRT,286.68,2.13,D
-7.2801,15.29517,327.86,0.42,0.61,2025-03-15,1308,N,nominal,2.0NRT,285.67,4.46,D
-7.26864,15.28012,330.42,0.42,0.61,2025-03-15,1308,N,nominal,2.0NRT,285.13,2.41,D
-7.2533,15.20242,347.99,0.41,0.61,2025-03-15,1308,N,nominal,2.0NRT,284.71,6.54,D
-7.25696,14.95689,337.71,0.4,0.6,2025-03-15,1308,N,nominal,2.0NRT,286.58,3.71,D
-7.20495,15.21263,327.18,0.42,0.61,2025-03-15,1308,N,nominal,2.0NRT,283.53,2.76,D
-7.17866,15.22909,333.4,0.42,0.61,2025-03-15,1308,N,nominal,2.0NRT,284.09,6.77,D
-7.17371,15.2243,332.6,0.42,0.61,2025-03-15,1308,N,nominal,2.0NRT,284.75,4.92,D
-7.20265,15.21284,340.98,0.42,0.61,2025-03-15,1308,N,nominal,2.0NRT,286.01,3.63,D
-7.27456,14.60464,333.21,0.38,0.59,2025-03-15,1308,N,nominal,2.0NRT,288.56,3.42,D
-7.1217,15.11309,327.36,0.41,0.61,2025-03-15,1308,N,nominal,2.0NRT,287.2,1.78,D
-6.41831,18.87523,340.46,0.75,0.77,2025-03-15,1308,N,nominal,2.0NRT,271.82,10.53,D
-6.4138,18.86016,325.5,0.75,0.77,2025-03-15,1308,N,nominal,2.0NRT,272.32,6.44,D
-6.4155,18.87267,340.55,0.75,0.77,2025-03-15,1308,N,nominal,2.0NRT,271.1,10.57,D
-6.41805,18.85878,326.52,0.75,0.77,2025-03-15,1308,N,nominal,2.0NRT,272.27,8.41,D
-7.03688,14.95468,330.27,0.4,0.6,2025-03-15,1308,N,nominal,2.0NRT,287.03,3.13,D
-7.10225,14.5598,329.01,0.38,0.58,2025-03-15,1308,N,nominal,2.0NRT,288.09,5.68,D
-7.11281,14.47005,340.74,0.37,0.58,2025-03-15,1308,N,nominal,2.0NRT,289.15,5.52,D
-7.11684,14.46888,327.47,0.37,0.58,2025-03-15,1308,N,nominal,2.0NRT,289.17,5.18,D
-7.10914,14.48142,330.98,0.37,0.58,2025-03-15,1308,N,nominal,2.0NRT,288.92,2.98,D
-7.11089,14.47124,336.16,0.37,0.58,2025-03-15,1308,N,nominal,2.0NRT,289.04,4.9,D
-7.01311,14.36666,348.68,0.37,0.58,2025-03-15,1308,N,nominal,2.0NRT,287.44,4.08,D
-7.02076,14.37018,334.04,0.37,0.58,2025-03-15,1308,N,nominal,2.0NRT,285.89,3.11,D
-7.01544,14.36907,329.48,0.37,0.58,2025-03-15,1308,N,nominal,2.0NRT,285.85,4.45,D
-6.88473,13.6631,327.61,0.33,0.55,2025-03-15,1308,N,nominal,2.0NRT,279.51,1.75,D
-6.76815,14.17809,327.57,0.36,0.57,2025-03-15,1308,N,nominal,2.0NRT,290.23,2.52,D
-6.76055,14.19018,339.26,0.36,0.57,2025-03-15,1308,N,nominal,2.0NRT,289.46,2.41,D
-6.76112,14.18692,333,0.36,0.57,2025-03-15,1308,N,nominal,2.0NRT,289.34,2.41,D
-6.85697,12.39763,330.13,0.54,0.51,2025-03-15,1308,N,nominal,2.0NRT,283.46,38.33,D
-6.03954,16.91099,344.53,0.56,0.69,2025-03-15,1308,N,nominal,2.0NRT,272.54,12.9,D
-6.03225,16.91475,353.3,0.56,0.69,2025-03-15,1308,N,nominal,2.0NRT,272.36,28.69,D
-6.03317,16.90971,356.94,0.56,0.69,2025-03-15,1308,N,low,2.0NRT,274.08,12.9,D
-6.03829,16.91412,344.11,0.56,0.69,2025-03-15,1308,N,nominal,2.0NRT,270.66,9.23,D
-6.0392,16.90893,330.41,0.56,0.69,2025-03-15,1308,N,nominal,2.0NRT,273.56,9.23,D
-6.03281,16.90779,334.96,0.56,0.69,2025-03-15,1308,N,nominal,2.0NRT,274.28,9.23,D
-6.0319,16.91291,357.89,0.56,0.69,2025-03-15,1308,N,low,2.0NRT,273.81,9.23,D
-6.0646,16.50796,335.59,0.53,0.67,2025-03-15,1308,N,nominal,2.0NRT,276.49,5.21,D
-6.05935,16.50134,340.84,0.53,0.67,2025-03-15,1308,N,nominal,2.0NRT,277.96,6.73,D
-6.35023,14.72509,353.47,0.4,0.6,2025-03-15,1308,N,nominal,2.0NRT,278.99,6.32,D
-5.98989,16.52927,326.63,0.53,0.67,2025-03-15,1308,N,nominal,2.0NRT,275.16,3.89,D
-5.98612,16.47949,343.75,0.53,0.67,2025-03-15,1308,N,nominal,2.0NRT,278.02,7.66,D
-6.65095,12.71171,342.34,0.58,0.52,2025-03-15,1308,N,nominal,2.0NRT,289.68,7.55,D
-6.64612,12.71095,339.65,0.58,0.52,2025-03-15,1308,N,nominal,2.0NRT,288.39,7.55,D
-6.65255,12.70946,334.82,0.58,0.52,2025-03-15,1308,N,nominal,2.0NRT,290.11,8.21,D
-6.64773,12.70867,339.69,0.58,0.52,2025-03-15,1308,N,nominal,2.0NRT,288.7,8.21,D
-5.98585,16.53074,325.77,0.53,0.67,2025-03-15,1308,N,nominal,2.0NRT,277.17,3.34,D
-5.9818,16.48064,337.6,0.53,0.67,2025-03-15,1308,N,nominal,2.0NRT,278.92,6.61,D
-5.9416,16.45373,337.46,0.53,0.67,2025-03-15,1308,N,nominal,2.0NRT,272.24,6.47,D
-5.90889,16.47347,333.16,0.53,0.67,2025-03-15,1308,N,nominal,2.0NRT,267.55,3.66,D
-6.42946,12.71745,332.72,0.58,0.52,2025-03-15,1308,N,nominal,2.0NRT,285.31,8.76,D
-6.43052,12.72029,331.33,0.58,0.52,2025-03-15,1308,N,nominal,2.0NRT,284.56,5.71,D
-6.15205,13.79948,338.45,0.35,0.57,2025-03-15,1308,N,nominal,2.0NRT,275.94,3.1,D
-6.15247,13.80012,327.39,0.35,0.57,2025-03-15,1308,N,nominal,2.0NRT,275.24,2.45,D
-6.28963,12.83075,341.05,0.59,0.53,2025-03-15,1310,N,nominal,2.0NRT,282.55,8.32,D
-6.28566,12.82449,328.13,0.59,0.53,2025-03-15,1310,N,nominal,2.0NRT,282.18,6.91,D
-6.23625,12.76107,332.79,0.59,0.53,2025-03-15,1310,N,nominal,2.0NRT,284.46,3.74,D
-5.84361,14.06597,335.22,0.37,0.58,2025-03-15,1310,N,nominal,2.0NRT,276.17,2.76,D
-5.29705,16.85438,347.45,0.57,0.69,2025-03-15,1310,N,nominal,2.0NRT,280.63,7.22,D
-5.28519,16.84647,333.99,0.57,0.69,2025-03-15,1310,N,nominal,2.0NRT,281.42,5.34,D
-5.28619,16.84096,326.52,0.57,0.69,2025-03-15,1310,N,nominal,2.0NRT,281.79,5.34,D
-5.29634,16.85629,335.8,0.58,0.69,2025-03-15,1310,N,nominal,2.0NRT,280.59,7.15,D
-5.29729,16.85084,326.96,0.58,0.69,2025-03-15,1310,N,nominal,2.0NRT,280.19,4.11,D
-5.28539,16.84287,352.26,0.57,0.69,2025-03-15,1310,N,nominal,2.0NRT,281.89,10.96,D
-5.26057,16.68366,331.41,0.56,0.69,2025-03-15,1310,N,nominal,2.0NRT,280.68,9.44,D
-5.26154,16.67819,337.05,0.56,0.69,2025-03-15,1310,N,nominal,2.0NRT,280.96,7.33,D
-5.37098,15.9188,327.1,0.5,0.66,2025-03-15,1310,N,nominal,2.0NRT,282.87,5.61,D
-5.21041,16.66975,347.77,0.56,0.69,2025-03-15,1310,N,nominal,2.0NRT,278.43,7.86,D
-5.21133,16.6647,336.19,0.56,0.69,2025-03-15,1310,N,nominal,2.0NRT,279.82,7.86,D
-5.21561,16.60483,333,0.56,0.68,2025-03-15,1310,N,nominal,2.0NRT,281.75,6.51,D
-5.37101,15.91923,333.72,0.5,0.66,2025-03-15,1310,N,nominal,2.0NRT,283.32,5.67,D
-5.21019,16.66596,349.7,0.56,0.69,2025-03-15,1310,N,nominal,2.0NRT,279.87,16.17,D
-5.22044,16.60705,329.47,0.56,0.69,2025-03-15,1310,N,nominal,2.0NRT,280.96,3.21,D
-5.13002,15.71872,336.67,0.49,0.65,2025-03-15,1310,N,nominal,2.0NRT,268.82,3.65,D
-5.11086,15.65111,333.31,0.48,0.65,2025-03-15,1310,N,nominal,2.0NRT,271.56,3.16,D
-5.46162,13.63386,340.97,0.35,0.57,2025-03-15,1310,N,nominal,2.0NRT,284.51,3.04,D
-5.69843,12.24507,338.68,0.55,0.51,2025-03-15,1310,N,nominal,2.0NRT,292.74,5.89,D
-4.89038,16.82247,329.79,0.58,0.7,2025-03-15,1310,N,nominal,2.0NRT,280.03,3.91,D
-5.45726,13.33937,328.24,0.33,0.55,2025-03-15,1310,N,nominal,2.0NRT,284.3,2.48,D
-4.94093,15.57711,331.38,0.48,0.65,2025-03-15,1310,N,nominal,2.0NRT,282.49,3.72,D
-5.34911,13.15767,350.6,0.32,0.55,2025-03-15,1310,N,nominal,2.0NRT,286.18,4.39,D
-4.75639,16.4144,326.94,0.55,0.68,2025-03-15,1310,N,nominal,2.0NRT,269.48,3.41,D
-4.84514,15.66402,334.81,0.49,0.65,2025-03-15,1310,N,nominal,2.0NRT,279.1,4.56,D
-4.84369,15.66448,356.44,0.49,0.65,2025-03-15,1310,N,low,2.0NRT,279.26,9.29,D
-4.83767,15.66332,329.99,0.49,0.65,2025-03-15,1310,N,nominal,2.0NRT,279.34,9.29,D
-4.72195,15.86032,330.37,0.51,0.66,2025-03-15,1310,N,nominal,2.0NRT,271.81,3.14,D
-4.72271,15.85602,328.52,0.5,0.66,2025-03-15,1310,N,nominal,2.0NRT,272.84,3.14,D
-4.55005,16.7879,333.41,0.59,0.7,2025-03-15,1310,N,nominal,2.0NRT,266.61,4.99,D
-4.71655,15.85518,329.22,0.5,0.66,2025-03-15,1310,N,nominal,2.0NRT,273.92,3.14,D
-4.72303,15.85836,343.86,0.51,0.66,2025-03-15,1310,N,nominal,2.0NRT,273.4,7.26,D
-4.55124,16.78675,335.88,0.59,0.7,2025-03-15,1310,N,nominal,2.0NRT,266.73,4.88,D
-4.71153,15.85193,333.77,0.51,0.66,2025-03-15,1310,N,nominal,2.0NRT,275.65,5.89,D
-4.40979,16.71807,339.55,0.58,0.7,2025-03-15,1310,N,nominal,2.0NRT,273.42,6.88,D
-4.68107,14.91254,340.52,0.44,0.62,2025-03-15,1310,N,nominal,2.0NRT,287.04,3.43,D
-4.68124,14.91166,336.45,0.44,0.62,2025-03-15,1310,N,nominal,2.0NRT,286.63,3.49,D
-4.38188,16.65039,333.01,0.58,0.7,2025-03-15,1310,N,nominal,2.0NRT,273.39,4.31,D
-4.35188,16.14353,327.7,0.54,0.67,2025-03-15,1310,N,nominal,2.0NRT,283.9,3.23,D
-4.10903,17.34079,342.99,0.65,0.73,2025-03-15,1310,N,nominal,2.0NRT,269.64,7.65,D
-4.1848,16.63367,333.69,0.58,0.7,2025-03-15,1310,N,nominal,2.0NRT,272.22,4.94,D
-4.5384,14.50023,331.3,0.41,0.61,2025-03-15,1310,N,nominal,2.0NRT,287.81,4.03,D
-4.9363,12.08975,342.23,0.56,0.51,2025-03-15,1310,N,nominal,2.0NRT,279.99,5.48,D
-4.93155,12.08895,329.34,0.56,0.51,2025-03-15,1310,N,nominal,2.0NRT,278.81,5.48,D
-4.1846,16.63813,337,0.58,0.7,2025-03-15,1310,N,nominal,2.0NRT,272.38,7.96,D
-4.54144,14.50128,328.03,0.41,0.61,2025-03-15,1310,N,nominal,2.0NRT,286.87,4.74,D
-4.9359,12.09273,341.15,0.56,0.51,2025-03-15,1310,N,nominal,2.0NRT,278.64,18.22,D
-4.63343,13.81007,346.32,0.37,0.58,2025-03-15,1310,N,nominal,2.0NRT,288.92,8.34,D
-4.86352,12.02886,329.5,0.55,0.51,2025-03-15,1310,N,nominal,2.0NRT,284.24,8.44,D
-4.86047,12.01808,340.89,0.55,0.51,2025-03-15,1310,N,nominal,2.0NRT,285.68,13.15,D
-4.19306,15.76131,329.14,0.51,0.66,2025-03-15,1310,N,nominal,2.0NRT,273.92,4,D
-4.92402,11.38295,343.53,0.5,0.49,2025-03-15,1310,N,nominal,2.0NRT,280.25,7.12,D
-4.11578,15.95558,335.38,0.52,0.67,2025-03-15,1310,N,nominal,2.0NRT,285.16,3.42,D
-4.50879,13.42599,330.35,0.35,0.57,2025-03-15,1310,N,nominal,2.0NRT,285.72,1.64,D
-4.00631,16.28705,341.65,0.55,0.68,2025-03-15,1310,N,nominal,2.0NRT,279.04,6.79,D
-4.50355,13.4251,335.13,0.35,0.57,2025-03-15,1310,N,nominal,2.0NRT,284.65,2.65,D
-4.01079,16.22456,348.33,0.55,0.68,2025-03-15,1310,N,nominal,2.0NRT,281.14,7.84,D
-4.12186,15.59301,329.65,0.5,0.65,2025-03-15,1310,N,nominal,2.0NRT,279.24,2.18,D
-4.10825,15.59926,345.01,0.5,0.66,2025-03-15,1310,N,nominal,2.0NRT,279.93,5.46,D
-4.50431,13.42614,348.43,0.35,0.57,2025-03-15,1310,N,nominal,2.0NRT,287.64,4.06,D
-4.00489,16.28755,336.76,0.55,0.68,2025-03-15,1310,N,nominal,2.0NRT,278.97,7.87,D
-4.12194,15.59287,333.27,0.5,0.66,2025-03-15,1310,N,nominal,2.0NRT,279.44,2.63,D
-4.44278,13.66812,329.86,0.36,0.58,2025-03-15,1310,N,nominal,2.0NRT,290.04,2.15,D
-4.00895,16.22495,341.55,0.55,0.68,2025-03-15,1310,N,nominal,2.0NRT,279.79,8.61,D
-4.10838,15.59912,343.25,0.5,0.66,2025-03-15,1310,N,nominal,2.0NRT,280.41,5.34,D
-4.70503,11.98107,338.37,0.55,0.51,2025-03-15,1310,N,nominal,2.0NRT,291.14,5.77,D
-4.12768,15.3751,348.59,0.48,0.65,2025-03-15,1310,N,nominal,2.0NRT,281.41,6.73,D
-4.43295,13.53041,343.07,0.36,0.57,2025-03-15,1310,N,nominal,2.0NRT,290.1,6.94,D
-4.05872,15.63325,344.24,0.5,0.66,2025-03-15,1310,N,nominal,2.0NRT,281.28,6,D
-4.45643,13.07468,338.16,0.33,0.55,2025-03-15,1310,N,nominal,2.0NRT,284.77,3.42,D
-4.36757,13.34223,328.38,0.35,0.56,2025-03-15,1310,N,nominal,2.0NRT,288.85,0.96,D
-4.17595,14.01858,339.41,0.39,0.59,2025-03-15,1310,N,nominal,2.0NRT,287.74,2.92,D
-4.51206,12.05176,342.46,0.56,0.52,2025-03-15,1310,N,nominal,2.0NRT,288.52,2.7,D
-4.51231,12.05303,343.77,0.56,0.52,2025-03-15,1310,N,nominal,2.0NRT,291.31,5.57,D
-4.17591,14.01974,335.56,0.39,0.59,2025-03-15,1310,N,nominal,2.0NRT,287.05,3.82,D
-4.20792,13.4948,342.84,0.36,0.57,2025-03-15,1310,N,nominal,2.0NRT,290.18,4.94,D
-4.52687,11.55041,346.98,0.52,0.5,2025-03-15,1310,N,nominal,2.0NRT,291.46,7.74,D
-4.14496,13.73744,344.49,0.37,0.58,2025-03-15,1310,N,nominal,2.0NRT,289.54,5.27,D
-4.14882,13.61769,347.02,0.36,0.58,2025-03-15,1310,N,nominal,2.0NRT,289.65,5.44,D
-4.52031,11.41959,346.99,0.51,0.49,2025-03-15,1310,N,nominal,2.0NRT,291.11,7.74,D
-4.3823,12.15396,337.15,0.57,0.52,2025-03-15,1310,N,nominal,2.0NRT,292.71,4.23,D
-4.14573,13.61712,337.2,0.36,0.58,2025-03-15,1310,N,nominal,2.0NRT,289.09,5.21,D
-4.41462,11.69225,341.57,0.53,0.5,2025-03-15,1310,N,nominal,2.0NRT,295.12,8.27,D
-4.03559,13.94682,329.13,0.39,0.59,2025-03-15,1310,N,nominal,2.0NRT,289.13,1.18,D
-4.08634,13.57821,336.01,0.36,0.58,2025-03-15,1310,N,nominal,2.0NRT,290.47,1.94,D
-4.08099,13.57742,351.45,0.36,0.58,2025-03-15,1310,N,nominal,2.0NRT,290.79,7.18,D
-4.07774,13.49948,367,0.36,0.57,2025-03-15,1310,N,high,2.0NRT,292.16,11.97,D
-4.07719,13.50273,328.89,0.36,0.57,2025-03-15,1310,N,nominal,2.0NRT,291.41,7.87,D
-4.07245,13.49849,367,0.36,0.57,2025-03-15,1310,N,high,2.0NRT,291.41,8.87,D
-4.18698,12.7907,336.19,0.32,0.55,2025-03-15,1310,N,nominal,2.0NRT,289.97,2.37,D
-4.10913,13.12505,352.39,0.34,0.56,2025-03-15,1310,N,nominal,2.0NRT,292.02,4.84,D
-4.35799,11.65845,333.93,0.53,0.5,2025-03-15,1310,N,nominal,2.0NRT,293.25,2.91,D
-4.35332,11.65775,330.74,0.53,0.5,2025-03-15,1310,N,nominal,2.0NRT,293.44,3.85,D
-4.3557,11.65906,338.69,0.53,0.5,2025-03-15,1310,N,nominal,2.0NRT,293.31,5.12,D
-4.04385,13.51936,330.52,0.36,0.57,2025-03-15,1310,N,nominal,2.0NRT,290.49,2.25,D
-4.1083,13.12508,354.34,0.34,0.56,2025-03-15,1310,N,nominal,2.0NRT,291.92,4.1,D
-4.29175,11.5256,349.78,0.52,0.5,2025-03-15,1310,N,nominal,2.0NRT,294.41,6.81,D
-4.04194,12.98313,336.56,0.33,0.55,2025-03-15,1310,N,nominal,2.0NRT,292.7,2.62,D
-4.03681,12.98231,330.85,0.33,0.55,2025-03-15,1310,N,nominal,2.0NRT,292.22,2.62,D
-4.03964,12.98371,367,0.33,0.55,2025-03-15,1310,N,high,2.0NRT,293.98,8.62,D
-5.10344,39.02144,309.35,0.5,0.41,2025-03-15,2231,N,nominal,2.0NRT,294.48,1.57,N
-6.03278,38.6768,309.14,0.51,0.41,2025-03-15,2231,N,nominal,2.0NRT,291.76,2.87,N
-13.3408,35.28193,297.74,0.42,0.45,2025-03-15,2233,N,nominal,2.0NRT,287.32,0.39,N
-14.61338,40.68613,306.45,0.38,0.36,2025-03-15,2233,N,nominal,2.0NRT,290.99,0.34,N
-14.48763,28.46292,301.58,0.56,0.69,2025-03-15,2233,N,nominal,2.0NRT,283.63,1.1,N
-14.49392,28.46139,299.06,0.56,0.69,2025-03-15,2233,N,nominal,2.0NRT,282.93,0.87,N
-15.89213,33.03103,319.65,0.53,0.5,2025-03-15,2233,N,nominal,2.0NRT,287,3.84,N
-15.88937,33.02994,304.45,0.53,0.5,2025-03-15,2233,N,nominal,2.0NRT,286.58,1.75,N
-15.89402,33.02907,309.81,0.53,0.5,2025-03-15,2233,N,nominal,2.0NRT,285.86,1.75,N
-16.13493,33.73215,304.74,0.47,0.48,2025-03-15,2233,N,nominal,2.0NRT,288.13,1.43,N
-16.16696,33.80394,304.71,0.47,0.48,2025-03-15,2233,N,nominal,2.0NRT,287.93,0.84,N
-16.19195,33.83976,308.25,0.47,0.47,2025-03-15,2233,N,nominal,2.0NRT,288.19,1.35,N
-16.1963,33.8388,305.38,0.47,0.47,2025-03-15,2233,N,nominal,2.0NRT,287.81,1.35,N
-18.35826,26.65904,306.7,0.6,0.71,2025-03-15,2235,N,nominal,2.0NRT,287.88,1.43,N
-18.36268,26.65638,306.97,0.6,0.71,2025-03-15,2235,N,nominal,2.0NRT,287.73,0.76,N
-18.36404,26.66222,302.56,0.6,0.71,2025-03-15,2235,N,nominal,2.0NRT,287.9,0.76,N
-18.36885,26.47434,317.37,0.62,0.71,2025-03-15,2235,N,nominal,2.0NRT,289.08,4.2,N
-18.36993,26.44891,319.07,0.62,0.72,2025-03-15,2235,N,nominal,2.0NRT,288.55,3.94,N
-18.36646,26.44986,304.69,0.62,0.72,2025-03-15,2235,N,nominal,2.0NRT,288.08,2.36,N
-24.48474,33.95847,300.72,0.51,0.41,2025-03-15,2235,N,nominal,2.0NRT,289.94,0.53,N
-24.81524,30.11898,321.04,0.55,0.51,2025-03-15,2235,N,nominal,2.0NRT,286.98,4.59,N
-25.65866,27.83762,314.99,0.36,0.57,2025-03-15,2237,N,nominal,2.0NRT,282.75,1.85,N
-25.66391,27.83618,314.1,0.36,0.57,2025-03-15,2237,N,nominal,2.0NRT,284.29,2.05,N
-18.37309,26.44842,318.63,0.62,0.72,2025-03-15,2235,N,nominal,2.0NRT,288.33,2.36,N
-25.66161,27.83786,327.03,0.36,0.57,2025-03-15,2237,N,nominal,2.0NRT,284.38,3.03,N
-18.41108,26.49144,303.76,0.62,0.71,2025-03-15,2235,N,nominal,2.0NRT,286.95,0.7,N
-25.72587,27.60602,301.94,0.37,0.58,2025-03-15,2237,N,nominal,2.0NRT,284.64,2.56,N
-18.42974,26.51179,302.2,0.61,0.71,2025-03-15,2235,N,nominal,2.0NRT,287.04,1.29,N
-25.72673,27.6098,309.05,0.37,0.58,2025-03-15,2237,N,nominal,2.0NRT,285.54,1.97,N
-18.4322,26.52229,301.6,0.61,0.71,2025-03-15,2235,N,nominal,2.0NRT,287.2,1.42,N
-25.72277,27.60775,305.29,0.37,0.58,2025-03-15,2237,N,nominal,2.0NRT,284.56,2.17,N
-18.4422,26.47606,308.65,0.62,0.71,2025-03-15,2235,N,nominal,2.0NRT,287.7,1.59,N
-25.72365,27.6115,297.06,0.37,0.58,2025-03-15,2237,N,nominal,2.0NRT,284.84,1.44,N
-25.72896,27.61002,297.37,0.37,0.58,2025-03-15,2237,N,nominal,2.0NRT,284.93,1.57,N
-26.80421,27.8556,299.27,0.34,0.56,2025-03-15,2237,N,nominal,2.0NRT,285.85,1.33,N
-26.82229,27.83953,305.58,0.34,0.56,2025-03-15,2237,N,nominal,2.0NRT,285.51,1.07,N
-32.31942,19.12224,316.06,0.53,0.5,2025-03-16,0020,N,nominal,2.0NRT,287.16,1.21,N
-32.32541,19.13529,302.89,0.53,0.5,2025-03-16,0020,N,nominal,2.0NRT,284.32,1.04,N
-32.33016,19.13527,300.96,0.53,0.5,2025-03-16,0020,N,nominal,2.0NRT,280.25,1.04,N
-32.33076,19.14161,298.47,0.53,0.5,2025-03-16,0020,N,nominal,2.0NRT,282.47,1.04,N
-32.32124,19.12165,312.82,0.53,0.5,2025-03-16,0020,N,nominal,2.0NRT,286.39,3.54,N
-32.3277,19.14142,322.07,0.53,0.5,2025-03-16,0020,N,nominal,2.0NRT,284.83,1.95,N
-32.33078,19.12233,298.58,0.53,0.5,2025-03-16,0020,N,nominal,2.0NRT,287.62,1.53,N
-4.27786,16.69657,305.81,0.39,0.36,2025-03-16,0011,N,nominal,2.0NRT,266.39,0.99,N
-4.52658,11.54885,341.37,0.46,0.47,2025-03-16,0011,N,nominal,2.0NRT,287.54,7.82,N
-4.51775,11.41708,339.86,0.47,0.48,2025-03-16,0011,N,nominal,2.0NRT,287.3,3.97,N
-4.52214,11.41635,328.01,0.47,0.48,2025-03-16,0011,N,nominal,2.0NRT,287.08,3.97,N
-6.85631,12.39018,321.56,0.56,0.43,2025-03-16,0013,N,nominal,2.0NRT,267.12,4.3,N
-6.85716,12.39526,316.95,0.56,0.43,2025-03-16,0013,N,nominal,2.0NRT,269.07,3.51,N
-7.84382,12.11009,298.43,0.57,0.43,2025-03-16,0013,N,nominal,2.0NRT,273.34,0.86,N
-7.8478,12.10941,303.95,0.57,0.43,2025-03-16,0013,N,nominal,2.0NRT,272.93,0.86,N
-7.84635,12.11206,303.27,0.56,0.43,2025-03-16,0013,N,nominal,2.0NRT,273.31,1.34,N
-9.10796,13.70002,303.21,0.45,0.39,2025-03-16,0013,N,nominal,2.0NRT,290.17,0.81,N
-10.13381,13.65283,309.61,0.44,0.38,2025-03-16,0013,N,nominal,2.0NRT,290.95,0.85,N
-18.36055,26.65696,314,0.55,0.68,2025-03-16,0016,N,nominal,2.0NRT,287.75,1.35,N
-18.36106,26.6622,310.88,0.55,0.68,2025-03-16,0016,N,nominal,2.0NRT,287.72,1.35,N
-18.36206,26.65665,312.69,0.55,0.68,2025-03-16,0016,N,nominal,2.0NRT,287.91,2.19,N
-18.36255,26.66196,307.97,0.55,0.68,2025-03-16,0016,N,nominal,2.0NRT,287.66,1.58,N
-18.36455,26.47533,314.9,0.53,0.67,2025-03-16,0016,N,nominal,2.0NRT,288.64,3.07,N
-18.36839,26.44841,302.72,0.53,0.67,2025-03-16,0016,N,nominal,2.0NRT,287.96,1.46,N
-18.37082,26.47441,316.83,0.53,0.67,2025-03-16,0016,N,nominal,2.0NRT,287.95,3.07,N
-18.3713,26.47956,301.96,0.53,0.67,2025-03-16,0016,N,nominal,2.0NRT,287.19,2.9,N
-18.4313,26.50747,314.43,0.53,0.67,2025-03-16,0016,N,nominal,2.0NRT,287.34,2.88,N
-18.43824,26.51323,301.36,0.54,0.67,2025-03-16,0016,N,nominal,2.0NRT,287.18,2.13,N
-18.44099,26.47599,306.97,0.53,0.67,2025-03-16,0016,N,nominal,2.0NRT,287.24,2.11,N
-18.42831,26.50957,317.97,0.54,0.68,2025-03-16,0016,N,nominal,2.0NRT,287.83,2.81,N
-18.44104,26.50931,303.57,0.54,0.68,2025-03-16,0016,N,nominal,2.0NRT,287.2,1.35,N
-24.18916,17.09821,304.43,0.5,0.41,2025-03-16,0018,N,nominal,2.0NRT,291.46,0.21,N
-24.1067,47.41086,333.02,0.55,0.51,2025-03-16,1104,N,nominal,2.0NRT,291.78,3.33,D
-24.10202,47.40969,330.74,0.55,0.51,2025-03-16,1104,N,nominal,2.0NRT,291.43,3.84,D
-26.15883,32.5166,331.13,0.5,0.49,2025-03-16,1104,N,nominal,2.0NRT,293.2,4.13,D
-24.81765,30.11919,340.04,0.34,0.56,2025-03-16,1104,N,nominal,2.0NRT,292.99,5.1,D
-24.81733,30.11834,342.86,0.34,0.56,2025-03-16,1104,N,nominal,2.0NRT,294.06,4.47,D
-22.12863,46.73725,337.18,0.54,0.51,2025-03-16,1104,N,nominal,2.0NRT,296.06,5.46,D
-21.19492,46.54471,331.01,0.55,0.51,2025-03-16,1104,N,nominal,2.0NRT,295.1,4.87,D
-20.97443,46.65483,331.26,0.57,0.52,2025-03-16,1104,N,nominal,2.0NRT,296.83,2.69,D
-21.36404,44.26698,342.79,0.4,0.44,2025-03-16,1104,N,nominal,2.0NRT,297.32,8.53,D
-20.32518,46.07887,333.25,0.54,0.51,2025-03-16,1104,N,nominal,2.0NRT,296.3,4.09,D
-19.53947,46.34117,332.73,0.58,0.52,2025-03-16,1104,N,nominal,2.0NRT,293.35,4.65,D
-19.03344,48.08818,336.35,0.38,0.59,2025-03-16,1104,N,nominal,2.0NRT,290.87,6.8,D
-17.68837,47.07501,334.77,0.35,0.57,2025-03-16,1104,N,nominal,2.0NRT,287.99,1.53,D
-18.44359,26.47569,330.43,0.49,0.65,2025-03-16,1106,N,nominal,2.0NRT,297.73,6.99,D
-18.44276,26.47714,330.02,0.49,0.65,2025-03-16,1106,N,nominal,2.0NRT,296.63,6.14,D
-18.37153,26.44971,335.44,0.49,0.65,2025-03-16,1106,N,nominal,2.0NRT,298.09,8.41,D
-17.30011,24.13898,337.89,0.67,0.74,2025-03-16,1106,N,nominal,2.0NRT,283.45,11.14,D
-15.89482,33.03157,342.13,0.52,0.42,2025-03-16,1106,N,nominal,2.0NRT,296.27,10.92,D
-7.97005,39.10563,327.08,0.48,0.4,2025-03-16,1108,N,nominal,2.0NRT,280.42,1.94,D
-6.33516,39.475,334.28,0.53,0.42,2025-03-16,1108,N,nominal,2.0NRT,298.39,4.06,D
-6.20031,39.44523,336.72,0.53,0.42,2025-03-16,1108,N,nominal,2.0NRT,301.75,49.14,D
-6.19265,39.39466,330.31,0.53,0.42,2025-03-16,1108,N,low,2.0NRT,300.62,2.21,D
-6.13999,39.39374,334.62,0.53,0.42,2025-03-16,1108,N,nominal,2.0NRT,299.62,3.44,D
-6.13613,39.39312,336,0.53,0.42,2025-03-16,1108,N,nominal,2.0NRT,299.49,3.44,D
-6.12066,39.41539,334.58,0.53,0.42,2025-03-16,1108,N,nominal,2.0NRT,299.58,7.96,D
-6.03589,37.88732,333.98,0.45,0.39,2025-03-16,1108,N,nominal,2.0NRT,287.38,3.76,D
-5.83682,38.62959,337.27,0.49,0.4,2025-03-16,1108,N,nominal,2.0NRT,297.79,3.53,D
-5.86142,38.23558,336.59,0.46,0.39,2025-03-16,1108,N,nominal,2.0NRT,299.99,6.61,D
-5.73062,38.69198,335.95,0.49,0.4,2025-03-16,1108,N,nominal,2.0NRT,300.31,4.16,D
-5.72117,38.63058,344.25,0.49,0.4,2025-03-16,1108,N,nominal,2.0NRT,296.41,13.06,D
-5.75405,38.35028,335.69,0.47,0.4,2025-03-16,1108,N,nominal,2.0NRT,298.8,4.38,D
-5.6691,38.62237,337.59,0.49,0.4,2025-03-16,1108,N,nominal,2.0NRT,300.54,6.68,D
-5.67282,38.43462,339.96,0.48,0.4,2025-03-16,1108,N,nominal,2.0NRT,300.66,9.04,D
-5.68678,38.34832,335.31,0.47,0.4,2025-03-16,1108,N,nominal,2.0NRT,298.82,3.86,D
-5.6738,38.43567,341.91,0.48,0.4,2025-03-16,1108,N,nominal,2.0NRT,301.68,9.8,D
-5.68724,38.34921,333.81,0.47,0.4,2025-03-16,1108,N,nominal,2.0NRT,299.39,3.24,D
-5.62562,38.59837,337.74,0.49,0.4,2025-03-16,1108,N,nominal,2.0NRT,299.5,2.89,D
-5.64135,38.42603,339.98,0.48,0.4,2025-03-16,1108,N,nominal,2.0NRT,297.63,12.07,D
-5.64853,38.35656,340.53,0.47,0.4,2025-03-16,1108,N,nominal,2.0NRT,301.64,7.22,D
-5.55428,38.83086,337.03,0.5,0.41,2025-03-16,1108,N,nominal,2.0NRT,302.19,5.66,D
-5.50673,38.7181,331.65,0.5,0.41,2025-03-16,1108,N,low,2.0NRT,303.09,3.07,D
-5.44486,38.88974,336.49,0.51,0.41,2025-03-16,1108,N,nominal,2.0NRT,299.92,4.28,D
-5.537,38.19057,337.6,0.47,0.39,2025-03-16,1108,N,nominal,2.0NRT,298.33,2.98,D
-5.51755,38.26584,342.68,0.47,0.4,2025-03-16,1108,N,nominal,2.0NRT,298.4,7.59,D
-5.37587,38.66687,333.26,0.49,0.41,2025-03-16,1108,N,nominal,2.0NRT,300.13,4.87,D
-5.33395,38.64111,341.05,0.49,0.41,2025-03-16,1108,N,nominal,2.0NRT,299.44,4.76,D
-5.23312,38.91206,339.64,0.51,0.41,2025-03-16,1108,N,nominal,2.0NRT,301.4,5.17,D
-5.19781,39.06019,337.59,0.52,0.42,2025-03-16,1108,N,nominal,2.0NRT,301.44,3.19,D
-5.23133,38.84979,332.2,0.51,0.41,2025-03-16,1108,N,nominal,2.0NRT,302.15,4.02,D
-5.18615,38.9858,332.1,0.52,0.41,2025-03-16,1108,N,low,2.0NRT,302.47,1.09,D
-7.29632,24.3659,331.85,0.49,0.65,2025-03-16,1108,N,nominal,2.0NRT,285.56,3.16,D
-5.12012,38.99148,336.14,0.52,0.41,2025-03-16,1108,N,nominal,2.0NRT,302.71,4.07,D
-5.06423,39.02154,335.52,0.52,0.42,2025-03-16,1108,N,nominal,2.0NRT,301.3,1.72,D
-4.97273,39.09149,336.19,0.53,0.42,2025-03-16,1108,N,nominal,2.0NRT,300.37,2.09,D
-4.96887,39.09087,331.64,0.53,0.42,2025-03-16,1108,N,nominal,2.0NRT,300.63,3.79,D
-4.93804,39.06128,341.02,0.53,0.42,2025-03-16,1110,N,nominal,2.0NRT,299.89,5.57,D
-4.70786,38.84123,338.24,0.52,0.41,2025-03-16,1110,N,nominal,2.0NRT,303.47,5.75,D
-4.70859,38.83659,331.66,0.52,0.41,2025-03-16,1110,N,low,2.0NRT,301.69,4.23,D
-4.6055,39.3355,338.91,0.55,0.43,2025-03-16,1110,N,nominal,2.0NRT,303.67,15.32,D
-4.53076,39.42163,337.24,0.56,0.43,2025-03-16,1110,N,nominal,2.0NRT,303.7,8.02,D
-4.56701,39.28032,340.63,0.55,0.43,2025-03-16,1110,N,nominal,2.0NRT,305.78,10,D
-4.52925,39.41821,347.54,0.56,0.43,2025-03-16,1110,N,nominal,2.0NRT,303.58,9.95,D
-4.45465,39.42701,341.67,0.56,0.43,2025-03-16,1110,N,nominal,2.0NRT,305.08,11.23,D
-4.42896,39.45965,338.79,0.56,0.43,2025-03-16,1110,N,nominal,2.0NRT,303.91,3.35,D
-4.36832,39.31712,349.17,0.55,0.43,2025-03-16,1110,N,nominal,2.0NRT,307.05,18.24,D
-4.32355,39.39278,332.47,0.56,0.43,2025-03-16,1110,N,nominal,2.0NRT,300.66,2.74,D
-4.31959,39.39215,331.93,0.56,0.43,2025-03-16,1110,N,nominal,2.0NRT,300.9,2.74,D
-4.32221,39.38963,335.83,0.56,0.43,2025-03-16,1110,N,nominal,2.0NRT,300.94,4.01,D
-6.47345,22.72654,342.71,0.61,0.71,2025-03-16,1110,N,nominal,2.0NRT,286.74,11.84,D
-6.43518,22.76153,345.68,0.61,0.71,2025-03-16,1110,N,nominal,2.0NRT,288.3,16.22,D
-6.43756,22.75967,331.48,0.61,0.71,2025-03-16,1110,N,nominal,2.0NRT,287.5,8.25,D
-6.4309,22.7591,334.52,0.61,0.71,2025-03-16,1110,N,nominal,2.0NRT,287.44,8.25,D
-5.38581,23.84362,331.26,0.5,0.66,2025-03-16,1110,N,nominal,2.0NRT,288.12,5.07,D
-4.31043,25.72152,330.28,0.36,0.57,2025-03-16,1110,N,nominal,2.0NRT,280.87,7.05,D
-4.31091,25.71827,335.22,0.36,0.57,2025-03-16,1110,N,nominal,2.0NRT,280.61,5.97,D
-4.81188,20.84226,326.48,0.78,0.78,2025-03-16,1110,N,nominal,2.0NRT,283.77,4.45,D
-4.81022,20.84155,330.61,0.78,0.78,2025-03-16,1110,N,nominal,2.0NRT,283.66,6.18,D
-33.42985,19.21321,336.81,0.42,0.38,2025-03-16,1242,N,nominal,2.0NRT,304.68,4.11,D
-32.34167,19.17088,337.49,0.43,0.38,2025-03-16,1242,N,nominal,2.0NRT,303.85,8.82,D
-32.34499,19.1524,334.9,0.43,0.38,2025-03-16,1242,N,nominal,2.0NRT,301.13,7.53,D
-32.33813,19.17022,337.29,0.43,0.38,2025-03-16,1242,N,nominal,2.0NRT,300.01,8.82,D
-32.33897,19.16559,352.83,0.43,0.38,2025-03-16,1242,N,nominal,2.0NRT,302.45,8.82,D
-32.34061,19.15642,353.77,0.43,0.38,2025-03-16,1242,N,nominal,2.0NRT,303.96,14.5,D
-32.34143,19.15186,349.71,0.43,0.38,2025-03-16,1242,N,nominal,2.0NRT,306.34,7.53,D
-32.34224,19.14733,330.89,0.43,0.38,2025-03-16,1242,N,nominal,2.0NRT,299.07,7.53,D
-32.34304,19.14286,345.22,0.43,0.38,2025-03-16,1242,N,nominal,2.0NRT,301.04,3.7,D
-32.34249,19.17239,337.61,0.43,0.38,2025-03-16,1242,N,nominal,2.0NRT,301.09,9.89,D
-32.33896,19.1717,349.74,0.43,0.38,2025-03-16,1242,N,nominal,2.0NRT,300.33,9.89,D
-32.33978,19.16704,346.3,0.43,0.38,2025-03-16,1242,N,nominal,2.0NRT,300.78,9.89,D
-32.34139,19.15781,345.48,0.43,0.38,2025-03-16,1242,N,nominal,2.0NRT,301.93,7.4,D
-32.34219,19.15325,353.96,0.43,0.38,2025-03-16,1242,N,nominal,2.0NRT,307.52,27.76,D
-32.34023,19.14363,367,0.43,0.38,2025-03-16,1242,N,high,2.0NRT,311.04,12.34,D
-32.33461,19.17567,339.73,0.43,0.38,2025-03-16,1242,N,nominal,2.0NRT,300.78,5.35,D
-32.33541,19.17107,334.49,0.43,0.38,2025-03-16,1242,N,nominal,2.0NRT,300.96,6.84,D
-32.33623,19.16645,346.19,0.43,0.38,2025-03-16,1242,N,nominal,2.0NRT,303.69,6.84,D
-32.33704,19.16184,349.59,0.43,0.38,2025-03-16,1242,N,nominal,2.0NRT,304.62,4.78,D
-32.33863,19.15273,333.09,0.43,0.38,2025-03-16,1242,N,low,2.0NRT,304.12,16.94,D
-32.33943,19.14816,340.24,0.43,0.38,2025-03-16,1242,N,nominal,2.0NRT,307.51,16.94,D
-32.34102,19.13913,347.68,0.43,0.38,2025-03-16,1242,N,nominal,2.0NRT,304.68,12.34,D
-32.33187,19.17047,343.16,0.43,0.38,2025-03-16,1242,N,nominal,2.0NRT,304.73,6.84,D
-32.33348,19.16129,337.29,0.43,0.38,2025-03-16,1242,N,nominal,2.0NRT,304.73,4.78,D
-32.33427,19.15678,332.49,0.43,0.38,2025-03-16,1242,N,low,2.0NRT,305.15,4.78,D
-32.33669,19.143,337.99,0.43,0.38,2025-03-16,1242,N,nominal,2.0NRT,305.61,12.34,D
-32.3375,19.13841,348.95,0.43,0.38,2025-03-16,1242,N,nominal,2.0NRT,305.99,12.34,D
-32.33831,19.13379,342.64,0.43,0.38,2025-03-16,1242,N,nominal,2.0NRT,303.88,8.65,D
-32.34134,19.11654,349.55,0.43,0.38,2025-03-16,1242,N,nominal,2.0NRT,300.17,4.92,D
-32.32913,19.16528,345.62,0.43,0.38,2025-03-16,1242,N,nominal,2.0NRT,305.94,11.62,D
-32.32993,19.16075,342.5,0.43,0.38,2025-03-16,1242,N,nominal,2.0NRT,304.93,11.88,D
-32.3348,19.13297,335.31,0.43,0.38,2025-03-16,1242,N,nominal,2.0NRT,304.05,5.53,D
-32.33788,19.11549,333.56,0.43,0.38,2025-03-16,1242,N,nominal,2.0NRT,297.32,5.82,D
-32.33863,19.11121,347.09,0.43,0.38,2025-03-16,1242,N,nominal,2.0NRT,301.06,5.82,D
-32.33517,19.11014,337.23,0.43,0.38,2025-03-16,1242,N,nominal,2.0NRT,300.99,5.82,D
-32.32205,19.16402,347.97,0.43,0.38,2025-03-16,1242,N,nominal,2.0NRT,311.05,26.45,D
-32.32283,19.15954,352.5,0.43,0.38,2025-03-16,1242,N,nominal,2.0NRT,310.48,9.3,D
-32.32364,19.15497,344.38,0.43,0.38,2025-03-16,1242,N,nominal,2.0NRT,305.18,9.3,D
-32.31773,19.16778,344.44,0.43,0.38,2025-03-16,1242,N,nominal,2.0NRT,306.89,26.45,D
-32.3185,19.1634,350.88,0.43,0.38,2025-03-16,1242,N,nominal,2.0NRT,309.72,26.45,D
-32.31931,19.15882,345.59,0.43,0.38,2025-03-16,1242,N,nominal,2.0NRT,301.07,9.3,D
-32.32013,19.15419,339.62,0.43,0.38,2025-03-16,1242,N,nominal,2.0NRT,304.39,9.3,D
-32.32096,19.14944,340.44,0.43,0.38,2025-03-16,1242,N,nominal,2.0NRT,307.11,6.58,D
-32.32181,19.14458,340.11,0.43,0.38,2025-03-16,1242,N,nominal,2.0NRT,304.89,6.58,D
-32.3158,19.15797,337.97,0.43,0.38,2025-03-16,1242,N,nominal,2.0NRT,302.12,19.92,D
-32.31664,19.1532,352.39,0.43,0.38,2025-03-16,1242,N,nominal,2.0NRT,308.89,19.92,D
-32.31749,19.14839,354.89,0.43,0.38,2025-03-16,1242,N,nominal,2.0NRT,301.73,12.21,D
-32.31834,19.14353,355.72,0.43,0.38,2025-03-16,1242,N,nominal,2.0NRT,301.62,12.21,D
-17.7738,15.66571,336.89,0.46,0.39,2025-03-16,1246,N,nominal,2.0NRT,299.92,6.09,D
-10.7745,15.35045,343.89,0.55,0.42,2025-03-16,1249,N,nominal,2.0NRT,300.78,10.13,D
-10.77534,15.34552,333.73,0.54,0.42,2025-03-16,1249,N,nominal,2.0NRT,290.05,2.69,D
-10.7706,15.34975,339.35,0.55,0.42,2025-03-16,1249,N,nominal,2.0NRT,301.56,13.68,D
-10.77516,15.34772,343.91,0.55,0.42,2025-03-16,1249,N,nominal,2.0NRT,296.3,11.66,D
-9.84392,16.47498,343.44,0.44,0.46,2025-03-16,1251,N,nominal,2.0NRT,293.98,7,D
-9.83355,16.31367,329.84,0.43,0.46,2025-03-16,1251,N,nominal,2.0NRT,295.14,2.23,D
-10.12535,13.67635,335.17,0.45,0.39,2025-03-16,1251,N,nominal,2.0NRT,296.97,2.74,D
-10.12242,13.67161,336.77,0.45,0.39,2025-03-16,1251,N,nominal,2.0NRT,297.04,3.07,D
-9.43086,17.46243,348.46,0.52,0.5,2025-03-16,1251,N,nominal,2.0NRT,292.33,9.13,D
-9.43172,17.46362,340.63,0.52,0.5,2025-03-16,1251,N,nominal,2.0NRT,292.73,8.64,D
-9.43253,17.4589,331.11,0.52,0.5,2025-03-16,1251,N,nominal,2.0NRT,291.05,6.29,D
-9.38161,17.47971,328.54,0.52,0.5,2025-03-16,1251,N,nominal,2.0NRT,294.86,3.55,D
-9.8351,14.46034,341.99,0.5,0.41,2025-03-16,1251,N,nominal,2.0NRT,297.23,7.03,D
-9.83586,14.4558,335.79,0.5,0.41,2025-03-16,1251,N,nominal,2.0NRT,297.98,4.97,D
-9.83546,14.45797,348.11,0.5,0.41,2025-03-16,1251,N,nominal,2.0NRT,297.93,8.8,D
-9.69062,15.17543,332.29,0.55,0.43,2025-03-16,1251,N,nominal,2.0NRT,296.72,3.98,D
-9.72233,14.46305,336.7,0.5,0.41,2025-03-16,1251,N,nominal,2.0NRT,298.51,11.72,D
-9.72268,14.46431,347.09,0.5,0.41,2025-03-16,1251,N,nominal,2.0NRT,298.6,11.23,D
-9.38234,16.11964,341.41,0.42,0.46,2025-03-16,1251,N,nominal,2.0NRT,290.62,5.19,D
-9.37815,16.11889,348.24,0.42,0.46,2025-03-16,1251,N,nominal,2.0NRT,289.66,5.19,D
-9.03817,17.40141,332.92,0.52,0.5,2025-03-16,1251,N,nominal,2.0NRT,287.37,5.11,D
-9.36516,15.31589,345.79,0.57,0.43,2025-03-16,1251,N,nominal,2.0NRT,297.82,10.8,D
-9.35769,15.33551,330.74,0.57,0.43,2025-03-16,1251,N,low,2.0NRT,300.92,3.84,D
-9.3644,15.31286,335.52,0.57,0.43,2025-03-16,1251,N,nominal,2.0NRT,299.27,8.74,D
-9.2644,15.32179,340.49,0.57,0.43,2025-03-16,1251,N,nominal,2.0NRT,296.01,9.69,D
-9.26654,15.32478,333.64,0.57,0.43,2025-03-16,1251,N,nominal,2.0NRT,295.57,6.82,D
-8.53597,19.37072,353.09,0.36,0.57,2025-03-16,1251,N,nominal,2.0NRT,291.38,9.18,D
-8.53656,19.36741,337.61,0.36,0.57,2025-03-16,1251,N,nominal,2.0NRT,293.21,7.77,D
-8.68505,18.49424,329.88,0.62,0.54,2025-03-16,1251,N,nominal,2.0NRT,294.27,4.41,D
-8.58143,18.6119,348.96,0.32,0.54,2025-03-16,1251,N,nominal,2.0NRT,297.54,5.81,D
-8.57479,18.61983,343.15,0.32,0.54,2025-03-16,1251,N,nominal,2.0NRT,299.13,3.64,D
-8.57532,18.61691,332.06,0.32,0.54,2025-03-16,1251,N,nominal,2.0NRT,299.39,3.64,D
-8.57639,18.61104,349.28,0.32,0.54,2025-03-16,1251,N,nominal,2.0NRT,296.4,5.81,D
-8.58284,18.61338,339.73,0.32,0.54,2025-03-16,1251,N,nominal,2.0NRT,297.66,3.26,D
-8.5778,18.61253,347.24,0.32,0.54,2025-03-16,1251,N,nominal,2.0NRT,299.73,3.69,D
-8.57831,18.60955,339.81,0.32,0.54,2025-03-16,1251,N,nominal,2.0NRT,295.41,3.69,D
-8.57175,18.61748,340.17,0.32,0.55,2025-03-16,1251,N,nominal,2.0NRT,294.7,7.33,D
-8.56576,18.07507,332.2,0.59,0.53,2025-03-16,1251,N,nominal,2.0NRT,292.4,5.48,D
-8.56725,18.07851,333,0.59,0.53,2025-03-16,1251,N,nominal,2.0NRT,293.39,3.86,D
-8.89317,15.54539,330.32,0.4,0.44,2025-03-16,1251,N,nominal,2.0NRT,295.97,2.8,D
-8.89038,15.54381,339.74,0.4,0.44,2025-03-16,1251,N,nominal,2.0NRT,296.24,5.04,D
-8.30996,18.44122,340.21,0.63,0.54,2025-03-16,1251,N,nominal,2.0NRT,293.66,10.82,D
-8.82987,15.25375,342.33,0.38,0.43,2025-03-16,1251,N,nominal,2.0NRT,297.11,5.46,D
-8.81788,15.25157,350.87,0.38,0.43,2025-03-16,1251,N,nominal,2.0NRT,297.62,7.7,D
-8.81847,15.248,335.46,0.38,0.43,2025-03-16,1251,N,nominal,2.0NRT,297.14,7.7,D
-8.81388,15.25087,340.36,0.38,0.43,2025-03-16,1251,N,nominal,2.0NRT,296.29,4.68,D
-8.77433,15.26573,332.77,0.38,0.43,2025-03-16,1251,N,nominal,2.0NRT,296.48,3.38,D
-8.581,16.03176,334.46,0.43,0.46,2025-03-16,1251,N,nominal,2.0NRT,298.66,2.37,D
-8.67326,15.34918,343.09,0.39,0.44,2025-03-16,1251,N,nominal,2.0NRT,297.23,5.43,D
-8.61432,15.52676,337.45,0.4,0.44,2025-03-16,1251,N,nominal,2.0NRT,300.54,4.22,D
-8.65263,15.24968,339.86,0.38,0.44,2025-03-16,1251,N,nominal,2.0NRT,295.98,3.19,D
-8.64861,15.24902,339.5,0.38,0.44,2025-03-16,1251,N,nominal,2.0NRT,294.37,7.94,D
-8.6492,15.24554,356.16,0.38,0.44,2025-03-16,1251,N,nominal,2.0NRT,297.28,11.71,D
-8.69069,14.9987,341.92,0.56,0.43,2025-03-16,1251,N,nominal,2.0NRT,297.72,8,D
-8.58516,15.57458,331.53,0.4,0.44,2025-03-16,1251,N,nominal,2.0NRT,297.59,2.16,D
-8.52954,15.87529,332.35,0.42,0.45,2025-03-16,1251,N,nominal,2.0NRT,297.98,3.41,D
-8.61856,15.02545,335.32,0.56,0.43,2025-03-16,1251,N,nominal,2.0NRT,294.68,6.67,D
-8.11618,17.87963,331.52,0.58,0.52,2025-03-16,1251,N,nominal,2.0NRT,293.94,7.13,D
-8.11226,17.87355,329.07,0.58,0.52,2025-03-16,1251,N,nominal,2.0NRT,293.06,4.64,D
-8.39881,16.0823,335.22,0.44,0.46,2025-03-16,1251,N,nominal,2.0NRT,294.1,1.92,D
-8.51515,15.39801,339.69,0.39,0.44,2025-03-16,1251,N,nominal,2.0NRT,295.57,4.26,D
-8.51574,15.39448,330.71,0.39,0.44,2025-03-16,1251,N,nominal,2.0NRT,295.97,3.15,D
-8.43571,15.81575,339.14,0.42,0.45,2025-03-16,1251,N,nominal,2.0NRT,296.3,6.76,D
-8.22535,15.70546,329.8,0.42,0.45,2025-03-16,1251,N,nominal,2.0NRT,296.15,1.39,D
-8.34875,14.9553,336.95,0.56,0.43,2025-03-16,1251,N,nominal,2.0NRT,297.47,3.83,D
-8.22462,15.70472,334.09,0.42,0.45,2025-03-16,1251,N,nominal,2.0NRT,296.03,3.06,D
-8.48783,13.79303,344.44,0.48,0.4,2025-03-16,1251,N,nominal,2.0NRT,296.99,5.49,D
-8.03607,15.85216,344.62,0.43,0.46,2025-03-16,1251,N,nominal,2.0NRT,296.86,14.86,D
-8.39958,13.50632,332.83,0.47,0.39,2025-03-16,1251,N,nominal,2.0NRT,298.42,1.84,D
-8.07702,15.35649,335.48,0.4,0.44,2025-03-16,1251,N,nominal,2.0NRT,291.87,2.96,D
-8.27427,14.03793,331.11,0.5,0.41,2025-03-16,1251,N,nominal,2.0NRT,297.16,10.91,D
-8.27409,14.039,345.84,0.5,0.41,2025-03-16,1251,N,nominal,2.0NRT,296.99,12.01,D
-6.77106,22.71824,331.9,0.64,0.72,2025-03-16,1251,N,nominal,2.0NRT,286.69,5.12,D
-8.22806,13.36745,335.45,0.46,0.39,2025-03-16,1251,N,nominal,2.0NRT,296.37,4.7,D
-6.52776,22.77857,341.51,0.65,0.73,2025-03-16,1251,N,nominal,2.0NRT,284.74,9.86,D
-7.84761,15.38466,332.65,0.4,0.44,2025-03-16,1251,N,nominal,2.0NRT,292.13,2.8,D
-7.84534,15.38344,333.18,0.4,0.44,2025-03-16,1251,N,nominal,2.0NRT,291.13,2.85,D
-7.89547,14.7,343.43,0.55,0.43,2025-03-16,1251,N,nominal,2.0NRT,293.58,10.5,D
-7.73164,15.58316,329.43,0.42,0.45,2025-03-16,1251,N,nominal,2.0NRT,292.31,3.87,D
-7.72749,15.58244,329.83,0.42,0.45,2025-03-16,1251,N,nominal,2.0NRT,291.44,3.83,D
-7.51513,16.79959,331.03,0.5,0.49,2025-03-16,1251,N,nominal,2.0NRT,285.24,2.01,D
-6.43275,22.74727,328.55,0.65,0.73,2025-03-16,1251,N,nominal,2.0NRT,283.12,9.16,D
-6.33238,22.64841,328.51,0.65,0.73,2025-03-16,1251,N,nominal,2.0NRT,287.22,4.38,D
-6.27003,22.82822,344.81,0.67,0.73,2025-03-16,1251,N,nominal,2.0NRT,284.57,10.44,D
-6.28203,22.61128,329.51,0.64,0.72,2025-03-16,1251,N,nominal,2.0NRT,286.21,10.34,D
-7.55495,15.39959,340.3,0.41,0.45,2025-03-16,1251,N,nominal,2.0NRT,294.33,4.49,D
-6.22346,22.7303,335.24,0.66,0.73,2025-03-16,1251,N,nominal,2.0NRT,284.97,5.81,D
-7.83358,13.15292,332.98,0.46,0.39,2025-03-16,1251,N,nominal,2.0NRT,296.01,6.32,D
-7.37875,15.88304,343.39,0.44,0.46,2025-03-16,1251,N,nominal,2.0NRT,292.64,3.43,D
-6.81865,19.11426,339.91,0.37,0.58,2025-03-16,1251,N,nominal,2.0NRT,285.65,5.08,D
-7.41969,15.30871,329.98,0.4,0.45,2025-03-16,1251,N,nominal,2.0NRT,293.8,3.04,D
-7.38108,15.50561,334.58,0.42,0.45,2025-03-16,1251,N,nominal,2.0NRT,294.9,3.96,D
-7.38589,15.29491,338.35,0.4,0.45,2025-03-16,1251,N,nominal,2.0NRT,294.78,4.02,D
-7.38649,15.29128,330.75,0.4,0.45,2025-03-16,1251,N,nominal,2.0NRT,296.19,3.48,D
-7.37885,15.18505,330.08,0.4,0.44,2025-03-16,1251,N,nominal,2.0NRT,293.83,1.99,D
-7.5052,14.41976,337.96,0.54,0.42,2025-03-16,1251,N,nominal,2.0NRT,295.76,3.96,D
-7.40521,15.0012,345.13,0.39,0.44,2025-03-16,1251,N,nominal,2.0NRT,298.68,24.87,D
-7.40579,14.99765,339.24,0.39,0.44,2025-03-16,1251,N,nominal,2.0NRT,300.3,24.87,D
-7.35077,15.27784,343.73,0.4,0.44,2025-03-16,1251,N,nominal,2.0NRT,296.84,10.78,D
-7.35199,15.27054,332.43,0.4,0.44,2025-03-16,1251,N,nominal,2.0NRT,295.38,3.56,D
-7.35114,15.22537,338.94,0.4,0.44,2025-03-16,1251,N,nominal,2.0NRT,295.84,2.69,D
-7.33472,15.29805,332.7,0.4,0.45,2025-03-16,1251,N,nominal,2.0NRT,294.4,3.74,D
-7.34641,15.22847,332.72,0.4,0.44,2025-03-16,1251,N,nominal,2.0NRT,295.67,6,D
-7.34704,15.22476,341.47,0.4,0.44,2025-03-16,1251,N,nominal,2.0NRT,296.74,5.68,D
-7.35131,15.19931,342.45,0.4,0.44,2025-03-16,1251,N,nominal,2.0NRT,296.35,11.39,D
-6.79853,18.37588,354.31,0.33,0.55,2025-03-16,1251,N,nominal,2.0NRT,290.84,5.94,D
-7.3317,15.24094,345.58,0.4,0.44,2025-03-16,1251,N,nominal,2.0NRT,298.5,11.43,D
-7.31414,15.29479,341.73,0.4,0.45,2025-03-16,1251,N,nominal,2.0NRT,296.68,3.69,D
-7.32878,15.23989,335.92,0.4,0.44,2025-03-16,1251,N,nominal,2.0NRT,298.47,5.36,D
-6.80095,18.37723,341.05,0.33,0.55,2025-03-16,1251,N,nominal,2.0NRT,289.97,3.72,D
-6.79586,18.37624,334.16,0.33,0.55,2025-03-16,1251,N,nominal,2.0NRT,287.07,3.72,D
-7.30477,15.23237,331.04,0.4,0.44,2025-03-16,1251,N,nominal,2.0NRT,296.43,5.14,D
-6.67394,18.90123,331.46,0.36,0.57,2025-03-16,1251,N,nominal,2.0NRT,283.89,3.63,D
-7.23977,15.04684,339.35,0.39,0.44,2025-03-16,1251,N,nominal,2.0NRT,295.4,3.17,D
-7.11172,15.54353,345.36,0.42,0.45,2025-03-16,1251,N,nominal,2.0NRT,291.73,10.11,D
-7.25604,14.59583,342.21,0.55,0.43,2025-03-16,1251,N,nominal,2.0NRT,294.51,6.82,D
-7.12277,15.24789,335.37,0.4,0.45,2025-03-16,1251,N,nominal,2.0NRT,289.73,5.53,D
-7.1662,14.89026,341.67,0.38,0.44,2025-03-16,1251,N,nominal,2.0NRT,296.15,3.95,D
-7.12452,15.16855,330.59,0.4,0.44,2025-03-16,1251,N,nominal,2.0NRT,291.25,2.82,D
-7.1648,14.89283,336.83,0.38,0.44,2025-03-16,1251,N,nominal,2.0NRT,294.67,4.82,D
-7.16535,14.88945,330.82,0.38,0.44,2025-03-16,1251,N,nominal,2.0NRT,295.03,3.9,D
-7.59074,12.11125,340.66,0.42,0.37,2025-03-16,1251,N,nominal,2.0NRT,293.79,5.54,D
-6.48864,18.42183,330.1,0.34,0.56,2025-03-16,1251,N,nominal,2.0NRT,290.73,3.87,D
-7.04766,14.97594,343.38,0.39,0.44,2025-03-16,1251,N,nominal,2.0NRT,295.63,10.93,D
-7.04802,14.97499,346.02,0.39,0.44,2025-03-16,1251,N,nominal,2.0NRT,295.67,8.42,D
-7.01152,15.07203,331.03,0.4,0.44,2025-03-16,1251,N,nominal,2.0NRT,294.4,2.49,D
-7.06471,14.54355,332.41,0.55,0.43,2025-03-16,1251,N,nominal,2.0NRT,294.19,5.88,D
-6.95935,15.13462,330.94,0.4,0.44,2025-03-16,1251,N,nominal,2.0NRT,295.44,2.56,D
-6.96952,14.99734,339.2,0.39,0.44,2025-03-16,1251,N,nominal,2.0NRT,294.28,4.71,D
-7.05251,14.34903,332.09,0.54,0.42,2025-03-16,1251,N,nominal,2.0NRT,296.7,3.15,D
-6.96241,14.86572,330.46,0.39,0.44,2025-03-16,1251,N,nominal,2.0NRT,293.27,2.12,D
-6.91297,14.98729,344.47,0.39,0.44,2025-03-16,1251,N,nominal,2.0NRT,296.02,10.23,D
-7.03928,14.13147,333.36,0.52,0.42,2025-03-16,1251,N,nominal,2.0NRT,297.52,2.9,D
-6.83371,15.29155,331.16,0.41,0.45,2025-03-16,1251,N,nominal,2.0NRT,294.45,2.2,D
-6.85601,15.05453,347.7,0.4,0.44,2025-03-16,1251,N,nominal,2.0NRT,294.85,6.47,D
-6.86134,15.02232,332.38,0.4,0.44,2025-03-16,1251,N,nominal,2.0NRT,294.37,3.52,D
-6.21952,18.45462,327.91,0.34,0.56,2025-03-16,1251,N,nominal,2.0NRT,285.65,2.22,D
-6.81516,14.77371,356.69,0.38,0.43,2025-03-16,1251,N,nominal,2.0NRT,295.31,12.16,D
-6.1964,18.40291,352.23,0.34,0.56,2025-03-16,1251,N,nominal,2.0NRT,284.79,4.97,D
-6.88672,14.16354,330.22,0.53,0.42,2025-03-16,1251,N,nominal,2.0NRT,295.4,3.33,D
-6.08233,18.77836,332.16,0.36,0.57,2025-03-16,1251,N,nominal,2.0NRT,286.26,3.75,D
-6.08437,18.777,339.88,0.36,0.57,2025-03-16,1251,N,nominal,2.0NRT,286.68,2.45,D
-6.12301,18.42082,352.57,0.34,0.56,2025-03-16,1251,N,nominal,2.0NRT,286.87,7.34,D
-6.12245,18.42414,357.03,0.34,0.56,2025-03-16,1251,N,low,2.0NRT,287.34,10.12,D
-6.06111,18.501,356.43,0.35,0.56,2025-03-16,1251,N,nominal,2.0NRT,284.48,5.98,D
-5.71533,20.30311,329.42,0.46,0.64,2025-03-16,1251,N,nominal,2.0NRT,285.98,2.15,D
-5.71818,20.30295,330.72,0.46,0.64,2025-03-16,1251,N,nominal,2.0NRT,285.35,2.63,D
-6.91014,12.84192,340.12,0.45,0.39,2025-03-16,1251,N,nominal,2.0NRT,295.3,5,D
-6.91079,12.83782,340.04,0.45,0.39,2025-03-16,1251,N,nominal,2.0NRT,295.01,5,D
-6.73395,13.91897,335.85,0.51,0.41,2025-03-16,1251,N,nominal,2.0NRT,290.95,4.48,D
-6.73469,13.91439,334.83,0.51,0.41,2025-03-16,1251,N,nominal,2.0NRT,293.14,4.48,D
-6.9059,12.84544,335.41,0.45,0.39,2025-03-16,1251,N,nominal,2.0NRT,294.1,7.25,D
-6.90721,12.83723,335.5,0.45,0.39,2025-03-16,1251,N,nominal,2.0NRT,295.66,5,D
-5.64558,19.72235,331.45,0.42,0.61,2025-03-16,1251,N,nominal,2.0NRT,285.61,5.15,D
-5.90898,17.77975,340.23,0.62,0.54,2025-03-16,1251,N,nominal,2.0NRT,292.16,12.19,D
-5.07259,22.05651,330.23,0.62,0.71,2025-03-16,1251,N,nominal,2.0NRT,286.66,6.21,D
-5.06939,22.0527,332.39,0.62,0.71,2025-03-16,1251,N,nominal,2.0NRT,285.93,6.57,D
-5.65279,18.50266,347.14,0.35,0.57,2025-03-16,1251,N,nominal,2.0NRT,282.98,7.76,D
-5.64811,18.49843,332.12,0.35,0.57,2025-03-16,1251,N,nominal,2.0NRT,280.89,5.56,D
-5.61176,18.61528,337.08,0.36,0.57,2025-03-16,1251,N,nominal,2.0NRT,285.55,2.69,D
-6.57392,12.75235,346.77,0.45,0.39,2025-03-16,1251,N,nominal,2.0NRT,299.82,8.18,D
-5.57659,18.62935,354.7,0.36,0.57,2025-03-16,1251,N,nominal,2.0NRT,288.16,7.17,D
-5.57838,18.63109,347.37,0.36,0.57,2025-03-16,1251,N,nominal,2.0NRT,288.18,8.27,D
-4.84735,22.55425,332.29,0.67,0.74,2025-03-16,1251,N,nominal,2.0NRT,286.03,6.74,D
-6.46063,12.92528,346.52,0.46,0.39,2025-03-16,1251,N,nominal,2.0NRT,295.56,5.43,D
-6.33284,13.70073,333.17,0.51,0.41,2025-03-16,1251,N,nominal,2.0NRT,295.86,4.03,D
-6.32906,13.70013,341.02,0.51,0.41,2025-03-16,1251,N,nominal,2.0NRT,296.68,4.03,D
-6.43754,12.76895,333.88,0.45,0.39,2025-03-16,1251,N,nominal,2.0NRT,298.25,7.02,D
-5.54173,17.44392,334,0.6,0.53,2025-03-16,1251,N,nominal,2.0NRT,292.15,5.99,D
-6.18452,13.6131,332.57,0.5,0.41,2025-03-16,1251,N,nominal,2.0NRT,296.72,5.48,D
-6.18526,13.60859,336.73,0.5,0.41,2025-03-16,1251,N,nominal,2.0NRT,296.51,5.48,D
-6.29579,12.92984,337.9,0.46,0.39,2025-03-16,1251,N,nominal,2.0NRT,297.89,9.53,D
-6.1815,13.60797,343.82,0.5,0.41,2025-03-16,1251,N,nominal,2.0NRT,296.97,5.48,D
-6.29569,12.93011,333.12,0.46,0.39,2025-03-16,1251,N,nominal,2.0NRT,297.65,9.42,D
-6.18544,13.60958,341.26,0.5,0.41,2025-03-16,1251,N,nominal,2.0NRT,297.63,7.68,D
-6.18167,13.60894,345.18,0.5,0.41,2025-03-16,1251,N,nominal,2.0NRT,296.78,7.68,D
-5.54563,17.44117,334.39,0.6,0.53,2025-03-16,1251,N,nominal,2.0NRT,291.14,4.15,D
-6.28862,12.80949,350.58,0.46,0.39,2025-03-16,1251,N,nominal,2.0NRT,301.18,8.91,D
-5.91351,14.90222,330.07,0.4,0.44,2025-03-16,1251,N,nominal,2.0NRT,294.73,1.94,D
-5.80497,15.08644,343.43,0.41,0.45,2025-03-16,1251,N,nominal,2.0NRT,296.12,5.86,D
-6.21248,12.39601,339.25,0.44,0.38,2025-03-16,1251,N,nominal,2.0NRT,300.51,4.2,D
-5.81061,14.69215,339.15,0.39,0.44,2025-03-16,1251,N,nominal,2.0NRT,295.21,2.85,D
-4.54612,21.51073,329.73,0.58,0.7,2025-03-16,1251,N,nominal,2.0NRT,286.53,3.01,D
-5.87558,12.33977,334.47,0.44,0.38,2025-03-16,1251,N,nominal,2.0NRT,299.43,2.82,D
-5.17164,16.57801,338.02,0.53,0.5,2025-03-16,1251,N,nominal,2.0NRT,292.67,7.23,D
-5.16544,16.58646,341.3,0.53,0.5,2025-03-16,1251,N,nominal,2.0NRT,293.8,17.43,D
-5.16331,16.5428,335.9,0.53,0.5,2025-03-16,1251,N,nominal,2.0NRT,287.3,6.61,D
-5.80281,12.68087,332.44,0.46,0.39,2025-03-16,1251,N,nominal,2.0NRT,295.86,1.66,D
-5.85097,12.29229,332.12,0.44,0.38,2025-03-16,1251,N,nominal,2.0NRT,296.34,3.17,D
-5.16911,16.57593,351.96,0.53,0.5,2025-03-16,1251,N,nominal,2.0NRT,292.85,12,D
-5.16291,16.5848,354.48,0.53,0.5,2025-03-16,1251,N,nominal,2.0NRT,292.81,16.83,D
-5.16519,16.54132,333.28,0.53,0.5,2025-03-16,1251,N,nominal,2.0NRT,285.52,2.25,D
-5.1715,16.50239,336.48,0.52,0.5,2025-03-16,1251,N,nominal,2.0NRT,291.94,5.54,D
-5.44086,14.77455,342.12,0.4,0.44,2025-03-16,1251,N,nominal,2.0NRT,295.22,5.24,D
-5.064,16.89365,342.27,0.56,0.51,2025-03-16,1251,N,nominal,2.0NRT,291.42,10.41,D
-5.41927,14.70038,338.59,0.4,0.44,2025-03-16,1251,N,nominal,2.0NRT,296.4,5.6,D
-4.42287,20.57457,330.61,0.51,0.66,2025-03-16,1251,N,nominal,2.0NRT,287.89,3.05,D
-5.04884,16.89666,332.28,0.56,0.51,2025-03-16,1251,N,nominal,2.0NRT,291.32,5.9,D
-5.0497,16.89151,333.85,0.56,0.51,2025-03-16,1251,N,nominal,2.0NRT,291.27,5.9,D
-4.41673,20.57357,330.5,0.51,0.66,2025-03-16,1251,N,nominal,2.0NRT,287.34,3.92,D
-5.01474,16.89588,333.44,0.56,0.51,2025-03-16,1251,N,nominal,2.0NRT,291.18,5.56,D
-5.20017,15.74019,346.42,0.47,0.47,2025-03-16,1251,N,nominal,2.0NRT,293.63,5.93,D
-5.20089,15.73589,334.42,0.47,0.47,2025-03-16,1251,N,nominal,2.0NRT,291.67,5.93,D
-5.1958,15.73944,341.14,0.47,0.47,2025-03-16,1251,N,nominal,2.0NRT,292.55,5.93,D
-5.01476,16.89734,331.92,0.56,0.52,2025-03-16,1251,N,nominal,2.0NRT,291.02,5,D
-5.20061,15.74024,341.51,0.47,0.47,2025-03-16,1251,N,nominal,2.0NRT,293.92,6.31,D
-5.2013,15.73592,342.85,0.47,0.47,2025-03-16,1251,N,nominal,2.0NRT,292.39,6.31,D
-5.19624,15.73948,340.76,0.47,0.47,2025-03-16,1251,N,nominal,2.0NRT,292.18,6.31,D
-4.93432,17.23979,338.64,0.59,0.53,2025-03-16,1251,N,nominal,2.0NRT,290.07,5.58,D
-5.22507,15.44891,333.94,0.45,0.47,2025-03-16,1251,N,nominal,2.0NRT,294.46,2.97,D
-5.22143,15.44413,331.94,0.45,0.47,2025-03-16,1251,N,nominal,2.0NRT,295.18,3.29,D
-5.15994,15.76904,333.36,0.47,0.48,2025-03-16,1251,N,nominal,2.0NRT,292.73,2.79,D
-5.15005,15.8021,330.05,0.47,0.48,2025-03-16,1251,N,nominal,2.0NRT,292.84,4.07,D
-5.01865,16.54777,342.16,0.53,0.5,2025-03-16,1251,N,nominal,2.0NRT,292.72,12.91,D
-5.02263,16.52361,332.35,0.53,0.5,2025-03-16,1251,N,nominal,2.0NRT,289.58,3.65,D
-5.0088,16.52078,340.26,0.53,0.5,2025-03-16,1251,N,nominal,2.0NRT,291.32,12,D
-4.99612,16.56846,349.24,0.53,0.5,2025-03-16,1251,N,nominal,2.0NRT,294.72,20.12,D
-5.55914,13.08613,333.54,0.48,0.4,2025-03-16,1251,N,nominal,2.0NRT,295.8,4.35,D
-5.13232,15.69037,333.33,0.46,0.47,2025-03-16,1251,N,nominal,2.0NRT,294.53,3.81,D
-5.13301,15.6862,339.64,0.46,0.47,2025-03-16,1251,N,nominal,2.0NRT,296.21,4.13,D
-5.17249,15.41999,341.49,0.44,0.46,2025-03-16,1251,N,nominal,2.0NRT,292.5,6.06,D
-5.12228,15.58902,348.67,0.46,0.47,2025-03-16,1251,N,nominal,2.0NRT,294.77,8.09,D
-5.14427,15.45712,339.53,0.45,0.47,2025-03-16,1251,N,nominal,2.0NRT,293.88,4.77,D
-5.64464,12.38633,334.64,0.44,0.39,2025-03-16,1251,N,nominal,2.0NRT,296.87,5.25,D
-5.15921,15.31476,332.59,0.44,0.46,2025-03-16,1251,N,nominal,2.0NRT,294.04,3.87,D
-4.83243,17.19008,328.94,0.59,0.53,2025-03-16,1251,N,nominal,2.0NRT,289.67,4.5,D
-5.07926,15.73868,342.46,0.47,0.48,2025-03-16,1251,N,nominal,2.0NRT,295.5,7.4,D
-5.1604,15.31534,334.3,0.44,0.46,2025-03-16,1251,N,nominal,2.0NRT,294.2,3.95,D
-5.49923,13.14008,332.35,0.48,0.4,2025-03-16,1251,N,nominal,2.0NRT,296.05,3.16,D
-5.07997,15.73532,340.34,0.47,0.48,2025-03-16,1251,N,nominal,2.0NRT,295.98,6.67,D
-5.09546,15.61097,332.69,0.46,0.47,2025-03-16,1251,N,nominal,2.0NRT,294.02,4.5,D
-5.1503,15.26919,343.74,0.44,0.46,2025-03-16,1251,N,nominal,2.0NRT,297.79,22.71,D
-5.36075,13.84659,332.57,0.53,0.42,2025-03-16,1251,N,nominal,2.0NRT,292.85,7.41,D
-5.04115,15.80774,333.83,0.47,0.48,2025-03-16,1251,N,nominal,2.0NRT,292.72,2.59,D
-4.8594,16.85942,329.55,0.56,0.51,2025-03-16,1251,N,nominal,2.0NRT,291.56,2.35,D
-4.94804,16.32104,343.3,0.51,0.5,2025-03-16,1251,N,nominal,2.0NRT,296.72,11.85,D
-5.30463,14.0728,338.35,0.55,0.43,2025-03-16,1251,N,nominal,2.0NRT,294.18,4.07,D
-5.09351,15.34976,336.16,0.44,0.46,2025-03-16,1251,N,nominal,2.0NRT,292.89,4.72,D
-5.03765,15.6636,367,0.46,0.47,2025-03-16,1251,N,high,2.0NRT,296.1,13.65,D
-5.03567,15.56701,342,0.46,0.47,2025-03-16,1251,N,nominal,2.0NRT,296.3,37.39,D
-5.03545,15.54145,339.02,0.45,0.47,2025-03-16,1251,N,nominal,2.0NRT,295.06,4.67,D
-5.02584,15.43921,332.84,0.45,0.47,2025-03-16,1251,N,nominal,2.0NRT,294.34,2.95,D
-5.02435,15.43868,330.41,0.45,0.47,2025-03-16,1251,N,nominal,2.0NRT,293.41,2.78,D
-4.73353,17.1528,329.36,0.59,0.53,2025-03-16,1251,N,nominal,2.0NRT,286.4,2.66,D
-5.00705,15.38155,333.45,0.44,0.46,2025-03-16,1251,N,nominal,2.0NRT,292.78,5.48,D
-4.109,20.65127,326.6,0.52,0.67,2025-03-16,1251,N,nominal,2.0NRT,286.37,3.07,D
-4.80627,16.50055,344.06,0.53,0.5,2025-03-16,1251,N,nominal,2.0NRT,291.36,8.59,D
-5.46889,12.31424,333.16,0.44,0.39,2025-03-16,1251,N,nominal,2.0NRT,296.29,1.81,D
-5.31059,13.26462,333.81,0.49,0.41,2025-03-16,1251,N,nominal,2.0NRT,295.1,2.36,D
-5.03712,14.90374,333.65,0.41,0.45,2025-03-16,1251,N,nominal,2.0NRT,290.83,3.7,D
-5.03296,14.90312,341.78,0.41,0.45,2025-03-16,1251,N,nominal,2.0NRT,290.27,4.31,D
-4.86271,15.8238,330.57,0.48,0.48,2025-03-16,1251,N,nominal,2.0NRT,295.36,3.83,D
-4.85756,15.82741,342.58,0.48,0.48,2025-03-16,1251,N,nominal,2.0NRT,296.05,3.83,D
-4.85828,15.82307,335.31,0.48,0.48,2025-03-16,1251,N,nominal,2.0NRT,295.78,3.83,D
-4.84641,15.86663,334.15,0.48,0.48,2025-03-16,1251,N,nominal,2.0NRT,294.21,6.94,D
-5.19669,13.72864,332.36,0.52,0.42,2025-03-16,1251,N,nominal,2.0NRT,290.01,4.69,D
-4.86446,15.82031,330.55,0.48,0.48,2025-03-16,1251,N,nominal,2.0NRT,295.58,3.63,D
-4.85933,15.82394,346.16,0.48,0.48,2025-03-16,1251,N,nominal,2.0NRT,296.34,8.2,D
-4.8478,15.86758,331.45,0.48,0.48,2025-03-16,1251,N,nominal,2.0NRT,295.6,4.03,D
-4.84335,15.86688,339.89,0.48,0.48,2025-03-16,1251,N,nominal,2.0NRT,294.05,4.03,D
-4.86292,15.71664,339.75,0.47,0.48,2025-03-16,1251,N,nominal,2.0NRT,295.19,6.49,D
-4.72932,16.51604,330.74,0.53,0.5,2025-03-16,1251,N,nominal,2.0NRT,290.49,5.32,D
-4.82132,15.89017,338.57,0.48,0.48,2025-03-16,1251,N,nominal,2.0NRT,295.68,4.39,D
-4.83123,15.55225,335.44,0.46,0.47,2025-03-16,1251,N,nominal,2.0NRT,291.94,2.45,D
-4.7723,15.88221,343.13,0.48,0.48,2025-03-16,1251,N,nominal,2.0NRT,296.13,6.8,D
-4.80642,15.6211,335.86,0.46,0.47,2025-03-16,1251,N,nominal,2.0NRT,294.78,5.92,D
-4.7203,16.05632,338.04,0.5,0.49,2025-03-16,1251,N,nominal,2.0NRT,288.97,6.5,D
-4.75873,15.82637,345.73,0.48,0.48,2025-03-16,1251,N,nominal,2.0NRT,297.86,13.89,D
-4.76682,15.72353,344.38,0.47,0.48,2025-03-16,1251,N,nominal,2.0NRT,297.59,6.03,D
-4.75586,15.82738,335.86,0.48,0.48,2025-03-16,1251,N,nominal,2.0NRT,294.52,3.23,D
-4.76765,15.72492,330.15,0.47,0.48,2025-03-16,1251,N,nominal,2.0NRT,295.82,3.79,D
-4.76831,15.72074,333.14,0.47,0.48,2025-03-16,1251,N,nominal,2.0NRT,297.63,3.73,D
-4.76323,15.72427,336.28,0.47,0.48,2025-03-16,1251,N,nominal,2.0NRT,296.76,5.77,D
-4.74859,15.73083,330.01,0.47,0.48,2025-03-16,1251,N,nominal,2.0NRT,296.13,7.2,D
-4.74927,15.72663,330.61,0.47,0.48,2025-03-16,1251,N,nominal,2.0NRT,294.33,3.63,D
-4.78342,15.48614,342.16,0.46,0.47,2025-03-16,1251,N,nominal,2.0NRT,293.64,4.87,D
-4.88428,14.8034,330.72,0.41,0.45,2025-03-16,1251,N,nominal,2.0NRT,295.39,4.62,D
-4.69998,15.89061,339.78,0.49,0.48,2025-03-16,1251,N,nominal,2.0NRT,294.5,9.52,D
-4.73151,15.64098,330.01,0.47,0.47,2025-03-16,1251,N,nominal,2.0NRT,293.64,3.07,D
-4.73885,15.56838,340.35,0.46,0.47,2025-03-16,1251,N,nominal,2.0NRT,294.24,6.1,D
-4.7977,15.15312,333.24,0.43,0.46,2025-03-16,1251,N,nominal,2.0NRT,293.94,3.39,D
-4.57809,16.46236,337.44,0.53,0.5,2025-03-16,1251,N,nominal,2.0NRT,294.34,6.04,D
-4.74211,15.41233,343.33,0.45,0.47,2025-03-16,1251,N,nominal,2.0NRT,295.67,21.24,D
-4.65538,15.91072,340.57,0.49,0.48,2025-03-16,1251,N,nominal,2.0NRT,292.66,2.95,D
-4.59198,16.23616,345.97,0.51,0.5,2025-03-16,1251,N,nominal,2.0NRT,294.93,11.41,D
-4.5466,16.47906,350.13,0.53,0.5,2025-03-16,1251,N,nominal,2.0NRT,290.45,10.09,D
-4.79435,14.85892,334.94,0.41,0.45,2025-03-16,1251,N,nominal,2.0NRT,294.97,5.16,D
-4.75284,15.03028,332.33,0.43,0.46,2025-03-16,1251,N,nominal,2.0NRT,296.62,3.78,D
-4.64192,15.69517,332.26,0.47,0.48,2025-03-16,1251,N,nominal,2.0NRT,292.98,3.21,D
-4.60013,15.78498,339.06,0.48,0.48,2025-03-16,1251,N,nominal,2.0NRT,294.15,6.73,D
-4.65071,15.47401,341.31,0.46,0.47,2025-03-16,1251,N,nominal,2.0NRT,296.14,15.96,D
-4.5957,15.78424,339.81,0.48,0.48,2025-03-16,1251,N,nominal,2.0NRT,293.18,6.73,D
-4.58002,15.60428,343.9,0.47,0.47,2025-03-16,1251,N,nominal,2.0NRT,294.38,9.32,D
-4.56886,15.56332,341.41,0.46,0.47,2025-03-16,1251,N,nominal,2.0NRT,296.85,17.55,D
-4.57612,15.60378,332.36,0.47,0.48,2025-03-16,1251,N,nominal,2.0NRT,293.49,3.43,D
-4.56904,15.56348,341.67,0.46,0.47,2025-03-16,1251,N,nominal,2.0NRT,297.02,17.5,D
-4.52938,15.64224,336.61,0.47,0.48,2025-03-16,1251,N,nominal,2.0NRT,294.57,5.01,D
-5.0951,12.07853,335.89,0.44,0.38,2025-03-16,1251,N,nominal,2.0NRT,296.22,4.63,D
-4.53302,15.29157,339.82,0.45,0.47,2025-03-16,1251,N,nominal,2.0NRT,293.9,3.71,D
-4.42807,15.71302,342.56,0.48,0.48,2025-03-16,1251,N,nominal,2.0NRT,290.66,12.27,D
-5.00458,12.05667,332.83,0.44,0.38,2025-03-16,1251,N,nominal,2.0NRT,296.42,4.08,D
-4.43029,15.61454,341.54,0.47,0.48,2025-03-16,1251,N,nominal,2.0NRT,291.28,3.09,D
-4.58935,14.59591,340.72,0.4,0.44,2025-03-16,1251,N,nominal,2.0NRT,294.04,5.62,D
-4.56466,14.67106,331.35,0.41,0.45,2025-03-16,1251,N,nominal,2.0NRT,293.79,3.72,D
-4.93412,12.09019,344.43,0.44,0.38,2025-03-16,1251,N,nominal,2.0NRT,302.93,58.98,D
-4.89045,11.91108,336.54,0.43,0.38,2025-03-16,1251,N,nominal,2.0NRT,299.08,2.83,D
-4.86502,12.02746,337.6,0.44,0.38,2025-03-16,1251,N,nominal,2.0NRT,297.44,5.15,D
-4.85919,12.01851,345.53,0.44,0.38,2025-03-16,1251,N,nominal,2.0NRT,298.97,7.28,D
-4.6235,13.45648,333.08,0.52,0.41,2025-03-16,1251,N,nominal,2.0NRT,295.68,2.93,D
-4.85477,11.97764,331.43,0.43,0.38,2025-03-16,1251,N,nominal,2.0NRT,299.97,2.95,D
-4.85125,11.97706,333.55,0.43,0.38,2025-03-16,1251,N,nominal,2.0NRT,300.06,2.95,D
-4.37312,14.87186,342.5,0.42,0.45,2025-03-16,1251,N,nominal,2.0NRT,294.16,3.51,D
-4.92355,11.38165,337.56,0.41,0.37,2025-03-16,1251,N,nominal,2.0NRT,295.05,11.13,D
-4.57702,13.53706,331.23,0.52,0.42,2025-03-16,1251,N,nominal,2.0NRT,295.08,3.12,D
-4.81355,11.98708,342.32,0.44,0.38,2025-03-16,1251,N,nominal,2.0NRT,303.01,13.2,D
-4.30264,15.03938,330.05,0.43,0.46,2025-03-16,1251,N,nominal,2.0NRT,293.93,2.54,D
-4.29876,14.87543,338.36,0.42,0.45,2025-03-16,1251,N,nominal,2.0NRT,293.1,5.98,D
-4.50448,13.40131,333.85,0.51,0.41,2025-03-16,1251,N,nominal,2.0NRT,294.68,4.12,D
-4.2167,15.11134,333.96,0.44,0.46,2025-03-16,1251,N,nominal,2.0NRT,293.31,6.28,D
-4.21851,15.11149,336.94,0.44,0.46,2025-03-16,1251,N,nominal,2.0NRT,291.96,2.68,D
-4.44598,13.61037,332.17,0.53,0.42,2025-03-16,1251,N,nominal,2.0NRT,295.34,3.98,D
-4.2528,14.70444,341.45,0.41,0.45,2025-03-16,1251,N,nominal,2.0NRT,296.27,7.16,D
-4.25339,14.70071,339.4,0.41,0.45,2025-03-16,1251,N,nominal,2.0NRT,291.3,7.16,D
-4.16144,15.00462,341.54,0.43,0.46,2025-03-16,1251,N,nominal,2.0NRT,295.78,4.6,D
-4.62676,11.98248,333.82,0.44,0.38,2025-03-16,1251,N,nominal,2.0NRT,295.79,3.88,D
-4.08199,15.30114,333.1,0.45,0.47,2025-03-16,1251,N,nominal,2.0NRT,278.52,4.06,D
-4.0802,15.25838,350.92,0.45,0.47,2025-03-16,1251,N,nominal,2.0NRT,292.12,13.86,D
-4.08284,15.25927,347.1,0.45,0.47,2025-03-16,1251,N,nominal,2.0NRT,293.9,13.05,D
-4.08351,15.25499,338.39,0.45,0.47,2025-03-16,1251,N,nominal,2.0NRT,293,5.5,D
-4.48121,12.38077,330.88,0.46,0.39,2025-03-16,1251,N,nominal,2.0NRT,289.96,3.4,D
-4.51132,12.05027,339.79,0.44,0.38,2025-03-16,1251,N,nominal,2.0NRT,294.53,12.96,D
-4.03105,14.92833,338.14,0.43,0.46,2025-03-16,1251,N,nominal,2.0NRT,295.41,4.07,D
-4.47235,12.20418,334.23,0.45,0.39,2025-03-16,1251,N,nominal,2.0NRT,292.16,3.91,D
-4.52892,11.84718,336,0.43,0.38,2025-03-16,1251,N,nominal,2.0NRT,297.45,2.6,D
-4.2815,13.3223,332.87,0.51,0.41,2025-03-16,1251,N,nominal,2.0NRT,292.35,3.49,D
-4.28266,13.32374,336.59,0.51,0.41,2025-03-16,1251,N,nominal,2.0NRT,292.04,3.47,D
-4.52819,11.55106,346.5,0.42,0.38,2025-03-16,1251,N,nominal,2.0NRT,292.62,7.79,D
-4.08644,14.34147,344.98,0.39,0.44,2025-03-16,1251,N,nominal,2.0NRT,295.38,5.74,D
-4.05966,14.48334,355.19,0.4,0.44,2025-03-16,1251,N,nominal,2.0NRT,294.28,12.09,D
-4.52044,11.41811,339.54,0.42,0.37,2025-03-16,1251,N,nominal,2.0NRT,293.61,5.06,D
-4.1099,13.88787,331.21,0.55,0.43,2025-03-16,1251,N,nominal,2.0NRT,295.12,2.8,D
-4.00454,14.30728,343.2,0.39,0.44,2025-03-16,1251,N,nominal,2.0NRT,296.04,4.37,D
-4.06597,13.56242,340.62,0.53,0.42,2025-03-16,1251,N,nominal,2.0NRT,297.13,14.44,D
-4.06746,13.5284,337.85,0.53,0.42,2025-03-16,1251,N,nominal,2.0NRT,296.3,17.42,D
-4.14704,12.83055,330.35,0.48,0.4,2025-03-16,1251,N,nominal,2.0NRT,295.53,2.94,D
-4.26002,11.77038,337.67,0.43,0.38,2025-03-16,1251,N,nominal,2.0NRT,294.35,6.01,D
-31.32024,29.93689,298.21,0.38,0.59,2025-03-16,2220,N,nominal,2.0NRT,285.19,0.41,N
-31.32559,29.93507,317.04,0.38,0.59,2025-03-16,2220,N,nominal,2.0NRT,285.45,1.16,N
-31.32485,29.93358,300.67,0.38,0.59,2025-03-16,2220,N,nominal,2.0NRT,285.1,1.2,N
-31.32581,29.93737,309.56,0.38,0.59,2025-03-16,2220,N,nominal,2.0NRT,285.08,1.02,N
-5.1019,39.02086,311.36,0.34,0.56,2025-03-16,2212,N,nominal,2.0NRT,287.97,0.91,N
-21.49837,46.7615,299.63,0.44,0.39,2025-03-16,2216,N,nominal,2.0NRT,288.02,0.37,N
-21.49896,46.76568,306.68,0.44,0.39,2025-03-16,2216,N,nominal,2.0NRT,287.66,0.77,N
-20.07648,30.44263,295.13,0.64,0.72,2025-03-16,2216,N,nominal,2.0NRT,283.33,0.41,N
-7.04871,19.1724,344.92,0.44,0.38,2025-03-16,2354,N,nominal,2.0NRT,287.35,12.93,N
-7.58693,12.10833,353.01,0.39,0.59,2025-03-16,2354,N,nominal,2.0NRT,281.48,5.78,N
-7.59241,12.1073,335.26,0.39,0.59,2025-03-16,2354,N,nominal,2.0NRT,280.88,3.37,N
-7.58703,12.10846,352,0.39,0.59,2025-03-16,2354,N,nominal,2.0NRT,281.83,4.43,N
-7.59251,12.10745,326.41,0.39,0.59,2025-03-16,2354,N,nominal,2.0NRT,280.39,4.43,N
-7.84701,12.10687,324.49,0.39,0.59,2025-03-16,2354,N,nominal,2.0NRT,281.58,5.48,N
-7.84766,12.11041,367,0.39,0.59,2025-03-16,2354,N,high,2.0NRT,280.9,5.48,N
-14.49153,28.46303,310.42,0.63,0.54,2025-03-16,2356,N,nominal,2.0NRT,287.93,2.92,N
-14.49112,28.46259,313.06,0.63,0.54,2025-03-16,2356,N,nominal,2.0NRT,288.43,2.66,N
-14.71071,26.81042,297.92,0.49,0.49,2025-03-16,2356,N,nominal,2.0NRT,287.5,0.14,N
-14.93817,25.24903,301.68,0.39,0.44,2025-03-16,2356,N,nominal,2.0NRT,288.22,0.41,N
-18.05092,30.38244,295.92,0.46,0.64,2025-03-16,2356,N,nominal,2.0NRT,284.21,1.02,N
-18.36171,26.65764,315.97,0.53,0.5,2025-03-16,2356,N,nominal,2.0NRT,291.05,1.64,N
-18.36231,26.66273,312.9,0.53,0.5,2025-03-16,2356,N,nominal,2.0NRT,291.11,1.64,N
-18.36847,26.47683,341.38,0.52,0.5,2025-03-16,2356,N,nominal,2.0NRT,296.33,8.59,N
-18.36546,26.45191,308.17,0.52,0.5,2025-03-16,2356,N,nominal,2.0NRT,291.74,1.44,N
-18.37007,26.45123,310.89,0.52,0.5,2025-03-16,2356,N,nominal,2.0NRT,291.01,1.44,N
-18.37468,26.45054,304.22,0.52,0.5,2025-03-16,2356,N,nominal,2.0NRT,291.01,1.09,N
-18.40277,26.50507,305.74,0.52,0.5,2025-03-16,2356,N,nominal,2.0NRT,289.78,0.73,N
-18.42715,26.51202,311.74,0.52,0.5,2025-03-16,2356,N,nominal,2.0NRT,290.45,1.64,N
-18.43183,26.51168,317.88,0.52,0.5,2025-03-16,2356,N,nominal,2.0NRT,289.47,2.74,N
-18.43712,26.51655,303.11,0.52,0.5,2025-03-16,2356,N,nominal,2.0NRT,289.73,0.96,N
-18.44116,26.51079,308.87,0.52,0.5,2025-03-16,2356,N,nominal,2.0NRT,290.31,1.47,N
-18.44165,26.47511,303.03,0.52,0.5,2025-03-16,2356,N,nominal,2.0NRT,290.35,1.41,N
-23.03109,29.64546,296.82,0.47,0.64,2025-03-16,2358,N,nominal,2.0NRT,283.27,0.57,N
-24.81709,30.11657,327.8,0.52,0.67,2025-03-16,2358,N,nominal,2.0NRT,284.29,4.68,N
-24.81748,30.12184,297.72,0.53,0.67,2025-03-16,2358,N,nominal,2.0NRT,283.15,2.27,N
-27.28215,27.02136,312.38,0.36,0.57,2025-03-16,2358,N,nominal,2.0NRT,276.46,0.97,N
-4.93435,12.08751,328.91,0.43,0.62,2025-03-16,2354,N,nominal,2.0NRT,248.64,5.38,N
-4.92201,11.37776,342.44,0.48,0.65,2025-03-16,2354,N,nominal,2.0NRT,270.69,3.39,N
-4.92122,11.37331,296.63,0.49,0.65,2025-03-16,2354,N,nominal,2.0NRT,270.66,3.39,N
-4.9228,11.3822,315.82,0.48,0.65,2025-03-16,2354,N,nominal,2.0NRT,270.29,2.02,N
-4.92359,11.38664,296.6,0.48,0.65,2025-03-16,2354,N,nominal,2.0NRT,269.58,2.02,N
-30.67269,30.34233,299.01,0.6,0.71,2025-03-16,2358,N,nominal,2.0NRT,283.2,0.71,N
-31.32486,29.93528,298.81,0.58,0.7,2025-03-16,2358,N,nominal,2.0NRT,283.49,0.53,N
-32.30431,19.16642,334.63,0.46,0.39,2025-03-16,2358,N,nominal,2.0NRT,289.06,2.63,N
-32.30163,19.14542,307.39,0.46,0.39,2025-03-16,2358,N,nominal,2.0NRT,287.54,1.03,N
-32.3023,19.15064,300.36,0.46,0.39,2025-03-16,2358,N,nominal,2.0NRT,287.64,1.03,N
-32.30921,19.17572,320.82,0.46,0.39,2025-03-16,2358,N,nominal,2.0NRT,288.83,1.67,N
-32.30659,19.15529,303.46,0.46,0.39,2025-03-16,2358,N,nominal,2.0NRT,288.31,1.56,N
-32.30793,19.16575,301.82,0.46,0.39,2025-03-16,2358,N,nominal,2.0NRT,287.64,2.63,N
-32.30821,19.13897,298.23,0.46,0.39,2025-03-16,2358,N,nominal,2.0NRT,285.82,0.62,N
-32.31156,19.16511,313.45,0.46,0.39,2025-03-16,2358,N,nominal,2.0NRT,289.67,1.25,N
-32.31218,19.16994,308.46,0.46,0.39,2025-03-16,2358,N,nominal,2.0NRT,288.64,1.25,N
-32.31279,19.17473,301.2,0.46,0.39,2025-03-16,2358,N,nominal,2.0NRT,288.28,0.85,N
-32.31341,19.17952,303.08,0.46,0.39,2025-03-16,2358,N,nominal,2.0NRT,288.26,0.85,N
-32.31698,19.17845,313.77,0.46,0.39,2025-03-16,2358,N,nominal,2.0NRT,287.93,0.85,N
-32.31907,19.13708,298.51,0.46,0.39,2025-03-16,2358,N,nominal,2.0NRT,283.3,0.64,N
-32.33784,19.11054,335.44,0.45,0.39,2025-03-16,2358,N,nominal,2.0NRT,286.2,4.4,N
-32.34149,19.11013,338.16,0.45,0.39,2025-03-16,2358,N,nominal,2.0NRT,282.25,7.12,N
-33.79409,18.5482,303.63,0.45,0.39,2025-03-17,0001,N,nominal,2.0NRT,289.15,0.88,N
-33.79475,18.54539,302.83,0.45,0.39,2025-03-17,0001,N,nominal,2.0NRT,289.02,0.91,N
-33.97723,19.28424,297.66,0.48,0.4,2025-03-17,0001,N,nominal,2.0NRT,285.9,0.82,N
-33.96914,18.58141,310.63,0.45,0.39,2025-03-17,0001,N,nominal,2.0NRT,289.39,1.11,N
-21.91543,46.58966,333.58,0.45,0.39,2025-03-17,1045,N,nominal,2.0NRT,296.91,3.04,D
-22.98459,35.4287,334.66,0.59,0.53,2025-03-17,1045,N,nominal,2.0NRT,297.77,2.95,D
-21.4096,43.61184,335.51,0.38,0.36,2025-03-17,1045,N,nominal,2.0NRT,301.14,2.85,D
-21.0503,43.86208,335.46,0.39,0.36,2025-03-17,1045,N,nominal,2.0NRT,299.97,4.73,D
-20.16985,46.76033,331.96,0.47,0.4,2025-03-17,1045,N,nominal,2.0NRT,297.6,5.12,D
-20.04285,45.6531,331.77,0.43,0.38,2025-03-17,1045,N,nominal,2.0NRT,300.85,1.22,D
-20.01427,45.3716,330.75,0.42,0.38,2025-03-17,1045,N,low,2.0NRT,301.84,3.21,D
-19.60217,46.55677,338.68,0.47,0.4,2025-03-17,1045,N,nominal,2.0NRT,296.38,5.53,D
-19.70953,45.25067,333.63,0.42,0.38,2025-03-17,1045,N,nominal,2.0NRT,301.8,2.43,D
-18.56856,49.01293,332.41,0.44,0.46,2025-03-17,1045,N,nominal,2.0NRT,295.7,5.42,D
-18.52377,49.22865,334.33,0.46,0.47,2025-03-17,1045,N,nominal,2.0NRT,295.31,3.24,D
-18.4356,49.31099,342.77,0.47,0.47,2025-03-17,1045,N,nominal,2.0NRT,298.83,8.59,D
-18.43644,49.30659,339.48,0.46,0.47,2025-03-17,1045,N,nominal,2.0NRT,297.38,8.59,D
-18.43122,49.3101,331.2,0.47,0.47,2025-03-17,1045,N,nominal,2.0NRT,295.29,8.59,D
-18.43206,49.30572,333.03,0.46,0.47,2025-03-17,1045,N,nominal,2.0NRT,294.18,8.59,D
-18.43639,49.31166,340.91,0.47,0.47,2025-03-17,1045,N,nominal,2.0NRT,296.3,11.67,D
-18.43721,49.30724,340.3,0.47,0.47,2025-03-17,1045,N,nominal,2.0NRT,298.41,11.67,D
-18.43283,49.30637,346.67,0.47,0.47,2025-03-17,1045,N,nominal,2.0NRT,295.34,11.67,D
-18.02038,47.47416,340.93,0.55,0.43,2025-03-17,1045,N,nominal,2.0NRT,297.87,4.49,D
-19.51949,33.32646,328.46,0.37,0.58,2025-03-17,1045,N,nominal,2.0NRT,289.88,2.59,D
-17.21576,45.76125,333.62,0.46,0.39,2025-03-17,1045,N,nominal,2.0NRT,298.83,2.23,D
-16.475,47.02095,332.44,0.55,0.43,2025-03-17,1045,N,nominal,2.0NRT,297.31,5.19,D
-16.03671,47.06781,334.64,0.56,0.43,2025-03-17,1045,N,nominal,2.0NRT,294.07,2.19,D
-15.49408,47.66801,330.37,0.41,0.45,2025-03-17,1045,N,nominal,2.0NRT,296,4.07,D
-15.43533,47.70446,343.44,0.42,0.45,2025-03-17,1045,N,nominal,2.0NRT,297.77,6.51,D
-8.5878,39.05346,336.47,0.4,0.37,2025-03-17,1049,N,low,2.0NRT,295.55,5.55,D
-8.72952,35.35674,340.67,0.39,0.44,2025-03-17,1049,N,nominal,2.0NRT,290.42,3.37,D
-8.09409,39.28271,331.95,0.39,0.36,2025-03-17,1049,N,low,2.0NRT,300.98,5.35,D
-8.26768,35.73943,331.1,0.55,0.43,2025-03-17,1049,N,nominal,2.0NRT,292.04,2.56,D
-7.67815,39.1749,330.4,0.39,0.36,2025-03-17,1049,N,low,2.0NRT,297.93,3.14,D
-7.22661,39.37289,332.2,0.39,0.36,2025-03-17,1049,N,nominal,2.0NRT,299.13,1.22,D
-7.15848,39.33326,344,0.39,0.36,2025-03-17,1049,N,nominal,2.0NRT,298.61,3.12,D
-7.03844,39.02513,344.7,0.39,0.36,2025-03-17,1049,N,nominal,2.0NRT,301.18,5.31,D
-7.30438,36.73723,332.21,0.47,0.4,2025-03-17,1049,N,nominal,2.0NRT,296.79,4.64,D
-8.18733,26.69468,325.11,0.73,0.76,2025-03-17,1049,N,nominal,2.0NRT,286.61,2.71,D
-6.52447,38.82609,330.82,0.39,0.36,2025-03-17,1049,N,low,2.0NRT,300.45,5.26,D
-6.37171,39.49016,341.75,0.39,0.36,2025-03-17,1049,N,nominal,2.0NRT,299.99,17.51,D
-6.68598,36.98322,335.49,0.46,0.39,2025-03-17,1049,N,nominal,2.0NRT,298.57,5.01,D
-6.65024,36.99132,331.33,0.45,0.39,2025-03-17,1049,N,low,2.0NRT,297.02,5.74,D
-6.44302,37.66443,334.88,0.42,0.38,2025-03-17,1049,N,low,2.0NRT,304.78,7.21,D
-6.45235,37.06862,333.64,0.45,0.39,2025-03-17,1049,N,nominal,2.0NRT,295.14,7.32,D
-5.91676,39.26157,336.02,0.39,0.36,2025-03-17,1049,N,nominal,2.0NRT,296.27,3.32,D
-5.72599,38.82207,337.06,0.39,0.36,2025-03-17,1049,N,low,2.0NRT,302.22,2.1,D
-5.72652,38.81853,332.41,0.39,0.36,2025-03-17,1049,N,low,2.0NRT,301.39,2.1,D
-5.69348,38.87854,337.29,0.39,0.36,2025-03-17,1049,N,low,2.0NRT,302.35,5.97,D
-5.65819,38.8624,338.64,0.39,0.36,2025-03-17,1049,N,low,2.0NRT,302.76,5.18,D
-5.44734,38.9417,337.48,0.39,0.36,2025-03-17,1049,N,low,2.0NRT,302.33,4.28,D
-5.39933,38.63451,335.11,0.39,0.36,2025-03-17,1049,N,low,2.0NRT,303.35,5.02,D
-5.33248,38.98824,331.29,0.39,0.36,2025-03-17,1049,N,low,2.0NRT,301.85,2.76,D
-5.34266,38.87495,332.74,0.39,0.36,2025-03-17,1049,N,low,2.0NRT,303.51,4.44,D
-5.32608,38.63036,337.67,0.39,0.36,2025-03-17,1049,N,nominal,2.0NRT,297.31,4.45,D
-5.26732,38.97432,335.72,0.39,0.36,2025-03-17,1049,N,low,2.0NRT,303.45,2.19,D
-5.32772,38.55087,336.31,0.39,0.36,2025-03-17,1049,N,low,2.0NRT,306.69,9.54,D
-5.13999,39.70193,333.08,0.38,0.36,2025-03-17,1049,N,nominal,2.0NRT,299.74,1.93,D
-5.18332,39.0651,346.78,0.39,0.36,2025-03-17,1049,N,nominal,2.0NRT,305.93,5.87,D
-5.17827,38.98577,342.12,0.39,0.36,2025-03-17,1049,N,low,2.0NRT,306.17,10.14,D
-5.07071,39.02613,335.65,0.39,0.36,2025-03-17,1049,N,nominal,2.0NRT,302.28,1.65,D
-5.01678,39.08934,334.47,0.39,0.36,2025-03-17,1049,N,nominal,2.0NRT,303.06,2.12,D
-5.01344,39.08884,338.42,0.39,0.36,2025-03-17,1049,N,nominal,2.0NRT,302.85,2.12,D
-5.0001,39.08685,336.62,0.39,0.36,2025-03-17,1049,N,nominal,2.0NRT,302.58,2,D
-4.96384,39.10907,338.47,0.39,0.36,2025-03-17,1049,N,nominal,2.0NRT,303.49,3.33,D
-4.71098,39.1263,333.27,0.39,0.36,2025-03-17,1049,N,nominal,2.0NRT,301.98,1.17,D
-4.68888,39.06964,339.23,0.39,0.36,2025-03-17,1049,N,nominal,2.0NRT,303.35,2.33,D
-4.54523,39.25754,341.63,0.38,0.36,2025-03-17,1049,N,nominal,2.0NRT,307.55,8.95,D
-4.513,39.31295,339.7,0.38,0.36,2025-03-17,1049,N,nominal,2.0NRT,307.13,5.18,D
-4.47924,39.45221,336.77,0.38,0.36,2025-03-17,1049,N,nominal,2.0NRT,303.54,2.78,D
-4.46928,39.38341,339.91,0.38,0.36,2025-03-17,1049,N,nominal,2.0NRT,300.4,2.85,D
-4.42915,39.4907,338.59,0.38,0.36,2025-03-17,1049,N,nominal,2.0NRT,305.71,5.14,D
-4.42111,39.45406,332.82,0.38,0.36,2025-03-17,1049,N,nominal,2.0NRT,300.59,2.83,D
-4.32708,39.38251,335.73,0.38,0.36,2025-03-17,1049,N,nominal,2.0NRT,302.79,1.79,D
-4.63064,28.9925,336.83,0.46,0.64,2025-03-17,1049,N,nominal,2.0NRT,287.25,3.1,D
-4.63209,28.99353,343.54,0.46,0.64,2025-03-17,1049,N,nominal,2.0NRT,288.17,4.5,D
-4.52232,28.8958,332.31,0.47,0.64,2025-03-17,1049,N,nominal,2.0NRT,286.52,3.37,D
-4.26886,29.01287,338.24,0.45,0.63,2025-03-17,1049,N,nominal,2.0NRT,291.64,3.52,D
-4.24119,28.74072,343.62,0.47,0.64,2025-03-17,1049,N,nominal,2.0NRT,288.05,5.61,D
-4.24393,28.74181,333.56,0.47,0.64,2025-03-17,1049,N,nominal,2.0NRT,287.98,5.69,D
-4.19613,28.73635,329.57,0.47,0.64,2025-03-17,1049,N,nominal,2.0NRT,285.85,4.5,D
-4.10915,28.73183,330.9,0.47,0.64,2025-03-17,1049,N,nominal,2.0NRT,283.17,3.83,D
-4.45044,25.6894,348.57,0.76,0.77,2025-03-17,1049,N,nominal,2.0NRT,288.21,17.14,D
-4.45139,25.68239,326.66,0.76,0.77,2025-03-17,1049,N,nominal,2.0NRT,287.07,7.88,D
-4.45499,25.68907,338.78,0.76,0.77,2025-03-17,1049,N,nominal,2.0NRT,287.56,11.55,D
-4.44778,25.68819,329.49,0.76,0.77,2025-03-17,1049,N,nominal,2.0NRT,287.22,6.2,D
-4.02937,25.43445,325.7,0.78,0.78,2025-03-17,1049,N,nominal,2.0NRT,287.04,6.37,D
-34.38091,21.28008,334.41,0.38,0.36,2025-03-17,1223,N,nominal,2.0NRT,302.12,4.33,D
-34.38154,21.27586,334.24,0.38,0.36,2025-03-17,1223,N,nominal,2.0NRT,301.62,2.95,D
-33.63724,22.11163,335.81,0.39,0.36,2025-03-17,1223,N,nominal,2.0NRT,306.36,1.36,D
-33.26414,22.77141,343.47,0.4,0.37,2025-03-17,1223,N,nominal,2.0NRT,302.74,3.81,D
-33.26495,22.76862,330.55,0.4,0.37,2025-03-17,1223,N,low,2.0NRT,303.26,5.26,D
-33.74449,18.63496,339.88,0.42,0.38,2025-03-17,1223,N,nominal,2.0NRT,310.1,4.75,D
-33.69847,18.84772,335.44,0.42,0.38,2025-03-17,1223,N,low,2.0NRT,309.98,4.84,D
-33.62204,18.94029,335.45,0.42,0.37,2025-03-17,1223,N,low,2.0NRT,310.41,2.41,D
-33.62264,18.93575,352.02,0.42,0.37,2025-03-17,1223,N,nominal,2.0NRT,310.75,5.6,D
-33.62206,18.93699,353.7,0.42,0.37,2025-03-17,1223,N,nominal,2.0NRT,310.89,6.17,D
-33.52193,18.82692,343.13,0.42,0.37,2025-03-17,1223,N,nominal,2.0NRT,311.35,5.78,D
-33.51845,18.82625,349.83,0.42,0.37,2025-03-17,1223,N,nominal,2.0NRT,310.83,5.78,D
-33.50784,18.85218,343.86,0.42,0.37,2025-03-17,1223,N,nominal,2.0NRT,311.05,3.23,D
-33.53051,18.51834,354.87,0.43,0.38,2025-03-17,1223,N,nominal,2.0NRT,311.66,11.49,D
-33.52698,18.51775,351.48,0.43,0.38,2025-03-17,1223,N,nominal,2.0NRT,324.43,21.63,D
-33.52345,18.51719,341.18,0.43,0.38,2025-03-17,1223,N,nominal,2.0NRT,305.97,21.63,D
-33.44594,18.8079,367,0.42,0.37,2025-03-17,1223,N,high,2.0NRT,317.25,22.65,D
-33.42935,18.90659,337.58,0.41,0.37,2025-03-17,1223,N,low,2.0NRT,309.68,2.07,D
-33.44246,18.80722,349.62,0.42,0.37,2025-03-17,1223,N,nominal,2.0NRT,317.97,22.65,D
-33.39838,18.92109,348.36,0.41,0.37,2025-03-17,1223,N,nominal,2.0NRT,309.46,6.68,D
-33.38357,18.97807,336.91,0.41,0.37,2025-03-17,1223,N,nominal,2.0NRT,308.18,1.73,D
-33.3801,18.97742,367,0.41,0.37,2025-03-17,1223,N,high,2.0NRT,307.75,12.45,D
-33.37664,18.97676,354.96,0.41,0.37,2025-03-17,1223,N,nominal,2.0NRT,307.02,12.45,D
-33.41167,18.71531,340.67,0.42,0.38,2025-03-17,1223,N,nominal,2.0NRT,310.45,3.1,D
-33.40818,18.71464,345.1,0.42,0.38,2025-03-17,1223,N,nominal,2.0NRT,310.9,23.43,D
-33.37092,18.96651,347.57,0.41,0.37,2025-03-17,1223,N,nominal,2.0NRT,312.22,11.77,D
-33.36686,18.97031,336.49,0.41,0.37,2025-03-17,1223,N,nominal,2.0NRT,309.36,3.87,D
-33.36746,18.96584,352.6,0.41,0.37,2025-03-17,1223,N,nominal,2.0NRT,306.93,15.72,D
-33.36806,18.96137,345.95,0.41,0.37,2025-03-17,1223,N,nominal,2.0NRT,312.71,15.72,D
-33.364,18.96518,338.38,0.41,0.37,2025-03-17,1223,N,low,2.0NRT,310.78,15.72,D
-33.3646,18.9607,352.15,0.41,0.37,2025-03-17,1223,N,nominal,2.0NRT,316.51,15.72,D
-33.31694,19.02495,339.71,0.41,0.37,2025-03-17,1223,N,low,2.0NRT,311.01,3.15,D
-33.31349,19.0243,337,0.41,0.37,2025-03-17,1223,N,nominal,2.0NRT,310.28,3.15,D
-33.31003,19.02365,367,0.41,0.37,2025-03-17,1223,N,high,2.0NRT,314.26,13.43,D
-33.29618,18.63874,350.49,0.42,0.38,2025-03-17,1223,N,nominal,2.0NRT,314.75,8.72,D
-33.25002,18.82542,346.35,0.42,0.37,2025-03-17,1223,N,nominal,2.0NRT,312.19,13.7,D
-33.24654,18.82474,354.42,0.42,0.37,2025-03-17,1223,N,nominal,2.0NRT,316.33,13.7,D
-33.20031,18.7943,356.74,0.42,0.37,2025-03-17,1223,N,nominal,2.0NRT,312.96,8.76,D
-33.19804,18.78469,339.54,0.42,0.37,2025-03-17,1223,N,low,2.0NRT,311.03,4.25,D
-33.19336,18.79297,346.02,0.42,0.37,2025-03-17,1223,N,nominal,2.0NRT,311.48,6.96,D
-33.19396,18.7885,347.87,0.42,0.37,2025-03-17,1223,N,nominal,2.0NRT,312.39,4.25,D
-33.19456,18.784,347.96,0.42,0.37,2025-03-17,1223,N,nominal,2.0NRT,311.74,4.25,D
-33.18541,18.63826,351.19,0.42,0.38,2025-03-17,1223,N,nominal,2.0NRT,313.98,4.4,D
-33.18602,18.63368,337.26,0.42,0.38,2025-03-17,1223,N,low,2.0NRT,310.93,4.4,D
-33.18192,18.63761,348.89,0.42,0.38,2025-03-17,1223,N,nominal,2.0NRT,312.16,7.56,D
-33.1305,18.86372,341.31,0.41,0.37,2025-03-17,1223,N,nominal,2.0NRT,308.08,4.88,D
-33.15094,18.46254,341.41,0.43,0.38,2025-03-17,1223,N,nominal,2.0NRT,313,3.22,D
-32.97203,19.00446,348.98,0.41,0.37,2025-03-17,1223,N,nominal,2.0NRT,311.87,5.68,D
-32.97263,19,342.38,0.41,0.37,2025-03-17,1223,N,nominal,2.0NRT,309.73,5.68,D
-32.99974,18.57935,342.63,0.42,0.38,2025-03-17,1223,N,nominal,2.0NRT,312,8.74,D
-33.00035,18.57477,343.36,0.42,0.38,2025-03-17,1223,N,nominal,2.0NRT,316.56,8.74,D
-32.99625,18.5787,356.54,0.42,0.38,2025-03-17,1223,N,nominal,2.0NRT,313.23,14.79,D
-32.99686,18.57411,349.57,0.42,0.38,2025-03-17,1223,N,nominal,2.0NRT,314.49,14.79,D
-32.58508,18.51778,346.1,0.42,0.38,2025-03-17,1223,N,nominal,2.0NRT,312.75,4.11,D
-32.34389,19.11002,339.26,0.4,0.37,2025-03-17,1223,N,nominal,2.0NRT,308.22,5.09,D
-32.34047,19.1094,339.6,0.4,0.37,2025-03-17,1223,N,nominal,2.0NRT,309.86,5.09,D
-32.33703,19.10882,334.83,0.4,0.37,2025-03-17,1223,N,nominal,2.0NRT,305.45,3.66,D
-32.32006,19.18132,349.81,0.4,0.37,2025-03-17,1223,N,nominal,2.0NRT,309.03,13.18,D
-32.32065,19.17711,350.08,0.4,0.37,2025-03-17,1223,N,nominal,2.0NRT,309.22,6.92,D
-32.31609,19.18471,337.23,0.4,0.37,2025-03-17,1223,N,nominal,2.0NRT,311.48,13.18,D
-32.31667,19.18052,345.78,0.4,0.37,2025-03-17,1223,N,nominal,2.0NRT,312.94,13.18,D
-32.30989,19.17885,339.53,0.4,0.37,2025-03-17,1223,N,low,2.0NRT,310.42,4.82,D
-32.30708,19.17379,335.51,0.4,0.37,2025-03-17,1223,N,low,2.0NRT,307.99,9.73,D
-32.30766,19.16957,332.76,0.4,0.37,2025-03-17,1223,N,low,2.0NRT,304.48,9.73,D
-32.30425,19.16888,346.76,0.4,0.37,2025-03-17,1223,N,nominal,2.0NRT,310.85,9.73,D
-32.30482,19.16475,337.78,0.4,0.37,2025-03-17,1223,N,nominal,2.0NRT,307.55,3.26,D
-32.30197,19.16,336.2,0.4,0.37,2025-03-17,1223,N,nominal,2.0NRT,304.03,1.58,D
-32.3037,19.14748,335.64,0.4,0.37,2025-03-17,1223,N,nominal,2.0NRT,304.75,4.19,D
-32.30428,19.14332,346.52,0.4,0.37,2025-03-17,1223,N,nominal,2.0NRT,306.66,4.19,D
-32.30202,19.13424,337.46,0.4,0.37,2025-03-17,1223,N,nominal,2.0NRT,304.75,5.02,D
-32.30126,19.14793,332.29,0.4,0.37,2025-03-17,1223,N,low,2.0NRT,305.8,2.6,D
-32.30184,19.14376,337.12,0.4,0.37,2025-03-17,1223,N,low,2.0NRT,307.7,2.6,D
-32.30242,19.13957,340.7,0.4,0.37,2025-03-17,1223,N,nominal,2.0NRT,306.78,5.63,D
-32.30018,19.13046,331.64,0.4,0.37,2025-03-17,1223,N,low,2.0NRT,302.45,1.75,D
-25.72749,27.61268,340.23,0.57,0.52,2025-03-17,1225,N,nominal,2.0NRT,289.72,7.45,D
-17.39466,24.65686,340.76,0.54,0.51,2025-03-17,1227,N,nominal,2.0NRT,298.02,5.06,D
-17.39337,24.65354,340.56,0.54,0.51,2025-03-17,1227,N,nominal,2.0NRT,298.43,3.41,D
-14.7113,26.80948,329.32,0.42,0.61,2025-03-17,1227,N,nominal,2.0NRT,298.96,4.3,D
-14.1538,19.15283,336.13,0.44,0.39,2025-03-17,1227,N,nominal,2.0NRT,296.78,6.03,D
-8.19025,26.67871,329.45,0.54,0.68,2025-03-17,1229,N,nominal,2.0NRT,289.19,3.41,D
-4.88088,17.69126,347.82,0.48,0.4,2025-03-17,1232,N,nominal,2.0NRT,299,11.71,D
-8.19118,26.67374,325.94,0.54,0.68,2025-03-17,1229,N,nominal,2.0NRT,289.71,3.41,D
-9.67995,16.15705,332.39,0.39,0.36,2025-03-17,1229,N,nominal,2.0NRT,300.19,1.51,D
-9.62817,16.22538,336.41,0.39,0.36,2025-03-17,1229,N,nominal,2.0NRT,301.17,3.51,D
-9.51934,16.87414,333.35,0.4,0.37,2025-03-17,1229,N,nominal,2.0NRT,297.54,2.95,D
-9.47623,16.38683,330.4,0.39,0.36,2025-03-17,1229,N,nominal,2.0NRT,300.06,2.87,D
-9.62076,15.37903,332.94,0.38,0.36,2025-03-17,1229,N,nominal,2.0NRT,298.04,2.06,D
-9.45991,16.33658,331.26,0.39,0.36,2025-03-17,1229,N,low,2.0NRT,301.58,7.03,D
-9.45655,16.33606,340.25,0.39,0.36,2025-03-17,1229,N,nominal,2.0NRT,303.25,7.03,D
-9.48386,16.02684,333.75,0.39,0.36,2025-03-17,1229,N,nominal,2.0NRT,299.48,6.23,D
-9.43406,16.23738,336.6,0.39,0.36,2025-03-17,1229,N,nominal,2.0NRT,300.02,3.75,D
-9.3695,16.562,336.72,0.4,0.37,2025-03-17,1229,N,nominal,2.0NRT,298.98,4.22,D
-9.4569,15.9358,338.56,0.39,0.36,2025-03-17,1229,N,nominal,2.0NRT,302.49,5.81,D
-9.42585,16.03581,336.85,0.39,0.36,2025-03-17,1229,N,nominal,2.0NRT,298.56,5.17,D
-9.42694,16.02873,336.43,0.39,0.36,2025-03-17,1229,N,nominal,2.0NRT,300.01,7.42,D
-9.41158,16.10621,337.67,0.39,0.36,2025-03-17,1229,N,nominal,2.0NRT,301.31,3.84,D
-9.40215,16.1229,335.59,0.39,0.36,2025-03-17,1229,N,nominal,2.0NRT,296.99,3.04,D
-9.40039,16.0899,341.94,0.39,0.36,2025-03-17,1229,N,nominal,2.0NRT,303.42,7.29,D
-9.36289,16.31021,330.11,0.39,0.36,2025-03-17,1229,N,nominal,2.0NRT,297.82,2.55,D
-9.38414,16.06196,330.72,0.39,0.36,2025-03-17,1229,N,nominal,2.0NRT,299.06,1.13,D
-7.48434,26.88227,327.86,0.57,0.69,2025-03-17,1229,N,nominal,2.0NRT,285.35,3.75,D
-9.33791,16.07288,339.52,0.39,0.36,2025-03-17,1229,N,nominal,2.0NRT,302.24,3.95,D
-9.57391,14.30399,332.29,0.39,0.36,2025-03-17,1229,N,nominal,2.0NRT,297.14,1.26,D
-9.28649,16.12598,342.42,0.39,0.36,2025-03-17,1229,N,nominal,2.0NRT,299.85,9.06,D
-9.34457,15.72641,332.01,0.39,0.36,2025-03-17,1229,N,nominal,2.0NRT,298.63,3.5,D
-9.37602,15.47646,334.42,0.38,0.36,2025-03-17,1229,N,nominal,2.0NRT,300.68,3.46,D
-9.28734,16.03167,335.3,0.39,0.36,2025-03-17,1229,N,nominal,2.0NRT,301.05,4.29,D
-9.70399,13.21504,337.57,0.42,0.37,2025-03-17,1229,N,nominal,2.0NRT,296.16,5.41,D
-9.25438,16.00115,337.35,0.39,0.36,2025-03-17,1229,N,nominal,2.0NRT,298.69,5.67,D
-9.26198,15.92994,342.35,0.39,0.36,2025-03-17,1229,N,nominal,2.0NRT,303.42,17.08,D
-9.20068,15.91606,334.84,0.39,0.36,2025-03-17,1229,N,nominal,2.0NRT,296.54,2.75,D
-9.18543,15.70455,331.26,0.39,0.36,2025-03-17,1229,N,nominal,2.0NRT,296.77,1.73,D
-9.07058,15.92395,336.09,0.39,0.36,2025-03-17,1229,N,nominal,2.0NRT,296.73,5.24,D
-9.14395,15.24579,334.69,0.38,0.36,2025-03-17,1229,N,nominal,2.0NRT,295.25,1.54,D
-9.05781,15.70539,337.9,0.39,0.36,2025-03-17,1229,N,nominal,2.0NRT,299.65,3.69,D
-9.04458,15.7249,344.86,0.39,0.36,2025-03-17,1229,N,nominal,2.0NRT,300.4,5.32,D
-9.12828,14.88537,339.96,0.38,0.36,2025-03-17,1229,N,nominal,2.0NRT,298.56,5.62,D
-8.37047,19.34978,340.09,0.53,0.42,2025-03-17,1229,N,nominal,2.0NRT,283.49,10.48,D
-8.96827,15.20357,335.9,0.38,0.36,2025-03-17,1229,N,nominal,2.0NRT,295.36,2.76,D
-8.80099,15.28067,355.18,0.38,0.36,2025-03-17,1229,N,nominal,2.0NRT,303.9,21.88,D
-8.80152,15.27718,348.64,0.38,0.36,2025-03-17,1229,N,nominal,2.0NRT,297.27,6.11,D
-8.71051,15.63129,332.09,0.39,0.36,2025-03-17,1229,N,nominal,2.0NRT,296.57,2.8,D
-8.69517,15.55346,330.46,0.39,0.36,2025-03-17,1229,N,nominal,2.0NRT,297.62,2.71,D
-8.58212,15.56446,336.38,0.39,0.36,2025-03-17,1229,N,nominal,2.0NRT,298.81,5.14,D
-8.30718,15.85574,332.69,0.39,0.36,2025-03-17,1229,N,nominal,2.0NRT,291.3,3.86,D
-8.23569,15.75005,334.1,0.39,0.36,2025-03-17,1229,N,nominal,2.0NRT,296.32,2.66,D
-8.24755,15.65088,331.32,0.39,0.36,2025-03-17,1229,N,nominal,2.0NRT,298.12,3.87,D
-8.18701,15.8655,332.43,0.39,0.36,2025-03-17,1229,N,nominal,2.0NRT,295.42,2.95,D
-8.19723,15.73322,334.2,0.39,0.36,2025-03-17,1229,N,nominal,2.0NRT,297.55,3.41,D
-8.18836,15.74628,332.25,0.39,0.36,2025-03-17,1229,N,nominal,2.0NRT,296.65,2.2,D
-8.18612,15.74873,331.56,0.39,0.36,2025-03-17,1229,N,nominal,2.0NRT,295.66,2.18,D
-7.91641,17.42192,332.69,0.43,0.38,2025-03-17,1229,N,nominal,2.0NRT,295.75,5.22,D
-7.93374,16.7923,332.16,0.41,0.37,2025-03-17,1229,N,nominal,2.0NRT,295.4,4.37,D
-7.93433,16.78855,333.1,0.41,0.37,2025-03-17,1229,N,nominal,2.0NRT,296.87,4.27,D
-7.92122,16.78247,338.51,0.41,0.37,2025-03-17,1229,N,nominal,2.0NRT,297.18,5.2,D
-6.42322,25.51004,329.82,0.48,0.65,2025-03-17,1229,N,nominal,2.0NRT,290.03,4.07,D
-7.60832,17.38594,332.86,0.43,0.38,2025-03-17,1229,N,nominal,2.0NRT,300.16,4.39,D
-7.60894,17.38205,334.2,0.43,0.38,2025-03-17,1229,N,nominal,2.0NRT,303.08,3.63,D
-7.6089,17.38228,338.42,0.44,0.38,2025-03-17,1229,N,nominal,2.0NRT,303.25,4.2,D
-7.85188,15.54429,345.51,0.39,0.36,2025-03-17,1229,N,nominal,2.0NRT,296.15,6.01,D
-6.31165,24.86061,334.48,0.44,0.62,2025-03-17,1229,N,nominal,2.0NRT,292,7.06,D
-6.30515,24.86376,327.99,0.44,0.62,2025-03-17,1229,N,nominal,2.0NRT,290.15,3.77,D
-6.30584,24.85983,334.19,0.44,0.62,2025-03-17,1229,N,nominal,2.0NRT,290.47,3.77,D
-6.31003,24.83607,353.3,0.44,0.62,2025-03-17,1229,N,nominal,2.0NRT,292.18,9.15,D
-6.30429,24.83495,367,0.44,0.62,2025-03-17,1229,N,high,2.0NRT,291.54,9.15,D
-7.50538,17.19374,330.08,0.43,0.38,2025-03-17,1229,N,nominal,2.0NRT,299.14,2.48,D
-6.13136,25.27967,351.06,0.47,0.64,2025-03-17,1229,N,nominal,2.0NRT,291.65,7.23,D
-6.1254,25.27876,333.64,0.47,0.64,2025-03-17,1229,N,nominal,2.0NRT,291.74,5.87,D
-6.12612,25.27466,346.94,0.47,0.64,2025-03-17,1229,N,nominal,2.0NRT,290.25,5.87,D
-6.23053,24.68174,337.18,0.43,0.62,2025-03-17,1229,N,nominal,2.0NRT,291.79,6.16,D
-6.08682,25.42693,367,0.48,0.65,2025-03-17,1229,N,high,2.0NRT,291.2,10.64,D
-6.08604,25.43131,335.93,0.48,0.65,2025-03-17,1229,N,nominal,2.0NRT,290.11,13.38,D
-6.1963,24.7088,333.04,0.43,0.62,2025-03-17,1229,N,nominal,2.0NRT,291.83,5.04,D
-7.63542,16.09155,332.98,0.4,0.37,2025-03-17,1229,N,nominal,2.0NRT,295.43,2.48,D
-7.45687,17.20551,341.99,0.43,0.38,2025-03-17,1229,N,nominal,2.0NRT,300.44,10.22,D
-7.6326,16.08744,330.13,0.4,0.37,2025-03-17,1229,N,nominal,2.0NRT,294.87,2.05,D
-7.31942,17.68727,347.42,0.45,0.39,2025-03-17,1229,N,nominal,2.0NRT,296.94,8.54,D
-7.6268,15.49066,344.48,0.39,0.36,2025-03-17,1229,N,nominal,2.0NRT,299.88,7.75,D
-7.62293,15.49366,335.36,0.39,0.36,2025-03-17,1229,N,nominal,2.0NRT,298.33,3.77,D
-7.58676,15.48452,332.12,0.39,0.36,2025-03-17,1229,N,nominal,2.0NRT,292.97,1.26,D
-7.57921,15.47539,330.54,0.39,0.36,2025-03-17,1229,N,nominal,2.0NRT,296.29,2.93,D
-7.57588,15.47488,333.5,0.39,0.36,2025-03-17,1229,N,nominal,2.0NRT,295.17,2.93,D
-7.56479,15.4804,334.24,0.39,0.36,2025-03-17,1229,N,nominal,2.0NRT,297.63,3.26,D
-7.56145,15.47989,331.97,0.39,0.36,2025-03-17,1229,N,nominal,2.0NRT,292.82,3.26,D
-7.31222,17.06842,336.2,0.43,0.38,2025-03-17,1229,N,nominal,2.0NRT,295.05,1.99,D
-7.53973,15.35453,335.57,0.39,0.36,2025-03-17,1229,N,nominal,2.0NRT,296.62,2.83,D
-5.99478,24.43867,333.46,0.42,0.61,2025-03-17,1229,N,nominal,2.0NRT,291.84,3.96,D
-5.99788,24.43842,333.04,0.42,0.61,2025-03-17,1232,N,nominal,2.0NRT,291.84,2.89,D
-6.09223,23.88497,339.23,0.38,0.59,2025-03-17,1232,N,nominal,2.0NRT,290.63,2.97,D
-6.09031,23.86337,331.7,0.38,0.59,2025-03-17,1232,N,nominal,2.0NRT,291.26,2.04,D
-7.37658,15.91088,334.68,0.39,0.36,2025-03-17,1232,N,nominal,2.0NRT,298.38,3.28,D
-5.96173,24.5132,332.28,0.42,0.61,2025-03-17,1232,N,nominal,2.0NRT,291.69,3.55,D
-5.95605,24.51222,339.28,0.42,0.61,2025-03-17,1232,N,nominal,2.0NRT,288.79,3.55,D
-7.34787,15.85167,346.96,0.39,0.36,2025-03-17,1232,N,nominal,2.0NRT,299.78,5.71,D
-7.34842,15.84811,332.35,0.39,0.36,2025-03-17,1232,N,nominal,2.0NRT,298.82,5.71,D
-5.81316,24.9537,330.64,0.45,0.63,2025-03-17,1232,N,nominal,2.0NRT,292.28,11.58,D
-5.80727,24.95289,367,0.45,0.63,2025-03-17,1232,N,high,2.0NRT,294.06,11.58,D
-5.79763,24.97303,333.34,0.45,0.63,2025-03-17,1232,N,nominal,2.0NRT,292.22,4.61,D
-7.38484,15.2435,332.99,0.39,0.36,2025-03-17,1232,N,nominal,2.0NRT,298.77,4.59,D
-5.80913,24.95276,367,0.45,0.63,2025-03-17,1232,N,high,2.0NRT,293.99,10.25,D
-5.80842,24.95692,351.05,0.45,0.63,2025-03-17,1232,N,nominal,2.0NRT,292.71,10.25,D
-5.79963,24.97299,329.41,0.46,0.63,2025-03-17,1232,N,nominal,2.0NRT,292.56,5.77,D
-5.80324,24.95195,336.88,0.45,0.63,2025-03-17,1232,N,nominal,2.0NRT,292.11,4.56,D
-5.78276,25.00083,328.39,0.46,0.63,2025-03-17,1232,N,nominal,2.0NRT,288.02,3.43,D
-6.95431,17.92328,339.75,0.47,0.39,2025-03-17,1232,N,nominal,2.0NRT,287.43,4.99,D
-5.54158,26.09069,354.77,0.55,0.68,2025-03-17,1232,N,nominal,2.0NRT,289.05,9.6,D
-6.94203,17.76675,338.52,0.46,0.39,2025-03-17,1232,N,nominal,2.0NRT,298.79,7.78,D
-6.72068,19.06282,332.72,0.54,0.42,2025-03-17,1232,N,nominal,2.0NRT,294.9,7.79,D
-6.72148,19.05793,343.34,0.54,0.42,2025-03-17,1232,N,nominal,2.0NRT,297.47,11.01,D
-6.90751,17.77406,343.72,0.46,0.39,2025-03-17,1232,N,nominal,2.0NRT,298.91,12.01,D
-6.90819,17.7699,351.37,0.46,0.39,2025-03-17,1232,N,nominal,2.0NRT,299.75,7.41,D
-6.91488,17.72844,347.48,0.46,0.39,2025-03-17,1232,N,nominal,2.0NRT,298.72,7.54,D
-6.89961,17.77709,331.02,0.46,0.39,2025-03-17,1232,N,nominal,2.0NRT,294.43,6.33,D
-6.90095,17.76881,345.84,0.46,0.39,2025-03-17,1232,N,nominal,2.0NRT,300.18,5.34,D
-7.29549,15.22621,334.61,0.39,0.36,2025-03-17,1232,N,nominal,2.0NRT,296.68,4.1,D
-6.89999,17.76926,343.57,0.46,0.39,2025-03-17,1232,N,nominal,2.0NRT,300.7,9.48,D
-7.22207,15.46524,331.49,0.39,0.36,2025-03-17,1232,N,nominal,2.0NRT,295.88,1.82,D
-7.21323,15.47831,332.61,0.39,0.36,2025-03-17,1232,N,nominal,2.0NRT,295.15,2.63,D
-7.14484,15.87747,332.63,0.39,0.37,2025-03-17,1232,N,nominal,2.0NRT,295.32,2.9,D
-7.19681,15.54062,334.56,0.39,0.36,2025-03-17,1232,N,nominal,2.0NRT,295.48,3.59,D
-7.22101,15.36092,345.67,0.39,0.36,2025-03-17,1232,N,nominal,2.0NRT,297.3,6.82,D
-7.18469,15.57487,331.74,0.39,0.36,2025-03-17,1232,N,nominal,2.0NRT,295.54,3.83,D
-7.24716,15.16813,334.74,0.39,0.36,2025-03-17,1232,N,nominal,2.0NRT,296.62,6.91,D
-7.24383,15.16762,341.23,0.39,0.36,2025-03-17,1232,N,nominal,2.0NRT,297.53,6.91,D
-5.67679,24.64982,329.24,0.43,0.62,2025-03-17,1232,N,nominal,2.0NRT,287.57,2.5,D
-7.18642,15.45259,349.6,0.39,0.36,2025-03-17,1232,N,nominal,2.0NRT,297.4,7.29,D
-7.19055,15.38136,334.66,0.39,0.36,2025-03-17,1232,N,nominal,2.0NRT,297.33,4.92,D
-7.20015,15.18589,333.02,0.39,0.36,2025-03-17,1232,N,nominal,2.0NRT,294.79,2.23,D
-7.19307,15.2098,332.57,0.39,0.36,2025-03-17,1232,N,nominal,2.0NRT,297.02,1.98,D
-7.19896,15.17143,345.01,0.39,0.36,2025-03-17,1232,N,nominal,2.0NRT,296.92,10.3,D
-6.77648,17.70415,335.89,0.46,0.39,2025-03-17,1232,N,nominal,2.0NRT,296.56,3.73,D
-7.15494,15.22159,330.08,0.39,0.36,2025-03-17,1232,N,nominal,2.0NRT,293.84,1.87,D
-7.10158,15.5473,335.64,0.39,0.36,2025-03-17,1232,N,nominal,2.0NRT,292.84,5.69,D
-7.14043,15.20506,330.41,0.39,0.36,2025-03-17,1232,N,nominal,2.0NRT,290.36,1.88,D
-5.44345,25.40418,340.23,0.49,0.65,2025-03-17,1232,N,nominal,2.0NRT,290.16,11.25,D
-5.4442,25.39995,343.44,0.49,0.65,2025-03-17,1232,N,nominal,2.0NRT,290.07,9.67,D
-6.27692,20.51728,336.56,0.45,0.47,2025-03-17,1232,N,nominal,2.0NRT,294.05,4.07,D
-7.07147,15.5427,338.55,0.39,0.36,2025-03-17,1232,N,nominal,2.0NRT,295.59,3.87,D
-6.26358,20.54406,346.23,0.45,0.47,2025-03-17,1232,N,nominal,2.0NRT,299.86,7.66,D
-6.26426,20.54001,338.35,0.45,0.47,2025-03-17,1232,N,nominal,2.0NRT,295.59,7.66,D
-6.25924,20.54348,350.64,0.45,0.47,2025-03-17,1232,N,nominal,2.0NRT,295.99,7.66,D
-7.06479,15.54166,350.26,0.39,0.36,2025-03-17,1232,N,nominal,2.0NRT,296.03,9.49,D
-7.06144,15.54114,350.16,0.39,0.36,2025-03-17,1232,N,nominal,2.0NRT,293.38,13.07,D
-7.05756,15.54413,345.94,0.39,0.36,2025-03-17,1232,N,nominal,2.0NRT,291.36,13.07,D
-7.22025,14.48011,338.71,0.38,0.36,2025-03-17,1232,N,nominal,2.0NRT,297.45,2.93,D
-7.08886,15.31886,332.41,0.39,0.36,2025-03-17,1232,N,nominal,2.0NRT,296.48,2.79,D
-7.0894,15.31537,333.76,0.39,0.36,2025-03-17,1232,N,nominal,2.0NRT,297.66,2.79,D
-7.04744,15.52096,331.82,0.39,0.36,2025-03-17,1232,N,nominal,2.0NRT,295.5,2.12,D
-6.57371,18.42559,354.29,0.5,0.41,2025-03-17,1232,N,nominal,2.0NRT,296.93,12.17,D
-7.05479,15.40697,336.72,0.39,0.36,2025-03-17,1232,N,nominal,2.0NRT,299.26,3.58,D
-7.18641,14.54618,355.61,0.38,0.36,2025-03-17,1232,N,nominal,2.0NRT,299.16,12.87,D
-6.56995,18.42501,351.24,0.5,0.41,2025-03-17,1232,N,nominal,2.0NRT,296.46,12.17,D
-7.02424,15.58234,332.42,0.39,0.36,2025-03-17,1232,N,nominal,2.0NRT,295.31,2.42,D
-6.57316,18.42675,346.67,0.5,0.41,2025-03-17,1232,N,nominal,2.0NRT,297.72,25.12,D
-6.57387,18.42226,331.72,0.5,0.41,2025-03-17,1232,N,nominal,2.0NRT,295.89,7.32,D
-6.43976,19.16724,332.51,0.55,0.43,2025-03-17,1232,N,nominal,2.0NRT,293.31,3.28,D
-7.05759,15.21668,337.83,0.39,0.36,2025-03-17,1232,N,nominal,2.0NRT,290.45,3.58,D
-7.20913,14.22066,332.2,0.39,0.36,2025-03-17,1232,N,nominal,2.0NRT,300,3.2,D
-6.35078,19.64378,336.62,0.39,0.44,2025-03-17,1232,N,nominal,2.0NRT,293.14,2.76,D
-6.78483,16.91438,332.61,0.42,0.38,2025-03-17,1232,N,nominal,2.0NRT,295.89,2.91,D
-6.78135,16.91383,341.81,0.42,0.38,2025-03-17,1232,N,nominal,2.0NRT,295.84,6.29,D
-7.18506,14.26708,330.56,0.39,0.36,2025-03-17,1232,N,nominal,2.0NRT,298.18,4.82,D
-7.17087,14.22559,330.63,0.39,0.36,2025-03-17,1232,N,nominal,2.0NRT,298.05,2.87,D
-7.16951,14.05335,331.71,0.39,0.36,2025-03-17,1232,N,nominal,2.0NRT,295.27,5.81,D
-6.94904,15.39005,332.98,0.39,0.36,2025-03-17,1232,N,nominal,2.0NRT,297.98,2.25,D
-6.93296,15.12538,333.92,0.39,0.36,2025-03-17,1232,N,nominal,2.0NRT,292.9,2.42,D
-6.87034,15.48874,332.61,0.39,0.36,2025-03-17,1232,N,nominal,2.0NRT,296.29,3.24,D
-6.93537,14.97609,336.3,0.38,0.36,2025-03-17,1232,N,nominal,2.0NRT,290.49,5.84,D
-6.81081,15.74069,339.4,0.39,0.36,2025-03-17,1232,N,nominal,2.0NRT,294.08,3.8,D
-5.23057,25.15445,328.68,0.48,0.64,2025-03-17,1232,N,nominal,2.0NRT,291.26,7.69,D
-5.23002,25.05442,331.73,0.47,0.64,2025-03-17,1232,N,nominal,2.0NRT,288.01,4.25,D
-6.89417,14.91569,335.29,0.38,0.36,2025-03-17,1232,N,nominal,2.0NRT,290.79,2.53,D
-5.18709,25.39572,330.14,0.5,0.66,2025-03-17,1232,N,nominal,2.0NRT,284.95,3.77,D
-5.22317,25.14891,335.5,0.48,0.65,2025-03-17,1232,N,nominal,2.0NRT,291.41,5.54,D
-6.86147,14.99614,333.07,0.38,0.36,2025-03-17,1232,N,nominal,2.0NRT,297.31,7.05,D
-6.2525,18.86365,344.95,0.53,0.42,2025-03-17,1232,N,nominal,2.0NRT,290.85,5.56,D
-6.25329,18.85875,334.41,0.53,0.42,2025-03-17,1232,N,nominal,2.0NRT,289.25,5.56,D
-6.8483,15.01551,343.3,0.39,0.36,2025-03-17,1232,N,nominal,2.0NRT,301.63,24.34,D
-5.18344,25.16483,338.58,0.48,0.65,2025-03-17,1232,N,nominal,2.0NRT,292.1,6.4,D
-6.83778,15.01746,343.55,0.39,0.36,2025-03-17,1232,N,nominal,2.0NRT,296.02,8.53,D
-6.84417,14.97568,343.66,0.38,0.36,2025-03-17,1232,N,nominal,2.0NRT,296.54,6.53,D
-5.34602,23.89533,330.87,0.39,0.59,2025-03-17,1232,N,nominal,2.0NRT,289.8,5.53,D
-5.34061,23.89388,352.8,0.39,0.59,2025-03-17,1232,N,nominal,2.0NRT,289.53,5.53,D
-5.3338,23.90032,340.82,0.39,0.59,2025-03-17,1232,N,nominal,2.0NRT,290.66,5.36,D
-5.33449,23.8964,351.54,0.39,0.59,2025-03-17,1232,N,nominal,2.0NRT,290.42,5.36,D
-6.81208,14.89603,337.34,0.38,0.36,2025-03-17,1232,N,nominal,2.0NRT,290.01,3.3,D
-5.34126,23.89401,367,0.39,0.59,2025-03-17,1232,N,high,2.0NRT,290.51,9.57,D
-5.33452,23.90038,344.08,0.39,0.59,2025-03-17,1232,N,nominal,2.0NRT,290.83,10.28,D
-5.33518,23.89645,352.01,0.39,0.59,2025-03-17,1232,N,nominal,2.0NRT,290.98,10.28,D
-6.79732,14.77611,330.66,0.38,0.36,2025-03-17,1232,N,nominal,2.0NRT,294.38,1.72,D
-6.3804,17.45024,333.82,0.45,0.39,2025-03-17,1232,N,nominal,2.0NRT,296.8,3.52,D
-6.28448,17.5443,336.3,0.46,0.39,2025-03-17,1232,N,nominal,2.0NRT,297.82,4.8,D
-6.81628,14.13453,334.41,0.39,0.36,2025-03-17,1232,N,nominal,2.0NRT,297.81,2.94,D
-6.28303,17.54465,335.91,0.46,0.39,2025-03-17,1232,N,nominal,2.0NRT,295.96,5.03,D
-6.62958,15.12018,345.82,0.39,0.36,2025-03-17,1232,N,nominal,2.0NRT,298.66,5.18,D
-5.11708,24.24281,367,0.42,0.61,2025-03-17,1232,N,high,2.0NRT,292.22,14.39,D
-5.04605,24.6539,335.45,0.45,0.63,2025-03-17,1232,N,nominal,2.0NRT,293.22,4.16,D
-5.04017,24.65331,351.98,0.45,0.63,2025-03-17,1232,N,nominal,2.0NRT,291.91,4.16,D
-6.01624,18.81566,339.97,0.53,0.42,2025-03-17,1232,N,nominal,2.0NRT,293.7,6.98,D
-4.9657,24.83779,354.92,0.46,0.63,2025-03-17,1232,N,nominal,2.0NRT,290.86,6.79,D
-4.96646,24.83348,341.49,0.46,0.63,2025-03-17,1232,N,nominal,2.0NRT,292.12,6.79,D
-4.93975,24.91563,331.51,0.47,0.64,2025-03-17,1232,N,nominal,2.0NRT,287.9,5.49,D
-5.04675,24.27838,346.57,0.42,0.61,2025-03-17,1232,N,nominal,2.0NRT,293.06,6.91,D
-5.97832,18.78018,333.28,0.53,0.42,2025-03-17,1232,N,nominal,2.0NRT,293.34,2.14,D
-5.9782,18.77654,337.14,0.53,0.42,2025-03-17,1232,N,nominal,2.0NRT,297.76,4.28,D
-4.9683,24.83695,367,0.46,0.64,2025-03-17,1232,N,high,2.0NRT,292.63,7.89,D
-4.96905,24.83252,337.54,0.46,0.64,2025-03-17,1232,N,nominal,2.0NRT,292.69,7.89,D
-5.95275,18.83685,346.88,0.54,0.42,2025-03-17,1232,N,nominal,2.0NRT,299.91,20.68,D
-4.94363,24.9108,329.86,0.47,0.64,2025-03-17,1232,N,nominal,2.0NRT,292.38,6.53,D
-5.04535,24.27623,367,0.42,0.61,2025-03-17,1232,N,high,2.0NRT,294.15,9.69,D
-6.20208,16.97763,333.39,0.43,0.38,2025-03-17,1232,N,nominal,2.0NRT,297.33,2.13,D
-6.49678,15.05964,334.89,0.39,0.36,2025-03-17,1232,N,nominal,2.0NRT,296.73,2.89,D
-5.88011,18.91571,338.63,0.54,0.42,2025-03-17,1232,N,nominal,2.0NRT,293.79,6.49,D
-5.89918,18.79853,349.07,0.53,0.42,2025-03-17,1232,N,nominal,2.0NRT,300.65,14.61,D
-5.86513,18.93369,336.65,0.55,0.42,2025-03-17,1232,N,nominal,2.0NRT,291.31,4.46,D
-5.87255,18.83957,333.53,0.54,0.42,2025-03-17,1232,N,nominal,2.0NRT,297.37,10.83,D
-5.87336,18.83467,347.43,0.54,0.42,2025-03-17,1232,N,nominal,2.0NRT,298.21,10.83,D
-4.83248,24.88429,332,0.47,0.64,2025-03-17,1232,N,nominal,2.0NRT,290.72,4.23,D
-4.83328,24.8798,335.45,0.46,0.64,2025-03-17,1232,N,nominal,2.0NRT,290.67,4.23,D
-5.86569,18.80852,349.04,0.54,0.42,2025-03-17,1232,N,nominal,2.0NRT,297.75,10.31,D
-5.86462,18.81042,341.16,0.54,0.42,2025-03-17,1232,N,nominal,2.0NRT,297.57,8.55,D
-5.8654,18.80549,330.96,0.54,0.42,2025-03-17,1232,N,nominal,2.0NRT,297.3,8.55,D
-4.82963,24.87936,343.16,0.47,0.64,2025-03-17,1232,N,nominal,2.0NRT,290.8,9.75,D
-4.90094,24.35643,356.41,0.43,0.62,2025-03-17,1232,N,nominal,2.0NRT,293.84,8.56,D
-4.76904,25.08964,333.83,0.48,0.65,2025-03-17,1232,N,nominal,2.0NRT,289.09,4.72,D
-4.85596,24.58448,342.98,0.44,0.63,2025-03-17,1232,N,nominal,2.0NRT,289.65,4.13,D
-4.89522,24.3555,337.44,0.43,0.62,2025-03-17,1232,N,nominal,2.0NRT,292.31,5.64,D
-6.49983,14.37318,334.49,0.38,0.36,2025-03-17,1232,N,nominal,2.0NRT,294.17,5.22,D
-4.80926,24.71598,332.18,0.45,0.63,2025-03-17,1232,N,nominal,2.0NRT,290.69,2.47,D
-5.78746,18.89315,339.73,0.54,0.42,2025-03-17,1232,N,nominal,2.0NRT,298.55,10.14,D
-5.82351,18.67031,333.02,0.53,0.42,2025-03-17,1232,N,nominal,2.0NRT,292.17,3.11,D
-5.82889,18.58827,336.42,0.52,0.42,2025-03-17,1232,N,nominal,2.0NRT,294.18,3.48,D
-5.83803,18.53182,338.69,0.52,0.41,2025-03-17,1232,N,nominal,2.0NRT,294.79,5.35,D
-4.58977,25.75265,334.32,0.54,0.68,2025-03-17,1232,N,nominal,2.0NRT,289.7,4.38,D
-4.83519,24.36223,333.23,0.43,0.62,2025-03-17,1232,N,nominal,2.0NRT,291.96,4.82,D
-4.83587,24.35835,349.89,0.43,0.62,2025-03-17,1232,N,nominal,2.0NRT,293.25,4.82,D
-5.78428,18.66136,330.16,0.53,0.42,2025-03-17,1232,N,nominal,2.0NRT,295.48,3.06,D
-6.14741,16.25929,334.29,0.41,0.37,2025-03-17,1232,N,nominal,2.0NRT,296.93,4.46,D
-5.73739,18.85776,332.46,0.54,0.42,2025-03-17,1232,N,nominal,2.0NRT,294.45,6.73,D
-4.83496,24.35898,349.18,0.43,0.62,2025-03-17,1232,N,nominal,2.0NRT,292.99,8.1,D
-5.73039,18.82628,334.22,0.54,0.42,2025-03-17,1232,N,nominal,2.0NRT,296.46,9.17,D
-5.7257,18.83067,345.16,0.54,0.42,2025-03-17,1232,N,nominal,2.0NRT,298.38,9.17,D
-5.72649,18.82569,336.79,0.54,0.42,2025-03-17,1232,N,nominal,2.0NRT,300.47,9.17,D
-5.76544,18.55639,335.82,0.52,0.42,2025-03-17,1232,N,nominal,2.0NRT,297.6,3.49,D
-4.76753,24.51258,342.4,0.44,0.62,2025-03-17,1232,N,nominal,2.0NRT,284.65,5.65,D
-4.7774,24.31702,350.36,0.43,0.62,2025-03-17,1232,N,nominal,2.0NRT,292.09,15.31,D
-4.77805,24.31321,341.09,0.43,0.62,2025-03-17,1232,N,nominal,2.0NRT,292.84,4.95,D
-6.2815,15.09728,337.76,0.39,0.36,2025-03-17,1232,N,nominal,2.0NRT,299.32,4.4,D
-4.77063,24.28819,331.05,0.43,0.62,2025-03-17,1232,N,nominal,2.0NRT,292.8,6.08,D
-6.05289,16.52747,333.5,0.42,0.37,2025-03-17,1232,N,nominal,2.0NRT,299.73,2.2,D
-6.07173,16.40715,347.55,0.41,0.37,2025-03-17,1232,N,nominal,2.0NRT,301.95,12.84,D
-4.71943,24.54951,332.05,0.44,0.63,2025-03-17,1232,N,nominal,2.0NRT,291.62,7.74,D
-4.76561,24.28327,338.24,0.42,0.61,2025-03-17,1232,N,nominal,2.0NRT,292.45,5.39,D
-6.06829,16.40664,336.12,0.41,0.37,2025-03-17,1232,N,nominal,2.0NRT,300.57,3.57,D
-4.71368,24.54824,367,0.44,0.63,2025-03-17,1232,N,high,2.0NRT,291.04,7.74,D
-4.71437,24.54425,367,0.44,0.63,2025-03-17,1232,N,high,2.0NRT,292,7.74,D
-4.21576,27.33033,334.21,0.69,0.74,2025-03-17,1232,N,nominal,2.0NRT,288.54,4.7,D
-4.49053,25.78526,334.26,0.54,0.68,2025-03-17,1232,N,nominal,2.0NRT,289.57,17.45,D
-4.4914,25.78034,356.78,0.54,0.68,2025-03-17,1232,N,nominal,2.0NRT,291.26,10.66,D
-6.04371,16.51831,346.54,0.42,0.37,2025-03-17,1232,N,nominal,2.0NRT,303.37,5.57,D
-6.05199,16.46556,342.52,0.42,0.37,2025-03-17,1232,N,nominal,2.0NRT,302.14,4.29,D
-4.48509,25.77933,346.43,0.54,0.68,2025-03-17,1232,N,nominal,2.0NRT,289.78,10.66,D
-6.04026,16.51773,337.66,0.42,0.37,2025-03-17,1232,N,nominal,2.0NRT,301.42,5.57,D
-6.03159,16.52785,337.9,0.42,0.37,2025-03-17,1232,N,nominal,2.0NRT,299.83,2.69,D
-6.04232,16.43726,333.62,0.41,0.37,2025-03-17,1232,N,nominal,2.0NRT,300.82,3.43,D
-6.03887,16.43676,339.62,0.41,0.37,2025-03-17,1232,N,nominal,2.0NRT,300.85,3.43,D
-6.02037,16.46448,340.81,0.42,0.37,2025-03-17,1232,N,nominal,2.0NRT,301.48,5.96,D
-6.02096,16.46074,345.8,0.42,0.37,2025-03-17,1232,N,nominal,2.0NRT,302.04,5.96,D
-6.02214,16.45329,356.69,0.41,0.37,2025-03-17,1232,N,nominal,2.0NRT,301.91,9.65,D
-6.02213,16.46079,342.56,0.42,0.37,2025-03-17,1232,N,nominal,2.0NRT,301.39,7.27,D
-6.02328,16.45332,356.35,0.42,0.37,2025-03-17,1232,N,nominal,2.0NRT,302.35,9.25,D
-6.00823,16.52796,338.71,0.42,0.37,2025-03-17,1232,N,nominal,2.0NRT,299.85,4.59,D
-6.0181,16.46401,339.91,0.42,0.37,2025-03-17,1232,N,nominal,2.0NRT,302.27,7.27,D
-6.02332,16.40731,330.93,0.41,0.37,2025-03-17,1232,N,nominal,2.0NRT,299.3,2.22,D
-6.0019,16.52309,342.2,0.42,0.37,2025-03-17,1232,N,nominal,2.0NRT,306.03,11.11,D
-6.01813,16.41811,348.55,0.41,0.37,2025-03-17,1232,N,nominal,2.0NRT,300.73,6.36,D
-5.99499,16.522,347.23,0.42,0.37,2025-03-17,1232,N,nominal,2.0NRT,303.05,10.9,D
-4.48799,25.78161,367,0.54,0.68,2025-03-17,1232,N,high,2.0NRT,291.48,10.63,D
-4.48884,25.77662,336.35,0.54,0.68,2025-03-17,1232,N,nominal,2.0NRT,289.9,10.63,D
-4.21679,27.3286,328.11,0.69,0.74,2025-03-17,1232,N,nominal,2.0NRT,287.97,2.8,D
-5.98461,16.52045,338.47,0.42,0.37,2025-03-17,1232,N,nominal,2.0NRT,303.84,5.78,D
-4.67663,24.45171,339.62,0.44,0.62,2025-03-17,1232,N,nominal,2.0NRT,291.65,4.27,D
-5.96731,16.51789,352.81,0.42,0.37,2025-03-17,1232,N,nominal,2.0NRT,303.96,20.52,D
-4.64854,24.54657,331.19,0.44,0.63,2025-03-17,1232,N,nominal,2.0NRT,290.19,3.56,D
-5.97733,16.43097,347.98,0.41,0.37,2025-03-17,1232,N,nominal,2.0NRT,299.45,11.67,D
-5.97388,16.43044,339.59,0.41,0.37,2025-03-17,1232,N,nominal,2.0NRT,301.27,11.67,D
-5.97446,16.42673,339.34,0.41,0.37,2025-03-17,1232,N,nominal,2.0NRT,304.1,7.22,D
-4.67373,24.29585,333.47,0.43,0.62,2025-03-17,1232,N,nominal,2.0NRT,291.77,6.11,D
-5.33822,20.3474,334.26,0.45,0.47,2025-03-17,1232,N,nominal,2.0NRT,294.11,2.4,D
-4.6687,24.29093,367,0.43,0.62,2025-03-17,1232,N,high,2.0NRT,293.99,9.27,D
-4.59168,24.73729,332.74,0.46,0.63,2025-03-17,1232,N,nominal,2.0NRT,291.98,6.06,D
-4.66801,24.29496,340.51,0.43,0.62,2025-03-17,1232,N,nominal,2.0NRT,291.47,9.27,D
-4.36596,25.95968,341.4,0.56,0.69,2025-03-17,1232,N,nominal,2.0NRT,289.95,5.44,D
-5.94613,16.47233,338.38,0.42,0.37,2025-03-17,1232,N,nominal,2.0NRT,299.01,3.29,D
-4.47843,25.10424,328.85,0.49,0.65,2025-03-17,1232,N,nominal,2.0NRT,288.57,4.89,D
-5.56797,18.69313,332.85,0.53,0.42,2025-03-17,1232,N,nominal,2.0NRT,294.64,5.71,D
-5.92257,16.46476,338,0.42,0.37,2025-03-17,1232,N,nominal,2.0NRT,301.94,4.89,D
-5.94554,16.31902,348.19,0.41,0.37,2025-03-17,1232,N,nominal,2.0NRT,301.91,7.68,D
-5.91852,16.46799,341.17,0.42,0.37,2025-03-17,1232,N,nominal,2.0NRT,300.68,6.69,D
-5.56737,18.62428,344.9,0.53,0.42,2025-03-17,1232,N,nominal,2.0NRT,298.92,10.19,D
-5.92573,16.39998,340.17,0.41,0.37,2025-03-17,1232,N,nominal,2.0NRT,302.21,5.19,D
-5.92169,16.40324,338.21,0.41,0.37,2025-03-17,1232,N,nominal,2.0NRT,303.78,5.19,D
-5.56714,18.69458,332.68,0.53,0.42,2025-03-17,1232,N,nominal,2.0NRT,296.84,4.85,D
-5.92312,16.40299,344.48,0.41,0.37,2025-03-17,1232,N,nominal,2.0NRT,303.76,10.39,D
-5.91331,16.44371,338.64,0.42,0.37,2025-03-17,1232,N,nominal,2.0NRT,300.88,4.19,D
-6.3683,13.46205,347.03,0.39,0.36,2025-03-17,1232,N,nominal,2.0NRT,298.1,10.95,D
-5.90986,16.4432,337.69,0.42,0.37,2025-03-17,1232,N,nominal,2.0NRT,303.53,4.23,D
-6.06727,15.41884,334.89,0.39,0.36,2025-03-17,1232,N,nominal,2.0NRT,301.19,5.66,D
-5.5661,18.62552,335.85,0.53,0.42,2025-03-17,1232,N,nominal,2.0NRT,299.02,6.2,D
-5.56683,18.62088,335.37,0.53,0.42,2025-03-17,1232,N,nominal,2.0NRT,295.14,5.49,D
-6.06284,15.42539,331.11,0.39,0.36,2025-03-17,1232,N,nominal,2.0NRT,298.46,3.49,D
-4.36467,25.96021,341.46,0.56,0.69,2025-03-17,1232,N,nominal,2.0NRT,289.2,5.85,D
-6.0556,15.42786,330.74,0.39,0.36,2025-03-17,1232,N,nominal,2.0NRT,298.14,2.96,D
-5.90949,16.26347,332.32,0.41,0.37,2025-03-17,1232,N,nominal,2.0NRT,297.36,3.44,D
-5.80464,16.86818,335.59,0.43,0.38,2025-03-17,1232,N,nominal,2.0NRT,297.67,4.64,D
-6.05206,15.27231,339.55,0.39,0.36,2025-03-17,1232,N,nominal,2.0NRT,296.88,5.45,D
-5.74022,17.23209,335.65,0.45,0.39,2025-03-17,1232,N,nominal,2.0NRT,288.1,2.81,D
-5.86506,16.41329,332.75,0.41,0.37,2025-03-17,1232,N,nominal,2.0NRT,298.74,4.88,D
-5.8622,16.40898,351.31,0.41,0.37,2025-03-17,1232,N,nominal,2.0NRT,302.59,10.62,D
-4.50051,24.64756,329.08,0.45,0.63,2025-03-17,1232,N,nominal,2.0NRT,291.28,1.74,D
-4.48953,24.67619,329.12,0.46,0.63,2025-03-17,1232,N,nominal,2.0NRT,290.67,4.22,D
-4.49026,24.67195,337.41,0.46,0.63,2025-03-17,1232,N,nominal,2.0NRT,288.78,3.25,D
-5.21003,20.39081,341.92,0.46,0.47,2025-03-17,1232,N,nominal,2.0NRT,296.47,8.95,D
-5.20336,20.37718,348.58,0.46,0.47,2025-03-17,1232,N,nominal,2.0NRT,294.35,9.42,D
-4.49208,24.523,337.95,0.45,0.63,2025-03-17,1232,N,nominal,2.0NRT,292.19,4.58,D
-5.77631,16.81996,347.22,0.43,0.38,2025-03-17,1232,N,nominal,2.0NRT,299,15.75,D
-4.45939,24.64123,335.99,0.45,0.63,2025-03-17,1232,N,nominal,2.0NRT,291.98,4.9,D
-5.80997,16.51636,334.64,0.42,0.38,2025-03-17,1232,N,nominal,2.0NRT,299.28,3.8,D
-5.76024,16.68758,340.15,0.42,0.38,2025-03-17,1232,N,nominal,2.0NRT,299.48,5.87,D
-4.49261,24.52318,341.14,0.45,0.63,2025-03-17,1232,N,nominal,2.0NRT,292.13,4.42,D
-5.76276,16.60237,335.84,0.42,0.38,2025-03-17,1232,N,nominal,2.0NRT,299.84,2.26,D
-5.80711,16.29309,341.91,0.41,0.37,2025-03-17,1232,N,nominal,2.0NRT,298.15,5.81,D
-4.45561,24.6366,339.05,0.45,0.63,2025-03-17,1232,N,nominal,2.0NRT,291.91,6.5,D
-4.25671,25.69948,327.46,0.54,0.68,2025-03-17,1232,N,nominal,2.0NRT,289.59,4.02,D
-4.76022,22.65091,334.62,0.33,0.55,2025-03-17,1232,N,nominal,2.0NRT,292.05,4.44,D
-5.28751,19.44007,334.05,0.4,0.44,2025-03-17,1232,N,nominal,2.0NRT,291.22,2.34,D
-4.24891,25.63208,332.67,0.53,0.67,2025-03-17,1232,N,nominal,2.0NRT,289.14,7.4,D
-4.24179,25.63601,329.75,0.53,0.67,2025-03-17,1232,N,nominal,2.0NRT,289.38,9.23,D
-4.70139,22.93852,335.59,0.35,0.56,2025-03-17,1232,N,nominal,2.0NRT,290.63,4.26,D
-4.46396,24.30581,343,0.43,0.62,2025-03-17,1232,N,nominal,2.0NRT,288.72,4.34,D
-4.48618,24.17562,336.01,0.42,0.61,2025-03-17,1232,N,nominal,2.0NRT,288.77,4.3,D
-4.38226,24.64215,334.94,0.46,0.63,2025-03-17,1232,N,nominal,2.0NRT,291.83,6.62,D
-4.38301,24.63778,330.3,0.46,0.63,2025-03-17,1232,N,nominal,2.0NRT,293.02,8.3,D
-4.39312,24.57933,339.22,0.45,0.63,2025-03-17,1232,N,nominal,2.0NRT,292.5,7.45,D
-4.68227,22.89318,333.97,0.34,0.56,2025-03-17,1232,N,nominal,2.0NRT,291.38,2.56,D
-6.28417,12.86235,332.34,0.41,0.37,2025-03-17,1232,N,low,2.0NRT,305.79,12.7,D
-4.38656,24.58247,343.37,0.45,0.63,2025-03-17,1232,N,nominal,2.0NRT,293.02,8.57,D
-4.72628,22.60306,334.56,0.33,0.55,2025-03-17,1232,N,nominal,2.0NRT,291.92,3.58,D
-4.39573,24.49504,337.13,0.45,0.63,2025-03-17,1232,N,nominal,2.0NRT,291.67,3.54,D
-5.10083,20.34381,351.47,0.46,0.47,2025-03-17,1232,N,nominal,2.0NRT,298.92,43.3,D
-4.70887,22.61282,331.62,0.33,0.55,2025-03-17,1232,N,nominal,2.0NRT,292.26,2.22,D
-4.713,22.58869,330.39,0.33,0.55,2025-03-17,1232,N,nominal,2.0NRT,291.91,2.55,D
-6.18103,13.41545,335.9,0.39,0.36,2025-03-17,1232,N,low,2.0NRT,298.15,5.34,D
-5.74506,16.17327,333.54,0.41,0.37,2025-03-17,1232,N,nominal,2.0NRT,295.4,3.27,D
-4.39713,24.49397,349.58,0.45,0.63,2025-03-17,1232,N,nominal,2.0NRT,292.08,4.82,D
-4.67458,22.7779,328.9,0.34,0.56,2025-03-17,1232,N,nominal,2.0NRT,289,3.05,D
-5.68679,16.41947,332.6,0.42,0.37,2025-03-17,1232,N,nominal,2.0NRT,295.4,10.63,D
-4.81156,21.84744,336.87,0.58,0.52,2025-03-17,1232,N,nominal,2.0NRT,293.21,7.2,D
-4.68186,22.6054,330.64,0.33,0.55,2025-03-17,1232,N,nominal,2.0NRT,292.14,2.43,D
-6.03261,14.07139,336.11,0.39,0.36,2025-03-17,1232,N,nominal,2.0NRT,299.23,11.16,D
-5.00105,20.54291,331.54,0.47,0.48,2025-03-17,1232,N,nominal,2.0NRT,292.47,3.34,D
-4.77053,21.82525,336.15,0.58,0.52,2025-03-17,1232,N,nominal,2.0NRT,292.3,5.86,D
-5.59246,16.7282,336.83,0.43,0.38,2025-03-17,1232,N,nominal,2.0NRT,298.31,5.13,D
-4.57589,22.88987,350.8,0.34,0.56,2025-03-17,1232,N,nominal,2.0NRT,291.21,6.24,D
-4.30338,24.3791,350.22,0.44,0.62,2025-03-17,1232,N,nominal,2.0NRT,291.83,6.69,D
-5.39155,17.73727,348.82,0.48,0.4,2025-03-17,1232,N,nominal,2.0NRT,302.2,10.4,D
-5.39225,17.73295,333.8,0.48,0.4,2025-03-17,1232,N,nominal,2.0NRT,297.75,3.91,D
-5.97966,13.97075,332.73,0.39,0.36,2025-03-17,1232,N,nominal,2.0NRT,297.24,2.08,D
-5.38717,17.74103,349.84,0.48,0.4,2025-03-17,1232,N,nominal,2.0NRT,301.97,12.39,D
-5.38789,17.73662,346.98,0.48,0.4,2025-03-17,1232,N,nominal,2.0NRT,301.59,12.39,D
-5.38277,17.74492,330.55,0.48,0.4,2025-03-17,1232,N,nominal,2.0NRT,295.99,4.12,D
-5.3835,17.74043,331.97,0.48,0.4,2025-03-17,1232,N,nominal,2.0NRT,299.85,12.39,D
-5.39288,17.73466,344.32,0.48,0.4,2025-03-17,1232,N,nominal,2.0NRT,299.9,5.49,D
-5.38854,17.73834,367,0.48,0.4,2025-03-17,1232,N,high,2.0NRT,301.91,20.91,D
-5.38921,17.73403,335.58,0.48,0.4,2025-03-17,1232,N,nominal,2.0NRT,300.08,5.49,D
-5.38418,17.74221,345.68,0.48,0.4,2025-03-17,1232,N,nominal,2.0NRT,298.56,8.95,D
-5.38487,17.73772,338.31,0.48,0.4,2025-03-17,1232,N,nominal,2.0NRT,301.55,8.95,D
-4.30354,24.37684,347.52,0.44,0.62,2025-03-17,1232,N,nominal,2.0NRT,289.26,9.05,D
-6.04301,13.35401,340.7,0.39,0.36,2025-03-17,1232,N,nominal,2.0NRT,298.65,4.57,D
-5.54641,16.5808,333.74,0.42,0.38,2025-03-17,1232,N,nominal,2.0NRT,295.64,4.04,D
-4.15357,25.09081,329.15,0.49,0.65,2025-03-17,1232,N,nominal,2.0NRT,291.37,3.67,D
-4.14751,25.0898,337.73,0.49,0.65,2025-03-17,1232,N,nominal,2.0NRT,290.83,3.67,D
-4.71917,21.63343,333.34,0.56,0.52,2025-03-17,1232,N,nominal,2.0NRT,292.57,7.24,D
-5.53198,16.55907,334.82,0.42,0.38,2025-03-17,1232,N,nominal,2.0NRT,298.33,8.34,D
-4.19655,24.692,367,0.46,0.64,2025-03-17,1232,N,high,2.0NRT,292.18,21.34,D
-4.76627,21.25939,331.26,0.53,0.5,2025-03-17,1232,N,nominal,2.0NRT,293.21,5.18,D
-5.32817,17.78648,339.28,0.48,0.4,2025-03-17,1232,N,nominal,2.0NRT,295.21,7.07,D
-5.34546,17.65367,330.45,0.47,0.4,2025-03-17,1232,N,nominal,2.0NRT,296.81,2.12,D
-5.33657,17.6388,334.72,0.47,0.4,2025-03-17,1232,N,nominal,2.0NRT,298.1,9.19,D
-5.4989,16.56568,335.38,0.42,0.38,2025-03-17,1232,N,nominal,2.0NRT,298.2,9.3,D
-4.71304,21.3203,335.19,0.54,0.51,2025-03-17,1232,N,nominal,2.0NRT,293.75,8.11,D
-4.05539,25.11693,339.45,0.5,0.66,2025-03-17,1232,N,nominal,2.0NRT,292.29,6.78,D
-4.18648,24.36596,331.96,0.44,0.62,2025-03-17,1232,N,nominal,2.0NRT,291.7,6,D
-4.04931,25.11594,367,0.5,0.66,2025-03-17,1232,N,high,2.0NRT,292.74,10,D
-4.05011,25.11138,330.11,0.5,0.65,2025-03-17,1232,N,nominal,2.0NRT,292.75,10,D
-4.16425,24.45927,343.96,0.45,0.63,2025-03-17,1232,N,nominal,2.0NRT,292.92,5.81,D
-4.10915,24.73966,329.39,0.47,0.64,2025-03-17,1232,N,nominal,2.0NRT,291.46,2.83,D
-5.18175,18.36251,335.31,0.52,0.41,2025-03-17,1232,N,nominal,2.0NRT,299.13,4.29,D
-5.45907,16.63736,333.36,0.43,0.38,2025-03-17,1232,N,nominal,2.0NRT,295.88,4.9,D
-5.15787,18.48464,335.42,0.52,0.42,2025-03-17,1232,N,nominal,2.0NRT,293.57,4.71,D
-5.18324,18.36422,331.78,0.52,0.41,2025-03-17,1232,N,nominal,2.0NRT,298.85,3.94,D
-5.15632,18.48612,333.93,0.53,0.42,2025-03-17,1232,N,nominal,2.0NRT,293.74,6.53,D
-5.44494,16.63156,341.53,0.43,0.38,2025-03-17,1232,N,nominal,2.0NRT,295.92,10.71,D
-4.187,24.36542,332.5,0.44,0.62,2025-03-17,1232,N,nominal,2.0NRT,291.31,5.63,D
-5.43037,16.63335,332.33,0.43,0.38,2025-03-17,1232,N,nominal,2.0NRT,296.65,3,D
-4.05527,25.11723,337.85,0.5,0.66,2025-03-17,1232,N,nominal,2.0NRT,291.8,9.2,D
-4.16545,24.45892,344.14,0.45,0.63,2025-03-17,1232,N,nominal,2.0NRT,293.5,5.89,D
-4.04918,25.11622,367,0.5,0.66,2025-03-17,1232,N,high,2.0NRT,292.17,9.2,D
-4.04995,25.11165,331.75,0.5,0.66,2025-03-17,1232,N,nominal,2.0NRT,292.25,9.2,D
-4.11237,24.74002,330.04,0.47,0.64,2025-03-17,1232,N,nominal,2.0NRT,291.56,2.39,D
-4.675,21.33647,338.43,0.54,0.51,2025-03-17,1232,N,nominal,2.0NRT,292.8,5.52,D
-5.42519,16.62074,333.62,0.43,0.38,2025-03-17,1232,N,nominal,2.0NRT,293.36,5.79,D
-5.43888,16.53258,337.29,0.42,0.38,2025-03-17,1232,N,nominal,2.0NRT,296.64,5.31,D
-4.64616,21.48368,334.39,0.55,0.51,2025-03-17,1232,N,nominal,2.0NRT,291.79,4.67,D
-4.00718,25.29054,329.36,0.51,0.66,2025-03-17,1232,N,nominal,2.0NRT,290.22,2.18,D
-4.10297,24.61564,355.5,0.46,0.63,2025-03-17,1232,N,nominal,2.0NRT,292.65,9.63,D
-4.64697,21.33154,340.32,0.54,0.51,2025-03-17,1232,N,nominal,2.0NRT,292.16,4.24,D
-5.40309,16.62498,334.62,0.43,0.38,2025-03-17,1232,N,nominal,2.0NRT,291.5,2.07,D
-4.11373,24.4462,330.08,0.45,0.63,2025-03-17,1232,N,nominal,2.0NRT,293.16,6.03,D
-5.22953,17.68071,330.84,0.47,0.4,2025-03-17,1232,N,nominal,2.0NRT,295.6,3.95,D
-5.36107,16.82451,331.39,0.43,0.38,2025-03-17,1232,N,nominal,2.0NRT,293.25,2.51,D
-5.0823,18.55376,336.42,0.53,0.42,2025-03-17,1232,N,nominal,2.0NRT,290.43,2.11,D
-4.56089,21.47039,341.05,0.55,0.51,2025-03-17,1232,N,nominal,2.0NRT,290.89,7.77,D
-4.55977,21.47224,340.89,0.55,0.51,2025-03-17,1232,N,nominal,2.0NRT,289.76,5.1,D
-5.41305,16.04516,337.55,0.41,0.37,2025-03-17,1232,N,nominal,2.0NRT,298.32,5.21,D
-5.03682,18.30934,330.61,0.52,0.41,2025-03-17,1232,N,nominal,2.0NRT,295.82,3.86,D
-5.35752,16.22254,338.98,0.41,0.37,2025-03-17,1232,N,nominal,2.0NRT,298.47,4.07,D
-5.35369,16.13429,331.43,0.41,0.37,2025-03-17,1232,N,nominal,2.0NRT,297.3,2.93,D
-5.344,16.12895,331.41,0.41,0.37,2025-03-17,1232,N,nominal,2.0NRT,296.59,2.04,D
-4.43938,21.55092,340.52,0.56,0.52,2025-03-17,1232,N,nominal,2.0NRT,289.1,4.81,D
-4.46907,21.37569,331.78,0.55,0.51,2025-03-17,1232,N,nominal,2.0NRT,290.52,7.66,D
-5.4917,14.98594,334.51,0.39,0.36,2025-03-17,1232,N,nominal,2.0NRT,296.13,3.72,D
-5.30151,16.1829,337.82,0.41,0.37,2025-03-17,1232,N,nominal,2.0NRT,300.48,3.38,D
-5.30437,16.14147,330.93,0.41,0.37,2025-03-17,1232,N,nominal,2.0NRT,298.6,2.11,D
-4.43954,21.55286,345.24,0.56,0.52,2025-03-17,1232,N,nominal,2.0NRT,291.33,7.08,D
-4.46794,21.37702,338.58,0.55,0.51,2025-03-17,1232,N,nominal,2.0NRT,292.64,7.46,D
-4.92181,18.37976,346.95,0.52,0.42,2025-03-17,1232,N,nominal,2.0NRT,298.04,6.2,D
-4.91797,18.3792,334.26,0.52,0.42,2025-03-17,1232,N,nominal,2.0NRT,299.23,6.2,D
-4.91873,18.37442,330.84,0.52,0.42,2025-03-17,1232,N,low,2.0NRT,302.35,8.43,D
-5.32037,15.67672,339.22,0.4,0.37,2025-03-17,1232,N,nominal,2.0NRT,298.53,4.39,D
-5.80714,12.46479,336.9,0.41,0.37,2025-03-17,1232,N,nominal,2.0NRT,293.81,3.19,D
-5.30352,15.74067,337.84,0.4,0.37,2025-03-17,1232,N,nominal,2.0NRT,300.52,3.42,D
-5.34614,15.44312,333.35,0.39,0.36,2025-03-17,1232,N,nominal,2.0NRT,295.84,5.17,D
-5.34669,15.43957,331.91,0.39,0.36,2025-03-17,1232,N,nominal,2.0NRT,292.7,3.66,D
-5.34278,15.4426,333.78,0.39,0.36,2025-03-17,1232,N,nominal,2.0NRT,294.71,5.17,D
-5.34333,15.43906,333.03,0.39,0.36,2025-03-17,1232,N,nominal,2.0NRT,295.38,3.66,D
-5.35778,15.25655,337.72,0.39,0.36,2025-03-17,1232,N,nominal,2.0NRT,297.71,3.36,D
-5.33283,15.11584,334.57,0.39,0.36,2025-03-17,1232,N,nominal,2.0NRT,297.4,2.51,D
-4.26374,21.81993,329.95,0.59,0.53,2025-03-17,1232,N,nominal,2.0NRT,292.82,2.94,D
-4.89295,17.78222,336.68,0.48,0.4,2025-03-17,1232,N,nominal,2.0NRT,297.74,4.97,D
-4.88926,17.78148,331.95,0.48,0.4,2025-03-17,1232,N,nominal,2.0NRT,299.73,4.97,D
-4.89957,17.71647,335.67,0.48,0.4,2025-03-17,1232,N,nominal,2.0NRT,297.33,4.76,D
-4.90025,17.71219,338.52,0.48,0.4,2025-03-17,1232,N,nominal,2.0NRT,296.51,4.76,D
-4.89656,17.71159,339.14,0.48,0.4,2025-03-17,1232,N,nominal,2.0NRT,296.62,9.22,D
-4.89563,17.69367,345.58,0.48,0.4,2025-03-17,1232,N,nominal,2.0NRT,300.57,26.96,D
-4.89194,17.69309,334.74,0.48,0.4,2025-03-17,1232,N,nominal,2.0NRT,297.09,3.13,D
-4.88342,17.7228,341.89,0.48,0.4,2025-03-17,1232,N,nominal,2.0NRT,297.74,20.4,D
-4.88686,17.70118,330.04,0.48,0.4,2025-03-17,1232,N,nominal,2.0NRT,296.45,2.61,D
-4.88318,17.70054,336.66,0.48,0.4,2025-03-17,1232,N,nominal,2.0NRT,297.7,3.89,D
-4.8788,17.70427,334.66,0.48,0.4,2025-03-17,1232,N,nominal,2.0NRT,296.27,3.89,D
-4.8751,17.70374,332.93,0.48,0.4,2025-03-17,1232,N,nominal,2.0NRT,296.65,8.69,D
-5.64244,12.65716,330.28,0.41,0.37,2025-03-17,1232,N,nominal,2.0NRT,296.93,2.9,D
-4.85473,17.73625,333.86,0.48,0.4,2025-03-17,1232,N,nominal,2.0NRT,296.49,3.32,D
-4.86172,17.69279,343.5,0.48,0.4,2025-03-17,1232,N,nominal,2.0NRT,298.25,8.47,D
-4.80001,18.02758,333.78,0.5,0.41,2025-03-17,1232,N,nominal,2.0NRT,296.97,2.01,D
-4.85344,17.67374,333.54,0.48,0.4,2025-03-17,1232,N,nominal,2.0NRT,296.37,3.17,D
-4.80017,18.02869,336.11,0.5,0.41,2025-03-17,1232,N,nominal,2.0NRT,296.41,3.31,D
-4.85518,17.67472,334.07,0.48,0.4,2025-03-17,1232,N,nominal,2.0NRT,296.75,2.95,D
-4.85118,17.65186,336.29,0.48,0.4,2025-03-17,1232,N,nominal,2.0NRT,297.54,11.29,D
-4.83531,17.72944,335.32,0.48,0.4,2025-03-17,1232,N,nominal,2.0NRT,297.48,11.22,D
-4.90106,17.23571,334.24,0.46,0.39,2025-03-17,1232,N,nominal,2.0NRT,286.18,3.09,D
-4.80491,17.77811,334.47,0.49,0.4,2025-03-17,1232,N,nominal,2.0NRT,297.96,8.1,D
-4.94529,16.85831,336.58,0.44,0.38,2025-03-17,1232,N,nominal,2.0NRT,296.93,7.13,D
-5.15686,15.38078,336.82,0.39,0.36,2025-03-17,1232,N,nominal,2.0NRT,287.31,1.93,D
-4.13589,21.58512,342.8,0.57,0.52,2025-03-17,1232,N,nominal,2.0NRT,294.56,8.26,D
-4.8424,17.20981,331.07,0.46,0.39,2025-03-17,1232,N,nominal,2.0NRT,298.88,2.38,D
-5.02834,16.00798,339.55,0.41,0.37,2025-03-17,1232,N,nominal,2.0NRT,298.45,4.8,D
-5.1549,14.93308,345.62,0.39,0.36,2025-03-17,1232,N,nominal,2.0NRT,292.85,5.6,D
-5.38851,13.373,331.34,0.39,0.36,2025-03-17,1232,N,low,2.0NRT,296.18,2.85,D
-4.79927,17.17049,336.98,0.45,0.39,2025-03-17,1232,N,nominal,2.0NRT,279.26,4.88,D
-4.68913,17.80184,335.82,0.49,0.4,2025-03-17,1232,N,nominal,2.0NRT,297.99,5.46,D
-4.68188,17.8236,345.12,0.49,0.4,2025-03-17,1232,N,nominal,2.0NRT,299.55,29.11,D
-5.23701,14.1036,332.89,0.38,0.36,2025-03-17,1232,N,nominal,2.0NRT,297.91,1.85,D
-5.20426,14.16252,338.19,0.38,0.36,2025-03-17,1232,N,nominal,2.0NRT,293.31,4.7,D
-4.63607,17.7758,333.83,0.49,0.4,2025-03-17,1232,N,nominal,2.0NRT,296.3,2.47,D
-4.63094,17.784,347.15,0.49,0.4,2025-03-17,1232,N,nominal,2.0NRT,296.84,16.76,D
-4.63165,17.7796,334.14,0.49,0.4,2025-03-17,1232,N,nominal,2.0NRT,297.21,16.76,D
-4.63235,17.77523,330.68,0.49,0.4,2025-03-17,1232,N,nominal,2.0NRT,298.26,10.7,D
-4.62934,17.77027,335.93,0.49,0.4,2025-03-17,1232,N,nominal,2.0NRT,298.02,10.7,D
-4.63004,17.7659,331.1,0.49,0.4,2025-03-17,1232,N,nominal,2.0NRT,297.02,4.5,D
-4.6378,17.71775,343.55,0.48,0.4,2025-03-17,1232,N,nominal,2.0NRT,296.64,8.66,D
-4.62562,17.7697,335.66,0.49,0.4,2025-03-17,1232,N,nominal,2.0NRT,297.5,6.55,D
-4.6219,17.76913,337.6,0.49,0.4,2025-03-17,1232,N,nominal,2.0NRT,296.44,6.55,D
-4.63109,17.77587,345.86,0.49,0.4,2025-03-17,1232,N,nominal,2.0NRT,300.87,31.74,D
-4.63244,17.76711,336.02,0.49,0.4,2025-03-17,1232,N,nominal,2.0NRT,299.1,8.66,D
-4.6362,17.71829,341.17,0.48,0.4,2025-03-17,1232,N,nominal,2.0NRT,296.26,8.44,D
-4.62432,17.77033,332.4,0.49,0.4,2025-03-17,1232,N,nominal,2.0NRT,295.84,8.53,D
-4.62501,17.76593,330.07,0.49,0.4,2025-03-17,1232,N,nominal,2.0NRT,298.36,9.26,D
-4.61522,17.75539,333.27,0.49,0.4,2025-03-17,1232,N,nominal,2.0NRT,296.52,13.14,D
-4.51007,18.32797,336,0.52,0.42,2025-03-17,1232,N,nominal,2.0NRT,294.99,6.09,D
-4.60242,17.73991,343.26,0.49,0.4,2025-03-17,1232,N,nominal,2.0NRT,297.09,10.67,D
-4.54489,17.53602,335.24,0.48,0.4,2025-03-17,1232,N,nominal,2.0NRT,296.74,4.81,D
-4.52508,17.63927,344.78,0.48,0.4,2025-03-17,1232,N,nominal,2.0NRT,299.29,50.17,D
-5.11244,13.81352,331.5,0.39,0.36,2025-03-17,1232,N,nominal,2.0NRT,293.29,4.61,D
-4.65676,16.35234,343.18,0.42,0.38,2025-03-17,1232,N,nominal,2.0NRT,294.27,4.5,D
-4.65387,16.34804,336.18,0.42,0.38,2025-03-17,1232,N,nominal,2.0NRT,293.79,4.5,D
-4.47568,17.4505,332.53,0.47,0.4,2025-03-17,1232,N,nominal,2.0NRT,295.64,4.55,D
-4.47636,17.44625,336.05,0.47,0.4,2025-03-17,1232,N,nominal,2.0NRT,297.7,4.55,D
-4.43513,17.6566,344.93,0.48,0.4,2025-03-17,1232,N,nominal,2.0NRT,297.37,21.35,D
-4.45675,17.52188,332.72,0.48,0.4,2025-03-17,1232,N,nominal,2.0NRT,296.33,3.63,D
-4.43212,17.65168,345.89,0.48,0.4,2025-03-17,1232,N,nominal,2.0NRT,294.92,21.35,D
-4.50755,17.18086,332.54,0.46,0.39,2025-03-17,1232,N,nominal,2.0NRT,296.03,2.01,D
-4.49672,17.2255,335.93,0.46,0.39,2025-03-17,1232,N,nominal,2.0NRT,295.89,3.82,D
-4.52682,17.03695,338.21,0.45,0.39,2025-03-17,1232,N,nominal,2.0NRT,292,4.25,D
-4.43406,17.65342,351.71,0.48,0.4,2025-03-17,1232,N,nominal,2.0NRT,297.99,39.91,D
-4.52889,17.03816,334.13,0.45,0.39,2025-03-17,1232,N,nominal,2.0NRT,293.69,4.55,D
-4.49684,17.22225,334.86,0.46,0.39,2025-03-17,1232,N,nominal,2.0NRT,297.29,3.81,D
-4.42398,17.62056,335.17,0.48,0.4,2025-03-17,1232,N,nominal,2.0NRT,292.66,5.56,D
-4.48598,17.22059,346.87,0.46,0.39,2025-03-17,1232,N,nominal,2.0NRT,301.57,22.1,D
-4.41487,17.6548,343.19,0.48,0.4,2025-03-17,1232,N,nominal,2.0NRT,296.64,5.43,D
-4.48616,17.19555,346.14,0.46,0.39,2025-03-17,1232,N,nominal,2.0NRT,295.53,5.94,D
-4.44479,17.43807,332.93,0.47,0.4,2025-03-17,1232,N,nominal,2.0NRT,296.41,5.86,D
-4.97419,13.99116,334.21,0.38,0.36,2025-03-17,1232,N,nominal,2.0NRT,296.45,1.77,D
-4.44039,17.39415,334.02,0.47,0.4,2025-03-17,1232,N,nominal,2.0NRT,295.35,4.2,D
-4.39678,17.62493,332.27,0.48,0.4,2025-03-17,1232,N,nominal,2.0NRT,296.56,2.75,D
-4.39417,17.59328,332.04,0.48,0.4,2025-03-17,1232,N,nominal,2.0NRT,295.64,2.64,D
-4.53813,16.42044,341.03,0.43,0.38,2025-03-17,1232,N,nominal,2.0NRT,297.9,6.9,D
-4.60776,15.8633,349.25,0.41,0.37,2025-03-17,1232,N,nominal,2.0NRT,300.11,7.75,D
-4.60435,15.86277,334.34,0.41,0.37,2025-03-17,1232,N,nominal,2.0NRT,298.21,3.33,D
-4.41368,16.98742,339.31,0.45,0.39,2025-03-17,1232,N,nominal,2.0NRT,302.2,24.19,D
-4.41431,16.98339,332.29,0.45,0.39,2025-03-17,1232,N,nominal,2.0NRT,298.44,7.97,D
-5.15186,12.12153,346.04,0.42,0.38,2025-03-17,1232,N,low,2.0NRT,296.45,6.31,D
-4.86884,13.97107,336.56,0.38,0.36,2025-03-17,1232,N,nominal,2.0NRT,297.89,1.91,D
-4.85905,13.92347,332.85,0.38,0.36,2025-03-17,1232,N,nominal,2.0NRT,298.22,5.83,D
-4.85958,13.92,331.89,0.38,0.36,2025-03-17,1232,N,nominal,2.0NRT,296.94,3.42,D
-4.84416,13.93188,337.89,0.38,0.36,2025-03-17,1232,N,nominal,2.0NRT,298.15,3.03,D
-4.55535,15.77247,330.06,0.41,0.37,2025-03-17,1232,N,low,2.0NRT,301.41,3.51,D
-4.27493,17.5183,331.48,0.48,0.4,2025-03-17,1232,N,nominal,2.0NRT,295.52,3.74,D
-4.27125,17.51775,341.6,0.48,0.4,2025-03-17,1232,N,nominal,2.0NRT,294.84,16.58,D
-4.27946,17.46591,334.8,0.48,0.4,2025-03-17,1232,N,nominal,2.0NRT,298.3,39.71,D
-4.40415,16.67466,335.93,0.44,0.38,2025-03-17,1232,N,nominal,2.0NRT,289.44,2.37,D
-4.43855,16.2958,348.71,0.42,0.38,2025-03-17,1232,N,nominal,2.0NRT,300.53,5.87,D
-4.27914,17.2794,330.51,0.47,0.39,2025-03-17,1232,N,nominal,2.0NRT,296.23,2.52,D
-4.43448,16.29908,347.55,0.42,0.38,2025-03-17,1232,N,nominal,2.0NRT,299.04,6.42,D
-4.82418,13.72638,334.08,0.39,0.36,2025-03-17,1232,N,nominal,2.0NRT,297.8,3.71,D
-4.27372,17.29162,331.13,0.47,0.39,2025-03-17,1232,N,nominal,2.0NRT,293.09,3.04,D
-4.0751,18.52584,334.3,0.55,0.42,2025-03-17,1232,N,nominal,2.0NRT,297.78,4.29,D
-4.26281,17.28989,334.61,0.47,0.39,2025-03-17,1232,N,nominal,2.0NRT,296.17,3.4,D
-4.25133,17.33999,337.08,0.47,0.4,2025-03-17,1232,N,nominal,2.0NRT,296.43,4.86,D
-4.20887,17.37225,339.16,0.47,0.4,2025-03-17,1232,N,nominal,2.0NRT,295.9,4.71,D
-4.43522,15.91905,336.43,0.41,0.37,2025-03-17,1232,N,nominal,2.0NRT,300.37,4.03,D
-4.24939,17.06649,333.07,0.46,0.39,2025-03-17,1232,N,nominal,2.0NRT,295.6,0.97,D
-4.0951,18.02107,334.53,0.51,0.41,2025-03-17,1232,N,nominal,2.0NRT,300.09,2.3,D
-4.44645,15.68854,334.01,0.4,0.37,2025-03-17,1232,N,nominal,2.0NRT,294.73,2.71,D
-4.18694,17.32142,335.55,0.47,0.4,2025-03-17,1232,N,nominal,2.0NRT,297.5,4.74,D
-4.1876,17.31723,333.86,0.47,0.4,2025-03-17,1232,N,nominal,2.0NRT,296.83,4.74,D
-4.17597,17.31981,331.13,0.47,0.4,2025-03-17,1232,N,nominal,2.0NRT,294.69,4.26,D
-4.41249,15.79487,330.75,0.41,0.37,2025-03-17,1232,N,nominal,2.0NRT,299.12,4.28,D
-4.19058,17.03263,333.17,0.45,0.39,2025-03-17,1232,N,nominal,2.0NRT,297.05,8.9,D
-4.19122,17.02848,330.14,0.45,0.39,2025-03-17,1232,N,nominal,2.0NRT,296.68,8.9,D
-4.91909,12.0675,345.24,0.42,0.38,2025-03-17,1232,N,nominal,2.0NRT,297.03,9.9,D
-4.10032,17.3739,338.68,0.47,0.4,2025-03-17,1232,N,nominal,2.0NRT,296.01,4.99,D
-4.0316,17.59375,338.08,0.49,0.4,2025-03-17,1232,N,nominal,2.0NRT,300.57,8.19,D
-4.12694,16.92259,334.89,0.45,0.39,2025-03-17,1232,N,nominal,2.0NRT,297.16,5.36,D
-4.06213,17.30731,331.26,0.47,0.4,2025-03-17,1232,N,nominal,2.0NRT,294.97,2.95,D
-4.124,16.91804,334.4,0.45,0.39,2025-03-17,1232,N,nominal,2.0NRT,294.76,5.36,D
-4.12041,16.91752,332.08,0.45,0.39,2025-03-17,1232,N,nominal,2.0NRT,294.21,2.13,D
-4.11682,16.91702,331.45,0.45,0.39,2025-03-17,1232,N,nominal,2.0NRT,295.72,2.13,D
-4.07261,17.17145,337.63,0.46,0.39,2025-03-17,1232,N,nominal,2.0NRT,295.2,6.23,D
-4.07294,17.16818,334.78,0.46,0.39,2025-03-17,1232,N,nominal,2.0NRT,295.33,1.74,D
-4.85973,11.95784,336.22,0.42,0.38,2025-03-17,1232,N,nominal,2.0NRT,297.6,3.68,D
-4.85045,11.97214,336.57,0.42,0.38,2025-03-17,1232,N,low,2.0NRT,299.12,7.38,D
-4.85103,11.96829,331.78,0.42,0.38,2025-03-17,1232,N,low,2.0NRT,300.06,3.55,D
-4.04406,17.21076,337.95,0.46,0.39,2025-03-17,1232,N,nominal,2.0NRT,299.16,5.72,D
-4.84464,11.96344,332.89,0.42,0.38,2025-03-17,1232,N,low,2.0NRT,297.77,5.18,D
-4.07029,16.92304,332.61,0.45,0.39,2025-03-17,1232,N,nominal,2.0NRT,296.1,3.13,D
-4.02637,17.10983,333.22,0.46,0.39,2025-03-17,1232,N,nominal,2.0NRT,296.92,2.04,D
-4.03087,16.91706,338.56,0.45,0.39,2025-03-17,1232,N,nominal,2.0NRT,297.3,5.42,D
-4.0155,16.89822,334.62,0.45,0.39,2025-03-17,1232,N,nominal,2.0NRT,298.03,5.91,D
-4.55287,11.86579,332.28,0.42,0.38,2025-03-17,1232,N,nominal,2.0NRT,296.49,3.15,D
-4.52266,11.85332,340.1,0.42,0.38,2025-03-17,1232,N,nominal,2.0NRT,298.43,3.97,D
-4.37482,12.16733,333.18,0.41,0.37,2025-03-17,1232,N,nominal,2.0NRT,295.52,3.31,D
-4.39546,11.72034,347.92,0.43,0.38,2025-03-17,1232,N,nominal,2.0NRT,298.4,7.59,D
-4.37186,11.61066,333.93,0.43,0.38,2025-03-17,1232,N,low,2.0NRT,296.78,2.74,D
-4.34961,11.66294,339.73,0.43,0.38,2025-03-17,1232,N,nominal,2.0NRT,298.28,5.3,D
-4.32433,11.56759,341.02,0.43,0.38,2025-03-17,1232,N,nominal,2.0NRT,297.88,5.35,D
-4.29742,11.60351,350.3,0.43,0.38,2025-03-17,1232,N,nominal,2.0NRT,296.89,6.53,D
-4.28665,11.52999,349.19,0.44,0.38,2025-03-17,1232,N,nominal,2.0NRT,298.97,5.76,D
-4.28312,11.52947,334.89,0.44,0.38,2025-03-17,1232,N,low,2.0NRT,297.91,5.76,D
-4.2871,11.53032,344.28,0.43,0.38,2025-03-17,1232,N,nominal,2.0NRT,298.23,4.11,D
-4.28769,11.5264,330.45,0.44,0.38,2025-03-17,1232,N,low,2.0NRT,299.95,4.11,D
-4.28357,11.52981,339.59,0.43,0.38,2025-03-17,1232,N,nominal,2.0NRT,297.94,4.11,D
-4.2724,11.53216,331.72,0.43,0.38,2025-03-17,1232,N,nominal,2.0NRT,297.11,2.26,D
-4.26888,11.53162,332.63,0.43,0.38,2025-03-17,1232,N,low,2.0NRT,296.33,2.26,D
-4.1925,11.53639,335.91,0.43,0.38,2025-03-17,1232,N,low,2.0NRT,298.33,7.97,D
-4.18308,11.52696,340.12,0.43,0.38,2025-03-17,1232,N,nominal,2.0NRT,297.74,5.65,D
-28.20352,32.36509,295.19,0.61,0.71,2025-03-17,2159,N,nominal,2.0NRT,279.53,1.02,N
-28.20056,32.36728,297.17,0.61,0.71,2025-03-17,2159,N,nominal,2.0NRT,280.07,1.11,N
-21.05847,46.90683,298.56,0.41,0.37,2025-03-17,2157,N,nominal,2.0NRT,282.02,0.53,N
-18.75371,34.92211,297.87,0.71,0.75,2025-03-17,2157,N,nominal,2.0NRT,286.25,0.78,N
-18.75893,34.92113,298.78,0.71,0.75,2025-03-17,2157,N,nominal,2.0NRT,286.5,0.62,N
-21.38874,46.52417,304.7,0.41,0.37,2025-03-17,2157,N,nominal,2.0NRT,288.56,0.76,N
-21.39355,46.5315,310.23,0.41,0.37,2025-03-17,2157,N,nominal,2.0NRT,288.63,0.98,N
-31.9219,18.67007,306.63,0.4,0.37,2025-03-17,2341,N,nominal,2.0NRT,295.63,1.17,N
-32.31088,19.16639,316.23,0.39,0.36,2025-03-17,2341,N,nominal,2.0NRT,293.67,1.61,N
-32.33128,19.10098,326.51,0.39,0.36,2025-03-17,2341,N,nominal,2.0NRT,296.44,2.59,N
-32.33552,19.1265,340.57,0.39,0.36,2025-03-17,2341,N,nominal,2.0NRT,293.93,3.56,N
-32.332,19.10531,307.83,0.39,0.36,2025-03-17,2341,N,nominal,2.0NRT,292.44,0.7,N
-32.33622,19.13073,308.25,0.39,0.36,2025-03-17,2341,N,nominal,2.0NRT,291.37,1.22,N
-32.33462,19.10006,349.54,0.39,0.36,2025-03-17,2341,N,nominal,2.0NRT,306.39,15.63,N
-32.33886,19.12566,333.49,0.39,0.36,2025-03-17,2341,N,nominal,2.0NRT,292.47,3.69,N
-32.33532,19.10431,319.39,0.39,0.36,2025-03-17,2341,N,nominal,2.0NRT,295.36,2.15,N
-32.33957,19.12994,311.54,0.39,0.36,2025-03-17,2341,N,nominal,2.0NRT,291.96,1.71,N
-32.33796,19.09923,330.93,0.39,0.36,2025-03-17,2341,N,nominal,2.0NRT,296.09,15.63,N
-32.33867,19.10346,313.32,0.39,0.36,2025-03-17,2341,N,nominal,2.0NRT,295.92,2.15,N
-32.94006,18.76104,307.26,0.39,0.37,2025-03-17,2341,N,nominal,2.0NRT,293.28,0.37,N
-32.93952,18.75789,307.48,0.39,0.37,2025-03-17,2341,N,nominal,2.0NRT,292.91,0.67,N
-32.96447,18.0469,301.03,0.41,0.37,2025-03-17,2341,N,nominal,2.0NRT,290.06,1.32,N
-33.13881,19.00536,329.72,0.39,0.36,2025-03-17,2341,N,nominal,2.0NRT,295.37,7.09,N
-33.1395,19.00956,315.83,0.39,0.36,2025-03-17,2341,N,nominal,2.0NRT,293.79,7.09,N
-33.14215,19.00457,331.46,0.39,0.36,2025-03-17,2341,N,nominal,2.0NRT,297.79,7.09,N
-33.14285,19.00877,326.97,0.39,0.36,2025-03-17,2341,N,nominal,2.0NRT,294.63,7.09,N
-33.31528,18.84503,304.84,0.39,0.36,2025-03-17,2341,N,nominal,2.0NRT,294.27,0.68,N
-33.40879,18.71486,326.73,0.39,0.36,2025-03-17,2341,N,nominal,2.0NRT,292.72,2.28,N
-33.87227,18.80381,302.17,0.39,0.36,2025-03-17,2341,N,nominal,2.0NRT,290.96,0.44,N
-33.87561,18.80301,304.4,0.39,0.36,2025-03-17,2341,N,nominal,2.0NRT,290.14,0.44,N
-33.9712,18.57774,306.68,0.39,0.36,2025-03-17,2341,N,nominal,2.0NRT,290.32,0.48,N
-34.07843,18.77896,302.68,0.39,0.36,2025-03-17,2341,N,nominal,2.0NRT,289.38,0.21,N
-12.07578,26.3956,325.84,0.39,0.36,2025-03-17,2335,N,nominal,2.0NRT,293.09,18.6,N
-12.07913,26.39507,297.94,0.39,0.36,2025-03-17,2335,N,nominal,2.0NRT,287.21,0.65,N
-12.08302,26.39812,303.91,0.39,0.36,2025-03-17,2335,N,nominal,2.0NRT,288.57,0.95,N
-12.97616,28.68711,304.71,0.47,0.4,2025-03-17,2335,N,nominal,2.0NRT,288.7,0.58,N
-14.48977,28.46134,309.31,0.48,0.4,2025-03-17,2335,N,nominal,2.0NRT,289.33,1.6,N
-14.49041,28.46579,309.89,0.48,0.4,2025-03-17,2335,N,nominal,2.0NRT,289.69,1.5,N
-16.58452,23.48683,303.01,0.39,0.36,2025-03-17,2337,N,nominal,2.0NRT,291.06,1.02,N
-17.29756,24.1398,330.61,0.38,0.36,2025-03-17,2337,N,nominal,2.0NRT,292.46,4.21,N
-17.29813,24.14341,340.67,0.38,0.36,2025-03-17,2337,N,nominal,2.0NRT,293.81,4.21,N
-17.30088,24.13924,332.43,0.38,0.36,2025-03-17,2337,N,nominal,2.0NRT,290.8,4.22,N
-18.75713,34.92382,306.01,0.46,0.63,2025-03-17,2337,N,nominal,2.0NRT,287.55,0.64,N
-18.52751,32.65445,318.38,0.32,0.55,2025-03-17,2337,N,nominal,2.0NRT,284.44,1.36,N
-18.34995,26.42358,302.38,0.43,0.38,2025-03-17,2337,N,nominal,2.0NRT,288.49,0.66,N
-18.4305,26.51004,297.88,0.43,0.38,2025-03-17,2337,N,nominal,2.0NRT,286.24,0.78,N
-18.4311,26.51421,306.19,0.43,0.38,2025-03-17,2337,N,nominal,2.0NRT,289.4,0.78,N
-18.44165,26.51264,308.83,0.43,0.38,2025-03-17,2337,N,nominal,2.0NRT,289.21,0.93,N
-20.31169,30.0277,296.05,0.46,0.47,2025-03-17,2337,N,nominal,2.0NRT,285.57,0.65,N
-20.31132,30.02935,298.02,0.46,0.47,2025-03-17,2337,N,nominal,2.0NRT,285.83,0.81,N
-24.55556,30.14703,303.18,0.53,0.5,2025-03-17,2339,N,nominal,2.0NRT,285.8,1.38,N
-24.73962,30.19343,300.05,0.53,0.5,2025-03-17,2339,N,nominal,2.0NRT,287.3,0.79,N
-24.74431,30.19267,305.01,0.53,0.5,2025-03-17,2339,N,nominal,2.0NRT,287.25,1.35,N
-24.81387,30.11773,315.41,0.53,0.5,2025-03-17,2339,N,nominal,2.0NRT,287.93,2.6,N
-24.81855,30.11699,310.44,0.53,0.5,2025-03-17,2339,N,nominal,2.0NRT,288.37,2.6,N
-25.47805,26.86725,298.18,0.53,0.42,2025-03-17,2339,N,nominal,2.0NRT,285.88,0.71,N
-25.72708,27.61042,303.47,0.39,0.44,2025-03-17,2339,N,nominal,2.0NRT,284.07,1.17,N
-25.71116,27.40843,295.61,0.57,0.43,2025-03-17,2339,N,nominal,2.0NRT,284.09,0.8,N
-25.71515,27.40779,297.03,0.57,0.43,2025-03-17,2339,N,nominal,2.0NRT,285.16,0.8,N
-26.28187,28.15955,309.14,0.42,0.45,2025-03-17,2339,N,nominal,2.0NRT,284.82,1.5,N
-26.28139,28.16181,300.96,0.42,0.45,2025-03-17,2339,N,nominal,2.0NRT,284.39,0.75,N
-26.28561,28.16127,299.84,0.42,0.45,2025-03-17,2339,N,nominal,2.0NRT,283.75,0.75,N
-26.31096,27.78822,301.45,0.4,0.44,2025-03-17,2339,N,nominal,2.0NRT,284.13,0.87,N
-26.53924,29.15573,305.91,0.49,0.48,2025-03-17,2339,N,nominal,2.0NRT,282.83,1.04,N
-26.54373,29.1551,299.68,0.49,0.48,2025-03-17,2339,N,nominal,2.0NRT,280.3,1.04,N
-26.66742,27.80549,300.04,0.41,0.45,2025-03-17,2339,N,nominal,2.0NRT,282.29,1.33,N
-26.66791,27.8096,308.93,0.41,0.45,2025-03-17,2339,N,nominal,2.0NRT,281.89,1.33,N
-26.6684,27.81371,298.95,0.41,0.45,2025-03-17,2339,N,nominal,2.0NRT,280.77,1.47,N
-26.67157,27.80489,295.8,0.41,0.45,2025-03-17,2339,N,nominal,2.0NRT,282.28,0.78,N
-26.67206,27.809,300.84,0.41,0.45,2025-03-17,2339,N,nominal,2.0NRT,281.86,0.78,N
-26.66856,27.8063,302.15,0.41,0.45,2025-03-17,2339,N,nominal,2.0NRT,282.36,1.26,N
-26.67317,27.8098,295.12,0.41,0.45,2025-03-17,2339,N,nominal,2.0NRT,282.17,1.26,N
-27.71943,30.00289,301.77,0.56,0.52,2025-03-17,2339,N,nominal,2.0NRT,284.32,1.23,N
-27.2204,22.89868,300.75,0.39,0.36,2025-03-17,2339,N,nominal,2.0NRT,289.96,0.6,N
-28.35677,23.50829,298.83,0.41,0.37,2025-03-17,2339,N,nominal,2.0NRT,287.42,0.32,N
-28.36021,23.50765,297.63,0.41,0.37,2025-03-17,2339,N,nominal,2.0NRT,286.05,0.32,N
-30.67412,30.34642,302.99,0.64,0.54,2025-03-17,2339,N,nominal,2.0NRT,285.79,1.63,N
-4.01302,25.15731,298.36,0.42,0.38,2025-03-17,2333,N,nominal,2.0NRT,277.61,0.34,N
-4.36458,25.71866,299.29,0.4,0.37,2025-03-17,2333,N,nominal,2.0NRT,277.37,0.79,N
-4.36515,25.72227,319.64,0.4,0.37,2025-03-17,2333,N,nominal,2.0NRT,277.54,0.79,N
-4.44876,25.78641,309.13,0.4,0.37,2025-03-17,2333,N,nominal,2.0NRT,287.29,0.85,N
-10.78308,25.58574,302.08,0.38,0.36,2025-03-17,2335,N,nominal,2.0NRT,285.59,0.88,N
-10.83064,25.693,304.27,0.38,0.36,2025-03-17,2335,N,nominal,2.0NRT,287.27,0.89,N
-6.13825,11.03467,317.78,0.4,0.6,2025-03-18,0115,N,nominal,2.0NRT,282,1.66,N
-6.14379,11.03387,333.71,0.4,0.6,2025-03-18,0115,N,nominal,2.0NRT,280.46,1.66,N
-7.84647,12.11047,320.33,0.49,0.65,2025-03-18,0115,N,nominal,2.0NRT,286.35,7.11,N
-7.84708,12.11504,367,0.49,0.65,2025-03-18,0115,N,high,2.0NRT,287.14,15.37,N
-7.84769,12.11962,324.26,0.49,0.65,2025-03-18,0115,N,nominal,2.0NRT,286.3,15.37,N
-7.84586,12.10591,306.66,0.49,0.65,2025-03-18,0115,N,nominal,2.0NRT,285.98,7.11,N
-7.8483,12.1242,303.03,0.49,0.65,2025-03-18,0115,N,nominal,2.0NRT,285.93,2.78,N
-24.39998,45.7007,330.07,0.45,0.39,2025-03-18,1026,N,nominal,2.0NRT,301.77,2.7,D
-23.89854,45.23179,341.58,0.47,0.4,2025-03-18,1026,N,nominal,2.0NRT,302.3,2.96,D
-21.97409,46.85748,334.38,0.4,0.37,2025-03-18,1026,N,nominal,2.0NRT,295.38,4.19,D
-22.09154,44.02951,338.85,0.51,0.41,2025-03-18,1026,N,nominal,2.0NRT,298.35,6.62,D
-21.55404,46.56131,337.15,0.4,0.37,2025-03-18,1026,N,nominal,2.0NRT,298.77,3.54,D
-21.49786,46.58815,334.88,0.4,0.37,2025-03-18,1026,N,nominal,2.0NRT,297.27,2.98,D
-21.58509,45.93645,333.27,0.42,0.38,2025-03-18,1026,N,nominal,2.0NRT,301,2.73,D
-21.31266,46.5218,339.71,0.4,0.37,2025-03-18,1026,N,nominal,2.0NRT,300.05,2.9,D
-20.07036,45.26391,341.22,0.43,0.38,2025-03-18,1026,N,nominal,2.0NRT,301.35,5.12,D
-18.79442,46.64103,331.98,0.39,0.36,2025-03-18,1028,N,nominal,2.0NRT,300.96,2.2,D
-18.94909,44.91199,332.65,0.44,0.38,2025-03-18,1028,N,nominal,2.0NRT,298.1,3.17,D
-18.63553,46.8918,332.92,0.39,0.36,2025-03-18,1028,N,nominal,2.0NRT,297.36,2.28,D
-18.48532,45.96457,333.58,0.4,0.37,2025-03-18,1028,N,nominal,2.0NRT,298.61,2.63,D
-17.91577,46.26622,333.71,0.39,0.36,2025-03-18,1028,N,nominal,2.0NRT,296.45,2.85,D
-17.88307,46.23063,336.5,0.39,0.36,2025-03-18,1028,N,nominal,2.0NRT,300,1.95,D
-19.31416,33.58649,327.41,0.71,0.75,2025-03-18,1028,N,nominal,2.0NRT,290.61,6.28,D
-17.35319,48.31596,337.59,0.39,0.36,2025-03-18,1028,N,nominal,2.0NRT,294.64,4.95,D
-17.55747,46.79854,335.53,0.39,0.36,2025-03-18,1028,N,nominal,2.0NRT,299.42,2.9,D
-17.36223,46.92266,330.93,0.38,0.36,2025-03-18,1028,N,nominal,2.0NRT,299.74,0.83,D
-17.55156,44.33144,335.78,0.45,0.39,2025-03-18,1028,N,nominal,2.0NRT,298.47,4.69,D
-16.91126,45.20612,336.58,0.41,0.37,2025-03-18,1028,N,nominal,2.0NRT,300.13,3.94,D
-16.39758,47.82005,332.28,0.39,0.36,2025-03-18,1028,N,nominal,2.0NRT,296.76,2.35,D
-16.68199,45.44114,338.03,0.4,0.37,2025-03-18,1028,N,nominal,2.0NRT,299.71,3.37,D
-16.68248,45.44088,336.85,0.4,0.37,2025-03-18,1028,N,nominal,2.0NRT,299.68,4.15,D
-16.26099,48.00296,330.7,0.39,0.36,2025-03-18,1028,N,nominal,2.0NRT,296.31,1.52,D
-16.50162,45.08031,334.45,0.41,0.37,2025-03-18,1028,N,nominal,2.0NRT,300.71,3.37,D
-15.44375,47.69609,353.49,0.39,0.36,2025-03-18,1028,N,nominal,2.0NRT,297.47,8.71,D
-15.4134,47.73597,333.2,0.39,0.36,2025-03-18,1028,N,nominal,2.0NRT,297.5,2.52,D
-15.15317,47.86147,331.63,0.39,0.36,2025-03-18,1028,N,nominal,2.0NRT,297.12,1.58,D
-14.91501,48.67027,334.4,0.41,0.37,2025-03-18,1028,N,nominal,2.0NRT,292.55,3.51,D
-11.36668,39.51131,336.5,0.47,0.47,2025-03-18,1030,N,nominal,2.0NRT,295,6.82,D
-11.36674,39.51238,340.45,0.47,0.47,2025-03-18,1030,N,nominal,2.0NRT,295.47,6.78,D
-10.13748,39.90673,332.12,0.42,0.45,2025-03-18,1030,N,nominal,2.0NRT,293.11,0.67,D
-10.18957,39.30776,337.74,0.46,0.47,2025-03-18,1030,N,nominal,2.0NRT,294.06,3.52,D
-9.67982,39.54776,337.11,0.44,0.46,2025-03-18,1030,N,nominal,2.0NRT,293.72,3.44,D
-9.60463,39.72332,331.92,0.43,0.46,2025-03-18,1030,N,nominal,2.0NRT,294.17,3.82,D
-4.81253,39.13001,344.75,0.4,0.44,2025-03-18,1032,N,nominal,2.0NRT,286.98,18.52,D
-4.58032,39.3604,343.05,0.39,0.44,2025-03-18,1032,N,nominal,2.0NRT,300.51,3.71,D
-4.4052,39.54149,334.86,0.56,0.43,2025-03-18,1032,N,nominal,2.0NRT,296.19,9.92,D
-4.40593,39.53642,333.61,0.56,0.43,2025-03-18,1032,N,nominal,2.0NRT,296.93,9.92,D
-33.47734,26.95293,344.79,0.39,0.36,2025-03-18,1204,N,nominal,2.0NRT,301.01,10.89,D
-34.15285,20.01204,346.09,0.4,0.44,2025-03-18,1204,N,nominal,2.0NRT,319.43,37.81,D
-34.15376,20.00306,344.99,0.4,0.44,2025-03-18,1204,N,nominal,2.0NRT,308.88,48.57,D
-34.14918,20.00686,367,0.4,0.44,2025-03-18,1204,N,high,2.0NRT,310.63,15.1,D
-34.14873,20.01136,342.66,0.4,0.44,2025-03-18,1204,N,nominal,2.0NRT,310.63,7.11,D
-34.22596,19.21786,336.08,0.44,0.46,2025-03-18,1204,N,nominal,2.0NRT,310.32,2,D
-34.18835,19.29252,344.5,0.44,0.46,2025-03-18,1204,N,nominal,2.0NRT,313.74,22.56,D
-34.18879,19.28786,353.34,0.44,0.46,2025-03-18,1204,N,nominal,2.0NRT,319.04,22.56,D
-33.98866,21.22662,337.09,0.52,0.41,2025-03-18,1204,N,nominal,2.0NRT,301.47,11.55,D
-33.99253,21.22503,334.05,0.52,0.41,2025-03-18,1204,N,nominal,2.0NRT,304.36,7.45,D
-33.98865,21.2245,333.17,0.52,0.41,2025-03-18,1204,N,nominal,2.0NRT,298.5,7.45,D
-34.18798,19.28498,343.9,0.44,0.46,2025-03-18,1204,N,nominal,2.0NRT,313.96,10.62,D
-34.18752,19.28964,367,0.43,0.46,2025-03-18,1204,N,low,2.0NRT,331.83,89.63,D
-34.1832,19.2891,367,0.43,0.46,2025-03-18,1204,N,high,2.0NRT,312.21,12.32,D
-34.15458,19.35836,338.33,0.43,0.46,2025-03-18,1204,N,low,2.0NRT,312.95,6.19,D
-34.15027,19.35801,335.5,0.43,0.46,2025-03-18,1204,N,low,2.0NRT,309.97,3.42,D
-34.04408,19.486,350.03,0.42,0.45,2025-03-18,1204,N,nominal,2.0NRT,307.66,7.19,D
-33.83403,19.84443,339.33,0.4,0.44,2025-03-18,1204,N,nominal,2.0NRT,309.19,2.58,D
-33.75884,18.63525,356.34,0.47,0.48,2025-03-18,1204,N,nominal,2.0NRT,316.97,17.28,D
-33.6604,19.31233,341.86,0.43,0.46,2025-03-18,1204,N,nominal,2.0NRT,308.25,7.67,D
-33.65613,19.31171,336.37,0.43,0.46,2025-03-18,1204,N,low,2.0NRT,309.58,7.67,D
-33.65776,19.31404,349.69,0.43,0.46,2025-03-18,1204,N,nominal,2.0NRT,311.39,12.31,D
-33.47097,18.87904,344.94,0.45,0.47,2025-03-18,1204,N,nominal,2.0NRT,313.83,6.28,D
-33.37233,18.98756,349.46,0.44,0.46,2025-03-18,1204,N,nominal,2.0NRT,317.01,6.98,D
-33.38554,18.79663,344.06,0.45,0.47,2025-03-18,1204,N,nominal,2.0NRT,313.75,4.42,D
-33.37197,18.98945,343.93,0.44,0.46,2025-03-18,1204,N,nominal,2.0NRT,313.85,4.25,D
-33.38635,18.799,345.5,0.45,0.47,2025-03-18,1204,N,nominal,2.0NRT,314.35,7.54,D
-33.34085,18.57164,346.84,0.47,0.47,2025-03-18,1204,N,nominal,2.0NRT,314.56,6.07,D
-33.34133,18.56651,354.14,0.47,0.47,2025-03-18,1204,N,nominal,2.0NRT,314.6,7.85,D
-33.30183,18.65454,342.05,0.46,0.47,2025-03-18,1204,N,low,2.0NRT,315.3,3.21,D
-33.3023,18.64947,343.91,0.46,0.47,2025-03-18,1204,N,nominal,2.0NRT,316.62,3.21,D
-33.29742,18.65383,353.09,0.46,0.47,2025-03-18,1204,N,nominal,2.0NRT,318.55,26.34,D
-33.29788,18.64879,354.94,0.46,0.47,2025-03-18,1204,N,nominal,2.0NRT,321.94,26.34,D
-33.30363,18.647,341.88,0.46,0.47,2025-03-18,1204,N,low,2.0NRT,315.92,3.61,D
-33.29824,18.65639,353.16,0.46,0.47,2025-03-18,1204,N,nominal,2.0NRT,318.25,16.07,D
-33.29873,18.65136,355.73,0.46,0.47,2025-03-18,1204,N,nominal,2.0NRT,319.94,16.07,D
-33.29922,18.64631,342.68,0.46,0.47,2025-03-18,1204,N,low,2.0NRT,315.93,14.81,D
-33.29431,18.65072,345.24,0.46,0.47,2025-03-18,1204,N,low,2.0NRT,315.47,16.07,D
-33.28198,18.59243,344.25,0.46,0.47,2025-03-18,1204,N,low,2.0NRT,315.04,4.73,D
-33.29472,18.2628,352.34,0.48,0.48,2025-03-18,1204,N,nominal,2.0NRT,312.4,8.68,D
-33.22194,18.61032,347.65,0.46,0.47,2025-03-18,1204,N,low,2.0NRT,320.58,43.97,D
-33.21704,18.61485,347.16,0.46,0.47,2025-03-18,1204,N,low,2.0NRT,319.7,43.97,D
-33.18501,18.76857,354.9,0.45,0.47,2025-03-18,1204,N,nominal,2.0NRT,313.58,7.75,D
-33.1855,18.772,340.23,0.45,0.47,2025-03-18,1204,N,low,2.0NRT,312.71,2.93,D
-33.18598,18.7671,352.64,0.45,0.47,2025-03-18,1204,N,nominal,2.0NRT,313.49,8.39,D
-33.16263,18.77869,350.39,0.45,0.47,2025-03-18,1204,N,nominal,2.0NRT,315.45,6.57,D
-33.15824,18.77818,346.09,0.45,0.47,2025-03-18,1204,N,nominal,2.0NRT,312.45,6.57,D
-33.16634,18.64842,342.56,0.46,0.47,2025-03-18,1204,N,low,2.0NRT,315.61,5.35,D
-33.16242,18.64261,344.85,0.46,0.47,2025-03-18,1204,N,low,2.0NRT,315.34,5.72,D
-33.15801,18.64192,346.89,0.46,0.47,2025-03-18,1204,N,low,2.0NRT,317.46,7.79,D
-33.06177,18.90883,347.02,0.44,0.46,2025-03-18,1204,N,nominal,2.0NRT,315.62,5.53,D
-33.06074,18.91076,350.23,0.44,0.46,2025-03-18,1204,N,nominal,2.0NRT,315.47,7.76,D
-32.97245,18.91395,354.71,0.44,0.46,2025-03-18,1204,N,nominal,2.0NRT,313.08,60.81,D
-32.9681,18.91345,367,0.44,0.46,2025-03-18,1204,N,high,2.0NRT,337.57,60.81,D
-32.96764,18.91827,350.9,0.44,0.46,2025-03-18,1204,N,nominal,2.0NRT,317.4,60.81,D
-32.96376,18.9129,339.64,0.44,0.46,2025-03-18,1204,N,nominal,2.0NRT,311.84,8.36,D
-32.95897,18.91712,338.39,0.44,0.46,2025-03-18,1204,N,low,2.0NRT,312.62,8.36,D
-32.95942,18.91227,355.67,0.44,0.46,2025-03-18,1204,N,nominal,2.0NRT,315.65,8.36,D
-32.95509,18.91161,339.99,0.44,0.46,2025-03-18,1204,N,low,2.0NRT,312.07,4.75,D
-32.95076,18.91089,342.04,0.44,0.46,2025-03-18,1204,N,low,2.0NRT,313.28,4.75,D
-32.96315,18.91478,346.28,0.44,0.46,2025-03-18,1204,N,nominal,2.0NRT,312.91,11.04,D
-32.95882,18.91414,367,0.44,0.46,2025-03-18,1204,N,high,2.0NRT,316.65,11.04,D
-32.9545,18.91346,341.86,0.44,0.46,2025-03-18,1204,N,nominal,2.0NRT,312.54,3.47,D
-32.95017,18.91278,340.71,0.44,0.46,2025-03-18,1204,N,low,2.0NRT,313.24,3.47,D
-32.881,18.00096,347.12,0.5,0.49,2025-03-18,1204,N,nominal,2.0NRT,314.93,5.25,D
-32.34743,19.1431,345.2,0.42,0.45,2025-03-18,1204,N,nominal,2.0NRT,306.42,11.75,D
-32.34795,19.13791,339.41,0.42,0.45,2025-03-18,1204,N,nominal,2.0NRT,309.07,11.75,D
-32.34325,19.14192,343.41,0.42,0.45,2025-03-18,1204,N,nominal,2.0NRT,308.4,11.75,D
-32.34375,19.1369,342.12,0.42,0.45,2025-03-18,1204,N,nominal,2.0NRT,310.28,11.75,D
-32.32291,19.08635,338.22,0.43,0.46,2025-03-18,1204,N,low,2.0NRT,308.86,3.85,D
-32.30895,19.18401,338.33,0.42,0.45,2025-03-18,1204,N,nominal,2.0NRT,307.39,5.62,D
-32.31862,19.08607,338.23,0.43,0.46,2025-03-18,1204,N,nominal,2.0NRT,307.44,3.47,D
-32.30479,19.18263,342.95,0.42,0.45,2025-03-18,1204,N,nominal,2.0NRT,307.83,5.62,D
-32.30522,19.17831,341.7,0.42,0.45,2025-03-18,1204,N,nominal,2.0NRT,307.79,6.44,D
-32.13001,18.39058,345.49,0.46,0.47,2025-03-18,1204,N,nominal,2.0NRT,315.41,6.06,D
-25.92734,31.22257,342.49,0.48,0.48,2025-03-18,1206,N,nominal,2.0NRT,291.87,23.44,D
-25.92836,31.21763,341.16,0.48,0.48,2025-03-18,1206,N,nominal,2.0NRT,293.95,23.44,D
-25.66315,27.8372,331.08,0.48,0.4,2025-03-18,1206,N,nominal,2.0NRT,299.13,3.03,D
-7.31398,21.70524,331.33,0.42,0.38,2025-03-18,1212,N,nominal,2.0NRT,295.88,6.63,D
-25.57663,27.58409,329.21,0.47,0.4,2025-03-18,1206,N,nominal,2.0NRT,298.91,3.41,D
-25.49049,27.10084,334.57,0.45,0.39,2025-03-18,1206,N,nominal,2.0NRT,302.29,4.43,D
-7.26312,21.98627,332.88,0.43,0.38,2025-03-18,1212,N,nominal,2.0NRT,294.01,4.33,D
-24.81703,30.12076,340.95,0.43,0.46,2025-03-18,1206,N,nominal,2.0NRT,297.12,5.96,D
-8.19016,15.66522,335.4,0.51,0.41,2025-03-18,1212,N,nominal,2.0NRT,291.69,4.26,D
-20.22547,33.12901,329.23,0.41,0.6,2025-03-18,1208,N,nominal,2.0NRT,293.03,2.28,D
-8.18634,15.66471,341.25,0.51,0.41,2025-03-18,1212,N,nominal,2.0NRT,291.82,11.3,D
-19.58587,33.65817,332.31,0.45,0.63,2025-03-18,1208,N,nominal,2.0NRT,291.54,4.36,D
-6.85853,24.23722,333.12,0.57,0.43,2025-03-18,1212,N,nominal,2.0NRT,297.24,10.33,D
-17.88959,23.82763,333.56,0.41,0.37,2025-03-18,1208,N,low,2.0NRT,304.73,2.72,D
-7.24922,21.77781,341.61,0.42,0.38,2025-03-18,1212,N,nominal,2.0NRT,296.36,9.44,D
-17.39318,24.65625,330.96,0.44,0.38,2025-03-18,1208,N,nominal,2.0NRT,301.57,3.14,D
-15.8395,21.61504,330.97,0.38,0.36,2025-03-18,1210,N,nominal,2.0NRT,298.87,1.52,D
-7.2613,21.70102,339.31,0.42,0.38,2025-03-18,1212,N,nominal,2.0NRT,293.45,3.78,D
-13.23015,22.00396,346.89,0.39,0.36,2025-03-18,1210,N,nominal,2.0NRT,297.64,8.34,D
-7.26382,21.66239,331.69,0.42,0.38,2025-03-18,1212,N,nominal,2.0NRT,292.85,3.03,D
-11.65038,26.6262,327.36,0.45,0.47,2025-03-18,1210,N,nominal,2.0NRT,289.87,2.58,D
-7.18191,22.13516,338.16,0.44,0.38,2025-03-18,1212,N,nominal,2.0NRT,298.25,1.78,D
-10.87572,30.39567,326.89,0.41,0.61,2025-03-18,1210,N,nominal,2.0NRT,290.61,2.81,D
-7.24334,21.70213,336.53,0.42,0.38,2025-03-18,1212,N,nominal,2.0NRT,296.81,6.71,D
-12.23778,17.45716,334.12,0.46,0.39,2025-03-18,1210,N,nominal,2.0NRT,294.35,5.18,D
-7.18769,22.03059,337.36,0.43,0.38,2025-03-18,1212,N,nominal,2.0NRT,297.32,4.88,D
-12.08927,17.1915,330.4,0.47,0.4,2025-03-18,1210,N,nominal,2.0NRT,293.13,2.7,D
-6.36568,26.95971,343.31,0.58,0.52,2025-03-18,1212,N,nominal,2.0NRT,294.46,11.33,D
-11.77078,17.53038,334.5,0.45,0.39,2025-03-18,1210,N,nominal,2.0NRT,295.99,5.09,D
-9.95957,27.2392,343.75,0.53,0.5,2025-03-18,1210,N,nominal,2.0NRT,293.99,6.17,D
-7.16921,22.0559,332.88,0.44,0.38,2025-03-18,1212,N,nominal,2.0NRT,298.07,2.86,D
-9.96136,27.24063,337.71,0.53,0.5,2025-03-18,1210,N,nominal,2.0NRT,293.9,5.75,D
-7.183,21.96955,332.88,0.43,0.38,2025-03-18,1212,N,nominal,2.0NRT,295.27,5.84,D
-11.36769,17.76664,331.12,0.44,0.38,2025-03-18,1210,N,nominal,2.0NRT,296.07,4.16,D
-7.158,22.05822,335.81,0.44,0.38,2025-03-18,1212,N,nominal,2.0NRT,297.98,8.15,D
-9.67389,27.26825,327.87,0.53,0.5,2025-03-18,1210,N,nominal,2.0NRT,293.92,4.32,D
-7.15863,22.05425,348.73,0.44,0.38,2025-03-18,1212,N,nominal,2.0NRT,299.63,8.15,D
-10.76664,15.35237,341.64,0.38,0.44,2025-03-18,1210,N,nominal,2.0NRT,283.23,10.12,D
-7.15066,22.08141,346.65,0.44,0.38,2025-03-18,1212,N,nominal,2.0NRT,297.52,5.64,D
-10.76713,15.3488,339.42,0.38,0.44,2025-03-18,1210,N,nominal,2.0NRT,283.8,6.93,D
-7.21817,21.65903,344.92,0.42,0.38,2025-03-18,1212,N,nominal,2.0NRT,296.79,8.02,D
-8.23269,14.79585,330.68,0.39,0.44,2025-03-18,1212,N,nominal,2.0NRT,289.88,2.12,D
-8.39317,26.76012,341.76,0.52,0.5,2025-03-18,1212,N,nominal,2.0NRT,293.37,12.61,D
-7.15094,22.05712,333.33,0.44,0.38,2025-03-18,1212,N,nominal,2.0NRT,297.65,5.81,D
-8.39398,26.75537,342.18,0.52,0.5,2025-03-18,1212,N,nominal,2.0NRT,294.69,11.26,D
-7.16164,21.99044,340.37,0.43,0.38,2025-03-18,1212,N,nominal,2.0NRT,293.44,3.21,D
-7.15141,22.05732,332.92,0.44,0.38,2025-03-18,1212,N,nominal,2.0NRT,296.81,6.17,D
-8.38857,26.75933,331.35,0.52,0.5,2025-03-18,1212,N,nominal,2.0NRT,292.46,6.36,D
-8.38938,26.75458,340.64,0.52,0.5,2025-03-18,1212,N,nominal,2.0NRT,293.36,6.28,D
-7.16181,21.99054,339.34,0.43,0.38,2025-03-18,1212,N,nominal,2.0NRT,292.97,3.23,D
-8.39395,26.67294,331.94,0.51,0.49,2025-03-18,1212,N,nominal,2.0NRT,294.85,4.98,D
-7.13403,22.09921,334.3,0.44,0.38,2025-03-18,1212,N,nominal,2.0NRT,296.05,2.64,D
-7.15677,21.95358,330.89,0.43,0.38,2025-03-18,1212,N,nominal,2.0NRT,297.5,0.91,D
-8.37078,26.69798,340.21,0.51,0.5,2025-03-18,1212,N,nominal,2.0NRT,293.87,10.93,D
-8.23247,14.7952,333.94,0.38,0.44,2025-03-18,1212,N,nominal,2.0NRT,290.35,3.48,D
-7.12198,22.12996,330.7,0.44,0.38,2025-03-18,1212,N,nominal,2.0NRT,297.05,3.69,D
-8.3716,26.69328,331.66,0.51,0.5,2025-03-18,1212,N,nominal,2.0NRT,293.45,6.57,D
-7.12322,22.12202,332.12,0.44,0.38,2025-03-18,1212,N,nominal,2.0NRT,295.1,4.34,D
-8.34246,26.69802,329.66,0.51,0.5,2025-03-18,1212,N,nominal,2.0NRT,294.37,6.84,D
-7.16674,21.8437,337.2,0.43,0.38,2025-03-18,1212,N,nominal,2.0NRT,296.25,2.95,D
-7.11427,22.13284,331,0.44,0.38,2025-03-18,1212,N,nominal,2.0NRT,294.84,2.27,D
-8.2898,26.84722,338.43,0.53,0.5,2025-03-18,1212,N,nominal,2.0NRT,293.45,8.96,D
-7.11677,22.11694,341.52,0.44,0.38,2025-03-18,1212,N,nominal,2.0NRT,296.85,4.07,D
-8.28516,26.84644,340.94,0.53,0.5,2025-03-18,1212,N,nominal,2.0NRT,293.66,9.52,D
-7.13535,21.99849,335.23,0.43,0.38,2025-03-18,1212,N,nominal,2.0NRT,296.79,2.42,D
-8.60221,24.65617,332.26,0.57,0.43,2025-03-18,1212,N,nominal,2.0NRT,295.84,5.27,D
-7.14823,21.91623,338.15,0.43,0.38,2025-03-18,1212,N,nominal,2.0NRT,297.92,5.97,D
-8.1585,26.92823,343.51,0.54,0.51,2025-03-18,1212,N,nominal,2.0NRT,292.36,6.96,D
-7.11073,22.1323,335.06,0.44,0.38,2025-03-18,1212,N,nominal,2.0NRT,292.14,1.13,D
-8.15383,26.92743,329.59,0.54,0.51,2025-03-18,1212,N,nominal,2.0NRT,291.56,5.1,D
-7.11323,22.11638,335.55,0.44,0.38,2025-03-18,1212,N,nominal,2.0NRT,296.52,4.47,D
-8.15551,26.91762,328.9,0.54,0.51,2025-03-18,1212,N,nominal,2.0NRT,293.3,7.19,D
-7.12938,22.01353,340.74,0.43,0.38,2025-03-18,1212,N,nominal,2.0NRT,298.6,5.78,D
-8.15772,26.79303,346.94,0.53,0.5,2025-03-18,1212,N,nominal,2.0NRT,294.85,10.15,D
-7.1429,21.92735,333.06,0.43,0.38,2025-03-18,1212,N,nominal,2.0NRT,297.18,9.29,D
-8.0838,26.79151,341.57,0.53,0.5,2025-03-18,1212,N,nominal,2.0NRT,296.04,29.01,D
-7.84392,26.96994,329.82,0.55,0.51,2025-03-18,1212,N,nominal,2.0NRT,293.51,5.04,D
-7.14534,21.91175,336.97,0.43,0.38,2025-03-18,1212,N,nominal,2.0NRT,295.43,3.44,D
-7.84374,26.96622,340.45,0.55,0.51,2025-03-18,1212,N,nominal,2.0NRT,294.65,4.64,D
-6.69933,24.68049,332.28,0.41,0.45,2025-03-18,1212,N,nominal,2.0NRT,294.99,2.5,D
-7.1097,22.11583,333.31,0.44,0.38,2025-03-18,1212,N,nominal,2.0NRT,292.1,4.47,D
-9.68509,14.71894,336.58,0.41,0.45,2025-03-18,1212,N,nominal,2.0NRT,283.55,2.77,D
-9.45572,16.09153,336.74,0.5,0.41,2025-03-18,1212,N,nominal,2.0NRT,293.05,4.45,D
-7.13077,21.98171,332.32,0.43,0.38,2025-03-18,1212,N,nominal,2.0NRT,292.95,3.89,D
-7.19056,21.5999,333.79,0.42,0.38,2025-03-18,1212,N,nominal,2.0NRT,297.26,8.66,D
-9.49948,15.74622,339.33,0.53,0.42,2025-03-18,1212,N,nominal,2.0NRT,296.8,10.52,D
-7.19115,21.59612,336.45,0.42,0.38,2025-03-18,1212,N,nominal,2.0NRT,297.32,8.24,D
-9.45625,16.08863,341.51,0.5,0.41,2025-03-18,1212,N,nominal,2.0NRT,294.87,5.19,D
-7.11676,22.0479,337.04,0.44,0.38,2025-03-18,1212,N,nominal,2.0NRT,298.69,6.74,D
-9.50158,15.74868,333.39,0.53,0.42,2025-03-18,1212,N,nominal,2.0NRT,296.16,4.79,D
-7.12622,21.96482,342.9,0.43,0.38,2025-03-18,1212,N,nominal,2.0NRT,297.41,7.12,D
-9.50228,15.74384,335.25,0.53,0.42,2025-03-18,1212,N,nominal,2.0NRT,296.26,4.79,D
-7.12042,21.95593,333.6,0.43,0.38,2025-03-18,1212,N,nominal,2.0NRT,295.57,2.28,D
-9.53194,15.16777,328.52,0.57,0.43,2025-03-18,1212,N,nominal,2.0NRT,292.51,15.22,D
-9.52866,15.16199,367,0.57,0.43,2025-03-18,1212,N,high,2.0NRT,297.12,15.22,D
-7.15516,21.73515,341.42,0.42,0.38,2025-03-18,1212,N,nominal,2.0NRT,296.52,5.92,D
-9.52938,15.15679,340.32,0.57,0.43,2025-03-18,1212,N,nominal,2.0NRT,300.1,42.78,D
-7.11505,21.9672,340.16,0.43,0.38,2025-03-18,1212,N,nominal,2.0NRT,298.92,5.86,D
-9.36157,16.13147,331.41,0.5,0.41,2025-03-18,1212,N,nominal,2.0NRT,294.45,5.76,D
-8.13479,23.95395,334.94,0.52,0.42,2025-03-18,1212,N,nominal,2.0NRT,294.93,3.55,D
-7.12062,21.93185,348.93,0.43,0.38,2025-03-18,1212,N,nominal,2.0NRT,298.54,8.31,D
-7.61495,26.84539,333.53,0.54,0.51,2025-03-18,1212,N,nominal,2.0NRT,294.46,5.27,D
-7.06276,22.25179,340.5,0.44,0.39,2025-03-18,1212,N,nominal,2.0NRT,296.1,5.27,D
-9.15433,15.24644,332.11,0.56,0.43,2025-03-18,1212,N,nominal,2.0NRT,292.2,4.1,D
-9.14296,14.96426,343.89,0.39,0.44,2025-03-18,1212,N,nominal,2.0NRT,294.74,11.42,D
-7.10926,21.95822,335.55,0.43,0.38,2025-03-18,1212,N,nominal,2.0NRT,299.08,3.74,D
-7.13659,27.06586,339.95,0.57,0.52,2025-03-18,1212,N,nominal,2.0NRT,294.07,39.47,D
-7.10264,21.97732,339.35,0.43,0.38,2025-03-18,1212,N,nominal,2.0NRT,298.6,5.31,D
-8.88286,15.68283,327.85,0.52,0.42,2025-03-18,1212,N,nominal,2.0NRT,287.73,2.34,D
-8.46097,18.58993,334.61,0.4,0.37,2025-03-18,1212,N,nominal,2.0NRT,290.96,2.38,D
-7.09913,21.97676,344.8,0.43,0.38,2025-03-18,1212,N,nominal,2.0NRT,297.01,9.55,D
-7.02565,27.05506,341.01,0.57,0.52,2025-03-18,1212,N,nominal,2.0NRT,293.89,8.36,D
-6.81164,23.7407,334.24,0.53,0.42,2025-03-18,1212,N,nominal,2.0NRT,291.85,3.99,D
-7.02084,27.05425,343.25,0.57,0.52,2025-03-18,1212,N,nominal,2.0NRT,292.78,8.36,D
-6.79825,23.79826,335.36,0.54,0.42,2025-03-18,1212,N,nominal,2.0NRT,295.22,4.57,D
-7.09099,25.98439,341.52,0.48,0.48,2025-03-18,1212,N,nominal,2.0NRT,295.75,5.78,D
-9.00199,13.43649,331.48,0.48,0.48,2025-03-18,1212,N,nominal,2.0NRT,294.86,2.45,D
-6.80776,23.74012,334.88,0.53,0.42,2025-03-18,1212,N,nominal,2.0NRT,291.54,5.32,D
-7.61605,22.62133,331.68,0.46,0.39,2025-03-18,1212,N,nominal,2.0NRT,295.89,3.31,D
-7.15152,21.55519,332.69,0.42,0.37,2025-03-18,1212,N,nominal,2.0NRT,295.66,4.51,D
-8.57947,15.62625,340.76,0.52,0.42,2025-03-18,1212,N,nominal,2.0NRT,289.7,6.1,D
-7.03588,22.21455,341.75,0.44,0.39,2025-03-18,1212,N,nominal,2.0NRT,299.13,5.58,D
-7.06636,22.02399,334.53,0.43,0.38,2025-03-18,1212,N,nominal,2.0NRT,296.75,3.12,D
-7.3006,23.78952,331.83,0.53,0.42,2025-03-18,1212,N,nominal,2.0NRT,299.47,4.34,D
-7.06825,22.01218,331.27,0.43,0.38,2025-03-18,1212,N,nominal,2.0NRT,296.63,1.9,D
-6.97412,25.71865,339.59,0.47,0.48,2025-03-18,1212,N,nominal,2.0NRT,294.72,4.48,D
-7.14234,21.54605,333.86,0.42,0.37,2025-03-18,1212,N,nominal,2.0NRT,297.25,2.56,D
-8.60452,15.0295,332.07,0.57,0.43,2025-03-18,1212,N,nominal,2.0NRT,290.91,5.51,D
-7.00199,25.36139,342.95,0.44,0.46,2025-03-18,1212,N,nominal,2.0NRT,293.8,10.66,D
-7.05365,22.05826,333.78,0.44,0.38,2025-03-18,1212,N,nominal,2.0NRT,296.16,1.84,D
-7.0631,21.99922,336.72,0.43,0.38,2025-03-18,1212,N,nominal,2.0NRT,296.8,3.8,D
-7.00266,25.35738,338.15,0.44,0.46,2025-03-18,1212,N,nominal,2.0NRT,296.68,9.56,D
-6.99836,25.35678,341.18,0.44,0.46,2025-03-18,1212,N,nominal,2.0NRT,294.53,8.8,D
-7.14678,21.47332,333.94,0.41,0.37,2025-03-18,1212,N,nominal,2.0NRT,294.52,6.04,D
-7.22289,23.74993,345.95,0.53,0.42,2025-03-18,1212,N,nominal,2.0NRT,299.79,13.77,D
-6.23736,26.90834,341.15,0.58,0.52,2025-03-18,1212,N,nominal,2.0NRT,294.51,9.3,D
-6.92888,25.3086,331.5,0.44,0.46,2025-03-18,1212,N,nominal,2.0NRT,294.74,3.41,D
-6.23828,26.90307,333.78,0.58,0.52,2025-03-18,1212,N,nominal,2.0NRT,294.02,4.18,D
-7.04533,22.06501,332.02,0.44,0.38,2025-03-18,1212,N,nominal,2.0NRT,295.25,4.21,D
-7.17089,23.67024,330.28,0.52,0.42,2025-03-18,1212,N,nominal,2.0NRT,295.03,2.42,D
-6.78044,25.95911,340.4,0.49,0.48,2025-03-18,1212,N,nominal,2.0NRT,293.62,7.69,D
-7.08655,21.80746,340.87,0.43,0.38,2025-03-18,1212,N,nominal,2.0NRT,295.68,4.27,D
-7.45869,21.79917,345.64,0.42,0.38,2025-03-18,1212,N,nominal,2.0NRT,295.76,6.12,D
-7.01684,22.21961,334.4,0.44,0.39,2025-03-18,1212,N,nominal,2.0NRT,298.12,3.15,D
-7.01767,22.22082,331.48,0.44,0.39,2025-03-18,1212,N,nominal,2.0NRT,298.86,3.19,D
-8.66524,13.44789,329.96,0.47,0.48,2025-03-18,1212,N,nominal,2.0NRT,293.82,4.05,D
-6.77846,23.71831,333.55,0.53,0.42,2025-03-18,1212,N,nominal,2.0NRT,292.69,4.25,D
-7.1168,23.78394,335.37,0.53,0.42,2025-03-18,1212,N,nominal,2.0NRT,299.53,3.96,D
-7.11293,23.78335,338.17,0.53,0.42,2025-03-18,1212,N,nominal,2.0NRT,296.44,3.96,D
-7.01369,22.19968,337.52,0.44,0.39,2025-03-18,1212,N,nominal,2.0NRT,297.88,4.14,D
-7.16855,21.20306,331.95,0.41,0.37,2025-03-18,1212,N,nominal,2.0NRT,294.35,2.7,D
-8.3425,15.57455,331.34,0.52,0.42,2025-03-18,1212,N,nominal,2.0NRT,291.69,3.57,D
-7.05397,21.91834,334.36,0.43,0.38,2025-03-18,1212,N,nominal,2.0NRT,297.55,4.34,D
-7.37686,21.92844,334.79,0.43,0.38,2025-03-18,1212,N,nominal,2.0NRT,295.88,2.95,D
-7.05047,21.91779,333.69,0.43,0.38,2025-03-18,1212,N,nominal,2.0NRT,296.47,3.89,D
-7.12475,23.35898,339.13,0.5,0.41,2025-03-18,1212,N,nominal,2.0NRT,296.85,6.43,D
-7.06138,21.84783,341.18,0.43,0.38,2025-03-18,1212,N,nominal,2.0NRT,293.83,5.84,D
-7.35903,21.7912,332.49,0.42,0.38,2025-03-18,1212,N,nominal,2.0NRT,296.65,3.16,D
-7.10143,23.35983,333.56,0.5,0.41,2025-03-18,1212,N,nominal,2.0NRT,296.29,3.31,D
-7.06198,21.84395,343.1,0.43,0.38,2025-03-18,1212,N,nominal,2.0NRT,291.95,5.54,D
-7.12206,23.1374,332.79,0.49,0.4,2025-03-18,1212,N,nominal,2.0NRT,296.48,7.36,D
-7.05424,21.87063,338.47,0.43,0.38,2025-03-18,1212,N,nominal,2.0NRT,296.51,3.55,D
-8.35023,14.96117,329.74,0.57,0.43,2025-03-18,1212,N,nominal,2.0NRT,292.41,5.54,D
-6.23875,26.90716,355.96,0.58,0.52,2025-03-18,1212,N,nominal,2.0NRT,296.23,12.85,D
-7.1295,23.02115,336.46,0.48,0.4,2025-03-18,1212,N,nominal,2.0NRT,295.83,4.54,D
-6.68489,24.1783,347.06,0.57,0.43,2025-03-18,1212,N,nominal,2.0NRT,298.08,9.17,D
-7.31115,21.82305,339.76,0.43,0.38,2025-03-18,1212,N,nominal,2.0NRT,297.32,4.19,D
-7.05074,21.87006,337.36,0.43,0.38,2025-03-18,1212,N,nominal,2.0NRT,295.78,5.03,D
-7.35601,21.51821,329.72,0.41,0.37,2025-03-18,1212,N,nominal,2.0NRT,294.48,4.75,D
-7.0556,21.83893,332.39,0.43,0.38,2025-03-18,1212,N,nominal,2.0NRT,294.47,4.62,D
-7.31151,21.70899,332.9,0.42,0.38,2025-03-18,1212,N,nominal,2.0NRT,295.43,7,D
-7.05621,21.83505,337.19,0.43,0.38,2025-03-18,1212,N,nominal,2.0NRT,296.31,7.52,D
-6.68505,24.15189,335.75,0.56,0.43,2025-03-18,1212,N,nominal,2.0NRT,297.15,5.4,D
-7.10106,21.52464,333.08,0.42,0.37,2025-03-18,1212,N,nominal,2.0NRT,296.24,2.86,D
-7.04511,21.83727,335.38,0.43,0.38,2025-03-18,1212,N,nominal,2.0NRT,296.52,6.02,D
-7.1094,21.42578,348.41,0.41,0.37,2025-03-18,1212,N,nominal,2.0NRT,299.06,12.31,D
-7.10596,21.42523,346.5,0.41,0.37,2025-03-18,1212,N,nominal,2.0NRT,294.69,7.43,D
-7.16912,21.01916,336.43,0.4,0.37,2025-03-18,1212,N,nominal,2.0NRT,291.35,5.04,D
-7.04481,21.7935,339.8,0.43,0.38,2025-03-18,1212,N,nominal,2.0NRT,294.54,4.1,D
-6.20006,26.96034,334.74,0.58,0.52,2025-03-18,1212,N,nominal,2.0NRT,294.05,8.36,D
-7.0113,21.98387,333.09,0.43,0.38,2025-03-18,1212,N,nominal,2.0NRT,295.69,2.97,D
-7.96606,15.53689,327.82,0.52,0.41,2025-03-18,1212,N,nominal,2.0NRT,289.64,3.7,D
-6.99453,21.95308,333.37,0.43,0.38,2025-03-18,1212,N,nominal,2.0NRT,296.52,4.54,D
-6.96734,22.03339,335.63,0.44,0.38,2025-03-18,1212,N,nominal,2.0NRT,297.21,7.78,D
-6.91253,22.30791,332.76,0.45,0.39,2025-03-18,1212,N,nominal,2.0NRT,295.46,2.81,D
-7.05209,21.40911,332.03,0.41,0.37,2025-03-18,1212,N,nominal,2.0NRT,295.05,1.98,D
-6.93005,21.97486,334.94,0.43,0.38,2025-03-18,1212,N,nominal,2.0NRT,296.29,2.37,D
-6.98914,21.4144,333.06,0.41,0.37,2025-03-18,1212,N,nominal,2.0NRT,290.1,2.23,D
-6.64131,23.45923,338.99,0.52,0.41,2025-03-18,1212,N,nominal,2.0NRT,298.96,5.6,D
-7.07758,20.668,332.77,0.4,0.37,2025-03-18,1212,N,nominal,2.0NRT,283.8,1.7,D
-6.86165,21.99641,339.31,0.44,0.38,2025-03-18,1212,N,nominal,2.0NRT,296.16,4.26,D
-6.43588,24.50917,336.18,0.4,0.44,2025-03-18,1212,N,nominal,2.0NRT,295.3,2.51,D
-6.96554,21.09534,334.75,0.41,0.37,2025-03-18,1212,N,nominal,2.0NRT,290.96,13.8,D
-6.58878,23.40489,342.49,0.51,0.41,2025-03-18,1212,N,nominal,2.0NRT,296.88,6.16,D
-6.56164,23.50127,334.8,0.52,0.42,2025-03-18,1212,N,nominal,2.0NRT,296.53,3.27,D
-6.42949,24.29613,340.37,0.39,0.44,2025-03-18,1212,N,nominal,2.0NRT,296.49,3.33,D
-6.48658,23.94327,330.8,0.55,0.43,2025-03-18,1212,N,nominal,2.0NRT,297.56,3.97,D
-6.48345,23.93764,334.1,0.55,0.43,2025-03-18,1212,N,nominal,2.0NRT,296.17,1.84,D
-6.61402,23.05375,334.24,0.49,0.4,2025-03-18,1212,N,nominal,2.0NRT,290.54,3.58,D
-6.46768,23.93521,331.88,0.55,0.43,2025-03-18,1212,N,nominal,2.0NRT,294.98,3.64,D
-6.73173,22.29273,333.78,0.45,0.39,2025-03-18,1212,N,nominal,2.0NRT,295.08,2.93,D
-6.65209,22.62881,336.57,0.47,0.39,2025-03-18,1212,N,nominal,2.0NRT,296.48,3.35,D
-6.84245,21.43406,336.12,0.42,0.37,2025-03-18,1212,N,nominal,2.0NRT,294.29,4.2,D
-6.77443,21.81867,331.73,0.43,0.38,2025-03-18,1212,N,nominal,2.0NRT,295.19,4.64,D
-8.02595,13.25621,335.04,0.48,0.48,2025-03-18,1212,N,nominal,2.0NRT,292.03,3.72,D
-6.69497,22.27032,335.65,0.45,0.39,2025-03-18,1212,N,nominal,2.0NRT,294.56,3.35,D
-6.68355,22.31844,331.83,0.45,0.39,2025-03-18,1212,N,nominal,2.0NRT,293.8,4.31,D
-6.48648,23.50422,335,0.52,0.42,2025-03-18,1212,N,nominal,2.0NRT,295.83,3.74,D
-6.81308,21.44094,330.82,0.42,0.37,2025-03-18,1212,N,nominal,2.0NRT,296.24,1.76,D
-6.89588,20.91635,331.04,0.4,0.37,2025-03-18,1212,N,nominal,2.0NRT,291.96,2.47,D
-6.89584,20.91566,335.04,0.4,0.37,2025-03-18,1212,N,nominal,2.0NRT,292.32,3.91,D
-6.8114,21.4402,349.17,0.42,0.37,2025-03-18,1212,N,nominal,2.0NRT,299.22,12.65,D
-8.02408,13.25235,336.61,0.48,0.48,2025-03-18,1212,N,nominal,2.0NRT,291.94,5.13,D
-6.20947,25.14743,340.34,0.44,0.46,2025-03-18,1212,N,nominal,2.0NRT,295.02,6.99,D
-6.85176,21.08851,334.77,0.41,0.37,2025-03-18,1212,N,nominal,2.0NRT,294.01,4.1,D
-6.85232,21.08486,332.05,0.41,0.37,2025-03-18,1212,N,nominal,2.0NRT,296.44,3.84,D
-6.78329,21.41635,342.86,0.42,0.37,2025-03-18,1212,N,nominal,2.0NRT,295.02,14.17,D
-6.7555,21.45839,345.65,0.42,0.37,2025-03-18,1212,N,nominal,2.0NRT,295.75,7.19,D
-6.14957,25.13785,337.07,0.44,0.46,2025-03-18,1212,N,nominal,2.0NRT,297.14,3.1,D
-6.22282,24.59342,330.05,0.41,0.45,2025-03-18,1212,N,nominal,2.0NRT,294.85,2.19,D
-6.43253,23.31863,345.62,0.51,0.41,2025-03-18,1212,N,nominal,2.0NRT,296.98,5.72,D
-6.6021,22.26811,332.63,0.45,0.39,2025-03-18,1212,N,nominal,2.0NRT,294.32,2.58,D
-6.52307,22.71341,338.52,0.47,0.4,2025-03-18,1212,N,nominal,2.0NRT,297.36,4.65,D
-6.51941,22.71284,336.76,0.47,0.4,2025-03-18,1212,N,nominal,2.0NRT,295.8,4.05,D
-7.61165,15.48652,332.61,0.52,0.41,2025-03-18,1212,N,nominal,2.0NRT,288.23,3.23,D
-6.41583,23.32551,335.65,0.51,0.41,2025-03-18,1212,N,nominal,2.0NRT,297.81,3.41,D
-6.74938,21.25045,333.94,0.41,0.37,2025-03-18,1212,N,nominal,2.0NRT,291.7,3.94,D
-6.49639,22.7619,331.01,0.48,0.4,2025-03-18,1212,N,nominal,2.0NRT,298.5,3.89,D
-6.66341,21.7256,330.65,0.43,0.38,2025-03-18,1212,N,nominal,2.0NRT,293.27,2.44,D
-6.65992,21.72505,335.3,0.43,0.38,2025-03-18,1212,N,nominal,2.0NRT,292.64,2.44,D
-6.66238,21.72619,335.11,0.43,0.38,2025-03-18,1212,N,nominal,2.0NRT,293.04,5.6,D
-6.72418,21.25844,336.28,0.41,0.37,2025-03-18,1212,N,nominal,2.0NRT,292.68,8.09,D
-7.83376,13.67789,344.03,0.45,0.47,2025-03-18,1212,N,nominal,2.0NRT,283.37,7.34,D
-6.06742,25.16716,332.25,0.44,0.46,2025-03-18,1212,N,nominal,2.0NRT,292.96,5.52,D
-6.43893,22.82107,330.09,0.48,0.4,2025-03-18,1212,N,nominal,2.0NRT,291.87,1.59,D
-6.39424,23.0767,333.56,0.5,0.41,2025-03-18,1212,N,nominal,2.0NRT,288.46,3.7,D
-6.42513,22.76573,340.72,0.48,0.4,2025-03-18,1212,N,nominal,2.0NRT,296.19,7.42,D
-6.69141,20.81666,332.4,0.4,0.37,2025-03-18,1212,N,nominal,2.0NRT,289.63,2.77,D
-6.57235,21.51926,332.39,0.42,0.38,2025-03-18,1212,N,nominal,2.0NRT,287.35,5.26,D
-6.57294,21.51547,333.12,0.42,0.38,2025-03-18,1212,N,nominal,2.0NRT,289.3,4.57,D
-6.17779,24.00275,338.03,0.56,0.43,2025-03-18,1212,N,nominal,2.0NRT,297.5,7.02,D
-6.17383,24.00202,345.98,0.56,0.43,2025-03-18,1212,N,nominal,2.0NRT,295.87,6.91,D
-6.32466,22.95696,341.35,0.49,0.4,2025-03-18,1212,N,nominal,2.0NRT,294.52,5.41,D
-6.32094,22.95638,335.78,0.49,0.4,2025-03-18,1212,N,nominal,2.0NRT,291.8,5.41,D
-4.97421,30.834,329.81,0.56,0.68,2025-03-18,1212,N,nominal,2.0NRT,289.83,3.16,D
-6.13815,23.97094,334.43,0.56,0.43,2025-03-18,1212,N,nominal,2.0NRT,296.23,4.08,D
-6.61343,20.93869,335.01,0.4,0.37,2025-03-18,1212,N,nominal,2.0NRT,287.87,2.65,D
-7.70226,13.47361,346.06,0.46,0.47,2025-03-18,1212,N,nominal,2.0NRT,291.25,8.59,D
-7.70285,13.46935,340.46,0.46,0.47,2025-03-18,1212,N,nominal,2.0NRT,289.99,8.59,D
-5.89225,25.30728,341.51,0.46,0.47,2025-03-18,1212,N,nominal,2.0NRT,288.68,4.39,D
-5.88723,25.31064,333.39,0.46,0.47,2025-03-18,1212,N,nominal,2.0NRT,287.93,6.73,D
-5.88791,25.30654,331.03,0.46,0.47,2025-03-18,1212,N,nominal,2.0NRT,287.73,4.39,D
-6.10951,23.84887,336.38,0.55,0.43,2025-03-18,1212,N,nominal,2.0NRT,293.8,4.73,D
-7.39192,15.46391,330.86,0.52,0.41,2025-03-18,1212,N,nominal,2.0NRT,282.86,4.96,D
-7.39258,15.45925,330.75,0.52,0.41,2025-03-18,1212,N,nominal,2.0NRT,284.18,4.61,D
-7.84825,12.11507,330.45,0.57,0.52,2025-03-18,1212,N,nominal,2.0NRT,290.65,14.31,D
-7.84894,12.10985,337.8,0.57,0.52,2025-03-18,1212,N,nominal,2.0NRT,289.61,14.31,D
-5.91583,24.98312,331.57,0.43,0.46,2025-03-18,1212,N,nominal,2.0NRT,287.77,3.57,D
-6.08604,23.91716,333.49,0.56,0.43,2025-03-18,1212,N,nominal,2.0NRT,296.52,3.79,D
-7.39349,15.46116,342.11,0.52,0.41,2025-03-18,1212,N,nominal,2.0NRT,284.65,8.24,D
-6.10993,23.85115,333.03,0.55,0.43,2025-03-18,1212,N,nominal,2.0NRT,294.59,9.04,D
-5.91674,24.9832,331.25,0.44,0.46,2025-03-18,1212,N,nominal,2.0NRT,287.69,2.98,D
-6.08693,23.91958,337.33,0.56,0.43,2025-03-18,1212,N,nominal,2.0NRT,296.95,6.37,D
-6.22319,23.01049,338.37,0.49,0.41,2025-03-18,1212,N,nominal,2.0NRT,287.73,6.12,D
-7.84912,12.11266,345.81,0.57,0.52,2025-03-18,1212,N,nominal,2.0NRT,291.37,24.55,D
-6.55914,20.8367,328.89,0.4,0.37,2025-03-18,1212,N,nominal,2.0NRT,286.48,2.44,D
-7.39649,15.25328,334.86,0.53,0.42,2025-03-18,1212,N,nominal,2.0NRT,289.41,10.09,D
-7.39262,15.25278,336.26,0.53,0.42,2025-03-18,1212,N,nominal,2.0NRT,290.41,8.96,D
-6.34356,22.17534,330.97,0.45,0.39,2025-03-18,1212,N,nominal,2.0NRT,296.92,1.8,D
-7.38944,15.24748,344.42,0.53,0.42,2025-03-18,1212,N,nominal,2.0NRT,289.55,6.87,D
-6.06652,23.86991,331.21,0.55,0.43,2025-03-18,1212,N,nominal,2.0NRT,296.06,3.6,D
-6.07056,23.84482,330.73,0.55,0.43,2025-03-18,1212,N,nominal,2.0NRT,293.95,3.17,D
-6.06338,23.86427,331.65,0.55,0.43,2025-03-18,1212,N,nominal,2.0NRT,295.8,3.2,D
-6.07446,23.57313,332.3,0.53,0.42,2025-03-18,1212,N,nominal,2.0NRT,294.82,3.12,D
-6.06912,23.55721,333.15,0.53,0.42,2025-03-18,1212,N,nominal,2.0NRT,295.51,3.3,D
-7.33941,15.2106,333.27,0.53,0.42,2025-03-18,1212,N,nominal,2.0NRT,287.18,4.51,D
-6.00558,23.77337,332.88,0.55,0.43,2025-03-18,1212,N,nominal,2.0NRT,292.99,3.24,D
-7.31905,15.15835,330.21,0.54,0.42,2025-03-18,1212,N,nominal,2.0NRT,289.16,3.36,D
-7.31973,15.15345,328.1,0.54,0.42,2025-03-18,1212,N,nominal,2.0NRT,286.88,3.36,D
-6.00703,23.77019,333.2,0.55,0.43,2025-03-18,1212,N,nominal,2.0NRT,292.48,2.51,D
-7.3192,15.15523,333.59,0.54,0.42,2025-03-18,1212,N,nominal,2.0NRT,287.3,7.48,D
-5.76016,25.26027,340.09,0.46,0.47,2025-03-18,1212,N,nominal,2.0NRT,290.23,4.38,D
-5.78562,24.99399,342.53,0.44,0.46,2025-03-18,1212,N,nominal,2.0NRT,291.33,10.92,D
-5.35111,27.59994,342.43,0.33,0.55,2025-03-18,1212,N,nominal,2.0NRT,293.76,3.06,D
-7.28704,15.1308,327.07,0.54,0.42,2025-03-18,1212,N,nominal,2.0NRT,286.07,5.5,D
-7.28315,15.13024,334.82,0.54,0.42,2025-03-18,1212,N,nominal,2.0NRT,286.01,5.5,D
-5.75283,25.03384,335.56,0.44,0.46,2025-03-18,1212,N,nominal,2.0NRT,287.73,5.43,D
-6.20615,22.19987,333.68,0.45,0.39,2025-03-18,1212,N,nominal,2.0NRT,294.56,6.97,D
-6.20256,22.19931,347.21,0.45,0.39,2025-03-18,1212,N,nominal,2.0NRT,293.76,6.97,D
-6.55168,19.96113,330.92,0.39,0.36,2025-03-18,1212,N,nominal,2.0NRT,272.18,2.71,D
-6.38303,20.9843,329.35,0.41,0.37,2025-03-18,1212,N,nominal,2.0NRT,282.77,2.03,D
-7.18829,15.54612,331.6,0.51,0.41,2025-03-18,1212,N,nominal,2.0NRT,282.55,22.09,D
-6.20111,22.0702,342.45,0.45,0.39,2025-03-18,1212,N,nominal,2.0NRT,291.1,4.86,D
-6.11708,22.47913,333.36,0.47,0.39,2025-03-18,1212,N,nominal,2.0NRT,296.69,2.22,D
-6.08602,22.41488,335.53,0.46,0.39,2025-03-18,1212,N,nominal,2.0NRT,296.01,3.99,D
-7.11974,15.51445,331.26,0.51,0.41,2025-03-18,1212,N,nominal,2.0NRT,281.63,5.55,D
-6.06888,22.42917,333.13,0.46,0.39,2025-03-18,1212,N,nominal,2.0NRT,295.75,2.43,D
-7.30195,14.21625,335.62,0.41,0.45,2025-03-18,1212,N,nominal,2.0NRT,292.82,3.45,D
-6.06061,22.41096,334.96,0.46,0.39,2025-03-18,1212,N,nominal,2.0NRT,296.2,2.95,D
-5.91847,23.25081,337.79,0.51,0.41,2025-03-18,1212,N,nominal,2.0NRT,300.51,3.47,D
-5.90107,23.33426,342.71,0.52,0.41,2025-03-18,1212,N,nominal,2.0NRT,294.62,7.68,D
-7.24906,14.4128,329.53,0.39,0.44,2025-03-18,1212,N,nominal,2.0NRT,287.33,2.53,D
-7.30158,14.00808,328.7,0.42,0.45,2025-03-18,1212,N,nominal,2.0NRT,292.89,2.23,D
-7.06584,15.53971,343.16,0.51,0.41,2025-03-18,1212,N,nominal,2.0NRT,286.26,6.56,D
-5.54077,25.28482,344.96,0.46,0.47,2025-03-18,1212,N,nominal,2.0NRT,282.09,6.54,D
-6.25297,20.83295,334.35,0.4,0.37,2025-03-18,1212,N,nominal,2.0NRT,281.31,3.77,D
-6.25353,20.82931,327.62,0.4,0.37,2025-03-18,1212,N,nominal,2.0NRT,279.02,3.77,D
-5.54053,25.28577,342.84,0.46,0.47,2025-03-18,1212,N,nominal,2.0NRT,281.98,8.97,D
-7.03418,15.52342,328.11,0.51,0.41,2025-03-18,1212,N,nominal,2.0NRT,283.55,3.3,D
-6.54593,18.73433,330.16,0.39,0.36,2025-03-18,1212,N,nominal,2.0NRT,294.99,3.3,D
-5.95027,22.56786,334.16,0.47,0.4,2025-03-18,1212,N,nominal,2.0NRT,295.15,2.02,D
-5.41477,25.7206,353.92,0.49,0.49,2025-03-18,1212,N,nominal,2.0NRT,275.11,30.04,D
-5.41028,25.71982,356.93,0.49,0.49,2025-03-18,1212,N,nominal,2.0NRT,273.81,19.26,D
-5.89322,22.64247,333.42,0.48,0.4,2025-03-18,1212,N,nominal,2.0NRT,294.19,1.78,D
-7.04689,14.85652,331.55,0.55,0.43,2025-03-18,1212,N,nominal,2.0NRT,285.87,6.59,D
-7.10249,14.45761,329.27,0.39,0.44,2025-03-18,1212,N,nominal,2.0NRT,289.05,5.58,D
-5.78025,23.14975,338.08,0.51,0.41,2025-03-18,1212,N,nominal,2.0NRT,282.19,6.78,D
-7.0481,14.85395,340.38,0.55,0.43,2025-03-18,1212,N,nominal,2.0NRT,285.56,6.6,D
-7.0493,14.81832,330.34,0.56,0.43,2025-03-18,1212,N,nominal,2.0NRT,283.9,4.74,D
-5.78061,23.15116,337.51,0.51,0.41,2025-03-18,1212,N,nominal,2.0NRT,282.59,4.96,D
-7.08908,14.26038,328.05,0.4,0.44,2025-03-18,1212,N,nominal,2.0NRT,289.93,2.54,D
-5.84508,22.38309,339.82,0.46,0.39,2025-03-18,1212,N,nominal,2.0NRT,295.85,17.1,D
-5.80395,22.59404,334.92,0.48,0.4,2025-03-18,1212,N,nominal,2.0NRT,296.57,4.03,D
-5.80669,22.57692,334.51,0.47,0.4,2025-03-18,1212,N,nominal,2.0NRT,296.72,2.9,D
-4.76636,28.73452,328.45,0.41,0.6,2025-03-18,1212,N,nominal,2.0NRT,293.46,2.54,D
-6.3104,18.70444,328.53,0.39,0.36,2025-03-18,1212,N,nominal,2.0NRT,294.33,4.61,D
-5.11157,25.82503,345.66,0.51,0.49,2025-03-18,1212,N,nominal,2.0NRT,288.65,8.9,D
-5.11232,25.82043,335.65,0.51,0.49,2025-03-18,1212,N,nominal,2.0NRT,289.38,8.9,D
-5.53635,22.89137,335.77,0.5,0.41,2025-03-18,1212,N,nominal,2.0NRT,281.8,3.95,D
-5.5326,22.89076,341.85,0.5,0.41,2025-03-18,1212,N,nominal,2.0NRT,281.71,7.9,D
-5.51559,22.92469,346.34,0.5,0.41,2025-03-18,1212,N,nominal,2.0NRT,284.13,8.09,D
-6.85109,13.79335,348,0.43,0.46,2025-03-18,1212,N,nominal,2.0NRT,290.81,9.01,D
-4.46208,28.92838,327.7,0.42,0.61,2025-03-18,1212,N,nominal,2.0NRT,295.24,3.11,D
-6.675,14.1793,339.73,0.4,0.44,2025-03-18,1212,N,nominal,2.0NRT,287.34,3.9,D
-4.58297,27.35276,336.94,0.33,0.55,2025-03-18,1212,N,nominal,2.0NRT,292.98,2.74,D
-6.53103,14.89868,328.22,0.54,0.42,2025-03-18,1212,N,nominal,2.0NRT,285.85,2.94,D
-4.3521,28.63866,329.34,0.41,0.6,2025-03-18,1212,N,nominal,2.0NRT,292.22,2.81,D
-4.32034,28.7223,335.17,0.41,0.61,2025-03-18,1212,N,nominal,2.0NRT,290.31,4.81,D
-4.33161,28.65742,328.9,0.41,0.6,2025-03-18,1212,N,nominal,2.0NRT,292.69,3.72,D
-6.85808,12.39553,343.02,0.53,0.5,2025-03-18,1212,N,nominal,2.0NRT,287.17,26.59,D
-6.85873,12.39072,331.4,0.53,0.5,2025-03-18,1212,N,nominal,2.0NRT,285.9,18.18,D
-5.366,22.39839,331.19,0.47,0.4,2025-03-18,1212,N,nominal,2.0NRT,293.25,3.56,D
-6.86061,12.39291,349.89,0.53,0.5,2025-03-18,1212,N,nominal,2.0NRT,287.32,21.05,D
-6.85597,12.39227,347.47,0.53,0.5,2025-03-18,1212,N,nominal,2.0NRT,287,9.58,D
-4.78944,25.87867,342.48,0.52,0.5,2025-03-18,1212,N,nominal,2.0NRT,291.48,10.69,D
-4.21516,29.05219,367,0.43,0.62,2025-03-18,1212,N,high,2.0NRT,292.81,6,D
-4.21585,29.04812,328.12,0.43,0.62,2025-03-18,1212,N,nominal,2.0NRT,293.26,6,D
-6.3462,15.35776,333.74,0.51,0.41,2025-03-18,1212,N,nominal,2.0NRT,283.18,5.25,D
-6.5661,13.80383,341.78,0.42,0.45,2025-03-18,1212,N,nominal,2.0NRT,286.44,5.35,D
-4.22991,28.62684,329.52,0.41,0.6,2025-03-18,1212,N,nominal,2.0NRT,293.79,2.82,D
-4.90251,24.66432,329.9,0.43,0.46,2025-03-18,1212,N,nominal,2.0NRT,272.43,4,D
-4.22632,28.62529,332.64,0.41,0.6,2025-03-18,1212,N,nominal,2.0NRT,292.78,2.44,D
-6.5438,13.68678,328.61,0.43,0.46,2025-03-18,1212,N,nominal,2.0NRT,289.37,3.26,D
-6.50373,13.93427,332,0.41,0.45,2025-03-18,1212,N,nominal,2.0NRT,287.87,1.82,D
-4.15834,28.72105,339.37,0.41,0.61,2025-03-18,1212,N,nominal,2.0NRT,292.1,3.37,D
-4.59136,25.82419,343.41,0.52,0.5,2025-03-18,1212,N,nominal,2.0NRT,295.73,11.04,D
-4.59215,25.81952,341.01,0.52,0.5,2025-03-18,1212,N,nominal,2.0NRT,294.12,11.04,D
-4.58676,25.82345,354.97,0.52,0.5,2025-03-18,1212,N,nominal,2.0NRT,293.8,11.04,D
-4.59225,25.82538,345.62,0.52,0.5,2025-03-18,1212,N,nominal,2.0NRT,294.95,6.57,D
-4.593,25.8207,338.18,0.52,0.5,2025-03-18,1212,N,nominal,2.0NRT,295.4,6.57,D
-4.58765,25.82463,345.1,0.52,0.5,2025-03-18,1212,N,nominal,2.0NRT,295.33,27.14,D
-4.28181,27.25932,344.71,0.33,0.55,2025-03-18,1212,N,nominal,2.0NRT,294.5,4.58,D
-4.25123,27.37818,351.94,0.33,0.56,2025-03-18,1212,N,nominal,2.0NRT,294.89,8.87,D
-4.24608,27.37733,367,0.33,0.56,2025-03-18,1212,N,high,2.0NRT,294.61,8.87,D
-4.49035,25.78508,338.5,0.52,0.5,2025-03-18,1212,N,nominal,2.0NRT,294.39,7.53,D
-4.49053,25.78764,335.04,0.52,0.5,2025-03-18,1212,N,nominal,2.0NRT,292.64,4.29,D
-6.22505,14.37212,327.18,0.38,0.44,2025-03-18,1212,N,nominal,2.0NRT,286.79,2.25,D
-4.17532,27.57137,330.13,0.35,0.56,2025-03-18,1212,N,nominal,2.0NRT,290.95,2.21,D
-4.47958,25.68085,330.07,0.51,0.49,2025-03-18,1212,N,nominal,2.0NRT,289.95,1.91,D
-4.45222,25.79118,330.88,0.52,0.5,2025-03-18,1212,N,nominal,2.0NRT,288.62,3.25,D
-4.15284,27.5454,337.76,0.34,0.56,2025-03-18,1212,N,nominal,2.0NRT,291.43,2.17,D
-4.14762,27.54457,367,0.34,0.56,2025-03-18,1212,N,high,2.0NRT,293.7,11.13,D
-4.1497,27.5321,354.11,0.34,0.56,2025-03-18,1212,N,nominal,2.0NRT,292.25,9.88,D
-4.15023,27.52896,357.11,0.34,0.56,2025-03-18,1212,N,nominal,2.0NRT,289.48,7.08,D
-4.42765,25.79698,340.72,0.52,0.5,2025-03-18,1212,N,nominal,2.0NRT,293.71,10.29,D
-6.32811,13.38864,343.96,0.44,0.46,2025-03-18,1212,N,nominal,2.0NRT,292.28,7.79,D
-4.11384,27.52271,329.7,0.34,0.56,2025-03-18,1212,N,nominal,2.0NRT,292.08,1.46,D
-6.09225,14.67566,327.94,0.55,0.43,2025-03-18,1212,N,nominal,2.0NRT,281.73,5.18,D
-6.09377,14.67291,331.76,0.55,0.43,2025-03-18,1212,N,nominal,2.0NRT,282.08,5.69,D
-4.0263,27.72749,330.98,0.36,0.57,2025-03-18,1212,N,nominal,2.0NRT,291.13,2.57,D
-4.05159,27.41446,334.28,0.34,0.56,2025-03-18,1212,N,nominal,2.0NRT,292.24,4.43,D
-4.0433,27.43218,367,0.34,0.56,2025-03-18,1212,N,high,2.0NRT,294.65,6.92,D
-4.03395,27.42449,367,0.34,0.56,2025-03-18,1212,N,high,2.0NRT,294.25,3.92,D
-4.03447,27.4214,331.05,0.34,0.56,2025-03-18,1212,N,nominal,2.0NRT,294.18,3.92,D
-4.02876,27.42369,367,0.34,0.56,2025-03-18,1212,N,high,2.0NRT,294.93,8.51,D
-5.42066,18.71155,337.23,0.39,0.36,2025-03-18,1212,N,nominal,2.0NRT,283.53,4.67,D
-4.50771,24.3881,344.12,0.42,0.45,2025-03-18,1212,N,nominal,2.0NRT,272.45,12.65,D
-4.50354,24.38738,344.02,0.42,0.45,2025-03-18,1212,N,nominal,2.0NRT,271.09,12.65,D
-4.50678,24.38758,345.22,0.42,0.45,2025-03-18,1212,N,nominal,2.0NRT,273.37,9.68,D
-4.50739,24.38373,326.89,0.42,0.45,2025-03-18,1212,N,nominal,2.0NRT,271.71,9.68,D
-4.50262,24.38686,342.67,0.42,0.45,2025-03-18,1212,N,nominal,2.0NRT,270.02,8.15,D
-5.98604,14.64426,330.66,0.55,0.43,2025-03-18,1212,N,nominal,2.0NRT,279.95,13.7,D
-4.13672,26.4652,339.84,0.58,0.52,2025-03-18,1212,N,nominal,2.0NRT,293.54,9,D
-4.26633,25.66788,330.92,0.51,0.49,2025-03-18,1212,N,nominal,2.0NRT,286.47,2.81,D
-4.13274,26.45916,341.66,0.58,0.52,2025-03-18,1212,N,nominal,2.0NRT,294.8,14,D
-4.13359,26.45396,328.68,0.58,0.52,2025-03-18,1212,N,nominal,2.0NRT,293.59,5.67,D
-4.25033,25.67963,329.04,0.51,0.5,2025-03-18,1212,N,nominal,2.0NRT,287.75,4.54,D
-6.0485,13.93294,343.84,0.41,0.45,2025-03-18,1212,N,nominal,2.0NRT,288.85,13.01,D
-5.91495,14.40646,332.52,0.57,0.43,2025-03-18,1212,N,nominal,2.0NRT,280.59,5.06,D
-4.30513,24.4648,330.04,0.43,0.46,2025-03-18,1212,N,nominal,2.0NRT,280.1,1.33,D
-4.19662,24.52073,338.16,0.43,0.46,2025-03-18,1212,N,nominal,2.0NRT,268.75,6.49,D
-4.19725,24.51686,340.06,0.43,0.46,2025-03-18,1212,N,nominal,2.0NRT,268.69,6.49,D
-5.44793,13.32373,337.76,0.44,0.46,2025-03-18,1212,N,nominal,2.0NRT,283.34,4.79,D
-5.4616,13.09489,338.82,0.45,0.47,2025-03-18,1212,N,nominal,2.0NRT,285.23,3.21,D
-5.35295,13.14506,332.29,0.45,0.47,2025-03-18,1212,N,nominal,2.0NRT,282.94,3.54,D
-4.86613,12.02688,328.87,0.52,0.5,2025-03-18,1212,N,nominal,2.0NRT,291.85,11.59,D
-4.86284,12.01663,341.52,0.52,0.5,2025-03-18,1212,N,nominal,2.0NRT,292.27,7.17,D
-4.863,12.02315,337.17,0.52,0.5,2025-03-18,1214,N,nominal,2.0NRT,292.29,6,D
-4.85909,12.01763,355.85,0.52,0.5,2025-03-18,1214,N,nominal,2.0NRT,291.06,16.19,D
-4.92297,11.37871,339.3,0.58,0.52,2025-03-18,1214,N,nominal,2.0NRT,289.43,13.75,D
-4.52311,11.41703,330.45,0.57,0.52,2025-03-18,1214,N,nominal,2.0NRT,285.96,5.38,D
-4.52309,11.41966,333.43,0.57,0.52,2025-03-18,1214,N,nominal,2.0NRT,285.77,4.66,D
-4.38737,11.68885,338.24,0.54,0.51,2025-03-18,1214,N,nominal,2.0NRT,287.05,5.46,D
-4.3865,11.68576,341.93,0.54,0.51,2025-03-18,1214,N,nominal,2.0NRT,287.32,5.37,D
-33.66427,18.53357,338.69,0.79,0.78,2025-03-18,1344,N,nominal,2.0NRT,304.3,5.43,D
-33.66697,18.52514,336.67,0.79,0.78,2025-03-18,1344,N,nominal,2.0NRT,304.49,5.43,D
-33.66566,18.53237,346.31,0.79,0.78,2025-03-18,1344,N,nominal,2.0NRT,304.74,9.23,D
-21.39856,46.52907,299.79,0.47,0.48,2025-03-18,2138,N,nominal,2.0NRT,286.99,1.78,N
-21.40383,46.53256,298.49,0.47,0.48,2025-03-18,2138,N,nominal,2.0NRT,286.85,0.55,N
-21.40105,46.52652,307.38,0.47,0.48,2025-03-18,2138,N,nominal,2.0NRT,287.1,0.87,N
-21.40198,46.53112,305.42,0.47,0.48,2025-03-18,2138,N,nominal,2.0NRT,287.1,0.87,N
-21.41764,46.5177,310.82,0.47,0.48,2025-03-18,2138,N,nominal,2.0NRT,286.9,1.54,N
-14.70964,26.8083,327.44,0.44,0.39,2025-03-18,2318,N,nominal,2.0NRT,288.27,2.49,N
-14.70895,26.8042,307.24,0.44,0.39,2025-03-18,2318,N,nominal,2.0NRT,288.09,1.54,N
-15.89327,33.03331,329.32,0.48,0.4,2025-03-18,2318,N,nominal,2.0NRT,292.18,3.46,N
-15.89264,33.0288,301.45,0.48,0.4,2025-03-18,2318,N,nominal,2.0NRT,290.73,2.59,N
-15.41118,28.25244,305.77,0.39,0.37,2025-03-18,2318,N,nominal,2.0NRT,288.16,0.46,N
-18.05223,30.37993,305.61,0.4,0.37,2025-03-18,2318,N,nominal,2.0NRT,287.9,0.79,N
-17.2991,24.13762,312.83,0.56,0.43,2025-03-18,2318,N,nominal,2.0NRT,288.3,1.63,N
-17.30002,24.14272,303.11,0.56,0.43,2025-03-18,2318,N,nominal,2.0NRT,288.54,1.56,N
-17.39149,24.65261,303.68,0.52,0.41,2025-03-18,2318,N,nominal,2.0NRT,285.95,0.61,N
-18.3324,26.63445,306.45,0.42,0.37,2025-03-18,2320,N,nominal,2.0NRT,291.76,1.62,N
-18.43053,26.51202,315.36,0.42,0.38,2025-03-18,2320,N,nominal,2.0NRT,287.79,1.57,N
-18.44155,26.51391,305.01,0.42,0.38,2025-03-18,2320,N,nominal,2.0NRT,291.31,1.97,N
-18.44633,26.52113,307.88,0.42,0.38,2025-03-18,2320,N,nominal,2.0NRT,291.18,2,N
-18.4424,26.47698,320.69,0.42,0.38,2025-03-18,2320,N,nominal,2.0NRT,291.38,2.65,N
-19.41736,30.05157,300.91,0.4,0.37,2025-03-18,2320,N,nominal,2.0NRT,287.27,0.43,N
-20.08156,28.53164,298.28,0.38,0.36,2025-03-18,2320,N,nominal,2.0NRT,286.64,0.22,N
-24.55528,30.14642,296.01,0.44,0.38,2025-03-18,2320,N,nominal,2.0NRT,285.14,0.89,N
-24.04342,25.88544,302.88,0.4,0.37,2025-03-18,2320,N,nominal,2.0NRT,288.43,0.7,N
-24.04419,25.88622,305.4,0.4,0.37,2025-03-18,2320,N,nominal,2.0NRT,289.31,1.05,N
-24.05094,25.88487,307.28,0.4,0.37,2025-03-18,2320,N,nominal,2.0NRT,287.13,1.12,N
-24.81588,30.11917,330.11,0.44,0.38,2025-03-18,2320,N,nominal,2.0NRT,290.47,2.33,N
-24.81943,30.11855,304.99,0.44,0.38,2025-03-18,2320,N,nominal,2.0NRT,287.79,2.33,N
-24.72755,28.98791,295.29,0.41,0.37,2025-03-18,2320,N,nominal,2.0NRT,285,0.46,N
-25.48529,27.10337,302.61,0.38,0.36,2025-03-18,2320,N,nominal,2.0NRT,287.68,0.55,N
-25.49194,27.10211,309.29,0.38,0.36,2025-03-18,2320,N,nominal,2.0NRT,287.89,1.2,N
-25.57684,27.58384,299.29,0.39,0.36,2025-03-18,2320,N,nominal,2.0NRT,284.88,0.52,N
-25.72333,27.60907,310.49,0.39,0.36,2025-03-18,2320,N,nominal,2.0NRT,286.29,1.65,N
-25.72667,27.60845,322,0.39,0.36,2025-03-18,2320,N,nominal,2.0NRT,287.02,1.65,N
-25.72726,27.61231,307.47,0.39,0.36,2025-03-18,2320,N,nominal,2.0NRT,287.28,0.84,N
-25.72824,27.60913,330.98,0.39,0.36,2025-03-18,2320,N,nominal,2.0NRT,288.04,2.87,N
-25.70699,27.40283,301.41,0.39,0.36,2025-03-18,2320,N,nominal,2.0NRT,286.94,0.78,N
-25.71033,27.4022,329.47,0.39,0.36,2025-03-18,2320,N,nominal,2.0NRT,290.12,5.04,N
-25.71365,27.40158,328.66,0.39,0.36,2025-03-18,2320,N,nominal,2.0NRT,287.28,5.04,N
-25.71425,27.40543,328.57,0.39,0.36,2025-03-18,2320,N,nominal,2.0NRT,287.78,5.04,N
-29.63726,17.85903,330.21,0.51,0.5,2025-03-18,2322,N,nominal,2.0NRT,291.88,2.94,N
-32.29186,19.54823,310.61,0.56,0.43,2025-03-18,2322,N,nominal,2.0NRT,294.52,1.89,N
-32.29965,19.17635,312.47,0.39,0.44,2025-03-18,2322,N,nominal,2.0NRT,294.25,1.74,N
-32.30042,19.18007,310.37,0.39,0.44,2025-03-18,2322,N,nominal,2.0NRT,294.82,1.05,N
-32.30444,19.17911,308.5,0.39,0.44,2025-03-18,2322,N,nominal,2.0NRT,295.01,1.05,N
-32.31428,19.08356,332.29,0.39,0.44,2025-03-18,2322,N,nominal,2.0NRT,297.52,4.73,N
-32.34337,19.12211,328.5,0.39,0.44,2025-03-18,2322,N,nominal,2.0NRT,295.4,4.24,N
-32.34441,19.1272,336.65,0.39,0.44,2025-03-18,2322,N,nominal,2.0NRT,295.73,4.19,N
-32.34729,19.12056,339.28,0.39,0.44,2025-03-18,2322,N,nominal,2.0NRT,299.34,10.47,N
-32.34835,19.12578,336.52,0.39,0.44,2025-03-18,2322,N,nominal,2.0NRT,296.03,4.65,N
-32.34937,19.13078,317.88,0.39,0.44,2025-03-18,2322,N,nominal,2.0NRT,293.4,4.65,N
-32.35032,19.13541,315.03,0.39,0.44,2025-03-18,2322,N,nominal,2.0NRT,293.09,1.22,N
-32.3513,19.11952,339.02,0.39,0.44,2025-03-18,2322,N,nominal,2.0NRT,296,10.47,N
-32.35231,19.12447,343.62,0.39,0.44,2025-03-18,2322,N,nominal,2.0NRT,294.78,4.65,N
-32.35335,19.12962,322.88,0.39,0.44,2025-03-18,2322,N,nominal,2.0NRT,293.64,4.65,N
-32.35432,19.13438,306.21,0.39,0.44,2025-03-18,2322,N,nominal,2.0NRT,293.16,1.22,N
-33.88279,25.62112,301.87,0.39,0.36,2025-03-18,2324,N,nominal,2.0NRT,291.3,0.37,N
-32.93883,18.76034,312.15,0.39,0.44,2025-03-18,2324,N,nominal,2.0NRT,295.66,0.96,N
-33.14049,19.00197,330.96,0.57,0.43,2025-03-18,2324,N,nominal,2.0NRT,298.71,7.79,N
-33.14177,19.0081,324.9,0.57,0.43,2025-03-18,2324,N,nominal,2.0NRT,297.19,7.79,N
-33.14445,19.0008,334.13,0.57,0.43,2025-03-18,2324,N,nominal,2.0NRT,296.48,7.79,N
-33.14572,19.00692,316.79,0.57,0.43,2025-03-18,2324,N,nominal,2.0NRT,293.14,7.79,N
-32.96012,18.04753,304.04,0.43,0.46,2025-03-18,2324,N,nominal,2.0NRT,293.29,0.82,N
-33.31451,18.84522,305.3,0.38,0.43,2025-03-18,2324,N,nominal,2.0NRT,295.22,0.82,N
-34.16659,21.96054,306.74,0.42,0.38,2025-03-18,2324,N,nominal,2.0NRT,289.03,0.89,N
-33.58923,18.46428,304.91,0.4,0.44,2025-03-18,2324,N,nominal,2.0NRT,293.56,1.52,N
-33.83958,18.5298,308.48,0.39,0.44,2025-03-18,2324,N,nominal,2.0NRT,295.32,0.99,N
-33.98847,18.86023,312.16,0.56,0.43,2025-03-18,2324,N,nominal,2.0NRT,288.98,1.05,N
-4.43136,39.41755,319.37,0.57,0.52,2025-03-18,2314,N,nominal,2.0NRT,290.4,2.86,N
-8.94155,33.24123,305.17,0.42,0.38,2025-03-18,2316,N,nominal,2.0NRT,286.08,0.91,N
-10.25829,40.04044,303.72,0.38,0.59,2025-03-18,2316,N,nominal,2.0NRT,290.21,0.74,N
-10.38766,34.91956,311.29,0.53,0.42,2025-03-18,2316,N,nominal,2.0NRT,286.13,1.58,N
-10.39148,34.91869,310.48,0.53,0.42,2025-03-18,2316,N,nominal,2.0NRT,286.57,1.58,N
-10.31889,27.88009,306.63,0.44,0.39,2025-03-18,2316,N,nominal,2.0NRT,281.7,1.29,N
-13.33937,35.28193,302.15,0.4,0.44,2025-03-18,2318,N,nominal,2.0NRT,286.6,0.76,N
-13.33989,35.28568,298.51,0.4,0.44,2025-03-18,2318,N,nominal,2.0NRT,286.4,0.76,N
-12.07195,26.39412,298.72,0.5,0.41,2025-03-18,2318,N,nominal,2.0NRT,286.6,1.01,N
-12.07273,26.39872,301.73,0.5,0.41,2025-03-18,2318,N,nominal,2.0NRT,286.37,1.03,N
-12.0749,26.38882,301.84,0.5,0.41,2025-03-18,2318,N,nominal,2.0NRT,286.06,1.3,N
-12.07568,26.39341,317.74,0.5,0.41,2025-03-18,2318,N,nominal,2.0NRT,285.8,1.3,N
-12.07646,26.39801,319.58,0.5,0.41,2025-03-18,2318,N,nominal,2.0NRT,287.74,1.96,N
-12.07863,26.38811,299.43,0.5,0.41,2025-03-18,2318,N,nominal,2.0NRT,285.98,1.3,N
-12.07941,26.3927,310.67,0.5,0.41,2025-03-18,2318,N,nominal,2.0NRT,286.31,1.3,N
-12.08018,26.3973,309.82,0.5,0.41,2025-03-18,2318,N,nominal,2.0NRT,287.3,1.96,N
-12.65672,28.10277,307.99,0.41,0.37,2025-03-18,2318,N,nominal,2.0NRT,289.2,1.45,N
-12.29082,25.81923,309.48,0.53,0.42,2025-03-18,2318,N,nominal,2.0NRT,288.18,1.27,N
-12.97612,28.68834,303.45,0.4,0.37,2025-03-18,2318,N,nominal,2.0NRT,289.17,0.37,N
-13.41046,24.31326,303.83,0.42,0.45,2025-03-18,2318,N,nominal,2.0NRT,288.91,0.82,N
-14.49117,28.46466,321.17,0.39,0.37,2025-03-18,2318,N,nominal,2.0NRT,291.22,1.67,N
-14.49058,28.46101,300.2,0.39,0.37,2025-03-18,2318,N,nominal,2.0NRT,288.76,1.3,N
-4.50977,12.05034,337.18,0.42,0.45,2025-03-19,0056,N,nominal,2.0NRT,285.82,3.09,N
-4.51033,12.0541,303.15,0.42,0.45,2025-03-19,0056,N,nominal,2.0NRT,285.3,1.3,N
-4.92394,11.38289,326.66,0.39,0.44,2025-03-19,0056,N,nominal,2.0NRT,280.45,3.94,N
-5.25451,11.84832,307.81,0.42,0.45,2025-03-19,0056,N,nominal,2.0NRT,283.46,4.16,N
-5.87436,12.33884,304.79,0.46,0.47,2025-03-19,0056,N,nominal,2.0NRT,275.68,0.6,N
-6.2402,12.35913,308.29,0.46,0.47,2025-03-19,0056,N,nominal,2.0NRT,268.49,0.6,N
-6.14209,11.0312,320.74,0.57,0.43,2025-03-19,0056,N,nominal,2.0NRT,283.78,4.3,N
-6.14288,11.03636,330.38,0.57,0.43,2025-03-19,0056,N,nominal,2.0NRT,285.62,6.18,N
-6.14018,11.03489,341.1,0.57,0.43,2025-03-19,0056,N,nominal,2.0NRT,286.04,9.46,N
-7.06664,12.41116,311.83,0.48,0.48,2025-03-19,0056,N,nominal,2.0NRT,284.77,2.4,N
-7.12831,12.34708,312.24,0.48,0.48,2025-03-19,0056,N,nominal,2.0NRT,285.03,1.74,N
-7.15932,12.34257,308.07,0.48,0.48,2025-03-19,0056,N,nominal,2.0NRT,285.05,1.64,N
-7.36635,11.37599,304.67,0.41,0.45,2025-03-19,0056,N,nominal,2.0NRT,281.02,0.72,N
-7.84687,12.11518,338.82,0.47,0.48,2025-03-19,0058,N,nominal,2.0NRT,284.37,5.4,N
-10.76727,15.34833,320.76,0.43,0.62,2025-03-19,0058,N,nominal,2.0NRT,280.77,1.41,N
-10.76776,15.35222,297.7,0.43,0.62,2025-03-19,0058,N,nominal,2.0NRT,279.34,1.41,N
-24.10558,46.05779,340.41,0.52,0.5,2025-03-19,1006,N,nominal,2.0NRT,300.23,9.17,D
-24.08438,45.9439,342.57,0.53,0.5,2025-03-19,1006,N,nominal,2.0NRT,297.31,6.32,D
-21.57316,46.60601,337.7,0.45,0.47,2025-03-19,1009,N,nominal,2.0NRT,296.92,4.91,D
-21.61027,44.36765,331.26,0.62,0.54,2025-03-19,1009,N,nominal,2.0NRT,295.74,3.79,D
-21.29443,46.48267,338.14,0.45,0.47,2025-03-19,1009,N,nominal,2.0NRT,297.37,3.07,D
-21.2452,46.20889,341.46,0.47,0.48,2025-03-19,1009,N,nominal,2.0NRT,299.49,6.1,D
-21.09524,46.51568,341.27,0.45,0.47,2025-03-19,1009,N,nominal,2.0NRT,297.77,4.86,D
-21.0968,46.42254,342.23,0.46,0.47,2025-03-19,1009,N,nominal,2.0NRT,299.48,7.27,D
-21.09475,46.5167,340.45,0.45,0.47,2025-03-19,1009,N,nominal,2.0NRT,296.68,5.73,D
-21.09695,46.42369,348.8,0.45,0.47,2025-03-19,1009,N,nominal,2.0NRT,299.39,6.63,D
-21.26222,43.95675,338.51,0.33,0.55,2025-03-19,1009,N,nominal,2.0NRT,294.75,3.26,D
-21.26023,43.9572,340.11,0.33,0.55,2025-03-19,1009,N,nominal,2.0NRT,295.93,3.09,D
-20.93708,45.60385,338.72,0.51,0.49,2025-03-19,1009,N,nominal,2.0NRT,298.81,7.2,D
-20.74799,46.3255,330.85,0.46,0.47,2025-03-19,1009,N,nominal,2.0NRT,297.83,1.24,D
-20.43505,45.87223,340.8,0.48,0.48,2025-03-19,1009,N,nominal,2.0NRT,299.45,4.59,D
-19.52176,46.01746,340.79,0.46,0.47,2025-03-19,1009,N,nominal,2.0NRT,302.12,3.74,D
-19.48557,46.02169,340.64,0.46,0.47,2025-03-19,1009,N,nominal,2.0NRT,300.35,6.68,D
-19.45148,46.19937,334.82,0.45,0.47,2025-03-19,1009,N,nominal,2.0NRT,301.78,4.42,D
-19.40971,46.10173,331.97,0.45,0.47,2025-03-19,1009,N,nominal,2.0NRT,300.49,2.22,D
-19.44023,45.77031,331.45,0.48,0.48,2025-03-19,1009,N,nominal,2.0NRT,298.55,1.32,D
-18.8521,45.00849,332.51,0.52,0.5,2025-03-19,1009,N,nominal,2.0NRT,295.63,3.47,D
-18.75727,44.68748,334.99,0.55,0.51,2025-03-19,1009,N,nominal,2.0NRT,297.1,4.97,D
-17.65548,46.21917,334.66,0.42,0.46,2025-03-19,1009,N,nominal,2.0NRT,298.88,3.7,D
-16.85529,47.51482,332.3,0.52,0.42,2025-03-19,1009,N,nominal,2.0NRT,289.3,2.94,D
-16.68173,46.59802,341.41,0.39,0.44,2025-03-19,1009,N,nominal,2.0NRT,298.5,5.57,D
-16.63025,46.77243,331.05,0.57,0.43,2025-03-19,1009,N,nominal,2.0NRT,299.83,2.49,D
-15.43786,47.69829,333.73,0.49,0.4,2025-03-19,1011,N,nominal,2.0NRT,298.3,4.23,D
-14.53445,48.44551,331.71,0.45,0.39,2025-03-19,1011,N,nominal,2.0NRT,291.39,2.9,D
-5.88231,39.32593,334.78,0.42,0.61,2025-03-19,1011,N,nominal,2.0NRT,291.75,2.65,D
-5.20783,38.87758,341.58,0.44,0.62,2025-03-19,1011,N,nominal,2.0NRT,289.57,6.15,D
-4.88082,39.19372,353.59,0.42,0.61,2025-03-19,1011,N,nominal,2.0NRT,293.57,7.96,D
-4.87817,39.19315,349.97,0.42,0.61,2025-03-19,1011,N,nominal,2.0NRT,293.65,8.21,D
-4.78199,39.09517,341.47,0.42,0.61,2025-03-19,1011,N,nominal,2.0NRT,294.42,4.3,D
-4.78072,39.09411,339.23,0.42,0.61,2025-03-19,1011,N,nominal,2.0NRT,294.4,4.57,D
-4.63254,39.36877,332.59,0.4,0.6,2025-03-19,1011,N,nominal,2.0NRT,295.2,6.58,D
-4.63393,39.36878,333.71,0.4,0.6,2025-03-19,1011,N,nominal,2.0NRT,295.24,4.13,D
-4.40237,39.53481,367,0.39,0.59,2025-03-19,1011,N,high,2.0NRT,293.61,7.07,D
-4.40194,39.53574,367,0.39,0.59,2025-03-19,1011,N,high,2.0NRT,293.74,8.76,D
-4.35073,38.97232,333,0.42,0.61,2025-03-19,1011,N,nominal,2.0NRT,291.56,6.34,D
-4.34966,38.97208,339.11,0.42,0.61,2025-03-19,1011,N,nominal,2.0NRT,291.89,4.02,D
-34.03937,25.61537,335.15,0.54,0.42,2025-03-19,1147,N,low,2.0NRT,307.98,34.86,D
-34.36273,21.16021,341.44,0.63,0.54,2025-03-19,1147,N,nominal,2.0NRT,306.71,11.86,D
-34.3576,21.15976,344.6,0.63,0.54,2025-03-19,1147,N,nominal,2.0NRT,309.89,11.86,D
-34.34934,21.20218,353.19,0.63,0.54,2025-03-19,1147,N,nominal,2.0NRT,306.11,26.16,D
-33.91581,24.43147,341.27,0.41,0.45,2025-03-19,1147,N,nominal,2.0NRT,306.45,3.3,D
-34.20114,21.12693,336.93,0.63,0.54,2025-03-19,1147,N,low,2.0NRT,309.75,1.25,D
-33.30996,25.9577,356.59,0.51,0.41,2025-03-19,1147,N,nominal,2.0NRT,315.76,25.22,D
-33.30813,25.96088,334.83,0.51,0.41,2025-03-19,1147,N,nominal,2.0NRT,308.84,5.92,D
-33.30875,25.95555,347.92,0.51,0.41,2025-03-19,1147,N,nominal,2.0NRT,314.38,24.56,D
-33.74069,18.63986,367,0.43,0.62,2025-03-19,1147,N,high,2.0NRT,307.24,14.16,D
-33.68238,19.47068,346,0.39,0.59,2025-03-19,1147,N,nominal,2.0NRT,308.34,3.54,D
-33.70799,18.58851,338.31,0.44,0.62,2025-03-19,1147,N,nominal,2.0NRT,306.34,4.35,D
-33.68429,19.46938,344.92,0.39,0.59,2025-03-19,1147,N,nominal,2.0NRT,308.5,3.25,D
-33.70959,18.58803,340.51,0.44,0.62,2025-03-19,1147,N,nominal,2.0NRT,306.71,3.82,D
-33.69596,18.62039,345.94,0.43,0.62,2025-03-19,1147,N,nominal,2.0NRT,304.92,4.47,D
-33.69009,18.61999,337.45,0.43,0.62,2025-03-19,1147,N,nominal,2.0NRT,304.47,4.49,D
-33.64128,18.65122,342.42,0.43,0.62,2025-03-19,1147,N,nominal,2.0NRT,303.31,35.88,D
-33.64155,18.64632,355.22,0.43,0.62,2025-03-19,1147,N,nominal,2.0NRT,314.63,35.88,D
-33.64181,18.64148,343.72,0.43,0.62,2025-03-19,1147,N,nominal,2.0NRT,303.78,15.49,D
-33.63568,18.64595,367,0.43,0.62,2025-03-19,1147,N,high,2.0NRT,305.57,35.88,D
-33.63595,18.64099,367,0.43,0.62,2025-03-19,1147,N,high,2.0NRT,304.91,15.49,D
-33.38849,18.71215,334.56,0.43,0.62,2025-03-19,1147,N,low,2.0NRT,307.13,3.47,D
-32.56448,27.63992,350.15,0.43,0.38,2025-03-19,1147,N,nominal,2.0NRT,307.84,8.17,D
-33.3838,18.71303,337.98,0.43,0.62,2025-03-19,1147,N,nominal,2.0NRT,307.23,6.08,D
-33.38409,18.70817,340.47,0.43,0.62,2025-03-19,1147,N,nominal,2.0NRT,306.46,3.69,D
-33.37442,18.67325,339.23,0.43,0.62,2025-03-19,1147,N,nominal,2.0NRT,305.1,6.52,D
-33.36861,18.67248,367,0.43,0.62,2025-03-19,1147,N,high,2.0NRT,309.65,6.52,D
-33.35419,18.29006,330.08,0.45,0.63,2025-03-19,1147,N,low,2.0NRT,305.07,2.01,D
-33.30491,18.97135,346.72,0.41,0.61,2025-03-19,1147,N,nominal,2.0NRT,304.8,2.42,D
-33.18254,18.76805,367,0.42,0.61,2025-03-19,1147,N,high,2.0NRT,309.55,11.02,D
-33.18279,18.76351,351.69,0.42,0.61,2025-03-19,1147,N,nominal,2.0NRT,305.13,11.02,D
-33.18338,18.76713,367,0.42,0.61,2025-03-19,1147,N,high,2.0NRT,308.93,12.36,D
-33.18366,18.76262,339.98,0.42,0.61,2025-03-19,1147,N,nominal,2.0NRT,304.04,7,D
-33.17759,18.7667,340.66,0.42,0.61,2025-03-19,1147,N,nominal,2.0NRT,304.54,12.36,D
-33.01877,18.69337,367,0.42,0.61,2025-03-19,1147,N,high,2.0NRT,305.19,17.72,D
-33.01904,18.68866,351.06,0.43,0.62,2025-03-19,1147,N,nominal,2.0NRT,307.08,17.72,D
-32.69404,18.79771,350.36,0.42,0.61,2025-03-19,1147,N,nominal,2.0NRT,300.28,10.17,D
-30.64071,29.96187,333.97,0.38,0.36,2025-03-19,1147,N,nominal,2.0NRT,296.72,2.05,D
-30.5357,29.09023,329.02,0.39,0.36,2025-03-19,1147,N,nominal,2.0NRT,297.52,1.46,D
-30.25509,30.17113,341.34,0.38,0.36,2025-03-19,1147,N,nominal,2.0NRT,295.46,4.08,D
-29.93993,30.4513,335.73,0.39,0.36,2025-03-19,1147,N,nominal,2.0NRT,294.89,2.05,D
-29.86623,30.29575,332.68,0.39,0.36,2025-03-19,1147,N,nominal,2.0NRT,296.73,6.16,D
-23.2334,32.24099,334.71,0.5,0.41,2025-03-19,1147,N,nominal,2.0NRT,303.81,4,D
-29.86686,30.29175,330.86,0.39,0.36,2025-03-19,1147,N,nominal,2.0NRT,295,6.16,D
-18.22523,33.0863,340.41,0.44,0.46,2025-03-19,1149,N,nominal,2.0NRT,296.02,10.9,D
-29.86957,30.16411,349.19,0.38,0.36,2025-03-19,1147,N,nominal,2.0NRT,295.63,8.13,D
-29.81884,30.35633,332.05,0.39,0.36,2025-03-19,1147,N,nominal,2.0NRT,294.51,3.05,D
-18.44264,26.47586,332.6,0.39,0.36,2025-03-19,1149,N,low,2.0NRT,305.03,6.37,D
-29.8155,30.35563,334.47,0.39,0.36,2025-03-19,1147,N,nominal,2.0NRT,294.67,3.83,D
-18.36069,26.66414,332.29,0.38,0.36,2025-03-19,1149,N,nominal,2.0NRT,301.72,4.37,D
-28.65816,29.1432,335.06,0.38,0.36,2025-03-19,1147,N,nominal,2.0NRT,296.25,3.26,D
-18.37206,26.45275,336.87,0.39,0.36,2025-03-19,1149,N,nominal,2.0NRT,306.82,6.72,D
-17.29886,24.14045,331.7,0.43,0.38,2025-03-19,1149,N,low,2.0NRT,302.06,3.39,D
-14.74298,27.45839,331.45,0.4,0.37,2025-03-19,1149,N,nominal,2.0NRT,300.77,2.16,D
-14.49138,28.46181,331.36,0.43,0.38,2025-03-19,1149,N,low,2.0NRT,303.76,2.79,D
-14.70954,26.80989,333.64,0.39,0.36,2025-03-19,1149,N,nominal,2.0NRT,303.11,5.89,D
-14.7101,26.80627,350.93,0.39,0.36,2025-03-19,1149,N,nominal,2.0NRT,307.4,5.89,D
-12.07656,26.39758,342.13,0.39,0.36,2025-03-19,1151,N,nominal,2.0NRT,301.21,5.87,D
-11.94693,26.77882,330.95,0.4,0.37,2025-03-19,1151,N,nominal,2.0NRT,293.33,2.62,D
-11.60018,26.63165,331.03,0.4,0.37,2025-03-19,1151,N,nominal,2.0NRT,294.83,3.7,D
-10.51192,25.91775,334.33,0.39,0.36,2025-03-19,1151,N,nominal,2.0NRT,290.22,3.49,D
-9.63204,28.64081,343.93,0.5,0.41,2025-03-19,1151,N,nominal,2.0NRT,286.11,9.93,D
-9.63132,28.64211,343.69,0.5,0.41,2025-03-19,1151,N,nominal,2.0NRT,288.09,9.49,D
-9.55622,27.12399,327.73,0.43,0.38,2025-03-19,1151,N,nominal,2.0NRT,288.82,2.52,D
-10.76943,15.3511,331.02,0.4,0.6,2025-03-19,1151,N,nominal,2.0NRT,291.14,6.59,D
-10.76523,15.35202,367,0.4,0.6,2025-03-19,1151,N,high,2.0NRT,291.13,20.52,D
-10.76571,15.34824,355.05,0.4,0.6,2025-03-19,1151,N,nominal,2.0NRT,290.63,20.52,D
-10.40127,15.07721,329.27,0.41,0.61,2025-03-19,1151,N,nominal,2.0NRT,294.26,3.45,D
-10.40173,15.07336,334.34,0.41,0.61,2025-03-19,1151,N,nominal,2.0NRT,294.54,3.45,D
-10.53794,13.9322,353.8,0.49,0.65,2025-03-19,1151,N,nominal,2.0NRT,284.21,5.33,D
-10.53848,13.9276,330.78,0.49,0.65,2025-03-19,1151,N,nominal,2.0NRT,280.51,5.33,D
-10.39873,15.07615,327.84,0.41,0.61,2025-03-19,1151,N,nominal,2.0NRT,292.13,4.22,D
-10.39923,15.0723,327.86,0.41,0.61,2025-03-19,1151,N,nominal,2.0NRT,292.36,4.22,D
-10.53755,13.93291,338.24,0.49,0.65,2025-03-19,1151,N,nominal,2.0NRT,282.95,6.42,D
-10.53813,13.9283,350.99,0.49,0.65,2025-03-19,1151,N,nominal,2.0NRT,282.6,6.42,D
-9.69011,16.26354,343.86,0.33,0.55,2025-03-19,1151,N,nominal,2.0NRT,289.88,4.29,D
-9.43352,15.9915,325.4,0.34,0.56,2025-03-19,1151,N,nominal,2.0NRT,285.92,1.41,D
-9.41365,15.81863,354.25,0.35,0.57,2025-03-19,1151,N,nominal,2.0NRT,291.94,7.6,D
-9.41407,15.81539,355.37,0.35,0.57,2025-03-19,1151,N,nominal,2.0NRT,292.27,7.6,D
-9.41432,14.81332,325.49,0.41,0.61,2025-03-19,1151,N,nominal,2.0NRT,291.57,2.81,D
-9.1102,15.81825,326.19,0.35,0.57,2025-03-19,1151,N,nominal,2.0NRT,289.33,3.23,D
-9.04793,15.96763,330.78,0.34,0.56,2025-03-19,1151,N,nominal,2.0NRT,290.96,2.79,D
-8.92061,16.16932,328.67,0.33,0.55,2025-03-19,1151,N,nominal,2.0NRT,287.18,1.98,D
-8.79545,15.41593,332.12,0.37,0.58,2025-03-19,1151,N,nominal,2.0NRT,293.19,3.36,D
-8.62545,15.58552,331.31,0.36,0.57,2025-03-19,1151,N,nominal,2.0NRT,289.06,2.5,D
-8.53874,15.50377,329.59,0.36,0.57,2025-03-19,1151,N,nominal,2.0NRT,289.3,2.4,D
-8.53529,15.50248,327.53,0.36,0.57,2025-03-19,1151,N,nominal,2.0NRT,292.73,2.79,D
-8.4636,15.46992,326.17,0.36,0.58,2025-03-19,1151,N,nominal,2.0NRT,292.36,2.06,D
-8.44628,15.30748,331.26,0.37,0.58,2025-03-19,1151,N,nominal,2.0NRT,290.72,3.11,D
-8.45002,15.30841,331.49,0.37,0.58,2025-03-19,1151,N,nominal,2.0NRT,291.98,4.06,D
-8.07969,15.60091,339.74,0.35,0.57,2025-03-19,1151,N,nominal,2.0NRT,289,3.02,D
-7.78725,15.40456,326.36,0.36,0.57,2025-03-19,1151,N,nominal,2.0NRT,292.13,2.42,D
-7.50711,17.21989,342.87,0.53,0.5,2025-03-19,1151,N,nominal,2.0NRT,291.63,5.2,D
-7.50244,17.21926,329.98,0.53,0.5,2025-03-19,1151,N,nominal,2.0NRT,287.73,5.2,D
-7.4939,17.1774,333.06,0.54,0.51,2025-03-19,1151,N,nominal,2.0NRT,287.44,4.05,D
-7.8483,12.11391,345.01,0.6,0.7,2025-03-19,1153,N,nominal,2.0NRT,288.04,14.06,D
-7.849,12.10834,358.14,0.6,0.7,2025-03-19,1153,N,low,2.0NRT,288.04,14.06,D
-7.39087,15.24865,331.02,0.36,0.58,2025-03-19,1153,N,nominal,2.0NRT,287.18,8.51,D
-7.43531,14.90708,327.1,0.38,0.59,2025-03-19,1153,N,nominal,2.0NRT,287.78,3.08,D
-7.3913,15.24535,357.55,0.36,0.58,2025-03-19,1153,N,low,2.0NRT,287.61,8.51,D
-7.39409,15.24429,336.62,0.36,0.58,2025-03-19,1153,N,nominal,2.0NRT,285.52,6.19,D
-7.39364,15.24756,356.92,0.36,0.58,2025-03-19,1153,N,low,2.0NRT,287.1,11.36,D
-7.43522,14.90613,336.3,0.38,0.59,2025-03-19,1153,N,nominal,2.0NRT,289.79,2.19,D
-7.32186,15.1331,327.95,0.37,0.58,2025-03-19,1153,N,nominal,2.0NRT,289.54,2.37,D
-6.41694,18.89334,340.72,0.4,0.44,2025-03-19,1153,N,nominal,2.0NRT,287.12,4.6,D
-6.48186,17.49127,342.02,0.49,0.49,2025-03-19,1153,N,nominal,2.0NRT,287.96,6.65,D
-6.24687,18.78563,331.06,0.4,0.45,2025-03-19,1153,N,nominal,2.0NRT,284.92,2.03,D
-6.75349,14.97806,328.58,0.37,0.58,2025-03-19,1153,N,nominal,2.0NRT,283.26,2.41,D
-5.52014,16.26898,331.6,0.58,0.52,2025-03-19,1153,N,nominal,2.0NRT,287.09,3.95,D
-5.51205,14.26999,330.54,0.4,0.6,2025-03-19,1153,N,nominal,2.0NRT,285.71,3.9,D
-5.38472,13.55501,328.13,0.44,0.62,2025-03-19,1153,N,nominal,2.0NRT,288.36,1.8,D
-4.96351,16.54604,328.03,0.54,0.51,2025-03-19,1153,N,nominal,2.0NRT,289.67,5.51,D
-4.77879,16.72088,336.22,0.53,0.5,2025-03-19,1153,N,nominal,2.0NRT,285.54,5.73,D
-4.39583,16.95191,353.71,0.5,0.49,2025-03-19,1153,N,nominal,2.0NRT,282.49,26.2,D
-4.39125,16.9515,333.4,0.5,0.49,2025-03-19,1153,N,nominal,2.0NRT,280.6,7.11,D
-4.14629,16.74386,330.8,0.51,0.5,2025-03-19,1153,N,nominal,2.0NRT,286.65,5.95,D
-34.32395,21.4401,344.14,0.61,0.71,2025-03-19,1325,N,nominal,2.0NRT,299.25,7.14,D
-34.31765,21.43698,367,0.61,0.71,2025-03-19,1325,N,high,2.0NRT,298.66,15.07,D
-34.32045,21.44272,367,0.61,0.71,2025-03-19,1325,N,high,2.0NRT,298.61,13.3,D
-5.28314,11.39186,326.65,0.65,0.73,2025-03-19,1333,N,nominal,2.0NRT,279.53,9.64,D
-34.32237,21.43622,338.22,0.61,0.71,2025-03-19,1325,N,nominal,2.0NRT,298.2,13.3,D
-34.34925,21.19826,367,0.6,0.7,2025-03-19,1325,N,high,2.0NRT,305.34,36.07,D
-5.28193,11.38934,342.23,0.65,0.73,2025-03-19,1333,N,nominal,2.0NRT,279.12,7.25,D
-34.34735,21.20473,338.6,0.6,0.7,2025-03-19,1325,N,nominal,2.0NRT,297.99,22.42,D
-34.32924,21.24199,338.91,0.6,0.71,2025-03-19,1325,N,nominal,2.0NRT,300.63,4.92,D
-33.74928,18.64114,367,0.46,0.63,2025-03-19,1325,N,high,2.0NRT,309.24,6.22,D
-33.75063,18.63611,336.69,0.46,0.63,2025-03-19,1325,N,nominal,2.0NRT,306.88,6.22,D
-33.74349,18.63918,339.13,0.46,0.63,2025-03-19,1325,N,nominal,2.0NRT,306.7,6.22,D
-33.63881,18.63942,367,0.46,0.63,2025-03-19,1325,N,high,2.0NRT,306.5,13.8,D
-33.56026,18.64817,341.17,0.46,0.64,2025-03-19,1325,N,nominal,2.0NRT,303.25,5.29,D
-33.41315,18.73438,334.89,0.47,0.64,2025-03-19,1325,N,nominal,2.0NRT,299.66,5.23,D
-33.40731,18.73232,343.57,0.47,0.64,2025-03-19,1325,N,nominal,2.0NRT,302.2,5.23,D
-33.41138,18.73274,355.3,0.47,0.64,2025-03-19,1325,N,nominal,2.0NRT,300.1,8.88,D
-33.30124,18.97236,331.97,0.49,0.65,2025-03-19,1325,N,nominal,2.0NRT,300.14,2.9,D
-33.37023,18.67202,341.07,0.47,0.64,2025-03-19,1325,N,nominal,2.0NRT,308.66,12.1,D
-33.36293,18.67534,367,0.47,0.64,2025-03-19,1325,N,high,2.0NRT,309.3,12.1,D
-33.36426,18.67046,345.24,0.47,0.64,2025-03-19,1325,N,nominal,2.0NRT,305.86,12.1,D
-33.25683,18.80098,335.43,0.48,0.65,2025-03-19,1325,N,nominal,2.0NRT,302.62,2.41,D
-33.3128,18.5228,355.21,0.46,0.64,2025-03-19,1325,N,nominal,2.0NRT,306.01,8.44,D
-33.18234,18.76663,335.4,0.48,0.64,2025-03-19,1325,N,nominal,2.0NRT,303.24,3.78,D
-32.50504,19.07493,343.17,0.52,0.67,2025-03-19,1325,N,nominal,2.0NRT,297.45,5.84,D
-21.49681,46.61513,297.42,0.46,0.63,2025-03-19,2121,N,nominal,2.0NRT,286.75,0.4,N
-18.05303,30.37874,298.27,0.46,0.39,2025-03-19,2259,N,nominal,2.0NRT,287.35,0.88,N
-17.47805,27.09245,302.09,0.47,0.48,2025-03-19,2259,N,nominal,2.0NRT,290.4,1.01,N
-17.47764,27.0943,301.55,0.47,0.48,2025-03-19,2259,N,nominal,2.0NRT,290.41,1.11,N
-17.39111,24.65405,301.15,0.34,0.56,2025-03-19,2259,N,nominal,2.0NRT,288.81,0.45,N
-17.95482,25.82001,300.03,0.56,0.51,2025-03-19,2259,N,nominal,2.0NRT,288.8,0.42,N
-18.35887,26.66016,309.3,0.48,0.48,2025-03-19,2259,N,nominal,2.0NRT,291.21,1.44,N
-18.35977,26.66486,306.36,0.48,0.48,2025-03-19,2259,N,nominal,2.0NRT,291.21,1.23,N
-18.36325,26.65889,305.6,0.48,0.48,2025-03-19,2259,N,nominal,2.0NRT,291.21,1.44,N
-18.36044,26.65755,315.58,0.48,0.48,2025-03-19,2259,N,nominal,2.0NRT,291.51,1.73,N
-18.36135,26.66214,315.27,0.48,0.48,2025-03-19,2259,N,nominal,2.0NRT,291.82,1.73,N
-18.36666,26.47702,334.19,0.5,0.49,2025-03-19,2259,N,nominal,2.0NRT,295.24,5.06,N
-18.37117,26.47614,321.22,0.5,0.49,2025-03-19,2259,N,nominal,2.0NRT,291.25,5.06,N
-18.3656,26.44779,304.57,0.5,0.49,2025-03-19,2259,N,nominal,2.0NRT,290.32,1.48,N
-18.37104,26.45162,330.25,0.5,0.49,2025-03-19,2259,N,nominal,2.0NRT,292.51,4.67,N
-18.42065,26.46611,301.85,0.5,0.49,2025-03-19,2259,N,nominal,2.0NRT,288.59,1.03,N
-18.4289,26.509,306.22,0.49,0.49,2025-03-19,2259,N,nominal,2.0NRT,289.78,1.42,N
-18.43146,26.52228,302.92,0.49,0.49,2025-03-19,2259,N,nominal,2.0NRT,290.9,1.3,N
-18.44311,26.51016,302.67,0.49,0.49,2025-03-19,2259,N,nominal,2.0NRT,289.84,1.65,N
-18.44486,26.51932,305.57,0.49,0.49,2025-03-19,2259,N,nominal,2.0NRT,290.71,2.54,N
-18.44129,26.47631,317.71,0.5,0.49,2025-03-19,2259,N,nominal,2.0NRT,291.8,2.52,N
-18.44059,26.51218,311.17,0.49,0.49,2025-03-19,2259,N,nominal,2.0NRT,291.68,2.27,N
-18.44303,26.47754,314.36,0.5,0.49,2025-03-19,2259,N,nominal,2.0NRT,291.49,2.23,N
-21.10761,31.53568,307.13,0.4,0.37,2025-03-19,2259,N,nominal,2.0NRT,289.41,0.69,N
-24.05073,25.88399,304.87,0.43,0.46,2025-03-19,2301,N,nominal,2.0NRT,287.29,0.96,N
-24.54977,26.85604,296.47,0.55,0.43,2025-03-19,2301,N,nominal,2.0NRT,286.04,0.52,N
-24.83278,27.36606,315.63,0.52,0.41,2025-03-19,2301,N,nominal,2.0NRT,287.96,3.49,N
-24.83658,27.3652,330.08,0.52,0.41,2025-03-19,2301,N,nominal,2.0NRT,287.59,3.49,N
-25.86224,29.88154,295.99,0.4,0.37,2025-03-19,2301,N,nominal,2.0NRT,285.06,0.76,N
-25.80291,29.49309,301.68,0.41,0.37,2025-03-19,2301,N,nominal,2.0NRT,284.6,1.18,N
-25.80705,29.49651,296.11,0.41,0.37,2025-03-19,2301,N,nominal,2.0NRT,282.57,1.28,N
-25.81048,29.49577,318.1,0.41,0.37,2025-03-19,2301,N,nominal,2.0NRT,283.69,1.28,N
-25.91855,29.55577,298.89,0.41,0.37,2025-03-19,2301,N,nominal,2.0NRT,286.29,0.92,N
-25.85589,29.17301,299.91,0.42,0.38,2025-03-19,2301,N,nominal,2.0NRT,275.58,0.75,N
-25.57353,27.58203,303.34,0.49,0.4,2025-03-19,2301,N,nominal,2.0NRT,288.18,1.28,N
-25.85935,29.17226,309.19,0.42,0.38,2025-03-19,2301,N,nominal,2.0NRT,275.76,1.45,N
-25.49184,27.1027,302,0.52,0.42,2025-03-19,2301,N,nominal,2.0NRT,286.91,0.75,N
-25.65916,27.83945,305.04,0.48,0.4,2025-03-19,2301,N,nominal,2.0NRT,286.87,2.03,N
-25.66283,27.83864,329.42,0.48,0.4,2025-03-19,2301,N,nominal,2.0NRT,287.16,2.03,N
-25.89014,29.12184,295.21,0.42,0.38,2025-03-19,2301,N,nominal,2.0NRT,273.03,0.55,N
-25.69224,28.04601,295.64,0.47,0.4,2025-03-19,2301,N,nominal,2.0NRT,285.24,0.58,N
-25.65807,27.84247,298.1,0.48,0.4,2025-03-19,2301,N,nominal,2.0NRT,286.55,0.81,N
-25.66084,27.83686,326.26,0.48,0.4,2025-03-19,2301,N,nominal,2.0NRT,287.7,3.59,N
-25.66174,27.84167,307.72,0.48,0.4,2025-03-19,2301,N,nominal,2.0NRT,286.56,1.26,N
-25.90224,29.1647,296.96,0.42,0.38,2025-03-19,2301,N,nominal,2.0NRT,276.2,0.68,N
-25.72575,27.60695,311.34,0.49,0.4,2025-03-19,2301,N,nominal,2.0NRT,286.33,1.89,N
-25.72664,27.61184,314.52,0.49,0.4,2025-03-19,2301,N,nominal,2.0NRT,287.56,1.89,N
-25.72945,27.60611,313.53,0.49,0.4,2025-03-19,2301,N,nominal,2.0NRT,286.42,1.89,N
-25.72692,27.60994,330.15,0.49,0.4,2025-03-19,2301,N,nominal,2.0NRT,288.29,2.33,N
-25.73063,27.6091,298.1,0.49,0.4,2025-03-19,2301,N,nominal,2.0NRT,285.46,2.33,N
-26.02636,29.19227,306.12,0.42,0.38,2025-03-19,2301,N,nominal,2.0NRT,282.13,1.89,N
-26.0276,29.17894,304.27,0.42,0.38,2025-03-19,2301,N,nominal,2.0NRT,282.34,1.51,N
-26.02834,29.18316,303.87,0.42,0.38,2025-03-19,2301,N,nominal,2.0NRT,282.61,1.51,N
-26.02908,29.18735,301.08,0.42,0.38,2025-03-19,2301,N,nominal,2.0NRT,281.63,1.21,N
-26.03275,29.20824,311.22,0.42,0.38,2025-03-19,2301,N,nominal,2.0NRT,280.49,1.25,N
-26.03348,29.2124,302.82,0.42,0.38,2025-03-19,2301,N,nominal,2.0NRT,279.84,1.12,N
-25.70746,27.40425,298.35,0.5,0.41,2025-03-19,2301,N,nominal,2.0NRT,286.65,0.62,N
-26.03547,29.20332,300.56,0.42,0.38,2025-03-19,2301,N,nominal,2.0NRT,279.74,1.25,N
-26.0362,29.20749,298.09,0.42,0.38,2025-03-19,2301,N,nominal,2.0NRT,277.45,1.25,N
-25.71121,27.40343,333.03,0.5,0.41,2025-03-19,2301,N,nominal,2.0NRT,292.04,6.35,N
-25.71495,27.4026,301.47,0.5,0.41,2025-03-19,2301,N,nominal,2.0NRT,286.42,6.35,N
-25.92772,28.33041,297.76,0.45,0.39,2025-03-19,2301,N,nominal,2.0NRT,284.43,0.71,N
-25.93699,28.25771,295.95,0.46,0.39,2025-03-19,2301,N,nominal,2.0NRT,284.66,0.65,N
-25.81609,25.84472,298.79,0.4,0.44,2025-03-19,2301,N,nominal,2.0NRT,286.9,0.59,N
-26.28402,28.16071,311.34,0.45,0.39,2025-03-19,2301,N,nominal,2.0NRT,285.66,1.3,N
-26.53672,29.15344,296,0.42,0.37,2025-03-19,2301,N,nominal,2.0NRT,280.74,0.63,N
-26.54016,29.15269,300.65,0.42,0.37,2025-03-19,2301,N,nominal,2.0NRT,278.86,0.63,N
-26.54088,29.15688,309.12,0.42,0.37,2025-03-19,2301,N,nominal,2.0NRT,282.2,0.63,N
-26.54448,29.17779,295.17,0.42,0.37,2025-03-19,2301,N,nominal,2.0NRT,284,0.28,N
-26.54738,29.14329,296.75,0.42,0.37,2025-03-19,2301,N,nominal,2.0NRT,285.59,0.96,N
-26.54811,29.14748,310.18,0.42,0.37,2025-03-19,2301,N,nominal,2.0NRT,285.67,0.96,N
-26.55032,29.16002,299.01,0.42,0.37,2025-03-19,2301,N,nominal,2.0NRT,284.5,0.49,N
-26.55105,29.1642,295.86,0.42,0.37,2025-03-19,2301,N,nominal,2.0NRT,284.58,0.49,N
-26.55303,29.15511,300.75,0.42,0.37,2025-03-19,2301,N,nominal,2.0NRT,287.5,1.31,N
-26.30893,27.7861,300.89,0.47,0.4,2025-03-19,2301,N,nominal,2.0NRT,284.85,0.55,N
-26.65951,27.85506,305.45,0.46,0.39,2025-03-19,2301,N,nominal,2.0NRT,286.06,0.79,N
-26.68097,27.95109,301.18,0.46,0.39,2025-03-19,2301,N,nominal,2.0NRT,285.34,0.65,N
-26.65815,27.80693,304.52,0.47,0.39,2025-03-19,2301,N,nominal,2.0NRT,286.41,6.7,N
-26.65902,27.81161,301.92,0.47,0.39,2025-03-19,2301,N,nominal,2.0NRT,288.21,6.7,N
-26.68541,27.95489,295.98,0.46,0.39,2025-03-19,2301,N,nominal,2.0NRT,285.23,0.48,N
-26.66177,27.8061,327.99,0.47,0.39,2025-03-19,2301,N,nominal,2.0NRT,288.92,6.7,N
-26.66987,27.80914,300.62,0.47,0.39,2025-03-19,2301,N,nominal,2.0NRT,285.61,1.43,N
-26.69535,27.94786,296.32,0.46,0.39,2025-03-19,2301,N,nominal,2.0NRT,285.34,0.62,N
-26.69895,27.94704,302.17,0.46,0.39,2025-03-19,2301,N,nominal,2.0NRT,285.64,1.27,N
-26.71057,27.94918,298.95,0.46,0.39,2025-03-19,2301,N,nominal,2.0NRT,285.09,0.6,N
-26.71776,27.94755,302.75,0.46,0.39,2025-03-19,2301,N,nominal,2.0NRT,284.91,0.79,N
-26.71991,27.91822,299.24,0.46,0.39,2025-03-19,2301,N,nominal,2.0NRT,285.2,0.59,N
-26.80671,27.85781,298.29,0.46,0.39,2025-03-19,2301,N,nominal,2.0NRT,287.97,1.12,N
-27.71713,30.0037,310.33,0.39,0.36,2025-03-19,2301,N,nominal,2.0NRT,286.77,1.25,N
-28.67322,32.1332,308.82,0.39,0.36,2025-03-19,2301,N,nominal,2.0NRT,291.54,0.7,N
-28.67659,32.13256,304.15,0.39,0.36,2025-03-19,2301,N,nominal,2.0NRT,291.63,0.7,N
-28.67719,32.13661,307.91,0.39,0.36,2025-03-19,2301,N,nominal,2.0NRT,291.82,0.79,N
-28.72067,31.87146,319.54,0.39,0.36,2025-03-19,2301,N,nominal,2.0NRT,291.85,1.2,N
-28.72199,31.87247,322.16,0.39,0.36,2025-03-19,2301,N,nominal,2.0NRT,291.86,1.07,N
-28.86,31.5464,299.55,0.39,0.36,2025-03-19,2301,N,nominal,2.0NRT,288.6,0.22,N
-28.86334,31.54576,324.05,0.39,0.36,2025-03-19,2301,N,nominal,2.0NRT,289.34,1.76,N
-29.41855,31.15871,318.06,0.39,0.36,2025-03-19,2301,N,nominal,2.0NRT,290.06,0.76,N
-28.35939,23.50722,302.98,0.49,0.48,2025-03-19,2301,N,nominal,2.0NRT,287.85,1,N
-29.71354,30.61358,308.57,0.38,0.36,2025-03-19,2301,N,nominal,2.0NRT,289.48,0.87,N
-29.7951,30.66328,298.92,0.38,0.36,2025-03-19,2303,N,nominal,2.0NRT,288.36,0.43,N
-30.67517,30.34563,309.35,0.38,0.36,2025-03-19,2303,N,nominal,2.0NRT,292.04,0.75,N
-32.5643,27.63945,300.62,0.41,0.37,2025-03-19,2303,N,nominal,2.0NRT,290.47,0.61,N
-34.03073,25.60715,312.58,0.46,0.39,2025-03-19,2303,N,nominal,2.0NRT,291.33,1.66,N
-34.03431,25.60611,302.66,0.46,0.39,2025-03-19,2303,N,nominal,2.0NRT,291.3,1.09,N
-34.0379,25.60507,308.36,0.46,0.39,2025-03-19,2303,N,nominal,2.0NRT,290.41,1.09,N
-34.16507,21.96121,312.1,0.45,0.47,2025-03-19,2303,N,nominal,2.0NRT,290.16,1.5,N
-33.58587,18.46143,309.73,0.36,0.57,2025-03-19,2303,N,nominal,2.0NRT,291.41,1.17,N
-33.59101,18.4594,308.78,0.36,0.57,2025-03-19,2303,N,nominal,2.0NRT,291.56,0.86,N
-33.58894,18.46195,318.33,0.36,0.57,2025-03-19,2303,N,nominal,2.0NRT,291.88,1.9,N
-33.59309,18.45609,300.77,0.36,0.57,2025-03-19,2303,N,nominal,2.0NRT,288.51,2.01,N
-34.3184,21.43837,315.43,0.47,0.48,2025-03-19,2303,N,nominal,2.0NRT,288,1.79,N
-34.31956,21.44348,300.64,0.47,0.48,2025-03-19,2303,N,nominal,2.0NRT,285.66,0.8,N
-33.84056,18.52995,308.33,0.35,0.57,2025-03-19,2303,N,nominal,2.0NRT,292.7,0.96,N
-34.25644,19.2909,300.23,0.62,0.54,2025-03-19,2303,N,nominal,2.0NRT,288.89,0.5,N
-5.05632,39.05128,308.91,0.43,0.38,2025-03-19,2257,N,nominal,2.0NRT,290.19,1.09,N
-5.10209,39.02128,308.63,0.43,0.38,2025-03-19,2257,N,nominal,2.0NRT,291.58,1.09,N
-6.66284,39.16813,312.82,0.45,0.39,2025-03-19,2257,N,nominal,2.0NRT,292.41,1.37,N
-8.34272,35.3136,295.8,0.39,0.36,2025-03-19,2257,N,nominal,2.0NRT,284.01,0.6,N
-8.94073,33.24095,297.48,0.43,0.38,2025-03-19,2259,N,nominal,2.0NRT,280.71,1.03,N
-10.38801,34.91831,312.12,0.39,0.36,2025-03-19,2259,N,nominal,2.0NRT,288.8,1.23,N
-10.39134,34.91779,312.58,0.39,0.36,2025-03-19,2259,N,nominal,2.0NRT,288.57,1.42,N
-12.07791,26.39691,324.16,0.33,0.55,2025-03-19,2259,N,nominal,2.0NRT,275.65,1.74,N
-12.07732,26.39382,315.88,0.33,0.55,2025-03-19,2259,N,nominal,2.0NRT,273.67,3.67,N
-12.08294,26.39575,295.84,0.33,0.55,2025-03-19,2259,N,nominal,2.0NRT,277.53,1.74,N
-14.49074,28.4629,321.41,0.44,0.46,2025-03-19,2259,N,nominal,2.0NRT,287.34,2.71,N
-14.70698,26.80249,317.21,0.55,0.51,2025-03-19,2259,N,nominal,2.0NRT,287.1,2.36,N
-14.70795,26.80771,302.83,0.55,0.51,2025-03-19,2259,N,nominal,2.0NRT,285.96,1.32,N
-14.71267,26.80684,300.26,0.55,0.51,2025-03-19,2259,N,nominal,2.0NRT,286.32,0.96,N
-14.7082,26.80611,327.56,0.55,0.51,2025-03-19,2259,N,nominal,2.0NRT,287.07,4.72,N
-15.89062,33.03118,320.88,0.39,0.36,2025-03-19,2259,N,nominal,2.0NRT,292.48,4.59,N
-15.88943,33.02386,303.97,0.39,0.36,2025-03-19,2259,N,nominal,2.0NRT,291.94,0.58,N
-15.89398,33.03061,340.01,0.39,0.36,2025-03-19,2259,N,nominal,2.0NRT,294.52,4.59,N
-15.93137,33.017,303.86,0.39,0.36,2025-03-19,2259,N,nominal,2.0NRT,291.21,0.69,N
-16.11932,33.75877,312.67,0.38,0.36,2025-03-19,2301,N,nominal,2.0NRT,295.19,1.7,N
-16.1199,33.76237,312.02,0.38,0.36,2025-03-19,2301,N,nominal,2.0NRT,295.78,1.62,N
-16.12322,33.7618,305.95,0.38,0.36,2025-03-19,2301,N,nominal,2.0NRT,294.99,2.23,N
-16.13101,33.76786,318.39,0.38,0.36,2025-03-19,2301,N,nominal,2.0NRT,295.33,2.65,N
-16.13024,33.71997,305.28,0.38,0.36,2025-03-19,2301,N,nominal,2.0NRT,293.87,1.93,N
-16.13195,33.73076,306.41,0.38,0.36,2025-03-19,2301,N,nominal,2.0NRT,294.29,1.74,N
-16.13514,33.7159,306.59,0.38,0.36,2025-03-19,2301,N,nominal,2.0NRT,295.81,1.37,N
-16.16608,33.80296,315.15,0.38,0.36,2025-03-19,2301,N,nominal,2.0NRT,292.41,1.4,N
-14.57123,24.89307,301.01,0.37,0.58,2025-03-19,2301,N,nominal,2.0NRT,284.17,0.41,N
-16.1923,33.83911,310.27,0.38,0.36,2025-03-19,2301,N,nominal,2.0NRT,294.84,1,N
-16.19287,33.8427,311.51,0.38,0.36,2025-03-19,2301,N,nominal,2.0NRT,294.5,1,N
-16.19562,33.83854,309.11,0.38,0.36,2025-03-19,2301,N,nominal,2.0NRT,293.84,1.82,N
-17.89908,46.89118,297.75,0.64,0.72,2025-03-19,2301,N,nominal,2.0NRT,285.42,0.8,N
-15.3746,28.21931,299.53,0.44,0.46,2025-03-19,2301,N,nominal,2.0NRT,286.77,0.89,N
-15.5436,28.26723,299.11,0.43,0.46,2025-03-19,2301,N,nominal,2.0NRT,288.59,0.87,N
-17.341,27.20523,312,0.47,0.48,2025-03-19,2301,N,nominal,2.0NRT,292.42,1.88,N
-23.12306,15.02709,296.98,0.56,0.52,2025-03-20,0041,N,nominal,2.0NRT,283.97,0.57,N
-4.24347,10.8187,310.09,0.39,0.36,2025-03-20,0037,N,nominal,2.0NRT,280.07,1.12,N
-4.50932,12.05053,302.91,0.39,0.36,2025-03-20,0037,N,nominal,2.0NRT,270.23,0.7,N
-4.51265,12.05001,297.97,0.39,0.36,2025-03-20,0037,N,nominal,2.0NRT,270.27,0.7,N
-4.52145,11.41964,329.8,0.38,0.36,2025-03-20,0037,N,nominal,2.0NRT,279.33,1.91,N
-4.5209,11.41618,311.43,0.38,0.36,2025-03-20,0037,N,nominal,2.0NRT,280.46,1.91,N
-4.85867,12.01771,334.11,0.39,0.36,2025-03-20,0037,N,nominal,2.0NRT,278.05,4.43,N
-4.86309,12.02417,331.79,0.39,0.36,2025-03-20,0037,N,nominal,2.0NRT,280.13,2.86,N
-4.86201,12.01718,308.47,0.39,0.36,2025-03-20,0037,N,nominal,2.0NRT,279.9,1.62,N
-4.89241,12.08057,307.3,0.39,0.36,2025-03-20,0037,N,nominal,2.0NRT,280.96,0.78,N
-4.88952,11.90924,332.58,0.39,0.36,2025-03-20,0037,N,nominal,2.0NRT,285.1,3.64,N
-4.89061,11.91621,309.9,0.39,0.36,2025-03-20,0037,N,nominal,2.0NRT,283.5,1.13,N
-4.93135,12.08887,321.17,0.39,0.36,2025-03-20,0037,N,nominal,2.0NRT,283.02,1.93,N
-4.93469,12.08836,343.03,0.39,0.36,2025-03-20,0037,N,nominal,2.0NRT,284.77,3.22,N
-4.93524,12.09187,324.91,0.39,0.36,2025-03-20,0037,N,nominal,2.0NRT,282.33,3.13,N
-4.93414,12.08485,302.5,0.39,0.36,2025-03-20,0037,N,nominal,2.0NRT,283.26,3.22,N
-4.93803,12.08784,301.19,0.39,0.36,2025-03-20,0037,N,nominal,2.0NRT,282.27,3.22,N
-4.92111,11.93648,306.74,0.39,0.36,2025-03-20,0037,N,nominal,2.0NRT,285.83,0.8,N
-4.92153,11.38212,332.01,0.38,0.36,2025-03-20,0037,N,nominal,2.0NRT,287.26,4.12,N
-4.92485,11.38161,334.64,0.38,0.36,2025-03-20,0037,N,nominal,2.0NRT,287.84,7.95,N
-5.02824,11.65211,310.85,0.39,0.36,2025-03-20,0037,N,nominal,2.0NRT,286.67,1.49,N
-5.02569,11.57083,310.72,0.38,0.36,2025-03-20,0037,N,nominal,2.0NRT,288.12,1.53,N
-5.04677,11.55334,308.92,0.38,0.36,2025-03-20,0037,N,nominal,2.0NRT,289.79,0.73,N
-5.20505,11.69939,308.99,0.39,0.36,2025-03-20,0037,N,nominal,2.0NRT,278.76,0.84,N
-5.28449,11.38501,332.59,0.38,0.36,2025-03-20,0037,N,nominal,2.0NRT,290.2,5.51,N
-5.37828,11.44517,326.94,0.38,0.36,2025-03-20,0037,N,nominal,2.0NRT,290.52,4.29,N
-5.37774,11.44171,310.87,0.38,0.36,2025-03-20,0037,N,nominal,2.0NRT,290.48,4.52,N
-5.66248,11.81037,307.34,0.39,0.36,2025-03-20,0037,N,nominal,2.0NRT,286.23,1.78,N
-6.212,12.39417,311.98,0.4,0.37,2025-03-20,0037,N,nominal,2.0NRT,291.2,1.4,N
-6.15885,11.26898,313.05,0.38,0.36,2025-03-20,0037,N,nominal,2.0NRT,290.02,0.73,N
-6.1417,11.03018,330.43,0.38,0.36,2025-03-20,0037,N,nominal,2.0NRT,291.72,6.76,N
-6.32001,11.27932,321.09,0.38,0.36,2025-03-20,0037,N,nominal,2.0NRT,290.97,2.51,N
-7.12855,12.34405,313.44,0.4,0.37,2025-03-20,0037,N,nominal,2.0NRT,286.53,1.9,N
-7.15972,12.34297,316.37,0.4,0.37,2025-03-20,0037,N,nominal,2.0NRT,281.43,1.7,N
-7.84654,12.11302,337.97,0.4,0.37,2025-03-20,0037,N,nominal,2.0NRT,264.07,2.71,N
-7.84993,12.11249,303.69,0.4,0.37,2025-03-20,0037,N,nominal,2.0NRT,265.22,2.71,N
-10.76344,15.34968,305.46,0.41,0.45,2025-03-20,0037,N,nominal,2.0NRT,263.05,0.9,N
-10.76759,15.34909,295.31,0.41,0.45,2025-03-20,0037,N,nominal,2.0NRT,263.13,0.9,N
-24.18919,45.8093,347.1,0.54,0.68,2025-03-20,0947,N,nominal,2.0NRT,288.04,7,D
-24.18744,45.8125,333.28,0.54,0.68,2025-03-20,0947,N,nominal,2.0NRT,290.3,9.13,D
-24.18795,45.80564,342.29,0.54,0.68,2025-03-20,0947,N,nominal,2.0NRT,290.07,7.56,D
-22.11728,46.59991,343.65,0.46,0.63,2025-03-20,0947,N,nominal,2.0NRT,289.88,5.96,D
-22.11106,46.60257,340.09,0.46,0.63,2025-03-20,0947,N,nominal,2.0NRT,297.15,11.8,D
-22.1117,46.59513,333.51,0.46,0.63,2025-03-20,0947,N,nominal,2.0NRT,294.67,3.97,D
-21.53115,46.62606,335.58,0.45,0.63,2025-03-20,0947,N,nominal,2.0NRT,293.88,3.4,D
-18.85427,47.07156,332.75,0.39,0.6,2025-03-20,0949,N,nominal,2.0NRT,289.19,4.08,D
-18.85464,47.06774,336.19,0.39,0.6,2025-03-20,0949,N,nominal,2.0NRT,288.32,4.08,D
-18.85604,47.07146,339.15,0.39,0.59,2025-03-20,0949,N,nominal,2.0NRT,288.46,5.27,D
-18.15942,47.59949,335.22,0.36,0.57,2025-03-20,0949,N,nominal,2.0NRT,282.5,2.85,D
-15.45638,47.68273,327.95,0.32,0.55,2025-03-20,0949,N,nominal,2.0NRT,288.98,1.53,D
-15.41797,47.74645,337.43,0.32,0.55,2025-03-20,0949,N,nominal,2.0NRT,287.45,2.32,D
-34.03701,25.60652,367,0.33,0.55,2025-03-20,1125,N,high,2.0NRT,327.39,54.04,D
-34.03646,25.6139,338.33,0.33,0.55,2025-03-20,1125,N,nominal,2.0NRT,302.53,26.9,D
-34.03674,25.61021,353.67,0.33,0.55,2025-03-20,1125,N,nominal,2.0NRT,305.82,26.9,D
-34.03754,25.59925,338.4,0.33,0.55,2025-03-20,1125,N,nominal,2.0NRT,303.49,29.36,D
-34.03727,25.6029,367,0.33,0.55,2025-03-20,1125,N,low,2.0NRT,336.46,54.04,D
-34.03153,25.60993,367,0.33,0.55,2025-03-20,1125,N,high,2.0NRT,310.68,26.9,D
-34.0318,25.60627,355.94,0.33,0.55,2025-03-20,1125,N,nominal,2.0NRT,315.23,54.04,D
-34.03207,25.60261,352.22,0.33,0.55,2025-03-20,1125,N,nominal,2.0NRT,306.31,54.04,D
-33.9455,25.42448,367,0.33,0.56,2025-03-20,1125,N,high,2.0NRT,307.77,9.39,D
-33.90438,25.40897,367,0.34,0.56,2025-03-20,1125,N,high,2.0NRT,307.24,6.17,D
-33.89375,25.33279,338.98,0.34,0.56,2025-03-20,1125,N,nominal,2.0NRT,304.58,2.44,D
-33.86873,25.46759,336.06,0.33,0.55,2025-03-20,1125,N,nominal,2.0NRT,305.15,2.56,D
-33.85656,25.49204,337.24,0.33,0.55,2025-03-20,1125,N,nominal,2.0NRT,306.25,1.19,D
-33.86858,25.4673,336.91,0.33,0.55,2025-03-20,1125,N,nominal,2.0NRT,305.21,2.65,D
-33.85625,25.49172,337.97,0.33,0.55,2025-03-20,1125,N,nominal,2.0NRT,306.38,1.79,D
-33.8623,24.53923,367,0.38,0.58,2025-03-20,1125,N,high,2.0NRT,305.02,10.94,D
-33.48001,26.9502,332.1,0.54,0.51,2025-03-20,1125,N,nominal,2.0NRT,307.05,3.17,D
-32.56863,27.63816,330.58,0.49,0.48,2025-03-20,1125,N,low,2.0NRT,302.13,4.13,D
-32.47482,26.9754,330.45,0.53,0.5,2025-03-20,1125,N,low,2.0NRT,300.55,2.87,D
-31.20621,29.93272,332.27,0.53,0.42,2025-03-20,1128,N,nominal,2.0NRT,302.34,4.03,D
-31.20687,29.92706,331.29,0.53,0.42,2025-03-20,1128,N,low,2.0NRT,303.74,3.67,D
-30.58018,29.90434,329.97,0.52,0.42,2025-03-20,1128,N,nominal,2.0NRT,300.5,2.57,D
-30.58039,29.90215,330.8,0.52,0.42,2025-03-20,1128,N,nominal,2.0NRT,300.16,4.33,D
-30.18725,30.11329,332.2,0.51,0.41,2025-03-20,1128,N,nominal,2.0NRT,299.62,8.67,D
-30.18788,30.10802,356.44,0.51,0.41,2025-03-20,1128,N,nominal,2.0NRT,309.35,26.89,D
-30.18408,30.10729,335.15,0.51,0.41,2025-03-20,1128,N,nominal,2.0NRT,300.38,2.91,D
-29.94033,30.45138,327.73,0.49,0.4,2025-03-20,1128,N,nominal,2.0NRT,298.08,2.6,D
-29.89543,30.44424,335.16,0.49,0.4,2025-03-20,1128,N,nominal,2.0NRT,301.34,4.48,D
-29.92156,30.19124,343.71,0.5,0.41,2025-03-20,1128,N,nominal,2.0NRT,313.36,37.88,D
-29.91778,30.19059,339.08,0.5,0.41,2025-03-20,1128,N,nominal,2.0NRT,304.82,37.88,D
-29.79004,30.33657,330.93,0.49,0.4,2025-03-20,1128,N,nominal,2.0NRT,300.39,5.42,D
-29.8664,29.60666,345.3,0.53,0.42,2025-03-20,1128,N,nominal,2.0NRT,301.08,8.77,D
-29.84943,29.72245,330.5,0.52,0.42,2025-03-20,1128,N,nominal,2.0NRT,296.69,6.12,D
-29.78954,30.33911,340.68,0.49,0.4,2025-03-20,1128,N,nominal,2.0NRT,301.67,4,D
-29.85291,29.7209,331.95,0.52,0.42,2025-03-20,1128,N,nominal,2.0NRT,303.76,4.66,D
-29.86601,29.6103,331.03,0.53,0.42,2025-03-20,1128,N,nominal,2.0NRT,299.99,5.45,D
-29.86669,29.60459,327.1,0.53,0.42,2025-03-20,1128,N,nominal,2.0NRT,296.09,5.45,D
-29.68783,29.71465,333.21,0.52,0.42,2025-03-20,1128,N,nominal,2.0NRT,302.19,4.57,D
-29.4086,30.72368,329.68,0.47,0.39,2025-03-20,1128,N,nominal,2.0NRT,298.7,5.89,D
-29.40922,30.71878,333.34,0.47,0.39,2025-03-20,1128,N,nominal,2.0NRT,298.47,5.24,D
-29.47918,30.09569,328.08,0.5,0.41,2025-03-20,1128,N,low,2.0NRT,300.38,3.16,D
-29.47599,30.09017,331.69,0.5,0.41,2025-03-20,1128,N,nominal,2.0NRT,300.79,5.28,D
-29.23661,30.57933,351.39,0.47,0.4,2025-03-20,1128,N,nominal,2.0NRT,301.8,9.24,D
-28.54706,29.80296,329.96,0.5,0.41,2025-03-20,1128,N,nominal,2.0NRT,298.31,2.22,D
-29.00691,25.03827,351.77,0.63,0.54,2025-03-20,1128,N,nominal,2.0NRT,295.89,15.13,D
-27.92986,32.28041,341.27,0.4,0.37,2025-03-20,1128,N,nominal,2.0NRT,298.84,8.87,D
-27.2833,30.73304,328.82,0.45,0.39,2025-03-20,1128,N,nominal,2.0NRT,298.12,2.48,D
-27.0366,31.22384,346.66,0.43,0.38,2025-03-20,1128,N,nominal,2.0NRT,301.73,5.19,D
-24.1836,45.81188,344.82,0.52,0.67,2025-03-20,1128,N,nominal,2.0NRT,293.75,6.89,D
-25.84447,31.98746,330.9,0.4,0.37,2025-03-20,1128,N,nominal,2.0NRT,297.89,4.27,D
-26.28385,28.16156,329.36,0.38,0.43,2025-03-20,1128,N,nominal,2.0NRT,294.47,3.16,D
-25.66416,27.83871,332.86,0.39,0.44,2025-03-20,1128,N,nominal,2.0NRT,296.53,5.89,D
-24.81493,30.12105,331.71,0.45,0.39,2025-03-20,1128,N,low,2.0NRT,303.54,2.92,D
-21.75167,45.84167,333.14,0.59,0.7,2025-03-20,1128,N,nominal,2.0NRT,294.83,4.23,D
-24.68287,29.03039,332.99,0.5,0.41,2025-03-20,1128,N,nominal,2.0NRT,294.78,4,D
-24.67972,29.02491,347.67,0.5,0.41,2025-03-20,1128,N,nominal,2.0NRT,299.01,9.29,D
-21.49828,44.90064,335.16,0.52,0.67,2025-03-20,1128,N,nominal,2.0NRT,294.28,2.76,D
-21.50019,44.90329,334.94,0.53,0.67,2025-03-20,1128,N,nominal,2.0NRT,294.94,5.88,D
-20.36954,44.33092,351.34,0.51,0.66,2025-03-20,1130,N,nominal,2.0NRT,292.81,8.52,D
-19.94108,45.98487,343.23,0.66,0.73,2025-03-20,1130,N,nominal,2.0NRT,287.34,5.13,D
-19.93919,45.9888,333.59,0.66,0.73,2025-03-20,1130,N,nominal,2.0NRT,290.08,8.76,D
-19.94062,45.98281,345.51,0.66,0.73,2025-03-20,1130,N,nominal,2.0NRT,289.36,8.76,D
-18.85895,45.87449,328.96,0.68,0.74,2025-03-20,1130,N,nominal,2.0NRT,288.62,4.56,D
-19.03848,32.80631,332.02,0.39,0.36,2025-03-20,1130,N,nominal,2.0NRT,292.55,5.86,D
-18.99526,32.65742,330.51,0.39,0.36,2025-03-20,1130,N,nominal,2.0NRT,298.21,3.4,D
-18.4405,35.99322,333.49,0.52,0.41,2025-03-20,1130,N,nominal,2.0NRT,296.18,5.01,D
-18.68058,32.86529,340.69,0.39,0.36,2025-03-20,1130,N,nominal,2.0NRT,295.86,5.3,D
-17.47955,36.04903,333.11,0.54,0.42,2025-03-20,1130,N,nominal,2.0NRT,296.69,9.5,D
-17.47999,35.63558,333.05,0.51,0.41,2025-03-20,1130,N,nominal,2.0NRT,296.62,3.29,D
-17.82917,32.79647,338.75,0.4,0.37,2025-03-20,1130,N,nominal,2.0NRT,295.17,3.69,D
-19.00063,22.39507,335.38,0.35,0.57,2025-03-20,1130,N,nominal,2.0NRT,294.02,3.88,D
-18.36156,26.661,334.19,0.56,0.43,2025-03-20,1130,N,low,2.0NRT,306.85,3.95,D
-18.37119,26.45214,343.78,0.39,0.44,2025-03-20,1130,N,nominal,2.0NRT,308.01,11.32,D
-16.90639,35.77114,336.26,0.53,0.42,2025-03-20,1130,N,nominal,2.0NRT,294.45,2.95,D
-18.53772,23.55747,332.99,0.59,0.53,2025-03-20,1132,N,nominal,2.0NRT,293.21,10.71,D
-16.64038,35.72923,331.18,0.53,0.42,2025-03-20,1132,N,nominal,2.0NRT,295.09,3.95,D
-16.19332,33.84205,332.31,0.44,0.38,2025-03-20,1132,N,low,2.0NRT,306.64,9.42,D
-15.87428,28.88354,333.61,0.42,0.37,2025-03-20,1132,N,nominal,2.0NRT,302.68,4.56,D
-15.87081,28.88303,339.08,0.42,0.37,2025-03-20,1132,N,nominal,2.0NRT,308.49,4.56,D
-15.11046,28.11604,336.67,0.44,0.38,2025-03-20,1132,N,nominal,2.0NRT,296.94,3.39,D
-15.10691,28.11551,336.21,0.44,0.38,2025-03-20,1132,N,nominal,2.0NRT,298.58,6.38,D
-15.10336,28.11499,333.6,0.44,0.38,2025-03-20,1132,N,nominal,2.0NRT,296.95,6.38,D
-9.01772,35.27776,332.4,0.44,0.46,2025-03-20,1134,N,nominal,2.0NRT,295.47,3.72,D
-9.00688,35.03567,339.27,0.42,0.45,2025-03-20,1134,N,nominal,2.0NRT,293.13,3.74,D
-8.62861,27.0903,328.03,0.42,0.38,2025-03-20,1134,N,nominal,2.0NRT,297.52,3.08,D
-8.62513,27.08975,329.94,0.42,0.38,2025-03-20,1134,N,nominal,2.0NRT,297.5,3.08,D
-6.40551,39.46066,336.51,0.46,0.63,2025-03-20,1134,N,nominal,2.0NRT,287.55,4.03,D
-6.40186,39.45943,343.73,0.46,0.63,2025-03-20,1134,N,nominal,2.0NRT,286.55,6.18,D
-6.37248,39.48903,330.91,0.46,0.63,2025-03-20,1134,N,nominal,2.0NRT,288.45,2.87,D
-6.3123,39.41827,338.59,0.45,0.63,2025-03-20,1134,N,nominal,2.0NRT,286.53,4.6,D
-5.60124,38.6309,340.66,0.41,0.61,2025-03-20,1134,N,nominal,2.0NRT,291.33,4.68,D
-5.56069,38.82868,330.65,0.43,0.62,2025-03-20,1134,N,nominal,2.0NRT,291.97,2.87,D
-4.99613,39.0634,344.41,0.45,0.63,2025-03-20,1134,N,nominal,2.0NRT,286,8.09,D
-4.99687,39.05913,357.35,0.45,0.63,2025-03-20,1134,N,low,2.0NRT,286,8.09,D
-7.57369,20.8728,330.7,0.32,0.54,2025-03-20,1134,N,nominal,2.0NRT,288.55,5.5,D
-4.59557,39.34832,330.53,0.48,0.65,2025-03-20,1134,N,nominal,2.0NRT,290.83,3.66,D
-4.59354,39.34833,333.91,0.48,0.65,2025-03-20,1134,N,nominal,2.0NRT,290.82,3.88,D
-4.57626,39.37745,337.07,0.48,0.65,2025-03-20,1134,N,nominal,2.0NRT,291.37,4.04,D
-4.55309,39.26009,331.7,0.48,0.64,2025-03-20,1134,N,nominal,2.0NRT,286.5,9.16,D
-4.55234,39.26447,356.68,0.48,0.64,2025-03-20,1134,N,low,2.0NRT,287,9.16,D
-4.54636,39.26345,346.51,0.48,0.64,2025-03-20,1134,N,nominal,2.0NRT,286.62,5.86,D
-7.2088,22.02898,325.25,0.52,0.5,2025-03-20,1134,N,nominal,2.0NRT,291.03,5.14,D
-7.4305,20.34608,334.7,0.34,0.56,2025-03-20,1134,N,nominal,2.0NRT,285.68,2.19,D
-4.5001,39.24652,345.91,0.47,0.64,2025-03-20,1134,N,nominal,2.0NRT,287.58,6.13,D
-4.50414,39.24704,335.65,0.48,0.64,2025-03-20,1134,N,nominal,2.0NRT,286.98,3.24,D
-4.49818,39.24593,332.21,0.48,0.64,2025-03-20,1134,N,nominal,2.0NRT,284.28,3.24,D
-7.17445,21.5711,327.41,0.56,0.52,2025-03-20,1134,N,nominal,2.0NRT,290.25,3.98,D
-6.96537,20.20318,367,0.35,0.56,2025-03-20,1134,N,high,2.0NRT,290.37,10.15,D
-6.40644,23.23714,327.06,0.43,0.46,2025-03-20,1134,N,nominal,2.0NRT,290.1,1.92,D
-4.0246,38.25711,330.63,0.42,0.61,2025-03-20,1134,N,nominal,2.0NRT,290.41,4,D
-4.01895,38.2562,347.38,0.42,0.61,2025-03-20,1134,N,nominal,2.0NRT,291.97,7.87,D
-6.43436,22.78756,334.34,0.46,0.47,2025-03-20,1134,N,nominal,2.0NRT,290.32,1.71,D
-6.43376,22.78793,340.14,0.46,0.47,2025-03-20,1134,N,nominal,2.0NRT,291.17,3.78,D
-4.02262,38.25526,350.55,0.42,0.61,2025-03-20,1134,N,nominal,2.0NRT,291.76,7.4,D
-4.01697,38.25434,333.35,0.42,0.61,2025-03-20,1134,N,nominal,2.0NRT,290.79,4.4,D
-6.34124,23.00291,332.68,0.44,0.46,2025-03-20,1134,N,nominal,2.0NRT,288.15,3.22,D
-6.23599,22.79944,328.92,0.45,0.47,2025-03-20,1134,N,nominal,2.0NRT,291.65,2.88,D
-6.44749,20.44929,332.9,0.33,0.55,2025-03-20,1134,N,nominal,2.0NRT,290.09,2.29,D
-6.46938,20.16854,330.5,0.34,0.56,2025-03-20,1134,N,nominal,2.0NRT,287.38,4.82,D
-6.4698,20.16541,343.34,0.34,0.56,2025-03-20,1134,N,nominal,2.0NRT,288.05,3.33,D
-6.46881,20.16739,348.44,0.34,0.56,2025-03-20,1134,N,nominal,2.0NRT,288.46,4.5,D
-6.34819,20.58277,338.2,0.32,0.55,2025-03-20,1134,N,nominal,2.0NRT,292.52,1.74,D
-6.23437,20.56155,334.19,0.32,0.55,2025-03-20,1134,N,nominal,2.0NRT,292.2,2.56,D
-5.98404,19.51446,329.34,0.37,0.58,2025-03-20,1134,N,nominal,2.0NRT,287.4,1.87,D
-5.46544,23.08859,347.78,0.42,0.45,2025-03-20,1134,N,nominal,2.0NRT,291.52,7.64,D
-5.8676,19.42425,329.04,0.38,0.59,2025-03-20,1134,N,nominal,2.0NRT,292.29,3.04,D
-5.6848,20.42662,336.8,0.32,0.55,2025-03-20,1134,N,nominal,2.0NRT,291.47,3.27,D
-5.01396,24.95215,331.6,0.49,0.4,2025-03-20,1134,N,low,2.0NRT,294.3,4.97,D
-5.80399,19.4374,343.15,0.38,0.58,2025-03-20,1134,N,nominal,2.0NRT,290.57,3.38,D
-5.7941,19.42905,334.6,0.38,0.58,2025-03-20,1134,N,nominal,2.0NRT,290.35,3.85,D
-5.77206,19.54739,333.64,0.37,0.58,2025-03-20,1134,N,nominal,2.0NRT,289.52,1.65,D
-5.75705,19.41699,329.73,0.38,0.58,2025-03-20,1134,N,nominal,2.0NRT,290.52,2.88,D
-5.7167,19.5317,330.23,0.37,0.58,2025-03-20,1134,N,nominal,2.0NRT,289.63,3.21,D
-5.54789,20.45419,328.02,0.64,0.54,2025-03-20,1134,N,nominal,2.0NRT,289.34,14.06,D
-5.54283,20.45361,329.3,0.64,0.54,2025-03-20,1134,N,nominal,2.0NRT,291.12,14.06,D
-5.54363,20.44794,348.08,0.64,0.54,2025-03-20,1134,N,nominal,2.0NRT,292.17,14.06,D
-5.53857,20.44741,343.45,0.64,0.54,2025-03-20,1134,N,nominal,2.0NRT,289.61,12.05,D
-5.63827,19.50387,335.3,0.37,0.58,2025-03-20,1134,N,nominal,2.0NRT,287.12,3.23,D
-4.85281,24.95226,335.7,0.48,0.4,2025-03-20,1134,N,low,2.0NRT,296.79,8.34,D
-5.63836,19.21781,329.34,0.39,0.59,2025-03-20,1134,N,nominal,2.0NRT,290.63,2.33,D
-5.63882,19.21731,334.2,0.39,0.59,2025-03-20,1134,N,nominal,2.0NRT,290.7,4.56,D
-4.78724,24.61159,332.27,0.5,0.41,2025-03-20,1134,N,nominal,2.0NRT,294.82,1.84,D
-4.75279,24.71699,332.92,0.5,0.41,2025-03-20,1134,N,nominal,2.0NRT,290.04,4.48,D
-5.24977,20.90608,328.24,0.59,0.53,2025-03-20,1134,N,nominal,2.0NRT,290.1,3.53,D
-5.26499,20.51044,327.25,0.62,0.54,2025-03-20,1134,N,nominal,2.0NRT,290.26,7.81,D
-5.3927,19.50255,338.02,0.37,0.58,2025-03-20,1134,N,nominal,2.0NRT,287.84,5.92,D
-5.39612,19.50163,349.4,0.37,0.58,2025-03-20,1134,N,nominal,2.0NRT,286.53,6.58,D
-4.57307,25.016,338.35,0.48,0.4,2025-03-20,1134,N,low,2.0NRT,293.17,4.39,D
-5.49014,18.60133,367,0.42,0.61,2025-03-20,1134,N,high,2.0NRT,291.13,17.81,D
-5.16474,20.57531,340.43,0.62,0.54,2025-03-20,1134,N,nominal,2.0NRT,291.42,10.13,D
-4.59948,24.39386,335.71,0.52,0.41,2025-03-20,1134,N,nominal,2.0NRT,295.16,35.35,D
-4.59566,24.39331,346.72,0.52,0.41,2025-03-20,1134,N,nominal,2.0NRT,302.27,35.35,D
-4.84812,22.56386,334.07,0.45,0.47,2025-03-20,1134,N,nominal,2.0NRT,290.59,4.17,D
-5.09835,20.53726,336.52,0.62,0.54,2025-03-20,1134,N,nominal,2.0NRT,293.87,5.89,D
-5.1041,20.49696,329.91,0.62,0.54,2025-03-20,1134,N,nominal,2.0NRT,290.18,2.73,D
-5.05005,20.59222,335.66,0.61,0.54,2025-03-20,1134,N,nominal,2.0NRT,291.83,5.74,D
-5.05078,20.58694,342.18,0.61,0.54,2025-03-20,1134,N,nominal,2.0NRT,294.89,14.33,D
-5.04582,20.58631,330.73,0.61,0.54,2025-03-20,1134,N,nominal,2.0NRT,291.09,14.33,D
-5.00628,20.61206,331.71,0.61,0.53,2025-03-20,1134,N,nominal,2.0NRT,289.16,4.4,D
-4.47436,24.17803,342.66,0.53,0.42,2025-03-20,1134,N,nominal,2.0NRT,295.59,13.98,D
-4.93902,20.55186,334.03,0.61,0.54,2025-03-20,1134,N,nominal,2.0NRT,291.08,7.51,D
-4.93832,20.54969,337.09,0.61,0.54,2025-03-20,1134,N,nominal,2.0NRT,291.19,6.68,D
-4.81174,20.83666,332.39,0.58,0.52,2025-03-20,1134,N,nominal,2.0NRT,290.08,7.09,D
-4.85289,20.50949,328.24,0.62,0.54,2025-03-20,1134,N,nominal,2.0NRT,291.01,4.16,D
-4.24519,24.37349,333.59,0.51,0.41,2025-03-20,1134,N,nominal,2.0NRT,295.84,8.56,D
-4.24589,24.36883,332.6,0.51,0.41,2025-03-20,1134,N,nominal,2.0NRT,295.4,8.56,D
-4.67528,21.34793,336.6,0.54,0.51,2025-03-20,1134,N,nominal,2.0NRT,290.16,4.09,D
-4.67059,21.34738,339.18,0.54,0.51,2025-03-20,1134,N,nominal,2.0NRT,291.25,6.85,D
-4.61205,21.62115,344.76,0.51,0.5,2025-03-20,1134,N,nominal,2.0NRT,292.54,9.59,D
-4.60745,21.62057,343.71,0.51,0.5,2025-03-20,1134,N,nominal,2.0NRT,292.01,9.59,D
-4.61041,21.50166,329.2,0.52,0.5,2025-03-20,1134,N,nominal,2.0NRT,291.36,3.6,D
-4.588,21.49331,340.37,0.52,0.5,2025-03-20,1134,N,nominal,2.0NRT,291.39,7.77,D
-4.04294,25.17311,332.07,0.46,0.39,2025-03-20,1134,N,low,2.0NRT,296.14,2.68,D
-4.00944,25.34537,332.61,0.45,0.39,2025-03-20,1134,N,nominal,2.0NRT,294.62,3.94,D
-4.03568,25.17204,334.15,0.46,0.39,2025-03-20,1134,N,nominal,2.0NRT,294.98,3.31,D
-4.58917,21.49176,344.07,0.52,0.5,2025-03-20,1134,N,nominal,2.0NRT,291.58,7.28,D
-4.00287,25.34021,332.34,0.45,0.39,2025-03-20,1134,N,nominal,2.0NRT,294.5,3.14,D
-4.49052,21.3209,337.5,0.54,0.5,2025-03-20,1134,N,nominal,2.0NRT,291.55,4.93,D
-4.48907,21.31742,330.96,0.54,0.5,2025-03-20,1134,N,nominal,2.0NRT,291.17,2.72,D
-4.38391,21.68272,348.37,0.5,0.49,2025-03-20,1134,N,nominal,2.0NRT,291.67,7.94,D
-4.30332,21.59299,341.58,0.51,0.49,2025-03-20,1134,N,nominal,2.0NRT,294.12,6.66,D
-4.304,21.58829,338.35,0.51,0.49,2025-03-20,1134,N,nominal,2.0NRT,293.04,6.66,D
-4.03105,22.89466,341.58,0.41,0.45,2025-03-20,1134,N,nominal,2.0NRT,294.52,6.28,D
-4.14592,21.87573,333.25,0.49,0.48,2025-03-20,1134,N,nominal,2.0NRT,292.97,2.66,D
-4.01627,22.38812,345.48,0.45,0.47,2025-03-20,1134,N,nominal,2.0NRT,291.95,7.54,D
-4.20519,20.75986,332.45,0.58,0.52,2025-03-20,1134,N,nominal,2.0NRT,290.91,3.92,D
-34.03777,25.61235,367,0.58,0.7,2025-03-20,1306,N,high,2.0NRT,301.77,43.43,D
-34.03958,25.60616,367,0.58,0.7,2025-03-20,1306,N,high,2.0NRT,299.83,24.25,D
-34.03159,25.60937,355.56,0.58,0.7,2025-03-20,1306,N,nominal,2.0NRT,298.77,15.65,D
-34.03342,25.60312,344.32,0.58,0.7,2025-03-20,1306,N,nominal,2.0NRT,299.03,10.9,D
-34.03313,25.60837,367,0.58,0.7,2025-03-20,1306,N,high,2.0NRT,299.9,10.34,D
-34.03493,25.60209,340.06,0.58,0.7,2025-03-20,1306,N,nominal,2.0NRT,298.75,10.34,D
-33.9317,25.40117,332.12,0.57,0.69,2025-03-20,1306,N,nominal,2.0NRT,295.66,4.39,D
-33.93272,25.40107,333.24,0.57,0.69,2025-03-20,1306,N,nominal,2.0NRT,295.33,4.14,D
-33.90399,25.40368,367,0.57,0.69,2025-03-20,1306,N,high,2.0NRT,299.31,16.01,D
-33.90218,25.40993,356.29,0.57,0.69,2025-03-20,1306,N,nominal,2.0NRT,299.21,19.35,D
-33.86142,24.53747,367,0.52,0.67,2025-03-20,1306,N,high,2.0NRT,299.93,48.44,D
-33.85971,24.54345,336.73,0.52,0.67,2025-03-20,1306,N,nominal,2.0NRT,286.08,48.44,D
-33.86317,24.53129,351.75,0.52,0.67,2025-03-20,1306,N,nominal,2.0NRT,292.99,38.96,D
-33.86461,24.53605,345.84,0.52,0.67,2025-03-20,1308,N,nominal,2.0NRT,297.29,40.7,D
-33.86296,24.54199,357.03,0.52,0.67,2025-03-20,1308,N,low,2.0NRT,289.09,36.22,D
-33.85864,24.53346,367,0.52,0.67,2025-03-20,1308,N,high,2.0NRT,294.7,40.7,D
-33.85695,24.53953,339.21,0.52,0.67,2025-03-20,1308,N,nominal,2.0NRT,291.61,36.22,D
-11.04603,13.87462,347.77,0.37,0.58,2025-03-20,1314,N,nominal,2.0NRT,293.63,3.15,D
-10.39962,15.08039,331.01,0.45,0.63,2025-03-20,1314,N,nominal,2.0NRT,295.93,5.04,D
-10.53704,14.26186,333.24,0.4,0.6,2025-03-20,1314,N,nominal,2.0NRT,288.96,2.3,D
-9.85463,15.29971,328.98,0.48,0.65,2025-03-20,1314,N,nominal,2.0NRT,292.73,2.38,D
-9.57655,15.20349,330.11,0.48,0.64,2025-03-20,1314,N,nominal,2.0NRT,290.7,6.19,D
-9.57738,15.19913,330.3,0.48,0.64,2025-03-20,1314,N,nominal,2.0NRT,292.17,6.11,D
-9.57224,15.19375,350.19,0.48,0.64,2025-03-20,1314,N,nominal,2.0NRT,292.23,6.11,D
-9.5807,15.20235,345.94,0.48,0.64,2025-03-20,1314,N,nominal,2.0NRT,292.05,11.86,D
-9.57635,15.19244,330.06,0.48,0.64,2025-03-20,1314,N,nominal,2.0NRT,291.63,3.71,D
-9.53468,14.14256,367,0.41,0.6,2025-03-20,1314,N,high,2.0NRT,293.31,6.63,D
-9.53679,14.14233,353.23,0.41,0.6,2025-03-20,1314,N,nominal,2.0NRT,292.96,7.02,D
-9.19641,15.63911,327.41,0.52,0.67,2025-03-20,1314,N,nominal,2.0NRT,293.29,7.44,D
-9.1973,15.63442,332.3,0.52,0.67,2025-03-20,1314,N,nominal,2.0NRT,293.93,5.19,D
-9.07173,15.69932,330.09,0.53,0.67,2025-03-20,1314,N,nominal,2.0NRT,290.87,5.17,D
-9.10748,14.86374,341.43,0.46,0.64,2025-03-20,1314,N,nominal,2.0NRT,291.07,5.23,D
-8.81984,15.06291,327.99,0.48,0.65,2025-03-20,1314,N,nominal,2.0NRT,290.83,4.57,D
-8.82074,15.05804,332.26,0.48,0.65,2025-03-20,1314,N,nominal,2.0NRT,291.14,4.57,D
-7.75764,16.80225,333.56,0.65,0.73,2025-03-20,1314,N,nominal,2.0NRT,286.86,16.14,D
-7.75874,16.79657,326.42,0.65,0.73,2025-03-20,1314,N,nominal,2.0NRT,286.73,12.08,D
-8.35553,13.55009,338.01,0.39,0.59,2025-03-20,1314,N,nominal,2.0NRT,291.91,3.98,D
-7.75595,16.80262,328.82,0.65,0.73,2025-03-20,1314,N,nominal,2.0NRT,285.88,9.72,D
-7.75702,16.79686,352.79,0.65,0.73,2025-03-20,1314,N,nominal,2.0NRT,287.26,9.72,D
-7.8042,13.70071,343.92,0.41,0.6,2025-03-20,1314,N,nominal,2.0NRT,291.25,3.51,D
-7.65042,14.19844,342.2,0.44,0.63,2025-03-20,1314,N,nominal,2.0NRT,287.43,7.13,D
-7.00567,13.80802,367,0.43,0.62,2025-03-20,1314,N,high,2.0NRT,290.53,6.58,D
-7.00638,13.80405,342.84,0.43,0.62,2025-03-20,1314,N,nominal,2.0NRT,290.15,6.58,D
-7.16032,12.34279,328.97,0.34,0.56,2025-03-20,1314,N,nominal,2.0NRT,289.87,1.98,D
-7.0682,12.41069,329.58,0.34,0.56,2025-03-20,1314,N,nominal,2.0NRT,290.13,2.06,D
-6.9664,12.84118,332.54,0.37,0.58,2025-03-20,1314,N,nominal,2.0NRT,290.32,3.8,D
-5.9797,16.52254,336,0.67,0.74,2025-03-20,1316,N,nominal,2.0NRT,288.32,10.78,D
-5.97983,16.52221,335.17,0.67,0.74,2025-03-20,1316,N,nominal,2.0NRT,288.47,9.44,D
-5.19412,16.49078,343.88,0.69,0.74,2025-03-20,1316,N,nominal,2.0NRT,285.17,9.38,D
-4.93271,12.09117,325.56,0.35,0.57,2025-03-20,1316,N,nominal,2.0NRT,286.39,1.49,D
-4.07014,13.52871,331.65,0.46,0.63,2025-03-20,1316,N,nominal,2.0NRT,288.19,3.28,D
-4.0661,13.5281,337.77,0.46,0.63,2025-03-20,1316,N,nominal,2.0NRT,288.96,4.86,D
-21.13999,31.21907,300.01,0.44,0.46,2025-03-20,2242,N,nominal,2.0NRT,289.53,0.47,N
-24.8142,30.11854,313.53,0.44,0.46,2025-03-20,2244,N,nominal,2.0NRT,289.69,1.72,N
-24.81847,30.11759,319.73,0.44,0.46,2025-03-20,2244,N,nominal,2.0NRT,291.23,2.93,N
-24.68156,29.02661,299.23,0.52,0.5,2025-03-20,2244,N,nominal,2.0NRT,287.04,0.94,N
-24.05165,25.88554,299.42,0.41,0.61,2025-03-20,2244,N,nominal,2.0NRT,287.07,1.15,N
-24.83328,27.36478,312.99,0.32,0.55,2025-03-20,2244,N,nominal,2.0NRT,288.82,1.31,N
-24.83829,27.36343,305.86,0.32,0.55,2025-03-20,2244,N,nominal,2.0NRT,287.32,0.7,N
-25.86547,29.88041,298.06,0.44,0.46,2025-03-20,2244,N,nominal,2.0NRT,286.5,1.01,N
-25.80367,29.49269,312.33,0.46,0.47,2025-03-20,2244,N,nominal,2.0NRT,287.78,1.39,N
-25.80465,29.49745,301.47,0.46,0.47,2025-03-20,2244,N,nominal,2.0NRT,285.3,1.39,N
-25.80897,29.49629,321.21,0.46,0.47,2025-03-20,2244,N,nominal,2.0NRT,286.42,2.32,N
-25.80799,29.49155,296.89,0.46,0.47,2025-03-20,2244,N,nominal,2.0NRT,285.73,2.32,N
-25.81329,29.49516,323.55,0.46,0.47,2025-03-20,2244,N,nominal,2.0NRT,285.74,2.32,N
-25.85538,29.17033,321.38,0.48,0.48,2025-03-20,2244,N,nominal,2.0NRT,286.31,2.44,N
-25.85978,29.16916,309.61,0.48,0.48,2025-03-20,2244,N,nominal,2.0NRT,284.37,1.57,N
-25.89148,29.12018,302.04,0.48,0.48,2025-03-20,2244,N,nominal,2.0NRT,283.39,1.16,N
-25.90042,29.16368,296.84,0.48,0.48,2025-03-20,2244,N,nominal,2.0NRT,285.55,0.92,N
-25.90143,29.1686,298.89,0.48,0.48,2025-03-20,2244,N,nominal,2.0NRT,284.05,0.92,N
-25.88845,29.11918,302.27,0.48,0.48,2025-03-20,2244,N,nominal,2.0NRT,283.38,1.38,N
-25.89873,29.16747,295.9,0.48,0.48,2025-03-20,2244,N,nominal,2.0NRT,284.94,0.88,N
-25.90314,29.16637,298.24,0.48,0.48,2025-03-20,2244,N,nominal,2.0NRT,284.34,0.93,N
-25.49013,27.09902,306.91,0.33,0.55,2025-03-20,2244,N,nominal,2.0NRT,287.94,0.93,N
-25.65916,27.83498,324.24,0.58,0.52,2025-03-20,2244,N,nominal,2.0NRT,286.61,3.7,N
-25.66047,27.84096,311.16,0.58,0.52,2025-03-20,2244,N,nominal,2.0NRT,286.29,3.7,N
-25.66396,27.83373,298.08,0.58,0.52,2025-03-20,2244,N,nominal,2.0NRT,285.27,1.94,N
-26.0312,29.21037,332.83,0.48,0.48,2025-03-20,2244,N,nominal,2.0NRT,286.66,3.54,N
-26.02113,29.16277,296.35,0.48,0.48,2025-03-20,2244,N,nominal,2.0NRT,284.25,1.17,N
-26.02622,29.1868,299.43,0.48,0.48,2025-03-20,2244,N,nominal,2.0NRT,284.42,1.79,N
-26.02722,29.19154,307.23,0.48,0.48,2025-03-20,2244,N,nominal,2.0NRT,286.04,1.79,N
-26.03219,29.21504,295.92,0.48,0.48,2025-03-20,2244,N,nominal,2.0NRT,284.02,2.08,N
-26.02754,29.17116,316.74,0.48,0.48,2025-03-20,2244,N,nominal,2.0NRT,286.88,4.15,N
-26.02856,29.176,308.45,0.48,0.48,2025-03-20,2244,N,nominal,2.0NRT,285.65,2.13,N
-26.02958,29.18084,307.88,0.48,0.48,2025-03-20,2244,N,nominal,2.0NRT,286.08,2.13,N
-26.0336,29.19983,302.2,0.48,0.48,2025-03-20,2244,N,nominal,2.0NRT,284.68,1.84,N
-26.03459,29.20453,319.04,0.48,0.48,2025-03-20,2244,N,nominal,2.0NRT,287.73,3.54,N
-26.03557,29.20919,319.01,0.48,0.48,2025-03-20,2244,N,nominal,2.0NRT,287.57,3.54,N
-26.06652,29.29068,302.03,0.47,0.48,2025-03-20,2244,N,nominal,2.0NRT,281.6,1.01,N
-25.72398,27.6092,298.48,0.6,0.53,2025-03-20,2244,N,nominal,2.0NRT,286.24,1.76,N
-25.72883,27.6079,314.62,0.6,0.53,2025-03-20,2244,N,nominal,2.0NRT,286.69,1.76,N
-25.70902,27.40085,306.1,0.62,0.54,2025-03-20,2244,N,nominal,2.0NRT,288.21,2.15,N
-25.71395,27.3996,303.44,0.62,0.54,2025-03-20,2244,N,nominal,2.0NRT,287.16,2.15,N
-25.7153,27.4057,306.24,0.62,0.54,2025-03-20,2244,N,nominal,2.0NRT,287.57,2.6,N
-26.26976,28.83628,298.28,0.49,0.49,2025-03-20,2244,N,nominal,2.0NRT,278.92,0.7,N
-26.19905,28.35283,297.04,0.53,0.5,2025-03-20,2244,N,nominal,2.0NRT,275.61,0.62,N
-26.20363,28.35155,299.21,0.53,0.5,2025-03-20,2244,N,nominal,2.0NRT,274.09,0.54,N
-26.28199,28.16241,302.52,0.54,0.51,2025-03-20,2244,N,nominal,2.0NRT,277.81,1.7,N
-26.5419,29.16826,329.22,0.47,0.48,2025-03-20,2244,N,nominal,2.0NRT,281.68,8.02,N
-26.54287,29.17296,353.19,0.47,0.48,2025-03-20,2244,N,nominal,2.0NRT,282.98,8.5,N
-26.54383,29.17765,333.65,0.47,0.48,2025-03-20,2244,N,nominal,2.0NRT,281.9,8.5,N
-25.81623,25.84378,303.56,0.38,0.59,2025-03-20,2244,N,nominal,2.0NRT,286.96,0.68,N
-26.53898,29.15409,319.5,0.47,0.48,2025-03-20,2244,N,nominal,2.0NRT,281.68,2.25,N
-26.54334,29.15299,324.47,0.47,0.48,2025-03-20,2244,N,nominal,2.0NRT,282.38,2.25,N
-26.55108,29.14602,296.74,0.47,0.48,2025-03-20,2244,N,nominal,2.0NRT,280.16,0.85,N
-26.55302,29.15549,297.82,0.47,0.48,2025-03-20,2244,N,nominal,2.0NRT,284.21,2.11,N
-26.55737,29.15434,298.45,0.47,0.48,2025-03-20,2244,N,nominal,2.0NRT,285.05,0.88,N
-26.56124,29.17323,300.56,0.47,0.48,2025-03-20,2244,N,nominal,2.0NRT,286.52,1.97,N
-26.56172,29.15319,296.06,0.47,0.48,2025-03-20,2244,N,nominal,2.0NRT,282.82,0.88,N
-26.54971,29.14464,299.16,0.47,0.48,2025-03-20,2244,N,nominal,2.0NRT,279.49,0.81,N
-26.55071,29.14936,295.53,0.47,0.48,2025-03-20,2244,N,nominal,2.0NRT,282.76,0.81,N
-26.55171,29.15408,299.06,0.47,0.48,2025-03-20,2244,N,nominal,2.0NRT,284.99,1.64,N
-26.5557,29.17287,298.77,0.47,0.48,2025-03-20,2244,N,nominal,2.0NRT,285.38,1.94,N
-26.56005,29.17177,299.98,0.47,0.48,2025-03-20,2244,N,nominal,2.0NRT,287.21,1.84,N
-25.81707,25.84538,298.21,0.38,0.59,2025-03-20,2244,N,nominal,2.0NRT,285.72,0.4,N
-26.56041,29.1518,301.83,0.47,0.48,2025-03-20,2244,N,nominal,2.0NRT,284.77,2.35,N
-26.30983,27.78967,297.99,0.57,0.52,2025-03-20,2244,N,nominal,2.0NRT,280.04,0.78,N
-26.99617,30.7401,298.78,0.56,0.43,2025-03-20,2244,N,nominal,2.0NRT,286.24,1.13,N
-27.00012,30.73914,315.41,0.56,0.43,2025-03-20,2244,N,nominal,2.0NRT,287.57,2.13,N
-27.00406,30.73817,298.2,0.56,0.43,2025-03-20,2244,N,nominal,2.0NRT,286.48,2.13,N
-26.1837,25.99319,300.02,0.37,0.58,2025-03-20,2244,N,nominal,2.0NRT,286.32,0.66,N
-26.181,25.99422,297.89,0.37,0.58,2025-03-20,2244,N,nominal,2.0NRT,285.85,0.7,N
-26.66668,27.80693,315.68,0.56,0.51,2025-03-20,2244,N,nominal,2.0NRT,280.21,2.79,N
-26.66792,27.81259,296.5,0.56,0.51,2025-03-20,2244,N,nominal,2.0NRT,280.42,1.65,N
-26.6967,27.94522,295.02,0.55,0.51,2025-03-20,2244,N,nominal,2.0NRT,283.79,0.89,N
-26.7072,27.94817,296.85,0.55,0.51,2025-03-20,2244,N,nominal,2.0NRT,283.66,1.59,N
-26.71185,27.94688,296.49,0.55,0.51,2025-03-20,2244,N,nominal,2.0NRT,284.07,0.97,N
-26.7165,27.94559,302.57,0.55,0.51,2025-03-20,2244,N,nominal,2.0NRT,284.59,0.97,N
-26.80592,27.85489,297.12,0.55,0.51,2025-03-20,2244,N,nominal,2.0NRT,285.92,1.49,N
-27.70055,30.02056,309.86,0.4,0.44,2025-03-20,2244,N,nominal,2.0NRT,288.96,1.46,N
-27.71741,30.00491,306.8,0.4,0.44,2025-03-20,2244,N,nominal,2.0NRT,289.7,1.26,N
-28.19615,32.36837,301.26,0.45,0.39,2025-03-20,2244,N,nominal,2.0NRT,291.14,0.55,N
-28.197,32.373,303.78,0.45,0.39,2025-03-20,2244,N,nominal,2.0NRT,291.42,0.55,N
-28.67808,32.13136,309.09,0.46,0.39,2025-03-20,2244,N,nominal,2.0NRT,293.21,1.53,N
-28.72017,31.86899,307.19,0.47,0.4,2025-03-20,2244,N,nominal,2.0NRT,292.86,0.98,N
-28.72337,31.87097,308.38,0.47,0.4,2025-03-20,2244,N,nominal,2.0NRT,292.78,1.2,N
-29.71289,30.61407,302.3,0.52,0.41,2025-03-20,2244,N,nominal,2.0NRT,291.89,1.05,N
-30.54939,29.85108,310.12,0.55,0.42,2025-03-20,2244,N,nominal,2.0NRT,291.49,1.69,N
-30.55325,29.84991,310.83,0.55,0.42,2025-03-20,2244,N,nominal,2.0NRT,290.92,1.63,N
-31.20582,30.08236,307.56,0.52,0.41,2025-03-20,2244,N,nominal,2.0NRT,293.75,0.93,N
-33.89538,25.34175,308.46,0.54,0.51,2025-03-20,2246,N,nominal,2.0NRT,269.61,1.25,N
-34.02435,25.61231,299.15,0.52,0.5,2025-03-20,2246,N,nominal,2.0NRT,279.26,1,N
-34.02562,25.61782,300.33,0.52,0.5,2025-03-20,2246,N,nominal,2.0NRT,276.89,1.01,N
-34.02885,25.61073,343.25,0.52,0.5,2025-03-20,2246,N,nominal,2.0NRT,283.16,9.26,N
-34.03013,25.61625,338.2,0.52,0.5,2025-03-20,2246,N,nominal,2.0NRT,278.38,12.69,N
-34.03141,25.62175,324.92,0.52,0.5,2025-03-20,2246,N,nominal,2.0NRT,277.36,12.69,N
-34.02757,25.60521,315.18,0.52,0.5,2025-03-20,2246,N,nominal,2.0NRT,280.03,9.26,N
-34.03268,25.62723,295.32,0.52,0.5,2025-03-20,2246,N,nominal,2.0NRT,275.16,1.43,N
-34.03463,25.61462,352.63,0.52,0.5,2025-03-20,2246,N,nominal,2.0NRT,280.38,12.69,N
-34.0359,25.62014,356.04,0.52,0.5,2025-03-20,2246,N,nominal,2.0NRT,278.99,12.69,N
-34.03334,25.60907,319.98,0.52,0.5,2025-03-20,2246,N,nominal,2.0NRT,278.6,9.26,N
-34.03718,25.62564,298.89,0.52,0.5,2025-03-20,2246,N,nominal,2.0NRT,274.06,1.43,N
-34.0391,25.61291,296.43,0.52,0.5,2025-03-20,2246,N,nominal,2.0NRT,275.92,0.77,N
-4.26172,39.3868,304.01,0.42,0.38,2025-03-20,2235,N,nominal,2.0NRT,292.38,0.39,N
-4.26471,39.40547,314.96,0.42,0.38,2025-03-20,2235,N,nominal,2.0NRT,292.69,1.29,N
-4.26757,39.40117,305.39,0.42,0.38,2025-03-20,2235,N,nominal,2.0NRT,292.53,1.37,N
-4.26817,39.4049,315.2,0.42,0.38,2025-03-20,2235,N,nominal,2.0NRT,292.75,1.4,N
-5.10164,39.02166,312.05,0.43,0.38,2025-03-20,2237,N,nominal,2.0NRT,295.29,1.51,N
-13.20702,33.58535,314.64,0.43,0.46,2025-03-20,2240,N,nominal,2.0NRT,287.44,1.05,N
-13.21125,33.58451,300.06,0.43,0.46,2025-03-20,2240,N,nominal,2.0NRT,286.81,1.05,N
-12.07536,26.39937,331.21,0.67,0.74,2025-03-20,2240,N,nominal,2.0NRT,283.07,3.95,N
-12.074,26.3928,297.82,0.67,0.74,2025-03-20,2240,N,nominal,2.0NRT,282.55,6.96,N
-12.08206,26.39748,306.45,0.67,0.74,2025-03-20,2240,N,nominal,2.0NRT,283.5,3.95,N
-12.07593,26.40018,330.81,0.67,0.74,2025-03-20,2240,N,nominal,2.0NRT,283.33,4.48,N
-12.07453,26.39362,302.97,0.67,0.74,2025-03-20,2240,N,nominal,2.0NRT,282.77,4.48,N
-12.08263,26.39834,299.62,0.67,0.74,2025-03-20,2240,N,nominal,2.0NRT,283.47,1.37,N
-12.65734,28.10301,298.3,0.51,0.66,2025-03-20,2240,N,nominal,2.0NRT,285.22,0.68,N
-12.28866,25.8182,298.17,0.72,0.76,2025-03-20,2240,N,nominal,2.0NRT,281.42,1.09,N
-14.49311,28.46426,299.47,0.44,0.63,2025-03-20,2240,N,nominal,2.0NRT,285.55,0.86,N
-15.89058,33.03139,316.02,0.43,0.46,2025-03-20,2240,N,nominal,2.0NRT,292.22,1.37,N
-15.89478,33.03062,339.87,0.43,0.46,2025-03-20,2240,N,nominal,2.0NRT,295.16,12.08,N
-15.89075,33.03249,309.13,0.42,0.46,2025-03-20,2240,N,nominal,2.0NRT,292.27,5.59,N
-15.89495,33.03172,353.51,0.42,0.46,2025-03-20,2240,N,nominal,2.0NRT,293.96,5.59,N
-14.70242,26.80366,299.58,0.56,0.69,2025-03-20,2240,N,nominal,2.0NRT,285.14,0.84,N
-14.7088,26.80245,302.94,0.56,0.69,2025-03-20,2240,N,nominal,2.0NRT,285.82,1.67,N
-16.11795,33.76107,305.88,0.57,0.43,2025-03-20,2240,N,nominal,2.0NRT,294.73,1.52,N
-16.12193,33.76027,306.5,0.57,0.43,2025-03-20,2240,N,nominal,2.0NRT,293.97,1.52,N
-16.13184,33.76952,314.1,0.57,0.43,2025-03-20,2240,N,nominal,2.0NRT,294.41,4.15,N
-16.13361,33.73303,310.14,0.38,0.43,2025-03-20,2240,N,nominal,2.0NRT,294,0.97,N
-16.13236,33.76806,314.81,0.57,0.43,2025-03-20,2240,N,nominal,2.0NRT,294.14,3.35,N
-16.13355,33.72984,306.77,0.38,0.43,2025-03-20,2240,N,nominal,2.0NRT,293.21,1.27,N
-16.16413,33.80616,310.5,0.57,0.43,2025-03-20,2240,N,nominal,2.0NRT,293.52,2.36,N
-16.19471,33.83851,311.47,0.56,0.43,2025-03-20,2240,N,nominal,2.0NRT,294.46,2.91,N
-16.19568,33.84382,305.47,0.56,0.43,2025-03-20,2240,N,nominal,2.0NRT,293.96,1.36,N
-17.34293,27.20736,302.61,0.47,0.64,2025-03-20,2240,N,nominal,2.0NRT,291.02,0.75,N
-17.34546,27.20435,302.4,0.47,0.64,2025-03-20,2240,N,nominal,2.0NRT,290.89,0.77,N
-17.47793,27.08994,304.39,0.47,0.64,2025-03-20,2240,N,nominal,2.0NRT,290.59,1,N
-18.74983,32.75164,304.37,0.4,0.44,2025-03-20,2240,N,nominal,2.0NRT,285.47,1.29,N
-17.34554,24.14314,307.64,0.73,0.76,2025-03-20,2242,N,nominal,2.0NRT,285.24,2.97,N
-19.51619,32.91834,305.54,0.57,0.43,2025-03-20,2242,N,nominal,2.0NRT,287.1,1.18,N
-18.35858,26.66378,306.5,0.48,0.65,2025-03-20,2242,N,nominal,2.0NRT,289.77,1.05,N
-18.36332,26.65679,305.32,0.49,0.65,2025-03-20,2242,N,nominal,2.0NRT,289.07,1.05,N
-18.36811,26.47739,331.07,0.5,0.66,2025-03-20,2242,N,nominal,2.0NRT,291.86,4.7,N
-18.3679,26.44734,303.2,0.5,0.66,2025-03-20,2242,N,nominal,2.0NRT,289.02,1.59,N
-18.36894,26.45211,309.43,0.5,0.66,2025-03-20,2242,N,nominal,2.0NRT,289.4,1.59,N
-18.36777,26.47627,334.81,0.5,0.66,2025-03-20,2242,N,nominal,2.0NRT,292.47,5.81,N
-18.36845,26.45108,315.66,0.5,0.66,2025-03-20,2242,N,nominal,2.0NRT,289.64,1.95,N
-18.37452,26.44978,314.33,0.5,0.66,2025-03-20,2242,N,nominal,2.0NRT,290.06,1.95,N
-18.42223,26.46414,301.13,0.5,0.66,2025-03-20,2242,N,nominal,2.0NRT,287.57,0.45,N
-18.44339,26.47371,306.49,0.5,0.66,2025-03-20,2242,N,nominal,2.0NRT,289.08,2.92,N
-18.44454,26.47632,301.8,0.5,0.65,2025-03-20,2242,N,nominal,2.0NRT,288.87,1.75,N
