latitude,longitude,bright_ti4,scan,track,acq_date,acq_time,satellite,confidence,version,bright_ti5,frp,daynight
-34.21135,19.42703,299.4,0.49,0.4,2025-03-13,0001,N20,nominal,2.0NRT,287.46,0.97,N
-34.21508,19.42642,312.61,0.49,0.4,2025-03-13,0001,N20,nominal,2.0NRT,288.06,1.93,N
-29.83997,30.19498,326.89,0.74,0.76,2025-03-13,1043,N20,nominal,2.0NRT,287.14,6.17,D
-29.84364,30.19493,335.84,0.74,0.76,2025-03-13,1043,N20,nominal,2.0NRT,288.24,7.49,D
-29.4802,30.39317,356.58,0.72,0.75,2025-03-13,1043,N20,nominal,2.0NRT,289.17,22.18,D
-29.47992,30.40075,356.84,0.71,0.75,2025-03-13,1043,N20,low,2.0NRT,287.43,22.18,D
-29.4818,30.39957,343.17,0.71,0.75,2025-03-13,1043,N20,nominal,2.0NRT,287.53,14.6,D
-29.48213,30.39197,355.96,0.71,0.75,2025-03-13,1043,N20,low,2.0NRT,288.53,20.05,D
-29.47512,30.39115,327.99,0.71,0.75,2025-03-13,1043,N20,nominal,2.0NRT,285.85,14,D
-29.47479,30.39904,356.37,0.71,0.75,2025-03-13,1043,N20,low,2.0NRT,286.73,18.55,D
-29.22575,30.56071,338.54,0.7,0.75,2025-03-13,1043,N20,nominal,2.0NRT,282.56,11.14,D
-29.19466,30.63793,367,0.69,0.74,2025-03-13,1043,N20,high,2.0NRT,291.55,46.45,D
-29.19497,30.63044,344.43,0.69,0.74,2025-03-13,1043,N20,nominal,2.0NRT,296.44,46.45,D
-29.18776,30.63708,326.18,0.69,0.74,2025-03-13,1043,N20,nominal,2.0NRT,286.31,6.27,D
-29.18808,30.62946,332.44,0.69,0.74,2025-03-13,1043,N20,nominal,2.0NRT,287.1,6.27,D
-29.19522,30.6379,367,0.69,0.74,2025-03-13,1043,N20,high,2.0NRT,291.43,32.46,D
-29.19558,30.63046,344.77,0.69,0.74,2025-03-13,1043,N20,nominal,2.0NRT,297.96,39.89,D
-29.18833,30.63709,326.5,0.69,0.74,2025-03-13,1043,N20,nominal,2.0NRT,287.05,32.46,D
-29.18869,30.62949,340.17,0.69,0.74,2025-03-13,1043,N20,nominal,2.0NRT,287.13,39.89,D
-29.00146,30.93663,367,0.66,0.73,2025-03-13,1043,N20,high,2.0NRT,292.84,34.25,D
-29.01071,30.57953,325.74,0.69,0.74,2025-03-13,1043,N20,nominal,2.0NRT,292.09,8.56,D
-27.47519,31.64161,338.57,0.58,0.7,2025-03-13,1041,N20,nominal,2.0NRT,291.02,4.86,D
-27.46873,31.64092,335.54,0.58,0.7,2025-03-13,1041,N20,nominal,2.0NRT,290.16,4.86,D
-27.47491,31.64336,331.36,0.58,0.69,2025-03-13,1041,N20,nominal,2.0NRT,290.25,11.12,D
-26.60205,30.47092,329.47,0.67,0.74,2025-03-13,1041,N20,nominal,2.0NRT,285.06,4.02,D
-26.60095,30.4719,332.82,0.67,0.74,2025-03-13,1041,N20,nominal,2.0NRT,283.59,5.49,D
-25.29693,30.48677,351.22,0.66,0.73,2025-03-13,1041,N20,nominal,2.0NRT,284.44,24.67,D
-24.8198,30.12301,332.57,0.68,0.74,2025-03-13,1041,N20,nominal,2.0NRT,295.95,9.5,D
-24.81968,30.12263,332.64,0.68,0.74,2025-03-13,1041,N20,nominal,2.0NRT,296.24,9.64,D
-24.3677,34.26912,354.47,0.37,0.58,2025-03-13,1041,N20,nominal,2.0NRT,296.23,4.63,D
-24.36802,34.26547,329.69,0.37,0.58,2025-03-13,1041,N20,nominal,2.0NRT,297.54,4.63,D
-21.69102,46.09834,331.36,0.43,0.38,2025-03-13,1043,N20,nominal,2.0NRT,297.11,3.77,D
-21.3011,46.74043,332.53,0.46,0.39,2025-03-13,1043,N20,nominal,2.0NRT,294.5,16.81,D
-21.20213,46.54503,337.04,0.45,0.39,2025-03-13,1043,N20,nominal,2.0NRT,299.06,7.36,D
-21.06338,46.43917,331.74,0.45,0.39,2025-03-13,1043,N20,nominal,2.0NRT,299.87,2.04,D
-21.05921,46.42063,333.43,0.45,0.39,2025-03-13,1043,N20,nominal,2.0NRT,295.05,3.21,D
-20.79071,46.36062,330.18,0.45,0.39,2025-03-13,1043,N20,nominal,2.0NRT,293.7,1.3,D
-20.78786,46.35577,334.18,0.45,0.39,2025-03-13,1043,N20,nominal,2.0NRT,295.77,4.85,D
-20.41251,46.29634,332.59,0.45,0.39,2025-03-13,1043,N20,nominal,2.0NRT,297.36,2.98,D
-20.24179,46.78266,333.37,0.48,0.4,2025-03-13,1043,N20,nominal,2.0NRT,292.25,9.89,D
-20.35746,44.35778,334.97,0.39,0.36,2025-03-13,1043,N20,nominal,2.0NRT,290.96,1.79,D
-20.25276,44.81691,330.76,0.4,0.37,2025-03-13,1043,N20,nominal,2.0NRT,296.41,2.38,D
-19.57064,45.39964,330.32,0.42,0.38,2025-03-13,1043,N20,low,2.0NRT,304.64,5.03,D
-18.13737,49.30874,346.87,0.47,0.48,2025-03-13,1043,N20,nominal,2.0NRT,288.05,7.18,D
-17.92616,49.41858,332.8,0.49,0.48,2025-03-13,1043,N20,nominal,2.0NRT,286.35,4.12,D
-17.51194,44.39619,332.59,0.41,0.37,2025-03-13,1043,N20,nominal,2.0NRT,296.06,2.13,D
-16.29028,47.3437,330.41,0.39,0.44,2025-03-13,1043,N20,low,2.0NRT,302.45,1.48,D
-15.64048,48.57564,340.66,0.47,0.48,2025-03-13,1043,N20,nominal,2.0NRT,293.26,4.94,D
-15.45055,47.7142,341.4,0.42,0.45,2025-03-13,1043,N20,nominal,2.0NRT,293.7,14.62,D
-15.41653,47.7604,342.97,0.42,0.45,2025-03-13,1043,N20,nominal,2.0NRT,296.71,4.11,D
-15.03836,47.37009,330.01,0.41,0.45,2025-03-13,1043,N20,nominal,2.0NRT,292.51,3.01,D
-14.48888,47.74309,335.03,0.44,0.46,2025-03-13,1045,N20,nominal,2.0NRT,294.62,2.43,D
-10.38931,34.9186,345.52,0.44,0.46,2025-03-13,1045,N20,nominal,2.0NRT,299.07,14.08,D
-10.0401,35.11909,339.82,0.43,0.46,2025-03-13,1045,N20,nominal,2.0NRT,293.44,8.22,D
-10.0469,34.90798,341.76,0.44,0.46,2025-03-13,1045,N20,nominal,2.0NRT,291.61,6.42,D
-9.89211,34.67916,326.43,0.45,0.47,2025-03-13,1045,N20,nominal,2.0NRT,290.16,5.17,D
-9.28723,35.20596,331.12,0.41,0.45,2025-03-13,1045,N20,nominal,2.0NRT,296.72,4.99,D
-9.1371,35.33487,332.32,0.4,0.44,2025-03-13,1045,N20,nominal,2.0NRT,290.38,3.3,D
-9.13707,35.33514,336.67,0.4,0.44,2025-03-13,1045,N20,nominal,2.0NRT,290.03,3.89,D
-9.09855,35.16311,325.85,0.41,0.45,2025-03-13,1045,N20,nominal,2.0NRT,295.98,2.4,D
-9.13061,34.89875,328.53,0.43,0.46,2025-03-13,1045,N20,nominal,2.0NRT,292.37,1.29,D
-9.12641,34.8982,325.85,0.43,0.46,2025-03-13,1045,N20,nominal,2.0NRT,289.46,1.29,D
-9.00549,35.20859,325.93,0.41,0.45,2025-03-13,1045,N20,nominal,2.0NRT,286.97,2.05,D
-8.62088,35.58428,329.33,0.57,0.43,2025-03-13,1045,N20,nominal,2.0NRT,284.91,6.32,D
-8.5557,35.58672,334.32,0.57,0.43,2025-03-13,1047,N20,nominal,2.0NRT,295.15,6.53,D
-8.55924,35.56069,330.22,0.57,0.43,2025-03-13,1047,N20,nominal,2.0NRT,297.4,4.74,D
-8.55684,35.58981,331.61,0.57,0.43,2025-03-13,1047,N20,nominal,2.0NRT,295.56,6.54,D
-8.56058,35.56379,331.68,0.57,0.43,2025-03-13,1047,N20,nominal,2.0NRT,297.08,5.66,D
-8.54683,35.54638,333.82,0.57,0.43,2025-03-13,1047,N20,nominal,2.0NRT,295.45,5.19,D
-8.52863,35.61731,329.92,0.57,0.43,2025-03-13,1047,N20,nominal,2.0NRT,296.61,5.61,D
-8.53947,35.54102,331.21,0.38,0.43,2025-03-13,1047,N20,nominal,2.0NRT,296.54,3.27,D
-8.5095,35.60963,344.37,0.57,0.43,2025-03-13,1047,N20,nominal,2.0NRT,296.82,20.62,D
-8.45426,35.49467,339.46,0.38,0.43,2025-03-13,1047,N20,nominal,2.0NRT,295.83,13.42,D
-8.45476,35.4912,327.83,0.38,0.44,2025-03-13,1047,N20,nominal,2.0NRT,299.95,13.42,D
-8.4122,35.76006,332.02,0.55,0.43,2025-03-13,1047,N20,nominal,2.0NRT,293.29,4.21,D
-8.26367,36.55222,335.86,0.5,0.41,2025-03-13,1047,N20,nominal,2.0NRT,301.76,2.69,D
-8.15091,36.79483,338.43,0.48,0.4,2025-03-13,1047,N20,low,2.0NRT,301.08,5.85,D
-8.07044,36.03427,332.18,0.53,0.42,2025-03-13,1047,N20,nominal,2.0NRT,287.66,5.73,D
-8.06876,36.03056,333.39,0.53,0.42,2025-03-13,1047,N20,nominal,2.0NRT,288.44,6,D
-7.78061,29.55347,335.01,0.48,0.64,2025-03-13,1047,N20,nominal,2.0NRT,286.53,4.9,D
-7.77656,29.551,327.33,0.48,0.64,2025-03-13,1047,N20,nominal,2.0NRT,285.77,5.96,D
-7.42201,31.64939,331.71,0.34,0.56,2025-03-13,1047,N20,nominal,2.0NRT,287.97,2.8,D
-6.29291,39.49625,338.52,0.39,0.36,2025-03-13,1047,N20,nominal,2.0NRT,299.86,4.44,D
-6.4707,37.64339,342.43,0.43,0.38,2025-03-13,1047,N20,low,2.0NRT,300.82,7.12,D
-6.47456,37.10026,337.21,0.45,0.39,2025-03-13,1047,N20,nominal,2.0NRT,294.72,10.11,D
-6.47513,37.09641,338.93,0.45,0.39,2025-03-13,1047,N20,low,2.0NRT,295.56,11.21,D
-6.10337,39.38137,330.48,0.39,0.36,2025-03-13,1047,N20,low,2.0NRT,302.01,0.81,D
-6.0688,39.40813,339.62,0.39,0.36,2025-03-13,1047,N20,nominal,2.0NRT,301.5,2.67,D
-6.40106,37.03747,332.09,0.45,0.39,2025-03-13,1047,N20,nominal,2.0NRT,293.15,5.91,D
-6.39755,37.03665,333.15,0.45,0.39,2025-03-13,1047,N20,nominal,2.0NRT,293.37,5.91,D
-5.88453,38.55659,331.54,0.4,0.37,2025-03-13,1047,N20,low,2.0NRT,301.1,4.33,D
-5.85614,38.54854,332.66,0.4,0.37,2025-03-13,1047,N20,low,2.0NRT,299.85,3.52,D
-5.8446,38.57957,333.3,0.4,0.37,2025-03-13,1047,N20,low,2.0NRT,304.45,4.65,D
-5.84514,38.57601,336.92,0.4,0.37,2025-03-13,1047,N20,low,2.0NRT,304.06,6.57,D
-5.84942,38.54755,338.39,0.4,0.37,2025-03-13,1047,N20,nominal,2.0NRT,300.39,10.73,D
-5.84056,38.56078,341.68,0.4,0.37,2025-03-13,1047,N20,nominal,2.0NRT,300.02,9.67,D
-5.82105,38.64493,340.01,0.39,0.36,2025-03-13,1047,N20,nominal,2.0NRT,299.38,3.28,D
-5.77536,38.65258,344.5,0.39,0.36,2025-03-13,1047,N20,nominal,2.0NRT,300.03,7.08,D
-5.78597,38.4432,330.47,0.4,0.37,2025-03-13,1047,N20,low,2.0NRT,301.39,5.36,D
-5.54718,38.84116,331,0.39,0.36,2025-03-13,1047,N20,low,2.0NRT,303.14,2.77,D
-5.54823,38.83413,331.33,0.39,0.36,2025-03-13,1047,N20,low,2.0NRT,301.63,1.8,D
-5.57328,38.48408,340.46,0.4,0.37,2025-03-13,1047,N20,nominal,2.0NRT,300.13,6.24,D
-5.5075,38.52037,341.76,0.4,0.37,2025-03-13,1047,N20,nominal,2.0NRT,303.53,4.56,D
-5.49881,38.55535,341.41,0.39,0.37,2025-03-13,1047,N20,nominal,2.0NRT,304.9,7.59,D
-5.39979,38.44603,333.38,0.4,0.37,2025-03-13,1047,N20,low,2.0NRT,304.71,5.78,D
-5.34221,38.64728,330.73,0.39,0.36,2025-03-13,1047,N20,low,2.0NRT,302.53,3.29,D
-5.31722,38.65442,356.49,0.39,0.36,2025-03-13,1047,N20,nominal,2.0NRT,304.24,12.6,D
-5.22569,38.5645,342.17,0.39,0.36,2025-03-13,1047,N20,low,2.0NRT,307.13,9.91,D
-5.21174,38.50431,343.08,0.39,0.37,2025-03-13,1047,N20,low,2.0NRT,310.94,9.62,D
-5.10289,39.02197,331.61,0.39,0.36,2025-03-13,1047,N20,low,2.0NRT,305.56,1.8,D
-5.1656,38.3777,333.54,0.4,0.37,2025-03-13,1047,N20,low,2.0NRT,302.73,3.06,D
-6.26352,30.35332,328.06,0.4,0.6,2025-03-13,1047,N20,nominal,2.0NRT,289.79,2.13,D
-5.02467,39.00185,349.18,0.39,0.36,2025-03-13,1047,N20,low,2.0NRT,309.48,55.46,D
-5.08675,38.54604,347.99,0.39,0.36,2025-03-13,1047,N20,low,2.0NRT,309.33,26.88,D
-4.97178,38.76585,337.87,0.39,0.36,2025-03-13,1047,N20,low,2.0NRT,307.22,3.55,D
-4.96845,38.76539,342.53,0.39,0.36,2025-03-13,1047,N20,nominal,2.0NRT,305,6.91,D
-4.91529,39.07421,348.36,0.39,0.36,2025-03-13,1047,N20,nominal,2.0NRT,305.28,8.97,D
-4.95321,38.52991,336.42,0.39,0.36,2025-03-13,1047,N20,nominal,2.0NRT,300.09,2.28,D
-4.84517,38.81804,338.73,0.39,0.36,2025-03-13,1047,N20,low,2.0NRT,306.43,4.62,D
-4.78894,39.12506,337.68,0.39,0.36,2025-03-13,1047,N20,nominal,2.0NRT,303.88,3.64,D
-4.78704,39.09287,337.98,0.39,0.36,2025-03-13,1047,N20,nominal,2.0NRT,303.17,2.46,D
-4.77551,39.10177,346.51,0.39,0.36,2025-03-13,1047,N20,nominal,2.0NRT,310.09,37.45,D
-4.75928,39.07453,337.58,0.39,0.36,2025-03-13,1047,N20,nominal,2.0NRT,305.24,2.29,D
-4.75073,39.10868,336.7,0.39,0.36,2025-03-13,1047,N20,nominal,2.0NRT,305.02,7.73,D
-4.75596,39.07403,335.67,0.39,0.36,2025-03-13,1047,N20,nominal,2.0NRT,302.99,2.29,D
-4.74532,39.12202,332.16,0.39,0.36,2025-03-13,1047,N20,low,2.0NRT,304.78,2.75,D
-4.76151,38.87966,340.59,0.39,0.36,2025-03-13,1047,N20,low,2.0NRT,310,7.41,D
-4.7066,39.17633,346.55,0.39,0.36,2025-03-13,1047,N20,nominal,2.0NRT,301.97,5.63,D
-4.56022,39.35879,331.09,0.38,0.36,2025-03-13,1047,N20,nominal,2.0NRT,300.63,1.61,D
-4.56074,39.35534,336.93,0.38,0.36,2025-03-13,1047,N20,nominal,2.0NRT,302.9,2.61,D
-4.56195,39.30257,349.36,0.38,0.36,2025-03-13,1047,N20,nominal,2.0NRT,304.61,5.47,D
-4.52539,39.27512,337.33,0.38,0.36,2025-03-13,1047,N20,nominal,2.0NRT,304.29,3.54,D
-4.49995,39.39832,330.61,0.38,0.36,2025-03-13,1047,N20,low,2.0NRT,300.99,3.38,D
-4.49664,39.39783,344.72,0.38,0.36,2025-03-13,1047,N20,nominal,2.0NRT,302.19,3.38,D
-4.49716,39.39437,333.97,0.38,0.36,2025-03-13,1047,N20,nominal,2.0NRT,301.52,4.06,D
-4.41409,39.42672,355.37,0.38,0.36,2025-03-13,1047,N20,nominal,2.0NRT,303.21,10.95,D
-4.33725,39.46452,349.87,0.38,0.36,2025-03-13,1047,N20,nominal,2.0NRT,303.84,11.42,D
-4.33778,39.46107,348.8,0.38,0.36,2025-03-13,1047,N20,nominal,2.0NRT,304.68,9.28,D
-4.33394,39.46402,344.1,0.38,0.36,2025-03-13,1047,N20,nominal,2.0NRT,303.2,6.58,D
-4.33447,39.46058,341.07,0.38,0.36,2025-03-13,1047,N20,nominal,2.0NRT,309.85,50.42,D
-4.30729,39.43809,330.06,0.38,0.36,2025-03-13,1047,N20,nominal,2.0NRT,298.81,2.14,D
-5.94135,26.88845,330.87,0.68,0.74,2025-03-13,1047,N20,nominal,2.0NRT,289.95,8.71,D
-4.16064,30.14791,328.86,0.38,0.59,2025-03-13,1047,N20,nominal,2.0NRT,294.31,2.69,D
-4.16361,30.14941,335.2,0.38,0.59,2025-03-13,1047,N20,nominal,2.0NRT,294.36,2.63,D
-4.5309,25.73518,327.34,0.78,0.78,2025-03-13,1047,N20,nominal,2.0NRT,285.92,5.89,D
-8.27412,17.50364,332.64,0.43,0.38,2025-03-13,1227,N20,nominal,2.0NRT,300.04,2.52,D
-6.87871,22.79416,332.61,0.63,0.54,2025-03-13,1227,N20,nominal,2.0NRT,294.01,6.42,D
-22.19358,29.56631,341.28,0.45,0.63,2025-03-13,1223,N20,nominal,2.0NRT,295.67,5.16,D
-21.95135,27.8985,355.69,0.36,0.57,2025-03-13,1223,N20,nominal,2.0NRT,297.5,6.92,D
-21.95231,27.89702,367,0.36,0.57,2025-03-13,1223,N20,high,2.0NRT,297.63,9.35,D
-18.37167,26.48101,333.78,0.34,0.56,2025-03-13,1225,N20,nominal,2.0NRT,296.47,4.61,D
-19.22423,17.72471,346.32,0.38,0.36,2025-03-13,1225,N20,nominal,2.0NRT,310.57,9.2,D
-15.86863,28.87453,349.51,0.54,0.68,2025-03-13,1225,N20,nominal,2.0NRT,289.46,13.27,D
-15.86244,28.87302,340.74,0.54,0.68,2025-03-13,1225,N20,nominal,2.0NRT,288.68,25.09,D
-33.92451,18.45614,333.68,0.43,0.38,2025-03-13,1221,N20,nominal,2.0NRT,302.21,3.29,D
-15.86135,28.87801,356.61,0.54,0.68,2025-03-13,1225,N20,low,2.0NRT,289.04,25.09,D
-15.86477,28.87481,347.98,0.54,0.68,2025-03-13,1225,N20,nominal,2.0NRT,290.43,31.35,D
-33.92512,18.45145,334.36,0.43,0.38,2025-03-13,1221,N20,nominal,2.0NRT,302.57,3.29,D
-15.8637,28.87983,356.18,0.55,0.68,2025-03-13,1225,N20,low,2.0NRT,287.51,31.35,D
-33.55474,18.50885,335.67,0.43,0.38,2025-03-13,1221,N20,low,2.0NRT,309.98,1.41,D
-10.87509,16.02834,332.62,0.39,0.36,2025-03-13,1227,N20,nominal,2.0NRT,296.49,5.41,D
-8.42484,27.00692,332.97,0.57,0.69,2025-03-13,1227,N20,nominal,2.0NRT,290.51,5.57,D
-32.40897,19.21155,340.09,0.4,0.37,2025-03-13,1221,N20,nominal,2.0NRT,305.61,5.01,D
-10.62267,13.95976,343.01,0.4,0.37,2025-03-13,1227,N20,nominal,2.0NRT,299.87,5.42,D
-32.29974,19.14326,341.48,0.4,0.37,2025-03-13,1221,N20,nominal,2.0NRT,305.63,2.85,D
-10.5854,13.95422,333.1,0.4,0.37,2025-03-13,1227,N20,nominal,2.0NRT,297.96,2.4,D
-8.27519,26.73139,327.91,0.55,0.68,2025-03-13,1227,N20,nominal,2.0NRT,291.55,3.01,D
-32.30032,19.13908,330.2,0.4,0.37,2025-03-13,1221,N20,low,2.0NRT,303.9,1.56,D
-8.20827,26.70913,344.39,0.55,0.68,2025-03-13,1227,N20,nominal,2.0NRT,289.83,5.64,D
-32.30263,19.12227,332.43,0.4,0.37,2025-03-13,1221,N20,low,2.0NRT,306.35,11.24,D
-9.7202,17.59008,333.72,0.42,0.38,2025-03-13,1227,N20,nominal,2.0NRT,297.26,3.69,D
-32.30322,19.11801,354.91,0.4,0.37,2025-03-13,1221,N20,nominal,2.0NRT,309.14,11.24,D
-9.07485,19.78002,331.82,0.55,0.43,2025-03-13,1227,N20,nominal,2.0NRT,296.15,5.34,D
-32.30382,19.11368,333.2,0.4,0.37,2025-03-13,1221,N20,low,2.0NRT,303.86,3.8,D
-32.29577,19.14674,338.02,0.4,0.37,2025-03-13,1221,N20,low,2.0NRT,310.47,5.45,D
-8.14905,24.73625,347.87,0.4,0.6,2025-03-13,1227,N20,nominal,2.0NRT,293.37,7.31,D
-32.29924,19.12156,339.19,0.4,0.37,2025-03-13,1221,N20,nominal,2.0NRT,305.73,4.61,D
-9.96978,13.54731,332.18,0.41,0.37,2025-03-13,1227,N20,low,2.0NRT,297.58,29.16,D
-32.29983,19.11733,345.58,0.4,0.37,2025-03-13,1221,N20,nominal,2.0NRT,304.81,4.61,D
-9.96582,13.55051,351.81,0.41,0.37,2025-03-13,1227,N20,low,2.0NRT,302.5,114.1,D
-32.29702,19.11241,346.28,0.4,0.37,2025-03-13,1221,N20,nominal,2.0NRT,304.75,8.61,D
-8.14953,24.73628,346.88,0.4,0.6,2025-03-13,1227,N20,nominal,2.0NRT,293.05,7.41,D
-8.85046,20.22672,336.26,0.39,0.44,2025-03-13,1227,N20,nominal,2.0NRT,297.11,4.64,D
-32.2946,19.07907,348.05,0.4,0.37,2025-03-13,1221,N20,nominal,2.0NRT,309.2,28.42,D
-32.29522,19.07447,353.44,0.4,0.37,2025-03-13,1221,N20,nominal,2.0NRT,314.17,60.72,D
-8.15057,23.51767,342.84,0.33,0.56,2025-03-13,1227,N20,nominal,2.0NRT,292.44,4.17,D
-32.29584,19.06998,367,0.4,0.37,2025-03-13,1221,N20,low,2.0NRT,328.53,60.72,D
-8.15302,23.51662,328.4,0.33,0.56,2025-03-13,1227,N20,nominal,2.0NRT,291.9,4.35,D
-32.28925,19.09273,345.13,0.4,0.37,2025-03-13,1221,N20,nominal,2.0NRT,307.03,4.67,D
-7.97694,24.39868,338.09,0.39,0.59,2025-03-13,1227,N20,nominal,2.0NRT,292.13,2.99,D
-7.97841,24.17208,333.56,0.37,0.58,2025-03-13,1227,N20,nominal,2.0NRT,289.97,4.99,D
-32.28989,19.08806,331.74,0.4,0.37,2025-03-13,1221,N20,low,2.0NRT,305.39,4.67,D
-9.34773,15.92169,340.37,0.39,0.36,2025-03-13,1227,N20,nominal,2.0NRT,299.48,7.86,D
-32.29118,19.0785,351.05,0.4,0.37,2025-03-13,1221,N20,nominal,2.0NRT,308.8,11.21,D
-32.29303,19.06499,353.81,0.4,0.37,2025-03-13,1221,N20,nominal,2.0NRT,313.61,13.62,D
-8.65714,19.95307,351.2,0.38,0.43,2025-03-13,1227,N20,nominal,2.0NRT,296.38,12.69,D
-32.28962,19.06434,347.04,0.4,0.37,2025-03-13,1221,N20,nominal,2.0NRT,308.58,13.62,D
-8.65315,19.95241,342.41,0.38,0.43,2025-03-13,1227,N20,nominal,2.0NRT,294.92,8.23,D
-32.29021,19.06006,333.44,0.4,0.37,2025-03-13,1221,N20,low,2.0NRT,306.73,13.62,D
-9.23988,16.16092,336.95,0.39,0.36,2025-03-13,1227,N20,nominal,2.0NRT,296.67,3.84,D
-32.28621,19.06372,341.89,0.4,0.37,2025-03-13,1221,N20,low,2.0NRT,312.15,47.87,D
-8.86837,18.45478,330.15,0.47,0.4,2025-03-13,1227,N20,nominal,2.0NRT,298.52,2.45,D
-32.28216,19.06784,341.08,0.4,0.37,2025-03-13,1221,N20,nominal,2.0NRT,310.14,11.67,D
-7.93752,23.58793,329.59,0.34,0.56,2025-03-13,1227,N20,nominal,2.0NRT,292.89,3.65,D
-32.28339,19.05877,338.54,0.4,0.37,2025-03-13,1221,N20,nominal,2.0NRT,306.65,47.87,D
-7.93549,23.58781,346.31,0.34,0.56,2025-03-13,1227,N20,nominal,2.0NRT,293.96,4.97,D
-32.28279,19.06317,367,0.4,0.37,2025-03-13,1221,N20,low,2.0NRT,329.11,47.87,D
-9.21187,15.67993,331.59,0.39,0.36,2025-03-13,1227,N20,nominal,2.0NRT,296.92,1.86,D
-32.27875,19.06728,334.78,0.4,0.37,2025-03-13,1221,N20,low,2.0NRT,307.78,4.17,D
-9.21294,15.67294,339.8,0.39,0.36,2025-03-13,1227,N20,nominal,2.0NRT,299.31,6.62,D
-9.16335,15.97434,337.27,0.39,0.36,2025-03-13,1227,N20,nominal,2.0NRT,301.36,6.92,D
-32.26527,19.14029,339.88,0.4,0.37,2025-03-13,1221,N20,nominal,2.0NRT,309.44,4.43,D
-32.26303,19.13126,332.75,0.4,0.37,2025-03-13,1221,N20,low,2.0NRT,305.94,3.16,D
-9.15337,15.97279,343.59,0.39,0.36,2025-03-13,1227,N20,nominal,2.0NRT,298.31,8.95,D
-32.2636,19.1271,335.83,0.4,0.37,2025-03-13,1221,N20,low,2.0NRT,307.16,3.16,D
-8.73432,18.47298,336.41,0.47,0.4,2025-03-13,1227,N20,nominal,2.0NRT,297.52,3.69,D
-32.26793,19.06972,346.22,0.4,0.37,2025-03-13,1221,N20,nominal,2.0NRT,306.36,4.3,D
-8.74702,18.34851,331.85,0.47,0.4,2025-03-13,1227,N20,nominal,2.0NRT,293.03,6.18,D
-32.26513,19.06466,345.32,0.4,0.37,2025-03-13,1221,N20,nominal,2.0NRT,307.9,6.36,D
-8.72823,18.4413,341.94,0.47,0.4,2025-03-13,1227,N20,nominal,2.0NRT,297.29,23.26,D
-32.26109,19.06875,339.36,0.4,0.37,2025-03-13,1221,N20,nominal,2.0NRT,308.38,6.36,D
-7.58705,24.92272,367,0.43,0.62,2025-03-13,1227,N20,high,2.0NRT,293.5,12.57,D
-32.26171,19.06413,336.32,0.4,0.37,2025-03-13,1221,N20,nominal,2.0NRT,306.31,6.36,D
-7.58775,24.91891,336.62,0.43,0.62,2025-03-13,1227,N20,nominal,2.0NRT,291.83,12.57,D
-7.58959,24.92629,335.62,0.43,0.62,2025-03-13,1227,N20,nominal,2.0NRT,290.68,7.48,D
-32.23211,19.02764,356.05,0.4,0.37,2025-03-13,1221,N20,nominal,2.0NRT,309.67,13.44,D
-7.59026,24.92252,356.15,0.43,0.62,2025-03-13,1227,N20,low,2.0NRT,291.13,16.84,D
-32.21971,19.01612,342.29,0.4,0.37,2025-03-13,1221,N20,nominal,2.0NRT,307.81,2.27,D
-7.5846,24.92154,348.47,0.43,0.62,2025-03-13,1227,N20,nominal,2.0NRT,290.83,8.07,D
-32.19286,19.008,334.43,0.4,0.37,2025-03-13,1221,N20,low,2.0NRT,306.83,7.37,D
-7.63396,24.51114,330.82,0.4,0.6,2025-03-13,1227,N20,nominal,2.0NRT,284.55,6.26,D
-32.17559,19.05754,336.13,0.4,0.37,2025-03-13,1221,N20,low,2.0NRT,307.14,3.32,D
-32.18325,19.00149,340.51,0.4,0.37,2025-03-13,1221,N20,nominal,2.0NRT,306.75,2.09,D
-9.03361,15.93533,338.04,0.39,0.36,2025-03-13,1227,N20,nominal,2.0NRT,299.47,3.53,D
-32.17922,19.00545,337.28,0.4,0.37,2025-03-13,1221,N20,low,2.0NRT,307.41,9.95,D
-8.63103,18.2571,332.46,0.46,0.39,2025-03-13,1227,N20,nominal,2.0NRT,299.01,4.36,D
-32.17284,19.0267,337.74,0.4,0.37,2025-03-13,1221,N20,low,2.0NRT,310.81,5.45,D
-7.40934,24.90794,367,0.43,0.62,2025-03-13,1227,N20,high,2.0NRT,291.15,9.43,D
-32.17402,19.01801,349.49,0.4,0.37,2025-03-13,1221,N20,nominal,2.0NRT,309.93,9,D
-7.36678,24.94901,345.7,0.43,0.62,2025-03-13,1227,N20,nominal,2.0NRT,292.32,23.97,D
-32.16887,19.03022,343.7,0.4,0.37,2025-03-13,1221,N20,nominal,2.0NRT,307.27,2.34,D
-7.3675,24.9451,351.56,0.43,0.62,2025-03-13,1227,N20,nominal,2.0NRT,292.86,23.97,D
-7.3611,24.94804,367,0.43,0.62,2025-03-13,1227,N20,high,2.0NRT,292.85,23.97,D
-32.16945,19.02593,351.63,0.4,0.37,2025-03-13,1221,N20,nominal,2.0NRT,311.23,11.67,D
-7.36038,24.95196,346.9,0.43,0.62,2025-03-13,1227,N20,nominal,2.0NRT,291.35,11.08,D
-32.17004,19.02162,343.82,0.4,0.37,2025-03-13,1221,N20,nominal,2.0NRT,312.29,11.67,D
-32.17064,19.01719,343.89,0.4,0.37,2025-03-13,1221,N20,nominal,2.0NRT,311.11,22.32,D
-7.36182,24.94412,342.33,0.43,0.62,2025-03-13,1227,N20,nominal,2.0NRT,301.06,23.97,D
-7.36254,24.9402,347.67,0.43,0.62,2025-03-13,1227,N20,nominal,2.0NRT,297.55,25.8,D
-28.44935,31.38986,341.39,0.42,0.61,2025-03-13,1221,N20,nominal,2.0NRT,292.95,4.47,D
-7.35544,24.94694,367,0.43,0.62,2025-03-13,1227,N20,high,2.0NRT,291.83,11.3,D
-27.47196,31.64008,346.66,0.45,0.63,2025-03-13,1221,N20,nominal,2.0NRT,294.69,5.79,D
-7.35616,24.94302,344.87,0.43,0.62,2025-03-13,1227,N20,nominal,2.0NRT,296.36,11.3,D
-27.41611,31.52098,331.07,0.45,0.63,2025-03-13,1221,N20,nominal,2.0NRT,291.6,28.23,D
-28.03114,25.68683,336.86,0.4,0.44,2025-03-13,1221,N20,nominal,2.0NRT,302.81,4.05,D
-7.36491,24.94789,367,0.43,0.62,2025-03-13,1227,N20,high,2.0NRT,293.46,30.04,D
-7.36423,24.95182,337.89,0.43,0.62,2025-03-13,1227,N20,nominal,2.0NRT,292.03,8.01,D
-27.85882,25.64415,337.22,0.4,0.44,2025-03-13,1221,N20,nominal,2.0NRT,302,2.56,D
-27.63109,25.93574,343.46,0.42,0.45,2025-03-13,1221,N20,nominal,2.0NRT,305.81,6.65,D
-7.3656,24.94397,355.43,0.43,0.62,2025-03-13,1227,N20,nominal,2.0NRT,296.6,30.04,D
-7.36629,24.94004,342.18,0.43,0.62,2025-03-13,1227,N20,nominal,2.0NRT,295.53,30.04,D
-27.62609,25.93899,334.38,0.42,0.45,2025-03-13,1221,N20,nominal,2.0NRT,303.75,3.47,D
-27.21391,25.34775,342.82,0.4,0.44,2025-03-13,1221,N20,nominal,2.0NRT,298.2,8.51,D
-8.44907,18.47867,332.51,0.48,0.4,2025-03-13,1227,N20,nominal,2.0NRT,296.15,10.25,D
-26.03595,29.20646,326.61,0.35,0.57,2025-03-13,1221,N20,nominal,2.0NRT,294.9,4.94,D
-8.44976,18.47438,354.04,0.48,0.4,2025-03-13,1227,N20,nominal,2.0NRT,299.63,10.25,D
-7.35924,24.94685,367,0.43,0.62,2025-03-13,1227,N20,high,2.0NRT,293.4,30.04,D
-26.03563,29.20854,325.69,0.35,0.57,2025-03-13,1221,N20,nominal,2.0NRT,294.69,5.64,D
-7.35855,24.95079,328.76,0.43,0.62,2025-03-13,1227,N20,nominal,2.0NRT,290.04,8.01,D
-25.4924,27.10061,336.47,0.54,0.51,2025-03-13,1223,N20,nominal,2.0NRT,297.6,6.03,D
-7.35993,24.94292,339.04,0.43,0.62,2025-03-13,1227,N20,nominal,2.0NRT,300.95,30.04,D
-25.49415,27.10297,333.92,0.54,0.51,2025-03-13,1223,N20,nominal,2.0NRT,295.1,4.82,D
-8.4454,18.47812,340.85,0.48,0.4,2025-03-13,1227,N20,nominal,2.0NRT,296.74,10.25,D
-7.68317,22.67201,334.69,0.6,0.53,2025-03-13,1227,N20,nominal,2.0NRT,292.51,6.93,D
-7.68281,22.6172,329.02,0.59,0.53,2025-03-13,1227,N20,nominal,2.0NRT,293.2,3.07,D
-7.68558,22.60145,332.18,0.59,0.53,2025-03-13,1227,N20,nominal,2.0NRT,293.85,3.55,D
-7.66641,22.62538,329.91,0.59,0.53,2025-03-13,1227,N20,nominal,2.0NRT,293.8,4.68,D
-7.66131,22.56994,337.62,0.59,0.53,2025-03-13,1227,N20,nominal,2.0NRT,294.78,6.52,D
-7.65422,22.5885,329.75,0.59,0.53,2025-03-13,1227,N20,nominal,2.0NRT,294.99,4.49,D
-7.38265,24.03839,333.32,0.37,0.58,2025-03-13,1227,N20,nominal,2.0NRT,289.08,3.62,D
-6.82244,27.09082,333.99,0.61,0.71,2025-03-13,1227,N20,nominal,2.0NRT,288.97,3.81,D
-8.6478,15.93056,332.29,0.39,0.36,2025-03-13,1227,N20,nominal,2.0NRT,296.88,3.93,D
-7.01609,25.50151,328.89,0.48,0.64,2025-03-13,1227,N20,nominal,2.0NRT,290.75,4.79,D
-7.33451,23.48395,333.21,0.34,0.56,2025-03-13,1227,N20,nominal,2.0NRT,292.49,2.58,D
-8.57255,16.02015,335.63,0.39,0.36,2025-03-13,1227,N20,nominal,2.0NRT,296.64,3.75,D
-7.1814,24.2833,340.27,0.39,0.59,2025-03-13,1227,N20,nominal,2.0NRT,290.27,3.77,D
-8.09985,18.80064,333.29,0.5,0.41,2025-03-13,1227,N20,nominal,2.0NRT,295.55,8.15,D
-7.22559,23.79696,344.2,0.36,0.58,2025-03-13,1227,N20,nominal,2.0NRT,290.54,5.07,D
-7.41421,22.64085,331.2,0.6,0.53,2025-03-13,1227,N20,nominal,2.0NRT,293.34,4.47,D
-8.55575,15.57799,332.2,0.39,0.36,2025-03-13,1227,N20,nominal,2.0NRT,296.8,5.92,D
-8.55243,15.57747,330.12,0.39,0.36,2025-03-13,1227,N20,nominal,2.0NRT,295.13,5.92,D
-6.90585,25.34716,346.28,0.47,0.64,2025-03-13,1227,N20,nominal,2.0NRT,293.44,6.16,D
-8.48769,15.84391,331.37,0.39,0.36,2025-03-13,1227,N20,nominal,2.0NRT,297.4,2.34,D
-8.48436,15.8434,330.82,0.39,0.36,2025-03-13,1227,N20,nominal,2.0NRT,295.84,2.34,D
-7.95839,19.06955,331.54,0.52,0.42,2025-03-13,1227,N20,nominal,2.0NRT,298.39,3.68,D
-8.06936,18.30128,334.83,0.47,0.4,2025-03-13,1227,N20,nominal,2.0NRT,295.93,8.85,D
-8.13461,17.90043,331.05,0.45,0.39,2025-03-13,1227,N20,nominal,2.0NRT,297.04,2.96,D
-8.15704,17.71693,347.18,0.44,0.39,2025-03-13,1227,N20,nominal,2.0NRT,297.84,5.91,D
-8.15742,17.71722,343.02,0.44,0.39,2025-03-13,1227,N20,nominal,2.0NRT,297.75,7.05,D
-7.1736,23.56762,330.81,0.35,0.57,2025-03-13,1227,N20,nominal,2.0NRT,293.35,2.02,D
-8.42505,15.56787,337.89,0.39,0.36,2025-03-13,1227,N20,nominal,2.0NRT,297.55,4.14,D
-8.4013,15.56778,332.47,0.39,0.36,2025-03-13,1227,N20,nominal,2.0NRT,295.14,4,D
-8.39305,15.57722,335.53,0.39,0.36,2025-03-13,1227,N20,nominal,2.0NRT,300.33,5.51,D
-8.07176,17.57277,333.29,0.44,0.38,2025-03-13,1227,N20,nominal,2.0NRT,296.97,2.46,D
-8.34059,15.80936,333.08,0.39,0.36,2025-03-13,1227,N20,nominal,2.0NRT,296.72,4.02,D
-7.87701,18.5673,340.07,0.49,0.4,2025-03-13,1227,N20,nominal,2.0NRT,299.94,14.43,D
-7.87329,18.56676,344.32,0.49,0.4,2025-03-13,1227,N20,nominal,2.0NRT,300.1,14.43,D
-8.04027,17.49547,346.96,0.44,0.38,2025-03-13,1227,N20,nominal,2.0NRT,300.15,11.44,D
-7.28782,21.97202,339.74,0.54,0.51,2025-03-13,1227,N20,nominal,2.0NRT,294.35,5.21,D
-7.98371,17.76056,334.67,0.45,0.39,2025-03-13,1227,N20,nominal,2.0NRT,299.28,6.41,D
-8.27481,15.70557,332.49,0.39,0.36,2025-03-13,1227,N20,nominal,2.0NRT,299.67,2.82,D
-8.37904,14.91249,340.1,0.38,0.36,2025-03-13,1227,N20,nominal,2.0NRT,297.92,3.49,D
-8.35095,14.98566,333.55,0.38,0.36,2025-03-13,1227,N20,nominal,2.0NRT,296.86,2.7,D
-6.85029,24.26099,329.84,0.4,0.6,2025-03-13,1227,N20,nominal,2.0NRT,292.65,2.47,D
-7.68142,19.182,332.32,0.53,0.42,2025-03-13,1227,N20,nominal,2.0NRT,293.77,1.74,D
-7.20689,22.01028,344.31,0.55,0.51,2025-03-13,1227,N20,nominal,2.0NRT,295.28,6.98,D
-7.18093,22.13551,329.84,0.56,0.51,2025-03-13,1227,N20,nominal,2.0NRT,293.81,3.98,D
-7.20138,22.01442,329.31,0.55,0.51,2025-03-13,1227,N20,nominal,2.0NRT,293.85,4.25,D
-7.2022,22.00951,347.1,0.55,0.51,2025-03-13,1227,N20,nominal,2.0NRT,295.43,6.95,D
-6.83346,24.13077,330,0.39,0.59,2025-03-13,1227,N20,nominal,2.0NRT,293.58,2.8,D
-7.18306,22.09422,335.68,0.56,0.51,2025-03-13,1227,N20,nominal,2.0NRT,294.9,6.96,D
-7.19751,22.00878,328.88,0.55,0.51,2025-03-13,1227,N20,nominal,2.0NRT,294.04,6.95,D
-8.21161,15.69869,342.92,0.39,0.36,2025-03-13,1227,N20,nominal,2.0NRT,299.89,6.48,D
-7.16249,22.15821,333.23,0.56,0.52,2025-03-13,1227,N20,nominal,2.0NRT,293.77,4.97,D
-7.15611,22.11015,332.57,0.56,0.51,2025-03-13,1227,N20,nominal,2.0NRT,293.8,4.59,D
-7.12681,22.25265,334.39,0.57,0.52,2025-03-13,1227,N20,nominal,2.0NRT,295.07,6.51,D
-6.29042,26.92975,328.11,0.61,0.71,2025-03-13,1227,N20,nominal,2.0NRT,290.59,2.77,D
-6.95511,23.15507,350.96,0.33,0.55,2025-03-13,1227,N20,nominal,2.0NRT,292.45,4.31,D
-7.64546,19.08771,332.05,0.53,0.42,2025-03-13,1227,N20,nominal,2.0NRT,295.96,5.11,D
-6.8903,23.46338,344.19,0.35,0.57,2025-03-13,1227,N20,nominal,2.0NRT,293.74,4.15,D
-6.8862,23.45634,332.69,0.35,0.57,2025-03-13,1227,N20,nominal,2.0NRT,292.07,5.04,D
-6.53368,25.38725,367,0.48,0.64,2025-03-13,1227,N20,high,2.0NRT,294.08,28.19,D
-6.53207,25.39609,348.92,0.48,0.65,2025-03-13,1227,N20,nominal,2.0NRT,293.17,8.21,D
-6.56516,25.1811,356.03,0.46,0.64,2025-03-13,1227,N20,nominal,2.0NRT,295.21,8.28,D
-6.87954,23.40365,330.41,0.34,0.56,2025-03-13,1227,N20,nominal,2.0NRT,291.08,1.81,D
-6.90069,23.25502,332.84,0.34,0.56,2025-03-13,1227,N20,nominal,2.0NRT,290.77,1.68,D
-6.90932,23.20653,339.26,0.33,0.56,2025-03-13,1227,N20,nominal,2.0NRT,292.78,4.25,D
-6.90986,23.20348,333.01,0.33,0.56,2025-03-13,1227,N20,nominal,2.0NRT,292.37,4.14,D
-7.09943,22.10109,342.44,0.56,0.51,2025-03-13,1227,N20,nominal,2.0NRT,295.48,8.72,D
-8.17732,15.56787,334.57,0.39,0.36,2025-03-13,1227,N20,nominal,2.0NRT,297.26,3.41,D
-8.15536,15.55635,330.23,0.39,0.36,2025-03-13,1227,N20,nominal,2.0NRT,299.23,2.07,D
-7.8998,17.18943,332.43,0.43,0.38,2025-03-13,1227,N20,nominal,2.0NRT,286.46,4.03,D
-7.89692,17.18506,339.95,0.43,0.38,2025-03-13,1227,N20,nominal,2.0NRT,288.56,5.64,D
-7.09776,22.10219,342.66,0.56,0.51,2025-03-13,1227,N20,nominal,2.0NRT,294.78,6.82,D
-7.89344,17.18456,345,0.43,0.38,2025-03-13,1227,N20,nominal,2.0NRT,289.75,9.57,D
-6.53025,25.38557,367,0.48,0.65,2025-03-13,1227,N20,high,2.0NRT,293.41,28.2,D
-6.52869,25.39451,333.84,0.48,0.65,2025-03-13,1227,N20,nominal,2.0NRT,291.91,8.39,D
-6.56616,25.18004,347.67,0.46,0.64,2025-03-13,1227,N20,nominal,2.0NRT,294.97,8.25,D
-6.88351,23.30943,331.26,0.34,0.56,2025-03-13,1227,N20,nominal,2.0NRT,292.32,4.5,D
-6.93566,22.97312,334.69,0.32,0.55,2025-03-13,1227,N20,nominal,2.0NRT,292.24,2.27,D
-8.13437,15.56029,335.18,0.39,0.36,2025-03-13,1227,N20,nominal,2.0NRT,299.48,6.69,D
-7.06165,22.20108,330.42,0.57,0.52,2025-03-13,1227,N20,nominal,2.0NRT,295.38,5.79,D
-6.88389,23.21486,331.11,0.34,0.56,2025-03-13,1227,N20,nominal,2.0NRT,292.14,2.35,D
-6.84982,23.35133,367,0.34,0.56,2025-03-13,1227,N20,high,2.0NRT,292.46,7.52,D
-6.44765,25.57477,330.39,0.49,0.65,2025-03-13,1227,N20,nominal,2.0NRT,293.08,5.37,D
-6.50372,25.22628,333.66,0.47,0.64,2025-03-13,1227,N20,nominal,2.0NRT,294.82,6.24,D
-6.83642,23.33676,338.84,0.34,0.56,2025-03-13,1227,N20,nominal,2.0NRT,287.75,3.75,D
-6.83696,23.33362,339.07,0.34,0.56,2025-03-13,1227,N20,nominal,2.0NRT,287.86,3.61,D
-7.00646,22.35194,334.23,0.58,0.52,2025-03-13,1227,N20,nominal,2.0NRT,295.4,4.62,D
-7.08026,21.92021,330.93,0.54,0.51,2025-03-13,1227,N20,nominal,2.0NRT,294.11,4.16,D
-7.0432,22.10891,354.86,0.56,0.51,2025-03-13,1227,N20,nominal,2.0NRT,295.23,16.49,D
-6.96543,22.38869,339.82,0.59,0.53,2025-03-13,1227,N20,nominal,2.0NRT,294.76,7.68,D
-6.78013,23.41479,330.84,0.35,0.56,2025-03-13,1227,N20,nominal,2.0NRT,293.71,4.47,D
-6.87885,22.79681,330.62,0.63,0.54,2025-03-13,1227,N20,nominal,2.0NRT,293.63,5.3,D
-6.87982,22.79126,339.19,0.63,0.54,2025-03-13,1227,N20,nominal,2.0NRT,294.75,5.3,D
-6.99859,22.08586,339.54,0.56,0.51,2025-03-13,1227,N20,nominal,2.0NRT,294.03,4.1,D
-6.77954,23.41258,341.63,0.35,0.57,2025-03-13,1227,N20,nominal,2.0NRT,294.95,3.83,D
-6.87964,22.7886,338.96,0.63,0.54,2025-03-13,1227,N20,nominal,2.0NRT,294.75,6.33,D
-6.99795,22.08253,329.94,0.56,0.51,2025-03-13,1227,N20,nominal,2.0NRT,293.74,5.36,D
-6.78446,23.25855,331.93,0.34,0.56,2025-03-13,1227,N20,nominal,2.0NRT,295.01,2.91,D
-6.80401,23.14383,336.88,0.33,0.55,2025-03-13,1227,N20,nominal,2.0NRT,295.5,5.29,D
-6.98713,22.06021,335.51,0.56,0.51,2025-03-13,1227,N20,nominal,2.0NRT,293.63,4.9,D
-6.91674,22.44901,336.86,0.59,0.53,2025-03-13,1227,N20,nominal,2.0NRT,293.8,6.17,D
-6.41218,25.34326,367,0.48,0.64,2025-03-13,1227,N20,high,2.0NRT,295.62,9.02,D
-6.40627,25.34221,331.61,0.48,0.64,2025-03-13,1227,N20,nominal,2.0NRT,291,9.02,D
-6.83816,22.82216,341.71,0.63,0.54,2025-03-13,1227,N20,nominal,2.0NRT,294.24,14.37,D
-6.83912,22.81651,341.01,0.63,0.54,2025-03-13,1227,N20,nominal,2.0NRT,297.21,9.91,D
-6.93371,22.26104,338.77,0.58,0.52,2025-03-13,1227,N20,nominal,2.0NRT,292.47,7.88,D
-6.83415,22.81566,346.01,0.63,0.54,2025-03-13,1227,N20,nominal,2.0NRT,290.92,9.91,D
-6.92979,22.25513,335.66,0.58,0.52,2025-03-13,1227,N20,nominal,2.0NRT,294.09,7.88,D
-6.4208,25.15694,351.41,0.46,0.64,2025-03-13,1227,N20,nominal,2.0NRT,292.14,9.55,D
-6.42152,25.15287,339.54,0.46,0.64,2025-03-13,1227,N20,nominal,2.0NRT,294.35,9.41,D
-6.92146,22.27519,334.26,0.58,0.52,2025-03-13,1227,N20,nominal,2.0NRT,294.1,3.37,D
-6.75183,23.203,332.33,0.34,0.56,2025-03-13,1227,N20,nominal,2.0NRT,293.1,2.43,D
-6.82219,22.79589,339.87,0.63,0.54,2025-03-13,1227,N20,nominal,2.0NRT,296.84,17.1,D
-6.81698,22.73739,337.09,0.62,0.54,2025-03-13,1227,N20,nominal,2.0NRT,294.04,5.48,D
-6.70535,23.28767,335.89,0.34,0.56,2025-03-13,1227,N20,nominal,2.0NRT,294.62,1.14,D
-6.70532,23.05853,331.72,0.33,0.55,2025-03-13,1227,N20,nominal,2.0NRT,293.29,2.35,D
-6.69778,23.04157,344.07,0.33,0.55,2025-03-13,1227,N20,nominal,2.0NRT,293.02,4.44,D
-6.72231,22.86769,343.76,0.32,0.55,2025-03-13,1227,N20,nominal,2.0NRT,294.96,3.55,D
-7.28272,19.48549,329.15,0.56,0.43,2025-03-13,1227,N20,nominal,2.0NRT,294.35,4.07,D
-6.63054,23.27962,352.58,0.34,0.56,2025-03-13,1227,N20,nominal,2.0NRT,296.57,8.13,D
-6.6948,22.87791,350.78,0.32,0.55,2025-03-13,1227,N20,nominal,2.0NRT,295.29,5.45,D
-6.73217,22.57327,340.88,0.61,0.53,2025-03-13,1227,N20,nominal,2.0NRT,293.24,11.94,D
-6.72237,22.57157,343.19,0.61,0.53,2025-03-13,1227,N20,nominal,2.0NRT,293.66,9.79,D
-6.64899,22.9629,338.22,0.32,0.55,2025-03-13,1227,N20,nominal,2.0NRT,294.8,2.12,D
-7.88184,15.48098,339.4,0.39,0.36,2025-03-13,1227,N20,nominal,2.0NRT,296.73,4.46,D
-6.64757,22.9414,330.39,0.32,0.55,2025-03-13,1227,N20,nominal,2.0NRT,294.44,3.28,D
-6.64252,22.94066,333.93,0.32,0.55,2025-03-13,1227,N20,nominal,2.0NRT,293.55,3.28,D
-6.64303,22.93773,334.17,0.32,0.55,2025-03-13,1227,N20,nominal,2.0NRT,294.67,3.81,D
-6.64355,22.9348,341.72,0.32,0.55,2025-03-13,1227,N20,nominal,2.0NRT,294.7,3.81,D
-6.64407,22.93186,334.39,0.32,0.55,2025-03-13,1227,N20,nominal,2.0NRT,295.14,3.83,D
-6.41869,24.17081,333.42,0.4,0.6,2025-03-13,1227,N20,nominal,2.0NRT,295.1,4.83,D
-7.98661,14.70421,334.67,0.38,0.36,2025-03-13,1227,N20,nominal,2.0NRT,298,4.43,D
-7.43683,18.18308,333.75,0.48,0.4,2025-03-13,1227,N20,nominal,2.0NRT,296.94,3.56,D
-7.77121,16.04171,330.7,0.39,0.37,2025-03-13,1227,N20,nominal,2.0NRT,297.79,5.35,D
-7.82883,15.64848,338.83,0.39,0.36,2025-03-13,1227,N20,nominal,2.0NRT,295.37,3.7,D
-6.64388,22.93821,346.45,0.32,0.55,2025-03-13,1227,N20,nominal,2.0NRT,295.64,4.83,D
-6.64486,22.93235,343.88,0.32,0.55,2025-03-13,1227,N20,nominal,2.0NRT,295.68,6.93,D
-7.84742,15.39638,331.55,0.39,0.36,2025-03-13,1227,N20,nominal,2.0NRT,297.65,3.13,D
-6.41814,24.17287,336.67,0.4,0.6,2025-03-13,1227,N20,nominal,2.0NRT,294.61,4.65,D
-6.60349,23.08517,330.16,0.33,0.55,2025-03-13,1227,N20,nominal,2.0NRT,293.84,1.88,D
-6.52729,23.50243,332.35,0.36,0.57,2025-03-13,1227,N20,nominal,2.0NRT,291.81,4.91,D
-6.5984,23.08434,332.57,0.33,0.55,2025-03-13,1227,N20,nominal,2.0NRT,296.28,3.08,D
-6.65714,22.67708,331.63,0.62,0.54,2025-03-13,1227,N20,nominal,2.0NRT,295.03,5.13,D
-6.20496,25.26636,329.17,0.47,0.64,2025-03-13,1227,N20,nominal,2.0NRT,293.6,2.46,D
-6.56096,23.15,332.28,0.34,0.56,2025-03-13,1227,N20,nominal,2.0NRT,293.36,4.58,D
-6.52421,23.1192,345.04,0.33,0.56,2025-03-13,1227,N20,nominal,2.0NRT,293.68,5.16,D
-7.90269,14.67644,346.53,0.38,0.36,2025-03-13,1227,N20,nominal,2.0NRT,299.19,8.03,D
-6.43036,23.59302,330.51,0.36,0.57,2025-03-13,1227,N20,nominal,2.0NRT,293.3,1.52,D
-6.54395,22.94646,330.96,0.33,0.55,2025-03-13,1227,N20,nominal,2.0NRT,293.7,1.11,D
-6.51104,23.10442,367,0.33,0.56,2025-03-13,1227,N20,high,2.0NRT,296.75,4.47,D
-6.49452,23.19841,347.07,0.34,0.56,2025-03-13,1227,N20,nominal,2.0NRT,295.82,5.21,D
-6.51157,23.10138,336.69,0.33,0.56,2025-03-13,1227,N20,nominal,2.0NRT,295.72,4.47,D
-6.3473,23.93665,342.41,0.38,0.59,2025-03-13,1227,N20,nominal,2.0NRT,293.63,3.23,D
-7.14825,19.30053,335.27,0.55,0.43,2025-03-13,1227,N20,nominal,2.0NRT,295.06,4.56,D
-7.14863,19.29728,332.57,0.55,0.43,2025-03-13,1227,N20,nominal,2.0NRT,296.76,4.69,D
-6.49228,23.19823,334.56,0.34,0.56,2025-03-13,1227,N20,nominal,2.0NRT,294.42,2.43,D
-6.50811,23.10405,355.92,0.33,0.56,2025-03-13,1227,N20,nominal,2.0NRT,295.55,7.66,D
-6.50862,23.10102,341.11,0.33,0.56,2025-03-13,1227,N20,nominal,2.0NRT,296.44,5.5,D
-6.49943,23.09327,330.48,0.33,0.56,2025-03-13,1227,N20,nominal,2.0NRT,290.47,1.68,D
-6.35054,23.93852,331.05,0.38,0.59,2025-03-13,1227,N20,nominal,2.0NRT,293.34,3.34,D
-6.47891,23.1836,331.3,0.34,0.56,2025-03-13,1227,N20,nominal,2.0NRT,294.79,2.34,D
-6.39371,23.6214,337.51,0.36,0.58,2025-03-13,1227,N20,nominal,2.0NRT,294.75,5.02,D
-6.12819,25.12567,342.47,0.47,0.64,2025-03-13,1227,N20,nominal,2.0NRT,294.36,4.18,D
-6.30689,24.09501,333.55,0.39,0.6,2025-03-13,1227,N20,nominal,2.0NRT,293.92,2.4,D
-6.39006,23.61092,332.81,0.36,0.58,2025-03-13,1227,N20,nominal,2.0NRT,294.55,3.41,D
-7.6938,15.57934,331.77,0.39,0.36,2025-03-13,1227,N20,nominal,2.0NRT,296.98,2.12,D
-6.16414,24.88522,333.86,0.45,0.63,2025-03-13,1227,N20,nominal,2.0NRT,291.44,3.55,D
-6.50695,22.86476,336.7,0.32,0.55,2025-03-13,1227,N20,nominal,2.0NRT,294.62,2.88,D
-6.43227,23.27069,335.11,0.34,0.56,2025-03-13,1227,N20,nominal,2.0NRT,295.21,2.65,D
-6.08931,25.20921,331.89,0.47,0.64,2025-03-13,1227,N20,nominal,2.0NRT,298.85,5.55,D
-6.08999,25.20533,330.75,0.47,0.64,2025-03-13,1227,N20,nominal,2.0NRT,299.75,5.55,D
-6.08116,25.22096,367,0.47,0.64,2025-03-13,1227,N20,high,2.0NRT,297.2,63.65,D
-6.08195,25.21646,333.97,0.47,0.64,2025-03-13,1227,N20,nominal,2.0NRT,303.59,60.73,D
-6.08411,25.20426,335.85,0.47,0.64,2025-03-13,1227,N20,nominal,2.0NRT,299.56,5.55,D
-6.74505,21.37126,340.63,0.51,0.49,2025-03-13,1227,N20,nominal,2.0NRT,295.19,6.18,D
-6.07522,25.22013,356.22,0.47,0.64,2025-03-13,1227,N20,nominal,2.0NRT,294.41,12.61,D
-6.07602,25.2156,354.66,0.47,0.64,2025-03-13,1227,N20,nominal,2.0NRT,296.68,10.7,D
-6.07679,25.21126,348.38,0.47,0.64,2025-03-13,1227,N20,nominal,2.0NRT,296.55,10.7,D
-6.0641,25.21422,346.93,0.47,0.64,2025-03-13,1227,N20,nominal,2.0NRT,295.39,13.36,D
-6.06489,25.20978,331.33,0.47,0.64,2025-03-13,1227,N20,nominal,2.0NRT,298.08,13.36,D
-6.0633,25.21872,356.32,0.47,0.64,2025-03-13,1227,N20,low,2.0NRT,287.35,22.82,D
-6.05736,25.21794,367,0.47,0.64,2025-03-13,1227,N20,high,2.0NRT,296.59,22.82,D
-6.05816,25.21343,354.87,0.47,0.64,2025-03-13,1227,N20,nominal,2.0NRT,297.92,13.36,D
-6.04842,25.23389,332,0.48,0.64,2025-03-13,1227,N20,nominal,2.0NRT,293.45,12.95,D
-6.04249,25.23298,355.61,0.48,0.64,2025-03-13,1227,N20,nominal,2.0NRT,299.33,12.95,D
-6.40015,23.12038,367,0.34,0.56,2025-03-13,1227,N20,high,2.0NRT,295.49,6.18,D
-6.29563,23.7136,337.38,0.37,0.58,2025-03-13,1227,N20,nominal,2.0NRT,296.6,2.63,D
-7.64476,15.50008,332.64,0.39,0.36,2025-03-13,1227,N20,nominal,2.0NRT,296.75,4,D
-6.39762,23.12078,367,0.34,0.56,2025-03-13,1227,N20,high,2.0NRT,294.55,6.54,D
-6.29746,23.71569,330.64,0.37,0.58,2025-03-13,1227,N20,nominal,2.0NRT,296.09,3.36,D
-6.41443,23.02053,330.76,0.33,0.55,2025-03-13,1227,N20,nominal,2.0NRT,296.82,2.88,D
-7.58553,15.64465,330.34,0.39,0.36,2025-03-13,1227,N20,nominal,2.0NRT,295.27,1.26,D
-6.43471,22.77654,332.16,0.32,0.54,2025-03-13,1227,N20,nominal,2.0NRT,292.51,1.22,D
-6.11165,24.63727,331.25,0.43,0.62,2025-03-13,1227,N20,nominal,2.0NRT,291.83,3.77,D
-6.37826,23.07971,334.09,0.33,0.56,2025-03-13,1227,N20,nominal,2.0NRT,294.88,5.7,D
-6.10529,24.64021,331.67,0.43,0.62,2025-03-13,1227,N20,nominal,2.0NRT,294.53,4.33,D
-6.67291,21.29461,332.04,0.5,0.49,2025-03-13,1227,N20,nominal,2.0NRT,295.46,3.71,D
-6.02824,25.04943,367,0.46,0.64,2025-03-13,1227,N20,high,2.0NRT,295.73,9.7,D
-6.18722,23.97067,338.17,0.39,0.59,2025-03-13,1227,N20,nominal,2.0NRT,294.72,3.18,D
-6.17698,23.99724,332.99,0.39,0.59,2025-03-13,1227,N20,nominal,2.0NRT,295.16,4.46,D
-6.33542,23.05397,335.85,0.33,0.56,2025-03-13,1227,N20,nominal,2.0NRT,294.89,4.56,D
-6.37673,22.81461,331.93,0.32,0.55,2025-03-13,1227,N20,nominal,2.0NRT,294.66,1.27,D
-6.33346,23.03497,347.48,0.33,0.55,2025-03-13,1227,N20,nominal,2.0NRT,295.63,7.07,D
-6.32837,23.03412,367,0.33,0.55,2025-03-13,1227,N20,high,2.0NRT,295.59,11.25,D
-6.15808,24.00906,333.12,0.39,0.59,2025-03-13,1227,N20,nominal,2.0NRT,294.86,2.43,D
-6.32889,23.03109,351.19,0.33,0.55,2025-03-13,1227,N20,nominal,2.0NRT,295.59,7.18,D
-6.49717,22.05499,332.67,0.57,0.52,2025-03-13,1227,N20,nominal,2.0NRT,295.43,3.68,D
-6.04562,24.61328,337.45,0.43,0.62,2025-03-13,1227,N20,nominal,2.0NRT,295.32,4.12,D
-6.15195,24.01197,330.25,0.39,0.59,2025-03-13,1227,N20,nominal,2.0NRT,295.16,2.43,D
-6.29225,23.15071,331.37,0.34,0.56,2025-03-13,1227,N20,nominal,2.0NRT,292.38,3.25,D
-6.3479,22.74345,330.76,0.64,0.54,2025-03-13,1227,N20,nominal,2.0NRT,294.17,2.87,D
-5.99298,24.71057,334.84,0.44,0.62,2025-03-13,1227,N20,nominal,2.0NRT,295.77,5.03,D
-6.5993,21.22448,334.76,0.5,0.49,2025-03-13,1227,N20,nominal,2.0NRT,293.64,3.41,D
-6.58518,21.28234,338.35,0.5,0.49,2025-03-13,1227,N20,nominal,2.0NRT,294.29,4.32,D
-6.5874,21.21287,331.72,0.5,0.49,2025-03-13,1227,N20,nominal,2.0NRT,294.65,3.26,D
-5.99143,24.71075,337.57,0.44,0.62,2025-03-13,1227,N20,nominal,2.0NRT,294.98,4.52,D
-6.32804,22.73822,338.14,0.64,0.54,2025-03-13,1227,N20,nominal,2.0NRT,295.84,7.95,D
-6.26525,23.04772,333.04,0.33,0.56,2025-03-13,1227,N20,nominal,2.0NRT,291.79,2.37,D
-6.14105,23.74285,339.37,0.37,0.58,2025-03-13,1227,N20,nominal,2.0NRT,294.39,3.88,D
-6.30255,22.7976,343.17,0.32,0.55,2025-03-13,1227,N20,nominal,2.0NRT,292.45,4.48,D
-6.30304,22.79474,330.65,0.32,0.55,2025-03-13,1227,N20,nominal,2.0NRT,295.92,4.06,D
-6.29848,22.79119,339.86,0.32,0.55,2025-03-13,1227,N20,nominal,2.0NRT,291.92,4.06,D
-6.07709,23.98411,330.55,0.39,0.59,2025-03-13,1227,N20,nominal,2.0NRT,295.12,2.86,D
-6.28396,22.78565,336.91,0.32,0.55,2025-03-13,1227,N20,nominal,2.0NRT,294.53,4.49,D
-6.38051,22.16189,330.18,0.58,0.52,2025-03-13,1227,N20,nominal,2.0NRT,295.18,5.76,D
-6.59019,20.89533,332.35,0.47,0.48,2025-03-13,1227,N20,nominal,2.0NRT,296.08,4.43,D
-6.1872,23.22499,330.83,0.34,0.56,2025-03-13,1227,N20,nominal,2.0NRT,292.6,2.63,D
-6.0608,23.91714,332.04,0.39,0.59,2025-03-13,1227,N20,nominal,2.0NRT,294.39,2.82,D
-7.54665,14.85437,331.58,0.38,0.36,2025-03-13,1227,N20,nominal,2.0NRT,296.24,3.46,D
-6.18925,23.09167,330.81,0.34,0.56,2025-03-13,1227,N20,nominal,2.0NRT,292.74,0.93,D
-6.25001,22.71408,339.62,0.63,0.54,2025-03-13,1227,N20,nominal,2.0NRT,296.19,7.41,D
-6.32578,22.31784,335.01,0.6,0.53,2025-03-13,1227,N20,nominal,2.0NRT,296.95,8.22,D
-6.55372,20.92546,332.81,0.48,0.48,2025-03-13,1227,N20,nominal,2.0NRT,294.91,3,D
-6.24947,22.71711,340.51,0.64,0.54,2025-03-13,1227,N20,nominal,2.0NRT,295.44,10.85,D
-5.94684,24.48148,330.9,0.42,0.61,2025-03-13,1227,N20,nominal,2.0NRT,293.87,4.31,D
-7.03523,17.83591,346.13,0.46,0.39,2025-03-13,1227,N20,nominal,2.0NRT,296.55,7.75,D
-7.03589,17.83171,333.97,0.46,0.39,2025-03-13,1227,N20,nominal,2.0NRT,296.27,7.75,D
-6.12709,23.38475,330.71,0.35,0.57,2025-03-13,1227,N20,nominal,2.0NRT,293.39,1.47,D
-6.14585,23.21023,331.47,0.34,0.56,2025-03-13,1227,N20,nominal,2.0NRT,294.49,2.06,D
-6.98844,18.01468,337.45,0.47,0.4,2025-03-13,1227,N20,nominal,2.0NRT,297.89,4.98,D
-6.80283,19.1263,349.46,0.55,0.42,2025-03-13,1227,N20,nominal,2.0NRT,302.92,39.07,D
-7.39715,15.34583,346.38,0.39,0.36,2025-03-13,1227,N20,nominal,2.0NRT,295.14,4.91,D
-5.99239,23.94932,341.65,0.39,0.59,2025-03-13,1227,N20,nominal,2.0NRT,293.99,5.18,D
-7.01396,17.7604,337.31,0.46,0.39,2025-03-13,1227,N20,nominal,2.0NRT,300.7,4.97,D
-7.3796,15.37171,341.99,0.39,0.36,2025-03-13,1227,N20,nominal,2.0NRT,297.33,5.42,D
-5.79048,24.97473,338.17,0.46,0.64,2025-03-13,1227,N20,nominal,2.0NRT,295.37,4.58,D
-6.99989,17.77935,331.74,0.46,0.39,2025-03-13,1227,N20,nominal,2.0NRT,300.26,2.88,D
-5.78462,24.97388,334.88,0.46,0.64,2025-03-13,1227,N20,nominal,2.0NRT,296.34,5.28,D
-5.96997,23.91712,346.75,0.39,0.59,2025-03-13,1227,N20,nominal,2.0NRT,294.9,4.11,D
-6.48339,20.91377,342.23,0.48,0.48,2025-03-13,1227,N20,nominal,2.0NRT,294.26,3.97,D
-5.76327,25.0605,335.85,0.47,0.64,2025-03-13,1227,N20,nominal,2.0NRT,293.87,6.88,D
-6.98738,17.81143,341,0.46,0.39,2025-03-13,1227,N20,nominal,2.0NRT,302.67,9.41,D
-5.75737,25.05965,336.23,0.47,0.64,2025-03-13,1227,N20,nominal,2.0NRT,292.9,10.37,D
-6.77012,19.13103,339.36,0.55,0.42,2025-03-13,1227,N20,nominal,2.0NRT,298.82,7.48,D
-6.98378,17.81088,338.32,0.46,0.39,2025-03-13,1227,N20,nominal,2.0NRT,303.72,5.31,D
-6.98445,17.80668,333.69,0.46,0.39,2025-03-13,1227,N20,nominal,2.0NRT,302.1,5.31,D
-5.83778,24.53917,332.97,0.43,0.62,2025-03-13,1227,N20,nominal,2.0NRT,294.39,2.64,D
-6.51261,20.63299,333.13,0.46,0.47,2025-03-13,1227,N20,nominal,2.0NRT,295.46,4.16,D
-7.45215,14.73986,338.28,0.38,0.36,2025-03-13,1227,N20,nominal,2.0NRT,296.84,3.12,D
-6.13631,22.77678,367,0.32,0.55,2025-03-13,1227,N20,high,2.0NRT,293.8,9.44,D
-6.9347,18.02366,332.83,0.47,0.4,2025-03-13,1227,N20,nominal,2.0NRT,297.16,3.25,D
-6.97271,17.78779,339.47,0.46,0.39,2025-03-13,1227,N20,nominal,2.0NRT,296.44,4.59,D
-6.13533,22.75276,332.86,0.32,0.55,2025-03-13,1227,N20,nominal,2.0NRT,293.18,1.91,D
-6.96911,17.78721,340.51,0.46,0.39,2025-03-13,1227,N20,nominal,2.0NRT,301.8,4.59,D
-6.93569,17.97134,352.46,0.47,0.4,2025-03-13,1227,N20,nominal,2.0NRT,295.28,8.18,D
-6.96551,17.78667,346.07,0.46,0.39,2025-03-13,1227,N20,nominal,2.0NRT,298.25,6.47,D
-6.96325,17.77777,333.22,0.46,0.39,2025-03-13,1227,N20,nominal,2.0NRT,297.9,4.08,D
-6.95538,17.78085,347.4,0.46,0.39,2025-03-13,1227,N20,nominal,2.0NRT,301.24,8.44,D
-6.95363,17.78144,340.49,0.46,0.39,2025-03-13,1227,N20,nominal,2.0NRT,298.91,5.46,D
-7.31967,15.40862,330.31,0.39,0.36,2025-03-13,1227,N20,nominal,2.0NRT,296.68,2.65,D
-6.1354,22.75395,337.39,0.32,0.55,2025-03-13,1227,N20,nominal,2.0NRT,293.66,2.34,D
-6.13231,22.74155,333.83,0.32,0.55,2025-03-13,1227,N20,nominal,2.0NRT,294.24,2.96,D
-5.73065,25.08284,342.95,0.47,0.64,2025-03-13,1227,N20,nominal,2.0NRT,288.11,3.38,D
-7.31827,15.26206,337.39,0.39,0.36,2025-03-13,1227,N20,nominal,2.0NRT,296.72,6.23,D
-7.3188,15.25857,337.38,0.39,0.36,2025-03-13,1227,N20,nominal,2.0NRT,297.8,6.48,D
-6.11097,22.77658,367,0.32,0.55,2025-03-13,1227,N20,high,2.0NRT,296.03,7.74,D
-6.57549,19.96207,345.35,0.41,0.45,2025-03-13,1227,N20,nominal,2.0NRT,296.6,6.64,D
-6.92743,17.76044,334.55,0.46,0.39,2025-03-13,1227,N20,nominal,2.0NRT,297.66,1.84,D
-6.92383,17.75988,332.98,0.46,0.39,2025-03-13,1227,N20,nominal,2.0NRT,298.29,1.84,D
-6.447,20.69619,330.38,0.46,0.47,2025-03-13,1227,N20,nominal,2.0NRT,297.47,4.1,D
-6.69081,19.19756,329.63,0.55,0.43,2025-03-13,1227,N20,nominal,2.0NRT,295.59,3.47,D
-6.88505,17.98171,336.21,0.47,0.4,2025-03-13,1227,N20,nominal,2.0NRT,300.57,3.6,D
-5.95397,23.60965,332.33,0.37,0.58,2025-03-13,1227,N20,nominal,2.0NRT,295.76,2.09,D
-6.08732,22.76368,341.46,0.32,0.55,2025-03-13,1227,N20,nominal,2.0NRT,293.64,4.17,D
-6.90616,17.77832,336.43,0.46,0.39,2025-03-13,1227,N20,nominal,2.0NRT,296.19,5.7,D
-6.90943,17.75768,331.8,0.46,0.39,2025-03-13,1227,N20,nominal,2.0NRT,299.52,1.85,D
-5.97997,23.33084,330.62,0.35,0.57,2025-03-13,1227,N20,nominal,2.0NRT,296.87,1.81,D
-6.46924,20.42737,336.4,0.44,0.46,2025-03-13,1227,N20,nominal,2.0NRT,293.49,15.92,D
-6.46989,20.42342,330.43,0.44,0.46,2025-03-13,1227,N20,nominal,2.0NRT,297.88,21.39,D
-5.88574,23.84572,347.57,0.38,0.59,2025-03-13,1227,N20,nominal,2.0NRT,293.91,5.18,D
-6.10677,22.52904,334.94,0.62,0.54,2025-03-13,1227,N20,nominal,2.0NRT,295.35,6.41,D
-7.23136,15.58523,336.57,0.39,0.36,2025-03-13,1227,N20,nominal,2.0NRT,294.73,3.19,D
-5.67918,24.92796,343.98,0.46,0.63,2025-03-13,1227,N20,nominal,2.0NRT,296.07,6.05,D
-5.67992,24.92375,344.73,0.46,0.63,2025-03-13,1227,N20,nominal,2.0NRT,297.7,6.05,D
-5.67256,24.93143,329.88,0.46,0.64,2025-03-13,1227,N20,nominal,2.0NRT,296.95,3.58,D
-6.43088,20.49991,339.35,0.45,0.47,2025-03-13,1227,N20,nominal,2.0NRT,294.4,2.74,D
-6.28424,21.34331,332.24,0.51,0.49,2025-03-13,1227,N20,nominal,2.0NRT,293.14,5.32,D
-6.04553,22.70667,333.55,0.32,0.55,2025-03-13,1227,N20,nominal,2.0NRT,294.03,1.67,D
-6.87813,17.72288,330.16,0.46,0.39,2025-03-13,1227,N20,low,2.0NRT,304.38,3.6,D
-5.98289,23.00679,332.31,0.34,0.56,2025-03-13,1227,N20,nominal,2.0NRT,293.95,2.49,D
-5.64413,24.88877,354.25,0.46,0.63,2025-03-13,1227,N20,nominal,2.0NRT,294.68,8.92,D
-5.95296,23.14758,333.59,0.34,0.56,2025-03-13,1227,N20,nominal,2.0NRT,293.56,1.98,D
-7.19814,15.60167,332.3,0.39,0.36,2025-03-13,1227,N20,nominal,2.0NRT,296.6,53.1,D
-7.19426,15.60468,330.96,0.39,0.36,2025-03-13,1227,N20,nominal,2.0NRT,292.81,3.82,D
-7.20757,15.45226,338.1,0.39,0.36,2025-03-13,1227,N20,nominal,2.0NRT,296.06,3.58,D
-7.18046,15.56533,331.65,0.39,0.36,2025-03-13,1227,N20,nominal,2.0NRT,295.89,2.98,D
-7.19537,15.4455,332.19,0.39,0.36,2025-03-13,1227,N20,nominal,2.0NRT,296.03,1.82,D
-5.98565,23.00645,330.97,0.34,0.56,2025-03-13,1227,N20,nominal,2.0NRT,293.93,3.24,D
-5.86374,23.66948,336.1,0.37,0.58,2025-03-13,1227,N20,nominal,2.0NRT,293.52,2.65,D
-6.8836,17.39546,331.43,0.44,0.39,2025-03-13,1227,N20,nominal,2.0NRT,295.74,3.47,D
-5.68326,24.69875,335.7,0.44,0.63,2025-03-13,1227,N20,nominal,2.0NRT,294.32,3.22,D
-5.94965,23.12696,346.56,0.34,0.56,2025-03-13,1227,N20,nominal,2.0NRT,291.07,2.85,D
-5.64446,24.89041,367,0.46,0.63,2025-03-13,1227,N20,high,2.0NRT,293.5,8.22,D
-7.15726,15.58327,331.03,0.39,0.36,2025-03-13,1227,N20,nominal,2.0NRT,295.98,5.14,D
-7.15555,15.57223,335.21,0.39,0.36,2025-03-13,1227,N20,nominal,2.0NRT,291.92,1.83,D
-7.15222,15.57172,338.37,0.39,0.36,2025-03-13,1227,N20,nominal,2.0NRT,296.12,6.39,D
-5.85119,23.58143,332.7,0.37,0.58,2025-03-13,1227,N20,nominal,2.0NRT,296.29,2.45,D
-5.58849,25.03992,335.59,0.47,0.64,2025-03-13,1227,N20,nominal,2.0NRT,294.59,4.34,D
-5.58923,25.03564,331.59,0.47,0.64,2025-03-13,1227,N20,nominal,2.0NRT,295.23,4.34,D
-5.66407,24.60457,343.28,0.44,0.62,2025-03-13,1227,N20,nominal,2.0NRT,294.85,6.55,D
-6.3112,20.75536,330.19,0.47,0.48,2025-03-13,1227,N20,nominal,2.0NRT,297.29,1.87,D
-6.58073,19.08418,337.2,0.55,0.42,2025-03-13,1227,N20,nominal,2.0NRT,296.05,13.25,D
-5.45231,25.71085,332.08,0.52,0.67,2025-03-13,1227,N20,nominal,2.0NRT,292.31,13.42,D
-5.45477,25.6969,343.32,0.52,0.67,2025-03-13,1227,N20,nominal,2.0NRT,294.4,12.06,D
-5.62665,24.71787,333.94,0.45,0.63,2025-03-13,1227,N20,nominal,2.0NRT,293.81,3.84,D
-6.57684,19.08356,346.35,0.55,0.42,2025-03-13,1227,N20,nominal,2.0NRT,296.55,10.75,D
-7.12413,15.62135,330.29,0.39,0.36,2025-03-13,1227,N20,nominal,2.0NRT,294.65,1.78,D
-7.12233,15.58868,333.12,0.39,0.36,2025-03-13,1227,N20,nominal,2.0NRT,294.21,2.26,D
-5.80887,23.57255,335.24,0.37,0.58,2025-03-13,1227,N20,nominal,2.0NRT,295.43,4.43,D
-7.12108,15.55252,343.07,0.39,0.36,2025-03-13,1227,N20,nominal,2.0NRT,297.19,11.25,D
-6.01187,22.30549,332.36,0.6,0.53,2025-03-13,1227,N20,nominal,2.0NRT,297.62,5.18,D
-6.55989,19.04067,334.45,0.54,0.42,2025-03-13,1227,N20,nominal,2.0NRT,297.93,5.96,D
-7.11875,15.52341,331.75,0.39,0.36,2025-03-13,1227,N20,nominal,2.0NRT,295.87,2,D
-6.5568,19.03519,337.89,0.54,0.42,2025-03-13,1227,N20,nominal,2.0NRT,299.26,7.12,D
-6.83808,17.29418,334.86,0.44,0.38,2025-03-13,1227,N20,nominal,2.0NRT,296.72,4.93,D
-6.3073,20.51238,331.82,0.45,0.47,2025-03-13,1227,N20,nominal,2.0NRT,296.09,3.17,D
-5.69202,24.04875,340.92,0.4,0.6,2025-03-13,1227,N20,nominal,2.0NRT,292.45,5.67,D
-5.57408,24.67992,367,0.44,0.63,2025-03-13,1227,N20,high,2.0NRT,296.88,7.97,D
-6.20178,21.08295,339.81,0.49,0.49,2025-03-13,1227,N20,nominal,2.0NRT,294.75,3.57,D
-5.56755,24.6833,339.74,0.44,0.63,2025-03-13,1227,N20,nominal,2.0NRT,295.62,9.25,D
-5.56829,24.6792,330.28,0.44,0.63,2025-03-13,1227,N20,nominal,2.0NRT,295.54,7.97,D
-6.82524,17.28414,331.59,0.44,0.38,2025-03-13,1227,N20,nominal,2.0NRT,295.76,2.51,D
-7.10048,15.53138,331.87,0.39,0.36,2025-03-13,1227,N20,nominal,2.0NRT,295.18,10.06,D
-6.82173,17.28355,332.36,0.44,0.38,2025-03-13,1227,N20,nominal,2.0NRT,295.76,5.27,D
-6.6955,18.04379,351.64,0.48,0.4,2025-03-13,1227,N20,nominal,2.0NRT,296.25,7.47,D
-6.81433,17.26216,333.05,0.44,0.38,2025-03-13,1227,N20,nominal,2.0NRT,297.55,5.5,D
-6.81496,17.25822,331.17,0.44,0.38,2025-03-13,1227,N20,nominal,2.0NRT,298.72,5.5,D
-6.69549,18.04502,345.26,0.48,0.4,2025-03-13,1227,N20,nominal,2.0NRT,294.73,10.32,D
-6.81789,17.25916,332.62,0.44,0.38,2025-03-13,1227,N20,nominal,2.0NRT,297.21,5.94,D
-6.81437,17.25864,334.3,0.44,0.38,2025-03-13,1227,N20,nominal,2.0NRT,299.29,5.94,D
-6.20335,21.08461,339.44,0.49,0.49,2025-03-13,1227,N20,nominal,2.0NRT,295.48,4.19,D
-5.94728,22.61881,330.56,0.63,0.54,2025-03-13,1227,N20,nominal,2.0NRT,295.2,3.63,D
-6.80152,17.24859,330.69,0.44,0.38,2025-03-13,1227,N20,nominal,2.0NRT,297.06,2.15,D
-5.69202,24.04865,341.16,0.4,0.6,2025-03-13,1227,N20,nominal,2.0NRT,292.99,6.14,D
-6.28018,20.50039,342.64,0.45,0.47,2025-03-13,1227,N20,nominal,2.0NRT,297.45,6.45,D
-5.57299,24.68048,355.98,0.44,0.63,2025-03-13,1227,N20,nominal,2.0NRT,296.59,5.98,D
-5.57367,24.67649,334.33,0.44,0.63,2025-03-13,1227,N20,nominal,2.0NRT,296.33,5.98,D
-5.84438,23.07986,346.33,0.34,0.56,2025-03-13,1227,N20,nominal,2.0NRT,296.07,3.57,D
-6.26901,20.51489,352.15,0.45,0.47,2025-03-13,1227,N20,nominal,2.0NRT,294.74,9.76,D
-6.64563,18.17048,332.88,0.49,0.4,2025-03-13,1227,N20,nominal,2.0NRT,298.67,3.21,D
-5.56649,24.68386,330.3,0.44,0.63,2025-03-13,1227,N20,nominal,2.0NRT,295.3,7.88,D
-5.56719,24.67976,332.06,0.44,0.63,2025-03-13,1227,N20,nominal,2.0NRT,293.59,5.98,D
-7.05106,15.545,344.88,0.39,0.36,2025-03-13,1227,N20,nominal,2.0NRT,296.78,6.58,D
-7.04988,15.53045,332.71,0.39,0.36,2025-03-13,1227,N20,nominal,2.0NRT,296.64,3.85,D
-7.05096,15.52345,332.01,0.39,0.36,2025-03-13,1227,N20,nominal,2.0NRT,294.76,2.54,D
-6.67681,17.90247,330.59,0.47,0.4,2025-03-13,1227,N20,nominal,2.0NRT,296.92,2.35,D
-7.04655,15.52994,333.14,0.39,0.36,2025-03-13,1227,N20,nominal,2.0NRT,296.26,3.85,D
-5.8869,22.67273,330.71,0.32,0.55,2025-03-13,1227,N20,nominal,2.0NRT,293.96,1.83,D
-5.47274,25.05285,331.86,0.47,0.64,2025-03-13,1227,N20,nominal,2.0NRT,293.53,5.63,D
-6.24582,20.49498,350.42,0.45,0.47,2025-03-13,1227,N20,nominal,2.0NRT,296.77,13.34,D
-5.49127,24.91178,339.84,0.46,0.64,2025-03-13,1227,N20,nominal,2.0NRT,294.35,4.81,D
-6.46579,19.09882,352.03,0.55,0.43,2025-03-13,1227,N20,nominal,2.0NRT,295.25,26.16,D
-5.47734,24.92259,352.93,0.46,0.64,2025-03-13,1227,N20,nominal,2.0NRT,294.58,7.57,D
-6.46189,19.0982,332.31,0.55,0.43,2025-03-13,1227,N20,nominal,2.0NRT,294.18,26.16,D
-7.23161,14.17853,332.49,0.39,0.36,2025-03-13,1227,N20,nominal,2.0NRT,295.28,13.18,D
-5.46779,24.94271,346.86,0.46,0.64,2025-03-13,1227,N20,nominal,2.0NRT,296.02,7.79,D
-5.55871,24.42334,342.17,0.43,0.62,2025-03-13,1227,N20,nominal,2.0NRT,294.67,4.97,D
-5.9161,22.35056,342.19,0.61,0.53,2025-03-13,1227,N20,nominal,2.0NRT,297.48,12.65,D
-6.67749,17.73477,330.05,0.46,0.39,2025-03-13,1227,N20,nominal,2.0NRT,298.57,2.08,D
-5.52077,24.57313,342.03,0.44,0.62,2025-03-13,1227,N20,nominal,2.0NRT,295.14,4.57,D
-5.97439,21.89239,334.64,0.56,0.52,2025-03-13,1227,N20,nominal,2.0NRT,291.71,5.45,D
-7.00065,15.56245,331.77,0.39,0.36,2025-03-13,1227,N20,nominal,2.0NRT,297.63,3.74,D
-6.21311,20.42724,330.28,0.45,0.47,2025-03-13,1227,N20,nominal,2.0NRT,294.04,3.06,D
-5.4766,24.65605,367,0.44,0.63,2025-03-13,1227,N20,high,2.0NRT,295.71,8.8,D
-5.4773,24.65213,342.08,0.44,0.63,2025-03-13,1227,N20,nominal,2.0NRT,295.9,8.8,D
-5.5691,24.13424,330.5,0.41,0.6,2025-03-13,1227,N20,nominal,2.0NRT,291.65,3.51,D
-5.56973,24.13067,333.87,0.41,0.6,2025-03-13,1227,N20,nominal,2.0NRT,293.7,3.51,D
-6.99453,15.55791,331.18,0.39,0.36,2025-03-13,1227,N20,nominal,2.0NRT,295.75,3,D
-6.977,15.6492,333.35,0.39,0.36,2025-03-13,1227,N20,nominal,2.0NRT,299.53,14.65,D
-6.05149,21.27404,337.62,0.51,0.49,2025-03-13,1227,N20,nominal,2.0NRT,292.62,5.16,D
-5.43909,24.97779,331.8,0.47,0.64,2025-03-13,1227,N20,nominal,2.0NRT,293.96,6.89,D
-6.05047,21.27504,335.66,0.51,0.49,2025-03-13,1227,N20,nominal,2.0NRT,294.76,4.36,D
-5.57033,24.13329,341.76,0.41,0.6,2025-03-13,1227,N20,nominal,2.0NRT,292.36,6.21,D
-5.47595,24.65538,356.17,0.44,0.63,2025-03-13,1227,N20,nominal,2.0NRT,295.94,8.44,D
-5.47662,24.65146,336.89,0.44,0.63,2025-03-13,1227,N20,nominal,2.0NRT,295.54,8.44,D
-6.4394,18.59129,332.1,0.51,0.41,2025-03-13,1227,N20,nominal,2.0NRT,297.9,4.83,D
-6.68947,16.95146,330.29,0.43,0.38,2025-03-13,1227,N20,nominal,2.0NRT,296.25,1.83,D
-5.45253,24.34962,367,0.42,0.61,2025-03-13,1227,N20,high,2.0NRT,298.05,8.23,D
-5.45185,24.35353,337.9,0.42,0.61,2025-03-13,1227,N20,nominal,2.0NRT,294.22,8.23,D
-6.91956,15.38436,332.83,0.39,0.36,2025-03-13,1227,N20,nominal,2.0NRT,297.42,2.08,D
-6.10713,20.41353,333.48,0.45,0.47,2025-03-13,1227,N20,nominal,2.0NRT,291.45,3.64,D
-6.40002,18.49979,349.74,0.51,0.41,2025-03-13,1227,N20,nominal,2.0NRT,298.31,17.24,D
-6.39625,18.4992,350.14,0.51,0.41,2025-03-13,1227,N20,nominal,2.0NRT,295.57,17.24,D
-6.54337,17.5958,337.64,0.46,0.39,2025-03-13,1227,N20,nominal,2.0NRT,298.43,6.48,D
-6.54405,17.59161,335.01,0.46,0.39,2025-03-13,1227,N20,nominal,2.0NRT,301.15,4.74,D
-6.54541,17.5926,340.67,0.46,0.39,2025-03-13,1227,N20,nominal,2.0NRT,300.87,7.47,D
-6.39938,18.50142,341.46,0.51,0.41,2025-03-13,1227,N20,nominal,2.0NRT,294.72,21.18,D
-6.4001,18.49684,340.32,0.51,0.41,2025-03-13,1227,N20,nominal,2.0NRT,299.64,21.18,D
-6.38691,18.43392,341.27,0.5,0.41,2025-03-13,1227,N20,nominal,2.0NRT,300.58,19.21,D
-6.38763,18.42935,344.52,0.5,0.41,2025-03-13,1227,N20,nominal,2.0NRT,304.05,19.21,D
-6.35607,18.60356,332.71,0.52,0.41,2025-03-13,1227,N20,nominal,2.0NRT,289.69,4.88,D
-6.35682,18.59888,339.97,0.52,0.41,2025-03-13,1227,N20,nominal,2.0NRT,292.91,8.6,D
-6.38315,18.43331,346.27,0.5,0.41,2025-03-13,1227,N20,nominal,2.0NRT,297.25,19.21,D
-6.38388,18.42874,350.55,0.5,0.41,2025-03-13,1227,N20,nominal,2.0NRT,298.2,19.21,D
-5.39819,24.30986,333.85,0.42,0.61,2025-03-13,1227,N20,nominal,2.0NRT,293.86,3.07,D
-6.57109,17.10403,335.06,0.43,0.38,2025-03-13,1227,N20,nominal,2.0NRT,304.14,4.52,D
-6.29375,18.79683,333.9,0.53,0.42,2025-03-13,1227,N20,nominal,2.0NRT,287.53,19.68,D
-6.49428,17.5214,330.53,0.45,0.39,2025-03-13,1227,N20,nominal,2.0NRT,299.44,3.13,D
-6.68893,16.26103,331.41,0.41,0.37,2025-03-13,1227,N20,nominal,2.0NRT,296.38,2.28,D
-5.20392,25.15315,340.23,0.48,0.65,2025-03-13,1227,N20,nominal,2.0NRT,291.43,6.84,D
-6.43611,17.84009,330.73,0.47,0.4,2025-03-13,1227,N20,nominal,2.0NRT,301.61,4.3,D
-6.28074,18.75568,331.69,0.53,0.42,2025-03-13,1227,N20,nominal,2.0NRT,287.55,4.88,D
-5.25619,24.7538,336.19,0.45,0.63,2025-03-13,1227,N20,nominal,2.0NRT,293.43,3.67,D
-5.19888,25.00901,346.09,0.47,0.64,2025-03-13,1227,N20,nominal,2.0NRT,288.74,4.84,D
-6.32285,18.37774,342.78,0.5,0.41,2025-03-13,1227,N20,nominal,2.0NRT,298.93,9.55,D
-6.52493,17.10086,340.25,0.43,0.38,2025-03-13,1227,N20,nominal,2.0NRT,302.64,7.65,D
-6.30888,18.43696,336.2,0.51,0.41,2025-03-13,1227,N20,nominal,2.0NRT,298.37,7.02,D
-6.44767,17.47705,341.65,0.45,0.39,2025-03-13,1227,N20,nominal,2.0NRT,297.24,3.48,D
-5.19675,25.14291,334.36,0.48,0.65,2025-03-13,1227,N20,nominal,2.0NRT,292.71,5.74,D
-6.27346,18.56376,337.62,0.51,0.41,2025-03-13,1227,N20,nominal,2.0NRT,284.02,6.93,D
-5.2566,24.75345,337.89,0.46,0.63,2025-03-13,1227,N20,nominal,2.0NRT,293.67,3.83,D
-6.40488,17.47024,334.86,0.45,0.39,2025-03-13,1227,N20,nominal,2.0NRT,303.12,3.28,D
-6.40066,17.47378,343.96,0.45,0.39,2025-03-13,1227,N20,nominal,2.0NRT,305.45,24.98,D
-6.40131,17.46969,355.74,0.45,0.39,2025-03-13,1227,N20,nominal,2.0NRT,308.21,15.85,D
-6.39773,17.46917,343.77,0.45,0.39,2025-03-13,1227,N20,nominal,2.0NRT,309.18,15.85,D
-6.24833,18.35792,333.69,0.5,0.41,2025-03-13,1227,N20,nominal,2.0NRT,297.92,4.24,D
-5.22903,24.3645,334.29,0.43,0.62,2025-03-13,1227,N20,nominal,2.0NRT,293.41,8.16,D
-5.29115,23.97576,337.97,0.4,0.6,2025-03-13,1227,N20,nominal,2.0NRT,295,4.15,D
-6.80269,14.75046,335.26,0.38,0.36,2025-03-13,1227,N20,nominal,2.0NRT,294.38,2.77,D
-5.28566,23.97464,345.37,0.4,0.6,2025-03-13,1227,N20,nominal,2.0NRT,296.21,4.15,D
-5.77688,21.11588,345.98,0.5,0.49,2025-03-13,1227,N20,nominal,2.0NRT,298.82,12.26,D
-6.26972,18.08353,338.81,0.48,0.4,2025-03-13,1227,N20,nominal,2.0NRT,296.38,14.57,D
-5.13927,24.70654,352.67,0.45,0.63,2025-03-13,1227,N20,nominal,2.0NRT,292.73,10.15,D
-6.20361,18.46741,336.8,0.51,0.41,2025-03-13,1227,N20,nominal,2.0NRT,286.44,5.38,D
-6.19985,18.46678,342.5,0.51,0.41,2025-03-13,1227,N20,nominal,2.0NRT,288.59,5.38,D
-6.23448,18.25409,340.97,0.5,0.41,2025-03-13,1227,N20,nominal,2.0NRT,302.68,28.96,D
-6.47187,16.7737,330.63,0.42,0.38,2025-03-13,1227,N20,nominal,2.0NRT,300.47,2.77,D
-6.23075,18.25352,344.19,0.5,0.41,2025-03-13,1227,N20,nominal,2.0NRT,298.55,9.79,D
-6.23148,18.24904,338.63,0.5,0.41,2025-03-13,1227,N20,nominal,2.0NRT,300.77,9.79,D
-6.18703,18.45058,340.72,0.51,0.41,2025-03-13,1227,N20,nominal,2.0NRT,287.4,16.73,D
-6.2297,18.24955,336.02,0.5,0.41,2025-03-13,1227,N20,nominal,2.0NRT,299.08,4.45,D
-6.18724,18.44682,346.4,0.51,0.41,2025-03-13,1227,N20,nominal,2.0NRT,289.34,19.73,D
-5.28558,23.9764,339.3,0.4,0.6,2025-03-13,1227,N20,nominal,2.0NRT,295.14,4.56,D
-6.2285,18.13587,331.75,0.49,0.4,2025-03-13,1227,N20,nominal,2.0NRT,299.1,3.71,D
-6.65269,15.37732,337.71,0.39,0.36,2025-03-13,1227,N20,nominal,2.0NRT,295.87,3.48,D
-5.13878,24.70935,330.78,0.45,0.63,2025-03-13,1227,N20,nominal,2.0NRT,291.53,5.46,D
-5.13947,24.70527,341.06,0.45,0.63,2025-03-13,1227,N20,nominal,2.0NRT,292.59,5.46,D
-6.30582,17.57246,350.09,0.46,0.39,2025-03-13,1227,N20,nominal,2.0NRT,304.7,7.32,D
-6.20878,18.16463,333.69,0.49,0.4,2025-03-13,1227,N20,nominal,2.0NRT,299.41,3.57,D
-6.30222,17.57194,338.2,0.46,0.39,2025-03-13,1227,N20,nominal,2.0NRT,298.25,7.32,D
-6.30287,17.56779,339.44,0.46,0.39,2025-03-13,1227,N20,nominal,2.0NRT,305.22,7.32,D
-6.16276,18.38221,331.98,0.5,0.41,2025-03-13,1227,N20,nominal,2.0NRT,294.93,4.5,D
-5.13372,24.56499,339.44,0.44,0.63,2025-03-13,1227,N20,nominal,2.0NRT,293.65,4.19,D
-6.18107,18.21922,333.58,0.49,0.41,2025-03-13,1227,N20,nominal,2.0NRT,299.35,5.22,D
-6.1841,18.12881,338.16,0.49,0.4,2025-03-13,1227,N20,nominal,2.0NRT,300.54,8.27,D
-5.72422,20.86621,342.05,0.49,0.48,2025-03-13,1227,N20,nominal,2.0NRT,295.27,6.17,D
-6.266,17.54519,348.95,0.46,0.39,2025-03-13,1227,N20,nominal,2.0NRT,306.46,20.72,D
-6.26665,17.5411,337.92,0.46,0.39,2025-03-13,1227,N20,nominal,2.0NRT,306.3,4.09,D
-6.24062,17.68129,334.82,0.46,0.39,2025-03-13,1227,N20,nominal,2.0NRT,304.66,6.58,D
-6.15132,18.21446,332.91,0.49,0.41,2025-03-13,1227,N20,low,2.0NRT,303.98,3.03,D
-6.15561,18.18786,338.39,0.49,0.4,2025-03-13,1227,N20,nominal,2.0NRT,299.03,6.39,D
-5.01731,24.89008,337.86,0.47,0.64,2025-03-13,1227,N20,nominal,2.0NRT,290.54,5.04,D
-6.13387,18.29884,335.92,0.5,0.41,2025-03-13,1227,N20,nominal,2.0NRT,299.32,6.67,D
-6.14687,18.21843,330.88,0.49,0.41,2025-03-13,1227,N20,nominal,2.0NRT,297.66,2.17,D
-6.1476,18.21386,332.4,0.49,0.41,2025-03-13,1227,N20,low,2.0NRT,303.2,3.03,D
-5.07373,24.53589,340.33,0.44,0.63,2025-03-13,1227,N20,nominal,2.0NRT,293.42,5.09,D
-5.07437,24.53224,333.65,0.44,0.62,2025-03-13,1227,N20,nominal,2.0NRT,293.94,4.48,D
-5.69464,20.93355,333.41,0.49,0.49,2025-03-13,1227,N20,nominal,2.0NRT,296,6.35,D
-5.10605,24.31894,356.37,0.43,0.62,2025-03-13,1227,N20,nominal,2.0NRT,293.28,9.78,D
-5.10674,24.31501,350.17,0.43,0.62,2025-03-13,1227,N20,nominal,2.0NRT,294.62,9.78,D
-6.14015,18.21275,345.5,0.49,0.41,2025-03-13,1227,N20,nominal,2.0NRT,303.03,13.54,D
-5.10039,24.31799,356.33,0.43,0.62,2025-03-13,1227,N20,nominal,2.0NRT,297,24.49,D
-5.03059,24.67906,337.03,0.45,0.63,2025-03-13,1227,N20,nominal,2.0NRT,292.52,6.35,D
-6.12981,18.22945,346.3,0.5,0.41,2025-03-13,1227,N20,nominal,2.0NRT,297.78,5.54,D
-6.551,15.42205,331.86,0.39,0.36,2025-03-13,1227,N20,nominal,2.0NRT,292.33,3.94,D
-6.51534,15.63296,331.96,0.39,0.36,2025-03-13,1227,N20,nominal,2.0NRT,296.2,4.85,D
-6.512,15.63245,331.08,0.39,0.36,2025-03-13,1227,N20,low,2.0NRT,304.62,42.9,D
-5.01908,24.8901,342.25,0.47,0.64,2025-03-13,1227,N20,nominal,2.0NRT,290.7,6.77,D
-5.07295,24.5352,333.15,0.44,0.63,2025-03-13,1227,N20,nominal,2.0NRT,293.3,3.57,D
-5.07356,24.53157,332.73,0.44,0.63,2025-03-13,1227,N20,nominal,2.0NRT,293.52,3.74,D
-5.11008,24.31465,343.15,0.43,0.62,2025-03-13,1227,N20,nominal,2.0NRT,292.9,19.86,D
-5.10308,24.32163,352,0.43,0.62,2025-03-13,1227,N20,nominal,2.0NRT,291.89,19.8,D
-5.10375,24.31767,347.06,0.43,0.62,2025-03-13,1227,N20,nominal,2.0NRT,299.55,19.86,D
-5.0981,24.31666,345.63,0.43,0.62,2025-03-13,1227,N20,nominal,2.0NRT,293.84,4.99,D
-6.12671,18.02185,332.23,0.48,0.4,2025-03-13,1227,N20,nominal,2.0NRT,292.65,4.99,D
-5.03087,24.67857,338,0.45,0.63,2025-03-13,1227,N20,nominal,2.0NRT,292.73,7.79,D
-6.10778,18.11786,333.65,0.49,0.4,2025-03-13,1227,N20,nominal,2.0NRT,300.71,4.35,D
-5.03279,24.63223,367,0.45,0.63,2025-03-13,1227,N20,high,2.0NRT,295.01,24.01,D
-5.02501,24.6779,330.3,0.45,0.63,2025-03-13,1227,N20,nominal,2.0NRT,291,3.3,D
-5.03213,24.63615,340.04,0.45,0.63,2025-03-13,1227,N20,nominal,2.0NRT,290.43,11.65,D
-6.11866,18.02504,330.46,0.48,0.4,2025-03-13,1227,N20,nominal,2.0NRT,293.42,3.41,D
-5.0282,24.52041,346.18,0.44,0.63,2025-03-13,1227,N20,nominal,2.0NRT,295.88,11.29,D
-5.65906,20.77142,341.22,0.48,0.48,2025-03-13,1227,N20,nominal,2.0NRT,292.92,6.84,D
-5.02054,24.53057,346.47,0.44,0.63,2025-03-13,1227,N20,nominal,2.0NRT,293.36,7.01,D
-5.02121,24.5267,346.85,0.44,0.63,2025-03-13,1227,N20,nominal,2.0NRT,297.2,7.01,D
-6.47521,15.62686,336.85,0.39,0.36,2025-03-13,1227,N20,nominal,2.0NRT,298.38,10.85,D
-5.01411,24.5336,330.01,0.44,0.63,2025-03-13,1227,N20,nominal,2.0NRT,296.31,9.72,D
-5.01478,24.52969,346.5,0.44,0.63,2025-03-13,1227,N20,nominal,2.0NRT,296.79,8.72,D
-6.06557,18.21572,335.64,0.5,0.41,2025-03-13,1227,N20,nominal,2.0NRT,299.9,4.34,D
-6.51223,15.31934,332.9,0.39,0.36,2025-03-13,1227,N20,nominal,2.0NRT,291.85,2.72,D
-6.05135,18.20913,332.18,0.5,0.41,2025-03-13,1227,N20,nominal,2.0NRT,298.44,4.12,D
-4.94185,24.74343,344,0.46,0.63,2025-03-13,1227,N20,nominal,2.0NRT,293.55,11.15,D
-6.00735,18.43439,338.47,0.51,0.41,2025-03-13,1227,N20,nominal,2.0NRT,294.15,7.51,D
-4.9862,24.45645,330.59,0.44,0.62,2025-03-13,1227,N20,nominal,2.0NRT,293.51,4.05,D
-5.99957,18.31599,343.69,0.5,0.41,2025-03-13,1227,N20,nominal,2.0NRT,300.23,7.31,D
-6.14286,17.43011,345.88,0.45,0.39,2025-03-13,1227,N20,nominal,2.0NRT,299.39,6.93,D
-5.99582,18.31541,346.08,0.5,0.41,2025-03-13,1227,N20,nominal,2.0NRT,302.12,15.87,D
-5.99655,18.31091,340.12,0.5,0.41,2025-03-13,1227,N20,nominal,2.0NRT,306.35,6.26,D
-5.99727,18.30653,334.13,0.5,0.41,2025-03-13,1227,N20,nominal,2.0NRT,300.82,6.26,D
-6.1403,17.43045,333.49,0.45,0.39,2025-03-13,1227,N20,nominal,2.0NRT,297.77,4.12,D
-5.99838,18.31746,335.57,0.5,0.41,2025-03-13,1227,N20,nominal,2.0NRT,298.99,5.43,D
-5.9991,18.31291,342.53,0.5,0.41,2025-03-13,1227,N20,nominal,2.0NRT,304.56,6.7,D
-5.99979,18.30849,339.75,0.5,0.41,2025-03-13,1227,N20,nominal,2.0NRT,302.47,6.7,D
-5.99463,18.31688,334.28,0.5,0.41,2025-03-13,1227,N20,nominal,2.0NRT,299.6,7.93,D
-5.99535,18.31233,343.65,0.5,0.41,2025-03-13,1227,N20,nominal,2.0NRT,303.89,6.93,D
-5.99604,18.30791,333.6,0.5,0.41,2025-03-13,1227,N20,nominal,2.0NRT,301.47,6.93,D
-6.24273,16.72208,334.12,0.42,0.38,2025-03-13,1227,N20,nominal,2.0NRT,297.56,4.98,D
-4.94298,24.7404,342.35,0.46,0.64,2025-03-13,1227,N20,nominal,2.0NRT,293.09,11.73,D
-4.98464,24.45669,333.92,0.44,0.62,2025-03-13,1227,N20,nominal,2.0NRT,293.84,3.83,D
-4.92192,24.65259,336.23,0.45,0.63,2025-03-13,1227,N20,nominal,2.0NRT,290.99,5.43,D
-6.04979,17.77333,348.32,0.47,0.4,2025-03-13,1227,N20,nominal,2.0NRT,293.68,13.99,D
-6.3972,15.53864,331.16,0.39,0.36,2025-03-13,1227,N20,nominal,2.0NRT,295.49,3.08,D
-6.04616,17.77273,351.56,0.47,0.4,2025-03-13,1227,N20,nominal,2.0NRT,293.5,13.99,D
-6.04682,17.76853,331.61,0.47,0.4,2025-03-13,1227,N20,nominal,2.0NRT,297.34,13.99,D
-6.28872,16.19788,332.17,0.41,0.37,2025-03-13,1227,N20,nominal,2.0NRT,295.66,3.51,D
-4.94662,24.36918,367,0.43,0.62,2025-03-13,1227,N20,high,2.0NRT,294.22,8.76,D
-4.88382,24.73539,334.76,0.46,0.64,2025-03-13,1227,N20,nominal,2.0NRT,292.76,4.68,D
-6.37608,15.54263,331.62,0.39,0.36,2025-03-13,1227,N20,nominal,2.0NRT,295.33,17.92,D
-6.01458,17.80715,331.8,0.47,0.4,2025-03-13,1227,N20,nominal,2.0NRT,293.08,6.95,D
-6.01526,17.80289,331.7,0.47,0.4,2025-03-13,1227,N20,nominal,2.0NRT,293.67,4.47,D
-6.09042,17.30624,346.34,0.45,0.39,2025-03-13,1227,N20,nominal,2.0NRT,299.14,8.44,D
-6.36497,15.54817,333.82,0.39,0.36,2025-03-13,1227,N20,nominal,2.0NRT,293.36,3.08,D
-6.36552,15.54463,331.43,0.39,0.36,2025-03-13,1227,N20,nominal,2.0NRT,295.38,3.19,D
-4.84236,24.76649,367,0.46,0.64,2025-03-13,1227,N20,high,2.0NRT,294.39,7.92,D
-4.84162,24.77073,338.98,0.46,0.64,2025-03-13,1227,N20,nominal,2.0NRT,292.25,7.92,D
-4.83573,24.76995,355.97,0.46,0.64,2025-03-13,1227,N20,nominal,2.0NRT,293.13,7.92,D
-4.86996,24.57382,356.33,0.45,0.63,2025-03-13,1227,N20,nominal,2.0NRT,297.36,17.85,D
-4.86413,24.57317,350.54,0.45,0.63,2025-03-13,1227,N20,nominal,2.0NRT,296.37,9.22,D
-6.13097,16.93596,333.82,0.43,0.38,2025-03-13,1227,N20,nominal,2.0NRT,299.22,2.61,D
-6.13654,16.87809,332.88,0.43,0.38,2025-03-13,1227,N20,nominal,2.0NRT,297.32,2.16,D
-5.92654,18.05015,331.39,0.49,0.4,2025-03-13,1227,N20,nominal,2.0NRT,300.03,2.34,D
-6.31695,15.53289,330.54,0.39,0.36,2025-03-13,1227,N20,nominal,2.0NRT,300.1,18.27,D
-5.92415,18.05069,330.94,0.49,0.4,2025-03-13,1227,N20,nominal,2.0NRT,299.94,3.59,D
-4.86399,24.57258,342.1,0.45,0.63,2025-03-13,1227,N20,nominal,2.0NRT,295.77,7.94,D
-5.88193,18.29567,331.6,0.5,0.41,2025-03-13,1227,N20,nominal,2.0NRT,300.84,8.21,D
-5.96406,17.74759,345.12,0.47,0.4,2025-03-13,1227,N20,nominal,2.0NRT,290.32,7.16,D
-6.46336,14.43764,344.4,0.38,0.36,2025-03-13,1227,N20,nominal,2.0NRT,294.96,8.95,D
-6.0914,16.79239,344.53,0.43,0.38,2025-03-13,1227,N20,nominal,2.0NRT,301.97,6.87,D
-6.0043,17.32627,345.38,0.45,0.39,2025-03-13,1227,N20,nominal,2.0NRT,300.73,12.84,D
-5.9937,17.37045,334.99,0.45,0.39,2025-03-13,1227,N20,nominal,2.0NRT,299.49,5.66,D
-6.27469,15.54092,330.34,0.39,0.36,2025-03-13,1227,N20,nominal,2.0NRT,294.17,11.44,D
-5.41148,20.90503,340.78,0.49,0.49,2025-03-13,1227,N20,nominal,2.0NRT,294.61,4.4,D
-4.80509,24.3975,331.81,0.44,0.62,2025-03-13,1227,N20,nominal,2.0NRT,294.07,2.72,D
-4.79873,24.40022,367,0.44,0.62,2025-03-13,1227,N20,high,2.0NRT,296.23,33.59,D
-4.79942,24.39628,356.35,0.44,0.62,2025-03-13,1227,N20,nominal,2.0NRT,296.54,26.09,D
-4.77485,24.50374,330.11,0.45,0.63,2025-03-13,1227,N20,nominal,2.0NRT,291.49,2.66,D
-4.78802,24.39416,367,0.44,0.62,2025-03-13,1227,N20,high,2.0NRT,295.04,15.53,D
-4.78734,24.39806,333.11,0.44,0.62,2025-03-13,1227,N20,nominal,2.0NRT,293.36,9.26,D
-5.97923,17.23149,337.84,0.45,0.39,2025-03-13,1227,N20,nominal,2.0NRT,296.29,6.39,D
-5.97987,17.22748,333.71,0.44,0.39,2025-03-13,1227,N20,nominal,2.0NRT,296.24,6.39,D
-6.01751,16.98995,345.75,0.43,0.38,2025-03-13,1227,N20,nominal,2.0NRT,296.97,7.93,D
-5.3605,20.98968,339.92,0.5,0.49,2025-03-13,1227,N20,nominal,2.0NRT,294.5,4.46,D
-5.89427,17.74107,339.7,0.47,0.4,2025-03-13,1227,N20,nominal,2.0NRT,300.39,10.01,D
-5.89494,17.73687,344.29,0.47,0.4,2025-03-13,1227,N20,nominal,2.0NRT,300.22,10.01,D
-5.88994,17.74477,345.74,0.47,0.4,2025-03-13,1227,N20,nominal,2.0NRT,299.57,14.2,D
-5.89062,17.74055,347.62,0.47,0.4,2025-03-13,1227,N20,nominal,2.0NRT,302.56,10.01,D
-5.89129,17.73634,348.07,0.47,0.4,2025-03-13,1227,N20,nominal,2.0NRT,302.8,10.01,D
-5.8863,17.74425,344.72,0.47,0.4,2025-03-13,1227,N20,nominal,2.0NRT,301.02,24.71,D
-5.88698,17.74002,345.28,0.47,0.4,2025-03-13,1227,N20,nominal,2.0NRT,303.7,10.6,D
-5.74812,18.5561,331.05,0.52,0.42,2025-03-13,1227,N20,nominal,2.0NRT,289.89,4.99,D
-6.06862,16.42076,336.22,0.41,0.37,2025-03-13,1227,N20,nominal,2.0NRT,300.55,4.23,D
-4.78636,24.39445,367,0.44,0.62,2025-03-13,1227,N20,high,2.0NRT,295.54,9.22,D
-4.78703,24.39043,331.01,0.44,0.62,2025-03-13,1227,N20,nominal,2.0NRT,293.3,9.22,D
-5.82595,17.96045,332.55,0.48,0.4,2025-03-13,1227,N20,nominal,2.0NRT,299.68,4.56,D
-5.8385,17.85623,335.77,0.48,0.4,2025-03-13,1227,N20,nominal,2.0NRT,299.52,6.36,D
-5.83349,17.86424,330.63,0.48,0.4,2025-03-13,1227,N20,nominal,2.0NRT,297.95,2.83,D
-5.99149,16.85095,333.7,0.43,0.38,2025-03-13,1227,N20,nominal,2.0NRT,297.08,6.12,D
-4.51431,25.89986,327.44,0.56,0.69,2025-03-13,1227,N20,nominal,2.0NRT,288.48,3.57,D
-5.81695,17.94567,331.76,0.48,0.4,2025-03-13,1227,N20,nominal,2.0NRT,298.47,4.53,D
-4.5299,25.73255,331.2,0.55,0.68,2025-03-13,1227,N20,nominal,2.0NRT,288.54,4.69,D
-4.73782,24.47281,331.09,0.44,0.63,2025-03-13,1227,N20,nominal,2.0NRT,294.24,6.19,D
-4.7646,24.3144,354.39,0.43,0.62,2025-03-13,1227,N20,nominal,2.0NRT,294.83,9.06,D
-6.03019,16.48744,336.45,0.42,0.37,2025-03-13,1227,N20,nominal,2.0NRT,300.64,2.73,D
-4.92898,23.27152,330.95,0.36,0.58,2025-03-13,1227,N20,nominal,2.0NRT,293.46,2.52,D
-5.70309,18.54405,344.29,0.52,0.42,2025-03-13,1227,N20,nominal,2.0NRT,296.15,8.47,D
-4.73316,24.36146,367,0.44,0.62,2025-03-13,1227,N20,high,2.0NRT,294.13,10.84,D
-4.73381,24.35766,367,0.44,0.62,2025-03-13,1227,N20,high,2.0NRT,294.43,10.84,D
-4.73247,24.36547,344.67,0.44,0.62,2025-03-13,1227,N20,nominal,2.0NRT,293.2,9.69,D
-4.76093,24.19855,332.23,0.42,0.61,2025-03-13,1227,N20,nominal,2.0NRT,293.13,3.85,D
-6.01635,16.50854,330.02,0.42,0.37,2025-03-13,1227,N20,low,2.0NRT,300.39,2.56,D
-4.72675,24.36459,367,0.44,0.62,2025-03-13,1227,N20,high,2.0NRT,295.7,9.69,D
-4.71176,24.4522,337.62,0.44,0.63,2025-03-13,1227,N20,nominal,2.0NRT,293,4.3,D
-4.72606,24.36863,336.59,0.44,0.62,2025-03-13,1227,N20,nominal,2.0NRT,293.55,9.69,D
-4.72742,24.36065,335.47,0.44,0.62,2025-03-13,1227,N20,nominal,2.0NRT,296.5,10.84,D
-4.72807,24.35684,331.38,0.44,0.62,2025-03-13,1227,N20,nominal,2.0NRT,295.79,10.84,D
-5.94732,16.92781,339.26,0.43,0.38,2025-03-13,1227,N20,nominal,2.0NRT,301.12,7.2,D
-4.70527,24.45557,342,0.44,0.63,2025-03-13,1227,N20,nominal,2.0NRT,292.82,5.63,D
-6.03331,16.35447,337.98,0.41,0.37,2025-03-13,1227,N20,nominal,2.0NRT,298.06,5.63,D
-5.80813,17.76382,333.59,0.47,0.4,2025-03-13,1227,N20,nominal,2.0NRT,299.03,2.94,D
-5.87742,17.30317,345.94,0.45,0.39,2025-03-13,1227,N20,nominal,2.0NRT,303.79,9.63,D
-5.87807,17.29907,348.91,0.45,0.39,2025-03-13,1227,N20,nominal,2.0NRT,306,9.75,D
-6.00324,16.4797,340.1,0.42,0.37,2025-03-13,1227,N20,nominal,2.0NRT,300.09,4.66,D
-5.67636,18.51567,341.38,0.52,0.42,2025-03-13,1227,N20,nominal,2.0NRT,299.16,11.26,D
-5.67253,18.51517,348,0.52,0.42,2025-03-13,1227,N20,nominal,2.0NRT,302.37,11.26,D
-5.99402,16.49364,331.83,0.42,0.37,2025-03-13,1227,N20,nominal,2.0NRT,299.2,1.9,D
-5.99117,16.48937,337.21,0.42,0.37,2025-03-13,1227,N20,nominal,2.0NRT,300.3,3.85,D
-5.98832,16.4851,335.32,0.42,0.37,2025-03-13,1227,N20,nominal,2.0NRT,300.01,3.85,D
-4.67094,24.38116,336.39,0.44,0.62,2025-03-13,1227,N20,nominal,2.0NRT,293.26,6.15,D
-5.77873,17.7374,342.66,0.47,0.4,2025-03-13,1227,N20,nominal,2.0NRT,301.82,8.27,D
-6.13218,15.45008,334.91,0.39,0.36,2025-03-13,1227,N20,nominal,2.0NRT,296.25,7.8,D
-5.78053,17.63367,337.4,0.47,0.39,2025-03-13,1227,N20,nominal,2.0NRT,298.19,4.99,D
-5.77978,17.63345,334.27,0.47,0.39,2025-03-13,1227,N20,nominal,2.0NRT,297.83,4.73,D
-6.12829,15.36902,340.07,0.39,0.36,2025-03-13,1227,N20,nominal,2.0NRT,291.59,8.3,D
-5.79954,17.41148,342.56,0.46,0.39,2025-03-13,1227,N20,nominal,2.0NRT,304.49,8.23,D
-5.81228,17.32966,343.27,0.45,0.39,2025-03-13,1227,N20,nominal,2.0NRT,304.73,9.69,D
-4.66944,24.38243,333.19,0.44,0.62,2025-03-13,1227,N20,nominal,2.0NRT,291.45,4.14,D
-5.60824,18.60731,338.76,0.53,0.42,2025-03-13,1227,N20,nominal,2.0NRT,294.03,3.71,D
-5.79658,17.40693,333.85,0.46,0.39,2025-03-13,1227,N20,low,2.0NRT,304.25,5.53,D
-5.80935,17.32505,347.17,0.45,0.39,2025-03-13,1227,N20,nominal,2.0NRT,305.18,4.76,D
-5.93921,16.48823,336.55,0.42,0.37,2025-03-13,1227,N20,nominal,2.0NRT,303.69,10.41,D
-5.73546,17.77423,333.96,0.47,0.4,2025-03-13,1227,N20,nominal,2.0NRT,299.08,4.85,D
-5.80578,17.32451,335.94,0.45,0.39,2025-03-13,1227,N20,low,2.0NRT,306.17,4.76,D
-5.93462,16.49514,338.05,0.42,0.37,2025-03-13,1227,N20,nominal,2.0NRT,298.55,6.09,D
-5.93519,16.49142,338.93,0.42,0.37,2025-03-13,1227,N20,nominal,2.0NRT,303.38,6.09,D
-5.63228,18.40567,335.34,0.51,0.41,2025-03-13,1227,N20,nominal,2.0NRT,298.11,2.97,D
-5.73115,17.77781,332.66,0.48,0.4,2025-03-13,1227,N20,nominal,2.0NRT,297.07,6.85,D
-5.73181,17.7736,331.1,0.47,0.4,2025-03-13,1227,N20,nominal,2.0NRT,299,6.85,D
-5.93755,16.4534,334.62,0.42,0.37,2025-03-13,1227,N20,nominal,2.0NRT,300.29,8.34,D
-5.93813,16.44966,333.74,0.42,0.37,2025-03-13,1227,N20,nominal,2.0NRT,300.25,3.74,D
-5.9347,16.44914,336.57,0.42,0.37,2025-03-13,1227,N20,nominal,2.0NRT,300.75,3.74,D
-5.60862,18.50588,335.05,0.52,0.42,2025-03-13,1227,N20,nominal,2.0NRT,302.35,4.8,D
-5.77351,17.43704,334.5,0.46,0.39,2025-03-13,1227,N20,nominal,2.0NRT,298.74,5.41,D
-5.77417,17.43288,330.43,0.46,0.39,2025-03-13,1227,N20,low,2.0NRT,303.09,4.72,D
-4.42017,25.63721,328.74,0.54,0.68,2025-03-13,1227,N20,nominal,2.0NRT,284.94,8.47,D
-4.42101,25.63231,339.63,0.54,0.68,2025-03-13,1227,N20,nominal,2.0NRT,287.27,10.33,D
-5.59199,18.56124,331.42,0.53,0.42,2025-03-13,1227,N20,nominal,2.0NRT,298.51,5.28,D
-5.91214,16.52644,333.9,0.42,0.38,2025-03-13,1227,N20,nominal,2.0NRT,299.03,5.18,D
-4.00873,27.97024,332.89,0.79,0.78,2025-03-13,1227,N20,nominal,2.0NRT,286.61,6.64,D
-4.3827,25.74285,335.59,0.55,0.68,2025-03-13,1227,N20,nominal,2.0NRT,287.95,9.5,D
-4.38356,25.73792,343.08,0.55,0.68,2025-03-13,1227,N20,nominal,2.0NRT,289.28,14.92,D
-5.02616,21.95328,344.86,0.59,0.53,2025-03-13,1227,N20,nominal,2.0NRT,295.41,7.51,D
-4.37729,25.73686,328.39,0.55,0.68,2025-03-13,1227,N20,nominal,2.0NRT,288.32,4.87,D
-5.75687,17.42601,334.95,0.46,0.39,2025-03-13,1227,N20,nominal,2.0NRT,297.02,3.96,D
-5.90138,16.48233,341.64,0.42,0.37,2025-03-13,1227,N20,nominal,2.0NRT,302.52,5.53,D
-5.90197,16.47856,347.76,0.42,0.37,2025-03-13,1227,N20,nominal,2.0NRT,301.8,5.53,D
-5.89558,16.49691,340.63,0.42,0.37,2025-03-13,1227,N20,nominal,2.0NRT,299.66,2.47,D
-5.06907,21.5787,332.89,0.56,0.51,2025-03-13,1227,N20,nominal,2.0NRT,293.96,2.85,D
-5.89095,16.50394,339.74,0.42,0.38,2025-03-13,1227,N20,nominal,2.0NRT,298.01,4.47,D
-5.89214,16.49636,333.21,0.42,0.37,2025-03-13,1227,N20,nominal,2.0NRT,298.29,2.47,D
-5.89273,16.49257,330.55,0.42,0.37,2025-03-13,1227,N20,low,2.0NRT,302.98,2.47,D
-6.24887,14.15198,331.94,0.39,0.36,2025-03-13,1227,N20,nominal,2.0NRT,296.8,2.34,D
-5.55606,18.56504,332.23,0.53,0.42,2025-03-13,1229,N20,low,2.0NRT,303.35,6.51,D
-5.55683,18.56032,336.04,0.53,0.42,2025-03-13,1229,N20,nominal,2.0NRT,303.29,5.19,D
-5.67409,17.83036,332.28,0.48,0.4,2025-03-13,1229,N20,nominal,2.0NRT,297.56,2.64,D
-5.8544,16.69211,333.3,0.42,0.38,2025-03-13,1229,N20,nominal,2.0NRT,296.06,3.62,D
-5.56059,18.51276,335.08,0.52,0.42,2025-03-13,1229,N20,nominal,2.0NRT,301.55,7.67,D
-5.62817,18.06959,333.23,0.49,0.4,2025-03-13,1229,N20,nominal,2.0NRT,297.83,6.03,D
-5.62887,18.06527,330.2,0.49,0.4,2025-03-13,1229,N20,nominal,2.0NRT,299.15,5.36,D
-5.801,16.87235,333.2,0.43,0.38,2025-03-13,1229,N20,nominal,2.0NRT,299.4,3.28,D
-5.52775,18.49814,340.39,0.52,0.42,2025-03-13,1229,N20,nominal,2.0NRT,302.51,11.82,D
-5.71052,17.35636,332.53,0.45,0.39,2025-03-13,1229,N20,nominal,2.0NRT,299.84,4.77,D
-5.52912,18.49538,336.28,0.52,0.42,2025-03-13,1229,N20,nominal,2.0NRT,305.46,11.1,D
-5.68901,17.47128,334.35,0.46,0.39,2025-03-13,1229,N20,nominal,2.0NRT,300.49,2.99,D
-5.8395,16.40764,332.63,0.42,0.37,2025-03-13,1229,N20,nominal,2.0NRT,299.31,2.43,D
-6.17707,14.15498,334.9,0.38,0.36,2025-03-13,1229,N20,nominal,2.0NRT,296.38,2.68,D
-5.70281,17.2183,334.34,0.45,0.39,2025-03-13,1229,N20,nominal,2.0NRT,297.53,3.82,D
-5.59772,17.86415,330.61,0.48,0.4,2025-03-13,1229,N20,nominal,2.0NRT,296.89,1.57,D
-5.47741,18.59912,333.47,0.53,0.42,2025-03-13,1229,N20,nominal,2.0NRT,301.83,4.14,D
-5.62644,17.65811,331.5,0.47,0.4,2025-03-13,1229,N20,nominal,2.0NRT,299.81,3.3,D
-5.47355,18.59864,332.88,0.53,0.42,2025-03-13,1229,N20,nominal,2.0NRT,299.03,4.14,D
-5.66145,17.41214,333.94,0.46,0.39,2025-03-13,1229,N20,nominal,2.0NRT,302,3.18,D
-5.64188,17.44293,345.51,0.46,0.39,2025-03-13,1229,N20,nominal,2.0NRT,304.37,6.01,D
-4.74967,22.86552,348.22,0.34,0.56,2025-03-13,1229,N20,nominal,2.0NRT,292.09,4.59,D
-4.78454,22.56645,350.56,0.33,0.55,2025-03-13,1229,N20,nominal,2.0NRT,294.66,5.41,D
-4.96828,21.37415,330.66,0.54,0.51,2025-03-13,1229,N20,nominal,2.0NRT,296.3,3.82,D
-5.89465,15.45488,333.74,0.39,0.36,2025-03-13,1229,N20,nominal,2.0NRT,293.16,4.74,D
-4.75869,22.51169,334.89,0.33,0.55,2025-03-13,1229,N20,nominal,2.0NRT,291.52,1.36,D
-4.83264,21.999,337.03,0.6,0.53,2025-03-13,1229,N20,nominal,2.0NRT,293.95,6.91,D
-5.33261,18.87814,333.68,0.55,0.43,2025-03-13,1229,N20,nominal,2.0NRT,293.5,4.78,D
-4.70338,22.59435,339.89,0.33,0.55,2025-03-13,1229,N20,nominal,2.0NRT,294.62,2,D
-4.69377,22.62052,330.69,0.33,0.55,2025-03-13,1229,N20,nominal,2.0NRT,294.2,2.82,D
-4.70972,22.52534,336.51,0.33,0.55,2025-03-13,1229,N20,nominal,2.0NRT,294.29,2.33,D
-4.65411,22.79379,350.8,0.34,0.56,2025-03-13,1229,N20,nominal,2.0NRT,292.5,5.21,D
-4.66487,22.72995,352.73,0.34,0.56,2025-03-13,1229,N20,nominal,2.0NRT,291.73,8.26,D
-4.68807,22.59221,339.35,0.33,0.55,2025-03-13,1229,N20,nominal,2.0NRT,294.03,2.67,D
-4.6577,22.7412,331.42,0.34,0.56,2025-03-13,1229,N20,nominal,2.0NRT,293.08,2.93,D
-5.69083,16.34977,341.94,0.41,0.37,2025-03-13,1229,N20,nominal,2.0NRT,297.35,13.87,D
-4.60588,22.92109,342.11,0.35,0.57,2025-03-13,1229,N20,nominal,2.0NRT,292.64,3.99,D
-4.60642,22.91796,339.64,0.35,0.57,2025-03-13,1229,N20,nominal,2.0NRT,293.2,3.99,D
-5.80374,15.40133,330.96,0.39,0.36,2025-03-13,1229,N20,nominal,2.0NRT,295.46,2.3,D
-5.84703,15.01023,332.38,0.39,0.36,2025-03-13,1229,N20,nominal,2.0NRT,296.1,2.99,D
-4.6087,22.8332,336.3,0.34,0.56,2025-03-13,1229,N20,nominal,2.0NRT,292.57,2.97,D
-5.76651,15.49283,331.14,0.39,0.36,2025-03-13,1229,N20,nominal,2.0NRT,294.91,5.94,D
-4.81368,21.51356,333.78,0.56,0.51,2025-03-13,1229,N20,nominal,2.0NRT,291.67,2.83,D
-4.59113,22.84307,346.43,0.35,0.56,2025-03-13,1229,N20,nominal,2.0NRT,293.13,3.68,D
-4.57298,22.88848,332.03,0.35,0.57,2025-03-13,1229,N20,nominal,2.0NRT,293.84,1.42,D
-5.48883,17.19865,336.17,0.45,0.39,2025-03-13,1229,N20,nominal,2.0NRT,300.3,4.66,D
-4.80285,21.46157,332.78,0.55,0.51,2025-03-13,1229,N20,nominal,2.0NRT,296.28,7.39,D
-5.71244,15.66632,339.57,0.4,0.37,2025-03-13,1229,N20,nominal,2.0NRT,295.89,6.73,D
-4.79662,21.3246,339.1,0.54,0.51,2025-03-13,1229,N20,nominal,2.0NRT,294.5,5.29,D
-5.5466,16.64501,331.5,0.43,0.38,2025-03-13,1229,N20,nominal,2.0NRT,297.11,2.46,D
-5.15778,19.06475,333.69,0.57,0.43,2025-03-13,1229,N20,nominal,2.0NRT,300.58,8.17,D
-4.73467,21.61003,333.93,0.57,0.52,2025-03-13,1229,N20,nominal,2.0NRT,294.5,5.11,D
-4.73927,21.55343,342.19,0.56,0.51,2025-03-13,1229,N20,nominal,2.0NRT,293.48,6.02,D
-5.12863,19.1688,332.32,0.39,0.44,2025-03-13,1229,N20,nominal,2.0NRT,289.91,4.94,D
-5.12963,19.13748,351.45,0.38,0.43,2025-03-13,1229,N20,nominal,2.0NRT,296.05,5.1,D
-5.45914,17.08686,339.89,0.44,0.39,2025-03-13,1229,N20,nominal,2.0NRT,296.06,4.91,D
-5.61431,16.07653,333.01,0.41,0.37,2025-03-13,1229,N20,nominal,2.0NRT,296.07,3.77,D
-5.61488,16.07288,335.84,0.41,0.37,2025-03-13,1229,N20,nominal,2.0NRT,299.11,5.35,D
-5.51035,16.71717,334.37,0.43,0.38,2025-03-13,1229,N20,nominal,2.0NRT,297.88,3.93,D
-5.17028,18.7891,338.01,0.55,0.43,2025-03-13,1229,N20,nominal,2.0NRT,294.62,4.56,D
-5.52493,16.5794,332.67,0.42,0.38,2025-03-13,1229,N20,nominal,2.0NRT,296.26,2.62,D
-5.43699,17.11208,342.62,0.45,0.39,2025-03-13,1229,N20,nominal,2.0NRT,297.74,4.83,D
-5.52029,16.58637,341.52,0.42,0.38,2025-03-13,1229,N20,nominal,2.0NRT,298.25,31.52,D
-5.52206,16.5751,340.97,0.42,0.38,2025-03-13,1229,N20,nominal,2.0NRT,297.35,8.5,D
-4.70901,21.50282,331.56,0.56,0.51,2025-03-13,1229,N20,nominal,2.0NRT,295.75,4.47,D
-5.14295,18.88233,333.84,0.56,0.43,2025-03-13,1229,N20,nominal,2.0NRT,298.85,4.12,D
-5.11582,19.02258,336.73,0.57,0.43,2025-03-13,1229,N20,nominal,2.0NRT,297.6,6.3,D
-5.50915,16.55338,332.19,0.42,0.38,2025-03-13,1229,N20,nominal,2.0NRT,295.19,3.33,D
-5.50974,16.54956,331.29,0.42,0.38,2025-03-13,1229,N20,nominal,2.0NRT,296.4,3.33,D
-5.58597,16.05325,335.18,0.41,0.37,2025-03-13,1229,N20,nominal,2.0NRT,298.52,4.16,D
-5.14304,18.88445,333.45,0.56,0.43,2025-03-13,1229,N20,nominal,2.0NRT,298.62,5.61,D
-5.39464,17.27156,342.63,0.45,0.39,2025-03-13,1229,N20,nominal,2.0NRT,294.28,5.36,D
-5.11688,19.02499,332.81,0.57,0.43,2025-03-13,1229,N20,nominal,2.0NRT,297.06,8.34,D
-5.38734,17.29503,336.98,0.45,0.39,2025-03-13,1229,N20,nominal,2.0NRT,292.72,4.88,D
-5.43641,16.97838,331.97,0.44,0.38,2025-03-13,1229,N20,nominal,2.0NRT,295.56,2.55,D
-5.46981,16.76226,345.57,0.43,0.38,2025-03-13,1229,N20,nominal,2.0NRT,301.02,22.68,D
-5.17847,18.60822,337.93,0.54,0.42,2025-03-13,1229,N20,nominal,2.0NRT,295.67,4.78,D
-5.46633,16.76168,345.42,0.43,0.38,2025-03-13,1229,N20,nominal,2.0NRT,299.21,22.68,D
-5.46693,16.75778,337.05,0.43,0.38,2025-03-13,1229,N20,nominal,2.0NRT,296.08,7.56,D
-4.71284,21.5002,334.35,0.56,0.51,2025-03-13,1229,N20,nominal,2.0NRT,296.07,2.67,D
-4.97921,19.78747,339.93,0.42,0.45,2025-03-13,1229,N20,nominal,2.0NRT,293.96,6.28,D
-4.68072,21.60826,339.63,0.57,0.52,2025-03-13,1229,N20,nominal,2.0NRT,294.36,9.6,D
-5.47789,16.595,330.23,0.42,0.38,2025-03-13,1229,N20,nominal,2.0NRT,295.28,1.94,D
-5.345,17.28451,351.31,0.45,0.39,2025-03-13,1229,N20,nominal,2.0NRT,298.2,7.3,D
-5.11118,18.70681,331.36,0.54,0.42,2025-03-13,1229,N20,nominal,2.0NRT,299.48,7.28,D
-5.11195,18.70198,335.21,0.54,0.42,2025-03-13,1229,N20,nominal,2.0NRT,301.08,7.28,D
-5.45451,16.51745,340.92,0.42,0.38,2025-03-13,1229,N20,nominal,2.0NRT,294.22,4.13,D
-4.18359,24.16151,332.3,0.43,0.62,2025-03-13,1229,N20,nominal,2.0NRT,290.99,3.77,D
-5.08616,18.73821,331.12,0.55,0.42,2025-03-13,1229,N20,nominal,2.0NRT,295.65,1.8,D
-4.39677,22.85184,332.37,0.35,0.57,2025-03-13,1229,N20,nominal,2.0NRT,294.18,3.95,D
-4.12313,24.40898,332.37,0.45,0.63,2025-03-13,1229,N20,nominal,2.0NRT,285.42,4.48,D
-4.59607,21.64704,339.96,0.57,0.52,2025-03-13,1229,N20,nominal,2.0NRT,294.66,8.53,D
-4.5985,21.57477,341.22,0.56,0.52,2025-03-13,1229,N20,nominal,2.0NRT,295.18,6.17,D
-5.50853,15.90326,367,0.4,0.37,2025-03-13,1229,N20,high,2.0NRT,300.52,16.08,D
-5.39134,16.64813,335.04,0.43,0.38,2025-03-13,1229,N20,nominal,2.0NRT,295.65,6.29,D
-5.5091,15.89962,336.69,0.4,0.37,2025-03-13,1229,N20,nominal,2.0NRT,298.16,4.42,D
-5.50739,15.90233,367,0.4,0.37,2025-03-13,1229,N20,high,2.0NRT,300.51,14.23,D
-5.3931,16.64792,338.15,0.43,0.38,2025-03-13,1229,N20,nominal,2.0NRT,296.41,7.18,D
-5.51117,15.83243,344.67,0.4,0.37,2025-03-13,1229,N20,nominal,2.0NRT,295.47,6.48,D
-4.59633,21.64339,339.8,0.57,0.52,2025-03-13,1229,N20,nominal,2.0NRT,294.82,8.5,D
-5.38322,16.64276,337.71,0.43,0.38,2025-03-13,1229,N20,nominal,2.0NRT,294.12,9.46,D
-5.49836,15.89347,333.02,0.4,0.37,2025-03-13,1229,N20,nominal,2.0NRT,297.58,2.42,D
-4.60216,21.57681,341.02,0.57,0.52,2025-03-13,1229,N20,nominal,2.0NRT,295.92,9.26,D
-5.38034,16.63831,332.86,0.43,0.38,2025-03-13,1229,N20,nominal,2.0NRT,298.65,27.46,D
-5.38093,16.63452,331.59,0.43,0.38,2025-03-13,1229,N20,nominal,2.0NRT,294.65,11.46,D
-5.34272,16.85873,334.52,0.44,0.38,2025-03-13,1229,N20,nominal,2.0NRT,295.56,4.42,D
-4.12301,24.40759,333.98,0.45,0.63,2025-03-13,1229,N20,nominal,2.0NRT,286.45,4.61,D
-5.34329,16.76247,338.4,0.43,0.38,2025-03-13,1229,N20,nominal,2.0NRT,294.82,7.18,D
-5.38305,16.50597,332.99,0.42,0.38,2025-03-13,1229,N20,nominal,2.0NRT,294.16,3.35,D
-4.13032,24.18697,338.69,0.43,0.62,2025-03-13,1229,N20,nominal,2.0NRT,290.45,4.51,D
-4.13097,24.18308,333.39,0.43,0.62,2025-03-13,1229,N20,nominal,2.0NRT,292.23,4.51,D
-4.58314,21.45484,352.06,0.55,0.51,2025-03-13,1229,N20,nominal,2.0NRT,295.48,12.51,D
-4.92516,19.31637,337.98,0.4,0.44,2025-03-13,1229,N20,nominal,2.0NRT,291.35,4.62,D
-5.442,16.01169,338.18,0.41,0.37,2025-03-13,1229,N20,nominal,2.0NRT,298.8,4.4,D
-5.26946,17.07389,333.73,0.45,0.39,2025-03-13,1229,N20,nominal,2.0NRT,298.43,5.5,D
-5.32838,16.58362,330.59,0.43,0.38,2025-03-13,1229,N20,nominal,2.0NRT,290.77,1.27,D
-4.8813,19.356,335.59,0.4,0.44,2025-03-13,1229,N20,nominal,2.0NRT,294.98,2.67,D
-4.87725,19.35524,332.24,0.4,0.44,2025-03-13,1229,N20,nominal,2.0NRT,295.55,2.67,D
-4.52356,21.43516,336.16,0.55,0.51,2025-03-13,1229,N20,nominal,2.0NRT,293.71,5.28,D
-4.33863,22.49776,367,0.33,0.55,2025-03-13,1229,N20,high,2.0NRT,295.41,8.33,D
-5.369,16.21175,339.93,0.41,0.37,2025-03-13,1229,N20,nominal,2.0NRT,293.99,2.93,D
-6.14156,11.03226,338.32,0.48,0.4,2025-03-13,1229,N20,nominal,2.0NRT,286.19,8.49,D
-4.91903,18.974,331.66,0.57,0.43,2025-03-13,1229,N20,nominal,2.0NRT,292.85,3,D
-5.30349,16.5837,348.97,0.43,0.38,2025-03-13,1229,N20,nominal,2.0NRT,295.55,7.18,D
-5.30531,16.57218,335.86,0.42,0.38,2025-03-13,1229,N20,nominal,2.0NRT,295.66,7.61,D
-5.31204,16.50695,334.82,0.42,0.38,2025-03-13,1229,N20,nominal,2.0NRT,296.4,4.56,D
-4.95669,18.69471,336.94,0.54,0.42,2025-03-13,1229,N20,nominal,2.0NRT,295.04,3.6,D
-5.38939,15.99223,331.97,0.41,0.37,2025-03-13,1229,N20,nominal,2.0NRT,298.2,2.04,D
-4.97353,18.63424,331.5,0.54,0.42,2025-03-13,1229,N20,nominal,2.0NRT,294.95,3.03,D
-5.39868,15.88138,332.08,0.4,0.37,2025-03-13,1229,N20,nominal,2.0NRT,297.24,3.97,D
-4.52645,21.43733,337.11,0.55,0.51,2025-03-13,1229,N20,nominal,2.0NRT,294.37,2.53,D
-5.28785,16.58105,333.88,0.43,0.38,2025-03-13,1229,N20,nominal,2.0NRT,294.97,4.52,D
-5.28206,16.59555,332.86,0.43,0.38,2025-03-13,1229,N20,nominal,2.0NRT,294.16,3.79,D
-5.29497,16.51173,343.43,0.42,0.38,2025-03-13,1229,N20,nominal,2.0NRT,295.71,6.03,D
-5.34122,16.21087,331.75,0.41,0.37,2025-03-13,1229,N20,nominal,2.0NRT,298.14,3.31,D
-4.33527,22.49776,367,0.33,0.55,2025-03-13,1229,N20,high,2.0NRT,294.77,7.26,D
-5.22414,16.90105,337.9,0.44,0.38,2025-03-13,1229,N20,nominal,2.0NRT,297.49,8.23,D
-5.22064,16.90039,338.45,0.44,0.38,2025-03-13,1229,N20,nominal,2.0NRT,295.53,8.23,D
-5.25576,16.6736,332.66,0.43,0.38,2025-03-13,1229,N20,nominal,2.0NRT,295.38,4.25,D
-5.25636,16.66972,344.2,0.43,0.38,2025-03-13,1229,N20,nominal,2.0NRT,298.37,10.05,D
-5.20947,16.90268,330.8,0.44,0.38,2025-03-13,1229,N20,nominal,2.0NRT,295.73,5.02,D
-5.20778,16.89032,331.55,0.44,0.38,2025-03-13,1229,N20,nominal,2.0NRT,294.05,5.06,D
-5.26428,16.52674,333.5,0.42,0.38,2025-03-13,1229,N20,nominal,2.0NRT,295.44,3.31,D
-5.49001,14.97125,331.74,0.39,0.36,2025-03-13,1229,N20,nominal,2.0NRT,291.65,2.59,D
-5.03531,17.87118,342.54,0.49,0.4,2025-03-13,1229,N20,nominal,2.0NRT,294.05,17.98,D
-5.03601,17.86678,334.39,0.49,0.4,2025-03-13,1229,N20,nominal,2.0NRT,293.79,17.98,D
-5.25409,16.47826,336.75,0.42,0.38,2025-03-13,1229,N20,nominal,2.0NRT,293.79,5.04,D
-4.7827,19.42514,331.1,0.4,0.45,2025-03-13,1229,N20,nominal,2.0NRT,289.33,4.3,D
-5.03159,17.87069,348.16,0.49,0.4,2025-03-13,1229,N20,nominal,2.0NRT,306.45,17.98,D
-5.03229,17.8663,349.98,0.49,0.4,2025-03-13,1229,N20,nominal,2.0NRT,302.88,17.98,D
-5.36848,15.71805,332.54,0.4,0.37,2025-03-13,1229,N20,nominal,2.0NRT,298.06,1.68,D
-5.02857,17.86579,341.74,0.49,0.4,2025-03-13,1229,N20,nominal,2.0NRT,296.67,12.72,D
-4.42816,21.53432,354.83,0.57,0.52,2025-03-13,1229,N20,nominal,2.0NRT,297.71,17.21,D
-4.42898,21.52936,332.08,0.56,0.52,2025-03-13,1229,N20,nominal,2.0NRT,295.91,8.13,D
-4.42255,21.5387,344.36,0.57,0.52,2025-03-13,1229,N20,nominal,2.0NRT,295.46,7.58,D
-4.42339,21.53366,335.2,0.57,0.52,2025-03-13,1229,N20,nominal,2.0NRT,296.99,7.58,D
-5.01697,17.89097,337.21,0.49,0.4,2025-03-13,1229,N20,nominal,2.0NRT,302.08,12.59,D
-5.01768,17.88655,346.22,0.49,0.4,2025-03-13,1229,N20,nominal,2.0NRT,298.34,12.43,D
-5.01325,17.89047,334.48,0.49,0.4,2025-03-13,1229,N20,nominal,2.0NRT,299.39,12.59,D
-5.01395,17.88608,336.45,0.49,0.4,2025-03-13,1229,N20,nominal,2.0NRT,302.5,12.43,D
-4.4825,21.12051,330.96,0.53,0.5,2025-03-13,1229,N20,nominal,2.0NRT,294.39,3.44,D
-5.01022,17.88563,330.66,0.49,0.4,2025-03-13,1229,N20,nominal,2.0NRT,299.69,5.18,D
-5.20349,16.66554,335.84,0.43,0.38,2025-03-13,1229,N20,nominal,2.0NRT,296.44,4.93,D
-4.85307,18.83789,333.7,0.56,0.43,2025-03-13,1229,N20,nominal,2.0NRT,297.49,5.37,D
-5.35319,15.63867,331.68,0.4,0.37,2025-03-13,1229,N20,nominal,2.0NRT,297.12,3.44,D
-4.50842,20.82484,332.35,0.5,0.49,2025-03-13,1229,N20,nominal,2.0NRT,296.84,4.95,D
-4.84661,18.7048,343.09,0.55,0.42,2025-03-13,1229,N20,nominal,2.0NRT,298.55,10.05,D
-4.84744,18.69975,331.54,0.55,0.42,2025-03-13,1229,N20,nominal,2.0NRT,299.08,6.44,D
-5.18766,16.58493,332.24,0.43,0.38,2025-03-13,1229,N20,nominal,2.0NRT,296.2,4.46,D
-5.3325,15.66107,332.32,0.4,0.37,2025-03-13,1229,N20,nominal,2.0NRT,297.07,1.71,D
-5.32188,15.70714,337.57,0.4,0.37,2025-03-13,1229,N20,nominal,2.0NRT,297.47,1.91,D
-5.18633,16.58124,337.16,0.43,0.38,2025-03-13,1229,N20,nominal,2.0NRT,297.82,5.37,D
-5.32021,15.70668,343.55,0.4,0.37,2025-03-13,1229,N20,nominal,2.0NRT,300.77,8.74,D
-4.84652,18.70211,348.29,0.55,0.43,2025-03-13,1229,N20,nominal,2.0NRT,300.45,14.28,D
-4.28745,22.15966,331.41,0.63,0.54,2025-03-13,1229,N20,nominal,2.0NRT,290.83,5.43,D
-5.30226,15.71129,334.72,0.4,0.37,2025-03-13,1229,N20,nominal,2.0NRT,299.61,11.32,D
-5.16371,16.58949,332.36,0.43,0.38,2025-03-13,1229,N20,nominal,2.0NRT,296.25,2.82,D
-4.33816,21.75356,333.41,0.59,0.53,2025-03-13,1229,N20,nominal,2.0NRT,295.15,4.19,D
-4.85316,18.53316,330.51,0.54,0.42,2025-03-13,1229,N20,nominal,2.0NRT,298.47,2.28,D
-5.04341,17.24786,355.88,0.46,0.39,2025-03-13,1229,N20,nominal,2.0NRT,302.34,16.64,D
-5.03922,17.25118,341.54,0.46,0.39,2025-03-13,1229,N20,nominal,2.0NRT,302.03,5.79,D
-5.03563,17.25064,334.93,0.46,0.39,2025-03-13,1229,N20,nominal,2.0NRT,303.3,5.79,D
-5.13827,16.59284,332.45,0.43,0.38,2025-03-13,1229,N20,nominal,2.0NRT,297.74,3.23,D
-5.23676,15.95713,334.33,0.41,0.37,2025-03-13,1229,N20,nominal,2.0NRT,298.47,4.49,D
-4.79334,18.75968,338.7,0.55,0.43,2025-03-13,1229,N20,nominal,2.0NRT,298.33,6.36,D
-4.8919,18.13946,340.81,0.51,0.41,2025-03-13,1229,N20,nominal,2.0NRT,298.86,4.17,D
-4.96066,17.65654,337.25,0.48,0.4,2025-03-13,1229,N20,nominal,2.0NRT,300.16,4.3,D
-5.13919,16.49563,332.83,0.42,0.38,2025-03-13,1229,N20,nominal,2.0NRT,295.72,3.52,D
-4.11173,22.81463,330.03,0.35,0.57,2025-03-13,1229,N20,nominal,2.0NRT,295.23,1.84,D
-4.94094,17.73359,334.79,0.48,0.4,2025-03-13,1229,N20,nominal,2.0NRT,299.48,5.41,D
-5.22542,15.9181,333.59,0.41,0.37,2025-03-13,1229,N20,nominal,2.0NRT,297.44,3.07,D
-4.97022,17.50151,334.03,0.47,0.4,2025-03-13,1229,N20,nominal,2.0NRT,299.25,5.36,D
-4.96659,17.50094,333.89,0.47,0.4,2025-03-13,1229,N20,nominal,2.0NRT,298.29,5.36,D
-4.96726,17.49672,332.82,0.47,0.4,2025-03-13,1229,N20,nominal,2.0NRT,302.5,5.36,D
-4.34944,21.2699,339.18,0.54,0.51,2025-03-13,1229,N20,nominal,2.0NRT,292.69,7.06,D
-4.89885,17.87904,334,0.49,0.4,2025-03-13,1229,N20,nominal,2.0NRT,301.09,3.73,D
-4.96212,17.4355,332.07,0.47,0.39,2025-03-13,1229,N20,nominal,2.0NRT,299.15,4.99,D
-4.9984,17.20749,336.43,0.45,0.39,2025-03-13,1229,N20,nominal,2.0NRT,299.32,2.92,D
-5.10316,16.52164,332.15,0.42,0.38,2025-03-13,1229,N20,nominal,2.0NRT,293.38,4.69,D
-4.82867,18.21994,335.65,0.51,0.41,2025-03-13,1229,N20,nominal,2.0NRT,297.11,5.59,D
-4.82942,18.21531,335.73,0.51,0.41,2025-03-13,1229,N20,nominal,2.0NRT,300.72,5.59,D
-4.9085,17.72413,333.49,0.48,0.4,2025-03-13,1229,N20,nominal,2.0NRT,298.19,3.19,D
-5.10046,16.49371,341.83,0.42,0.38,2025-03-13,1229,N20,nominal,2.0NRT,296.02,4.26,D
-4.98536,17.19724,334.17,0.45,0.39,2025-03-13,1229,N20,nominal,2.0NRT,298.6,5.42,D
-5.25122,15.50644,334.41,0.4,0.37,2025-03-13,1229,N20,nominal,2.0NRT,298.12,4.94,D
-4.90284,17.66562,346.11,0.48,0.4,2025-03-13,1229,N20,nominal,2.0NRT,297.88,9.24,D
-4.97627,17.20823,346.52,0.45,0.39,2025-03-13,1229,N20,nominal,2.0NRT,298.65,8.31,D
-5.09096,16.4962,332.1,0.42,0.38,2025-03-13,1229,N20,nominal,2.0NRT,292.49,2.87,D
-4.97777,17.20875,338.35,0.45,0.39,2025-03-13,1229,N20,nominal,2.0NRT,298.98,7.95,D
-4.90332,17.66645,333.86,0.48,0.4,2025-03-13,1229,N20,nominal,2.0NRT,297.52,9.24,D
-4.89092,17.72218,335.18,0.48,0.4,2025-03-13,1229,N20,nominal,2.0NRT,297.83,7.17,D
-4.94632,17.36468,338.22,0.46,0.39,2025-03-13,1229,N20,nominal,2.0NRT,299.31,4.51,D
-4.81994,18.15389,336.44,0.51,0.41,2025-03-13,1229,N20,nominal,2.0NRT,295.22,2.65,D
-4.9468,17.31388,330.24,0.46,0.39,2025-03-13,1229,N20,nominal,2.0NRT,297.21,3.72,D
-5.05909,16.5187,333.34,0.43,0.38,2025-03-13,1229,N20,nominal,2.0NRT,297.74,3.48,D
-4.93818,17.27452,332.84,0.46,0.39,2025-03-13,1229,N20,nominal,2.0NRT,297.04,6.08,D
-4.93882,17.27042,330.42,0.46,0.39,2025-03-13,1229,N20,nominal,2.0NRT,296.73,6.08,D
-4.39502,20.67583,333.13,0.5,0.49,2025-03-13,1229,N20,nominal,2.0NRT,295.63,2.71,D
-4.4007,20.64058,334.75,0.49,0.49,2025-03-13,1229,N20,nominal,2.0NRT,295.97,3.44,D
-5.18226,15.67405,333.81,0.4,0.37,2025-03-13,1229,N20,nominal,2.0NRT,298.08,3.31,D
-5.18667,15.64534,348.29,0.4,0.37,2025-03-13,1229,N20,nominal,2.0NRT,298.69,12.15,D
-4.3877,20.69273,330.6,0.5,0.49,2025-03-13,1229,N20,nominal,2.0NRT,295.67,4.23,D
-5.18385,15.64123,339.3,0.4,0.37,2025-03-13,1229,N20,nominal,2.0NRT,300.47,8.41,D
-4.40038,20.58594,331.17,0.49,0.48,2025-03-13,1229,N20,nominal,2.0NRT,294.02,2.51,D
-5.17938,15.64789,334.73,0.4,0.37,2025-03-13,1229,N20,nominal,2.0NRT,297.63,6.48,D
-4.91539,17.32604,333.34,0.46,0.39,2025-03-13,1229,N20,nominal,2.0NRT,295.84,3.11,D
-5.20774,15.44098,332.64,0.39,0.37,2025-03-13,1229,N20,nominal,2.0NRT,296.46,3.02,D
-5.1743,15.63611,335.94,0.4,0.37,2025-03-13,1229,N20,nominal,2.0NRT,294.43,3.59,D
-4.81478,17.91759,336.12,0.5,0.41,2025-03-13,1229,N20,nominal,2.0NRT,297.16,5.01,D
-4.84783,17.68446,342.32,0.48,0.4,2025-03-13,1229,N20,nominal,2.0NRT,299.54,7.29,D
-4.78208,18.02711,331.94,0.5,0.41,2025-03-13,1229,N20,nominal,2.0NRT,298.08,3.36,D
-5.15415,15.65506,330.32,0.4,0.37,2025-03-13,1229,N20,nominal,2.0NRT,295.52,1.75,D
-4.19765,21.56242,330.33,0.57,0.52,2025-03-13,1229,N20,nominal,2.0NRT,294.18,2.53,D
-4.37523,20.46146,352.98,0.48,0.48,2025-03-13,1229,N20,nominal,2.0NRT,296.62,9.44,D
-4.89309,17.23375,337.36,0.46,0.39,2025-03-13,1229,N20,nominal,2.0NRT,295.68,1.55,D
-4.32269,20.72396,338.19,0.5,0.49,2025-03-13,1229,N20,nominal,2.0NRT,296.02,5.05,D
-4.82917,17.58903,335.55,0.48,0.4,2025-03-13,1229,N20,nominal,2.0NRT,297.84,5.08,D
-4.35828,20.45442,342.03,0.48,0.48,2025-03-13,1229,N20,nominal,2.0NRT,299.17,9.8,D
-4.8946,17.15478,332.74,0.45,0.39,2025-03-13,1229,N20,nominal,2.0NRT,297.39,3.64,D
-4.35389,20.45357,337.95,0.48,0.48,2025-03-13,1229,N20,nominal,2.0NRT,297.17,9.8,D
-4.88463,17.19448,344.23,0.45,0.39,2025-03-13,1229,N20,nominal,2.0NRT,300.52,11.39,D
-4.88526,17.1905,334.88,0.45,0.39,2025-03-13,1229,N20,nominal,2.0NRT,299.75,4.33,D
-4.88041,17.19798,338.65,0.46,0.39,2025-03-13,1229,N20,nominal,2.0NRT,299.62,6.64,D
-4.36844,20.31206,332.43,0.47,0.48,2025-03-13,1229,N20,nominal,2.0NRT,297.89,4.48,D
-4.80195,17.64178,346.37,0.48,0.4,2025-03-13,1229,N20,nominal,2.0NRT,305.01,11.97,D
-4.79761,17.64539,343.05,0.48,0.4,2025-03-13,1229,N20,nominal,2.0NRT,303.53,11.82,D
-4.74654,18.02727,337.83,0.5,0.41,2025-03-13,1229,N20,nominal,2.0NRT,296.76,6.2,D
-5.14625,15.42407,333.96,0.39,0.37,2025-03-13,1229,N20,nominal,2.0NRT,297.79,23.25,D
-4.80083,17.65174,334.1,0.48,0.4,2025-03-13,1229,N20,nominal,2.0NRT,299.9,5.58,D
-4.80217,17.64307,342.45,0.48,0.4,2025-03-13,1229,N20,nominal,2.0NRT,305.43,5.65,D
-4.80284,17.63874,334.55,0.48,0.4,2025-03-13,1229,N20,low,2.0NRT,304.66,5.65,D
-4.35913,20.45143,339.8,0.48,0.48,2025-03-13,1229,N20,nominal,2.0NRT,297.38,7.61,D
-4.79785,17.64668,342.06,0.48,0.4,2025-03-13,1229,N20,nominal,2.0NRT,303.04,6.5,D
-4.35408,20.45479,340.46,0.48,0.48,2025-03-13,1229,N20,nominal,2.0NRT,296.47,13.02,D
-4.35473,20.45065,336.95,0.48,0.48,2025-03-13,1229,N20,nominal,2.0NRT,297.5,7.61,D
-4.79418,17.6461,342.27,0.48,0.4,2025-03-13,1229,N20,nominal,2.0NRT,302.67,6.5,D
-4.37193,20.31373,341.91,0.47,0.48,2025-03-13,1229,N20,nominal,2.0NRT,296.51,6.89,D
-5.12351,15.46068,340.61,0.4,0.37,2025-03-13,1229,N20,nominal,2.0NRT,296.04,6.1,D
-4.32036,20.55246,330.24,0.49,0.48,2025-03-13,1229,N20,nominal,2.0NRT,295.14,1.89,D
-4.83467,17.28927,340.77,0.46,0.39,2025-03-13,1229,N20,nominal,2.0NRT,296.09,8.13,D
-5.10372,15.5451,332.59,0.4,0.37,2025-03-13,1229,N20,nominal,2.0NRT,295.76,2.52,D
-4.29464,20.68449,330.14,0.5,0.49,2025-03-13,1229,N20,nominal,2.0NRT,296.31,3.39,D
-4.32369,20.50324,342.43,0.48,0.48,2025-03-13,1229,N20,nominal,2.0NRT,297.45,4.26,D
-4.77649,17.63898,338.24,0.48,0.4,2025-03-13,1229,N20,nominal,2.0NRT,303.17,6.51,D
-4.89187,16.85069,339.38,0.44,0.38,2025-03-13,1229,N20,nominal,2.0NRT,300.29,5.83,D
-4.58334,18.79303,333.62,0.56,0.43,2025-03-13,1229,N20,nominal,2.0NRT,297.57,3.55,D
-4.07329,21.93255,335.6,0.61,0.53,2025-03-13,1229,N20,nominal,2.0NRT,295.08,7.38,D
-4.13063,21.58131,340.56,0.58,0.52,2025-03-13,1229,N20,nominal,2.0NRT,295.01,7.64,D
-4.5794,18.79244,332,0.56,0.43,2025-03-13,1229,N20,nominal,2.0NRT,296.92,4.98,D
-4.80275,17.35181,343.84,0.46,0.39,2025-03-13,1229,N20,nominal,2.0NRT,297.16,5.04,D
-4.26322,20.67952,336.44,0.5,0.49,2025-03-13,1229,N20,nominal,2.0NRT,297.62,5.1,D
-4.91208,16.60534,343.59,0.43,0.38,2025-03-13,1229,N20,nominal,2.0NRT,297.88,3.95,D
-4.26673,20.62972,330.98,0.49,0.49,2025-03-13,1229,N20,nominal,2.0NRT,295.66,2.38,D
-4.8589,16.92301,332.53,0.44,0.39,2025-03-13,1229,N20,nominal,2.0NRT,295.67,3.16,D
-4.10339,21.59752,339.87,0.58,0.52,2025-03-13,1229,N20,nominal,2.0NRT,295.37,15.34,D
-4.25352,20.68253,334.41,0.5,0.49,2025-03-13,1229,N20,nominal,2.0NRT,297.04,4.05,D
-4.87829,16.77596,331.95,0.44,0.38,2025-03-13,1229,N20,nominal,2.0NRT,299.85,4.88,D
-4.90631,16.59659,332.57,0.43,0.38,2025-03-13,1229,N20,nominal,2.0NRT,296.47,4.47,D
-4.86983,16.80701,344.67,0.44,0.38,2025-03-13,1229,N20,nominal,2.0NRT,299.3,13.3,D
-5.12386,15.16799,342.09,0.39,0.36,2025-03-13,1229,N20,nominal,2.0NRT,298.37,10.21,D
-4.76779,17.4325,333.45,0.47,0.4,2025-03-13,1229,N20,nominal,2.0NRT,296.18,3.83,D
-4.84539,16.91677,343.48,0.44,0.39,2025-03-13,1229,N20,nominal,2.0NRT,299.23,15.77,D
-4.23471,20.62905,336.95,0.49,0.49,2025-03-13,1229,N20,nominal,2.0NRT,296.88,2.73,D
-4.53037,18.82087,331.79,0.56,0.43,2025-03-13,1229,N20,nominal,2.0NRT,296.47,3.71,D
-4.78953,17.20154,342.76,0.46,0.39,2025-03-13,1229,N20,nominal,2.0NRT,297.71,4.48,D
-4.76824,17.3126,332.5,0.46,0.39,2025-03-13,1229,N20,nominal,2.0NRT,298.68,2.72,D
-4.22571,20.62787,336.3,0.49,0.49,2025-03-13,1229,N20,nominal,2.0NRT,295.8,4.27,D
-4.70076,17.6186,351.51,0.48,0.4,2025-03-13,1229,N20,nominal,2.0NRT,301.75,10.41,D
-4.82283,16.80791,331.35,0.44,0.38,2025-03-13,1229,N20,nominal,2.0NRT,299.72,2.5,D
-4.70133,17.61877,346.76,0.48,0.4,2025-03-13,1229,N20,nominal,2.0NRT,301.85,7.71,D
-4.69768,17.61807,336.82,0.48,0.4,2025-03-13,1229,N20,nominal,2.0NRT,301.51,7.71,D
-4.8226,16.80731,331.38,0.44,0.38,2025-03-13,1229,N20,nominal,2.0NRT,299.78,3.08,D
-4.22337,20.6273,336.96,0.49,0.49,2025-03-13,1229,N20,nominal,2.0NRT,296.02,3.92,D
-4.78036,16.96395,333.97,0.45,0.39,2025-03-13,1229,N20,nominal,2.0NRT,297.12,2.98,D
-5.02229,15.34592,331.01,0.39,0.36,2025-03-13,1229,N20,nominal,2.0NRT,294.05,2.43,D
-4.71848,17.29186,332.99,0.46,0.39,2025-03-13,1229,N20,nominal,2.0NRT,296.93,5.13,D
-4.71342,17.25334,340.83,0.46,0.39,2025-03-13,1229,N20,nominal,2.0NRT,298.49,4.86,D
-4.71758,17.20316,336.52,0.46,0.39,2025-03-13,1229,N20,nominal,2.0NRT,298.2,6.73,D
-4.62979,17.64316,335.78,0.48,0.4,2025-03-13,1229,N20,nominal,2.0NRT,296.15,3.43,D
-4.73046,16.98088,342.15,0.45,0.39,2025-03-13,1229,N20,nominal,2.0NRT,295.06,10.74,D
-4.41431,18.9443,340.77,0.38,0.43,2025-03-13,1229,N20,nominal,2.0NRT,297.75,5.11,D
-4.24315,19.89349,330.18,0.44,0.46,2025-03-13,1229,N20,nominal,2.0NRT,295.69,3.91,D
-4.59061,17.69963,335.45,0.49,0.4,2025-03-13,1229,N20,nominal,2.0NRT,298.51,5.27,D
-4.68259,17.12226,335.03,0.45,0.39,2025-03-13,1229,N20,nominal,2.0NRT,298.47,2.27,D
-4.68639,17.09827,335.31,0.45,0.39,2025-03-13,1229,N20,nominal,2.0NRT,298.12,6.51,D
-4.84371,16.09888,333.95,0.41,0.37,2025-03-13,1229,N20,nominal,2.0NRT,296.11,4.13,D
-4.58815,17.66781,334.02,0.48,0.4,2025-03-13,1229,N20,nominal,2.0NRT,295.84,3.43,D
-4.61983,17.46996,330.62,0.47,0.4,2025-03-13,1229,N20,nominal,2.0NRT,298.93,5.13,D
-4.6148,17.47805,335.53,0.47,0.4,2025-03-13,1229,N20,nominal,2.0NRT,297.44,2.06,D
-4.93821,15.40213,331.55,0.4,0.37,2025-03-13,1229,N20,nominal,2.0NRT,294.38,4.02,D
-4.57285,17.69241,337.82,0.48,0.4,2025-03-13,1229,N20,nominal,2.0NRT,295.83,13.53,D
-4.61502,17.47472,331.96,0.47,0.4,2025-03-13,1229,N20,nominal,2.0NRT,300.08,5.26,D
-4.56897,17.72433,332.98,0.49,0.4,2025-03-13,1229,N20,nominal,2.0NRT,296.45,3.58,D
-4.57438,17.68938,339.96,0.49,0.4,2025-03-13,1229,N20,nominal,2.0NRT,297.41,15.66,D
-4.57068,17.68884,337.25,0.49,0.4,2025-03-13,1229,N20,nominal,2.0NRT,294.7,15.66,D
-4.60606,17.4602,342.6,0.47,0.4,2025-03-13,1229,N20,nominal,2.0NRT,305.17,9.01,D
-4.64287,17.15065,331.13,0.46,0.39,2025-03-13,1229,N20,nominal,2.0NRT,297.63,1.69,D
-4.64121,17.13772,332.6,0.46,0.39,2025-03-13,1229,N20,nominal,2.0NRT,298.1,2.33,D
-4.32065,19.057,340.22,0.39,0.44,2025-03-13,1229,N20,nominal,2.0NRT,295.6,8.3,D
-4.32119,19.05358,354.29,0.39,0.44,2025-03-13,1229,N20,nominal,2.0NRT,300.48,12.65,D
-4.32173,19.05017,340.31,0.39,0.44,2025-03-13,1229,N20,nominal,2.0NRT,297.93,12.65,D
-4.5402,17.66629,330.33,0.48,0.4,2025-03-13,1229,N20,nominal,2.0NRT,298.5,2.63,D
-4.31494,19.06694,344.82,0.39,0.44,2025-03-13,1229,N20,nominal,2.0NRT,298.99,10.79,D
-4.54334,17.62222,337.85,0.48,0.4,2025-03-13,1229,N20,nominal,2.0NRT,296.18,6.68,D
-4.39405,18.5437,336.18,0.54,0.42,2025-03-13,1229,N20,nominal,2.0NRT,299.27,6.47,D
-4.62525,17.05213,332.34,0.45,0.39,2025-03-13,1229,N20,nominal,2.0NRT,298.89,3.26,D
-4.55402,17.4352,349.6,0.47,0.4,2025-03-13,1229,N20,nominal,2.0NRT,302.64,9.18,D
-4.60176,17.13187,333.08,0.46,0.39,2025-03-13,1229,N20,nominal,2.0NRT,297.68,2.46,D
-4.94909,14.84677,336.5,0.39,0.36,2025-03-13,1229,N20,nominal,2.0NRT,289.81,11.19,D
-4.56337,17.23523,336.24,0.46,0.39,2025-03-13,1229,N20,nominal,2.0NRT,300.7,9.73,D
-4.25449,19.13414,337.34,0.39,0.44,2025-03-13,1229,N20,nominal,2.0NRT,297.52,3.24,D
-4.56784,17.06827,344.6,0.45,0.39,2025-03-13,1229,N20,nominal,2.0NRT,300.66,9.18,D
-4.5691,17.06879,337.92,0.45,0.39,2025-03-13,1229,N20,nominal,2.0NRT,300.17,4.73,D
-4.56552,17.06824,333.02,0.45,0.39,2025-03-13,1229,N20,nominal,2.0NRT,299.03,4.73,D
-4.81026,15.44747,330.48,0.4,0.37,2025-03-13,1229,N20,nominal,2.0NRT,295.21,2.73,D
-4.50903,17.29097,331.91,0.46,0.39,2025-03-13,1229,N20,nominal,2.0NRT,298.47,3.33,D
-4.2818,18.69551,330.71,0.56,0.43,2025-03-13,1229,N20,nominal,2.0NRT,296.06,2.1,D
-4.53759,17.05957,342.72,0.45,0.39,2025-03-13,1229,N20,nominal,2.0NRT,298.33,14.17,D
-4.49774,17.22109,330.97,0.46,0.39,2025-03-13,1229,N20,nominal,2.0NRT,299.4,4.43,D
-4.43682,17.56227,332.82,0.48,0.4,2025-03-13,1229,N20,nominal,2.0NRT,295.55,5.8,D
-4.5187,17.03996,330.09,0.45,0.39,2025-03-13,1229,N20,nominal,2.0NRT,298.46,3.6,D
-4.55695,16.79502,343.65,0.44,0.38,2025-03-13,1229,N20,nominal,2.0NRT,297.78,7,D
-4.42148,17.56419,340.48,0.48,0.4,2025-03-13,1229,N20,nominal,2.0NRT,297.5,10.13,D
-4.70272,15.74311,331.87,0.4,0.37,2025-03-13,1229,N20,nominal,2.0NRT,293.85,4.71,D
-4.69933,15.74266,331.45,0.4,0.37,2025-03-13,1229,N20,nominal,2.0NRT,295.02,4.71,D
-4.51062,16.83675,346.13,0.44,0.39,2025-03-13,1229,N20,nominal,2.0NRT,297.01,9.47,D
-4.70131,15.57353,341.68,0.4,0.37,2025-03-13,1229,N20,nominal,2.0NRT,301.48,5.61,D
-4.37369,17.63368,331.86,0.48,0.4,2025-03-13,1229,N20,nominal,2.0NRT,296.64,3.14,D
-4.32471,17.85222,330.24,0.5,0.41,2025-03-13,1229,N20,nominal,2.0NRT,298.44,2.73,D
-4.19911,18.63397,331.75,0.55,0.43,2025-03-13,1229,N20,nominal,2.0NRT,296.83,5.51,D
-4.19989,18.62897,333.28,0.55,0.43,2025-03-13,1229,N20,nominal,2.0NRT,298.75,5.51,D
-4.40032,17.33987,332.73,0.47,0.4,2025-03-13,1229,N20,nominal,2.0NRT,298.08,7.13,D
-4.37903,17.45319,337.34,0.47,0.4,2025-03-13,1229,N20,nominal,2.0NRT,297.32,3.48,D
-4.44153,17.04963,332.91,0.45,0.39,2025-03-13,1229,N20,nominal,2.0NRT,298.45,4.23,D
-4.63672,15.75886,331.04,0.4,0.37,2025-03-13,1229,N20,nominal,2.0NRT,297.45,4.25,D
-4.41591,17.16762,331.16,0.46,0.39,2025-03-13,1229,N20,nominal,2.0NRT,297.33,2.7,D
-4.56463,16.20534,343.77,0.42,0.38,2025-03-13,1229,N20,nominal,2.0NRT,297.04,26.41,D
-4.64934,15.65401,333.3,0.4,0.37,2025-03-13,1229,N20,nominal,2.0NRT,296.61,3.14,D
-4.39296,17.2916,343.53,0.47,0.39,2025-03-13,1229,N20,nominal,2.0NRT,298.5,7.2,D
-4.55335,16.09618,346.18,0.41,0.37,2025-03-13,1229,N20,nominal,2.0NRT,297.91,10.17,D
-4.16304,18.55755,352.27,0.55,0.43,2025-03-13,1229,N20,nominal,2.0NRT,300.55,12.37,D
-4.61781,15.65654,338.74,0.4,0.37,2025-03-13,1229,N20,nominal,2.0NRT,294.94,3.7,D
-4.30847,17.59209,332.07,0.48,0.4,2025-03-13,1229,N20,nominal,2.0NRT,295.65,4.64,D
-4.0989,18.88276,342.7,0.38,0.43,2025-03-13,1229,N20,nominal,2.0NRT,298.3,8.24,D
-4.22947,18.04171,341.88,0.51,0.41,2025-03-13,1229,N20,nominal,2.0NRT,304.88,9.54,D
-4.2302,18.03715,332.27,0.51,0.41,2025-03-13,1229,N20,nominal,2.0NRT,300.25,9.54,D
-4.22569,18.04113,340.33,0.51,0.41,2025-03-13,1229,N20,nominal,2.0NRT,302.44,12.85,D
-4.42423,16.7872,332.77,0.44,0.38,2025-03-13,1229,N20,nominal,2.0NRT,296.86,3.92,D
-4.42485,16.78325,330.5,0.44,0.38,2025-03-13,1229,N20,nominal,2.0NRT,299.44,5.29,D
-4.47001,16.49512,335.94,0.43,0.38,2025-03-13,1229,N20,nominal,2.0NRT,292.82,12.9,D
-4.31014,17.48654,331.94,0.48,0.4,2025-03-13,1229,N20,nominal,2.0NRT,299.11,3.48,D
-4.41633,16.81449,338.04,0.44,0.39,2025-03-13,1229,N20,nominal,2.0NRT,297.78,6.09,D
-4.12933,18.59286,334.4,0.55,0.43,2025-03-13,1229,N20,nominal,2.0NRT,299.44,3.45,D
-4.41217,16.81787,334.92,0.44,0.39,2025-03-13,1229,N20,nominal,2.0NRT,298.23,10.49,D
-4.41281,16.81382,349.65,0.44,0.39,2025-03-13,1229,N20,nominal,2.0NRT,302.69,26.09,D
-4.6954,14.99634,340.68,0.39,0.36,2025-03-13,1229,N20,nominal,2.0NRT,296.21,5.58,D
-4.41054,16.80527,347.59,0.44,0.39,2025-03-13,1229,N20,nominal,2.0NRT,303.13,12.41,D
-4.41116,16.80136,334.76,0.44,0.39,2025-03-13,1229,N20,nominal,2.0NRT,299.95,12.41,D
-4.35802,17.09119,339.48,0.46,0.39,2025-03-13,1229,N20,nominal,2.0NRT,295.94,8.81,D
-4.23045,17.81926,335.35,0.5,0.41,2025-03-13,1229,N20,nominal,2.0NRT,298.7,8.52,D
-4.3502,17.04807,330.82,0.45,0.39,2025-03-13,1229,N20,nominal,2.0NRT,294,2.91,D
-4.4653,16.32135,342.02,0.42,0.38,2025-03-13,1229,N20,nominal,2.0NRT,296.01,9.42,D
-4.46589,16.31756,347.55,0.42,0.38,2025-03-13,1229,N20,nominal,2.0NRT,299.41,9.42,D
-4.46666,16.32136,340.68,0.42,0.38,2025-03-13,1229,N20,nominal,2.0NRT,296.05,9.44,D
-4.46724,16.31757,347.28,0.42,0.38,2025-03-13,1229,N20,nominal,2.0NRT,298.06,9.44,D
-4.52602,15.90994,345.1,0.41,0.37,2025-03-13,1229,N20,nominal,2.0NRT,291.7,6.64,D
-4.22902,17.82008,334.06,0.5,0.41,2025-03-13,1229,N20,nominal,2.0NRT,298.73,7.2,D
-4.35806,16.98286,330.26,0.45,0.39,2025-03-13,1229,N20,nominal,2.0NRT,297.41,5.3,D
-4.35869,16.97878,340,0.45,0.39,2025-03-13,1229,N20,nominal,2.0NRT,299.33,7.51,D
-4.58341,15.4888,338.59,0.4,0.37,2025-03-13,1229,N20,nominal,2.0NRT,298,3.44,D
-4.30992,17.22367,342.16,0.46,0.39,2025-03-13,1229,N20,nominal,2.0NRT,300.86,21.56,D
-4.1758,17.96476,344.53,0.51,0.41,2025-03-13,1229,N20,nominal,2.0NRT,302.17,5.11,D
-4.23222,17.60369,333.23,0.48,0.4,2025-03-13,1229,N20,nominal,2.0NRT,297.5,26.64,D
-4.23291,17.59928,345.2,0.48,0.4,2025-03-13,1229,N20,nominal,2.0NRT,304.64,26.64,D
-4.36917,16.72278,338.59,0.44,0.38,2025-03-13,1229,N20,nominal,2.0NRT,297.88,5.38,D
-4.35209,16.7398,336.12,0.44,0.38,2025-03-13,1229,N20,nominal,2.0NRT,300.47,3.72,D
-4.23317,17.45351,334.32,0.48,0.4,2025-03-13,1229,N20,nominal,2.0NRT,297.81,4.11,D
-4.31652,16.8981,330.24,0.45,0.39,2025-03-13,1229,N20,nominal,2.0NRT,298.52,5.9,D
-4.39964,16.34216,333.2,0.42,0.38,2025-03-13,1229,N20,nominal,2.0NRT,297,5.34,D
-4.37359,16.34986,331.41,0.42,0.38,2025-03-13,1229,N20,nominal,2.0NRT,297.5,3.04,D
-4.37419,16.34604,341.8,0.42,0.38,2025-03-13,1229,N20,nominal,2.0NRT,297.96,3.17,D
-4.1911,17.48227,338.15,0.48,0.4,2025-03-13,1229,N20,nominal,2.0NRT,299.27,7,D
-4.36834,16.36075,344.48,0.42,0.38,2025-03-13,1229,N20,nominal,2.0NRT,299.98,7.31,D
-4.37073,16.3455,338.82,0.42,0.38,2025-03-13,1229,N20,nominal,2.0NRT,303.1,7.07,D
-4.36427,16.36402,334.42,0.43,0.38,2025-03-13,1229,N20,nominal,2.0NRT,298.74,3.68,D
-4.36487,16.36022,347.23,0.42,0.38,2025-03-13,1229,N20,nominal,2.0NRT,302.22,7.31,D
-4.36606,16.35262,343.78,0.42,0.38,2025-03-13,1229,N20,nominal,2.0NRT,301.22,5.93,D
-4.36666,16.34879,339.35,0.42,0.38,2025-03-13,1229,N20,nominal,2.0NRT,302.43,5.93,D
-4.59074,14.90475,331.66,0.39,0.36,2025-03-13,1229,N20,nominal,2.0NRT,294.07,2.68,D
-4.21619,17.27779,339.63,0.47,0.39,2025-03-13,1229,N20,nominal,2.0NRT,300.64,9.22,D
-4.3614,16.35969,331.29,0.42,0.38,2025-03-13,1229,N20,nominal,2.0NRT,297.85,2.94,D
-4.36116,16.29353,338.28,0.42,0.38,2025-03-13,1229,N20,nominal,2.0NRT,304.17,38.93,D
-4.36174,16.28978,353.58,0.42,0.38,2025-03-13,1229,N20,nominal,2.0NRT,303.66,25.23,D
-4.36238,16.29322,347.15,0.42,0.38,2025-03-13,1229,N20,nominal,2.0NRT,298.96,41.21,D
-4.36295,16.28947,353.75,0.42,0.38,2025-03-13,1229,N20,nominal,2.0NRT,301.61,14.22,D
-4.35834,16.29647,341.27,0.42,0.38,2025-03-13,1229,N20,nominal,2.0NRT,308.78,41.21,D
-4.35891,16.2927,350.44,0.42,0.38,2025-03-13,1229,N20,nominal,2.0NRT,306.04,41.21,D
-4.35949,16.28895,339.9,0.42,0.38,2025-03-13,1229,N20,nominal,2.0NRT,299.49,14.22,D
-4.22131,17.14232,343.36,0.46,0.39,2025-03-13,1229,N20,nominal,2.0NRT,299.86,11.43,D
-4.37168,16.14015,330.22,0.42,0.37,2025-03-13,1229,N20,nominal,2.0NRT,292.96,1.56,D
-4.06425,18.10872,332.06,0.52,0.41,2025-03-13,1229,N20,nominal,2.0NRT,296.59,3.49,D
-4.06696,18.06629,337.93,0.52,0.41,2025-03-13,1229,N20,nominal,2.0NRT,299.95,5.7,D
-4.51745,15.09698,341.5,0.39,0.36,2025-03-13,1229,N20,nominal,2.0NRT,295.28,6.11,D
-4.18332,17.10231,332.61,0.46,0.39,2025-03-13,1229,N20,nominal,2.0NRT,296.02,3.23,D
-4.28863,16.40317,347.43,0.43,0.38,2025-03-13,1229,N20,nominal,2.0NRT,300.25,16.85,D
-4.06479,17.80931,345.43,0.5,0.41,2025-03-13,1229,N20,nominal,2.0NRT,299.07,7.18,D
-4.28108,16.40592,333.06,0.43,0.38,2025-03-13,1229,N20,nominal,2.0NRT,297.47,4.39,D
-4.28167,16.40211,339.23,0.43,0.38,2025-03-13,1229,N20,nominal,2.0NRT,299.28,6.35,D
-4.11814,17.42301,338.36,0.48,0.4,2025-03-13,1229,N20,nominal,2.0NRT,297.75,5.69,D
-4.15162,17.18676,333.23,0.46,0.39,2025-03-13,1229,N20,nominal,2.0NRT,296.76,22.63,D
-4.04036,17.84245,335.33,0.5,0.41,2025-03-13,1229,N20,nominal,2.0NRT,297.19,3.91,D
-4.26419,16.42283,331.92,0.43,0.38,2025-03-13,1229,N20,nominal,2.0NRT,297.91,2.52,D
-4.02288,17.92804,331.35,0.51,0.41,2025-03-13,1229,N20,nominal,2.0NRT,301.16,8.22,D
-4.03057,17.83164,334.1,0.5,0.41,2025-03-13,1229,N20,nominal,2.0NRT,298.08,2.49,D
-4.00938,17.94003,336.94,0.51,0.41,2025-03-13,1229,N20,nominal,2.0NRT,297.37,4.59,D
-4.01011,17.93545,332.05,0.51,0.41,2025-03-13,1229,N20,nominal,2.0NRT,300.14,6.18,D
-4.31003,15.99372,341.31,0.41,0.37,2025-03-13,1229,N20,nominal,2.0NRT,296.28,7.09,D
-4.26806,16.06286,332.89,0.42,0.37,2025-03-13,1229,N20,nominal,2.0NRT,294.18,1.8,D
-4.17895,16.57269,333.08,0.43,0.38,2025-03-13,1229,N20,nominal,2.0NRT,296.44,2.7,D
-4.24689,16.06344,330.29,0.42,0.37,2025-03-13,1229,N20,nominal,2.0NRT,296.63,3.04,D
-4.08669,17.05034,342.51,0.46,0.39,2025-03-13,1229,N20,nominal,2.0NRT,298.32,8.88,D
-4.24119,16.03205,347.04,0.41,0.37,2025-03-13,1229,N20,nominal,2.0NRT,296.94,12.32,D
-4.2435,16.01711,331.45,0.41,0.37,2025-03-13,1229,N20,nominal,2.0NRT,296.85,1.91,D
-4.16686,16.41995,336.06,0.43,0.38,2025-03-13,1229,N20,nominal,2.0NRT,295.51,21.82,D
-4.05856,16.99559,331.94,0.45,0.39,2025-03-13,1229,N20,nominal,2.0NRT,298.83,3.42,D
-4.08213,16.84601,344.64,0.45,0.39,2025-03-13,1229,N20,nominal,2.0NRT,298.27,11.44,D
-4.08592,16.8219,330.99,0.45,0.39,2025-03-13,1229,N20,nominal,2.0NRT,297.87,3.42,D
-4.08654,16.81795,335.08,0.45,0.39,2025-03-13,1229,N20,nominal,2.0NRT,300.02,3.42,D
-4.01504,17.24756,335.71,0.47,0.4,2025-03-13,1229,N20,nominal,2.0NRT,296.04,6.42,D
-4.07856,16.84552,344.1,0.45,0.39,2025-03-13,1229,N20,nominal,2.0NRT,299.12,11.44,D
-4.01085,17.15719,334.52,0.46,0.39,2025-03-13,1229,N20,nominal,2.0NRT,300.18,5.25,D
-4.00942,17.15786,334.95,0.46,0.39,2025-03-13,1229,N20,nominal,2.0NRT,300.18,4.41,D
-4.01345,17.10759,333.97,0.46,0.39,2025-03-13,1229,N20,nominal,2.0NRT,300.43,4.05,D
-4.00605,17.1317,334.56,0.46,0.39,2025-03-13,1229,N20,nominal,2.0NRT,297.76,3.89,D
-4.01261,16.9227,333.79,0.45,0.39,2025-03-13,1229,N20,nominal,2.0NRT,297.69,2.8,D
-4.19095,15.58598,331.26,0.4,0.37,2025-03-13,1229,N20,nominal,2.0NRT,298.68,3.27,D
-4.25369,15.06671,334.66,0.39,0.36,2025-03-13,1229,N20,nominal,2.0NRT,291.98,2.05,D
-4.12781,15.83671,343.36,0.41,0.37,2025-03-13,1229,N20,nominal,2.0NRT,293.5,8.27,D
-4.03107,16.2854,337.22,0.43,0.38,2025-03-13,1229,N20,nominal,2.0NRT,294.68,26.57,D
-4.0276,16.2849,330.93,0.43,0.38,2025-03-13,1229,N20,nominal,2.0NRT,296.72,26.57,D
-4.01137,16.29807,330.26,0.43,0.38,2025-03-13,1229,N20,nominal,2.0NRT,292.77,3.9,D
-4.01615,16.22087,330.89,0.42,0.38,2025-03-13,1229,N20,nominal,2.0NRT,290.7,5.61,D
-4.10435,15.60138,336.49,0.4,0.37,2025-03-13,1229,N20,nominal,2.0NRT,295.48,3.53,D
-4.19859,14.9858,334.52,0.39,0.36,2025-03-13,1229,N20,nominal,2.0NRT,295.8,6.48,D
-4.07122,15.70399,333.48,0.41,0.37,2025-03-13,1229,N20,nominal,2.0NRT,298.65,3.57,D
-4.02583,15.86227,338.68,0.41,0.37,2025-03-13,1229,N20,nominal,2.0NRT,295.05,3.56,D
-4.13421,15.13812,344.97,0.39,0.36,2025-03-13,1229,N20,nominal,2.0NRT,297.23,10.7,D
-4.09779,15.26313,330.76,0.4,0.37,2025-03-13,1229,N20,nominal,2.0NRT,297.65,4.32,D
-4.06842,15.38625,331.75,0.4,0.37,2025-03-13,1229,N20,nominal,2.0NRT,297.59,1.78,D
-4.01116,15.61369,333.26,0.4,0.37,2025-03-13,1229,N20,nominal,2.0NRT,295.57,3.93,D
-4.01726,15.57381,333.13,0.4,0.37,2025-03-13,1229,N20,nominal,2.0NRT,295.48,2.87,D
-4.05475,14.88122,332.43,0.39,0.36,2025-03-13,1229,N20,nominal,2.0NRT,295.76,2.56,D
-19.41715,30.05082,299.41,0.46,0.47,2025-03-13,2335,N20,nominal,2.0NRT,287.36,0.89,N
-19.2229,17.72584,331.63,0.43,0.46,2025-03-13,2335,N20,nominal,2.0NRT,290.53,3.29,N
-19.22212,17.7217,303.74,0.43,0.46,2025-03-13,2335,N20,nominal,2.0NRT,289.02,2.31,N
-19.22253,17.723,335.45,0.43,0.46,2025-03-13,2335,N20,nominal,2.0NRT,289.6,3.24,N
-21.74635,35.05971,301.89,0.51,0.66,2025-03-13,2335,N20,nominal,2.0NRT,290.73,0.61,N
-24.04355,25.8849,301.73,0.46,0.39,2025-03-13,2337,N20,nominal,2.0NRT,290.3,0.86,N
-24.05076,25.88377,302.72,0.46,0.39,2025-03-13,2337,N20,nominal,2.0NRT,287.2,0.4,N
-24.04858,25.88631,302.32,0.46,0.39,2025-03-13,2337,N20,nominal,2.0NRT,288.89,0.88,N
-24.83356,27.36555,310.34,0.55,0.43,2025-03-13,2337,N20,nominal,2.0NRT,288.26,2.31,N
-24.83749,27.36496,305.72,0.55,0.43,2025-03-13,2337,N20,nominal,2.0NRT,287.73,2.05,N
-25.48611,27.10361,300.09,0.54,0.42,2025-03-13,2337,N20,nominal,2.0NRT,288.36,0.86,N
-25.48933,27.09755,319.92,0.54,0.42,2025-03-13,2337,N20,nominal,2.0NRT,288.61,3.11,N
-25.49001,27.10299,319.57,0.54,0.42,2025-03-13,2337,N20,nominal,2.0NRT,289.09,3.27,N
-25.8557,29.17178,330.46,0.48,0.48,2025-03-13,2337,N20,nominal,2.0NRT,286.39,4.83,N
-25.85464,29.17415,303.99,0.48,0.48,2025-03-13,2337,N20,nominal,2.0NRT,285.58,1.17,N
-25.85909,29.1736,324.49,0.48,0.48,2025-03-13,2337,N20,nominal,2.0NRT,286.36,3.12,N
-25.8586,29.16885,307.62,0.48,0.48,2025-03-13,2337,N20,nominal,2.0NRT,285.18,2.35,N
-25.91687,29.55258,295.95,0.51,0.49,2025-03-13,2337,N20,nominal,2.0NRT,284.56,0.77,N
-25.89345,29.11551,297.01,0.48,0.48,2025-03-13,2337,N20,nominal,2.0NRT,285.22,0.44,N
-25.72654,27.609,341.9,0.39,0.44,2025-03-13,2337,N20,nominal,2.0NRT,289.25,5.27,N
-25.727,27.61286,308.59,0.39,0.44,2025-03-13,2337,N20,nominal,2.0NRT,289.06,5.27,N
-25.70561,27.40085,300.61,0.57,0.43,2025-03-13,2337,N20,nominal,2.0NRT,287.53,0.55,N
-25.71029,27.40594,314.52,0.57,0.43,2025-03-13,2337,N20,nominal,2.0NRT,289.14,2.71,N
-25.71426,27.40531,328.09,0.57,0.43,2025-03-13,2337,N20,nominal,2.0NRT,289.32,2.71,N
-25.92625,28.33055,298.82,0.43,0.46,2025-03-13,2337,N20,nominal,2.0NRT,285.16,0.64,N
-26.02351,29.16455,296.56,0.48,0.48,2025-03-13,2337,N20,nominal,2.0NRT,285.76,0.93,N
-26.02403,29.16933,301.37,0.48,0.48,2025-03-13,2337,N20,nominal,2.0NRT,287.45,0.93,N
-26.02559,29.18374,300.09,0.49,0.48,2025-03-13,2337,N20,nominal,2.0NRT,286.16,1.33,N
-26.02612,29.18859,309.46,0.49,0.48,2025-03-13,2337,N20,nominal,2.0NRT,287.09,1.33,N
-26.02665,29.19351,306.36,0.49,0.48,2025-03-13,2337,N20,nominal,2.0NRT,287.88,1.7,N
-26.03271,29.20766,323.9,0.49,0.48,2025-03-13,2337,N20,nominal,2.0NRT,290.52,2.19,N
-26.02902,29.17364,306.5,0.48,0.48,2025-03-13,2337,N20,nominal,2.0NRT,287.82,2.12,N
-26.02954,29.1784,311.82,0.49,0.48,2025-03-13,2337,N20,nominal,2.0NRT,288.99,2.12,N
-26.03006,29.1832,304.16,0.49,0.48,2025-03-13,2337,N20,nominal,2.0NRT,287.59,1.53,N
-26.03218,29.20273,302.75,0.49,0.48,2025-03-13,2337,N20,nominal,2.0NRT,286.16,2.19,N
-26.03325,29.21263,312.54,0.49,0.48,2025-03-13,2337,N20,nominal,2.0NRT,290.15,2.73,N
-26.03665,29.20218,307.1,0.49,0.48,2025-03-13,2337,N20,nominal,2.0NRT,287.85,2.19,N
-26.03719,29.20714,303.23,0.49,0.48,2025-03-13,2337,N20,nominal,2.0NRT,287.76,2.19,N
-26.04622,29.29046,300.05,0.49,0.49,2025-03-13,2337,N20,nominal,2.0NRT,285.08,0.69,N
-26.05829,29.2342,298.23,0.49,0.49,2025-03-13,2337,N20,nominal,2.0NRT,287.24,1.1,N
-26.06421,29.28828,302.01,0.49,0.49,2025-03-13,2337,N20,nominal,2.0NRT,284.29,0.84,N
-26.06475,29.29317,296,0.49,0.49,2025-03-13,2337,N20,nominal,2.0NRT,284.34,0.84,N
-26.09858,29.43505,295.04,0.5,0.49,2025-03-13,2337,N20,nominal,2.0NRT,283.56,0.58,N
-26.06656,29.29053,308.24,0.49,0.49,2025-03-13,2337,N20,nominal,2.0NRT,284.85,1.49,N
-25.9751,28.30743,296.99,0.43,0.46,2025-03-13,2337,N20,nominal,2.0NRT,285.98,0.74,N
-26.07393,29.22967,297.58,0.49,0.49,2025-03-13,2337,N20,nominal,2.0NRT,287.1,2,N
-26.07291,29.04786,298.55,0.48,0.48,2025-03-13,2337,N20,nominal,2.0NRT,285.94,0.8,N
-26.14156,29.48374,296.13,0.51,0.49,2025-03-13,2337,N20,nominal,2.0NRT,284.55,0.79,N
-26.26849,28.83627,302.93,0.47,0.47,2025-03-13,2337,N20,nominal,2.0NRT,284.68,0.81,N
-26.28427,28.16159,309.88,0.42,0.46,2025-03-13,2337,N20,nominal,2.0NRT,286.15,1.24,N
-26.36733,28.48213,295.95,0.44,0.46,2025-03-13,2337,N20,nominal,2.0NRT,285.51,0.87,N
-26.31337,27.78944,304.19,0.4,0.45,2025-03-13,2337,N20,nominal,2.0NRT,286.1,1.18,N
-26.54318,29.1555,307.95,0.49,0.49,2025-03-13,2337,N20,nominal,2.0NRT,285.06,1.15,N
-26.54713,29.14997,305.09,0.49,0.49,2025-03-13,2337,N20,nominal,2.0NRT,286.57,1.15,N
-26.55424,29.17397,301.25,0.49,0.49,2025-03-13,2337,N20,nominal,2.0NRT,288.66,2.3,N
-26.5611,29.1531,296.57,0.49,0.49,2025-03-13,2337,N20,nominal,2.0NRT,286.08,1.09,N
-26.58333,27.96107,296.28,0.42,0.45,2025-03-13,2337,N20,nominal,2.0NRT,285.62,0.46,N
-26.65879,27.81076,303.61,0.41,0.45,2025-03-13,2337,N20,nominal,2.0NRT,289.08,2.1,N
-26.65928,27.81486,300.89,0.41,0.45,2025-03-13,2337,N20,nominal,2.0NRT,288.39,1.66,N
-26.67967,27.95204,306.5,0.42,0.45,2025-03-13,2337,N20,nominal,2.0NRT,286.38,0.83,N
-26.65655,27.80944,306.7,0.41,0.45,2025-03-13,2337,N20,nominal,2.0NRT,287.91,1.12,N
-26.65701,27.81355,299.89,0.41,0.45,2025-03-13,2337,N20,nominal,2.0NRT,287.65,1.12,N
-26.65747,27.81766,297.5,0.41,0.45,2025-03-13,2337,N20,nominal,2.0NRT,286.67,1.18,N
-26.68111,27.95454,302.86,0.42,0.45,2025-03-13,2337,N20,nominal,2.0NRT,286.77,1,N
-26.66895,27.80766,333.57,0.41,0.45,2025-03-13,2337,N20,nominal,2.0NRT,287.06,2.58,N
-26.66941,27.81176,298.81,0.41,0.45,2025-03-13,2337,N20,nominal,2.0NRT,286.43,2.58,N
-26.68527,27.95391,299.23,0.42,0.45,2025-03-13,2337,N20,nominal,2.0NRT,285.94,1,N
-26.70564,27.94674,297.76,0.42,0.45,2025-03-13,2337,N20,nominal,2.0NRT,286.25,0.8,N
-26.71947,27.9193,306.21,0.42,0.45,2025-03-13,2337,N20,nominal,2.0NRT,287.2,1.08,N
-26.80326,27.86128,296.65,0.41,0.45,2025-03-13,2337,N20,nominal,2.0NRT,285.32,1.58,N
-26.8221,27.84154,303.23,0.41,0.45,2025-03-13,2337,N20,nominal,2.0NRT,287.69,0.91,N
-28.16446,25.42816,296.2,0.48,0.4,2025-03-13,2337,N20,nominal,2.0NRT,285.66,0.39,N
-28.20866,23.54672,304.84,0.41,0.37,2025-03-13,2337,N20,nominal,2.0NRT,286.68,0.53,N
-32.13669,18.95036,322.3,0.4,0.37,2025-03-13,2339,N20,nominal,2.0NRT,295.49,1.11,N
-32.13597,18.94612,315.26,0.4,0.37,2025-03-13,2339,N20,nominal,2.0NRT,295.51,1.29,N
-32.13741,18.95459,310.82,0.4,0.37,2025-03-13,2339,N20,nominal,2.0NRT,295.42,1.11,N
-32.14363,18.97076,352.4,0.39,0.37,2025-03-13,2339,N20,nominal,2.0NRT,301.09,16.75,N
-32.14435,18.97498,352.23,0.39,0.37,2025-03-13,2339,N20,nominal,2.0NRT,306.8,14.33,N
-32.14507,18.97919,350.95,0.39,0.37,2025-03-13,2339,N20,nominal,2.0NRT,300.77,14.33,N
-32.13932,18.94533,307.84,0.4,0.37,2025-03-13,2339,N20,nominal,2.0NRT,295.36,1.72,N
-32.14004,18.94956,315.76,0.4,0.37,2025-03-13,2339,N20,nominal,2.0NRT,295.15,18.83,N
-32.14577,18.98339,318.33,0.39,0.37,2025-03-13,2339,N20,nominal,2.0NRT,295.19,4.42,N
-32.14267,18.94451,323.07,0.4,0.37,2025-03-13,2339,N20,nominal,2.0NRT,296.75,1.72,N
-32.14338,18.94875,349.88,0.4,0.37,2025-03-13,2339,N20,nominal,2.0NRT,303.18,18.83,N
-32.1441,18.95299,344.14,0.4,0.37,2025-03-13,2339,N20,nominal,2.0NRT,307.35,18.83,N
-32.14482,18.95725,333.55,0.4,0.37,2025-03-13,2339,N20,nominal,2.0NRT,297.62,11.96,N
-32.14555,18.96152,346.38,0.4,0.37,2025-03-13,2339,N20,nominal,2.0NRT,302.27,11.96,N
-32.14627,18.96577,353.6,0.39,0.37,2025-03-13,2339,N20,nominal,2.0NRT,301.22,16.75,N
-32.14698,18.97001,352.69,0.39,0.37,2025-03-13,2339,N20,nominal,2.0NRT,301.83,16.75,N
-32.1477,18.97423,328.89,0.39,0.37,2025-03-13,2339,N20,nominal,2.0NRT,296.94,14.33,N
-32.14984,18.98687,342.49,0.39,0.37,2025-03-13,2339,N20,nominal,2.0NRT,296.88,4.42,N
-32.15055,18.99108,354.46,0.39,0.37,2025-03-13,2339,N20,nominal,2.0NRT,302.83,18.84,N
-32.15126,18.99528,345.67,0.39,0.37,2025-03-13,2339,N20,nominal,2.0NRT,302.4,18.84,N
-32.14841,18.97845,313.95,0.39,0.37,2025-03-13,2339,N20,nominal,2.0NRT,294.5,14.33,N
-32.14913,18.98267,306.66,0.39,0.37,2025-03-13,2339,N20,nominal,2.0NRT,293.95,4.42,N
-32.15197,18.99947,309.14,0.39,0.37,2025-03-13,2339,N20,nominal,2.0NRT,294.37,1.88,N
-32.14529,18.93946,321.1,0.4,0.37,2025-03-13,2339,N20,nominal,2.0NRT,298.89,128.14,N
-32.146,18.94369,367,0.4,0.37,2025-03-13,2339,N20,high,2.0NRT,356.85,128.14,N
-32.14744,18.95217,367,0.4,0.37,2025-03-13,2339,N20,high,2.0NRT,334.36,244.34,N
-32.14817,18.95643,355.78,0.4,0.37,2025-03-13,2339,N20,nominal,2.0NRT,304.82,8.46,N
-32.14889,18.9607,356.13,0.4,0.37,2025-03-13,2339,N20,nominal,2.0NRT,303.85,8.46,N
-32.14961,18.96495,355.46,0.39,0.37,2025-03-13,2339,N20,nominal,2.0NRT,302.34,4.27,N
-32.15033,18.96922,344.58,0.39,0.37,2025-03-13,2339,N20,nominal,2.0NRT,299.43,4.27,N
-32.15461,18.99452,341.56,0.39,0.37,2025-03-13,2339,N20,nominal,2.0NRT,299.33,7.8,N
-32.15532,18.9987,336.83,0.39,0.37,2025-03-13,2339,N20,nominal,2.0NRT,296.01,2.33,N
-32.15602,19.00287,330.17,0.39,0.37,2025-03-13,2339,N20,nominal,2.0NRT,294.85,2.33,N
-32.15673,19.00707,334.21,0.39,0.37,2025-03-13,2339,N20,nominal,2.0NRT,294.86,4.13,N
-32.15105,18.97346,312.59,0.39,0.37,2025-03-13,2339,N20,nominal,2.0NRT,295.82,1.88,N
-32.1532,18.98615,307.43,0.39,0.37,2025-03-13,2339,N20,nominal,2.0NRT,294.27,1.2,N
-32.15391,18.99035,309.59,0.39,0.37,2025-03-13,2339,N20,nominal,2.0NRT,294.48,7.8,N
-32.14935,18.94287,349.29,0.4,0.37,2025-03-13,2339,N20,nominal,2.0NRT,300.06,128.14,N
-32.15007,18.94711,321.7,0.4,0.37,2025-03-13,2339,N20,nominal,2.0NRT,315.17,244.34,N
-32.15079,18.95135,326.54,0.4,0.37,2025-03-13,2339,N20,nominal,2.0NRT,297.22,244.34,N
-32.15151,18.9556,322.46,0.4,0.37,2025-03-13,2339,N20,nominal,2.0NRT,297.33,8.46,N
-32.15511,18.97692,322.4,0.39,0.37,2025-03-13,2339,N20,nominal,2.0NRT,295.62,1.88,N
-32.16007,19.00624,333.98,0.39,0.37,2025-03-13,2339,N20,nominal,2.0NRT,297.1,4.13,N
-32.16079,19.01053,328.4,0.39,0.36,2025-03-13,2339,N20,nominal,2.0NRT,294.04,4.13,N
-32.14863,18.93864,313.52,0.4,0.37,2025-03-13,2339,N20,nominal,2.0NRT,297.72,128.14,N
-32.15223,18.95986,318.79,0.4,0.37,2025-03-13,2339,N20,nominal,2.0NRT,297.13,8.46,N
-32.15295,18.96412,316.01,0.39,0.37,2025-03-13,2339,N20,nominal,2.0NRT,296,4.27,N
-32.15367,18.9684,316.36,0.39,0.37,2025-03-13,2339,N20,nominal,2.0NRT,296.25,4.27,N
-32.15439,18.97267,315.05,0.39,0.37,2025-03-13,2339,N20,nominal,2.0NRT,295.33,1.88,N
-32.15582,18.98113,305.46,0.39,0.37,2025-03-13,2339,N20,nominal,2.0NRT,294.02,1.2,N
-32.15865,18.99784,309.63,0.39,0.37,2025-03-13,2339,N20,nominal,2.0NRT,294.02,2.33,N
-32.15935,19.00201,306.57,0.39,0.37,2025-03-13,2339,N20,nominal,2.0NRT,294,2.33,N
-32.15629,18.9633,328.91,0.39,0.37,2025-03-13,2339,N20,nominal,2.0NRT,297,7.01,N
-32.15701,18.96759,335.85,0.39,0.37,2025-03-13,2339,N20,nominal,2.0NRT,298.28,7.01,N
-32.15773,18.97186,320.69,0.39,0.37,2025-03-13,2339,N20,nominal,2.0NRT,296.33,17.03,N
-32.15845,18.97608,323.5,0.39,0.37,2025-03-13,2339,N20,nominal,2.0NRT,296.29,17.03,N
-32.15269,18.94205,308.78,0.4,0.37,2025-03-13,2339,N20,nominal,2.0NRT,297.06,2.22,N
-32.15341,18.94629,309.86,0.4,0.37,2025-03-13,2339,N20,nominal,2.0NRT,296.76,2.32,N
-32.15916,18.98028,309.11,0.39,0.37,2025-03-13,2339,N20,nominal,2.0NRT,294.79,3.41,N
-32.16198,18.99697,315.14,0.39,0.37,2025-03-13,2339,N20,nominal,2.0NRT,294.79,1.15,N
-32.16269,19.00116,312.42,0.39,0.37,2025-03-13,2339,N20,nominal,2.0NRT,295.72,1.15,N
-32.15963,18.9625,335.51,0.39,0.37,2025-03-13,2339,N20,nominal,2.0NRT,298.1,7.01,N
-32.16035,18.96677,346.65,0.39,0.37,2025-03-13,2339,N20,nominal,2.0NRT,303.47,7.01,N
-32.16107,18.97103,351.07,0.39,0.37,2025-03-13,2339,N20,nominal,2.0NRT,306.71,17.03,N
-32.16179,18.97524,346.13,0.39,0.37,2025-03-13,2339,N20,nominal,2.0NRT,306.8,17.03,N
-32.16249,18.97941,334.02,0.39,0.37,2025-03-13,2339,N20,nominal,2.0NRT,297.42,3.41,N
-32.16319,18.98356,342.93,0.39,0.37,2025-03-13,2339,N20,nominal,2.0NRT,297.59,3.41,N
-32.16389,18.98772,315.99,0.39,0.37,2025-03-13,2339,N20,nominal,2.0NRT,295.56,2,N
-32.1646,18.9919,311.25,0.39,0.37,2025-03-13,2339,N20,nominal,2.0NRT,295.68,2,N
-32.16531,18.99611,311.54,0.39,0.37,2025-03-13,2339,N20,nominal,2.0NRT,296.34,1.15,N
-32.16602,19.00034,307.23,0.39,0.37,2025-03-13,2339,N20,nominal,2.0NRT,295.51,1.15,N
-32.16674,19.0046,307.78,0.39,0.37,2025-03-13,2339,N20,nominal,2.0NRT,294.9,2.13,N
-32.16226,18.95743,344.25,0.4,0.37,2025-03-13,2339,N20,nominal,2.0NRT,301.3,14.74,N
-32.16297,18.96167,367,0.39,0.37,2025-03-13,2339,N20,high,2.0NRT,328.28,28.19,N
-32.1644,18.97015,332.72,0.39,0.37,2025-03-13,2339,N20,nominal,2.0NRT,295.73,34.86,N
-32.16511,18.97432,367,0.39,0.37,2025-03-13,2339,N20,high,2.0NRT,323.4,34.86,N
-32.16581,18.97846,367,0.39,0.37,2025-03-13,2339,N20,high,2.0NRT,304.34,10.08,N
-32.16651,18.98261,336.97,0.39,0.37,2025-03-13,2339,N20,nominal,2.0NRT,299.02,10.08,N
-32.16721,18.98677,340.63,0.39,0.37,2025-03-13,2339,N20,nominal,2.0NRT,299.61,5.58,N
-32.16792,18.99098,327.49,0.39,0.37,2025-03-13,2339,N20,nominal,2.0NRT,299.29,5.58,N
-32.16369,18.96593,311.52,0.39,0.37,2025-03-13,2339,N20,nominal,2.0NRT,296.01,28.19,N
-32.16864,18.99523,317.66,0.39,0.37,2025-03-13,2339,N20,nominal,2.0NRT,297.02,2.58,N
-32.16936,18.99951,312.06,0.39,0.37,2025-03-13,2339,N20,nominal,2.0NRT,296.1,2.58,N
-32.16559,18.95657,330.46,0.4,0.37,2025-03-13,2339,N20,nominal,2.0NRT,298.34,14.74,N
-32.16702,18.96503,342.9,0.39,0.37,2025-03-13,2339,N20,nominal,2.0NRT,297.9,28.19,N
-32.16772,18.96922,343.61,0.39,0.37,2025-03-13,2339,N20,nominal,2.0NRT,299.51,34.86,N
-32.16843,18.97338,346.53,0.39,0.37,2025-03-13,2339,N20,nominal,2.0NRT,299.85,34.86,N
-32.16912,18.9775,343.49,0.39,0.37,2025-03-13,2339,N20,nominal,2.0NRT,300.5,10.08,N
-32.16983,18.98167,344.79,0.39,0.37,2025-03-13,2339,N20,nominal,2.0NRT,302.19,10.08,N
-32.17053,18.98583,350.89,0.39,0.37,2025-03-13,2339,N20,nominal,2.0NRT,300.93,5.58,N
-32.17125,18.99007,346.88,0.39,0.37,2025-03-13,2339,N20,nominal,2.0NRT,302.41,5.58,N
-32.17198,18.99443,341.33,0.39,0.37,2025-03-13,2339,N20,nominal,2.0NRT,298.56,2.58,N
-32.17271,18.99876,326.27,0.39,0.37,2025-03-13,2339,N20,nominal,2.0NRT,295.79,2.58,N
-32.16631,18.96081,315.88,0.39,0.37,2025-03-13,2339,N20,nominal,2.0NRT,296.2,28.19,N
-32.17344,19.00309,307.91,0.39,0.37,2025-03-13,2339,N20,nominal,2.0NRT,294.06,1.93,N
-32.17105,18.96832,336.27,0.39,0.37,2025-03-13,2339,N20,nominal,2.0NRT,321.56,38.25,N
-32.17176,18.97249,343.91,0.39,0.37,2025-03-13,2339,N20,nominal,2.0NRT,316.85,38.25,N
-32.17245,18.97663,333.01,0.39,0.37,2025-03-13,2339,N20,nominal,2.0NRT,299.58,44.23,N
-32.17316,18.98083,367,0.39,0.37,2025-03-13,2339,N20,high,2.0NRT,331.71,44.23,N
-32.17388,18.98506,322.96,0.39,0.37,2025-03-13,2339,N20,nominal,2.0NRT,298.73,12.3,N
-32.17035,18.96414,313.89,0.39,0.37,2025-03-13,2339,N20,nominal,2.0NRT,297.1,2.84,N
-32.17533,18.99371,312.51,0.39,0.37,2025-03-13,2339,N20,nominal,2.0NRT,296.62,1.8,N
-32.1768,19.00239,306.71,0.39,0.37,2025-03-13,2339,N20,nominal,2.0NRT,293.91,2,N
-32.17651,18.98007,356.2,0.39,0.37,2025-03-13,2339,N20,nominal,2.0NRT,303.7,44.23,N
-32.17723,18.98434,339.03,0.39,0.37,2025-03-13,2339,N20,nominal,2.0NRT,300.45,12.3,N
-32.17868,18.99297,324.22,0.39,0.37,2025-03-13,2339,N20,nominal,2.0NRT,296.48,1.8,N
-32.17439,18.96746,312.38,0.39,0.37,2025-03-13,2339,N20,nominal,2.0NRT,298.39,38.25,N
-32.17796,18.98865,307.71,0.39,0.37,2025-03-13,2339,N20,nominal,2.0NRT,296.52,12.3,N
-32.17942,18.99731,315.57,0.39,0.37,2025-03-13,2339,N20,nominal,2.0NRT,294.75,1.8,N
-32.17915,18.97504,327.6,0.39,0.37,2025-03-13,2339,N20,nominal,2.0NRT,300.7,2.71,N
-32.17986,18.97928,336.66,0.39,0.37,2025-03-13,2339,N20,nominal,2.0NRT,300.99,2.71,N
-32.18058,18.98355,334.75,0.39,0.37,2025-03-13,2339,N20,nominal,2.0NRT,298.98,3.51,N
-32.1813,18.98783,342.58,0.39,0.37,2025-03-13,2339,N20,nominal,2.0NRT,299.76,3.51,N
-32.18202,18.99213,322.6,0.39,0.37,2025-03-13,2339,N20,nominal,2.0NRT,296.19,1.97,N
-32.18274,18.99643,309.3,0.39,0.37,2025-03-13,2339,N20,nominal,2.0NRT,294.48,1.97,N
-32.18034,18.96147,339.79,0.39,0.37,2025-03-13,2339,N20,nominal,2.0NRT,301.79,10.27,N
-32.18106,18.96573,367,0.39,0.37,2025-03-13,2339,N20,high,2.0NRT,304.61,12.58,N
-32.18177,18.96998,351.44,0.39,0.37,2025-03-13,2339,N20,nominal,2.0NRT,301.19,12.58,N
-32.18249,18.97423,326.52,0.39,0.37,2025-03-13,2339,N20,nominal,2.0NRT,298.04,2.71,N
-32.18464,18.98697,331.03,0.39,0.37,2025-03-13,2339,N20,nominal,2.0NRT,296.23,3.51,N
-32.1832,18.97848,318.77,0.39,0.37,2025-03-13,2339,N20,nominal,2.0NRT,297.67,2.71,N
-32.18392,18.98273,311.88,0.39,0.37,2025-03-13,2339,N20,nominal,2.0NRT,296.28,3.51,N
-32.18535,18.99124,312.24,0.39,0.37,2025-03-13,2339,N20,nominal,2.0NRT,295.32,1.97,N
-32.18607,18.99551,312.78,0.39,0.37,2025-03-13,2339,N20,nominal,2.0NRT,295.73,1.97,N
-32.18679,18.99986,307.82,0.39,0.37,2025-03-13,2339,N20,nominal,2.0NRT,294.91,2.14,N
-32.18439,18.96486,340.86,0.39,0.37,2025-03-13,2339,N20,nominal,2.0NRT,300.66,5.08,N
-32.18512,18.96916,348.46,0.39,0.37,2025-03-13,2339,N20,nominal,2.0NRT,301.04,5.08,N
-32.18583,18.97343,332.51,0.39,0.37,2025-03-13,2339,N20,nominal,2.0NRT,302.29,4.69,N
-32.18655,18.97767,328.28,0.39,0.37,2025-03-13,2339,N20,nominal,2.0NRT,298.17,4.69,N
-32.18726,18.9819,323.28,0.39,0.37,2025-03-13,2339,N20,nominal,2.0NRT,297.51,2.12,N
-32.18367,18.96058,309.41,0.39,0.37,2025-03-13,2339,N20,nominal,2.0NRT,298.13,2.51,N
-32.18797,18.98613,308.48,0.39,0.37,2025-03-13,2339,N20,nominal,2.0NRT,295.47,2.12,N
-32.19131,18.9853,336.85,0.39,0.37,2025-03-13,2339,N20,nominal,2.0NRT,299.56,2.12,N
-32.19202,18.98956,350.4,0.39,0.37,2025-03-13,2339,N20,nominal,2.0NRT,301.71,9.48,N
-32.18845,18.96831,312.24,0.39,0.37,2025-03-13,2339,N20,nominal,2.0NRT,298.31,5.08,N
-32.18988,18.97683,313.2,0.39,0.37,2025-03-13,2339,N20,nominal,2.0NRT,297.66,4.69,N
-32.1906,18.98107,309.87,0.39,0.37,2025-03-13,2339,N20,nominal,2.0NRT,297.25,2.12,N
-32.19321,18.97594,332.68,0.39,0.37,2025-03-13,2339,N20,nominal,2.0NRT,309.79,28.36,N
-32.19393,18.98022,344.9,0.39,0.37,2025-03-13,2339,N20,nominal,2.0NRT,305.96,10.27,N
-32.19464,18.98446,324.2,0.39,0.37,2025-03-13,2339,N20,nominal,2.0NRT,297.67,10.27,N
-32.19536,18.98873,311.46,0.39,0.37,2025-03-13,2339,N20,nominal,2.0NRT,297.02,2.79,N
-32.19654,18.97504,341.73,0.39,0.37,2025-03-13,2339,N20,nominal,2.0NRT,301.34,28.36,N
-32.19726,18.97934,325.38,0.39,0.37,2025-03-13,2339,N20,nominal,2.0NRT,298.47,10.27,N
-32.21838,19.02236,341.37,0.39,0.36,2025-03-13,2339,N20,nominal,2.0NRT,299.69,3.83,N
-32.21909,19.02655,330.04,0.39,0.36,2025-03-13,2339,N20,nominal,2.0NRT,298.4,3.92,N
-32.21768,19.01815,317.71,0.39,0.36,2025-03-13,2339,N20,nominal,2.0NRT,296.86,3.83,N
-32.21888,19.00452,331.87,0.39,0.36,2025-03-13,2339,N20,nominal,2.0NRT,317.98,32.23,N
-32.21959,19.00873,353.02,0.39,0.36,2025-03-13,2339,N20,nominal,2.0NRT,306.3,10.94,N
-32.22029,19.01297,343.44,0.39,0.36,2025-03-13,2339,N20,nominal,2.0NRT,301.01,10.94,N
-32.221,19.01717,356.53,0.39,0.36,2025-03-13,2339,N20,nominal,2.0NRT,305.9,6.08,N
-32.2217,19.02139,334.31,0.39,0.36,2025-03-13,2339,N20,nominal,2.0NRT,299.96,6.08,N
-32.22222,19.00366,331.64,0.39,0.36,2025-03-13,2339,N20,nominal,2.0NRT,299.17,32.23,N
-32.22292,19.00789,348.13,0.39,0.36,2025-03-13,2339,N20,nominal,2.0NRT,302.4,10.94,N
-32.22363,19.01213,344.54,0.39,0.36,2025-03-13,2339,N20,nominal,2.0NRT,302.76,10.94,N
-32.22506,19.0207,324.09,0.39,0.36,2025-03-13,2339,N20,nominal,2.0NRT,297.74,6.08,N
-32.22577,19.02498,311.17,0.39,0.36,2025-03-13,2339,N20,nominal,2.0NRT,297.37,2.46,N
-32.22862,19.04214,305.45,0.39,0.36,2025-03-13,2339,N20,nominal,2.0NRT,294.35,1.22,N
-32.22841,19.02001,341.66,0.39,0.36,2025-03-13,2339,N20,nominal,2.0NRT,303.64,19.9,N
-32.22912,19.02423,340.24,0.39,0.36,2025-03-13,2339,N20,nominal,2.0NRT,300.34,10.28,N
-32.26493,19.04268,313.47,0.39,0.36,2025-03-13,2339,N20,nominal,2.0NRT,297.35,3.3,N
-32.26969,19.05025,338.25,0.39,0.36,2025-03-13,2339,N20,nominal,2.0NRT,300.77,5.85,N
-32.29047,19.112,313.34,0.39,0.36,2025-03-13,2339,N20,nominal,2.0NRT,289.78,1,N
-32.29391,19.13256,315.38,0.39,0.36,2025-03-13,2339,N20,nominal,2.0NRT,290.1,0.98,N
-32.28241,19.04335,350.02,0.39,0.36,2025-03-13,2339,N20,nominal,2.0NRT,310.6,39.26,N
-32.28311,19.04746,345.91,0.39,0.36,2025-03-13,2339,N20,nominal,2.0NRT,304.7,15.49,N
-32.29098,19.09433,328.79,0.39,0.36,2025-03-13,2339,N20,nominal,2.0NRT,290.86,1.49,N
-32.2917,19.09864,305.53,0.39,0.36,2025-03-13,2339,N20,nominal,2.0NRT,289.88,1.13,N
-32.28578,19.04273,352.67,0.39,0.36,2025-03-13,2339,N20,nominal,2.0NRT,299.64,16.08,N
-32.28648,19.04686,337.54,0.39,0.36,2025-03-13,2339,N20,nominal,2.0NRT,297.07,6.9,N
-32.29429,19.09343,336.82,0.39,0.36,2025-03-13,2339,N20,nominal,2.0NRT,296.41,9.71,N
-32.29502,19.0978,346.28,0.39,0.36,2025-03-13,2339,N20,nominal,2.0NRT,295.68,34.49,N
-32.29355,19.08901,316.5,0.39,0.36,2025-03-13,2339,N20,nominal,2.0NRT,292.82,9.71,N
-32.29574,19.1021,306.21,0.39,0.36,2025-03-13,2339,N20,nominal,2.0NRT,289.68,34.49,N
-32.29645,19.10632,306.54,0.39,0.36,2025-03-13,2339,N20,nominal,2.0NRT,289.3,13.75,N
-32.29685,19.08802,330.04,0.39,0.36,2025-03-13,2339,N20,nominal,2.0NRT,295.09,9.71,N
-32.29832,19.09681,332.72,0.39,0.36,2025-03-13,2339,N20,nominal,2.0NRT,295.09,34.49,N
-32.29905,19.10113,367,0.39,0.36,2025-03-13,2339,N20,high,2.0NRT,323.83,34.49,N
-32.29976,19.10541,345.48,0.39,0.36,2025-03-13,2339,N20,nominal,2.0NRT,298.95,13.75,N
-32.30047,19.10966,349.19,0.39,0.36,2025-03-13,2339,N20,nominal,2.0NRT,294.32,13.75,N
-32.30161,19.09576,333.53,0.39,0.36,2025-03-13,2339,N20,nominal,2.0NRT,296.78,11.01,N
-32.30234,19.10011,351.16,0.39,0.36,2025-03-13,2339,N20,nominal,2.0NRT,300.67,11.01,N
-32.30307,19.10448,327.48,0.39,0.36,2025-03-13,2339,N20,nominal,2.0NRT,293.57,4.01,N
-32.30521,19.11728,304.63,0.39,0.36,2025-03-13,2339,N20,nominal,2.0NRT,289.46,0.7,N
-32.30565,19.09919,339.75,0.39,0.36,2025-03-13,2339,N20,nominal,2.0NRT,294.52,11.01,N
-32.30639,19.10359,340.65,0.39,0.36,2025-03-13,2339,N20,nominal,2.0NRT,293.77,4.01,N
-32.30712,19.10796,322.69,0.39,0.36,2025-03-13,2339,N20,nominal,2.0NRT,290.43,4.01,N
-32.30855,19.11653,305.43,0.39,0.36,2025-03-13,2339,N20,nominal,2.0NRT,288.1,0.7,N
-32.31044,19.10713,350.26,0.39,0.36,2025-03-13,2339,N20,nominal,2.0NRT,295.91,12.49,N
-32.40444,19.20409,316.58,0.39,0.36,2025-03-13,2339,N20,nominal,2.0NRT,288.58,0.88,N
-32.40511,19.20812,298.79,0.39,0.36,2025-03-13,2339,N20,nominal,2.0NRT,288.38,0.88,N
-32.40779,19.20345,299.05,0.39,0.36,2025-03-13,2339,N20,nominal,2.0NRT,287.15,0.44,N
-32.93764,18.75883,304.71,0.39,0.37,2025-03-13,2339,N20,nominal,2.0NRT,293.93,0.77,N
-32.9636,18.04735,315.8,0.41,0.37,2025-03-13,2339,N20,nominal,2.0NRT,293.84,1.09,N
-33.31549,18.84536,303.59,0.39,0.36,2025-03-13,2339,N20,nominal,2.0NRT,293.14,0.71,N
-33.38564,19.16327,312.35,0.39,0.36,2025-03-13,2339,N20,nominal,2.0NRT,289.56,1.37,N
-33.56702,18.4853,304.67,0.4,0.37,2025-03-13,2339,N20,nominal,2.0NRT,291.38,0.54,N
-33.73908,18.86327,303.43,0.39,0.36,2025-03-13,2339,N20,nominal,2.0NRT,292.17,0.24,N
-4.71662,25.5687,303.66,0.4,0.37,2025-03-13,2331,N20,nominal,2.0NRT,290.71,0.53,N
-11.08776,26.25653,303.83,0.39,0.36,2025-03-13,2333,N20,nominal,2.0NRT,279.53,0.84,N
-11.0883,26.26005,300.04,0.39,0.36,2025-03-13,2333,N20,nominal,2.0NRT,278.84,0.84,N
-11.09162,26.25952,297.3,0.39,0.36,2025-03-13,2333,N20,nominal,2.0NRT,277.8,1.03,N
-12.07707,26.39721,328.92,0.39,0.36,2025-03-13,2333,N20,nominal,2.0NRT,282.85,2.58,N
-12.50707,28.28758,304.05,0.45,0.39,2025-03-13,2333,N20,nominal,2.0NRT,285.68,0.96,N
-12.65736,28.10272,308.55,0.44,0.39,2025-03-13,2333,N20,nominal,2.0NRT,284.85,1.32,N
-15.89203,33.03024,306.78,0.32,0.55,2025-03-13,2333,N20,nominal,2.0NRT,286.98,0.67,N
-15.93056,33.01573,303.63,0.32,0.55,2025-03-13,2333,N20,nominal,2.0NRT,286.79,0.39,N
-16.12125,33.76051,302.31,0.36,0.58,2025-03-13,2333,N20,nominal,2.0NRT,288.73,1.11,N
-16.16365,33.80294,306.13,0.36,0.58,2025-03-13,2333,N20,nominal,2.0NRT,289.52,0.92,N
-16.19456,33.83745,301.17,0.37,0.58,2025-03-13,2333,N20,nominal,2.0NRT,289.63,1.6,N
-17.34439,27.20446,312.14,0.45,0.39,2025-03-13,2335,N20,nominal,2.0NRT,292.93,1.64,N
-18.05222,30.37984,297.9,0.46,0.47,2025-03-13,2335,N20,nominal,2.0NRT,287.46,0.59,N
-18.05655,30.37927,298.17,0.46,0.47,2025-03-13,2335,N20,nominal,2.0NRT,287.97,0.62,N
-17.29776,24.14667,328.71,0.38,0.36,2025-03-13,2335,N20,nominal,2.0NRT,290.58,2.34,N
-17.39093,24.65583,303.62,0.39,0.36,2025-03-13,2335,N20,nominal,2.0NRT,289.81,0.57,N
-18.47763,32.73566,308.36,0.33,0.55,2025-03-13,2335,N20,nominal,2.0NRT,283.61,0.53,N
-18.35995,26.66031,309.7,0.44,0.38,2025-03-13,2335,N20,nominal,2.0NRT,293.61,1.43,N
-18.36053,26.66439,311.44,0.44,0.38,2025-03-13,2335,N20,nominal,2.0NRT,293.53,1.1,N
-18.36568,26.47565,320.77,0.43,0.38,2025-03-13,2335,N20,nominal,2.0NRT,293.98,3.08,N
-18.36626,26.47969,315.71,0.43,0.38,2025-03-13,2335,N20,nominal,2.0NRT,294.79,3.79,N
-18.36917,26.47507,329.04,0.43,0.38,2025-03-13,2335,N20,nominal,2.0NRT,294.29,3.08,N
-18.36975,26.47912,334.58,0.43,0.38,2025-03-13,2335,N20,nominal,2.0NRT,300.09,3.79,N
-18.36565,26.4508,317.09,0.43,0.38,2025-03-13,2335,N20,nominal,2.0NRT,295.79,2.27,N
-18.36913,26.45023,313.72,0.43,0.38,2025-03-13,2335,N20,nominal,2.0NRT,293,1.84,N
-18.37261,26.44966,325.97,0.43,0.38,2025-03-13,2335,N20,nominal,2.0NRT,295.81,1.84,N
-18.93351,30.59827,309.97,0.49,0.48,2025-03-13,2335,N20,nominal,2.0NRT,287.1,0.96,N
-18.40233,26.50675,303.9,0.43,0.38,2025-03-13,2335,N20,nominal,2.0NRT,292.26,0.5,N
-18.40883,26.49414,317.18,0.43,0.38,2025-03-13,2335,N20,nominal,2.0NRT,292.23,1.12,N
-18.42569,26.5375,304.14,0.43,0.38,2025-03-13,2335,N20,nominal,2.0NRT,291.86,0.42,N
-18.41935,26.46771,304.34,0.43,0.38,2025-03-13,2335,N20,nominal,2.0NRT,292.32,0.72,N
-18.42919,26.5117,338.95,0.43,0.38,2025-03-13,2335,N20,nominal,2.0NRT,296.38,4.47,N
-18.42407,26.42582,308.42,0.43,0.38,2025-03-13,2335,N20,nominal,2.0NRT,295.47,2.72,N
-18.43678,26.51486,306.83,0.43,0.38,2025-03-13,2335,N20,nominal,2.0NRT,292.15,1.1,N
-18.4397,26.51021,304.84,0.43,0.38,2025-03-13,2335,N20,nominal,2.0NRT,292.29,1.1,N
-18.44378,26.51377,308.7,0.43,0.38,2025-03-13,2335,N20,nominal,2.0NRT,292.3,1.28,N
-18.44204,26.47658,327.01,0.43,0.38,2025-03-13,2335,N20,nominal,2.0NRT,295.08,3.58,N
-18.91508,29.73025,297.8,0.43,0.46,2025-03-13,2335,N20,nominal,2.0NRT,287.2,0.52,N
-19.4152,30.04918,301.5,0.45,0.47,2025-03-13,2335,N20,nominal,2.0NRT,287.03,0.88,N
-19.15882,48.82992,342.86,0.39,0.36,2025-03-14,1024,N20,nominal,2.0NRT,293.66,7.25,D
-19.15547,48.82933,343.68,0.39,0.36,2025-03-14,1024,N20,nominal,2.0NRT,292.83,7.16,D
-18.92015,49.11776,330.31,0.4,0.37,2025-03-14,1026,N20,nominal,2.0NRT,291.81,3.79,D
-18.91677,49.11716,347.55,0.4,0.37,2025-03-14,1026,N20,nominal,2.0NRT,292.22,3.79,D
-18.925,48.91264,331.14,0.4,0.37,2025-03-14,1026,N20,nominal,2.0NRT,293.37,1.58,D
-18.73002,48.95496,337.34,0.4,0.37,2025-03-14,1026,N20,nominal,2.0NRT,290.67,3,D
-18.66457,49.05254,349.33,0.4,0.37,2025-03-14,1026,N20,nominal,2.0NRT,290.75,4.6,D
-17.93583,49.43867,333.16,0.41,0.37,2025-03-14,1026,N20,nominal,2.0NRT,292.3,2.11,D
-17.69021,48.1277,331.36,0.39,0.36,2025-03-14,1026,N20,nominal,2.0NRT,293.08,2.28,D
-14.94416,49.79801,332.67,0.46,0.39,2025-03-14,1026,N20,nominal,2.0NRT,292.2,2.66,D
-14.22076,49.61534,330.09,0.46,0.39,2025-03-14,1026,N20,nominal,2.0NRT,288.41,2.38,D
-13.98194,49.99325,334.44,0.48,0.4,2025-03-14,1026,N20,nominal,2.0NRT,292.56,4.39,D
-13.50465,49.03498,333.41,0.44,0.38,2025-03-14,1026,N20,nominal,2.0NRT,297.26,2.49,D
-13.41514,48.82658,331.24,0.43,0.38,2025-03-14,1026,N20,nominal,2.0NRT,298.3,4.76,D
-9.16971,35.43166,332.04,0.42,0.61,2025-03-14,1028,N20,nominal,2.0NRT,285.28,3.31,D
-9.17098,35.4331,330.75,0.42,0.61,2025-03-14,1028,N20,nominal,2.0NRT,284.98,2.68,D
-7.99394,39.17491,341.83,0.44,0.46,2025-03-14,1028,N20,nominal,2.0NRT,295.02,7.26,D
-7.98921,39.08387,333.2,0.45,0.47,2025-03-14,1028,N20,nominal,2.0NRT,296.28,5.83,D
-7.62617,39.00496,332.44,0.45,0.47,2025-03-14,1028,N20,nominal,2.0NRT,299.56,5.51,D
-7.19128,39.30461,331.63,0.42,0.45,2025-03-14,1028,N20,nominal,2.0NRT,300.35,2.62,D
-7.20744,39.18917,332.75,0.43,0.46,2025-03-14,1028,N20,nominal,2.0NRT,300.39,3.23,D
-7.11048,39.26331,341.1,0.42,0.46,2025-03-14,1028,N20,nominal,2.0NRT,298.13,1.14,D
-7.02461,39.43563,330.23,0.41,0.45,2025-03-14,1028,N20,low,2.0NRT,300.96,2.18,D
-7.00455,39.51588,332.08,0.41,0.45,2025-03-14,1028,N20,low,2.0NRT,302.31,1.9,D
-6.70541,38.70575,332.83,0.46,0.47,2025-03-14,1028,N20,nominal,2.0NRT,300.87,3.74,D
-6.67531,38.89224,332.41,0.44,0.46,2025-03-14,1028,N20,nominal,2.0NRT,300.33,2.79,D
-6.67104,38.89166,336.85,0.44,0.46,2025-03-14,1028,N20,nominal,2.0NRT,298.36,2.79,D
-6.67199,38.89229,347.83,0.44,0.46,2025-03-14,1028,N20,nominal,2.0NRT,298.62,5.38,D
-6.6005,39.14848,331.52,0.43,0.46,2025-03-14,1028,N20,nominal,2.0NRT,299.87,2.44,D
-6.53695,38.80822,334.49,0.45,0.47,2025-03-14,1028,N20,nominal,2.0NRT,296.72,1.54,D
-6.57246,38.36946,334.01,0.48,0.48,2025-03-14,1028,N20,nominal,2.0NRT,300.53,2.95,D
-6.41202,39.4759,346.18,0.4,0.44,2025-03-14,1028,N20,nominal,2.0NRT,299.74,7.7,D
-6.63507,37.0041,332.74,0.59,0.53,2025-03-14,1028,N20,nominal,2.0NRT,294.11,4.13,D
-6.6152,36.89422,336.78,0.61,0.53,2025-03-14,1028,N20,nominal,2.0NRT,294.41,8.35,D
-6.26417,39.435,341.66,0.4,0.44,2025-03-14,1028,N20,nominal,2.0NRT,299.85,7.75,D
-6.26041,39.43474,351.71,0.4,0.44,2025-03-14,1028,N20,nominal,2.0NRT,300.95,13.71,D
-6.25739,39.42688,342.89,0.4,0.44,2025-03-14,1028,N20,nominal,2.0NRT,301.17,15.04,D
-6.61747,36.89318,331.16,0.6,0.53,2025-03-14,1028,N20,nominal,2.0NRT,292.76,8.62,D
-6.52021,36.98642,338.28,0.59,0.53,2025-03-14,1028,N20,nominal,2.0NRT,293.37,12.64,D
-6.22912,38.85111,343,0.44,0.46,2025-03-14,1028,N20,nominal,2.0NRT,300.41,3.56,D
-6.48249,37.08833,331.92,0.58,0.52,2025-03-14,1028,N20,nominal,2.0NRT,295.11,3.97,D
-6.26985,38.53935,340.61,0.46,0.47,2025-03-14,1028,N20,nominal,2.0NRT,301.52,11.07,D
-6.10322,39.40105,341.86,0.4,0.44,2025-03-14,1028,N20,nominal,2.0NRT,299.69,9.21,D
-6.12305,38.56415,338.72,0.46,0.47,2025-03-14,1028,N20,nominal,2.0NRT,299.31,3.99,D
-6.03696,38.59783,344.67,0.45,0.47,2025-03-14,1028,N20,nominal,2.0NRT,301.39,11.3,D
-5.98986,38.55791,338.85,0.46,0.47,2025-03-14,1028,N20,nominal,2.0NRT,297.13,5.54,D
-5.99044,38.55383,333.93,0.46,0.47,2025-03-14,1028,N20,nominal,2.0NRT,298.92,5.66,D
-5.84615,38.56295,342.95,0.45,0.47,2025-03-14,1028,N20,nominal,2.0NRT,301.04,6.24,D
-5.84671,38.55892,333.23,0.45,0.47,2025-03-14,1028,N20,nominal,2.0NRT,300.96,4.2,D
-5.84444,38.55933,342.67,0.45,0.47,2025-03-14,1028,N20,nominal,2.0NRT,301.65,7.18,D
-5.79334,38.60954,335.07,0.45,0.47,2025-03-14,1028,N20,nominal,2.0NRT,299.36,3.07,D
-5.74274,38.62748,343.05,0.45,0.47,2025-03-14,1028,N20,nominal,2.0NRT,301.39,9.86,D
-5.74329,38.62357,337.26,0.45,0.47,2025-03-14,1028,N20,nominal,2.0NRT,303.19,9.86,D
-5.74007,38.62422,346.85,0.45,0.47,2025-03-14,1028,N20,nominal,2.0NRT,299.9,9.98,D
-5.65372,38.80063,338.88,0.43,0.46,2025-03-14,1028,N20,nominal,2.0NRT,298.81,3.14,D
-5.67365,38.63074,330.57,0.45,0.47,2025-03-14,1028,N20,nominal,2.0NRT,299.44,1.24,D
-5.63592,38.86502,331.71,0.43,0.46,2025-03-14,1028,N20,nominal,2.0NRT,301.05,3,D
-5.63062,38.87207,330.17,0.43,0.46,2025-03-14,1028,N20,low,2.0NRT,301.03,4.74,D
-5.68911,38.17378,338.18,0.48,0.48,2025-03-14,1028,N20,nominal,2.0NRT,298.56,6.83,D
-5.59446,38.82396,341.46,0.43,0.46,2025-03-14,1028,N20,nominal,2.0NRT,300.47,7.38,D
-5.59419,38.82419,335.27,0.43,0.46,2025-03-14,1028,N20,nominal,2.0NRT,300.09,3.22,D
-5.59478,38.8202,335.61,0.43,0.46,2025-03-14,1028,N20,nominal,2.0NRT,300.31,3.22,D
-5.68932,38.17498,334.53,0.48,0.48,2025-03-14,1028,N20,nominal,2.0NRT,296.63,7.22,D
-5.64756,38.39995,334.44,0.46,0.47,2025-03-14,1028,N20,nominal,2.0NRT,303.52,7.56,D
-5.57257,38.82502,339.91,0.43,0.46,2025-03-14,1028,N20,nominal,2.0NRT,301.69,2.82,D
-5.55497,38.9166,333.42,0.43,0.46,2025-03-14,1028,N20,nominal,2.0NRT,299.92,3.95,D
-5.63076,38.39359,349.51,0.46,0.47,2025-03-14,1028,N20,nominal,2.0NRT,303.99,9.15,D
-5.55187,38.90848,340.88,0.43,0.46,2025-03-14,1028,N20,nominal,2.0NRT,298.95,12.92,D
-5.55242,38.90468,332.18,0.43,0.46,2025-03-14,1028,N20,low,2.0NRT,302.28,14.76,D
-5.61297,38.42494,331.87,0.46,0.47,2025-03-14,1028,N20,nominal,2.0NRT,300.61,4.38,D
-5.58525,38.43349,367,0.46,0.47,2025-03-14,1028,N20,high,2.0NRT,301.8,12.84,D
-5.60521,38.13343,334.33,0.48,0.48,2025-03-14,1028,N20,nominal,2.0NRT,301.23,5.35,D
-5.49415,38.6513,333.34,0.44,0.46,2025-03-14,1028,N20,nominal,2.0NRT,301.82,2.02,D
-5.50231,38.53516,343.46,0.45,0.47,2025-03-14,1028,N20,nominal,2.0NRT,304.24,13.16,D
-5.51748,38.3075,331.34,0.47,0.47,2025-03-14,1028,N20,nominal,2.0NRT,296.98,3.82,D
-5.51808,38.30332,336.79,0.47,0.48,2025-03-14,1028,N20,nominal,2.0NRT,299.69,3.82,D
-5.62033,37.55457,339.72,0.53,0.5,2025-03-14,1028,N20,nominal,2.0NRT,297.4,6.25,D
-5.4453,38.62836,334.9,0.44,0.46,2025-03-14,1028,N20,nominal,2.0NRT,302.83,2.5,D
-5.41711,38.73555,333.74,0.44,0.46,2025-03-14,1028,N20,nominal,2.0NRT,298.91,2.97,D
-5.4301,38.58188,334.24,0.45,0.47,2025-03-14,1028,N20,nominal,2.0NRT,303.76,6.88,D
-5.43066,38.5779,334.15,0.45,0.47,2025-03-14,1028,N20,low,2.0NRT,304.22,6.18,D
-5.42418,38.59305,340.69,0.45,0.47,2025-03-14,1028,N20,nominal,2.0NRT,302.14,4.37,D
-5.42584,38.58123,335.22,0.45,0.47,2025-03-14,1028,N20,nominal,2.0NRT,304.42,7.06,D
-5.42639,38.57726,337.75,0.45,0.47,2025-03-14,1028,N20,nominal,2.0NRT,304.74,4.2,D
-5.42212,38.57664,344.38,0.45,0.47,2025-03-14,1028,N20,nominal,2.0NRT,302.93,4.2,D
-5.42349,38.57634,344.57,0.45,0.47,2025-03-14,1028,N20,nominal,2.0NRT,302.75,4.79,D
-5.35023,38.8402,331.22,0.43,0.46,2025-03-14,1028,N20,low,2.0NRT,301.94,2.25,D
-5.40306,38.44641,335.66,0.45,0.47,2025-03-14,1028,N20,nominal,2.0NRT,301.79,3.82,D
-5.40772,38.41425,352.93,0.46,0.47,2025-03-14,1028,N20,nominal,2.0NRT,302.53,14.9,D
-5.36025,38.40715,331.37,0.46,0.47,2025-03-14,1028,N20,nominal,2.0NRT,299.29,2.86,D
-5.32384,38.60304,342.47,0.44,0.46,2025-03-14,1028,N20,nominal,2.0NRT,301.59,12.64,D
-5.34422,38.45845,343.45,0.45,0.47,2025-03-14,1028,N20,nominal,2.0NRT,303.3,11.13,D
-5.34479,38.45441,338.89,0.45,0.47,2025-03-14,1028,N20,nominal,2.0NRT,304.41,11.13,D
-5.35647,38.33994,333.98,0.46,0.47,2025-03-14,1028,N20,nominal,2.0NRT,299.07,19.13,D
-5.32474,38.47221,348.66,0.45,0.47,2025-03-14,1028,N20,nominal,2.0NRT,305.22,9.81,D
-5.32043,38.47166,347.32,0.45,0.47,2025-03-14,1028,N20,nominal,2.0NRT,303.13,9.81,D
-5.32193,38.47305,343.83,0.45,0.47,2025-03-14,1028,N20,nominal,2.0NRT,304,10.57,D
-5.32252,38.4691,336.31,0.45,0.47,2025-03-14,1028,N20,nominal,2.0NRT,303.24,10.57,D
-5.17405,39.07655,334.46,0.41,0.45,2025-03-14,1028,N20,nominal,2.0NRT,301.63,2.91,D
-5.19249,38.88896,330.33,0.42,0.45,2025-03-14,1028,N20,low,2.0NRT,302.14,3.03,D
-5.22375,38.67002,342.26,0.44,0.46,2025-03-14,1028,N20,nominal,2.0NRT,301.97,5.34,D
-5.21953,38.66932,337.14,0.44,0.46,2025-03-14,1028,N20,nominal,2.0NRT,302.56,5.34,D
-5.18414,38.8878,332.31,0.42,0.45,2025-03-14,1028,N20,nominal,2.0NRT,301.57,2.81,D
-5.13773,38.96198,334.38,0.42,0.45,2025-03-14,1028,N20,nominal,2.0NRT,302.31,2.24,D
-5.20635,38.43667,338.38,0.45,0.47,2025-03-14,1028,N20,nominal,2.0NRT,300.43,3.31,D
-5.10676,38.9421,367,0.42,0.45,2025-03-14,1028,N20,high,2.0NRT,303.56,8.17,D
-5.07944,39.01408,330.6,0.41,0.45,2025-03-14,1028,N20,nominal,2.0NRT,300.56,1,D
-5.08711,38.93144,350.65,0.42,0.45,2025-03-14,1028,N20,nominal,2.0NRT,301.38,5.57,D
-5.08349,38.92715,338.04,0.42,0.45,2025-03-14,1028,N20,nominal,2.0NRT,301.63,5.57,D
-5.05149,39.03277,342.26,0.41,0.45,2025-03-14,1030,N20,nominal,2.0NRT,301.78,3.62,D
-5.17708,37.9541,334.62,0.49,0.48,2025-03-14,1030,N20,low,2.0NRT,305.45,6.75,D
-5.17836,37.95182,338.23,0.49,0.48,2025-03-14,1030,N20,nominal,2.0NRT,305.63,5.67,D
-5.00516,39.04202,334.4,0.41,0.45,2025-03-14,1030,N20,nominal,2.0NRT,301.32,2.51,D
-5.00105,39.0414,331.41,0.41,0.45,2025-03-14,1030,N20,nominal,2.0NRT,300.18,2.51,D
-5.00451,38.98905,345.22,0.41,0.45,2025-03-14,1030,N20,nominal,2.0NRT,302.09,4.86,D
-5.02071,38.70184,345.96,0.43,0.46,2025-03-14,1030,N20,nominal,2.0NRT,302.53,6.08,D
-4.96872,38.76557,343.63,0.43,0.46,2025-03-14,1030,N20,nominal,2.0NRT,305.46,7.3,D
-4.96929,38.76157,349.39,0.43,0.46,2025-03-14,1030,N20,nominal,2.0NRT,304.98,9.09,D
-4.9108,39.03566,332.01,0.41,0.45,2025-03-14,1030,N20,nominal,2.0NRT,301.37,2.64,D
-4.86758,38.92773,330.95,0.42,0.45,2025-03-14,1030,N20,nominal,2.0NRT,298.94,1.91,D
-4.80898,39.07323,343.42,0.41,0.45,2025-03-14,1030,N20,nominal,2.0NRT,301.66,4.34,D
-4.8095,39.06953,337.36,0.41,0.45,2025-03-14,1030,N20,nominal,2.0NRT,301.66,4.34,D
-4.80969,39.07267,343.75,0.41,0.45,2025-03-14,1030,N20,nominal,2.0NRT,301.51,4.21,D
-4.80559,39.07212,333.15,0.41,0.45,2025-03-14,1030,N20,nominal,2.0NRT,301.65,4.21,D
-4.78354,38.64138,333.45,0.43,0.46,2025-03-14,1030,N20,nominal,2.0NRT,300.93,2.1,D
-4.67926,38.82499,333.99,0.42,0.45,2025-03-14,1030,N20,low,2.0NRT,306.34,5.38,D
-4.56369,39.33803,332.25,0.39,0.44,2025-03-14,1030,N20,nominal,2.0NRT,300.85,2.81,D
-4.56419,39.33455,334.38,0.39,0.44,2025-03-14,1030,N20,nominal,2.0NRT,300.44,1.68,D
-4.55967,39.33745,335.95,0.39,0.44,2025-03-14,1030,N20,nominal,2.0NRT,303.75,2.81,D
-4.56017,39.33396,338.95,0.39,0.44,2025-03-14,1030,N20,nominal,2.0NRT,303.17,1.68,D
-4.56205,39.25564,335.24,0.39,0.44,2025-03-14,1030,N20,nominal,2.0NRT,302.45,1.86,D
-4.56257,39.25212,336.47,0.39,0.44,2025-03-14,1030,N20,nominal,2.0NRT,302.71,1.86,D
-4.50302,39.46029,331.88,0.57,0.43,2025-03-14,1030,N20,low,2.0NRT,302.31,4.93,D
-4.43919,39.35491,330.85,0.39,0.44,2025-03-14,1030,N20,low,2.0NRT,302.93,1.04,D
-4.35435,38.97487,338.58,0.41,0.45,2025-03-14,1030,N20,nominal,2.0NRT,305.14,2.62,D
-4.35514,38.59021,332.84,0.43,0.46,2025-03-14,1030,N20,low,2.0NRT,304.04,4.16,D
-4.19531,39.51192,330.99,0.56,0.43,2025-03-14,1030,N20,low,2.0NRT,302.97,3.04,D
-4.2479,38.93654,342.91,0.41,0.45,2025-03-14,1030,N20,nominal,2.0NRT,308.76,7.42,D
-4.25505,38.47649,354.65,0.44,0.46,2025-03-14,1030,N20,nominal,2.0NRT,307.63,6.43,D
-4.25082,38.47586,336.04,0.44,0.46,2025-03-14,1030,N20,nominal,2.0NRT,306.02,6.43,D
-4.25055,38.47673,336.84,0.44,0.46,2025-03-14,1030,N20,nominal,2.0NRT,306.06,5.12,D
-4.19875,38.26739,333.77,0.45,0.47,2025-03-14,1030,N20,nominal,2.0NRT,303.06,4.36,D
-4.19933,38.26337,333.62,0.45,0.47,2025-03-14,1030,N20,nominal,2.0NRT,301.96,5.22,D
-4.18647,38.26155,330.29,0.45,0.47,2025-03-14,1030,N20,low,2.0NRT,304.08,5.27,D
-4.18276,38.2569,341.15,0.45,0.47,2025-03-14,1030,N20,nominal,2.0NRT,304.21,5.27,D
-4.15426,38.25349,331.62,0.45,0.47,2025-03-14,1030,N20,low,2.0NRT,301.63,4.47,D
-19.96236,23.4726,335.57,0.39,0.36,2025-03-14,1206,N20,nominal,2.0NRT,300.09,5.81,D
-18.44261,26.4767,340.93,0.52,0.42,2025-03-14,1206,N20,nominal,2.0NRT,309.57,16.37,D
-18.36387,26.66516,332.73,0.53,0.42,2025-03-14,1206,N20,low,2.0NRT,305.31,3.57,D
-18.37247,26.48092,334.07,0.52,0.42,2025-03-14,1206,N20,low,2.0NRT,304.7,5.61,D
-18.36865,26.48026,338.45,0.52,0.42,2025-03-14,1206,N20,low,2.0NRT,310.14,8.86,D
-18.36952,26.47532,337.82,0.52,0.42,2025-03-14,1206,N20,low,2.0NRT,310.53,7.58,D
-18.37387,26.45063,336.49,0.52,0.42,2025-03-14,1206,N20,nominal,2.0NRT,304.45,4.99,D
-17.10293,30.98718,337.29,0.35,0.57,2025-03-14,1206,N20,nominal,2.0NRT,297.73,3.45,D
-17.10359,30.98388,338.71,0.35,0.57,2025-03-14,1206,N20,nominal,2.0NRT,299.1,4.09,D
-17.34311,27.20674,334.57,0.4,0.44,2025-03-14,1206,N20,low,2.0NRT,307.94,7.98,D
-11.69317,29.71075,325.72,0.36,0.57,2025-03-14,1208,N20,nominal,2.0NRT,289.58,2.34,D
-12.05372,21.15046,343.63,0.39,0.36,2025-03-14,1208,N20,nominal,2.0NRT,299.14,12.88,D
-10.09408,28.57762,328.79,0.32,0.55,2025-03-14,1208,N20,nominal,2.0NRT,292.56,1.51,D
-9.06041,28.9514,367,0.36,0.57,2025-03-14,1208,N20,high,2.0NRT,293.92,10.57,D
-9.06066,28.95275,349.68,0.36,0.57,2025-03-14,1208,N20,nominal,2.0NRT,292.32,6.81,D
-9.06124,28.94951,341.97,0.36,0.57,2025-03-14,1208,N20,nominal,2.0NRT,291.19,6.56,D
-10.8489,13.90176,346.74,0.48,0.48,2025-03-14,1210,N20,nominal,2.0NRT,296.01,6.06,D
-9.00724,25.94877,328.26,0.45,0.47,2025-03-14,1210,N20,nominal,2.0NRT,295.55,3.97,D
-10.8301,13.9079,350.23,0.48,0.48,2025-03-14,1210,N20,nominal,2.0NRT,293.88,6.34,D
-10.81086,13.88338,344.02,0.48,0.48,2025-03-14,1210,N20,nominal,2.0NRT,297.98,8.22,D
-10.7473,13.79147,331.71,0.48,0.48,2025-03-14,1210,N20,nominal,2.0NRT,296.46,3.43,D
-10.68698,13.87275,332.35,0.48,0.48,2025-03-14,1210,N20,nominal,2.0NRT,295.45,2.62,D
-9.65308,20.78854,331.23,0.39,0.36,2025-03-14,1210,N20,nominal,2.0NRT,296.48,1.91,D
-10.65085,13.77568,328.76,0.48,0.48,2025-03-14,1210,N20,nominal,2.0NRT,293.13,2.52,D
-9.65122,20.4684,330.58,0.39,0.36,2025-03-14,1210,N20,nominal,2.0NRT,295.04,1.5,D
-9.4727,21.27721,335.71,0.4,0.37,2025-03-14,1210,N20,nominal,2.0NRT,297.29,4.18,D
-9.61487,19.50028,338.5,0.39,0.36,2025-03-14,1210,N20,nominal,2.0NRT,292.83,3.85,D
-8.57904,25.02379,333.61,0.4,0.44,2025-03-14,1210,N20,nominal,2.0NRT,293.41,4.6,D
-8.16654,26.95113,328.57,0.54,0.51,2025-03-14,1210,N20,nominal,2.0NRT,294.42,5.75,D
-8.15853,26.91448,337.6,0.54,0.51,2025-03-14,1210,N20,nominal,2.0NRT,294.35,6.1,D
-8.14028,26.9366,335.61,0.54,0.51,2025-03-14,1210,N20,nominal,2.0NRT,294.18,6.5,D
-8.1637,26.77595,352.01,0.53,0.5,2025-03-14,1210,N20,nominal,2.0NRT,293.21,11.8,D
-8.13746,26.93787,337.38,0.54,0.51,2025-03-14,1210,N20,nominal,2.0NRT,294.74,4.52,D
-8.16192,26.79197,338.81,0.53,0.5,2025-03-14,1210,N20,nominal,2.0NRT,293.84,6.11,D
-8.16434,26.77755,340.99,0.53,0.5,2025-03-14,1210,N20,nominal,2.0NRT,293.24,14.23,D
-9.98363,14.53708,330.15,0.42,0.45,2025-03-14,1210,N20,nominal,2.0NRT,284.77,2.9,D
-8.60157,22.3177,341.24,0.43,0.38,2025-03-14,1210,N20,nominal,2.0NRT,296.13,6.53,D
-8.16479,24.16287,332.06,0.54,0.42,2025-03-14,1210,N20,nominal,2.0NRT,293.79,7.08,D
-9.39811,16.09283,330.23,0.5,0.41,2025-03-14,1210,N20,nominal,2.0NRT,280.42,2.29,D
-8.16824,24.16029,333.78,0.54,0.42,2025-03-14,1210,N20,nominal,2.0NRT,293.93,8.14,D
-8.02313,24.1647,331.18,0.54,0.42,2025-03-14,1210,N20,nominal,2.0NRT,292.97,7.1,D
-8.02394,24.15974,330.15,0.54,0.42,2025-03-14,1210,N20,nominal,2.0NRT,293.83,7.1,D
-9.20705,16.29367,330.28,0.49,0.4,2025-03-14,1210,N20,nominal,2.0NRT,286.33,2.08,D
-7.85706,24.44425,330.92,0.57,0.43,2025-03-14,1210,N20,nominal,2.0NRT,292.23,5.33,D
-8.18562,22.26904,332.81,0.44,0.38,2025-03-14,1210,N20,nominal,2.0NRT,293.9,4.86,D
-9.23222,15.20824,336.07,0.56,0.43,2025-03-14,1210,N20,nominal,2.0NRT,287.46,7.74,D
-9.09816,15.89198,333.21,0.51,0.41,2025-03-14,1210,N20,nominal,2.0NRT,279.8,5.02,D
-7.33162,27.02766,334.42,0.57,0.52,2025-03-14,1210,N20,nominal,2.0NRT,293.08,7.11,D
-7.94639,22.65996,329.65,0.45,0.39,2025-03-14,1210,N20,nominal,2.0NRT,289.98,4.77,D
-7.567,24.41745,328.51,0.57,0.43,2025-03-14,1210,N20,nominal,2.0NRT,289.92,3.43,D
-7.45752,23.89337,334.1,0.53,0.42,2025-03-14,1210,N20,nominal,2.0NRT,292.55,7.09,D
-9.00321,13.46622,330.64,0.48,0.48,2025-03-14,1210,N20,nominal,2.0NRT,289.69,2.88,D
-7.67061,22.49969,340.73,0.45,0.39,2025-03-14,1210,N20,nominal,2.0NRT,290.43,5.83,D
-7.67137,22.50055,334.65,0.45,0.39,2025-03-14,1210,N20,nominal,2.0NRT,290.7,8.12,D
-9.00351,13.4682,327.49,0.48,0.48,2025-03-14,1210,N20,nominal,2.0NRT,289.59,2.23,D
-8.98681,13.52332,333.75,0.48,0.48,2025-03-14,1210,N20,nominal,2.0NRT,289.63,3.73,D
-7.24881,23.78121,328.6,0.53,0.42,2025-03-14,1210,N20,nominal,2.0NRT,293.09,3.33,D
-7.26928,23.31343,345.08,0.5,0.41,2025-03-14,1210,N20,nominal,2.0NRT,296.58,13.37,D
-7.24915,23.31934,334,0.5,0.41,2025-03-14,1210,N20,nominal,2.0NRT,292.22,4.42,D
-8.06446,17.26346,334.43,0.43,0.38,2025-03-14,1210,N20,nominal,2.0NRT,289.61,3,D
-8.06097,17.26291,334.91,0.43,0.38,2025-03-14,1210,N20,nominal,2.0NRT,295.28,3,D
-8.01768,17.32839,331.94,0.43,0.38,2025-03-14,1210,N20,low,2.0NRT,294.78,8.32,D
-7.87234,17.48279,327.77,0.42,0.38,2025-03-14,1210,N20,low,2.0NRT,293.09,1.81,D
-7.97809,15.43141,329.02,0.53,0.42,2025-03-14,1210,N20,nominal,2.0NRT,293.67,3.05,D
-7.66525,17.39355,342.05,0.42,0.38,2025-03-14,1210,N20,low,2.0NRT,302.2,8.8,D
-7.66178,17.39309,331.98,0.42,0.38,2025-03-14,1210,N20,low,2.0NRT,303.06,6.49,D
-7.91643,15.54495,345.75,0.52,0.41,2025-03-14,1210,N20,nominal,2.0NRT,298.39,9.11,D
-7.91263,15.54443,331.78,0.52,0.41,2025-03-14,1210,N20,nominal,2.0NRT,295.01,9.11,D
-7.64384,17.37093,327.09,0.42,0.38,2025-03-14,1210,N20,low,2.0NRT,301.67,4.5,D
-7.6506,17.32494,328.72,0.42,0.38,2025-03-14,1210,N20,low,2.0NRT,299.92,3.94,D
-7.91241,15.49157,325.8,0.52,0.42,2025-03-14,1210,N20,nominal,2.0NRT,293.68,3.15,D
-7.5708,15.44915,329.68,0.52,0.42,2025-03-14,1210,N20,nominal,2.0NRT,292.66,2.66,D
-7.36941,15.89279,339.29,0.49,0.4,2025-03-14,1210,N20,nominal,2.0NRT,292.45,4.93,D
-7.43114,15.45401,331.07,0.52,0.41,2025-03-14,1210,N20,nominal,2.0NRT,291.63,8.57,D
-7.39336,15.69582,331.71,0.5,0.41,2025-03-14,1210,N20,nominal,2.0NRT,291.35,3.24,D
-7.36743,15.88976,331.59,0.49,0.4,2025-03-14,1210,N20,low,2.0NRT,291.85,4.01,D
-7.43187,15.45166,338.43,0.52,0.41,2025-03-14,1210,N20,nominal,2.0NRT,293.13,8.44,D
-7.39257,15.69312,334.63,0.5,0.41,2025-03-14,1210,N20,nominal,2.0NRT,290.81,3.85,D
-7.36,14.70523,326.37,0.57,0.43,2025-03-14,1210,N20,nominal,2.0NRT,286.06,1.6,D
-7.15008,15.58335,330.07,0.51,0.41,2025-03-14,1210,N20,nominal,2.0NRT,286.79,2.33,D
-7.15619,15.51439,331.27,0.51,0.41,2025-03-14,1210,N20,nominal,2.0NRT,288.68,3.21,D
-7.08902,15.31202,326.19,0.52,0.42,2025-03-14,1210,N20,nominal,2.0NRT,287.76,1.71,D
-7.05919,15.30282,329.16,0.52,0.42,2025-03-14,1210,N20,nominal,2.0NRT,292.74,3.27,D
-6.71937,15.41056,326.92,0.51,0.41,2025-03-14,1210,N20,nominal,2.0NRT,289.97,2.76,D
-34.12669,19.01029,342.55,0.45,0.47,2025-03-14,1202,N20,nominal,2.0NRT,300.85,5.39,D
-34.01876,18.64208,332.63,0.47,0.48,2025-03-14,1202,N20,nominal,2.0NRT,300.87,1.5,D
-33.38699,19.16425,341.95,0.43,0.46,2025-03-14,1202,N20,nominal,2.0NRT,303.2,3.42,D
-32.32091,19.10745,355.41,0.43,0.46,2025-03-14,1202,N20,nominal,2.0NRT,303.01,16.79,D
-32.3215,19.10169,353.3,0.43,0.46,2025-03-14,1202,N20,nominal,2.0NRT,306.78,16.79,D
-32.32216,19.09529,341.49,0.43,0.46,2025-03-14,1202,N20,nominal,2.0NRT,302.19,5.95,D
-32.31667,19.10698,367,0.43,0.46,2025-03-14,1202,N20,high,2.0NRT,305.55,12.88,D
-32.31729,19.10098,341.92,0.43,0.46,2025-03-14,1202,N20,nominal,2.0NRT,307.39,12.88,D
-32.31856,19.08863,347.98,0.43,0.46,2025-03-14,1202,N20,nominal,2.0NRT,304.59,10.74,D
-32.31373,19.0939,367,0.43,0.46,2025-03-14,1202,N20,high,2.0NRT,307.58,10.74,D
-32.31431,19.08821,338.11,0.43,0.46,2025-03-14,1202,N20,nominal,2.0NRT,305.83,10.74,D
-32.30033,19.0991,341.68,0.43,0.46,2025-03-14,1202,N20,nominal,2.0NRT,301.77,2.16,D
-32.23239,19.0146,340.58,0.43,0.46,2025-03-14,1202,N20,nominal,2.0NRT,307.79,5.38,D
-32.23293,19.00932,345.08,0.43,0.46,2025-03-14,1202,N20,nominal,2.0NRT,308.69,5.38,D
-32.20386,18.9987,331.31,0.43,0.46,2025-03-14,1202,N20,low,2.0NRT,305.14,5.19,D
-32.17873,18.99161,367,0.43,0.46,2025-03-14,1202,N20,high,2.0NRT,308.08,14.79,D
-32.17928,18.9861,342.7,0.43,0.46,2025-03-14,1202,N20,nominal,2.0NRT,308.74,14.79,D
-32.1803,18.97578,345.61,0.43,0.46,2025-03-14,1202,N20,nominal,2.0NRT,304.78,10.48,D
-32.17455,18.99033,367,0.43,0.46,2025-03-14,1202,N20,high,2.0NRT,304.66,14.79,D
-32.17507,18.98506,342.82,0.43,0.46,2025-03-14,1202,N20,nominal,2.0NRT,306.34,14.79,D
-32.17604,18.97522,343.7,0.43,0.46,2025-03-14,1202,N20,nominal,2.0NRT,307.33,10.48,D
-32.17371,18.95515,348.69,0.43,0.46,2025-03-14,1202,N20,nominal,2.0NRT,303.33,5.65,D
-32.15924,19.0146,341.22,0.43,0.46,2025-03-14,1202,N20,nominal,2.0NRT,303.48,4.98,D
-32.1555,19.00899,355.73,0.43,0.46,2025-03-14,1202,N20,nominal,2.0NRT,307.85,12.8,D
-32.16178,18.94484,332.27,0.43,0.46,2025-03-14,1202,N20,low,2.0NRT,306.4,3.69,D
-32.15174,19.00344,337.2,0.43,0.46,2025-03-14,1202,N20,nominal,2.0NRT,303.94,2.69,D
-32.15655,18.95423,341.88,0.43,0.46,2025-03-14,1202,N20,nominal,2.0NRT,304.93,6.33,D
-32.15703,18.94921,350.94,0.43,0.46,2025-03-14,1202,N20,nominal,2.0NRT,309.59,14.53,D
-32.14799,18.99784,345.44,0.43,0.46,2025-03-14,1202,N20,nominal,2.0NRT,303.43,11.07,D
-32.14844,18.99325,346.52,0.43,0.46,2025-03-14,1202,N20,nominal,2.0NRT,309.95,11.07,D
-32.15229,18.95367,337.23,0.43,0.46,2025-03-14,1202,N20,nominal,2.0NRT,305.49,6.33,D
-32.15474,18.92832,331.56,0.43,0.46,2025-03-14,1202,N20,low,2.0NRT,305.95,1.9,D
-32.14424,18.99214,348.22,0.43,0.46,2025-03-14,1202,N20,nominal,2.0NRT,303.65,7.64,D
-32.14183,18.97254,355.53,0.43,0.46,2025-03-14,1202,N20,nominal,2.0NRT,306.79,7.96,D
-32.13762,18.97153,342.21,0.43,0.46,2025-03-14,1202,N20,nominal,2.0NRT,304.78,4.66,D
-32.13808,18.96685,354.09,0.43,0.46,2025-03-14,1202,N20,nominal,2.0NRT,312.64,13.05,D
-32.13854,18.96209,336.87,0.43,0.46,2025-03-14,1202,N20,low,2.0NRT,307.52,13.05,D
-32.14294,18.9705,343.49,0.43,0.46,2025-03-14,1202,N20,nominal,2.0NRT,308.32,12.87,D
-32.13873,18.96954,367,0.43,0.46,2025-03-14,1202,N20,high,2.0NRT,307.77,12.87,D
-32.13921,18.96484,354,0.43,0.46,2025-03-14,1202,N20,nominal,2.0NRT,313.19,12.87,D
-25.89083,29.12072,332.67,0.55,0.43,2025-03-14,1204,N20,nominal,2.0NRT,296.68,5.28,D
-25.857,29.17046,329.29,0.56,0.43,2025-03-14,1204,N20,nominal,2.0NRT,292.55,5.94,D
-25.66152,27.83876,332.43,0.48,0.4,2025-03-14,1204,N20,nominal,2.0NRT,300.36,3.26,D
-25.49094,27.10056,330.33,0.45,0.39,2025-03-14,1204,N20,nominal,2.0NRT,297.6,4.12,D
-24.63118,29.92079,306.47,0.43,0.38,2025-03-14,2318,N20,nominal,2.0NRT,286.11,0.91,N
-24.04552,25.88679,299.71,0.4,0.37,2025-03-14,2318,N20,nominal,2.0NRT,288.41,1.91,N
-24.04888,25.88612,308.37,0.4,0.37,2025-03-14,2318,N20,nominal,2.0NRT,287.99,1.88,N
-24.74453,30.19288,303.73,0.45,0.39,2025-03-14,2318,N20,nominal,2.0NRT,287.57,0.97,N
-24.81356,30.12069,303.42,0.44,0.39,2025-03-14,2318,N20,nominal,2.0NRT,287.35,2.04,N
-24.81711,30.12008,330.75,0.44,0.39,2025-03-14,2318,N20,nominal,2.0NRT,292.21,2.04,N
-24.81651,30.11572,306.71,0.44,0.39,2025-03-14,2318,N20,nominal,2.0NRT,287.73,2.04,N
-25.90026,32.43435,308.92,0.39,0.44,2025-03-14,2318,N20,nominal,2.0NRT,287.79,0.69,N
-25.80052,29.48953,295.71,0.43,0.38,2025-03-14,2318,N20,nominal,2.0NRT,284.91,0.69,N
-25.80401,29.48894,297.3,0.43,0.38,2025-03-14,2318,N20,nominal,2.0NRT,284.37,0.69,N
-25.80459,29.49316,307.51,0.43,0.38,2025-03-14,2318,N20,nominal,2.0NRT,285.1,0.69,N
-25.80808,29.49258,297.27,0.43,0.38,2025-03-14,2318,N20,nominal,2.0NRT,284.36,0.56,N
-25.81215,29.49622,328.86,0.43,0.38,2025-03-14,2318,N20,nominal,2.0NRT,285.8,6.34,N
-25.72915,28.63819,296.65,0.4,0.37,2025-03-14,2318,N20,nominal,2.0NRT,285,0.63,N
-25.85444,29.17473,298.12,0.42,0.38,2025-03-14,2318,N20,nominal,2.0NRT,284.41,0.56,N
-25.85731,29.16999,328.44,0.42,0.38,2025-03-14,2318,N20,nominal,2.0NRT,285.77,3.26,N
-25.85789,29.17414,322.19,0.42,0.38,2025-03-14,2318,N20,nominal,2.0NRT,286.07,3.26,N
-25.93584,29.71474,298.61,0.44,0.38,2025-03-14,2318,N20,nominal,2.0NRT,287.23,0.79,N
-25.88939,29.12188,296.34,0.42,0.37,2025-03-14,2318,N20,nominal,2.0NRT,283.16,0.64,N
-26.03414,29.2061,295.74,0.42,0.38,2025-03-14,2318,N20,nominal,2.0NRT,282.6,0.74,N
-26.03474,29.21033,295.5,0.42,0.38,2025-03-14,2318,N20,nominal,2.0NRT,283.24,0.61,N
-26.09946,29.4348,299.84,0.43,0.38,2025-03-14,2318,N20,nominal,2.0NRT,283.3,0.75,N
-26.10236,29.4038,299.65,0.43,0.38,2025-03-14,2318,N20,nominal,2.0NRT,283.78,0.5,N
-26.14207,29.48471,299.59,0.43,0.38,2025-03-14,2318,N20,nominal,2.0NRT,285.09,0.62,N
-26.54898,29.1466,312.91,0.42,0.38,2025-03-14,2320,N20,nominal,2.0NRT,282.56,2.72,N
-28.20991,23.54875,301.42,0.43,0.38,2025-03-14,2320,N20,nominal,2.0NRT,285.46,0.96,N
-28.21125,23.54989,295.6,0.43,0.38,2025-03-14,2320,N20,nominal,2.0NRT,284.41,0.86,N
-28.3566,23.51037,297.6,0.43,0.38,2025-03-14,2320,N20,nominal,2.0NRT,285.84,0.57,N
-28.36007,23.50959,298.16,0.43,0.38,2025-03-14,2320,N20,nominal,2.0NRT,285.72,0.57,N
-32.13903,18.98721,334.15,0.4,0.44,2025-03-14,2320,N20,nominal,2.0NRT,293.39,4.36,N
-32.14079,18.99578,304.03,0.4,0.44,2025-03-14,2320,N20,nominal,2.0NRT,292.98,0.62,N
-32.14926,19.01641,312.24,0.4,0.44,2025-03-14,2320,N20,nominal,2.0NRT,291.96,1.39,N
-32.15014,19.02066,313.07,0.4,0.44,2025-03-14,2320,N20,nominal,2.0NRT,292.13,1.39,N
-32.15832,19.0192,308.53,0.4,0.44,2025-03-14,2320,N20,nominal,2.0NRT,290.99,0.92,N
-32.15917,19.02338,306.96,0.4,0.44,2025-03-14,2320,N20,nominal,2.0NRT,291.91,0.92,N
-32.16043,19.01071,303.4,0.4,0.44,2025-03-14,2320,N20,nominal,2.0NRT,291.18,0.81,N
-32.17329,18.99097,305.95,0.4,0.44,2025-03-14,2320,N20,nominal,2.0NRT,294.94,1.69,N
-32.17447,18.97628,310.27,0.4,0.44,2025-03-14,2320,N20,nominal,2.0NRT,294.65,1.56,N
-32.17538,18.98065,318.52,0.4,0.44,2025-03-14,2320,N20,nominal,2.0NRT,295.72,1.56,N
-32.30451,19.13279,313.86,0.39,0.44,2025-03-14,2320,N20,nominal,2.0NRT,289.55,1.41,N
-32.30758,19.08691,344.18,0.39,0.44,2025-03-14,2320,N20,nominal,2.0NRT,298.47,6.37,N
-32.30867,19.09214,323.44,0.39,0.44,2025-03-14,2320,N20,nominal,2.0NRT,294.88,2.77,N
-32.3065,19.08174,312.18,0.39,0.44,2025-03-14,2320,N20,nominal,2.0NRT,294.18,6.37,N
-32.31163,19.08612,334.32,0.39,0.44,2025-03-14,2320,N20,nominal,2.0NRT,293.43,3.53,N
-32.31961,19.12447,305.28,0.39,0.44,2025-03-14,2320,N20,nominal,2.0NRT,288.76,1.47,N
-32.32348,19.12285,325.14,0.39,0.44,2025-03-14,2320,N20,nominal,2.0NRT,289.77,1.47,N
-32.32369,19.10354,333.64,0.39,0.44,2025-03-14,2320,N20,nominal,2.0NRT,292.13,2.16,N
-32.32649,19.11706,326.05,0.39,0.44,2025-03-14,2320,N20,nominal,2.0NRT,290.48,3.13,N
-32.32735,19.1212,343.96,0.39,0.44,2025-03-14,2320,N20,nominal,2.0NRT,291.53,3.13,N
-32.32261,19.09835,306.75,0.39,0.44,2025-03-14,2320,N20,nominal,2.0NRT,291.89,2.16,N
-32.32467,19.10825,319.62,0.39,0.44,2025-03-14,2320,N20,nominal,2.0NRT,291.43,1.35,N
-32.33032,19.11521,321.01,0.39,0.44,2025-03-14,2320,N20,nominal,2.0NRT,290.76,3.13,N
-32.32944,19.11094,301.71,0.39,0.44,2025-03-14,2320,N20,nominal,2.0NRT,290.3,1.35,N
-33.88383,25.62067,300.14,0.39,0.36,2025-03-14,2322,N20,nominal,2.0NRT,287.8,0.38,N
-32.84525,19.52034,301.35,0.55,0.42,2025-03-14,2322,N20,nominal,2.0NRT,291.34,1.15,N
-33.56157,21.89264,332.03,0.43,0.38,2025-03-14,2322,N20,nominal,2.0NRT,293.58,8.6,N
-33.51659,18.51019,299.17,0.4,0.44,2025-03-14,2322,N20,nominal,2.0NRT,288.7,0.82,N
-33.83915,18.53188,303.09,0.39,0.44,2025-03-14,2322,N20,nominal,2.0NRT,290.13,0.46,N
-33.84313,18.53065,301.06,0.39,0.44,2025-03-14,2322,N20,nominal,2.0NRT,291.06,0.46,N
-33.9676,18.57883,309.8,0.39,0.44,2025-03-14,2322,N20,nominal,2.0NRT,289.22,0.76,N
-15.89376,33.02998,327.6,0.49,0.4,2025-03-14,2316,N20,nominal,2.0NRT,292.5,2.65,N
-15.8926,33.03313,325.13,0.49,0.4,2025-03-14,2316,N20,nominal,2.0NRT,292.05,3.44,N
-15.93208,33.01809,303.3,0.49,0.4,2025-03-14,2316,N20,nominal,2.0NRT,291.48,0.78,N
-16.11806,33.76041,306.05,0.54,0.42,2025-03-14,2316,N20,nominal,2.0NRT,291.78,1.57,N
-16.13101,33.76864,304.5,0.54,0.42,2025-03-14,2316,N20,nominal,2.0NRT,291.3,1.7,N
-16.16354,33.8047,309.07,0.54,0.42,2025-03-14,2316,N20,nominal,2.0NRT,291.37,1.37,N
-16.19237,33.84172,308.02,0.54,0.42,2025-03-14,2316,N20,nominal,2.0NRT,292.49,1.8,N
-15.9039,31.12162,328.73,0.41,0.37,2025-03-14,2316,N20,nominal,2.0NRT,280.53,2.32,N
-15.90333,31.11782,301.87,0.41,0.37,2025-03-14,2316,N20,nominal,2.0NRT,279.98,1.56,N
-15.54411,28.27071,304.55,0.39,0.36,2025-03-14,2316,N20,nominal,2.0NRT,288.42,0.83,N
-16.36958,28.26415,322.97,0.39,0.36,2025-03-14,2316,N20,nominal,2.0NRT,291.89,2,N
-17.34161,27.20541,318.09,0.41,0.37,2025-03-14,2316,N20,nominal,2.0NRT,295.71,2.34,N
-17.47694,27.09141,303.69,0.41,0.37,2025-03-14,2316,N20,nominal,2.0NRT,292.95,0.59,N
-18.05306,30.37962,301.46,0.4,0.37,2025-03-14,2316,N20,nominal,2.0NRT,288.34,0.93,N
-19.08166,33.35474,315.99,0.55,0.43,2025-03-14,2316,N20,nominal,2.0NRT,286,2.98,N
-18.33131,26.63435,307.76,0.42,0.37,2025-03-14,2316,N20,nominal,2.0NRT,296.06,1.04,N
-18.36053,26.66121,326.87,0.41,0.37,2025-03-14,2316,N20,nominal,2.0NRT,295.66,2.86,N
-18.35988,26.6573,313.89,0.41,0.37,2025-03-14,2316,N20,nominal,2.0NRT,295.26,1.45,N
-18.36765,26.47862,342.6,0.42,0.38,2025-03-14,2316,N20,nominal,2.0NRT,306.76,4.14,N
-18.36697,26.47466,316.48,0.42,0.38,2025-03-14,2316,N20,nominal,2.0NRT,294.32,4.14,N
-18.3711,26.478,326.77,0.42,0.38,2025-03-14,2316,N20,nominal,2.0NRT,296.66,4.14,N
-18.36636,26.4503,318.63,0.42,0.38,2025-03-14,2316,N20,nominal,2.0NRT,296.63,2.83,N
-18.36981,26.44967,329.59,0.42,0.38,2025-03-14,2316,N20,nominal,2.0NRT,295.63,3.47,N
-18.37325,26.44905,319.71,0.42,0.38,2025-03-14,2316,N20,nominal,2.0NRT,296.76,3.47,N
-18.40062,26.50547,306.13,0.42,0.38,2025-03-14,2316,N20,nominal,2.0NRT,293.16,0.63,N
-18.39542,26.41209,304.92,0.42,0.38,2025-03-14,2316,N20,nominal,2.0NRT,293.59,1.22,N
-18.41865,26.46525,304.56,0.42,0.38,2025-03-14,2316,N20,nominal,2.0NRT,293.08,0.64,N
-18.43012,26.51213,326.76,0.42,0.38,2025-03-14,2316,N20,nominal,2.0NRT,295.65,2.97,N
-18.42946,26.50826,315.02,0.42,0.38,2025-03-14,2316,N20,nominal,2.0NRT,292.79,1.43,N
-18.43763,26.51464,308.67,0.42,0.38,2025-03-14,2316,N20,nominal,2.0NRT,294.49,1.06,N
-18.44041,26.51009,310.35,0.42,0.38,2025-03-14,2316,N20,nominal,2.0NRT,294.55,1.06,N
-18.44107,26.514,312.81,0.42,0.38,2025-03-14,2316,N20,nominal,2.0NRT,295.89,1.06,N
-18.44582,26.52118,307.95,0.42,0.38,2025-03-14,2316,N20,nominal,2.0NRT,294.74,1.17,N
-18.44197,26.47724,334.82,0.42,0.38,2025-03-14,2316,N20,nominal,2.0NRT,297.23,3.16,N
-4.89035,11.91,324.12,0.42,0.45,2025-03-15,0054,N20,nominal,2.0NRT,269.33,3.18,N
-4.92113,11.38331,341.5,0.39,0.44,2025-03-15,0054,N20,nominal,2.0NRT,277.82,3.82,N
-4.92513,11.38271,336.4,0.39,0.44,2025-03-15,0054,N20,nominal,2.0NRT,276.72,2.45,N
-6.85096,12.38846,298.95,0.48,0.48,2025-03-15,0054,N20,nominal,2.0NRT,278.14,5.12,N
-6.85159,12.39277,300.38,0.48,0.48,2025-03-15,0054,N20,nominal,2.0NRT,278.77,5.12,N
-6.856,12.39213,343.36,0.48,0.48,2025-03-15,0054,N20,nominal,2.0NRT,279.09,5.12,N
-6.85662,12.39644,324.34,0.48,0.48,2025-03-15,0054,N20,nominal,2.0NRT,278.95,12.67,N
-6.85537,12.38782,304.28,0.48,0.48,2025-03-15,0054,N20,nominal,2.0NRT,278.66,5.12,N
-6.85978,12.38719,302.72,0.48,0.48,2025-03-15,0054,N20,nominal,2.0NRT,278.93,1.02,N
-6.8604,12.3915,311.14,0.48,0.48,2025-03-15,0054,N20,nominal,2.0NRT,279.84,1.02,N
-6.86103,12.39581,309,0.48,0.48,2025-03-15,0054,N20,nominal,2.0NRT,280.04,1.91,N
-7.06502,12.4093,313.5,0.48,0.48,2025-03-15,0054,N20,nominal,2.0NRT,277.94,1.65,N
-7.15853,12.34058,315.6,0.48,0.48,2025-03-15,0054,N20,nominal,2.0NRT,274.4,2.92,N
-10.12452,13.66708,308.03,0.33,0.55,2025-03-15,0056,N20,nominal,2.0NRT,281.46,0.69,N
-10.12879,13.6605,299.77,0.33,0.55,2025-03-15,0056,N20,nominal,2.0NRT,280.9,0.61,N
-10.12918,13.66346,305,0.33,0.55,2025-03-15,0056,N20,nominal,2.0NRT,281.37,0.61,N
-19.22516,17.72216,304.34,0.79,0.78,2025-03-15,0058,N20,nominal,2.0NRT,281.29,2.5,N
-25.47737,15.15513,306.79,0.62,0.71,2025-03-15,0100,N20,nominal,2.0NRT,285.6,0.13,N
-20.32728,47.65153,327.99,0.57,0.43,2025-03-15,1006,N20,nominal,2.0NRT,280.19,4.34,D
-19.75489,48.74607,327.67,0.49,0.4,2025-03-15,1006,N20,nominal,2.0NRT,288.64,1.57,D
-19.05855,49.00977,334.7,0.47,0.39,2025-03-15,1006,N20,nominal,2.0NRT,292.89,2.01,D
-19.04852,49.05767,348.29,0.46,0.39,2025-03-15,1006,N20,nominal,2.0NRT,294.56,10.34,D
-18.80815,48.7094,331.84,0.48,0.4,2025-03-15,1006,N20,nominal,2.0NRT,286.98,3.48,D
-18.58553,49.0629,343.55,0.46,0.39,2025-03-15,1006,N20,nominal,2.0NRT,287.88,12.81,D
-18.2969,49.00187,338.15,0.46,0.39,2025-03-15,1006,N20,nominal,2.0NRT,278.77,4.49,D
-17.83198,49.43346,347.31,0.44,0.38,2025-03-15,1006,N20,nominal,2.0NRT,277.72,17.07,D
-17.83254,49.42937,335.23,0.44,0.38,2025-03-15,1006,N20,nominal,2.0NRT,278.29,5.4,D
-17.82846,49.43295,349.79,0.44,0.38,2025-03-15,1006,N20,nominal,2.0NRT,278.53,12.65,D
-17.82902,49.42886,332.91,0.44,0.38,2025-03-15,1006,N20,nominal,2.0NRT,277.96,7.09,D
-17.82494,49.43242,341.79,0.44,0.38,2025-03-15,1006,N20,nominal,2.0NRT,278.29,12.65,D
-17.8255,49.42834,333.2,0.44,0.38,2025-03-15,1006,N20,nominal,2.0NRT,276.75,7.09,D
-16.00163,49.15067,334.05,0.43,0.38,2025-03-15,1006,N20,nominal,2.0NRT,294.5,3.52,D
-16.00053,49.1507,332.14,0.43,0.38,2025-03-15,1006,N20,nominal,2.0NRT,294.44,3.91,D
-7.0105,39.51262,331.59,0.43,0.62,2025-03-15,1011,N20,nominal,2.0NRT,295.51,3.51,D
-7.011,39.50883,334.37,0.43,0.62,2025-03-15,1011,N20,nominal,2.0NRT,295.46,4.36,D
-6.56974,39.00046,341.66,0.46,0.64,2025-03-15,1011,N20,nominal,2.0NRT,291.34,4.25,D
-6.54671,39.03921,354.69,0.46,0.63,2025-03-15,1011,N20,nominal,2.0NRT,293.21,6.07,D
-6.29877,39.51082,335.97,0.42,0.61,2025-03-15,1011,N20,nominal,2.0NRT,293.24,4.72,D
-6.22033,39.45373,334.65,0.42,0.61,2025-03-15,1011,N20,nominal,2.0NRT,292.6,3.74,D
-6.2176,39.45171,332.69,0.42,0.61,2025-03-15,1011,N20,nominal,2.0NRT,293.03,3.39,D
-6.10807,39.38765,334.61,0.43,0.62,2025-03-15,1011,N20,nominal,2.0NRT,293.86,3.3,D
-6.20384,38.6031,340.1,0.49,0.65,2025-03-15,1011,N20,nominal,2.0NRT,292.88,8.45,D
-6.41355,37.04489,325.8,0.63,0.72,2025-03-15,1011,N20,nominal,2.0NRT,285.2,4.5,D
-5.82957,38.5638,332.84,0.48,0.65,2025-03-15,1011,N20,nominal,2.0NRT,292.51,3.39,D
-5.75771,38.70802,331.98,0.47,0.64,2025-03-15,1011,N20,nominal,2.0NRT,292.42,4.09,D
-5.45684,38.87324,350.04,0.45,0.63,2025-03-15,1011,N20,nominal,2.0NRT,293.2,7.16,D
-5.4567,38.87399,336.51,0.45,0.63,2025-03-15,1011,N20,nominal,2.0NRT,293.12,7.16,D
-5.45533,38.49776,354.73,0.48,0.65,2025-03-15,1011,N20,nominal,2.0NRT,293.67,14.43,D
-5.24259,38.96915,332.07,0.44,0.63,2025-03-15,1011,N20,nominal,2.0NRT,293.53,3.66,D
-5.24747,38.96843,340.92,0.44,0.63,2025-03-15,1011,N20,nominal,2.0NRT,294.12,4.43,D
-5.09735,39.12667,335.28,0.43,0.62,2025-03-15,1011,N20,nominal,2.0NRT,294.52,3.77,D
-5.0945,39.12752,338.18,0.43,0.62,2025-03-15,1011,N20,nominal,2.0NRT,294.28,3.1,D
-5.07952,38.77525,350.81,0.46,0.63,2025-03-15,1011,N20,nominal,2.0NRT,289.61,6.23,D
-5.01162,39.01427,356.26,0.44,0.62,2025-03-15,1011,N20,nominal,2.0NRT,294.02,9.79,D
-5.01215,39.0104,333.65,0.44,0.62,2025-03-15,1011,N20,nominal,2.0NRT,294.21,6.56,D
-5.00983,39.01457,346.97,0.44,0.62,2025-03-15,1011,N20,nominal,2.0NRT,294.07,7.65,D
-5.01039,39.01069,347.6,0.44,0.62,2025-03-15,1011,N20,nominal,2.0NRT,294.64,8.46,D
-4.96472,39.08694,337.45,0.43,0.62,2025-03-15,1011,N20,nominal,2.0NRT,295.01,3.69,D
-4.91006,38.88276,330.5,0.44,0.63,2025-03-15,1011,N20,nominal,2.0NRT,289.34,2.96,D
-4.88528,38.72403,339.89,0.46,0.63,2025-03-15,1011,N20,nominal,2.0NRT,290.63,5.06,D
-4.79938,39.13351,330.8,0.43,0.62,2025-03-15,1011,N20,nominal,2.0NRT,293.19,15.56,D
-4.79992,39.12955,351.66,0.43,0.62,2025-03-15,1011,N20,nominal,2.0NRT,297.04,15.56,D
-4.77541,39.09808,343.88,0.43,0.62,2025-03-15,1011,N20,nominal,2.0NRT,293.83,4.87,D
-4.79702,39.12938,356.11,0.43,0.62,2025-03-15,1011,N20,nominal,2.0NRT,296.18,30.36,D
-4.77271,39.09806,349.03,0.43,0.62,2025-03-15,1011,N20,nominal,2.0NRT,293.89,5.74,D
-4.62569,39.3767,333.53,0.41,0.6,2025-03-15,1011,N20,nominal,2.0NRT,296.55,3.65,D
-4.46344,39.4498,331.82,0.4,0.6,2025-03-15,1011,N20,nominal,2.0NRT,296.41,2.36,D
-4.13216,39.05444,338.11,0.42,0.61,2025-03-15,1011,N20,nominal,2.0NRT,296.88,4.68,D
-33.59492,23.2861,332.48,0.47,0.48,2025-03-15,1145,N20,low,2.0NRT,306.01,2.9,D
-33.70663,19.3274,367,0.4,0.6,2025-03-15,1145,N20,high,2.0NRT,300.17,8.73,D
-33.70689,19.32297,337.82,0.4,0.6,2025-03-15,1145,N20,nominal,2.0NRT,299.58,8.73,D
-33.70898,19.32483,354.17,0.4,0.6,2025-03-15,1145,N20,nominal,2.0NRT,302.54,17.5,D
-33.53124,18.50153,354.78,0.45,0.63,2025-03-15,1145,N20,nominal,2.0NRT,295.91,8.57,D
-33.53152,18.49642,337.27,0.45,0.63,2025-03-15,1145,N20,nominal,2.0NRT,299.97,8.28,D
-32.33389,19.11514,367,0.4,0.6,2025-03-15,1145,N20,high,2.0NRT,295.69,9.37,D
-32.33431,19.1087,353.48,0.4,0.6,2025-03-15,1145,N20,nominal,2.0NRT,298.54,9.37,D
-32.32727,19.13041,348.41,0.4,0.6,2025-03-15,1145,N20,nominal,2.0NRT,297.53,5.74,D
-32.32753,19.12642,339.67,0.4,0.6,2025-03-15,1145,N20,nominal,2.0NRT,297.77,10.01,D
-32.32159,19.13131,341.97,0.4,0.6,2025-03-15,1145,N20,nominal,2.0NRT,295.65,5.74,D
-32.30967,19.14182,348.24,0.4,0.6,2025-03-15,1145,N20,nominal,2.0NRT,296.66,5.1,D
-32.30382,19.14543,350.16,0.4,0.6,2025-03-15,1145,N20,nominal,2.0NRT,295.87,8.95,D
-32.30405,19.14186,355.89,0.4,0.6,2025-03-15,1145,N20,nominal,2.0NRT,299.02,11.54,D
-32.16616,19.03934,367,0.41,0.6,2025-03-15,1145,N20,high,2.0NRT,295.81,76.25,D
-32.16664,19.03152,346.4,0.41,0.6,2025-03-15,1145,N20,nominal,2.0NRT,298.67,13.52,D
-32.16063,19.03746,367,0.41,0.6,2025-03-15,1145,N20,high,2.0NRT,296.9,42.67,D
-32.16087,19.03356,332.98,0.41,0.6,2025-03-15,1145,N20,nominal,2.0NRT,305.99,42.67,D
-32.1626,19.03846,367,0.41,0.6,2025-03-15,1145,N20,high,2.0NRT,296.79,80.42,D
-32.16312,19.03064,354.58,0.41,0.6,2025-03-15,1145,N20,nominal,2.0NRT,300.87,22.6,D
-32.1634,19.02649,332.08,0.41,0.6,2025-03-15,1145,N20,nominal,2.0NRT,300.38,22.6,D
-32.16286,19.03459,207.93,0.41,0.6,2025-03-15,1145,N20,low,2.0NRT,319.53,80.42,D
-28.88315,18.33756,331.65,0.42,0.61,2025-03-15,1145,N20,low,2.0NRT,302.12,1.69,D
-25.81347,29.49833,333.47,0.39,0.36,2025-03-15,1147,N20,nominal,2.0NRT,290.68,4.01,D
-19.9443,31.43723,331.27,0.51,0.41,2025-03-15,1147,N20,nominal,2.0NRT,295.92,3.86,D
-17.19649,38.347,335.83,0.51,0.66,2025-03-15,1149,N20,nominal,2.0NRT,288.78,6.32,D
-17.19543,38.34898,328.66,0.51,0.66,2025-03-15,1149,N20,nominal,2.0NRT,288.4,5.31,D
-18.44189,26.47661,346.01,0.39,0.36,2025-03-15,1149,N20,nominal,2.0NRT,306.29,7.45,D
-18.42979,26.51193,346.23,0.38,0.36,2025-03-15,1149,N20,nominal,2.0NRT,307.32,4.59,D
-18.36261,26.66471,340.75,0.38,0.36,2025-03-15,1149,N20,low,2.0NRT,311.2,5.27,D
-18.36316,26.66107,337.06,0.38,0.36,2025-03-15,1149,N20,low,2.0NRT,310.46,6.95,D
-18.37052,26.4794,347.46,0.38,0.36,2025-03-15,1149,N20,nominal,2.0NRT,316.15,12.3,D
-18.37107,26.47576,339.81,0.38,0.36,2025-03-15,1149,N20,low,2.0NRT,313.56,10.16,D
-18.37489,26.4503,343.68,0.39,0.36,2025-03-15,1149,N20,low,2.0NRT,314.5,9.53,D
-18.3672,26.47885,340.89,0.38,0.36,2025-03-15,1149,N20,nominal,2.0NRT,309.24,5.22,D
-18.37103,26.45339,336.04,0.39,0.36,2025-03-15,1149,N20,low,2.0NRT,308.48,4.93,D
-18.37157,26.44975,334.35,0.39,0.36,2025-03-15,1149,N20,low,2.0NRT,308.16,4.93,D
-16.42109,35.40637,330.68,0.34,0.56,2025-03-15,1149,N20,nominal,2.0NRT,289.59,2,D
-17.29909,24.14457,346.47,0.43,0.38,2025-03-15,1147,N20,nominal,2.0NRT,301.8,48.47,D
-15.86997,28.87847,348.08,0.43,0.38,2025-03-15,1147,N20,nominal,2.0NRT,304.22,14.51,D
-15.86647,28.87784,341.84,0.43,0.38,2025-03-15,1147,N20,nominal,2.0NRT,300.75,14.51,D
-14.92638,28.08697,334.85,0.42,0.37,2025-03-15,1147,N20,nominal,2.0NRT,288.94,3.39,D
-11.17142,15.9089,327.69,0.37,0.58,2025-03-15,1149,N20,nominal,2.0NRT,292.51,2.82,D
-11.1301,14.05399,346.4,0.5,0.66,2025-03-15,1149,N20,nominal,2.0NRT,276.89,7.47,D
-8.36469,14.79565,326.68,0.41,0.6,2025-03-15,1149,N20,nominal,2.0NRT,286.25,3.18,D
-7.89265,17.52627,326.17,0.52,0.5,2025-03-15,1149,N20,nominal,2.0NRT,285.04,2.92,D
-7.86381,17.60249,331.74,0.51,0.49,2025-03-15,1149,N20,nominal,2.0NRT,283.84,8.17,D
-7.84805,17.58175,354.09,0.51,0.5,2025-03-15,1149,N20,nominal,2.0NRT,284.8,9.4,D
-7.84865,17.57724,336.4,0.51,0.5,2025-03-15,1149,N20,nominal,2.0NRT,283.25,9.4,D
-7.84926,17.57267,347.32,0.51,0.5,2025-03-15,1149,N20,nominal,2.0NRT,283.58,7.74,D
-7.86302,17.60003,334.49,0.51,0.49,2025-03-15,1149,N20,nominal,2.0NRT,284.41,4.12,D
-7.85192,17.58011,329.41,0.51,0.5,2025-03-15,1149,N20,nominal,2.0NRT,284.6,6.42,D
-7.84675,17.58395,331.88,0.51,0.5,2025-03-15,1149,N20,nominal,2.0NRT,281.62,6.16,D
-7.84738,17.57949,349.4,0.51,0.5,2025-03-15,1149,N20,nominal,2.0NRT,282.79,6.16,D
-7.84801,17.57497,333.21,0.51,0.5,2025-03-15,1149,N20,nominal,2.0NRT,282.47,5.11,D
-7.84865,17.57039,336.54,0.51,0.5,2025-03-15,1149,N20,nominal,2.0NRT,281.78,5.11,D
-7.81702,17.72998,355.63,0.5,0.49,2025-03-15,1149,N20,nominal,2.0NRT,284.76,16.28,D
-7.75604,17.08901,325.51,0.55,0.51,2025-03-15,1149,N20,nominal,2.0NRT,271.88,3.8,D
-7.7506,17.09378,327.48,0.55,0.51,2025-03-15,1149,N20,nominal,2.0NRT,273.39,5.26,D
-7.7445,17.10349,334.89,0.55,0.51,2025-03-15,1149,N20,nominal,2.0NRT,274.19,11.57,D
-7.68785,17.1703,344.12,0.54,0.51,2025-03-15,1149,N20,nominal,2.0NRT,272.32,7.64,D
-8.21899,13.32746,326.61,0.51,0.66,2025-03-15,1149,N20,nominal,2.0NRT,288.15,4.15,D
-7.96845,14.73673,350.23,0.41,0.6,2025-03-15,1149,N20,nominal,2.0NRT,283.42,6.12,D
-7.74165,15.99037,325.61,0.33,0.55,2025-03-15,1149,N20,nominal,2.0NRT,271.89,1.82,D
-7.24538,19.10009,325.86,0.4,0.44,2025-03-15,1149,N20,nominal,2.0NRT,290.19,2.52,D
-6.6624,22.88641,328.02,0.4,0.37,2025-03-15,1149,N20,low,2.0NRT,292.41,3.37,D
-7.01728,20.00608,329.65,0.53,0.42,2025-03-15,1149,N20,nominal,2.0NRT,278.8,3.75,D
-7.07068,19.2454,339.61,0.39,0.44,2025-03-15,1149,N20,nominal,2.0NRT,290.81,3.45,D
-7.62472,14.79083,325.54,0.4,0.6,2025-03-15,1149,N20,nominal,2.0NRT,281.85,3.08,D
-7.62519,14.78724,337.71,0.4,0.6,2025-03-15,1149,N20,nominal,2.0NRT,282.97,3.08,D
-7.02422,19.04999,335.61,0.4,0.44,2025-03-15,1151,N20,nominal,2.0NRT,288.58,2.92,D
-7.02472,19.04637,326.33,0.4,0.44,2025-03-15,1151,N20,nominal,2.0NRT,287.27,2.92,D
-6.92957,19.3607,329.99,0.57,0.43,2025-03-15,1151,N20,nominal,2.0NRT,284.27,5.41,D
-6.93031,19.35555,345.04,0.57,0.43,2025-03-15,1151,N20,nominal,2.0NRT,286.36,14.39,D
-6.9447,19.22715,342.82,0.39,0.44,2025-03-15,1151,N20,nominal,2.0NRT,288.14,5.19,D
-6.94923,19.16698,355.37,0.39,0.44,2025-03-15,1151,N20,nominal,2.0NRT,290.03,6.95,D
-6.94518,19.16648,330.21,0.39,0.44,2025-03-15,1151,N20,nominal,2.0NRT,287.81,6.95,D
-6.39217,22.8526,330.36,0.4,0.37,2025-03-15,1151,N20,low,2.0NRT,288.47,3.55,D
-6.36868,22.91812,332.36,0.39,0.37,2025-03-15,1151,N20,nominal,2.0NRT,288.52,3.98,D
-6.87259,19.09323,326.73,0.4,0.44,2025-03-15,1151,N20,nominal,2.0NRT,284.69,1.91,D
-6.86856,19.09256,338.59,0.4,0.44,2025-03-15,1151,N20,nominal,2.0NRT,286.56,3.94,D
-7.40343,15.21827,333.1,0.37,0.58,2025-03-15,1151,N20,nominal,2.0NRT,279.8,2.59,D
-7.38178,15.25832,337.93,0.37,0.58,2025-03-15,1151,N20,nominal,2.0NRT,282.78,4.53,D
-7.45864,14.6874,336.38,0.4,0.6,2025-03-15,1151,N20,nominal,2.0NRT,285.81,3.1,D
-6.89823,18.40501,326.52,0.44,0.46,2025-03-15,1151,N20,nominal,2.0NRT,284.05,3.12,D
-6.79266,19.07456,329.66,0.4,0.44,2025-03-15,1151,N20,nominal,2.0NRT,285.93,3.02,D
-6.79317,19.07093,340.11,0.4,0.44,2025-03-15,1151,N20,nominal,2.0NRT,287.13,3.02,D
-6.7207,19.19754,331.92,0.39,0.44,2025-03-15,1151,N20,nominal,2.0NRT,285.69,6.48,D
-6.7212,19.19405,352.2,0.39,0.44,2025-03-15,1151,N20,nominal,2.0NRT,293.27,9.2,D
-6.7217,19.19056,331.34,0.39,0.44,2025-03-15,1151,N20,nominal,2.0NRT,291.03,9.2,D
-6.70669,19.20975,325.76,0.39,0.44,2025-03-15,1151,N20,nominal,2.0NRT,283.83,2.99,D
-6.70718,19.20626,342.66,0.39,0.44,2025-03-15,1151,N20,nominal,2.0NRT,286.41,7.21,D
-7.0647,15.47138,333.67,0.35,0.57,2025-03-15,1151,N20,nominal,2.0NRT,284.29,2.19,D
-7.06354,15.47089,332.75,0.35,0.57,2025-03-15,1151,N20,nominal,2.0NRT,284.5,2.89,D
-6.57157,18.55093,337.94,0.42,0.46,2025-03-15,1151,N20,nominal,2.0NRT,274.79,6.86,D
-6.47972,18.96738,330.94,0.4,0.44,2025-03-15,1151,N20,nominal,2.0NRT,288.79,3.87,D
-6.37657,19.64742,329.92,0.54,0.42,2025-03-15,1151,N20,nominal,2.0NRT,294.8,4.47,D
-6.39634,18.88193,348.74,0.4,0.44,2025-03-15,1151,N20,nominal,2.0NRT,285.25,18.16,D
-6.39684,18.87836,344.86,0.4,0.44,2025-03-15,1151,N20,nominal,2.0NRT,286.76,11.56,D
-6.39226,18.88139,340.23,0.4,0.44,2025-03-15,1151,N20,nominal,2.0NRT,282.12,4.16,D
-6.3564,19.10816,330.24,0.39,0.44,2025-03-15,1151,N20,nominal,2.0NRT,289.03,3.32,D
-6.97427,14.61081,332.28,0.4,0.6,2025-03-15,1151,N20,nominal,2.0NRT,274.3,2.58,D
-6.95306,14.51939,328,0.41,0.6,2025-03-15,1151,N20,nominal,2.0NRT,279.59,3,D
-6.3335,18.79817,328.46,0.41,0.45,2025-03-15,1151,N20,nominal,2.0NRT,274.52,1.67,D
-6.28915,18.99359,334.68,0.39,0.44,2025-03-15,1151,N20,nominal,2.0NRT,286.96,2.59,D
-6.26231,19.15416,329.25,0.39,0.44,2025-03-15,1151,N20,nominal,2.0NRT,290.03,2.68,D
-6.27349,18.98774,327.37,0.39,0.44,2025-03-15,1151,N20,nominal,2.0NRT,289.66,2.03,D
-6.26105,19.04706,343.02,0.39,0.44,2025-03-15,1151,N20,nominal,2.0NRT,285.28,4.43,D
-6.27571,18.56606,336.34,0.42,0.45,2025-03-15,1151,N20,nominal,2.0NRT,283.37,3.35,D
-6.14175,18.68817,327.45,0.41,0.45,2025-03-15,1151,N20,nominal,2.0NRT,285.26,2.15,D
-6.11886,18.81892,329.03,0.4,0.44,2025-03-15,1151,N20,nominal,2.0NRT,273.24,2.29,D
-6.13443,18.56183,339.62,0.42,0.45,2025-03-15,1151,N20,nominal,2.0NRT,279.16,7.48,D
-6.09552,18.71862,343.86,0.41,0.45,2025-03-15,1151,N20,nominal,2.0NRT,285.87,5.67,D
-6.08987,18.20612,330.75,0.44,0.46,2025-03-15,1151,N20,nominal,2.0NRT,272.64,3.3,D
-6.86166,12.39046,339.95,0.57,0.69,2025-03-15,1151,N20,nominal,2.0NRT,282.8,24.41,D
-6.861,12.39557,356.25,0.57,0.69,2025-03-15,1151,N20,low,2.0NRT,283.23,46.16,D
-6.01274,17.95763,334.94,0.46,0.47,2025-03-15,1151,N20,nominal,2.0NRT,266.8,3.94,D
-6.05547,16.49816,335.48,0.57,0.52,2025-03-15,1151,N20,nominal,2.0NRT,274.61,6.02,D
-5.96189,16.81999,329.31,0.54,0.51,2025-03-15,1151,N20,nominal,2.0NRT,278.39,4.47,D
-5.91623,16.51749,341.77,0.57,0.52,2025-03-15,1151,N20,nominal,2.0NRT,277.96,8.25,D
-5.902,16.51515,333.04,0.57,0.52,2025-03-15,1151,N20,nominal,2.0NRT,277.39,6.82,D
-5.90272,16.50996,332.54,0.57,0.52,2025-03-15,1151,N20,nominal,2.0NRT,279.02,6.82,D
-5.41345,19.77524,328.79,0.52,0.41,2025-03-15,1151,N20,nominal,2.0NRT,277.57,3.1,D
-5.55569,15.2654,330.5,0.34,0.56,2025-03-15,1151,N20,nominal,2.0NRT,287.9,1.47,D
-4.81875,20.30066,333.76,0.48,0.4,2025-03-15,1151,N20,nominal,2.0NRT,285.5,4.43,D
-5.65264,14.01054,330.1,0.42,0.61,2025-03-15,1151,N20,nominal,2.0NRT,281.66,2.54,D
-5.62326,13.93273,326.97,0.43,0.62,2025-03-15,1151,N20,nominal,2.0NRT,281.98,4.69,D
-5.21207,16.66605,332.41,0.54,0.51,2025-03-15,1151,N20,nominal,2.0NRT,271.79,5.73,D
-5.21276,16.66113,338.44,0.54,0.51,2025-03-15,1151,N20,nominal,2.0NRT,273.56,6.47,D
-5.16644,16.56489,334.74,0.55,0.51,2025-03-15,1151,N20,nominal,2.0NRT,279.47,2.99,D
-5.16137,16.53342,334.95,0.55,0.51,2025-03-15,1151,N20,nominal,2.0NRT,280.83,4.15,D
-5.18659,15.78079,330.56,0.62,0.54,2025-03-15,1151,N20,nominal,2.0NRT,286.97,4.92,D
-5.35582,14.24129,330.51,0.4,0.6,2025-03-15,1151,N20,nominal,2.0NRT,286.77,3.46,D
-5.16611,15.56658,328.76,0.32,0.55,2025-03-15,1151,N20,nominal,2.0NRT,284.87,2.35,D
-5.00083,16.53723,353.89,0.55,0.51,2025-03-15,1151,N20,nominal,2.0NRT,280.36,26.13,D
-5.00264,16.54047,327.79,0.55,0.51,2025-03-15,1151,N20,nominal,2.0NRT,278.05,10.65,D
-5.00331,16.53588,336.1,0.55,0.51,2025-03-15,1151,N20,nominal,2.0NRT,281.74,17.81,D
-5.28772,14.1239,349.77,0.41,0.61,2025-03-15,1151,N20,nominal,2.0NRT,287.59,6.67,D
-4.90222,15.81062,333.06,0.62,0.54,2025-03-15,1151,N20,nominal,2.0NRT,287.81,4.26,D
-4.83262,16.10085,331.05,0.59,0.53,2025-03-15,1151,N20,nominal,2.0NRT,286.1,6.28,D
-4.75812,16.41283,330.22,0.56,0.51,2025-03-15,1151,N20,nominal,2.0NRT,284.81,6.03,D
-5.14132,13.68561,333.64,0.44,0.62,2025-03-15,1151,N20,nominal,2.0NRT,287.43,3.37,D
-4.84032,15.66606,353.18,0.63,0.54,2025-03-15,1151,N20,nominal,2.0NRT,291.46,38,D
-4.84112,15.66037,332.52,0.63,0.54,2025-03-15,1151,N20,nominal,2.0NRT,289.35,12.38,D
-4.51432,17.60554,335.9,0.46,0.47,2025-03-15,1151,N20,nominal,2.0NRT,282.32,4.52,D
-4.51669,17.60667,333.21,0.46,0.47,2025-03-15,1151,N20,nominal,2.0NRT,282.16,5.07,D
-4.61952,16.78884,345.42,0.52,0.5,2025-03-15,1151,N20,nominal,2.0NRT,280.49,7.99,D
-4.60344,16.54214,334.37,0.54,0.51,2025-03-15,1151,N20,nominal,2.0NRT,284.21,5.66,D
-4.99035,13.79659,328.78,0.43,0.62,2025-03-15,1151,N20,nominal,2.0NRT,286.98,2.83,D
-4.49654,16.95426,330.56,0.51,0.49,2025-03-15,1151,N20,nominal,2.0NRT,284.13,3.35,D
-4.4729,17.08312,332.88,0.5,0.49,2025-03-15,1151,N20,nominal,2.0NRT,287.8,3.68,D
-4.51317,16.77862,329.1,0.52,0.5,2025-03-15,1151,N20,nominal,2.0NRT,284.39,3.19,D
-4.57998,15.44965,341.58,0.32,0.55,2025-03-15,1151,N20,nominal,2.0NRT,287.7,3.62,D
-4.38636,16.65369,329.56,0.53,0.5,2025-03-15,1151,N20,nominal,2.0NRT,284.91,2.54,D
-4.38249,16.64793,335,0.53,0.5,2025-03-15,1151,N20,nominal,2.0NRT,286.82,5.88,D
-4.41508,16.42172,345.57,0.55,0.51,2025-03-15,1151,N20,nominal,2.0NRT,285.4,8.4,D
-4.76154,13.8652,338.84,0.42,0.61,2025-03-15,1151,N20,nominal,2.0NRT,287.77,3.37,D
-4.3861,16.49099,354.58,0.54,0.51,2025-03-15,1151,N20,nominal,2.0NRT,286.98,12.65,D
-4.32318,16.76843,347.49,0.52,0.5,2025-03-15,1151,N20,nominal,2.0NRT,292.74,10.15,D
-4.32288,16.76596,341.81,0.52,0.5,2025-03-15,1151,N20,nominal,2.0NRT,291.87,9.38,D
-4.33249,16.51065,333.33,0.54,0.51,2025-03-15,1151,N20,nominal,2.0NRT,288.03,5.94,D
-4.31783,15.93753,331.18,0.59,0.53,2025-03-15,1151,N20,nominal,2.0NRT,286.98,6.74,D
-4.23327,16.45424,353.64,0.54,0.51,2025-03-15,1151,N20,nominal,2.0NRT,283.87,21.88,D
-4.23166,16.40033,332,0.55,0.51,2025-03-15,1151,N20,nominal,2.0NRT,283.11,5.16,D
-4.2195,16.41827,333.72,0.55,0.51,2025-03-15,1151,N20,nominal,2.0NRT,281,4.66,D
-4.22017,16.41369,337.18,0.55,0.51,2025-03-15,1151,N20,nominal,2.0NRT,281.47,4.52,D
-4.02996,16.34049,330.43,0.55,0.51,2025-03-15,1151,N20,nominal,2.0NRT,282.22,4.5,D
-4.06201,16.08957,339.79,0.57,0.52,2025-03-15,1151,N20,nominal,2.0NRT,286.02,12.82,D
-4.06278,16.08434,335.99,0.57,0.52,2025-03-15,1151,N20,nominal,2.0NRT,285.09,12.82,D
-4.01449,16.28266,339.84,0.55,0.51,2025-03-15,1151,N20,nominal,2.0NRT,283.67,7.12,D
-4.01519,16.27782,331.37,0.55,0.51,2025-03-15,1151,N20,nominal,2.0NRT,284.76,6.4,D
-4.32793,13.58167,331.36,0.43,0.62,2025-03-15,1151,N20,nominal,2.0NRT,286.23,3.68,D
-4.52968,11.55415,328.17,0.6,0.71,2025-03-15,1151,N20,nominal,2.0NRT,286.15,6.06,D
-4.53045,11.54878,334.69,0.6,0.71,2025-03-15,1151,N20,nominal,2.0NRT,286.33,6.73,D
-4.12935,14.00261,327.2,0.4,0.6,2025-03-15,1151,N20,nominal,2.0NRT,289.07,3.76,D
-4.17574,12.97258,328.51,0.47,0.64,2025-03-15,1151,N20,nominal,2.0NRT,289.56,2.66,D
-33.70808,19.32597,340.8,0.5,0.66,2025-03-15,1323,N20,nominal,2.0NRT,297.35,4.63,D
-33.39081,19.17063,367,0.5,0.66,2025-03-15,1323,N20,high,2.0NRT,296.77,9.5,D
-33.39229,19.16526,330.53,0.5,0.66,2025-03-15,1323,N20,nominal,2.0NRT,297.01,9.5,D
-33.38484,19.16854,337.02,0.5,0.66,2025-03-15,1323,N20,nominal,2.0NRT,294.88,7.11,D
-33.52973,18.50147,367,0.46,0.64,2025-03-15,1323,N20,high,2.0NRT,295.77,9.23,D
-33.53136,18.50311,351.02,0.46,0.64,2025-03-15,1323,N20,nominal,2.0NRT,294.39,6.2,D
-33.53262,18.49843,342,0.46,0.64,2025-03-15,1323,N20,nominal,2.0NRT,297.82,6.2,D
-32.32812,19.13671,343.46,0.54,0.68,2025-03-15,1323,N20,nominal,2.0NRT,291.81,8.56,D
-32.33385,19.11584,335.71,0.53,0.67,2025-03-15,1323,N20,nominal,2.0NRT,291.71,4.03,D
-32.3349,19.11202,336.08,0.53,0.67,2025-03-15,1323,N20,nominal,2.0NRT,292.44,4.03,D
-32.33033,19.10439,367,0.53,0.67,2025-03-15,1323,N20,high,2.0NRT,294.37,13.8,D
-32.3312,19.10125,367,0.53,0.67,2025-03-15,1323,N20,high,2.0NRT,294.73,13.8,D
-32.30555,19.14586,348.12,0.54,0.68,2025-03-15,1323,N20,nominal,2.0NRT,292.47,6.33,D
-32.17251,19.05662,367,0.53,0.67,2025-03-15,1323,N20,high,2.0NRT,293.59,18.35,D
-32.1656,19.0574,367,0.53,0.67,2025-03-15,1323,N20,high,2.0NRT,292.96,13.55,D
-32.1683,19.04772,339.32,0.53,0.67,2025-03-15,1323,N20,nominal,2.0NRT,293.41,6.42,D
-32.17049,19.03989,334.26,0.53,0.67,2025-03-15,1323,N20,nominal,2.0NRT,292.59,6.42,D
-32.16367,19.04037,334.78,0.53,0.67,2025-03-15,1323,N20,nominal,2.0NRT,290.16,6.42,D
-32.16893,19.0538,367,0.53,0.67,2025-03-15,1323,N20,high,2.0NRT,296.6,34.39,D
-32.16652,19.03819,334.5,0.53,0.67,2025-03-15,1323,N20,nominal,2.0NRT,291.05,5.8,D
-6.85574,12.40071,343.7,0.73,0.76,2025-03-15,1331,N20,nominal,2.0NRT,280.06,26.01,D
-6.857,12.39404,354.05,0.73,0.76,2025-03-15,1331,N20,nominal,2.0NRT,280.74,35.49,D
-6.8593,12.39042,328.76,0.73,0.76,2025-03-15,1331,N20,nominal,2.0NRT,279.96,21.06,D
-6.85808,12.3971,356.17,0.73,0.76,2025-03-15,1331,N20,low,2.0NRT,280.46,21.06,D
-6.14274,11.03701,330.55,0.61,0.71,2025-03-15,1331,N20,nominal,2.0NRT,286.93,4.97,D
-4.93653,12.09861,343.64,0.75,0.77,2025-03-15,1331,N20,nominal,2.0NRT,278.22,19.13,D
-4.93781,12.0917,355.06,0.75,0.77,2025-03-15,1331,N20,nominal,2.0NRT,278.02,21.98,D
-4.93239,12.0974,344.15,0.75,0.77,2025-03-15,1331,N20,nominal,2.0NRT,277.73,13.68,D
-4.93365,12.09038,350.09,0.75,0.77,2025-03-15,1331,N20,nominal,2.0NRT,277.3,13.68,D
-4.85879,12.0213,335.33,0.75,0.77,2025-03-15,1331,N20,nominal,2.0NRT,271.36,12.46,D
-4.86078,12.02613,325.38,0.75,0.77,2025-03-15,1331,N20,nominal,2.0NRT,270.66,6.79,D
-4.86199,12.01927,326.12,0.75,0.77,2025-03-15,1331,N20,nominal,2.0NRT,271.68,7.49,D
-4.92492,11.385,347,0.68,0.74,2025-03-15,1331,N20,nominal,2.0NRT,278.77,11.7,D
-4.52496,11.5562,325.26,0.7,0.75,2025-03-15,1331,N20,nominal,2.0NRT,285.98,5.46,D
-4.52612,11.5498,325.85,0.7,0.75,2025-03-15,1331,N20,nominal,2.0NRT,286.17,5.46,D
-4.52581,11.55337,350.74,0.7,0.75,2025-03-15,1331,N20,nominal,2.0NRT,285.98,13.83,D
-4.52051,11.42178,343.31,0.69,0.74,2025-03-15,1331,N20,nominal,2.0NRT,285.91,7.86,D
-4.41513,11.69447,327.04,0.72,0.76,2025-03-15,1331,N20,nominal,2.0NRT,286.93,6.2,D
-4.41641,11.69414,325.9,0.72,0.76,2025-03-15,1331,N20,nominal,2.0NRT,286.75,4.53,D
-4.2827,11.56469,326.97,0.71,0.75,2025-03-15,1331,N20,nominal,2.0NRT,286.72,4.28,D
-4.2446,11.6592,332.22,0.72,0.76,2025-03-15,1331,N20,nominal,2.0NRT,286.35,5.69,D
-4.20982,11.57288,325.85,0.71,0.75,2025-03-15,1331,N20,nominal,2.0NRT,287,3.68,D
-23.45336,47.44968,330.41,0.37,0.58,2025-03-15,2118,N20,nominal,2.0NRT,271.3,1.78,N
-23.45415,47.45324,308.9,0.37,0.58,2025-03-15,2118,N20,nominal,2.0NRT,271.97,1.78,N
-23.45062,47.44986,301.58,0.37,0.58,2025-03-15,2118,N20,nominal,2.0NRT,271.38,0.97,N
-23.45145,47.45346,307.61,0.37,0.58,2025-03-15,2118,N20,nominal,2.0NRT,271.41,0.97,N
-23.45592,47.44844,317.69,0.37,0.58,2025-03-15,2118,N20,nominal,2.0NRT,270.91,0.97,N
-23.45674,47.45202,304.4,0.37,0.58,2025-03-15,2118,N20,nominal,2.0NRT,271.04,0.97,N
-21.23915,48.03723,304.5,0.38,0.59,2025-03-15,2118,N20,nominal,2.0NRT,278.57,0.3,N
-25.65912,27.83934,296.95,0.48,0.4,2025-03-15,2259,N20,nominal,2.0NRT,285.64,1.43,N
-26.66237,27.80462,328.3,0.47,0.39,2025-03-15,2259,N20,nominal,2.0NRT,277.93,5.39,N
-26.82358,27.8422,302.02,0.46,0.39,2025-03-15,2259,N20,nominal,2.0NRT,287.23,0.98,N
-29.71376,30.61362,300.11,0.38,0.36,2025-03-15,2301,N20,nominal,2.0NRT,275.8,0.27,N
-30.67397,30.34563,309.21,0.38,0.36,2025-03-15,2301,N20,nominal,2.0NRT,278.9,1.21,N
-29.93186,19.05902,300.75,0.41,0.6,2025-03-15,2301,N20,nominal,2.0NRT,287.53,0.15,N
-32.16655,19.03648,302.88,0.36,0.57,2025-03-15,2301,N20,nominal,2.0NRT,288.88,0.69,N
-32.3249,19.13877,325.86,0.35,0.57,2025-03-15,2301,N20,nominal,2.0NRT,279.99,1.49,N
-32.32994,19.13671,300.35,0.35,0.57,2025-03-15,2301,N20,nominal,2.0NRT,281.23,1.49,N
-5.2963,38.62272,304.48,0.42,0.38,2025-03-15,2254,N20,nominal,2.0NRT,292.84,0.86,N
-5.41422,38.75307,311.13,0.42,0.38,2025-03-15,2254,N20,nominal,2.0NRT,293.78,1.31,N
-6.96307,39.32459,311.47,0.46,0.39,2025-03-15,2254,N20,nominal,2.0NRT,293.32,1.99,N
-13.34045,35.28371,301.34,0.39,0.36,2025-03-15,2257,N20,nominal,2.0NRT,287.67,0.6,N
-14.61057,40.68372,301.17,0.46,0.47,2025-03-15,2257,N20,nominal,2.0NRT,288.2,0.09,N
-14.48857,28.46272,302.75,0.44,0.46,2025-03-15,2257,N20,nominal,2.0NRT,279.91,1.15,N
-14.49278,28.46187,303.67,0.44,0.46,2025-03-15,2257,N20,nominal,2.0NRT,280.25,1.08,N
-15.92972,33.01618,304.56,0.39,0.36,2025-03-15,2257,N20,nominal,2.0NRT,290.61,0.84,N
-16.12024,33.7588,307.77,0.38,0.36,2025-03-15,2259,N20,nominal,2.0NRT,291.31,0.95,N
-16.12081,33.76238,313.14,0.38,0.36,2025-03-15,2259,N20,nominal,2.0NRT,292.54,0.95,N
-16.12412,33.76182,305.6,0.38,0.36,2025-03-15,2259,N20,nominal,2.0NRT,291.84,0.95,N
-16.12469,33.7654,304.9,0.38,0.36,2025-03-15,2259,N20,nominal,2.0NRT,291.73,1.44,N
-16.12857,33.76842,305.97,0.38,0.36,2025-03-15,2259,N20,nominal,2.0NRT,291.26,1.21,N
-16.13188,33.76786,315.57,0.38,0.36,2025-03-15,2259,N20,nominal,2.0NRT,291.38,1.21,N
-16.1311,33.72016,305.21,0.38,0.36,2025-03-15,2259,N20,nominal,2.0NRT,290.47,0.96,N
-16.1328,33.73091,306.31,0.38,0.36,2025-03-15,2259,N20,nominal,2.0NRT,290.51,1.05,N
-16.16243,33.81049,305.04,0.38,0.36,2025-03-15,2259,N20,nominal,2.0NRT,291.62,1.03,N
-16.1646,33.80276,313.49,0.38,0.36,2025-03-15,2259,N20,nominal,2.0NRT,288.88,2.06,N
-16.194,33.8382,310.23,0.38,0.36,2025-03-15,2259,N20,nominal,2.0NRT,290.46,1.54,N
-16.19456,33.84179,311.02,0.38,0.36,2025-03-15,2259,N20,nominal,2.0NRT,290.69,2.08,N
-15.90323,31.11978,308.37,0.45,0.39,2025-03-15,2259,N20,nominal,2.0NRT,289.11,0.77,N
-18.05213,30.38131,302.12,0.46,0.39,2025-03-15,2259,N20,nominal,2.0NRT,285.52,0.92,N
-18.35911,26.65635,305.58,0.49,0.48,2025-03-15,2259,N20,nominal,2.0NRT,291.22,1.03,N
-18.36002,26.66093,319.08,0.49,0.48,2025-03-15,2259,N20,nominal,2.0NRT,291.84,1.47,N
-18.36094,26.66561,306.28,0.48,0.48,2025-03-15,2259,N20,nominal,2.0NRT,291.55,1.47,N
-18.36555,26.47662,330.38,0.5,0.49,2025-03-15,2259,N20,nominal,2.0NRT,294.62,4.7,N
-18.37003,26.47574,322.21,0.5,0.49,2025-03-15,2259,N20,nominal,2.0NRT,292.55,4.7,N
-18.36994,26.45135,331.86,0.5,0.49,2025-03-15,2259,N20,nominal,2.0NRT,292.97,3.23,N
-18.37443,26.45045,306.41,0.5,0.49,2025-03-15,2259,N20,nominal,2.0NRT,291.42,3.23,N
-18.40334,26.50391,304.47,0.5,0.49,2025-03-15,2259,N20,nominal,2.0NRT,290.07,0.6,N
-18.42368,26.53745,303.3,0.49,0.49,2025-03-15,2259,N20,nominal,2.0NRT,289.96,1.18,N
-18.41924,26.46571,304.29,0.5,0.49,2025-03-15,2259,N20,nominal,2.0NRT,290.21,0.71,N
-18.4274,26.50849,308.39,0.5,0.49,2025-03-15,2259,N20,nominal,2.0NRT,290.21,1.35,N
-18.42825,26.51294,309,0.49,0.49,2025-03-15,2259,N20,nominal,2.0NRT,290.86,1.9,N
-18.42831,26.52392,306.72,0.49,0.49,2025-03-15,2259,N20,nominal,2.0NRT,290.24,1.47,N
-18.43011,26.50964,314.83,0.49,0.49,2025-03-15,2259,N20,nominal,2.0NRT,290.82,2.08,N
-18.43982,26.51182,308.26,0.49,0.49,2025-03-15,2259,N20,nominal,2.0NRT,291.75,2.37,N
-18.4423,26.47735,318.08,0.5,0.49,2025-03-15,2259,N20,nominal,2.0NRT,292.34,3.36,N
-21.74721,35.05945,304.53,0.42,0.38,2025-03-15,2259,N20,nominal,2.0NRT,289.81,0.68,N
-24.48519,33.95901,303.55,0.41,0.37,2025-03-15,2301,N20,nominal,2.0NRT,290.31,0.62,N
-24.74354,30.19165,306.72,0.4,0.37,2025-03-15,2301,N20,nominal,2.0NRT,284.21,1.02,N
-24.81603,30.12005,299.74,0.4,0.37,2025-03-15,2301,N20,nominal,2.0NRT,283.55,0.63,N
-25.74373,31.05894,305.08,0.39,0.36,2025-03-15,2301,N20,nominal,2.0NRT,284.46,0.68,N
-4.42395,37.51041,302.07,0.39,0.36,2025-03-15,2254,N20,nominal,2.0NRT,290.98,0.26,N
-5.10146,39.02277,309.48,0.43,0.38,2025-03-15,2254,N20,nominal,2.0NRT,295.2,1.34,N
-7.13033,12.3435,304.24,0.4,0.37,2025-03-16,0035,N20,nominal,2.0NRT,275.64,1.2,N
-7.15798,12.34297,304.59,0.4,0.37,2025-03-16,0035,N20,nominal,2.0NRT,274.47,1.24,N
-7.59102,12.11017,330.63,0.4,0.37,2025-03-16,0035,N20,nominal,2.0NRT,279.44,4.03,N
-7.84808,12.11212,332.98,0.4,0.37,2025-03-16,0035,N20,nominal,2.0NRT,287.54,5.34,N
-10.11488,13.6719,302.8,0.49,0.4,2025-03-16,0035,N20,nominal,2.0NRT,284.44,0.6,N
-10.11858,13.67137,304.76,0.49,0.4,2025-03-16,0035,N20,nominal,2.0NRT,283.12,0.6,N
-10.11701,13.66978,304.23,0.49,0.4,2025-03-16,0035,N20,nominal,2.0NRT,280.39,0.96,N
-10.13357,13.65378,303.47,0.49,0.4,2025-03-16,0035,N20,nominal,2.0NRT,275.6,0.83,N
-32.31976,19.11761,300.72,0.63,0.72,2025-03-16,0041,N20,nominal,2.0NRT,286.65,1.01,N
-32.32723,19.13522,318.31,0.63,0.72,2025-03-16,0041,N20,nominal,2.0NRT,287.58,3.65,N
-32.33268,19.1065,299.28,0.63,0.72,2025-03-16,0041,N20,nominal,2.0NRT,286.65,1.24,N
-32.31614,19.11718,297.44,0.63,0.72,2025-03-16,0041,N20,nominal,2.0NRT,286.43,1.46,N
-32.32349,19.13427,300.14,0.63,0.72,2025-03-16,0041,N20,nominal,2.0NRT,286.7,1.54,N
-32.33027,19.13636,313.25,0.63,0.72,2025-03-16,0041,N20,nominal,2.0NRT,286.8,2.76,N
-4.24298,10.81851,308.66,0.39,0.36,2025-03-16,0037,N20,nominal,2.0NRT,288.93,1.51,N
-4.52835,11.55035,343.08,0.38,0.36,2025-03-16,0037,N20,nominal,2.0NRT,288.13,7.91,N
-4.521,11.41751,343.72,0.38,0.36,2025-03-16,0037,N20,nominal,2.0NRT,290.46,7.15,N
-4.92322,11.38189,332.47,0.38,0.36,2025-03-16,0037,N20,nominal,2.0NRT,287.94,7.67,N
-15.73335,47.15168,327.99,0.36,0.57,2025-03-16,0947,N20,nominal,2.0NRT,290.41,2.19,D
-21.4531,47.77556,337.04,0.38,0.59,2025-03-16,0945,N20,nominal,2.0NRT,291.9,3.63,D
-21.45342,47.77218,334.43,0.38,0.59,2025-03-16,0945,N20,nominal,2.0NRT,292.68,3.63,D
-20.14367,57.50232,331.58,0.38,0.36,2025-03-16,0945,N20,nominal,2.0NRT,300.63,1.75,D
-20.14423,57.49865,335.71,0.38,0.36,2025-03-16,0945,N20,nominal,2.0NRT,301.47,4.37,D
-20.24717,46.86208,331.59,0.43,0.62,2025-03-16,0945,N20,nominal,2.0NRT,295.2,3.19,D
-19.74085,46.5662,350.5,0.44,0.62,2025-03-16,0945,N20,nominal,2.0NRT,291.48,4.73,D
-19.2834,47.994,367,0.35,0.57,2025-03-16,0945,N20,high,2.0NRT,294.56,27.93,D
-18.88486,47.94304,327.88,0.35,0.57,2025-03-16,0947,N20,nominal,2.0NRT,291.2,1.79,D
-18.77151,47.9614,342.59,0.35,0.56,2025-03-16,0947,N20,nominal,2.0NRT,290.67,6.05,D
-18.77186,47.95805,353.65,0.35,0.56,2025-03-16,0947,N20,nominal,2.0NRT,293.54,6.05,D
-18.36434,48.30473,329.03,0.32,0.55,2025-03-16,0947,N20,nominal,2.0NRT,289.79,3.37,D
-32.34415,19.15312,332.01,0.77,0.77,2025-03-16,1125,N20,nominal,2.0NRT,296.6,8.71,D
-32.33731,19.13856,367,0.77,0.77,2025-03-16,1125,N20,high,2.0NRT,299.73,32.47,D
-32.33661,19.16625,353.73,0.76,0.77,2025-03-16,1125,N20,nominal,2.0NRT,299.18,15.24,D
-32.33685,19.15681,336.03,0.76,0.77,2025-03-16,1125,N20,nominal,2.0NRT,298.87,19.82,D
-32.33709,19.14738,344.1,0.77,0.77,2025-03-16,1125,N20,nominal,2.0NRT,297.64,19.82,D
-32.32952,19.16113,330.62,0.76,0.77,2025-03-16,1125,N20,nominal,2.0NRT,298.05,15.24,D
-32.32241,19.15706,367,0.76,0.77,2025-03-16,1125,N20,high,2.0NRT,300.03,14.68,D
-32.3226,19.1496,367,0.76,0.77,2025-03-16,1125,N20,high,2.0NRT,299.01,19.51,D
-32.32211,19.16927,331.02,0.76,0.77,2025-03-16,1125,N20,nominal,2.0NRT,294.63,14.68,D
-32.32275,19.14366,342.37,0.77,0.77,2025-03-16,1125,N20,nominal,2.0NRT,296.94,19.51,D
-32.31522,19.15657,338.17,0.76,0.77,2025-03-16,1125,N20,nominal,2.0NRT,294.72,14.68,D
-32.34252,19.14253,367,0.77,0.77,2025-03-16,1125,N20,high,2.0NRT,297.01,14.65,D
-32.34164,19.17021,335.88,0.76,0.77,2025-03-16,1125,N20,nominal,2.0NRT,294.85,6.82,D
-32.34189,19.16241,341.67,0.76,0.77,2025-03-16,1125,N20,nominal,2.0NRT,296.11,6.82,D
-32.34218,19.15306,339.88,0.76,0.77,2025-03-16,1125,N20,nominal,2.0NRT,297,14.65,D
-32.33456,19.16635,339.11,0.76,0.77,2025-03-16,1125,N20,nominal,2.0NRT,297.49,12.97,D
-32.3354,19.13935,334.71,0.77,0.77,2025-03-16,1125,N20,nominal,2.0NRT,297.85,16.47,D
-32.32751,19.16157,347.34,0.76,0.77,2025-03-16,1125,N20,nominal,2.0NRT,298.22,12.97,D
-32.32041,19.15796,367,0.76,0.77,2025-03-16,1125,N20,high,2.0NRT,298.02,24.5,D
-32.32064,19.15057,367,0.76,0.77,2025-03-16,1125,N20,high,2.0NRT,298.86,24.5,D
-32.32081,19.14468,341.88,0.76,0.77,2025-03-16,1125,N20,nominal,2.0NRT,296.8,18.62,D
-26.47154,32.62886,330.16,0.39,0.36,2025-03-16,1125,N20,nominal,2.0NRT,295.41,2.45,D
-26.1615,32.5143,334.33,0.39,0.36,2025-03-16,1125,N20,nominal,2.0NRT,296.6,3.37,D
-22.12703,46.74027,351.34,0.67,0.74,2025-03-16,1125,N20,nominal,2.0NRT,291.89,13.99,D
-22.125,46.74257,332,0.67,0.74,2025-03-16,1125,N20,nominal,2.0NRT,291.08,7.03,D
-22.12613,46.73801,339.54,0.67,0.74,2025-03-16,1125,N20,nominal,2.0NRT,291.56,7.03,D
-24.81973,30.11777,335.52,0.45,0.39,2025-03-16,1125,N20,nominal,2.0NRT,303.62,5.65,D
-24.81558,30.1216,332.3,0.45,0.39,2025-03-16,1125,N20,nominal,2.0NRT,301.8,5.41,D
-24.81616,30.11716,333.31,0.45,0.39,2025-03-16,1125,N20,nominal,2.0NRT,302.08,3.38,D
-19.6446,46.55761,331.65,0.74,0.76,2025-03-16,1128,N20,nominal,2.0NRT,290.2,5.65,D
-18.44421,26.4761,337.99,0.39,0.44,2025-03-16,1128,N20,nominal,2.0NRT,307.98,10.98,D
-18.44281,26.47862,333.87,0.39,0.44,2025-03-16,1128,N20,low,2.0NRT,305.24,6.24,D
-18.3732,26.47966,339.43,0.39,0.44,2025-03-16,1128,N20,nominal,2.0NRT,307.54,9.14,D
-18.36919,26.47902,347.23,0.39,0.44,2025-03-16,1128,N20,nominal,2.0NRT,311.03,9.14,D
-18.37236,26.45352,341.33,0.39,0.44,2025-03-16,1128,N20,nominal,2.0NRT,303.06,7.01,D
-18.37281,26.4499,332.25,0.39,0.44,2025-03-16,1128,N20,low,2.0NRT,304.19,3.73,D
-17.34256,27.20639,331.52,0.51,0.41,2025-03-16,1128,N20,low,2.0NRT,305.98,5.83,D
-4.40076,25.63388,332.18,0.44,0.39,2025-03-16,1132,N20,low,2.0NRT,291.45,4.63,D
-6.30941,39.52618,346.09,0.47,0.64,2025-03-16,1132,N20,nominal,2.0NRT,292.61,9.02,D
-6.31018,39.52193,344.17,0.47,0.64,2025-03-16,1132,N20,nominal,2.0NRT,292.9,8.37,D
-6.31163,39.52344,367,0.47,0.64,2025-03-16,1132,N20,high,2.0NRT,293.43,11.49,D
-6.25059,39.49117,347.1,0.47,0.64,2025-03-16,1132,N20,nominal,2.0NRT,293.29,8.75,D
-6.12066,39.41442,332.25,0.46,0.64,2025-03-16,1132,N20,nominal,2.0NRT,293.9,1.96,D
-5.8266,39.32314,331.4,0.46,0.64,2025-03-16,1132,N20,nominal,2.0NRT,290.75,3.37,D
-5.69148,38.62197,330.49,0.42,0.61,2025-03-16,1132,N20,nominal,2.0NRT,287.25,3.91,D
-5.6975,38.25639,332.54,0.39,0.6,2025-03-16,1132,N20,nominal,2.0NRT,290.4,3.09,D
-8.53388,19.36576,331.05,0.42,0.61,2025-03-16,1132,N20,nominal,2.0NRT,279.29,9.43,D
-8.62802,18.6136,326.83,0.48,0.64,2025-03-16,1132,N20,nominal,2.0NRT,289.99,4.41,D
-8.53581,19.36702,351.48,0.42,0.61,2025-03-16,1132,N20,nominal,2.0NRT,280.16,8.26,D
-5.63845,38.26863,335.79,0.4,0.6,2025-03-16,1132,N20,nominal,2.0NRT,289.52,2.45,D
-8.58165,18.61475,350.48,0.48,0.64,2025-03-16,1132,N20,nominal,2.0NRT,293.44,11.21,D
-7.60663,24.33832,330.77,0.57,0.43,2025-03-16,1132,N20,nominal,2.0NRT,292.97,4.19,D
-8.20566,17.99332,331.59,0.52,0.67,2025-03-16,1132,N20,nominal,2.0NRT,289.54,3.89,D
-7.29804,24.36659,333.95,0.56,0.43,2025-03-16,1132,N20,nominal,2.0NRT,293.25,5.55,D
-7.15165,23.83428,331.41,0.4,0.44,2025-03-16,1132,N20,nominal,2.0NRT,295.21,3.23,D
-4.60644,39.33805,334.59,0.49,0.65,2025-03-16,1132,N20,nominal,2.0NRT,295.62,7.23,D
-4.60722,39.33366,352.33,0.49,0.65,2025-03-16,1132,N20,nominal,2.0NRT,295.69,7.23,D
-7.05418,23.73193,342.65,0.41,0.45,2025-03-16,1132,N20,nominal,2.0NRT,294.07,7.83,D
-4.60431,39.33467,354.87,0.49,0.65,2025-03-16,1132,N20,nominal,2.0NRT,295.72,10.33,D
-4.62279,39.08257,339.83,0.47,0.64,2025-03-16,1132,N20,nominal,2.0NRT,296.5,4.55,D
-6.96178,23.97393,338.07,0.39,0.44,2025-03-16,1132,N20,nominal,2.0NRT,295.37,4.82,D
-6.87674,23.90006,339.21,0.39,0.44,2025-03-16,1132,N20,nominal,2.0NRT,296.67,3.54,D
-6.84789,23.69433,337.7,0.4,0.45,2025-03-16,1132,N20,nominal,2.0NRT,294.98,4.7,D
-4.36815,39.31863,344.78,0.49,0.65,2025-03-16,1132,N20,nominal,2.0NRT,297.02,5.57,D
-4.32193,39.26516,367,0.49,0.65,2025-03-16,1132,N20,high,2.0NRT,297.69,10.36,D
-4.31951,39.26488,367,0.49,0.65,2025-03-16,1132,N20,high,2.0NRT,296.95,12.08,D
-4.23996,39.37032,336.12,0.5,0.66,2025-03-16,1132,N20,nominal,2.0NRT,291.53,6.03,D
-6.59981,23.56897,335.74,0.41,0.45,2025-03-16,1132,N20,nominal,2.0NRT,292.38,3.23,D
-6.39316,23.97799,346.64,0.38,0.43,2025-03-16,1132,N20,nominal,2.0NRT,296.41,5.4,D
-6.46746,23.39825,330.73,0.42,0.45,2025-03-16,1132,N20,nominal,2.0NRT,293.5,2.51,D
-6.42042,23.60635,331.82,0.4,0.45,2025-03-16,1132,N20,nominal,2.0NRT,294.51,2.45,D
-6.32245,23.88673,340.98,0.39,0.44,2025-03-16,1132,N20,nominal,2.0NRT,296.32,5.64,D
-6.47189,22.72709,343.1,0.46,0.47,2025-03-16,1132,N20,nominal,2.0NRT,288.34,10.68,D
-6.47247,22.72291,348.47,0.46,0.47,2025-03-16,1132,N20,nominal,2.0NRT,291.86,11.92,D
-6.43055,22.78953,336.56,0.46,0.47,2025-03-16,1132,N20,nominal,2.0NRT,296.74,6.19,D
-6.43157,22.75168,352.34,0.46,0.47,2025-03-16,1132,N20,nominal,2.0NRT,297.59,30.74,D
-6.32317,23.44599,338.18,0.41,0.45,2025-03-16,1132,N20,nominal,2.0NRT,294.09,4.12,D
-6.8508,19.19832,333.72,0.41,0.61,2025-03-16,1132,N20,nominal,2.0NRT,285.34,4.77,D
-6.85129,19.1946,341.26,0.41,0.61,2025-03-16,1132,N20,nominal,2.0NRT,286.41,5.56,D
-6.85187,19.19553,347.18,0.41,0.61,2025-03-16,1132,N20,nominal,2.0NRT,286.74,9.43,D
-6.15652,23.87963,340.92,0.39,0.44,2025-03-16,1132,N20,nominal,2.0NRT,291.06,4.18,D
-6.32882,22.65378,349.94,0.47,0.47,2025-03-16,1132,N20,nominal,2.0NRT,292.6,7.07,D
-6.32446,22.65319,367,0.47,0.47,2025-03-16,1132,N20,high,2.0NRT,296.53,14.25,D
-6.32011,22.65257,340.44,0.47,0.47,2025-03-16,1132,N20,nominal,2.0NRT,293.3,14.25,D
-6.15159,22.83394,337.23,0.45,0.47,2025-03-16,1132,N20,nominal,2.0NRT,288.53,3.23,D
-6.13284,22.74808,341.71,0.46,0.47,2025-03-16,1132,N20,nominal,2.0NRT,294.53,7.01,D
-6.13099,22.74492,330.41,0.46,0.47,2025-03-16,1132,N20,nominal,2.0NRT,289.24,3.22,D
-6.19344,18.48201,338.55,0.45,0.63,2025-03-16,1132,N20,nominal,2.0NRT,288.75,6.63,D
-6.19398,18.47789,336.52,0.45,0.63,2025-03-16,1132,N20,nominal,2.0NRT,289.19,6.19,D
-6.1934,18.47849,350.88,0.45,0.63,2025-03-16,1132,N20,nominal,2.0NRT,289.53,6.68,D
-5.9371,19.42272,330.18,0.38,0.59,2025-03-16,1132,N20,nominal,2.0NRT,292.13,4.71,D
-5.91309,19.43692,336.88,0.38,0.59,2025-03-16,1132,N20,nominal,2.0NRT,289.89,3,D
-5.89682,19.5146,342.35,0.38,0.59,2025-03-16,1132,N20,nominal,2.0NRT,289.65,3.08,D
-5.90772,19.43594,346.31,0.38,0.59,2025-03-16,1132,N20,nominal,2.0NRT,289.82,4.52,D
-5.89333,19.50024,336.67,0.38,0.59,2025-03-16,1132,N20,nominal,2.0NRT,290.53,2.39,D
-5.88795,19.49953,345.96,0.38,0.59,2025-03-16,1132,N20,nominal,2.0NRT,292.44,6.84,D
-5.23938,23.88086,343.6,0.56,0.43,2025-03-16,1132,N20,nominal,2.0NRT,293,8.75,D
-5.80056,19.63352,367,0.37,0.58,2025-03-16,1132,N20,high,2.0NRT,290.65,6.01,D
-5.8001,19.63682,349.99,0.37,0.58,2025-03-16,1132,N20,nominal,2.0NRT,289.43,6.01,D
-5.80103,19.63021,329.75,0.37,0.58,2025-03-16,1132,N20,nominal,2.0NRT,293.01,6.43,D
-5.79479,19.63604,331.85,0.37,0.58,2025-03-16,1132,N20,nominal,2.0NRT,290.61,4.61,D
-5.7249,19.41018,343.66,0.38,0.59,2025-03-16,1132,N20,nominal,2.0NRT,292.21,6.86,D
-5.70568,19.50763,336.7,0.38,0.58,2025-03-16,1132,N20,nominal,2.0NRT,290.61,3.22,D
-5.49324,20.32462,344.04,0.33,0.55,2025-03-16,1132,N20,nominal,2.0NRT,290.49,4.82,D
-5.65323,18.49649,339.45,0.44,0.62,2025-03-16,1132,N20,nominal,2.0NRT,288.41,11.24,D
-5.65276,18.50001,356.48,0.44,0.62,2025-03-16,1132,N20,low,2.0NRT,288.67,16.1,D
-5.65701,18.4985,354.63,0.44,0.62,2025-03-16,1132,N20,nominal,2.0NRT,288.46,7.87,D
-5.65131,18.49753,356.12,0.44,0.62,2025-03-16,1132,N20,low,2.0NRT,283.58,7.87,D
-5.10208,21.70564,330.34,0.52,0.5,2025-03-16,1132,N20,nominal,2.0NRT,290.93,3.73,D
-4.88767,21.99558,335.02,0.49,0.49,2025-03-16,1132,N20,nominal,2.0NRT,291.09,5.26,D
-4.3119,25.72189,340.57,0.44,0.38,2025-03-16,1132,N20,low,2.0NRT,293.47,7.94,D
-4.84899,21.77257,328.2,0.51,0.49,2025-03-16,1132,N20,nominal,2.0NRT,291.83,4.09,D
-4.91454,21.22314,339.48,0.55,0.51,2025-03-16,1132,N20,nominal,2.0NRT,290.03,7.86,D
-4.75855,21.98735,330.1,0.49,0.49,2025-03-16,1132,N20,nominal,2.0NRT,290.13,2.35,D
-4.76786,21.62146,328.3,0.52,0.5,2025-03-16,1132,N20,nominal,2.0NRT,289.26,5.84,D
-4.74318,21.43502,337.13,0.53,0.5,2025-03-16,1132,N20,nominal,2.0NRT,290.69,3.83,D
-4.61183,22.03872,328.92,0.48,0.48,2025-03-16,1132,N20,nominal,2.0NRT,292.77,4.29,D
-4.61243,22.04001,330.74,0.48,0.48,2025-03-16,1132,N20,nominal,2.0NRT,293.31,2.44,D
-4.62403,21.51711,329.95,0.52,0.5,2025-03-16,1132,N20,nominal,2.0NRT,290.2,2.74,D
-5.22883,16.59174,351.91,0.59,0.7,2025-03-16,1132,N20,nominal,2.0NRT,284.2,8.87,D
-4.11457,24.15845,329.92,0.52,0.42,2025-03-16,1132,N20,nominal,2.0NRT,290.82,3.64,D
-4.49667,21.4238,332.13,0.53,0.5,2025-03-16,1132,N20,nominal,2.0NRT,290.95,2.76,D
-4.4978,21.42108,339.48,0.53,0.5,2025-03-16,1132,N20,nominal,2.0NRT,291.65,5.64,D
-4.042,24.39031,333.08,0.51,0.41,2025-03-16,1132,N20,nominal,2.0NRT,291.91,3.6,D
-5.0798,16.90507,333.11,0.56,0.69,2025-03-16,1132,N20,nominal,2.0NRT,285.25,9.3,D
-5.08045,16.90039,341.39,0.56,0.69,2025-03-16,1132,N20,nominal,2.0NRT,285.76,10.54,D
-5.03334,16.82195,331.06,0.56,0.69,2025-03-16,1132,N20,nominal,2.0NRT,285.14,4.51,D
-5.07886,16.48218,331.46,0.6,0.7,2025-03-16,1132,N20,nominal,2.0NRT,283.84,8.45,D
-5.07953,16.47722,336.27,0.6,0.7,2025-03-16,1132,N20,nominal,2.0NRT,285.03,8.84,D
-4.45158,21.03863,327.58,0.56,0.52,2025-03-16,1132,N20,nominal,2.0NRT,290.08,3.42,D
-5.03659,16.82123,337.55,0.56,0.69,2025-03-16,1132,N20,nominal,2.0NRT,284.75,5.27,D
-5.02558,16.48057,337.63,0.6,0.7,2025-03-16,1132,N20,nominal,2.0NRT,283.52,5.98,D
-4.41355,20.6952,335.33,0.59,0.53,2025-03-16,1132,N20,nominal,2.0NRT,291.57,7.33,D
-4.76035,15.82646,328.35,0.66,0.73,2025-03-16,1132,N20,nominal,2.0NRT,287.01,5.27,D
-4.76467,15.60177,338.01,0.68,0.74,2025-03-16,1132,N20,nominal,2.0NRT,285.66,12.46,D
-4.66771,15.7565,350.49,0.66,0.73,2025-03-16,1132,N20,nominal,2.0NRT,285.03,9.44,D
-4.66848,15.75083,334.27,0.66,0.73,2025-03-16,1132,N20,nominal,2.0NRT,285.25,9.44,D
-4.53503,16.10189,330.78,0.62,0.72,2025-03-16,1132,N20,nominal,2.0NRT,279.84,4.39,D
-4.08736,15.2637,328.39,0.7,0.75,2025-03-16,1134,N20,nominal,2.0NRT,285.38,5.87,D
-33.43363,19.21385,340.23,0.56,0.51,2025-03-16,1306,N20,nominal,2.0NRT,298.9,6.03,D
-32.33743,19.17726,347.19,0.59,0.53,2025-03-16,1306,N20,nominal,2.0NRT,298.15,8.19,D
-32.33894,19.17076,336.83,0.59,0.53,2025-03-16,1306,N20,nominal,2.0NRT,298.25,5.7,D
-32.34047,19.1642,331.83,0.59,0.53,2025-03-16,1306,N20,nominal,2.0NRT,298.93,5.7,D
-32.34193,19.15791,332.16,0.59,0.53,2025-03-16,1306,N20,nominal,2.0NRT,299.58,7.98,D
-32.34335,19.1518,330.8,0.59,0.53,2025-03-16,1306,N20,nominal,2.0NRT,298.75,7.98,D
-32.34472,19.14592,341.75,0.59,0.52,2025-03-16,1306,N20,nominal,2.0NRT,297.92,14.35,D
-32.33391,19.17039,335.04,0.59,0.53,2025-03-16,1306,N20,nominal,2.0NRT,299.28,5.7,D
-32.33538,19.16408,341.22,0.59,0.53,2025-03-16,1306,N20,nominal,2.0NRT,299.94,5.7,D
-32.33681,19.15797,338.48,0.59,0.53,2025-03-16,1306,N20,nominal,2.0NRT,301.48,7.98,D
-32.33824,19.15183,342.83,0.59,0.53,2025-03-16,1306,N20,nominal,2.0NRT,301.8,7.98,D
-32.33967,19.14569,344.78,0.59,0.52,2025-03-16,1306,N20,nominal,2.0NRT,303.92,14.35,D
-32.33031,19.16389,337.48,0.59,0.53,2025-03-16,1306,N20,nominal,2.0NRT,300.29,10.27,D
-32.33612,19.13901,350.79,0.58,0.52,2025-03-16,1306,N20,nominal,2.0NRT,301.76,14.93,D
-32.31905,19.16832,352.86,0.59,0.53,2025-03-16,1306,N20,nominal,2.0NRT,305.86,54.8,D
-32.32029,19.16301,351.4,0.59,0.53,2025-03-16,1306,N20,nominal,2.0NRT,311.23,54.8,D
-32.32169,19.15703,355.57,0.59,0.53,2025-03-16,1306,N20,nominal,2.0NRT,303.28,17.51,D
-32.31693,19.15552,346.74,0.59,0.53,2025-03-16,1306,N20,nominal,2.0NRT,298.92,17.51,D
-32.31858,19.14851,353.31,0.59,0.53,2025-03-16,1306,N20,nominal,2.0NRT,298.88,17.51,D
-10.49433,14.40362,336.88,0.41,0.61,2025-03-16,1312,N20,nominal,2.0NRT,290.84,3.38,D
-10.52777,13.92174,330.39,0.38,0.59,2025-03-16,1312,N20,nominal,2.0NRT,288.96,2.9,D
-10.12513,13.67504,341.63,0.37,0.58,2025-03-16,1312,N20,nominal,2.0NRT,291.03,4.76,D
-10.12236,13.67387,342.48,0.37,0.58,2025-03-16,1312,N20,nominal,2.0NRT,290.79,5.13,D
-9.83661,14.46196,332.22,0.43,0.62,2025-03-16,1312,N20,nominal,2.0NRT,291.03,5.86,D
-9.46711,16.06811,335.89,0.56,0.69,2025-03-16,1312,N20,nominal,2.0NRT,281.84,5.82,D
-9.75401,13.34687,331.17,0.36,0.57,2025-03-16,1312,N20,nominal,2.0NRT,292.03,2.98,D
-9.36301,15.31536,329.88,0.5,0.66,2025-03-16,1312,N20,nominal,2.0NRT,291.74,2.98,D
-9.367,15.3175,331.97,0.5,0.66,2025-03-16,1312,N20,nominal,2.0NRT,290.86,4.25,D
-8.6784,15.35089,329.15,0.52,0.66,2025-03-16,1312,N20,nominal,2.0NRT,290.89,3.71,D
-8.59696,15.58062,326.79,0.54,0.68,2025-03-16,1312,N20,nominal,2.0NRT,291.02,3.96,D
-8.53031,15.53491,326.92,0.53,0.67,2025-03-16,1312,N20,nominal,2.0NRT,292.17,3.35,D
-8.85862,13.63609,331.01,0.39,0.59,2025-03-16,1312,N20,nominal,2.0NRT,290.7,4.3,D
-8.41959,15.9144,327.8,0.57,0.69,2025-03-16,1312,N20,nominal,2.0NRT,291.2,4.51,D
-8.40356,15.89545,349.13,0.57,0.69,2025-03-16,1312,N20,nominal,2.0NRT,291.59,7.88,D
-8.40783,15.89391,333.27,0.57,0.69,2025-03-16,1312,N20,nominal,2.0NRT,290.97,4.55,D
-8.13399,15.55284,327.71,0.54,0.68,2025-03-16,1312,N20,nominal,2.0NRT,288.04,4.8,D
-8.28279,14.77019,327.42,0.48,0.65,2025-03-16,1312,N20,nominal,2.0NRT,288.87,4.32,D
-8.28548,14.77048,330.32,0.48,0.65,2025-03-16,1312,N20,nominal,2.0NRT,290.76,4.49,D
-7.69592,14.16522,328.44,0.45,0.63,2025-03-16,1312,N20,nominal,2.0NRT,291.31,3.02,D
-7.35266,15.27751,333.6,0.54,0.68,2025-03-16,1312,N20,nominal,2.0NRT,289.65,6.09,D
-7.34932,15.22688,326.57,0.53,0.67,2025-03-16,1312,N20,nominal,2.0NRT,289.98,6.54,D
-7.35115,15.2171,348.23,0.53,0.67,2025-03-16,1312,N20,nominal,2.0NRT,289.26,9.46,D
-7.42732,14.74218,337.06,0.49,0.65,2025-03-16,1312,N20,nominal,2.0NRT,286.51,7.85,D
-7.35423,15.27883,332.68,0.54,0.68,2025-03-16,1312,N20,nominal,2.0NRT,288.94,6.89,D
-7.3551,15.27399,334.42,0.54,0.68,2025-03-16,1312,N20,nominal,2.0NRT,289.79,6.46,D
-7.35057,15.22797,332.51,0.53,0.67,2025-03-16,1312,N20,nominal,2.0NRT,289.09,3.19,D
-7.35317,15.21348,341.14,0.53,0.67,2025-03-16,1312,N20,nominal,2.0NRT,288.57,7.87,D
-7.43129,14.74312,340.98,0.49,0.65,2025-03-16,1312,N20,nominal,2.0NRT,286.43,6.32,D
-7.23519,15.26364,337.32,0.54,0.68,2025-03-16,1312,N20,nominal,2.0NRT,288.65,5.52,D
-6.97135,16.09675,349.84,0.62,0.71,2025-03-16,1312,N20,nominal,2.0NRT,287.46,8.97,D
-7.43694,13.58751,331.81,0.41,0.61,2025-03-16,1312,N20,nominal,2.0NRT,291.39,3.92,D
-6.97345,16.09385,334.82,0.62,0.71,2025-03-16,1312,N20,nominal,2.0NRT,287.09,7,D
-7.2158,14.27383,335.09,0.46,0.64,2025-03-16,1312,N20,nominal,2.0NRT,289.35,3.09,D
-7.21651,14.27509,339.56,0.46,0.64,2025-03-16,1312,N20,nominal,2.0NRT,288.65,5.9,D
-7.59046,12.11294,350.87,0.32,0.55,2025-03-16,1312,N20,nominal,2.0NRT,290.09,5.1,D
-6.89797,15.11237,344.23,0.53,0.67,2025-03-16,1312,N20,nominal,2.0NRT,289.22,6.6,D
-6.83327,15.01358,327.1,0.53,0.67,2025-03-16,1312,N20,nominal,2.0NRT,288.21,6.2,D
-6.83439,15.01103,341.11,0.53,0.67,2025-03-16,1312,N20,nominal,2.0NRT,288.45,5.22,D
-6.58846,14.97435,340.79,0.53,0.67,2025-03-16,1312,N20,nominal,2.0NRT,290.36,5.57,D
-6.73688,13.91643,333.42,0.45,0.63,2025-03-16,1312,N20,nominal,2.0NRT,288.33,3.48,D
-6.73111,13.9155,336.37,0.45,0.63,2025-03-16,1312,N20,nominal,2.0NRT,289.36,6.32,D
-6.73646,13.91583,351.19,0.45,0.63,2025-03-16,1312,N20,nominal,2.0NRT,289.68,9.51,D
-6.57516,12.7531,339.84,0.37,0.58,2025-03-16,1314,N20,nominal,2.0NRT,287.48,4.41,D
-6.45988,12.92659,332.91,0.39,0.59,2025-03-16,1314,N20,nominal,2.0NRT,290.76,2.89,D
-6.44289,12.76781,351.7,0.38,0.58,2025-03-16,1314,N20,nominal,2.0NRT,292.37,9.13,D
-6.4033,12.89869,329.49,0.38,0.59,2025-03-16,1314,N20,nominal,2.0NRT,291.33,3.62,D
-6.18059,13.7167,331.97,0.44,0.62,2025-03-16,1314,N20,nominal,2.0NRT,288.32,3,D
-5.9993,14.60228,327.94,0.51,0.66,2025-03-16,1314,N20,nominal,2.0NRT,290.01,2.49,D
-5.87609,15.0019,351.21,0.55,0.68,2025-03-16,1314,N20,nominal,2.0NRT,289.99,9.4,D
-5.87886,15.00059,340.87,0.55,0.68,2025-03-16,1314,N20,nominal,2.0NRT,289.78,9.11,D
-5.79849,15.01728,334.02,0.55,0.68,2025-03-16,1314,N20,nominal,2.0NRT,288.53,3.9,D
-6.1904,12.82031,334.26,0.38,0.59,2025-03-16,1314,N20,nominal,2.0NRT,288.19,3.76,D
-6.19162,12.81339,335.23,0.38,0.59,2025-03-16,1314,N20,nominal,2.0NRT,290.75,5.63,D
-5.64806,14.41055,328.13,0.5,0.66,2025-03-16,1314,N20,nominal,2.0NRT,286.67,1.41,D
-6.14215,11.03294,340.96,0.58,0.52,2025-03-16,1314,N20,nominal,2.0NRT,277.59,10.41,D
-5.01809,16.53194,353.85,0.71,0.75,2025-03-16,1314,N20,nominal,2.0NRT,285.36,11.88,D
-5.13481,15.69217,342.36,0.63,0.72,2025-03-16,1314,N20,nominal,2.0NRT,288.51,6.7,D
-5.08098,15.73942,349.16,0.63,0.72,2025-03-16,1314,N20,nominal,2.0NRT,288.73,10.15,D
-5.04115,15.80979,330.75,0.64,0.72,2025-03-16,1314,N20,nominal,2.0NRT,286.38,5.72,D
-5.23003,14.20666,346.06,0.49,0.65,2025-03-16,1314,N20,nominal,2.0NRT,288.96,7.03,D
-4.86252,15.82713,332.03,0.65,0.73,2025-03-16,1314,N20,nominal,2.0NRT,286.56,16.6,D
-4.8731,15.82545,334.62,0.65,0.73,2025-03-16,1314,N20,nominal,2.0NRT,285.2,5.04,D
-4.86643,15.82434,343.95,0.65,0.73,2025-03-16,1314,N20,nominal,2.0NRT,287,5.04,D
-5.01261,14.91225,341.3,0.56,0.69,2025-03-16,1314,N20,nominal,2.0NRT,284.2,5.27,D
-4.77331,15.88307,329.35,0.65,0.73,2025-03-16,1314,N20,nominal,2.0NRT,287.3,6.91,D
-5.09884,14.0627,332.74,0.49,0.65,2025-03-16,1314,N20,nominal,2.0NRT,289.73,2.95,D
-4.96,14.73525,339.32,0.54,0.68,2025-03-16,1314,N20,nominal,2.0NRT,289.44,7.6,D
-4.8367,15.61683,345.31,0.63,0.72,2025-03-16,1314,N20,nominal,2.0NRT,287.67,9.14,D
-4.83009,15.61584,351.91,0.63,0.72,2025-03-16,1314,N20,nominal,2.0NRT,287.23,10.8,D
-5.09584,14.06347,328.15,0.49,0.65,2025-03-16,1314,N20,nominal,2.0NRT,289.95,3.25,D
-4.96241,14.73319,342.39,0.54,0.68,2025-03-16,1314,N20,nominal,2.0NRT,289.77,7.55,D
-4.76282,15.72823,336.78,0.64,0.72,2025-03-16,1314,N20,nominal,2.0NRT,287.19,8.54,D
-4.76383,15.72247,329.4,0.64,0.72,2025-03-16,1314,N20,nominal,2.0NRT,287.81,8.54,D
-4.64756,15.4698,339.15,0.62,0.71,2025-03-16,1314,N20,nominal,2.0NRT,287.32,7.41,D
-4.64245,15.46705,347.6,0.62,0.71,2025-03-16,1314,N20,nominal,2.0NRT,287.58,7.62,D
-4.61243,15.44564,330.27,0.61,0.71,2025-03-16,1314,N20,nominal,2.0NRT,287.38,4.23,D
-5.10186,12.10652,349.85,0.36,0.57,2025-03-16,1314,N20,nominal,2.0NRT,291.7,4.3,D
-5.10209,12.10786,339.36,0.36,0.57,2025-03-16,1314,N20,nominal,2.0NRT,291.01,3.43,D
-4.78507,13.18981,332.98,0.43,0.62,2025-03-16,1314,N20,nominal,2.0NRT,287.81,4.36,D
-4.95427,12.05673,333.82,0.36,0.57,2025-03-16,1314,N20,nominal,2.0NRT,291.22,2.87,D
-4.91392,12.04008,328.31,0.36,0.57,2025-03-16,1314,N20,nominal,2.0NRT,290.67,2.74,D
-4.92096,11.93675,328.53,0.35,0.57,2025-03-16,1314,N20,nominal,2.0NRT,292.3,1.41,D
-4.61433,13.56466,336.61,0.46,0.63,2025-03-16,1314,N20,nominal,2.0NRT,289.3,4.16,D
-4.8927,11.91055,337.04,0.35,0.57,2025-03-16,1314,N20,nominal,2.0NRT,292.94,1.83,D
-4.86262,12.02601,355.93,0.36,0.57,2025-03-16,1314,N20,nominal,2.0NRT,293.03,16.72,D
-4.86317,12.02273,340.62,0.36,0.57,2025-03-16,1314,N20,nominal,2.0NRT,293,6.97,D
-4.86371,12.01955,349.7,0.36,0.57,2025-03-16,1314,N20,nominal,2.0NRT,293.21,6.97,D
-4.92342,11.38529,367,0.32,0.55,2025-03-16,1314,N20,high,2.0NRT,290.62,10.53,D
-4.29504,15.01006,328.59,0.58,0.7,2025-03-16,1314,N20,nominal,2.0NRT,289.32,4.11,D
-4.92391,11.3824,353.02,0.32,0.55,2025-03-16,1314,N20,nominal,2.0NRT,290.86,9.67,D
-4.28859,15.00918,335.17,0.58,0.7,2025-03-16,1314,N20,nominal,2.0NRT,286.94,4.11,D
-4.29356,15.01056,328.12,0.58,0.7,2025-03-16,1314,N20,nominal,2.0NRT,288.92,5.59,D
-4.23484,14.96869,342.32,0.58,0.7,2025-03-16,1314,N20,nominal,2.0NRT,288.41,17.49,D
-4.23389,14.97415,356.5,0.58,0.7,2025-03-16,1314,N20,low,2.0NRT,288.29,17.49,D
-4.2221,14.96622,328.88,0.58,0.7,2025-03-16,1314,N20,nominal,2.0NRT,287.6,7.76,D
-4.22294,14.96138,338.84,0.58,0.7,2025-03-16,1314,N20,nominal,2.0NRT,287.95,7.6,D
-4.09532,15.3134,330.45,0.61,0.71,2025-03-16,1314,N20,nominal,2.0NRT,285.43,6.03,D
-4.64126,12.06183,330.45,0.36,0.57,2025-03-16,1314,N20,nominal,2.0NRT,290.7,2.29,D
-4.18985,14.24618,337.96,0.52,0.67,2025-03-16,1314,N20,nominal,2.0NRT,288.83,5.63,D
-4.49448,12.19662,337.97,0.37,0.58,2025-03-16,1314,N20,nominal,2.0NRT,288.61,4.42,D
-4.51302,12.05428,367,0.36,0.58,2025-03-16,1314,N20,high,2.0NRT,290.7,6.89,D
-4.51356,12.05111,330.67,0.36,0.58,2025-03-16,1314,N20,nominal,2.0NRT,290.88,6.89,D
-4.53151,11.84923,329.4,0.35,0.57,2025-03-16,1314,N20,nominal,2.0NRT,291.28,3.16,D
-4.15472,14.01251,331.65,0.5,0.66,2025-03-16,1314,N20,nominal,2.0NRT,288.85,3.55,D
-4.02544,14.53415,329.63,0.55,0.68,2025-03-16,1314,N20,nominal,2.0NRT,288.41,3.05,D
-4.22641,13.392,327.75,0.45,0.63,2025-03-16,1314,N20,nominal,2.0NRT,288.09,3.37,D
-4.02141,14.5347,332.43,0.55,0.68,2025-03-16,1314,N20,nominal,2.0NRT,288.3,3.78,D
-4.52204,11.422,341.6,0.33,0.55,2025-03-16,1314,N20,nominal,2.0NRT,290.08,3.21,D
-4.52253,11.41904,338.81,0.33,0.55,2025-03-16,1314,N20,nominal,2.0NRT,290.2,3.21,D
-4.36829,12.04861,342.29,0.36,0.58,2025-03-16,1314,N20,nominal,2.0NRT,289.57,3.59,D
-4.12421,13.3961,335.06,0.45,0.63,2025-03-16,1314,N20,nominal,2.0NRT,288.88,3.5,D
-4.07981,13.55463,328.06,0.47,0.64,2025-03-16,1314,N20,nominal,2.0NRT,286.18,2.12,D
-13.20296,28.68405,297.34,0.46,0.63,2025-03-16,2237,N20,nominal,2.0NRT,285.62,0.33,N
-30.6736,30.34638,306.31,0.51,0.41,2025-03-16,2242,N20,nominal,2.0NRT,287.75,0.86,N
-14.48651,28.46141,297.55,0.45,0.63,2025-03-16,2237,N20,nominal,2.0NRT,286.43,0.55,N
-31.3231,29.93669,326.21,0.52,0.42,2025-03-16,2242,N20,nominal,2.0NRT,287.95,2.76,N
-14.48736,28.46554,297.9,0.45,0.63,2025-03-16,2237,N20,nominal,2.0NRT,286.66,0.55,N
-31.3269,29.93568,321.44,0.52,0.42,2025-03-16,2242,N20,nominal,2.0NRT,287.56,2.76,N
-14.49222,28.46008,304.7,0.45,0.63,2025-03-16,2237,N20,nominal,2.0NRT,286.41,1.37,N
-32.30125,19.16743,317.78,0.64,0.72,2025-03-16,2244,N20,nominal,2.0NRT,289.29,2.79,N
-15.89183,33.03063,325.11,0.42,0.46,2025-03-16,2237,N20,nominal,2.0NRT,287.68,3.09,N
-32.30194,19.1452,298.05,0.64,0.72,2025-03-16,2244,N20,nominal,2.0NRT,287.27,0.98,N
-20.95914,46.50801,342.03,0.33,0.55,2025-03-16,2240,N20,nominal,2.0NRT,289.81,3.19,N
-32.30341,19.15022,306.34,0.64,0.72,2025-03-16,2244,N20,nominal,2.0NRT,287.69,1.49,N
-17.29461,24.13498,335.34,0.74,0.76,2025-03-16,2240,N20,nominal,2.0NRT,287.04,8.35,N
-32.30484,19.1551,299.85,0.64,0.72,2025-03-16,2244,N20,nominal,2.0NRT,288.04,1.49,N
-17.29611,24.1415,329.25,0.74,0.76,2025-03-16,2240,N20,nominal,2.0NRT,287.82,8.35,N
-17.2937,24.14092,337.59,0.74,0.76,2025-03-16,2240,N20,nominal,2.0NRT,287.41,9.76,N
-32.30775,19.16504,306.35,0.64,0.72,2025-03-16,2244,N20,nominal,2.0NRT,288.67,2.79,N
-32.30943,19.1708,302.26,0.64,0.72,2025-03-16,2244,N20,nominal,2.0NRT,288.41,2.75,N
-17.29215,24.1344,307.99,0.74,0.76,2025-03-16,2240,N20,nominal,2.0NRT,286.78,5.63,N
-32.30695,19.13768,315.18,0.64,0.72,2025-03-16,2244,N20,nominal,2.0NRT,287.56,2.89,N
-17.29912,24.13273,300.12,0.74,0.76,2025-03-16,2240,N20,nominal,2.0NRT,286.55,2.22,N
-17.30068,24.13931,314.78,0.74,0.76,2025-03-16,2240,N20,nominal,2.0NRT,286.44,3.17,N
-32.31219,19.13094,296.5,0.64,0.72,2025-03-16,2244,N20,nominal,2.0NRT,286.31,1.89,N
-21.50137,46.76197,312.25,0.35,0.56,2025-03-16,2240,N20,nominal,2.0NRT,286.85,1.11,N
-32.31346,19.13528,308.84,0.64,0.72,2025-03-16,2244,N20,nominal,2.0NRT,288,2.89,N
-32.31999,19.13296,296.79,0.64,0.72,2025-03-16,2244,N20,nominal,2.0NRT,286.76,1.07,N
-21.50168,46.76503,299.92,0.35,0.56,2025-03-16,2240,N20,nominal,2.0NRT,286.92,0.88,N
-32.33723,19.11777,316.36,0.64,0.72,2025-03-16,2244,N20,nominal,2.0NRT,287.01,3.67,N
-18.3567,26.65858,303.09,0.49,0.65,2025-03-16,2240,N20,nominal,2.0NRT,289.29,0.74,N
-32.33888,19.11224,308.95,0.64,0.72,2025-03-16,2244,N20,nominal,2.0NRT,286.39,3.17,N
-18.35775,26.66337,304.67,0.49,0.65,2025-03-16,2240,N20,nominal,2.0NRT,289.52,0.71,N
-32.34159,19.12141,303.07,0.64,0.72,2025-03-16,2244,N20,nominal,2.0NRT,286.86,3.02,N
-18.36246,26.65636,307.57,0.49,0.65,2025-03-16,2240,N20,nominal,2.0NRT,289.76,1.13,N
-34.0368,23.07852,295.78,0.36,0.57,2025-03-16,2244,N20,nominal,2.0NRT,284.74,0.41,N
-18.36631,26.47313,321.07,0.5,0.66,2025-03-16,2240,N20,nominal,2.0NRT,290.5,2.4,N
-18.36735,26.4779,307.44,0.5,0.66,2025-03-16,2240,N20,nominal,2.0NRT,291.29,2.4,N
-33.97459,19.28473,297.49,0.57,0.69,2025-03-16,2244,N20,nominal,2.0NRT,284.49,1.17,N
-18.36802,26.47591,330.09,0.5,0.66,2025-03-16,2240,N20,nominal,2.0NRT,293.16,4.66,N
-18.36872,26.45087,322.68,0.5,0.66,2025-03-16,2240,N20,nominal,2.0NRT,290.67,4.86,N
-18.41612,26.46506,301.77,0.5,0.66,2025-03-16,2240,N20,nominal,2.0NRT,288.84,0.68,N
-18.42586,26.50901,302.91,0.5,0.66,2025-03-16,2240,N20,nominal,2.0NRT,289.01,0.86,N
-18.43723,26.47491,313.65,0.5,0.66,2025-03-16,2240,N20,nominal,2.0NRT,289.68,1.78,N
-18.4384,26.47339,308.61,0.5,0.66,2025-03-16,2240,N20,nominal,2.0NRT,289.59,2.39,N
-20.07826,30.44247,298.17,0.52,0.5,2025-03-16,2240,N20,nominal,2.0NRT,284.97,0.6,N
-21.74671,35.05915,303.27,0.42,0.38,2025-03-16,2240,N20,nominal,2.0NRT,290.32,0.39,N
-24.05038,25.88387,299.18,0.42,0.61,2025-03-16,2240,N20,nominal,2.0NRT,284.78,0.61,N
-4.94801,38.96906,304.07,0.43,0.38,2025-03-16,2233,N20,nominal,2.0NRT,289.78,0.42,N
-5.10049,39.01989,304.98,0.43,0.38,2025-03-16,2233,N20,nominal,2.0NRT,290.1,1.95,N
-6.66392,39.16732,307.57,0.41,0.37,2025-03-16,2235,N20,nominal,2.0NRT,291.7,1.07,N
-6.79241,39.20314,304.69,0.41,0.37,2025-03-16,2235,N20,nominal,2.0NRT,291.47,0.48,N
-7.87057,39.80732,305.57,0.39,0.36,2025-03-16,2235,N20,nominal,2.0NRT,290.92,0.61,N
-17.29637,24.13741,347.15,0.47,0.64,2025-03-17,0020,N20,nominal,2.0NRT,287.82,12.1,N
-17.29686,24.14209,346.26,0.47,0.64,2025-03-17,0020,N20,nominal,2.0NRT,289.13,11.76,N
-17.30079,24.13816,367,0.47,0.64,2025-03-17,0020,N20,high,2.0NRT,288.15,10.68,N
-17.30126,24.14289,309.14,0.47,0.64,2025-03-17,0020,N20,nominal,2.0NRT,286.43,6.59,N
-18.3603,26.65904,310.71,0.71,0.75,2025-03-17,0020,N20,nominal,2.0NRT,286.88,2.08,N
-18.3652,26.47751,313.65,0.69,0.74,2025-03-17,0020,N20,nominal,2.0NRT,288.41,4,N
-18.37204,26.47652,306.66,0.69,0.74,2025-03-17,0020,N20,nominal,2.0NRT,287.23,2.08,N
-18.40224,26.50388,303.07,0.69,0.75,2025-03-17,0020,N20,nominal,2.0NRT,286.36,1.33,N
-18.36591,26.47608,323.2,0.69,0.74,2025-03-17,0020,N20,nominal,2.0NRT,289.05,2.83,N
-18.37275,26.47508,301.7,0.69,0.74,2025-03-17,0020,N20,nominal,2.0NRT,287.04,2.83,N
-18.40278,26.50247,299.95,0.69,0.75,2025-03-17,0020,N20,nominal,2.0NRT,286.76,0.54,N
-18.43085,26.50613,311.22,0.7,0.75,2025-03-17,0020,N20,nominal,2.0NRT,286.52,2.44,N
-32.93686,18.76069,299.24,0.64,0.54,2025-03-17,0024,N20,nominal,2.0NRT,288.92,0.88,N
-32.96277,18.04666,303.01,0.58,0.52,2025-03-17,0024,N20,nominal,2.0NRT,288.14,1.17,N
-32.96098,18.04654,303.26,0.58,0.52,2025-03-17,0024,N20,nominal,2.0NRT,288.24,1.51,N
-33.97136,18.58117,302.28,0.63,0.54,2025-03-17,0024,N20,nominal,2.0NRT,287.45,1.23,N
-33.97011,18.58081,303.06,0.64,0.54,2025-03-17,0024,N20,nominal,2.0NRT,287.78,0.88,N
-4.53004,16.65291,296.22,0.39,0.36,2025-03-17,0016,N20,nominal,2.0NRT,265.28,0.51,N
-4.53058,16.65637,306.01,0.39,0.36,2025-03-17,0016,N20,nominal,2.0NRT,268.05,0.68,N
-4.53112,16.65982,295.22,0.39,0.36,2025-03-17,0016,N20,nominal,2.0NRT,266.81,0.68,N
-4.53389,16.65583,349.89,0.39,0.36,2025-03-17,0016,N20,nominal,2.0NRT,264.45,5.8,N
-4.53334,16.65238,295.1,0.39,0.36,2025-03-17,0016,N20,nominal,2.0NRT,260.7,0.49,N
-4.53443,16.65929,309.29,0.39,0.36,2025-03-17,0016,N20,nominal,2.0NRT,267.82,5.8,N
-4.53719,16.6553,332.77,0.39,0.36,2025-03-17,0016,N20,nominal,2.0NRT,260.35,5.8,N
-4.53773,16.65876,351.25,0.39,0.36,2025-03-17,0016,N20,nominal,2.0NRT,267.3,5.8,N
-4.53828,16.66222,298.37,0.39,0.36,2025-03-17,0016,N20,nominal,2.0NRT,264.74,1.38,N
-4.54104,16.65824,344.85,0.39,0.36,2025-03-17,0016,N20,nominal,2.0NRT,265.03,2.89,N
-4.5405,16.65478,300.47,0.39,0.36,2025-03-17,0016,N20,nominal,2.0NRT,259.85,2.89,N
-4.54159,16.6617,305.81,0.39,0.36,2025-03-17,0016,N20,nominal,2.0NRT,263.57,1.2,N
-4.54435,16.65771,332.77,0.39,0.36,2025-03-17,0016,N20,nominal,2.0NRT,268.11,2.89,N
-4.54381,16.65425,318.05,0.39,0.36,2025-03-17,0016,N20,nominal,2.0NRT,267.08,2.89,N
-4.5449,16.66117,295.98,0.39,0.36,2025-03-17,0016,N20,nominal,2.0NRT,265.67,1.2,N
-4.54712,16.65374,315.07,0.39,0.36,2025-03-17,0016,N20,nominal,2.0NRT,268.33,1.03,N
-4.54766,16.6572,296.16,0.39,0.36,2025-03-17,0016,N20,nominal,2.0NRT,268.2,1.03,N
-4.57365,16.62835,334.39,0.39,0.36,2025-03-17,0016,N20,nominal,2.0NRT,272.02,10.03,N
-4.57419,16.63181,356.01,0.39,0.36,2025-03-17,0016,N20,nominal,2.0NRT,279.13,10.03,N
-4.57473,16.63527,311.72,0.39,0.36,2025-03-17,0016,N20,nominal,2.0NRT,270.43,3.17,N
-4.57761,16.63122,301.76,0.39,0.36,2025-03-17,0016,N20,nominal,2.0NRT,272.33,1.06,N
-4.57815,16.63467,295.38,0.39,0.36,2025-03-17,0016,N20,nominal,2.0NRT,269.25,0.5,N
-4.8862,11.90889,297.19,0.52,0.41,2025-03-17,0016,N20,nominal,2.0NRT,259.18,2.1,N
-4.93462,12.08976,321.54,0.51,0.41,2025-03-17,0016,N20,nominal,2.0NRT,244.86,3.23,N
-4.92156,11.38187,342.49,0.56,0.43,2025-03-17,0016,N20,nominal,2.0NRT,280.25,11.84,N
-4.92116,11.37942,331.13,0.56,0.43,2025-03-17,0016,N20,nominal,2.0NRT,279.8,8.43,N
-4.922,11.3844,315.24,0.55,0.43,2025-03-17,0016,N20,nominal,2.0NRT,279.2,5.68,N
-5.20178,11.70094,309.8,0.53,0.42,2025-03-17,0016,N20,nominal,2.0NRT,274.55,1,N
-5.20385,11.69788,313.7,0.53,0.42,2025-03-17,0016,N20,nominal,2.0NRT,274.84,1.12,N
-5.23429,11.64409,302.54,0.53,0.42,2025-03-17,0016,N20,nominal,2.0NRT,278.08,1.15,N
-6.21232,12.39567,301.59,0.47,0.4,2025-03-17,0016,N20,nominal,2.0NRT,265.5,0.8,N
-6.1385,11.03164,331.24,0.56,0.43,2025-03-17,0016,N20,nominal,2.0NRT,271.71,3.15,N
-6.14243,11.03098,301.26,0.56,0.43,2025-03-17,0016,N20,nominal,2.0NRT,271.13,3.15,N
-6.85262,12.38949,304.25,0.46,0.39,2025-03-17,0016,N20,nominal,2.0NRT,277.79,1.05,N
-6.85622,12.38889,308.91,0.46,0.39,2025-03-17,0016,N20,nominal,2.0NRT,278.41,1.05,N
-6.85983,12.3883,310.8,0.46,0.39,2025-03-17,0016,N20,nominal,2.0NRT,277.68,1.6,N
-6.86052,12.39246,313.44,0.46,0.39,2025-03-17,0016,N20,nominal,2.0NRT,277.89,1.14,N
-6.8612,12.39663,301.79,0.46,0.39,2025-03-17,0016,N20,nominal,2.0NRT,277.23,1.14,N
-7.11785,12.36514,307.07,0.46,0.39,2025-03-17,0016,N20,nominal,2.0NRT,278.24,0.96,N
-7.12954,12.34611,318.59,0.46,0.39,2025-03-17,0016,N20,nominal,2.0NRT,279.43,1.98,N
-7.15632,12.34311,308.88,0.46,0.39,2025-03-17,0016,N20,nominal,2.0NRT,277.65,1.19,N
-7.1747,12.38693,308.62,0.46,0.39,2025-03-17,0016,N20,nominal,2.0NRT,277.59,1.23,N
-7.58956,12.10892,330.42,0.47,0.4,2025-03-17,0018,N20,nominal,2.0NRT,289.89,7.92,N
-7.84472,12.11217,329.84,0.47,0.39,2025-03-17,0018,N20,nominal,2.0NRT,289.3,11.37,N
-7.84403,12.10797,303.18,0.47,0.39,2025-03-17,0018,N20,nominal,2.0NRT,287.43,1.54,N
-7.84764,12.10736,303.37,0.47,0.39,2025-03-17,0018,N20,nominal,2.0NRT,287.32,1.54,N
-7.84833,12.11156,318.71,0.47,0.39,2025-03-17,0018,N20,nominal,2.0NRT,287.5,11.37,N
-20.14336,57.50083,329.21,0.54,0.42,2025-03-17,0928,N20,low,2.0NRT,299.28,5.71,D
-18.43466,49.3061,338.28,0.58,0.69,2025-03-17,0928,N20,nominal,2.0NRT,289.25,5.82,D
-15.42904,47.72871,329.14,0.68,0.74,2025-03-17,0930,N20,nominal,2.0NRT,288.79,4.82,D
-29.96127,30.42708,336.83,0.6,0.53,2025-03-17,1106,N20,nominal,2.0NRT,289.89,5.85,D
-25.61721,31.65467,335.18,0.45,0.47,2025-03-17,1108,N20,nominal,2.0NRT,288.97,4.25,D
-25.61769,31.65025,346.68,0.45,0.47,2025-03-17,1108,N20,nominal,2.0NRT,296.82,9.59,D
-25.39526,30.88797,336.66,0.49,0.49,2025-03-17,1108,N20,nominal,2.0NRT,286.13,4.86,D
-25.30161,30.80585,340.19,0.5,0.49,2025-03-17,1108,N20,nominal,2.0NRT,283.93,5.48,D
-25.30495,30.80473,335.37,0.5,0.49,2025-03-17,1108,N20,nominal,2.0NRT,285.92,6.94,D
-24.47024,34.93556,338.76,0.44,0.38,2025-03-17,1108,N20,nominal,2.0NRT,299.25,3.99,D
-21.5878,46.58397,343.12,0.34,0.56,2025-03-17,1108,N20,nominal,2.0NRT,292.34,2.94,D
-20.98034,46.26068,333.45,0.34,0.56,2025-03-17,1108,N20,nominal,2.0NRT,297.43,2.08,D
-21.41225,43.61388,332.79,0.45,0.47,2025-03-17,1108,N20,nominal,2.0NRT,295.94,2.31,D
-20.16202,46.72334,345.63,0.37,0.58,2025-03-17,1108,N20,nominal,2.0NRT,296.16,5.21,D
-20.15951,46.72205,347.11,0.37,0.58,2025-03-17,1108,N20,nominal,2.0NRT,296.09,6.3,D
-20.04183,45.65374,355.57,0.32,0.55,2025-03-17,1108,N20,nominal,2.0NRT,296.53,4.35,D
-20.04299,45.65333,367,0.32,0.55,2025-03-17,1108,N20,high,2.0NRT,296.91,5.63,D
-19.79575,46.45145,348.86,0.37,0.58,2025-03-17,1108,N20,nominal,2.0NRT,296.9,4.25,D
-18.8306,49.10669,337.88,0.56,0.69,2025-03-17,1108,N20,nominal,2.0NRT,289.76,4.67,D
-19.3054,46.09241,333.47,0.35,0.57,2025-03-17,1108,N20,nominal,2.0NRT,297.87,2.46,D
-19.30618,46.0908,335.53,0.35,0.57,2025-03-17,1108,N20,nominal,2.0NRT,297.72,2.18,D
-19.30232,45.97746,352.82,0.35,0.57,2025-03-17,1108,N20,nominal,2.0NRT,297.56,6.53,D
-18.4382,49.31343,336.08,0.59,0.7,2025-03-17,1108,N20,nominal,2.0NRT,290.3,7.16,D
-18.4318,49.31188,331.85,0.59,0.7,2025-03-17,1108,N20,nominal,2.0NRT,290.51,4.76,D
-17.66394,48.65715,335.64,0.56,0.69,2025-03-17,1110,N20,nominal,2.0NRT,289.7,7.33,D
-17.29972,24.14381,349.63,0.54,0.68,2025-03-17,1110,N20,nominal,2.0NRT,288.33,7.98,D
-16.13344,33.77035,329.1,0.42,0.37,2025-03-17,1110,N20,low,2.0NRT,302.88,5,D
-9.05449,36.8369,332.13,0.44,0.38,2025-03-17,1113,N20,nominal,2.0NRT,296.01,1.49,D
-8.06834,39.30348,341.61,0.41,0.45,2025-03-17,1113,N20,nominal,2.0NRT,296.83,5.78,D
-8.47992,36.04611,332.12,0.41,0.37,2025-03-17,1113,N20,low,2.0NRT,307.09,9.48,D
-9.37564,29.72044,329.87,0.55,0.43,2025-03-17,1113,N20,nominal,2.0NRT,293.82,3.11,D
-7.74624,39.0303,330.14,0.4,0.44,2025-03-17,1113,N20,nominal,2.0NRT,297.08,3.08,D
-7.50964,39.27754,339.18,0.41,0.45,2025-03-17,1113,N20,nominal,2.0NRT,296.52,3.07,D
-7.6138,36.92368,336.92,0.46,0.39,2025-03-17,1113,N20,nominal,2.0NRT,296.65,6.03,D
-7.19802,39.29865,330.34,0.42,0.45,2025-03-17,1113,N20,nominal,2.0NRT,297.66,1.47,D
-7.16199,39.33582,332.52,0.42,0.45,2025-03-17,1113,N20,nominal,2.0NRT,296.29,1.35,D
-7.13955,39.31628,341.44,0.42,0.45,2025-03-17,1113,N20,nominal,2.0NRT,297.15,2.15,D
-8.88922,27.56946,337.76,0.49,0.49,2025-03-17,1113,N20,nominal,2.0NRT,291.01,5.68,D
-7.11327,39.31982,343.74,0.42,0.45,2025-03-17,1113,N20,nominal,2.0NRT,297.81,5.45,D
-7.49181,36.9828,337.4,0.46,0.39,2025-03-17,1113,N20,nominal,2.0NRT,299.25,5.2,D
-7.4861,36.99515,332.61,0.46,0.39,2025-03-17,1113,N20,nominal,2.0NRT,298.05,2.82,D
-7.49293,36.95308,330.54,0.46,0.39,2025-03-17,1113,N20,nominal,2.0NRT,299.08,3.89,D
-7.07958,39.28258,336.43,0.42,0.45,2025-03-17,1113,N20,nominal,2.0NRT,297.12,4.67,D
-6.95343,38.17781,331.93,0.54,0.42,2025-03-17,1113,N20,nominal,2.0NRT,298.92,6.87,D
-8.3555,26.7016,337.8,0.56,0.51,2025-03-17,1113,N20,nominal,2.0NRT,294.29,20.67,D
-8.30971,26.74398,333.76,0.55,0.51,2025-03-17,1113,N20,nominal,2.0NRT,293.97,8.63,D
-6.37356,39.49203,340.36,0.44,0.46,2025-03-17,1113,N20,nominal,2.0NRT,296.09,7.36,D
-6.37422,39.48801,338.48,0.44,0.46,2025-03-17,1113,N20,nominal,2.0NRT,297.33,7.36,D
-8.27279,26.73388,333.99,0.55,0.51,2025-03-17,1113,N20,nominal,2.0NRT,293.75,5.22,D
-8.26876,26.72825,329.01,0.55,0.51,2025-03-17,1113,N20,nominal,2.0NRT,293.5,5.86,D
-6.73984,37.02406,333.61,0.47,0.4,2025-03-17,1113,N20,nominal,2.0NRT,296.82,4.46,D
-6.72682,37.01219,334.01,0.47,0.4,2025-03-17,1113,N20,nominal,2.0NRT,297.36,7.98,D
-6.71821,37.04224,330.18,0.47,0.4,2025-03-17,1113,N20,nominal,2.0NRT,297.72,2.82,D
-6.71521,37.01473,345.57,0.47,0.4,2025-03-17,1113,N20,nominal,2.0NRT,295.32,6.94,D
-6.71472,37.01573,336.3,0.47,0.4,2025-03-17,1113,N20,nominal,2.0NRT,295.72,3.55,D
-6.7062,36.97488,332.55,0.47,0.4,2025-03-17,1113,N20,nominal,2.0NRT,296.79,7.12,D
-8.18205,26.92423,328.02,0.53,0.5,2025-03-17,1113,N20,nominal,2.0NRT,294.46,3.73,D
-6.66381,37.03047,332.86,0.47,0.4,2025-03-17,1113,N20,nominal,2.0NRT,297.23,6.31,D
-6.6687,36.99973,333.8,0.47,0.4,2025-03-17,1113,N20,nominal,2.0NRT,296.57,9.06,D
-8.19242,26.67523,350.97,0.56,0.51,2025-03-17,1113,N20,nominal,2.0NRT,295.1,9.59,D
-8.17625,26.68835,339.12,0.55,0.51,2025-03-17,1113,N20,nominal,2.0NRT,293.29,11.5,D
-6.34846,38.72947,332.05,0.4,0.44,2025-03-17,1113,N20,nominal,2.0NRT,298.55,2.23,D
-6.61035,36.99094,336.68,0.47,0.4,2025-03-17,1113,N20,nominal,2.0NRT,296.99,6.75,D
-6.61021,36.99088,342.09,0.47,0.4,2025-03-17,1113,N20,nominal,2.0NRT,296.44,7.52,D
-6.58288,37.02213,331.02,0.47,0.4,2025-03-17,1113,N20,nominal,2.0NRT,295.89,2.78,D
-6.45607,37.62762,330.61,0.51,0.41,2025-03-17,1113,N20,low,2.0NRT,302.59,4.31,D
-6.14281,39.33971,330.66,0.44,0.46,2025-03-17,1113,N20,nominal,2.0NRT,299.19,3.24,D
-5.72866,38.8242,335.15,0.41,0.45,2025-03-17,1113,N20,nominal,2.0NRT,298.87,2.24,D
-5.72927,38.82047,330.74,0.41,0.45,2025-03-17,1113,N20,nominal,2.0NRT,298.6,2.24,D
-5.6941,38.88006,330.04,0.42,0.45,2025-03-17,1113,N20,nominal,2.0NRT,298.52,1.15,D
-5.65868,38.86302,337.4,0.41,0.45,2025-03-17,1113,N20,nominal,2.0NRT,299.81,4.12,D
-5.65672,38.8622,338.92,0.42,0.45,2025-03-17,1113,N20,nominal,2.0NRT,300.35,2.98,D
-5.62904,38.84953,341.89,0.41,0.45,2025-03-17,1113,N20,nominal,2.0NRT,300.38,12.64,D
-5.62488,38.84896,341.49,0.41,0.45,2025-03-17,1113,N20,nominal,2.0NRT,298.42,12.64,D
-5.58604,38.90465,333.83,0.42,0.45,2025-03-17,1113,N20,nominal,2.0NRT,298.99,2.44,D
-5.64178,38.43678,338.62,0.39,0.44,2025-03-17,1113,N20,nominal,2.0NRT,300.5,3.84,D
-5.56365,38.80843,346.29,0.41,0.45,2025-03-17,1113,N20,nominal,2.0NRT,301.31,5.01,D
-5.5612,38.80807,345.51,0.41,0.45,2025-03-17,1113,N20,nominal,2.0NRT,301.22,4.58,D
-5.44951,38.94531,332.75,0.42,0.45,2025-03-17,1113,N20,nominal,2.0NRT,297.56,1.11,D
-5.51063,38.41802,332.78,0.39,0.44,2025-03-17,1113,N20,nominal,2.0NRT,295.66,1.79,D
-5.37399,38.64425,330.3,0.41,0.45,2025-03-17,1113,N20,low,2.0NRT,300.6,3.23,D
-5.2738,39.06402,330.39,0.43,0.46,2025-03-17,1115,N20,nominal,2.0NRT,299.54,2.94,D
-5.26662,38.97487,342.71,0.43,0.46,2025-03-17,1115,N20,nominal,2.0NRT,299.5,1.74,D
-5.18294,39.06426,344.58,0.43,0.46,2025-03-17,1115,N20,nominal,2.0NRT,301.25,4.34,D
-5.17298,39.01833,333.98,0.43,0.46,2025-03-17,1115,N20,nominal,2.0NRT,299.35,0.83,D
-5.14395,38.95778,332.43,0.43,0.46,2025-03-17,1115,N20,nominal,2.0NRT,299.29,1.14,D
-5.14159,38.73809,336.19,0.41,0.45,2025-03-17,1115,N20,nominal,2.0NRT,295.15,3.72,D
-5.00114,39.08831,332.69,0.44,0.46,2025-03-17,1115,N20,nominal,2.0NRT,298.11,2.54,D
-4.99399,39.07882,340.32,0.44,0.46,2025-03-17,1115,N20,nominal,2.0NRT,298.83,3.46,D
-4.81675,39.13226,337.13,0.44,0.46,2025-03-17,1115,N20,nominal,2.0NRT,296.85,2.54,D
-4.84226,38.89376,348.6,0.43,0.46,2025-03-17,1115,N20,nominal,2.0NRT,298.71,5.65,D
-4.83807,38.89305,342.43,0.43,0.46,2025-03-17,1115,N20,nominal,2.0NRT,295.23,4.34,D
-4.69216,39.07159,330.68,0.44,0.46,2025-03-17,1115,N20,nominal,2.0NRT,298.34,1.98,D
-4.63471,39.36878,342.3,0.46,0.47,2025-03-17,1115,N20,nominal,2.0NRT,300.38,8.13,D
-4.63036,39.36806,332.25,0.46,0.47,2025-03-17,1115,N20,nominal,2.0NRT,299.62,8.13,D
-6.71779,25.31756,367,0.33,0.55,2025-03-17,1115,N20,high,2.0NRT,293.84,18.58,D
-4.65301,39.12322,337.66,0.45,0.47,2025-03-17,1115,N20,nominal,2.0NRT,299.11,1.66,D
-4.65503,39.11103,338.56,0.45,0.47,2025-03-17,1115,N20,nominal,2.0NRT,300.36,2.74,D
-4.607,39.34736,343.62,0.46,0.47,2025-03-17,1115,N20,nominal,2.0NRT,300.84,6.76,D
-6.24142,24.56508,333.07,0.36,0.58,2025-03-17,1115,N20,nominal,2.0NRT,292.23,3.42,D
-4.01376,39.24932,335.66,0.47,0.47,2025-03-17,1115,N20,nominal,2.0NRT,299.5,5.93,D
-5.53463,29.24396,327.24,0.52,0.42,2025-03-17,1115,N20,nominal,2.0NRT,292.49,2.5,D
-6.13572,24.59317,352.18,0.36,0.57,2025-03-17,1115,N20,nominal,2.0NRT,285.03,6.27,D
-6.14938,24.33805,334.91,0.38,0.59,2025-03-17,1115,N20,nominal,2.0NRT,290.06,3.34,D
-6.07608,23.84831,332.15,0.41,0.6,2025-03-17,1115,N20,nominal,2.0NRT,290.24,2.57,D
-5.65241,26.39352,328.52,0.53,0.5,2025-03-17,1115,N20,nominal,2.0NRT,292.94,4.1,D
-5.88186,24.64837,331.5,0.36,0.57,2025-03-17,1115,N20,nominal,2.0NRT,292.52,3.89,D
-5.81752,25.07571,334.59,0.33,0.55,2025-03-17,1115,N20,nominal,2.0NRT,286.53,1.74,D
-5.42926,26.9503,328.32,0.49,0.48,2025-03-17,1115,N20,nominal,2.0NRT,291.58,2.32,D
-5.53758,26.17646,329.02,0.55,0.51,2025-03-17,1115,N20,nominal,2.0NRT,292.98,2.2,D
-5.65311,25.34259,335.39,0.63,0.54,2025-03-17,1115,N20,nominal,2.0NRT,292.98,5.67,D
-5.5446,26.09147,331.33,0.56,0.51,2025-03-17,1115,N20,nominal,2.0NRT,293.47,8.53,D
-5.64814,25.34189,335.5,0.63,0.54,2025-03-17,1115,N20,nominal,2.0NRT,289.91,5.67,D
-5.6476,25.33923,337.04,0.63,0.54,2025-03-17,1115,N20,nominal,2.0NRT,287.79,7.17,D
-5.68412,24.97976,347.35,0.33,0.56,2025-03-17,1115,N20,nominal,2.0NRT,285.9,6.17,D
-5.22139,27.89547,339.13,0.42,0.45,2025-03-17,1115,N20,nominal,2.0NRT,294.02,7.38,D
-5.51649,24.96683,337.4,0.33,0.56,2025-03-17,1115,N20,nominal,2.0NRT,280.85,2.7,D
-5.25342,25.76123,329.07,0.58,0.52,2025-03-17,1115,N20,nominal,2.0NRT,293.19,6.79,D
-5.25422,25.75913,339.44,0.58,0.52,2025-03-17,1115,N20,nominal,2.0NRT,293.54,5.35,D
-5.34353,23.90119,335.98,0.39,0.6,2025-03-17,1115,N20,nominal,2.0NRT,289.79,3.87,D
-5.33799,23.90096,346.4,0.39,0.6,2025-03-17,1115,N20,nominal,2.0NRT,289.36,5.88,D
-4.52002,28.89212,343.7,0.53,0.42,2025-03-17,1115,N20,nominal,2.0NRT,292.49,9.12,D
-4.51617,28.89159,343.31,0.53,0.42,2025-03-17,1115,N20,nominal,2.0NRT,292.56,9.12,D
-4.64788,26.7373,344.25,0.49,0.48,2025-03-17,1115,N20,nominal,2.0NRT,291.11,7.31,D
-4.31497,28.97509,329.09,0.52,0.42,2025-03-17,1115,N20,nominal,2.0NRT,292.37,5.16,D
-4.26627,29.01511,338.59,0.52,0.42,2025-03-17,1115,N20,nominal,2.0NRT,299.1,3.6,D
-4.76875,25.0896,367,0.32,0.54,2025-03-17,1115,N20,high,2.0NRT,293.75,7.29,D
-4.76377,25.08882,349.68,0.32,0.54,2025-03-17,1115,N20,nominal,2.0NRT,293.15,4.94,D
-4.75837,25.09093,344.9,0.32,0.54,2025-03-17,1115,N20,nominal,2.0NRT,292.74,4.94,D
-4.84905,24.41519,330.39,0.36,0.57,2025-03-17,1115,N20,nominal,2.0NRT,286.51,2.42,D
-4.17268,28.77912,333.87,0.54,0.42,2025-03-17,1115,N20,nominal,2.0NRT,289.97,7.09,D
-4.17452,28.78076,330.28,0.54,0.42,2025-03-17,1115,N20,nominal,2.0NRT,292.2,9.39,D
-4.67238,25.15519,341.66,0.63,0.54,2025-03-17,1115,N20,nominal,2.0NRT,293.34,6.72,D
-4.47675,25.97398,334.34,0.55,0.51,2025-03-17,1115,N20,nominal,2.0NRT,294.68,4.52,D
-4.47207,25.97332,331.24,0.55,0.51,2025-03-17,1115,N20,nominal,2.0NRT,294.26,2.96,D
-4.46739,25.97266,328.34,0.55,0.51,2025-03-17,1115,N20,nominal,2.0NRT,293.49,2.96,D
-4.4939,25.78303,345.74,0.57,0.52,2025-03-17,1115,N20,nominal,2.0NRT,293.79,7.95,D
-4.49461,25.77794,337.5,0.57,0.52,2025-03-17,1115,N20,nominal,2.0NRT,294.29,6.44,D
-4.48987,25.77725,332.97,0.57,0.52,2025-03-17,1115,N20,nominal,2.0NRT,293.17,6.79,D
-4.49057,25.77219,338.38,0.57,0.52,2025-03-17,1115,N20,nominal,2.0NRT,293.7,6.79,D
-4.5746,25.13012,342.67,0.63,0.54,2025-03-17,1115,N20,nominal,2.0NRT,294,8.67,D
-4.24735,27.49514,327.65,0.43,0.46,2025-03-17,1115,N20,nominal,2.0NRT,294.38,2.55,D
-4.47441,25.97162,332.51,0.55,0.51,2025-03-17,1115,N20,nominal,2.0NRT,294.18,4.74,D
-4.46973,25.97097,345.52,0.55,0.51,2025-03-17,1115,N20,nominal,2.0NRT,294.94,8.45,D
-4.2587,27.36146,340.17,0.44,0.46,2025-03-17,1115,N20,nominal,2.0NRT,295.58,4.01,D
-4.49298,25.7811,354.34,0.57,0.52,2025-03-17,1115,N20,nominal,2.0NRT,294.66,7.3,D
-4.49373,25.77603,328.75,0.57,0.52,2025-03-17,1115,N20,nominal,2.0NRT,293.8,7.3,D
-4.27092,27.25013,341.89,0.45,0.47,2025-03-17,1115,N20,nominal,2.0NRT,295.82,6.29,D
-4.48899,25.77535,339.88,0.57,0.52,2025-03-17,1115,N20,nominal,2.0NRT,293.67,8.83,D
-4.57871,25.12958,328.83,0.63,0.54,2025-03-17,1115,N20,nominal,2.0NRT,293.87,4.39,D
-4.57375,25.12885,340.75,0.63,0.54,2025-03-17,1115,N20,nominal,2.0NRT,293.7,7.31,D
-4.45253,25.69222,349.36,0.57,0.52,2025-03-17,1115,N20,nominal,2.0NRT,295.15,13.85,D
-4.45326,25.6871,355.5,0.57,0.52,2025-03-17,1115,N20,nominal,2.0NRT,295.74,13.85,D
-4.58797,24.74478,349.97,0.33,0.56,2025-03-17,1115,N20,nominal,2.0NRT,292.48,5.69,D
-4.57739,24.74605,330.89,0.33,0.56,2025-03-17,1115,N20,nominal,2.0NRT,293.63,1.57,D
-4.07671,28.02778,340.38,0.4,0.44,2025-03-17,1115,N20,nominal,2.0NRT,291.96,6.65,D
-4.36616,25.96117,340.89,0.55,0.51,2025-03-17,1115,N20,nominal,2.0NRT,294.55,13.68,D
-4.30355,26.33994,330.78,0.51,0.5,2025-03-17,1115,N20,nominal,2.0NRT,293.31,2.97,D
-4.06106,28.01774,327.58,0.4,0.44,2025-03-17,1115,N20,nominal,2.0NRT,294.14,2.93,D
-4.36803,25.96388,339.9,0.55,0.51,2025-03-17,1115,N20,nominal,2.0NRT,290.57,3.02,D
-4.36336,25.9632,340.76,0.55,0.51,2025-03-17,1115,N20,nominal,2.0NRT,294.08,5.97,D
-4.30322,26.33698,330.09,0.51,0.5,2025-03-17,1115,N20,nominal,2.0NRT,293.61,2.63,D
-4.50503,24.64888,367,0.34,0.56,2025-03-17,1115,N20,high,2.0NRT,295.5,7.85,D
-4.31658,25.72251,345.9,0.57,0.52,2025-03-17,1115,N20,nominal,2.0NRT,294.44,19.05,D
-4.31729,25.71745,329.41,0.57,0.52,2025-03-17,1115,N20,nominal,2.0NRT,293.01,9.3,D
-4.06983,27.41454,337.98,0.43,0.46,2025-03-17,1115,N20,nominal,2.0NRT,295.82,6.9,D
-4.07036,27.41084,336.75,0.43,0.46,2025-03-17,1115,N20,nominal,2.0NRT,298.08,6.9,D
-4.06562,27.41393,338.62,0.43,0.46,2025-03-17,1115,N20,nominal,2.0NRT,295.11,6.9,D
-4.06616,27.41021,337.75,0.43,0.46,2025-03-17,1115,N20,nominal,2.0NRT,294.45,6.9,D
-4.44968,24.70799,330.09,0.34,0.56,2025-03-17,1115,N20,nominal,2.0NRT,293.59,2.43,D
-4.03134,27.59315,330.82,0.42,0.45,2025-03-17,1115,N20,nominal,2.0NRT,293.74,2.77,D
-4.25912,25.74357,329.41,0.56,0.52,2025-03-17,1115,N20,nominal,2.0NRT,291.03,7.67,D
-4.25986,25.73851,342.33,0.56,0.52,2025-03-17,1115,N20,nominal,2.0NRT,294.74,7.67,D
-4.4065,24.5872,347.53,0.34,0.56,2025-03-17,1115,N20,nominal,2.0NRT,294.67,4.65,D
-4.24463,25.64285,329.08,0.57,0.52,2025-03-17,1115,N20,nominal,2.0NRT,293.43,4.36,D
-4.34423,24.94932,336.67,0.32,0.55,2025-03-17,1115,N20,nominal,2.0NRT,293.43,2.7,D
-4.38883,24.63747,347.15,0.34,0.56,2025-03-17,1115,N20,nominal,2.0NRT,294.76,5.53,D
-4.38926,24.63447,337.96,0.34,0.56,2025-03-17,1115,N20,nominal,2.0NRT,294.75,5.53,D
-4.38369,24.63685,367,0.34,0.56,2025-03-17,1115,N20,high,2.0NRT,295.24,5.53,D
-4.38327,24.63979,353.28,0.34,0.56,2025-03-17,1115,N20,nominal,2.0NRT,294.16,12.25,D
-4.38411,24.63388,331.95,0.34,0.56,2025-03-17,1115,N20,nominal,2.0NRT,293.99,5.53,D
-4.42452,24.31215,349.79,0.36,0.57,2025-03-17,1115,N20,nominal,2.0NRT,295.55,5.08,D
-4.37563,24.58295,347.08,0.34,0.56,2025-03-17,1115,N20,nominal,2.0NRT,294.53,3.78,D
-4.26452,25.18993,340.16,0.62,0.54,2025-03-17,1115,N20,nominal,2.0NRT,293.12,8.16,D
-4.39639,24.20654,367,0.36,0.58,2025-03-17,1115,N20,high,2.0NRT,293.78,14.01,D
-4.35669,24.45474,336.54,0.35,0.57,2025-03-17,1115,N20,nominal,2.0NRT,294.39,3.73,D
-4.69248,21.99691,338,0.52,0.67,2025-03-17,1115,N20,nominal,2.0NRT,288.14,5.9,D
-4.26799,25.18845,343.79,0.62,0.54,2025-03-17,1115,N20,nominal,2.0NRT,292.85,8.23,D
-4.39723,24.20574,354.25,0.36,0.58,2025-03-17,1115,N20,nominal,2.0NRT,294.55,16.42,D
-4.35566,24.4534,342.65,0.35,0.57,2025-03-17,1115,N20,nominal,2.0NRT,294.64,4.04,D
-4.27625,24.81965,367,0.33,0.55,2025-03-17,1115,N20,high,2.0NRT,297.58,8.78,D
-4.27583,24.82255,333.17,0.33,0.55,2025-03-17,1115,N20,nominal,2.0NRT,294.46,9.22,D
-4.32525,24.48078,330.12,0.35,0.56,2025-03-17,1115,N20,nominal,2.0NRT,294.22,1.55,D
-4.27119,24.81899,367,0.33,0.55,2025-03-17,1115,N20,high,2.0NRT,295.75,8.78,D
-4.57298,22.6683,329.66,0.47,0.64,2025-03-17,1115,N20,nominal,2.0NRT,289.48,4.83,D
-4.70402,21.31688,330.23,0.58,0.7,2025-03-17,1115,N20,nominal,2.0NRT,286.95,7.5,D
-4.23928,24.60524,367,0.34,0.56,2025-03-17,1115,N20,high,2.0NRT,297.08,32.01,D
-4.23373,24.60751,344.74,0.34,0.56,2025-03-17,1115,N20,nominal,2.0NRT,295.74,4.03,D
-4.2415,24.60635,367,0.34,0.56,2025-03-17,1115,N20,high,2.0NRT,294.01,18.13,D
-4.24195,24.60332,341.13,0.34,0.56,2025-03-17,1115,N20,nominal,2.0NRT,295.99,18.13,D
-4.23082,24.60786,341.89,0.34,0.56,2025-03-17,1115,N20,nominal,2.0NRT,294.87,3.18,D
-4.70902,21.3136,331.76,0.58,0.7,2025-03-17,1115,N20,nominal,2.0NRT,287.54,7.25,D
-4.21864,24.65521,342.8,0.34,0.56,2025-03-17,1115,N20,nominal,2.0NRT,292.87,2.25,D
-4.21354,24.65452,329.47,0.34,0.56,2025-03-17,1115,N20,nominal,2.0NRT,293.23,2.08,D
-4.5809,21.85548,329.61,0.53,0.67,2025-03-17,1115,N20,nominal,2.0NRT,289.22,4.86,D
-4.25846,24.08716,337.59,0.37,0.58,2025-03-17,1115,N20,nominal,2.0NRT,292.29,2.46,D
-4.64716,21.33656,333.55,0.58,0.7,2025-03-17,1115,N20,nominal,2.0NRT,286.73,6.98,D
-4.03456,25.43778,331.66,0.59,0.53,2025-03-17,1115,N20,nominal,2.0NRT,294.7,5.41,D
-4.02974,25.43709,340.69,0.59,0.53,2025-03-17,1115,N20,nominal,2.0NRT,294.18,9.13,D
-4.11308,24.73987,329.91,0.33,0.55,2025-03-17,1115,N20,nominal,2.0NRT,293.51,1.8,D
-4.01571,25.43819,328.34,0.59,0.53,2025-03-17,1115,N20,nominal,2.0NRT,294.22,4.42,D
-4.11428,24.74144,334.58,0.33,0.55,2025-03-17,1115,N20,nominal,2.0NRT,293.52,2.56,D
-4.00787,25.2907,340.31,0.6,0.53,2025-03-17,1115,N20,nominal,2.0NRT,293.64,11.76,D
-4.10586,24.62232,330.12,0.34,0.56,2025-03-17,1115,N20,nominal,2.0NRT,293.69,2.79,D
-4.1063,24.61931,344.94,0.34,0.56,2025-03-17,1115,N20,nominal,2.0NRT,294.97,2.79,D
-4.13623,24.34166,367,0.35,0.57,2025-03-17,1115,N20,high,2.0NRT,293.63,5.51,D
-4.00827,25.18568,342.04,0.61,0.54,2025-03-17,1115,N20,nominal,2.0NRT,295.32,12.68,D
-4.00907,25.1802,335.42,0.61,0.54,2025-03-17,1115,N20,nominal,2.0NRT,294.72,4.72,D
-4.02392,24.93826,336.24,0.32,0.54,2025-03-17,1115,N20,nominal,2.0NRT,293.23,4.34,D
-4.09946,24.30128,333.43,0.35,0.57,2025-03-17,1115,N20,nominal,2.0NRT,294.13,2.72,D
-4.07259,24.26505,367,0.36,0.57,2025-03-17,1115,N20,high,2.0NRT,293.88,8.44,D
-4.07209,24.26462,367,0.36,0.57,2025-03-17,1115,N20,high,2.0NRT,293.44,7.53,D
-4.36676,21.6408,328.86,0.55,0.68,2025-03-17,1115,N20,nominal,2.0NRT,288.55,3.44,D
-4.24491,22.16217,355.27,0.5,0.66,2025-03-17,1115,N20,nominal,2.0NRT,286.58,11.82,D
-4.24901,22.16401,337.14,0.5,0.66,2025-03-17,1115,N20,nominal,2.0NRT,288.76,9.92,D
-4.24963,22.15966,337.42,0.5,0.66,2025-03-17,1115,N20,nominal,2.0NRT,289.33,12.2,D
-4.16249,21.85058,341.93,0.53,0.67,2025-03-17,1115,N20,nominal,2.0NRT,289.18,6.04,D
-4.10571,21.59347,326.17,0.55,0.68,2025-03-17,1115,N20,nominal,2.0NRT,288.43,3.91,D
-6.84875,17.74577,331.4,0.38,0.59,2025-03-17,1253,N20,nominal,2.0NRT,290.77,2.62,D
-7.17986,15.58539,333.29,0.54,0.51,2025-03-17,1253,N20,nominal,2.0NRT,291.85,5.21,D
-7.14428,15.56979,340.16,0.54,0.51,2025-03-17,1253,N20,nominal,2.0NRT,292.62,11.6,D
-7.16365,15.42907,332.4,0.53,0.5,2025-03-17,1253,N20,nominal,2.0NRT,293.12,4.97,D
-7.25253,14.90846,341.82,0.48,0.48,2025-03-17,1253,N20,nominal,2.0NRT,295.33,11.58,D
-6.84202,17.24859,355.81,0.35,0.57,2025-03-17,1253,N20,nominal,2.0NRT,287.53,6.07,D
-7.12836,15.60674,336.85,0.54,0.51,2025-03-17,1253,N20,nominal,2.0NRT,287.72,7.24,D
-7.28169,14.63124,347.3,0.46,0.47,2025-03-17,1253,N20,nominal,2.0NRT,294.95,10.01,D
-7.12321,15.5259,341.4,0.54,0.51,2025-03-17,1253,N20,nominal,2.0NRT,292.97,7.49,D
-7.0894,15.61018,332.98,0.54,0.51,2025-03-17,1253,N20,nominal,2.0NRT,287.86,5.87,D
-7.15667,15.22465,329.41,0.51,0.49,2025-03-17,1253,N20,nominal,2.0NRT,289.92,3.39,D
-7.12445,15.52754,338.57,0.54,0.51,2025-03-17,1253,N20,nominal,2.0NRT,292.58,3.96,D
-7.2058,14.97829,335.92,0.49,0.49,2025-03-17,1253,N20,nominal,2.0NRT,288.03,3.39,D
-7.0921,15.60724,341.66,0.54,0.51,2025-03-17,1253,N20,nominal,2.0NRT,288.37,6,D
-7.19178,15.0076,330.48,0.49,0.49,2025-03-17,1253,N20,nominal,2.0NRT,291.73,3.94,D
-7.10043,15.52876,345.79,0.54,0.51,2025-03-17,1253,N20,nominal,2.0NRT,292.75,8.96,D
-7.07396,15.54428,334.04,0.54,0.51,2025-03-17,1253,N20,nominal,2.0NRT,291.21,7.79,D
-6.57132,18.42918,328.8,0.43,0.62,2025-03-17,1253,N20,nominal,2.0NRT,288.49,5.12,D
-6.57199,18.42537,338.96,0.43,0.62,2025-03-17,1253,N20,nominal,2.0NRT,290.59,5.12,D
-7.06712,15.52833,341.5,0.54,0.51,2025-03-17,1253,N20,nominal,2.0NRT,292.57,13.74,D
-7.04996,15.545,328.52,0.54,0.51,2025-03-17,1253,N20,nominal,2.0NRT,289.23,2.58,D
-7.04805,15.50032,332.43,0.54,0.5,2025-03-17,1253,N20,nominal,2.0NRT,291.92,7.34,D
-7.04017,15.51851,334.13,0.54,0.51,2025-03-17,1253,N20,nominal,2.0NRT,292.09,4.62,D
-7.03471,15.52251,334.23,0.54,0.51,2025-03-17,1253,N20,nominal,2.0NRT,290.8,6.37,D
-7.05223,15.39294,334.13,0.53,0.5,2025-03-17,1253,N20,nominal,2.0NRT,291.98,3.36,D
-7.08877,14.94803,339.01,0.49,0.49,2025-03-17,1253,N20,nominal,2.0NRT,293.2,3.83,D
-7.0688,14.95787,339.71,0.49,0.49,2025-03-17,1253,N20,nominal,2.0NRT,292.54,4.14,D
-7.18384,14.23903,340,0.44,0.46,2025-03-17,1253,N20,nominal,2.0NRT,293.59,7.42,D
-7.12766,14.47089,330.5,0.46,0.47,2025-03-17,1253,N20,nominal,2.0NRT,294.32,3.85,D
-7.14231,14.33076,341.38,0.45,0.47,2025-03-17,1253,N20,nominal,2.0NRT,293,3.87,D
-7.15835,14.23498,337.46,0.44,0.46,2025-03-17,1253,N20,nominal,2.0NRT,289.2,3.49,D
-7.15409,14.23434,338.67,0.44,0.46,2025-03-17,1253,N20,nominal,2.0NRT,291.73,3.49,D
-7.02542,14.91623,348.46,0.49,0.49,2025-03-17,1253,N20,nominal,2.0NRT,289.36,8.39,D
-6.97397,14.82347,340.1,0.48,0.48,2025-03-17,1253,N20,nominal,2.0NRT,293.81,7.62,D
-6.92869,15.01137,339.44,0.5,0.49,2025-03-17,1253,N20,nominal,2.0NRT,292.5,6.4,D
-6.93469,14.97576,336.92,0.5,0.49,2025-03-17,1253,N20,nominal,2.0NRT,293.25,4.57,D
-6.41576,17.50119,333.74,0.38,0.58,2025-03-17,1253,N20,nominal,2.0NRT,292.59,2.54,D
-6.39434,17.4974,338.3,0.38,0.58,2025-03-17,1253,N20,nominal,2.0NRT,293.56,3.7,D
-6.38519,17.45513,339.77,0.37,0.58,2025-03-17,1253,N20,nominal,2.0NRT,291.52,2.35,D
-6.37986,17.4541,342.52,0.37,0.58,2025-03-17,1253,N20,nominal,2.0NRT,291.48,4.95,D
-6.30181,17.50593,340.79,0.38,0.59,2025-03-17,1253,N20,nominal,2.0NRT,290.56,5.82,D
-6.30244,17.50231,342.67,0.38,0.59,2025-03-17,1253,N20,nominal,2.0NRT,292.49,5.96,D
-6.06347,18.83903,332.6,0.47,0.64,2025-03-17,1253,N20,nominal,2.0NRT,285.84,3.24,D
-7.16034,12.34157,330.55,0.51,0.41,2025-03-17,1253,N20,nominal,2.0NRT,292.42,3.42,D
-6.28402,17.54469,329.47,0.38,0.59,2025-03-17,1253,N20,nominal,2.0NRT,288.22,4.61,D
-6.32494,17.03002,345.41,0.35,0.57,2025-03-17,1253,N20,nominal,2.0NRT,292.97,5.26,D
-7.09928,12.33652,330.57,0.51,0.41,2025-03-17,1253,N20,nominal,2.0NRT,292.7,1.82,D
-22.64163,14.64964,337.08,0.43,0.38,2025-03-17,1249,N20,nominal,2.0NRT,306.45,2.34,D
-6.32376,17.032,331.14,0.35,0.57,2025-03-17,1253,N20,nominal,2.0NRT,291.27,2.64,D
-17.30264,24.14302,330.96,0.64,0.72,2025-03-17,1249,N20,nominal,2.0NRT,290.3,8.37,D
-6.3243,17.02876,333.17,0.35,0.57,2025-03-17,1253,N20,nominal,2.0NRT,291.98,2.64,D
-17.29864,24.14546,331.82,0.64,0.72,2025-03-17,1249,N20,nominal,2.0NRT,289.93,5.56,D
-6.60464,15.25899,332.95,0.52,0.5,2025-03-17,1253,N20,nominal,2.0NRT,291.16,3.48,D
-14.15634,19.15312,344.94,0.35,0.57,2025-03-17,1251,N20,nominal,2.0NRT,293.51,4.03,D
-5.95586,18.83979,330.88,0.47,0.64,2025-03-17,1253,N20,nominal,2.0NRT,286.91,3.69,D
-10.68592,14.2476,332.54,0.39,0.44,2025-03-17,1251,N20,nominal,2.0NRT,293.7,3.25,D
-5.87668,18.84093,340.08,0.47,0.64,2025-03-17,1253,N20,nominal,2.0NRT,290.14,6.61,D
-9.69394,16.33372,337.19,0.55,0.51,2025-03-17,1251,N20,nominal,2.0NRT,294.82,4.81,D
-5.87285,18.84032,334.23,0.47,0.64,2025-03-17,1253,N20,nominal,2.0NRT,290.25,4.47,D
-5.86553,18.81269,352.63,0.47,0.64,2025-03-17,1253,N20,nominal,2.0NRT,289.8,12.82,D
-9.45709,16.33758,333.6,0.55,0.51,2025-03-17,1253,N20,nominal,2.0NRT,294.32,3.89,D
-5.86631,18.80821,339.55,0.47,0.64,2025-03-17,1253,N20,nominal,2.0NRT,291.21,9.5,D
-9.46056,16.33557,336.73,0.56,0.51,2025-03-17,1253,N20,nominal,2.0NRT,296.73,5.93,D
-6.04773,17.76278,331.33,0.4,0.6,2025-03-17,1253,N20,nominal,2.0NRT,290.45,3.67,D
-9.43624,15.92843,339.29,0.52,0.5,2025-03-17,1253,N20,nominal,2.0NRT,295.41,9.39,D
-5.52153,20.72323,327.11,0.64,0.72,2025-03-17,1253,N20,nominal,2.0NRT,286.32,4.7,D
-9.40256,16.0907,331.62,0.54,0.5,2025-03-17,1253,N20,nominal,2.0NRT,298.26,4.73,D
-5.86673,18.59989,329.77,0.46,0.63,2025-03-17,1253,N20,nominal,2.0NRT,289.51,2.64,D
-9.43646,15.92857,332.42,0.52,0.5,2025-03-17,1253,N20,nominal,2.0NRT,295.04,8.14,D
-6.10665,16.91492,334.61,0.35,0.56,2025-03-17,1253,N20,nominal,2.0NRT,293.76,7.68,D
-9.33996,16.07538,340.38,0.54,0.51,2025-03-17,1253,N20,nominal,2.0NRT,293.22,4.58,D
-6.09222,16.90576,332.95,0.35,0.56,2025-03-17,1253,N20,nominal,2.0NRT,297.01,4.5,D
-9.2536,15.30056,337.62,0.48,0.48,2025-03-17,1253,N20,nominal,2.0NRT,293.5,5.82,D
-6.05521,16.48859,367,0.32,0.55,2025-03-17,1253,N20,high,2.0NRT,298.47,7.86,D
-9.16357,14.66375,340.77,0.44,0.46,2025-03-17,1253,N20,nominal,2.0NRT,296.71,5.9,D
-6.05312,16.47037,339.13,0.32,0.55,2025-03-17,1253,N20,nominal,2.0NRT,294.26,4.21,D
-8.9773,15.72449,340.07,0.51,0.5,2025-03-17,1253,N20,nominal,2.0NRT,295.86,17.27,D
-6.05362,16.46739,355.46,0.32,0.55,2025-03-17,1253,N20,nominal,2.0NRT,294.82,4.21,D
-8.81736,15.42239,332.19,0.49,0.49,2025-03-17,1253,N20,nominal,2.0NRT,293.08,4.94,D
-6.03309,16.52721,367,0.33,0.55,2025-03-17,1253,N20,high,2.0NRT,296.87,11.54,D
-8.78465,15.29379,336.63,0.49,0.48,2025-03-17,1253,N20,nominal,2.0NRT,291.92,3.14,D
-8.69583,15.68993,330.31,0.52,0.5,2025-03-17,1253,N20,nominal,2.0NRT,291.87,4.29,D
-6.03405,16.52156,338.06,0.33,0.55,2025-03-17,1253,N20,nominal,2.0NRT,291.31,2.21,D
-6.02245,16.46804,332.97,0.32,0.55,2025-03-17,1253,N20,nominal,2.0NRT,294.44,5.4,D
-9.00459,13.45296,330.32,0.55,0.43,2025-03-17,1253,N20,nominal,2.0NRT,296.69,1.65,D
-8.58545,15.56569,339.97,0.51,0.49,2025-03-17,1253,N20,nominal,2.0NRT,297.03,10.34,D
-6.02294,16.46513,351.87,0.32,0.55,2025-03-17,1253,N20,nominal,2.0NRT,295.53,3.57,D
-6.02442,16.45651,336.03,0.32,0.55,2025-03-17,1253,N20,nominal,2.0NRT,294.15,5.07,D
-8.58092,15.56489,339.3,0.51,0.49,2025-03-17,1253,N20,nominal,2.0NRT,294.32,10.34,D
-8.86743,13.69637,335.52,0.38,0.43,2025-03-17,1253,N20,nominal,2.0NRT,296.74,4.72,D
-6.02491,16.45365,342.35,0.32,0.55,2025-03-17,1253,N20,nominal,2.0NRT,295.25,3.81,D
-8.61207,15.03687,331.54,0.47,0.48,2025-03-17,1253,N20,nominal,2.0NRT,290.09,3.32,D
-6.01789,16.4644,332.16,0.32,0.55,2025-03-17,1253,N20,nominal,2.0NRT,295.09,3.57,D
-6.01839,16.46152,333.05,0.32,0.55,2025-03-17,1253,N20,nominal,2.0NRT,296.28,3.57,D
-7.92818,17.66415,328.38,0.36,0.58,2025-03-17,1253,N20,nominal,2.0NRT,290.27,3.06,D
-5.63628,18.62027,338.16,0.46,0.64,2025-03-17,1253,N20,nominal,2.0NRT,289.18,5.35,D
-7.92222,16.78346,344.25,0.63,0.54,2025-03-17,1253,N20,nominal,2.0NRT,292.99,10.24,D
-7.83235,16.99844,342.29,0.33,0.55,2025-03-17,1253,N20,nominal,2.0NRT,292.35,3.93,D
-6.02024,16.4207,335.81,0.32,0.55,2025-03-17,1253,N20,nominal,2.0NRT,295.56,4.37,D
-5.99722,16.52411,347.38,0.33,0.55,2025-03-17,1253,N20,nominal,2.0NRT,293.67,6.83,D
-7.83343,17.00006,345.5,0.33,0.55,2025-03-17,1253,N20,nominal,2.0NRT,289.5,3.38,D
-5.9987,16.51555,346.93,0.33,0.55,2025-03-17,1253,N20,nominal,2.0NRT,293.8,2.44,D
-8.05649,15.57551,341.98,0.52,0.5,2025-03-17,1253,N20,nominal,2.0NRT,296.75,19.41,D
-5.99362,16.51483,330.81,0.33,0.55,2025-03-17,1253,N20,nominal,2.0NRT,294.08,4.06,D
-8.25966,13.95823,331.19,0.41,0.45,2025-03-17,1253,N20,nominal,2.0NRT,294.19,3.05,D
-8.02884,15.24872,328.96,0.5,0.49,2025-03-17,1253,N20,nominal,2.0NRT,292.26,2.46,D
-5.9825,16.51898,331.57,0.33,0.55,2025-03-17,1253,N20,nominal,2.0NRT,294.57,6.01,D
-5.98399,16.51043,329.96,0.33,0.55,2025-03-17,1253,N20,nominal,2.0NRT,288.83,1.1,D
-8.03096,15.24995,330.98,0.5,0.49,2025-03-17,1253,N20,nominal,2.0NRT,291.38,2.64,D
-7.4346,17.49724,331.92,0.36,0.57,2025-03-17,1253,N20,nominal,2.0NRT,290.02,3.09,D
-5.97637,16.52428,345.79,0.33,0.55,2025-03-17,1253,N20,nominal,2.0NRT,291.98,11.35,D
-5.9769,16.52128,353.17,0.33,0.55,2025-03-17,1253,N20,nominal,2.0NRT,297.19,11.35,D
-7.81984,15.23039,349.92,0.5,0.49,2025-03-17,1253,N20,nominal,2.0NRT,293.21,9.36,D
-5.97129,16.52356,367,0.33,0.55,2025-03-17,1253,N20,high,2.0NRT,292.33,7.74,D
-7.81773,15.23096,339.36,0.5,0.49,2025-03-17,1253,N20,nominal,2.0NRT,293.1,8.53,D
-7.47405,17.17818,329.05,0.34,0.56,2025-03-17,1253,N20,nominal,2.0NRT,290.27,3.56,D
-5.9718,16.52067,354.93,0.33,0.55,2025-03-17,1253,N20,nominal,2.0NRT,293.85,7.74,D
-5.96626,16.52258,344.32,0.33,0.55,2025-03-17,1253,N20,nominal,2.0NRT,291.1,7.74,D
-7.45869,17.20567,328.76,0.34,0.56,2025-03-17,1253,N20,nominal,2.0NRT,293.69,4.48,D
-7.46019,17.19696,351.32,0.34,0.56,2025-03-17,1253,N20,nominal,2.0NRT,293.28,6.67,D
-5.96674,16.51982,352.93,0.33,0.55,2025-03-17,1253,N20,nominal,2.0NRT,294.57,7.74,D
-7.7102,15.4817,339.97,0.52,0.5,2025-03-17,1253,N20,nominal,2.0NRT,289.09,5.71,D
-6.0225,16.28486,331.37,0.63,0.54,2025-03-17,1253,N20,nominal,2.0NRT,294.78,3.96,D
-7.62798,15.49429,339.9,0.52,0.5,2025-03-17,1253,N20,nominal,2.0NRT,295.29,9.78,D
-5.97836,16.51986,367,0.33,0.55,2025-03-17,1253,N20,high,2.0NRT,295.06,12.78,D
-5.97786,16.52286,353.81,0.33,0.55,2025-03-17,1253,N20,nominal,2.0NRT,293.21,12.78,D
-7.62878,15.48953,339.66,0.52,0.5,2025-03-17,1253,N20,nominal,2.0NRT,296.71,13.25,D
-7.61258,15.50161,332.73,0.52,0.5,2025-03-17,1253,N20,nominal,2.0NRT,293.29,4.51,D
-5.97278,16.52218,354.04,0.33,0.55,2025-03-17,1253,N20,nominal,2.0NRT,296,12.78,D
-7.34628,15.85134,338.92,0.56,0.51,2025-03-17,1253,N20,nominal,2.0NRT,291.88,6.26,D
-5.96772,16.52134,367,0.33,0.55,2025-03-17,1253,N20,high,2.0NRT,293.81,8.17,D
-5.96819,16.51848,339.4,0.33,0.55,2025-03-17,1253,N20,nominal,2.0NRT,294.25,8.17,D
-6.97328,17.78784,329.98,0.38,0.59,2025-03-17,1253,N20,nominal,2.0NRT,292.82,2.29,D
-6.95888,17.77474,341.59,0.38,0.59,2025-03-17,1253,N20,nominal,2.0NRT,291.56,4.75,D
-5.97733,16.43276,367,0.32,0.55,2025-03-17,1253,N20,high,2.0NRT,294.27,9.17,D
-6.9595,17.7713,336.64,0.38,0.59,2025-03-17,1253,N20,nominal,2.0NRT,293.12,4.77,D
-5.9778,16.43,355.86,0.32,0.55,2025-03-17,1253,N20,nominal,2.0NRT,297.42,9.17,D
-6.94676,17.78019,349.23,0.38,0.59,2025-03-17,1253,N20,nominal,2.0NRT,290.66,4.22,D
-5.97229,16.43204,336.17,0.32,0.55,2025-03-17,1253,N20,nominal,2.0NRT,291.37,2.82,D
-6.9432,17.76893,331.91,0.38,0.59,2025-03-17,1253,N20,nominal,2.0NRT,291.97,3.35,D
-5.95765,16.42688,367,0.32,0.55,2025-03-17,1253,N20,high,2.0NRT,294.87,5.77,D
-6.94507,17.78009,337.84,0.38,0.59,2025-03-17,1253,N20,nominal,2.0NRT,290.83,3.04,D
-5.95309,16.42323,336.4,0.32,0.55,2025-03-17,1253,N20,nominal,2.0NRT,294.77,2.22,D
-6.94566,17.77663,328.04,0.38,0.59,2025-03-17,1253,N20,nominal,2.0NRT,292.63,3.04,D
-5.95356,16.42044,330.58,0.32,0.55,2025-03-17,1253,N20,nominal,2.0NRT,294.85,2.22,D
-6.94145,17.76871,330.63,0.38,0.59,2025-03-17,1253,N20,nominal,2.0NRT,291.61,2.61,D
-6.12147,15.42103,333.83,0.55,0.51,2025-03-17,1253,N20,nominal,2.0NRT,294.73,6.13,D
-6.90777,17.77018,338.8,0.38,0.59,2025-03-17,1253,N20,nominal,2.0NRT,291.91,4.87,D
-5.95002,16.3199,330.5,0.63,0.54,2025-03-17,1253,N20,nominal,2.0NRT,293.56,8.48,D
-6.915,17.7287,332.63,0.38,0.59,2025-03-17,1253,N20,nominal,2.0NRT,292.25,5.21,D
-5.91949,16.46859,367,0.32,0.55,2025-03-17,1253,N20,high,2.0NRT,295.22,16.23,D
-6.90174,17.77275,333.65,0.38,0.59,2025-03-17,1253,N20,nominal,2.0NRT,293.99,4.87,D
-5.86557,16.7834,342.46,0.34,0.56,2025-03-17,1253,N20,nominal,2.0NRT,292.47,3.64,D
-6.90233,17.76939,348.49,0.38,0.59,2025-03-17,1253,N20,nominal,2.0NRT,294.36,4.87,D
-5.92001,16.46555,338.78,0.32,0.55,2025-03-17,1253,N20,nominal,2.0NRT,295.4,5.69,D
-7.84822,12.11411,343.57,0.48,0.4,2025-03-17,1253,N20,nominal,2.0NRT,295.17,19.08,D
-5.92052,16.46253,337.79,0.32,0.55,2025-03-17,1253,N20,nominal,2.0NRT,295.13,5.69,D
-5.92595,16.40057,345.26,0.32,0.55,2025-03-17,1253,N20,nominal,2.0NRT,296.65,5.34,D
-7.3167,15.27744,335.77,0.51,0.5,2025-03-17,1253,N20,nominal,2.0NRT,294.06,4.13,D
-7.24905,15.53512,337.93,0.53,0.5,2025-03-17,1253,N20,nominal,2.0NRT,291.38,3.75,D
-6.08111,15.46049,340.32,0.55,0.51,2025-03-17,1253,N20,nominal,2.0NRT,289.72,5.82,D
-6.85064,17.74646,330.74,0.38,0.59,2025-03-17,1253,N20,nominal,2.0NRT,289.51,2.39,D
-5.90127,16.45384,337.19,0.32,0.55,2025-03-17,1253,N20,nominal,2.0NRT,295.16,2.75,D
-5.8268,16.76222,336.44,0.34,0.56,2025-03-17,1253,N20,nominal,2.0NRT,291.27,2.03,D
-6.05721,15.43091,337.66,0.55,0.51,2025-03-17,1253,N20,nominal,2.0NRT,293.99,6.13,D
-5.82101,16.73469,367,0.34,0.56,2025-03-17,1253,N20,high,2.0NRT,295.35,11.17,D
-5.83011,16.76385,334.49,0.34,0.56,2025-03-17,1253,N20,nominal,2.0NRT,291.3,2.02,D
-5.81904,16.73505,367,0.34,0.56,2025-03-17,1253,N20,high,2.0NRT,293.78,11.05,D
-5.85678,16.44745,332.82,0.32,0.55,2025-03-17,1253,N20,nominal,2.0NRT,290.01,1.61,D
-5.86022,16.42692,339.39,0.32,0.55,2025-03-17,1253,N20,nominal,2.0NRT,291.4,4.2,D
-5.86269,16.41221,334.19,0.32,0.55,2025-03-17,1253,N20,nominal,2.0NRT,295.23,4.73,D
-5.77796,16.82131,367,0.35,0.56,2025-03-17,1253,N20,high,2.0NRT,294.87,9.69,D
-5.78428,16.78399,330.18,0.34,0.56,2025-03-17,1253,N20,nominal,2.0NRT,292.46,4.75,D
-5.78482,16.78084,350.52,0.34,0.56,2025-03-17,1253,N20,nominal,2.0NRT,292.89,4.75,D
-5.80854,16.51745,330.5,0.33,0.55,2025-03-17,1253,N20,nominal,2.0NRT,291.99,3.14,D
-5.76324,16.69012,334.52,0.34,0.56,2025-03-17,1253,N20,nominal,2.0NRT,290.98,2.92,D
-5.76375,16.68716,338.27,0.34,0.56,2025-03-17,1253,N20,nominal,2.0NRT,289.05,2.61,D
-5.83456,16.27429,334,0.63,0.54,2025-03-17,1253,N20,nominal,2.0NRT,294.68,7.34,D
-5.77002,16.62009,348.82,0.33,0.56,2025-03-17,1253,N20,nominal,2.0NRT,293.63,4.31,D
-5.7705,16.6173,333.91,0.33,0.56,2025-03-17,1253,N20,nominal,2.0NRT,295.71,4.31,D
-5.99173,15.09889,339.24,0.52,0.5,2025-03-17,1253,N20,nominal,2.0NRT,293.8,5.81,D
-6.24054,13.5917,336.28,0.41,0.45,2025-03-17,1253,N20,nominal,2.0NRT,296.35,4.22,D
-5.99155,15.10086,346.03,0.52,0.5,2025-03-17,1253,N20,nominal,2.0NRT,294.49,8.92,D
-6.34743,12.82194,333.22,0.55,0.43,2025-03-17,1253,N20,nominal,2.0NRT,295.98,9.16,D
-5.6588,16.79355,331.75,0.35,0.56,2025-03-17,1253,N20,nominal,2.0NRT,288.36,1.11,D
-5.6593,16.69743,341.47,0.34,0.56,2025-03-17,1253,N20,nominal,2.0NRT,289.85,5.38,D
-5.65976,16.69474,352.92,0.34,0.56,2025-03-17,1253,N20,nominal,2.0NRT,290.01,5.58,D
-6.31885,12.72555,336.16,0.55,0.42,2025-03-17,1253,N20,nominal,2.0NRT,293.2,4.93,D
-5.60142,16.87853,350.04,0.35,0.57,2025-03-17,1253,N20,nominal,2.0NRT,293.15,4.3,D
-6.18074,13.41598,338.66,0.4,0.44,2025-03-17,1253,N20,nominal,2.0NRT,296.35,4.48,D
-6.17667,13.41524,352.58,0.4,0.44,2025-03-17,1253,N20,nominal,2.0NRT,297.39,9.73,D
-6.14541,13.25083,334.5,0.39,0.44,2025-03-17,1253,N20,nominal,2.0NRT,295.71,3.07,D
-5.38965,17.73697,341.17,0.41,0.6,2025-03-17,1253,N20,nominal,2.0NRT,294.19,8.2,D
-5.38274,17.74403,367,0.41,0.6,2025-03-17,1253,N20,high,2.0NRT,292.36,15.69,D
-5.38346,17.73981,343.37,0.41,0.6,2025-03-17,1253,N20,nominal,2.0NRT,294.98,13.46,D
-6.1548,13.01675,344.45,0.57,0.43,2025-03-17,1253,N20,nominal,2.0NRT,295.88,9.05,D
-5.32936,17.78807,334.51,0.41,0.61,2025-03-17,1253,N20,nominal,2.0NRT,291.03,5.89,D
-5.52776,16.65105,330.69,0.34,0.56,2025-03-17,1253,N20,nominal,2.0NRT,291.72,1.9,D
-5.74354,15.39609,331.8,0.55,0.51,2025-03-17,1253,N20,nominal,2.0NRT,291.35,5.25,D
-4.68206,21.36236,334.72,0.73,0.76,2025-03-17,1253,N20,nominal,2.0NRT,287.25,8.39,D
-5.52536,16.65237,332.81,0.34,0.56,2025-03-17,1253,N20,nominal,2.0NRT,291.42,2.5,D
-6.21436,12.3955,331.73,0.53,0.42,2025-03-17,1253,N20,nominal,2.0NRT,298.08,2.82,D
-5.33044,17.78823,332.58,0.41,0.61,2025-03-17,1253,N20,nominal,2.0NRT,291.04,5.88,D
-4.6838,21.36185,331.3,0.73,0.76,2025-03-17,1253,N20,nominal,2.0NRT,286.82,6.24,D
-5.28705,17.74082,349.69,0.41,0.6,2025-03-17,1253,N20,nominal,2.0NRT,291.63,6.14,D
-6.32301,11.2822,337.03,0.46,0.39,2025-03-17,1253,N20,nominal,2.0NRT,294.19,4.01,D
-5.43929,16.53814,330.69,0.33,0.56,2025-03-17,1253,N20,nominal,2.0NRT,290.47,1.97,D
-5.40639,16.62522,338.12,0.34,0.56,2025-03-17,1253,N20,nominal,2.0NRT,291.46,2.59,D
-5.40084,16.62682,329.98,0.34,0.56,2025-03-17,1253,N20,nominal,2.0NRT,290.37,2.25,D
-5.06354,18.21106,329.24,0.44,0.63,2025-03-17,1253,N20,nominal,2.0NRT,292.01,5.1,D
-5.32104,16.59862,339.15,0.34,0.56,2025-03-17,1253,N20,nominal,2.0NRT,292.66,3.57,D
-5.55419,15.01667,339.98,0.53,0.5,2025-03-17,1253,N20,nominal,2.0NRT,296.29,24.32,D
-5.5335,15.02763,331.71,0.53,0.5,2025-03-17,1253,N20,nominal,2.0NRT,290.45,3.26,D
-4.92015,18.38241,333.7,0.46,0.63,2025-03-17,1253,N20,nominal,2.0NRT,290.65,5.13,D
-4.92097,18.37769,333.02,0.46,0.63,2025-03-17,1253,N20,nominal,2.0NRT,293,9.64,D
-6.14189,11.03298,333.36,0.45,0.39,2025-03-17,1253,N20,nominal,2.0NRT,292.97,2.61,D
-5.88588,12.46683,331.66,0.54,0.42,2025-03-17,1253,N20,nominal,2.0NRT,292.26,1.56,D
-5.31218,15.92255,342.97,0.61,0.54,2025-03-17,1253,N20,nominal,2.0NRT,291.47,8.52,D
-5.66609,13.66483,330.09,0.43,0.46,2025-03-17,1253,N20,nominal,2.0NRT,294.54,2.18,D
-5.63276,13.63226,334.93,0.42,0.46,2025-03-17,1253,N20,nominal,2.0NRT,294.49,3.84,D
-4.94568,17.65124,341.28,0.41,0.6,2025-03-17,1253,N20,nominal,2.0NRT,290.54,3.13,D
-4.94757,17.64027,334.63,0.41,0.6,2025-03-17,1253,N20,nominal,2.0NRT,286.69,3.11,D
-4.90645,17.67962,367,0.41,0.61,2025-03-17,1253,N20,high,2.0NRT,290.61,9.45,D
-4.90711,17.67586,346,0.41,0.61,2025-03-17,1253,N20,nominal,2.0NRT,290.47,9.45,D
-4.89758,17.69748,339.69,0.41,0.61,2025-03-17,1253,N20,nominal,2.0NRT,287.49,5.1,D
-4.90781,17.67783,367,0.41,0.61,2025-03-17,1253,N20,high,2.0NRT,292.06,20.26,D
-4.90717,17.68161,335.4,0.41,0.61,2025-03-17,1253,N20,nominal,2.0NRT,290.46,10.47,D
-4.89598,17.71421,335.21,0.41,0.61,2025-03-17,1253,N20,nominal,2.0NRT,281.98,2.73,D
-4.89909,17.69571,352.97,0.41,0.61,2025-03-17,1253,N20,nominal,2.0NRT,288.57,7.2,D
-4.88607,17.70501,335.79,0.41,0.61,2025-03-17,1253,N20,nominal,2.0NRT,285.58,6.26,D
-4.88053,17.70383,346.54,0.41,0.61,2025-03-17,1253,N20,nominal,2.0NRT,288.28,6.26,D
-4.87557,17.69928,336.2,0.41,0.61,2025-03-17,1253,N20,nominal,2.0NRT,290.68,7.42,D
-4.87621,17.6955,334.11,0.41,0.61,2025-03-17,1253,N20,nominal,2.0NRT,289.95,5.35,D
-4.87812,17.68423,349.67,0.41,0.61,2025-03-17,1253,N20,nominal,2.0NRT,284.39,6.89,D
-5.44811,14.06895,334.32,0.46,0.47,2025-03-17,1253,N20,nominal,2.0NRT,282.15,2.5,D
-5.47818,13.53992,334.63,0.42,0.45,2025-03-17,1253,N20,nominal,2.0NRT,293.46,2.47,D
-5.50015,13.35009,340.28,0.41,0.45,2025-03-17,1253,N20,nominal,2.0NRT,294.24,7,D
-5.50539,13.31742,331.8,0.41,0.45,2025-03-17,1253,N20,nominal,2.0NRT,293.73,3.52,D
-34.38026,21.27813,349.53,0.38,0.43,2025-03-17,1246,N20,nominal,2.0NRT,298.38,8.43,D
-5.4676,13.3947,342.34,0.41,0.45,2025-03-17,1253,N20,nominal,2.0NRT,294.11,4.35,D
-4.02597,21.58287,325.85,0.78,0.78,2025-03-17,1253,N20,nominal,2.0NRT,286.78,3.96,D
-34.38111,21.27401,338.97,0.38,0.43,2025-03-17,1246,N20,nominal,2.0NRT,299.68,5.13,D
-4.68313,17.82541,347.16,0.42,0.61,2025-03-17,1253,N20,nominal,2.0NRT,291.72,4.39,D
-33.97748,22.20156,337.84,0.44,0.46,2025-03-17,1246,N20,nominal,2.0NRT,292.31,4.65,D
-5.34735,13.83809,336.19,0.44,0.46,2025-03-17,1253,N20,nominal,2.0NRT,294.14,4.77,D
-33.63491,22.11173,332.47,0.44,0.46,2025-03-17,1246,N20,nominal,2.0NRT,303.01,1.64,D
-4.67897,17.7167,332.35,0.41,0.61,2025-03-17,1253,N20,nominal,2.0NRT,291.27,3.6,D
-33.63592,22.11414,333.59,0.44,0.46,2025-03-17,1246,N20,nominal,2.0NRT,303.42,2.53,D
-33.74567,18.6395,335.98,0.45,0.39,2025-03-17,1246,N20,low,2.0NRT,309.16,43.41,D
-5.28283,14.14427,338.5,0.46,0.47,2025-03-17,1253,N20,nominal,2.0NRT,295.44,10.83,D
-33.70523,18.83984,337.36,0.46,0.39,2025-03-17,1246,N20,low,2.0NRT,308.81,4.07,D
-5.28351,14.14021,333.54,0.46,0.47,2025-03-17,1253,N20,nominal,2.0NRT,296.22,12.21,D
-5.40993,13.38506,341.51,0.41,0.45,2025-03-17,1253,N20,nominal,2.0NRT,295.99,9.17,D
-33.69889,18.85377,335.42,0.46,0.39,2025-03-17,1246,N20,nominal,2.0NRT,308.08,6.27,D
-33.69981,18.8488,335.39,0.46,0.39,2025-03-17,1246,N20,low,2.0NRT,310.24,6.27,D
-5.41146,13.38536,340.43,0.41,0.45,2025-03-17,1253,N20,nominal,2.0NRT,295.84,5.6,D
-33.70163,18.83891,343.22,0.46,0.39,2025-03-17,1246,N20,nominal,2.0NRT,309.7,4.24,D
-5.37592,13.58206,336.9,0.43,0.46,2025-03-17,1253,N20,nominal,2.0NRT,293.17,3.83,D
-33.69529,18.85286,335.08,0.46,0.39,2025-03-17,1246,N20,nominal,2.0NRT,307.44,6.27,D
-4.67995,17.82508,348.21,0.42,0.61,2025-03-17,1253,N20,nominal,2.0NRT,291.01,5.23,D
-5.28216,14.14088,345.15,0.46,0.47,2025-03-17,1253,N20,nominal,2.0NRT,295.59,15.76,D
-33.69621,18.84789,340.81,0.46,0.39,2025-03-17,1246,N20,nominal,2.0NRT,310.68,6.27,D
-33.69712,18.84294,341.27,0.46,0.39,2025-03-17,1246,N20,nominal,2.0NRT,309.9,4.24,D
-5.3721,13.49889,330.93,0.42,0.45,2025-03-17,1253,N20,nominal,2.0NRT,292.39,2.5,D
-4.67142,17.7378,338.62,0.42,0.61,2025-03-17,1253,N20,nominal,2.0NRT,291.64,3.4,D
-33.62723,18.9342,345.5,0.47,0.39,2025-03-17,1246,N20,nominal,2.0NRT,311.13,10,D
-5.38802,13.29457,340.42,0.41,0.45,2025-03-17,1253,N20,nominal,2.0NRT,294.88,4.12,D
-33.63285,18.90427,337.27,0.46,0.39,2025-03-17,1246,N20,low,2.0NRT,311.43,4.51,D
-5.38863,13.29079,332.81,0.41,0.45,2025-03-17,1253,N20,nominal,2.0NRT,295.07,3.89,D
-4.64976,17.66179,338.17,0.41,0.61,2025-03-17,1253,N20,nominal,2.0NRT,290.48,4,D
-33.62173,18.94327,335.69,0.47,0.39,2025-03-17,1246,N20,nominal,2.0NRT,307.75,3.69,D
-5.38334,13.21965,333.17,0.4,0.44,2025-03-17,1253,N20,nominal,2.0NRT,292.92,2.7,D
-33.62267,18.93828,353.12,0.47,0.39,2025-03-17,1246,N20,nominal,2.0NRT,311.68,10.84,D
-5.35373,13.37594,331.34,0.41,0.45,2025-03-17,1253,N20,nominal,2.0NRT,294.06,3.47,D
-33.52992,18.52025,347.47,0.45,0.39,2025-03-17,1246,N20,nominal,2.0NRT,310.76,9.9,D
-4.59345,17.7218,341.11,0.42,0.61,2025-03-17,1253,N20,nominal,2.0NRT,290.61,3.83,D
-33.52638,18.51924,347.29,0.45,0.39,2025-03-17,1246,N20,nominal,2.0NRT,311.89,7.88,D
-5.35604,13.20736,346.99,0.4,0.44,2025-03-17,1253,N20,nominal,2.0NRT,294.07,5.39,D
-33.45425,18.80891,367,0.46,0.39,2025-03-17,1246,N20,high,2.0NRT,333.23,103.3,D
-5.29934,13.52585,333.04,0.42,0.45,2025-03-17,1253,N20,nominal,2.0NRT,293.45,3.85,D
-33.45334,18.81382,367,0.46,0.39,2025-03-17,1246,N20,low,2.0NRT,326.69,103.3,D
-5.36673,13.0915,335.94,0.4,0.44,2025-03-17,1253,N20,nominal,2.0NRT,292.9,2.88,D
-33.45065,18.80798,336.57,0.46,0.39,2025-03-17,1246,N20,nominal,2.0NRT,307.69,4.57,D
-4.58645,17.66268,336.18,0.41,0.61,2025-03-17,1253,N20,nominal,2.0NRT,291.4,5.32,D
-33.45521,18.78344,339.56,0.46,0.39,2025-03-17,1246,N20,low,2.0NRT,314.13,3.9,D
-4.57894,17.6728,330.96,0.41,0.61,2025-03-17,1253,N20,nominal,2.0NRT,291.22,5.29,D
-33.45613,18.77852,338.24,0.46,0.39,2025-03-17,1246,N20,low,2.0NRT,311.75,3.9,D
-5.47353,12.31784,339.53,0.53,0.42,2025-03-17,1253,N20,nominal,2.0NRT,295.24,8.04,D
-33.44612,18.812,338.69,0.46,0.39,2025-03-17,1246,N20,low,2.0NRT,310.86,4.57,D
-5.47618,12.31495,332.68,0.53,0.42,2025-03-17,1253,N20,nominal,2.0NRT,295.55,7.61,D
-4.59573,17.72115,343.09,0.42,0.61,2025-03-17,1253,N20,nominal,2.0NRT,290.77,3.78,D
-33.44704,18.80704,343.8,0.46,0.39,2025-03-17,1246,N20,nominal,2.0NRT,313.47,4.57,D
-5.17781,14.08987,336.56,0.46,0.47,2025-03-17,1253,N20,nominal,2.0NRT,294.38,2.93,D
-33.38176,18.97709,348.76,0.47,0.4,2025-03-17,1246,N20,nominal,2.0NRT,308.4,4.3,D
-4.58832,17.66186,343.91,0.41,0.61,2025-03-17,1253,N20,nominal,2.0NRT,291.87,7.29,D
-33.37813,18.97611,340.27,0.47,0.4,2025-03-17,1246,N20,nominal,2.0NRT,306.83,3.7,D
-5.12071,14.41646,339.21,0.49,0.48,2025-03-17,1253,N20,nominal,2.0NRT,293.47,3.18,D
-33.36818,18.96818,338.94,0.47,0.4,2025-03-17,1246,N20,nominal,2.0NRT,307.13,3.2,D
-4.58024,17.67584,339.01,0.41,0.61,2025-03-17,1253,N20,nominal,2.0NRT,291.07,5.86,D
-33.36455,18.96723,344.85,0.47,0.4,2025-03-17,1246,N20,nominal,2.0NRT,309.3,7.84,D
-4.57209,17.65594,345.01,0.41,0.61,2025-03-17,1253,N20,nominal,2.0NRT,290.73,6.68,D
-33.41067,18.71688,342.21,0.46,0.39,2025-03-17,1246,N20,nominal,2.0NRT,311.34,22.47,D
-33.39005,18.64505,337.61,0.46,0.39,2025-03-17,1246,N20,low,2.0NRT,311.66,2.8,D
-4.56402,17.6698,348.51,0.41,0.61,2025-03-17,1253,N20,nominal,2.0NRT,291.71,14.37,D
-33.22107,19.02723,341.41,0.48,0.4,2025-03-17,1246,N20,nominal,2.0NRT,306.57,8.3,D
-4.56463,17.66617,354.48,0.41,0.61,2025-03-17,1253,N20,nominal,2.0NRT,292.51,14.75,D
-33.21837,19.0212,335.09,0.48,0.4,2025-03-17,1246,N20,nominal,2.0NRT,304.89,13.1,D
-4.82958,15.95526,331.03,0.63,0.54,2025-03-17,1253,N20,nominal,2.0NRT,293.35,3.66,D
-33.20002,18.79457,339.9,0.47,0.39,2025-03-17,1246,N20,low,2.0NRT,310.63,3.31,D
-4.46425,18.01752,332.56,0.44,0.62,2025-03-17,1253,N20,nominal,2.0NRT,292.15,3.97,D
-33.19977,18.79726,335.29,0.47,0.39,2025-03-17,1246,N20,low,2.0NRT,310.24,5.62,D
-4.50227,17.69443,347.73,0.42,0.61,2025-03-17,1253,N20,nominal,2.0NRT,291.63,5.3,D
-33.19801,18.7862,342.25,0.47,0.39,2025-03-17,1246,N20,nominal,2.0NRT,310.81,3.59,D
-4.49147,17.72365,367,0.42,0.61,2025-03-17,1253,N20,high,2.0NRT,291.61,5.22,D
-33.19347,18.79034,339.34,0.47,0.39,2025-03-17,1246,N20,low,2.0NRT,311.08,4.66,D
-4.49662,17.69376,367,0.42,0.61,2025-03-17,1253,N20,high,2.0NRT,291.52,11.46,D
-33.18563,18.64807,342.44,0.46,0.39,2025-03-17,1246,N20,nominal,2.0NRT,316.79,38.31,D
-4.48654,17.71878,333.06,0.42,0.61,2025-03-17,1253,N20,nominal,2.0NRT,291.47,5.22,D
-4.48089,17.71802,346.45,0.42,0.61,2025-03-17,1253,N20,nominal,2.0NRT,290.52,5,D
-33.18653,18.6432,340.27,0.46,0.39,2025-03-17,1246,N20,nominal,2.0NRT,311.86,38.31,D
-4.49019,17.63124,367,0.41,0.61,2025-03-17,1253,N20,high,2.0NRT,291.43,11.97,D
-33.18742,18.63836,367,0.46,0.39,2025-03-17,1246,N20,low,2.0NRT,330.01,57.65,D
-33.18204,18.64716,345.38,0.46,0.39,2025-03-17,1246,N20,nominal,2.0NRT,308.6,17.01,D
-5.41874,12.03857,330.41,0.51,0.41,2025-03-17,1253,N20,nominal,2.0NRT,293.58,3.2,D
-33.18293,18.6423,353.76,0.46,0.39,2025-03-17,1246,N20,nominal,2.0NRT,313.82,17.01,D
-4.49159,17.6315,367,0.41,0.61,2025-03-17,1253,N20,high,2.0NRT,291.07,11.01,D
-33.18383,18.63743,367,0.46,0.39,2025-03-17,1246,N20,low,2.0NRT,325.46,44.16,D
-4.47733,17.7175,333.19,0.42,0.61,2025-03-17,1253,N20,nominal,2.0NRT,290.22,3.4,D
-4.65466,16.35606,367,0.34,0.56,2025-03-17,1253,N20,high,2.0NRT,290.35,8.47,D
-33.12427,18.85678,334.24,0.47,0.4,2025-03-17,1246,N20,low,2.0NRT,306.28,3.33,D
-33.15171,18.46608,338.27,0.45,0.39,2025-03-17,1246,N20,low,2.0NRT,312.38,5.04,D
-4.65516,16.35308,367,0.34,0.56,2025-03-17,1253,N20,high,2.0NRT,294.27,11.25,D
-4.44012,17.63041,341.66,0.41,0.61,2025-03-17,1253,N20,nominal,2.0NRT,289.54,5.79,D
-33.15146,18.46207,337.87,0.45,0.39,2025-03-17,1246,N20,low,2.0NRT,312.04,2.93,D
-33.00202,18.57922,367,0.46,0.39,2025-03-17,1246,N20,high,2.0NRT,316.07,8.17,D
-4.65055,16.34928,330.51,0.34,0.56,2025-03-17,1253,N20,nominal,2.0NRT,291.08,2.27,D
-4.65104,16.34632,335.95,0.33,0.56,2025-03-17,1253,N20,nominal,2.0NRT,291.89,4.31,D
-33.00113,18.58409,339.9,0.46,0.39,2025-03-17,1246,N20,nominal,2.0NRT,314.04,8.17,D
-4.32579,18.19812,354.74,0.45,0.63,2025-03-17,1253,N20,nominal,2.0NRT,290.33,5.82,D
-32.99843,18.5783,351.79,0.46,0.39,2025-03-17,1246,N20,nominal,2.0NRT,312.64,49.07,D
-4.32651,18.19394,337.55,0.45,0.63,2025-03-17,1253,N20,nominal,2.0NRT,291.1,5.82,D
-4.42585,17.613,348.18,0.41,0.61,2025-03-17,1253,N20,nominal,2.0NRT,289.57,3.84,D
-32.88827,18.62424,345.6,0.46,0.39,2025-03-17,1246,N20,nominal,2.0NRT,313.46,7.28,D
-4.40802,17.68372,336.04,0.42,0.61,2025-03-17,1253,N20,nominal,2.0NRT,290.76,4.04,D
-32.77782,18.95277,338.48,0.48,0.4,2025-03-17,1246,N20,low,2.0NRT,309.81,5.54,D
-32.62049,18.8693,338.03,0.48,0.4,2025-03-17,1246,N20,low,2.0NRT,312.44,5.96,D
-4.48803,17.21492,333.62,0.39,0.59,2025-03-17,1253,N20,nominal,2.0NRT,291.73,5.13,D
-32.58361,18.51608,349.48,0.46,0.39,2025-03-17,1246,N20,nominal,2.0NRT,313.18,6.64,D
-4.48446,17.10561,337.89,0.38,0.59,2025-03-17,1253,N20,nominal,2.0NRT,285.01,3.47,D
-32.34114,19.12989,338.61,0.5,0.41,2025-03-17,1246,N20,nominal,2.0NRT,303.91,3.29,D
-4.33449,17.72288,341.43,0.42,0.61,2025-03-17,1253,N20,nominal,2.0NRT,290.72,5.11,D
-4.88605,13.92571,330.39,0.45,0.47,2025-03-17,1253,N20,nominal,2.0NRT,293.94,2.66,D
-32.34198,19.10486,335.36,0.49,0.41,2025-03-17,1246,N20,nominal,2.0NRT,307.9,7.7,D
-4.88021,13.92128,336.85,0.46,0.47,2025-03-17,1253,N20,nominal,2.0NRT,294.02,4.52,D
-32.33733,19.10888,333.51,0.49,0.41,2025-03-17,1246,N20,nominal,2.0NRT,303.37,2.76,D
-4.88084,13.91728,336.61,0.45,0.47,2025-03-17,1253,N20,nominal,2.0NRT,294.85,5.29,D
-32.33821,19.10419,331.39,0.49,0.41,2025-03-17,1246,N20,low,2.0NRT,303.55,2.76,D
-32.31996,19.18,351.18,0.5,0.41,2025-03-17,1246,N20,nominal,2.0NRT,308.57,7.57,D
-5.15343,12.12381,340.47,0.52,0.42,2025-03-17,1253,N20,nominal,2.0NRT,295.06,5.58,D
-32.32101,19.17445,336.05,0.5,0.41,2025-03-17,1246,N20,nominal,2.0NRT,305.92,7.57,D
-4.28113,17.46779,330.2,0.41,0.6,2025-03-17,1253,N20,nominal,2.0NRT,287.64,10.79,D
-32.31508,19.18512,334.6,0.5,0.41,2025-03-17,1246,N20,low,2.0NRT,306.1,2.86,D
-4.28178,17.46388,355.14,0.41,0.6,2025-03-17,1253,N20,nominal,2.0NRT,292.18,17.05,D
-4.85129,13.90856,340.06,0.45,0.47,2025-03-17,1253,N20,nominal,2.0NRT,294.02,5.55,D
-32.30851,19.17859,346.05,0.5,0.41,2025-03-17,1246,N20,nominal,2.0NRT,309.08,6.12,D
-32.30954,19.17317,341.16,0.5,0.41,2025-03-17,1246,N20,nominal,2.0NRT,308.81,6.12,D
-4.81982,13.91159,339.67,0.46,0.47,2025-03-17,1253,N20,nominal,2.0NRT,294.36,5.19,D
-32.30577,19.17247,333.98,0.5,0.41,2025-03-17,1246,N20,low,2.0NRT,304.39,6.12,D
-4.84699,13.74607,339.64,0.44,0.46,2025-03-17,1253,N20,nominal,2.0NRT,293.21,10.49,D
-32.30685,19.16682,341.42,0.5,0.41,2025-03-17,1246,N20,nominal,2.0NRT,308.68,7.48,D
-4.85576,13.66595,344.85,0.44,0.46,2025-03-17,1253,N20,nominal,2.0NRT,293.99,9.84,D
-32.30426,19.15994,338.35,0.5,0.41,2025-03-17,1246,N20,nominal,2.0NRT,306.62,3.93,D
-4.22504,17.26445,332.66,0.39,0.6,2025-03-17,1253,N20,nominal,2.0NRT,290.72,3.37,D
-5.0914,12.0709,330.33,0.52,0.42,2025-03-17,1253,N20,nominal,2.0NRT,297.98,2.85,D
-32.30121,19.13517,334.52,0.5,0.41,2025-03-17,1246,N20,low,2.0NRT,304.66,4.53,D
-28.03044,25.68397,335.06,0.46,0.64,2025-03-17,1249,N20,nominal,2.0NRT,289.9,3.65,D
-4.81621,13.72062,345.25,0.44,0.46,2025-03-17,1253,N20,nominal,2.0NRT,290.97,4.2,D
-4.81725,13.7207,341.29,0.44,0.46,2025-03-17,1253,N20,nominal,2.0NRT,291.58,3.16,D
-4.22474,17.26287,334.97,0.39,0.6,2025-03-17,1253,N20,nominal,2.0NRT,290.29,2.75,D
-4.08977,17.97207,338.55,0.44,0.63,2025-03-17,1253,N20,nominal,2.0NRT,291.3,3.67,D
-4.18772,17.38422,343.27,0.4,0.6,2025-03-17,1253,N20,nominal,2.0NRT,290.82,4.7,D
-4.42326,15.92704,330.7,0.63,0.54,2025-03-17,1253,N20,nominal,2.0NRT,293.35,4.63,D
-4.1873,17.285,338.89,0.4,0.6,2025-03-17,1253,N20,nominal,2.0NRT,290.14,4.29,D
-4.42549,15.85149,341.62,0.63,0.54,2025-03-17,1253,N20,nominal,2.0NRT,296.55,11.57,D
-4.18293,17.27743,367,0.39,0.6,2025-03-17,1253,N20,high,2.0NRT,290.85,7.5,D
-4.07902,17.79174,355.19,0.43,0.62,2025-03-17,1253,N20,nominal,2.0NRT,290.12,7.01,D
-4.41594,15.7865,339.7,0.62,0.54,2025-03-17,1253,N20,nominal,2.0NRT,294.26,9.46,D
-4.15372,17.31691,343.79,0.4,0.6,2025-03-17,1253,N20,nominal,2.0NRT,290.12,8.35,D
-4.15432,17.31337,344.15,0.4,0.6,2025-03-17,1253,N20,nominal,2.0NRT,290.49,8.35,D
-4.14946,17.30869,343.46,0.4,0.6,2025-03-17,1253,N20,nominal,2.0NRT,290.43,6.77,D
-4.15781,17.19331,342.86,0.39,0.59,2025-03-17,1253,N20,nominal,2.0NRT,290.35,4.83,D
-4.12389,17.32608,332.3,0.4,0.6,2025-03-17,1253,N20,nominal,2.0NRT,286.47,2.07,D
-4.99157,12.11474,331.92,0.53,0.42,2025-03-17,1253,N20,nominal,2.0NRT,293.82,14.35,D
-4.12378,17.32591,333.4,0.4,0.6,2025-03-17,1253,N20,nominal,2.0NRT,287.08,3.19,D
-4.83741,12.88066,339.92,0.39,0.44,2025-03-17,1253,N20,nominal,2.0NRT,293.5,3.38,D
-4.9557,12.07726,334.77,0.52,0.42,2025-03-17,1253,N20,nominal,2.0NRT,294.9,3.94,D
-4.92454,12.12546,334.43,0.53,0.42,2025-03-17,1253,N20,nominal,2.0NRT,295.54,10.23,D
-4.92204,12.067,330.66,0.52,0.42,2025-03-17,1253,N20,nominal,2.0NRT,297.01,2.44,D
-4.91822,12.06639,338.64,0.52,0.42,2025-03-17,1253,N20,nominal,2.0NRT,295.68,5.17,D
-4.11907,16.91684,367,0.37,0.58,2025-03-17,1253,N20,high,2.0NRT,292.45,11.04,D
-4.04549,17.05679,345.66,0.38,0.59,2025-03-17,1253,N20,nominal,2.0NRT,292.15,7.28,D
-4.06847,16.92287,348.73,0.37,0.58,2025-03-17,1253,N20,nominal,2.0NRT,291.3,6.64,D
-4.86697,12.06805,332.65,0.52,0.42,2025-03-17,1253,N20,nominal,2.0NRT,294.36,2.91,D
-4.86817,12.06977,333.21,0.52,0.42,2025-03-17,1253,N20,nominal,2.0NRT,294.23,5.4,D
-4.86331,12.02555,337.82,0.52,0.42,2025-03-17,1253,N20,nominal,2.0NRT,298.01,6.26,D
-4.86023,12.02026,338.14,0.52,0.42,2025-03-17,1253,N20,nominal,2.0NRT,299,30.46,D
-4.04885,17.0593,345.75,0.38,0.59,2025-03-17,1253,N20,nominal,2.0NRT,291.21,7.37,D
-4.0714,16.92146,352.5,0.38,0.58,2025-03-17,1253,N20,nominal,2.0NRT,291.96,5.78,D
-4.83182,11.9774,343.92,0.52,0.41,2025-03-17,1253,N20,nominal,2.0NRT,295.13,5.87,D
-4.92547,11.38508,330.96,0.48,0.4,2025-03-17,1253,N20,nominal,2.0NRT,294.95,13.44,D
-4.37047,14.81285,344.22,0.53,0.5,2025-03-17,1253,N20,nominal,2.0NRT,297.09,22.84,D
-4.16639,15.80566,330.67,0.63,0.54,2025-03-17,1253,N20,nominal,2.0NRT,294.09,5.48,D
-4.55118,11.86662,330.34,0.52,0.41,2025-03-17,1253,N20,nominal,2.0NRT,295.82,2.52,D
-4.52221,11.85291,338.89,0.52,0.41,2025-03-17,1253,N20,nominal,2.0NRT,297.95,6.34,D
-4.46338,12.12401,336.17,0.53,0.42,2025-03-17,1253,N20,nominal,2.0NRT,295.12,7.77,D
-4.36269,12.05122,333.68,0.53,0.42,2025-03-17,1253,N20,nominal,2.0NRT,295.27,8.68,D
-4.35344,12.03507,342.78,0.53,0.42,2025-03-17,1253,N20,nominal,2.0NRT,295.77,14.06,D
-4.39596,11.7215,333.52,0.51,0.41,2025-03-17,1253,N20,nominal,2.0NRT,296.86,3.39,D
-4.39146,11.72543,339.6,0.51,0.41,2025-03-17,1253,N20,nominal,2.0NRT,297.15,7.25,D
-4.39219,11.72087,341.97,0.51,0.41,2025-03-17,1253,N20,nominal,2.0NRT,296.27,7.25,D
-4.29824,11.60557,342.41,0.5,0.41,2025-03-17,1253,N20,nominal,2.0NRT,295.58,3.89,D
-4.29448,11.605,331.95,0.5,0.41,2025-03-17,1253,N20,nominal,2.0NRT,294.78,2.69,D
-4.28618,11.53027,340.92,0.5,0.41,2025-03-17,1253,N20,nominal,2.0NRT,298.41,6.44,D
-4.27052,11.53245,335.06,0.5,0.41,2025-03-17,1253,N20,nominal,2.0NRT,296.92,4.89,D
-4.19687,11.46616,331.14,0.5,0.41,2025-03-17,1253,N20,nominal,2.0NRT,299.09,4.48,D
-4.19882,11.46794,330.05,0.5,0.41,2025-03-17,1253,N20,nominal,2.0NRT,299.5,5.16,D
-20.38811,46.40705,306.79,0.49,0.4,2025-03-17,2220,N20,nominal,2.0NRT,287.02,1.66,N
-18.75579,34.92393,310.76,0.57,0.52,2025-03-17,2220,N20,nominal,2.0NRT,288.71,1.79,N
-18.75528,34.92184,309.01,0.57,0.52,2025-03-17,2220,N20,nominal,2.0NRT,288.42,1.83,N
-21.35431,46.46194,306.16,0.51,0.41,2025-03-17,2220,N20,nominal,2.0NRT,287.98,0.87,N
-21.39419,46.5313,305.03,0.51,0.41,2025-03-17,2220,N20,nominal,2.0NRT,288.22,0.61,N
-24.5515,30.14543,312.46,0.43,0.62,2025-03-17,2222,N20,nominal,2.0NRT,285.97,1.36,N
-25.88844,29.11576,330.69,0.47,0.64,2025-03-17,2222,N20,nominal,2.0NRT,281.98,6.15,N
-25.88954,29.12031,355.94,0.47,0.64,2025-03-17,2222,N20,nominal,2.0NRT,284.09,6.15,N
-25.8996,29.16208,296.93,0.47,0.64,2025-03-17,2222,N20,nominal,2.0NRT,283.92,1.89,N
-25.89426,29.11417,296.79,0.47,0.64,2025-03-17,2222,N20,nominal,2.0NRT,283.22,6.15,N
-25.88715,29.11901,367,0.47,0.64,2025-03-17,2222,N20,high,2.0NRT,283.35,9.38,N
-25.88826,29.12351,298.77,0.47,0.64,2025-03-17,2222,N20,nominal,2.0NRT,282.86,9.38,N
-25.89865,29.16542,305,0.47,0.64,2025-03-17,2222,N20,nominal,2.0NRT,285.29,1.8,N
-25.72812,27.60598,298.9,0.58,0.7,2025-03-17,2222,N20,nominal,2.0NRT,283.97,2.43,N
-25.7226,27.607,298.67,0.58,0.7,2025-03-17,2222,N20,nominal,2.0NRT,284.62,2.9,N
-26.27896,28.15736,307.2,0.52,0.67,2025-03-17,2222,N20,nominal,2.0NRT,282.22,2.67,N
-26.53658,29.15161,310.65,0.45,0.63,2025-03-17,2222,N20,nominal,2.0NRT,283.24,1.18,N
-26.54096,29.16971,296.76,0.45,0.63,2025-03-17,2222,N20,nominal,2.0NRT,282.66,1.78,N
-26.54205,29.17419,314.92,0.45,0.63,2025-03-17,2222,N20,nominal,2.0NRT,284.03,2.23,N
-26.54228,29.14989,334.08,0.45,0.63,2025-03-17,2222,N20,nominal,2.0NRT,284.84,2.9,N
-26.54687,29.14363,299.18,0.45,0.63,2025-03-17,2222,N20,nominal,2.0NRT,284.03,2.9,N
-26.27912,28.16156,301.26,0.52,0.67,2025-03-17,2222,N20,nominal,2.0NRT,282.44,1.1,N
-26.2851,28.15948,298.44,0.52,0.67,2025-03-17,2222,N20,nominal,2.0NRT,282.1,1.1,N
-26.53695,29.15429,309.77,0.45,0.63,2025-03-17,2222,N20,nominal,2.0NRT,283.96,1.93,N
-26.54142,29.17228,316.93,0.45,0.63,2025-03-17,2222,N20,nominal,2.0NRT,283.19,2.63,N
-26.54151,29.14807,329.46,0.45,0.63,2025-03-17,2222,N20,nominal,2.0NRT,283.33,2.98,N
-26.54263,29.15259,316.27,0.45,0.63,2025-03-17,2222,N20,nominal,2.0NRT,284.67,2.98,N
-28.20038,32.37091,322.65,0.53,0.5,2025-03-17,2222,N20,nominal,2.0NRT,286.82,3.39,N
-28.19918,32.36549,313.57,0.53,0.5,2025-03-17,2222,N20,nominal,2.0NRT,285.5,2.07,N
-28.20497,32.36966,325,0.53,0.5,2025-03-17,2222,N20,nominal,2.0NRT,287.39,3.39,N
-28.20377,32.36423,303.42,0.53,0.5,2025-03-17,2222,N20,nominal,2.0NRT,286.73,2.07,N
-30.67416,30.34176,298.74,0.62,0.54,2025-03-17,2225,N20,nominal,2.0NRT,286.07,0.73,N
-5.10056,39.02255,305.03,0.53,0.5,2025-03-17,2216,N20,nominal,2.0NRT,289.06,2.24,N
-6.66017,39.16576,307.26,0.49,0.49,2025-03-17,2216,N20,nominal,2.0NRT,290.66,3.08,N
-4.36276,25.71682,298.33,0.38,0.43,2025-03-17,2356,N20,nominal,2.0NRT,276.04,1.18,N
-4.36777,25.72309,299.23,0.38,0.43,2025-03-17,2356,N20,nominal,2.0NRT,275.1,0.65,N
-4.38735,25.74487,296.33,0.39,0.44,2025-03-17,2356,N20,nominal,2.0NRT,272.65,0.4,N
-4.449,25.78823,299.09,0.39,0.44,2025-03-17,2356,N20,nominal,2.0NRT,276.73,0.24,N
-5.55864,29.33815,300.59,0.35,0.57,2025-03-17,2358,N20,nominal,2.0NRT,285.09,0.73,N
-4.88717,11.90715,327.56,0.35,0.57,2025-03-17,2358,N20,nominal,2.0NRT,275.3,2.14,N
-7.15667,12.34092,323.68,0.6,0.53,2025-03-17,2358,N20,nominal,2.0NRT,288.41,4.77,N
-7.15884,12.33918,315.82,0.6,0.53,2025-03-17,2358,N20,nominal,2.0NRT,288.84,6.88,N
-10.78199,25.58436,298.13,0.46,0.47,2025-03-17,2358,N20,nominal,2.0NRT,285.88,1.21,N
-10.78381,25.5858,300.51,0.46,0.47,2025-03-17,2358,N20,nominal,2.0NRT,286.6,1.29,N
-12.07721,26.39407,337.54,0.54,0.51,2025-03-17,2358,N20,nominal,2.0NRT,287.11,7.72,N
-12.07787,26.39892,299.29,0.54,0.51,2025-03-17,2358,N20,nominal,2.0NRT,286.36,7.72,N
-12.07583,26.39677,341,0.54,0.51,2025-03-17,2358,N20,nominal,2.0NRT,287.54,12.34,N
-14.46058,28.43583,298.48,0.4,0.6,2025-03-18,0001,N20,nominal,2.0NRT,288.06,0.67,N
-14.46044,28.43571,299,0.4,0.6,2025-03-18,0001,N20,nominal,2.0NRT,287.96,0.46,N
-14.49153,28.46235,321.54,0.41,0.6,2025-03-18,0001,N20,nominal,2.0NRT,288.36,2.13,N
-15.5434,28.26888,304.03,0.41,0.6,2025-03-18,0001,N20,nominal,2.0NRT,287.25,0.85,N
-17.29558,24.14305,315.32,0.45,0.47,2025-03-18,0001,N20,nominal,2.0NRT,290.31,3.59,N
-17.29934,24.13803,327.23,0.45,0.47,2025-03-18,0001,N20,nominal,2.0NRT,290.08,4.06,N
-17.29989,24.14243,335.53,0.45,0.47,2025-03-18,0001,N20,nominal,2.0NRT,291.41,3.59,N
-17.39021,24.65229,300.43,0.49,0.49,2025-03-18,0001,N20,nominal,2.0NRT,285.85,1.98,N
-18.35869,26.65725,311.49,0.34,0.56,2025-03-18,0001,N20,nominal,2.0NRT,288.23,1.24,N
-18.35904,26.66043,306.03,0.34,0.56,2025-03-18,0001,N20,nominal,2.0NRT,288.23,1.24,N
-18.35939,26.66355,306.89,0.34,0.56,2025-03-18,0001,N20,nominal,2.0NRT,288.42,1.63,N
-18.3645,26.4753,299.6,0.33,0.55,2025-03-18,0001,N20,nominal,2.0NRT,286.62,0.53,N
-18.36485,26.47845,303.83,0.33,0.55,2025-03-18,0001,N20,nominal,2.0NRT,287.72,0.53,N
-18.36995,26.47769,337.28,0.33,0.55,2025-03-18,0001,N20,nominal,2.0NRT,293.58,2.63,N
-18.3696,26.47456,307.67,0.33,0.55,2025-03-18,0001,N20,nominal,2.0NRT,286.41,2.63,N
-18.37184,26.44862,302.01,0.33,0.55,2025-03-18,0001,N20,nominal,2.0NRT,286.51,1.12,N
-18.41812,26.46719,301.21,0.33,0.56,2025-03-18,0001,N20,nominal,2.0NRT,288.27,0.84,N
-18.42799,26.51008,330.19,0.34,0.56,2025-03-18,0001,N20,nominal,2.0NRT,290.02,1.75,N
-18.42836,26.51349,300.41,0.34,0.56,2025-03-18,0001,N20,nominal,2.0NRT,287.94,1.75,N
-18.43833,26.50956,300.03,0.34,0.56,2025-03-18,0001,N20,nominal,2.0NRT,287.61,1.63,N
-20.92367,27.58912,301.22,0.42,0.61,2025-03-18,0003,N20,nominal,2.0NRT,285.24,0.09,N
-23.24971,27.67937,299.9,0.46,0.63,2025-03-18,0003,N20,nominal,2.0NRT,277.18,0.39,N
-25.57604,27.58092,302.43,0.47,0.64,2025-03-18,0003,N20,nominal,2.0NRT,270.83,2.61,N
-25.57348,27.58313,296.96,0.47,0.64,2025-03-18,0003,N20,nominal,2.0NRT,271.02,1.95,N
-25.72233,27.6086,303.57,0.48,0.65,2025-03-18,0003,N20,nominal,2.0NRT,282.66,1.28,N
-26.26574,28.83546,296.79,0.58,0.7,2025-03-18,0003,N20,nominal,2.0NRT,282.4,1.32,N
-26.48802,29.72914,304.59,0.66,0.73,2025-03-18,0003,N20,nominal,2.0NRT,281.55,0.39,N
-26.54159,29.15453,367,0.61,0.71,2025-03-18,0003,N20,high,2.0NRT,283.89,10.68,N
-26.54199,29.16064,330.9,0.61,0.71,2025-03-18,0003,N20,nominal,2.0NRT,283.47,10.68,N
-26.54119,29.14844,299.17,0.61,0.71,2025-03-18,0003,N20,nominal,2.0NRT,282.65,5.81,N
-26.54775,29.14783,297.07,0.61,0.71,2025-03-18,0003,N20,nominal,2.0NRT,283.16,2.32,N
-26.54026,29.15291,341.37,0.61,0.71,2025-03-18,0003,N20,nominal,2.0NRT,283.31,6.91,N
-26.54063,29.159,354.48,0.61,0.71,2025-03-18,0003,N20,nominal,2.0NRT,284.67,16.09,N
-26.5399,29.14682,295.18,0.61,0.71,2025-03-18,0003,N20,nominal,2.0NRT,282.37,6.91,N
-26.1678,18.07975,321.95,0.42,0.38,2025-03-18,0005,N20,nominal,2.0NRT,263.36,0.39,N
-32.30828,19.16431,309.22,0.54,0.42,2025-03-18,0005,N20,nominal,2.0NRT,293.02,1.66,N
-32.33207,19.09781,336.78,0.53,0.42,2025-03-18,0005,N20,nominal,2.0NRT,300.27,18.44,N
-32.33265,19.10268,313.94,0.53,0.42,2025-03-18,0005,N20,nominal,2.0NRT,295.08,4.11,N
-32.33513,19.1236,317.54,0.53,0.42,2025-03-18,0005,N20,nominal,2.0NRT,291.25,1.55,N
-32.33575,19.12888,308.56,0.53,0.42,2025-03-18,0005,N20,nominal,2.0NRT,291.43,1.55,N
-32.33251,19.09677,329.75,0.53,0.42,2025-03-18,0005,N20,nominal,2.0NRT,297.77,14.74,N
-32.33308,19.10173,320.01,0.53,0.42,2025-03-18,0005,N20,nominal,2.0NRT,299.85,14.74,N
-32.33606,19.12781,324.94,0.53,0.42,2025-03-18,0005,N20,nominal,2.0NRT,292.81,3.96,N
-32.33702,19.10174,332.22,0.53,0.42,2025-03-18,0005,N20,nominal,2.0NRT,299.03,14.74,N
-32.93771,18.75936,303.33,0.52,0.42,2025-03-18,0005,N20,nominal,2.0NRT,292.27,0.96,N
-33.1405,19.00506,341.44,0.54,0.42,2025-03-18,0005,N20,nominal,2.0NRT,298.8,12.95,N
-33.14116,19.01082,305.79,0.54,0.42,2025-03-18,0005,N20,nominal,2.0NRT,293.61,12.95,N
-33.40919,18.71674,315.48,0.52,0.42,2025-03-18,0005,N20,nominal,2.0NRT,292.04,1.34,N
-33.84066,18.53262,304.26,0.52,0.41,2025-03-18,0007,N20,nominal,2.0NRT,292.88,1.67,N
-33.87198,18.80138,301.71,0.54,0.42,2025-03-18,0007,N20,nominal,2.0NRT,289.48,0.64,N
-33.96931,18.57893,305.87,0.52,0.42,2025-03-18,0007,N20,nominal,2.0NRT,290.74,1.11,N
-7.91831,26.97471,329.59,0.56,0.69,2025-03-18,1053,N20,nominal,2.0NRT,288.34,3.11,D
-5.40663,39.78143,332.37,0.41,0.37,2025-03-18,1053,N20,nominal,2.0NRT,301.08,4.58,D
-6.98247,27.03872,334.84,0.54,0.68,2025-03-18,1053,N20,nominal,2.0NRT,289.59,6.51,D
-6.92985,25.3089,328.39,0.71,0.75,2025-03-18,1053,N20,nominal,2.0NRT,287.07,4.9,D
-4.81379,39.13292,343.05,0.39,0.36,2025-03-18,1053,N20,nominal,2.0NRT,283.61,18.4,D
-6.60459,25.92303,334.24,0.64,0.72,2025-03-18,1053,N20,nominal,2.0NRT,287.87,4.27,D
-4.64047,39.39483,340.97,0.4,0.37,2025-03-18,1053,N20,nominal,2.0NRT,295.09,9.53,D
-4.63919,39.39407,346.23,0.4,0.37,2025-03-18,1053,N20,nominal,2.0NRT,297.81,12.95,D
-4.57838,39.36273,344.27,0.4,0.37,2025-03-18,1053,N20,nominal,2.0NRT,297.89,17.33,D
-4.56111,39.45224,347.1,0.4,0.37,2025-03-18,1053,N20,nominal,2.0NRT,302.11,8.59,D
-4.57139,39.25173,348.37,0.4,0.37,2025-03-18,1053,N20,nominal,2.0NRT,300.72,9.3,D
-4.50539,39.31037,345.61,0.4,0.37,2025-03-18,1053,N20,nominal,2.0NRT,303.24,8.59,D
-4.50202,39.30986,340.62,0.4,0.37,2025-03-18,1053,N20,nominal,2.0NRT,302.84,4.72,D
-4.44257,39.3596,338.05,0.4,0.37,2025-03-18,1053,N20,nominal,2.0NRT,302.45,2.23,D
-4.40773,39.53936,355.18,0.4,0.37,2025-03-18,1053,N20,nominal,2.0NRT,302.54,14.83,D
-4.38894,39.54348,343.37,0.41,0.37,2025-03-18,1053,N20,nominal,2.0NRT,302.81,34.52,D
-4.34928,39.48523,334.93,0.4,0.37,2025-03-18,1053,N20,nominal,2.0NRT,301.18,2.47,D
-4.34117,39.33611,341.41,0.4,0.37,2025-03-18,1053,N20,nominal,2.0NRT,300.82,4.24,D
-4.88361,33.90731,344.71,0.52,0.42,2025-03-18,1053,N20,nominal,2.0NRT,295.98,12.59,D
-5.40571,29.14092,328.63,0.37,0.58,2025-03-18,1053,N20,nominal,2.0NRT,291.78,2.01,D
-4.93433,28.87724,339.68,0.38,0.58,2025-03-18,1053,N20,nominal,2.0NRT,291.82,3.92,D
-4.87419,28.91833,325.81,0.37,0.58,2025-03-18,1053,N20,nominal,2.0NRT,290.04,1.69,D
-5.32271,25.68319,367,0.63,0.72,2025-03-18,1053,N20,high,2.0NRT,290.68,19.08,D
-5.11114,25.81885,331.57,0.62,0.71,2025-03-18,1053,N20,nominal,2.0NRT,285.03,6.2,D
-5.11217,25.81697,329.21,0.62,0.71,2025-03-18,1053,N20,nominal,2.0NRT,285.99,5.7,D
-4.53236,28.80799,331.1,0.37,0.58,2025-03-18,1053,N20,nominal,2.0NRT,293.14,2.02,D
-4.45622,28.96385,329.27,0.36,0.58,2025-03-18,1053,N20,nominal,2.0NRT,291.95,3.02,D
-4.45855,28.94714,336.95,0.37,0.58,2025-03-18,1053,N20,nominal,2.0NRT,292.04,4.91,D
-4.45695,28.96447,331.82,0.36,0.58,2025-03-18,1053,N20,nominal,2.0NRT,291.62,2.29,D
-4.45936,28.94798,351.2,0.37,0.58,2025-03-18,1053,N20,nominal,2.0NRT,291.86,5.67,D
-4.2843,29.04448,327.63,0.36,0.57,2025-03-18,1053,N20,nominal,2.0NRT,296.21,3.05,D
-4.22801,28.6532,367,0.38,0.59,2025-03-18,1053,N20,high,2.0NRT,293.67,11.46,D
-4.14195,28.88172,326.65,0.36,0.58,2025-03-18,1053,N20,nominal,2.0NRT,286.49,3.2,D
-4.19361,28.18377,326.7,0.41,0.61,2025-03-18,1053,N20,nominal,2.0NRT,291.57,3.04,D
-4.3105,27.32218,325.81,0.47,0.64,2025-03-18,1053,N20,nominal,2.0NRT,292.08,2.47,D
-4.23437,27.43967,351.66,0.46,0.64,2025-03-18,1053,N20,nominal,2.0NRT,292.87,9.69,D
-4.45323,25.79044,345.07,0.61,0.71,2025-03-18,1053,N20,nominal,2.0NRT,290.2,10.84,D
-4.25229,27.44288,329.46,0.46,0.64,2025-03-18,1053,N20,nominal,2.0NRT,291.11,2.23,D
-4.23479,27.44054,367,0.46,0.64,2025-03-18,1053,N20,high,2.0NRT,292.96,8.43,D
-4.45353,25.7884,344.25,0.61,0.71,2025-03-18,1053,N20,nominal,2.0NRT,290.68,11.57,D
-4.14519,27.52857,329.5,0.45,0.63,2025-03-18,1053,N20,nominal,2.0NRT,291.82,3.92,D
-4.02334,27.96014,326.44,0.42,0.61,2025-03-18,1056,N20,nominal,2.0NRT,292.55,2.66,D
-4.27466,25.64339,325.66,0.62,0.71,2025-03-18,1056,N20,nominal,2.0NRT,286.68,3.08,D
-4.27567,25.64157,326.82,0.62,0.71,2025-03-18,1056,N20,nominal,2.0NRT,286.33,3.04,D
-4.19504,25.64715,328.3,0.61,0.71,2025-03-18,1056,N20,nominal,2.0NRT,286.03,4.2,D
-4.08516,26.2995,327.72,0.55,0.68,2025-03-18,1056,N20,nominal,2.0NRT,287.38,4.45,D
-4.19533,25.64658,329.37,0.61,0.71,2025-03-18,1056,N20,nominal,2.0NRT,286.21,7.15,D
-4.08734,26.29844,336.24,0.55,0.68,2025-03-18,1056,N20,nominal,2.0NRT,289.14,5.4,D
-24.39218,45.69352,337.94,0.44,0.39,2025-03-18,1047,N20,nominal,2.0NRT,301.13,2.03,D
-24.12546,46.0325,334.96,0.46,0.39,2025-03-18,1047,N20,nominal,2.0NRT,300.41,2.62,D
-25.57013,32.62102,330.14,0.38,0.59,2025-03-18,1047,N20,nominal,2.0NRT,294.26,3.29,D
-25.5653,32.61278,326.43,0.38,0.59,2025-03-18,1047,N20,nominal,2.0NRT,293.97,2.29,D
-21.55295,46.5625,330.81,0.53,0.42,2025-03-18,1049,N20,nominal,2.0NRT,297.78,2.72,D
-21.66221,45.78213,339.61,0.48,0.4,2025-03-18,1049,N20,nominal,2.0NRT,301.71,7.8,D
-21.50872,46.6077,330.52,0.54,0.42,2025-03-18,1049,N20,nominal,2.0NRT,297.5,4.4,D
-21.50967,46.60257,333.4,0.54,0.42,2025-03-18,1049,N20,nominal,2.0NRT,299.38,4.48,D
-21.58765,45.93446,333.09,0.49,0.41,2025-03-18,1049,N20,nominal,2.0NRT,300.27,2.26,D
-21.38269,46.76564,331.69,0.55,0.43,2025-03-18,1049,N20,nominal,2.0NRT,296.07,5.01,D
-21.55609,45.80937,335.23,0.49,0.4,2025-03-18,1049,N20,nominal,2.0NRT,299.33,7,D
-21.35662,46.46475,332.02,0.53,0.42,2025-03-18,1049,N20,nominal,2.0NRT,298.98,3.33,D
-21.24075,46.61376,330.95,0.54,0.42,2025-03-18,1049,N20,nominal,2.0NRT,297.02,3.44,D
-21.41135,43.61008,338.28,0.4,0.37,2025-03-18,1049,N20,nominal,2.0NRT,300.12,2.94,D
-21.07236,44.43154,333.45,0.43,0.38,2025-03-18,1049,N20,nominal,2.0NRT,299.93,5.75,D
-20.69602,46.15176,345.22,0.52,0.42,2025-03-18,1049,N20,nominal,2.0NRT,294.36,8.72,D
-20.69805,46.1492,332.92,0.52,0.42,2025-03-18,1049,N20,nominal,2.0NRT,292.87,7.75,D
-20.82836,44.35222,333.26,0.43,0.38,2025-03-18,1049,N20,nominal,2.0NRT,298.88,1.94,D
-20.34966,44.35083,330.87,0.44,0.38,2025-03-18,1049,N20,nominal,2.0NRT,299.62,7.39,D
-20.1056,45.42877,331.76,0.49,0.4,2025-03-18,1049,N20,nominal,2.0NRT,299.4,2.29,D
-19.29808,46.51351,333.04,0.57,0.43,2025-03-18,1049,N20,nominal,2.0NRT,297.58,8.65,D
-18.36065,45.73329,337.81,0.54,0.42,2025-03-18,1049,N20,nominal,2.0NRT,298.26,10,D
-18.25143,45.15508,334.02,0.5,0.41,2025-03-18,1049,N20,nominal,2.0NRT,298.9,4.21,D
-19.80589,33.28993,326.73,0.6,0.53,2025-03-18,1049,N20,nominal,2.0NRT,293.11,4.68,D
-17.88396,46.23085,339.14,0.39,0.44,2025-03-18,1049,N20,nominal,2.0NRT,296.9,5.41,D
-17.87853,45.48112,330.56,0.53,0.42,2025-03-18,1049,N20,nominal,2.0NRT,296.07,3.48,D
-17.3414,47.27428,330.83,0.46,0.47,2025-03-18,1049,N20,nominal,2.0NRT,294.98,1.6,D
-16.59865,46.87352,330.3,0.44,0.46,2025-03-18,1049,N20,nominal,2.0NRT,296.78,2.42,D
-15.36539,48.23335,331.8,0.57,0.52,2025-03-18,1049,N20,nominal,2.0NRT,292.18,5.16,D
-15.45307,47.69399,345.8,0.52,0.5,2025-03-18,1049,N20,nominal,2.0NRT,292.52,12.29,D
-15.44756,47.69798,341.35,0.52,0.5,2025-03-18,1049,N20,nominal,2.0NRT,293.86,10.22,D
-15.44848,47.6931,353.48,0.52,0.5,2025-03-18,1049,N20,nominal,2.0NRT,295.22,12.29,D
-15.4494,47.68823,330.52,0.52,0.5,2025-03-18,1049,N20,nominal,2.0NRT,291.96,12.29,D
-14.73528,40.7852,337.62,0.39,0.36,2025-03-18,1051,N20,nominal,2.0NRT,306.33,5.37,D
-13.49851,40.37831,333.76,0.39,0.36,2025-03-18,1051,N20,nominal,2.0NRT,295.9,1.87,D
-13.4362,40.47396,335.06,0.39,0.36,2025-03-18,1051,N20,nominal,2.0NRT,300.91,2.8,D
-13.32688,40.34662,335.39,0.39,0.36,2025-03-18,1051,N20,nominal,2.0NRT,297.45,2.39,D
-11.53558,35.23678,329.08,0.53,0.42,2025-03-18,1051,N20,nominal,2.0NRT,292.42,4.76,D
-11.53336,35.23762,330.19,0.53,0.42,2025-03-18,1051,N20,nominal,2.0NRT,293.87,4.39,D
-10.41478,40.10978,333.06,0.39,0.36,2025-03-18,1051,N20,nominal,2.0NRT,301.53,2.96,D
-12.07964,26.40204,342.41,0.7,0.75,2025-03-18,1051,N20,nominal,2.0NRT,288.21,13.03,D
-12.07912,26.39927,355.35,0.7,0.75,2025-03-18,1051,N20,nominal,2.0NRT,289.28,15.52,D
-10.21888,39.79826,340.27,0.39,0.36,2025-03-18,1051,N20,nominal,2.0NRT,298.23,7.24,D
-9.70149,39.52056,331.46,0.39,0.36,2025-03-18,1051,N20,nominal,2.0NRT,296.44,3.06,D
-8.42629,39.25164,331.63,0.39,0.36,2025-03-18,1053,N20,nominal,2.0NRT,297.15,2.56,D
-9.65695,27.73142,342.25,0.53,0.67,2025-03-18,1053,N20,nominal,2.0NRT,286.25,7.69,D
-9.6508,27.7306,335.31,0.53,0.67,2025-03-18,1053,N20,nominal,2.0NRT,286.14,7.69,D
-8.66889,31.33952,325.92,0.57,0.52,2025-03-18,1053,N20,nominal,2.0NRT,293.07,3.09,D
-8.63867,25.20003,328.28,0.76,0.77,2025-03-18,1053,N20,nominal,2.0NRT,285.34,5.67,D
-7.75795,29.73772,327.51,0.36,0.57,2025-03-18,1053,N20,nominal,2.0NRT,273.85,2.94,D
-8.054,27.09528,330.11,0.55,0.68,2025-03-18,1053,N20,nominal,2.0NRT,286.63,3.66,D
-4.35261,13.33743,334.38,0.39,0.36,2025-03-18,1236,N20,nominal,2.0NRT,284.52,2.52,D
-4.52096,11.42013,335.36,0.39,0.37,2025-03-18,1236,N20,nominal,2.0NRT,290.83,4.24,D
-4.3859,11.68719,330.79,0.39,0.36,2025-03-18,1236,N20,nominal,2.0NRT,293.75,2.92,D
-4.12143,11.37284,331.39,0.39,0.36,2025-03-18,1236,N20,low,2.0NRT,294.17,4.67,D
-12.08002,26.39875,326.11,0.56,0.69,2025-03-18,1234,N20,nominal,2.0NRT,291.52,4.1,D
-11.94245,19.40603,330.22,0.39,0.44,2025-03-18,1234,N20,nominal,2.0NRT,298.23,3.26,D
-12.09023,17.19119,331.63,0.45,0.39,2025-03-18,1234,N20,nominal,2.0NRT,297.98,3.22,D
-11.39283,15.43109,331.17,0.4,0.37,2025-03-18,1234,N20,nominal,2.0NRT,295.69,2.49,D
-10.58717,19.76573,347.35,0.43,0.46,2025-03-18,1234,N20,nominal,2.0NRT,294.38,7.67,D
-10.68465,15.94709,334.72,0.41,0.37,2025-03-18,1234,N20,nominal,2.0NRT,296.29,4.75,D
-10.69785,13.86032,334.45,0.38,0.36,2025-03-18,1234,N20,nominal,2.0NRT,295.72,2.72,D
-8.63304,25.19694,340.82,0.54,0.68,2025-03-18,1234,N20,nominal,2.0NRT,289.91,7.18,D
-8.30225,26.72445,330.83,0.69,0.74,2025-03-18,1234,N20,nominal,2.0NRT,288.21,5.82,D
-10.25288,14.81527,332.8,0.39,0.36,2025-03-18,1234,N20,nominal,2.0NRT,288.6,4.74,D
-8.45767,24.7149,330.27,0.51,0.66,2025-03-18,1234,N20,nominal,2.0NRT,288.69,6.14,D
-9.8328,15.68308,333.9,0.41,0.37,2025-03-18,1234,N20,nominal,2.0NRT,298.32,2.39,D
-9.58111,16.35802,331.42,0.44,0.38,2025-03-18,1234,N20,nominal,2.0NRT,293.13,2.01,D
-9.46574,16.10174,330.1,0.43,0.38,2025-03-18,1234,N20,nominal,2.0NRT,296.26,2.96,D
-9.45652,16.09229,343.82,0.43,0.38,2025-03-18,1234,N20,nominal,2.0NRT,296.99,4.84,D
-9.45714,16.08838,333.31,0.43,0.38,2025-03-18,1234,N20,nominal,2.0NRT,297.92,4.84,D
-9.53517,15.17131,338.26,0.4,0.37,2025-03-18,1234,N20,nominal,2.0NRT,302.77,6.81,D
-9.52899,15.16663,334.23,0.4,0.37,2025-03-18,1234,N20,nominal,2.0NRT,299.8,3.7,D
-9.52956,15.16298,354.27,0.4,0.37,2025-03-18,1234,N20,nominal,2.0NRT,303.79,3.7,D
-9.53014,15.15934,336.25,0.4,0.37,2025-03-18,1234,N20,nominal,2.0NRT,301.33,4.66,D
-9.53071,15.1557,347.99,0.4,0.37,2025-03-18,1234,N20,nominal,2.0NRT,298.43,4.66,D
-9.52619,15.16246,336.01,0.4,0.37,2025-03-18,1234,N20,nominal,2.0NRT,301.05,5.88,D
-9.52676,15.15882,354.1,0.4,0.37,2025-03-18,1234,N20,nominal,2.0NRT,303.31,8.16,D
-9.52733,15.15518,340.51,0.4,0.37,2025-03-18,1234,N20,nominal,2.0NRT,292.56,8.16,D
-9.6098,14.50033,346.2,0.39,0.36,2025-03-18,1234,N20,nominal,2.0NRT,295.33,6.2,D
-9.22231,16.15467,337.15,0.43,0.38,2025-03-18,1234,N20,nominal,2.0NRT,293.87,4.71,D
-9.50431,14.34655,335.55,0.39,0.36,2025-03-18,1234,N20,nominal,2.0NRT,295.44,5.82,D
-9.23907,15.75785,334.81,0.42,0.38,2025-03-18,1234,N20,nominal,2.0NRT,292.23,5.87,D
-9.09663,15.90345,340.88,0.43,0.38,2025-03-18,1234,N20,nominal,2.0NRT,294.4,4.57,D
-9.33321,14.15715,333.11,0.39,0.36,2025-03-18,1234,N20,nominal,2.0NRT,293.84,2.07,D
-9.25606,14.54887,330.32,0.39,0.36,2025-03-18,1234,N20,nominal,2.0NRT,297.89,2.61,D
-9.25545,14.53062,342.89,0.39,0.36,2025-03-18,1234,N20,nominal,2.0NRT,298.76,8.8,D
-33.47969,26.95186,354.57,0.44,0.46,2025-03-18,1227,N20,nominal,2.0NRT,302.33,22.15,D
-7.58944,24.41735,345.13,0.5,0.66,2025-03-18,1234,N20,nominal,2.0NRT,290.65,5.5,D
-33.92097,24.47187,337.43,0.5,0.41,2025-03-18,1227,N20,nominal,2.0NRT,302.97,3.59,D
-7.50897,24.75439,327.16,0.53,0.67,2025-03-18,1234,N20,low,2.0NRT,299.62,9.91,D
-33.98892,21.2284,333.55,0.39,0.36,2025-03-18,1227,N20,nominal,2.0NRT,303.29,6.83,D
-9.08601,15.46344,336.25,0.41,0.37,2025-03-18,1234,N20,nominal,2.0NRT,298.58,30.8,D
-33.98961,21.22418,330.29,0.39,0.36,2025-03-18,1227,N20,low,2.0NRT,300.45,6.83,D
-9.37227,13.29785,336.05,0.39,0.36,2025-03-18,1234,N20,nominal,2.0NRT,298.16,2.85,D
-34.14923,20.01216,348.07,0.38,0.36,2025-03-18,1227,N20,nominal,2.0NRT,313.42,38.72,D
-9.20319,14.29789,336.7,0.39,0.36,2025-03-18,1234,N20,nominal,2.0NRT,296.13,2.52,D
-34.14987,20.00799,367,0.38,0.36,2025-03-18,1227,N20,low,2.0NRT,327.05,38.72,D
-9.19823,14.06383,331.28,0.39,0.36,2025-03-18,1234,N20,nominal,2.0NRT,297.25,4.14,D
-34.18493,19.29398,338.24,0.39,0.36,2025-03-18,1227,N20,low,2.0NRT,312.78,17.48,D
-7.09152,25.98388,346.44,0.65,0.73,2025-03-18,1234,N20,nominal,2.0NRT,287.91,17.32,D
-34.09531,19.74263,353.91,0.38,0.36,2025-03-18,1227,N20,nominal,2.0NRT,311.53,16.07,D
-7.67605,22.67045,334.67,0.38,0.59,2025-03-18,1234,N20,nominal,2.0NRT,286.36,2.14,D
-34.15353,19.35353,346.55,0.39,0.36,2025-03-18,1227,N20,low,2.0NRT,316.95,15.45,D
-9.15019,13.1514,350.07,0.39,0.36,2025-03-18,1234,N20,nominal,2.0NRT,305.75,5.42,D
-34.09198,19.74191,353.35,0.38,0.36,2025-03-18,1227,N20,nominal,2.0NRT,310.83,6.16,D
-8.69253,15.56073,331,0.42,0.37,2025-03-18,1234,N20,nominal,2.0NRT,291.46,3.49,D
-34.09262,19.73774,333.99,0.38,0.36,2025-03-18,1227,N20,low,2.0NRT,307.67,6.16,D
-8.69311,15.55695,332.97,0.42,0.37,2025-03-18,1234,N20,nominal,2.0NRT,295.77,3.49,D
-33.76563,18.63689,348.19,0.39,0.36,2025-03-18,1227,N20,nominal,2.0NRT,317.24,7.74,D
-7.42823,22.69468,331.93,0.39,0.59,2025-03-18,1234,N20,nominal,2.0NRT,287.61,2.23,D
-33.74807,18.7597,367,0.39,0.36,2025-03-18,1227,N20,low,2.0NRT,327.48,38.41,D
-7.20612,23.66205,343.33,0.45,0.63,2025-03-18,1234,N20,nominal,2.0NRT,290.95,5.54,D
-33.74533,18.75478,367,0.39,0.36,2025-03-18,1227,N20,high,2.0NRT,333.01,63.95,D
-8.57955,15.62845,331.28,0.42,0.38,2025-03-18,1234,N20,nominal,2.0NRT,293.28,4.75,D
-33.74472,18.75901,367,0.39,0.36,2025-03-18,1227,N20,low,2.0NRT,329.6,38.41,D
-8.58057,15.62845,338.93,0.42,0.38,2025-03-18,1234,N20,nominal,2.0NRT,293.64,4.46,D
-33.65998,19.31616,338.93,0.39,0.36,2025-03-18,1227,N20,low,2.0NRT,313.84,10.21,D
-8.67092,14.97867,331.44,0.4,0.37,2025-03-18,1234,N20,nominal,2.0NRT,294.56,2.53,D
-33.74138,18.75831,340.46,0.39,0.36,2025-03-18,1227,N20,nominal,2.0NRT,315.06,3.28,D
-8.67147,14.97509,336.7,0.4,0.37,2025-03-18,1234,N20,nominal,2.0NRT,294.44,4.43,D
-33.74198,18.75409,341.42,0.39,0.36,2025-03-18,1227,N20,nominal,2.0NRT,316.03,4.39,D
-8.57233,15.54552,330.61,0.42,0.37,2025-03-18,1234,N20,nominal,2.0NRT,293.38,2.34,D
-33.76255,18.60999,351.17,0.39,0.36,2025-03-18,1227,N20,nominal,2.0NRT,319.03,7.08,D
-7.20631,23.66169,342.69,0.45,0.63,2025-03-18,1234,N20,nominal,2.0NRT,290.87,5.27,D
-33.75919,18.60929,351.93,0.39,0.36,2025-03-18,1227,N20,nominal,2.0NRT,316.87,7.08,D
-7.0283,24.44924,336.24,0.52,0.66,2025-03-18,1234,N20,nominal,2.0NRT,289.31,3.76,D
-33.61732,18.91564,348.11,0.39,0.36,2025-03-18,1227,N20,nominal,2.0NRT,315.17,6.63,D
-8.60783,15.02823,338.98,0.4,0.37,2025-03-18,1234,N20,nominal,2.0NRT,294.17,4.58,D
-33.61792,18.91143,347.01,0.39,0.36,2025-03-18,1227,N20,low,2.0NRT,317.52,6.66,D
-8.60502,15.02406,335.44,0.4,0.37,2025-03-18,1234,N20,nominal,2.0NRT,294.16,7.29,D
-7.11183,23.78656,334.98,0.46,0.64,2025-03-18,1234,N20,nominal,2.0NRT,290.67,5.76,D
-33.61459,18.91073,349.26,0.39,0.36,2025-03-18,1227,N20,nominal,2.0NRT,316.79,6.66,D
-7.38222,22.28729,326.77,0.36,0.58,2025-03-18,1234,N20,nominal,2.0NRT,288.79,2.15,D
-33.65841,18.53283,347.55,0.39,0.36,2025-03-18,1227,N20,nominal,2.0NRT,317.51,12,D
-7.04538,23.75887,328.57,0.46,0.64,2025-03-18,1234,N20,nominal,2.0NRT,288.43,5.39,D
-33.65901,18.52858,345.74,0.39,0.36,2025-03-18,1227,N20,low,2.0NRT,317.71,10.42,D
-7.36662,21.79625,335.72,0.34,0.56,2025-03-18,1234,N20,nominal,2.0NRT,289.21,3.2,D
-33.65565,18.5279,344.43,0.39,0.36,2025-03-18,1227,N20,low,2.0NRT,318.45,10.42,D
-7.12165,23.13813,345.11,0.42,0.61,2025-03-18,1234,N20,nominal,2.0NRT,288.79,5.44,D
-33.32245,19.37485,349.83,0.38,0.36,2025-03-18,1227,N20,nominal,2.0NRT,319.19,6.08,D
-8.41183,15.4277,333.26,0.41,0.37,2025-03-18,1234,N20,nominal,2.0NRT,290.13,2.82,D
-33.31913,19.37414,367,0.38,0.36,2025-03-18,1227,N20,low,2.0NRT,333.79,48.03,D
-7.03626,23.41483,331.98,0.44,0.62,2025-03-18,1234,N20,nominal,2.0NRT,288.03,2.82,D
-33.38637,18.80012,345.14,0.39,0.36,2025-03-18,1227,N20,nominal,2.0NRT,317.24,4.51,D
-8.50077,14.84087,331.38,0.4,0.37,2025-03-18,1234,N20,nominal,2.0NRT,293.03,3.71,D
-33.34184,18.57134,345.77,0.39,0.36,2025-03-18,1227,N20,low,2.0NRT,317.91,7.17,D
-7.03543,23.41194,333.41,0.44,0.62,2025-03-18,1234,N20,nominal,2.0NRT,288.38,4.39,D
-33.34244,18.56713,351.1,0.39,0.36,2025-03-18,1227,N20,nominal,2.0NRT,318.78,7.17,D
-8.6676,13.44969,333.68,0.38,0.36,2025-03-18,1234,N20,nominal,2.0NRT,300.86,2,D
-33.28456,18.9437,341.42,0.39,0.36,2025-03-18,1227,N20,low,2.0NRT,315.97,26.34,D
-7.31946,21.74981,335.14,0.33,0.56,2025-03-18,1234,N20,nominal,2.0NRT,289.75,3.7,D
-33.28122,18.943,345.42,0.39,0.36,2025-03-18,1227,N20,nominal,2.0NRT,315.37,21.51,D
-7.30535,21.80105,329.03,0.34,0.56,2025-03-18,1234,N20,nominal,2.0NRT,289.55,1.57,D
-33.28062,18.94717,367,0.39,0.36,2025-03-18,1227,N20,low,2.0NRT,325.34,21.51,D
-7.27085,21.96951,329.11,0.35,0.56,2025-03-18,1234,N20,nominal,2.0NRT,291.15,2.58,D
-7.2595,21.70258,337.61,0.33,0.55,2025-03-18,1234,N20,nominal,2.0NRT,288.62,2.67,D
-33.3,18.63737,349.37,0.39,0.36,2025-03-18,1227,N20,low,2.0NRT,320.24,9.41,D
-8.29185,15.56641,333.26,0.42,0.38,2025-03-18,1234,N20,nominal,2.0NRT,295,2.45,D
-33.29726,18.63247,354.75,0.39,0.36,2025-03-18,1227,N20,nominal,2.0NRT,321.64,17.66,D
-7.15234,22.1832,327.36,0.36,0.57,2025-03-18,1234,N20,nominal,2.0NRT,292.36,2.14,D
-33.29391,18.63178,354.18,0.39,0.36,2025-03-18,1227,N20,low,2.0NRT,326.47,25.41,D
-7.18958,22.03203,331.59,0.35,0.57,2025-03-18,1234,N20,nominal,2.0NRT,291.45,2.96,D
-33.29207,18.59678,348.88,0.39,0.36,2025-03-18,1227,N20,low,2.0NRT,322.29,30.18,D
-7.17998,22.05678,330.76,0.35,0.57,2025-03-18,1234,N20,nominal,2.0NRT,291.55,2.65,D
-33.29268,18.59256,345.55,0.39,0.36,2025-03-18,1227,N20,low,2.0NRT,317.47,30.18,D
-8.21154,15.7464,331.33,0.43,0.38,2025-03-18,1234,N20,nominal,2.0NRT,292.52,5.49,D
-33.28872,18.59609,355.12,0.39,0.36,2025-03-18,1227,N20,nominal,2.0NRT,315.95,30.18,D
-7.17609,22.01692,328.97,0.35,0.57,2025-03-18,1234,N20,nominal,2.0NRT,287.38,1.88,D
-33.2878,18.57855,343.15,0.39,0.36,2025-03-18,1227,N20,low,2.0NRT,315.42,8.06,D
-7.13914,22.10618,328.91,0.36,0.57,2025-03-18,1234,N20,nominal,2.0NRT,289.71,1.32,D
-33.28537,18.59541,367,0.39,0.36,2025-03-18,1227,N20,low,2.0NRT,326.31,38.94,D
-7.22023,21.63816,326.46,0.33,0.55,2025-03-18,1234,N20,nominal,2.0NRT,289.81,5.14,D
-33.28262,18.59051,350.55,0.39,0.36,2025-03-18,1227,N20,low,2.0NRT,323.24,38.94,D
-7.21969,21.64128,356.59,0.33,0.55,2025-03-18,1234,N20,low,2.0NRT,289.5,7.65,D
-7.15851,21.93317,326.77,0.35,0.56,2025-03-18,1234,N20,nominal,2.0NRT,291.38,3.39,D
-33.28323,18.5863,356.11,0.39,0.36,2025-03-18,1227,N20,nominal,2.0NRT,321.05,30.29,D
-7.09642,22.22654,349.57,0.36,0.58,2025-03-18,1234,N20,nominal,2.0NRT,289.2,4.67,D
-33.28748,18.55681,343.36,0.39,0.36,2025-03-18,1227,N20,low,2.0NRT,317.41,3.67,D
-7.11298,22.1322,328.15,0.36,0.57,2025-03-18,1234,N20,nominal,2.0NRT,288.96,2.54,D
-33.28384,18.58208,367,0.39,0.36,2025-03-18,1227,N20,low,2.0NRT,327.76,30.29,D
-7.16274,21.84797,340.83,0.34,0.56,2025-03-18,1234,N20,nominal,2.0NRT,291.09,5.56,D
-33.27988,18.58561,351.77,0.39,0.36,2025-03-18,1227,N20,nominal,2.0NRT,321.22,10.27,D
-7.15707,21.85004,346.04,0.34,0.56,2025-03-18,1234,N20,nominal,2.0NRT,290.99,4.84,D
-33.28049,18.5814,355.91,0.39,0.36,2025-03-18,1227,N20,nominal,2.0NRT,322.16,10.27,D
-7.09893,22.11981,329.06,0.36,0.57,2025-03-18,1234,N20,nominal,2.0NRT,289.09,3.17,D
-7.0995,22.11658,335.29,0.36,0.57,2025-03-18,1234,N20,nominal,2.0NRT,290.25,3.38,D
-33.28109,18.57719,355.83,0.39,0.36,2025-03-18,1227,N20,nominal,2.0NRT,319.5,14.82,D
-7.12575,21.93741,328.45,0.35,0.56,2025-03-18,1234,N20,nominal,2.0NRT,290.44,3.92,D
-7.13519,21.8839,333.73,0.34,0.56,2025-03-18,1234,N20,nominal,2.0NRT,288.85,1.97,D
-33.29424,18.26639,340.12,0.39,0.37,2025-03-18,1227,N20,nominal,2.0NRT,313.73,3.06,D
-7.13812,21.83721,329.22,0.34,0.56,2025-03-18,1234,N20,nominal,2.0NRT,291.1,1.95,D
-33.29483,18.26215,340.65,0.39,0.37,2025-03-18,1227,N20,nominal,2.0NRT,314.44,3.06,D
-7.12265,21.89464,330.67,0.34,0.56,2025-03-18,1234,N20,nominal,2.0NRT,290.04,1.68,D
-33.22297,18.62164,367,0.39,0.36,2025-03-18,1227,N20,high,2.0NRT,319.32,6.47,D
-7.10228,21.97937,327.05,0.35,0.57,2025-03-18,1234,N20,nominal,2.0NRT,290.18,3.1,D
-33.22357,18.61743,350.21,0.39,0.36,2025-03-18,1227,N20,nominal,2.0NRT,318.32,6.54,D
-7.18231,21.49811,326.48,0.32,0.55,2025-03-18,1234,N20,nominal,2.0NRT,290.43,1.78,D
-33.21962,18.62095,355.43,0.39,0.36,2025-03-18,1227,N20,nominal,2.0NRT,321.85,31.29,D
-8.30581,14.76463,340.85,0.4,0.37,2025-03-18,1234,N20,nominal,2.0NRT,295.63,5.26,D
-33.22023,18.61675,367,0.39,0.36,2025-03-18,1227,N20,low,2.0NRT,332.5,34.6,D
-7.0936,21.96798,327.3,0.35,0.57,2025-03-18,1234,N20,nominal,2.0NRT,287.19,1.49,D
-33.21688,18.61606,367,0.39,0.36,2025-03-18,1227,N20,low,2.0NRT,328.27,34.6,D
-7.11701,21.83661,340.63,0.34,0.56,2025-03-18,1234,N20,nominal,2.0NRT,290.5,2.41,D
-33.18449,18.76907,342.07,0.39,0.36,2025-03-18,1227,N20,low,2.0NRT,316.74,2.72,D
-7.08382,21.9927,344.24,0.35,0.57,2025-03-18,1234,N20,nominal,2.0NRT,290.71,4.38,D
-33.15222,18.69483,346.76,0.39,0.36,2025-03-18,1227,N20,low,2.0NRT,320.26,9.47,D
-7.11461,21.82037,329.89,0.34,0.56,2025-03-18,1234,N20,nominal,2.0NRT,289.88,1.98,D
-33.15952,18.64449,349.8,0.39,0.36,2025-03-18,1227,N20,low,2.0NRT,319.85,6.83,D
-7.12239,21.82577,331.04,0.34,0.56,2025-03-18,1234,N20,nominal,2.0NRT,290.53,2.45,D
-33.08541,18.91712,347.49,0.39,0.36,2025-03-18,1227,N20,low,2.0NRT,321.93,12.81,D
-32.77983,18.92411,344.01,0.39,0.36,2025-03-18,1227,N20,low,2.0NRT,317.21,7.93,D
-7.09864,21.93406,351.82,0.35,0.56,2025-03-18,1234,N20,nominal,2.0NRT,288.67,6.68,D
-32.8814,18.00008,350.85,0.4,0.37,2025-03-18,1227,N20,nominal,2.0NRT,316.36,5.86,D
-7.09919,21.9308,339.5,0.35,0.56,2025-03-18,1234,N20,nominal,2.0NRT,288.86,5.59,D
-32.783,18.00403,345.51,0.4,0.37,2025-03-18,1227,N20,low,2.0NRT,318.2,6.37,D
-7.11567,21.8341,327.18,0.34,0.56,2025-03-18,1234,N20,nominal,2.0NRT,290.52,3.63,D
-32.35155,19.13922,338.02,0.38,0.36,2025-03-18,1227,N20,nominal,2.0NRT,306.13,4.85,D
-7.0831,21.99372,342.68,0.35,0.57,2025-03-18,1234,N20,nominal,2.0NRT,289.39,3.86,D
-32.34761,19.14262,345.58,0.38,0.36,2025-03-18,1227,N20,nominal,2.0NRT,307.13,4.85,D
-7.08997,21.92235,329.83,0.35,0.56,2025-03-18,1234,N20,nominal,2.0NRT,291.68,4.3,D
-32.34823,19.13851,340.1,0.38,0.36,2025-03-18,1227,N20,low,2.0NRT,310.91,4.85,D
-7.09016,21.89014,339.55,0.34,0.56,2025-03-18,1234,N20,nominal,2.0NRT,291.12,6.36,D
-32.34885,19.13441,345.65,0.38,0.36,2025-03-18,1227,N20,nominal,2.0NRT,310.24,5.62,D
-8.25324,14.75961,334.58,0.4,0.37,2025-03-18,1234,N20,nominal,2.0NRT,290.27,3.61,D
-32.3443,19.14191,334.93,0.38,0.36,2025-03-18,1227,N20,low,2.0NRT,307.75,8.73,D
-6.8536,23.22294,345.6,0.43,0.62,2025-03-18,1234,N20,nominal,2.0NRT,289.45,5.2,D
-32.33389,19.09735,340.85,0.38,0.36,2025-03-18,1227,N20,nominal,2.0NRT,311.18,3.71,D
-7.08563,21.82388,329.99,0.34,0.56,2025-03-18,1234,N20,nominal,2.0NRT,290.47,1.2,D
-32.31432,19.18192,343.91,0.38,0.36,2025-03-18,1227,N20,nominal,2.0NRT,310.43,5.67,D
-7.08776,21.81154,328.29,0.34,0.56,2025-03-18,1234,N20,nominal,2.0NRT,290.47,3.52,D
-32.30708,19.18458,335.19,0.38,0.36,2025-03-18,1227,N20,low,2.0NRT,308.53,4.33,D
-7.0883,21.80844,346.97,0.34,0.56,2025-03-18,1234,N20,nominal,2.0NRT,292.32,5.05,D
-32.30769,19.1805,342,0.38,0.36,2025-03-18,1227,N20,low,2.0NRT,314.58,4.33,D
-7.09944,21.74384,329.61,0.34,0.56,2025-03-18,1234,N20,nominal,2.0NRT,291.21,2.85,D
-32.3179,19.08982,342.97,0.38,0.36,2025-03-18,1227,N20,nominal,2.0NRT,311.47,6.77,D
-7.04033,22.05482,337.14,0.35,0.57,2025-03-18,1234,N20,nominal,2.0NRT,291.3,3.57,D
-32.31852,19.08568,334.57,0.38,0.36,2025-03-18,1227,N20,low,2.0NRT,309.35,2.31,D
-7.08104,21.81979,331.66,0.34,0.56,2025-03-18,1234,N20,nominal,2.0NRT,290.69,3.96,D
-32.1337,18.38944,349.24,0.39,0.36,2025-03-18,1227,N20,nominal,2.0NRT,319.79,7.26,D
-7.08477,21.79824,340.38,0.34,0.56,2025-03-18,1234,N20,nominal,2.0NRT,291.48,2.89,D
-32.13035,18.38877,352.52,0.39,0.36,2025-03-18,1227,N20,nominal,2.0NRT,320.11,9.43,D
-7.05518,21.90761,367,0.35,0.56,2025-03-18,1234,N20,high,2.0NRT,290.8,6.83,D
-27.7131,25.55275,327.53,0.49,0.48,2025-03-18,1227,N20,nominal,2.0NRT,287.77,4.3,D
-7.06539,21.84889,327.08,0.34,0.56,2025-03-18,1234,N20,nominal,2.0NRT,290.35,6.33,D
-26.67209,27.81159,336.1,0.35,0.57,2025-03-18,1227,N20,nominal,2.0NRT,293.36,4.03,D
-7.06647,21.84268,337.73,0.34,0.56,2025-03-18,1234,N20,nominal,2.0NRT,291.99,6.88,D
-26.67172,27.81095,340.18,0.35,0.57,2025-03-18,1227,N20,nominal,2.0NRT,294.04,5.67,D
-7.067,21.83962,340.3,0.34,0.56,2025-03-18,1234,N20,nominal,2.0NRT,291.28,6.88,D
-25.49338,27.10358,341.3,0.33,0.56,2025-03-18,1229,N20,nominal,2.0NRT,288.11,3.39,D
-7.06025,21.84792,332.04,0.34,0.56,2025-03-18,1234,N20,nominal,2.0NRT,287.88,6.33,D
-25.49412,27.10022,327.37,0.33,0.56,2025-03-18,1229,N20,nominal,2.0NRT,287.37,3.39,D
-7.06079,21.84479,356.37,0.34,0.56,2025-03-18,1234,N20,low,2.0NRT,287.61,6.33,D
-7.05073,21.87204,352.12,0.34,0.56,2025-03-18,1234,N20,nominal,2.0NRT,291.36,5.41,D
-7.05674,21.83759,349.07,0.34,0.56,2025-03-18,1234,N20,nominal,2.0NRT,289.78,6.37,D
-7.04837,21.79454,333.09,0.34,0.56,2025-03-18,1234,N20,nominal,2.0NRT,290.45,2.08,D
-6.96822,22.03598,350.07,0.35,0.57,2025-03-18,1234,N20,nominal,2.0NRT,290.19,4.22,D
-7.06985,21.46503,329.81,0.32,0.55,2025-03-18,1234,N20,nominal,2.0NRT,287.37,1.63,D
-8.18875,14.77521,338.48,0.4,0.37,2025-03-18,1234,N20,nominal,2.0NRT,294.56,3.31,D
-8.38453,13.50492,338.53,0.38,0.36,2025-03-18,1234,N20,nominal,2.0NRT,295.87,2.91,D
-6.96816,22.03486,353.02,0.35,0.57,2025-03-18,1234,N20,nominal,2.0NRT,290.39,5.21,D
-6.88004,22.29321,327.47,0.37,0.58,2025-03-18,1234,N20,nominal,2.0NRT,289.51,1.98,D
-6.63546,23.64746,328.9,0.46,0.64,2025-03-18,1234,N20,nominal,2.0NRT,289.39,1.9,D
-8.25424,13.40204,346.15,0.38,0.36,2025-03-18,1234,N20,nominal,2.0NRT,294.85,3.99,D
-7.8819,15.47843,332.28,0.42,0.38,2025-03-18,1234,N20,nominal,2.0NRT,287.42,5.46,D
-7.86553,15.51483,346.87,0.42,0.38,2025-03-18,1234,N20,nominal,2.0NRT,286.65,5.45,D
-6.72926,21.9203,331.96,0.35,0.57,2025-03-18,1234,N20,nominal,2.0NRT,284.98,1.81,D
-6.23097,24.6726,330.17,0.55,0.68,2025-03-18,1234,N20,nominal,2.0NRT,287.95,7.41,D
-6.72485,21.88396,340.81,0.35,0.57,2025-03-18,1234,N20,nominal,2.0NRT,281.55,2.81,D
-6.62922,22.3685,340.65,0.38,0.59,2025-03-18,1234,N20,nominal,2.0NRT,289.74,2.88,D
-6.637,22.32429,338.22,0.38,0.58,2025-03-18,1234,N20,nominal,2.0NRT,286.81,2.34,D
-6.78505,21.41718,338.63,0.32,0.55,2025-03-18,1234,N20,nominal,2.0NRT,273.56,4.28,D
-7.80905,15.25095,330.11,0.41,0.37,2025-03-18,1234,N20,nominal,2.0NRT,292.17,2.42,D
-6.2585,24.30865,335.17,0.52,0.67,2025-03-18,1234,N20,nominal,2.0NRT,289.11,3.42,D
-6.53674,22.7639,328.57,0.4,0.6,2025-03-18,1234,N20,nominal,2.0NRT,290.35,1.98,D
-7.77559,15.41857,331.81,0.42,0.38,2025-03-18,1234,N20,nominal,2.0NRT,290.15,3.78,D
-6.43093,23.32201,330.28,0.44,0.63,2025-03-18,1234,N20,nominal,2.0NRT,283.26,1.56,D
-6.51153,22.8091,330.46,0.41,0.6,2025-03-18,1234,N20,nominal,2.0NRT,289.79,2.24,D
-6.44931,23.09012,330.34,0.43,0.62,2025-03-18,1234,N20,nominal,2.0NRT,287.59,4.33,D
-6.74716,21.42622,341.56,0.32,0.55,2025-03-18,1234,N20,nominal,2.0NRT,275.42,4.18,D
-6.76793,21.37076,332.4,0.32,0.55,2025-03-18,1234,N20,nominal,2.0NRT,271.18,2.27,D
-6.51275,22.80813,332.07,0.41,0.6,2025-03-18,1234,N20,nominal,2.0NRT,290.75,4.46,D
-6.74813,21.42686,333.59,0.32,0.55,2025-03-18,1234,N20,nominal,2.0NRT,275.04,5.25,D
-6.44696,23.08877,332.22,0.43,0.62,2025-03-18,1234,N20,nominal,2.0NRT,288.13,4.47,D
-8.02554,13.25524,341.24,0.38,0.36,2025-03-18,1234,N20,nominal,2.0NRT,301.5,2.72,D
-8.02606,13.25176,332.17,0.38,0.36,2025-03-18,1234,N20,nominal,2.0NRT,301.86,2.72,D
-6.16667,24.3995,330.81,0.53,0.67,2025-03-18,1234,N20,nominal,2.0NRT,288.4,3.91,D
-6.17568,24.00318,328.63,0.5,0.66,2025-03-18,1234,N20,nominal,2.0NRT,289.9,3.44,D
-6.37934,22.85787,328.38,0.41,0.61,2025-03-18,1234,N20,nominal,2.0NRT,289.15,4.09,D
-7.59127,15.47932,332.63,0.42,0.38,2025-03-18,1234,N20,nominal,2.0NRT,293.69,3.12,D
-7.61384,15.33499,332.39,0.42,0.37,2025-03-18,1234,N20,nominal,2.0NRT,291.16,2.35,D
-7.55896,15.39236,330.13,0.42,0.38,2025-03-18,1234,N20,nominal,2.0NRT,290.4,3.21,D
-7.6199,15.00542,334.12,0.41,0.37,2025-03-18,1234,N20,nominal,2.0NRT,293.83,1.52,D
-6.11404,23.85287,355.47,0.49,0.65,2025-03-18,1234,N20,nominal,2.0NRT,284.63,13.69,D
-5.97851,24.56265,345.31,0.55,0.68,2025-03-18,1234,N20,nominal,2.0NRT,282.07,10.06,D
-6.08924,23.92146,344.89,0.49,0.65,2025-03-18,1234,N20,nominal,2.0NRT,286.86,5.34,D
-7.50877,15.59659,336.6,0.43,0.38,2025-03-18,1234,N20,nominal,2.0NRT,289.81,5.13,D
-7.70916,14.15113,330.08,0.39,0.36,2025-03-18,1234,N20,nominal,2.0NRT,297.88,3.3,D
-7.5587,15.10492,332.99,0.41,0.37,2025-03-18,1234,N20,nominal,2.0NRT,293.37,3.09,D
-6.11749,23.85336,336.08,0.49,0.65,2025-03-18,1234,N20,nominal,2.0NRT,284.49,4.5,D
-6.1115,23.85246,336.64,0.49,0.65,2025-03-18,1234,N20,nominal,2.0NRT,283.46,4.5,D
-6.11226,23.84805,330.59,0.49,0.65,2025-03-18,1234,N20,nominal,2.0NRT,284.39,4.5,D
-7.57533,14.95265,331.83,0.41,0.37,2025-03-18,1234,N20,nominal,2.0NRT,293.66,2.83,D
-5.98085,24.56399,346.77,0.55,0.68,2025-03-18,1234,N20,nominal,2.0NRT,283.87,7,D
-6.08718,23.92122,342.93,0.49,0.65,2025-03-18,1234,N20,nominal,2.0NRT,285.71,6.28,D
-6.2222,23.01088,333.74,0.43,0.62,2025-03-18,1234,N20,nominal,2.0NRT,285.31,3.01,D
-7.53788,14.96959,333.75,0.41,0.37,2025-03-18,1234,N20,nominal,2.0NRT,296.44,4.29,D
-7.76524,13.49507,335.03,0.38,0.36,2025-03-18,1234,N20,nominal,2.0NRT,294.79,6.58,D
-7.62618,14.24644,344.59,0.39,0.36,2025-03-18,1234,N20,nominal,2.0NRT,295.16,5.55,D
-7.49258,14.94755,332.47,0.41,0.37,2025-03-18,1234,N20,nominal,2.0NRT,295.25,2.91,D
-7.49186,14.94741,329.8,0.41,0.37,2025-03-18,1234,N20,nominal,2.0NRT,295.42,2.74,D
-7.39076,15.46365,330.75,0.42,0.38,2025-03-18,1234,N20,nominal,2.0NRT,284.7,4.07,D
-6.13904,22.77141,329.87,0.41,0.61,2025-03-18,1234,N20,nominal,2.0NRT,287.34,1.57,D
-7.38887,15.24978,343.54,0.42,0.37,2025-03-18,1234,N20,nominal,2.0NRT,290.73,5.32,D
-7.84731,12.11425,335.87,0.4,0.37,2025-03-18,1234,N20,low,2.0NRT,293.39,9.43,D
-7.41858,14.67401,331.88,0.4,0.37,2025-03-18,1234,N20,nominal,2.0NRT,293.56,3.54,D
-7.31737,15.26086,334.35,0.42,0.37,2025-03-18,1234,N20,nominal,2.0NRT,284.93,2.93,D
-7.31939,15.15739,345.79,0.41,0.37,2025-03-18,1234,N20,nominal,2.0NRT,290.26,8.46,D
-6.2006,21.98656,327.75,0.36,0.58,2025-03-18,1234,N20,nominal,2.0NRT,279.87,1.72,D
-6.10788,22.43,347.63,0.39,0.59,2025-03-18,1234,N20,nominal,2.0NRT,288.8,4.82,D
-6.08676,22.45469,332.55,0.39,0.59,2025-03-18,1234,N20,nominal,2.0NRT,290.22,2.69,D
-6.14219,22.10385,333.4,0.37,0.58,2025-03-18,1234,N20,nominal,2.0NRT,285.71,2.63,D
-7.28464,15.13286,347.1,0.41,0.37,2025-03-18,1234,N20,nominal,2.0NRT,290.97,11.52,D
-5.5448,25.28795,327.99,0.62,0.72,2025-03-18,1234,N20,nominal,2.0NRT,278.93,7.68,D
-5.5466,25.28662,327.03,0.62,0.72,2025-03-18,1234,N20,nominal,2.0NRT,279.28,4.99,D
-5.54002,25.28548,327.39,0.62,0.72,2025-03-18,1234,N20,nominal,2.0NRT,278.32,4.99,D
-5.99411,22.39993,333.45,0.39,0.59,2025-03-18,1234,N20,nominal,2.0NRT,286.02,2.82,D
-6.17369,21.26583,328.89,0.32,0.55,2025-03-18,1234,N20,nominal,2.0NRT,279.98,1.53,D
-7.25735,14.58961,334.59,0.4,0.37,2025-03-18,1234,N20,nominal,2.0NRT,293.77,3.92,D
-7.09103,15.55839,344.51,0.43,0.38,2025-03-18,1234,N20,nominal,2.0NRT,282.66,13.64,D
-7.3053,14.16987,336.58,0.39,0.36,2025-03-18,1234,N20,nominal,2.0NRT,289.52,4.47,D
-7.29586,14.08106,331.85,0.39,0.36,2025-03-18,1234,N20,nominal,2.0NRT,291.66,6.33,D
-7.06303,15.54604,342.09,0.43,0.38,2025-03-18,1234,N20,nominal,2.0NRT,285.98,5.78,D
-7.15314,14.76236,336.03,0.4,0.37,2025-03-18,1234,N20,nominal,2.0NRT,287.84,11.33,D
-7.0105,15.49426,329.91,0.43,0.38,2025-03-18,1234,N20,nominal,2.0NRT,284.42,2.29,D
-6.97336,15.61577,332.47,0.43,0.38,2025-03-18,1234,N20,nominal,2.0NRT,278.95,3.53,D
-6.5939,17.80298,327.86,0.57,0.43,2025-03-18,1234,N20,nominal,2.0NRT,285.02,5.16,D
-7.12334,14.52027,333.3,0.4,0.37,2025-03-18,1234,N20,nominal,2.0NRT,287.8,4.51,D
-6.5954,17.80079,330,0.57,0.43,2025-03-18,1234,N20,nominal,2.0NRT,286.42,4.87,D
-7.33101,12.93568,342.91,0.38,0.36,2025-03-18,1234,N20,nominal,2.0NRT,294.12,5.03,D
-6.38098,18.88942,343.13,0.44,0.46,2025-03-18,1234,N20,nominal,2.0NRT,278.95,6.53,D
-7.14055,13.98486,332.63,0.39,0.36,2025-03-18,1234,N20,nominal,2.0NRT,290,3.92,D
-6.35929,18.73138,355.06,0.43,0.46,2025-03-18,1234,N20,nominal,2.0NRT,277.61,17.11,D
-7.04755,14.47539,337.76,0.4,0.37,2025-03-18,1234,N20,nominal,2.0NRT,286.49,3.56,D
-7.04362,14.47848,332.68,0.4,0.37,2025-03-18,1234,N20,nominal,2.0NRT,287.44,3.56,D
-7.10778,13.97625,338.62,0.39,0.36,2025-03-18,1234,N20,nominal,2.0NRT,292.01,3.05,D
-6.31953,18.87143,329.86,0.44,0.46,2025-03-18,1234,N20,nominal,2.0NRT,280.27,4.98,D
-6.45592,18.02176,328.43,0.39,0.44,2025-03-18,1234,N20,nominal,2.0NRT,286.03,2.58,D
-6.85895,15.43943,332.24,0.43,0.38,2025-03-18,1234,N20,nominal,2.0NRT,287.24,2.37,D
-6.97557,14.66338,335.65,0.4,0.37,2025-03-18,1234,N20,nominal,2.0NRT,291.2,4.16,D
-6.96707,14.62874,333.29,0.4,0.37,2025-03-18,1234,N20,nominal,2.0NRT,291.22,4.58,D
-7.00506,14.24888,334.05,0.39,0.36,2025-03-18,1234,N20,nominal,2.0NRT,289.4,1.78,D
-7.00171,14.24837,344.79,0.39,0.36,2025-03-18,1234,N20,nominal,2.0NRT,289.98,8.51,D
-6.15063,19.24789,345.37,0.47,0.48,2025-03-18,1234,N20,nominal,2.0NRT,282.8,13.61,D
-6.15041,19.24788,342.61,0.47,0.48,2025-03-18,1234,N20,nominal,2.0NRT,282.71,14.65,D
-6.83686,14.83561,332.31,0.41,0.37,2025-03-18,1234,N20,nominal,2.0NRT,288.11,3.05,D
-6.90715,14.335,333.03,0.4,0.37,2025-03-18,1234,N20,nominal,2.0NRT,285.92,4.2,D
-6.9077,14.33143,332.42,0.4,0.37,2025-03-18,1234,N20,nominal,2.0NRT,286.12,2.43,D
-6.85821,14.58527,332.39,0.4,0.37,2025-03-18,1234,N20,nominal,2.0NRT,291.47,2.28,D
-6.04708,19.19245,327.65,0.47,0.48,2025-03-18,1236,N20,nominal,2.0NRT,281.5,3.19,D
-6.73644,14.98633,330.17,0.41,0.37,2025-03-18,1236,N20,nominal,2.0NRT,286.57,2.08,D
-6.04675,19.19283,327.06,0.47,0.48,2025-03-18,1236,N20,nominal,2.0NRT,281.15,2.61,D
-6.22442,18.06264,328.53,0.4,0.44,2025-03-18,1236,N20,nominal,2.0NRT,277.28,2.4,D
-6.04917,19.06768,345.6,0.46,0.47,2025-03-18,1236,N20,nominal,2.0NRT,280.02,7.96,D
-7.09956,12.33473,333.29,0.39,0.36,2025-03-18,1236,N20,nominal,2.0NRT,288.84,2.24,D
-6.13345,18.41733,346.43,0.42,0.45,2025-03-18,1236,N20,nominal,2.0NRT,279.72,6.71,D
-6.12867,18.42047,339.8,0.42,0.45,2025-03-18,1236,N20,nominal,2.0NRT,277.38,4.32,D
-6.81006,14.10503,333.5,0.39,0.36,2025-03-18,1236,N20,nominal,2.0NRT,293.38,2.95,D
-5.99224,18.98173,327.37,0.46,0.47,2025-03-18,1236,N20,nominal,2.0NRT,268.49,4.23,D
-6.57997,15.13792,329.35,0.42,0.38,2025-03-18,1236,N20,nominal,2.0NRT,288.86,2.75,D
-6.66533,14.22762,333.59,0.39,0.37,2025-03-18,1236,N20,nominal,2.0NRT,290.68,2.74,D
-6.71794,13.84204,334.43,0.39,0.36,2025-03-18,1236,N20,nominal,2.0NRT,292.85,4.99,D
-6.71461,13.84154,335.46,0.39,0.36,2025-03-18,1236,N20,nominal,2.0NRT,292.8,4.99,D
-6.66507,14.11847,334.84,0.39,0.36,2025-03-18,1236,N20,nominal,2.0NRT,292.71,3.66,D
-6.85992,12.3945,339.46,0.39,0.36,2025-03-18,1236,N20,nominal,2.0NRT,293.42,16.18,D
-5.86536,18.54721,330.49,0.43,0.46,2025-03-18,1236,N20,nominal,2.0NRT,279.56,3,D
-4.59296,25.82939,327.92,0.7,0.75,2025-03-18,1236,N20,nominal,2.0NRT,287.43,4.59,D
-4.58606,25.82826,327.23,0.7,0.75,2025-03-18,1236,N20,nominal,2.0NRT,286.08,4.59,D
-6.56799,13.8037,348.88,0.39,0.36,2025-03-18,1236,N20,nominal,2.0NRT,297.04,34.15,D
-4.59296,25.8285,331.22,0.7,0.75,2025-03-18,1236,N20,nominal,2.0NRT,286.81,7.41,D
-4.58607,25.82735,331.38,0.7,0.75,2025-03-18,1236,N20,nominal,2.0NRT,286.66,7.41,D
-5.80204,18.56198,328.35,0.43,0.46,2025-03-18,1236,N20,nominal,2.0NRT,282.45,3.78,D
-5.80268,18.55805,328.77,0.43,0.46,2025-03-18,1236,N20,nominal,2.0NRT,283.11,3.99,D
-6.54598,13.83621,331.42,0.39,0.36,2025-03-18,1236,N20,nominal,2.0NRT,291.98,2.69,D
-6.54521,13.68563,332.35,0.39,0.36,2025-03-18,1236,N20,nominal,2.0NRT,288.77,3.31,D
-6.38009,14.73309,329.78,0.41,0.37,2025-03-18,1236,N20,nominal,2.0NRT,288.95,7.06,D
-6.24829,14.51818,333.44,0.4,0.37,2025-03-18,1236,N20,nominal,2.0NRT,289.89,3.56,D
-6.24491,14.51765,342.01,0.4,0.37,2025-03-18,1236,N20,nominal,2.0NRT,290.1,3.56,D
-6.05635,15.71468,332,0.45,0.39,2025-03-18,1236,N20,nominal,2.0NRT,278.8,4.74,D
-6.22557,14.37383,346.08,0.4,0.37,2025-03-18,1236,N20,nominal,2.0NRT,289.18,8.81,D
-6.32951,13.38765,331.38,0.39,0.36,2025-03-18,1236,N20,nominal,2.0NRT,295.2,2.41,D
-6.06299,14.94907,336.34,0.42,0.37,2025-03-18,1236,N20,nominal,2.0NRT,280.46,6.69,D
-6.2452,13.65163,331.13,0.39,0.36,2025-03-18,1236,N20,nominal,2.0NRT,295.32,2.32,D
-6.19297,13.7259,336.4,0.39,0.36,2025-03-18,1236,N20,nominal,2.0NRT,295.34,4.37,D
-4.18993,25.62247,329.64,0.69,0.74,2025-03-18,1236,N20,nominal,2.0NRT,278.63,4.53,D
-5.98779,14.64198,346.5,0.41,0.37,2025-03-18,1236,N20,nominal,2.0NRT,289.85,25,D
-5.98835,14.63832,335.2,0.41,0.37,2025-03-18,1236,N20,nominal,2.0NRT,292.28,26.53,D
-5.98495,14.6378,354.08,0.41,0.37,2025-03-18,1236,N20,nominal,2.0NRT,291.01,15.75,D
-5.33191,18.5491,332.99,0.44,0.46,2025-03-18,1236,N20,nominal,2.0NRT,268.74,3.71,D
-6.05551,13.93511,340.96,0.39,0.36,2025-03-18,1236,N20,nominal,2.0NRT,291.88,6.14,D
-6.05162,13.93813,332.44,0.39,0.36,2025-03-18,1236,N20,nominal,2.0NRT,290.55,5.4,D
-6.05216,13.93459,331.75,0.39,0.36,2025-03-18,1236,N20,nominal,2.0NRT,292.1,4.43,D
-6.04882,13.93408,337.97,0.39,0.36,2025-03-18,1236,N20,nominal,2.0NRT,294.05,4.43,D
-6.03109,13.96027,334.64,0.39,0.36,2025-03-18,1236,N20,nominal,2.0NRT,290.47,2.7,D
-5.91567,14.40628,347.43,0.4,0.37,2025-03-18,1236,N20,nominal,2.0NRT,295.49,38.58,D
-5.91229,14.40576,341.37,0.4,0.37,2025-03-18,1236,N20,nominal,2.0NRT,287.7,5.48,D
-5.88245,14.50912,333.61,0.41,0.37,2025-03-18,1236,N20,nominal,2.0NRT,281.38,5.75,D
-5.71289,15.03813,333.86,0.42,0.38,2025-03-18,1236,N20,nominal,2.0NRT,282.42,3.52,D
-5.52982,14.99398,339.68,0.42,0.38,2025-03-18,1236,N20,nominal,2.0NRT,285.23,4.8,D
-5.5309,14.99433,336.49,0.42,0.38,2025-03-18,1236,N20,nominal,2.0NRT,285.44,4.9,D
-5.76944,13.41199,341.08,0.39,0.36,2025-03-18,1236,N20,nominal,2.0NRT,284.53,3.83,D
-5.89471,12.54233,346.92,0.38,0.36,2025-03-18,1236,N20,nominal,2.0NRT,286.56,6.59,D
-5.49326,15.05441,331.63,0.42,0.38,2025-03-18,1236,N20,nominal,2.0NRT,283.82,2.27,D
-5.47127,15.05883,335.71,0.43,0.38,2025-03-18,1236,N20,nominal,2.0NRT,285.49,4.11,D
-5.70301,13.49096,336.43,0.39,0.36,2025-03-18,1236,N20,nominal,2.0NRT,284.68,3.58,D
-5.68159,13.51979,331.45,0.39,0.36,2025-03-18,1236,N20,nominal,2.0NRT,287.01,1.77,D
-5.81049,12.33735,331.86,0.39,0.36,2025-03-18,1236,N20,nominal,2.0NRT,300.31,4.24,D
-5.63049,13.50045,338.95,0.39,0.36,2025-03-18,1236,N20,nominal,2.0NRT,285.18,4.94,D
-5.64906,13.37866,338.65,0.39,0.36,2025-03-18,1236,N20,nominal,2.0NRT,286.75,3.25,D
-5.79948,12.3428,340.81,0.39,0.36,2025-03-18,1236,N20,nominal,2.0NRT,299.41,5.93,D
-5.20561,15.39311,333.95,0.44,0.38,2025-03-18,1236,N20,nominal,2.0NRT,274.97,5.1,D
-5.40832,13.99596,332.64,0.4,0.37,2025-03-18,1236,N20,nominal,2.0NRT,274.76,3.27,D
-5.44083,13.32033,332.51,0.39,0.36,2025-03-18,1236,N20,nominal,2.0NRT,289.48,2.5,D
-5.40206,13.48539,332.21,0.39,0.36,2025-03-18,1236,N20,nominal,2.0NRT,288.18,2.6,D
-5.3799,13.58582,337.74,0.39,0.36,2025-03-18,1236,N20,nominal,2.0NRT,290.81,7.43,D
-5.40618,13.34708,331.85,0.39,0.36,2025-03-18,1236,N20,nominal,2.0NRT,288.25,2.95,D
-5.44258,12.27995,336,0.39,0.36,2025-03-18,1236,N20,nominal,2.0NRT,296.66,3.13,D
-5.37855,12.25547,332.52,0.39,0.36,2025-03-18,1236,N20,nominal,2.0NRT,295.26,1.83,D
-4.92724,13.68354,332.23,0.39,0.36,2025-03-18,1236,N20,nominal,2.0NRT,285.51,4.5,D
-13.33955,35.27689,300.67,0.71,0.75,2025-03-18,2159,N20,nominal,2.0NRT,284.36,1.26,N
-13.33933,35.27693,296.9,0.71,0.75,2025-03-18,2159,N20,nominal,2.0NRT,284.85,2.11,N
-18.01236,46.79116,300.21,0.39,0.36,2025-03-18,2159,N20,nominal,2.0NRT,288.65,0.52,N
-20.75218,46.90009,303.63,0.38,0.36,2025-03-18,2201,N20,nominal,2.0NRT,284.68,1.01,N
-21.39966,46.53054,321.1,0.39,0.36,2025-03-18,2201,N20,nominal,2.0NRT,287.11,1.18,N
-21.39907,46.52683,307.09,0.39,0.36,2025-03-18,2201,N20,nominal,2.0NRT,286.63,1.18,N
-21.40298,46.52993,300.66,0.39,0.36,2025-03-18,2201,N20,nominal,2.0NRT,286.49,0.36,N
-21.41776,46.51575,309.26,0.39,0.36,2025-03-18,2201,N20,nominal,2.0NRT,287.97,1.05,N
-21.41836,46.51946,316.77,0.39,0.36,2025-03-18,2201,N20,nominal,2.0NRT,288.22,1.05,N
-29.84558,30.85515,299.71,0.56,0.69,2025-03-18,2203,N20,nominal,2.0NRT,282.98,0.7,N
-18.36609,26.45077,305.2,0.5,0.41,2025-03-18,2341,N20,nominal,2.0NRT,288.24,2.81,N
-18.36935,26.47456,296.72,0.5,0.41,2025-03-18,2341,N20,nominal,2.0NRT,285.68,1.95,N
-18.40464,26.50753,295.44,0.51,0.41,2025-03-18,2341,N20,nominal,2.0NRT,285.37,0.88,N
-18.40066,26.50606,299.51,0.51,0.41,2025-03-18,2341,N20,nominal,2.0NRT,286.83,1.17,N
-20.32322,32.30354,304.48,0.41,0.61,2025-03-18,2341,N20,nominal,2.0NRT,287.05,0.2,N
-24.04332,25.88557,297.37,0.55,0.42,2025-03-18,2344,N20,nominal,2.0NRT,286.67,0.88,N
-24.05175,25.88785,296.38,0.55,0.42,2025-03-18,2344,N20,nominal,2.0NRT,286,0.56,N
-24.55578,30.14782,300.91,0.34,0.56,2025-03-18,2344,N20,nominal,2.0NRT,284.89,1.09,N
-24.83443,27.36435,321.49,0.45,0.47,2025-03-18,2344,N20,nominal,2.0NRT,287.33,1.95,N
-25.81425,25.84611,297.32,0.57,0.43,2025-03-18,2344,N20,nominal,2.0NRT,286.97,0.84,N
-28.35966,23.50965,303.2,0.47,0.39,2025-03-18,2344,N20,nominal,2.0NRT,284.92,1.07,N
-29.6398,17.85892,313.9,0.4,0.37,2025-03-18,2346,N20,nominal,2.0NRT,292.88,1.08,N
-32.30226,19.17579,329.04,0.38,0.36,2025-03-18,2346,N20,nominal,2.0NRT,294.67,2.18,N
-32.30288,19.1799,321.71,0.38,0.36,2025-03-18,2346,N20,nominal,2.0NRT,296.37,2.18,N
-32.31223,19.08512,307.12,0.38,0.36,2025-03-18,2346,N20,nominal,2.0NRT,296.64,1.71,N
-32.31492,19.08038,326.16,0.38,0.36,2025-03-18,2346,N20,nominal,2.0NRT,298.08,2.19,N
-32.31555,19.08442,317.35,0.38,0.36,2025-03-18,2346,N20,nominal,2.0NRT,298.09,2.19,N
-32.34235,19.12489,331.96,0.38,0.36,2025-03-18,2346,N20,nominal,2.0NRT,296.17,3.17,N
-32.34297,19.12893,328.67,0.38,0.36,2025-03-18,2346,N20,nominal,2.0NRT,294.72,3.17,N
-32.34566,19.12419,341.56,0.38,0.36,2025-03-18,2346,N20,nominal,2.0NRT,297.92,3.17,N
-32.34629,19.12823,310.29,0.38,0.36,2025-03-18,2346,N20,nominal,2.0NRT,295.23,3.17,N
-32.34898,19.12349,338.03,0.38,0.36,2025-03-18,2346,N20,nominal,2.0NRT,297.98,2.5,N
-32.3496,19.12752,335.35,0.38,0.36,2025-03-18,2346,N20,nominal,2.0NRT,295.59,2.5,N
-32.35022,19.13157,336.59,0.38,0.36,2025-03-18,2346,N20,nominal,2.0NRT,294.78,6.45,N
-32.35085,19.13562,336.11,0.38,0.36,2025-03-18,2346,N20,nominal,2.0NRT,296.24,6.45,N
-32.35229,19.12278,313.94,0.38,0.36,2025-03-18,2346,N20,nominal,2.0NRT,294.18,2.5,N
-32.35292,19.12681,307.77,0.38,0.36,2025-03-18,2346,N20,nominal,2.0NRT,293.8,2.5,N
-32.93761,18.75861,312.14,0.38,0.36,2025-03-18,2346,N20,nominal,2.0NRT,294.96,1.22,N
-33.14116,19.00208,330.19,0.39,0.36,2025-03-18,2346,N20,nominal,2.0NRT,298.71,7.68,N
-33.1418,19.00622,342.67,0.39,0.36,2025-03-18,2346,N20,nominal,2.0NRT,307.44,13.91,N
-33.14448,19.00136,329.74,0.39,0.36,2025-03-18,2346,N20,nominal,2.0NRT,296.49,7.99,N
-33.14511,19.0055,328.21,0.39,0.36,2025-03-18,2346,N20,nominal,2.0NRT,295.63,6.54,N
-33.31512,18.84634,308.07,0.38,0.36,2025-03-18,2346,N20,nominal,2.0NRT,295.69,1.03,N
-33.58862,18.46478,308.89,0.38,0.36,2025-03-18,2346,N20,nominal,2.0NRT,294.36,1.31,N
-33.59128,18.4599,306.51,0.38,0.36,2025-03-18,2346,N20,nominal,2.0NRT,294.64,0.88,N
-34.16666,21.96189,305.12,0.46,0.39,2025-03-18,2346,N20,nominal,2.0NRT,288.81,1.11,N
-33.87492,18.80506,313.55,0.39,0.36,2025-03-18,2346,N20,nominal,2.0NRT,291.48,0.7,N
-33.96926,18.57894,310.53,0.38,0.36,2025-03-18,2346,N20,nominal,2.0NRT,292.19,1.02,N
-4.42824,39.41837,303.59,0.79,0.78,2025-03-18,2337,N20,nominal,2.0NRT,284.77,0.84,N
-4.43154,39.41641,304.2,0.79,0.78,2025-03-18,2337,N20,nominal,2.0NRT,284.75,1.33,N
-8.94085,33.24171,297.2,0.34,0.56,2025-03-18,2337,N20,nominal,2.0NRT,283.38,0.3,N
-6.23572,12.35619,296.41,0.66,0.73,2025-03-18,2339,N20,nominal,2.0NRT,273.84,1.09,N
-10.38685,34.91672,296.47,0.47,0.64,2025-03-18,2339,N20,nominal,2.0NRT,282.85,1.02,N
-10.38609,34.91766,296.31,0.47,0.64,2025-03-18,2339,N20,nominal,2.0NRT,282.73,0.66,N
-6.85523,12.38814,367,0.64,0.72,2025-03-18,2339,N20,high,2.0NRT,279.38,18.41,N
-6.85631,12.39394,336.1,0.64,0.72,2025-03-18,2339,N20,nominal,2.0NRT,279.1,18.41,N
-6.85739,12.39974,305.51,0.64,0.72,2025-03-18,2339,N20,nominal,2.0NRT,278.65,4.84,N
-10.31928,27.88092,296.33,0.49,0.4,2025-03-18,2339,N20,nominal,2.0NRT,277.84,0.78,N
-10.5382,26.28867,300.43,0.42,0.37,2025-03-18,2339,N20,nominal,2.0NRT,288.47,0.62,N
-10.78424,25.58575,301.7,0.4,0.37,2025-03-18,2339,N20,nominal,2.0NRT,287.03,0.64,N
-10.83015,25.69417,299.76,0.4,0.37,2025-03-18,2339,N20,nominal,2.0NRT,288.26,0.63,N
-12.07583,26.39459,327.92,0.43,0.38,2025-03-18,2339,N20,nominal,2.0NRT,287.82,7.97,N
-12.07642,26.39851,317.98,0.43,0.38,2025-03-18,2339,N20,nominal,2.0NRT,290.44,7.9,N
-12.08341,26.3975,300.72,0.43,0.38,2025-03-18,2339,N20,nominal,2.0NRT,288.97,0.83,N
-12.29032,25.81889,311.07,0.41,0.37,2025-03-18,2339,N20,nominal,2.0NRT,288.59,1.39,N
-12.65632,28.1016,302.07,0.53,0.42,2025-03-18,2339,N20,nominal,2.0NRT,288.39,1.24,N
-10.76399,15.34927,322.53,0.34,0.56,2025-03-18,2339,N20,nominal,2.0NRT,277.55,1.17,N
-10.76339,15.34605,300,0.35,0.56,2025-03-18,2339,N20,nominal,2.0NRT,276.44,1.17,N
-10.76913,15.34825,301.1,0.34,0.56,2025-03-18,2339,N20,nominal,2.0NRT,276.88,1.17,N
-12.97508,28.68666,302.23,0.39,0.44,2025-03-18,2339,N20,nominal,2.0NRT,289.11,0.33,N
-13.56613,24.19462,299.16,0.39,0.36,2025-03-18,2339,N20,nominal,2.0NRT,288.31,0.41,N
-14.49237,28.46274,323.02,0.39,0.44,2025-03-18,2339,N20,nominal,2.0NRT,289.95,3.28,N
-14.70868,26.80855,325.97,0.48,0.4,2025-03-18,2339,N20,nominal,2.0NRT,288.08,1.56,N
-14.71233,26.80796,298.92,0.48,0.4,2025-03-18,2339,N20,nominal,2.0NRT,287.14,1.56,N
-15.89112,33.03102,305.18,0.41,0.6,2025-03-18,2339,N20,nominal,2.0NRT,288.47,0.72,N
-15.89014,33.03125,303.42,0.41,0.61,2025-03-18,2339,N20,nominal,2.0NRT,288.36,0.64,N
-15.41335,28.25313,298.2,0.39,0.44,2025-03-18,2339,N20,nominal,2.0NRT,287.64,0.35,N
-17.29696,24.14252,302.97,0.4,0.37,2025-03-18,2341,N20,nominal,2.0NRT,290.1,0.61,N
-17.29976,24.1382,320.26,0.4,0.37,2025-03-18,2341,N20,nominal,2.0NRT,289.57,1.3,N
-17.39093,24.65415,308.61,0.41,0.37,2025-03-18,2341,N20,nominal,2.0NRT,288.94,0.8,N
-17.39436,24.65361,300.26,0.41,0.37,2025-03-18,2341,N20,nominal,2.0NRT,288.79,0.37,N
-4.51284,12.04949,329.56,0.58,0.69,2025-03-19,0120,N20,nominal,2.0NRT,265.53,2.94,N
-4.51354,12.05448,297.19,0.58,0.69,2025-03-19,0120,N20,nominal,2.0NRT,276.91,2.94,N
-6.14022,11.03383,339.7,0.52,0.67,2025-03-19,0120,N20,nominal,2.0NRT,276.04,3.34,N
-6.14073,11.03404,336.04,0.52,0.67,2025-03-19,0120,N20,nominal,2.0NRT,276.55,2.4,N
-6.14011,11.0294,303.08,0.52,0.67,2025-03-19,0120,N20,nominal,2.0NRT,279.2,2.4,N
-22.58716,44.495,331.38,0.42,0.38,2025-03-19,1030,N20,nominal,2.0NRT,301.25,3.24,D
-22.40313,45.38935,340.65,0.4,0.37,2025-03-19,1030,N20,nominal,2.0NRT,301.43,3.94,D
-22.07511,46.86172,332.75,0.38,0.36,2025-03-19,1030,N20,nominal,2.0NRT,298.54,4.03,D
-22.05866,46.59148,346.12,0.38,0.36,2025-03-19,1030,N20,nominal,2.0NRT,303.9,7.26,D
-21.83589,46.71984,341.39,0.38,0.36,2025-03-19,1030,N20,nominal,2.0NRT,298.83,4.51,D
-21.67436,46.66523,333.31,0.38,0.36,2025-03-19,1030,N20,nominal,2.0NRT,298.81,2.57,D
-21.42232,46.51787,333.24,0.38,0.36,2025-03-19,1030,N20,nominal,2.0NRT,300.53,1.96,D
-21.4158,46.44836,333.74,0.38,0.36,2025-03-19,1030,N20,nominal,2.0NRT,301.99,4.54,D
-21.41249,46.44778,335.24,0.38,0.36,2025-03-19,1030,N20,nominal,2.0NRT,301.36,4.54,D
-21.40917,46.44721,334.88,0.38,0.36,2025-03-19,1030,N20,nominal,2.0NRT,300.79,3.38,D
-21.13042,46.49798,339.52,0.38,0.36,2025-03-19,1030,N20,nominal,2.0NRT,299.91,2.93,D
-21.10449,46.46699,331.88,0.38,0.36,2025-03-19,1030,N20,nominal,2.0NRT,302.06,1.14,D
-21.22457,44.73714,333.32,0.41,0.37,2025-03-19,1030,N20,nominal,2.0NRT,301.04,2.34,D
-20.98963,46.32957,332.43,0.38,0.36,2025-03-19,1030,N20,nominal,2.0NRT,303.75,1.56,D
-21.04006,45.7898,334.96,0.39,0.36,2025-03-19,1030,N20,nominal,2.0NRT,305.15,1.63,D
-21.025,45.44911,336.21,0.39,0.36,2025-03-19,1030,N20,nominal,2.0NRT,301.59,2.7,D
-21.02164,45.44857,336.49,0.39,0.36,2025-03-19,1030,N20,nominal,2.0NRT,300.93,4.36,D
-20.93869,45.60395,333.89,0.39,0.36,2025-03-19,1030,N20,nominal,2.0NRT,302.98,4.13,D
-20.9348,45.60712,342.71,0.39,0.36,2025-03-19,1030,N20,nominal,2.0NRT,304.35,6.36,D
-20.93535,45.60339,345.82,0.39,0.36,2025-03-19,1030,N20,nominal,2.0NRT,304.21,4.13,D
-20.81027,46.35115,342.65,0.38,0.36,2025-03-19,1030,N20,nominal,2.0NRT,299.84,4.43,D
-20.81083,46.34747,330.85,0.38,0.36,2025-03-19,1030,N20,nominal,2.0NRT,300.27,4.43,D
-20.92499,44.95228,333.64,0.4,0.37,2025-03-19,1030,N20,nominal,2.0NRT,302.49,2.43,D
-20.86299,44.97375,333.9,0.4,0.37,2025-03-19,1030,N20,nominal,2.0NRT,302.06,3.69,D
-20.86354,44.9699,331.37,0.4,0.37,2025-03-19,1030,N20,nominal,2.0NRT,302.81,5.25,D
-20.83215,44.89386,330.07,0.4,0.37,2025-03-19,1030,N20,nominal,2.0NRT,299.74,1.53,D
-20.41108,46.38845,333.42,0.38,0.36,2025-03-19,1030,N20,nominal,2.0NRT,302.11,2.57,D
-20.43106,45.828,332.51,0.39,0.36,2025-03-19,1030,N20,nominal,2.0NRT,302.23,2.41,D
-20.33028,45.91335,337.36,0.39,0.36,2025-03-19,1030,N20,nominal,2.0NRT,304.73,3.94,D
-20.44394,44.82753,335.62,0.4,0.37,2025-03-19,1030,N20,nominal,2.0NRT,300.79,8.43,D
-24.10873,46.05707,333.9,0.39,0.37,2025-03-19,1030,N20,nominal,2.0NRT,303.1,6.41,D
-19.94396,46.20589,343.94,0.38,0.36,2025-03-19,1032,N20,nominal,2.0NRT,302.84,9.25,D
-19.94179,46.03996,338.55,0.38,0.36,2025-03-19,1032,N20,nominal,2.0NRT,305.33,3.88,D
-19.94234,46.03629,331.5,0.38,0.36,2025-03-19,1032,N20,low,2.0NRT,305.6,3.04,D
-19.84582,45.84258,335.54,0.39,0.36,2025-03-19,1032,N20,nominal,2.0NRT,304.15,5.88,D
-19.67334,46.55703,333.1,0.38,0.36,2025-03-19,1032,N20,nominal,2.0NRT,301.39,2.83,D
-19.68543,46.34502,336.2,0.38,0.36,2025-03-19,1032,N20,nominal,2.0NRT,302.24,2.64,D
-19.65147,46.25677,332.23,0.38,0.36,2025-03-19,1032,N20,nominal,2.0NRT,305.27,2.45,D
-19.76897,45.0767,332.44,0.39,0.36,2025-03-19,1032,N20,nominal,2.0NRT,302.72,2.74,D
-19.56511,45.7726,333.94,0.39,0.36,2025-03-19,1032,N20,nominal,2.0NRT,302.97,1.67,D
-19.48324,46.02489,335.76,0.38,0.36,2025-03-19,1032,N20,nominal,2.0NRT,303.92,6.33,D
-19.0743,46.63346,334.4,0.39,0.36,2025-03-19,1032,N20,nominal,2.0NRT,302.31,2.64,D
-19.18686,45.76506,331.22,0.38,0.36,2025-03-19,1032,N20,nominal,2.0NRT,301.5,2.11,D
-19.20933,45.15386,332.63,0.39,0.36,2025-03-19,1032,N20,nominal,2.0NRT,300.59,2.98,D
-18.72865,46.47928,335.43,0.39,0.36,2025-03-19,1032,N20,nominal,2.0NRT,300.84,5.59,D
-18.71241,46.54024,337.18,0.39,0.36,2025-03-19,1032,N20,nominal,2.0NRT,300.47,2.66,D
-18.86318,45.00248,332.07,0.39,0.36,2025-03-19,1032,N20,nominal,2.0NRT,299.77,2.29,D
-18.43235,44.84465,338.2,0.39,0.36,2025-03-19,1032,N20,nominal,2.0NRT,300.18,3.77,D
-17.95127,47.25856,334.71,0.4,0.37,2025-03-19,1032,N20,nominal,2.0NRT,300.7,2.65,D
-18.2965,44.65543,334.33,0.39,0.37,2025-03-19,1032,N20,nominal,2.0NRT,300.52,3.75,D
-17.90864,47.13562,333.82,0.4,0.37,2025-03-19,1032,N20,nominal,2.0NRT,299.8,2.85,D
-17.96745,46.68522,332.49,0.39,0.36,2025-03-19,1032,N20,nominal,2.0NRT,298.3,1.95,D
-17.95277,44.63029,335.17,0.39,0.36,2025-03-19,1032,N20,nominal,2.0NRT,301.76,4.03,D
-17.3155,48.21001,332.43,0.43,0.38,2025-03-19,1032,N20,nominal,2.0NRT,293.17,3.61,D
-17.72416,44.84314,332.87,0.39,0.36,2025-03-19,1032,N20,nominal,2.0NRT,300.78,2.64,D
-17.29541,46.00584,330.19,0.38,0.36,2025-03-19,1032,N20,low,2.0NRT,304.61,3.55,D
-17.014,47.20021,333.32,0.4,0.37,2025-03-19,1032,N20,nominal,2.0NRT,299.14,2.37,D
-16.93904,46.20558,333.03,0.39,0.36,2025-03-19,1032,N20,nominal,2.0NRT,300.98,1.66,D
-16.24666,46.27049,335.56,0.39,0.36,2025-03-19,1032,N20,nominal,2.0NRT,301.13,2.49,D
-15.90966,47.94043,332.27,0.43,0.38,2025-03-19,1032,N20,nominal,2.0NRT,298.08,3,D
-15.70048,47.80178,336.5,0.43,0.38,2025-03-19,1032,N20,nominal,2.0NRT,299.86,3.69,D
-15.46181,47.71194,345.12,0.43,0.38,2025-03-19,1032,N20,nominal,2.0NRT,297.38,9.52,D
-15.44653,47.71752,337.54,0.43,0.38,2025-03-19,1032,N20,nominal,2.0NRT,294.5,3.25,D
-15.44303,47.71692,343.93,0.43,0.38,2025-03-19,1032,N20,nominal,2.0NRT,298.61,32.41,D
-15.4402,47.71231,355.71,0.43,0.38,2025-03-19,1032,N20,nominal,2.0NRT,298.48,12.13,D
-15.43671,47.7117,334.23,0.43,0.38,2025-03-19,1032,N20,nominal,2.0NRT,297.54,3.73,D
-16.99581,34.1731,326.91,0.5,0.66,2025-03-19,1032,N20,nominal,2.0NRT,289.68,3.63,D
-16.9945,34.17497,328.69,0.5,0.66,2025-03-19,1032,N20,nominal,2.0NRT,286.67,5.39,D
-15.8938,33.03331,334.11,0.58,0.7,2025-03-19,1032,N20,nominal,2.0NRT,290.1,6.42,D
-8.58921,38.88316,332.12,0.56,0.43,2025-03-19,1034,N20,nominal,2.0NRT,294.98,3.2,D
-7.82554,39.78653,333.24,0.49,0.4,2025-03-19,1034,N20,nominal,2.0NRT,296.68,6.74,D
-7.22532,39.13211,337.08,0.52,0.42,2025-03-19,1034,N20,nominal,2.0NRT,297.08,8.44,D
-6.18379,38.4407,331.16,0.56,0.43,2025-03-19,1034,N20,nominal,2.0NRT,296.06,6.3,D
-6.18466,38.43837,332.68,0.56,0.43,2025-03-19,1034,N20,nominal,2.0NRT,294.04,5.21,D
-5.25748,38.90681,332.65,0.51,0.41,2025-03-19,1036,N20,nominal,2.0NRT,296.29,4.28,D
-5.21739,38.73174,330.4,0.52,0.42,2025-03-19,1036,N20,nominal,2.0NRT,297.29,1.43,D
-5.17013,37.96044,354.17,0.39,0.44,2025-03-19,1036,N20,nominal,2.0NRT,301.13,8.85,D
-4.87817,39.1937,341.28,0.49,0.4,2025-03-19,1036,N20,nominal,2.0NRT,300.66,8.84,D
-4.89196,39.10146,334.14,0.49,0.4,2025-03-19,1036,N20,nominal,2.0NRT,302.74,3.04,D
-4.82643,39.05602,337.17,0.5,0.41,2025-03-19,1036,N20,nominal,2.0NRT,300.77,7.07,D
-4.76112,39.07505,338.82,0.49,0.4,2025-03-19,1036,N20,nominal,2.0NRT,302.64,5.64,D
-4.68723,39.1138,335.62,0.49,0.4,2025-03-19,1036,N20,low,2.0NRT,303.34,4.46,D
-4.66604,39.20844,337.46,0.48,0.4,2025-03-19,1036,N20,nominal,2.0NRT,301.67,5.72,D
-4.68903,39.11129,331.18,0.49,0.4,2025-03-19,1036,N20,low,2.0NRT,302.92,3.62,D
-4.68532,39.11075,339.42,0.49,0.4,2025-03-19,1036,N20,nominal,2.0NRT,302.83,3.62,D
-4.62733,39.39716,331.18,0.47,0.4,2025-03-19,1036,N20,low,2.0NRT,299.77,4.2,D
-4.63178,39.36748,339.04,0.47,0.4,2025-03-19,1036,N20,low,2.0NRT,304.38,11.72,D
-4.62257,39.37917,336.77,0.47,0.4,2025-03-19,1036,N20,low,2.0NRT,302.56,8.23,D
-4.41368,39.53391,332.83,0.46,0.39,2025-03-19,1036,N20,low,2.0NRT,297.51,15.16,D
-4.41007,39.53337,339.87,0.46,0.39,2025-03-19,1036,N20,low,2.0NRT,300.57,15.16,D
-4.40439,39.53722,335.67,0.46,0.39,2025-03-19,1036,N20,low,2.0NRT,300.89,6.23,D
-33.91831,24.43391,340.82,0.38,0.36,2025-03-19,1208,N20,nominal,2.0NRT,311.11,7.42,D
-34.35999,21.16612,335.96,0.45,0.39,2025-03-19,1208,N20,low,2.0NRT,309.59,9.22,D
-33.97251,24.00153,334.08,0.39,0.36,2025-03-19,1208,N20,nominal,2.0NRT,304.57,6.37,D
-33.97313,23.99732,330.97,0.39,0.36,2025-03-19,1208,N20,nominal,2.0NRT,304.29,6.37,D
-34.32226,21.43921,341.43,0.44,0.39,2025-03-19,1208,N20,nominal,2.0NRT,308.9,19.52,D
-6.41831,18.89274,343.35,0.39,0.36,2025-03-19,1217,N20,nominal,2.0NRT,296.75,8.9,D
-34.35207,21.20027,344.99,0.45,0.39,2025-03-19,1208,N20,low,2.0NRT,315.97,14.85,D
-18.37222,26.47833,347.66,0.43,0.46,2025-03-19,1212,N20,nominal,2.0NRT,309.48,8.01,D
-33.7284,25.41347,340.55,0.39,0.36,2025-03-19,1208,N20,nominal,2.0NRT,309.03,3.78,D
-34.39277,19.81555,339.06,0.52,0.41,2025-03-19,1208,N20,nominal,2.0NRT,313.48,2.33,D
-18.36802,26.47758,348.03,0.43,0.46,2025-03-19,1212,N20,nominal,2.0NRT,308.93,8.01,D
-18.37258,26.45334,332.86,0.43,0.46,2025-03-19,1212,N20,nominal,2.0NRT,302.82,7.97,D
-33.97656,22.19816,332.84,0.42,0.37,2025-03-19,1208,N20,nominal,2.0NRT,306.55,1.3,D
-33.3134,25.95748,337.43,0.4,0.37,2025-03-19,1208,N20,low,2.0NRT,311.97,6.13,D
-15.21237,28.42901,336.09,0.32,0.55,2025-03-19,1214,N20,nominal,2.0NRT,295.86,2.41,D
-33.31003,25.95673,353.27,0.4,0.37,2025-03-19,1208,N20,nominal,2.0NRT,319.14,23.48,D
-16.0047,23.40715,331.23,0.47,0.4,2025-03-19,1214,N20,low,2.0NRT,304.08,3.25,D
-32.62685,27.79758,331.58,0.45,0.39,2025-03-19,1208,N20,nominal,2.0NRT,300.57,2.88,D
-14.71287,26.80782,337.88,0.52,0.5,2025-03-19,1214,N20,nominal,2.0NRT,298.63,4.35,D
-32.56589,27.64169,352.93,0.45,0.39,2025-03-19,1208,N20,nominal,2.0NRT,306.74,9.57,D
-33.76402,18.61937,342.32,0.39,0.44,2025-03-19,1208,N20,nominal,2.0NRT,309.86,3.44,D
-14.70829,26.80701,342.12,0.52,0.5,2025-03-19,1214,N20,nominal,2.0NRT,304.83,8.72,D
-33.75998,18.61864,356.02,0.39,0.44,2025-03-19,1208,N20,nominal,2.0NRT,312.48,5.73,D
-33.71415,18.58728,336.82,0.39,0.44,2025-03-19,1208,N20,low,2.0NRT,310.67,6.76,D
-14.71273,26.8092,345.98,0.52,0.5,2025-03-19,1214,N20,nominal,2.0NRT,302.16,8.55,D
-33.69394,18.62238,342.01,0.39,0.44,2025-03-19,1208,N20,low,2.0NRT,312.7,4.93,D
-14.70816,26.8084,331.28,0.52,0.5,2025-03-19,1214,N20,low,2.0NRT,303.79,8.55,D
-33.59127,18.46281,336.83,0.39,0.44,2025-03-19,1208,N20,low,2.0NRT,310.89,3.51,D
-33.41105,18.73271,347.23,0.57,0.43,2025-03-19,1208,N20,nominal,2.0NRT,308.25,6.96,D
-13.77278,22.6265,333.21,0.46,0.39,2025-03-19,1214,N20,nominal,2.0NRT,300.55,2.66,D
-33.38481,18.71051,345.03,0.57,0.43,2025-03-19,1208,N20,nominal,2.0NRT,315.3,8.91,D
-12.07837,26.39799,328.5,0.54,0.51,2025-03-19,1214,N20,nominal,2.0NRT,296.44,6.87,D
-33.38388,18.7096,345.24,0.57,0.43,2025-03-19,1208,N20,low,2.0NRT,316.29,15.43,D
-33.37988,18.70887,344.69,0.57,0.43,2025-03-19,1208,N20,low,2.0NRT,315.28,11.62,D
-12.07616,26.39503,327.98,0.54,0.51,2025-03-19,1214,N20,low,2.0NRT,298.41,8.88,D
-33.37588,18.70818,340.45,0.57,0.43,2025-03-19,1208,N20,low,2.0NRT,315.38,11.62,D
-11.01299,27.35803,330.19,0.33,0.55,2025-03-19,1214,N20,nominal,2.0NRT,288.29,1.89,D
-33.37589,18.67032,338.48,0.57,0.43,2025-03-19,1208,N20,low,2.0NRT,311.87,22.88,D
-11.80503,17.36345,334.54,0.4,0.37,2025-03-19,1214,N20,low,2.0NRT,294.43,5.32,D
-33.30656,18.97417,336.25,0.55,0.43,2025-03-19,1208,N20,low,2.0NRT,311.09,2.78,D
-11.63529,17.56172,331.72,0.4,0.37,2025-03-19,1214,N20,nominal,2.0NRT,293.59,2.26,D
-33.3026,18.97357,342.15,0.55,0.43,2025-03-19,1208,N20,nominal,2.0NRT,308.88,4.54,D
-11.30913,15.35371,332.51,0.48,0.4,2025-03-19,1217,N20,nominal,2.0NRT,290.03,3.06,D
-33.1851,18.76974,350.47,0.56,0.43,2025-03-19,1208,N20,nominal,2.0NRT,312.55,10.85,D
-33.18111,18.76914,367,0.56,0.43,2025-03-19,1208,N20,high,2.0NRT,311.5,10.85,D
-10.7951,15.34999,325.46,0.47,0.4,2025-03-19,1217,N20,low,2.0NRT,298.12,2.51,D
-33.18173,18.76315,337.84,0.56,0.43,2025-03-19,1208,N20,nominal,2.0NRT,311.02,5.06,D
-10.76853,15.3523,342.5,0.47,0.4,2025-03-19,1217,N20,nominal,2.0NRT,296.62,6.53,D
-33.17648,18.77456,338.86,0.56,0.43,2025-03-19,1208,N20,nominal,2.0NRT,309.32,41.61,D
-10.76488,15.35178,339.48,0.47,0.4,2025-03-19,1217,N20,nominal,2.0NRT,301.57,50.63,D
-10.7655,15.34743,340.37,0.47,0.4,2025-03-19,1217,N20,nominal,2.0NRT,295.7,25.08,D
-33.17711,18.76853,367,0.56,0.43,2025-03-19,1208,N20,low,2.0NRT,325.21,41.61,D
-33.17312,18.7679,349.13,0.56,0.43,2025-03-19,1208,N20,nominal,2.0NRT,314.21,41.61,D
-10.78719,13.80472,342.49,0.38,0.44,2025-03-19,1217,N20,nominal,2.0NRT,281.35,5.09,D
-33.18356,18.76873,353.39,0.56,0.43,2025-03-19,1208,N20,nominal,2.0NRT,311.88,30.02,D
-10.7174,13.89737,329.91,0.57,0.43,2025-03-19,1217,N20,nominal,2.0NRT,291.8,3.3,D
-33.17891,18.77412,339.38,0.56,0.43,2025-03-19,1208,N20,nominal,2.0NRT,307.92,14.82,D
-10.68079,14.0178,333.46,0.56,0.43,2025-03-19,1217,N20,nominal,2.0NRT,296.15,4.12,D
-33.17958,18.7681,348.66,0.56,0.43,2025-03-19,1208,N20,low,2.0NRT,318.79,30.02,D
-10.55461,14.06523,327.94,0.55,0.43,2025-03-19,1217,N20,nominal,2.0NRT,294.05,4.81,D
-33.17492,18.77348,338.68,0.56,0.43,2025-03-19,1208,N20,low,2.0NRT,311.42,15.91,D
-33.15699,18.78902,345.6,0.56,0.43,2025-03-19,1208,N20,nominal,2.0NRT,314.87,6.46,D
-10.40082,15.07621,329.38,0.48,0.4,2025-03-19,1217,N20,low,2.0NRT,299.78,3.23,D
-33.0239,18.69321,337.24,0.57,0.43,2025-03-19,1208,N20,low,2.0NRT,310.64,4.75,D
-10.53765,13.92967,355.01,0.56,0.43,2025-03-19,1217,N20,nominal,2.0NRT,286.01,17.06,D
-10.53369,13.92911,329.52,0.56,0.43,2025-03-19,1217,N20,nominal,2.0NRT,284.08,12.27,D
-32.92729,17.89628,341.09,0.41,0.45,2025-03-19,1208,N20,nominal,2.0NRT,306.24,3.79,D
-32.3422,19.11868,332.33,0.53,0.42,2025-03-19,1210,N20,nominal,2.0NRT,298.52,6.45,D
-9.73226,16.21024,331.63,0.43,0.38,2025-03-19,1217,N20,nominal,2.0NRT,300.18,3.77,D
-32.30437,19.17493,333.87,0.53,0.42,2025-03-19,1210,N20,low,2.0NRT,306.26,8.17,D
-10.10082,13.46458,338.91,0.4,0.44,2025-03-19,1217,N20,nominal,2.0NRT,283.81,9.91,D
-32.30496,19.16967,347.8,0.53,0.42,2025-03-19,1210,N20,nominal,2.0NRT,305.79,9.28,D
-30.25426,30.17319,340.61,0.43,0.46,2025-03-19,1210,N20,nominal,2.0NRT,299.48,3.93,D
-10.09774,13.45678,335.88,0.4,0.44,2025-03-19,1217,N20,nominal,2.0NRT,283.92,7.06,D
-10.09725,13.4604,356.49,0.4,0.44,2025-03-19,1217,N20,low,2.0NRT,279.85,9.91,D
-29.86805,29.60823,333.89,0.4,0.45,2025-03-19,1210,N20,nominal,2.0NRT,291.81,3.98,D
-29.34705,30.77179,336.56,0.48,0.48,2025-03-19,1210,N20,nominal,2.0NRT,292.71,6.39,D
-9.69274,16.26337,336.7,0.42,0.38,2025-03-19,1217,N20,nominal,2.0NRT,299.3,4.39,D
-29.34898,30.63283,339.79,0.47,0.48,2025-03-19,1210,N20,nominal,2.0NRT,293.35,5.87,D
-9.45793,16.10701,337.71,0.43,0.38,2025-03-19,1217,N20,nominal,2.0NRT,294.54,4.71,D
-9.43192,15.99194,336.05,0.43,0.38,2025-03-19,1217,N20,nominal,2.0NRT,300.61,4.72,D
-9.42756,15.82236,340.12,0.44,0.38,2025-03-19,1217,N20,nominal,2.0NRT,301.52,4.06,D
-9.42744,15.81907,331.01,0.44,0.38,2025-03-19,1217,N20,low,2.0NRT,302.23,4.74,D
-9.36726,16.05856,335.67,0.43,0.38,2025-03-19,1217,N20,low,2.0NRT,296.41,8.54,D
-9.41731,14.81322,332.05,0.49,0.4,2025-03-19,1217,N20,nominal,2.0NRT,298.2,3.59,D
-9.22067,15.90564,331.6,0.43,0.38,2025-03-19,1217,N20,nominal,2.0NRT,299.06,4.71,D
-9.56123,13.22806,330.98,0.4,0.44,2025-03-19,1217,N20,nominal,2.0NRT,294.91,1.76,D
-8.9529,15.83163,339.81,0.43,0.38,2025-03-19,1217,N20,nominal,2.0NRT,297.71,6.72,D
-8.9494,15.83113,337.31,0.43,0.38,2025-03-19,1217,N20,nominal,2.0NRT,297.42,11.24,D
-8.75641,16.14558,340.56,0.42,0.38,2025-03-19,1217,N20,nominal,2.0NRT,297.72,4.56,D
-8.72842,16.16863,335.3,0.42,0.38,2025-03-19,1217,N20,nominal,2.0NRT,294.85,7.16,D
-8.85956,15.25009,343.71,0.46,0.39,2025-03-19,1217,N20,nominal,2.0NRT,301.82,7.92,D
-8.72558,16.16857,343.42,0.42,0.38,2025-03-19,1217,N20,nominal,2.0NRT,295.25,6.38,D
-8.79939,15.24691,332.22,0.46,0.39,2025-03-19,1217,N20,low,2.0NRT,296.81,5.64,D
-8.73428,15.42155,336.02,0.45,0.39,2025-03-19,1217,N20,nominal,2.0NRT,297.92,4.19,D
-8.6242,15.58693,341.17,0.44,0.38,2025-03-19,1217,N20,low,2.0NRT,298.49,5.09,D
-8.6157,15.52054,338.53,0.44,0.39,2025-03-19,1217,N20,nominal,2.0NRT,300.7,13.24,D
-8.60022,15.52713,330.59,0.44,0.39,2025-03-19,1217,N20,low,2.0NRT,304.09,6.32,D
-8.22587,17.55891,334.06,0.39,0.36,2025-03-19,1217,N20,nominal,2.0NRT,300.71,31.12,D
-8.49118,15.60849,337.86,0.44,0.38,2025-03-19,1217,N20,nominal,2.0NRT,301.2,6.07,D
-8.518,14.94682,333.07,0.47,0.4,2025-03-19,1217,N20,nominal,2.0NRT,297.78,4.01,D
-8.43566,15.3674,331.96,0.45,0.39,2025-03-19,1217,N20,nominal,2.0NRT,297.21,4.35,D
-8.29451,15.37247,333.09,0.45,0.39,2025-03-19,1217,N20,nominal,2.0NRT,296.83,4.02,D
-8.1436,15.71822,332.1,0.43,0.38,2025-03-19,1217,N20,low,2.0NRT,298.46,4.42,D
-8.14202,15.7186,331.3,0.43,0.38,2025-03-19,1217,N20,nominal,2.0NRT,295.43,4.35,D
-7.81461,17.49775,341.47,0.39,0.36,2025-03-19,1217,N20,nominal,2.0NRT,292.94,6.4,D
-7.75908,16.76235,332.32,0.4,0.37,2025-03-19,1217,N20,low,2.0NRT,296.81,9.07,D
-7.53677,17.2033,330.14,0.39,0.36,2025-03-19,1217,N20,nominal,2.0NRT,297.73,3.51,D
-7.52711,17.24505,333.9,0.39,0.36,2025-03-19,1217,N20,nominal,2.0NRT,300.1,6.14,D
-7.78758,15.40725,332.61,0.44,0.38,2025-03-19,1217,N20,nominal,2.0NRT,298.1,4.01,D
-7.50644,17.22394,340.76,0.39,0.36,2025-03-19,1217,N20,nominal,2.0NRT,299.91,6.66,D
-7.50697,17.22043,351.54,0.39,0.36,2025-03-19,1217,N20,nominal,2.0NRT,304.32,12.08,D
-7.7013,15.59886,334.54,0.43,0.38,2025-03-19,1217,N20,nominal,2.0NRT,297.59,5.44,D
-7.62475,15.63511,332.38,0.43,0.38,2025-03-19,1217,N20,nominal,2.0NRT,295.85,3.79,D
-7.52263,15.36557,331.44,0.44,0.38,2025-03-19,1217,N20,nominal,2.0NRT,298,5.01,D
-7.48507,15.35191,345.37,0.44,0.38,2025-03-19,1217,N20,nominal,2.0NRT,298.54,5.94,D
-7.75723,13.10849,329.36,0.39,0.44,2025-03-19,1217,N20,nominal,2.0NRT,288.73,3.67,D
-7.75545,13.11136,332.08,0.39,0.44,2025-03-19,1217,N20,nominal,2.0NRT,286.35,4.96,D
-7.50335,14.78669,345.12,0.47,0.39,2025-03-19,1217,N20,nominal,2.0NRT,296.81,13.07,D
-7.4519,14.88638,332.73,0.46,0.39,2025-03-19,1217,N20,nominal,2.0NRT,295.65,5.15,D
-7.84619,12.11462,328.08,0.45,0.47,2025-03-19,1217,N20,nominal,2.0NRT,289.82,6,D
-7.84675,12.11055,338.19,0.45,0.47,2025-03-19,1217,N20,nominal,2.0NRT,288.53,7.91,D
-7.39242,15.2452,328.44,0.44,0.39,2025-03-19,1217,N20,low,2.0NRT,298.86,4.09,D
-7.36661,14.90437,328.43,0.46,0.39,2025-03-19,1217,N20,nominal,2.0NRT,293.75,2.4,D
-7.2736,15.14262,334.56,0.45,0.39,2025-03-19,1217,N20,nominal,2.0NRT,296.38,8.29,D
-6.87998,17.71394,327.65,0.38,0.36,2025-03-19,1217,N20,nominal,2.0NRT,287.3,2.54,D
-7.04071,15.81078,335.46,0.42,0.38,2025-03-19,1217,N20,nominal,2.0NRT,294.39,5.64,D
-7.03727,15.81026,338.8,0.42,0.38,2025-03-19,1217,N20,nominal,2.0NRT,294.5,11.36,D
-6.41776,18.89629,339.68,0.39,0.36,2025-03-19,1217,N20,nominal,2.0NRT,292.06,8.9,D
-7.11975,14.16482,335.63,0.5,0.41,2025-03-19,1217,N20,nominal,2.0NRT,298.93,6.41,D
-6.90085,15.37521,329.27,0.43,0.38,2025-03-19,1217,N20,nominal,2.0NRT,296.2,3.18,D
-6.96859,14.1991,333.77,0.49,0.4,2025-03-19,1217,N20,nominal,2.0NRT,297.46,4.26,D
-6.82116,15.12676,332.9,0.44,0.39,2025-03-19,1217,N20,low,2.0NRT,292.69,7.43,D
-6.8212,15.12718,339.05,0.44,0.39,2025-03-19,1217,N20,nominal,2.0NRT,293.25,7.6,D
-7.17395,12.38826,331.32,0.42,0.45,2025-03-19,1217,N20,nominal,2.0NRT,291.02,3.04,D
-6.9742,13.7546,328.92,0.52,0.42,2025-03-19,1217,N20,nominal,2.0NRT,298.13,7.1,D
-6.96971,13.75875,340.52,0.52,0.42,2025-03-19,1217,N20,nominal,2.0NRT,294.98,5.59,D
-6.69748,15.35785,338.72,0.43,0.38,2025-03-19,1217,N20,nominal,2.0NRT,293.18,5.9,D
-6.58257,15.22556,329.77,0.44,0.38,2025-03-19,1217,N20,nominal,2.0NRT,297.18,5.99,D
-6.52817,15.20534,329.2,0.44,0.38,2025-03-19,1217,N20,low,2.0NRT,297.16,4.57,D
-6.64103,13.86764,334,0.51,0.41,2025-03-19,1217,N20,nominal,2.0NRT,294.38,5.27,D
-5.82175,18.38008,350.7,0.39,0.36,2025-03-19,1217,N20,nominal,2.0NRT,284.13,9.55,D
-5.82228,18.37661,338.43,0.39,0.36,2025-03-19,1217,N20,nominal,2.0NRT,287.68,6.11,D
-5.60872,18.46419,330.13,0.39,0.36,2025-03-19,1217,N20,nominal,2.0NRT,287.26,2.65,D
-6.44459,12.78811,340.03,0.39,0.44,2025-03-19,1217,N20,nominal,2.0NRT,294.65,5,D
-5.5809,18.44554,335.83,0.39,0.36,2025-03-19,1217,N20,nominal,2.0NRT,287.13,2.93,D
-5.57756,18.44505,339.39,0.39,0.36,2025-03-19,1217,N20,nominal,2.0NRT,286.66,2.93,D
-6.41279,12.6925,329.54,0.39,0.44,2025-03-19,1217,N20,nominal,2.0NRT,293.74,5.4,D
-6.41152,12.69592,329.74,0.39,0.44,2025-03-19,1217,N20,nominal,2.0NRT,291.78,3.09,D
-6.41203,12.69249,330.95,0.39,0.44,2025-03-19,1217,N20,nominal,2.0NRT,293.35,5.76,D
-5.51385,18.59702,331.97,0.39,0.36,2025-03-19,1217,N20,nominal,2.0NRT,271.96,1.81,D
-5.33193,19.26051,340.81,0.41,0.37,2025-03-19,1217,N20,nominal,2.0NRT,289.67,3.83,D
-5.3325,19.25686,334.59,0.41,0.37,2025-03-19,1217,N20,nominal,2.0NRT,288.07,2.73,D
-5.9829,14.00631,332.64,0.49,0.4,2025-03-19,1217,N20,nominal,2.0NRT,294.69,5.19,D
-6.185,12.42438,332.27,0.41,0.45,2025-03-19,1217,N20,nominal,2.0NRT,293.75,1.44,D
-5.18233,18.16829,334.31,0.39,0.36,2025-03-19,1217,N20,nominal,2.0NRT,284.34,3.11,D
-5.67513,14.47386,343.88,0.46,0.39,2025-03-19,1217,N20,nominal,2.0NRT,296.37,6.86,D
-4.99611,18.50082,332.64,0.39,0.36,2025-03-19,1217,N20,nominal,2.0NRT,278.5,4.8,D
-5.28095,16.57923,332.19,0.39,0.36,2025-03-19,1217,N20,nominal,2.0NRT,288.16,5.15,D
-4.71719,16.83053,330.05,0.39,0.36,2025-03-19,1217,N20,nominal,2.0NRT,296.35,6.77,D
-4.64705,16.57748,347.61,0.39,0.36,2025-03-19,1217,N20,nominal,2.0NRT,297.04,16.03,D
-4.374,17.34972,338.24,0.38,0.36,2025-03-19,1217,N20,nominal,2.0NRT,290.74,7.91,D
-19.73084,46.58121,298.74,0.41,0.45,2025-03-19,2142,N20,nominal,2.0NRT,287.87,0.47,N
-19.81233,46.06284,303.58,0.44,0.46,2025-03-19,2142,N20,nominal,2.0NRT,290.19,0.58,N
-20.33272,45.90858,307.55,0.44,0.46,2025-03-19,2142,N20,nominal,2.0NRT,291.39,0.98,N
-21.41361,46.81213,295.36,0.56,0.43,2025-03-19,2142,N20,nominal,2.0NRT,284.73,0.74,N
-21.49455,46.6158,299.16,0.57,0.43,2025-03-19,2142,N20,nominal,2.0NRT,288.48,0.52,N
-21.49355,46.61971,299.18,0.57,0.43,2025-03-19,2142,N20,nominal,2.0NRT,288.57,0.44,N
-24.04423,25.88737,302.07,0.38,0.36,2025-03-19,2324,N20,nominal,2.0NRT,289.5,0.54,N
-24.05085,25.88614,306.07,0.38,0.36,2025-03-19,2324,N20,nominal,2.0NRT,287.96,0.98,N
-24.54904,26.85537,301.43,0.39,0.36,2025-03-19,2324,N20,nominal,2.0NRT,287.03,0.68,N
-24.83437,27.36411,328.88,0.4,0.37,2025-03-19,2324,N20,nominal,2.0NRT,288.3,1.69,N
-24.83495,27.36812,301.97,0.41,0.37,2025-03-19,2324,N20,nominal,2.0NRT,287.77,1.69,N
-24.83777,27.36351,309.43,0.4,0.37,2025-03-19,2324,N20,nominal,2.0NRT,287.15,1.69,N
-25.49165,27.09986,314.88,0.4,0.37,2025-03-19,2326,N20,nominal,2.0NRT,288.28,1.56,N
-25.57468,27.58121,312.34,0.42,0.37,2025-03-19,2326,N20,nominal,2.0NRT,288.87,0.94,N
-25.65801,27.84458,316.04,0.42,0.38,2025-03-19,2326,N20,nominal,2.0NRT,287.19,1.23,N
-25.66089,27.83979,334.48,0.42,0.38,2025-03-19,2326,N20,nominal,2.0NRT,288.51,3.04,N
-25.66029,27.8356,318.39,0.42,0.38,2025-03-19,2326,N20,nominal,2.0NRT,286.56,3.04,N
-25.69016,28.04753,302.78,0.43,0.38,2025-03-19,2326,N20,nominal,2.0NRT,285.9,0.66,N
-25.85753,29.17418,327.21,0.48,0.4,2025-03-19,2326,N20,nominal,2.0NRT,278.05,3.32,N
-25.85692,29.16942,307.6,0.48,0.4,2025-03-19,2326,N20,nominal,2.0NRT,276.98,3.32,N
-25.72601,27.61218,328.62,0.42,0.37,2025-03-19,2326,N20,nominal,2.0NRT,287.85,1.99,N
-25.72541,27.60804,305.68,0.42,0.37,2025-03-19,2326,N20,nominal,2.0NRT,286.27,1.23,N
-25.72886,27.60744,320.01,0.42,0.37,2025-03-19,2326,N20,nominal,2.0NRT,287.25,1.81,N
-25.72945,27.61158,316.22,0.42,0.37,2025-03-19,2326,N20,nominal,2.0NRT,286.28,2.08,N
-25.70673,27.40425,302.06,0.41,0.37,2025-03-19,2326,N20,nominal,2.0NRT,287.06,1.75,N
-25.71015,27.40365,330.65,0.41,0.37,2025-03-19,2326,N20,nominal,2.0NRT,289.2,1.75,N
-25.71357,27.40304,336,0.41,0.37,2025-03-19,2326,N20,nominal,2.0NRT,290.46,7.18,N
-25.92778,28.33213,300.59,0.44,0.39,2025-03-19,2326,N20,nominal,2.0NRT,284.47,0.4,N
-25.93932,28.25808,295.13,0.44,0.38,2025-03-19,2326,N20,nominal,2.0NRT,284.71,0.61,N
-26.09836,29.43606,297.94,0.5,0.41,2025-03-19,2326,N20,nominal,2.0NRT,281.09,0.81,N
-25.81596,25.84589,303.45,0.39,0.36,2025-03-19,2326,N20,nominal,2.0NRT,287.73,1.1,N
-26.27484,28.1602,300.63,0.44,0.38,2025-03-19,2326,N20,nominal,2.0NRT,285.17,0.66,N
-26.28251,28.16349,302.9,0.44,0.38,2025-03-19,2326,N20,nominal,2.0NRT,284.82,0.86,N
-26.3094,27.78586,296,0.43,0.38,2025-03-19,2326,N20,nominal,2.0NRT,284.46,0.76,N
-26.31,27.79013,304.36,0.43,0.38,2025-03-19,2326,N20,nominal,2.0NRT,285.56,0.76,N
-26.3106,27.78739,310.11,0.43,0.38,2025-03-19,2326,N20,nominal,2.0NRT,285.41,1.72,N
-26.53947,29.15717,330.4,0.49,0.4,2025-03-19,2326,N20,nominal,2.0NRT,279.12,2.84,N
-26.53884,29.15228,309.74,0.49,0.4,2025-03-19,2326,N20,nominal,2.0NRT,279.33,1.48,N
-26.54255,29.15168,330.67,0.49,0.4,2025-03-19,2326,N20,nominal,2.0NRT,283,6.71,N
-26.54318,29.15657,341.45,0.49,0.4,2025-03-19,2326,N20,nominal,2.0NRT,285.43,26.19,N
-26.54935,29.14559,297.66,0.49,0.4,2025-03-19,2326,N20,nominal,2.0NRT,281.67,0.93,N
-26.54997,29.15047,296.63,0.49,0.4,2025-03-19,2326,N20,nominal,2.0NRT,282.65,0.93,N
-26.55123,29.16027,298.76,0.49,0.4,2025-03-19,2326,N20,nominal,2.0NRT,283.61,1.7,N
-26.55186,29.16517,295.33,0.49,0.4,2025-03-19,2326,N20,nominal,2.0NRT,283.99,1.78,N
-26.18131,25.99412,299.33,0.39,0.36,2025-03-19,2326,N20,nominal,2.0NRT,287.22,0.47,N
-26.65797,27.85229,299.93,0.43,0.38,2025-03-19,2326,N20,nominal,2.0NRT,282.27,0.5,N
-26.65557,27.80833,298.98,0.43,0.38,2025-03-19,2326,N20,nominal,2.0NRT,282.58,0.56,N
-26.65675,27.81697,298.03,0.43,0.38,2025-03-19,2326,N20,nominal,2.0NRT,284.28,1.04,N
-26.66025,27.81637,301.6,0.43,0.38,2025-03-19,2326,N20,nominal,2.0NRT,284.19,1.73,N
-26.67863,27.9516,298.3,0.44,0.38,2025-03-19,2326,N20,nominal,2.0NRT,283.18,0.63,N
-26.67922,27.95598,296.5,0.44,0.38,2025-03-19,2326,N20,nominal,2.0NRT,283.3,0.63,N
-26.66257,27.80714,342.18,0.43,0.38,2025-03-19,2326,N20,nominal,2.0NRT,284.26,14.98,N
-26.66903,27.82817,337.55,0.43,0.38,2025-03-19,2326,N20,nominal,2.0NRT,286.77,16.13,N
-26.66666,27.81085,297.47,0.43,0.38,2025-03-19,2326,N20,nominal,2.0NRT,282.06,0.83,N
-26.68626,27.95476,298.23,0.44,0.38,2025-03-19,2326,N20,nominal,2.0NRT,283.64,0.75,N
-26.67016,27.81026,304.64,0.43,0.38,2025-03-19,2326,N20,nominal,2.0NRT,282.16,0.83,N
-26.70327,27.94739,296.23,0.44,0.38,2025-03-19,2326,N20,nominal,2.0NRT,284.47,0.73,N
-26.71735,27.94502,302.14,0.44,0.38,2025-03-19,2326,N20,nominal,2.0NRT,284.93,0.79,N
-26.7214,27.92197,297.67,0.44,0.38,2025-03-19,2326,N20,nominal,2.0NRT,284.16,0.96,N
-27.71547,30.00484,295.39,0.56,0.43,2025-03-19,2326,N20,nominal,2.0NRT,285.08,0.81,N
-27.71943,30.00428,302.75,0.56,0.43,2025-03-19,2326,N20,nominal,2.0NRT,285.68,0.81,N
-27.21992,22.89814,303.1,0.41,0.37,2025-03-19,2326,N20,nominal,2.0NRT,289.79,0.54,N
-27.71245,25.55331,299.63,0.39,0.36,2025-03-19,2326,N20,nominal,2.0NRT,287.68,0.34,N
-28.6779,32.13304,312.76,0.5,0.49,2025-03-19,2326,N20,nominal,2.0NRT,290.67,2.03,N
-28.86358,31.54697,306.76,0.47,0.47,2025-03-19,2326,N20,nominal,2.0NRT,287.87,0.8,N
-28.20878,23.54689,304.2,0.39,0.36,2025-03-19,2326,N20,nominal,2.0NRT,289.16,0.81,N
-28.35946,23.50783,304.76,0.39,0.36,2025-03-19,2326,N20,nominal,2.0NRT,288.2,0.78,N
-29.41786,31.15568,305.24,0.45,0.47,2025-03-19,2326,N20,nominal,2.0NRT,288.84,0.67,N
-29.41979,31.15754,304.34,0.45,0.47,2025-03-19,2326,N20,nominal,2.0NRT,288.9,0.9,N
-29.71342,30.61424,306.04,0.42,0.45,2025-03-19,2326,N20,nominal,2.0NRT,288.53,0.93,N
-29.79137,30.66294,298.09,0.42,0.46,2025-03-19,2326,N20,nominal,2.0NRT,287.79,0.4,N
-30.67257,30.34349,304.14,0.42,0.45,2025-03-19,2326,N20,nominal,2.0NRT,291.07,0.98,N
-34.03089,25.60749,317.84,0.42,0.38,2025-03-19,2329,N20,nominal,2.0NRT,291.77,2.21,N
-34.03783,25.6062,307.48,0.42,0.38,2025-03-19,2329,N20,nominal,2.0NRT,291.52,1.05,N
-33.40847,18.72812,302.37,0.49,0.4,2025-03-19,2329,N20,nominal,2.0NRT,290.96,0.7,N
-34.16392,21.96096,306.94,0.39,0.36,2025-03-19,2329,N20,nominal,2.0NRT,289.46,0.66,N
-34.16462,21.96518,300.69,0.39,0.36,2025-03-19,2329,N20,nominal,2.0NRT,289.77,0.55,N
-34.16725,21.96016,312.49,0.39,0.36,2025-03-19,2329,N20,nominal,2.0NRT,290.89,1.41,N
-33.59165,18.45906,310.64,0.5,0.41,2025-03-19,2329,N20,nominal,2.0NRT,290.36,1.7,N
-33.58845,18.4637,303.16,0.5,0.41,2025-03-19,2329,N20,nominal,2.0NRT,287.09,1.18,N
-33.59109,18.45721,309.57,0.5,0.41,2025-03-19,2329,N20,nominal,2.0NRT,290.08,1.18,N
-34.31878,21.43867,317.82,0.4,0.37,2025-03-19,2329,N20,nominal,2.0NRT,289.28,1.58,N
-34.31951,21.44297,317.11,0.4,0.37,2025-03-19,2329,N20,nominal,2.0NRT,289.18,1.45,N
-33.87353,18.80486,297.71,0.48,0.4,2025-03-19,2329,N20,nominal,2.0NRT,287.41,0.31,N
-33.96875,18.58186,303.71,0.49,0.4,2025-03-19,2329,N20,nominal,2.0NRT,289.85,0.75,N
-8.34318,35.31515,297.12,0.44,0.46,2025-03-19,2320,N20,nominal,2.0NRT,283.71,0.6,N
-12.07431,26.39697,329.29,0.42,0.38,2025-03-19,2322,N20,nominal,2.0NRT,282.56,2.72,N
-12.07776,26.39635,323.75,0.42,0.38,2025-03-19,2322,N20,nominal,2.0NRT,286.42,8.86,N
-12.0784,26.40024,299.44,0.42,0.38,2025-03-19,2322,N20,nominal,2.0NRT,279.9,8.86,N
-12.08121,26.39573,300.66,0.42,0.38,2025-03-19,2322,N20,nominal,2.0NRT,280.36,8.86,N
-14.05798,32.49269,303.22,0.53,0.42,2025-03-19,2322,N20,nominal,2.0NRT,287.84,0.78,N
-14.19849,28.47418,299.92,0.38,0.36,2025-03-19,2322,N20,nominal,2.0NRT,286.56,0.54,N
-14.49209,28.46318,327.79,0.39,0.36,2025-03-19,2322,N20,nominal,2.0NRT,289.19,3.02,N
-14.70707,26.80638,317.95,0.4,0.37,2025-03-19,2322,N20,nominal,2.0NRT,287.87,2.71,N
-14.71042,26.80583,337.32,0.4,0.37,2025-03-19,2322,N20,nominal,2.0NRT,289.18,2.71,N
-15.8903,33.0321,304.87,0.4,0.44,2025-03-19,2322,N20,nominal,2.0NRT,290.66,0.53,N
-15.89435,33.03146,325.79,0.4,0.44,2025-03-19,2322,N20,nominal,2.0NRT,292.21,2.73,N
-15.92973,33.01535,302.07,0.4,0.44,2025-03-19,2322,N20,nominal,2.0NRT,291.38,0.91,N
-16.12031,33.76247,305.07,0.44,0.46,2025-03-19,2322,N20,nominal,2.0NRT,293.09,2.38,N
-16.16458,33.80254,304.1,0.45,0.47,2025-03-19,2322,N20,nominal,2.0NRT,291.02,0.78,N
-15.37418,28.21986,307.15,0.38,0.36,2025-03-19,2322,N20,nominal,2.0NRT,287.52,0.71,N
-16.19143,33.84142,303.48,0.45,0.47,2025-03-19,2322,N20,nominal,2.0NRT,292.37,2.37,N
-15.55556,28.49068,299.96,0.39,0.36,2025-03-19,2322,N20,nominal,2.0NRT,288.78,0.51,N
-15.54484,28.26931,302.54,0.39,0.36,2025-03-19,2322,N20,nominal,2.0NRT,288.58,0.89,N
-17.34385,27.20426,313.18,0.38,0.36,2025-03-19,2322,N20,nominal,2.0NRT,292.63,1.56,N
-17.34442,27.20786,310.71,0.38,0.36,2025-03-19,2322,N20,nominal,2.0NRT,293.58,1.29,N
-17.47571,27.09266,302.8,0.38,0.36,2025-03-19,2322,N20,nominal,2.0NRT,291.46,0.42,N
-18.52765,32.65213,297.47,0.41,0.45,2025-03-19,2322,N20,nominal,2.0NRT,284.44,0.78,N
-17.2993,24.13937,311.81,0.46,0.39,2025-03-19,2322,N20,nominal,2.0NRT,291.87,1.53,N
-17.39251,24.65656,302.9,0.44,0.38,2025-03-19,2322,N20,nominal,2.0NRT,290.01,0.94,N
-17.95685,25.81996,303.46,0.4,0.37,2025-03-19,2322,N20,nominal,2.0NRT,289.85,0.44,N
-18.33311,26.63333,308.1,0.39,0.36,2025-03-19,2322,N20,nominal,2.0NRT,293.41,1.06,N
-18.36099,26.65836,317.6,0.39,0.36,2025-03-19,2322,N20,nominal,2.0NRT,293.52,1.29,N
-18.36157,26.66199,318.09,0.39,0.36,2025-03-19,2322,N20,nominal,2.0NRT,293.54,1.22,N
-18.36216,26.66564,308.82,0.39,0.36,2025-03-19,2322,N20,nominal,2.0NRT,292.93,1.22,N
-18.34998,26.42031,302.65,0.39,0.36,2025-03-19,2322,N20,nominal,2.0NRT,290.75,0.32,N
-18.36605,26.47763,332.3,0.39,0.36,2025-03-19,2322,N20,nominal,2.0NRT,296.33,5.75,N
-18.36937,26.47705,347.23,0.39,0.36,2025-03-19,2322,N20,nominal,2.0NRT,301.94,5.75,N
-18.36525,26.45148,316.31,0.39,0.36,2025-03-19,2322,N20,nominal,2.0NRT,295,2.16,N
-18.37328,26.48012,308.77,0.39,0.36,2025-03-19,2322,N20,nominal,2.0NRT,292.58,0.74,N
-18.37189,26.45031,344.38,0.39,0.36,2025-03-19,2322,N20,nominal,2.0NRT,297.92,6.68,N
-18.40121,26.50532,308.06,0.39,0.36,2025-03-19,2322,N20,nominal,2.0NRT,291.4,0.71,N
-18.40941,26.4926,302.45,0.39,0.36,2025-03-19,2322,N20,nominal,2.0NRT,291.26,0.26,N
-18.42918,26.51165,331.42,0.39,0.36,2025-03-19,2322,N20,nominal,2.0NRT,293.49,3.07,N
-18.42151,26.46416,308.93,0.39,0.36,2025-03-19,2322,N20,nominal,2.0NRT,290.72,1.02,N
-18.4221,26.46782,312.3,0.39,0.36,2025-03-19,2322,N20,nominal,2.0NRT,291.53,1.02,N
-18.43971,26.51349,308.37,0.39,0.36,2025-03-19,2322,N20,nominal,2.0NRT,292.66,1.45,N
-18.44303,26.5129,317.54,0.39,0.36,2025-03-19,2322,N20,nominal,2.0NRT,293,1.45,N
-18.44421,26.52019,306.97,0.39,0.36,2025-03-19,2322,N20,nominal,2.0NRT,292.21,1.98,N
-18.44047,26.47583,323.83,0.39,0.36,2025-03-19,2322,N20,nominal,2.0NRT,293.48,3.27,N
-21.13985,31.22024,299.09,0.54,0.42,2025-03-19,2324,N20,nominal,2.0NRT,288.53,0.48,N
-4.5081,12.05011,297.47,0.54,0.51,2025-03-20,0100,N20,nominal,2.0NRT,258.47,1.09,N
-4.51201,12.05222,298.84,0.54,0.51,2025-03-20,0100,N20,nominal,2.0NRT,257.44,0.86,N
-4.51929,11.41778,327.96,0.49,0.48,2025-03-20,0100,N20,nominal,2.0NRT,272.13,3.28,N
-4.51888,11.41913,322.97,0.49,0.48,2025-03-20,0100,N20,nominal,2.0NRT,272.65,2.7,N
-4.85879,12.01958,329.42,0.54,0.51,2025-03-20,0100,N20,nominal,2.0NRT,259.9,2.05,N
-4.85949,12.02439,298.51,0.54,0.51,2025-03-20,0100,N20,nominal,2.0NRT,259.59,2.05,N
-4.86413,12.02366,311.46,0.54,0.51,2025-03-20,0100,N20,nominal,2.0NRT,259.75,1.42,N
-4.93085,12.08866,335.66,0.55,0.51,2025-03-20,0100,N20,nominal,2.0NRT,276.12,6.51,N
-4.9316,12.09364,309.9,0.55,0.51,2025-03-20,0100,N20,nominal,2.0NRT,275.66,6.51,N
-4.93553,12.08799,340.42,0.55,0.51,2025-03-20,0100,N20,nominal,2.0NRT,277.4,6.51,N
-4.93627,12.09296,308.5,0.55,0.51,2025-03-20,0100,N20,nominal,2.0NRT,276.33,6.51,N
-4.92915,12.09187,304.08,0.55,0.51,2025-03-20,0100,N20,nominal,2.0NRT,275.72,1.31,N
-4.93382,12.09121,343.08,0.55,0.51,2025-03-20,0100,N20,nominal,2.0NRT,277.98,22.26,N
-4.93311,12.08623,311.6,0.55,0.51,2025-03-20,0100,N20,nominal,2.0NRT,276.87,8.37,N
-4.92319,11.38365,339.26,0.49,0.49,2025-03-20,0100,N20,nominal,2.0NRT,275.21,7.02,N
-4.92253,11.37927,305.39,0.49,0.49,2025-03-20,0100,N20,nominal,2.0NRT,273.41,3.44,N
-5.02695,11.57006,309.95,0.51,0.49,2025-03-20,0100,N20,nominal,2.0NRT,284.24,1.85,N
-5.20519,11.70103,311.35,0.52,0.5,2025-03-20,0100,N20,nominal,2.0NRT,274.94,1.93,N
-5.20085,11.69878,302.71,0.52,0.5,2025-03-20,0100,N20,nominal,2.0NRT,274.55,1.29,N
-5.20542,11.69811,304.22,0.52,0.5,2025-03-20,0100,N20,nominal,2.0NRT,274.77,1.29,N
-5.28172,11.38403,336.87,0.5,0.49,2025-03-20,0100,N20,nominal,2.0NRT,284.99,6.24,N
-5.28236,11.38847,334.05,0.5,0.49,2025-03-20,0100,N20,nominal,2.0NRT,286.18,6.24,N
-5.37742,11.44304,320.48,0.5,0.49,2025-03-20,0100,N20,nominal,2.0NRT,287.3,3.94,N
-5.3799,11.4442,321.43,0.5,0.49,2025-03-20,0100,N20,nominal,2.0NRT,286.07,3.98,N
-6.13819,11.0316,339.53,0.48,0.48,2025-03-20,0100,N20,nominal,2.0NRT,288.82,6.63,N
-6.14261,11.03095,318.42,0.48,0.48,2025-03-20,0100,N20,nominal,2.0NRT,288.1,6.63,N
-6.31887,11.27808,317.78,0.5,0.49,2025-03-20,0100,N20,nominal,2.0NRT,290.09,5.31,N
-6.32104,11.28117,324.42,0.51,0.49,2025-03-20,0100,N20,nominal,2.0NRT,289.75,4.66,N
-6.85767,12.39373,346.13,0.61,0.54,2025-03-20,0100,N20,nominal,2.0NRT,289.27,45.26,N
-6.85689,12.38822,308.63,0.61,0.54,2025-03-20,0100,N20,nominal,2.0NRT,287.97,8.72,N
-7.84433,12.11402,334.01,0.61,0.53,2025-03-20,0102,N20,nominal,2.0NRT,265.95,6.63,N
-7.84355,12.10857,297.82,0.6,0.53,2025-03-20,0102,N20,nominal,2.0NRT,267.19,2.92,N
-7.84683,12.1116,339.76,0.61,0.53,2025-03-20,0102,N20,nominal,2.0NRT,267.93,6.68,N
-7.84757,12.11707,307.55,0.61,0.53,2025-03-20,0102,N20,nominal,2.0NRT,267.33,4.93,N
-10.76318,15.34794,298.37,0.56,0.69,2025-03-20,0102,N20,nominal,2.0NRT,263.4,0.81,N
-21.06824,15.05382,303.62,0.7,0.75,2025-03-20,0105,N20,nominal,2.0NRT,278.38,0.23,N
-20.39338,46.91993,333.98,0.51,0.41,2025-03-20,1011,N20,nominal,2.0NRT,298.74,2.98,D
-20.51116,45.97289,336.28,0.39,0.44,2025-03-20,1011,N20,nominal,2.0NRT,299.75,3.12,D
-20.31344,45.87306,330.19,0.39,0.44,2025-03-20,1011,N20,nominal,2.0NRT,300.52,2.12,D
-20.21614,45.89251,330.23,0.39,0.44,2025-03-20,1011,N20,low,2.0NRT,302.4,3.61,D
-20.3525,44.33653,333.87,0.48,0.48,2025-03-20,1011,N20,nominal,2.0NRT,298.26,4.39,D
-19.93594,45.98003,344.09,0.57,0.43,2025-03-20,1011,N20,nominal,2.0NRT,301.79,8.76,D
-19.95823,45.31857,340.93,0.42,0.45,2025-03-20,1011,N20,nominal,2.0NRT,301.41,2.02,D
-19.84268,45.76782,340.07,0.39,0.44,2025-03-20,1011,N20,nominal,2.0NRT,302.84,3.33,D
-19.67535,45.78774,332.92,0.39,0.44,2025-03-20,1011,N20,nominal,2.0NRT,300.73,2.53,D
-19.6744,45.78753,333.45,0.39,0.44,2025-03-20,1011,N20,nominal,2.0NRT,300.37,2.73,D
-19.67197,45.05384,339.51,0.43,0.46,2025-03-20,1011,N20,nominal,2.0NRT,296.82,2.49,D
-19.51701,46.01883,335.2,0.56,0.43,2025-03-20,1011,N20,nominal,2.0NRT,300.51,5.52,D
-19.42034,46.05248,332.98,0.56,0.43,2025-03-20,1011,N20,nominal,2.0NRT,297.69,3.07,D
-19.42156,46.05045,334.25,0.56,0.43,2025-03-20,1011,N20,nominal,2.0NRT,298.23,3.99,D
-19.25232,45.76711,337.32,0.38,0.43,2025-03-20,1011,N20,nominal,2.0NRT,298.78,3.35,D
-19.0841,44.94611,334.78,0.43,0.46,2025-03-20,1011,N20,nominal,2.0NRT,297.55,2.59,D
-18.43593,47.58844,333.46,0.45,0.39,2025-03-20,1011,N20,nominal,2.0NRT,284.29,6.76,D
-17.49867,47.1727,334.7,0.46,0.39,2025-03-20,1011,N20,nominal,2.0NRT,297.6,9.08,D
-17.25423,45.07703,335.11,0.4,0.44,2025-03-20,1011,N20,nominal,2.0NRT,294.88,4.56,D
-16.8652,47.51119,332.73,0.44,0.38,2025-03-20,1011,N20,nominal,2.0NRT,293.94,1.58,D
-15.45587,47.69658,333.93,0.42,0.38,2025-03-20,1013,N20,nominal,2.0NRT,291.43,2.8,D
-6.33814,39.52874,367,0.33,0.55,2025-03-20,1015,N20,high,2.0NRT,292.21,6.67,D
-6.4928,37.09105,336.91,0.49,0.65,2025-03-20,1015,N20,nominal,2.0NRT,282.87,4.77,D
-5.67896,38.86732,335.88,0.36,0.57,2025-03-20,1015,N20,nominal,2.0NRT,287.68,2,D
-5.63507,38.24011,329.13,0.39,0.6,2025-03-20,1015,N20,nominal,2.0NRT,287.27,2.4,D
-5.52815,38.52551,335.77,0.38,0.58,2025-03-20,1015,N20,nominal,2.0NRT,290.83,4.08,D
-5.38617,38.85444,334.17,0.35,0.57,2025-03-20,1015,N20,nominal,2.0NRT,290.44,6.34,D
-5.35526,38.42708,330.86,0.38,0.59,2025-03-20,1015,N20,nominal,2.0NRT,293.6,3.33,D
-5.2497,38.91398,334.69,0.35,0.57,2025-03-20,1015,N20,nominal,2.0NRT,283.99,2.92,D
-5.20188,38.48454,354.28,0.37,0.58,2025-03-20,1015,N20,nominal,2.0NRT,292.88,5.4,D
-5.20234,38.48121,343.64,0.37,0.58,2025-03-20,1015,N20,nominal,2.0NRT,293.63,5.4,D
-5.17378,37.95468,332.72,0.41,0.6,2025-03-20,1015,N20,nominal,2.0NRT,286.03,3.03,D
-4.99916,39.06266,343.27,0.34,0.56,2025-03-20,1015,N20,nominal,2.0NRT,288.86,3.7,D
-4.7788,39.08283,330.58,0.33,0.56,2025-03-20,1015,N20,nominal,2.0NRT,285.31,1.82,D
-4.55769,39.26519,349.57,0.32,0.55,2025-03-20,1015,N20,nominal,2.0NRT,290.43,7.35,D
-4.55809,39.2623,355.37,0.32,0.55,2025-03-20,1015,N20,nominal,2.0NRT,291.66,7.35,D
-4.55307,39.2616,337.51,0.32,0.55,2025-03-20,1015,N20,nominal,2.0NRT,290.12,3.38,D
-4.53879,39.25378,338.18,0.32,0.55,2025-03-20,1015,N20,nominal,2.0NRT,288.75,1.97,D
-4.5391,39.2529,339.86,0.32,0.55,2025-03-20,1015,N20,nominal,2.0NRT,289.63,2.76,D
-4.50433,39.24522,367,0.32,0.55,2025-03-20,1015,N20,high,2.0NRT,291.24,6.58,D
-4.49971,39.2417,367,0.32,0.55,2025-03-20,1015,N20,high,2.0NRT,292.21,5.13,D
-4.4993,39.24459,346.09,0.32,0.55,2025-03-20,1015,N20,nominal,2.0NRT,290.71,5.13,D
-4.45255,39.42823,332.22,0.63,0.54,2025-03-20,1015,N20,nominal,2.0NRT,290.5,4.66,D
-4.03312,38.27129,334.5,0.37,0.58,2025-03-20,1015,N20,nominal,2.0NRT,287.96,5.98,D
-4.03405,38.26464,345.94,0.37,0.58,2025-03-20,1015,N20,nominal,2.0NRT,289.65,6.94,D
-4.03358,38.26797,356.44,0.37,0.58,2025-03-20,1015,N20,low,2.0NRT,288.39,5.98,D
-4.02872,38.26386,334.19,0.37,0.58,2025-03-20,1015,N20,nominal,2.0NRT,288.33,11.54,D
-4.02825,38.2672,356.93,0.37,0.58,2025-03-20,1015,N20,low,2.0NRT,288.54,12,D
-4.02339,38.26305,367,0.37,0.58,2025-03-20,1015,N20,high,2.0NRT,290.22,11.54,D
-4.02292,38.2664,330.71,0.37,0.58,2025-03-20,1015,N20,nominal,2.0NRT,286.52,12,D
-4.03462,38.27146,329.59,0.37,0.58,2025-03-20,1015,N20,nominal,2.0NRT,288.07,1.81,D
-4.03511,38.26814,333.54,0.37,0.58,2025-03-20,1015,N20,nominal,2.0NRT,286.53,1.81,D
-4.0356,38.26482,348.83,0.37,0.58,2025-03-20,1015,N20,nominal,2.0NRT,288.83,2.54,D
-4.03027,38.26406,331.97,0.37,0.58,2025-03-20,1015,N20,nominal,2.0NRT,288.39,12,D
-4.02978,38.2674,356.24,0.37,0.58,2025-03-20,1015,N20,low,2.0NRT,289.74,12.28,D
-4.02494,38.26327,367,0.37,0.58,2025-03-20,1015,N20,high,2.0NRT,290.53,12,D
-4.02445,38.26661,337.16,0.37,0.58,2025-03-20,1015,N20,nominal,2.0NRT,287.3,12.28,D
-4.01962,38.26249,344.45,0.37,0.58,2025-03-20,1015,N20,nominal,2.0NRT,285.67,2.89,D
-4.01576,38.25166,345.38,0.37,0.58,2025-03-20,1015,N20,nominal,2.0NRT,285.38,4.43,D
-4.01624,38.24831,334.83,0.37,0.58,2025-03-20,1015,N20,nominal,2.0NRT,285.7,6.11,D
-4.01189,38.24083,345.04,0.37,0.58,2025-03-20,1015,N20,nominal,2.0NRT,287.27,9.29,D
-4.0114,38.24415,356.13,0.37,0.58,2025-03-20,1015,N20,low,2.0NRT,286.02,10.57,D
-24.19089,45.81258,339.63,0.44,0.46,2025-03-20,1011,N20,nominal,2.0NRT,297.53,4.42,D
-22.43852,44.4755,333.56,0.5,0.49,2025-03-20,1013,N20,nominal,2.0NRT,298.12,1.91,D
-22.16067,46.65722,331.11,0.55,0.43,2025-03-20,1013,N20,nominal,2.0NRT,297.41,3.13,D
-22.11588,46.60489,330.9,0.56,0.43,2025-03-20,1013,N20,nominal,2.0NRT,299.84,6.85,D
-22.11652,46.59973,339.31,0.56,0.43,2025-03-20,1013,N20,nominal,2.0NRT,299.44,6.49,D
-22.10806,46.60309,337.51,0.56,0.43,2025-03-20,1013,N20,nominal,2.0NRT,301.65,5.68,D
-21.7611,45.74334,336.74,0.41,0.45,2025-03-20,1013,N20,nominal,2.0NRT,301.79,3.6,D
-21.60899,46.58301,333.14,0.55,0.43,2025-03-20,1013,N20,nominal,2.0NRT,300.2,4.85,D
-21.53173,46.6265,330.45,0.55,0.42,2025-03-20,1013,N20,nominal,2.0NRT,298.81,2.2,D
-21.53429,45.77674,331.45,0.41,0.45,2025-03-20,1013,N20,nominal,2.0NRT,301.89,2.41,D
-21.35971,46.43903,331.95,0.56,0.43,2025-03-20,1013,N20,nominal,2.0NRT,300.38,3.37,D
-21.55992,43.66491,333.14,0.55,0.51,2025-03-20,1013,N20,nominal,2.0NRT,298.1,3.22,D
-21.05443,46.97693,335.64,0.52,0.41,2025-03-20,1013,N20,nominal,2.0NRT,297.54,3.15,D
-21.08031,46.47995,334.76,0.55,0.43,2025-03-20,1013,N20,nominal,2.0NRT,300.96,3.99,D
-21.08099,46.47458,331.04,0.55,0.43,2025-03-20,1013,N20,nominal,2.0NRT,299.16,2.76,D
-21.03097,44.39713,338.08,0.49,0.48,2025-03-20,1013,N20,nominal,2.0NRT,298.16,3.46,D
-18.53727,23.55492,345.67,0.41,0.37,2025-03-20,1153,N20,nominal,2.0NRT,302.08,9.84,D
-17.34589,27.20671,330.41,0.42,0.37,2025-03-20,1153,N20,low,2.0NRT,303.11,4.81,D
-17.57255,24.93279,331.25,0.38,0.36,2025-03-20,1153,N20,nominal,2.0NRT,300.42,3.11,D
-34.03839,25.60473,367,0.46,0.39,2025-03-20,1149,N20,high,2.0NRT,339.31,55.47,D
-17.34785,24.14389,336.44,0.39,0.36,2025-03-20,1153,N20,nominal,2.0NRT,305.93,3.39,D
-15.87243,28.88124,341.61,0.51,0.41,2025-03-20,1153,N20,nominal,2.0NRT,309.87,5.91,D
-34.03714,25.61485,343.83,0.46,0.39,2025-03-20,1149,N20,nominal,2.0NRT,304.95,13.9,D
-15.86864,28.88051,336.2,0.51,0.41,2025-03-20,1153,N20,nominal,2.0NRT,309.07,5.91,D
-34.03777,25.6098,345.9,0.46,0.39,2025-03-20,1149,N20,nominal,2.0NRT,308.36,13.9,D
-15.10894,28.1153,334.7,0.48,0.4,2025-03-20,1153,N20,nominal,2.0NRT,300.94,5.5,D
-34.03901,25.59968,334.56,0.46,0.39,2025-03-20,1149,N20,nominal,2.0NRT,309.02,55.47,D
-15.10527,28.11465,336.86,0.48,0.4,2025-03-20,1153,N20,nominal,2.0NRT,300.04,5.5,D
-34.03412,25.60921,353,0.46,0.39,2025-03-20,1149,N20,nominal,2.0NRT,316.83,51.25,D
-14.67302,27.91934,332.13,0.48,0.4,2025-03-20,1153,N20,nominal,2.0NRT,299.77,2.48,D
-34.03474,25.60416,367,0.46,0.39,2025-03-20,1149,N20,low,2.0NRT,330.84,143.48,D
-14.70607,26.80628,338.44,0.43,0.38,2025-03-20,1153,N20,nominal,2.0NRT,290.89,3.91,D
-34.03047,25.60863,349.86,0.46,0.39,2025-03-20,1149,N20,nominal,2.0NRT,317.17,51.25,D
-9.20425,35.23161,338.96,0.57,0.69,2025-03-20,1155,N20,nominal,2.0NRT,286.86,8.23,D
-33.94896,25.42679,333.81,0.47,0.4,2025-03-20,1149,N20,nominal,2.0NRT,307.83,6.27,D
-9.20201,35.23217,327.61,0.57,0.69,2025-03-20,1155,N20,nominal,2.0NRT,284.09,7.6,D
-33.94529,25.42617,334.42,0.47,0.4,2025-03-20,1149,N20,nominal,2.0NRT,307.04,6.27,D
-10.46626,14.43534,354.27,0.36,0.57,2025-03-20,1155,N20,nominal,2.0NRT,288.67,12.94,D
-33.9062,25.40889,347.55,0.47,0.4,2025-03-20,1149,N20,nominal,2.0NRT,312.1,44.6,D
-33.89636,25.33399,351.25,0.47,0.4,2025-03-20,1149,N20,nominal,2.0NRT,306.27,6.05,D
-10.46661,14.43253,356.3,0.36,0.57,2025-03-20,1155,N20,low,2.0NRT,289.72,12.13,D
-33.87268,25.47035,338.38,0.47,0.4,2025-03-20,1149,N20,nominal,2.0NRT,310.79,3.36,D
-10.09435,14.92063,326.38,0.33,0.55,2025-03-20,1155,N20,nominal,2.0NRT,284.67,1.48,D
-33.86468,24.54028,349.12,0.51,0.41,2025-03-20,1149,N20,nominal,2.0NRT,313.58,51.74,D
-9.57756,15.20164,339.97,0.62,0.54,2025-03-20,1155,N20,nominal,2.0NRT,290.68,8.2,D
-33.86086,24.53963,344.27,0.51,0.41,2025-03-20,1149,N20,nominal,2.0NRT,308.24,24.15,D
-9.34398,16.39849,325.95,0.51,0.49,2025-03-20,1155,N20,nominal,2.0NRT,290.69,3.26,D
-33.86215,24.54356,336.32,0.51,0.41,2025-03-20,1149,N20,nominal,2.0NRT,306.93,31.78,D
-9.3264,15.94044,325.58,0.55,0.51,2025-03-20,1155,N20,nominal,2.0NRT,292.47,4.34,D
-32.596,27.95401,341.32,0.39,0.36,2025-03-20,1149,N20,nominal,2.0NRT,304.68,3.69,D
-9.28436,15.97036,327.85,0.54,0.51,2025-03-20,1155,N20,nominal,2.0NRT,294.07,5.22,D
-9.02597,15.56314,328.44,0.57,0.52,2025-03-20,1155,N20,nominal,2.0NRT,291.46,5.09,D
-32.56731,27.63899,343.09,0.39,0.36,2025-03-20,1149,N20,nominal,2.0NRT,311.42,5.29,D
-32.54153,27.02281,333,0.41,0.37,2025-03-20,1149,N20,nominal,2.0NRT,306.03,3.3,D
-7.6733,22.60983,331,0.38,0.36,2025-03-20,1155,N20,nominal,2.0NRT,294.1,3.76,D
-32.47159,26.97504,330.73,0.41,0.37,2025-03-20,1149,N20,nominal,2.0NRT,294.96,11.5,D
-31.88918,28.92407,337.22,0.38,0.36,2025-03-20,1149,N20,nominal,2.0NRT,305.08,5.16,D
-7.68012,22.56473,337.23,0.38,0.36,2025-03-20,1155,N20,nominal,2.0NRT,294.17,2.73,D
-8.39587,14.77465,334,0.32,0.54,2025-03-20,1155,N20,nominal,2.0NRT,292.31,1.86,D
-32.22712,25.78362,340.64,0.44,0.38,2025-03-20,1149,N20,nominal,2.0NRT,313.5,5.1,D
-31.34507,29.87769,330.66,0.39,0.36,2025-03-20,1149,N20,low,2.0NRT,301.63,1.94,D
-7.39957,21.76917,337.79,0.39,0.36,2025-03-20,1155,N20,nominal,2.0NRT,292.03,3.39,D
-7.43263,20.34663,344.48,0.43,0.38,2025-03-20,1155,N20,nominal,2.0NRT,295.44,9.75,D
-31.20692,29.92939,343.98,0.39,0.36,2025-03-20,1149,N20,nominal,2.0NRT,307.42,8.34,D
-31.18142,28.60449,330.46,0.38,0.36,2025-03-20,1149,N20,nominal,2.0NRT,295.95,2,D
-8.06895,15.57132,325.43,0.56,0.51,2025-03-20,1157,N20,nominal,2.0NRT,292.05,3.83,D
-31.0246,28.76365,329.68,0.38,0.36,2025-03-20,1149,N20,low,2.0NRT,303.46,2.24,D
-7.13469,21.54673,338.66,0.39,0.36,2025-03-20,1157,N20,nominal,2.0NRT,292.19,5.12,D
-30.58253,29.90241,341.34,0.4,0.37,2025-03-20,1149,N20,nominal,2.0NRT,302.6,4.24,D
-7.83197,15.41545,332.09,0.57,0.52,2025-03-20,1157,N20,nominal,2.0NRT,292.2,7.25,D
-7.83105,15.4136,340.22,0.57,0.52,2025-03-20,1157,N20,nominal,2.0NRT,292.18,8.53,D
-30.19024,30.10987,339,0.4,0.37,2025-03-20,1149,N20,nominal,2.0NRT,311.54,5.72,D
-7.69122,15.55769,326.18,0.55,0.51,2025-03-20,1157,N20,nominal,2.0NRT,291.37,3.91,D
-30.19094,30.10568,336.7,0.4,0.37,2025-03-20,1149,N20,nominal,2.0NRT,309.84,5.72,D
-7.69342,15.56044,326.72,0.55,0.51,2025-03-20,1157,N20,nominal,2.0NRT,291.46,4.61,D
-30.18685,30.10918,367,0.4,0.37,2025-03-20,1149,N20,high,2.0NRT,305.24,8.15,D
-7.41626,16.65986,336.77,0.46,0.47,2025-03-20,1157,N20,nominal,2.0NRT,293.46,4.3,D
-30.18755,30.10499,347.61,0.4,0.37,2025-03-20,1149,N20,nominal,2.0NRT,306.44,8.15,D
-6.45728,23.08771,335.2,0.39,0.36,2025-03-20,1157,N20,nominal,2.0NRT,290.13,6.41,D
-29.98536,30.47429,329.27,0.41,0.37,2025-03-20,1149,N20,low,2.0NRT,299.33,2.35,D
-6.36631,22.97294,332.93,0.39,0.36,2025-03-20,1157,N20,nominal,2.0NRT,294.61,4.18,D
-6.36352,22.96897,331.68,0.39,0.36,2025-03-20,1157,N20,nominal,2.0NRT,294.64,4.18,D
-29.89458,30.44458,335.24,0.41,0.37,2025-03-20,1149,N20,nominal,2.0NRT,301.13,3.77,D
-6.35637,22.97142,333.92,0.39,0.36,2025-03-20,1157,N20,nominal,2.0NRT,294.75,2.54,D
-29.92268,30.19618,336.41,0.41,0.37,2025-03-20,1149,N20,nominal,2.0NRT,303.09,20.16,D
-6.34562,22.93071,330.05,0.39,0.36,2025-03-20,1157,N20,nominal,2.0NRT,294.99,13.37,D
-29.9234,30.19191,320.68,0.41,0.37,2025-03-20,1149,N20,low,2.0NRT,322.99,70.57,D
-7.85092,12.11515,342.51,0.48,0.65,2025-03-20,1157,N20,nominal,2.0NRT,289.67,8.2,D
-29.92273,30.19659,332.73,0.41,0.37,2025-03-20,1149,N20,nominal,2.0NRT,301.92,9.86,D
-7.85147,12.11082,355.76,0.48,0.65,2025-03-20,1157,N20,nominal,2.0NRT,289.87,8.2,D
-29.92004,30.1916,347.62,0.41,0.37,2025-03-20,1149,N20,nominal,2.0NRT,313.1,130.31,D
-7.52255,14.29482,367,0.33,0.56,2025-03-20,1157,N20,high,2.0NRT,292.43,7.89,D
-29.79021,30.33884,331.82,0.41,0.37,2025-03-20,1149,N20,nominal,2.0NRT,302.28,2.77,D
-29.68727,29.71186,337.29,0.4,0.37,2025-03-20,1149,N20,nominal,2.0NRT,304.41,5.46,D
-6.4959,20.43505,334.9,0.42,0.38,2025-03-20,1157,N20,nominal,2.0NRT,297.86,7.5,D
-29.4796,30.09372,349.61,0.41,0.37,2025-03-20,1149,N20,nominal,2.0NRT,302.98,6.66,D
-6.46461,20.48044,336.82,0.42,0.37,2025-03-20,1157,N20,nominal,2.0NRT,296.09,3.96,D
-29.47621,30.09293,340.17,0.41,0.37,2025-03-20,1149,N20,nominal,2.0NRT,307.41,35.18,D
-6.45304,20.46336,331.24,0.42,0.38,2025-03-20,1157,N20,low,2.0NRT,300.48,3.54,D
-29.25715,30.59674,329.39,0.42,0.38,2025-03-20,1149,N20,nominal,2.0NRT,292.11,28.58,D
-29.2579,30.5924,353.16,0.42,0.38,2025-03-20,1149,N20,nominal,2.0NRT,303.28,28.58,D
-6.45351,20.46375,331.59,0.42,0.37,2025-03-20,1157,N20,low,2.0NRT,299.65,4.88,D
-29.25865,30.58805,316.73,0.42,0.38,2025-03-20,1149,N20,low,2.0NRT,320.24,63.7,D
-6.86112,17.25946,345.09,0.41,0.45,2025-03-20,1157,N20,nominal,2.0NRT,292.52,7.88,D
-29.25445,30.5916,367,0.42,0.38,2025-03-20,1149,N20,high,2.0NRT,350.98,278.6,D
-6.26056,20.56103,342.2,0.41,0.37,2025-03-20,1157,N20,nominal,2.0NRT,302.05,6.61,D
-29.23793,30.58342,330.85,0.42,0.38,2025-03-20,1149,N20,nominal,2.0NRT,296.82,12.45,D
-6.22236,20.55907,330.79,0.41,0.37,2025-03-20,1157,N20,low,2.0NRT,300.64,8.55,D
-29.23868,30.57907,339.29,0.42,0.38,2025-03-20,1149,N20,nominal,2.0NRT,306.15,12.45,D
-29.23524,30.57828,347.04,0.42,0.38,2025-03-20,1149,N20,nominal,2.0NRT,301.29,8.57,D
-6.22237,20.55867,329.39,0.41,0.37,2025-03-20,1157,N20,low,2.0NRT,300.44,7.9,D
-27.92937,32.27786,336.55,0.51,0.41,2025-03-20,1149,N20,nominal,2.0NRT,294.22,6.15,D
-6.37574,18.92629,331.69,0.49,0.4,2025-03-20,1157,N20,low,2.0NRT,295.5,3.27,D
-6.38156,18.53493,340.03,0.51,0.41,2025-03-20,1157,N20,nominal,2.0NRT,295.45,5.21,D
-29.00665,25.03847,342.03,0.44,0.38,2025-03-20,1149,N20,nominal,2.0NRT,304.53,9.28,D
-27.42617,32.17302,333.01,0.51,0.41,2025-03-20,1149,N20,nominal,2.0NRT,297.8,5.37,D
-6.1909,18.81248,331.76,0.49,0.4,2025-03-20,1157,N20,nominal,2.0NRT,296.81,5.66,D
-27.28485,30.73504,332.45,0.45,0.39,2025-03-20,1151,N20,nominal,2.0NRT,300.92,3.62,D
-5.49587,23.0525,337.45,0.39,0.36,2025-03-20,1157,N20,nominal,2.0NRT,295.68,5.63,D
-5.63726,21.9657,330.51,0.39,0.36,2025-03-20,1157,N20,nominal,2.0NRT,295.68,2.13,D
-27.12642,30.80489,332.12,0.45,0.39,2025-03-20,1151,N20,low,2.0NRT,303.28,15.32,D
-6.07923,18.96684,332.47,0.48,0.4,2025-03-20,1157,N20,low,2.0NRT,296.8,5.56,D
-26.54191,29.15244,335.02,0.4,0.37,2025-03-20,1151,N20,nominal,2.0NRT,289.9,3.65,D
-5.19612,24.67762,333.21,0.43,0.38,2025-03-20,1157,N20,nominal,2.0NRT,295.31,1.94,D
-25.89002,29.12372,332.05,0.41,0.37,2025-03-20,1151,N20,nominal,2.0NRT,294.28,7.21,D
-5.7654,20.74219,332.04,0.41,0.37,2025-03-20,1157,N20,nominal,2.0NRT,295.34,4.39,D
-25.24123,32.4284,336.67,0.38,0.43,2025-03-20,1151,N20,nominal,2.0NRT,299.88,5.4,D
-5.69912,21.12903,331.65,0.4,0.37,2025-03-20,1157,N20,low,2.0NRT,291.97,5.11,D
-25.72962,27.61091,341.38,0.39,0.36,2025-03-20,1151,N20,nominal,2.0NRT,300.48,9.08,D
-5.92091,19.43275,333.27,0.45,0.39,2025-03-20,1157,N20,low,2.0NRT,297.42,5.57,D
-25.28238,28.41973,331.37,0.4,0.37,2025-03-20,1151,N20,nominal,2.0NRT,295.18,6.96,D
-6.02469,18.57148,332.45,0.5,0.41,2025-03-20,1157,N20,nominal,2.0NRT,291.72,2.27,D
-24.81805,30.12154,337.52,0.45,0.39,2025-03-20,1151,N20,nominal,2.0NRT,303.51,5.82,D
-6.64498,14.10439,327.88,0.33,0.56,2025-03-20,1157,N20,nominal,2.0NRT,287.69,3.71,D
-24.81688,30.11782,335.85,0.45,0.39,2025-03-20,1151,N20,nominal,2.0NRT,304.22,6.22,D
-24.68333,29.03034,333.3,0.41,0.37,2025-03-20,1151,N20,nominal,2.0NRT,300.48,5.37,D
-6.64539,14.10135,337.95,0.33,0.56,2025-03-20,1157,N20,nominal,2.0NRT,288.33,5.01,D
-6.8578,12.39111,334.66,0.44,0.63,2025-03-20,1157,N20,nominal,2.0NRT,286.99,16.69,D
-24.68402,29.02625,330.4,0.41,0.37,2025-03-20,1151,N20,low,2.0NRT,302.84,5.37,D
-24.6806,29.02555,349.58,0.41,0.37,2025-03-20,1151,N20,nominal,2.0NRT,302.49,5.37,D
-6.85728,12.3951,356.38,0.44,0.63,2025-03-20,1157,N20,low,2.0NRT,287.45,27.63,D
-22.8937,30.00979,335.96,0.47,0.4,2025-03-20,1151,N20,nominal,2.0NRT,305.12,3.14,D
-5.76602,19.42728,333.39,0.45,0.39,2025-03-20,1157,N20,low,2.0NRT,299.68,4.02,D
-5.75708,19.41346,342.48,0.45,0.39,2025-03-20,1157,N20,nominal,2.0NRT,297.2,7.44,D
-18.07638,31.04926,340.62,0.42,0.45,2025-03-20,1153,N20,nominal,2.0NRT,299.76,6.77,D
-5.71627,19.44997,331.78,0.45,0.39,2025-03-20,1157,N20,nominal,2.0NRT,297.41,2.61,D
-18.43155,26.51095,337.74,0.39,0.36,2025-03-20,1153,N20,nominal,2.0NRT,309.49,6.06,D
-4.86581,24.93705,344.25,0.44,0.39,2025-03-20,1157,N20,nominal,2.0NRT,296.4,5.98,D
-18.99866,22.3946,331.41,0.45,0.39,2025-03-20,1153,N20,nominal,2.0NRT,298.08,2.42,D
-5.54596,20.45016,349.16,0.41,0.37,2025-03-20,1157,N20,nominal,2.0NRT,299.08,27.55,D
-18.36235,26.66438,334.01,0.4,0.37,2025-03-20,1153,N20,low,2.0NRT,306.85,2.85,D
-5.54651,20.44647,338.87,0.41,0.37,2025-03-20,1157,N20,low,2.0NRT,299.94,31.26,D
-18.36294,26.66066,333.42,0.4,0.37,2025-03-20,1153,N20,low,2.0NRT,305.4,2.85,D
-4.85623,24.95198,337.79,0.45,0.39,2025-03-20,1157,N20,nominal,2.0NRT,300.84,4.86,D
-16.68782,35.59706,332.27,0.44,0.62,2025-03-20,1153,N20,nominal,2.0NRT,291.86,2.75,D
-5.54308,20.44599,340.35,0.41,0.37,2025-03-20,1157,N20,nominal,2.0NRT,301.61,31.26,D
-18.37137,26.47774,349.1,0.39,0.36,2025-03-20,1153,N20,nominal,2.0NRT,315.89,9.39,D
-18.36802,26.47717,350.34,0.39,0.36,2025-03-20,1153,N20,nominal,2.0NRT,318.39,9.39,D
-4.85269,24.9514,340.03,0.45,0.39,2025-03-20,1157,N20,nominal,2.0NRT,300.72,6.85,D
-18.37216,26.45112,348.81,0.39,0.36,2025-03-20,1153,N20,nominal,2.0NRT,311.74,9.99,D
-4.85332,24.94738,336.17,0.45,0.39,2025-03-20,1157,N20,nominal,2.0NRT,298.71,6.85,D
-5.53911,20.44919,341.79,0.41,0.37,2025-03-20,1157,N20,nominal,2.0NRT,296.58,5.56,D
-16.58229,35.55443,344.12,0.43,0.62,2025-03-20,1153,N20,nominal,2.0NRT,291.92,4.81,D
-5.53966,20.44551,343.82,0.41,0.37,2025-03-20,1157,N20,nominal,2.0NRT,296.67,13.91,D
-6.09981,16.60597,329.4,0.44,0.46,2025-03-20,1157,N20,nominal,2.0NRT,294.4,3.72,D
-5.6824,19.4325,333.56,0.45,0.39,2025-03-20,1157,N20,low,2.0NRT,296.47,5.94,D
-6.0929,16.46996,329.04,0.45,0.47,2025-03-20,1157,N20,nominal,2.0NRT,293.77,2.9,D
-5.72407,18.6427,336.08,0.5,0.41,2025-03-20,1157,N20,nominal,2.0NRT,295.37,5.83,D
-4.75863,24.99918,330.18,0.45,0.39,2025-03-20,1157,N20,nominal,2.0NRT,295.67,4.42,D
-5.42751,20.56433,331.61,0.41,0.37,2025-03-20,1157,N20,nominal,2.0NRT,294.67,2.89,D
-5.4466,20.3899,346.23,0.41,0.37,2025-03-20,1157,N20,nominal,2.0NRT,297.41,8.04,D
-4.79122,24.62703,330.44,0.43,0.38,2025-03-20,1157,N20,low,2.0NRT,301.17,22.63,D
-4.78953,24.61489,336.15,0.43,0.38,2025-03-20,1157,N20,nominal,2.0NRT,297.78,3.5,D
-5.99299,16.4773,345.23,0.45,0.47,2025-03-20,1157,N20,nominal,2.0NRT,295.69,13.69,D
-5.99353,16.47346,336.08,0.45,0.47,2025-03-20,1157,N20,nominal,2.0NRT,293.7,13.69,D
-5.97188,16.503,327.52,0.45,0.47,2025-03-20,1157,N20,low,2.0NRT,297.85,3.87,D
-5.96331,16.50179,338.14,0.45,0.47,2025-03-20,1157,N20,nominal,2.0NRT,295.41,5.14,D
-5.96784,16.46935,328.46,0.45,0.47,2025-03-20,1157,N20,nominal,2.0NRT,295.23,2.64,D
-5.95665,16.40649,332.04,0.45,0.47,2025-03-20,1157,N20,nominal,2.0NRT,296.63,2.6,D
-5.9253,16.41046,339.6,0.45,0.47,2025-03-20,1157,N20,nominal,2.0NRT,293.74,2.36,D
-5.54184,19.01581,334.88,0.47,0.4,2025-03-20,1157,N20,nominal,2.0NRT,298.24,5.16,D
-5.25033,20.90742,335.5,0.4,0.37,2025-03-20,1157,N20,nominal,2.0NRT,295.73,3.16,D
-5.56881,18.49388,344.45,0.5,0.41,2025-03-20,1157,N20,nominal,2.0NRT,294.7,10.53,D
-5.49084,18.60152,342.69,0.49,0.41,2025-03-20,1157,N20,nominal,2.0NRT,295.38,8.66,D
-4.59929,24.39648,336.46,0.43,0.38,2025-03-20,1157,N20,nominal,2.0NRT,295.28,9,D
-4.59989,24.39264,342.69,0.43,0.38,2025-03-20,1157,N20,nominal,2.0NRT,300.26,20.52,D
-5.33991,19.47821,346.38,0.45,0.39,2025-03-20,1157,N20,nominal,2.0NRT,297.09,8.84,D
-6.11069,14.02026,341.08,0.33,0.55,2025-03-20,1157,N20,nominal,2.0NRT,289.41,3.62,D
-5.16706,20.57682,336.22,0.41,0.37,2025-03-20,1157,N20,nominal,2.0NRT,297.41,10.34,D
-5.16366,20.57636,338.57,0.41,0.37,2025-03-20,1157,N20,nominal,2.0NRT,295.07,10.34,D
-5.08879,20.60632,330.14,0.4,0.37,2025-03-20,1157,N20,low,2.0NRT,297.92,11.44,D
-4.5101,24.33986,336.89,0.42,0.38,2025-03-20,1157,N20,nominal,2.0NRT,297.81,2.77,D
-4.51069,24.33605,336.22,0.42,0.38,2025-03-20,1157,N20,nominal,2.0NRT,299.46,2.77,D
-4.44401,24.71851,332.24,0.44,0.38,2025-03-20,1157,N20,nominal,2.0NRT,295.76,4.01,D
-4.50973,24.27381,340.94,0.42,0.38,2025-03-20,1157,N20,nominal,2.0NRT,299.24,7.18,D
-5.06414,20.63227,333.44,0.4,0.37,2025-03-20,1157,N20,nominal,2.0NRT,297.6,5.96,D
-4.40565,24.73287,331.97,0.44,0.38,2025-03-20,1157,N20,nominal,2.0NRT,297.32,1.96,D
-4.47586,24.17956,338.84,0.42,0.38,2025-03-20,1157,N20,nominal,2.0NRT,298.46,5.46,D
-5.00778,20.60861,330.88,0.4,0.37,2025-03-20,1157,N20,low,2.0NRT,295.95,12.71,D
-4.4505,24.22987,342.2,0.42,0.38,2025-03-20,1157,N20,nominal,2.0NRT,296.98,5.93,D
-5.97202,13.2686,328.09,0.37,0.58,2025-03-20,1157,N20,nominal,2.0NRT,287.56,2.47,D
-4.92829,20.5375,330.46,0.41,0.37,2025-03-20,1157,N20,low,2.0NRT,295.69,4.29,D
-4.74361,21.68363,332.69,0.39,0.36,2025-03-20,1157,N20,nominal,2.0NRT,296.74,3.36,D
-5.54814,16.189,328.89,0.46,0.47,2025-03-20,1157,N20,nominal,2.0NRT,286.55,4.24,D
-4.26174,24.61055,334.29,0.44,0.38,2025-03-20,1157,N20,nominal,2.0NRT,296.82,4.59,D
-4.25533,24.60555,347.97,0.44,0.38,2025-03-20,1157,N20,nominal,2.0NRT,297.84,7.63,D
-5.42989,16.73459,353.38,0.43,0.46,2025-03-20,1157,N20,nominal,2.0NRT,288.55,8.29,D
-4.8548,20.51168,340.79,0.41,0.37,2025-03-20,1157,N20,low,2.0NRT,295.3,8.43,D
-4.65915,21.61427,337.91,0.39,0.36,2025-03-20,1157,N20,nominal,2.0NRT,296.13,4.02,D
-4.76931,20.87774,331.5,0.4,0.37,2025-03-20,1157,N20,nominal,2.0NRT,293.97,4.36,D
-4.98257,19.28391,334.62,0.45,0.39,2025-03-20,1157,N20,nominal,2.0NRT,294.06,3.92,D
-4.95806,19.37503,342.7,0.45,0.39,2025-03-20,1157,N20,nominal,2.0NRT,293.21,5.48,D
-4.01021,25.53019,336.19,0.48,0.4,2025-03-20,1157,N20,nominal,2.0NRT,294.18,4.37,D
-4.04367,25.17322,335.74,0.46,0.39,2025-03-20,1157,N20,nominal,2.0NRT,296.72,4.02,D
-4.00922,25.3449,332.86,0.47,0.4,2025-03-20,1157,N20,nominal,2.0NRT,290.89,2.73,D
-4.03643,25.1721,331.54,0.46,0.39,2025-03-20,1157,N20,nominal,2.0NRT,296.32,3.75,D
-4.59258,21.15713,331.41,0.39,0.36,2025-03-20,1157,N20,nominal,2.0NRT,293.95,2.18,D
-4.19623,23.07682,334.06,0.39,0.36,2025-03-20,1157,N20,nominal,2.0NRT,298,3.63,D
-4.19235,23.07983,331.29,0.39,0.36,2025-03-20,1157,N20,nominal,2.0NRT,297.48,4.34,D
-4.00903,24.25477,346.99,0.43,0.38,2025-03-20,1157,N20,nominal,2.0NRT,297.12,8.26,D
-4.92624,18.18286,333.76,0.51,0.41,2025-03-20,1157,N20,nominal,2.0NRT,296.55,4.75,D
-4.92245,18.18232,341.21,0.51,0.41,2025-03-20,1157,N20,nominal,2.0NRT,298.39,9.65,D
-4.00385,24.24228,337.06,0.42,0.38,2025-03-20,1157,N20,nominal,2.0NRT,295.8,8.93,D
-4.38416,21.68378,340.63,0.39,0.36,2025-03-20,1157,N20,nominal,2.0NRT,296.62,4.65,D
-4.38257,21.62705,331.23,0.39,0.36,2025-03-20,1157,N20,nominal,2.0NRT,300.66,4.35,D
-4.34358,21.84004,338.1,0.38,0.36,2025-03-20,1157,N20,nominal,2.0NRT,296.39,6.18,D
-4.49872,20.8101,330.1,0.4,0.37,2025-03-20,1157,N20,low,2.0NRT,298.33,5.59,D
-5.26046,15.4351,337.92,0.52,0.5,2025-03-20,1157,N20,nominal,2.0NRT,287.04,7.09,D
-4.31293,21.86365,333.63,0.38,0.36,2025-03-20,1157,N20,nominal,2.0NRT,298.28,6.27,D
-4.34594,21.60028,333.56,0.39,0.36,2025-03-20,1157,N20,nominal,2.0NRT,297.6,3.07,D
-4.30553,21.59734,331.54,0.39,0.36,2025-03-20,1157,N20,nominal,2.0NRT,298.86,2.58,D
-4.30658,21.59042,346.33,0.39,0.36,2025-03-20,1157,N20,nominal,2.0NRT,299.44,7.99,D
-4.30327,21.58992,343.14,0.39,0.36,2025-03-20,1157,N20,nominal,2.0NRT,300.07,7.58,D
-4.01092,23.35354,343,0.4,0.37,2025-03-20,1157,N20,nominal,2.0NRT,298.78,6.88,D
-4.27447,21.51126,331.39,0.39,0.36,2025-03-20,1157,N20,nominal,2.0NRT,299.68,3.08,D
-4.14425,22.1479,339.51,0.38,0.36,2025-03-20,1157,N20,nominal,2.0NRT,294.38,3.26,D
-5.13279,15.43936,328.96,0.51,0.5,2025-03-20,1157,N20,nominal,2.0NRT,289.65,3.43,D
-4.15412,21.88084,333.63,0.38,0.36,2025-03-20,1157,N20,nominal,2.0NRT,299.93,3.47,D
-4.15464,21.87739,334.14,0.38,0.36,2025-03-20,1157,N20,nominal,2.0NRT,297.89,3.47,D
-4.14802,21.8764,349.08,0.38,0.36,2025-03-20,1157,N20,nominal,2.0NRT,303.54,22.08,D
-4.14471,21.8759,347.63,0.38,0.36,2025-03-20,1157,N20,nominal,2.0NRT,295.65,9.25,D
-4.08534,22.08887,333.41,0.38,0.36,2025-03-20,1157,N20,nominal,2.0NRT,295.67,4.99,D
-4.08584,22.08549,333.03,0.38,0.36,2025-03-20,1157,N20,nominal,2.0NRT,297.13,4.99,D
-4.05974,22.12378,334.12,0.38,0.36,2025-03-20,1157,N20,nominal,2.0NRT,298.04,5.22,D
-4.1396,21.59643,333.41,0.39,0.36,2025-03-20,1157,N20,nominal,2.0NRT,296.12,2.57,D
-4.06833,21.79704,332.21,0.38,0.36,2025-03-20,1157,N20,nominal,2.0NRT,295.47,3.33,D
-4.20829,20.75882,331.86,0.4,0.37,2025-03-20,1157,N20,low,2.0NRT,295.48,3.89,D
-4.18644,20.25317,344.02,0.41,0.37,2025-03-20,1157,N20,low,2.0NRT,296.89,15.15,D
-4.18699,20.24949,350.19,0.41,0.37,2025-03-20,1157,N20,low,2.0NRT,296.4,25.17,D
-4.18303,20.25267,354.15,0.41,0.37,2025-03-20,1157,N20,nominal,2.0NRT,298.1,15.15,D
-4.43765,18.08909,334.22,0.51,0.41,2025-03-20,1157,N20,nominal,2.0NRT,292.33,3.59,D
-4.131,16.46651,333.45,0.42,0.46,2025-03-20,1157,N20,nominal,2.0NRT,282.4,3.03,D
-4.08314,11.3811,343.3,0.47,0.64,2025-03-20,1157,N20,nominal,2.0NRT,282.21,7.55,D
-21.42843,45.59105,303.56,0.43,0.62,2025-03-20,2123,N20,nominal,2.0NRT,290.76,0.95,N
-24.83458,27.36739,328.15,0.44,0.38,2025-03-20,2305,N20,nominal,2.0NRT,290.8,5.96,N
-24.83733,27.36232,298.43,0.44,0.38,2025-03-20,2305,N20,nominal,2.0NRT,287.71,0.94,N
-24.98286,27.54672,302.76,0.43,0.38,2025-03-20,2305,N20,nominal,2.0NRT,289.6,0.54,N
-25.36027,28.28182,305.57,0.41,0.37,2025-03-20,2305,N20,nominal,2.0NRT,289.16,0.67,N
-25.78446,29.40231,296.24,0.39,0.36,2025-03-20,2305,N20,nominal,2.0NRT,284.27,0.32,N
-25.80203,29.48993,295.36,0.39,0.36,2025-03-20,2305,N20,nominal,2.0NRT,284.46,0.32,N
-25.86441,29.88046,305,0.38,0.36,2025-03-20,2305,N20,nominal,2.0NRT,288.26,1.12,N
-25.80658,29.49697,306.06,0.39,0.36,2025-03-20,2305,N20,nominal,2.0NRT,284.3,1.16,N
-25.80989,29.49631,322.79,0.39,0.36,2025-03-20,2305,N20,nominal,2.0NRT,284.69,1.16,N
-25.80927,29.49247,296.85,0.39,0.36,2025-03-20,2305,N20,nominal,2.0NRT,284.75,1.16,N
-25.81264,29.49657,320.2,0.39,0.36,2025-03-20,2305,N20,nominal,2.0NRT,285.19,2.16,N
-25.72979,28.63881,297.63,0.4,0.37,2025-03-20,2305,N20,nominal,2.0NRT,286.41,0.63,N
-25.48968,27.10142,315.65,0.44,0.39,2025-03-20,2305,N20,nominal,2.0NRT,289.4,1.94,N
-25.57425,27.58316,302.5,0.43,0.38,2025-03-20,2305,N20,nominal,2.0NRT,289.8,1.11,N
-25.93627,29.71347,298.67,0.38,0.36,2025-03-20,2305,N20,nominal,2.0NRT,286.31,0.78,N
-25.85549,29.17008,298.75,0.39,0.36,2025-03-20,2305,N20,nominal,2.0NRT,286.41,1.3,N
-25.85612,29.17396,316.22,0.39,0.36,2025-03-20,2305,N20,nominal,2.0NRT,287.65,1.27,N
-25.91776,29.55511,299.74,0.39,0.36,2025-03-20,2305,N20,nominal,2.0NRT,284.58,1.18,N
-25.85881,29.16942,317,0.39,0.36,2025-03-20,2305,N20,nominal,2.0NRT,285.98,1.3,N
-25.85944,29.17329,306.4,0.39,0.36,2025-03-20,2305,N20,nominal,2.0NRT,286.1,1.27,N
-25.68904,28.04615,301.76,0.41,0.37,2025-03-20,2305,N20,nominal,2.0NRT,287.54,0.57,N
-25.66011,27.83899,342.19,0.42,0.37,2025-03-20,2305,N20,nominal,2.0NRT,291.06,5.19,N
-25.66354,27.83827,302.8,0.42,0.37,2025-03-20,2305,N20,nominal,2.0NRT,288.03,0.81,N
-25.8909,29.11948,302.56,0.39,0.36,2025-03-20,2305,N20,nominal,2.0NRT,284.92,0.8,N
-25.89852,29.16593,299.41,0.39,0.36,2025-03-20,2305,N20,nominal,2.0NRT,287.72,0.84,N
-25.89422,29.11882,298.82,0.39,0.36,2025-03-20,2305,N20,nominal,2.0NRT,287.38,0.5,N
-25.90184,29.16527,307.19,0.39,0.36,2025-03-20,2305,N20,nominal,2.0NRT,290.52,1.21,N
-25.92542,29.12059,299.26,0.39,0.36,2025-03-20,2305,N20,nominal,2.0NRT,284.97,0.54,N
-25.72493,27.60721,300.61,0.42,0.38,2025-03-20,2305,N20,nominal,2.0NRT,284.04,0.63,N
-25.72568,27.61143,300.49,0.42,0.38,2025-03-20,2305,N20,nominal,2.0NRT,285.4,0.77,N
-25.72839,27.60648,303.48,0.42,0.38,2025-03-20,2305,N20,nominal,2.0NRT,284.01,0.63,N
-25.72913,27.6107,300.97,0.42,0.38,2025-03-20,2305,N20,nominal,2.0NRT,284.94,0.77,N
-25.70712,27.40458,304.84,0.43,0.38,2025-03-20,2305,N20,nominal,2.0NRT,288.69,0.67,N
-25.7106,27.40385,332.05,0.43,0.38,2025-03-20,2305,N20,nominal,2.0NRT,293.14,4.85,N
-25.71408,27.40312,321.41,0.43,0.38,2025-03-20,2305,N20,nominal,2.0NRT,290.07,4.85,N
-26.02054,29.16306,301.92,0.39,0.36,2025-03-20,2305,N20,nominal,2.0NRT,287.59,1.05,N
-26.0256,29.19401,312.13,0.39,0.36,2025-03-20,2305,N20,nominal,2.0NRT,288.91,1.81,N
-26.02576,29.174,320.59,0.39,0.36,2025-03-20,2305,N20,nominal,2.0NRT,289.81,1.46,N
-26.03207,29.21264,323.31,0.39,0.36,2025-03-20,2305,N20,nominal,2.0NRT,292.51,2.1,N
-26.02449,29.16626,298.81,0.39,0.36,2025-03-20,2305,N20,nominal,2.0NRT,287.04,1.38,N
-26.02512,29.17013,311.8,0.39,0.36,2025-03-20,2305,N20,nominal,2.0NRT,290.68,1.38,N
-26.02639,29.17788,296.65,0.39,0.36,2025-03-20,2305,N20,nominal,2.0NRT,286.42,1.46,N
-26.02702,29.18175,314.09,0.39,0.36,2025-03-20,2305,N20,nominal,2.0NRT,289.81,1.42,N
-26.02765,29.18562,308.33,0.39,0.36,2025-03-20,2305,N20,nominal,2.0NRT,289.73,1.42,N
-26.02829,29.18948,314.92,0.39,0.36,2025-03-20,2305,N20,nominal,2.0NRT,289.95,2.09,N
-26.03144,29.20879,316.17,0.39,0.36,2025-03-20,2305,N20,nominal,2.0NRT,287.4,2.58,N
-26.03476,29.20812,331.52,0.39,0.36,2025-03-20,2305,N20,nominal,2.0NRT,294.37,2.58,N
-26.02908,29.17333,311.89,0.39,0.36,2025-03-20,2305,N20,nominal,2.0NRT,288.54,1.46,N
-26.02971,29.17721,319.06,0.39,0.36,2025-03-20,2305,N20,nominal,2.0NRT,290.81,1.46,N
-26.03034,29.18107,297.37,0.39,0.36,2025-03-20,2305,N20,nominal,2.0NRT,287.22,1.42,N
-26.0335,29.2004,310.19,0.39,0.36,2025-03-20,2305,N20,nominal,2.0NRT,287.6,1.26,N
-26.03413,29.20426,319.12,0.39,0.36,2025-03-20,2305,N20,nominal,2.0NRT,289.14,2.58,N
-26.03539,29.21198,303.69,0.39,0.36,2025-03-20,2305,N20,nominal,2.0NRT,288.91,2.1,N
-26.04795,29.28917,300.75,0.39,0.36,2025-03-20,2305,N20,nominal,2.0NRT,285.45,0.93,N
-26.03745,29.20359,303.49,0.39,0.36,2025-03-20,2305,N20,nominal,2.0NRT,287.52,1.43,N
-26.06516,29.28971,316.17,0.39,0.36,2025-03-20,2305,N20,nominal,2.0NRT,282.15,1.29,N
-26.09877,29.4341,299.12,0.39,0.36,2025-03-20,2305,N20,nominal,2.0NRT,281.07,0.44,N
-25.92703,28.32922,304.45,0.4,0.37,2025-03-20,2305,N20,nominal,2.0NRT,283.43,0.54,N
-25.93649,28.25742,299.07,0.4,0.37,2025-03-20,2305,N20,nominal,2.0NRT,285.07,0.62,N
-26.07298,29.04901,304.04,0.39,0.36,2025-03-20,2305,N20,nominal,2.0NRT,288.91,1.44,N
-26.14347,29.48126,297.82,0.39,0.36,2025-03-20,2305,N20,nominal,2.0NRT,283.72,0.71,N
-26.26624,28.83827,308.95,0.39,0.36,2025-03-20,2305,N20,nominal,2.0NRT,284.12,0.87,N
-26.26958,28.83759,302.75,0.39,0.36,2025-03-20,2305,N20,nominal,2.0NRT,283.06,0.63,N
-26.2023,28.35349,313.71,0.4,0.37,2025-03-20,2305,N20,nominal,2.0NRT,283.14,1.36,N
-26.23932,27.91197,306.46,0.41,0.37,2025-03-20,2305,N20,nominal,2.0NRT,285.56,0.86,N
-26.28174,28.15941,296.35,0.4,0.37,2025-03-20,2305,N20,nominal,2.0NRT,284,0.45,N
-26.36737,28.48078,299.71,0.4,0.37,2025-03-20,2305,N20,nominal,2.0NRT,285.53,0.75,N
-26.37139,28.48404,305.8,0.4,0.37,2025-03-20,2305,N20,nominal,2.0NRT,284.79,0.7,N
-26.39283,28.48777,302.91,0.4,0.37,2025-03-20,2305,N20,nominal,2.0NRT,286.4,0.79,N
-26.542,29.17029,326.71,0.39,0.36,2025-03-20,2305,N20,nominal,2.0NRT,285.43,5.43,N
-26.54263,29.17416,321.39,0.39,0.36,2025-03-20,2305,N20,nominal,2.0NRT,287.42,5.43,N
-26.54325,29.17803,329.49,0.39,0.36,2025-03-20,2305,N20,nominal,2.0NRT,285.85,3.38,N
-26.30938,27.78812,316.1,0.41,0.37,2025-03-20,2305,N20,nominal,2.0NRT,280.53,1.72,N
-26.53947,29.15479,295.95,0.39,0.36,2025-03-20,2305,N20,nominal,2.0NRT,284.6,0.84,N
-26.54279,29.15413,320.63,0.39,0.36,2025-03-20,2305,N20,nominal,2.0NRT,286,0.84,N
-26.54342,29.158,298.51,0.39,0.36,2025-03-20,2305,N20,nominal,2.0NRT,285.13,0.84,N
-26.54816,29.14505,303.85,0.39,0.36,2025-03-20,2305,N20,nominal,2.0NRT,284.89,1.26,N
-26.54879,29.14893,315.42,0.39,0.36,2025-03-20,2305,N20,nominal,2.0NRT,286.64,1.26,N
-26.55337,29.15601,303.36,0.39,0.36,2025-03-20,2305,N20,nominal,2.0NRT,289.41,1.88,N
-26.55589,29.1715,297.96,0.39,0.36,2025-03-20,2305,N20,nominal,2.0NRT,287.53,1.45,N
-26.56001,29.15467,303.27,0.39,0.36,2025-03-20,2305,N20,nominal,2.0NRT,289.19,1.31,N
-26.56316,29.17405,298.99,0.39,0.36,2025-03-20,2305,N20,nominal,2.0NRT,287.74,0.74,N
-26.18101,25.99454,298.34,0.48,0.4,2025-03-20,2305,N20,nominal,2.0NRT,286.69,0.66,N
-26.99798,30.741,311.07,0.39,0.36,2025-03-20,2305,N20,nominal,2.0NRT,287.94,1.45,N
-26.99956,30.72866,299.75,0.39,0.36,2025-03-20,2305,N20,nominal,2.0NRT,287.52,0.92,N
-27.00072,30.73647,298.3,0.39,0.36,2025-03-20,2305,N20,nominal,2.0NRT,287.03,1.29,N
-27.00131,30.74037,308.91,0.39,0.36,2025-03-20,2305,N20,nominal,2.0NRT,287.83,1.45,N
-26.65837,27.85321,310.15,0.41,0.37,2025-03-20,2305,N20,nominal,2.0NRT,285.41,1.42,N
-26.67927,27.95431,311.21,0.41,0.37,2025-03-20,2305,N20,nominal,2.0NRT,287.2,1.5,N
-26.65811,27.81084,307.13,0.41,0.37,2025-03-20,2305,N20,nominal,2.0NRT,289.49,2.5,N
-26.66081,27.806,300.62,0.41,0.37,2025-03-20,2305,N20,nominal,2.0NRT,286.38,0.79,N
-26.66832,27.80866,333.71,0.41,0.37,2025-03-20,2305,N20,nominal,2.0NRT,287.66,6.51,N
-26.69891,27.94594,299.87,0.41,0.37,2025-03-20,2305,N20,nominal,2.0NRT,286.7,0.63,N
-26.70299,27.94929,298.78,0.41,0.37,2025-03-20,2305,N20,nominal,2.0NRT,287.22,0.63,N
-26.70977,27.94785,303.92,0.41,0.37,2025-03-20,2305,N20,nominal,2.0NRT,287.23,0.97,N
-26.71655,27.9464,311.34,0.41,0.37,2025-03-20,2305,N20,nominal,2.0NRT,288.48,1.62,N
-26.71916,27.92051,303.07,0.41,0.37,2025-03-20,2305,N20,nominal,2.0NRT,287.54,0.73,N
-26.82505,27.83978,299.66,0.41,0.37,2025-03-20,2305,N20,nominal,2.0NRT,287.92,0.37,N
-27.69969,30.0223,307.96,0.39,0.36,2025-03-20,2305,N20,nominal,2.0NRT,289.05,1.36,N
-27.71718,30.00284,302.81,0.39,0.36,2025-03-20,2305,N20,nominal,2.0NRT,286.74,0.86,N
-27.71778,30.00673,310.25,0.39,0.36,2025-03-20,2305,N20,nominal,2.0NRT,290.41,1.61,N
-28.19556,32.36952,305.73,0.44,0.38,2025-03-20,2305,N20,nominal,2.0NRT,291.41,0.85,N
-28.67811,32.13038,311.4,0.43,0.38,2025-03-20,2305,N20,nominal,2.0NRT,292.77,1.2,N
-28.67871,32.13482,308.84,0.43,0.38,2025-03-20,2305,N20,nominal,2.0NRT,293.89,1.2,N
-28.72208,31.87246,314.35,0.42,0.38,2025-03-20,2305,N20,nominal,2.0NRT,292.99,0.97,N
-29.664,31.02543,302.37,0.41,0.37,2025-03-20,2307,N20,nominal,2.0NRT,292.16,0.34,N
-29.71322,30.61377,303.84,0.4,0.37,2025-03-20,2307,N20,nominal,2.0NRT,291.95,0.7,N
-29.79407,30.66358,305.28,0.4,0.37,2025-03-20,2307,N20,nominal,2.0NRT,290.71,0.63,N
-30.54892,29.84807,305.23,0.39,0.36,2025-03-20,2307,N20,nominal,2.0NRT,290.51,0.82,N
-30.55226,29.84742,304.6,0.39,0.36,2025-03-20,2307,N20,nominal,2.0NRT,290.36,0.75,N
-31.20492,30.08253,320.61,0.4,0.37,2025-03-20,2307,N20,nominal,2.0NRT,294.54,1.45,N
-33.89057,25.34027,299.48,0.42,0.37,2025-03-20,2307,N20,nominal,2.0NRT,274.95,1.01,N
-33.8948,25.34389,329.15,0.42,0.37,2025-03-20,2307,N20,nominal,2.0NRT,283.53,1.87,N
-33.89401,25.33939,309.27,0.42,0.37,2025-03-20,2307,N20,nominal,2.0NRT,274.12,1.22,N
-33.89743,25.33852,307.22,0.42,0.37,2025-03-20,2307,N20,nominal,2.0NRT,279.93,1.22,N
-33.89824,25.34301,310.24,0.42,0.37,2025-03-20,2307,N20,nominal,2.0NRT,282.72,1.87,N
-33.90007,25.33315,303.84,0.42,0.37,2025-03-20,2307,N20,nominal,2.0NRT,283.4,1.17,N
-34.02719,25.61479,347.49,0.41,0.37,2025-03-20,2307,N20,nominal,2.0NRT,287.04,3.82,N
-34.02564,25.60596,319.49,0.41,0.37,2025-03-20,2307,N20,nominal,2.0NRT,286.57,1.74,N
-34.02641,25.61037,317.62,0.41,0.37,2025-03-20,2307,N20,nominal,2.0NRT,285.03,3.82,N
-34.02797,25.61919,308.34,0.41,0.37,2025-03-20,2307,N20,nominal,2.0NRT,284.74,0.99,N
-34.02875,25.6236,303.83,0.41,0.37,2025-03-20,2307,N20,nominal,2.0NRT,284.08,0.99,N
-34.02904,25.60508,322.29,0.41,0.37,2025-03-20,2307,N20,nominal,2.0NRT,286.92,2.86,N
-34.02982,25.60949,335.81,0.41,0.37,2025-03-20,2307,N20,nominal,2.0NRT,286.5,6.87,N
-34.03059,25.61391,351.24,0.41,0.37,2025-03-20,2307,N20,nominal,2.0NRT,290.66,6.87,N
-34.03136,25.61831,327.19,0.41,0.37,2025-03-20,2307,N20,nominal,2.0NRT,284.22,5.51,N
-34.03215,25.62272,353.86,0.41,0.37,2025-03-20,2307,N20,nominal,2.0NRT,287.96,5.51,N
-34.03292,25.62712,321.68,0.41,0.37,2025-03-20,2307,N20,nominal,2.0NRT,285.08,2.16,N
-34.03399,25.61302,345.66,0.41,0.37,2025-03-20,2307,N20,nominal,2.0NRT,287.37,6.87,N
-34.03476,25.61743,340.03,0.41,0.37,2025-03-20,2307,N20,nominal,2.0NRT,287.25,5.51,N
-34.03554,25.62185,348.71,0.41,0.37,2025-03-20,2307,N20,nominal,2.0NRT,286.37,5.51,N
-34.03321,25.6086,307.29,0.41,0.37,2025-03-20,2307,N20,nominal,2.0NRT,284.84,6.87,N
-34.03632,25.62624,313.11,0.41,0.37,2025-03-20,2307,N20,nominal,2.0NRT,284.55,2.16,N
-34.03738,25.61213,314.49,0.41,0.37,2025-03-20,2307,N20,nominal,2.0NRT,285.44,2.08,N
-34.03816,25.61653,303.52,0.41,0.37,2025-03-20,2307,N20,nominal,2.0NRT,284.33,0.52,N
-34.03894,25.62095,300.14,0.41,0.37,2025-03-20,2307,N20,nominal,2.0NRT,284.34,0.52,N
-5.10302,39.02321,306.1,0.51,0.41,2025-03-20,2259,N20,nominal,2.0NRT,294.41,1.09,N
-6.66094,39.16719,306.13,0.55,0.43,2025-03-20,2259,N20,nominal,2.0NRT,292.5,1.42,N
-8.94255,33.24244,300.35,0.39,0.36,2025-03-20,2301,N20,nominal,2.0NRT,282.77,0.49,N
-10.38751,34.91815,302.24,0.39,0.36,2025-03-20,2301,N20,nominal,2.0NRT,285.48,0.89,N
-10.60299,36.22905,297.15,0.43,0.38,2025-03-20,2301,N20,nominal,2.0NRT,278.76,0.5,N
-10.78051,25.5869,300.32,0.62,0.54,2025-03-20,2301,N20,nominal,2.0NRT,285.33,1.33,N
-12.07644,26.39544,339.83,0.52,0.5,2025-03-20,2301,N20,nominal,2.0NRT,289.91,33.86,N
-12.07731,26.40028,298.29,0.52,0.5,2025-03-20,2301,N20,nominal,2.0NRT,285.98,6.9,N
-12.07666,26.39371,339.19,0.52,0.5,2025-03-20,2301,N20,nominal,2.0NRT,286.46,21.38,N
-12.07756,26.39852,319.4,0.52,0.5,2025-03-20,2301,N20,nominal,2.0NRT,288.67,21.38,N
-14.49203,28.46282,317.79,0.53,0.42,2025-03-20,2301,N20,nominal,2.0NRT,289.12,3.16,N
-14.7057,26.80684,323.12,0.44,0.46,2025-03-20,2303,N20,nominal,2.0NRT,288.18,1.72,N
-14.70494,26.80275,302.01,0.44,0.46,2025-03-20,2303,N20,nominal,2.0NRT,287.22,1.72,N
-14.70994,26.80613,323.67,0.44,0.46,2025-03-20,2303,N20,nominal,2.0NRT,288.11,2.63,N
-15.88879,33.02446,305.8,0.39,0.36,2025-03-20,2303,N20,nominal,2.0NRT,292.69,0.67,N
-15.89322,33.03109,341.79,0.39,0.36,2025-03-20,2303,N20,nominal,2.0NRT,297.26,8.31,N
-15.9319,33.01734,303.65,0.39,0.36,2025-03-20,2303,N20,nominal,2.0NRT,292.89,0.81,N
-16.12022,33.75872,308.34,0.4,0.37,2025-03-20,2303,N20,nominal,2.0NRT,294.41,1.41,N
-16.12078,33.7624,312.12,0.4,0.37,2025-03-20,2303,N20,nominal,2.0NRT,295.75,1.41,N
-16.13198,33.76814,313.79,0.4,0.37,2025-03-20,2303,N20,nominal,2.0NRT,294.91,1.88,N
-16.13196,33.72282,308.17,0.4,0.37,2025-03-20,2303,N20,nominal,2.0NRT,294.75,1.99,N
-16.13309,33.73018,308.55,0.4,0.37,2025-03-20,2303,N20,nominal,2.0NRT,293.91,0.96,N
-16.16225,33.80865,306.68,0.4,0.37,2025-03-20,2303,N20,nominal,2.0NRT,296.13,1.39,N
-16.16343,33.80478,309.73,0.4,0.37,2025-03-20,2303,N20,nominal,2.0NRT,293.68,1.21,N
-16.16679,33.80424,310.79,0.4,0.37,2025-03-20,2303,N20,nominal,2.0NRT,292.6,1.21,N
-16.1931,33.84177,314.52,0.4,0.37,2025-03-20,2303,N20,nominal,2.0NRT,295.59,2.31,N
-16.19647,33.84124,305.63,0.4,0.37,2025-03-20,2303,N20,nominal,2.0NRT,294.58,1.51,N
-17.34191,27.20574,313.89,0.57,0.43,2025-03-20,2303,N20,nominal,2.0NRT,294.55,2.24,N
-17.34021,27.20447,305.16,0.57,0.43,2025-03-20,2303,N20,nominal,2.0NRT,293.06,2.58,N
-18.05,30.37782,303.33,0.4,0.37,2025-03-20,2303,N20,nominal,2.0NRT,288.1,0.49,N
-17.47781,27.09265,312.3,0.57,0.43,2025-03-20,2303,N20,nominal,2.0NRT,292.81,1.87,N
-17.34783,24.14388,326.89,0.58,0.52,2025-03-20,2303,N20,nominal,2.0NRT,287.52,4.83,N
-18.35891,26.66404,317.8,0.39,0.44,2025-03-20,2303,N20,nominal,2.0NRT,292.74,1.09,N
-18.36217,26.65925,310.93,0.39,0.44,2025-03-20,2303,N20,nominal,2.0NRT,293.04,1.08,N
-18.36287,26.66295,304.49,0.39,0.44,2025-03-20,2303,N20,nominal,2.0NRT,293.24,0.82,N
-18.3658,26.47715,338.26,0.4,0.44,2025-03-20,2303,N20,nominal,2.0NRT,296.46,5.21,N
-18.36987,26.47637,338.94,0.4,0.44,2025-03-20,2303,N20,nominal,2.0NRT,296.18,3.62,N
-18.36495,26.44994,314.6,0.4,0.44,2025-03-20,2303,N20,nominal,2.0NRT,294.78,1.75,N
-18.37057,26.48015,309.5,0.4,0.44,2025-03-20,2303,N20,nominal,2.0NRT,293.36,3.62,N
-18.36902,26.44915,312.38,0.4,0.44,2025-03-20,2303,N20,nominal,2.0NRT,291.96,1.75,N
-18.36972,26.45292,318.56,0.4,0.44,2025-03-20,2303,N20,nominal,2.0NRT,293.42,2.85,N
-18.37309,26.44837,312.82,0.4,0.44,2025-03-20,2303,N20,nominal,2.0NRT,293.68,1.68,N
-18.37379,26.45213,309.63,0.4,0.44,2025-03-20,2303,N20,nominal,2.0NRT,294.19,1.59,N
-18.40055,26.50611,304.17,0.4,0.44,2025-03-20,2303,N20,nominal,2.0NRT,291.29,0.8,N
-18.39588,26.41195,303.53,0.4,0.44,2025-03-20,2303,N20,nominal,2.0NRT,291.44,0.48,N
-18.41059,26.49224,302.5,0.4,0.44,2025-03-20,2303,N20,nominal,2.0NRT,291.04,0.52,N
-18.41836,26.46693,302.21,0.4,0.44,2025-03-20,2303,N20,nominal,2.0NRT,290.79,0.87,N
-19.51509,32.91795,309.14,0.4,0.37,2025-03-20,2303,N20,nominal,2.0NRT,287.83,1.14,N
-18.43098,26.51138,305.93,0.4,0.44,2025-03-20,2303,N20,nominal,2.0NRT,291.25,1.02,N
-18.43567,26.51401,301.6,0.4,0.44,2025-03-20,2303,N20,nominal,2.0NRT,290.41,0.94,N
-18.4397,26.51312,312.52,0.4,0.44,2025-03-20,2303,N20,nominal,2.0NRT,292.93,0.94,N
-18.44373,26.51229,305.81,0.4,0.44,2025-03-20,2303,N20,nominal,2.0NRT,291.11,0.66,N
-18.44512,26.51964,306.86,0.4,0.44,2025-03-20,2303,N20,nominal,2.0NRT,291.71,1.19,N
-18.44072,26.47398,306.74,0.4,0.44,2025-03-20,2303,N20,nominal,2.0NRT,292.09,1.53,N
-18.44144,26.47783,317.63,0.4,0.44,2025-03-20,2303,N20,nominal,2.0NRT,293.85,2.38,N
-18.51045,26.24363,301.78,0.41,0.45,2025-03-20,2303,N20,nominal,2.0NRT,291.03,0.88,N
-19.46366,29.79978,297.48,0.41,0.37,2025-03-20,2303,N20,nominal,2.0NRT,285.81,0.35,N
-20.3094,30.02957,299.52,0.4,0.37,2025-03-20,2303,N20,nominal,2.0NRT,288.18,0.64,N
-21.14077,31.22048,302.72,0.38,0.36,2025-03-20,2303,N20,nominal,2.0NRT,290.62,0.61,N
-24.04417,25.88659,300.53,0.53,0.42,2025-03-20,2305,N20,nominal,2.0NRT,289.57,0.84,N
-24.04798,25.88571,300.88,0.53,0.42,2025-03-20,2305,N20,nominal,2.0NRT,287.81,0.84,N
-24.81505,30.11819,301.32,0.38,0.36,2025-03-20,2305,N20,nominal,2.0NRT,286.33,0.74,N
-24.68117,29.02693,302.39,0.4,0.37,2025-03-20,2305,N20,nominal,2.0NRT,288.38,0.77,N
-4.26331,39.40508,306.06,0.53,0.42,2025-03-20,2301,N20,nominal,2.0NRT,290.34,1.24,N
-4.26715,39.40453,316.61,0.53,0.42,2025-03-20,2301,N20,nominal,2.0NRT,290.57,2.56,N
-4.27024,39.39915,305.57,0.53,0.42,2025-03-20,2301,N20,nominal,2.0NRT,290.14,0.91,N
