latitude,longitude,bright_ti4,scan,track,acq_date,acq_time,satellite,confidence,version,bright_ti5,frp,daynight
-45.92179,168.28047,336.65,0.49,0.49,2025-03-13,0211,N20,nominal,2.0NRT,291.47,4.88,D
-44.26418,171.24251,325.34,0.52,0.42,2025-03-13,0211,N20,nominal,2.0NRT,293.87,3.85,D
-43.60384,171.56651,333.57,0.5,0.41,2025-03-13,0211,N20,nominal,2.0NRT,291.26,4.21,D
-42.80447,172.5887,331.16,0.45,0.39,2025-03-13,0211,N20,nominal,2.0NRT,297.04,2.69,D
-42.80318,172.59265,333.27,0.45,0.39,2025-03-13,0211,N20,nominal,2.0NRT,296.74,5.27,D
-39.52629,174.38013,327.61,0.39,0.36,2025-03-13,0211,N20,nominal,2.0NRT,294.94,1.38,D
-39.00864,174.31447,335.57,0.39,0.36,2025-03-13,0211,N20,nominal,2.0NRT,302.14,3.13,D
-39.00729,174.31485,332.48,0.39,0.36,2025-03-13,0211,N20,nominal,2.0NRT,301.46,2.77,D
-37.8832,176.10539,330.99,0.39,0.36,2025-03-13,0211,N20,nominal,2.0NRT,292.29,3.74,D
-46.31182,168.46396,338.62,0.45,0.63,2025-03-13,0349,N20,nominal,2.0NRT,286.78,4.19,D
-46.31356,168.45844,330.48,0.45,0.63,2025-03-13,0349,N20,nominal,2.0NRT,288.54,4.19,D
-44.29322,171.03625,367,0.67,0.73,2025-03-13,0349,N20,high,2.0NRT,291.33,17,D
-44.29306,171.03548,367,0.67,0.73,2025-03-13,0349,N20,high,2.0NRT,290.82,14.03,D
-43.13717,170.27032,331.04,0.67,0.74,2025-03-13,0349,N20,nominal,2.0NRT,287.45,4.35,D
-43.13745,170.26945,330.69,0.67,0.74,2025-03-13,0349,N20,nominal,2.0NRT,287.74,3.99,D
-41.74111,146.90132,327.92,0.45,0.39,2025-03-13,0351,N20,nominal,2.0NRT,297.65,1.53,D
-41.60844,145.80438,338.59,0.49,0.4,2025-03-13,0351,N20,nominal,2.0NRT,287.92,4.95,D
-41.60915,145.79807,350.5,0.49,0.4,2025-03-13,0351,N20,nominal,2.0NRT,302.93,12.59,D
-41.60986,145.79172,355.92,0.49,0.4,2025-03-13,0351,N20,nominal,2.0NRT,305.42,12.59,D
-41.60472,145.80344,338.83,0.49,0.4,2025-03-13,0351,N20,nominal,2.0NRT,285.83,4.95,D
-41.60541,145.79721,343.57,0.49,0.4,2025-03-13,0351,N20,nominal,2.0NRT,292.85,12.59,D
-37.83271,144.78891,343.46,0.49,0.4,2025-03-13,0351,N20,nominal,2.0NRT,305.46,5.65,D
-38.07768,141.87134,356.54,0.46,0.47,2025-03-13,0351,N20,nominal,2.0NRT,303.92,10.75,D
-38.0724,141.88141,330.07,0.46,0.47,2025-03-13,0351,N20,nominal,2.0NRT,298.61,12.6,D
-38.07285,141.87607,356.52,0.46,0.47,2025-03-13,0351,N20,nominal,2.0NRT,306.19,12.6,D
-38.07331,141.87073,347.09,0.46,0.47,2025-03-13,0351,N20,nominal,2.0NRT,303.6,10.75,D
-37.93676,143.31587,343.12,0.38,0.43,2025-03-13,0351,N20,nominal,2.0NRT,310.6,6.22,D
-38.06802,141.8808,356.37,0.46,0.47,2025-03-13,0351,N20,nominal,2.0NRT,308.1,14.65,D
-38.06848,141.87547,337.77,0.46,0.47,2025-03-13,0351,N20,nominal,2.0NRT,301.55,14.65,D
-37.93359,143.30637,367,0.38,0.44,2025-03-13,0351,N20,high,2.0NRT,312.88,8.65,D
-37.93272,143.31523,344.61,0.38,0.43,2025-03-13,0351,N20,nominal,2.0NRT,310.32,6.22,D
-37.93315,143.31082,348.5,0.38,0.44,2025-03-13,0351,N20,nominal,2.0NRT,312.22,6.22,D
-38.0632,141.88548,343.12,0.45,0.47,2025-03-13,0351,N20,nominal,2.0NRT,302.86,18.87,D
-38.06366,141.88017,344.49,0.46,0.47,2025-03-13,0351,N20,nominal,2.0NRT,306.73,14.65,D
-37.92911,143.31017,347.27,0.38,0.44,2025-03-13,0351,N20,nominal,2.0NRT,312.66,5.01,D
-37.92955,143.30569,338.84,0.38,0.44,2025-03-13,0351,N20,nominal,2.0NRT,309.13,3.34,D
-38.05883,141.88489,350.48,0.45,0.47,2025-03-13,0351,N20,nominal,2.0NRT,307.17,25.51,D
-38.05928,141.87958,331.08,0.46,0.47,2025-03-13,0351,N20,low,2.0NRT,301.1,10.09,D
-38.05446,141.88428,352.39,0.45,0.47,2025-03-13,0351,N20,nominal,2.0NRT,301.25,25.51,D
-37.92928,143.30661,343.32,0.38,0.43,2025-03-13,0351,N20,nominal,2.0NRT,310.76,3.93,D
-38.06752,141.88333,343.19,0.45,0.47,2025-03-13,0351,N20,nominal,2.0NRT,302.84,14.29,D
-38.068,141.87801,352.45,0.45,0.47,2025-03-13,0351,N20,nominal,2.0NRT,306.74,14.29,D
-38.06314,141.88272,352.85,0.45,0.47,2025-03-13,0351,N20,nominal,2.0NRT,309.53,14.29,D
-38.06363,141.87741,330.75,0.45,0.47,2025-03-13,0351,N20,low,2.0NRT,301.99,14.29,D
-38.0583,141.88742,339.21,0.45,0.47,2025-03-13,0351,N20,nominal,2.0NRT,298.31,19.47,D
-38.05878,141.88213,341.83,0.45,0.47,2025-03-13,0351,N20,nominal,2.0NRT,309.28,20.03,D
-38.05441,141.88152,337.45,0.45,0.47,2025-03-13,0351,N20,nominal,2.0NRT,301.29,20.03,D
-38.04956,141.88623,341.48,0.45,0.47,2025-03-13,0351,N20,nominal,2.0NRT,303.6,11.89,D
-38.05051,141.87563,349.41,0.45,0.47,2025-03-13,0351,N20,nominal,2.0NRT,301.68,22.06,D
-38.05195,141.85973,330.13,0.46,0.47,2025-03-13,0351,N20,low,2.0NRT,302.62,2.65,D
-38.04853,141.84853,331.92,0.46,0.47,2025-03-13,0351,N20,low,2.0NRT,302.39,6.82,D
-38.0451,141.83731,330.55,0.46,0.47,2025-03-13,0351,N20,low,2.0NRT,303.5,2.65,D
-37.88422,143.18207,336,0.39,0.44,2025-03-13,0351,N20,nominal,2.0NRT,308.95,8.11,D
-37.88059,143.17699,367,0.39,0.44,2025-03-13,0351,N20,high,2.0NRT,314.33,8.11,D
-37.88015,143.18146,343.06,0.39,0.44,2025-03-13,0351,N20,nominal,2.0NRT,311.65,8.11,D
-37.87652,143.17638,343.31,0.39,0.44,2025-03-13,0351,N20,nominal,2.0NRT,311,5.12,D
-37.87696,143.17191,343.03,0.39,0.44,2025-03-13,0351,N20,nominal,2.0NRT,311.85,4.07,D
-37.81489,143.34352,356.35,0.57,0.43,2025-03-13,0351,N20,nominal,2.0NRT,316.39,20.64,D
-37.81553,143.33699,349.82,0.57,0.43,2025-03-13,0351,N20,nominal,2.0NRT,313.47,6.93,D
-37.81214,143.3298,345.42,0.57,0.43,2025-03-13,0351,N20,nominal,2.0NRT,314.63,7.06,D
-37.81534,143.33612,367,0.57,0.43,2025-03-13,0351,N20,high,2.0NRT,314.4,12.54,D
-37.81466,143.34265,355.35,0.57,0.43,2025-03-13,0351,N20,nominal,2.0NRT,316.27,12.54,D
-37.80796,142.87187,340.94,0.4,0.44,2025-03-13,0351,N20,low,2.0NRT,312.16,4.09,D
-37.80841,142.86722,352.75,0.4,0.44,2025-03-13,0351,N20,nominal,2.0NRT,315.35,65.43,D
-37.75933,143.24101,345.85,0.39,0.44,2025-03-13,0351,N20,nominal,2.0NRT,312.81,8.78,D
-37.75485,143.24481,344.56,0.39,0.44,2025-03-13,0351,N20,nominal,2.0NRT,311.85,111.96,D
-37.75528,143.24039,367,0.39,0.44,2025-03-13,0351,N20,low,2.0NRT,351.34,111.96,D
-37.75124,143.23973,367,0.39,0.44,2025-03-13,0351,N20,high,2.0NRT,341.42,111.96,D
-37.7508,143.24416,367,0.39,0.44,2025-03-13,0351,N20,low,2.0NRT,331.09,111.96,D
-37.42292,141.1371,367,0.49,0.49,2025-03-13,0351,N20,high,2.0NRT,305.03,13,D
-37.42245,141.14276,346.25,0.49,0.49,2025-03-13,0351,N20,nominal,2.0NRT,302.36,48.64,D
-37.42339,141.13145,353.31,0.49,0.49,2025-03-13,0351,N20,nominal,2.0NRT,308.89,13,D
-37.42385,141.12582,335.86,0.49,0.49,2025-03-13,0351,N20,nominal,2.0NRT,303.83,5.6,D
-37.41745,141.14789,340.74,0.49,0.49,2025-03-13,0351,N20,nominal,2.0NRT,301.48,48.64,D
-37.41792,141.14221,311.2,0.49,0.49,2025-03-13,0351,N20,low,2.0NRT,318.23,48.64,D
-37.41481,141.12466,351.69,0.49,0.49,2025-03-13,0351,N20,nominal,2.0NRT,305.82,10.87,D
-37.41028,141.1241,350.13,0.49,0.49,2025-03-13,0351,N20,nominal,2.0NRT,308.09,10.87,D
-37.40343,141.15193,340.67,0.49,0.49,2025-03-13,0351,N20,nominal,2.0NRT,301.67,8.76,D
-37.40435,141.14062,354.78,0.49,0.49,2025-03-13,0351,N20,nominal,2.0NRT,306.5,40.52,D
-37.40575,141.12355,343.88,0.49,0.49,2025-03-13,0351,N20,nominal,2.0NRT,305.2,7.97,D
-37.40622,141.11787,339.39,0.49,0.49,2025-03-13,0351,N20,nominal,2.0NRT,303.68,7.97,D
-37.39983,141.14006,340.31,0.49,0.49,2025-03-13,0351,N20,nominal,2.0NRT,311.63,40.52,D
-37.40169,141.11731,347.08,0.49,0.49,2025-03-13,0351,N20,nominal,2.0NRT,304.87,7.97,D
-37.39485,141.14516,330.57,0.49,0.49,2025-03-13,0351,N20,nominal,2.0NRT,299.61,9.29,D
-37.39531,141.13951,347.94,0.49,0.49,2025-03-13,0351,N20,nominal,2.0NRT,304.78,9.29,D
-37.39624,141.12819,333.33,0.49,0.49,2025-03-13,0351,N20,nominal,2.0NRT,302.31,5.87,D
-37.3967,141.12247,332.54,0.49,0.49,2025-03-13,0351,N20,low,2.0NRT,303.26,17.97,D
-37.39716,141.11676,355.33,0.49,0.49,2025-03-13,0351,N20,nominal,2.0NRT,304.86,17.97,D
-37.39079,141.13892,342.9,0.49,0.49,2025-03-13,0351,N20,nominal,2.0NRT,304.63,9.29,D
-37.39125,141.13327,339.74,0.49,0.49,2025-03-13,0351,N20,nominal,2.0NRT,303.36,5.87,D
-37.39171,141.12762,339.99,0.49,0.49,2025-03-13,0351,N20,nominal,2.0NRT,302,5.87,D
-37.39217,141.12193,346.15,0.49,0.49,2025-03-13,0351,N20,nominal,2.0NRT,301.49,17.97,D
-37.39263,141.11624,352.06,0.49,0.49,2025-03-13,0351,N20,nominal,2.0NRT,309.59,17.97,D
-37.38673,141.13269,344.31,0.49,0.49,2025-03-13,0351,N20,nominal,2.0NRT,302.48,13.94,D
-37.38718,141.12704,350.06,0.49,0.49,2025-03-13,0351,N20,nominal,2.0NRT,305.19,13.94,D
-37.38175,141.13777,350.44,0.49,0.49,2025-03-13,0351,N20,nominal,2.0NRT,304.36,20.93,D
-37.38221,141.13211,351.82,0.49,0.49,2025-03-13,0351,N20,nominal,2.0NRT,303.24,13.94,D
-37.39145,141.12003,367,0.49,0.49,2025-03-13,0351,N20,high,2.0NRT,301.02,12.92,D
-37.38997,141.13699,354.51,0.49,0.49,2025-03-13,0351,N20,nominal,2.0NRT,303.16,11.28,D
-37.39046,141.13136,353.68,0.49,0.49,2025-03-13,0351,N20,nominal,2.0NRT,304.2,11.28,D
-37.39095,141.12572,349.1,0.49,0.49,2025-03-13,0351,N20,nominal,2.0NRT,303.43,12.92,D
-37.38594,141.1308,351.78,0.49,0.49,2025-03-13,0351,N20,nominal,2.0NRT,303.42,11.28,D
-37.38643,141.12517,340.57,0.49,0.49,2025-03-13,0351,N20,nominal,2.0NRT,302.37,12.92,D
-37.38093,141.13586,351.34,0.49,0.49,2025-03-13,0351,N20,nominal,2.0NRT,303.13,13.08,D
-37.38142,141.13022,334.67,0.49,0.49,2025-03-13,0351,N20,nominal,2.0NRT,300.38,13.08,D
-36.93761,142.78586,343.1,0.4,0.44,2025-03-13,0351,N20,nominal,2.0NRT,313.36,2.92,D
-36.93263,142.79425,354.84,0.4,0.44,2025-03-13,0351,N20,nominal,2.0NRT,314.56,14.33,D
-36.93307,142.78973,355.41,0.4,0.44,2025-03-13,0351,N20,nominal,2.0NRT,316.46,14.33,D
-36.93351,142.78522,339.9,0.4,0.44,2025-03-13,0351,N20,nominal,2.0NRT,312.82,2.92,D
-36.92897,142.78911,367,0.4,0.44,2025-03-13,0351,N20,high,2.0NRT,311.93,14.39,D
-36.91755,142.27982,346.74,0.42,0.45,2025-03-13,0351,N20,nominal,2.0NRT,315.68,16.83,D
-36.91334,142.27921,356.22,0.42,0.45,2025-03-13,0351,N20,nominal,2.0NRT,315.6,11.86,D
-36.91379,142.27441,344.46,0.42,0.45,2025-03-13,0351,N20,nominal,2.0NRT,313.27,3.96,D
-36.91512,141.73854,346.36,0.45,0.47,2025-03-13,0353,N20,low,2.0NRT,318.31,13.65,D
-36.90853,141.76353,341.58,0.45,0.47,2025-03-13,0353,N20,nominal,2.0NRT,308.99,69.46,D
-36.90418,141.76302,367,0.45,0.47,2025-03-13,0353,N20,low,2.0NRT,328.59,69.46,D
-36.90786,141.7612,355.05,0.45,0.47,2025-03-13,0353,N20,nominal,2.0NRT,316.01,66.51,D
-36.90352,141.76065,367,0.45,0.47,2025-03-13,0353,N20,low,2.0NRT,326.07,66.51,D
-37.02001,139.95953,342.14,0.56,0.52,2025-03-13,0353,N20,nominal,2.0NRT,306.52,9.95,D
-37.0205,139.95311,355.1,0.56,0.52,2025-03-13,0353,N20,nominal,2.0NRT,309.62,9.95,D
-37.01088,139.95201,334.1,0.56,0.52,2025-03-13,0353,N20,low,2.0NRT,307.25,6.05,D
-36.7875,141.57614,350.76,0.46,0.47,2025-03-13,0353,N20,nominal,2.0NRT,324.27,44.36,D
-36.72998,141.82103,367,0.44,0.46,2025-03-13,0353,N20,high,2.0NRT,321.22,21.66,D
-36.76473,141.06355,343.31,0.49,0.48,2025-03-13,0353,N20,nominal,2.0NRT,310.59,4.42,D
-36.6972,141.64722,344.62,0.45,0.47,2025-03-13,0353,N20,nominal,2.0NRT,315.88,7.45,D
-36.69764,141.64209,355.82,0.45,0.47,2025-03-13,0353,N20,nominal,2.0NRT,320.21,7.45,D
-36.7152,141.38562,351.85,0.47,0.48,2025-03-13,0353,N20,nominal,2.0NRT,320.57,25.26,D
-36.69695,141.6449,355.5,0.45,0.47,2025-03-13,0353,N20,nominal,2.0NRT,317.44,8.59,D
-36.69743,141.63977,353.86,0.45,0.47,2025-03-13,0353,N20,nominal,2.0NRT,319.85,9.35,D
-36.71653,141.38368,347.05,0.47,0.48,2025-03-13,0353,N20,low,2.0NRT,318.07,19.01,D
-36.70875,141.42012,351.86,0.46,0.47,2025-03-13,0353,N20,nominal,2.0NRT,315.94,96.99,D
-36.70971,141.40961,354.68,0.47,0.47,2025-03-13,0353,N20,nominal,2.0NRT,320.07,40.85,D
-36.71019,141.40433,353.59,0.47,0.47,2025-03-13,0353,N20,nominal,2.0NRT,320.74,40.85,D
-36.71067,141.39905,352.42,0.47,0.47,2025-03-13,0353,N20,nominal,2.0NRT,321.09,36.06,D
-36.71115,141.39374,355.35,0.47,0.47,2025-03-13,0353,N20,nominal,2.0NRT,321.37,36.06,D
-36.71163,141.38841,355.55,0.47,0.47,2025-03-13,0353,N20,nominal,2.0NRT,321.09,50.26,D
-36.71211,141.3831,353.28,0.47,0.48,2025-03-13,0353,N20,nominal,2.0NRT,318.92,50.26,D
-36.7053,141.40898,352.53,0.47,0.47,2025-03-13,0353,N20,nominal,2.0NRT,318.55,40.85,D
-36.70578,141.40373,346.68,0.47,0.47,2025-03-13,0353,N20,low,2.0NRT,320.76,40.85,D
-36.70625,141.39847,348.61,0.47,0.47,2025-03-13,0353,N20,nominal,2.0NRT,318.08,36.06,D
-36.70672,141.39317,353.47,0.47,0.47,2025-03-13,0353,N20,nominal,2.0NRT,316.96,36.06,D
-36.70769,141.38252,347.34,0.47,0.48,2025-03-13,0353,N20,low,2.0NRT,321.6,50.26,D
-36.70231,141.39259,367,0.47,0.47,2025-03-13,0353,N20,high,2.0NRT,312.92,16.87,D
-36.70279,141.38727,354.63,0.47,0.47,2025-03-13,0353,N20,nominal,2.0NRT,317.24,19.2,D
-36.70327,141.38194,348.56,0.47,0.48,2025-03-13,0353,N20,nominal,2.0NRT,316.26,19.2,D
-36.6979,141.39194,367,0.47,0.47,2025-03-13,0353,N20,high,2.0NRT,309.94,16.87,D
-36.69837,141.38664,367,0.47,0.47,2025-03-13,0353,N20,high,2.0NRT,316.63,19.2,D
-36.69395,141.386,351.92,0.47,0.47,2025-03-13,0353,N20,nominal,2.0NRT,318.98,13.15,D
-36.27475,145.3062,344.12,0.45,0.39,2025-03-13,0353,N20,nominal,2.0NRT,305.33,4.61,D
-36.67741,141.42119,367,0.46,0.47,2025-03-13,0353,N20,high,2.0NRT,309.75,19.49,D
-36.67788,141.41591,367,0.46,0.47,2025-03-13,0353,N20,high,2.0NRT,310.18,16.02,D
-36.67835,141.41064,367,0.47,0.47,2025-03-13,0353,N20,high,2.0NRT,310.3,16.02,D
-36.68023,141.3895,367,0.47,0.47,2025-03-13,0353,N20,high,2.0NRT,317.79,13.65,D
-36.67976,141.39479,355.79,0.47,0.47,2025-03-13,0353,N20,nominal,2.0NRT,313.73,13.65,D
-36.67534,141.3942,367,0.47,0.47,2025-03-13,0353,N20,high,2.0NRT,314.43,8.26,D
-36.67582,141.38889,348.62,0.47,0.47,2025-03-13,0353,N20,nominal,2.0NRT,315.13,8.26,D
-36.67093,141.39359,367,0.47,0.47,2025-03-13,0353,N20,high,2.0NRT,315.59,8.26,D
-36.6714,141.38831,344.93,0.47,0.47,2025-03-13,0353,N20,nominal,2.0NRT,316.22,8.26,D
-36.66906,141.4147,356.24,0.46,0.47,2025-03-13,0353,N20,low,2.0NRT,308.56,16.17,D
-36.66953,141.40942,355.08,0.47,0.47,2025-03-13,0353,N20,low,2.0NRT,308.75,16.17,D
-36.66558,141.40355,367,0.47,0.47,2025-03-13,0353,N20,high,2.0NRT,313.46,26.21,D
-36.66652,141.39301,367,0.47,0.47,2025-03-13,0353,N20,high,2.0NRT,320.08,26.87,D
-36.66512,141.40883,356.27,0.47,0.47,2025-03-13,0353,N20,nominal,2.0NRT,312.38,21.76,D
-36.66605,141.39827,356.13,0.47,0.47,2025-03-13,0353,N20,nominal,2.0NRT,318.37,26.21,D
-36.66418,141.41945,355.79,0.46,0.47,2025-03-13,0353,N20,low,2.0NRT,307.92,18.98,D
-36.66465,141.41412,356.36,0.46,0.47,2025-03-13,0353,N20,low,2.0NRT,310.37,21.76,D
-36.66024,141.41354,367,0.46,0.47,2025-03-13,0353,N20,high,2.0NRT,307.37,21.76,D
-36.66071,141.40825,367,0.47,0.47,2025-03-13,0353,N20,high,2.0NRT,310.69,21.76,D
-36.66117,141.40295,355.66,0.47,0.47,2025-03-13,0353,N20,nominal,2.0NRT,314.83,26.21,D
-36.66163,141.39767,355.88,0.47,0.47,2025-03-13,0353,N20,nominal,2.0NRT,317.99,26.21,D
-36.66209,141.3924,354.67,0.47,0.47,2025-03-13,0353,N20,nominal,2.0NRT,320.39,26.87,D
-36.65675,141.40236,367,0.47,0.47,2025-03-13,0353,N20,high,2.0NRT,311.9,16.79,D
-36.65722,141.39708,355.92,0.47,0.47,2025-03-13,0353,N20,nominal,2.0NRT,316.44,16.79,D
-36.65768,141.3918,354.71,0.47,0.47,2025-03-13,0353,N20,nominal,2.0NRT,318.31,19.25,D
-36.65629,141.40765,355.68,0.47,0.47,2025-03-13,0353,N20,low,2.0NRT,308.91,26.81,D
-36.65281,141.39647,367,0.47,0.47,2025-03-13,0353,N20,high,2.0NRT,318.35,16.79,D
-36.65234,141.40178,353.16,0.47,0.47,2025-03-13,0353,N20,nominal,2.0NRT,314,16.79,D
-36.40279,142.35257,347.75,0.41,0.45,2025-03-13,0353,N20,nominal,2.0NRT,315.42,6.44,D
-36.39862,142.35193,340.65,0.41,0.45,2025-03-13,0353,N20,low,2.0NRT,314.6,3.73,D
-36.39908,142.34729,345.34,0.41,0.45,2025-03-13,0353,N20,low,2.0NRT,317.9,3.73,D
-35.36781,146.69792,351.84,0.41,0.37,2025-03-13,0353,N20,nominal,2.0NRT,306.88,9.27,D
-35.36841,146.69344,349.2,0.41,0.37,2025-03-13,0353,N20,nominal,2.0NRT,305.82,9.27,D
-35.19456,147.27032,353.28,0.39,0.36,2025-03-13,0353,N20,nominal,2.0NRT,317.6,47.24,D
-34.46707,150.89648,333.25,0.42,0.37,2025-03-13,0353,N20,nominal,2.0NRT,301.63,1.9,D
-34.46178,150.88573,353.29,0.41,0.37,2025-03-13,0353,N20,nominal,2.0NRT,304.24,9.24,D
-34.83318,148.38254,338.78,0.38,0.36,2025-03-13,0353,N20,low,2.0NRT,310,6.23,D
-34.82654,148.38106,346.74,0.38,0.36,2025-03-13,0353,N20,nominal,2.0NRT,315.05,26.19,D
-34.68554,147.40889,340.38,0.39,0.36,2025-03-13,0353,N20,nominal,2.0NRT,308.54,8.42,D
-34.68218,147.40817,339.15,0.39,0.36,2025-03-13,0353,N20,nominal,2.0NRT,307.72,4.27,D
-34.6828,147.40392,342.75,0.39,0.36,2025-03-13,0353,N20,nominal,2.0NRT,308.88,4.27,D
-34.68341,147.39963,342.59,0.39,0.36,2025-03-13,0353,N20,nominal,2.0NRT,309.29,5.33,D
-34.43147,148.59552,335.4,0.38,0.36,2025-03-13,0353,N20,nominal,2.0NRT,307.06,4.25,D
-34.43212,148.59132,343.01,0.38,0.36,2025-03-13,0353,N20,nominal,2.0NRT,312.65,11.69,D
-34.43276,148.58714,337.44,0.38,0.36,2025-03-13,0353,N20,nominal,2.0NRT,308.23,11.69,D
-34.42816,148.59477,347.76,0.38,0.36,2025-03-13,0353,N20,nominal,2.0NRT,308.18,4.25,D
-34.4288,148.59059,340.17,0.38,0.36,2025-03-13,0353,N20,nominal,2.0NRT,306.9,11.69,D
-34.42944,148.5864,345.99,0.38,0.36,2025-03-13,0353,N20,nominal,2.0NRT,308.39,11.69,D
-34.46386,148.33861,335.05,0.38,0.36,2025-03-13,0353,N20,low,2.0NRT,305.66,2.55,D
-34.4645,148.33441,345.94,0.38,0.36,2025-03-13,0353,N20,nominal,2.0NRT,309.87,2.55,D
-34.46513,148.33022,338.77,0.38,0.36,2025-03-13,0353,N20,low,2.0NRT,310.13,4.62,D
-34.46118,148.33368,336.52,0.38,0.36,2025-03-13,0353,N20,low,2.0NRT,310.11,2.55,D
-34.40987,147.72043,347.15,0.39,0.36,2025-03-13,0353,N20,nominal,2.0NRT,318.37,37.03,D
-34.41049,147.7162,355.74,0.39,0.36,2025-03-13,0353,N20,nominal,2.0NRT,315.2,37.03,D
-34.40654,147.7197,349.92,0.39,0.36,2025-03-13,0353,N20,nominal,2.0NRT,319.65,26.14,D
-34.40716,147.71547,349.29,0.39,0.36,2025-03-13,0353,N20,nominal,2.0NRT,315.35,26.14,D
-34.18231,148.20596,338.04,0.38,0.36,2025-03-13,0353,N20,low,2.0NRT,308.44,2.32,D
-34.17899,148.20525,346.54,0.38,0.36,2025-03-13,0353,N20,nominal,2.0NRT,312.37,23.81,D
-34.17567,148.20453,347.49,0.38,0.36,2025-03-13,0353,N20,nominal,2.0NRT,312.85,23.81,D
-34.01544,147.82578,343.38,0.39,0.36,2025-03-13,0353,N20,nominal,2.0NRT,305.55,3.51,D
-34.01212,147.82506,351.76,0.39,0.36,2025-03-13,0353,N20,nominal,2.0NRT,308.13,17.08,D
-34.01274,147.82086,336.73,0.39,0.36,2025-03-13,0353,N20,nominal,2.0NRT,306.19,6.65,D
-33.99672,147.81313,367,0.39,0.36,2025-03-13,0353,N20,high,2.0NRT,310.08,10.68,D
-33.99734,147.80894,335.63,0.39,0.36,2025-03-13,0353,N20,nominal,2.0NRT,309.41,5.15,D
-33.9934,147.81241,355.58,0.39,0.36,2025-03-13,0353,N20,nominal,2.0NRT,313.65,25.22,D
-33.99402,147.80823,351.04,0.39,0.36,2025-03-13,0353,N20,nominal,2.0NRT,319.73,10.24,D
-33.99464,147.80405,355.32,0.39,0.36,2025-03-13,0353,N20,nominal,2.0NRT,316.92,10.24,D
-33.99007,147.81171,351.7,0.39,0.36,2025-03-13,0353,N20,nominal,2.0NRT,314.85,25.22,D
-33.99069,147.80753,351.24,0.39,0.36,2025-03-13,0353,N20,nominal,2.0NRT,311.94,10.24,D
-33.99131,147.80334,345.19,0.39,0.36,2025-03-13,0353,N20,nominal,2.0NRT,313.3,10.24,D
-33.98945,147.81589,355.99,0.39,0.36,2025-03-13,0353,N20,low,2.0NRT,304.71,25.22,D
-33.98613,147.81517,352.02,0.39,0.36,2025-03-13,0353,N20,nominal,2.0NRT,310.44,60.27,D
-33.98861,147.79845,336.88,0.39,0.36,2025-03-13,0353,N20,low,2.0NRT,307.92,2.35,D
-33.41292,148.1763,343.01,0.38,0.36,2025-03-13,0353,N20,low,2.0NRT,314.51,29.41,D
-33.98923,147.79425,337.96,0.39,0.36,2025-03-13,0353,N20,low,2.0NRT,310.7,2.35,D
-33.98404,147.80609,339.56,0.39,0.36,2025-03-13,0353,N20,low,2.0NRT,311.37,13.05,D
-33.41355,148.17215,351.95,0.38,0.36,2025-03-13,0353,N20,nominal,2.0NRT,306.36,29.41,D
-33.98466,147.80193,346.77,0.39,0.36,2025-03-13,0353,N20,nominal,2.0NRT,313.99,13.05,D
-33.56116,146.56876,352.11,0.4,0.37,2025-03-13,0353,N20,nominal,2.0NRT,316.92,16.62,D
-33.98528,147.79774,339.34,0.39,0.36,2025-03-13,0353,N20,nominal,2.0NRT,308.51,2.35,D
-33.55778,146.56807,341.07,0.4,0.37,2025-03-13,0353,N20,low,2.0NRT,311.16,16.62,D
-33.55837,146.56377,354.1,0.4,0.37,2025-03-13,0353,N20,nominal,2.0NRT,316.88,25.12,D
-33.55897,146.55945,337.86,0.4,0.37,2025-03-13,0353,N20,low,2.0NRT,312.59,25.12,D
-33.55796,146.56477,355.51,0.4,0.37,2025-03-13,0353,N20,nominal,2.0NRT,311.61,10.11,D
-33.55857,146.56046,347.8,0.4,0.37,2025-03-13,0353,N20,nominal,2.0NRT,313.21,10.11,D
-33.48012,146.47397,340.21,0.4,0.37,2025-03-13,0353,N20,low,2.0NRT,311.61,7.07,D
-34.29599,137.75696,344.99,0.35,0.57,2025-03-13,0353,N20,low,2.0NRT,317.47,5.36,D
-32.68587,149.46831,338.41,0.4,0.37,2025-03-13,0353,N20,low,2.0NRT,308.62,5.78,D
-32.09547,149.36032,332.57,0.4,0.37,2025-03-13,0353,N20,low,2.0NRT,306.44,4.9,D
-31.77561,149.48758,335.49,0.4,0.37,2025-03-13,0353,N20,nominal,2.0NRT,306.73,3.38,D
-31.77631,149.48334,331.7,0.4,0.37,2025-03-13,0353,N20,low,2.0NRT,304.31,4.03,D
-33.01034,137.60025,367,0.35,0.57,2025-03-13,0353,N20,high,2.0NRT,308.59,4.46,D
-33.006,137.60022,367,0.35,0.57,2025-03-13,0353,N20,high,2.0NRT,305.21,2.56,D
-31.61742,148.56059,337.38,0.39,0.36,2025-03-13,0353,N20,low,2.0NRT,311.37,3.95,D
-31.17365,148.63609,338.93,0.39,0.36,2025-03-13,0353,N20,low,2.0NRT,310.09,5.24,D
-31.17031,148.63536,338.98,0.39,0.36,2025-03-13,0353,N20,low,2.0NRT,310.44,4.92,D
-31.09717,149.00012,336.1,0.4,0.37,2025-03-13,0353,N20,nominal,2.0NRT,301.02,4.11,D
-31.09785,148.99599,342.69,0.4,0.37,2025-03-13,0353,N20,nominal,2.0NRT,304.33,6.39,D
-31.09853,148.99184,353.9,0.4,0.37,2025-03-13,0353,N20,nominal,2.0NRT,307.6,6.39,D
-31.09921,148.98769,352.96,0.4,0.37,2025-03-13,0353,N20,nominal,2.0NRT,309.55,6.05,D
-31.09516,148.99109,353.35,0.4,0.37,2025-03-13,0353,N20,nominal,2.0NRT,309.17,6.39,D
-31.09585,148.98694,353.08,0.4,0.37,2025-03-13,0353,N20,nominal,2.0NRT,307.99,6.05,D
-31.39066,146.61055,340.12,0.39,0.36,2025-03-13,0353,N20,low,2.0NRT,310.28,54.9,D
-29.7673,149.36436,346.79,0.41,0.37,2025-03-13,0353,N20,nominal,2.0NRT,310.14,7.99,D
-29.76803,149.36009,351.4,0.41,0.37,2025-03-13,0353,N20,nominal,2.0NRT,306.9,7.99,D
-29.67007,149.90289,341.66,0.43,0.38,2025-03-13,0353,N20,nominal,2.0NRT,298.52,10.95,D
-29.67085,149.89845,355.2,0.43,0.38,2025-03-13,0353,N20,nominal,2.0NRT,308.71,10.95,D
-29.67163,149.89403,336.94,0.43,0.38,2025-03-13,0353,N20,low,2.0NRT,308.5,6.42,D
-29.76314,149.36787,342.41,0.41,0.37,2025-03-13,0353,N20,nominal,2.0NRT,308.2,7.08,D
-29.66736,149.89767,337.6,0.43,0.38,2025-03-13,0353,N20,nominal,2.0NRT,304.71,5.62,D
-29.75971,149.36711,355.69,0.41,0.37,2025-03-13,0353,N20,nominal,2.0NRT,310.31,8.47,D
-29.76045,149.36284,349.96,0.41,0.37,2025-03-13,0353,N20,nominal,2.0NRT,309.21,6.53,D
-29.75629,149.36635,346.16,0.41,0.37,2025-03-13,0353,N20,nominal,2.0NRT,310.51,8.47,D
-29.75702,149.36208,352.67,0.41,0.37,2025-03-13,0353,N20,nominal,2.0NRT,309.27,6.53,D
-29.75775,149.3578,345.33,0.41,0.37,2025-03-13,0353,N20,nominal,2.0NRT,304.68,6.53,D
-29.75723,149.3678,351.03,0.41,0.37,2025-03-13,0353,N20,nominal,2.0NRT,309.85,10.78,D
-29.75796,149.36353,352.94,0.41,0.37,2025-03-13,0353,N20,nominal,2.0NRT,309.84,7.63,D
-29.75868,149.35925,346.37,0.41,0.37,2025-03-13,0353,N20,nominal,2.0NRT,306.97,7.63,D
-29.75525,149.35849,344.9,0.41,0.37,2025-03-13,0353,N20,nominal,2.0NRT,308.02,7.63,D
-29.84086,148.52487,337.81,0.4,0.37,2025-03-13,0353,N20,low,2.0NRT,309.98,7.52,D
-29.40648,148.49751,347.08,0.4,0.37,2025-03-13,0355,N20,nominal,2.0NRT,304.52,8.81,D
-28.44221,148.63748,336.84,0.41,0.37,2025-03-13,0355,N20,low,2.0NRT,308.13,3.82,D
-27.86805,151.17577,349.42,0.51,0.41,2025-03-13,0355,N20,nominal,2.0NRT,300.57,15.71,D
-27.86427,151.1749,351.11,0.51,0.41,2025-03-13,0355,N20,nominal,2.0NRT,299.31,7.29,D
-26.45409,147.55066,334.9,0.4,0.37,2025-03-13,0355,N20,low,2.0NRT,309.27,3.02,D
-23.34286,150.1301,337,0.53,0.42,2025-03-13,0355,N20,nominal,2.0NRT,295.58,5.51,D
-23.59087,147.40192,337.4,0.41,0.37,2025-03-13,0355,N20,nominal,2.0NRT,296.87,22.03,D
-23.5922,147.39389,353.74,0.41,0.37,2025-03-13,0355,N20,nominal,2.0NRT,304.32,12.64,D
-23.58945,147.38924,354.29,0.41,0.37,2025-03-13,0355,N20,nominal,2.0NRT,301.47,12.64,D
-23.59012,147.38522,339.46,0.41,0.37,2025-03-13,0355,N20,nominal,2.0NRT,299.67,3.83,D
-23.58605,147.38858,353.66,0.41,0.37,2025-03-13,0355,N20,nominal,2.0NRT,302.32,6.9,D
-23.57997,147.40401,330.14,0.41,0.37,2025-03-13,0355,N20,nominal,2.0NRT,297.51,2.49,D
-23.58264,147.38791,334.65,0.41,0.37,2025-03-13,0355,N20,nominal,2.0NRT,298.78,6.9,D
-23.64779,146.74579,341.31,0.39,0.36,2025-03-13,0355,N20,nominal,2.0NRT,305.9,6.97,D
-23.51859,146.33408,336.24,0.39,0.36,2025-03-13,0355,N20,nominal,2.0NRT,303.76,3.31,D
-24.26353,139.77916,342.3,0.41,0.45,2025-03-13,0355,N20,nominal,2.0NRT,305.2,4.72,D
-24.23533,139.80428,349.67,0.41,0.45,2025-03-13,0355,N20,nominal,2.0NRT,308.35,9.49,D
-24.2358,139.8002,342.52,0.41,0.45,2025-03-13,0355,N20,nominal,2.0NRT,307.64,9.49,D
-24.23119,139.80371,349.47,0.41,0.45,2025-03-13,0355,N20,nominal,2.0NRT,310.45,8.65,D
-24.22704,139.80315,345.85,0.41,0.45,2025-03-13,0355,N20,nominal,2.0NRT,308.98,8.65,D
-24.23078,139.73318,347.86,0.41,0.45,2025-03-13,0355,N20,nominal,2.0NRT,302.59,14.03,D
-24.21875,139.80203,339.7,0.41,0.45,2025-03-13,0355,N20,nominal,2.0NRT,306.86,10.31,D
-24.21967,139.75664,345.08,0.41,0.45,2025-03-13,0355,N20,nominal,2.0NRT,306.07,6.36,D
-24.22013,139.75255,347.24,0.41,0.45,2025-03-13,0355,N20,nominal,2.0NRT,306.76,17.63,D
-24.22059,139.74846,349.03,0.41,0.45,2025-03-13,0355,N20,nominal,2.0NRT,308.57,17.63,D
-24.21551,139.75607,350.34,0.41,0.45,2025-03-13,0355,N20,nominal,2.0NRT,307.42,6.36,D
-24.21597,139.752,344.5,0.41,0.45,2025-03-13,0355,N20,nominal,2.0NRT,306.39,17.63,D
-24.21089,139.7596,347.41,0.41,0.45,2025-03-13,0355,N20,nominal,2.0NRT,306.23,17.76,D
-24.20582,139.7672,350.91,0.41,0.45,2025-03-13,0355,N20,nominal,2.0NRT,308.17,15.12,D
-24.20628,139.76311,353.52,0.41,0.45,2025-03-13,0355,N20,nominal,2.0NRT,306.2,15.12,D
-24.2012,139.77071,367,0.41,0.45,2025-03-13,0355,N20,high,2.0NRT,309.14,9.26,D
-24.20075,139.77478,344.06,0.41,0.45,2025-03-13,0355,N20,nominal,2.0NRT,308.78,9.26,D
-24.20166,139.76663,355.77,0.41,0.45,2025-03-13,0355,N20,nominal,2.0NRT,308.22,22.05,D
-24.19295,139.80676,340.02,0.41,0.45,2025-03-13,0355,N20,nominal,2.0NRT,304.32,4.25,D
-24.19523,139.78644,354.7,0.41,0.45,2025-03-13,0355,N20,nominal,2.0NRT,309.41,13.95,D
-24.19568,139.78236,354.84,0.41,0.45,2025-03-13,0355,N20,nominal,2.0NRT,310.8,11.07,D
-24.19614,139.77829,352.63,0.41,0.45,2025-03-13,0355,N20,nominal,2.0NRT,309.74,11.07,D
-24.1966,139.77422,350.8,0.41,0.45,2025-03-13,0355,N20,nominal,2.0NRT,307.88,9.26,D
-24.18835,139.81026,341.19,0.41,0.45,2025-03-13,0355,N20,nominal,2.0NRT,308.01,6.75,D
-24.18466,139.80562,340.62,0.41,0.45,2025-03-13,0355,N20,nominal,2.0NRT,308.15,7.78,D
-24.18511,139.80157,347.66,0.41,0.45,2025-03-13,0355,N20,nominal,2.0NRT,308.12,7.78,D
-23.10789,145.59509,338.61,0.38,0.36,2025-03-13,0355,N20,nominal,2.0NRT,306.72,3.38,D
-23.104,145.59824,352.74,0.38,0.36,2025-03-13,0355,N20,nominal,2.0NRT,308.75,7.5,D
-23.05013,145.64238,350.72,0.38,0.36,2025-03-13,0355,N20,nominal,2.0NRT,310.43,8.61,D
-21.45615,148.53578,331.44,0.47,0.4,2025-03-13,0357,N20,nominal,2.0NRT,291.37,3.7,D
-21.45251,148.53506,338.04,0.47,0.4,2025-03-13,0357,N20,nominal,2.0NRT,289.62,3.7,D
-21.41369,145.03297,350.01,0.38,0.36,2025-03-13,0357,N20,nominal,2.0NRT,307.5,6.13,D
-22.1157,131.54395,334.53,0.65,0.73,2025-03-13,0357,N20,nominal,2.0NRT,297.8,7.34,D
-22.11616,131.53749,334.8,0.65,0.73,2025-03-13,0357,N20,nominal,2.0NRT,298.44,5,D
-22.10985,131.53053,367,0.65,0.73,2025-03-13,0357,N20,high,2.0NRT,300.26,12.7,D
-22.1085,131.54982,346.92,0.65,0.73,2025-03-13,0357,N20,nominal,2.0NRT,299.29,7.06,D
-22.10895,131.54341,333.93,0.65,0.73,2025-03-13,0357,N20,nominal,2.0NRT,300.47,7.06,D
-22.10941,131.5368,334.52,0.65,0.73,2025-03-13,0357,N20,nominal,2.0NRT,299.07,12.7,D
-22.10176,131.54915,332.66,0.65,0.73,2025-03-13,0357,N20,nominal,2.0NRT,299.74,7.06,D
-22.09591,131.53564,340.7,0.65,0.73,2025-03-13,0357,N20,nominal,2.0NRT,300.88,8.35,D
-22.08829,131.54753,338.66,0.65,0.73,2025-03-13,0357,N20,nominal,2.0NRT,297.57,7.2,D
-22.08873,131.5412,333.28,0.65,0.73,2025-03-13,0357,N20,nominal,2.0NRT,300.21,7.2,D
-22.08155,131.54688,334.27,0.65,0.73,2025-03-13,0357,N20,nominal,2.0NRT,294.68,3.09,D
-22.08199,131.54056,331.4,0.65,0.73,2025-03-13,0357,N20,nominal,2.0NRT,299.01,3.09,D
-22.06849,131.53928,339.34,0.65,0.73,2025-03-13,0357,N20,nominal,2.0NRT,297.08,4.77,D
-20.39023,146.18434,346.87,0.4,0.37,2025-03-13,0357,N20,nominal,2.0NRT,301.81,4.38,D
-20.38686,146.18373,335.67,0.4,0.37,2025-03-13,0357,N20,nominal,2.0NRT,298.53,4.38,D
-22.11345,131.54269,336.13,0.65,0.73,2025-03-13,0357,N20,nominal,2.0NRT,299.29,7.05,D
-22.11395,131.53621,337.24,0.65,0.73,2025-03-13,0357,N20,nominal,2.0NRT,299.11,7.05,D
-22.11444,131.52986,346.68,0.65,0.73,2025-03-13,0357,N20,nominal,2.0NRT,298.03,8.92,D
-22.10621,131.54863,353.09,0.65,0.73,2025-03-13,0357,N20,nominal,2.0NRT,299.71,16.3,D
-22.1067,131.54214,332.21,0.65,0.73,2025-03-13,0357,N20,nominal,2.0NRT,300.94,7.05,D
-22.1072,131.53564,330.39,0.65,0.73,2025-03-13,0357,N20,nominal,2.0NRT,299.1,7.05,D
-22.10767,131.52945,352.38,0.65,0.73,2025-03-13,0357,N20,nominal,2.0NRT,298.24,8.92,D
-22.0937,131.53448,337.64,0.65,0.73,2025-03-13,0357,N20,nominal,2.0NRT,300.38,11.7,D
-22.08602,131.54634,344.67,0.65,0.73,2025-03-13,0357,N20,nominal,2.0NRT,294.88,10.71,D
-22.08649,131.54002,332.68,0.65,0.73,2025-03-13,0357,N20,nominal,2.0NRT,300.47,12.25,D
-20.35561,144.5195,367,0.38,0.36,2025-03-13,0357,N20,high,2.0NRT,305.46,8.75,D
-20.35616,144.51582,367,0.38,0.36,2025-03-13,0357,N20,high,2.0NRT,307.85,10.28,D
-20.35505,144.52318,344.21,0.38,0.36,2025-03-13,0357,N20,nominal,2.0NRT,300.11,8.75,D
-20.35174,144.52261,347.53,0.38,0.36,2025-03-13,0357,N20,nominal,2.0NRT,301.42,5.85,D
-20.34787,144.52574,332.42,0.38,0.36,2025-03-13,0357,N20,nominal,2.0NRT,300.48,7.37,D
-20.34842,144.52205,335.71,0.38,0.36,2025-03-13,0357,N20,nominal,2.0NRT,299.75,5.85,D
-20.34511,144.52148,367,0.38,0.36,2025-03-13,0357,N20,high,2.0NRT,301.72,9.77,D
-20.34455,144.52516,331.39,0.38,0.36,2025-03-13,0357,N20,nominal,2.0NRT,298.05,3,D
-19.67739,146.5741,330.5,0.41,0.37,2025-03-13,0357,N20,nominal,2.0NRT,296.85,6.55,D
-20.01645,139.63573,347.05,0.56,0.43,2025-03-13,0357,N20,nominal,2.0NRT,303.13,10.17,D
-20.0171,139.63037,347.27,0.56,0.43,2025-03-13,0357,N20,nominal,2.0NRT,303.06,10.17,D
-20.01814,139.63387,344.6,0.56,0.43,2025-03-13,0357,N20,nominal,2.0NRT,303.15,10.1,D
-20.01418,139.63326,330.99,0.56,0.43,2025-03-13,0357,N20,low,2.0NRT,301.68,7.25,D
-19.21987,139.28523,341.31,0.38,0.43,2025-03-13,0357,N20,nominal,2.0NRT,301.58,4.28,D
-19.82237,132.72719,343.3,0.52,0.67,2025-03-13,0357,N20,nominal,2.0NRT,295.38,12.21,D
-19.81664,132.72163,367,0.52,0.67,2025-03-13,0357,N20,high,2.0NRT,296.92,9.44,D
-19.81708,132.71664,367,0.52,0.67,2025-03-13,0357,N20,high,2.0NRT,295.25,9.44,D
-19.81451,132.74617,340.96,0.51,0.66,2025-03-13,0357,N20,nominal,2.0NRT,292.85,6.6,D
-19.81494,132.74126,333.26,0.51,0.66,2025-03-13,0357,N20,nominal,2.0NRT,295.78,4.62,D
-19.81621,132.72658,340.39,0.52,0.67,2025-03-13,0357,N20,nominal,2.0NRT,296.86,9.17,D
-19.80878,132.74066,337.23,0.51,0.66,2025-03-13,0357,N20,nominal,2.0NRT,292.96,4.62,D
-19.80921,132.73576,333.73,0.52,0.66,2025-03-13,0357,N20,nominal,2.0NRT,295.26,4.62,D
-19.80963,132.73088,334.52,0.52,0.66,2025-03-13,0357,N20,nominal,2.0NRT,296.61,9.17,D
-19.81048,132.72101,335.71,0.52,0.67,2025-03-13,0357,N20,nominal,2.0NRT,296.24,9.44,D
-19.81091,132.71602,354.2,0.52,0.67,2025-03-13,0357,N20,nominal,2.0NRT,296.38,9.44,D
-19.80475,132.71541,346.15,0.52,0.67,2025-03-13,0357,N20,nominal,2.0NRT,295.3,22.03,D
-19.80518,132.7104,355.23,0.52,0.67,2025-03-13,0357,N20,nominal,2.0NRT,299.58,18.01,D
-19.79902,132.70981,340.97,0.52,0.67,2025-03-13,0357,N20,nominal,2.0NRT,294.05,18.01,D
-19.8113,132.71489,367,0.52,0.67,2025-03-13,0357,N20,high,2.0NRT,295.46,17.08,D
-19.809,132.7395,339.31,0.51,0.66,2025-03-13,0357,N20,nominal,2.0NRT,293.91,5.11,D
-19.80945,132.73463,333.29,0.51,0.66,2025-03-13,0357,N20,nominal,2.0NRT,295.65,9.91,D
-19.81083,132.71989,347.82,0.52,0.67,2025-03-13,0357,N20,nominal,2.0NRT,296.21,20.31,D
-19.80513,132.71429,353.98,0.52,0.67,2025-03-13,0357,N20,nominal,2.0NRT,295.77,17.08,D
-19.8056,132.70932,352.74,0.52,0.67,2025-03-13,0357,N20,nominal,2.0NRT,298.76,17.08,D
-19.79943,132.70876,341.16,0.52,0.67,2025-03-13,0357,N20,nominal,2.0NRT,294.78,9.47,D
-19.69554,131.16118,330.84,0.65,0.73,2025-03-13,0357,N20,nominal,2.0NRT,291.19,11.42,D
-19.72644,131.1644,338.27,0.65,0.73,2025-03-13,0357,N20,nominal,2.0NRT,291.86,14.1,D
-19.69946,131.16203,330.5,0.65,0.73,2025-03-13,0357,N20,nominal,2.0NRT,290.6,9.91,D
-18.03559,137.64359,337.82,0.47,0.47,2025-03-13,0357,N20,nominal,2.0NRT,300.68,5.93,D
-18.03611,137.63921,345.13,0.47,0.47,2025-03-13,0357,N20,nominal,2.0NRT,302.37,5.93,D
-18.03662,137.63481,355.26,0.47,0.47,2025-03-13,0357,N20,nominal,2.0NRT,303.78,10.97,D
-18.01859,137.6368,344.05,0.47,0.47,2025-03-13,0357,N20,nominal,2.0NRT,303.46,12.33,D
-18.0191,137.63243,342.66,0.47,0.47,2025-03-13,0357,N20,nominal,2.0NRT,303.83,13.48,D
-18.02067,137.61902,340.45,0.47,0.48,2025-03-13,0357,N20,nominal,2.0NRT,298.61,6.1,D
-18.02119,137.61458,338.64,0.47,0.48,2025-03-13,0357,N20,nominal,2.0NRT,298.74,5.33,D
-18.00933,137.63991,333.26,0.47,0.47,2025-03-13,0357,N20,nominal,2.0NRT,302.24,3.5,D
-18.00984,137.63557,341,0.47,0.47,2025-03-13,0357,N20,nominal,2.0NRT,305.24,3.5,D
-18.01191,137.61777,332.39,0.47,0.48,2025-03-13,0357,N20,nominal,2.0NRT,301.83,6.21,D
-18.01243,137.61333,341.17,0.47,0.48,2025-03-13,0357,N20,nominal,2.0NRT,301.63,6.55,D
-18.00546,137.63498,337.64,0.47,0.47,2025-03-13,0357,N20,nominal,2.0NRT,303.18,3.5,D
-18.00597,137.6306,353.29,0.47,0.47,2025-03-13,0357,N20,nominal,2.0NRT,304.5,7.53,D
-18.00648,137.62616,347.1,0.47,0.48,2025-03-13,0357,N20,nominal,2.0NRT,303.07,7.53,D
-18.00804,137.61275,356.19,0.47,0.48,2025-03-13,0357,N20,nominal,2.0NRT,302.4,6.55,D
-18.00909,137.63744,347.08,0.47,0.47,2025-03-13,0357,N20,nominal,2.0NRT,304.04,7.96,D
-18.01128,137.61972,333.3,0.47,0.48,2025-03-13,0357,N20,nominal,2.0NRT,301.49,6.57,D
-18.01183,137.61528,334.61,0.47,0.48,2025-03-13,0357,N20,nominal,2.0NRT,302.63,4.33,D
-18.01238,137.61086,343.68,0.47,0.48,2025-03-13,0357,N20,nominal,2.0NRT,301.21,4.33,D
-18.00525,137.63249,346.68,0.47,0.47,2025-03-13,0357,N20,nominal,2.0NRT,303.71,8.73,D
-18.00579,137.6281,353.69,0.47,0.47,2025-03-13,0357,N20,nominal,2.0NRT,304.1,8.73,D
-18.00744,137.61472,338.2,0.47,0.48,2025-03-13,0357,N20,nominal,2.0NRT,301.34,4.33,D
-18.00799,137.61028,339.62,0.47,0.48,2025-03-13,0357,N20,nominal,2.0NRT,302.05,4.33,D
-17.86254,134.49051,344.52,0.37,0.58,2025-03-13,0357,N20,nominal,2.0NRT,280.08,6.92,D
-17.86291,134.48697,345.83,0.37,0.58,2025-03-13,0357,N20,nominal,2.0NRT,279.85,6.92,D
-17.86328,134.48341,349.61,0.37,0.58,2025-03-13,0357,N20,nominal,2.0NRT,278.81,41.9,D
-17.86402,134.47633,354.79,0.37,0.58,2025-03-13,0357,N20,nominal,2.0NRT,280.08,23.52,D
-17.86364,134.47987,356.23,0.37,0.58,2025-03-13,0357,N20,low,2.0NRT,281.15,41.9,D
-17.85495,134.51109,337.89,0.37,0.58,2025-03-13,0357,N20,nominal,2.0NRT,285.25,3.99,D
-17.85531,134.50757,341.94,0.37,0.58,2025-03-13,0357,N20,nominal,2.0NRT,286.77,3.99,D
-17.85752,134.48636,331.71,0.37,0.58,2025-03-13,0357,N20,nominal,2.0NRT,282.33,6.92,D
-17.85862,134.47571,354.68,0.37,0.58,2025-03-13,0357,N20,nominal,2.0NRT,283.17,23.52,D
-17.85788,134.4828,355.95,0.37,0.58,2025-03-13,0357,N20,low,2.0NRT,284.22,41.9,D
-17.85286,134.47864,352.13,0.37,0.58,2025-03-13,0357,N20,nominal,2.0NRT,285.72,16.2,D
-17.85323,134.4751,345.29,0.37,0.58,2025-03-13,0357,N20,nominal,2.0NRT,282.72,10.96,D
-17.85249,134.48219,356.27,0.37,0.58,2025-03-13,0357,N20,low,2.0NRT,282.32,16.2,D
-17.67414,134.67159,333.34,0.36,0.57,2025-03-13,0357,N20,nominal,2.0NRT,289.98,4.05,D
-17.67451,134.66817,337.53,0.36,0.58,2025-03-13,0357,N20,nominal,2.0NRT,289.13,4.05,D
-17.67488,134.66475,346.94,0.36,0.58,2025-03-13,0357,N20,nominal,2.0NRT,288.68,5.06,D
-17.66994,134.66072,334.01,0.36,0.58,2025-03-13,0357,N20,nominal,2.0NRT,284.94,5.06,D
-17.67031,134.6573,333.84,0.36,0.58,2025-03-13,0357,N20,nominal,2.0NRT,287.33,5.32,D
-17.57585,134.69768,331.63,0.36,0.57,2025-03-13,0357,N20,nominal,2.0NRT,284.14,6.18,D
-17.5766,134.69087,334.15,0.36,0.57,2025-03-13,0357,N20,nominal,2.0NRT,280.76,6.67,D
-17.57093,134.69366,347.3,0.36,0.57,2025-03-13,0357,N20,nominal,2.0NRT,283.29,6.67,D
-17.5713,134.69026,356.2,0.36,0.57,2025-03-13,0357,N20,low,2.0NRT,284.96,6.67,D
-16.69465,136.17393,331.18,0.56,0.51,2025-03-13,0357,N20,nominal,2.0NRT,293.31,5.77,D
-16.69524,136.16879,339.93,0.56,0.51,2025-03-13,0357,N20,nominal,2.0NRT,295.28,6.51,D
-16.69168,136.15773,334.71,0.56,0.51,2025-03-13,0357,N20,nominal,2.0NRT,293.37,4.51,D
-16.68456,136.17798,334.79,0.56,0.51,2025-03-13,0357,N20,nominal,2.0NRT,291.65,8.2,D
-16.69089,136.15605,331.07,0.56,0.51,2025-03-13,0357,N20,nominal,2.0NRT,292.84,10.19,D
-16.68362,136.17632,336.02,0.56,0.51,2025-03-13,0357,N20,nominal,2.0NRT,290.58,8.01,D
-16.6368,136.16519,342.15,0.56,0.51,2025-03-13,0357,N20,nominal,2.0NRT,293.38,15.37,D
-16.02475,132.44366,330.39,0.49,0.65,2025-03-13,0400,N20,nominal,2.0NRT,284.58,6.76,D
-16.02521,132.43909,341.32,0.49,0.65,2025-03-13,0400,N20,nominal,2.0NRT,285.03,6.76,D
-16.01455,132.42398,328.16,0.49,0.65,2025-03-13,0400,N20,nominal,2.0NRT,278.42,6.32,D
-16.00809,132.42783,331.98,0.49,0.65,2025-03-13,0400,N20,nominal,2.0NRT,282.25,5.24,D
-16.00854,132.42326,352.67,0.49,0.65,2025-03-13,0400,N20,nominal,2.0NRT,283.81,6.32,D
-16.0224,132.44167,341.29,0.49,0.65,2025-03-13,0400,N20,nominal,2.0NRT,284.3,10.21,D
-16.02288,132.4371,336.98,0.49,0.65,2025-03-13,0400,N20,nominal,2.0NRT,284.6,9.07,D
-16.01232,132.42206,356.31,0.49,0.65,2025-03-13,0400,N20,low,2.0NRT,281.86,7.56,D
-16.00583,132.42593,334.06,0.49,0.65,2025-03-13,0400,N20,nominal,2.0NRT,282.81,3.4,D
-16.00631,132.42136,328.69,0.49,0.65,2025-03-13,0400,N20,nominal,2.0NRT,284.86,3.4,D
-15.64203,134.71323,331.03,0.34,0.56,2025-03-13,0400,N20,nominal,2.0NRT,294.88,4.97,D
-15.6424,134.7101,340.68,0.34,0.56,2025-03-13,0400,N20,nominal,2.0NRT,295.36,5.67,D
-37.82125,142.87692,367,0.8,0.78,2025-03-13,0531,N20,high,2.0NRT,316.79,83.02,D
-37.8242,142.86819,335.4,0.79,0.78,2025-03-13,0531,N20,nominal,2.0NRT,308.63,83.02,D
-37.81435,142.87344,367,0.8,0.78,2025-03-13,0531,N20,high,2.0NRT,303.06,83.02,D
-37.8173,142.86469,367,0.79,0.78,2025-03-13,0531,N20,high,2.0NRT,302.43,83.02,D
-37.8241,142.86554,350.79,0.8,0.78,2025-03-13,0531,N20,nominal,2.0NRT,306.66,65.78,D
-37.81723,142.86198,347.52,0.8,0.78,2025-03-13,0531,N20,nominal,2.0NRT,299.83,65.78,D
-38.07776,141.87645,346.52,0.7,0.75,2025-03-13,0531,N20,nominal,2.0NRT,295.64,12.13,D
-38.06625,141.88831,350.94,0.7,0.75,2025-03-13,0531,N20,nominal,2.0NRT,294.6,11.08,D
-38.06871,141.88072,350.77,0.7,0.75,2025-03-13,0531,N20,nominal,2.0NRT,296.62,11.08,D
-38.05965,141.88504,345.47,0.7,0.75,2025-03-13,0531,N20,nominal,2.0NRT,295.66,11.08,D
-38.05058,141.88933,350.42,0.7,0.75,2025-03-13,0531,N20,nominal,2.0NRT,294.57,13.69,D
-38.05304,141.88174,333.12,0.7,0.75,2025-03-13,0531,N20,nominal,2.0NRT,294.78,9.65,D
-38.04644,141.87845,335.85,0.7,0.75,2025-03-13,0531,N20,nominal,2.0NRT,294.43,9.65,D
-38.03982,141.87524,337.07,0.7,0.75,2025-03-13,0531,N20,nominal,2.0NRT,293.64,6.42,D
-38.04824,141.87798,334.6,0.7,0.75,2025-03-13,0531,N20,nominal,2.0NRT,294.4,7.81,D
-38.04163,141.87473,342.75,0.7,0.75,2025-03-13,0531,N20,nominal,2.0NRT,293.73,7.81,D
-37.67585,140.43639,337.32,0.61,0.71,2025-03-13,0533,N20,nominal,2.0NRT,298.21,3.64,D
-37.42259,141.13875,367,0.67,0.74,2025-03-13,0533,N20,high,2.0NRT,304.52,13.5,D
-37.42029,141.14603,343.77,0.68,0.74,2025-03-13,0533,N20,nominal,2.0NRT,299.8,16.68,D
-37.42492,141.13139,338.08,0.67,0.74,2025-03-13,0533,N20,nominal,2.0NRT,302.51,13.5,D
-37.40273,141.15395,338.18,0.68,0.74,2025-03-13,0533,N20,nominal,2.0NRT,298.29,6.46,D
-37.40505,141.14665,338.32,0.68,0.74,2025-03-13,0533,N20,nominal,2.0NRT,299.7,15.87,D
-37.41192,141.125,346.08,0.67,0.74,2025-03-13,0533,N20,nominal,2.0NRT,302.76,16.01,D
-37.40543,141.12175,367,0.67,0.74,2025-03-13,0533,N20,high,2.0NRT,303.85,9.98,D
-37.39856,141.1434,345.78,0.68,0.74,2025-03-13,0533,N20,nominal,2.0NRT,302.5,8.94,D
-37.39204,141.14023,338.45,0.68,0.74,2025-03-13,0533,N20,nominal,2.0NRT,300.06,8.94,D
-37.39438,141.13289,335.3,0.68,0.74,2025-03-13,0533,N20,nominal,2.0NRT,300.14,8.94,D
-37.39668,141.12566,346.46,0.67,0.74,2025-03-13,0533,N20,nominal,2.0NRT,302.27,9.98,D
-37.39896,141.11848,331.75,0.67,0.74,2025-03-13,0533,N20,nominal,2.0NRT,301.46,9.98,D
-37.38787,141.12971,342.57,0.68,0.74,2025-03-13,0533,N20,nominal,2.0NRT,300.38,22.48,D
-37.39019,141.12241,355.44,0.67,0.74,2025-03-13,0533,N20,nominal,2.0NRT,302.32,24.6,D
-37.38308,140.56697,367,0.63,0.72,2025-03-13,0533,N20,high,2.0NRT,301.18,14.86,D
-37.38525,140.55998,354.7,0.63,0.72,2025-03-13,0533,N20,nominal,2.0NRT,301.96,14.86,D
-36.90195,141.76456,336.35,0.75,0.77,2025-03-13,0533,N20,nominal,2.0NRT,303.6,8.82,D
-36.90615,141.76543,330.5,0.75,0.77,2025-03-13,0533,N20,low,2.0NRT,303.52,5.05,D
-36.7262,141.82568,342.1,0.76,0.77,2025-03-13,0533,N20,nominal,2.0NRT,309.79,9.21,D
-36.72902,141.81706,343.8,0.76,0.77,2025-03-13,0533,N20,nominal,2.0NRT,310.16,11.32,D
-36.7204,141.42319,367,0.73,0.76,2025-03-13,0533,N20,high,2.0NRT,306.15,15.54,D
-36.72302,141.41508,367,0.73,0.76,2025-03-13,0533,N20,high,2.0NRT,310.25,15.54,D
-36.71367,141.42006,367,0.73,0.76,2025-03-13,0533,N20,high,2.0NRT,304.6,34.98,D
-36.71629,141.41196,353.39,0.73,0.76,2025-03-13,0533,N20,nominal,2.0NRT,314.15,34.98,D
-36.71885,141.40401,354.43,0.73,0.76,2025-03-13,0533,N20,nominal,2.0NRT,312.26,45.16,D
-36.72137,141.39621,353.75,0.73,0.76,2025-03-13,0533,N20,nominal,2.0NRT,312.88,45.16,D
-36.72391,141.38835,333.48,0.73,0.76,2025-03-13,0533,N20,nominal,2.0NRT,307.68,33.54,D
-36.71466,141.39304,367,0.73,0.76,2025-03-13,0533,N20,high,2.0NRT,310.11,45.16,D
-36.70954,141.40886,335.77,0.73,0.76,2025-03-13,0533,N20,nominal,2.0NRT,302.45,34.98,D
-36.71212,141.40089,344.51,0.73,0.76,2025-03-13,0533,N20,nominal,2.0NRT,305.44,45.16,D
-36.66814,141.41692,356.98,0.73,0.76,2025-03-13,0533,N20,nominal,2.0NRT,308.75,9.86,D
-36.67073,141.40898,347.03,0.73,0.76,2025-03-13,0533,N20,nominal,2.0NRT,308.39,9.86,D
-36.67332,141.40102,350.71,0.73,0.76,2025-03-13,0533,N20,nominal,2.0NRT,309.28,10.79,D
-36.664,141.40582,340.99,0.73,0.76,2025-03-13,0533,N20,nominal,2.0NRT,309.13,9.86,D
-36.66661,141.39783,336.75,0.73,0.76,2025-03-13,0533,N20,low,2.0NRT,309.08,10.79,D
-36.71581,141.42278,367,0.73,0.76,2025-03-13,0533,N20,high,2.0NRT,304.61,50.81,D
-36.72341,141.3988,367,0.73,0.76,2025-03-13,0533,N20,high,2.0NRT,308.88,15.99,D
-36.7184,141.41461,348.53,0.73,0.76,2025-03-13,0533,N20,nominal,2.0NRT,317.14,59.78,D
-36.72093,141.40663,353.07,0.73,0.76,2025-03-13,0533,N20,nominal,2.0NRT,312.72,59.78,D
-36.7259,141.39096,332.98,0.73,0.76,2025-03-13,0533,N20,nominal,2.0NRT,307.33,15.99,D
-36.7142,141.40349,367,0.73,0.76,2025-03-13,0533,N20,high,2.0NRT,306.72,24.43,D
-36.71671,141.3956,354.82,0.73,0.76,2025-03-13,0533,N20,nominal,2.0NRT,312.35,25.74,D
-36.7192,141.38774,354.59,0.73,0.76,2025-03-13,0533,N20,nominal,2.0NRT,309.48,25.74,D
-36.71165,141.4115,355.38,0.73,0.76,2025-03-13,0533,N20,low,2.0NRT,302.42,24.43,D
-36.71001,141.39235,340.51,0.73,0.76,2025-03-13,0533,N20,nominal,2.0NRT,307.97,25.74,D
-36.67042,141.41948,367,0.73,0.76,2025-03-13,0533,N20,high,2.0NRT,308.5,18.41,D
-36.67296,141.41153,342.3,0.73,0.76,2025-03-13,0533,N20,nominal,2.0NRT,307.46,17.5,D
-36.66625,141.40831,344.51,0.73,0.76,2025-03-13,0533,N20,nominal,2.0NRT,308.51,12.44,D
-36.66881,141.4003,354.94,0.73,0.76,2025-03-13,0533,N20,nominal,2.0NRT,309.49,12.44,D
-36.75764,141.07333,350.37,0.7,0.75,2025-03-13,0533,N20,nominal,2.0NRT,306.63,9.21,D
-36.76006,141.06572,348.26,0.7,0.75,2025-03-13,0533,N20,nominal,2.0NRT,308.83,9.21,D
-37.01749,139.96144,367,0.61,0.71,2025-03-13,0533,N20,high,2.0NRT,301.35,16.37,D
-37.01955,139.95479,345.84,0.61,0.71,2025-03-13,0533,N20,nominal,2.0NRT,303.42,12.16,D
-37.02111,139.95648,367,0.61,0.71,2025-03-13,0533,N20,high,2.0NRT,303.89,18.34,D
-37.01908,139.96315,354.82,0.61,0.71,2025-03-13,0533,N20,nominal,2.0NRT,300.85,14.29,D
-31.63771,116.96416,339.49,0.55,0.42,2025-03-13,0536,N20,nominal,2.0NRT,301.79,8.02,D
-29.64539,116.21037,349.56,0.57,0.43,2025-03-13,0536,N20,nominal,2.0NRT,304.75,11.84,D
-29.64139,116.20984,337.01,0.57,0.43,2025-03-13,0536,N20,nominal,2.0NRT,303.13,13.98,D
-28.88329,115.61182,339.53,0.4,0.44,2025-03-13,0538,N20,nominal,2.0NRT,302.51,13.23,D
-28.87919,115.6112,352.89,0.4,0.44,2025-03-13,0538,N20,nominal,2.0NRT,303.05,13.23,D
-28.77808,115.0344,338.31,0.43,0.46,2025-03-13,0538,N20,nominal,2.0NRT,299.94,3.66,D
-24.17143,128.69646,346.36,0.58,0.52,2025-03-13,0538,N20,nominal,2.0NRT,312.38,10.78,D
-24.17263,128.69077,341.29,0.58,0.52,2025-03-13,0538,N20,low,2.0NRT,312.13,10.78,D
-24.17504,128.6794,345.13,0.58,0.52,2025-03-13,0538,N20,nominal,2.0NRT,312.21,10.26,D
-24.16424,128.70665,352.48,0.58,0.52,2025-03-13,0538,N20,nominal,2.0NRT,312.88,29.43,D
-24.16666,128.69525,346.9,0.58,0.52,2025-03-13,0538,N20,nominal,2.0NRT,313.59,10.78,D
-24.16787,128.68958,347.3,0.58,0.52,2025-03-13,0538,N20,nominal,2.0NRT,313.47,10.78,D
-24.16907,128.6839,344.53,0.58,0.52,2025-03-13,0538,N20,nominal,2.0NRT,313.78,10.26,D
-24.17027,128.67822,341.16,0.58,0.52,2025-03-13,0538,N20,nominal,2.0NRT,311.53,10.26,D
-24.15461,128.72833,367,0.58,0.52,2025-03-13,0538,N20,high,2.0NRT,313.87,34.93,D
-24.1643,128.68272,367,0.58,0.52,2025-03-13,0538,N20,high,2.0NRT,315.8,28.17,D
-24.15826,128.71115,354.2,0.58,0.52,2025-03-13,0538,N20,nominal,2.0NRT,310.02,17.54,D
-24.1631,128.68837,346.4,0.58,0.52,2025-03-13,0538,N20,nominal,2.0NRT,313.87,28.53,D
-24.1655,128.67705,355.7,0.58,0.52,2025-03-13,0538,N20,nominal,2.0NRT,315.48,28.17,D
-24.14861,128.73285,339.95,0.58,0.52,2025-03-13,0538,N20,nominal,2.0NRT,310.77,21.33,D
-24.15227,128.71568,349.51,0.58,0.52,2025-03-13,0538,N20,nominal,2.0NRT,310.01,17.54,D
-24.1559,128.69861,343.63,0.58,0.52,2025-03-13,0538,N20,nominal,2.0NRT,313.39,31.99,D
-23.56112,129.52792,353.28,0.34,0.56,2025-03-13,0538,N20,nominal,2.0NRT,311.76,9.19,D
-23.56182,129.52466,346.95,0.34,0.56,2025-03-13,0538,N20,nominal,2.0NRT,311.58,7.71,D
-23.5546,129.53323,342.46,0.34,0.56,2025-03-13,0538,N20,nominal,2.0NRT,311.3,4.13,D
-23.55602,129.5267,343.99,0.34,0.56,2025-03-13,0538,N20,nominal,2.0NRT,312.57,12.49,D
-23.55674,129.52342,351.99,0.34,0.56,2025-03-13,0538,N20,nominal,2.0NRT,320.18,27.55,D
-23.55165,129.52219,367,0.34,0.56,2025-03-13,0538,N20,high,2.0NRT,310.73,27.55,D
-23.55094,129.52544,340.14,0.34,0.56,2025-03-13,0538,N20,nominal,2.0NRT,308.23,12.49,D
-23.22073,129.76045,347.66,0.35,0.57,2025-03-13,0538,N20,nominal,2.0NRT,312.22,15,D
-23.21478,129.76259,345.78,0.35,0.57,2025-03-13,0538,N20,nominal,2.0NRT,308.49,8.16,D
-23.22015,129.7386,338.45,0.35,0.57,2025-03-13,0538,N20,nominal,2.0NRT,308.44,8.01,D
-23.22094,129.75992,344.28,0.35,0.57,2025-03-13,0538,N20,nominal,2.0NRT,312.14,16.33,D
-23.21501,129.76205,348.02,0.35,0.57,2025-03-13,0538,N20,nominal,2.0NRT,309.84,10.03,D
-23.21724,129.75175,340.58,0.35,0.57,2025-03-13,0538,N20,nominal,2.0NRT,310.41,15.77,D
-23.20982,129.76076,344.48,0.35,0.57,2025-03-13,0538,N20,nominal,2.0NRT,310.09,10.01,D
-22.11896,131.54916,335.85,0.48,0.65,2025-03-13,0538,N20,nominal,2.0NRT,297.01,2.56,D
-22.1222,131.53516,333.8,0.48,0.65,2025-03-13,0538,N20,nominal,2.0NRT,300.66,4.58,D
-22.1233,131.5304,334.93,0.48,0.65,2025-03-13,0538,N20,nominal,2.0NRT,300.03,3.21,D
-22.11309,131.54755,334.38,0.48,0.65,2025-03-13,0538,N20,nominal,2.0NRT,302.13,2.56,D
-22.11415,131.54298,338.67,0.48,0.65,2025-03-13,0538,N20,nominal,2.0NRT,301.04,2.56,D
-22.10562,131.526,367,0.48,0.65,2025-03-13,0538,N20,high,2.0NRT,301.45,13.05,D
-22.10669,131.52141,367,0.48,0.65,2025-03-13,0538,N20,high,2.0NRT,302.8,13.05,D
-22.10454,131.53064,333.22,0.48,0.65,2025-03-13,0538,N20,nominal,2.0NRT,301.02,7.99,D
-22.10776,131.5168,349.25,0.48,0.64,2025-03-13,0538,N20,nominal,2.0NRT,301.53,6.93,D
-22.08244,131.54514,343.42,0.48,0.65,2025-03-13,0538,N20,nominal,2.0NRT,301.53,6.47,D
-22.07654,131.54367,347.05,0.48,0.65,2025-03-13,0538,N20,nominal,2.0NRT,301.79,6.47,D
-22.07764,131.53899,334.25,0.48,0.65,2025-03-13,0538,N20,nominal,2.0NRT,302.15,7.81,D
-22.07064,131.54218,350.54,0.48,0.65,2025-03-13,0538,N20,nominal,2.0NRT,302.04,9.17,D
-22.06583,131.53609,336.85,0.48,0.65,2025-03-13,0538,N20,nominal,2.0NRT,301.86,7.78,D
-22.06896,131.53735,355.59,0.48,0.65,2025-03-13,0538,N20,nominal,2.0NRT,302.96,10.77,D
-23.4486,123.71713,347.55,0.47,0.4,2025-03-13,0538,N20,nominal,2.0NRT,313.84,13.29,D
-23.44496,123.71638,350.75,0.47,0.4,2025-03-13,0538,N20,nominal,2.0NRT,314.72,19.57,D
-23.43437,123.73331,341.98,0.47,0.4,2025-03-13,0538,N20,nominal,2.0NRT,311.6,12.59,D
-23.43552,123.73023,347.05,0.47,0.4,2025-03-13,0538,N20,nominal,2.0NRT,312.7,14.6,D
-23.53246,121.55776,339.03,0.4,0.37,2025-03-13,0538,N20,nominal,2.0NRT,287.08,8.86,D
-23.52909,121.55714,333.78,0.4,0.37,2025-03-13,0538,N20,nominal,2.0NRT,292.54,7.84,D
-23.52509,121.56037,347.97,0.4,0.37,2025-03-13,0538,N20,nominal,2.0NRT,302.62,38.76,D
-23.51939,121.53125,338.35,0.4,0.37,2025-03-13,0538,N20,nominal,2.0NRT,293.86,4.16,D
-23.51539,121.5345,343.81,0.4,0.37,2025-03-13,0538,N20,nominal,2.0NRT,288.41,7.04,D
-23.51602,121.53061,330.58,0.4,0.37,2025-03-13,0538,N20,nominal,2.0NRT,285.38,4.16,D
-23.51202,121.53384,336.77,0.4,0.37,2025-03-13,0538,N20,nominal,2.0NRT,282.84,5.63,D
-23.51391,121.52216,340.4,0.4,0.37,2025-03-13,0538,N20,nominal,2.0NRT,283.61,13.94,D
-23.49349,121.56244,335.12,0.4,0.37,2025-03-13,0538,N20,nominal,2.0NRT,284.18,5.61,D
-23.48611,121.56505,333.52,0.4,0.37,2025-03-13,0538,N20,nominal,2.0NRT,290.52,3.82,D
-23.48675,121.56114,342.53,0.4,0.37,2025-03-13,0538,N20,nominal,2.0NRT,290.14,3.82,D
-23.48274,121.5644,342.89,0.4,0.37,2025-03-13,0538,N20,nominal,2.0NRT,286.71,3.82,D
-23.48,121.55987,332.26,0.4,0.37,2025-03-13,0538,N20,nominal,2.0NRT,278.98,4.55,D
-22.13969,123.47026,338.68,0.48,0.4,2025-03-13,0538,N20,nominal,2.0NRT,307.75,6.62,D
-22.13603,123.46952,343.93,0.48,0.4,2025-03-13,0538,N20,nominal,2.0NRT,309.8,6.62,D
-22.13846,123.45566,339.83,0.48,0.4,2025-03-13,0538,N20,nominal,2.0NRT,308.52,10.81,D
-22.12381,123.45272,337.72,0.48,0.4,2025-03-13,0538,N20,nominal,2.0NRT,306.01,6.17,D
-21.49376,124.29166,348.05,0.54,0.42,2025-03-13,0538,N20,nominal,2.0NRT,311.01,24.71,D
-21.4918,124.28055,344.25,0.54,0.42,2025-03-13,0538,N20,nominal,2.0NRT,311.23,22.55,D
-21.47927,124.28333,344.54,0.54,0.42,2025-03-13,0538,N20,nominal,2.0NRT,311.87,17.19,D
-21.49121,124.27807,342.76,0.54,0.42,2025-03-13,0538,N20,nominal,2.0NRT,311.08,26,D
-19.71914,131.23582,340.32,0.51,0.66,2025-03-13,0538,N20,nominal,2.0NRT,292.96,9.12,D
-19.72889,131.16606,338.62,0.51,0.66,2025-03-13,0538,N20,nominal,2.0NRT,293.67,6.33,D
-19.73226,131.1515,351.45,0.51,0.66,2025-03-13,0538,N20,nominal,2.0NRT,293.96,13.47,D
-19.73338,131.14667,353.04,0.51,0.66,2025-03-13,0538,N20,nominal,2.0NRT,293.88,13.38,D
-19.72033,131.23195,337.99,0.51,0.66,2025-03-13,0538,N20,nominal,2.0NRT,293.47,8.69,D
-19.7329,131.14742,367,0.51,0.66,2025-03-13,0538,N20,high,2.0NRT,294.63,8.98,D
-19.72854,131.16687,341.09,0.51,0.66,2025-03-13,0538,N20,nominal,2.0NRT,294.19,12.32,D
-19.73182,131.15228,338.04,0.51,0.66,2025-03-13,0538,N20,nominal,2.0NRT,294.16,15.64,D
-19.73399,131.14256,337.35,0.51,0.66,2025-03-13,0538,N20,nominal,2.0NRT,292.97,8.98,D
-19.69338,131.15312,367,0.51,0.66,2025-03-13,0538,N20,high,2.0NRT,290.41,14.66,D
-19.69448,131.14827,337.37,0.51,0.66,2025-03-13,0538,N20,nominal,2.0NRT,290.5,8.54,D
-19.69228,131.15799,356.62,0.51,0.66,2025-03-13,0538,N20,low,2.0NRT,285.6,14.66,D
-18.69328,131.61353,330.74,0.57,0.69,2025-03-13,0538,N20,nominal,2.0NRT,291.88,4.7,D
-19.4415,127.52756,347.44,0.61,0.53,2025-03-13,0538,N20,nominal,2.0NRT,303.11,51.71,D
-19.43662,127.52646,348.68,0.61,0.53,2025-03-13,0538,N20,nominal,2.0NRT,302.57,51.71,D
-19.43925,127.53041,344.31,0.61,0.53,2025-03-13,0538,N20,nominal,2.0NRT,300.9,35.19,D
-18.4134,127.53117,343.47,0.32,0.54,2025-03-13,0540,N20,nominal,2.0NRT,293.99,3.13,D
-18.41401,127.52813,340.04,0.32,0.54,2025-03-13,0540,N20,nominal,2.0NRT,294.32,3.13,D
-18.41463,127.52505,332.8,0.32,0.54,2025-03-13,0540,N20,nominal,2.0NRT,290.35,2.08,D
-18.40719,127.53615,333.62,0.32,0.54,2025-03-13,0540,N20,nominal,2.0NRT,293.95,2.92,D
-18.4078,127.53314,340.11,0.32,0.54,2025-03-13,0540,N20,nominal,2.0NRT,295.33,2.92,D
-18.40902,127.52709,331.41,0.32,0.54,2025-03-13,0540,N20,nominal,2.0NRT,293.59,3.13,D
-18.39161,127.536,331.12,0.32,0.54,2025-03-13,0540,N20,nominal,2.0NRT,296.95,1.36,D
-18.39465,127.52103,338.21,0.32,0.54,2025-03-13,0540,N20,nominal,2.0NRT,291.87,3.83,D
-18.39526,127.51802,347.74,0.32,0.54,2025-03-13,0540,N20,nominal,2.0NRT,293.34,3.83,D
-18.38904,127.523,335.37,0.32,0.54,2025-03-13,0540,N20,nominal,2.0NRT,293.6,1.23,D
-18.39027,127.517,351.11,0.32,0.54,2025-03-13,0540,N20,nominal,2.0NRT,293.77,3.83,D
-18.38405,127.52198,367,0.32,0.54,2025-03-13,0540,N20,high,2.0NRT,294.98,5.81,D
-18.38466,127.51897,330.64,0.32,0.54,2025-03-13,0540,N20,nominal,2.0NRT,295.31,5.18,D
-18.38527,127.51597,346.9,0.32,0.54,2025-03-13,0540,N20,nominal,2.0NRT,294.94,5.18,D
-18.37906,127.52093,354.88,0.32,0.54,2025-03-13,0540,N20,nominal,2.0NRT,296.2,5.81,D
-18.37622,127.50938,339.22,0.64,0.54,2025-03-13,0540,N20,nominal,2.0NRT,297.81,7.87,D
-18.37745,127.50339,334.56,0.64,0.54,2025-03-13,0540,N20,nominal,2.0NRT,296.97,7.87,D
-18.37867,127.49741,346.72,0.63,0.54,2025-03-13,0540,N20,nominal,2.0NRT,293.79,24.54,D
-18.37246,127.50235,337.67,0.64,0.54,2025-03-13,0540,N20,nominal,2.0NRT,296.39,7.87,D
-18.55299,125.75863,337.47,0.49,0.48,2025-03-13,0540,N20,nominal,2.0NRT,300.8,4.74,D
-18.3975,125.73701,339.08,0.49,0.49,2025-03-13,0540,N20,nominal,2.0NRT,298.74,13.04,D
-18.3886,125.73521,343.45,0.49,0.49,2025-03-13,0540,N20,nominal,2.0NRT,299.6,7.59,D
-17.9605,125.48716,346.99,0.48,0.48,2025-03-13,0540,N20,nominal,2.0NRT,293.18,20.16,D
-17.993,125.28971,346.46,0.47,0.48,2025-03-13,0540,N20,nominal,2.0NRT,287.1,11.38,D
-17.98864,125.28883,350.03,0.47,0.48,2025-03-13,0540,N20,nominal,2.0NRT,289.71,7.71,D
-17.98947,125.2844,344.14,0.47,0.47,2025-03-13,0540,N20,nominal,2.0NRT,291.14,7.71,D
-17.98991,125.23399,336.57,0.46,0.47,2025-03-13,0540,N20,nominal,2.0NRT,288.02,8.44,D
-16.01989,132.41887,331.94,0.73,0.76,2025-03-13,0540,N20,nominal,2.0NRT,272.47,11.31,D
-16.01541,132.41531,334.94,0.73,0.76,2025-03-13,0540,N20,nominal,2.0NRT,272.97,7.42,D
-16.07965,128.07556,330.28,0.38,0.59,2025-03-13,0540,N20,nominal,2.0NRT,294.2,3.31,D
-16.07144,127.94047,344.84,0.38,0.58,2025-03-13,0540,N20,nominal,2.0NRT,293.75,8.66,D
-16.02277,128.15491,367,0.39,0.59,2025-03-13,0540,N20,high,2.0NRT,295.06,5.85,D
-16.02353,128.15117,335.85,0.39,0.59,2025-03-13,0540,N20,nominal,2.0NRT,294.64,5.85,D
-16.01663,128.1573,330.75,0.39,0.59,2025-03-13,0540,N20,nominal,2.0NRT,294.58,2.12,D
-16.02027,128.13928,342.71,0.39,0.59,2025-03-13,0540,N20,nominal,2.0NRT,295.34,5.11,D
-16.0014,128.17662,345.02,0.39,0.59,2025-03-13,0540,N20,nominal,2.0NRT,293.89,5.96,D
-16.00939,128.13719,336.34,0.39,0.59,2025-03-13,0540,N20,nominal,2.0NRT,296.03,5.13,D
-16.00397,128.13602,367,0.39,0.59,2025-03-13,0540,N20,high,2.0NRT,295.86,5.13,D
-15.99447,128.12714,333.05,0.39,0.59,2025-03-13,0540,N20,nominal,2.0NRT,294.97,2.75,D
-15.98833,128.12955,332.07,0.39,0.59,2025-03-13,0540,N20,nominal,2.0NRT,296.2,4.19,D
-15.98976,128.12251,330.34,0.39,0.59,2025-03-13,0540,N20,nominal,2.0NRT,295.63,3.44,D
-15.98358,128.12511,342.33,0.39,0.59,2025-03-13,0540,N20,nominal,2.0NRT,295.59,3.44,D
-15.98432,128.12148,338.78,0.39,0.59,2025-03-13,0540,N20,nominal,2.0NRT,295.6,3.44,D
-15.97968,128.11658,331.37,0.39,0.59,2025-03-13,0540,N20,nominal,2.0NRT,295.74,5.77,D
-15.98127,128.10881,333.54,0.39,0.59,2025-03-13,0540,N20,nominal,2.0NRT,296.73,5.23,D
-15.96672,128.1246,330.12,0.39,0.59,2025-03-13,0540,N20,nominal,2.0NRT,295.13,4.12,D
-15.97273,128.0954,334.64,0.39,0.59,2025-03-13,0540,N20,nominal,2.0NRT,295.26,4.02,D
-15.94428,128.20598,340.04,0.39,0.59,2025-03-13,0540,N20,nominal,2.0NRT,292.21,5.72,D
-15.96219,128.11916,330.54,0.39,0.59,2025-03-13,0540,N20,nominal,2.0NRT,295.73,1.94,D
-15.96294,128.11551,336.29,0.39,0.59,2025-03-13,0540,N20,nominal,2.0NRT,295.62,1.94,D
-15.96726,128.09454,331.66,0.39,0.59,2025-03-13,0540,N20,nominal,2.0NRT,294.98,4.02,D
-15.95747,128.11462,367,0.39,0.59,2025-03-13,0540,N20,high,2.0NRT,296.69,5.97,D
-15.95667,128.11852,333.53,0.39,0.59,2025-03-13,0540,N20,nominal,2.0NRT,295.83,5.97,D
-15.96257,128.0899,334.9,0.39,0.59,2025-03-13,0540,N20,nominal,2.0NRT,293.97,5.23,D
-16.07522,127.51287,336.85,0.35,0.57,2025-03-13,0540,N20,nominal,2.0NRT,273.11,4.39,D
-15.93996,128.11722,331.85,0.39,0.59,2025-03-13,0540,N20,nominal,2.0NRT,295.2,2.95,D
-16.06475,127.51102,335.81,0.35,0.57,2025-03-13,0540,N20,nominal,2.0NRT,272.88,4.67,D
-15.9438,128.20573,339.64,0.39,0.6,2025-03-13,0540,N20,nominal,2.0NRT,291.99,3.13,D
-15.96108,128.11873,335.2,0.39,0.59,2025-03-13,0540,N20,nominal,2.0NRT,296,3.65,D
-15.96182,128.11502,353.08,0.39,0.59,2025-03-13,0540,N20,nominal,2.0NRT,296.26,3.65,D
-15.96671,128.09038,330.58,0.39,0.59,2025-03-13,0540,N20,nominal,2.0NRT,294.56,9.75,D
-15.95555,128.11815,330.04,0.39,0.59,2025-03-13,0540,N20,nominal,2.0NRT,295.61,3.65,D
-15.95633,128.11423,346.71,0.39,0.59,2025-03-13,0540,N20,nominal,2.0NRT,295.89,3.65,D
-16.0752,127.51183,344.95,0.35,0.57,2025-03-13,0540,N20,nominal,2.0NRT,273.79,4.13,D
-16.06474,127.50995,341.98,0.35,0.57,2025-03-13,0540,N20,nominal,2.0NRT,271.53,5.4,D
-15.93888,128.11678,331.31,0.39,0.59,2025-03-13,0540,N20,nominal,2.0NRT,294.96,7.69,D
-15.94737,128.04614,332.12,0.38,0.59,2025-03-13,0540,N20,nominal,2.0NRT,294.25,5.43,D
-15.94804,128.04282,331.58,0.38,0.59,2025-03-13,0540,N20,nominal,2.0NRT,294.79,3.02,D
-15.94868,128.0396,332.59,0.38,0.59,2025-03-13,0540,N20,nominal,2.0NRT,294.06,3.02,D
-15.92727,128.11832,331.64,0.39,0.59,2025-03-13,0540,N20,nominal,2.0NRT,293.75,2.8,D
-15.94258,128.04199,350.33,0.38,0.59,2025-03-13,0540,N20,nominal,2.0NRT,295.35,5.56,D
-15.93711,128.0412,332.35,0.38,0.59,2025-03-13,0540,N20,nominal,2.0NRT,294.08,5.56,D
-16.076,127.34325,340.58,0.34,0.56,2025-03-13,0540,N20,nominal,2.0NRT,284.85,6.1,D
-15.93165,128.04036,333.51,0.38,0.59,2025-03-13,0540,N20,nominal,2.0NRT,294.3,5.93,D
-15.93306,128.03336,346.6,0.38,0.59,2025-03-13,0540,N20,nominal,2.0NRT,295.31,5.29,D
-15.93377,128.02985,352.68,0.38,0.59,2025-03-13,0540,N20,nominal,2.0NRT,295.51,5.29,D
-16.02026,127.54268,338.7,0.35,0.57,2025-03-13,0540,N20,nominal,2.0NRT,278.07,3.38,D
-16.02298,127.52905,334.7,0.35,0.57,2025-03-13,0540,N20,nominal,2.0NRT,279.9,3.48,D
-16.05169,127.35762,331.92,0.34,0.56,2025-03-13,0540,N20,nominal,2.0NRT,285.77,2.88,D
-15.92027,127.95779,367,0.38,0.59,2025-03-13,0540,N20,high,2.0NRT,295.24,8.62,D
-15.92097,127.95431,367,0.38,0.59,2025-03-13,0540,N20,high,2.0NRT,295.37,12.04,D
-15.91817,127.96812,341.63,0.38,0.59,2025-03-13,0540,N20,nominal,2.0NRT,294.47,5.6,D
-15.91886,127.96473,350.19,0.38,0.59,2025-03-13,0540,N20,nominal,2.0NRT,294.59,5.6,D
-15.91955,127.96133,335.34,0.38,0.59,2025-03-13,0540,N20,nominal,2.0NRT,293.26,8.62,D
-15.90879,127.98671,330.08,0.38,0.59,2025-03-13,0540,N20,nominal,2.0NRT,294.13,4.83,D
-15.90964,127.98255,346.37,0.38,0.59,2025-03-13,0540,N20,nominal,2.0NRT,294.95,6.6,D
-15.91197,127.97109,340.44,0.38,0.59,2025-03-13,0540,N20,nominal,2.0NRT,295.08,7.86,D
-15.91267,127.96765,345.23,0.38,0.59,2025-03-13,0540,N20,nominal,2.0NRT,295.81,5.29,D
-15.91335,127.96428,349.51,0.38,0.59,2025-03-13,0540,N20,nominal,2.0NRT,291.37,5.29,D
-15.9256,127.55573,345.89,0.36,0.57,2025-03-13,0540,N20,nominal,2.0NRT,277.76,4.89,D
-15.91972,127.55788,346.4,0.36,0.57,2025-03-13,0540,N20,nominal,2.0NRT,278.64,4.64,D
-15.92037,127.55462,344.68,0.36,0.57,2025-03-13,0540,N20,nominal,2.0NRT,278.62,4.64,D
-15.9274,127.49181,341.16,0.35,0.57,2025-03-13,0540,N20,nominal,2.0NRT,271.81,4.87,D
-15.92603,127.4714,332.54,0.35,0.57,2025-03-13,0540,N20,nominal,2.0NRT,268.82,6.22,D
-15.9202,127.47345,336.87,0.35,0.57,2025-03-13,0540,N20,nominal,2.0NRT,265.34,8.35,D
-15.92084,127.47022,356.35,0.35,0.57,2025-03-13,0540,N20,low,2.0NRT,266.28,6.22,D
-15.83253,127.50482,345.53,0.36,0.57,2025-03-13,0540,N20,nominal,2.0NRT,288.4,6.56,D
-15.79671,127.49336,347.27,0.36,0.57,2025-03-13,0540,N20,nominal,2.0NRT,287.08,8.43,D
-15.3594,128.98962,332.71,0.45,0.63,2025-03-13,0540,N20,nominal,2.0NRT,282.76,7.03,D
-15.36028,128.98538,346.87,0.45,0.63,2025-03-13,0540,N20,nominal,2.0NRT,283.28,5.7,D
-15.73023,127.04256,329.42,0.33,0.55,2025-03-13,0540,N20,nominal,2.0NRT,276.98,8.62,D
-15.72965,127.04546,356.94,0.33,0.55,2025-03-13,0540,N20,low,2.0NRT,280.02,8.62,D
-15.7257,127.03877,352.17,0.33,0.55,2025-03-13,0540,N20,nominal,2.0NRT,277.34,6.78,D
-15.72653,127.04674,353.68,0.33,0.56,2025-03-13,0540,N20,nominal,2.0NRT,277.07,11.19,D
-15.72766,127.04088,335.29,0.33,0.56,2025-03-13,0540,N20,nominal,2.0NRT,275.86,7.81,D
-15.7271,127.04379,356.38,0.33,0.56,2025-03-13,0540,N20,low,2.0NRT,278.37,7.81,D
-15.64828,127.33868,354.61,0.35,0.57,2025-03-13,0540,N20,nominal,2.0NRT,278.15,14.31,D
-15.64762,127.342,356.35,0.35,0.57,2025-03-13,0540,N20,low,2.0NRT,275.28,15.11,D
-15.5971,127.27045,330.57,0.35,0.56,2025-03-13,0540,N20,nominal,2.0NRT,276.96,4.67,D
-15.60941,126.68877,341.66,0.63,0.54,2025-03-13,0540,N20,nominal,2.0NRT,280.33,11.43,D
-37.20168,174.72237,329.33,0.45,0.39,2025-03-13,1331,N20,nominal,2.0NRT,288.43,3.61,N
-37.20589,174.7267,302.24,0.45,0.39,2025-03-13,1331,N20,nominal,2.0NRT,288.15,1.3,N
-37.20948,174.72601,299.98,0.45,0.39,2025-03-13,1331,N20,nominal,2.0NRT,286.82,1.3,N
-39.0079,174.31105,325.89,0.45,0.39,2025-03-13,1331,N20,nominal,2.0NRT,283.6,1.4,N
-31.2238,146.97551,307.54,0.39,0.36,2025-03-13,1512,N20,nominal,2.0NRT,294.33,1.2,N
-31.39296,146.61263,331.01,0.39,0.36,2025-03-13,1512,N20,nominal,2.0NRT,295.69,2.92,N
-31.39163,146.60448,308.65,0.39,0.36,2025-03-13,1512,N20,nominal,2.0NRT,294.37,1.06,N
-31.39229,146.60857,318.94,0.39,0.36,2025-03-13,1512,N20,nominal,2.0NRT,294.15,2.92,N
-31.3947,146.60966,345.35,0.39,0.36,2025-03-13,1512,N20,nominal,2.0NRT,297.76,8.06,N
-31.68296,148.45316,301.48,0.39,0.36,2025-03-13,1512,N20,nominal,2.0NRT,291.11,0.51,N
-31.6863,148.45247,304.8,0.39,0.36,2025-03-13,1512,N20,nominal,2.0NRT,291.93,0.51,N
-33.48401,145.66653,311.55,0.39,0.36,2025-03-13,1512,N20,nominal,2.0NRT,294.5,0.85,N
-33.48471,145.67073,306.31,0.39,0.36,2025-03-13,1512,N20,nominal,2.0NRT,293.85,0.85,N
-33.48805,145.66994,306.55,0.39,0.36,2025-03-13,1512,N20,nominal,2.0NRT,294.05,1.29,N
-34.45468,150.87988,319.63,0.48,0.4,2025-03-13,1512,N20,nominal,2.0NRT,292.92,1.87,N
-34.45839,150.87921,322.75,0.48,0.4,2025-03-13,1512,N20,nominal,2.0NRT,291.74,3.45,N
-34.45904,150.88451,341.97,0.48,0.4,2025-03-13,1512,N20,nominal,2.0NRT,294.04,3.45,N
-34.46275,150.88383,305.51,0.48,0.4,2025-03-13,1512,N20,nominal,2.0NRT,291.32,3.45,N
-34.46777,150.8938,322,0.48,0.4,2025-03-13,1512,N20,nominal,2.0NRT,293.12,2.48,N
-33.0003,137.57887,304.85,0.59,0.53,2025-03-13,1514,N20,nominal,2.0NRT,293.73,2.17,N
-37.95528,146.05054,298.8,0.39,0.36,2025-03-13,1514,N20,nominal,2.0NRT,286.16,0.49,N
-38.03977,141.86462,308.6,0.45,0.39,2025-03-13,1514,N20,nominal,2.0NRT,287.56,1.44,N
-38.04073,141.86967,318.88,0.45,0.39,2025-03-13,1514,N20,nominal,2.0NRT,288.86,1.85,N
-38.04169,141.87474,311.35,0.44,0.39,2025-03-13,1514,N20,nominal,2.0NRT,287.8,1.85,N
-38.04265,141.87981,299.7,0.44,0.39,2025-03-13,1514,N20,nominal,2.0NRT,286.52,0.73,N
-38.04903,141.89388,354.71,0.44,0.39,2025-03-13,1514,N20,nominal,2.0NRT,292.68,4.38,N
-38.04998,141.89893,347.87,0.44,0.39,2025-03-13,1514,N20,nominal,2.0NRT,293.29,4.42,N
-38.04234,141.85851,297.25,0.45,0.39,2025-03-13,1514,N20,nominal,2.0NRT,287.13,0.74,N
-38.04425,141.86862,303.12,0.45,0.39,2025-03-13,1514,N20,nominal,2.0NRT,287.18,0.96,N
-38.04521,141.87369,304.69,0.44,0.39,2025-03-13,1514,N20,nominal,2.0NRT,287.58,0.96,N
-38.04617,141.87872,302.63,0.44,0.39,2025-03-13,1514,N20,nominal,2.0NRT,287.18,1.2,N
-38.04712,141.88377,306.27,0.44,0.39,2025-03-13,1514,N20,nominal,2.0NRT,287.78,1.2,N
-38.04807,141.88884,319.72,0.44,0.39,2025-03-13,1514,N20,nominal,2.0NRT,288.65,4.38,N
-38.05094,141.90398,305.41,0.44,0.39,2025-03-13,1514,N20,nominal,2.0NRT,286.69,4.42,N
-38.05159,141.88776,329.03,0.44,0.39,2025-03-13,1514,N20,nominal,2.0NRT,289.59,4.38,N
-38.05254,141.89279,330.19,0.44,0.39,2025-03-13,1514,N20,nominal,2.0NRT,287.18,4.38,N
-38.0535,141.89784,354.87,0.44,0.39,2025-03-13,1514,N20,nominal,2.0NRT,291.03,4.42,N
-38.0449,141.85236,310.17,0.45,0.39,2025-03-13,1514,N20,nominal,2.0NRT,287.37,1.49,N
-38.04586,141.85742,307.17,0.45,0.39,2025-03-13,1514,N20,nominal,2.0NRT,288.13,0.74,N
-38.04681,141.86249,297.67,0.45,0.39,2025-03-13,1514,N20,nominal,2.0NRT,286.99,0.74,N
-38.04872,141.87259,306.68,0.44,0.39,2025-03-13,1514,N20,nominal,2.0NRT,288.04,0.96,N
-38.04968,141.87764,299.75,0.44,0.39,2025-03-13,1514,N20,nominal,2.0NRT,287.37,1.2,N
-38.05064,141.88271,310.8,0.44,0.39,2025-03-13,1514,N20,nominal,2.0NRT,288.18,1.2,N
-38.05445,141.90288,316.05,0.44,0.39,2025-03-13,1514,N20,nominal,2.0NRT,288.32,4.42,N
-38.0551,141.88667,320.25,0.44,0.39,2025-03-13,1514,N20,nominal,2.0NRT,288.96,6.19,N
-38.05606,141.89171,331.32,0.44,0.39,2025-03-13,1514,N20,nominal,2.0NRT,291.01,6.19,N
-38.05701,141.89677,348.41,0.44,0.39,2025-03-13,1514,N20,nominal,2.0NRT,311.9,28.42,N
-38.05796,141.90181,328.8,0.44,0.39,2025-03-13,1514,N20,nominal,2.0NRT,292.33,28.42,N
-38.04842,141.85129,310.98,0.45,0.39,2025-03-13,1514,N20,nominal,2.0NRT,287.26,1.78,N
-38.04937,141.85635,301.81,0.45,0.39,2025-03-13,1514,N20,nominal,2.0NRT,286.62,1,N
-38.05129,141.86646,298.54,0.45,0.39,2025-03-13,1514,N20,nominal,2.0NRT,286.72,1.18,N
-38.05415,141.88162,307.18,0.44,0.39,2025-03-13,1514,N20,nominal,2.0NRT,288.28,1.27,N
-38.05862,141.88559,331.74,0.44,0.39,2025-03-13,1514,N20,nominal,2.0NRT,290.45,6.19,N
-38.05957,141.89066,329.51,0.44,0.39,2025-03-13,1514,N20,nominal,2.0NRT,288.66,6.19,N
-38.06052,141.89569,348.42,0.44,0.39,2025-03-13,1514,N20,nominal,2.0NRT,317.5,28.42,N
-38.06148,141.90073,335.85,0.44,0.39,2025-03-13,1514,N20,nominal,2.0NRT,299.86,28.42,N
-38.05767,141.88054,302.25,0.44,0.39,2025-03-13,1514,N20,nominal,2.0NRT,288.17,1.27,N
-20.1679,143.09419,305,0.51,0.5,2025-03-13,1509,N20,nominal,2.0NRT,292.88,1.56,N
-38.06213,141.88452,339,0.44,0.39,2025-03-13,1514,N20,nominal,2.0NRT,291.15,4.1,N
-38.06404,141.89461,348.13,0.44,0.39,2025-03-13,1514,N20,nominal,2.0NRT,301.62,27.37,N
-19.39789,138.61499,305.48,0.51,0.66,2025-03-13,1509,N20,nominal,2.0NRT,287.02,2.75,N
-19.40767,138.65865,315.78,0.51,0.66,2025-03-13,1509,N20,nominal,2.0NRT,286.66,3.26,N
-38.06499,141.89967,338.04,0.44,0.39,2025-03-13,1514,N20,nominal,2.0NRT,303.22,27.37,N
-19.40175,138.60382,308.3,0.51,0.66,2025-03-13,1509,N20,nominal,2.0NRT,287.3,2.74,N
-38.06118,141.87946,301.03,0.44,0.39,2025-03-13,1514,N20,nominal,2.0NRT,287.14,0.91,N
-38.06565,141.88344,327.32,0.44,0.39,2025-03-13,1514,N20,nominal,2.0NRT,289.52,4.1,N
-19.42244,138.63953,314,0.51,0.66,2025-03-13,1509,N20,nominal,2.0NRT,288.83,4.15,N
-38.0685,141.89859,331.95,0.44,0.39,2025-03-13,1514,N20,nominal,2.0NRT,303.16,27.37,N
-19.42735,138.63309,311.88,0.51,0.66,2025-03-13,1509,N20,nominal,2.0NRT,289.81,2.06,N
-38.0647,141.87839,300.77,0.44,0.39,2025-03-13,1514,N20,nominal,2.0NRT,287.41,0.91,N
-19.43335,138.63148,308.52,0.51,0.66,2025-03-13,1509,N20,nominal,2.0NRT,291.18,2.06,N
-19.39788,138.61311,306.07,0.51,0.66,2025-03-13,1509,N20,nominal,2.0NRT,287.3,1.76,N
-38.06755,141.89354,311.1,0.44,0.39,2025-03-13,1514,N20,nominal,2.0NRT,286.54,27.37,N
-38.06917,141.88235,347.21,0.44,0.39,2025-03-13,1514,N20,nominal,2.0NRT,290.49,11.31,N
-19.399,138.61797,304.2,0.51,0.66,2025-03-13,1509,N20,nominal,2.0NRT,287.54,2.45,N
-38.07012,141.88741,367,0.44,0.39,2025-03-13,1514,N20,high,2.0NRT,290.74,11.31,N
-19.40794,138.65665,309.49,0.51,0.66,2025-03-13,1509,N20,nominal,2.0NRT,287.54,2.97,N
-38.07107,141.89247,339.07,0.44,0.39,2025-03-13,1514,N20,nominal,2.0NRT,290.49,14.63,N
-19.4028,138.60683,306.6,0.51,0.66,2025-03-13,1509,N20,nominal,2.0NRT,288.38,1.97,N
-38.07202,141.89751,342.84,0.44,0.39,2025-03-13,1514,N20,nominal,2.0NRT,291.94,14.63,N
-19.42372,138.64241,304.75,0.51,0.66,2025-03-13,1509,N20,nominal,2.0NRT,289.45,2.55,N
-38.06822,141.8773,313.55,0.44,0.39,2025-03-13,1514,N20,nominal,2.0NRT,289.1,2.14,N
-19.41746,138.58748,310.44,0.51,0.66,2025-03-13,1509,N20,nominal,2.0NRT,288.36,1.56,N
-19.42862,138.63603,314.77,0.51,0.66,2025-03-13,1509,N20,nominal,2.0NRT,290.96,3.86,N
-38.07173,141.87622,329.37,0.44,0.39,2025-03-13,1514,N20,nominal,2.0NRT,290.29,2.14,N
-38.07269,141.88129,329.8,0.44,0.39,2025-03-13,1514,N20,nominal,2.0NRT,287.27,11.31,N
-21.39209,148.50537,306.49,0.4,0.37,2025-03-13,1509,N20,nominal,2.0NRT,290.36,1.01,N
-38.07364,141.88634,355.44,0.44,0.39,2025-03-13,1514,N20,nominal,2.0NRT,292.38,11.31,N
-21.39273,148.50923,310.15,0.4,0.37,2025-03-13,1509,N20,nominal,2.0NRT,290.32,0.66,N
-38.07458,141.89137,355.23,0.44,0.39,2025-03-13,1514,N20,nominal,2.0NRT,292.38,14.63,N
-19.4257,138.59561,307.76,0.51,0.66,2025-03-13,1509,N20,nominal,2.0NRT,289.71,1.7,N
-38.07553,141.89641,348.29,0.44,0.39,2025-03-13,1514,N20,nominal,2.0NRT,289.63,14.63,N
-21.47547,148.58881,313.1,0.4,0.37,2025-03-13,1509,N20,nominal,2.0NRT,290.23,1.15,N
-38.07078,141.87115,302.56,0.44,0.39,2025-03-13,1514,N20,nominal,2.0NRT,287.9,2.14,N
-20.0095,139.62538,306.71,0.43,0.62,2025-03-13,1509,N20,nominal,2.0NRT,278.8,1.95,N
-38.07524,141.87515,333.53,0.44,0.39,2025-03-13,1514,N20,nominal,2.0NRT,290.59,2.93,N
-20.01137,139.63382,310.56,0.43,0.62,2025-03-13,1509,N20,nominal,2.0NRT,285.2,4.23,N
-20.01228,139.63791,318.48,0.43,0.62,2025-03-13,1509,N20,nominal,2.0NRT,289.83,2.43,N
-38.0743,141.87007,314.18,0.44,0.39,2025-03-13,1514,N20,nominal,2.0NRT,289.29,2.93,N
-38.07877,141.87405,334.37,0.44,0.39,2025-03-13,1514,N20,nominal,2.0NRT,290.87,2.93,N
-20.01792,139.63669,308.66,0.43,0.62,2025-03-13,1509,N20,nominal,2.0NRT,290.35,2.43,N
-20.01882,139.64072,318.36,0.43,0.62,2025-03-13,1509,N20,nominal,2.0NRT,290.76,2.43,N
-38.07971,141.8791,328.84,0.44,0.39,2025-03-13,1514,N20,nominal,2.0NRT,288.7,3.53,N
-20.02355,139.63541,308.63,0.43,0.62,2025-03-13,1509,N20,nominal,2.0NRT,288.43,1.67,N
-38.07781,141.869,317.88,0.44,0.39,2025-03-13,1514,N20,nominal,2.0NRT,288.83,2.93,N
-20.02917,139.63406,302.6,0.43,0.62,2025-03-13,1509,N20,nominal,2.0NRT,284.99,1.67,N
-38.08133,141.86792,305.75,0.44,0.39,2025-03-13,1514,N20,nominal,2.0NRT,287.56,1.88,N
-22.22167,148.59723,303.63,0.4,0.37,2025-03-13,1509,N20,nominal,2.0NRT,288.84,0.8,N
-38.08228,141.87297,318.97,0.44,0.39,2025-03-13,1514,N20,nominal,2.0NRT,289.48,1.88,N
-38.08323,141.87804,315.69,0.44,0.39,2025-03-13,1514,N20,nominal,2.0NRT,285.98,1.41,N
-22.2223,148.60106,304.94,0.4,0.37,2025-03-13,1509,N20,nominal,2.0NRT,289.36,0.93,N
-22.03796,146.36209,307.61,0.47,0.4,2025-03-13,1509,N20,nominal,2.0NRT,292.89,1.77,N
-22.0432,146.37038,306.74,0.47,0.4,2025-03-13,1509,N20,nominal,2.0NRT,292.78,1.34,N
-20.73334,139.47615,346.7,0.42,0.61,2025-03-13,1509,N20,nominal,2.0NRT,293.77,7.79,N
-22.68664,147.59821,301.49,0.42,0.37,2025-03-13,1509,N20,nominal,2.0NRT,282.12,0.63,N
-22.68938,147.59352,302.08,0.42,0.37,2025-03-13,1509,N20,nominal,2.0NRT,283.62,0.63,N
-23.34521,150.12166,312.84,0.39,0.36,2025-03-13,1509,N20,nominal,2.0NRT,290.52,0.75,N
-23.75503,151.18806,305.14,0.4,0.37,2025-03-13,1509,N20,nominal,2.0NRT,290.24,0.93,N
-23.7556,151.19199,313.22,0.4,0.37,2025-03-13,1509,N20,nominal,2.0NRT,292.06,0.93,N
-23.77032,151.19756,306.34,0.4,0.37,2025-03-13,1509,N20,nominal,2.0NRT,291.1,1.09,N
-23.82953,151.15086,321.97,0.4,0.37,2025-03-13,1509,N20,nominal,2.0NRT,294.13,1.84,N
-23.83011,151.15483,310.8,0.4,0.37,2025-03-13,1509,N20,nominal,2.0NRT,293.52,1.84,N
-24.22742,150.505,321.4,0.39,0.36,2025-03-13,1509,N20,nominal,2.0NRT,293.4,2.14,N
-24.75408,147.78706,325.06,0.4,0.37,2025-03-13,1509,N20,nominal,2.0NRT,290.06,1.54,N
-24.75678,147.78247,311.38,0.4,0.37,2025-03-13,1509,N20,nominal,2.0NRT,288.92,1.54,N
-24.75745,147.78644,310.65,0.4,0.37,2025-03-13,1509,N20,nominal,2.0NRT,288.89,1.54,N
-24.76218,147.77324,318.01,0.4,0.37,2025-03-13,1509,N20,nominal,2.0NRT,289.21,1.44,N
-25.74151,152.67671,307.35,0.47,0.4,2025-03-13,1509,N20,nominal,2.0NRT,290.27,1.14,N
-24.12457,139.70795,313.79,0.35,0.56,2025-03-13,1509,N20,nominal,2.0NRT,292.6,1.09,N
-24.1297,139.70653,305.67,0.35,0.56,2025-03-13,1509,N20,nominal,2.0NRT,292.03,1.09,N
-24.13044,139.70992,308.81,0.35,0.56,2025-03-13,1509,N20,nominal,2.0NRT,292.51,1.55,N
-24.12552,139.70847,319.7,0.35,0.56,2025-03-13,1509,N20,nominal,2.0NRT,292.6,2.33,N
-24.13808,139.71582,305.47,0.35,0.56,2025-03-13,1509,N20,nominal,2.0NRT,292.41,0.73,N
-24.15215,139.72993,321.91,0.35,0.56,2025-03-13,1509,N20,nominal,2.0NRT,292.53,1.5,N
-24.15138,139.72656,311.3,0.35,0.56,2025-03-13,1509,N20,nominal,2.0NRT,292.31,1.5,N
-24.15803,139.73193,325.95,0.35,0.56,2025-03-13,1509,N20,nominal,2.0NRT,292.54,2.28,N
-24.15727,139.72856,311.53,0.35,0.56,2025-03-13,1509,N20,nominal,2.0NRT,291.72,1.5,N
-24.15879,139.73531,317.95,0.34,0.56,2025-03-13,1509,N20,nominal,2.0NRT,292,2.28,N
-24.1639,139.7339,307.02,0.34,0.56,2025-03-13,1509,N20,nominal,2.0NRT,291.97,0.94,N
-24.16467,139.73729,306.1,0.34,0.56,2025-03-13,1509,N20,nominal,2.0NRT,292.1,1.18,N
-24.17054,139.73926,319.04,0.34,0.56,2025-03-13,1509,N20,nominal,2.0NRT,292.14,1.18,N
-24.17792,139.74799,305.09,0.34,0.56,2025-03-13,1509,N20,nominal,2.0NRT,291.67,1.13,N
-24.18378,139.74995,313.33,0.34,0.56,2025-03-13,1509,N20,nominal,2.0NRT,292.28,1.13,N
-24.18738,139.74185,306.51,0.34,0.56,2025-03-13,1509,N20,nominal,2.0NRT,292.29,0.88,N
-24.1955,139.75391,307.86,0.34,0.56,2025-03-13,1509,N20,nominal,2.0NRT,291.94,1.25,N
-24.19007,139.70531,306.14,0.35,0.56,2025-03-13,1509,N20,nominal,2.0NRT,291.9,1.33,N
-24.20061,139.75252,315.92,0.34,0.56,2025-03-13,1509,N20,nominal,2.0NRT,292.57,1.52,N
-24.19368,139.69714,309.79,0.35,0.56,2025-03-13,1509,N20,nominal,2.0NRT,291.68,1.59,N
-24.20707,139.73291,305.6,0.34,0.56,2025-03-13,1509,N20,nominal,2.0NRT,292.04,1.11,N
-24.20769,139.71127,307.7,0.35,0.56,2025-03-13,1509,N20,nominal,2.0NRT,292.49,0.94,N
-24.20844,139.71465,310.37,0.35,0.56,2025-03-13,1509,N20,nominal,2.0NRT,292.18,0.94,N
-24.2113,139.70311,322.19,0.35,0.56,2025-03-13,1509,N20,nominal,2.0NRT,292.45,2.7,N
-24.21505,139.72,307.24,0.34,0.56,2025-03-13,1509,N20,nominal,2.0NRT,292.54,1.53,N
-24.21804,139.73351,304.99,0.34,0.56,2025-03-13,1509,N20,nominal,2.0NRT,292.21,0.94,N
-24.21267,139.68477,307.74,0.35,0.56,2025-03-13,1509,N20,nominal,2.0NRT,291.75,0.85,N
-24.21779,139.68336,309.75,0.35,0.56,2025-03-13,1509,N20,nominal,2.0NRT,292.03,1.87,N
-24.21929,139.69016,307.02,0.35,0.56,2025-03-13,1509,N20,nominal,2.0NRT,292.45,0.96,N
-24.22079,139.69693,309.13,0.35,0.56,2025-03-13,1509,N20,nominal,2.0NRT,292.36,1.55,N
-24.22367,139.68538,312.31,0.35,0.56,2025-03-13,1509,N20,nominal,2.0NRT,292.25,0.96,N
-24.22442,139.68877,307.54,0.35,0.56,2025-03-13,1509,N20,nominal,2.0NRT,292.26,0.96,N
-24.22804,139.68057,312.9,0.35,0.56,2025-03-13,1509,N20,nominal,2.0NRT,292.49,1.93,N
-24.22868,139.68044,312.31,0.35,0.56,2025-03-13,1509,N20,nominal,2.0NRT,293,1.71,N
-26.63927,151.82799,310.08,0.44,0.39,2025-03-13,1509,N20,nominal,2.0NRT,287.36,1.02,N
-26.63788,151.82584,313.67,0.44,0.39,2025-03-13,1509,N20,nominal,2.0NRT,287.49,0.92,N
-26.65179,151.14508,299.49,0.42,0.38,2025-03-13,1509,N20,nominal,2.0NRT,289.02,0.37,N
-26.93699,152.63203,299.09,0.48,0.4,2025-03-13,1509,N20,nominal,2.0NRT,288.58,0.57,N
-26.31858,147.49417,303.21,0.4,0.37,2025-03-13,1509,N20,nominal,2.0NRT,289.67,0.22,N
-26.95265,150.05719,299.55,0.4,0.37,2025-03-13,1509,N20,nominal,2.0NRT,289.09,0.3,N
-27.86444,151.1759,304.55,0.43,0.38,2025-03-13,1509,N20,nominal,2.0NRT,288.92,0.8,N
-27.86736,151.17093,300.66,0.43,0.38,2025-03-13,1509,N20,nominal,2.0NRT,288.62,0.37,N
-27.96892,151.65683,325.98,0.45,0.39,2025-03-13,1509,N20,nominal,2.0NRT,288.75,2.68,N
-27.98567,151.40419,301.35,0.44,0.38,2025-03-13,1509,N20,nominal,2.0NRT,288.55,0.55,N
-27.98628,151.40866,299.6,0.44,0.38,2025-03-13,1509,N20,nominal,2.0NRT,289.09,0.61,N
-27.98539,151.40596,305.93,0.44,0.38,2025-03-13,1509,N20,nominal,2.0NRT,288.87,1.03,N
-28.12292,151.86462,308.28,0.46,0.39,2025-03-13,1509,N20,nominal,2.0NRT,288.48,1.09,N
-28.50936,150.19109,304.23,0.41,0.37,2025-03-13,1509,N20,nominal,2.0NRT,289.84,0.47,N
-28.51218,150.18633,307.43,0.41,0.37,2025-03-13,1509,N20,nominal,2.0NRT,289.61,0.88,N
-28.51278,150.19048,301.91,0.41,0.37,2025-03-13,1509,N20,nominal,2.0NRT,289.75,0.47,N
-28.91401,150.23929,308.35,0.41,0.37,2025-03-13,1512,N20,nominal,2.0NRT,289.61,0.95,N
-28.61545,147.36363,305.49,0.39,0.36,2025-03-13,1512,N20,nominal,2.0NRT,293.69,0.34,N
-29.47963,151.17026,320.69,0.44,0.39,2025-03-13,1512,N20,nominal,2.0NRT,287.78,2.55,N
-29.40468,148.49849,303.39,0.39,0.36,2025-03-13,1512,N20,nominal,2.0NRT,292.77,0.75,N
-29.76637,149.35979,302.08,0.4,0.37,2025-03-13,1512,N20,nominal,2.0NRT,290.66,0.94,N
-30.48412,150.95412,312.27,0.45,0.39,2025-03-13,1512,N20,nominal,2.0NRT,286.63,0.78,N
-30.80945,148.89134,306.53,0.39,0.36,2025-03-13,1512,N20,nominal,2.0NRT,292.87,0.41,N
-30.81126,148.90367,313.22,0.39,0.36,2025-03-13,1512,N20,nominal,2.0NRT,292.96,0.81,N
-30.81186,148.90779,302.54,0.39,0.36,2025-03-13,1512,N20,nominal,2.0NRT,292.21,0.81,N
-30.8134,148.89478,305.71,0.39,0.36,2025-03-13,1512,N20,nominal,2.0NRT,292.53,1,N
-30.81401,148.8989,313.72,0.39,0.36,2025-03-13,1512,N20,nominal,2.0NRT,293.33,1,N
-30.81461,148.90302,314.49,0.39,0.36,2025-03-13,1512,N20,nominal,2.0NRT,293,0.96,N
-30.81737,148.89824,310.8,0.39,0.36,2025-03-13,1512,N20,nominal,2.0NRT,293.01,1,N
-30.81797,148.90234,310.25,0.39,0.36,2025-03-13,1512,N20,nominal,2.0NRT,293.2,0.96,N
-13.93613,123.29647,317.86,0.46,0.39,2025-03-13,1648,N20,nominal,2.0NRT,290.55,3.86,N
-15.29885,128.82866,311.22,0.44,0.38,2025-03-13,1648,N20,nominal,2.0NRT,279.91,1.4,N
-15.30296,128.83221,312.14,0.44,0.38,2025-03-13,1648,N20,nominal,2.0NRT,280.31,1.4,N
-15.71796,131.0652,311.53,0.57,0.43,2025-03-13,1648,N20,nominal,2.0NRT,288.53,2.8,N
-15.72269,131.07014,312.49,0.57,0.43,2025-03-13,1648,N20,nominal,2.0NRT,288.13,3.52,N
-16.01641,132.44748,302.32,0.47,0.48,2025-03-13,1648,N20,nominal,2.0NRT,281.86,0.92,N
-15.63233,127.35912,326.35,0.4,0.37,2025-03-13,1650,N20,nominal,2.0NRT,292.32,1.7,N
-15.63289,127.36282,315.37,0.4,0.37,2025-03-13,1650,N20,nominal,2.0NRT,292.11,1.7,N
-15.63681,127.366,341.54,0.4,0.37,2025-03-13,1650,N20,nominal,2.0NRT,293.3,2.62,N
-15.63624,127.36227,316.85,0.4,0.37,2025-03-13,1650,N20,nominal,2.0NRT,292.33,2.25,N
-15.64017,127.36545,306.3,0.4,0.37,2025-03-13,1650,N20,nominal,2.0NRT,292.29,2.62,N
-15.64295,127.36121,315.48,0.4,0.37,2025-03-13,1650,N20,nominal,2.0NRT,292.48,1.2,N
-15.64631,127.36068,309.27,0.4,0.37,2025-03-13,1650,N20,nominal,2.0NRT,292.42,1.2,N
-15.64688,127.36436,306.26,0.4,0.37,2025-03-13,1650,N20,nominal,2.0NRT,292.38,1.12,N
-15.64967,127.36015,332.44,0.4,0.37,2025-03-13,1650,N20,nominal,2.0NRT,292.95,1.86,N
-15.65023,127.36384,347.44,0.4,0.37,2025-03-13,1650,N20,nominal,2.0NRT,294.14,5.14,N
-15.65079,127.36752,329.01,0.4,0.37,2025-03-13,1650,N20,nominal,2.0NRT,292.85,5.14,N
-15.65246,127.35594,313.27,0.4,0.37,2025-03-13,1650,N20,nominal,2.0NRT,291.81,1.86,N
-15.65302,127.35961,311.45,0.4,0.37,2025-03-13,1650,N20,nominal,2.0NRT,291.95,1.86,N
-15.65469,127.34803,306.13,0.4,0.37,2025-03-13,1650,N20,nominal,2.0NRT,291.75,1.63,N
-15.65582,127.35541,307.58,0.4,0.37,2025-03-13,1650,N20,nominal,2.0NRT,291.8,1.06,N
-15.65638,127.35909,313.08,0.4,0.37,2025-03-13,1650,N20,nominal,2.0NRT,291.67,1.06,N
-15.65804,127.3475,323.06,0.4,0.37,2025-03-13,1650,N20,nominal,2.0NRT,292.37,1.63,N
-15.65999,127.34761,331.13,0.4,0.37,2025-03-13,1650,N20,nominal,2.0NRT,292.08,3.31,N
-15.60973,126.99331,308.92,0.39,0.36,2025-03-13,1650,N20,nominal,2.0NRT,287.96,0.67,N
-15.93982,128.12474,317.22,0.42,0.37,2025-03-13,1650,N20,nominal,2.0NRT,293.48,1.56,N
-15.94325,128.12418,320.97,0.42,0.37,2025-03-13,1650,N20,nominal,2.0NRT,293.56,1.56,N
-15.94952,128.11903,308.52,0.42,0.37,2025-03-13,1650,N20,nominal,2.0NRT,293.55,0.91,N
-15.9501,128.12292,312.57,0.42,0.37,2025-03-13,1650,N20,nominal,2.0NRT,293.7,0.91,N
-15.99145,128.18797,307.58,0.42,0.38,2025-03-13,1650,N20,nominal,2.0NRT,293.58,1.08,N
-16.00057,128.17824,315.22,0.42,0.38,2025-03-13,1650,N20,nominal,2.0NRT,293.58,1.12,N
-16.00116,128.18219,317.64,0.42,0.38,2025-03-13,1650,N20,nominal,2.0NRT,293.93,1.49,N
-16.00032,128.18324,317.89,0.42,0.38,2025-03-13,1650,N20,nominal,2.0NRT,293.92,1.65,N
-16.00318,128.1787,307.67,0.42,0.38,2025-03-13,1650,N20,nominal,2.0NRT,293.36,1.41,N
-16.00491,128.19063,307.82,0.42,0.38,2025-03-13,1650,N20,nominal,2.0NRT,293.37,1.11,N
-16.00894,128.19414,317.56,0.42,0.38,2025-03-13,1650,N20,nominal,2.0NRT,293.44,1.17,N
-16.02578,127.90308,308.75,0.41,0.37,2025-03-13,1650,N20,nominal,2.0NRT,293.76,0.68,N
-16.09142,128.08485,321.25,0.42,0.37,2025-03-13,1650,N20,nominal,2.0NRT,293.4,1.7,N
-16.08286,127.95753,310.47,0.41,0.37,2025-03-13,1650,N20,nominal,2.0NRT,293.52,0.99,N
-16.08344,127.96153,314.5,0.41,0.37,2025-03-13,1650,N20,nominal,2.0NRT,293.35,0.99,N
-16.03655,127.52715,308.63,0.4,0.37,2025-03-13,1650,N20,nominal,2.0NRT,292.32,1.45,N
-16.07478,127.34602,307.76,0.4,0.37,2025-03-13,1650,N20,nominal,2.0NRT,291.5,1.47,N
-16.21325,127.3735,307.45,0.4,0.37,2025-03-13,1650,N20,nominal,2.0NRT,287.71,1.01,N
-16.39711,127.32526,308.29,0.4,0.37,2025-03-13,1650,N20,nominal,2.0NRT,287.74,3.59,N
-16.39991,127.32098,325.16,0.4,0.37,2025-03-13,1650,N20,nominal,2.0NRT,289.54,3.59,N
-16.40048,127.32471,344.02,0.4,0.37,2025-03-13,1650,N20,nominal,2.0NRT,290.89,3.59,N
-16.40104,127.32844,306.3,0.4,0.37,2025-03-13,1650,N20,nominal,2.0NRT,289.19,2.69,N
-16.40441,127.32791,356.46,0.4,0.37,2025-03-13,1650,N20,nominal,2.0NRT,290.96,6.64,N
-16.40498,127.33163,342.08,0.4,0.37,2025-03-13,1650,N20,nominal,2.0NRT,291.49,6.64,N
-16.40216,127.3131,307.68,0.4,0.37,2025-03-13,1650,N20,nominal,2.0NRT,287.31,1.36,N
-16.40384,127.32418,312.3,0.4,0.37,2025-03-13,1650,N20,nominal,2.0NRT,287.72,2.3,N
-16.40834,127.33109,340.89,0.4,0.37,2025-03-13,1650,N20,nominal,2.0NRT,290.86,6.64,N
-16.40891,127.33482,346.33,0.4,0.37,2025-03-13,1650,N20,nominal,2.0NRT,291.84,8.32,N
-16.41284,127.33797,339.09,0.4,0.37,2025-03-13,1650,N20,nominal,2.0NRT,291.38,4.7,N
-16.4162,127.33746,334.49,0.4,0.37,2025-03-13,1650,N20,nominal,2.0NRT,290.88,4.7,N
-16.41677,127.34119,309.01,0.4,0.37,2025-03-13,1650,N20,nominal,2.0NRT,290.18,3.34,N
-16.41788,127.33736,330.59,0.4,0.37,2025-03-13,1650,N20,nominal,2.0NRT,290.42,4.24,N
-16.41844,127.34109,310.76,0.4,0.37,2025-03-13,1650,N20,nominal,2.0NRT,289.94,3.24,N
-18.36533,132.69884,311.28,0.52,0.5,2025-03-13,1650,N20,nominal,2.0NRT,291.86,1.8,N
-18.69029,131.61781,314.89,0.45,0.47,2025-03-13,1650,N20,nominal,2.0NRT,291.23,1.21,N
-18.6946,131.61723,312.99,0.45,0.47,2025-03-13,1650,N20,nominal,2.0NRT,291.45,1.21,N
-18.79084,130.37134,306.03,0.57,0.43,2025-03-13,1650,N20,nominal,2.0NRT,289.25,1.18,N
-18.38609,127.47633,310.9,0.41,0.37,2025-03-13,1650,N20,nominal,2.0NRT,286.8,0.73,N
-18.38951,127.47575,310.22,0.41,0.37,2025-03-13,1650,N20,nominal,2.0NRT,284.62,0.73,N
-18.38932,127.47634,319.39,0.41,0.37,2025-03-13,1650,N20,nominal,2.0NRT,285.48,1.77,N
-20.01398,139.63922,306.71,0.78,0.78,2025-03-13,1650,N20,nominal,2.0NRT,291.84,1.67,N
-20.02115,139.63821,308.69,0.78,0.78,2025-03-13,1650,N20,nominal,2.0NRT,291.51,1.67,N
-20.02834,139.63736,305.69,0.78,0.78,2025-03-13,1650,N20,nominal,2.0NRT,291.97,1.9,N
-19.57737,131.81599,331.14,0.47,0.48,2025-03-13,1650,N20,nominal,2.0NRT,292.29,4.61,N
-19.58179,131.81541,305.51,0.47,0.48,2025-03-13,1650,N20,nominal,2.0NRT,292.17,1.09,N
-19.6763,131.97223,307.72,0.49,0.48,2025-03-13,1650,N20,nominal,2.0NRT,292.63,1.24,N
-19.67685,131.97688,308.9,0.49,0.48,2025-03-13,1650,N20,nominal,2.0NRT,292.72,1.24,N
-19.68187,131.98096,324.57,0.49,0.48,2025-03-13,1650,N20,nominal,2.0NRT,292.98,2.98,N
-19.68242,131.98561,320.82,0.49,0.48,2025-03-13,1650,N20,nominal,2.0NRT,292.89,2.98,N
-19.68022,131.96701,314.83,0.49,0.48,2025-03-13,1650,N20,nominal,2.0NRT,292.7,2.13,N
-19.68077,131.97166,308.95,0.49,0.48,2025-03-13,1650,N20,nominal,2.0NRT,292.79,2.41,N
-19.68468,131.96645,323.39,0.49,0.48,2025-03-13,1650,N20,nominal,2.0NRT,293.04,2.13,N
-19.68744,131.98967,323.24,0.49,0.48,2025-03-13,1650,N20,nominal,2.0NRT,292.86,3.9,N
-19.68914,131.96587,315.5,0.49,0.48,2025-03-13,1650,N20,nominal,2.0NRT,292.82,2.63,N
-19.4803,130.15666,308.03,0.56,0.43,2025-03-13,1650,N20,nominal,2.0NRT,287.02,1.71,N
-19.48567,130.16684,312.63,0.56,0.43,2025-03-13,1650,N20,nominal,2.0NRT,284.48,1.89,N
-19.80882,132.74573,304.96,0.55,0.51,2025-03-13,1650,N20,nominal,2.0NRT,291.72,2.26,N
-20.3285,136.89687,320.06,0.52,0.67,2025-03-13,1650,N20,nominal,2.0NRT,289.16,2.6,N
-20.32895,136.9019,315.15,0.52,0.67,2025-03-13,1650,N20,nominal,2.0NRT,289.53,2.6,N
-20.72971,139.47778,304.14,0.78,0.78,2025-03-13,1650,N20,nominal,2.0NRT,290.27,3.04,N
-19.90378,124.89346,323.65,0.38,0.36,2025-03-13,1650,N20,nominal,2.0NRT,289.02,3.91,N
-19.91975,124.88686,308.82,0.38,0.36,2025-03-13,1650,N20,nominal,2.0NRT,284.83,1.49,N
-19.92032,124.89053,310.36,0.38,0.36,2025-03-13,1650,N20,nominal,2.0NRT,284.41,1.49,N
-19.92132,124.87531,326.38,0.38,0.36,2025-03-13,1650,N20,nominal,2.0NRT,286.33,2.48,N
-19.9219,124.87897,340.05,0.38,0.36,2025-03-13,1650,N20,nominal,2.0NRT,288.12,5.62,N
-19.92248,124.88262,312.01,0.38,0.36,2025-03-13,1650,N20,nominal,2.0NRT,286.57,5.62,N
-19.92521,124.87839,320.7,0.38,0.36,2025-03-13,1650,N20,nominal,2.0NRT,285.28,5.62,N
-19.92579,124.88204,353.02,0.38,0.36,2025-03-13,1650,N20,nominal,2.0NRT,288.58,5.62,N
-19.92637,124.88569,348.08,0.38,0.36,2025-03-13,1650,N20,nominal,2.0NRT,289.39,7.04,N
-19.92463,124.87473,314.75,0.38,0.36,2025-03-13,1650,N20,nominal,2.0NRT,285.61,2.48,N
-19.92694,124.88935,313.04,0.38,0.36,2025-03-13,1650,N20,nominal,2.0NRT,286.24,7.04,N
-19.92753,124.89301,307.25,0.38,0.36,2025-03-13,1650,N20,nominal,2.0NRT,282.88,2.76,N
-19.9291,124.88145,331.68,0.38,0.36,2025-03-13,1650,N20,nominal,2.0NRT,285.83,4.68,N
-19.92968,124.8851,355.51,0.38,0.36,2025-03-13,1650,N20,nominal,2.0NRT,289.13,6.55,N
-19.93026,124.88876,323.6,0.38,0.36,2025-03-13,1650,N20,nominal,2.0NRT,281.56,6.55,N
-19.93084,124.89243,306.3,0.38,0.36,2025-03-13,1650,N20,nominal,2.0NRT,280.63,0.86,N
-19.93299,124.88451,330.21,0.38,0.36,2025-03-13,1650,N20,nominal,2.0NRT,285.55,6.55,N
-19.93357,124.88818,337.85,0.38,0.36,2025-03-13,1650,N20,nominal,2.0NRT,285.74,6.55,N
-19.93415,124.89184,307.92,0.38,0.36,2025-03-13,1650,N20,nominal,2.0NRT,280.89,0.86,N
-21.02545,131.56607,329.7,0.48,0.48,2025-03-13,1650,N20,nominal,2.0NRT,292.13,3.78,N
-21.02491,131.56148,306.91,0.48,0.48,2025-03-13,1650,N20,nominal,2.0NRT,285.47,3.78,N
-21.02652,131.57527,319.97,0.48,0.48,2025-03-13,1650,N20,nominal,2.0NRT,291.24,3.27,N
-21.03095,131.57472,313.57,0.48,0.48,2025-03-13,1650,N20,nominal,2.0NRT,291.1,3.27,N
-22.15357,123.51881,343.59,0.39,0.36,2025-03-13,1650,N20,nominal,2.0NRT,290.03,10.44,N
-22.15295,123.51502,314.49,0.39,0.36,2025-03-13,1650,N20,nominal,2.0NRT,281.85,3.14,N
-22.15814,123.52572,310.89,0.39,0.36,2025-03-13,1650,N20,nominal,2.0NRT,278.01,2.49,N
-22.16147,123.52509,337.99,0.39,0.36,2025-03-13,1650,N20,nominal,2.0NRT,284.26,2.49,N
-22.19602,118.21618,302.27,0.44,0.46,2025-03-13,1652,N20,nominal,2.0NRT,264.06,1.81,N
-23.46064,121.52662,306.77,0.43,0.38,2025-03-13,1652,N20,nominal,2.0NRT,280.53,0.71,N
-23.46191,121.51324,312.95,0.43,0.38,2025-03-13,1652,N20,nominal,2.0NRT,290.38,1.73,N
-23.46412,121.52591,302.51,0.43,0.38,2025-03-13,1652,N20,nominal,2.0NRT,279.27,0.71,N
-23.46634,121.53853,313.69,0.43,0.38,2025-03-13,1652,N20,nominal,2.0NRT,284.6,2.27,N
-23.46539,121.51254,309.56,0.43,0.38,2025-03-13,1652,N20,nominal,2.0NRT,289.2,1.45,N
-23.47109,121.52449,298.56,0.43,0.38,2025-03-13,1652,N20,nominal,2.0NRT,276.54,0.32,N
-23.47163,121.5069,316.47,0.43,0.38,2025-03-13,1652,N20,nominal,2.0NRT,285.27,1.96,N
-23.47605,121.5322,299.63,0.43,0.38,2025-03-13,1652,N20,nominal,2.0NRT,278.24,0.57,N
-23.48301,121.53075,301.59,0.43,0.38,2025-03-13,1652,N20,nominal,2.0NRT,279.72,0.69,N
-23.49548,121.51946,307.67,0.43,0.38,2025-03-13,1652,N20,nominal,2.0NRT,282.51,1.09,N
-23.49896,121.51874,312.05,0.43,0.38,2025-03-13,1652,N20,nominal,2.0NRT,283.35,1.09,N
-23.50245,121.51801,307.58,0.43,0.38,2025-03-13,1652,N20,nominal,2.0NRT,283.4,1.16,N
-23.51261,121.57667,306.06,0.43,0.38,2025-03-13,1652,N20,nominal,2.0NRT,283.49,1.71,N
-23.50593,121.51727,315.95,0.43,0.38,2025-03-13,1652,N20,nominal,2.0NRT,287.27,1.16,N
-23.50941,121.51656,338.15,0.43,0.38,2025-03-13,1652,N20,nominal,2.0NRT,290.1,9.37,N
-23.51957,121.57525,320.14,0.43,0.38,2025-03-13,1652,N20,nominal,2.0NRT,288.99,1.92,N
-23.52304,121.57452,322.37,0.43,0.38,2025-03-13,1652,N20,nominal,2.0NRT,290.45,1.92,N
-23.51217,121.51165,308.26,0.43,0.38,2025-03-13,1652,N20,nominal,2.0NRT,289.96,3.34,N
-23.52376,121.5787,315.92,0.43,0.38,2025-03-13,1652,N20,nominal,2.0NRT,290.7,1.92,N
-23.52724,121.578,312.67,0.43,0.38,2025-03-13,1652,N20,nominal,2.0NRT,291.68,2.7,N
-28.77673,115.02609,309.22,0.51,0.49,2025-03-13,1652,N20,nominal,2.0NRT,284.47,0.82,N
-28.78013,115.01991,300.79,0.51,0.49,2025-03-13,1652,N20,nominal,2.0NRT,284.25,0.82,N
-28.78121,115.02491,295.98,0.51,0.49,2025-03-13,1652,N20,nominal,2.0NRT,284.62,0.82,N
-33.01051,137.59181,323.91,0.74,0.76,2025-03-13,1654,N20,nominal,2.0NRT,291.68,4.21,N
-33.01077,137.59996,311.55,0.74,0.76,2025-03-13,1654,N20,nominal,2.0NRT,292.06,4.21,N
-33.01389,137.59383,334.21,0.74,0.76,2025-03-13,1654,N20,nominal,2.0NRT,292.1,7.41,N
-45.9333,169.18393,367,0.38,0.58,2025-03-14,0149,N20,high,2.0NRT,294.1,9.54,D
-45.93327,169.18405,367,0.38,0.58,2025-03-14,0149,N20,high,2.0NRT,293.86,8.67,D
-45.891,168.9913,336.66,0.38,0.59,2025-03-14,0149,N20,nominal,2.0NRT,288.63,4.33,D
-45.8912,168.98599,343.08,0.38,0.59,2025-03-14,0149,N20,nominal,2.0NRT,290.68,5.31,D
-45.88565,168.98601,339.47,0.38,0.59,2025-03-14,0149,N20,nominal,2.0NRT,300.26,37.34,D
-45.88546,168.99158,356.49,0.38,0.59,2025-03-14,0149,N20,low,2.0NRT,288.72,27.11,D
-45.85315,168.61974,367,0.4,0.6,2025-03-14,0149,N20,high,2.0NRT,300.29,91.51,D
-45.85007,168.71892,334.85,0.39,0.6,2025-03-14,0149,N20,nominal,2.0NRT,290.41,2.92,D
-45.85331,168.61444,207.93,0.4,0.6,2025-03-14,0149,N20,low,2.0NRT,305.86,91.51,D
-45.8557,168.61932,367,0.4,0.6,2025-03-14,0149,N20,high,2.0NRT,295.15,92.56,D
-45.85588,168.61404,207.93,0.4,0.6,2025-03-14,0149,N20,low,2.0NRT,300.28,89.03,D
-45.85007,168.61902,367,0.4,0.6,2025-03-14,0149,N20,high,2.0NRT,292.13,35.95,D
-45.8465,168.718,325.15,0.39,0.6,2025-03-14,0149,N20,nominal,2.0NRT,289.33,1.73,D
-45.85026,168.61372,345.89,0.4,0.6,2025-03-14,0149,N20,nominal,2.0NRT,291.06,23.27,D
-43.78753,171.81964,337.78,0.53,0.5,2025-03-14,0149,N20,nominal,2.0NRT,287.71,6.38,D
-43.7863,171.81981,332.17,0.53,0.5,2025-03-14,0149,N20,nominal,2.0NRT,287.31,6.27,D
-40.09812,175.7281,335.41,0.48,0.4,2025-03-14,0152,N20,nominal,2.0NRT,297.24,3.71,D
-40.00233,175.38272,332.35,0.5,0.41,2025-03-14,0152,N20,nominal,2.0NRT,299.13,6.65,D
-29.86448,150.34639,343.69,0.4,0.37,2025-03-14,0336,N20,nominal,2.0NRT,312.75,3.81,D
-29.66059,149.90468,346.89,0.41,0.37,2025-03-14,0336,N20,nominal,2.0NRT,310.19,8.57,D
-29.45443,149.88246,339.11,0.41,0.37,2025-03-14,0336,N20,low,2.0NRT,313.09,13.21,D
-28.80661,150.20073,336.04,0.4,0.37,2025-03-14,0336,N20,nominal,2.0NRT,305.17,5.34,D
-28.67687,151.05237,343.73,0.39,0.36,2025-03-14,0336,N20,nominal,2.0NRT,305.13,5.39,D
-27.9715,151.6606,338.55,0.38,0.36,2025-03-14,0336,N20,nominal,2.0NRT,306.9,6.74,D
-27.9721,151.65669,338.08,0.38,0.36,2025-03-14,0336,N20,nominal,2.0NRT,304.08,4.06,D
-27.9866,151.40596,340.08,0.38,0.36,2025-03-14,0336,N20,nominal,2.0NRT,307.5,5.59,D
-27.86228,151.17773,341.8,0.38,0.36,2025-03-14,0336,N20,nominal,2.0NRT,306.15,3.69,D
-27.86287,151.17383,346.82,0.38,0.36,2025-03-14,0336,N20,nominal,2.0NRT,308.76,3.69,D
-27.78489,150.0661,339.88,0.39,0.36,2025-03-14,0336,N20,low,2.0NRT,310.47,6.48,D
-27.59745,149.59003,340.11,0.4,0.37,2025-03-14,0336,N20,low,2.0NRT,313.07,6.96,D
-27.59916,149.57773,346.05,0.4,0.37,2025-03-14,0336,N20,nominal,2.0NRT,314.01,7.42,D
-27.59576,149.57713,348.6,0.4,0.37,2025-03-14,0336,N20,nominal,2.0NRT,313.69,7.42,D
-26.637,150.48619,337.71,0.39,0.36,2025-03-14,0336,N20,nominal,2.0NRT,305.87,2.42,D
-26.53487,148.47166,348.23,0.42,0.38,2025-03-14,0338,N20,nominal,2.0NRT,312.5,4.81,D
-26.28965,149.1618,342.44,0.4,0.37,2025-03-14,0338,N20,nominal,2.0NRT,312.4,5.69,D
-26.45301,147.55367,338.86,0.46,0.39,2025-03-14,0338,N20,low,2.0NRT,312.61,3.67,D
-26.45613,147.55168,339.37,0.46,0.39,2025-03-14,0338,N20,low,2.0NRT,310.68,4.52,D
-25.35983,150.68762,331.06,0.38,0.36,2025-03-14,0338,N20,nominal,2.0NRT,301.98,3.49,D
-25.3565,150.68701,342.61,0.38,0.36,2025-03-14,0338,N20,nominal,2.0NRT,302.14,3.49,D
-24.86881,151.40184,340.64,0.39,0.36,2025-03-14,0338,N20,nominal,2.0NRT,303.77,5.43,D
-24.86548,151.40121,341.78,0.39,0.36,2025-03-14,0338,N20,nominal,2.0NRT,304.9,5.43,D
-45.39279,170.60674,367,0.37,0.58,2025-03-14,0330,N20,high,2.0NRT,290.58,12.14,D
-24.76829,147.77419,332.59,0.43,0.38,2025-03-14,0338,N20,low,2.0NRT,302.71,4.77,D
-24.76888,147.76974,351.05,0.43,0.38,2025-03-14,0338,N20,nominal,2.0NRT,303.96,4.77,D
-45.39427,170.60156,332.76,0.37,0.58,2025-03-14,0330,N20,nominal,2.0NRT,290.6,12.14,D
-24.76242,147.79115,333.41,0.43,0.38,2025-03-14,0338,N20,nominal,2.0NRT,303.35,3.19,D
-45.85967,168.61998,344.68,0.58,0.52,2025-03-14,0330,N20,nominal,2.0NRT,291.85,16.78,D
-24.763,147.7868,331.79,0.43,0.38,2025-03-14,0338,N20,low,2.0NRT,303.65,3.19,D
-45.86098,168.62602,339.37,0.59,0.52,2025-03-14,0330,N20,nominal,2.0NRT,291.15,185.03,D
-24.76418,147.77798,343.76,0.43,0.38,2025-03-14,0338,N20,nominal,2.0NRT,304.64,5.96,D
-45.0611,170.85783,338.45,0.39,0.59,2025-03-14,0330,N20,nominal,2.0NRT,290.68,4.72,D
-24.76537,147.76913,333.77,0.43,0.38,2025-03-14,0338,N20,low,2.0NRT,304.64,4.77,D
-44.28271,171.20639,367,0.42,0.61,2025-03-14,0330,N20,high,2.0NRT,290.64,12.6,D
-24.75892,147.79044,336.87,0.43,0.38,2025-03-14,0338,N20,nominal,2.0NRT,304.69,4.85,D
-43.44237,172.1288,330.59,0.49,0.65,2025-03-14,0332,N20,nominal,2.0NRT,289.28,4.05,D
-24.76126,147.77292,340.87,0.43,0.38,2025-03-14,0338,N20,nominal,2.0NRT,305.24,5.09,D
-42.41838,147.02144,333.07,0.48,0.48,2025-03-14,0332,N20,nominal,2.0NRT,297.11,3.54,D
-24.75542,147.78973,332.07,0.43,0.38,2025-03-14,0338,N20,low,2.0NRT,305.05,4.85,D
-42.41885,147.01535,329.92,0.49,0.48,2025-03-14,0332,N20,nominal,2.0NRT,296.14,3.54,D
-24.75659,147.78102,335.05,0.43,0.38,2025-03-14,0338,N20,low,2.0NRT,305.98,5.77,D
-38.05158,143.21141,367,0.35,0.57,2025-03-14,0334,N20,high,2.0NRT,298.29,7.52,D
-24.75717,147.77667,346.5,0.43,0.38,2025-03-14,0338,N20,nominal,2.0NRT,305.56,5.77,D
-38.05181,143.20738,367,0.35,0.57,2025-03-14,0334,N20,high,2.0NRT,298.6,7.52,D
-23.76947,151.19998,330.53,0.39,0.36,2025-03-14,0338,N20,low,2.0NRT,303.57,3.74,D
-38.05203,143.20337,350.37,0.35,0.57,2025-03-14,0334,N20,nominal,2.0NRT,298.76,7.83,D
-24.98353,138.66615,367,0.49,0.65,2025-03-14,0338,N20,high,2.0NRT,303.01,12.47,D
-38.04652,143.20691,350.46,0.35,0.57,2025-03-14,0334,N20,nominal,2.0NRT,304.29,7.52,D
-24.9839,138.66125,367,0.49,0.65,2025-03-14,0338,N20,high,2.0NRT,303.74,12.47,D
-24.98278,138.67596,334.73,0.49,0.65,2025-03-14,0338,N20,nominal,2.0NRT,299.96,6.24,D
-38.04674,143.20288,352.71,0.35,0.57,2025-03-14,0334,N20,nominal,2.0NRT,304.66,7.83,D
-24.98316,138.67107,355.1,0.49,0.65,2025-03-14,0338,N20,nominal,2.0NRT,299.58,6.24,D
-38.05282,143.21233,367,0.35,0.57,2025-03-14,0334,N20,high,2.0NRT,297.41,6.23,D
-24.97673,138.67543,367,0.49,0.65,2025-03-14,0338,N20,high,2.0NRT,305.16,16.35,D
-38.05307,143.20828,367,0.35,0.57,2025-03-14,0334,N20,high,2.0NRT,299.27,6.23,D
-24.97636,138.68036,350.65,0.49,0.65,2025-03-14,0338,N20,nominal,2.0NRT,300.82,12.71,D
-38.05332,143.20427,367,0.35,0.57,2025-03-14,0334,N20,high,2.0NRT,297.93,8.42,D
-24.97859,138.65089,341.98,0.49,0.65,2025-03-14,0338,N20,nominal,2.0NRT,305.63,26.48,D
-38.04778,143.20782,338.03,0.35,0.57,2025-03-14,0334,N20,nominal,2.0NRT,301.1,6.23,D
-24.97934,138.64104,341.34,0.49,0.65,2025-03-14,0338,N20,nominal,2.0NRT,300.56,115.19,D
-38.04803,143.2038,352.73,0.35,0.57,2025-03-14,0334,N20,nominal,2.0NRT,304.84,8.42,D
-24.97031,138.67982,367,0.49,0.65,2025-03-14,0338,N20,high,2.0NRT,301.92,12.71,D
-38.0425,143.20737,335.69,0.35,0.57,2025-03-14,0334,N20,nominal,2.0NRT,297.34,2.86,D
-24.97253,138.65036,367,0.49,0.65,2025-03-14,0338,N20,high,2.0NRT,308.1,26.48,D
-38.04274,143.20334,338.12,0.35,0.57,2025-03-14,0334,N20,nominal,2.0NRT,300.75,5.12,D
-24.97105,138.67001,336.56,0.49,0.65,2025-03-14,0338,N20,nominal,2.0NRT,305.11,16.35,D
-38.08142,141.90262,344.69,0.41,0.61,2025-03-14,0334,N20,nominal,2.0NRT,290.7,8.62,D
-24.97216,138.65529,342.04,0.49,0.65,2025-03-14,0338,N20,nominal,2.0NRT,306.15,26.48,D
-38.08166,141.89781,351.77,0.41,0.61,2025-03-14,0334,N20,nominal,2.0NRT,292.44,17.69,D
-24.9729,138.64543,345.84,0.49,0.65,2025-03-14,0338,N20,nominal,2.0NRT,310.61,115.19,D
-38.07668,141.88287,352.47,0.41,0.61,2025-03-14,0334,N20,nominal,2.0NRT,289.12,20.53,D
-24.97364,138.63559,339.58,0.49,0.65,2025-03-14,0338,N20,nominal,2.0NRT,293.1,48.1,D
-38.07692,141.87802,338.28,0.41,0.61,2025-03-14,0334,N20,nominal,2.0NRT,287.16,8.76,D
-24.97327,138.64052,207.93,0.49,0.65,2025-03-14,0338,N20,low,2.0NRT,316.69,115.19,D
-37.92046,143.30556,367,0.34,0.56,2025-03-14,0334,N20,high,2.0NRT,306.2,56.05,D
-24.965,138.66948,367,0.49,0.65,2025-03-14,0338,N20,high,2.0NRT,307.04,14.5,D
-37.92094,143.29761,342.6,0.34,0.56,2025-03-14,0334,N20,nominal,2.0NRT,306.95,111.02,D
-24.96574,138.65965,367,0.49,0.65,2025-03-14,0338,N20,high,2.0NRT,306.62,20.26,D
-37.93108,143.13254,332.69,0.35,0.57,2025-03-14,0334,N20,nominal,2.0NRT,302.6,4.04,D
-24.9661,138.65475,367,0.49,0.65,2025-03-14,0338,N20,high,2.0NRT,305.85,26.63,D
-37.93133,143.12848,330.72,0.35,0.57,2025-03-14,0334,N20,nominal,2.0NRT,302.36,6.42,D
-24.96647,138.64984,367,0.49,0.65,2025-03-14,0338,N20,high,2.0NRT,302.26,26.63,D
-24.96426,138.67929,344.92,0.49,0.65,2025-03-14,0338,N20,nominal,2.0NRT,305.37,18.37,D
-37.9207,143.30157,367,0.34,0.56,2025-03-14,0334,N20,low,2.0NRT,350.5,56.05,D
-24.96463,138.67438,351.77,0.49,0.65,2025-03-14,0338,N20,nominal,2.0NRT,306.52,14.5,D
-37.9152,143.30508,367,0.34,0.56,2025-03-14,0334,N20,high,2.0NRT,305.57,56.05,D
-24.96537,138.66458,346.68,0.49,0.65,2025-03-14,0338,N20,nominal,2.0NRT,306.02,20.26,D
-37.92578,143.13211,367,0.35,0.57,2025-03-14,0334,N20,high,2.0NRT,303.57,4.04,D
-23.33038,150.11729,333.54,0.38,0.36,2025-03-14,0338,N20,nominal,2.0NRT,300.34,2.74,D
-37.91545,143.30113,367,0.34,0.56,2025-03-14,0334,N20,low,2.0NRT,325.02,56.05,D
-24.2181,139.68813,367,0.41,0.61,2025-03-14,0338,N20,high,2.0NRT,309.91,11.19,D
-37.91043,143.29671,346.25,0.34,0.56,2025-03-14,0334,N20,nominal,2.0NRT,303.54,3.38,D
-24.21843,139.68399,338.69,0.42,0.61,2025-03-14,0338,N20,nominal,2.0NRT,306.35,10.71,D
-37.92047,143.13164,335.03,0.35,0.57,2025-03-14,0334,N20,nominal,2.0NRT,303.28,2.58,D
-24.20975,139.72044,367,0.41,0.61,2025-03-14,0338,N20,high,2.0NRT,308.06,7.19,D
-37.92096,143.12341,339.91,0.35,0.57,2025-03-14,0334,N20,nominal,2.0NRT,301.85,5.69,D
-24.21244,139.68756,367,0.41,0.61,2025-03-14,0338,N20,high,2.0NRT,306.92,11.19,D
-37.92122,143.11931,340.53,0.35,0.57,2025-03-14,0334,N20,nominal,2.0NRT,300.55,4.46,D
-37.09994,141.88739,339.21,0.41,0.6,2025-03-14,0334,N20,low,2.0NRT,309.48,3.7,D
-24.20941,139.72453,338.84,0.41,0.61,2025-03-14,0338,N20,nominal,2.0NRT,308.2,7.19,D
-36.67255,141.82816,367,0.41,0.6,2025-03-14,0334,N20,high,2.0NRT,317.79,9.58,D
-24.21008,139.71634,348.41,0.41,0.61,2025-03-14,0338,N20,nominal,2.0NRT,306.96,7.03,D
-36.67278,141.82359,344.49,0.41,0.6,2025-03-14,0334,N20,nominal,2.0NRT,314.57,9.58,D
-24.1786,139.75443,367,0.41,0.61,2025-03-14,0338,N20,high,2.0NRT,306.86,19.03,D
-36.67522,141.83034,342.9,0.4,0.6,2025-03-14,0334,N20,nominal,2.0NRT,310.11,5.46,D
-24.17827,139.7585,341.43,0.41,0.61,2025-03-14,0338,N20,nominal,2.0NRT,302.53,7.17,D
-36.67547,141.82578,343.63,0.4,0.6,2025-03-14,0334,N20,nominal,2.0NRT,315.16,5.46,D
-24.17363,139.7457,354.52,0.41,0.61,2025-03-14,0338,N20,nominal,2.0NRT,305.6,10.6,D
-36.66985,141.82532,367,0.4,0.6,2025-03-14,0334,N20,high,2.0NRT,313.77,5.46,D
-24.18069,139.75755,353.76,0.41,0.61,2025-03-14,0338,N20,nominal,2.0NRT,302.98,6.08,D
-36.66959,141.82986,353.71,0.4,0.6,2025-03-14,0334,N20,nominal,2.0NRT,309.25,5.46,D
-24.18105,139.75349,340.11,0.41,0.61,2025-03-14,0338,N20,nominal,2.0NRT,305.5,10.76,D
-34.46212,150.88829,337.24,0.41,0.37,2025-03-14,0334,N20,nominal,2.0NRT,301.95,4.47,D
-24.17542,139.75294,367,0.41,0.61,2025-03-14,0338,N20,high,2.0NRT,305.32,7.51,D
-34.46272,150.88377,332.99,0.41,0.37,2025-03-14,0334,N20,nominal,2.0NRT,301.79,3.56,D
-24.17578,139.74889,336.82,0.41,0.61,2025-03-14,0338,N20,nominal,2.0NRT,305.57,7.51,D
-34.45927,150.8831,345.84,0.41,0.37,2025-03-14,0334,N20,nominal,2.0NRT,301.45,6.19,D
-24.17051,139.74426,344.05,0.41,0.61,2025-03-14,0338,N20,nominal,2.0NRT,304.85,6.03,D
-34.45642,150.87791,334.41,0.41,0.37,2025-03-14,0334,N20,nominal,2.0NRT,302.86,6.19,D
-24.17086,139.74019,339.33,0.41,0.61,2025-03-14,0338,N20,nominal,2.0NRT,305.59,6.03,D
-34.5391,148.36191,335.24,0.51,0.41,2025-03-14,0334,N20,nominal,2.0NRT,300.53,3.35,D
-24.16488,139.7437,337.61,0.41,0.61,2025-03-14,0338,N20,nominal,2.0NRT,303.66,5.88,D
-34.48342,148.2829,338.62,0.52,0.41,2025-03-14,0334,N20,nominal,2.0NRT,307.74,3.83,D
-24.16523,139.73964,355.24,0.41,0.61,2025-03-14,0338,N20,nominal,2.0NRT,306.89,5.88,D
-34.47959,148.28224,338.57,0.52,0.41,2025-03-14,0334,N20,nominal,2.0NRT,308.54,3.83,D
-24.15961,139.73909,367,0.41,0.61,2025-03-14,0338,N20,high,2.0NRT,305.99,5.88,D
-33.59702,147.31427,338.66,0.56,0.43,2025-03-14,0334,N20,nominal,2.0NRT,297.01,57.05,D
-24.15398,139.73853,334.48,0.41,0.61,2025-03-14,0338,N20,nominal,2.0NRT,305.11,7.27,D
-33.20505,147.31601,347.34,0.56,0.43,2025-03-14,0334,N20,nominal,2.0NRT,309.24,22,D
-33.20108,147.3154,349.29,0.56,0.43,2025-03-14,0334,N20,nominal,2.0NRT,308.95,22,D
-24.15433,139.73445,347.07,0.41,0.61,2025-03-14,0338,N20,nominal,2.0NRT,306.33,4.05,D
-24.1487,139.7339,335.27,0.41,0.61,2025-03-14,0338,N20,nominal,2.0NRT,304.51,4.05,D
-32.84308,147.09096,339.39,0.57,0.43,2025-03-14,0336,N20,low,2.0NRT,313.44,14.03,D
-32.84595,147.09007,340.51,0.57,0.43,2025-03-14,0336,N20,low,2.0NRT,311.99,10.23,D
-24.14905,139.72983,338.86,0.41,0.61,2025-03-14,0338,N20,nominal,2.0NRT,305.49,4.05,D
-32.81033,146.52986,337.71,0.4,0.44,2025-03-14,0336,N20,nominal,2.0NRT,301.16,6.09,D
-24.1279,139.71123,339.93,0.41,0.61,2025-03-14,0338,N20,nominal,2.0NRT,304.44,4.02,D
-31.99873,151.68634,350.05,0.39,0.36,2025-03-14,0336,N20,nominal,2.0NRT,304,10.88,D
-24.12226,139.71069,339.03,0.41,0.61,2025-03-14,0338,N20,nominal,2.0NRT,303.87,4.39,D
-31.99933,151.68225,355.46,0.39,0.36,2025-03-14,0336,N20,nominal,2.0NRT,305.86,14.06,D
-24.11697,139.70605,341.45,0.41,0.61,2025-03-14,0338,N20,nominal,2.0NRT,303.11,3.46,D
-31.99992,151.67815,351.04,0.39,0.36,2025-03-14,0336,N20,nominal,2.0NRT,304.29,14.06,D
-31.18684,151.65958,335.5,0.39,0.36,2025-03-14,0336,N20,nominal,2.0NRT,302.77,8.85,D
-24.11731,139.70195,334.07,0.41,0.61,2025-03-14,0338,N20,nominal,2.0NRT,304.05,3.46,D
-20.37278,144.51045,340.72,0.56,0.43,2025-03-14,0338,N20,nominal,2.0NRT,301.6,5.89,D
-31.4042,146.60886,343.07,0.38,0.44,2025-03-14,0336,N20,low,2.0NRT,313.36,15.67,D
-31.39974,146.61235,343.54,0.38,0.44,2025-03-14,0336,N20,nominal,2.0NRT,307.8,9.48,D
-20.37342,144.50516,338.82,0.56,0.43,2025-03-14,0338,N20,nominal,2.0NRT,302.97,5.89,D
-31.40017,146.60826,355.73,0.38,0.44,2025-03-14,0336,N20,nominal,2.0NRT,311.77,15.67,D
-20.37395,144.50894,332.98,0.56,0.43,2025-03-14,0338,N20,nominal,2.0NRT,301.02,5.49,D
-31.4006,146.6042,343.26,0.38,0.44,2025-03-14,0336,N20,nominal,2.0NRT,312.86,15.67,D
-20.37462,144.50365,332.46,0.56,0.43,2025-03-14,0338,N20,nominal,2.0NRT,302.21,5.89,D
-31.40382,146.60852,342.91,0.38,0.43,2025-03-14,0336,N20,nominal,2.0NRT,313.44,14.13,D
-20.36865,144.51898,342.71,0.56,0.43,2025-03-14,0338,N20,nominal,2.0NRT,300.72,7.99,D
-31.40427,146.60445,343.82,0.38,0.44,2025-03-14,0336,N20,nominal,2.0NRT,313.62,14.13,D
-20.36932,144.51372,346.23,0.56,0.43,2025-03-14,0338,N20,nominal,2.0NRT,303.65,5.49,D
-31.39934,146.61198,344.49,0.38,0.43,2025-03-14,0336,N20,nominal,2.0NRT,308.25,14.15,D
-20.36999,144.50844,330.02,0.56,0.43,2025-03-14,0338,N20,low,2.0NRT,301.58,5.49,D
-31.39979,146.60794,353.83,0.38,0.43,2025-03-14,0336,N20,nominal,2.0NRT,311.91,14.13,D
-20.37135,144.49774,337.05,0.56,0.43,2025-03-14,0338,N20,nominal,2.0NRT,301.1,5.89,D
-31.40024,146.60388,343.88,0.38,0.44,2025-03-14,0336,N20,nominal,2.0NRT,310.71,14.13,D
-20.364,144.52397,344.23,0.56,0.43,2025-03-14,0338,N20,nominal,2.0NRT,299.82,9.31,D
-31.3953,146.61142,355.27,0.38,0.43,2025-03-14,0336,N20,nominal,2.0NRT,307.06,7.2,D
-20.36739,144.49721,332.88,0.56,0.43,2025-03-14,0338,N20,nominal,2.0NRT,300.23,17.84,D
-31.39128,146.61082,341.84,0.38,0.43,2025-03-14,0336,N20,nominal,2.0NRT,306.22,7.2,D
-20.36808,144.49179,338.84,0.56,0.43,2025-03-14,0338,N20,nominal,2.0NRT,299.77,7.22,D
-31.20658,146.90695,348.41,0.55,0.43,2025-03-14,0336,N20,nominal,2.0NRT,316.58,11.85,D
-20.36276,144.50203,341.8,0.56,0.43,2025-03-14,0338,N20,nominal,2.0NRT,297.12,17.84,D
-20.36344,144.49666,355.6,0.56,0.43,2025-03-14,0338,N20,nominal,2.0NRT,303.1,17.84,D
-30.48326,150.95314,351.71,0.39,0.36,2025-03-14,0336,N20,nominal,2.0NRT,305.01,4.27,D
-20.36412,144.49123,331.2,0.56,0.43,2025-03-14,0338,N20,nominal,2.0NRT,290.49,7.22,D
-30.48384,150.94907,336.79,0.39,0.36,2025-03-14,0336,N20,nominal,2.0NRT,303.88,2.53,D
-30.47991,150.95247,332.6,0.39,0.36,2025-03-14,0336,N20,nominal,2.0NRT,301.98,4.27,D
-20.34291,144.53188,331.91,0.56,0.43,2025-03-14,0338,N20,nominal,2.0NRT,295.68,7.41,D
-30.4805,150.94838,331,0.39,0.36,2025-03-14,0336,N20,nominal,2.0NRT,301.51,2.53,D
-20.34028,144.52081,336.58,0.56,0.43,2025-03-14,0338,N20,nominal,2.0NRT,302.71,14.61,D
-20.34098,144.51529,355.96,0.56,0.43,2025-03-14,0338,N20,nominal,2.0NRT,304.12,14.61,D
-20.33633,144.52029,367,0.56,0.43,2025-03-14,0338,N20,high,2.0NRT,303.5,14.61,D
-20.33569,144.52545,333.38,0.56,0.43,2025-03-14,0338,N20,nominal,2.0NRT,299.77,11.65,D
-20.33702,144.5148,336.35,0.56,0.43,2025-03-14,0338,N20,nominal,2.0NRT,299.04,14.61,D
-20.73878,139.47937,339.58,0.39,0.59,2025-03-14,0338,N20,nominal,2.0NRT,298.96,1.9,D
-20.73328,139.47878,338.88,0.39,0.59,2025-03-14,0338,N20,nominal,2.0NRT,300.77,1.9,D
-20.17325,143.10551,330.18,0.45,0.47,2025-03-14,0338,N20,low,2.0NRT,302.81,3.43,D
-20.33761,136.89984,367,0.57,0.69,2025-03-14,0338,N20,high,2.0NRT,294.7,13.7,D
-20.33805,136.89435,367,0.57,0.69,2025-03-14,0338,N20,high,2.0NRT,293.9,14.49,D
-20.33717,136.9053,354.31,0.57,0.69,2025-03-14,0338,N20,nominal,2.0NRT,294.69,13.7,D
-20.33208,136.88824,367,0.57,0.69,2025-03-14,0338,N20,high,2.0NRT,296.34,45.79,D
-20.33164,136.89372,343,0.57,0.69,2025-03-14,0338,N20,nominal,2.0NRT,294.59,45.79,D
-20.33578,136.90192,367,0.57,0.69,2025-03-14,0338,N20,high,2.0NRT,295.51,12.73,D
-20.33626,136.89644,367,0.57,0.69,2025-03-14,0338,N20,high,2.0NRT,295.4,17.32,D
-20.33674,136.89096,367,0.57,0.69,2025-03-14,0338,N20,high,2.0NRT,293.92,17.32,D
-20.33531,136.90738,341.95,0.57,0.69,2025-03-14,0338,N20,nominal,2.0NRT,293.81,12.73,D
-20.33033,136.89037,367,0.57,0.69,2025-03-14,0340,N20,high,2.0NRT,291.87,38.3,D
-20.32889,136.90683,339.62,0.57,0.69,2025-03-14,0340,N20,nominal,2.0NRT,293.7,4.84,D
-20.33081,136.88489,347.91,0.57,0.69,2025-03-14,0340,N20,nominal,2.0NRT,294.37,73.13,D
-20.31156,136.883,334.98,0.57,0.69,2025-03-14,0340,N20,nominal,2.0NRT,286.25,2.78,D
-20.03748,139.63057,367,0.38,0.58,2025-03-14,0340,N20,high,2.0NRT,300.99,12.47,D
-20.03712,139.63414,345.92,0.37,0.58,2025-03-14,0340,N20,nominal,2.0NRT,299.48,12.47,D
-20.03785,139.62686,353.67,0.38,0.58,2025-03-14,0340,N20,nominal,2.0NRT,298.81,14.92,D
-20.03246,139.62617,367,0.38,0.58,2025-03-14,0340,N20,high,2.0NRT,298.75,14.92,D
-20.03102,139.64049,342.13,0.37,0.58,2025-03-14,0340,N20,nominal,2.0NRT,295.53,7.05,D
-20.03209,139.62981,338.64,0.38,0.58,2025-03-14,0340,N20,nominal,2.0NRT,296.94,12.47,D
-20.01953,139.64626,340.74,0.37,0.58,2025-03-14,0340,N20,nominal,2.0NRT,298.05,3.18,D
-20.01988,139.64275,338.65,0.37,0.58,2025-03-14,0340,N20,nominal,2.0NRT,298.9,3.18,D
-20.01415,139.64555,367,0.37,0.58,2025-03-14,0340,N20,high,2.0NRT,301.02,7.89,D
-20.0145,139.64201,333.65,0.37,0.58,2025-03-14,0340,N20,nominal,2.0NRT,301.15,7.89,D
-20.00912,139.6413,367,0.37,0.58,2025-03-14,0340,N20,high,2.0NRT,302.13,7.89,D
-20.00947,139.63766,341.08,0.37,0.58,2025-03-14,0340,N20,nominal,2.0NRT,301.69,10.53,D
-20.00373,139.64053,333.66,0.37,0.58,2025-03-14,0340,N20,nominal,2.0NRT,298.87,10.65,D
-20.0041,139.63683,354.89,0.37,0.58,2025-03-14,0340,N20,nominal,2.0NRT,303.37,20.56,D
-19.41907,138.57834,339.83,0.43,0.62,2025-03-14,0340,N20,nominal,2.0NRT,299.48,4.61,D
-19.41945,138.57422,334,0.43,0.62,2025-03-14,0340,N20,nominal,2.0NRT,299.93,4.61,D
-19.43484,138.63934,339.99,0.43,0.62,2025-03-14,0340,N20,nominal,2.0NRT,297.9,4.31,D
-19.42342,138.57983,337.37,0.43,0.62,2025-03-14,0340,N20,nominal,2.0NRT,298.19,5.61,D
-19.41689,138.58737,337,0.43,0.62,2025-03-14,0340,N20,nominal,2.0NRT,296.09,7.39,D
-19.4181,138.57509,337.02,0.43,0.62,2025-03-14,0340,N20,nominal,2.0NRT,300.51,5.61,D
-19.40461,138.5945,367,0.43,0.62,2025-03-14,0340,N20,high,2.0NRT,297.67,12.08,D
-19.4042,138.59869,347.81,0.43,0.62,2025-03-14,0340,N20,nominal,2.0NRT,295.09,8.45,D
-19.40503,138.59027,353.11,0.43,0.62,2025-03-14,0340,N20,nominal,2.0NRT,298.1,12.08,D
-19.39046,138.6801,348.89,0.43,0.62,2025-03-14,0340,N20,nominal,2.0NRT,299.07,7.53,D
-19.39086,138.67601,337.72,0.43,0.62,2025-03-14,0340,N20,nominal,2.0NRT,300.13,6.2,D
-19.39325,138.65157,335.25,0.43,0.62,2025-03-14,0340,N20,nominal,2.0NRT,298.2,7.62,D
-19.39929,138.58969,337.87,0.43,0.62,2025-03-14,0340,N20,nominal,2.0NRT,298.22,5.45,D
-19.40171,138.56488,333.18,0.43,0.62,2025-03-14,0340,N20,nominal,2.0NRT,292.28,4.33,D
-19.38557,138.6713,333.6,0.43,0.62,2025-03-14,0340,N20,nominal,2.0NRT,298.58,6.2,D
-19.38596,138.66725,353.83,0.43,0.62,2025-03-14,0340,N20,nominal,2.0NRT,299.73,6.98,D
-19.38636,138.66319,330.57,0.43,0.62,2025-03-14,0340,N20,nominal,2.0NRT,299.18,6.98,D
-19.38224,138.64619,367,0.43,0.62,2025-03-14,0340,N20,high,2.0NRT,301.06,11.92,D
-19.38105,138.65854,331.33,0.43,0.62,2025-03-14,0340,N20,nominal,2.0NRT,298.66,3.47,D
-19.38144,138.65443,334.12,0.43,0.62,2025-03-14,0340,N20,nominal,2.0NRT,298.92,3.47,D
-19.38184,138.65034,350.48,0.43,0.62,2025-03-14,0340,N20,nominal,2.0NRT,300.07,11.92,D
-19.38265,138.64207,337.94,0.43,0.62,2025-03-14,0340,N20,nominal,2.0NRT,299.72,9.28,D
-19.38704,138.59671,334.39,0.43,0.62,2025-03-14,0340,N20,nominal,2.0NRT,296.56,8.95,D
-19.38132,138.59608,367,0.43,0.62,2025-03-14,0340,N20,high,2.0NRT,297.74,8.95,D
-19.37733,138.63741,343.63,0.43,0.62,2025-03-14,0340,N20,nominal,2.0NRT,299.19,9.28,D
-19.37773,138.63326,343.61,0.43,0.62,2025-03-14,0340,N20,nominal,2.0NRT,299.26,9.53,D
-19.37241,138.62859,334.5,0.43,0.62,2025-03-14,0340,N20,nominal,2.0NRT,298,5.99,D
-19.37281,138.62445,334.68,0.43,0.62,2025-03-14,0340,N20,nominal,2.0NRT,298.49,11.9,D
-19.37401,138.61195,349.52,0.43,0.62,2025-03-14,0340,N20,nominal,2.0NRT,294.41,16.48,D
-19.37441,138.60782,354.59,0.43,0.62,2025-03-14,0340,N20,nominal,2.0NRT,296.88,25.66,D
-19.37481,138.60367,343.89,0.43,0.62,2025-03-14,0340,N20,nominal,2.0NRT,301.32,25.66,D
-19.3752,138.59952,339.62,0.43,0.62,2025-03-14,0340,N20,nominal,2.0NRT,296.84,12.06,D
-19.36749,138.61975,367,0.43,0.62,2025-03-14,0340,N20,high,2.0NRT,297.47,11.9,D
-19.36789,138.61557,367,0.43,0.62,2025-03-14,0340,N20,high,2.0NRT,300.05,16.48,D
-19.36829,138.61139,344.51,0.43,0.62,2025-03-14,0340,N20,nominal,2.0NRT,298.2,16.48,D
-19.36869,138.60719,334.15,0.43,0.62,2025-03-14,0340,N20,nominal,2.0NRT,293.73,25.66,D
-19.36909,138.60303,343.76,0.43,0.62,2025-03-14,0340,N20,nominal,2.0NRT,288.93,25.66,D
-19.36949,138.59888,340.18,0.43,0.62,2025-03-14,0340,N20,nominal,2.0NRT,291.32,12.06,D
-18.72669,136.77762,349.68,0.56,0.69,2025-03-14,0340,N20,nominal,2.0NRT,295.3,9.86,D
-18.72717,136.77228,339.05,0.56,0.69,2025-03-14,0340,N20,nominal,2.0NRT,295.77,9.86,D
-18.72032,136.77718,339.85,0.56,0.69,2025-03-14,0340,N20,nominal,2.0NRT,294.29,9.86,D
-18.7208,136.77188,355.65,0.56,0.69,2025-03-14,0340,N20,nominal,2.0NRT,295.52,9.86,D
-18.05468,137.61118,334.16,0.48,0.65,2025-03-14,0340,N20,nominal,2.0NRT,297.12,18.12,D
-18.05511,137.60658,350.11,0.48,0.65,2025-03-14,0340,N20,nominal,2.0NRT,298.95,18.12,D
-18.05554,137.60197,354.21,0.48,0.65,2025-03-14,0340,N20,nominal,2.0NRT,306.11,55.5,D
-18.05597,137.59732,345.98,0.49,0.65,2025-03-14,0340,N20,nominal,2.0NRT,299.23,55.5,D
-18.04827,137.61501,335.05,0.48,0.65,2025-03-14,0340,N20,nominal,2.0NRT,297.28,5.45,D
-18.0487,137.61038,339.34,0.48,0.65,2025-03-14,0340,N20,nominal,2.0NRT,298.83,4.63,D
-18.04271,137.60966,338.27,0.48,0.65,2025-03-14,0340,N20,nominal,2.0NRT,289.41,4.63,D
-18.04443,137.59109,332.72,0.49,0.65,2025-03-14,0340,N20,nominal,2.0NRT,297.97,32.21,D
-18.04485,137.58653,355.77,0.49,0.65,2025-03-14,0340,N20,nominal,2.0NRT,303.84,32.21,D
-18.04527,137.58203,344.43,0.49,0.65,2025-03-14,0340,N20,nominal,2.0NRT,299.53,31.35,D
-18.0461,137.573,342.75,0.49,0.65,2025-03-14,0340,N20,nominal,2.0NRT,297.53,4.49,D
-18.02986,137.61772,367,0.48,0.65,2025-03-14,0340,N20,high,2.0NRT,293.23,12.44,D
-18.03028,137.61313,351.77,0.48,0.65,2025-03-14,0340,N20,nominal,2.0NRT,293.77,12.44,D
-18.0586,137.60881,332.61,0.48,0.65,2025-03-14,0340,N20,nominal,2.0NRT,297.42,9.63,D
-18.05906,137.60419,344.53,0.48,0.65,2025-03-14,0340,N20,nominal,2.0NRT,298.72,15.14,D
-18.05953,137.59958,353.84,0.48,0.65,2025-03-14,0340,N20,nominal,2.0NRT,301.02,15.14,D
-18.05307,137.60353,367,0.48,0.65,2025-03-14,0340,N20,high,2.0NRT,299.62,46.29,D
-18.05353,137.59891,336.49,0.48,0.65,2025-03-14,0340,N20,nominal,2.0NRT,302.66,46.29,D
-18.04848,137.58887,367,0.49,0.65,2025-03-14,0340,N20,high,2.0NRT,296.96,47.66,D
-18.04617,137.61194,355.27,0.48,0.65,2025-03-14,0340,N20,nominal,2.0NRT,295.08,20.4,D
-18.04893,137.58432,336.85,0.49,0.65,2025-03-14,0340,N20,nominal,2.0NRT,300.94,39.61,D
-18.04292,137.58369,367,0.49,0.65,2025-03-14,0340,N20,high,2.0NRT,300.07,16.98,D
-18.04247,137.58823,341.55,0.49,0.65,2025-03-14,0340,N20,nominal,2.0NRT,299.54,9.31,D
-18.04383,137.57466,338.51,0.49,0.65,2025-03-14,0340,N20,nominal,2.0NRT,298.22,4.07,D
-18.04427,137.57013,331.26,0.49,0.65,2025-03-14,0340,N20,nominal,2.0NRT,298.62,4.07,D
-18.02773,137.61472,367,0.48,0.65,2025-03-14,0340,N20,high,2.0NRT,295.28,19.85,D
-18.02492,137.5817,332.6,0.49,0.65,2025-03-14,0340,N20,nominal,2.0NRT,297.83,7.38,D
-18.00604,137.58878,332.45,0.48,0.65,2025-03-14,0340,N20,nominal,2.0NRT,297.34,54.82,D
-18.00005,137.58807,367,0.48,0.65,2025-03-14,0340,N20,high,2.0NRT,297.91,54.82,D
-18.00096,137.5787,367,0.49,0.65,2025-03-14,0340,N20,high,2.0NRT,297.74,35.01,D
-17.99871,137.60188,332.1,0.48,0.65,2025-03-14,0340,N20,nominal,2.0NRT,297.02,11.15,D
-17.9996,137.59273,345.42,0.48,0.65,2025-03-14,0340,N20,nominal,2.0NRT,298.1,15.5,D
-11.62477,153.56612,333.43,0.46,0.47,2025-03-14,0340,N20,nominal,2.0NRT,292.33,3.58,D
-11.6231,153.56569,331.71,0.46,0.47,2025-03-14,0340,N20,nominal,2.0NRT,291.75,4.09,D
-41.92053,147.4615,367,0.59,0.7,2025-03-14,0512,N20,high,2.0NRT,295.06,23.09,D
-41.92273,147.45479,336.53,0.59,0.7,2025-03-14,0512,N20,nominal,2.0NRT,294.27,15.29,D
-41.92196,147.45998,367,0.59,0.7,2025-03-14,0512,N20,high,2.0NRT,296.66,27.09,D
-41.18144,146.1257,332.5,0.54,0.68,2025-03-14,0514,N20,nominal,2.0NRT,293.16,8.9,D
-41.1854,146.12457,352,0.54,0.68,2025-03-14,0514,N20,nominal,2.0NRT,294.07,8.05,D
-37.92726,143.29535,367,0.49,0.65,2025-03-14,0514,N20,high,2.0NRT,296.77,13.97,D
-37.92153,143.29257,367,0.49,0.65,2025-03-14,0514,N20,high,2.0NRT,297.37,13.97,D
-38.08224,141.9028,330.59,0.41,0.61,2025-03-14,0514,N20,nominal,2.0NRT,290.04,4.53,D
-38.08348,141.89825,331.8,0.41,0.61,2025-03-14,0514,N20,nominal,2.0NRT,289.39,4.53,D
-38.07809,141.89584,337.86,0.41,0.61,2025-03-14,0514,N20,nominal,2.0NRT,290.49,4.53,D
-38.07934,141.89133,340.05,0.41,0.61,2025-03-14,0514,N20,nominal,2.0NRT,290.94,7.07,D
-38.08058,141.88683,339.78,0.41,0.61,2025-03-14,0514,N20,nominal,2.0NRT,292.91,7.07,D
-38.08181,141.88232,336.77,0.41,0.61,2025-03-14,0514,N20,nominal,2.0NRT,292.74,6.48,D
-38.07394,141.88893,336.98,0.41,0.61,2025-03-14,0514,N20,nominal,2.0NRT,291.21,6.57,D
-38.07518,141.88446,350.82,0.41,0.61,2025-03-14,0514,N20,nominal,2.0NRT,293.69,6.57,D
-38.07641,141.87997,341.25,0.41,0.61,2025-03-14,0514,N20,nominal,2.0NRT,293.15,9.94,D
-38.06605,141.89561,332.15,0.41,0.61,2025-03-14,0514,N20,nominal,2.0NRT,290.19,8.22,D
-38.06729,141.8911,347.95,0.41,0.61,2025-03-14,0514,N20,nominal,2.0NRT,292.22,8.22,D
-38.06853,141.8866,336.59,0.41,0.61,2025-03-14,0514,N20,nominal,2.0NRT,291.95,6.57,D
-38.05814,141.90231,338.17,0.41,0.61,2025-03-14,0514,N20,nominal,2.0NRT,289.29,8.82,D
-38.06062,141.89331,334.63,0.41,0.61,2025-03-14,0514,N20,nominal,2.0NRT,290.62,6.97,D
-38.05397,141.89551,344.64,0.41,0.61,2025-03-14,0514,N20,nominal,2.0NRT,290.05,8.82,D
-38.05521,141.89099,342.25,0.41,0.61,2025-03-14,0514,N20,nominal,2.0NRT,291.08,6.97,D
-38.04573,141.869,338.9,0.41,0.61,2025-03-14,0514,N20,nominal,2.0NRT,287.81,5.63,D
-38.01257,141.04552,333.37,0.37,0.58,2025-03-14,0514,N20,nominal,2.0NRT,289.68,2.72,D
-37.38228,140.56392,339.2,0.37,0.58,2025-03-14,0514,N20,nominal,2.0NRT,292.95,3.83,D
-36.6887,141.82864,367,0.44,0.63,2025-03-14,0514,N20,high,2.0NRT,309.51,6.4,D
-36.68734,141.8335,341.34,0.44,0.63,2025-03-14,0514,N20,nominal,2.0NRT,307.15,6.4,D
-36.69004,141.82385,343.45,0.44,0.62,2025-03-14,0514,N20,nominal,2.0NRT,309.38,6.08,D
-36.68948,141.82631,367,0.44,0.63,2025-03-14,0514,N20,high,2.0NRT,310.6,11.15,D
-36.68815,141.83115,350.47,0.44,0.63,2025-03-14,0514,N20,nominal,2.0NRT,309.23,9.74,D
-36.68257,141.82878,367,0.44,0.63,2025-03-14,0514,N20,high,2.0NRT,308.63,22.54,D
-36.6839,141.82394,352.96,0.44,0.63,2025-03-14,0514,N20,nominal,2.0NRT,315.21,22.78,D
-35.37861,145.06758,345.27,0.7,0.75,2025-03-14,0514,N20,nominal,2.0NRT,308.41,5.7,D
-35.47713,144.25995,367,0.63,0.72,2025-03-14,0514,N20,high,2.0NRT,314.02,31.59,D
-33.00908,137.60262,343.73,0.32,0.55,2025-03-14,0516,N20,nominal,2.0NRT,310.3,6.48,D
-33.00246,137.58539,338.19,0.32,0.55,2025-03-14,0516,N20,low,2.0NRT,312.05,2.87,D
-31.38446,135.26988,355.78,0.52,0.5,2025-03-14,0516,N20,nominal,2.0NRT,312.44,55.06,D
-31.38567,135.26445,344.72,0.52,0.5,2025-03-14,0516,N20,nominal,2.0NRT,316.76,55.06,D
-31.38688,135.25902,337.06,0.52,0.5,2025-03-14,0516,N20,nominal,2.0NRT,307.44,23.55,D
-31.38112,135.26309,367,0.52,0.5,2025-03-14,0516,N20,high,2.0NRT,339.06,146.11,D
-31.37869,135.27397,338.84,0.52,0.5,2025-03-14,0516,N20,low,2.0NRT,309.76,16.54,D
-31.37991,135.26852,348.85,0.52,0.5,2025-03-14,0516,N20,nominal,2.0NRT,322.83,146.11,D
-31.38234,135.25764,338.76,0.52,0.5,2025-03-14,0516,N20,nominal,2.0NRT,311.05,47.28,D
-32.14672,118.50541,331.51,0.56,0.51,2025-03-14,0516,N20,nominal,2.0NRT,298.51,5.5,D
-32.14709,118.50423,331.65,0.56,0.51,2025-03-14,0516,N20,nominal,2.0NRT,298.35,6.91,D
-29.63822,116.21057,346.46,0.36,0.57,2025-03-14,0518,N20,nominal,2.0NRT,305.25,5.2,D
-29.63852,116.20678,352.71,0.36,0.57,2025-03-14,0518,N20,nominal,2.0NRT,306.48,4.51,D
-29.63881,116.20293,336.51,0.36,0.57,2025-03-14,0518,N20,nominal,2.0NRT,306.09,4.51,D
-28.88336,115.62791,337.76,0.38,0.59,2025-03-14,0518,N20,low,2.0NRT,309.67,2.79,D
-28.88258,115.62941,337.19,0.38,0.59,2025-03-14,0518,N20,low,2.0NRT,309.41,3.56,D
-24.98778,138.6718,332.03,0.57,0.69,2025-03-14,0518,N20,nominal,2.0NRT,296.85,6.03,D
-24.97862,138.68129,367,0.57,0.69,2025-03-14,0518,N20,high,2.0NRT,299.31,14.22,D
-24.98005,138.67561,367,0.57,0.69,2025-03-14,0518,N20,high,2.0NRT,301.28,14.22,D
-24.97088,138.6851,344.21,0.57,0.69,2025-03-14,0518,N20,nominal,2.0NRT,299.78,14.67,D
-24.97232,138.67944,347.53,0.57,0.69,2025-03-14,0518,N20,nominal,2.0NRT,302.66,14.22,D
-24.97747,138.63237,367,0.57,0.69,2025-03-14,0518,N20,high,2.0NRT,297.52,9.91,D
-24.96546,138.65311,335.72,0.57,0.69,2025-03-14,0518,N20,nominal,2.0NRT,298.54,6.61,D
-24.9669,138.64743,338.45,0.57,0.69,2025-03-14,0518,N20,nominal,2.0NRT,300.41,6.61,D
-24.96833,138.6418,336.48,0.57,0.69,2025-03-14,0518,N20,nominal,2.0NRT,297.67,17.44,D
-24.96204,138.63995,332.1,0.57,0.69,2025-03-14,0518,N20,nominal,2.0NRT,295.87,3.9,D
-24.17794,139.75471,333.05,0.69,0.74,2025-03-14,0518,N20,nominal,2.0NRT,297.72,6.42,D
-24.17295,139.74588,346.5,0.69,0.74,2025-03-14,0518,N20,nominal,2.0NRT,297.82,12.09,D
-24.16619,139.74385,367,0.69,0.74,2025-03-14,0518,N20,high,2.0NRT,299.62,12.09,D
-24.15943,139.74185,345.66,0.69,0.74,2025-03-14,0518,N20,nominal,2.0NRT,300.5,6.82,D
-24.12243,139.7162,352.11,0.69,0.74,2025-03-14,0518,N20,nominal,2.0NRT,299.76,8.97,D
-24.11745,139.70743,333.62,0.69,0.74,2025-03-14,0518,N20,nominal,2.0NRT,301.67,8.97,D
-24.12317,139.71384,350.63,0.69,0.74,2025-03-14,0518,N20,nominal,2.0NRT,300.15,13.77,D
-24.17307,128.71735,354.21,0.47,0.4,2025-03-14,0518,N20,nominal,2.0NRT,316.1,74.22,D
-22.39611,132.34486,347.17,0.54,0.51,2025-03-14,0521,N20,nominal,2.0NRT,308.31,11.88,D
-22.39717,132.33966,344.88,0.54,0.51,2025-03-14,0521,N20,nominal,2.0NRT,308.22,18.19,D
-22.39149,132.34375,344.01,0.54,0.51,2025-03-14,0521,N20,nominal,2.0NRT,309.34,11.88,D
-22.38689,132.34261,337.12,0.54,0.51,2025-03-14,0521,N20,nominal,2.0NRT,306.01,11.27,D
-23.51538,121.58275,340.54,0.46,0.39,2025-03-14,0521,N20,nominal,2.0NRT,302.29,5.1,D
-23.47776,121.50372,349.55,0.46,0.39,2025-03-14,0521,N20,nominal,2.0NRT,307.68,30.39,D
-23.47678,121.50513,349.46,0.46,0.39,2025-03-14,0521,N20,nominal,2.0NRT,305.55,13.59,D
-23.47738,121.50063,342.15,0.46,0.39,2025-03-14,0521,N20,nominal,2.0NRT,307.09,12.03,D
-23.47197,121.51357,343.13,0.46,0.39,2025-03-14,0521,N20,nominal,2.0NRT,308.42,15.29,D
-23.47257,121.50905,348.3,0.46,0.39,2025-03-14,0521,N20,nominal,2.0NRT,309.04,13.59,D
-23.47377,121.50005,342.51,0.46,0.39,2025-03-14,0521,N20,nominal,2.0NRT,307.06,12.03,D
-23.46896,121.50851,348.04,0.46,0.39,2025-03-14,0521,N20,nominal,2.0NRT,306.63,17.95,D
-23.47016,121.49949,343.98,0.46,0.39,2025-03-14,0521,N20,nominal,2.0NRT,307.67,12.92,D
-20.34009,136.90823,334.12,0.57,0.69,2025-03-14,0521,N20,nominal,2.0NRT,295.73,5.86,D
-20.33379,136.90663,338.24,0.57,0.69,2025-03-14,0521,N20,nominal,2.0NRT,294.92,5.86,D
-20.33639,136.89569,343.86,0.57,0.69,2025-03-14,0521,N20,nominal,2.0NRT,297.83,14.39,D
-20.33769,136.89024,331.9,0.57,0.69,2025-03-14,0521,N20,nominal,2.0NRT,297.93,4.53,D
-20.32748,136.90503,336.95,0.57,0.69,2025-03-14,0521,N20,nominal,2.0NRT,296.72,15.98,D
-20.33008,136.89413,341.37,0.57,0.69,2025-03-14,0521,N20,nominal,2.0NRT,298.81,13.89,D
-20.33268,136.88322,335.63,0.57,0.69,2025-03-14,0521,N20,nominal,2.0NRT,299.59,16.54,D
-20.33398,136.87778,340.96,0.57,0.69,2025-03-14,0521,N20,nominal,2.0NRT,300.26,5.47,D
-20.33527,136.87236,333.4,0.57,0.69,2025-03-14,0521,N20,nominal,2.0NRT,298.51,5.47,D
-20.32117,136.90346,367,0.57,0.69,2025-03-14,0521,N20,high,2.0NRT,297.55,15.98,D
-20.32248,136.89799,343.6,0.57,0.69,2025-03-14,0521,N20,nominal,2.0NRT,297.88,13.89,D
-20.32897,136.87079,335.32,0.57,0.69,2025-03-14,0521,N20,nominal,2.0NRT,298.64,5.47,D
-20.33807,136.90868,342.17,0.57,0.69,2025-03-14,0521,N20,nominal,2.0NRT,294.47,5.74,D
-20.33177,136.90704,334.25,0.57,0.69,2025-03-14,0521,N20,nominal,2.0NRT,295.15,5.74,D
-20.3343,136.8961,344.6,0.57,0.69,2025-03-14,0521,N20,nominal,2.0NRT,297.94,17.94,D
-20.33557,136.89062,335.7,0.57,0.69,2025-03-14,0521,N20,nominal,2.0NRT,297.92,9.91,D
-20.32546,136.90544,356.15,0.57,0.69,2025-03-14,0521,N20,nominal,2.0NRT,296.83,16.68,D
-20.3318,136.87808,335.67,0.57,0.69,2025-03-14,0521,N20,nominal,2.0NRT,300.66,15.3,D
-20.33307,136.87265,340.15,0.57,0.69,2025-03-14,0521,N20,nominal,2.0NRT,299.52,15.3,D
-20.31915,136.90385,367,0.57,0.69,2025-03-14,0521,N20,high,2.0NRT,295.89,16.68,D
-20.32677,136.87106,367,0.57,0.69,2025-03-14,0521,N20,high,2.0NRT,297.4,15.3,D
-20.32043,136.89838,355.7,0.57,0.69,2025-03-14,0521,N20,nominal,2.0NRT,299.33,51.52,D
-20.32803,136.86563,345.32,0.57,0.69,2025-03-14,0521,N20,nominal,2.0NRT,299.02,38.65,D
-20.31412,136.8968,367,0.57,0.69,2025-03-14,0521,N20,high,2.0NRT,297.04,46.33,D
-20.31539,136.89133,349.95,0.57,0.69,2025-03-14,0521,N20,nominal,2.0NRT,301.2,46.33,D
-20.31665,136.88589,338.99,0.57,0.69,2025-03-14,0521,N20,nominal,2.0NRT,299.1,27.48,D
-20.32172,136.86407,356.49,0.57,0.69,2025-03-14,0521,N20,low,2.0NRT,287.98,42.48,D
-20.31034,136.88437,367,0.57,0.69,2025-03-14,0521,N20,high,2.0NRT,297.89,27.48,D
-20.31161,136.87891,349.7,0.57,0.69,2025-03-14,0521,N20,nominal,2.0NRT,299.22,27.48,D
-20.30529,136.87738,338.66,0.57,0.69,2025-03-14,0521,N20,nominal,2.0NRT,294.91,6.2,D
-21.04142,131.55321,367,0.51,0.49,2025-03-14,0521,N20,high,2.0NRT,303.42,17.03,D
-21.04238,131.54831,354.51,0.51,0.49,2025-03-14,0521,N20,nominal,2.0NRT,304.32,14.35,D
-21.04333,131.54343,341.62,0.51,0.49,2025-03-14,0521,N20,nominal,2.0NRT,302.56,14.35,D
-21.03594,131.55707,367,0.51,0.49,2025-03-14,0521,N20,high,2.0NRT,304.84,12.52,D
-21.03882,131.54242,354.92,0.51,0.49,2025-03-14,0521,N20,nominal,2.0NRT,302.32,13.85,D
-21.03045,131.56094,344.95,0.51,0.49,2025-03-14,0521,N20,nominal,2.0NRT,305.85,7.02,D
-21.03238,131.55118,344.15,0.51,0.49,2025-03-14,0521,N20,nominal,2.0NRT,306.01,12.52,D
-21.03335,131.54628,352.75,0.51,0.49,2025-03-14,0521,N20,nominal,2.0NRT,306.1,13.85,D
-21.03431,131.54141,343.42,0.51,0.49,2025-03-14,0521,N20,nominal,2.0NRT,294.57,13.85,D
-21.0269,131.55504,352.81,0.51,0.49,2025-03-14,0521,N20,nominal,2.0NRT,307.88,7.75,D
-21.02787,131.55016,347.35,0.51,0.49,2025-03-14,0521,N20,nominal,2.0NRT,303.96,7.75,D
-21.02141,131.55894,345.16,0.51,0.49,2025-03-14,0521,N20,nominal,2.0NRT,304.83,12.51,D
-21.02238,131.55403,340.65,0.51,0.49,2025-03-14,0521,N20,nominal,2.0NRT,306.62,7.75,D
-19.42613,138.58868,336.4,0.75,0.77,2025-03-14,0521,N20,nominal,2.0NRT,290.39,4.98,D
-19.42793,138.58131,351.25,0.75,0.77,2025-03-14,0521,N20,nominal,2.0NRT,288.22,7.93,D
-19.42974,138.57394,343.55,0.75,0.77,2025-03-14,0521,N20,nominal,2.0NRT,292.3,7.93,D
-19.42273,138.57219,367,0.75,0.77,2025-03-14,0521,N20,high,2.0NRT,296.67,59.65,D
-19.42092,138.57951,330.17,0.75,0.77,2025-03-14,0521,N20,nominal,2.0NRT,295.01,59.65,D
-19.4245,138.56496,349.7,0.75,0.77,2025-03-14,0521,N20,nominal,2.0NRT,296.02,45.48,D
-19.41745,138.56334,367,0.75,0.77,2025-03-14,0521,N20,high,2.0NRT,294.75,45.48,D
-19.38881,138.6794,335.61,0.77,0.77,2025-03-14,0521,N20,nominal,2.0NRT,291.61,8.92,D
-19.41207,138.58517,341.05,0.75,0.77,2025-03-14,0521,N20,nominal,2.0NRT,293.65,17.26,D
-19.41923,138.55612,351.65,0.75,0.77,2025-03-14,0521,N20,nominal,2.0NRT,292.95,45.48,D
-19.41221,138.55438,367,0.75,0.77,2025-03-14,0521,N20,high,2.0NRT,294.75,18.78,D
-19.40328,138.59055,332.86,0.76,0.77,2025-03-14,0521,N20,nominal,2.0NRT,291.43,9.95,D
-19.40503,138.58347,331.71,0.75,0.77,2025-03-14,0521,N20,nominal,2.0NRT,292.9,9.95,D
-19.40683,138.57619,346.43,0.75,0.77,2025-03-14,0521,N20,nominal,2.0NRT,295.11,25.42,D
-19.41041,138.56169,346.59,0.75,0.77,2025-03-14,0521,N20,nominal,2.0NRT,294.74,18.78,D
-19.414,138.54713,336.63,0.75,0.77,2025-03-14,0521,N20,nominal,2.0NRT,292.51,25.03,D
-19.38016,138.65376,336.9,0.76,0.77,2025-03-14,0521,N20,nominal,2.0NRT,290.87,6.55,D
-19.4034,138.55989,339.7,0.75,0.77,2025-03-14,0521,N20,nominal,2.0NRT,293.19,18.78,D
-19.37492,138.6447,367,0.76,0.77,2025-03-14,0521,N20,high,2.0NRT,291.87,21.43,D
-19.37671,138.63748,367,0.76,0.77,2025-03-14,0521,N20,high,2.0NRT,293.1,21.43,D
-19.37148,138.6284,367,0.76,0.77,2025-03-14,0521,N20,high,2.0NRT,291.92,39.11,D
-19.36969,138.63564,330.06,0.76,0.77,2025-03-14,0521,N20,nominal,2.0NRT,291.01,21.43,D
-19.3768,138.60699,331,0.76,0.77,2025-03-14,0521,N20,nominal,2.0NRT,292.15,9.2,D
-19.36624,138.61938,367,0.76,0.77,2025-03-14,0521,N20,high,2.0NRT,291.57,16.26,D
-19.368,138.61232,336.5,0.76,0.77,2025-03-14,0521,N20,nominal,2.0NRT,291.65,11.18,D
-19.42487,138.57832,367,0.75,0.77,2025-03-14,0521,N20,high,2.0NRT,294.65,27.26,D
-19.4231,138.58569,343.41,0.76,0.77,2025-03-14,0521,N20,nominal,2.0NRT,293.94,27.26,D
-19.42663,138.57095,353.05,0.75,0.77,2025-03-14,0521,N20,nominal,2.0NRT,297.16,46.8,D
-19.42836,138.56372,344.74,0.75,0.77,2025-03-14,0521,N20,nominal,2.0NRT,292.6,46.8,D
-19.41959,138.56926,354.79,0.75,0.77,2025-03-14,0521,N20,nominal,2.0NRT,294.26,38.7,D
-19.42133,138.56201,352.93,0.75,0.77,2025-03-14,0521,N20,nominal,2.0NRT,294.89,38.7,D
-19.41428,138.56038,367,0.75,0.77,2025-03-14,0521,N20,high,2.0NRT,294.81,38.7,D
-19.41603,138.55307,367,0.75,0.77,2025-03-14,0521,N20,high,2.0NRT,295.57,76.54,D
-19.38632,138.67668,330.43,0.77,0.77,2025-03-14,0521,N20,nominal,2.0NRT,291.39,8.79,D
-19.40904,138.5822,343.51,0.76,0.77,2025-03-14,0521,N20,nominal,2.0NRT,293.15,22.61,D
-19.4003,138.58757,340.94,0.76,0.77,2025-03-14,0521,N20,nominal,2.0NRT,292.49,10.95,D
-19.40377,138.57312,340.75,0.75,0.77,2025-03-14,0521,N20,nominal,2.0NRT,294.23,17.3,D
-19.40727,138.55859,351.58,0.75,0.77,2025-03-14,0521,N20,nominal,2.0NRT,294.28,19.04,D
-19.37932,138.6436,367,0.76,0.77,2025-03-14,0521,N20,high,2.0NRT,291.34,13.1,D
-19.37756,138.65091,340.99,0.76,0.77,2025-03-14,0521,N20,nominal,2.0NRT,291.27,13.1,D
-19.37404,138.63449,367,0.76,0.77,2025-03-14,0521,N20,high,2.0NRT,292.56,21.81,D
-19.37578,138.62733,350.93,0.76,0.77,2025-03-14,0521,N20,nominal,2.0NRT,291.94,21.81,D
-19.37051,138.61821,367,0.76,0.77,2025-03-14,0521,N20,high,2.0NRT,291.93,27.63,D
-19.36877,138.6254,339.17,0.76,0.77,2025-03-14,0521,N20,nominal,2.0NRT,290.56,21.81,D
-22.26509,118.26208,342.92,0.44,0.46,2025-03-14,0521,N20,nominal,2.0NRT,302.57,12.59,D
-22.25882,118.27953,334.83,0.44,0.46,2025-03-14,0521,N20,nominal,2.0NRT,302.48,5.88,D
-22.2593,118.27512,342.4,0.44,0.46,2025-03-14,0521,N20,nominal,2.0NRT,304,4.68,D
-22.26081,118.26144,356.65,0.44,0.46,2025-03-14,0521,N20,nominal,2.0NRT,304.59,12.59,D
-22.26042,118.27703,331.7,0.44,0.46,2025-03-14,0521,N20,nominal,2.0NRT,302.81,5.58,D
-22.26202,118.26348,341.93,0.44,0.46,2025-03-14,0521,N20,nominal,2.0NRT,305.3,17.58,D
-22.26255,118.25896,336.19,0.44,0.46,2025-03-14,0521,N20,nominal,2.0NRT,302.31,12.74,D
-22.25613,118.27661,353.74,0.44,0.46,2025-03-14,0521,N20,nominal,2.0NRT,304.11,5.58,D
-22.2076,118.20718,342.83,0.44,0.46,2025-03-14,0521,N20,nominal,2.0NRT,303.37,18.8,D
-22.20232,118.21534,340.31,0.44,0.46,2025-03-14,0521,N20,nominal,2.0NRT,304.22,12.51,D
-22.2028,118.21107,351.97,0.44,0.46,2025-03-14,0521,N20,nominal,2.0NRT,306.28,12.51,D
-22.20331,118.20652,342.84,0.44,0.46,2025-03-14,0521,N20,nominal,2.0NRT,310.91,18.8,D
-22.19758,118.2187,345.19,0.44,0.46,2025-03-14,0521,N20,nominal,2.0NRT,307.49,13.38,D
-22.19853,118.21026,343.29,0.44,0.46,2025-03-14,0521,N20,nominal,2.0NRT,307.09,8.06,D
-22.19903,118.20581,355.75,0.44,0.46,2025-03-14,0521,N20,nominal,2.0NRT,307.33,18.83,D
-22.19426,118.20951,341.04,0.44,0.46,2025-03-14,0521,N20,nominal,2.0NRT,306.67,8.06,D
-22.19475,118.20514,355.18,0.44,0.46,2025-03-14,0521,N20,nominal,2.0NRT,310.35,18.83,D
-22.18806,118.22588,351.28,0.44,0.46,2025-03-14,0521,N20,nominal,2.0NRT,308.23,12.92,D
-22.18998,118.20882,355.82,0.44,0.46,2025-03-14,0521,N20,nominal,2.0NRT,305.76,8.99,D
-22.19047,118.2045,336.88,0.44,0.46,2025-03-14,0521,N20,nominal,2.0NRT,302.08,4.76,D
-22.18521,118.21246,367,0.44,0.46,2025-03-14,0521,N20,high,2.0NRT,307.41,8.99,D
-22.18377,118.22529,345.61,0.44,0.46,2025-03-14,0521,N20,nominal,2.0NRT,305.43,12.92,D
-22.18425,118.22102,350.89,0.44,0.46,2025-03-14,0521,N20,nominal,2.0NRT,306.35,12.35,D
-22.18473,118.21674,356.21,0.44,0.46,2025-03-14,0521,N20,nominal,2.0NRT,307.79,12.35,D
-22.1857,118.20817,340.34,0.44,0.46,2025-03-14,0521,N20,nominal,2.0NRT,305.93,8.99,D
-21.2674,124.23451,332.73,0.38,0.36,2025-03-14,0521,N20,nominal,2.0NRT,271.64,3.22,D
-21.26188,124.22597,334.42,0.38,0.36,2025-03-14,0521,N20,nominal,2.0NRT,272.17,4.76,D
-21.26244,124.22226,331.79,0.38,0.36,2025-03-14,0521,N20,nominal,2.0NRT,271.22,9.69,D
-21.25912,124.22169,351.98,0.38,0.36,2025-03-14,0521,N20,nominal,2.0NRT,275.08,9.69,D
-21.25968,124.21799,335.45,0.38,0.36,2025-03-14,0521,N20,nominal,2.0NRT,273.16,9.69,D
-21.25629,124.22068,349.07,0.38,0.36,2025-03-14,0521,N20,nominal,2.0NRT,271.69,9.49,D
-21.25685,124.21697,344.1,0.38,0.36,2025-03-14,0521,N20,nominal,2.0NRT,270.57,9.49,D
-21.25241,124.22381,332.78,0.38,0.36,2025-03-14,0521,N20,nominal,2.0NRT,271.67,4.88,D
-21.25297,124.2201,350.48,0.38,0.36,2025-03-14,0521,N20,nominal,2.0NRT,271.56,9.49,D
-21.24965,124.21953,349.74,0.38,0.36,2025-03-14,0521,N20,nominal,2.0NRT,272.03,14.31,D
-21.24577,124.22266,345.71,0.38,0.36,2025-03-14,0521,N20,nominal,2.0NRT,272.89,10.24,D
-21.24633,124.21896,350.26,0.38,0.36,2025-03-14,0521,N20,nominal,2.0NRT,274,14.31,D
-18.72668,136.77959,338.52,0.6,0.71,2025-03-14,0521,N20,nominal,2.0NRT,297.51,5.39,D
-18.72802,136.77391,346.1,0.6,0.71,2025-03-14,0521,N20,nominal,2.0NRT,298.23,6.71,D
-18.72935,136.76823,339.59,0.6,0.71,2025-03-14,0521,N20,nominal,2.0NRT,297.24,6.71,D
-18.72026,136.77788,334.25,0.6,0.71,2025-03-14,0521,N20,nominal,2.0NRT,296.61,5.39,D
-18.72161,136.77213,336.1,0.6,0.71,2025-03-14,0521,N20,nominal,2.0NRT,297.08,6.71,D
-18.72294,136.76646,346.5,0.6,0.71,2025-03-14,0521,N20,nominal,2.0NRT,297.12,6.71,D
-18.72831,136.7764,339.98,0.6,0.71,2025-03-14,0521,N20,nominal,2.0NRT,298.16,6.96,D
-18.7296,136.77071,350.6,0.6,0.71,2025-03-14,0521,N20,nominal,2.0NRT,298.09,6.96,D
-18.72189,136.77463,336.28,0.6,0.71,2025-03-14,0521,N20,nominal,2.0NRT,297.5,6.96,D
-18.7232,136.76891,341.55,0.6,0.71,2025-03-14,0521,N20,nominal,2.0NRT,297.18,6.96,D
-18.72449,136.76328,337.99,0.6,0.71,2025-03-14,0521,N20,nominal,2.0NRT,296.62,12.15,D
-18.71678,136.76715,345.35,0.6,0.71,2025-03-14,0521,N20,nominal,2.0NRT,296.15,10.91,D
-18.71807,136.76152,343.69,0.6,0.71,2025-03-14,0521,N20,nominal,2.0NRT,295.43,8.24,D
-19.68245,131.98756,344.6,0.58,0.52,2025-03-14,0521,N20,nominal,2.0NRT,298.65,8.19,D
-19.67769,131.98651,339.94,0.58,0.52,2025-03-14,0521,N20,nominal,2.0NRT,300.18,8.19,D
-19.6788,131.98106,345.91,0.57,0.52,2025-03-14,0521,N20,nominal,2.0NRT,302.94,8.19,D
-19.67404,131.98,341.36,0.57,0.52,2025-03-14,0521,N20,nominal,2.0NRT,301.77,14.93,D
-19.67515,131.97455,350.35,0.57,0.52,2025-03-14,0521,N20,nominal,2.0NRT,304.1,14.06,D
-19.67151,131.96803,346.77,0.57,0.52,2025-03-14,0521,N20,nominal,2.0NRT,302.04,14.06,D
-19.68332,131.98567,340.59,0.58,0.52,2025-03-14,0521,N20,nominal,2.0NRT,301.57,8.41,D
-19.67855,131.9846,349.4,0.58,0.52,2025-03-14,0521,N20,nominal,2.0NRT,301.38,8.41,D
-19.67487,131.97807,353.99,0.58,0.52,2025-03-14,0521,N20,nominal,2.0NRT,302.96,7.9,D
-19.67594,131.97261,342.23,0.57,0.52,2025-03-14,0521,N20,nominal,2.0NRT,304.83,7.9,D
-19.67118,131.97154,340.64,0.57,0.52,2025-03-14,0521,N20,nominal,2.0NRT,301.52,7.9,D
-19.67226,131.96608,344.37,0.57,0.52,2025-03-14,0521,N20,nominal,2.0NRT,303.28,19.8,D
-19.59277,131.81912,333.72,0.56,0.52,2025-03-14,0521,N20,nominal,2.0NRT,296.01,4.32,D
-19.58805,131.8181,343.84,0.56,0.52,2025-03-14,0521,N20,nominal,2.0NRT,297.59,8.8,D
-19.59879,131.81181,338.83,0.56,0.52,2025-03-14,0521,N20,nominal,2.0NRT,294.89,8.67,D
-19.58723,131.82047,341.54,0.56,0.52,2025-03-14,0521,N20,nominal,2.0NRT,296.91,6.75,D
-18.03695,137.61623,345.49,0.7,0.75,2025-03-14,0521,N20,nominal,2.0NRT,293.1,8.18,D
-18.03008,137.61469,338.45,0.7,0.75,2025-03-14,0521,N20,nominal,2.0NRT,292.13,9.7,D
-18.00817,137.64587,332.46,0.71,0.75,2025-03-14,0521,N20,nominal,2.0NRT,294.73,9.97,D
-18.003,137.63712,345.76,0.71,0.75,2025-03-14,0521,N20,nominal,2.0NRT,295.08,13.87,D
-17.99765,137.6291,339.94,0.71,0.75,2025-03-14,0521,N20,nominal,2.0NRT,291.61,9.39,D
-18.03742,137.61578,345.98,0.7,0.75,2025-03-14,0521,N20,nominal,2.0NRT,293.73,8.79,D
-18.03056,137.61418,339.21,0.7,0.75,2025-03-14,0521,N20,nominal,2.0NRT,292.33,8.79,D
-18.0089,137.64532,334.65,0.71,0.75,2025-03-14,0521,N20,nominal,2.0NRT,294.98,13.46,D
-18.00369,137.63647,337.91,0.71,0.75,2025-03-14,0521,N20,nominal,2.0NRT,294.8,15.35,D
-19.53737,130.1214,367,0.44,0.46,2025-03-14,0521,N20,high,2.0NRT,298.33,13.67,D
-19.53497,130.13408,343.35,0.44,0.46,2025-03-14,0521,N20,nominal,2.0NRT,297.88,5.36,D
-19.53577,130.12985,340.81,0.44,0.46,2025-03-14,0521,N20,nominal,2.0NRT,298.91,5.44,D
-19.53657,130.12564,344.81,0.44,0.46,2025-03-14,0521,N20,nominal,2.0NRT,299.08,5.44,D
-19.5275,130.15009,335.58,0.44,0.46,2025-03-14,0521,N20,nominal,2.0NRT,298.15,7.78,D
-19.5283,130.14587,349.78,0.44,0.46,2025-03-14,0521,N20,nominal,2.0NRT,302.27,18.34,D
-19.52911,130.14165,350.83,0.44,0.46,2025-03-14,0521,N20,nominal,2.0NRT,300.66,18.34,D
-19.52991,130.13741,349.59,0.44,0.46,2025-03-14,0521,N20,nominal,2.0NRT,300.61,13.53,D
-19.53392,130.11632,353.69,0.44,0.46,2025-03-14,0521,N20,nominal,2.0NRT,298.61,11.95,D
-19.52243,130.15343,349.42,0.45,0.47,2025-03-14,0521,N20,nominal,2.0NRT,299.22,7.78,D
-19.52324,130.1492,352.17,0.44,0.46,2025-03-14,0521,N20,nominal,2.0NRT,302.14,7.78,D
-19.52405,130.14496,355.39,0.44,0.46,2025-03-14,0521,N20,nominal,2.0NRT,302.86,18.34,D
-19.52485,130.14075,336.19,0.44,0.46,2025-03-14,0521,N20,nominal,2.0NRT,302.7,18.34,D
-19.53128,130.10699,347.42,0.44,0.46,2025-03-14,0521,N20,nominal,2.0NRT,297.15,13.34,D
-19.51737,130.15677,349.79,0.45,0.47,2025-03-14,0521,N20,nominal,2.0NRT,300.07,7.53,D
-19.5123,130.16008,345.57,0.45,0.47,2025-03-14,0521,N20,nominal,2.0NRT,300.28,7.53,D
-19.50723,130.16342,341.9,0.45,0.47,2025-03-14,0521,N20,nominal,2.0NRT,300.31,4.44,D
-19.50297,130.16252,342.41,0.45,0.47,2025-03-14,0521,N20,nominal,2.0NRT,301.16,4.44,D
-19.50115,130.14891,350.45,0.45,0.47,2025-03-14,0521,N20,nominal,2.0NRT,301.73,8.57,D
-19.50196,130.14468,345.25,0.44,0.46,2025-03-14,0521,N20,nominal,2.0NRT,301.99,8.57,D
-19.50277,130.14046,352,0.44,0.46,2025-03-14,0521,N20,nominal,2.0NRT,303.44,9.74,D
-19.49282,130.16917,343.82,0.45,0.47,2025-03-14,0521,N20,nominal,2.0NRT,301.48,10.19,D
-19.49608,130.15221,346.2,0.45,0.47,2025-03-14,0521,N20,nominal,2.0NRT,301.8,10.85,D
-19.49852,130.13956,353.82,0.44,0.46,2025-03-14,0521,N20,nominal,2.0NRT,301.92,9.74,D
-19.48773,130.17253,343.37,0.45,0.47,2025-03-14,0521,N20,nominal,2.0NRT,301.12,13.56,D
-19.49345,130.14287,340.67,0.44,0.46,2025-03-14,0521,N20,nominal,2.0NRT,300.74,5.83,D
-19.49001,130.13774,367,0.44,0.46,2025-03-14,0521,N20,high,2.0NRT,300.51,14.73,D
-19.48675,130.15462,340.46,0.45,0.47,2025-03-14,0521,N20,nominal,2.0NRT,301.73,10.13,D
-19.48839,130.14615,352.98,0.45,0.47,2025-03-14,0521,N20,nominal,2.0NRT,301.25,5.83,D
-19.4892,130.14195,348.2,0.44,0.46,2025-03-14,0521,N20,nominal,2.0NRT,300.76,5.83,D
-19.49082,130.13351,354.53,0.44,0.46,2025-03-14,0521,N20,nominal,2.0NRT,301.04,14.73,D
-19.49164,130.1293,348.03,0.44,0.46,2025-03-14,0521,N20,nominal,2.0NRT,302.05,16.12,D
-19.48413,130.14525,352.45,0.45,0.47,2025-03-14,0521,N20,nominal,2.0NRT,300.43,15.25,D
-19.48494,130.14105,352.78,0.44,0.46,2025-03-14,0521,N20,nominal,2.0NRT,302.18,15.25,D
-19.48576,130.13684,351.97,0.44,0.46,2025-03-14,0521,N20,nominal,2.0NRT,303.83,16.98,D
-19.48232,130.13173,367,0.44,0.46,2025-03-14,0521,N20,high,2.0NRT,303.56,16.98,D
-19.4815,130.13594,352.89,0.44,0.46,2025-03-14,0521,N20,nominal,2.0NRT,301.96,16.98,D
-19.48313,130.1275,349.58,0.44,0.46,2025-03-14,0521,N20,nominal,2.0NRT,303.44,9.14,D
-19.48537,130.17245,340.74,0.45,0.47,2025-03-14,0521,N20,nominal,2.0NRT,301.02,7.79,D
-19.48854,130.15538,344.33,0.45,0.47,2025-03-14,0521,N20,nominal,2.0NRT,302.6,7.21,D
-19.49011,130.1469,350.34,0.45,0.47,2025-03-14,0521,N20,nominal,2.0NRT,301.76,8.78,D
-19.49089,130.14267,346.08,0.45,0.47,2025-03-14,0521,N20,nominal,2.0NRT,301.25,8.78,D
-19.49168,130.13846,351.85,0.45,0.47,2025-03-14,0521,N20,nominal,2.0NRT,301.11,15.51,D
-19.49246,130.13423,347.95,0.44,0.46,2025-03-14,0521,N20,nominal,2.0NRT,300.21,15.51,D
-19.49325,130.12997,348.73,0.44,0.46,2025-03-14,0521,N20,nominal,2.0NRT,302.13,16.29,D
-19.48664,130.14175,367,0.45,0.47,2025-03-14,0521,N20,high,2.0NRT,300.64,8.78,D
-19.48742,130.13754,352.29,0.45,0.47,2025-03-14,0521,N20,nominal,2.0NRT,303.43,15.51,D
-19.4882,130.13332,352.95,0.44,0.46,2025-03-14,0521,N20,nominal,2.0NRT,301.82,15.51,D
-19.48159,130.1451,347.18,0.45,0.47,2025-03-14,0521,N20,nominal,2.0NRT,302.43,6.6,D
-19.48474,130.12817,346.14,0.44,0.46,2025-03-14,0521,N20,nominal,2.0NRT,303.44,4.42,D
-19.47733,130.1442,367,0.45,0.47,2025-03-14,0521,N20,high,2.0NRT,303.96,6.6,D
-19.47654,130.14845,343.32,0.45,0.47,2025-03-14,0521,N20,nominal,2.0NRT,301.39,8.25,D
-19.47812,130.13995,343.89,0.45,0.47,2025-03-14,0521,N20,nominal,2.0NRT,302.22,6.6,D
-19.47891,130.13571,353.54,0.45,0.47,2025-03-14,0521,N20,nominal,2.0NRT,301.74,10.06,D
-19.4797,130.1315,355.7,0.44,0.46,2025-03-14,0521,N20,nominal,2.0NRT,302.22,10.06,D
-19.48048,130.12727,342.83,0.44,0.46,2025-03-14,0521,N20,nominal,2.0NRT,302,4.42,D
-19.51039,129.73274,342.24,0.42,0.45,2025-03-14,0521,N20,nominal,2.0NRT,300.74,8.69,D
-19.50624,129.73187,342.15,0.42,0.45,2025-03-14,0521,N20,nominal,2.0NRT,299.76,8.8,D
-19.50698,129.72791,341.4,0.42,0.45,2025-03-14,0521,N20,nominal,2.0NRT,303.49,8.8,D
-19.50283,129.72704,367,0.42,0.45,2025-03-14,0521,N20,high,2.0NRT,301.18,8.8,D
-19.50358,129.72305,367,0.42,0.45,2025-03-14,0521,N20,high,2.0NRT,304.34,12.89,D
-19.50432,129.71907,367,0.42,0.45,2025-03-14,0521,N20,high,2.0NRT,304.02,12.89,D
-19.88935,124.91891,335,0.39,0.36,2025-03-14,0521,N20,nominal,2.0NRT,282.58,2.02,D
-19.88777,124.90715,337.81,0.39,0.36,2025-03-14,0521,N20,nominal,2.0NRT,279.48,4.95,D
-19.88836,124.90343,352.95,0.39,0.36,2025-03-14,0521,N20,nominal,2.0NRT,280.61,4.95,D
-20.86506,117.07152,333.76,0.5,0.49,2025-03-14,0521,N20,nominal,2.0NRT,292.84,1.75,D
-18.37461,132.6989,355.05,0.34,0.56,2025-03-14,0521,N20,nominal,2.0NRT,300.14,9.23,D
-18.37526,132.69569,349.4,0.34,0.56,2025-03-14,0521,N20,nominal,2.0NRT,301.88,9.92,D
-18.83316,130.38608,344.14,0.47,0.48,2025-03-14,0521,N20,nominal,2.0NRT,303.35,7.89,D
-18.36883,132.70097,331.01,0.34,0.56,2025-03-14,0521,N20,nominal,2.0NRT,298.47,3.3,D
-18.36949,132.69777,344.23,0.34,0.56,2025-03-14,0521,N20,nominal,2.0NRT,301.05,3.3,D
-18.82791,130.38972,342.67,0.47,0.48,2025-03-14,0521,N20,nominal,2.0NRT,302.11,5.24,D
-18.36371,132.69986,353.64,0.34,0.56,2025-03-14,0521,N20,nominal,2.0NRT,300.57,3.3,D
-18.36437,132.69666,335.55,0.34,0.56,2025-03-14,0521,N20,nominal,2.0NRT,299.57,3.3,D
-18.82352,130.38887,345.8,0.47,0.48,2025-03-14,0521,N20,nominal,2.0NRT,304.03,5.24,D
-18.36713,132.65735,367,0.34,0.56,2025-03-14,0521,N20,high,2.0NRT,298.96,7.15,D
-18.36516,132.66689,336.01,0.34,0.56,2025-03-14,0521,N20,nominal,2.0NRT,289.09,2.2,D
-18.36582,132.66373,342.87,0.34,0.56,2025-03-14,0521,N20,nominal,2.0NRT,291.52,2.2,D
-18.36647,132.66054,343.01,0.34,0.56,2025-03-14,0521,N20,nominal,2.0NRT,293.24,7.15,D
-18.81827,130.39247,343.53,0.47,0.48,2025-03-14,0521,N20,nominal,2.0NRT,302.13,5.06,D
-18.81913,130.388,333.11,0.47,0.48,2025-03-14,0521,N20,nominal,2.0NRT,302.77,5.06,D
-18.81389,130.39159,337.1,0.47,0.48,2025-03-14,0521,N20,nominal,2.0NRT,301.58,5.06,D
-18.81382,130.36832,337.19,0.47,0.48,2025-03-14,0521,N20,nominal,2.0NRT,302.54,8.54,D
-18.80512,130.38982,337.32,0.47,0.48,2025-03-14,0521,N20,nominal,2.0NRT,303.16,6.84,D
-18.81115,130.35857,339.66,0.47,0.48,2025-03-14,0521,N20,nominal,2.0NRT,298.74,10.27,D
-18.80073,130.38895,336.1,0.47,0.48,2025-03-14,0521,N20,nominal,2.0NRT,301.76,9.15,D
-18.80505,130.36662,340.62,0.47,0.48,2025-03-14,0521,N20,nominal,2.0NRT,302.1,10.81,D
-18.81024,130.33978,341.79,0.47,0.48,2025-03-14,0521,N20,nominal,2.0NRT,304.51,17.49,D
-18.8111,130.33533,353.1,0.47,0.48,2025-03-14,0521,N20,nominal,2.0NRT,304.34,35.81,D
-18.81195,130.33092,345.04,0.47,0.48,2025-03-14,0521,N20,nominal,2.0NRT,303.79,35.81,D
-18.80415,130.34776,355.2,0.47,0.48,2025-03-14,0521,N20,nominal,2.0NRT,305.53,31.33,D
-18.80502,130.34329,350.88,0.47,0.48,2025-03-14,0521,N20,nominal,2.0NRT,306.65,17.49,D
-18.80588,130.33881,335.51,0.47,0.48,2025-03-14,0521,N20,nominal,2.0NRT,302.13,17.49,D
-17.84613,134.46552,330.15,0.45,0.63,2025-03-14,0521,N20,nominal,2.0NRT,296.87,4.76,D
-17.84705,134.46127,349.6,0.45,0.63,2025-03-14,0521,N20,nominal,2.0NRT,298.86,4.76,D
-17.84222,134.45575,333.62,0.45,0.63,2025-03-14,0521,N20,nominal,2.0NRT,300.08,2.77,D
-17.84684,134.4623,354.44,0.45,0.63,2025-03-14,0521,N20,nominal,2.0NRT,298.49,7.81,D
-17.84198,134.45676,340.28,0.45,0.63,2025-03-14,0521,N20,nominal,2.0NRT,299.44,2.94,D
-20.6163,116.76677,332.72,0.52,0.5,2025-03-14,0521,N20,nominal,2.0NRT,290.9,3.37,D
-17.68074,134.6485,337.44,0.47,0.64,2025-03-14,0521,N20,nominal,2.0NRT,294.78,6.5,D
-18.38148,127.49224,343.4,0.49,0.4,2025-03-14,0521,N20,nominal,2.0NRT,294.98,15.02,D
-18.38229,127.48759,340.44,0.49,0.4,2025-03-14,0521,N20,nominal,2.0NRT,297.52,13.64,D
-18.37939,127.48223,341.19,0.49,0.4,2025-03-14,0521,N20,nominal,2.0NRT,295.43,6.04,D
-16.88797,132.06404,367,0.33,0.55,2025-03-14,0521,N20,high,2.0NRT,299.9,5.35,D
-16.88858,132.06094,333.45,0.33,0.55,2025-03-14,0521,N20,nominal,2.0NRT,298.83,5.35,D
-16.84305,132.05151,367,0.33,0.55,2025-03-14,0521,N20,high,2.0NRT,295.73,7.31,D
-16.02992,132.44405,367,0.36,0.57,2025-03-14,0521,N20,high,2.0NRT,294.68,12.77,D
-16.02924,132.44743,349.01,0.36,0.57,2025-03-14,0521,N20,nominal,2.0NRT,292.72,9.11,D
-16.00699,132.42183,330.74,0.36,0.57,2025-03-14,0521,N20,nominal,2.0NRT,296.62,2.88,D
-15.49966,132.97523,337.9,0.4,0.6,2025-03-14,0521,N20,nominal,2.0NRT,295.92,3.39,D
-15.72879,131.06805,330.45,0.6,0.53,2025-03-14,0523,N20,nominal,2.0NRT,295.08,4.72,D
-15.72283,131.07274,337.61,0.6,0.53,2025-03-14,0523,N20,nominal,2.0NRT,294.62,4.81,D
-16.40505,127.30037,333.1,0.51,0.41,2025-03-14,0523,N20,nominal,2.0NRT,297.85,8.74,D
-16.40127,127.29966,367,0.51,0.41,2025-03-14,0523,N20,high,2.0NRT,298.25,8.74,D
-16.40045,127.30434,338.99,0.51,0.41,2025-03-14,0523,N20,nominal,2.0NRT,300.44,8.74,D
-16.40444,127.30643,331.06,0.51,0.41,2025-03-14,0523,N20,nominal,2.0NRT,300.27,8.7,D
-16.40145,127.30108,351.92,0.51,0.41,2025-03-14,0523,N20,nominal,2.0NRT,299.13,8.7,D
-16.40225,127.29636,339.15,0.51,0.41,2025-03-14,0523,N20,nominal,2.0NRT,297.73,7.9,D
-15.72069,131.06857,341.53,0.6,0.53,2025-03-14,0523,N20,nominal,2.0NRT,296.29,8.78,D
-16.39688,127.305,338.71,0.51,0.41,2025-03-14,0523,N20,nominal,2.0NRT,299.42,5.04,D
-16.39767,127.30035,343.42,0.51,0.41,2025-03-14,0523,N20,nominal,2.0NRT,297.95,5.04,D
-16.31729,127.47048,332.6,0.52,0.42,2025-03-14,0523,N20,nominal,2.0NRT,297.78,7.1,D
-16.31433,127.46485,340.77,0.52,0.42,2025-03-14,0523,N20,nominal,2.0NRT,298.85,6.02,D
-16.25221,127.30977,332.98,0.52,0.41,2025-03-14,0523,N20,nominal,2.0NRT,299.6,8.28,D
-16.24999,127.29993,338.23,0.52,0.41,2025-03-14,0523,N20,nominal,2.0NRT,302.66,4.45,D
-16.25081,127.29522,339.82,0.51,0.41,2025-03-14,0523,N20,nominal,2.0NRT,304.5,4.45,D
-16.25163,127.29045,343.65,0.51,0.41,2025-03-14,0523,N20,nominal,2.0NRT,304.78,8.3,D
-16.22618,127.36944,344.18,0.52,0.42,2025-03-14,0523,N20,nominal,2.0NRT,298.69,13.83,D
-16.22702,127.36462,342.48,0.52,0.41,2025-03-14,0523,N20,nominal,2.0NRT,302.24,38.79,D
-16.22236,127.36878,348.2,0.52,0.42,2025-03-14,0523,N20,nominal,2.0NRT,297.16,6.75,D
-16.2177,127.37297,345.34,0.52,0.42,2025-03-14,0523,N20,nominal,2.0NRT,297.9,6.75,D
-16.21855,127.36813,335.46,0.52,0.42,2025-03-14,0523,N20,nominal,2.0NRT,297.27,6.75,D
-16.21388,127.37231,343.21,0.52,0.42,2025-03-14,0523,N20,nominal,2.0NRT,298.12,4.09,D
-16.21473,127.36749,331.35,0.52,0.42,2025-03-14,0523,N20,nominal,2.0NRT,296.48,4.09,D
-16.21007,127.37165,335.82,0.52,0.42,2025-03-14,0523,N20,nominal,2.0NRT,296.39,4.09,D
-15.9972,128.19238,330.33,0.39,0.44,2025-03-14,0523,N20,nominal,2.0NRT,294.59,2.66,D
-15.9925,128.1955,337.07,0.39,0.44,2025-03-14,0523,N20,nominal,2.0NRT,298.16,1.69,D
-15.98847,128.19485,330.21,0.39,0.44,2025-03-14,0523,N20,nominal,2.0NRT,298.52,1.69,D
-15.96286,128.12949,352.98,0.39,0.44,2025-03-14,0523,N20,nominal,2.0NRT,295.4,4.07,D
-15.96402,128.10005,334.81,0.38,0.43,2025-03-14,0523,N20,nominal,2.0NRT,299.35,3.97,D
-15.95547,128.12463,334.52,0.39,0.44,2025-03-14,0523,N20,nominal,2.0NRT,297.64,4.68,D
-15.96002,128.0993,353.13,0.38,0.43,2025-03-14,0523,N20,nominal,2.0NRT,301.69,18.91,D
-15.95142,128.12415,347.95,0.39,0.44,2025-03-14,0523,N20,nominal,2.0NRT,298.72,4.68,D
-15.93466,128.12538,339.41,0.39,0.44,2025-03-14,0523,N20,nominal,2.0NRT,296.42,4.74,D
-16.02822,127.53062,331.63,0.53,0.42,2025-03-14,0523,N20,nominal,2.0NRT,299.68,8.21,D
-16.02434,127.53008,334.48,0.53,0.42,2025-03-14,0523,N20,nominal,2.0NRT,298.25,5.3,D
-15.90713,127.9706,337.82,0.57,0.43,2025-03-14,0523,N20,nominal,2.0NRT,301.36,6.98,D
-15.90805,127.96539,339.53,0.57,0.43,2025-03-14,0523,N20,nominal,2.0NRT,301.91,6.98,D
-15.90123,127.9808,350.64,0.57,0.43,2025-03-14,0523,N20,nominal,2.0NRT,300.27,10.89,D
-15.90497,127.95966,337.84,0.57,0.43,2025-03-14,0523,N20,nominal,2.0NRT,299.37,4.28,D
-15.8189,127.20871,336.26,0.52,0.41,2025-03-14,0523,N20,nominal,2.0NRT,294.18,5.61,D
-15.8197,127.20408,331.19,0.52,0.41,2025-03-14,0523,N20,nominal,2.0NRT,294.2,5.61,D
-15.74689,127.04028,331.12,0.51,0.41,2025-03-14,0523,N20,nominal,2.0NRT,296.82,7.64,D
-15.74768,127.03568,343.83,0.51,0.41,2025-03-14,0523,N20,nominal,2.0NRT,296.84,7.64,D
-15.74312,127.03959,335.51,0.51,0.41,2025-03-14,0523,N20,nominal,2.0NRT,297.04,4.38,D
-15.74392,127.03497,334.59,0.51,0.41,2025-03-14,0523,N20,nominal,2.0NRT,294.65,4.38,D
-15.72944,127.05139,333.35,0.51,0.41,2025-03-14,0523,N20,nominal,2.0NRT,297.75,7.9,D
-15.66685,127.34359,347.48,0.53,0.42,2025-03-14,0523,N20,nominal,2.0NRT,297.14,15.24,D
-15.65782,127.37251,335.94,0.53,0.42,2025-03-14,0523,N20,nominal,2.0NRT,297.47,5.65,D
-15.6531,127.37679,336.7,0.53,0.42,2025-03-14,0523,N20,nominal,2.0NRT,298.02,7.71,D
-32.14775,118.51128,336.77,0.75,0.77,2025-03-14,0659,N20,nominal,2.0NRT,297.51,9.56,D
-32.14398,118.51058,337.04,0.75,0.77,2025-03-14,0659,N20,nominal,2.0NRT,297.37,8.87,D
-29.63328,116.20967,356.45,0.65,0.73,2025-03-14,0659,N20,low,2.0NRT,302.09,26.04,D
-29.62477,116.21429,344.79,0.65,0.73,2025-03-14,0659,N20,nominal,2.0NRT,298.1,34.25,D
-29.62668,116.20751,352.29,0.65,0.73,2025-03-14,0659,N20,nominal,2.0NRT,301.49,26.04,D
-29.63665,116.21558,335.85,0.65,0.73,2025-03-14,0659,N20,nominal,2.0NRT,298.62,14.16,D
-29.63847,116.20896,348.6,0.65,0.73,2025-03-14,0659,N20,nominal,2.0NRT,299.87,14.16,D
-29.6319,116.20667,349.82,0.65,0.73,2025-03-14,0659,N20,nominal,2.0NRT,301.64,14.16,D
-29.63006,116.21337,356.16,0.65,0.73,2025-03-14,0659,N20,low,2.0NRT,298.49,14.16,D
-29.62345,116.21123,346.15,0.65,0.73,2025-03-14,0659,N20,nominal,2.0NRT,298.09,10.37,D
-28.87777,115.62248,341.28,0.63,0.72,2025-03-14,0659,N20,nominal,2.0NRT,303.88,10.66,D
-28.88079,115.62395,336.02,0.63,0.72,2025-03-14,0659,N20,nominal,2.0NRT,304.09,8.15,D
-28.88252,115.61761,337.59,0.63,0.72,2025-03-14,0659,N20,nominal,2.0NRT,302.82,6.51,D
-37.20151,174.72473,321.18,0.39,0.36,2025-03-14,1314,N20,nominal,2.0NRT,288.13,1.45,N
-37.20484,174.72386,309.66,0.39,0.36,2025-03-14,1314,N20,nominal,2.0NRT,288.63,1.45,N
-37.23564,174.86681,302.72,0.39,0.36,2025-03-14,1314,N20,nominal,2.0NRT,283.67,0.49,N
-42.80217,172.59181,303.74,0.39,0.36,2025-03-14,1314,N20,nominal,2.0NRT,281.7,0.42,N
-20.34391,144.52946,299.38,0.41,0.61,2025-03-14,1450,N20,nominal,2.0NRT,286.89,0.9,N
-20.35028,144.53195,301.38,0.41,0.61,2025-03-14,1450,N20,nominal,2.0NRT,287.55,1.33,N
-20.35429,144.49693,321.25,0.41,0.61,2025-03-14,1450,N20,nominal,2.0NRT,288.19,2.04,N
-20.35339,144.49278,302.7,0.42,0.61,2025-03-14,1450,N20,nominal,2.0NRT,288.09,1.26,N
-20.35518,144.50099,317.55,0.41,0.61,2025-03-14,1450,N20,nominal,2.0NRT,287.95,2.04,N
-20.35606,144.50502,310.1,0.41,0.61,2025-03-14,1450,N20,nominal,2.0NRT,288.32,1.56,N
-20.37378,144.47913,304.38,0.42,0.61,2025-03-14,1450,N20,nominal,2.0NRT,288.28,1.25,N
-20.37469,144.48334,302.85,0.42,0.61,2025-03-14,1450,N20,nominal,2.0NRT,288.12,1.33,N
-20.35251,144.49721,319.59,0.41,0.61,2025-03-14,1450,N20,nominal,2.0NRT,287.67,2.28,N
-20.35343,144.50127,317.12,0.41,0.61,2025-03-14,1450,N20,nominal,2.0NRT,287.68,2.28,N
-20.35433,144.50529,310.74,0.41,0.61,2025-03-14,1450,N20,nominal,2.0NRT,287.83,1.85,N
-20.37195,144.47963,306.72,0.42,0.61,2025-03-14,1450,N20,nominal,2.0NRT,288.18,1.38,N
-20.37289,144.48384,304.45,0.41,0.61,2025-03-14,1450,N20,nominal,2.0NRT,288.43,1.42,N
-22.035,146.36177,304.73,0.59,0.52,2025-03-14,1450,N20,nominal,2.0NRT,292.74,2.37,N
-20.74747,140.67239,316.66,0.7,0.75,2025-03-14,1450,N20,nominal,2.0NRT,292.07,1.91,N
-20.74783,140.67371,312.83,0.7,0.75,2025-03-14,1450,N20,nominal,2.0NRT,292.24,3.51,N
-22.68335,147.59268,300.29,0.48,0.48,2025-03-14,1450,N20,nominal,2.0NRT,288.85,0.49,N
-23.16668,150.00357,302.44,0.51,0.41,2025-03-14,1450,N20,nominal,2.0NRT,291.1,0.6,N
-22.89037,147.6927,338.64,0.47,0.48,2025-03-14,1450,N20,nominal,2.0NRT,291.04,6.97,N
-22.8947,147.69164,339.58,0.47,0.48,2025-03-14,1450,N20,nominal,2.0NRT,290.92,6.97,N
-22.89141,147.69595,337.86,0.47,0.47,2025-03-14,1450,N20,nominal,2.0NRT,291.05,4.25,N
-22.89048,147.69147,314.63,0.47,0.47,2025-03-14,1450,N20,nominal,2.0NRT,290.18,3.1,N
-22.89573,147.69492,326.2,0.47,0.47,2025-03-14,1450,N20,nominal,2.0NRT,290.61,4.25,N
-22.89481,147.69041,319.91,0.47,0.47,2025-03-14,1450,N20,nominal,2.0NRT,290.41,3.1,N
-23.75456,151.18825,315.29,0.45,0.39,2025-03-14,1450,N20,nominal,2.0NRT,294.24,2.13,N
-23.76749,151.19913,307.9,0.45,0.39,2025-03-14,1450,N20,nominal,2.0NRT,293.93,0.9,N
-23.77102,151.19833,304.61,0.45,0.39,2025-03-14,1450,N20,nominal,2.0NRT,293.62,1.15,N
-23.77256,151.20714,306.51,0.45,0.39,2025-03-14,1450,N20,nominal,2.0NRT,292.63,1.12,N
-23.82781,151.15218,322.49,0.45,0.39,2025-03-14,1450,N20,nominal,2.0NRT,298.22,3.53,N
-23.86725,151.29231,307.26,0.44,0.38,2025-03-14,1450,N20,nominal,2.0NRT,296.08,1.08,N
-24.20839,151.41225,302.13,0.43,0.38,2025-03-14,1450,N20,nominal,2.0NRT,290.51,0.54,N
-24.10693,150.81879,305.07,0.46,0.39,2025-03-14,1450,N20,nominal,2.0NRT,290.68,0.43,N
-24.11051,150.81804,307.48,0.46,0.39,2025-03-14,1450,N20,nominal,2.0NRT,290.56,0.9,N
-24.22733,150.50496,319.97,0.47,0.4,2025-03-14,1452,N20,nominal,2.0NRT,293.78,2.64,N
-24.40785,151.34674,303.05,0.43,0.38,2025-03-14,1452,N20,nominal,2.0NRT,291.17,0.58,N
-24.41134,151.34599,300.89,0.43,0.38,2025-03-14,1452,N20,nominal,2.0NRT,290.4,0.58,N
-25.15334,151.9745,306.95,0.41,0.37,2025-03-14,1452,N20,nominal,2.0NRT,288.48,0.91,N
-25.15403,151.97852,308.95,0.41,0.37,2025-03-14,1452,N20,nominal,2.0NRT,288.71,1.04,N
-25.60135,152.71606,310.19,0.39,0.36,2025-03-14,1452,N20,nominal,2.0NRT,291.34,1.31,N
-25.60199,152.71996,319.25,0.39,0.36,2025-03-14,1452,N20,nominal,2.0NRT,291.65,1.31,N
-24.75519,147.79347,305.4,0.43,0.46,2025-03-14,1452,N20,nominal,2.0NRT,289.9,0.54,N
-24.75679,147.7795,299.51,0.43,0.46,2025-03-14,1452,N20,nominal,2.0NRT,289.26,1.29,N
-24.75941,147.79285,309.36,0.43,0.46,2025-03-14,1452,N20,nominal,2.0NRT,289.69,1.08,N
-24.76362,147.79214,306.51,0.43,0.46,2025-03-14,1452,N20,nominal,2.0NRT,289.49,1.08,N
-25.33945,148.92555,305.12,0.54,0.42,2025-03-14,1452,N20,nominal,2.0NRT,291.47,1.18,N
-26.26141,152.65247,301.44,0.39,0.36,2025-03-14,1452,N20,nominal,2.0NRT,290.68,0.36,N
-24.14237,139.73537,305.81,0.67,0.74,2025-03-14,1452,N20,nominal,2.0NRT,293.24,2.54,N
-24.15066,139.73979,318.27,0.67,0.73,2025-03-14,1452,N20,nominal,2.0NRT,293.49,3.84,N
-24.15728,139.73766,304.99,0.67,0.73,2025-03-14,1452,N20,nominal,2.0NRT,293.33,2.31,N
-24.15895,139.7442,315.68,0.67,0.73,2025-03-14,1452,N20,nominal,2.0NRT,293.26,2.31,N
-24.16723,139.74864,304.42,0.67,0.73,2025-03-14,1452,N20,nominal,2.0NRT,292.92,2.58,N
-24.14393,139.73506,305.83,0.67,0.73,2025-03-14,1452,N20,nominal,2.0NRT,292.69,1.81,N
-24.15226,139.7395,317.81,0.67,0.73,2025-03-14,1452,N20,nominal,2.0NRT,293.71,3.85,N
-24.16059,139.74394,316.25,0.67,0.73,2025-03-14,1452,N20,nominal,2.0NRT,293.53,4.8,N
-24.16891,139.74837,304.95,0.67,0.73,2025-03-14,1452,N20,nominal,2.0NRT,293.16,1.62,N
-26.45095,149.07043,304.75,0.51,0.41,2025-03-14,1452,N20,nominal,2.0NRT,292.34,1.78,N
-26.45471,149.06956,319.65,0.51,0.41,2025-03-14,1452,N20,nominal,2.0NRT,292.86,1.78,N
-26.45386,149.06885,325.94,0.51,0.41,2025-03-14,1452,N20,nominal,2.0NRT,293.07,3.38,N
-27.00833,151.92426,299.08,0.4,0.37,2025-03-14,1452,N20,nominal,2.0NRT,289.01,0.39,N
-27.42069,153.15707,305.15,0.38,0.36,2025-03-14,1452,N20,nominal,2.0NRT,292.25,0.51,N
-27.68151,152.47144,310.13,0.39,0.36,2025-03-14,1452,N20,nominal,2.0NRT,291.29,1.02,N
-24.94327,138.67197,313.17,0.74,0.76,2025-03-14,1452,N20,nominal,2.0NRT,291.16,1.68,N
-24.95012,138.66965,305.83,0.74,0.76,2025-03-14,1452,N20,nominal,2.0NRT,290.97,1.68,N
-24.97453,138.67728,312.92,0.74,0.76,2025-03-14,1452,N20,nominal,2.0NRT,291.02,2.76,N
-24.94106,138.67401,302.19,0.74,0.76,2025-03-14,1452,N20,nominal,2.0NRT,290.37,1.48,N
-24.94792,138.67174,315.67,0.74,0.76,2025-03-14,1452,N20,nominal,2.0NRT,291.32,2.71,N
-24.97243,138.67944,309.47,0.74,0.76,2025-03-14,1452,N20,nominal,2.0NRT,291.01,2.24,N
-24.97928,138.67714,304.37,0.74,0.76,2025-03-14,1452,N20,nominal,2.0NRT,290.39,1.35,N
-27.86204,151.17451,302.37,0.41,0.37,2025-03-14,1452,N20,nominal,2.0NRT,290.08,0.77,N
-27.5956,149.57712,304.99,0.47,0.4,2025-03-14,1452,N20,nominal,2.0NRT,291.43,0.63,N
-27.96905,151.65907,300.99,0.4,0.37,2025-03-14,1452,N20,nominal,2.0NRT,289.06,0.5,N
-28.12278,151.86522,308.03,0.39,0.36,2025-03-14,1452,N20,nominal,2.0NRT,289.06,0.95,N
-28.12344,151.8692,298.74,0.39,0.36,2025-03-14,1452,N20,nominal,2.0NRT,288.11,0.59,N
-28.50715,150.18692,310.63,0.43,0.38,2025-03-14,1452,N20,nominal,2.0NRT,291,1.25,N
-28.52719,150.17479,309.11,0.43,0.38,2025-03-14,1452,N20,nominal,2.0NRT,291.14,0.71,N
-28.53068,150.174,328.32,0.43,0.38,2025-03-14,1452,N20,nominal,2.0NRT,291.86,2.05,N
-29.11517,152.0432,301.92,0.39,0.36,2025-03-14,1452,N20,nominal,2.0NRT,286.62,0.53,N
-28.67717,148.82013,304.46,0.49,0.4,2025-03-14,1452,N20,nominal,2.0NRT,293.21,0.39,N
-29.53878,152.66972,305.31,0.38,0.36,2025-03-14,1452,N20,nominal,2.0NRT,290.2,0.31,N
-29.48013,151.17181,341.22,0.4,0.37,2025-03-14,1452,N20,nominal,2.0NRT,291.56,4.34,N
-29.47943,151.16771,300.17,0.4,0.37,2025-03-14,1452,N20,nominal,2.0NRT,289.92,0.83,N
-30.50318,151.91785,301.55,0.39,0.36,2025-03-14,1452,N20,nominal,2.0NRT,287.07,0.79,N
-30.5098,151.91638,298.42,0.39,0.36,2025-03-14,1452,N20,nominal,2.0NRT,286.25,0.43,N
-30.48364,150.95132,299.7,0.4,0.37,2025-03-14,1452,N20,nominal,2.0NRT,288.04,0.53,N
-30.54913,151.25989,326.99,0.39,0.36,2025-03-14,1452,N20,nominal,2.0NRT,288.32,5.23,N
-30.5498,151.26399,304.36,0.39,0.36,2025-03-14,1452,N20,nominal,2.0NRT,287.4,5.23,N
-30.55246,151.25916,332.12,0.39,0.36,2025-03-14,1452,N20,nominal,2.0NRT,289.97,5.23,N
-30.55314,151.26324,351.97,0.39,0.36,2025-03-14,1452,N20,nominal,2.0NRT,293.53,5.23,N
-30.55382,151.26732,307.68,0.39,0.36,2025-03-14,1452,N20,nominal,2.0NRT,288.4,1.1,N
-30.55438,151.2608,331.53,0.39,0.36,2025-03-14,1452,N20,nominal,2.0NRT,289.41,5.47,N
-30.55506,151.26486,338.58,0.39,0.36,2025-03-14,1452,N20,nominal,2.0NRT,290.34,5.47,N
-30.55899,151.24702,299.28,0.39,0.36,2025-03-14,1452,N20,nominal,2.0NRT,287.08,0.25,N
-30.24767,149.05026,307.78,0.45,0.39,2025-03-14,1452,N20,nominal,2.0NRT,286.87,0.93,N
-30.24939,149.05969,313.38,0.45,0.39,2025-03-14,1452,N20,nominal,2.0NRT,288.48,1.08,N
-30.25025,149.06438,306.25,0.45,0.39,2025-03-14,1452,N20,nominal,2.0NRT,288.02,1.08,N
-31.56124,148.85977,327.13,0.45,0.39,2025-03-14,1452,N20,nominal,2.0NRT,293.38,2.44,N
-31.56038,148.85509,311.18,0.45,0.39,2025-03-14,1452,N20,nominal,2.0NRT,292.56,2.44,N
-31.38955,146.60663,312.74,0.56,0.43,2025-03-14,1454,N20,nominal,2.0NRT,293.32,1.71,N
-31.39074,146.6125,317.49,0.56,0.43,2025-03-14,1454,N20,nominal,2.0NRT,292.95,1.36,N
-31.39466,146.6114,321.46,0.56,0.43,2025-03-14,1454,N20,nominal,2.0NRT,293.39,1.63,N
-31.39347,146.60555,316.86,0.56,0.43,2025-03-14,1454,N20,nominal,2.0NRT,293.58,3.71,N
-31.39858,146.61032,306.88,0.56,0.43,2025-03-14,1454,N20,nominal,2.0NRT,293.38,1.63,N
-31.59784,145.80672,328.04,0.41,0.45,2025-03-14,1454,N20,nominal,2.0NRT,293.81,2.77,N
-32.17092,146.72876,305.73,0.54,0.42,2025-03-14,1454,N20,nominal,2.0NRT,292.89,0.89,N
-32.17362,146.72205,303.88,0.54,0.42,2025-03-14,1454,N20,nominal,2.0NRT,292.72,0.89,N
-32.17633,146.7153,303.87,0.54,0.42,2025-03-14,1454,N20,nominal,2.0NRT,292.96,0.78,N
-32.17904,146.70856,303.33,0.54,0.42,2025-03-14,1454,N20,nominal,2.0NRT,292.82,0.78,N
-32.18018,146.71423,308.26,0.54,0.42,2025-03-14,1454,N20,nominal,2.0NRT,293.19,0.78,N
-32.52036,147.40422,303.06,0.5,0.41,2025-03-14,1454,N20,nominal,2.0NRT,291.47,0.33,N
-32.7043,145.94458,308.35,0.38,0.44,2025-03-14,1454,N20,nominal,2.0NRT,294.11,1.53,N
-32.70512,145.94858,314.3,0.38,0.44,2025-03-14,1454,N20,nominal,2.0NRT,294.65,1.87,N
-32.70595,145.95256,309.94,0.38,0.43,2025-03-14,1454,N20,nominal,2.0NRT,294.34,1.87,N
-32.70909,145.94745,332.99,0.38,0.44,2025-03-14,1454,N20,nominal,2.0NRT,296.34,1.87,N
-32.70991,145.95146,323.43,0.38,0.43,2025-03-14,1454,N20,nominal,2.0NRT,295.54,1.87,N
-32.70827,145.94345,317.81,0.38,0.44,2025-03-14,1454,N20,nominal,2.0NRT,294.74,1.53,N
-32.71305,145.94633,330.48,0.38,0.44,2025-03-14,1454,N20,nominal,2.0NRT,295.96,3.43,N
-32.71387,145.95033,331.09,0.38,0.43,2025-03-14,1454,N20,nominal,2.0NRT,296.32,3.43,N
-32.71224,145.94237,305.86,0.38,0.44,2025-03-14,1454,N20,nominal,2.0NRT,294.8,1.64,N
-32.71993,145.91843,322.54,0.39,0.44,2025-03-14,1454,N20,nominal,2.0NRT,293.69,2.84,N
-32.72474,145.92142,313.83,0.39,0.44,2025-03-14,1454,N20,nominal,2.0NRT,293.34,0.94,N
-32.72786,145.91614,305.38,0.39,0.44,2025-03-14,1454,N20,nominal,2.0NRT,292.66,0.94,N
-32.73578,145.91382,308.69,0.39,0.44,2025-03-14,1454,N20,nominal,2.0NRT,292.45,0.94,N
-32.73688,145.91441,305.98,0.39,0.44,2025-03-14,1454,N20,nominal,2.0NRT,292.34,0.77,N
-32.75751,145.91269,324.43,0.38,0.44,2025-03-14,1454,N20,nominal,2.0NRT,293.61,2.04,N
-32.76146,145.91147,322.23,0.38,0.44,2025-03-14,1454,N20,nominal,2.0NRT,293.55,2.04,N
-32.76541,145.91028,315.79,0.38,0.44,2025-03-14,1454,N20,nominal,2.0NRT,293.14,1.59,N
-32.7702,145.91315,309.66,0.38,0.44,2025-03-14,1454,N20,nominal,2.0NRT,292.75,1.05,N
-33.76642,150.84996,305.23,0.39,0.36,2025-03-14,1454,N20,nominal,2.0NRT,286.31,0.71,N
-33.63458,148.14738,303.47,0.45,0.39,2025-03-14,1454,N20,nominal,2.0NRT,290.86,0.63,N
-34.13103,147.89177,303.43,0.45,0.39,2025-03-14,1454,N20,nominal,2.0NRT,292,0.8,N
-31.37178,135.25975,308.4,0.79,0.78,2025-03-14,1454,N20,nominal,2.0NRT,293.67,3.48,N
-31.37426,135.26805,318.81,0.79,0.78,2025-03-14,1454,N20,nominal,2.0NRT,294.26,3.56,N
-31.37869,135.25676,308.48,0.79,0.78,2025-03-14,1454,N20,nominal,2.0NRT,293.92,3.48,N
-31.38116,135.26505,308.98,0.79,0.78,2025-03-14,1454,N20,nominal,2.0NRT,294.32,3.56,N
-31.38313,135.24548,312.55,0.79,0.78,2025-03-14,1454,N20,nominal,2.0NRT,293.97,5.44,N
-31.38559,135.25374,310.8,0.79,0.78,2025-03-14,1454,N20,nominal,2.0NRT,294.27,5.44,N
-31.38805,135.26198,308.52,0.79,0.78,2025-03-14,1454,N20,nominal,2.0NRT,294.52,4.39,N
-31.39003,135.24249,346.78,0.79,0.78,2025-03-14,1454,N20,nominal,2.0NRT,295.05,5.44,N
-31.37592,135.26698,320.42,0.79,0.78,2025-03-14,1454,N20,nominal,2.0NRT,293.98,2.9,N
-31.3734,135.25871,308.94,0.79,0.78,2025-03-14,1454,N20,nominal,2.0NRT,293.63,2.9,N
-31.38031,135.25575,311.43,0.79,0.78,2025-03-14,1454,N20,nominal,2.0NRT,293.86,2.9,N
-31.38283,135.26399,316.44,0.79,0.78,2025-03-14,1454,N20,nominal,2.0NRT,294.36,2.9,N
-31.38472,135.24457,329.47,0.79,0.78,2025-03-14,1454,N20,nominal,2.0NRT,294.21,6.88,N
-31.38722,135.25276,306.4,0.79,0.78,2025-03-14,1454,N20,nominal,2.0NRT,294.2,8.92,N
-31.39163,135.24156,335,0.79,0.78,2025-03-14,1454,N20,nominal,2.0NRT,294.56,6.88,N
-34.5314,145.67203,323.44,0.55,0.43,2025-03-14,1454,N20,nominal,2.0NRT,287.87,3.24,N
-34.53527,145.67085,306.17,0.55,0.43,2025-03-14,1454,N20,nominal,2.0NRT,285.68,1.14,N
-33.00055,137.57948,323.17,0.54,0.68,2025-03-14,1454,N20,nominal,2.0NRT,291.22,2.81,N
-33.01127,137.59384,307.53,0.54,0.68,2025-03-14,1454,N20,nominal,2.0NRT,290.17,1.55,N
-37.1921,146.75102,299.48,0.45,0.39,2025-03-14,1454,N20,nominal,2.0NRT,285.47,0.38,N
-37.18938,146.75003,297.9,0.45,0.39,2025-03-14,1454,N20,nominal,2.0NRT,285,0.28,N
-37.78337,144.73097,304.83,0.53,0.42,2025-03-14,1457,N20,nominal,2.0NRT,287.52,1.42,N
-37.78369,144.72952,302.53,0.53,0.42,2025-03-14,1457,N20,nominal,2.0NRT,287.02,1,N
-37.83274,144.78955,326.76,0.53,0.42,2025-03-14,1457,N20,nominal,2.0NRT,287.88,3.7,N
-37.9774,144.63811,300.76,0.53,0.42,2025-03-14,1457,N20,nominal,2.0NRT,286.81,0.75,N
-41.60085,145.8002,296.4,0.43,0.38,2025-03-14,1457,N20,nominal,2.0NRT,262.75,0.57,N
-15.4097,130.53491,308.66,0.39,0.36,2025-03-14,1630,N20,nominal,2.0NRT,286.21,0.45,N
-15.71944,131.07684,312.13,0.38,0.36,2025-03-14,1630,N20,nominal,2.0NRT,289.9,0.68,N
-15.81268,127.2108,307.64,0.48,0.4,2025-03-14,1630,N20,nominal,2.0NRT,290.74,1.29,N
-15.81998,127.20928,328.09,0.48,0.4,2025-03-14,1630,N20,nominal,2.0NRT,291.4,4.67,N
-15.82363,127.20852,315.77,0.48,0.4,2025-03-14,1630,N20,nominal,2.0NRT,290.66,2.29,N
-15.99421,128.19727,310.62,0.43,0.38,2025-03-14,1630,N20,nominal,2.0NRT,291.08,1.26,N
-16.03351,127.53297,317.41,0.46,0.39,2025-03-14,1630,N20,nominal,2.0NRT,292.24,1.08,N
-16.03424,127.5372,307.37,0.46,0.39,2025-03-14,1630,N20,nominal,2.0NRT,291.68,1.08,N
-16.8815,132.05565,306.61,0.4,0.37,2025-03-14,1630,N20,nominal,2.0NRT,293.57,0.56,N
-16.88487,132.05511,310.39,0.4,0.37,2025-03-14,1630,N20,nominal,2.0NRT,293.91,1,N
-16.88825,132.05457,307.63,0.4,0.37,2025-03-14,1630,N20,nominal,2.0NRT,293.85,1,N
-16.89276,132.06149,311.79,0.4,0.37,2025-03-14,1630,N20,nominal,2.0NRT,293.56,1.05,N
-16.3869,127.33633,307.07,0.47,0.39,2025-03-14,1630,N20,nominal,2.0NRT,289.98,1.37,N
-16.39051,127.33561,327.31,0.47,0.39,2025-03-14,1630,N20,nominal,2.0NRT,290.86,3.41,N
-16.40433,127.35075,310.69,0.47,0.39,2025-03-14,1630,N20,nominal,2.0NRT,289.32,1.92,N
-17.99422,137.63062,310.8,0.53,0.5,2025-03-14,1630,N20,nominal,2.0NRT,292.42,1.83,N
-17.99481,137.63564,311.48,0.53,0.5,2025-03-14,1630,N20,nominal,2.0NRT,292.83,1.83,N
-18.00847,137.55267,322.31,0.52,0.5,2025-03-14,1630,N20,nominal,2.0NRT,293.67,6.34,N
-18.00906,137.55771,323.53,0.52,0.5,2025-03-14,1630,N20,nominal,2.0NRT,294,8.24,N
-18.01367,137.55708,352.38,0.52,0.5,2025-03-14,1630,N20,nominal,2.0NRT,294.88,8.24,N
-18.01886,137.56136,334.27,0.52,0.5,2025-03-14,1630,N20,nominal,2.0NRT,293.33,2.94,N
-18.01827,137.5564,307.63,0.52,0.5,2025-03-14,1630,N20,nominal,2.0NRT,291.48,2.94,N
-18.02346,137.5607,324.08,0.52,0.5,2025-03-14,1630,N20,nominal,2.0NRT,292.48,2.94,N
-18.04008,137.54323,311.58,0.52,0.5,2025-03-14,1630,N20,nominal,2.0NRT,292.76,2.53,N
-18.04732,137.60303,306.2,0.53,0.5,2025-03-14,1630,N20,nominal,2.0NRT,293.1,1.58,N
-18.35146,132.67926,331.51,0.43,0.38,2025-03-14,1630,N20,nominal,2.0NRT,294.6,7.19,N
-18.35669,132.69081,311,0.43,0.38,2025-03-14,1630,N20,nominal,2.0NRT,293.61,3.63,N
-18.35551,132.65804,310.92,0.43,0.38,2025-03-14,1630,N20,nominal,2.0NRT,294.22,2.16,N
-18.35609,132.66205,308.6,0.43,0.38,2025-03-14,1630,N20,nominal,2.0NRT,294.27,2.16,N
-18.3689,132.70128,313.07,0.43,0.38,2025-03-14,1630,N20,nominal,2.0NRT,293.95,3.36,N
-18.37239,132.70073,330.59,0.43,0.38,2025-03-14,1630,N20,nominal,2.0NRT,295.06,3.36,N
-18.3718,132.69669,316.01,0.43,0.38,2025-03-14,1630,N20,nominal,2.0NRT,293.88,3.36,N
-18.37529,132.69612,324.2,0.43,0.38,2025-03-14,1630,N20,nominal,2.0NRT,294.28,6.03,N
-18.37587,132.70016,326.24,0.43,0.38,2025-03-14,1630,N20,nominal,2.0NRT,295.68,6.03,N
-19.35593,138.61806,315.53,0.32,0.55,2025-03-14,1630,N20,nominal,2.0NRT,293.06,0.96,N
-19.36198,138.6265,323.79,0.32,0.55,2025-03-14,1630,N20,nominal,2.0NRT,293.19,1.74,N
-19.36233,138.62955,307.53,0.32,0.55,2025-03-14,1630,N20,nominal,2.0NRT,293.16,0.84,N
-19.36909,138.64415,326.68,0.32,0.55,2025-03-14,1630,N20,nominal,2.0NRT,293.29,0.96,N
-19.36874,138.64111,306.91,0.32,0.55,2025-03-14,1630,N20,nominal,2.0NRT,293.21,0.96,N
-19.37014,138.6534,306.69,0.32,0.55,2025-03-14,1630,N20,nominal,2.0NRT,293.12,1.1,N
-19.37049,138.65648,316.55,0.32,0.55,2025-03-14,1630,N20,nominal,2.0NRT,293.15,1.1,N
-19.37587,138.65887,325.16,0.32,0.55,2025-03-14,1630,N20,nominal,2.0NRT,293.24,2.42,N
-19.37622,138.66194,335.53,0.32,0.55,2025-03-14,1630,N20,nominal,2.0NRT,293.67,2.42,N
-19.37657,138.66501,329.03,0.32,0.55,2025-03-14,1630,N20,nominal,2.0NRT,293.83,2.24,N
-19.37692,138.66811,330.83,0.32,0.55,2025-03-14,1630,N20,nominal,2.0NRT,293.5,2.24,N
-19.36165,138.62831,321.86,0.32,0.55,2025-03-14,1630,N20,nominal,2.0NRT,293.62,2.48,N
-19.36133,138.62523,310.74,0.32,0.55,2025-03-14,1630,N20,nominal,2.0NRT,292.95,1.94,N
-19.3683,138.64293,320.66,0.32,0.55,2025-03-14,1630,N20,nominal,2.0NRT,292.98,2.15,N
-19.36863,138.64598,313.87,0.32,0.55,2025-03-14,1630,N20,nominal,2.0NRT,292.89,1.97,N
-19.3753,138.66072,327.21,0.32,0.55,2025-03-14,1630,N20,nominal,2.0NRT,293.52,2.43,N
-19.37563,138.6638,339.9,0.32,0.55,2025-03-14,1630,N20,nominal,2.0NRT,293.52,3.15,N
-19.37595,138.66689,321.67,0.32,0.55,2025-03-14,1630,N20,nominal,2.0NRT,293.33,3.15,N
-19.37465,138.65459,319.7,0.32,0.55,2025-03-14,1630,N20,nominal,2.0NRT,293.14,2.04,N
-19.37498,138.65767,315.47,0.32,0.55,2025-03-14,1630,N20,nominal,2.0NRT,293.04,2.43,N
-19.38232,138.67865,322.01,0.32,0.55,2025-03-14,1630,N20,nominal,2.0NRT,292.92,1.66,N
-19.38133,138.66934,310.43,0.32,0.55,2025-03-14,1630,N20,nominal,2.0NRT,292.98,2.64,N
-19.382,138.67554,315.15,0.32,0.55,2025-03-14,1630,N20,nominal,2.0NRT,292.75,1.66,N
-19.3877,138.68108,336.38,0.32,0.55,2025-03-14,1630,N20,nominal,2.0NRT,293.74,3.69,N
-19.38803,138.68413,343.98,0.32,0.55,2025-03-14,1630,N20,nominal,2.0NRT,293.88,3.69,N
-19.38738,138.67801,312.84,0.32,0.55,2025-03-14,1630,N20,nominal,2.0NRT,293.15,2.46,N
-19.39308,138.68347,346.86,0.32,0.55,2025-03-14,1630,N20,nominal,2.0NRT,293.7,3.69,N
-19.40971,138.60071,308.57,0.32,0.55,2025-03-14,1630,N20,nominal,2.0NRT,293.08,1.29,N
-19.42381,138.5898,344.86,0.32,0.55,2025-03-14,1630,N20,nominal,2.0NRT,293.91,3.7,N
-19.42782,138.57994,337.41,0.32,0.54,2025-03-14,1630,N20,nominal,2.0NRT,293.28,2.62,N
-19.42816,138.58304,312.84,0.32,0.55,2025-03-14,1630,N20,nominal,2.0NRT,292.85,4.38,N
-19.43285,138.57935,348.64,0.32,0.54,2025-03-14,1630,N20,nominal,2.0NRT,294.27,2.62,N
-19.43251,138.57628,309.25,0.32,0.54,2025-03-14,1630,N20,nominal,2.0NRT,293.34,2.62,N
-19.43584,138.56046,328.52,0.32,0.54,2025-03-14,1630,N20,nominal,2.0NRT,292.76,4.98,N
-19.43618,138.56348,323.14,0.32,0.54,2025-03-14,1630,N20,nominal,2.0NRT,293.3,3.12,N
-19.43685,138.56953,326.47,0.32,0.54,2025-03-14,1630,N20,nominal,2.0NRT,293.3,2.16,N
-19.43719,138.5726,327.79,0.32,0.54,2025-03-14,1630,N20,nominal,2.0NRT,294.01,2.16,N
-19.43754,138.57567,314.59,0.32,0.54,2025-03-14,1630,N20,nominal,2.0NRT,294.07,2.07,N
-19.99921,139.63945,324.24,0.38,0.59,2025-03-14,1630,N20,nominal,2.0NRT,293.95,2.76,N
-20.00499,139.64224,326.63,0.38,0.59,2025-03-14,1630,N20,nominal,2.0NRT,293.66,2.76,N
-20.00536,139.64578,321.86,0.38,0.59,2025-03-14,1630,N20,nominal,2.0NRT,293.99,3.54,N
-18.79219,130.37875,310.06,0.38,0.36,2025-03-14,1630,N20,nominal,2.0NRT,293.23,1.69,N
-18.79276,130.38239,314.5,0.38,0.36,2025-03-14,1630,N20,nominal,2.0NRT,293.19,1.69,N
-20.00925,139.63065,310.46,0.38,0.59,2025-03-14,1630,N20,nominal,2.0NRT,293.7,1.73,N
-20.01079,139.64514,316.41,0.38,0.59,2025-03-14,1630,N20,nominal,2.0NRT,293.35,3.91,N
-20.01118,139.64886,310.17,0.38,0.59,2025-03-14,1630,N20,nominal,2.0NRT,293.37,3.91,N
-20.0162,139.64444,320.96,0.38,0.59,2025-03-14,1630,N20,nominal,2.0NRT,293.7,3.91,N
-20.0166,139.64818,356.46,0.38,0.59,2025-03-14,1630,N20,nominal,2.0NRT,296.86,3.91,N
-20.01317,139.61586,319.32,0.38,0.59,2025-03-14,1630,N20,nominal,2.0NRT,293.4,3,N
-18.81804,130.3933,307.65,0.38,0.36,2025-03-14,1630,N20,nominal,2.0NRT,293.41,2.1,N
-20.00089,139.63986,323.13,0.38,0.59,2025-03-14,1630,N20,nominal,2.0NRT,294.09,2.05,N
-20.00124,139.64337,315.01,0.38,0.59,2025-03-14,1630,N20,nominal,2.0NRT,293.47,2.05,N
-20.00701,139.64624,327.03,0.38,0.59,2025-03-14,1630,N20,nominal,2.0NRT,293.77,3.6,N
-20.00666,139.64264,315.2,0.38,0.59,2025-03-14,1630,N20,nominal,2.0NRT,293.26,3.31,N
-20.01244,139.64558,325.45,0.38,0.59,2025-03-14,1630,N20,nominal,2.0NRT,293.68,3.6,N
-20.0128,139.64931,342.37,0.38,0.59,2025-03-14,1630,N20,nominal,2.0NRT,294.81,3.6,N
-20.011,139.63097,309.46,0.38,0.59,2025-03-14,1630,N20,nominal,2.0NRT,293.21,1.88,N
-20.01502,139.6162,335.38,0.38,0.59,2025-03-14,1630,N20,nominal,2.0NRT,294.27,2.66,N
-20.01822,139.64859,352.13,0.38,0.59,2025-03-14,1630,N20,nominal,2.0NRT,295.36,3.9,N
-20.01537,139.61978,318.3,0.38,0.59,2025-03-14,1630,N20,nominal,2.0NRT,293.79,2.66,N
-20.01785,139.64484,315.19,0.38,0.59,2025-03-14,1630,N20,nominal,2.0NRT,293.64,3.9,N
-20.02365,139.64792,335.55,0.38,0.59,2025-03-14,1630,N20,nominal,2.0NRT,294.4,3.9,N
-20.0287,139.64352,326.95,0.38,0.59,2025-03-14,1630,N20,nominal,2.0NRT,293.99,2.05,N
-20.02832,139.63966,312.65,0.38,0.59,2025-03-14,1630,N20,nominal,2.0NRT,293.33,1.27,N
-20.03374,139.63896,308.38,0.38,0.59,2025-03-14,1630,N20,nominal,2.0NRT,293.18,1.27,N
-20.03413,139.64284,311.4,0.38,0.59,2025-03-14,1630,N20,nominal,2.0NRT,293.44,2.05,N
-20.03879,139.63455,326.36,0.38,0.59,2025-03-14,1630,N20,nominal,2.0NRT,293.63,1.62,N
-20.03916,139.63831,327.89,0.38,0.59,2025-03-14,1630,N20,nominal,2.0NRT,293.53,1.62,N
-20.03702,139.61696,308.83,0.38,0.59,2025-03-14,1630,N20,nominal,2.0NRT,293.39,1.58,N
-20.04315,139.62337,316.14,0.38,0.59,2025-03-14,1630,N20,nominal,2.0NRT,293.27,1.96,N
-20.04385,139.63036,315.64,0.38,0.59,2025-03-14,1630,N20,nominal,2.0NRT,293.54,2.59,N
-20.04422,139.63402,307.7,0.38,0.59,2025-03-14,1630,N20,nominal,2.0NRT,293.19,1.62,N
-19.40285,133.60326,317.6,0.48,0.4,2025-03-14,1630,N20,nominal,2.0NRT,293.75,6.11,N
-18.57331,127.1218,326.93,0.45,0.39,2025-03-14,1633,N20,nominal,2.0NRT,293.73,2.71,N
-18.61004,127.02334,315.18,0.45,0.39,2025-03-14,1633,N20,nominal,2.0NRT,293.28,1.27,N
-20.29718,136.87244,305.67,0.51,0.49,2025-03-14,1633,N20,nominal,2.0NRT,292.75,1.44,N
-20.30343,136.88646,312.98,0.51,0.49,2025-03-14,1633,N20,nominal,2.0NRT,293.41,1.32,N
-20.304,136.89133,312.42,0.51,0.49,2025-03-14,1633,N20,nominal,2.0NRT,292.84,1.32,N
-20.30854,136.89069,307.58,0.51,0.49,2025-03-14,1633,N20,nominal,2.0NRT,292.85,1.32,N
-20.30911,136.89555,313.92,0.51,0.49,2025-03-14,1633,N20,nominal,2.0NRT,292.69,2.65,N
-20.31422,136.8998,315.27,0.51,0.49,2025-03-14,1633,N20,nominal,2.0NRT,293.55,2.58,N
-20.31935,136.90405,306.91,0.51,0.49,2025-03-14,1633,N20,nominal,2.0NRT,292.88,2.25,N
-20.32903,136.90773,319.82,0.51,0.49,2025-03-14,1633,N20,nominal,2.0NRT,293.39,3.59,N
-20.32722,136.85365,312.33,0.51,0.49,2025-03-14,1633,N20,nominal,2.0NRT,293.92,2.85,N
-20.33755,136.90166,342.86,0.51,0.49,2025-03-14,1633,N20,nominal,2.0NRT,294.36,6.38,N
-20.33118,136.84819,311.38,0.5,0.49,2025-03-14,1633,N20,nominal,2.0NRT,294.11,3,N
-20.33697,136.89679,308.46,0.51,0.49,2025-03-14,1633,N20,nominal,2.0NRT,293.19,3,N
-20.75074,140.67416,327.88,0.45,0.63,2025-03-14,1633,N20,nominal,2.0NRT,293.21,3.51,N
-20.33745,136.86212,307.06,0.51,0.49,2025-03-14,1633,N20,nominal,2.0NRT,293.93,1.75,N
-20.34035,136.88644,319.68,0.51,0.49,2025-03-14,1633,N20,nominal,2.0NRT,294.46,2.64,N
-20.75117,140.67857,311.6,0.45,0.63,2025-03-14,1633,N20,nominal,2.0NRT,292.76,2.05,N
-20.34199,136.86154,312.1,0.51,0.49,2025-03-14,1633,N20,nominal,2.0NRT,294.37,1.75,N
-20.34432,136.881,316.54,0.51,0.49,2025-03-14,1633,N20,nominal,2.0NRT,293.75,2.64,N
-20.75743,140.68234,316.19,0.46,0.63,2025-03-14,1633,N20,nominal,2.0NRT,292.8,2.05,N
-20.3477,136.87067,313.43,0.51,0.49,2025-03-14,1633,N20,nominal,2.0NRT,294.06,2.4,N
-20.35107,136.86035,313.02,0.51,0.49,2025-03-14,1633,N20,nominal,2.0NRT,294.08,2.26,N
-20.35166,136.86523,307.26,0.51,0.49,2025-03-14,1633,N20,nominal,2.0NRT,293.17,2.26,N
-20.33791,136.8997,340.96,0.51,0.49,2025-03-14,1633,N20,nominal,2.0NRT,294.48,6.22,N
-20.33846,136.90462,312.51,0.51,0.49,2025-03-14,1633,N20,nominal,2.0NRT,293.55,3.32,N
-20.3381,136.86014,312.91,0.51,0.49,2025-03-14,1633,N20,nominal,2.0NRT,293.89,2.23,N
-20.34082,136.88446,317.62,0.51,0.49,2025-03-14,1633,N20,nominal,2.0NRT,294.6,2.19,N
-20.34137,136.88934,306.03,0.51,0.49,2025-03-14,1633,N20,nominal,2.0NRT,293.42,2.19,N
-20.34483,136.879,312.29,0.51,0.49,2025-03-14,1633,N20,nominal,2.0NRT,293.93,3.41,N
-20.34773,136.8638,307.07,0.51,0.49,2025-03-14,1633,N20,nominal,2.0NRT,294.26,2.12,N
-20.34828,136.86867,312.81,0.51,0.49,2025-03-14,1633,N20,nominal,2.0NRT,293.71,2.12,N
-20.35227,136.8632,310.17,0.51,0.49,2025-03-14,1633,N20,nominal,2.0NRT,293.4,1.57,N
-20.74976,140.67194,306.79,0.45,0.63,2025-03-14,1633,N20,nominal,2.0NRT,292.98,1.99,N
-20.75016,140.67635,317.21,0.46,0.63,2025-03-14,1633,N20,nominal,2.0NRT,293.08,1.99,N
-20.75056,140.68077,307.21,0.46,0.63,2025-03-14,1633,N20,nominal,2.0NRT,292.45,1.01,N
-20.7564,140.68011,308.95,0.46,0.63,2025-03-14,1633,N20,nominal,2.0NRT,292.58,1.01,N
-20.7568,140.68454,306.1,0.46,0.63,2025-03-14,1633,N20,nominal,2.0NRT,292.48,1.01,N
-19.4718,130.14377,327.41,0.38,0.36,2025-03-14,1633,N20,nominal,2.0NRT,295.43,2.74,N
-19.47237,130.14742,325.12,0.38,0.36,2025-03-14,1633,N20,nominal,2.0NRT,295.2,2.74,N
-19.47123,130.14012,317.51,0.38,0.36,2025-03-14,1633,N20,nominal,2.0NRT,294.89,2.53,N
-19.48298,130.1718,307.01,0.38,0.36,2025-03-14,1633,N20,nominal,2.0NRT,294.42,1.18,N
-19.48355,130.17545,312.92,0.38,0.36,2025-03-14,1633,N20,nominal,2.0NRT,294.78,1.18,N
-19.48629,130.17122,326.4,0.38,0.36,2025-03-14,1633,N20,nominal,2.0NRT,295.24,2.03,N
-19.48686,130.17487,329.09,0.38,0.36,2025-03-14,1633,N20,nominal,2.0NRT,296.37,2.03,N
-19.4823,130.14568,313.86,0.38,0.36,2025-03-14,1633,N20,nominal,2.0NRT,294.65,2.38,N
-19.4896,130.17065,319.07,0.38,0.36,2025-03-14,1633,N20,nominal,2.0NRT,295.35,2.03,N
-19.49017,130.1743,307.79,0.38,0.36,2025-03-14,1633,N20,nominal,2.0NRT,295.34,2.03,N
-19.50227,130.1647,321.34,0.38,0.36,2025-03-14,1633,N20,nominal,2.0NRT,294.89,2.33,N
-19.49873,130.12035,306.25,0.38,0.36,2025-03-14,1633,N20,nominal,2.0NRT,294.83,2.09,N
-19.50558,130.16412,308.84,0.38,0.36,2025-03-14,1633,N20,nominal,2.0NRT,294.42,1.66,N
-19.5122,130.16298,320.32,0.38,0.36,2025-03-14,1633,N20,nominal,2.0NRT,294.22,4.13,N
-19.51551,130.16241,333.64,0.38,0.36,2025-03-14,1633,N20,nominal,2.0NRT,296.24,4.13,N
-20.73601,139.47633,323.68,0.38,0.59,2025-03-14,1633,N20,nominal,2.0NRT,295.58,2.76,N
-19.51882,130.16183,314.9,0.38,0.36,2025-03-14,1633,N20,nominal,2.0NRT,294.55,2.12,N
-20.7356,139.47243,318.02,0.38,0.59,2025-03-14,1633,N20,nominal,2.0NRT,294.35,2.42,N
-19.52977,130.14494,335.32,0.38,0.36,2025-03-14,1633,N20,nominal,2.0NRT,294.63,1.43,N
-19.53034,130.14859,308.67,0.38,0.36,2025-03-14,1633,N20,nominal,2.0NRT,294.57,1.42,N
-19.53308,130.14436,305.12,0.38,0.36,2025-03-14,1633,N20,nominal,2.0NRT,294.02,1.43,N
-19.5358,130.14021,324.54,0.38,0.36,2025-03-14,1633,N20,nominal,2.0NRT,294.39,2.8,N
-19.53911,130.13963,339.26,0.38,0.36,2025-03-14,1633,N20,nominal,2.0NRT,295,2.8,N
-20.73269,139.47661,335.13,0.38,0.59,2025-03-14,1633,N20,nominal,2.0NRT,296.3,3.7,N
-20.73231,139.47267,306.18,0.38,0.59,2025-03-14,1633,N20,nominal,2.0NRT,293.94,2.31,N
-19.72384,130.0179,319.42,0.38,0.36,2025-03-14,1633,N20,nominal,2.0NRT,295.23,4.92,N
-19.72715,130.0173,312.05,0.38,0.36,2025-03-14,1633,N20,nominal,2.0NRT,295.1,4.37,N
-21.77236,135.53821,300.98,0.44,0.46,2025-03-14,1633,N20,nominal,2.0NRT,288.17,0.86,N
-21.77287,135.54242,314.51,0.44,0.46,2025-03-14,1633,N20,nominal,2.0NRT,291.73,0.86,N
-21.77712,135.54185,314.79,0.44,0.46,2025-03-14,1633,N20,nominal,2.0NRT,292.79,1.66,N
-22.40409,132.31758,310.41,0.45,0.39,2025-03-14,1633,N20,nominal,2.0NRT,294.24,0.94,N
-22.45057,132.33705,332.8,0.45,0.39,2025-03-14,1633,N20,nominal,2.0NRT,294.95,3.96,N
-21.27856,124.22323,314.53,0.39,0.44,2025-03-14,1633,N20,nominal,2.0NRT,282.29,3.96,N
-24.10574,139.70757,310.58,0.43,0.62,2025-03-14,1633,N20,nominal,2.0NRT,293.15,0.89,N
-24.14304,139.73808,312.1,0.43,0.62,2025-03-14,1633,N20,nominal,2.0NRT,293.33,1.26,N
-24.14914,139.74176,310.75,0.43,0.62,2025-03-14,1633,N20,nominal,2.0NRT,293.54,2.01,N
-24.15487,139.74121,323.25,0.43,0.62,2025-03-14,1633,N20,nominal,2.0NRT,293.94,2.01,N
-24.15525,139.74545,321.87,0.43,0.62,2025-03-14,1633,N20,nominal,2.0NRT,293.46,2.01,N
-24.14484,139.73886,313.08,0.43,0.62,2025-03-14,1633,N20,nominal,2.0NRT,293.04,1.31,N
-24.15092,139.74252,323.29,0.43,0.62,2025-03-14,1633,N20,nominal,2.0NRT,293.99,2.45,N
-24.15664,139.74196,325.3,0.43,0.62,2025-03-14,1633,N20,nominal,2.0NRT,294.05,2.45,N
-24.157,139.74623,315.88,0.43,0.62,2025-03-14,1633,N20,nominal,2.0NRT,292.66,2.45,N
-24.16273,139.74564,324.41,0.43,0.62,2025-03-14,1633,N20,nominal,2.0NRT,293.91,3.27,N
-24.16881,139.74931,318.43,0.43,0.62,2025-03-14,1633,N20,nominal,2.0NRT,293.42,3,N
-24.17526,139.75728,304.11,0.43,0.62,2025-03-14,1633,N20,nominal,2.0NRT,293.74,0.75,N
-24.17562,139.76157,305.99,0.43,0.62,2025-03-14,1633,N20,nominal,2.0NRT,293.21,0.75,N
-20.60802,116.76083,307.05,0.57,0.69,2025-03-14,1633,N20,nominal,2.0NRT,289.61,1.36,N
-20.61041,116.7633,316.13,0.57,0.69,2025-03-14,1633,N20,nominal,2.0NRT,289.8,3.09,N
-24.94327,138.67084,306.08,0.38,0.58,2025-03-14,1633,N20,nominal,2.0NRT,292.73,1.13,N
-24.9436,138.67456,317.59,0.38,0.58,2025-03-14,1633,N20,nominal,2.0NRT,292.7,1.13,N
-24.94901,138.67398,329.62,0.38,0.58,2025-03-14,1633,N20,nominal,2.0NRT,293.48,1.73,N
-24.95442,138.67342,303.46,0.38,0.58,2025-03-14,1633,N20,nominal,2.0NRT,291.64,1.73,N
-24.97166,138.68286,305.9,0.38,0.58,2025-03-14,1633,N20,nominal,2.0NRT,291.74,1.06,N
-24.97674,138.67854,315.53,0.38,0.58,2025-03-14,1633,N20,nominal,2.0NRT,291.95,1.62,N
-24.98215,138.67799,325.47,0.38,0.58,2025-03-14,1633,N20,nominal,2.0NRT,292.07,1.63,N
-22.37722,121.26791,318.92,0.55,0.51,2025-03-14,1633,N20,nominal,2.0NRT,287.22,1.97,N
-22.37832,121.27325,308.73,0.55,0.51,2025-03-14,1633,N20,nominal,2.0NRT,286.44,1.97,N
-24.98181,138.67424,313.63,0.38,0.58,2025-03-14,1633,N20,nominal,2.0NRT,291.54,1.63,N
-22.38077,121.26134,303.79,0.55,0.51,2025-03-14,1633,N20,nominal,2.0NRT,282.65,2.17,N
-22.38188,121.26675,305.83,0.55,0.51,2025-03-14,1633,N20,nominal,2.0NRT,284.77,1.97,N
-22.38299,121.27214,315.44,0.55,0.51,2025-03-14,1633,N20,nominal,2.0NRT,283.03,1.97,N
-22.38767,121.27106,306.04,0.55,0.51,2025-03-14,1633,N20,nominal,2.0NRT,282.27,2.14,N
-24.16334,128.72452,316.73,0.38,0.36,2025-03-14,1633,N20,nominal,2.0NRT,299.03,3.13,N
-24.16724,128.72766,315.2,0.38,0.36,2025-03-14,1633,N20,nominal,2.0NRT,298.48,3.13,N
-22.17716,118.20885,337.78,0.43,0.62,2025-03-14,1633,N20,nominal,2.0NRT,289.49,4.96,N
-22.1781,118.21304,334.91,0.43,0.62,2025-03-14,1633,N20,nominal,2.0NRT,289.2,5.78,N
-22.17903,118.21717,341.31,0.43,0.62,2025-03-14,1633,N20,nominal,2.0NRT,289.72,5.78,N
-22.17996,118.22131,311.38,0.43,0.62,2025-03-14,1633,N20,nominal,2.0NRT,289.25,3.75,N
-22.18187,118.20327,339.75,0.43,0.62,2025-03-14,1633,N20,nominal,2.0NRT,289.35,4.96,N
-22.17543,118.21989,326.96,0.43,0.62,2025-03-14,1633,N20,nominal,2.0NRT,289.12,3.11,N
-22.17916,118.21022,336.37,0.43,0.62,2025-03-14,1633,N20,nominal,2.0NRT,289.56,3.97,N
-22.18012,118.21436,340.27,0.43,0.62,2025-03-14,1633,N20,nominal,2.0NRT,289.02,4.3,N
-22.18107,118.21847,322.6,0.43,0.62,2025-03-14,1633,N20,nominal,2.0NRT,289.09,4.3,N
-22.17819,118.20605,319.12,0.43,0.62,2025-03-14,1633,N20,nominal,2.0NRT,288.97,3.97,N
-22.18287,118.20048,328.56,0.43,0.62,2025-03-14,1633,N20,nominal,2.0NRT,288.48,4.94,N
-22.18384,118.20466,327.51,0.43,0.62,2025-03-14,1633,N20,nominal,2.0NRT,288.99,3.97,N
-22.20549,118.19496,314.49,0.43,0.62,2025-03-14,1633,N20,nominal,2.0NRT,287.65,1.78,N
-22.22354,118.1956,308.6,0.43,0.62,2025-03-14,1633,N20,nominal,2.0NRT,287.54,1.15,N
-22.22443,118.19951,305.28,0.43,0.62,2025-03-14,1633,N20,nominal,2.0NRT,287.39,1.15,N
-22.23098,118.20205,312.36,0.43,0.62,2025-03-14,1633,N20,nominal,2.0NRT,285.85,1.27,N
-22.23196,118.20635,306.47,0.43,0.62,2025-03-14,1633,N20,nominal,2.0NRT,286.55,1.27,N
-23.24206,122.85438,333.6,0.43,0.46,2025-03-14,1633,N20,nominal,2.0NRT,293.56,2.85,N
-23.24622,122.85337,307.48,0.43,0.46,2025-03-14,1633,N20,nominal,2.0NRT,292.63,2.85,N
-31.37698,135.27092,321.18,0.55,0.51,2025-03-14,1635,N20,nominal,2.0NRT,296.23,2.07,N
-31.37644,135.26517,307.62,0.55,0.51,2025-03-14,1635,N20,nominal,2.0NRT,296.06,2.07,N
-31.38588,135.26404,320.16,0.55,0.51,2025-03-14,1635,N20,nominal,2.0NRT,296.81,4.8,N
-31.37345,135.26979,308.33,0.55,0.51,2025-03-14,1635,N20,nominal,2.0NRT,295.5,2.42,N
-31.37766,135.26343,306.32,0.55,0.51,2025-03-14,1635,N20,nominal,2.0NRT,296.13,2.43,N
-31.37817,135.26921,317.53,0.55,0.51,2025-03-14,1635,N20,nominal,2.0NRT,296.27,2.42,N
-31.3871,135.26228,319.13,0.55,0.51,2025-03-14,1635,N20,nominal,2.0NRT,297.24,5.23,N
-31.39029,135.24438,322.06,0.54,0.51,2025-03-14,1635,N20,nominal,2.0NRT,296.74,3.68,N
-31.3908,135.25017,333.77,0.54,0.51,2025-03-14,1635,N20,nominal,2.0NRT,298.14,3.68,N
-31.39501,135.2438,320.24,0.54,0.51,2025-03-14,1635,N20,nominal,2.0NRT,296.25,3.68,N
-31.39552,135.24962,315.05,0.54,0.51,2025-03-14,1635,N20,nominal,2.0NRT,296.91,3.68,N
-32.9994,137.58287,327.15,0.39,0.59,2025-03-14,1635,N20,nominal,2.0NRT,293.44,2.5,N
-33.0113,137.59457,320.17,0.39,0.59,2025-03-14,1635,N20,nominal,2.0NRT,293.26,2.73,N
-33.01159,137.59885,317,0.39,0.59,2025-03-14,1635,N20,nominal,2.0NRT,292.51,2.69,N
-33.76072,120.73261,309.49,0.54,0.42,2025-03-14,1637,N20,nominal,2.0NRT,287.46,1.38,N
-33.76457,120.73151,327.24,0.54,0.42,2025-03-14,1637,N20,nominal,2.0NRT,288.2,2.57,N
-33.76842,120.73037,326.22,0.54,0.42,2025-03-14,1637,N20,nominal,2.0NRT,288.02,2.57,N
-33.7696,120.73618,305.48,0.54,0.42,2025-03-14,1637,N20,nominal,2.0NRT,287.91,2.57,N
-33.77344,120.73505,347.59,0.54,0.42,2025-03-14,1637,N20,nominal,2.0NRT,289.8,5.01,N
-33.77729,120.73392,312.05,0.54,0.42,2025-03-14,1637,N20,nominal,2.0NRT,287.31,5.01,N
-33.77846,120.73974,299.45,0.54,0.42,2025-03-14,1637,N20,nominal,2.0NRT,287.28,1.67,N
-33.21614,115.74637,300.58,0.34,0.56,2025-03-14,1637,N20,nominal,2.0NRT,286.78,0.57,N
-20.86056,117.07425,311.07,0.6,0.7,2025-03-14,1811,N20,nominal,2.0NRT,289.4,2.6,N
-20.79001,115.44451,307.53,0.47,0.64,2025-03-14,1811,N20,nominal,2.0NRT,289.3,0.96,N
-20.8201,115.38235,306.67,0.46,0.64,2025-03-14,1811,N20,nominal,2.0NRT,288.58,0.65,N
-22.17974,118.21089,320.82,0.73,0.76,2025-03-14,1811,N20,nominal,2.0NRT,288.06,5.22,N
-22.18028,118.21809,329.11,0.73,0.76,2025-03-14,1811,N20,nominal,2.0NRT,287.85,5.22,N
-22.17922,118.20374,304.46,0.73,0.76,2025-03-14,1811,N20,nominal,2.0NRT,287.43,2.81,N
-22.18622,118.20298,326.87,0.73,0.76,2025-03-14,1811,N20,nominal,2.0NRT,287.6,2.81,N
-22.1857,118.19595,303.52,0.73,0.76,2025-03-14,1811,N20,nominal,2.0NRT,287.29,2.81,N
-22.1778,118.21195,320.43,0.73,0.76,2025-03-14,1811,N20,nominal,2.0NRT,287.56,3.42,N
-22.17829,118.21918,327.99,0.73,0.76,2025-03-14,1811,N20,nominal,2.0NRT,287.35,5.81,N
-22.17732,118.20481,304.52,0.73,0.76,2025-03-14,1811,N20,nominal,2.0NRT,287.2,3.42,N
-22.18433,118.204,325.7,0.73,0.76,2025-03-14,1811,N20,nominal,2.0NRT,287.85,4.36,N
-22.18385,118.19693,304.56,0.73,0.76,2025-03-14,1811,N20,nominal,2.0NRT,287.58,2.85,N
-22.23472,118.21762,316.94,0.73,0.76,2025-03-14,1811,N20,nominal,2.0NRT,287.89,3.52,N
-43.81902,172.24756,367,0.44,0.62,2025-03-15,0132,N20,high,2.0NRT,298.46,7.87,D
-43.81315,172.24727,367,0.44,0.62,2025-03-15,0132,N20,high,2.0NRT,297.63,15.88,D
-43.81332,172.24167,346.3,0.44,0.62,2025-03-15,0132,N20,nominal,2.0NRT,297.54,12.92,D
-39.07357,177.88513,326.3,0.41,0.45,2025-03-15,0132,N20,nominal,2.0NRT,296.64,1.89,D
-26.93598,151.42381,334.74,0.51,0.41,2025-03-15,0317,N20,nominal,2.0NRT,306.69,3.51,D
-26.64408,150.49718,336.49,0.57,0.43,2025-03-15,0317,N20,nominal,2.0NRT,306.38,3.47,D
-26.64009,150.49663,345.82,0.57,0.43,2025-03-15,0317,N20,nominal,2.0NRT,307.54,6.48,D
-26.6361,150.49606,340.61,0.57,0.43,2025-03-15,0317,N20,nominal,2.0NRT,307.49,6.48,D
-26.63861,150.49469,349.32,0.57,0.43,2025-03-15,0317,N20,nominal,2.0NRT,309.08,12.77,D
-25.33928,148.92798,346.53,0.45,0.47,2025-03-15,0317,N20,nominal,2.0NRT,303.38,5.38,D
-24.78227,147.77145,348.39,0.52,0.5,2025-03-15,0317,N20,nominal,2.0NRT,300.51,8.08,D
-24.7761,147.78667,339.65,0.52,0.5,2025-03-15,0317,N20,nominal,2.0NRT,298.09,6.04,D
-24.77766,147.7709,334.78,0.52,0.5,2025-03-15,0317,N20,nominal,2.0NRT,299.5,8.08,D
-24.77822,147.76523,351.04,0.52,0.5,2025-03-15,0317,N20,nominal,2.0NRT,302.39,20.95,D
-24.77877,147.75964,331.4,0.52,0.5,2025-03-15,0317,N20,low,2.0NRT,303.72,20.95,D
-24.78331,147.76917,349.75,0.52,0.5,2025-03-15,0317,N20,nominal,2.0NRT,300.57,8.56,D
-24.77812,147.77414,330.46,0.52,0.5,2025-03-15,0317,N20,nominal,2.0NRT,300.03,7.18,D
-24.77869,147.76874,334.03,0.52,0.5,2025-03-15,0317,N20,nominal,2.0NRT,300.12,28.48,D
-24.7793,147.76297,352.91,0.52,0.5,2025-03-15,0317,N20,nominal,2.0NRT,306.61,28.48,D
-24.77181,147.78967,332.98,0.52,0.5,2025-03-15,0317,N20,nominal,2.0NRT,301.55,8.52,D
-24.77238,147.78432,352.92,0.52,0.5,2025-03-15,0317,N20,nominal,2.0NRT,299.5,8.52,D
-24.77415,147.76762,342.65,0.52,0.5,2025-03-15,0317,N20,nominal,2.0NRT,297.86,28.48,D
-24.77472,147.76215,343.65,0.52,0.5,2025-03-15,0317,N20,nominal,2.0NRT,312.78,28.48,D
-24.14307,151.37512,332.33,0.48,0.4,2025-03-15,0317,N20,nominal,2.0NRT,299.28,3.79,D
-24.13938,151.37454,333.25,0.48,0.4,2025-03-15,0317,N20,nominal,2.0NRT,299.67,8.98,D
-20.41021,144.25842,340.19,0.39,0.59,2025-03-15,0319,N20,nominal,2.0NRT,298.68,7.4,D
-20.35422,144.49635,336.9,0.37,0.58,2025-03-15,0319,N20,nominal,2.0NRT,284.69,6.55,D
-20.00435,139.64809,332.39,0.77,0.77,2025-03-15,0319,N20,nominal,2.0NRT,292.4,9.68,D
-19.99721,139.64713,335.77,0.77,0.77,2025-03-15,0319,N20,nominal,2.0NRT,292.39,9.68,D
-19.99774,139.63953,337.87,0.77,0.77,2025-03-15,0319,N20,nominal,2.0NRT,293.01,9.68,D
-20.00155,139.64795,334.63,0.77,0.77,2025-03-15,0319,N20,nominal,2.0NRT,292.51,16.18,D
-20.00213,139.64035,348.3,0.77,0.77,2025-03-15,0319,N20,nominal,2.0NRT,293.83,20.63,D
-44.656,171.11096,367,0.5,0.49,2025-03-15,0310,N20,high,2.0NRT,325.09,179.05,D
-44.65448,171.11719,343.81,0.5,0.49,2025-03-15,0310,N20,nominal,2.0NRT,312.73,179.05,D
-43.9748,171.84752,353.48,0.56,0.52,2025-03-15,0310,N20,nominal,2.0NRT,301.46,92.01,D
-43.96846,171.85208,341.76,0.56,0.52,2025-03-15,0310,N20,nominal,2.0NRT,300.46,92.01,D
-43.97022,171.84525,319.19,0.56,0.52,2025-03-15,0310,N20,low,2.0NRT,322.42,92.01,D
-43.96564,171.843,340.71,0.56,0.52,2025-03-15,0310,N20,nominal,2.0NRT,296.96,13.19,D
-43.94435,171.54482,334.2,0.54,0.51,2025-03-15,0310,N20,nominal,2.0NRT,298.5,4.95,D
-43.92281,171.43042,329.27,0.54,0.51,2025-03-15,0310,N20,nominal,2.0NRT,294.32,5.49,D
-43.92449,171.42389,339.27,0.54,0.51,2025-03-15,0310,N20,nominal,2.0NRT,297.2,5.49,D
-43.92191,171.42825,332.45,0.54,0.51,2025-03-15,0310,N20,nominal,2.0NRT,294.78,5.66,D
-43.69985,172.1989,348.46,0.59,0.53,2025-03-15,0310,N20,nominal,2.0NRT,297.43,42.27,D
-43.69517,172.19656,348.65,0.59,0.53,2025-03-15,0310,N20,nominal,2.0NRT,303.45,42.27,D
-37.83351,144.79205,329.95,0.52,0.67,2025-03-15,0313,N20,nominal,2.0NRT,293.07,2.69,D
-34.46179,150.8887,341.43,0.44,0.46,2025-03-15,0315,N20,nominal,2.0NRT,298.01,2.84,D
-34.46226,150.88385,345.81,0.44,0.46,2025-03-15,0315,N20,nominal,2.0NRT,298.87,6.7,D
-34.45841,150.87839,342.17,0.44,0.46,2025-03-15,0315,N20,nominal,2.0NRT,297.78,6.7,D
-34.45411,150.87779,332.89,0.44,0.46,2025-03-15,0315,N20,nominal,2.0NRT,297.92,3.91,D
-34.21305,146.03905,367,0.41,0.61,2025-03-15,0315,N20,high,2.0NRT,310.88,26.86,D
-34.21332,146.03442,367,0.42,0.61,2025-03-15,0315,N20,high,2.0NRT,314.07,16.98,D
-34.20764,146.03398,367,0.42,0.61,2025-03-15,0315,N20,high,2.0NRT,309.1,16.98,D
-34.12161,146.80473,367,0.37,0.58,2025-03-15,0315,N20,high,2.0NRT,302.1,41.35,D
-34.11618,146.80423,367,0.37,0.58,2025-03-15,0315,N20,high,2.0NRT,301.21,41.35,D
-34.11644,146.80011,310.42,0.37,0.58,2025-03-15,0315,N20,low,2.0NRT,312.4,41.35,D
-33.72627,147.44679,346.52,0.34,0.56,2025-03-15,0315,N20,nominal,2.0NRT,308.55,13.22,D
-33.72652,147.44307,346.68,0.34,0.56,2025-03-15,0315,N20,nominal,2.0NRT,315.71,13.22,D
-33.72105,147.44627,346.99,0.34,0.56,2025-03-15,0315,N20,nominal,2.0NRT,308.53,5.07,D
-33.7213,147.44254,356.46,0.34,0.56,2025-03-15,0315,N20,nominal,2.0NRT,314.35,5.07,D
-33.71583,147.44572,336.44,0.34,0.56,2025-03-15,0315,N20,low,2.0NRT,309.4,5.07,D
-33.72631,147.44328,347.38,0.34,0.56,2025-03-15,0315,N20,nominal,2.0NRT,316.96,32.84,D
-33.72109,147.44278,367,0.34,0.56,2025-03-15,0315,N20,high,2.0NRT,314.27,4.93,D
-33.72082,147.44649,335.69,0.34,0.56,2025-03-15,0315,N20,nominal,2.0NRT,308.1,4.93,D
-33.7112,147.4343,337.26,0.34,0.56,2025-03-15,0315,N20,low,2.0NRT,311.28,6.46,D
-33.70624,147.43005,348.33,0.34,0.56,2025-03-15,0315,N20,nominal,2.0NRT,312.96,7.61,D
-33.70705,147.41891,340.13,0.34,0.56,2025-03-15,0315,N20,low,2.0NRT,311.4,4.95,D
-33.70732,147.41518,342.82,0.34,0.56,2025-03-15,0315,N20,nominal,2.0NRT,311.82,3.46,D
-33.70759,147.41147,336.94,0.34,0.56,2025-03-15,0315,N20,low,2.0NRT,311.51,3.46,D
-33.70129,147.42583,348.47,0.34,0.56,2025-03-15,0315,N20,nominal,2.0NRT,310.89,4.87,D
-33.70236,147.41095,336.97,0.34,0.56,2025-03-15,0315,N20,low,2.0NRT,311.9,3.7,D
-33.43366,148.17401,346.57,0.61,0.54,2025-03-15,0315,N20,nominal,2.0NRT,303.01,72.21,D
-33.42816,148.1801,344.38,0.61,0.54,2025-03-15,0315,N20,nominal,2.0NRT,300.7,39.42,D
-32.87672,146.27356,333.13,0.39,0.59,2025-03-15,0315,N20,low,2.0NRT,305.32,7.56,D
-32.73952,145.91747,346.38,0.41,0.61,2025-03-15,0315,N20,nominal,2.0NRT,304.1,29.07,D
-32.7333,145.92616,347.24,0.41,0.61,2025-03-15,0315,N20,nominal,2.0NRT,304.08,27.65,D
-32.7336,145.92149,349.11,0.41,0.61,2025-03-15,0315,N20,nominal,2.0NRT,316.27,29.07,D
-32.73388,145.91692,353.08,0.41,0.61,2025-03-15,0315,N20,nominal,2.0NRT,308.46,29.07,D
-32.72796,145.9209,355.58,0.41,0.61,2025-03-15,0315,N20,nominal,2.0NRT,307.76,13.16,D
-32.70916,145.95,336.49,0.41,0.6,2025-03-15,0315,N20,low,2.0NRT,307.67,11.21,D
-32.70942,145.94576,343.43,0.41,0.6,2025-03-15,0315,N20,nominal,2.0NRT,308.17,7.34,D
-32.39944,148.68367,338.63,0.56,0.51,2025-03-15,0315,N20,nominal,2.0NRT,303.25,7.6,D
-31.63807,149.67194,352.53,0.48,0.48,2025-03-15,0315,N20,nominal,2.0NRT,307.38,22.26,D
-31.6336,149.67131,339.91,0.48,0.48,2025-03-15,0315,N20,nominal,2.0NRT,303.84,22.26,D
-31.6354,149.67448,343.35,0.48,0.48,2025-03-15,0315,N20,nominal,2.0NRT,305.17,21.91,D
-31.5783,149.46225,342.16,0.49,0.49,2025-03-15,0315,N20,nominal,2.0NRT,303.1,11.69,D
-31.57878,149.45697,342.14,0.49,0.49,2025-03-15,0315,N20,nominal,2.0NRT,301.64,11.69,D
-31.57137,149.48796,341.11,0.49,0.49,2025-03-15,0315,N20,nominal,2.0NRT,302.07,5.17,D
-31.57378,149.46169,350.87,0.49,0.49,2025-03-15,0315,N20,nominal,2.0NRT,302.9,11.69,D
-31.57426,149.45638,347.51,0.49,0.49,2025-03-15,0315,N20,nominal,2.0NRT,303.25,11.69,D
-31.56926,149.46111,330.77,0.49,0.49,2025-03-15,0315,N20,low,2.0NRT,302.2,2.68,D
-30.35197,151.70389,346.18,0.54,0.42,2025-03-15,0315,N20,nominal,2.0NRT,301.8,18.32,D
-30.35224,151.70226,344.61,0.54,0.42,2025-03-15,0315,N20,nominal,2.0NRT,302.06,18.62,D
-29.86557,150.35793,346.48,0.42,0.45,2025-03-15,0315,N20,nominal,2.0NRT,303.18,8.66,D
-27.53473,153.00227,335.07,0.44,0.38,2025-03-15,0317,N20,nominal,2.0NRT,301.71,3.6,D
-26.93723,152.3826,333.32,0.46,0.39,2025-03-15,0317,N20,nominal,2.0NRT,298.43,1.91,D
-26.85565,152.58585,332.67,0.45,0.39,2025-03-15,0317,N20,nominal,2.0NRT,301.82,3,D
-37.18031,140.36159,355.93,0.41,0.45,2025-03-15,0455,N20,low,2.0NRT,281.35,164.89,D
-37.20832,140.39978,335.06,0.41,0.45,2025-03-15,0455,N20,nominal,2.0NRT,269.98,3.09,D
-37.20932,140.39517,336.45,0.41,0.45,2025-03-15,0455,N20,nominal,2.0NRT,270.6,3.09,D
-37.21132,140.38594,336.75,0.41,0.45,2025-03-15,0455,N20,nominal,2.0NRT,272.16,4.43,D
-37.21232,140.38133,337.41,0.41,0.45,2025-03-15,0455,N20,nominal,2.0NRT,278.06,3.79,D
-37.21331,140.37672,336.72,0.41,0.45,2025-03-15,0455,N20,nominal,2.0NRT,280.38,3.79,D
-37.20424,140.39841,335.68,0.41,0.45,2025-03-15,0455,N20,nominal,2.0NRT,266.17,3.09,D
-37.20524,140.39381,343.03,0.41,0.45,2025-03-15,0455,N20,nominal,2.0NRT,273.72,3.09,D
-37.20624,140.38919,343.94,0.41,0.45,2025-03-15,0455,N20,nominal,2.0NRT,273.16,4.43,D
-37.20724,140.38457,342.23,0.41,0.45,2025-03-15,0455,N20,nominal,2.0NRT,272.74,4.43,D
-37.20824,140.37996,343.88,0.41,0.45,2025-03-15,0455,N20,nominal,2.0NRT,274.23,3.79,D
-37.20924,140.37537,344.61,0.41,0.45,2025-03-15,0455,N20,nominal,2.0NRT,281.61,3.79,D
-37.20215,140.38785,341.91,0.41,0.45,2025-03-15,0455,N20,nominal,2.0NRT,267.27,6.77,D
-37.20316,140.38321,343.97,0.41,0.45,2025-03-15,0455,N20,nominal,2.0NRT,268.54,6.77,D
-37.20416,140.3786,347.71,0.41,0.45,2025-03-15,0455,N20,nominal,2.0NRT,273.3,5.54,D
-37.20516,140.37399,346.97,0.41,0.45,2025-03-15,0455,N20,nominal,2.0NRT,282.8,5.54,D
-37.20615,140.3694,343.42,0.41,0.45,2025-03-15,0455,N20,nominal,2.0NRT,285.71,4.3,D
-37.20715,140.36481,342.59,0.41,0.45,2025-03-15,0455,N20,nominal,2.0NRT,285.32,4.3,D
-37.20815,140.36018,338.37,0.41,0.45,2025-03-15,0455,N20,nominal,2.0NRT,280.17,3.13,D
-37.20914,140.35559,335.2,0.41,0.45,2025-03-15,0455,N20,nominal,2.0NRT,282.95,3.13,D
-37.20008,140.37724,355.43,0.41,0.45,2025-03-15,0455,N20,nominal,2.0NRT,274.68,5.54,D
-37.20108,140.37263,352.51,0.41,0.45,2025-03-15,0455,N20,nominal,2.0NRT,277.52,5.54,D
-37.20208,140.36804,347.69,0.41,0.45,2025-03-15,0455,N20,nominal,2.0NRT,275.44,4.3,D
-37.20308,140.36342,348.13,0.41,0.45,2025-03-15,0455,N20,nominal,2.0NRT,273.91,4.3,D
-37.20407,140.35883,345.02,0.41,0.45,2025-03-15,0455,N20,nominal,2.0NRT,281.73,3.13,D
-37.20507,140.35423,341.3,0.41,0.45,2025-03-15,0455,N20,nominal,2.0NRT,282.44,3.13,D
-37.198,140.36668,354.94,0.41,0.45,2025-03-15,0455,N20,nominal,2.0NRT,282.94,9.08,D
-37.19901,140.36206,349.69,0.41,0.45,2025-03-15,0455,N20,nominal,2.0NRT,286.28,9.08,D
-37.2,140.35747,348.25,0.41,0.45,2025-03-15,0455,N20,nominal,2.0NRT,287.15,5.25,D
-37.201,140.35289,345.49,0.41,0.45,2025-03-15,0455,N20,nominal,2.0NRT,278.52,5.25,D
-37.19499,140.38051,356.63,0.41,0.45,2025-03-15,0455,N20,low,2.0NRT,268.28,47.35,D
-37.196,140.37589,356.63,0.41,0.45,2025-03-15,0455,N20,low,2.0NRT,278.37,69.18,D
-37.19699,140.37128,356.63,0.41,0.45,2025-03-15,0455,N20,low,2.0NRT,278.68,69.18,D
-37.19392,140.3653,367,0.41,0.45,2025-03-15,0455,N20,high,2.0NRT,290.91,9.08,D
-37.19493,140.36069,356.52,0.41,0.45,2025-03-15,0455,N20,nominal,2.0NRT,290.42,9.08,D
-37.19593,140.35608,354.51,0.41,0.45,2025-03-15,0455,N20,nominal,2.0NRT,286.43,5.25,D
-37.19693,140.3515,343.86,0.41,0.45,2025-03-15,0455,N20,nominal,2.0NRT,279.01,5.25,D
-37.1899,140.38377,356.65,0.41,0.45,2025-03-15,0455,N20,low,2.0NRT,267.38,47.35,D
-37.18682,140.37778,367,0.41,0.45,2025-03-15,0455,N20,high,2.0NRT,329.86,86.37,D
-37.18582,140.3824,356.83,0.41,0.45,2025-03-15,0455,N20,nominal,2.0NRT,274.92,86.37,D
-37.19285,140.35013,353.98,0.41,0.45,2025-03-15,0455,N20,nominal,2.0NRT,278.44,7.59,D
-37.18783,140.37317,367,0.41,0.45,2025-03-15,0455,N20,low,2.0NRT,359.16,307.41,D
-37.18883,140.36858,367,0.41,0.45,2025-03-15,0455,N20,low,2.0NRT,345.6,307.41,D
-37.19085,140.35933,357.02,0.41,0.45,2025-03-15,0455,N20,low,2.0NRT,285.78,171.35,D
-37.19185,140.35474,357.02,0.41,0.45,2025-03-15,0455,N20,low,2.0NRT,286.25,7.59,D
-37.18275,140.37642,353.84,0.41,0.45,2025-03-15,0455,N20,nominal,2.0NRT,282.17,86.37,D
-37.18777,140.35338,353.96,0.41,0.45,2025-03-15,0455,N20,nominal,2.0NRT,283.06,7.59,D
-37.18877,140.34879,351.23,0.41,0.45,2025-03-15,0455,N20,nominal,2.0NRT,280.07,7.59,D
-37.18977,140.34419,337.48,0.41,0.45,2025-03-15,0455,N20,nominal,2.0NRT,278.71,9.22,D
-37.18174,140.38104,356.6,0.41,0.45,2025-03-15,0455,N20,low,2.0NRT,271.72,86.37,D
-37.18476,140.36719,367,0.41,0.45,2025-03-15,0455,N20,low,2.0NRT,337.15,307.41,D
-37.18577,140.36258,367,0.41,0.45,2025-03-15,0455,N20,low,2.0NRT,343.38,171.35,D
-37.17563,140.38893,349.78,0.41,0.45,2025-03-15,0455,N20,nominal,2.0NRT,276.77,8.82,D
-37.17866,140.37506,356.49,0.41,0.45,2025-03-15,0455,N20,nominal,2.0NRT,281.33,14.88,D
-37.18068,140.36584,356.5,0.41,0.45,2025-03-15,0455,N20,nominal,2.0NRT,286.3,17.12,D
-37.18169,140.36124,356.1,0.41,0.45,2025-03-15,0455,N20,nominal,2.0NRT,286.34,14.13,D
-37.18369,140.35205,353.91,0.41,0.45,2025-03-15,0455,N20,nominal,2.0NRT,279.81,6.89,D
-37.18469,140.34746,342.61,0.41,0.45,2025-03-15,0455,N20,nominal,2.0NRT,275.61,6.89,D
-37.17765,140.37968,356.81,0.41,0.45,2025-03-15,0455,N20,low,2.0NRT,273.35,14.88,D
-37.17967,140.37044,356.81,0.41,0.45,2025-03-15,0455,N20,low,2.0NRT,281.58,17.12,D
-37.18269,140.35664,356.81,0.41,0.45,2025-03-15,0455,N20,low,2.0NRT,283.81,14.13,D
-37.17054,140.39218,345.37,0.41,0.45,2025-03-15,0455,N20,nominal,2.0NRT,275.17,19.94,D
-37.17155,140.38757,344.11,0.41,0.45,2025-03-15,0455,N20,nominal,2.0NRT,283.76,8.82,D
-37.17256,140.38295,350.36,0.41,0.45,2025-03-15,0455,N20,nominal,2.0NRT,283.28,8.82,D
-37.17357,140.37834,356.61,0.41,0.45,2025-03-15,0455,N20,nominal,2.0NRT,279.75,14.88,D
-37.1776,140.35988,356.14,0.41,0.45,2025-03-15,0455,N20,nominal,2.0NRT,279.75,14.13,D
-37.1786,140.3553,350.71,0.41,0.45,2025-03-15,0455,N20,nominal,2.0NRT,278.09,14.13,D
-37.1796,140.35072,347.31,0.41,0.45,2025-03-15,0455,N20,nominal,2.0NRT,277.38,6.89,D
-37.17458,140.3737,356.67,0.41,0.45,2025-03-15,0455,N20,low,2.0NRT,279.6,14.88,D
-37.17559,140.36908,356.67,0.41,0.45,2025-03-15,0455,N20,low,2.0NRT,281.14,17.12,D
-37.1766,140.36447,356.67,0.41,0.45,2025-03-15,0455,N20,low,2.0NRT,280.79,17.12,D
-37.18145,140.37682,355.19,0.41,0.45,2025-03-15,0455,N20,nominal,2.0NRT,282.72,21.58,D
-37.18243,140.37218,354.44,0.41,0.45,2025-03-15,0455,N20,nominal,2.0NRT,282.56,75.34,D
-37.18732,140.34912,349.82,0.41,0.45,2025-03-15,0455,N20,nominal,2.0NRT,278.25,8.04,D
-37.18046,140.38147,356.42,0.41,0.45,2025-03-15,0455,N20,low,2.0NRT,271.6,21.58,D
-37.18635,140.35371,356.42,0.41,0.45,2025-03-15,0455,N20,low,2.0NRT,282.06,8.04,D
-37.17441,140.38936,345.66,0.41,0.45,2025-03-15,0455,N20,nominal,2.0NRT,283.79,14.66,D
-37.17539,140.38474,351.98,0.41,0.45,2025-03-15,0455,N20,nominal,2.0NRT,280.01,14.66,D
-37.18226,140.35239,354.03,0.41,0.45,2025-03-15,0455,N20,nominal,2.0NRT,279.68,8.04,D
-37.18324,140.34776,341.5,0.41,0.45,2025-03-15,0455,N20,nominal,2.0NRT,276.93,8.04,D
-37.17638,140.3801,355.93,0.41,0.45,2025-03-15,0455,N20,low,2.0NRT,278.42,21.58,D
-37.17736,140.37546,355.93,0.41,0.45,2025-03-15,0455,N20,low,2.0NRT,279.85,21.58,D
-37.17835,140.3708,355.93,0.41,0.45,2025-03-15,0455,N20,low,2.0NRT,280.55,75.34,D
-37.17933,140.36621,355.93,0.41,0.45,2025-03-15,0455,N20,low,2.0NRT,281.89,75.34,D
-37.18128,140.35698,355.93,0.41,0.45,2025-03-15,0455,N20,low,2.0NRT,279.57,164.89,D
-37.16934,140.39262,341.65,0.41,0.45,2025-03-15,0455,N20,nominal,2.0NRT,281.54,6.27,D
-37.17032,140.388,344.7,0.41,0.45,2025-03-15,0455,N20,nominal,2.0NRT,283.98,5.84,D
-37.17131,140.38338,346.67,0.41,0.45,2025-03-15,0455,N20,nominal,2.0NRT,284.94,5.84,D
-37.17229,140.37874,353.74,0.41,0.45,2025-03-15,0455,N20,nominal,2.0NRT,281.38,7.36,D
-37.17328,140.37408,356.23,0.41,0.45,2025-03-15,0455,N20,nominal,2.0NRT,279.82,7.36,D
-37.17525,140.36482,351.56,0.41,0.45,2025-03-15,0455,N20,nominal,2.0NRT,281.81,6.71,D
-37.17623,140.36023,343.01,0.41,0.45,2025-03-15,0455,N20,nominal,2.0NRT,279.32,5.9,D
-37.1772,140.35564,347.12,0.41,0.45,2025-03-15,0455,N20,nominal,2.0NRT,275.44,5.9,D
-37.17818,140.35104,345.37,0.41,0.45,2025-03-15,0455,N20,nominal,2.0NRT,275.44,10.97,D
-37.17427,140.36945,356.24,0.41,0.45,2025-03-15,0455,N20,low,2.0NRT,282.74,6.71,D
-37.16328,140.40053,338.64,0.41,0.45,2025-03-15,0455,N20,nominal,2.0NRT,280.17,12.45,D
-37.16426,140.3959,339.42,0.41,0.45,2025-03-15,0455,N20,nominal,2.0NRT,279.7,6.27,D
-37.16525,140.39128,338.26,0.41,0.45,2025-03-15,0455,N20,nominal,2.0NRT,284.1,6.27,D
-37.16624,140.38664,342.3,0.41,0.45,2025-03-15,0455,N20,nominal,2.0NRT,282.62,5.84,D
-37.16722,140.38202,343.05,0.41,0.45,2025-03-15,0455,N20,nominal,2.0NRT,281.74,5.84,D
-37.16821,140.37738,346.7,0.41,0.45,2025-03-15,0455,N20,nominal,2.0NRT,281.74,7.36,D
-37.1692,140.37273,345.73,0.41,0.45,2025-03-15,0455,N20,nominal,2.0NRT,279.8,7.36,D
-37.17018,140.36807,343.86,0.41,0.45,2025-03-15,0455,N20,nominal,2.0NRT,279.91,6.71,D
-37.17117,140.36346,340.5,0.41,0.45,2025-03-15,0455,N20,nominal,2.0NRT,279.54,6.71,D
-37.17215,140.35887,341.67,0.41,0.45,2025-03-15,0455,N20,nominal,2.0NRT,273.99,5.9,D
-37.15919,140.39915,336.49,0.41,0.45,2025-03-15,0455,N20,nominal,2.0NRT,279.28,5.92,D
-37.16116,140.38991,340.1,0.41,0.45,2025-03-15,0455,N20,nominal,2.0NRT,274.56,5.27,D
-37.16215,140.38528,337.14,0.41,0.45,2025-03-15,0455,N20,nominal,2.0NRT,281.98,4.01,D
-37.16314,140.38065,333.81,0.41,0.45,2025-03-15,0455,N20,nominal,2.0NRT,282.79,4.01,D
-37.16412,140.37602,335.4,0.41,0.45,2025-03-15,0455,N20,nominal,2.0NRT,281.05,2.88,D
-37.16511,140.3714,333.35,0.41,0.45,2025-03-15,0455,N20,nominal,2.0NRT,280.34,2.88,D
-37.1661,140.36676,337.03,0.41,0.45,2025-03-15,0455,N20,nominal,2.0NRT,276.8,9.61,D
-37.15707,140.38855,332.1,0.41,0.45,2025-03-15,0455,N20,nominal,2.0NRT,275.92,5.27,D
-37.15806,140.38393,334.08,0.41,0.45,2025-03-15,0455,N20,nominal,2.0NRT,278.97,4.01,D
-37.16004,140.37466,331.06,0.41,0.45,2025-03-15,0455,N20,nominal,2.0NRT,281.05,2.88,D
-37.16103,140.37003,331.74,0.41,0.45,2025-03-15,0455,N20,nominal,2.0NRT,279.45,2.88,D
-33.92243,148.33553,367,0.64,0.72,2025-03-15,0455,N20,high,2.0NRT,294.19,43.79,D
-33.92078,148.33246,350.29,0.65,0.73,2025-03-15,0455,N20,nominal,2.0NRT,299.9,55.11,D
-33.54328,147.32509,332.26,0.58,0.7,2025-03-15,0455,N20,nominal,2.0NRT,275.45,4.73,D
-33.5443,147.32196,339.11,0.58,0.7,2025-03-15,0455,N20,nominal,2.0NRT,277.42,6.28,D
-31.40333,146.61789,335.1,0.61,0.71,2025-03-15,0457,N20,nominal,2.0NRT,299.06,6.69,D
-31.40324,135.28029,353.9,0.46,0.39,2025-03-15,0457,N20,nominal,2.0NRT,317.26,16.69,D
-31.39966,135.2794,355.04,0.46,0.39,2025-03-15,0457,N20,nominal,2.0NRT,321.46,24.75,D
-31.40054,135.27461,350.04,0.45,0.39,2025-03-15,0457,N20,nominal,2.0NRT,318.1,24.75,D
-31.40141,135.26985,353.71,0.45,0.39,2025-03-15,0457,N20,nominal,2.0NRT,325.08,26.51,D
-31.40402,135.25554,349.39,0.45,0.39,2025-03-15,0457,N20,nominal,2.0NRT,319.37,9.51,D
-31.39697,135.27373,367,0.45,0.39,2025-03-15,0457,N20,high,2.0NRT,323.64,24.75,D
-31.40045,135.25465,367,0.45,0.39,2025-03-15,0457,N20,high,2.0NRT,320.63,9.51,D
-31.39871,135.26419,344.43,0.45,0.39,2025-03-15,0457,N20,low,2.0NRT,319.31,26.51,D
-31.39958,135.25943,355.85,0.45,0.39,2025-03-15,0457,N20,nominal,2.0NRT,319.16,9.51,D
-31.40132,135.24991,354.07,0.45,0.39,2025-03-15,0457,N20,nominal,2.0NRT,320.1,11.1,D
-31.39609,135.27849,367,0.46,0.39,2025-03-15,0457,N20,low,2.0NRT,330.09,24.75,D
-31.39784,135.26897,350.14,0.45,0.39,2025-03-15,0457,N20,low,2.0NRT,327.76,26.51,D
-31.39339,135.27284,367,0.45,0.39,2025-03-15,0457,N20,high,2.0NRT,324.67,34.64,D
-31.39688,135.25378,367,0.45,0.39,2025-03-15,0457,N20,high,2.0NRT,321.73,29.07,D
-31.39775,135.24902,344.78,0.45,0.39,2025-03-15,0457,N20,nominal,2.0NRT,318.97,6.58,D
-31.39165,135.28238,367,0.46,0.39,2025-03-15,0457,N20,low,2.0NRT,328.4,74.84,D
-31.39252,135.2776,367,0.46,0.39,2025-03-15,0457,N20,low,2.0NRT,329.81,34.64,D
-31.39426,135.26807,367,0.45,0.39,2025-03-15,0457,N20,low,2.0NRT,334.06,69.92,D
-31.39601,135.25853,367,0.45,0.39,2025-03-15,0457,N20,low,2.0NRT,330.87,29.07,D
-31.38894,135.2767,367,0.46,0.39,2025-03-15,0457,N20,high,2.0NRT,334.25,34.64,D
-31.38982,135.27196,367,0.45,0.39,2025-03-15,0457,N20,high,2.0NRT,323.54,34.64,D
-31.3933,135.2529,355.79,0.45,0.39,2025-03-15,0457,N20,nominal,2.0NRT,322.89,29.07,D
-31.39418,135.24814,350.5,0.45,0.39,2025-03-15,0457,N20,nominal,2.0NRT,320.26,6.58,D
-31.39069,135.26718,350.57,0.45,0.39,2025-03-15,0457,N20,low,2.0NRT,330.45,69.92,D
-31.39244,135.25764,367,0.45,0.39,2025-03-15,0457,N20,low,2.0NRT,330.38,29.07,D
-31.38624,135.27106,355.47,0.45,0.39,2025-03-15,0457,N20,nominal,2.0NRT,326.21,42.98,D
-31.38886,135.25677,350.76,0.45,0.39,2025-03-15,0457,N20,nominal,2.0NRT,319.3,5.47,D
-31.38974,135.25201,345.82,0.45,0.39,2025-03-15,0457,N20,low,2.0NRT,318.4,5.47,D
-31.38537,135.27582,367,0.46,0.39,2025-03-15,0457,N20,low,2.0NRT,334.55,42.98,D
-31.38267,135.27017,352.28,0.45,0.39,2025-03-15,0457,N20,nominal,2.0NRT,320.35,42.98,D
-31.38529,135.25589,343.79,0.45,0.39,2025-03-15,0457,N20,low,2.0NRT,318.54,5.47,D
-31.38179,135.27493,367,0.46,0.39,2025-03-15,0457,N20,low,2.0NRT,333.07,42.98,D
-31.37909,135.2693,343.51,0.45,0.39,2025-03-15,0457,N20,low,2.0NRT,318.32,38.97,D
-31.37822,135.27405,367,0.46,0.39,2025-03-15,0457,N20,low,2.0NRT,334.09,38.97,D
-31.37464,135.27318,346.73,0.46,0.39,2025-03-15,0457,N20,low,2.0NRT,320.98,38.97,D
-31.38128,135.27205,367,0.46,0.39,2025-03-15,0457,N20,low,2.0NRT,328.53,81.56,D
-31.3777,135.27116,367,0.46,0.39,2025-03-15,0457,N20,low,2.0NRT,326.89,81.56,D
-31.37413,135.27028,353.1,0.46,0.39,2025-03-15,0457,N20,nominal,2.0NRT,318.26,26,D
-31.80954,119.0515,339.49,0.49,0.65,2025-03-15,0457,N20,nominal,2.0NRT,290.44,3.66,D
-24.99459,138.68764,344.77,0.59,0.53,2025-03-15,0459,N20,nominal,2.0NRT,309.8,27.9,D
-24.99587,138.68178,348.93,0.59,0.53,2025-03-15,0459,N20,nominal,2.0NRT,309.84,18.29,D
-24.98976,138.68642,353.81,0.59,0.53,2025-03-15,0459,N20,nominal,2.0NRT,316.38,27.9,D
-24.9924,138.68541,354.79,0.6,0.53,2025-03-15,0459,N20,nominal,2.0NRT,316.33,43.41,D
-24.98632,138.69005,344.52,0.6,0.53,2025-03-15,0459,N20,nominal,2.0NRT,311.72,27.58,D
-24.98149,138.68883,352.83,0.6,0.53,2025-03-15,0459,N20,nominal,2.0NRT,311.88,27.58,D
-24.97666,138.68759,343.15,0.6,0.53,2025-03-15,0459,N20,nominal,2.0NRT,306.18,7.71,D
-24.18515,139.76208,367,0.36,0.57,2025-03-15,0459,N20,high,2.0NRT,316.72,38.23,D
-24.18436,139.76561,342.67,0.36,0.57,2025-03-15,0459,N20,nominal,2.0NRT,308.16,38.23,D
-24.16501,139.75314,349.99,0.36,0.57,2025-03-15,0459,N20,nominal,2.0NRT,309.94,7.41,D
-24.15978,139.75179,367,0.36,0.57,2025-03-15,0459,N20,high,2.0NRT,312.69,7.41,D
-24.15455,139.75043,367,0.36,0.57,2025-03-15,0459,N20,high,2.0NRT,315.43,4.33,D
-24.14932,139.74907,342.42,0.36,0.57,2025-03-15,0459,N20,nominal,2.0NRT,311.17,4.33,D
-24.15011,139.74557,342.38,0.36,0.57,2025-03-15,0459,N20,nominal,2.0NRT,313.7,4.33,D
-24.14488,139.74422,367,0.36,0.57,2025-03-15,0459,N20,high,2.0NRT,314.66,9.61,D
-25.68799,127.54272,345.26,0.43,0.38,2025-03-15,0459,N20,low,2.0NRT,318.83,1.71,D
-25.68857,127.53843,346.01,0.43,0.38,2025-03-15,0459,N20,low,2.0NRT,319,1.55,D
-20.75024,140.67842,333.92,0.48,0.65,2025-03-15,0459,N20,nominal,2.0NRT,299.51,3.75,D
-21.77368,135.53954,345.68,0.44,0.46,2025-03-15,0459,N20,nominal,2.0NRT,303.92,4.59,D
-21.7745,135.53526,337.75,0.44,0.46,2025-03-15,0459,N20,nominal,2.0NRT,298.87,4.59,D
-21.77532,135.53102,355.29,0.44,0.46,2025-03-15,0459,N20,nominal,2.0NRT,300.44,22.73,D
-21.77026,135.53433,340.81,0.44,0.46,2025-03-15,0459,N20,nominal,2.0NRT,310.21,4.59,D
-21.77108,135.53009,348.59,0.44,0.46,2025-03-15,0459,N20,nominal,2.0NRT,307.75,22.73,D
-20.73786,139.47963,333.53,0.41,0.6,2025-03-15,0459,N20,nominal,2.0NRT,298.4,2.47,D
-23.2537,122.8603,334.32,0.46,0.47,2025-03-15,0459,N20,nominal,2.0NRT,291.9,5.43,D
-23.25421,122.85572,349.77,0.47,0.47,2025-03-15,0459,N20,nominal,2.0NRT,294.22,5.43,D
-23.24932,122.85973,335.38,0.46,0.47,2025-03-15,0459,N20,nominal,2.0NRT,292.42,6.82,D
-20.34793,136.88585,341.94,0.57,0.52,2025-03-15,0459,N20,nominal,2.0NRT,309.22,14.35,D
-20.34838,136.88367,343.55,0.57,0.52,2025-03-15,0459,N20,nominal,2.0NRT,309.45,16.9,D
-20.33375,136.85768,341.93,0.57,0.52,2025-03-15,0459,N20,nominal,2.0NRT,309.92,16.46,D
-20.33483,136.85228,346.35,0.57,0.52,2025-03-15,0459,N20,nominal,2.0NRT,311.19,15.34,D
-20.30964,136.90364,344.8,0.57,0.52,2025-03-15,0459,N20,nominal,2.0NRT,312.31,23.77,D
-20.30598,136.89716,352.74,0.57,0.52,2025-03-15,0459,N20,nominal,2.0NRT,314.21,22.08,D
-19.45062,138.57211,335.47,0.38,0.59,2025-03-15,0459,N20,nominal,2.0NRT,301.21,6.79,D
-19.45139,138.56856,356.31,0.38,0.59,2025-03-15,0459,N20,nominal,2.0NRT,302.9,13.45,D
-19.44839,138.57393,367,0.38,0.59,2025-03-15,0459,N20,high,2.0NRT,303.21,10.36,D
-19.44915,138.57033,367,0.38,0.59,2025-03-15,0459,N20,high,2.0NRT,303.57,10.36,D
-19.4499,138.56676,354.77,0.38,0.59,2025-03-15,0459,N20,nominal,2.0NRT,304.22,20.8,D
-19.44073,138.58362,341.43,0.38,0.59,2025-03-15,0459,N20,nominal,2.0NRT,303.01,6.03,D
-19.44302,138.57271,337.79,0.38,0.59,2025-03-15,0459,N20,nominal,2.0NRT,304.61,10.36,D
-19.44604,138.55836,355.42,0.38,0.59,2025-03-15,0459,N20,nominal,2.0NRT,300.25,5.1,D
-19.43459,138.58607,335.41,0.38,0.59,2025-03-15,0459,N20,nominal,2.0NRT,301.26,3.35,D
-19.44068,138.55711,354.77,0.38,0.59,2025-03-15,0459,N20,nominal,2.0NRT,304.65,10.48,D
-19.44143,138.55354,355.65,0.38,0.59,2025-03-15,0459,N20,nominal,2.0NRT,307.25,10.48,D
-19.38527,138.68555,335.78,0.39,0.59,2025-03-15,0459,N20,nominal,2.0NRT,300.01,4.71,D
-19.38604,138.6819,333.24,0.39,0.59,2025-03-15,0459,N20,nominal,2.0NRT,301.07,4.58,D
-19.38141,138.67702,343.39,0.39,0.59,2025-03-15,0459,N20,nominal,2.0NRT,290.91,4.09,D
-19.38219,138.67332,341.53,0.39,0.59,2025-03-15,0459,N20,nominal,2.0NRT,297.65,2.24,D
-19.37758,138.66837,331.52,0.39,0.59,2025-03-15,0459,N20,nominal,2.0NRT,292.32,2.24,D
-19.37296,138.66348,336.16,0.39,0.59,2025-03-15,0459,N20,nominal,2.0NRT,296.17,3.76,D
-19.36912,138.65498,367,0.39,0.59,2025-03-15,0459,N20,high,2.0NRT,296.7,9,D
-19.36833,138.65863,334.28,0.39,0.59,2025-03-15,0459,N20,nominal,2.0NRT,298.41,3.76,D
-21.27607,124.20992,349.24,0.55,0.43,2025-03-15,0501,N20,nominal,2.0NRT,304.43,13.6,D
-21.26428,124.20827,336.36,0.55,0.43,2025-03-15,0501,N20,nominal,2.0NRT,303.48,9.42,D
-21.26493,124.20296,341.69,0.55,0.43,2025-03-15,0501,N20,nominal,2.0NRT,303.3,8.29,D
-21.26559,124.19766,345.02,0.55,0.43,2025-03-15,0501,N20,nominal,2.0NRT,303.94,8.29,D
-21.26625,124.19234,347.7,0.55,0.43,2025-03-15,0501,N20,nominal,2.0NRT,305.88,16.18,D
-21.2669,124.18702,338.85,0.55,0.43,2025-03-15,0501,N20,nominal,2.0NRT,302.89,16.18,D
-21.26756,124.18165,345.58,0.55,0.43,2025-03-15,0501,N20,nominal,2.0NRT,301.22,4.79,D
-21.261,124.20243,342.23,0.55,0.43,2025-03-15,0501,N20,nominal,2.0NRT,304.29,12.04,D
-21.26166,124.19711,351.84,0.55,0.43,2025-03-15,0501,N20,nominal,2.0NRT,303.68,12.04,D
-21.26231,124.1918,342.38,0.55,0.43,2025-03-15,0501,N20,nominal,2.0NRT,302.39,5.12,D
-21.26297,124.18645,340.41,0.55,0.43,2025-03-15,0501,N20,nominal,2.0NRT,302.38,5.12,D
-21.26363,124.18108,347.36,0.55,0.43,2025-03-15,0501,N20,nominal,2.0NRT,302.48,14.13,D
-19.69011,132.03662,345.25,0.46,0.39,2025-03-15,0501,N20,nominal,2.0NRT,312.55,14.35,D
-19.69086,132.0322,355.22,0.46,0.39,2025-03-15,0501,N20,nominal,2.0NRT,315.1,11.44,D
-19.69162,132.0278,350.39,0.46,0.39,2025-03-15,0501,N20,nominal,2.0NRT,315.09,11.44,D
-19.69237,132.02341,354.14,0.46,0.39,2025-03-15,0501,N20,nominal,2.0NRT,315.64,10.79,D
-19.69312,132.01901,352.94,0.46,0.39,2025-03-15,0501,N20,nominal,2.0NRT,315.24,10.79,D
-19.69388,132.0146,354.73,0.46,0.39,2025-03-15,0501,N20,nominal,2.0NRT,316.71,15.98,D
-19.69463,132.01019,344.75,0.46,0.39,2025-03-15,0501,N20,nominal,2.0NRT,313.72,15.98,D
-19.68649,132.03592,351.34,0.46,0.39,2025-03-15,0501,N20,nominal,2.0NRT,314.79,12.41,D
-19.68213,132.03964,350.36,0.46,0.39,2025-03-15,0501,N20,nominal,2.0NRT,308.16,12.41,D
-19.60949,131.82848,350.53,0.45,0.39,2025-03-15,0501,N20,nominal,2.0NRT,310.74,10.09,D
-19.61023,131.82416,354.87,0.45,0.39,2025-03-15,0501,N20,nominal,2.0NRT,310.82,10.09,D
-19.60517,131.83212,349.43,0.45,0.39,2025-03-15,0501,N20,nominal,2.0NRT,311.69,17.39,D
-19.60011,131.8401,350.72,0.46,0.39,2025-03-15,0501,N20,nominal,2.0NRT,314.93,21.85,D
-19.58652,131.83305,367,0.46,0.39,2025-03-15,0501,N20,high,2.0NRT,313.89,21.32,D
-19.57861,131.83601,344.56,0.46,0.39,2025-03-15,0501,N20,nominal,2.0NRT,303.26,7.37,D
-19.55686,131.77972,353.56,0.45,0.39,2025-03-15,0501,N20,nominal,2.0NRT,307.42,24.58,D
-19.73179,130.02144,346.79,0.4,0.37,2025-03-15,0501,N20,nominal,2.0NRT,314.62,13.02,D
-19.53655,130.15019,343.64,0.4,0.37,2025-03-15,0501,N20,nominal,2.0NRT,302.3,9.64,D
-19.51659,130.16621,356.11,0.4,0.37,2025-03-15,0501,N20,nominal,2.0NRT,309.14,15.88,D
-19.51259,130.16943,346.62,0.4,0.37,2025-03-15,0501,N20,nominal,2.0NRT,307.23,10.55,D
-19.50921,130.16881,367,0.4,0.37,2025-03-15,0501,N20,high,2.0NRT,307.57,10.55,D
-19.50245,130.1676,345.44,0.4,0.37,2025-03-15,0501,N20,nominal,2.0NRT,304.75,10.27,D
-19.47307,130.15045,341.41,0.4,0.37,2025-03-15,0501,N20,nominal,2.0NRT,309.26,14.4,D
-19.46693,130.14545,344.37,0.4,0.37,2025-03-15,0501,N20,nominal,2.0NRT,310.99,19.38,D
-19.77279,127.04619,347.07,0.4,0.37,2025-03-15,0501,N20,nominal,2.0NRT,310.61,13.59,D
-19.76886,127.0495,354.79,0.4,0.37,2025-03-15,0501,N20,nominal,2.0NRT,311.63,17.3,D
-19.766,127.04513,349.95,0.4,0.37,2025-03-15,0501,N20,nominal,2.0NRT,310.61,11.44,D
-18.84172,130.39023,352.71,0.41,0.37,2025-03-15,0501,N20,nominal,2.0NRT,311.19,6.58,D
-18.83703,130.39738,347.46,0.41,0.37,2025-03-15,0501,N20,nominal,2.0NRT,307.88,4.52,D
-18.83361,130.39679,343.27,0.41,0.37,2025-03-15,0501,N20,nominal,2.0NRT,307.02,4.52,D
-18.83019,130.39618,350.53,0.41,0.37,2025-03-15,0501,N20,nominal,2.0NRT,309.14,12.93,D
-18.82208,130.40276,340.12,0.41,0.37,2025-03-15,0501,N20,nominal,2.0NRT,308.43,5.45,D
-18.81866,130.40213,345.24,0.41,0.37,2025-03-15,0501,N20,nominal,2.0NRT,309.76,5.45,D
-18.81524,130.40154,342.4,0.41,0.37,2025-03-15,0501,N20,nominal,2.0NRT,310.14,3.64,D
-18.81182,130.40092,340.54,0.41,0.37,2025-03-15,0501,N20,nominal,2.0NRT,310.02,3.64,D
-18.81246,130.39703,343.21,0.41,0.37,2025-03-15,0501,N20,low,2.0NRT,313.43,9.55,D
-18.81222,130.40103,338.87,0.41,0.37,2025-03-15,0501,N20,low,2.0NRT,309.55,4.95,D
-18.81285,130.39714,343.44,0.41,0.37,2025-03-15,0501,N20,nominal,2.0NRT,313.07,8.12,D
-18.80943,130.39653,351.03,0.41,0.37,2025-03-15,0501,N20,nominal,2.0NRT,310.93,8.12,D
-18.80601,130.39592,348.46,0.41,0.37,2025-03-15,0501,N20,nominal,2.0NRT,310.7,8.97,D
-18.80196,130.39922,340.33,0.41,0.37,2025-03-15,0501,N20,nominal,2.0NRT,306.93,4.06,D
-18.79854,130.39861,343.1,0.41,0.37,2025-03-15,0501,N20,nominal,2.0NRT,307.28,4.71,D
-18.79575,130.39412,342.69,0.41,0.37,2025-03-15,0501,N20,nominal,2.0NRT,308.37,5.89,D
-18.79233,130.39351,342.7,0.41,0.37,2025-03-15,0501,N20,nominal,2.0NRT,307.5,7.05,D
-18.79834,130.33458,340.51,0.41,0.37,2025-03-15,0501,N20,nominal,2.0NRT,306.4,5.27,D
-18.78675,130.38452,354.86,0.41,0.37,2025-03-15,0501,N20,nominal,2.0NRT,310.66,8.46,D
-18.78396,130.38002,355.62,0.41,0.37,2025-03-15,0501,N20,nominal,2.0NRT,309.07,8.46,D
-18.78459,130.37614,350.71,0.41,0.37,2025-03-15,0501,N20,nominal,2.0NRT,309.83,9.53,D
-18.78649,130.36444,343.75,0.41,0.37,2025-03-15,0501,N20,nominal,2.0NRT,309.51,8.03,D
-18.78712,130.36055,353.2,0.41,0.37,2025-03-15,0501,N20,nominal,2.0NRT,311.15,5.05,D
-18.78774,130.35667,340.54,0.41,0.37,2025-03-15,0501,N20,nominal,2.0NRT,302.94,5.05,D
-18.78837,130.35278,345.84,0.41,0.37,2025-03-15,0501,N20,nominal,2.0NRT,310.18,18.33,D
-18.789,130.34891,351.08,0.41,0.37,2025-03-15,0501,N20,nominal,2.0NRT,311.67,18.33,D
-18.78244,130.36774,351.87,0.41,0.37,2025-03-15,0501,N20,nominal,2.0NRT,310.01,14.19,D
-18.78622,130.34439,352.78,0.41,0.37,2025-03-15,0501,N20,nominal,2.0NRT,311.98,35.22,D
-18.78343,130.33992,367,0.41,0.37,2025-03-15,0501,N20,high,2.0NRT,313.3,35.22,D
-18.77902,130.36713,338.82,0.41,0.37,2025-03-15,0501,N20,nominal,2.0NRT,307.11,14.19,D
-18.77965,130.36325,352.76,0.41,0.37,2025-03-15,0501,N20,nominal,2.0NRT,314.1,14.19,D
-18.78028,130.35934,351.74,0.41,0.37,2025-03-15,0501,N20,nominal,2.0NRT,313.45,14.7,D
-18.77813,130.35097,367,0.41,0.37,2025-03-15,0501,N20,high,2.0NRT,314.16,20.22,D
-18.77687,130.35875,343.67,0.41,0.37,2025-03-15,0501,N20,nominal,2.0NRT,310.76,16.25,D
-18.7775,130.35487,352,0.41,0.37,2025-03-15,0501,N20,nominal,2.0NRT,314.42,16.25,D
-18.77876,130.34709,355.09,0.41,0.37,2025-03-15,0501,N20,nominal,2.0NRT,316.07,20.22,D
-18.77939,130.3432,354.48,0.41,0.37,2025-03-15,0501,N20,nominal,2.0NRT,316.26,52.52,D
-19.15207,125.3494,335.22,0.46,0.39,2025-03-15,0501,N20,low,2.0NRT,305.46,3.35,D
-18.61723,127.01857,367,0.4,0.37,2025-03-15,0501,N20,high,2.0NRT,309.34,9.64,D
-18.61669,127.02234,353.51,0.4,0.37,2025-03-15,0501,N20,nominal,2.0NRT,312.95,33.61,D
-18.61777,127.0148,346.49,0.4,0.37,2025-03-15,0501,N20,nominal,2.0NRT,307.14,9.64,D
-18.57953,127.11259,354.43,0.4,0.37,2025-03-15,0501,N20,nominal,2.0NRT,310.65,15.32,D
-18.58007,127.10883,338.28,0.4,0.37,2025-03-15,0501,N20,low,2.0NRT,308.37,15.32,D
-18.57616,127.11206,350.06,0.4,0.37,2025-03-15,0501,N20,nominal,2.0NRT,310.4,7.62,D
-18.57334,127.10776,367,0.4,0.37,2025-03-15,0501,N20,high,2.0NRT,310.67,7.62,D
-18.5728,127.1115,335.35,0.4,0.37,2025-03-15,0501,N20,nominal,2.0NRT,304.49,7.62,D
-18.57388,127.104,352.96,0.4,0.37,2025-03-15,0501,N20,nominal,2.0NRT,314.91,66.15,D
-18.57051,127.10345,341.54,0.4,0.37,2025-03-15,0501,N20,nominal,2.0NRT,307.95,9.51,D
-18.38833,127.725,343.37,0.39,0.36,2025-03-15,0501,N20,nominal,2.0NRT,307.92,3.76,D
-18.38337,127.73543,332.31,0.39,0.36,2025-03-15,0501,N20,low,2.0NRT,305.08,1.04,D
-18.38554,127.72079,349.58,0.39,0.36,2025-03-15,0501,N20,nominal,2.0NRT,309.91,4.64,D
-18.38608,127.71713,344.42,0.39,0.36,2025-03-15,0501,N20,nominal,2.0NRT,309.92,4.09,D
-18.38663,127.71349,338.49,0.39,0.36,2025-03-15,0501,N20,nominal,2.0NRT,306.14,4.09,D
-18.38004,127.73489,333.79,0.39,0.36,2025-03-15,0501,N20,low,2.0NRT,304.94,1.04,D
-18.38221,127.72026,340.64,0.39,0.36,2025-03-15,0501,N20,nominal,2.0NRT,307.18,4.64,D
-18.37726,127.73068,332.21,0.39,0.36,2025-03-15,0501,N20,low,2.0NRT,304.98,2.7,D
-18.37447,127.72648,346.96,0.39,0.36,2025-03-15,0501,N20,nominal,2.0NRT,306.85,2.7,D
-18.61672,124.67368,341.91,0.48,0.4,2025-03-15,0501,N20,nominal,2.0NRT,302.56,4.61,D
-18.61121,124.6869,355.49,0.48,0.4,2025-03-15,0501,N20,nominal,2.0NRT,303.41,10.06,D
-18.61181,124.68232,332.39,0.48,0.4,2025-03-15,0501,N20,nominal,2.0NRT,302.24,2.89,D
-18.61302,124.67313,342.59,0.48,0.4,2025-03-15,0501,N20,nominal,2.0NRT,301.57,4.61,D
-18.61362,124.66855,346.46,0.48,0.4,2025-03-15,0501,N20,nominal,2.0NRT,302.47,4.61,D
-18.60992,124.668,345.4,0.48,0.4,2025-03-15,0501,N20,nominal,2.0NRT,301.34,4.77,D
-16.61379,136.15358,345.31,0.6,0.53,2025-03-15,0501,N20,nominal,2.0NRT,296.29,20.49,D
-18.21015,126.10028,347.83,0.42,0.38,2025-03-15,0501,N20,nominal,2.0NRT,304.43,4.61,D
-18.2107,126.09629,346.99,0.42,0.38,2025-03-15,0501,N20,nominal,2.0NRT,303.75,4.17,D
-18.20669,126.09975,336.23,0.42,0.38,2025-03-15,0501,N20,nominal,2.0NRT,305.13,3.59,D
-18.20724,126.09577,338.85,0.42,0.38,2025-03-15,0501,N20,nominal,2.0NRT,304.81,3.82,D
-18.20434,126.09126,335.46,0.42,0.38,2025-03-15,0501,N20,nominal,2.0NRT,302.83,3.82,D
-18.2099,126.05157,336.36,0.42,0.38,2025-03-15,0501,N20,nominal,2.0NRT,304.27,3.45,D
-18.20643,126.05103,337.2,0.42,0.38,2025-03-15,0501,N20,nominal,2.0NRT,304.51,2.3,D
-18.19189,126.12975,338,0.42,0.38,2025-03-15,0501,N20,nominal,2.0NRT,304.98,2.4,D
-18.20075,126.06638,332.15,0.42,0.38,2025-03-15,0501,N20,low,2.0NRT,303.77,1.76,D
-18.20297,126.0505,333.35,0.42,0.38,2025-03-15,0501,N20,low,2.0NRT,303.46,2.3,D
-18.19729,126.06584,347.68,0.42,0.38,2025-03-15,0501,N20,nominal,2.0NRT,303.75,5.64,D
-18.1995,126.04996,350.45,0.42,0.38,2025-03-15,0501,N20,nominal,2.0NRT,303.46,5.6,D
-18.20005,126.04599,331.38,0.42,0.38,2025-03-15,0501,N20,low,2.0NRT,304.1,5.12,D
-18.19604,126.04943,338.4,0.42,0.38,2025-03-15,0501,N20,nominal,2.0NRT,302.74,5.6,D
-18.19659,126.04545,340.49,0.42,0.38,2025-03-15,0501,N20,nominal,2.0NRT,302.38,5.12,D
-18.19313,126.0449,346.22,0.42,0.38,2025-03-15,0501,N20,nominal,2.0NRT,305.9,38.82,D
-18.16025,126.12891,351.79,0.42,0.38,2025-03-15,0501,N20,nominal,2.0NRT,308.02,7.94,D
-18.1608,126.12495,336.53,0.42,0.38,2025-03-15,0501,N20,low,2.0NRT,306.87,7.94,D
-18.15625,126.13234,348.63,0.42,0.37,2025-03-15,0501,N20,nominal,2.0NRT,307.09,5.19,D
-18.15735,126.12441,348.76,0.42,0.38,2025-03-15,0501,N20,nominal,2.0NRT,306.86,7.94,D
-18.15756,126.13222,346.87,0.42,0.37,2025-03-15,0501,N20,nominal,2.0NRT,307.05,4.15,D
-18.15812,126.12826,351.52,0.42,0.37,2025-03-15,0501,N20,nominal,2.0NRT,308.28,12.99,D
-18.15869,126.12429,346.21,0.42,0.37,2025-03-15,0501,N20,nominal,2.0NRT,307.7,12.99,D
-18.15242,126.14352,340.34,0.42,0.37,2025-03-15,0501,N20,nominal,2.0NRT,305.44,3.25,D
-18.15298,126.13958,347.12,0.42,0.37,2025-03-15,0501,N20,nominal,2.0NRT,306.48,3.25,D
-18.15355,126.13562,339.18,0.42,0.37,2025-03-15,0501,N20,nominal,2.0NRT,306.05,4.15,D
-18.15411,126.13168,340.68,0.42,0.37,2025-03-15,0501,N20,nominal,2.0NRT,305.34,4.15,D
-18.13981,126.15772,334.13,0.42,0.37,2025-03-15,0501,N20,low,2.0NRT,305.62,2.51,D
-18.13637,126.15719,340.11,0.42,0.37,2025-03-15,0501,N20,nominal,2.0NRT,305.22,2.51,D
-18.13292,126.15665,348.24,0.42,0.37,2025-03-15,0501,N20,nominal,2.0NRT,305.54,6.31,D
-18.11322,126.24567,341.93,0.41,0.37,2025-03-15,0501,N20,nominal,2.0NRT,305.32,11.06,D
-18.1081,126.25694,336,0.41,0.37,2025-03-15,0501,N20,nominal,2.0NRT,305.84,5.03,D
-18.10978,126.24513,350.42,0.41,0.37,2025-03-15,0501,N20,nominal,2.0NRT,305.24,11.06,D
-18.11034,126.24123,336.74,0.41,0.37,2025-03-15,0501,N20,low,2.0NRT,307.56,12.59,D
-18.08926,126.26596,334.76,0.41,0.37,2025-03-15,0501,N20,nominal,2.0NRT,300.93,4.08,D
-18.08981,126.26207,335.5,0.41,0.37,2025-03-15,0501,N20,nominal,2.0NRT,300.88,4.46,D
-18.0453,126.27911,342.13,0.41,0.37,2025-03-15,0501,N20,nominal,2.0NRT,305.25,3.34,D
-18.04022,126.29025,346.99,0.41,0.37,2025-03-15,0501,N20,nominal,2.0NRT,305.26,5.07,D
-18.04077,126.28636,334.14,0.41,0.37,2025-03-15,0501,N20,nominal,2.0NRT,303.11,3.48,D
-18.04132,126.28246,349.45,0.41,0.37,2025-03-15,0501,N20,nominal,2.0NRT,303.79,3.48,D
-18.04186,126.27856,338.84,0.41,0.37,2025-03-15,0501,N20,nominal,2.0NRT,305.82,3.34,D
-18.03734,126.28583,354.09,0.41,0.37,2025-03-15,0501,N20,nominal,2.0NRT,307.01,30.08,D
-18.02172,126.29986,336.62,0.41,0.37,2025-03-15,0501,N20,low,2.0NRT,308.05,8.03,D
-17.99151,126.31505,343.45,0.41,0.37,2025-03-15,0501,N20,nominal,2.0NRT,307.8,5.46,D
-17.98752,126.31845,337.32,0.41,0.37,2025-03-15,0501,N20,nominal,2.0NRT,307.05,3.54,D
-17.98808,126.31453,340.22,0.41,0.37,2025-03-15,0501,N20,nominal,2.0NRT,309.71,3.54,D
-17.98353,126.32184,353.65,0.41,0.37,2025-03-15,0501,N20,nominal,2.0NRT,307.24,5.92,D
-17.98409,126.31793,337.39,0.41,0.37,2025-03-15,0501,N20,low,2.0NRT,307.86,3.54,D
-17.98465,126.314,343.05,0.41,0.37,2025-03-15,0501,N20,nominal,2.0NRT,310.47,3.54,D
-17.9852,126.3101,340.27,0.41,0.37,2025-03-15,0501,N20,nominal,2.0NRT,307.74,8.37,D
-17.98122,126.31348,348.97,0.41,0.37,2025-03-15,0501,N20,nominal,2.0NRT,313.53,27.36,D
-17.98178,126.30959,336.15,0.41,0.37,2025-03-15,0501,N20,low,2.0NRT,306.98,8.29,D
-17.97779,126.31294,352.97,0.41,0.37,2025-03-15,0501,N20,nominal,2.0NRT,314.02,27.36,D
-17.97835,126.30905,335.04,0.41,0.37,2025-03-15,0501,N20,low,2.0NRT,307.19,8.29,D
-17.97381,126.31631,341.99,0.41,0.37,2025-03-15,0501,N20,nominal,2.0NRT,310.06,6.29,D
-17.97437,126.31241,336.47,0.41,0.37,2025-03-15,0501,N20,low,2.0NRT,308.05,6.29,D
-17.9653,126.32693,342.09,0.41,0.37,2025-03-15,0501,N20,nominal,2.0NRT,307.14,6.4,D
-17.96585,126.32304,336.83,0.41,0.37,2025-03-15,0501,N20,nominal,2.0NRT,306.01,4.31,D
-17.96696,126.31522,343.85,0.41,0.37,2025-03-15,0501,N20,nominal,2.0NRT,307.92,3.46,D
-17.96188,126.3264,339.09,0.41,0.37,2025-03-15,0501,N20,nominal,2.0NRT,306.28,6.4,D
-17.96243,126.32249,334.84,0.41,0.37,2025-03-15,0501,N20,low,2.0NRT,305.64,4.31,D
-17.96298,126.3186,340.68,0.41,0.37,2025-03-15,0501,N20,nominal,2.0NRT,306.81,4.31,D
-17.96354,126.31469,334.99,0.41,0.37,2025-03-15,0501,N20,low,2.0NRT,306.52,3.46,D
-17.94708,126.33204,334.18,0.41,0.37,2025-03-15,0501,N20,nominal,2.0NRT,302.86,2.33,D
-17.9442,126.32764,346.36,0.41,0.37,2025-03-15,0501,N20,nominal,2.0NRT,305.74,7.71,D
-17.92941,126.33323,340.94,0.41,0.37,2025-03-15,0501,N20,nominal,2.0NRT,306.28,10.17,D
-17.92996,126.32936,350.42,0.41,0.37,2025-03-15,0501,N20,nominal,2.0NRT,308.7,10.17,D
-17.92436,126.34428,346.06,0.41,0.37,2025-03-15,0501,N20,nominal,2.0NRT,309.53,10.3,D
-17.90866,126.38131,334.2,0.41,0.37,2025-03-15,0501,N20,low,2.0NRT,305.27,4.23,D
-17.88543,126.37398,340.88,0.41,0.37,2025-03-15,0501,N20,nominal,2.0NRT,307.42,6.54,D
-17.88598,126.37011,349.84,0.41,0.37,2025-03-15,0501,N20,nominal,2.0NRT,308.82,6.54,D
-17.87859,126.37292,338.36,0.41,0.37,2025-03-15,0501,N20,low,2.0NRT,309.66,6.46,D
-17.85965,126.23544,341.54,0.41,0.37,2025-03-15,0501,N20,nominal,2.0NRT,307.24,10.59,D
-17.85621,126.23492,334.53,0.41,0.37,2025-03-15,0501,N20,low,2.0NRT,306.97,3.61,D
-17.85278,126.23438,335.37,0.41,0.37,2025-03-15,0501,N20,low,2.0NRT,307.48,3.61,D
-17.85333,126.23051,343.25,0.41,0.37,2025-03-15,0501,N20,nominal,2.0NRT,307.45,3.61,D
-17.8499,126.22998,345.27,0.41,0.37,2025-03-15,0501,N20,nominal,2.0NRT,307.12,7.79,D
-17.84303,126.2289,350.46,0.41,0.37,2025-03-15,0501,N20,nominal,2.0NRT,306.29,4.21,D
-16.89302,132.05099,350.78,0.5,0.41,2025-03-15,0501,N20,nominal,2.0NRT,307.64,17.17,D
-16.89382,132.04626,348.35,0.5,0.41,2025-03-15,0501,N20,nominal,2.0NRT,305.98,17.17,D
-16.88927,132.05029,367,0.5,0.41,2025-03-15,0501,N20,high,2.0NRT,308.46,17.17,D
-16.89007,132.04556,353.7,0.5,0.41,2025-03-15,0501,N20,nominal,2.0NRT,310.56,17.17,D
-17.8016,126.22728,336.95,0.41,0.37,2025-03-15,0501,N20,nominal,2.0NRT,300.34,4.2,D
-16.88471,132.05431,348.98,0.5,0.41,2025-03-15,0501,N20,nominal,2.0NRT,304.71,9.46,D
-16.88551,132.04958,354.6,0.5,0.41,2025-03-15,0501,N20,nominal,2.0NRT,309.17,45.57,D
-16.88095,132.0536,345.58,0.5,0.41,2025-03-15,0501,N20,nominal,2.0NRT,302.71,9.46,D
-17.78103,126.22398,331.54,0.41,0.37,2025-03-15,0501,N20,low,2.0NRT,303.59,2.01,D
-17.78157,126.22013,333.32,0.41,0.37,2025-03-15,0501,N20,low,2.0NRT,303.64,2.01,D
-17.77761,126.22337,331.46,0.41,0.37,2025-03-15,0501,N20,low,2.0NRT,302.74,2.59,D
-17.77816,126.21951,336.16,0.41,0.37,2025-03-15,0501,N20,nominal,2.0NRT,303.02,2.59,D
-17.77869,126.21575,334.09,0.41,0.37,2025-03-15,0501,N20,nominal,2.0NRT,303.04,2.74,D
-17.77418,126.2228,337.1,0.41,0.37,2025-03-15,0501,N20,nominal,2.0NRT,300.92,2.59,D
-17.77473,126.21893,339.56,0.41,0.37,2025-03-15,0501,N20,nominal,2.0NRT,303.62,2.59,D
-17.77527,126.21512,336.85,0.41,0.37,2025-03-15,0501,N20,nominal,2.0NRT,300.2,2.74,D
-16.84044,132.04134,353.38,0.5,0.41,2025-03-15,0501,N20,nominal,2.0NRT,304.58,26.13,D
-17.75648,126.22393,333.09,0.41,0.37,2025-03-15,0501,N20,nominal,2.0NRT,299.15,4.06,D
-17.70987,126.25635,330.52,0.41,0.37,2025-03-15,0501,N20,low,2.0NRT,302.32,1.87,D
-17.74133,125.63764,331.89,0.43,0.38,2025-03-15,0501,N20,nominal,2.0NRT,299.56,3.78,D
-17.72254,125.61816,334.23,0.43,0.38,2025-03-15,0501,N20,nominal,2.0NRT,300.86,5.34,D
-17.3168,124.71329,333.36,0.47,0.4,2025-03-15,0501,N20,nominal,2.0NRT,291.95,5.32,D
-17.04073,124.30245,332.66,0.49,0.4,2025-03-15,0501,N20,nominal,2.0NRT,290.22,3.74,D
-17.03702,124.30192,334.16,0.49,0.4,2025-03-15,0501,N20,nominal,2.0NRT,289.02,3.74,D
-17.03763,124.29733,338.69,0.49,0.4,2025-03-15,0501,N20,nominal,2.0NRT,290.66,3.74,D
-17.03453,124.29221,340.74,0.49,0.4,2025-03-15,0501,N20,nominal,2.0NRT,289.83,4.78,D
-16.40401,127.35385,335.18,0.39,0.36,2025-03-15,0501,N20,nominal,2.0NRT,300.79,4.9,D
-16.39009,127.33317,335.55,0.39,0.36,2025-03-15,0501,N20,low,2.0NRT,305.91,5.99,D
-16.38784,127.32544,347.47,0.39,0.36,2025-03-15,0501,N20,nominal,2.0NRT,308.35,10.89,D
-16.38838,127.32182,334.91,0.39,0.36,2025-03-15,0501,N20,nominal,2.0NRT,304.9,5.21,D
-16.38451,127.32489,367,0.39,0.36,2025-03-15,0501,N20,high,2.0NRT,307.55,10.32,D
-16.38236,127.33932,336.7,0.39,0.36,2025-03-15,0501,N20,nominal,2.0NRT,306.21,5.24,D
-16.3829,127.33571,353.44,0.39,0.36,2025-03-15,0501,N20,nominal,2.0NRT,308.27,6.32,D
-16.38344,127.3321,347.39,0.39,0.36,2025-03-15,0501,N20,nominal,2.0NRT,306.98,6.32,D
-16.38398,127.3285,351.69,0.39,0.36,2025-03-15,0501,N20,nominal,2.0NRT,308.11,10.32,D
-15.99788,128.19931,331.82,0.39,0.36,2025-03-15,0501,N20,nominal,2.0NRT,298.05,3.25,D
-15.99401,128.20238,331.27,0.39,0.36,2025-03-15,0501,N20,nominal,2.0NRT,297.16,3.09,D
-15.98736,128.20129,330.59,0.39,0.36,2025-03-15,0501,N20,nominal,2.0NRT,299.44,2.61,D
-15.95083,128.12895,332.02,0.38,0.36,2025-03-15,0501,N20,nominal,2.0NRT,298.1,4.13,D
-15.94363,128.13148,330.31,0.38,0.36,2025-03-15,0501,N20,nominal,2.0NRT,297.74,3.21,D
-15.8153,127.21262,341.71,0.39,0.36,2025-03-15,0501,N20,nominal,2.0NRT,303.68,4.01,D
-15.81584,127.20899,336.68,0.39,0.36,2025-03-15,0501,N20,nominal,2.0NRT,304.75,4.01,D
-15.32717,130.31319,332.36,0.44,0.38,2025-03-15,0501,N20,nominal,2.0NRT,300.25,5.02,D
-15.81198,127.21208,339.06,0.39,0.36,2025-03-15,0501,N20,nominal,2.0NRT,304.54,3.31,D
-15.81306,127.20486,340.13,0.39,0.36,2025-03-15,0501,N20,nominal,2.0NRT,304.81,5.81,D
-15.80866,127.21155,335.79,0.39,0.36,2025-03-15,0501,N20,nominal,2.0NRT,303.13,3.31,D
-15.8092,127.20795,342.5,0.39,0.36,2025-03-15,0501,N20,nominal,2.0NRT,305.06,3.31,D
-15.80641,127.20382,349.41,0.39,0.36,2025-03-15,0501,N20,nominal,2.0NRT,304.37,4.66,D
-15.80695,127.20021,336.18,0.39,0.36,2025-03-15,0501,N20,nominal,2.0NRT,302.68,4.66,D
-15.59273,127.11398,342.63,0.39,0.36,2025-03-15,0501,N20,nominal,2.0NRT,299.23,7.3,D
-15.61142,126.96573,332.17,0.39,0.36,2025-03-15,0501,N20,nominal,2.0NRT,301.59,4.82,D
-15.60809,126.96519,345.25,0.39,0.36,2025-03-15,0501,N20,nominal,2.0NRT,301.97,4.82,D
-15.60863,126.96158,348.18,0.39,0.36,2025-03-15,0501,N20,nominal,2.0NRT,301.88,4.82,D
-15.60422,126.96827,339.41,0.39,0.36,2025-03-15,0501,N20,nominal,2.0NRT,302.64,4.69,D
-15.6053,126.96104,338,0.39,0.36,2025-03-15,0501,N20,nominal,2.0NRT,303.72,3.41,D
-15.60583,126.95744,340.86,0.39,0.36,2025-03-15,0501,N20,nominal,2.0NRT,303.55,3.2,D
-15.60637,126.95383,343.84,0.39,0.36,2025-03-15,0501,N20,nominal,2.0NRT,303.29,3.2,D
-15.60143,126.96413,340.23,0.39,0.36,2025-03-15,0501,N20,nominal,2.0NRT,302.74,3.41,D
-15.60196,126.96051,332.68,0.39,0.36,2025-03-15,0501,N20,low,2.0NRT,303.06,3.41,D
-15.60304,126.9533,330.36,0.39,0.36,2025-03-15,0501,N20,nominal,2.0NRT,303.19,3.2,D
-15.60357,126.94969,344.98,0.39,0.36,2025-03-15,0501,N20,nominal,2.0NRT,312.59,65.19,D
-15.5997,126.95277,367,0.39,0.36,2025-03-15,0501,N20,high,2.0NRT,305.67,13.39,D
-15.59917,126.95639,349.32,0.39,0.36,2025-03-15,0501,N20,nominal,2.0NRT,302.84,13.39,D
-15.52934,127.17387,341.32,0.39,0.36,2025-03-15,0501,N20,nominal,2.0NRT,304.05,2.61,D
-45.47982,170.76613,301.62,0.56,0.43,2025-03-15,1255,N20,nominal,2.0NRT,283.84,0.76,N
-22.03773,146.36176,302.41,0.58,0.69,2025-03-15,1431,N20,nominal,2.0NRT,288.84,2.05,N
-23.0468,148.59166,306.54,0.4,0.6,2025-03-15,1431,N20,nominal,2.0NRT,287.25,0.93,N
-23.75348,151.18803,297.67,0.54,0.51,2025-03-15,1431,N20,nominal,2.0NRT,275.85,0.56,N
-23.8262,151.15102,303.72,0.54,0.51,2025-03-15,1431,N20,nominal,2.0NRT,277.4,1.28,N
-23.86463,151.28851,295.56,0.53,0.5,2025-03-15,1431,N20,nominal,2.0NRT,273.35,1.08,N
-23.97906,151.22076,310.6,0.53,0.5,2025-03-15,1431,N20,nominal,2.0NRT,285.51,1.81,N
-24.23542,151.5388,300.59,0.5,0.49,2025-03-15,1431,N20,nominal,2.0NRT,285.28,1.27,N
-24.52442,151.96745,302.25,0.47,0.47,2025-03-15,1431,N20,nominal,2.0NRT,284.71,0.55,N
-24.22626,150.50491,314.84,0.58,0.52,2025-03-15,1431,N20,nominal,2.0NRT,291.68,2.69,N
-24.65236,151.81207,301.94,0.47,0.48,2025-03-15,1431,N20,nominal,2.0NRT,289.68,0.67,N
-24.4147,148.88013,306.47,0.36,0.57,2025-03-15,1431,N20,nominal,2.0NRT,291.47,1.12,N
-24.41912,148.87521,309.6,0.36,0.57,2025-03-15,1431,N20,nominal,2.0NRT,291.67,1,N
-24.41991,148.87874,313.3,0.36,0.57,2025-03-15,1431,N20,nominal,2.0NRT,291.56,1,N
-24.42071,148.88225,307.91,0.36,0.57,2025-03-15,1431,N20,nominal,2.0NRT,291.43,0.94,N
-25.60419,152.51451,301.15,0.41,0.45,2025-03-15,1431,N20,nominal,2.0NRT,289.08,0.46,N
-25.60502,152.51859,307.46,0.41,0.45,2025-03-15,1431,N20,nominal,2.0NRT,288.83,0.46,N
-24.7659,147.80148,306.73,0.41,0.61,2025-03-15,1431,N20,nominal,2.0NRT,288.5,1.1,N
-25.33998,148.92603,300.93,0.34,0.56,2025-03-15,1431,N20,nominal,2.0NRT,290.66,0.28,N
-26.63865,151.82396,326.11,0.43,0.46,2025-03-15,1431,N20,nominal,2.0NRT,288.81,1.94,N
-26.64283,151.82292,319.1,0.43,0.46,2025-03-15,1431,N20,nominal,2.0NRT,288.38,1.3,N
-27.03641,150.6958,301.6,0.49,0.49,2025-03-15,1433,N20,nominal,2.0NRT,290.59,0.28,N
-27.5823,152.80414,310.89,0.55,0.43,2025-03-15,1433,N20,nominal,2.0NRT,290.16,1.05,N
-27.63158,150.96204,301.05,0.46,0.47,2025-03-15,1433,N20,nominal,2.0NRT,290.99,1.17,N
-27.52131,149.63216,305.37,0.56,0.51,2025-03-15,1433,N20,nominal,2.0NRT,292.56,0.94,N
-28.66807,149.9783,321.21,0.5,0.49,2025-03-15,1433,N20,nominal,2.0NRT,291.33,2.48,N
-28.66917,149.98343,308.8,0.5,0.49,2025-03-15,1433,N20,nominal,2.0NRT,291.42,1.14,N
-28.6688,149.97778,323.02,0.5,0.49,2025-03-15,1433,N20,nominal,2.0NRT,291.97,2.27,N
-28.66993,149.98291,313.97,0.5,0.49,2025-03-15,1433,N20,nominal,2.0NRT,291.87,2.27,N
-28.5048,148.95697,315.34,0.58,0.52,2025-03-15,1433,N20,nominal,2.0NRT,293.4,2.74,N
-28.50613,148.96288,307.11,0.58,0.52,2025-03-15,1433,N20,nominal,2.0NRT,293.26,1.3,N
-28.61917,147.35785,308.99,0.36,0.57,2025-03-15,1433,N20,nominal,2.0NRT,294.45,0.63,N
-28.64004,147.33322,304.69,0.36,0.57,2025-03-15,1433,N20,nominal,2.0NRT,294.31,0.74,N
-29.57715,149.21487,303.25,0.53,0.5,2025-03-15,1433,N20,nominal,2.0NRT,291.09,0.96,N
-29.58052,149.20804,309.49,0.53,0.5,2025-03-15,1433,N20,nominal,2.0NRT,291.16,0.96,N
-29.85993,150.35649,300.49,0.45,0.47,2025-03-15,1433,N20,nominal,2.0NRT,289.2,0.47,N
-30.34921,151.70218,307.74,0.57,0.43,2025-03-15,1433,N20,nominal,2.0NRT,284.15,1.13,N
-30.35314,151.70114,303.39,0.57,0.43,2025-03-15,1433,N20,nominal,2.0NRT,284.35,1.28,N
-30.35105,151.70081,318.64,0.57,0.43,2025-03-15,1433,N20,nominal,2.0NRT,284.12,2.79,N
-31.37438,151.42316,295.44,0.56,0.43,2025-03-15,1433,N20,nominal,2.0NRT,285.02,1.02,N
-31.40046,146.60742,309.08,0.34,0.56,2025-03-15,1433,N20,nominal,2.0NRT,284.02,1.12,N
-31.40131,146.61098,312.86,0.34,0.56,2025-03-15,1433,N20,nominal,2.0NRT,284.67,1.81,N
-33.76571,150.84937,308.41,0.54,0.42,2025-03-15,1433,N20,nominal,2.0NRT,291.99,1.15,N
-34.45153,150.87784,305.74,0.53,0.42,2025-03-15,1433,N20,nominal,2.0NRT,289.36,1.52,N
-34.45533,150.87671,323.31,0.53,0.42,2025-03-15,1433,N20,nominal,2.0NRT,289.52,2.84,N
-34.45647,150.8824,304.66,0.53,0.42,2025-03-15,1433,N20,nominal,2.0NRT,289.8,2.84,N
-34.46027,150.88129,332.98,0.53,0.42,2025-03-15,1433,N20,nominal,2.0NRT,290.58,2.84,N
-34.46141,150.88698,309.46,0.53,0.42,2025-03-15,1433,N20,nominal,2.0NRT,291.08,2.66,N
-34.46634,150.89154,310.37,0.53,0.42,2025-03-15,1433,N20,nominal,2.0NRT,291.86,1.84,N
-36.67536,148.44669,299.68,0.42,0.45,2025-03-15,1435,N20,nominal,2.0NRT,283.29,0.25,N
-38.22816,147.16373,312.47,0.45,0.47,2025-03-15,1435,N20,nominal,2.0NRT,278.29,1.38,N
-16.61057,136.17397,310.73,0.39,0.36,2025-03-15,1611,N20,nominal,2.0NRT,295.3,0.89,N
-16.63109,136.17427,311.07,0.39,0.36,2025-03-15,1611,N20,nominal,2.0NRT,294.74,1.06,N
-15.93566,128.13487,306.72,0.54,0.51,2025-03-15,1611,N20,nominal,2.0NRT,286.43,1.75,N
-15.82261,127.21697,305.47,0.62,0.54,2025-03-15,1611,N20,nominal,2.0NRT,284.59,1.38,N
-15.8373,127.21349,315.7,0.62,0.54,2025-03-15,1611,N20,nominal,2.0NRT,285.11,2.42,N
-15.82461,127.2215,306.1,0.62,0.54,2025-03-15,1611,N20,nominal,2.0NRT,284.68,2.11,N
-15.83926,127.21787,338.01,0.62,0.54,2025-03-15,1611,N20,nominal,2.0NRT,285.59,4.42,N
-15.83814,127.21229,311.34,0.62,0.54,2025-03-15,1611,N20,nominal,2.0NRT,285.06,4.42,N
-15.84415,127.21671,332.36,0.62,0.54,2025-03-15,1611,N20,nominal,2.0NRT,284.88,4.42,N
-15.84301,127.21104,306.73,0.62,0.54,2025-03-15,1611,N20,nominal,2.0NRT,284.23,4.42,N
-16.83949,132.02632,312.1,0.46,0.39,2025-03-15,1611,N20,nominal,2.0NRT,292.78,1.81,N
-16.85051,132.04666,310.61,0.46,0.39,2025-03-15,1611,N20,nominal,2.0NRT,293,1.36,N
-16.85126,132.05098,309.77,0.46,0.39,2025-03-15,1611,N20,nominal,2.0NRT,293.41,1.36,N
-16.88293,132.04057,308.33,0.46,0.39,2025-03-15,1611,N20,nominal,2.0NRT,294.05,0.81,N
-16.88367,132.04491,311.41,0.46,0.39,2025-03-15,1611,N20,nominal,2.0NRT,293.92,0.81,N
-16.88442,132.04922,306.9,0.46,0.39,2025-03-15,1611,N20,nominal,2.0NRT,293.96,1.93,N
-16.88653,132.0399,307.66,0.46,0.39,2025-03-15,1611,N20,nominal,2.0NRT,293.79,0.81,N
-16.88727,132.0442,306.98,0.46,0.39,2025-03-15,1611,N20,nominal,2.0NRT,293.75,0.81,N
-16.88938,132.03488,308.73,0.46,0.39,2025-03-15,1611,N20,nominal,2.0NRT,294.05,1.05,N
-16.89013,132.03922,308.94,0.46,0.39,2025-03-15,1611,N20,nominal,2.0NRT,293.97,1.86,N
-16.89087,132.04353,312.3,0.46,0.39,2025-03-15,1611,N20,nominal,2.0NRT,294.01,1.86,N
-16.89162,132.04784,308.44,0.46,0.39,2025-03-15,1611,N20,nominal,2.0NRT,293.92,1.29,N
-16.89237,132.05217,310.36,0.46,0.39,2025-03-15,1611,N20,nominal,2.0NRT,294.33,1.29,N
-16.89312,132.05649,307.44,0.46,0.39,2025-03-15,1611,N20,nominal,2.0NRT,294.11,1.37,N
-16.89447,132.04285,331.48,0.46,0.39,2025-03-15,1611,N20,nominal,2.0NRT,294.48,1.86,N
-16.89522,132.04716,318.34,0.46,0.39,2025-03-15,1611,N20,nominal,2.0NRT,294.09,1.29,N
-16.89597,132.05148,314.28,0.46,0.39,2025-03-15,1611,N20,nominal,2.0NRT,294.14,1.29,N
-16.89671,132.05579,319.54,0.46,0.39,2025-03-15,1611,N20,nominal,2.0NRT,294.13,1.37,N
-16.25628,127.31623,302.31,0.6,0.53,2025-03-15,1611,N20,nominal,2.0NRT,280.83,0.32,N
-17.82618,134.46646,307.72,0.39,0.36,2025-03-15,1611,N20,nominal,2.0NRT,294.23,1.02,N
-17.83613,134.46472,308.26,0.39,0.36,2025-03-15,1611,N20,nominal,2.0NRT,293.91,1.25,N
-17.83671,134.46835,308.15,0.39,0.36,2025-03-15,1611,N20,nominal,2.0NRT,293.88,1.04,N
-17.83945,134.46413,313.65,0.39,0.36,2025-03-15,1611,N20,nominal,2.0NRT,294.45,1.31,N
-18.34997,132.70177,320.36,0.42,0.38,2025-03-15,1611,N20,nominal,2.0NRT,295.97,1.75,N
-18.35342,132.70114,314.85,0.42,0.38,2025-03-15,1611,N20,nominal,2.0NRT,295.65,1.43,N
-18.3582,132.70842,307.82,0.42,0.38,2025-03-15,1611,N20,nominal,2.0NRT,296.15,0.92,N
-18.36045,132.70905,318.5,0.42,0.38,2025-03-15,1611,N20,nominal,2.0NRT,296.66,2.11,N
-18.3639,132.7084,310.63,0.42,0.38,2025-03-15,1611,N20,nominal,2.0NRT,296.11,1.06,N
-18.36458,132.71237,312.64,0.42,0.38,2025-03-15,1611,N20,nominal,2.0NRT,295.68,1.06,N
-18.36802,132.71172,318.65,0.42,0.38,2025-03-15,1611,N20,nominal,2.0NRT,296.19,1.06,N
-18.37079,132.70712,309.47,0.42,0.38,2025-03-15,1611,N20,nominal,2.0NRT,296.12,1.33,N
-19.3714,138.66792,307.84,0.49,0.41,2025-03-15,1611,N20,nominal,2.0NRT,293.87,2.99,N
-19.99681,139.64717,313.55,0.57,0.43,2025-03-15,1611,N20,nominal,2.0NRT,293.21,5.7,N
-20.00149,139.65201,329.09,0.57,0.43,2025-03-15,1611,N20,nominal,2.0NRT,294.2,4.79,N
-20.00078,139.64653,313.74,0.57,0.43,2025-03-15,1611,N20,nominal,2.0NRT,293.86,4.97,N
-20.00547,139.6514,321.04,0.57,0.43,2025-03-15,1611,N20,nominal,2.0NRT,293.67,4.79,N
-20.01413,139.65565,322.47,0.57,0.43,2025-03-15,1611,N20,nominal,2.0NRT,293.61,6.44,N
-20.04708,139.62859,307.98,0.57,0.43,2025-03-15,1611,N20,nominal,2.0NRT,293.03,2.17,N
-20.05107,139.6281,318.78,0.57,0.43,2025-03-15,1611,N20,nominal,2.0NRT,293.29,2.17,N
-20.05178,139.63348,312.13,0.57,0.43,2025-03-15,1611,N20,nominal,2.0NRT,293.07,2.18,N
-20.05249,139.63884,313.04,0.57,0.43,2025-03-15,1611,N20,nominal,2.0NRT,293.07,2.18,N
-20.03914,139.64496,307.38,0.57,0.43,2025-03-15,1611,N20,nominal,2.0NRT,292.5,2.94,N
-20.04904,139.62689,310.01,0.57,0.43,2025-03-15,1611,N20,nominal,2.0NRT,292.98,2.31,N
-20.05039,139.6377,311.19,0.57,0.43,2025-03-15,1611,N20,nominal,2.0NRT,293.08,2.46,N
-20.05302,139.62637,317.87,0.57,0.43,2025-03-15,1611,N20,nominal,2.0NRT,293.32,2.31,N
-20.0537,139.63179,313.51,0.57,0.43,2025-03-15,1611,N20,nominal,2.0NRT,293.08,2.31,N
-20.05437,139.63715,311.63,0.57,0.43,2025-03-15,1611,N20,nominal,2.0NRT,293.46,2.46,N
-20.74878,140.68121,308,0.45,0.47,2025-03-15,1611,N20,nominal,2.0NRT,291,0.59,N
-20.30234,136.90092,309.3,0.42,0.38,2025-03-15,1611,N20,nominal,2.0NRT,295.53,1,N
-18.61789,126.99879,312.6,0.57,0.52,2025-03-15,1611,N20,nominal,2.0NRT,291.67,4.26,N
-18.61999,127.00951,316,0.57,0.52,2025-03-15,1611,N20,nominal,2.0NRT,291.95,5.43,N
-18.62157,126.99241,337.37,0.57,0.52,2025-03-15,1611,N20,nominal,2.0NRT,292.2,7.85,N
-18.62052,126.98703,316.69,0.57,0.52,2025-03-15,1611,N20,nominal,2.0NRT,292.11,7.85,N
-18.62262,126.99778,312.22,0.57,0.52,2025-03-15,1611,N20,nominal,2.0NRT,291.74,4.26,N
-18.62367,127.00314,307.09,0.57,0.52,2025-03-15,1611,N20,nominal,2.0NRT,291.83,4.26,N
-18.62473,127.00851,309.77,0.57,0.52,2025-03-15,1611,N20,nominal,2.0NRT,292.15,5.43,N
-18.61812,126.99868,311.27,0.57,0.52,2025-03-15,1611,N20,nominal,2.0NRT,291.72,5.73,N
-18.62031,127.00938,318.9,0.57,0.52,2025-03-15,1611,N20,nominal,2.0NRT,292.12,5.22,N
-20.33314,136.85645,318.59,0.42,0.38,2025-03-15,1611,N20,nominal,2.0NRT,296.14,2.09,N
-18.62177,126.99232,336.55,0.57,0.52,2025-03-15,1611,N20,nominal,2.0NRT,292.32,5.73,N
-20.33603,136.85184,329.35,0.42,0.38,2025-03-15,1611,N20,nominal,2.0NRT,296.45,2.09,N
-18.62067,126.98695,314.48,0.57,0.52,2025-03-15,1611,N20,nominal,2.0NRT,291.65,9.34,N
-18.62286,126.99767,318.79,0.57,0.52,2025-03-15,1611,N20,nominal,2.0NRT,292.08,5.73,N
-18.62504,127.00838,310.84,0.57,0.52,2025-03-15,1611,N20,nominal,2.0NRT,292.03,5.22,N
-20.33372,136.83569,310.91,0.42,0.38,2025-03-15,1611,N20,nominal,2.0NRT,295.55,1.1,N
-18.62432,126.98055,340.51,0.57,0.52,2025-03-15,1611,N20,nominal,2.0NRT,291.91,10.74,N
-18.6265,126.99129,322.37,0.57,0.52,2025-03-15,1611,N20,nominal,2.0NRT,292.36,10.25,N
-20.34527,136.89177,314.46,0.42,0.38,2025-03-15,1611,N20,nominal,2.0NRT,295.99,1.29,N
-18.63124,126.99026,340.08,0.57,0.52,2025-03-15,1611,N20,nominal,2.0NRT,294.15,10.25,N
-20.34816,136.88716,320.3,0.42,0.38,2025-03-15,1611,N20,nominal,2.0NRT,296.23,1.23,N
-18.62797,126.97417,314.63,0.57,0.52,2025-03-15,1611,N20,nominal,2.0NRT,291.4,9.93,N
-18.63014,126.98489,313.13,0.57,0.52,2025-03-15,1611,N20,nominal,2.0NRT,290.65,10.74,N
-20.34758,136.8831,306.57,0.42,0.38,2025-03-15,1611,N20,nominal,2.0NRT,295.24,1.23,N
-18.63597,126.98927,312.34,0.57,0.52,2025-03-15,1611,N20,nominal,2.0NRT,291.52,7.72,N
-20.35047,136.87849,307.32,0.42,0.38,2025-03-15,1611,N20,nominal,2.0NRT,295.92,2.09,N
-20.35105,136.88254,316.29,0.42,0.38,2025-03-15,1611,N20,nominal,2.0NRT,296.21,1.28,N
-20.35163,136.8866,307.67,0.42,0.38,2025-03-15,1611,N20,nominal,2.0NRT,295.82,1.28,N
-20.35336,136.87387,323.4,0.42,0.38,2025-03-15,1611,N20,nominal,2.0NRT,296.24,2.09,N
-20.35394,136.87793,342.11,0.42,0.38,2025-03-15,1611,N20,nominal,2.0NRT,297.73,2.09,N
-20.35452,136.88197,315.46,0.42,0.38,2025-03-15,1611,N20,nominal,2.0NRT,296.28,1.28,N
-20.35741,136.87738,341.36,0.42,0.38,2025-03-15,1611,N20,nominal,2.0NRT,299.06,4.84,N
-19.54555,131.76923,314.52,0.44,0.39,2025-03-15,1611,N20,nominal,2.0NRT,293.52,1.38,N
-19.54629,131.77344,313.21,0.44,0.39,2025-03-15,1611,N20,nominal,2.0NRT,293.1,1.13,N
-20.35683,136.87332,316.71,0.42,0.38,2025-03-15,1611,N20,nominal,2.0NRT,295.65,4.84,N
-20.3603,136.87277,310.33,0.42,0.38,2025-03-15,1611,N20,nominal,2.0NRT,295.83,4.84,N
-20.73214,139.47578,330.15,0.57,0.43,2025-03-15,1611,N20,nominal,2.0NRT,295.23,3.42,N
-20.73611,139.47517,310.16,0.57,0.43,2025-03-15,1611,N20,nominal,2.0NRT,294.23,3.42,N
-19.6129,131.82127,305.59,0.44,0.38,2025-03-15,1611,N20,nominal,2.0NRT,294.03,0.86,N
-19.66095,132.03929,310.14,0.43,0.38,2025-03-15,1611,N20,nominal,2.0NRT,295.15,0.73,N
-19.66197,132.04001,314.13,0.43,0.38,2025-03-15,1611,N20,nominal,2.0NRT,295.13,1.06,N
-19.66617,132.04344,310.18,0.43,0.38,2025-03-15,1611,N20,nominal,2.0NRT,295.13,1.37,N
-19.66966,132.04276,321.84,0.43,0.38,2025-03-15,1611,N20,nominal,2.0NRT,295.88,1.37,N
-19.67314,132.04208,308.72,0.43,0.38,2025-03-15,1611,N20,nominal,2.0NRT,295.9,1.58,N
-19.67386,132.04619,316.45,0.43,0.38,2025-03-15,1611,N20,nominal,2.0NRT,295.33,1.58,N
-19.67734,132.0455,322.24,0.43,0.38,2025-03-15,1611,N20,nominal,2.0NRT,295.89,1.58,N
-19.68012,132.04073,312.32,0.43,0.38,2025-03-15,1611,N20,nominal,2.0NRT,296.07,1.46,N
-19.68361,132.04004,317.42,0.43,0.38,2025-03-15,1611,N20,nominal,2.0NRT,295.95,1.46,N
-19.6871,132.03935,316.17,0.43,0.38,2025-03-15,1611,N20,nominal,2.0NRT,295.2,1.01,N
-19.68987,132.03459,308.85,0.43,0.38,2025-03-15,1611,N20,nominal,2.0NRT,295.62,1.35,N
-19.69058,132.0387,307.26,0.43,0.38,2025-03-15,1611,N20,nominal,2.0NRT,294.63,1.01,N
-19.69336,132.03391,312.7,0.43,0.38,2025-03-15,1611,N20,nominal,2.0NRT,294.97,1.65,N
-22.03625,146.36057,305.14,0.54,0.68,2025-03-15,1611,N20,nominal,2.0NRT,288.99,1.09,N
-22.04293,146.36526,303.01,0.54,0.68,2025-03-15,1611,N20,nominal,2.0NRT,288,1.09,N
-19.76745,127.06932,311.21,0.54,0.5,2025-03-15,1611,N20,nominal,2.0NRT,292.77,2.75,N
-19.76594,127.03784,316.69,0.54,0.51,2025-03-15,1611,N20,nominal,2.0NRT,293.45,2.52,N
-22.89302,147.69704,307.19,0.67,0.74,2025-03-15,1611,N20,nominal,2.0NRT,287.29,2.2,N
-22.89457,147.69553,309.56,0.67,0.74,2025-03-15,1611,N20,nominal,2.0NRT,287.73,1.92,N
-21.77137,135.5462,331.13,0.4,0.37,2025-03-15,1611,N20,nominal,2.0NRT,296.36,2.52,N
-21.59048,132.37579,308.29,0.41,0.37,2025-03-15,1611,N20,nominal,2.0NRT,294.49,2.17,N
-22.33212,131.98152,309.56,0.41,0.37,2025-03-15,1613,N20,nominal,2.0NRT,296.2,3.21,N
-21.27478,124.21455,315.04,0.38,0.59,2025-03-15,1613,N20,nominal,2.0NRT,293.09,3.25,N
-24.14299,139.74831,314.79,0.43,0.46,2025-03-15,1613,N20,nominal,2.0NRT,294.99,2.52,N
-24.13803,139.74644,307.59,0.43,0.46,2025-03-15,1613,N20,nominal,2.0NRT,294.38,0.82,N
-24.14274,139.75012,306.18,0.43,0.46,2025-03-15,1613,N20,nominal,2.0NRT,295.14,1.58,N
-24.14697,139.74954,315.11,0.43,0.46,2025-03-15,1613,N20,nominal,2.0NRT,295.73,1.58,N
-24.14746,139.7538,319.79,0.43,0.46,2025-03-15,1613,N20,nominal,2.0NRT,295.78,2.95,N
-24.15593,139.75262,319.5,0.43,0.46,2025-03-15,1613,N20,nominal,2.0NRT,295.53,2.35,N
-24.15641,139.75688,318.91,0.43,0.46,2025-03-15,1613,N20,nominal,2.0NRT,295.3,2.35,N
-24.16065,139.7563,315.83,0.43,0.46,2025-03-15,1613,N20,nominal,2.0NRT,294.52,1.74,N
-24.97149,138.68675,339.08,0.38,0.43,2025-03-15,1613,N20,nominal,2.0NRT,296.31,3.71,N
-24.97196,138.69054,333.34,0.38,0.43,2025-03-15,1613,N20,nominal,2.0NRT,295.78,3.3,N
-24.97598,138.68996,320.29,0.38,0.43,2025-03-15,1613,N20,nominal,2.0NRT,296.16,4.04,N
-24.97645,138.69377,343.51,0.38,0.43,2025-03-15,1613,N20,nominal,2.0NRT,297.03,4.04,N
-24.98046,138.69318,343.76,0.38,0.43,2025-03-15,1613,N20,nominal,2.0NRT,297.84,4.04,N
-24.97782,138.69389,345.98,0.38,0.43,2025-03-15,1613,N20,nominal,2.0NRT,298.58,5.45,N
-24.98183,138.69331,334.21,0.38,0.43,2025-03-15,1613,N20,nominal,2.0NRT,297.15,5.45,N
-24.98585,138.69273,338.5,0.38,0.43,2025-03-15,1613,N20,nominal,2.0NRT,299.48,4.81,N
-24.98941,138.68832,324.94,0.38,0.43,2025-03-15,1613,N20,nominal,2.0NRT,297.05,4.81,N
-24.98986,138.69214,332.86,0.38,0.43,2025-03-15,1613,N20,nominal,2.0NRT,297.41,4.81,N
-24.99387,138.69156,309.98,0.38,0.43,2025-03-15,1613,N20,nominal,2.0NRT,296.57,2.31,N
-21.50061,119.72667,305.24,0.71,0.75,2025-03-15,1613,N20,nominal,2.0NRT,288.27,2.1,N
-22.38141,121.26981,307.19,0.55,0.68,2025-03-15,1613,N20,nominal,2.0NRT,288.74,5.13,N
-22.38266,121.27512,309.83,0.55,0.68,2025-03-15,1613,N20,nominal,2.0NRT,288.77,4.72,N
-22.37979,121.27465,321.47,0.54,0.68,2025-03-15,1613,N20,nominal,2.0NRT,288.83,4.17,N
-22.29687,120.38375,307.22,0.62,0.71,2025-03-15,1613,N20,nominal,2.0NRT,278.51,1.31,N
-22.29834,120.38969,304.16,0.62,0.71,2025-03-15,1613,N20,nominal,2.0NRT,278.71,1.31,N
-30.44515,136.8607,310.15,0.53,0.42,2025-03-15,1613,N20,nominal,2.0NRT,295.96,3.15,N
-31.8544,115.9315,325.25,0.65,0.73,2025-03-15,1616,N20,nominal,2.0NRT,287.33,2.94,N
-31.85614,115.92921,319.2,0.65,0.73,2025-03-15,1616,N20,nominal,2.0NRT,287.68,3.19,N
-21.69579,115.00343,312.6,0.44,0.46,2025-03-15,1754,N20,nominal,2.0NRT,293.89,1.4,N
-22.26439,120.35242,309.74,0.49,0.65,2025-03-15,1754,N20,nominal,2.0NRT,287.65,1.91,N
-22.29752,120.38322,330.79,0.5,0.65,2025-03-15,1754,N20,nominal,2.0NRT,287.82,4.5,N
-22.29794,120.38808,321.25,0.5,0.66,2025-03-15,1754,N20,nominal,2.0NRT,287.4,4.5,N
-22.29836,120.39296,315.37,0.5,0.66,2025-03-15,1754,N20,nominal,2.0NRT,287.52,5.58,N
-23.24066,122.85934,307.04,0.73,0.76,2025-03-15,1754,N20,nominal,2.0NRT,288.09,10.66,N
-23.25475,122.85844,315.47,0.73,0.76,2025-03-15,1754,N20,nominal,2.0NRT,287.93,9.5,N
-23.25295,122.8614,320.02,0.73,0.76,2025-03-15,1754,N20,nominal,2.0NRT,288.02,8.2,N
-33.42891,117.18002,303.75,0.4,0.6,2025-03-15,1758,N20,nominal,2.0NRT,284.87,0.83,N
-20.79178,115.44774,312.41,0.46,0.47,2025-03-15,1754,N20,nominal,2.0NRT,286.7,3.32,N
-21.50034,119.72618,310.28,0.44,0.62,2025-03-15,1754,N20,nominal,2.0NRT,289.09,5.46,N
-43.51204,172.2271,329.76,0.76,0.77,2025-03-16,0111,N20,nominal,2.0NRT,299.77,5,D
-39.22155,177.89113,367,0.37,0.58,2025-03-16,0113,N20,high,2.0NRT,292.49,4.94,D
-39.22178,177.88684,332.84,0.37,0.58,2025-03-16,0113,N20,nominal,2.0NRT,293.32,4.94,D
-39.21612,177.89105,347.16,0.37,0.58,2025-03-16,0113,N20,nominal,2.0NRT,293.72,4.94,D
-39.21635,177.88663,335.92,0.37,0.58,2025-03-16,0113,N20,nominal,2.0NRT,292.48,4.94,D
-39.2107,177.89093,354.81,0.37,0.58,2025-03-16,0113,N20,nominal,2.0NRT,291.61,5.26,D
-39.21093,177.88646,339.16,0.37,0.58,2025-03-16,0113,N20,nominal,2.0NRT,293.37,5.26,D
-18.06886,177.34798,331.69,0.46,0.47,2025-03-16,0120,N20,nominal,2.0NRT,287.79,4.21,D
-46.2566,169.53523,335.72,0.41,0.37,2025-03-16,0251,N20,nominal,2.0NRT,273.18,6.2,D
-46.24408,169.56462,346.2,0.41,0.37,2025-03-16,0251,N20,nominal,2.0NRT,271.18,21.35,D
-46.24504,169.5593,334.94,0.41,0.37,2025-03-16,0251,N20,nominal,2.0NRT,272.94,14.67,D
-45.95197,168.72614,333.65,0.4,0.37,2025-03-16,0251,N20,nominal,2.0NRT,286.22,2.7,D
-45.94862,168.72495,349.79,0.4,0.37,2025-03-16,0251,N20,nominal,2.0NRT,294.95,26.03,D
-44.22559,171.20494,337.21,0.49,0.4,2025-03-16,0253,N20,nominal,2.0NRT,305.58,24.56,D
-44.22194,171.20351,341.49,0.49,0.4,2025-03-16,0253,N20,nominal,2.0NRT,306.75,27.53,D
-44.22562,171.203,339.83,0.49,0.4,2025-03-16,0253,N20,low,2.0NRT,313.98,55.66,D
-44.22197,171.20157,348.37,0.49,0.4,2025-03-16,0253,N20,nominal,2.0NRT,305.89,15.78,D
-43.99086,171.93529,331.47,0.53,0.42,2025-03-16,0253,N20,nominal,2.0NRT,297.71,5.07,D
-43.99223,171.92882,340.58,0.53,0.42,2025-03-16,0253,N20,nominal,2.0NRT,301.37,5.07,D
-43.70282,172.33992,340.1,0.55,0.43,2025-03-16,0253,N20,nominal,2.0NRT,302.71,6.82,D
-44.0156,170.83221,327.69,0.48,0.4,2025-03-16,0253,N20,low,2.0NRT,300.51,3.56,D
-43.69897,172.33835,335.11,0.55,0.43,2025-03-16,0253,N20,nominal,2.0NRT,302.07,5.53,D
-43.8632,171.40665,330.7,0.5,0.41,2025-03-16,0253,N20,nominal,2.0NRT,299.23,5.01,D
-43.77048,171.6683,338.21,0.52,0.41,2025-03-16,0253,N20,nominal,2.0NRT,306.97,40.9,D
-43.72735,171.60295,336.32,0.52,0.41,2025-03-16,0253,N20,nominal,2.0NRT,301.9,10.61,D
-43.40856,172.59157,339.05,0.38,0.43,2025-03-16,0253,N20,nominal,2.0NRT,300.31,3.42,D
-43.58929,171.63545,330.98,0.52,0.42,2025-03-16,0253,N20,nominal,2.0NRT,298.43,3.82,D
-43.58315,171.62604,332.2,0.52,0.42,2025-03-16,0253,N20,nominal,2.0NRT,298.56,3.75,D
-43.5882,171.63411,326.79,0.52,0.42,2025-03-16,0253,N20,low,2.0NRT,298.19,4.6,D
-43.10624,172.5831,330.98,0.39,0.44,2025-03-16,0253,N20,nominal,2.0NRT,299.7,1.54,D
-42.69261,173.29749,340.22,0.43,0.46,2025-03-16,0253,N20,nominal,2.0NRT,304.45,7.57,D
-28.49871,148.07188,336.98,0.54,0.68,2025-03-16,0258,N20,low,2.0NRT,310.98,6.26,D
-28.49529,148.07124,338.32,0.54,0.68,2025-03-16,0258,N20,low,2.0NRT,309.4,6.27,D
-26.93868,152.52803,336.02,0.55,0.51,2025-03-16,0258,N20,nominal,2.0NRT,299.35,4.76,D
-26.64618,150.33948,342.4,0.37,0.58,2025-03-16,0258,N20,nominal,2.0NRT,306.13,3.25,D
-26.64413,150.33864,342.07,0.37,0.58,2025-03-16,0258,N20,nominal,2.0NRT,304.9,5.52,D
-24.77409,147.8036,337.12,0.52,0.67,2025-03-16,0300,N20,nominal,2.0NRT,296.6,7.17,D
-24.76754,147.80823,339.25,0.52,0.67,2025-03-16,0300,N20,nominal,2.0NRT,298.39,8.52,D
-23.99239,148.34013,349.48,0.47,0.64,2025-03-16,0300,N20,nominal,2.0NRT,297.78,12.17,D
-23.98609,148.34422,353.14,0.47,0.64,2025-03-16,0300,N20,nominal,2.0NRT,300,12.32,D
-28.81999,149.30301,330.39,0.54,0.68,2025-03-16,0438,N20,low,2.0NRT,304.02,1.61,D
-24.7852,147.7775,341.02,0.55,0.68,2025-03-16,0440,N20,nominal,2.0NRT,297.75,7.93,D
-24.99023,138.7007,348.15,0.48,0.4,2025-03-16,0440,N20,low,2.0NRT,319.11,19.7,D
-24.98655,138.69992,346.96,0.48,0.4,2025-03-16,0440,N20,low,2.0NRT,319.56,19.7,D
-24.98286,138.69914,345.26,0.48,0.4,2025-03-16,0440,N20,low,2.0NRT,319.53,28.35,D
-24.97181,138.69676,350.38,0.48,0.4,2025-03-16,0440,N20,nominal,2.0NRT,317.87,42.06,D
-24.97267,138.69197,352.73,0.48,0.4,2025-03-16,0440,N20,low,2.0NRT,325.81,42.06,D
-24.14661,139.75865,348.03,0.56,0.43,2025-03-16,0440,N20,low,2.0NRT,319.97,18.29,D
-24.14267,139.75777,347.21,0.56,0.43,2025-03-16,0440,N20,nominal,2.0NRT,316.01,22.3,D
-24.13581,139.75049,343.26,0.56,0.43,2025-03-16,0440,N20,low,2.0NRT,316.42,9.52,D
-24.13393,139.73859,340.17,0.56,0.43,2025-03-16,0440,N20,low,2.0NRT,315.14,22.5,D
-22.25247,132.05341,351.9,0.41,0.37,2025-03-16,0442,N20,low,2.0NRT,323.76,33.92,D
-22.24848,132.05687,348.16,0.41,0.37,2025-03-16,0442,N20,nominal,2.0NRT,318.01,31.79,D
-20.73709,139.47849,342.48,0.41,0.45,2025-03-16,0442,N20,nominal,2.0NRT,305.06,11.36,D
-21.59153,132.36098,352.34,0.4,0.37,2025-03-16,0442,N20,nominal,2.0NRT,318.51,19.03,D
-21.58814,132.36041,350.66,0.4,0.37,2025-03-16,0442,N20,nominal,2.0NRT,317.44,33.26,D
-20.00131,139.6537,330.57,0.44,0.46,2025-03-16,0442,N20,nominal,2.0NRT,298.55,5.5,D
-19.99709,139.65285,351.69,0.44,0.46,2025-03-16,0442,N20,nominal,2.0NRT,301.11,5.5,D
-19.99787,139.64867,345.62,0.43,0.46,2025-03-16,0442,N20,nominal,2.0NRT,301.41,3.8,D
-22.30253,120.39562,334.32,0.66,0.73,2025-03-16,0442,N20,nominal,2.0NRT,291.08,10.31,D
-19.36804,138.66312,338.73,0.39,0.44,2025-03-16,0442,N20,nominal,2.0NRT,302.21,6.43,D
-19.36873,138.65941,348.81,0.39,0.44,2025-03-16,0442,N20,nominal,2.0NRT,305,11.04,D
-19.36471,138.65862,343.42,0.39,0.44,2025-03-16,0442,N20,nominal,2.0NRT,303.59,4.29,D
-19.3654,138.65494,341.5,0.39,0.44,2025-03-16,0442,N20,nominal,2.0NRT,304.46,4.29,D
-19.36815,138.64011,345.78,0.39,0.44,2025-03-16,0442,N20,nominal,2.0NRT,304.62,30.16,D
-19.36208,138.65041,347.42,0.39,0.44,2025-03-16,0442,N20,nominal,2.0NRT,303.17,8.16,D
-19.36277,138.6467,355.16,0.39,0.44,2025-03-16,0442,N20,nominal,2.0NRT,304.12,8.16,D
-19.36346,138.64301,356.08,0.39,0.44,2025-03-16,0442,N20,nominal,2.0NRT,306.59,30.16,D
-19.36414,138.63933,347.91,0.39,0.44,2025-03-16,0442,N20,nominal,2.0NRT,312.13,30.16,D
-19.5265,130.18846,349.38,0.46,0.39,2025-03-16,0442,N20,nominal,2.0NRT,310.19,16.07,D
-19.51872,130.19176,346.6,0.46,0.39,2025-03-16,0442,N20,nominal,2.0NRT,311.04,23.07,D
-19.50128,130.18474,353.31,0.46,0.39,2025-03-16,0442,N20,nominal,2.0NRT,314.54,14.86,D
-19.49972,130.18541,343.91,0.46,0.39,2025-03-16,0442,N20,nominal,2.0NRT,310.89,15.19,D
-19.77023,127.09851,367,0.45,0.47,2025-03-16,0442,N20,high,2.0NRT,305.14,42.81,D
-19.76972,127.10278,343.8,0.45,0.47,2025-03-16,0442,N20,nominal,2.0NRT,306.75,42.81,D
-19.77075,127.09422,353.23,0.45,0.47,2025-03-16,0442,N20,nominal,2.0NRT,302.71,16.44,D
-19.76991,127.02773,348.55,0.46,0.47,2025-03-16,0442,N20,nominal,2.0NRT,304.86,9.73,D
-19.77044,127.02332,341.09,0.46,0.47,2025-03-16,0442,N20,nominal,2.0NRT,299.55,6.75,D
-19.76504,127.03156,346.58,0.46,0.47,2025-03-16,0442,N20,nominal,2.0NRT,305.71,9.73,D
-19.75447,127.08317,349.84,0.45,0.47,2025-03-16,0442,N20,nominal,2.0NRT,303.22,13.21,D
-18.78362,130.41418,347.71,0.44,0.38,2025-03-16,0442,N20,nominal,2.0NRT,308.27,6.17,D
-18.77951,130.4178,349.52,0.44,0.38,2025-03-16,0442,N20,nominal,2.0NRT,308.65,12.57,D
-18.773,130.41254,339.62,0.44,0.38,2025-03-16,0442,N20,low,2.0NRT,311.8,7.13,D
-18.3711,132.71794,344.18,0.39,0.36,2025-03-16,0442,N20,nominal,2.0NRT,309.71,10.86,D
-18.36778,132.71739,342.37,0.39,0.36,2025-03-16,0442,N20,nominal,2.0NRT,303.75,4.61,D
-18.35504,132.71158,348.94,0.39,0.36,2025-03-16,0442,N20,nominal,2.0NRT,314.31,12.08,D
-18.35172,132.71103,343.63,0.39,0.36,2025-03-16,0442,N20,nominal,2.0NRT,311.35,12.08,D
-18.3484,132.71048,346.49,0.39,0.36,2025-03-16,0442,N20,nominal,2.0NRT,311.11,13.47,D
-18.58227,127.12692,338.07,0.44,0.46,2025-03-16,0442,N20,nominal,2.0NRT,305.66,2.62,D
-18.66147,124.58492,367,0.32,0.55,2025-03-16,0442,N20,high,2.0NRT,299.74,5.43,D
-18.6561,124.58736,332.44,0.32,0.54,2025-03-16,0442,N20,nominal,2.0NRT,299.54,4.42,D
-18.65106,124.58676,342.25,0.32,0.54,2025-03-16,0442,N20,nominal,2.0NRT,298.35,3.62,D
-18.60882,124.60004,347.69,0.32,0.54,2025-03-16,0442,N20,nominal,2.0NRT,298.39,8.45,D
-18.60915,124.59702,332.32,0.32,0.54,2025-03-16,0442,N20,nominal,2.0NRT,297.15,1.58,D
-16.6377,136.17926,346.08,0.47,0.4,2025-03-16,0444,N20,nominal,2.0NRT,302.29,7.1,D
-16.63845,136.17487,340.01,0.47,0.4,2025-03-16,0444,N20,nominal,2.0NRT,302.57,6.52,D
-16.63756,136.18071,347.89,0.47,0.4,2025-03-16,0444,N20,nominal,2.0NRT,301.58,6.34,D
-16.63829,136.17627,345.62,0.47,0.4,2025-03-16,0444,N20,nominal,2.0NRT,302.25,11.25,D
-18.04615,126.28577,332.57,0.49,0.48,2025-03-16,0444,N20,low,2.0NRT,303.86,5.82,D
-16.89926,132.04248,367,0.39,0.36,2025-03-16,0444,N20,high,2.0NRT,315.2,7.68,D
-16.89818,132.04977,351.56,0.39,0.36,2025-03-16,0444,N20,nominal,2.0NRT,312.46,7.23,D
-16.89872,132.04613,354.75,0.39,0.36,2025-03-16,0444,N20,nominal,2.0NRT,315.44,7.68,D
-16.8998,132.03885,337,0.39,0.36,2025-03-16,0444,N20,nominal,2.0NRT,310.77,2.08,D
-16.89539,132.04559,338.24,0.39,0.36,2025-03-16,0444,N20,nominal,2.0NRT,312.95,3.63,D
-16.89593,132.04196,340.18,0.39,0.36,2025-03-16,0444,N20,nominal,2.0NRT,311.69,3.63,D
-16.89367,132.03415,367,0.39,0.36,2025-03-16,0444,N20,high,2.0NRT,313.5,10.16,D
-16.89088,132.02998,336.88,0.39,0.36,2025-03-16,0444,N20,nominal,2.0NRT,311.2,5.8,D
-16.88754,132.02945,348.83,0.39,0.36,2025-03-16,0444,N20,nominal,2.0NRT,313.8,5.8,D
-16.87991,132.058,343.42,0.39,0.36,2025-03-16,0444,N20,low,2.0NRT,315.08,7.24,D
-16.88421,132.02892,344.89,0.39,0.36,2025-03-16,0444,N20,nominal,2.0NRT,308.14,2.68,D
-16.87765,132.0502,354.38,0.39,0.36,2025-03-16,0444,N20,nominal,2.0NRT,320.14,44.56,D
-16.86046,132.05118,343.21,0.39,0.36,2025-03-16,0444,N20,nominal,2.0NRT,312.73,6.75,D
-16.85874,132.03973,367,0.39,0.36,2025-03-16,0444,N20,high,2.0NRT,335.53,83.67,D
-16.85928,132.03609,367,0.39,0.36,2025-03-16,0444,N20,high,2.0NRT,325.46,83.67,D
-16.85713,132.05063,351.97,0.39,0.36,2025-03-16,0444,N20,nominal,2.0NRT,314.01,6.75,D
-16.8582,132.04337,350.89,0.39,0.36,2025-03-16,0444,N20,nominal,2.0NRT,314.12,23.95,D
-16.85603,132.03929,367,0.39,0.36,2025-03-16,0444,N20,high,2.0NRT,314.45,33.94,D
-16.85711,132.03203,367,0.39,0.36,2025-03-16,0444,N20,high,2.0NRT,328.09,39.77,D
-16.8544,132.05019,347.39,0.39,0.36,2025-03-16,0444,N20,nominal,2.0NRT,312.16,10.51,D
-16.85494,132.04655,348.52,0.39,0.36,2025-03-16,0444,N20,nominal,2.0NRT,313.61,6.05,D
-16.85548,132.04292,348.44,0.39,0.36,2025-03-16,0444,N20,nominal,2.0NRT,310.23,6.05,D
-16.85657,132.03566,367,0.39,0.36,2025-03-16,0444,N20,low,2.0NRT,325.03,33.94,D
-16.85216,132.04239,345.02,0.39,0.36,2025-03-16,0444,N20,nominal,2.0NRT,309.22,6.05,D
-16.8527,132.03876,349.5,0.39,0.36,2025-03-16,0444,N20,nominal,2.0NRT,312.44,33.94,D
-16.85324,132.03513,351.05,0.39,0.36,2025-03-16,0444,N20,nominal,2.0NRT,319.44,33.94,D
-16.85378,132.03149,348.93,0.39,0.36,2025-03-16,0444,N20,nominal,2.0NRT,309.45,39.77,D
-16.85045,132.03094,367,0.39,0.36,2025-03-16,0444,N20,high,2.0NRT,300.33,25.06,D
-16.84991,132.03459,341.54,0.39,0.36,2025-03-16,0444,N20,nominal,2.0NRT,313.67,7.89,D
-16.84658,132.03404,367,0.39,0.36,2025-03-16,0444,N20,high,2.0NRT,313.52,7.89,D
-16.84604,132.03767,355.38,0.39,0.36,2025-03-16,0444,N20,nominal,2.0NRT,312.13,7.89,D
-16.84324,132.03351,343.01,0.39,0.36,2025-03-16,0444,N20,nominal,2.0NRT,311.35,8.74,D
-16.84154,132.02206,367,0.39,0.36,2025-03-16,0444,N20,high,2.0NRT,313.28,29.21,D
-16.841,132.0257,344.94,0.39,0.36,2025-03-16,0444,N20,nominal,2.0NRT,302.18,6.67,D
-16.83766,132.02516,341.77,0.39,0.36,2025-03-16,0444,N20,nominal,2.0NRT,309.82,6.25,D
-16.83821,132.02155,352.17,0.39,0.36,2025-03-16,0444,N20,nominal,2.0NRT,323.78,18.28,D
-16.83875,132.01791,337.75,0.39,0.36,2025-03-16,0444,N20,nominal,2.0NRT,310.54,18.28,D
-16.83217,132.03918,341,0.39,0.36,2025-03-16,0444,N20,low,2.0NRT,311.32,6.92,D
-16.83271,132.03555,345.62,0.39,0.36,2025-03-16,0444,N20,nominal,2.0NRT,315.14,18.61,D
-16.83433,132.02463,353.63,0.39,0.36,2025-03-16,0444,N20,nominal,2.0NRT,310.42,6.25,D
-16.83487,132.02101,350.91,0.39,0.36,2025-03-16,0444,N20,nominal,2.0NRT,308.13,18.28,D
-16.83046,132.02774,354.56,0.39,0.36,2025-03-16,0444,N20,nominal,2.0NRT,313.38,18.47,D
-16.831,132.02409,353.46,0.39,0.36,2025-03-16,0444,N20,nominal,2.0NRT,322.38,18.47,D
-16.83154,132.02048,367,0.39,0.36,2025-03-16,0444,N20,low,2.0NRT,326,40.96,D
-16.82767,132.02357,348.78,0.39,0.36,2025-03-16,0444,N20,nominal,2.0NRT,312.93,18.47,D
-16.82821,132.01994,350.25,0.39,0.36,2025-03-16,0444,N20,nominal,2.0NRT,314.52,40.96,D
-16.78117,125.81304,333.55,0.5,0.49,2025-03-16,0444,N20,nominal,2.0NRT,299.98,3.76,D
-16.77665,125.81249,340.31,0.5,0.49,2025-03-16,0444,N20,nominal,2.0NRT,299.78,3.76,D
-16.77156,125.81659,343.81,0.5,0.49,2025-03-16,0444,N20,nominal,2.0NRT,298.73,6.72,D
-16.76648,125.8207,345.74,0.5,0.49,2025-03-16,0444,N20,nominal,2.0NRT,298.8,6.72,D
-16.76196,125.82011,346.36,0.5,0.49,2025-03-16,0444,N20,nominal,2.0NRT,299.57,10.01,D
-16.75743,125.81957,333.49,0.5,0.49,2025-03-16,0444,N20,nominal,2.0NRT,297.03,10.01,D
-16.75291,125.81901,367,0.5,0.49,2025-03-16,0444,N20,high,2.0NRT,298.78,18.26,D
-16.74784,125.82312,342.41,0.5,0.49,2025-03-16,0444,N20,nominal,2.0NRT,300.6,13.6,D
-16.74331,125.82253,346.65,0.5,0.49,2025-03-16,0444,N20,nominal,2.0NRT,302.33,27.29,D
-16.73879,125.82196,352.66,0.5,0.49,2025-03-16,0444,N20,nominal,2.0NRT,303.49,27.29,D
-16.73427,125.82139,343.37,0.5,0.49,2025-03-16,0444,N20,nominal,2.0NRT,300.55,9.37,D
-16.73481,125.81685,335.86,0.5,0.49,2025-03-16,0444,N20,nominal,2.0NRT,300.33,14.46,D
-16.72975,125.8208,330.18,0.5,0.49,2025-03-16,0444,N20,nominal,2.0NRT,298.05,9.37,D
-16.72576,125.81569,331.46,0.5,0.49,2025-03-16,0444,N20,nominal,2.0NRT,298.91,5.45,D
-16.72629,125.81114,332.49,0.5,0.49,2025-03-16,0444,N20,nominal,2.0NRT,298.62,5.45,D
-16.72179,125.81036,346.81,0.5,0.49,2025-03-16,0444,N20,nominal,2.0NRT,300.09,5.45,D
-16.72866,125.81802,332.81,0.5,0.49,2025-03-16,0444,N20,nominal,2.0NRT,298.17,7.54,D
-16.72471,125.81284,349.31,0.5,0.49,2025-03-16,0444,N20,nominal,2.0NRT,299.8,7.54,D
-16.68061,125.91093,330.44,0.49,0.49,2025-03-16,0444,N20,nominal,2.0NRT,299.05,3.02,D
-16.63195,125.97474,343.63,0.49,0.48,2025-03-16,0444,N20,nominal,2.0NRT,300.53,6.35,D
-16.62749,125.97418,349.87,0.49,0.48,2025-03-16,0444,N20,nominal,2.0NRT,300.54,11.19,D
-16.62407,125.96478,352.46,0.49,0.48,2025-03-16,0444,N20,nominal,2.0NRT,301.59,9.87,D
-16.62502,125.91858,330.22,0.49,0.49,2025-03-16,0444,N20,low,2.0NRT,301.49,5.7,D
-16.63043,125.87297,337.37,0.5,0.49,2025-03-16,0444,N20,nominal,2.0NRT,300.35,7.14,D
-16.61833,125.93668,330.21,0.49,0.49,2025-03-16,0444,N20,low,2.0NRT,300.82,3.88,D
-16.627,125.86333,334.61,0.5,0.49,2025-03-16,0444,N20,nominal,2.0NRT,298.46,1.83,D
-16.59861,125.9271,333.3,0.49,0.49,2025-03-16,0444,N20,nominal,2.0NRT,299.92,5.88,D
-16.56734,124.78459,341.48,0.58,0.52,2025-03-16,0444,N20,nominal,2.0NRT,296.2,10.46,D
-16.06345,128.70392,331.84,0.49,0.41,2025-03-16,0444,N20,low,2.0NRT,305.82,9.25,D
-16.53515,124.85202,341.19,0.58,0.52,2025-03-16,0444,N20,nominal,2.0NRT,296.61,9.26,D
-16.53573,124.84692,336.85,0.58,0.52,2025-03-16,0444,N20,nominal,2.0NRT,296.44,5.58,D
-16.52286,124.91718,338.74,0.57,0.52,2025-03-16,0444,N20,nominal,2.0NRT,297.11,6,D
-16.4953,124.77946,334.54,0.58,0.52,2025-03-16,0444,N20,nominal,2.0NRT,296.5,4.44,D
-15.90185,127.99339,341.23,0.54,0.42,2025-03-16,0444,N20,nominal,2.0NRT,305.84,5.35,D
-15.90111,127.99129,340.57,0.54,0.42,2025-03-16,0444,N20,nominal,2.0NRT,306.17,8.44,D
-15.84697,127.21485,351.88,0.4,0.44,2025-03-16,0444,N20,nominal,2.0NRT,300.67,10.18,D
-15.84745,127.21115,344.46,0.4,0.44,2025-03-16,0444,N20,nominal,2.0NRT,300.19,6.94,D
-15.31733,130.32674,337.27,0.42,0.37,2025-03-16,0444,N20,nominal,2.0NRT,300.74,5.69,D
-15.31389,130.32619,348.61,0.42,0.37,2025-03-16,0444,N20,nominal,2.0NRT,299.61,5.69,D
-33.43319,117.17902,332.51,0.55,0.42,2025-03-16,0620,N20,low,2.0NRT,302.65,4.67,D
-33.42931,117.17793,343.36,0.55,0.42,2025-03-16,0620,N20,nominal,2.0NRT,302,8.07,D
-33.43017,117.17655,339.56,0.55,0.42,2025-03-16,0620,N20,nominal,2.0NRT,301.71,6.1,D
-33.42629,117.1755,335.41,0.55,0.42,2025-03-16,0620,N20,nominal,2.0NRT,300.66,5.36,D
-33.40149,117.15613,335.72,0.55,0.42,2025-03-16,0620,N20,nominal,2.0NRT,301.17,4.32,D
-33.40264,117.15035,346.08,0.55,0.42,2025-03-16,0620,N20,nominal,2.0NRT,300.74,9.98,D
-31.45291,115.90098,340.85,0.51,0.41,2025-03-16,0620,N20,nominal,2.0NRT,310.43,5.09,D
-31.45016,115.89461,367,0.51,0.41,2025-03-16,0620,N20,high,2.0NRT,332.69,94.92,D
-31.44811,115.90537,338.03,0.51,0.41,2025-03-16,0620,N20,low,2.0NRT,312.34,35.85,D
-31.44913,115.89999,367,0.51,0.41,2025-03-16,0620,N20,low,2.0NRT,325.51,35.85,D
-31.44536,115.89902,341.54,0.51,0.41,2025-03-16,0620,N20,nominal,2.0NRT,308.65,35.85,D
-31.44639,115.89364,354.75,0.51,0.41,2025-03-16,0620,N20,nominal,2.0NRT,309.56,94.92,D
-20.79206,115.44644,330.49,0.5,0.49,2025-03-16,0622,N20,nominal,2.0NRT,298.79,3.52,D
-24.79191,147.77364,296.6,0.79,0.78,2025-03-16,1414,N20,nominal,2.0NRT,277.76,2.5,N
-24.79357,147.7713,300.66,0.79,0.78,2025-03-16,1414,N20,nominal,2.0NRT,280.29,2.43,N
-27.12724,151.73502,302.34,0.41,0.61,2025-03-16,1414,N20,nominal,2.0NRT,290.01,1.11,N
-27.13994,151.739,316.62,0.41,0.61,2025-03-16,1414,N20,nominal,2.0NRT,290.33,1.78,N
-27.47918,153.145,303.78,0.33,0.55,2025-03-16,1414,N20,nominal,2.0NRT,290.9,0.32,N
-27.66659,150.93791,312.29,0.44,0.63,2025-03-16,1414,N20,nominal,2.0NRT,288.98,1.7,N
-27.6677,150.94237,317.09,0.44,0.63,2025-03-16,1414,N20,nominal,2.0NRT,290.52,1.7,N
-27.67335,150.94063,327.01,0.44,0.63,2025-03-16,1414,N20,nominal,2.0NRT,291.18,1.79,N
-27.67224,150.93616,301.88,0.44,0.63,2025-03-16,1414,N20,nominal,2.0NRT,290.1,1.79,N
-28.33982,152.53833,311.33,0.34,0.56,2025-03-16,1414,N20,nominal,2.0NRT,288.21,0.93,N
-28.34067,152.53845,311.66,0.34,0.56,2025-03-16,1414,N20,nominal,2.0NRT,288.26,1.2,N
-28.14669,151.4026,310.84,0.41,0.6,2025-03-16,1414,N20,nominal,2.0NRT,290.37,1.42,N
-28.40297,151.50412,308.23,0.39,0.6,2025-03-16,1414,N20,nominal,2.0NRT,289.54,1.14,N
-28.40396,151.50821,313.95,0.39,0.6,2025-03-16,1414,N20,nominal,2.0NRT,289.74,1.14,N
-28.40329,150.00526,308.12,0.48,0.65,2025-03-16,1414,N20,nominal,2.0NRT,287.48,0.93,N
-28.40911,150.00331,298.15,0.48,0.65,2025-03-16,1414,N20,nominal,2.0NRT,285.55,0.93,N
-28.79937,150.2101,299.8,0.46,0.63,2025-03-16,1414,N20,nominal,2.0NRT,286.31,0.6,N
-29.6168,150.96405,303.08,0.4,0.6,2025-03-16,1414,N20,nominal,2.0NRT,287.84,0.83,N
-29.61658,150.96451,304.08,0.4,0.6,2025-03-16,1414,N20,nominal,2.0NRT,287.93,0.8,N
-29.3483,149.4248,296.07,0.49,0.65,2025-03-16,1414,N20,nominal,2.0NRT,280.67,0.47,N
-29.34403,149.42764,299.31,0.49,0.65,2025-03-16,1414,N20,nominal,2.0NRT,281.8,0.87,N
-31.73027,146.71858,317.74,0.61,0.71,2025-03-16,1416,N20,nominal,2.0NRT,280.01,5.87,N
-31.73476,146.70964,345.68,0.61,0.71,2025-03-16,1416,N20,nominal,2.0NRT,280.7,7.38,N
-31.73658,146.71602,333.03,0.61,0.71,2025-03-16,1416,N20,nominal,2.0NRT,280.6,5.87,N
-31.73293,146.70323,300.96,0.61,0.71,2025-03-16,1416,N20,nominal,2.0NRT,276.71,7.38,N
-31.73841,146.72243,314.55,0.61,0.71,2025-03-16,1416,N20,nominal,2.0NRT,281.68,5.87,N
-31.74109,146.70715,302.46,0.61,0.71,2025-03-16,1416,N20,nominal,2.0NRT,278.41,3.06,N
-31.7429,146.7135,315.8,0.61,0.71,2025-03-16,1416,N20,nominal,2.0NRT,279.76,2.9,N
-31.74472,146.71985,303.16,0.61,0.71,2025-03-16,1416,N20,nominal,2.0NRT,280.98,2.9,N
-37.19898,174.71941,296.97,0.56,0.69,2025-03-16,1416,N20,nominal,2.0NRT,286.43,1.36,N
-37.19966,174.71968,298.99,0.56,0.69,2025-03-16,1416,N20,nominal,2.0NRT,286.44,1.66,N
-37.82679,144.78499,296.82,0.53,0.67,2025-03-16,1418,N20,nominal,2.0NRT,272.98,1.42,N
-37.8285,144.79082,302.65,0.53,0.67,2025-03-16,1418,N20,nominal,2.0NRT,278.75,2.27,N
-37.83246,144.78859,313.28,0.53,0.67,2025-03-16,1418,N20,nominal,2.0NRT,280.23,2.57,N
-41.1316,146.84972,308.51,0.34,0.56,2025-03-16,1418,N20,nominal,2.0NRT,280.7,1.06,N
-22.43229,132.33342,313.25,0.45,0.47,2025-03-16,1554,N20,nominal,2.0NRT,296.58,1.66,N
-15.29585,130.31706,312.26,0.41,0.6,2025-03-16,1552,N20,nominal,2.0NRT,290.62,1.9,N
-24.789,147.76906,335.99,0.35,0.57,2025-03-16,1554,N20,nominal,2.0NRT,269.98,1.91,N
-16.34841,132.73375,303.7,0.54,0.51,2025-03-16,1552,N20,nominal,2.0NRT,285.16,1.97,N
-24.78869,147.76578,298.75,0.35,0.57,2025-03-16,1554,N20,nominal,2.0NRT,267.71,1.91,N
-24.78931,147.77242,318.09,0.35,0.57,2025-03-16,1554,N20,nominal,2.0NRT,272.67,2.52,N
-15.79469,127.20983,320.87,0.63,0.72,2025-03-16,1552,N20,nominal,2.0NRT,287.2,3.97,N
-24.79432,147.7692,303.76,0.35,0.57,2025-03-16,1554,N20,nominal,2.0NRT,266.7,1.91,N
-15.80127,127.20838,306.82,0.63,0.72,2025-03-16,1552,N20,nominal,2.0NRT,287.5,1.65,N
-24.79464,147.77271,303.6,0.35,0.57,2025-03-16,1554,N20,nominal,2.0NRT,269.03,2.52,N
-16.81109,132.02048,307.73,0.59,0.53,2025-03-16,1552,N20,nominal,2.0NRT,292.96,1.59,N
-24.12064,139.73656,308.82,0.4,0.37,2025-03-16,1554,N20,nominal,2.0NRT,295.9,2.05,N
-16.81482,132.01393,308.64,0.59,0.53,2025-03-16,1552,N20,nominal,2.0NRT,293.34,1.74,N
-24.12574,139.74768,320.66,0.4,0.37,2025-03-16,1554,N20,nominal,2.0NRT,295.06,2.57,N
-24.12516,139.74379,314.18,0.4,0.37,2025-03-16,1554,N20,nominal,2.0NRT,295.47,2.65,N
-15.75988,126.95942,332.18,0.66,0.73,2025-03-16,1552,N20,nominal,2.0NRT,288.16,4.15,N
-24.12968,139.75099,333.74,0.4,0.37,2025-03-16,1554,N20,nominal,2.0NRT,296.2,4.22,N
-24.13026,139.7549,318.21,0.4,0.37,2025-03-16,1554,N20,nominal,2.0NRT,294.24,1.75,N
-15.76661,126.95815,302.68,0.66,0.73,2025-03-16,1552,N20,nominal,2.0NRT,287.42,4.15,N
-24.1342,139.75822,323.8,0.4,0.37,2025-03-16,1554,N20,nominal,2.0NRT,295.04,1.75,N
-15.76794,126.96417,317.66,0.66,0.73,2025-03-16,1552,N20,nominal,2.0NRT,287.63,3.87,N
-24.13363,139.75432,313.23,0.4,0.37,2025-03-16,1554,N20,nominal,2.0NRT,295.49,1.75,N
-15.76926,126.97008,303.37,0.66,0.73,2025-03-16,1552,N20,nominal,2.0NRT,287.78,3.87,N
-24.13757,139.75763,322.36,0.4,0.37,2025-03-16,1554,N20,nominal,2.0NRT,295.5,2.73,N
-15.7746,126.9626,306,0.66,0.73,2025-03-16,1552,N20,nominal,2.0NRT,288.21,2.44,N
-24.13815,139.76155,340.91,0.4,0.37,2025-03-16,1554,N20,nominal,2.0NRT,296.68,2.38,N
-15.77589,126.96842,309.12,0.66,0.73,2025-03-16,1552,N20,nominal,2.0NRT,288.22,2.44,N
-24.14152,139.76096,310.6,0.4,0.37,2025-03-16,1554,N20,nominal,2.0NRT,295.29,2.38,N
-15.78122,126.96087,324.03,0.66,0.73,2025-03-16,1552,N20,nominal,2.0NRT,288.17,2.44,N
-24.14209,139.76486,316.71,0.4,0.37,2025-03-16,1554,N20,nominal,2.0NRT,295.55,2.38,N
-24.15895,139.76192,307.58,0.4,0.37,2025-03-16,1554,N20,nominal,2.0NRT,294.88,1.58,N
-16.59231,130.71338,316.98,0.36,0.58,2025-03-16,1552,N20,nominal,2.0NRT,291.15,1.9,N
-24.18765,139.76892,310.3,0.4,0.37,2025-03-16,1554,N20,nominal,2.0NRT,296.01,1.71,N
-16.86082,132.04417,325.7,0.59,0.53,2025-03-16,1552,N20,nominal,2.0NRT,294.32,4.05,N
-24.18986,139.7605,334.9,0.4,0.37,2025-03-16,1554,N20,nominal,2.0NRT,296.09,3.87,N
-16.8619,132.04968,313.67,0.59,0.53,2025-03-16,1552,N20,nominal,2.0NRT,293.81,4.05,N
-22.31491,128.65717,296.47,0.38,0.59,2025-03-16,1554,N20,nominal,2.0NRT,286.07,2.65,N
-16.86456,132.03763,337.07,0.59,0.53,2025-03-16,1552,N20,nominal,2.0NRT,294.33,3.79,N
-23.89161,133.33926,309.51,0.55,0.43,2025-03-16,1554,N20,nominal,2.0NRT,294.27,1.1,N
-16.86563,132.04314,337.66,0.59,0.53,2025-03-16,1552,N20,nominal,2.0NRT,294.69,9.74,N
-23.89551,133.33836,309.85,0.55,0.43,2025-03-16,1554,N20,nominal,2.0NRT,294.08,1.1,N
-16.86348,132.03209,312.15,0.59,0.53,2025-03-16,1552,N20,nominal,2.0NRT,293.93,3.79,N
-23.89081,133.33792,308.47,0.55,0.43,2025-03-16,1554,N20,nominal,2.0NRT,294.18,1.13,N
-16.86937,132.03662,311.4,0.59,0.53,2025-03-16,1552,N20,nominal,2.0NRT,293.96,3.79,N
-23.8947,133.33702,313.33,0.55,0.43,2025-03-16,1554,N20,nominal,2.0NRT,294.16,1.91,N
-16.85955,132.04454,315.55,0.59,0.53,2025-03-16,1552,N20,nominal,2.0NRT,293.63,4.66,N
-24.96936,138.7036,338.59,0.39,0.36,2025-03-16,1554,N20,nominal,2.0NRT,296.28,3.1,N
-16.86066,132.05005,315.47,0.59,0.53,2025-03-16,1552,N20,nominal,2.0NRT,294.02,5.16,N
-24.97933,138.70175,328.84,0.39,0.36,2025-03-16,1554,N20,nominal,2.0NRT,296.13,2.97,N
-15.77115,126.96616,326.54,0.66,0.73,2025-03-16,1552,N20,nominal,2.0NRT,288.49,5.61,N
-24.97991,138.70558,332.61,0.39,0.36,2025-03-16,1554,N20,nominal,2.0NRT,296.27,3.72,N
-16.86324,132.03801,330.41,0.59,0.53,2025-03-16,1552,N20,nominal,2.0NRT,294.12,5.05,N
-24.98324,138.70497,322.29,0.39,0.36,2025-03-16,1554,N20,nominal,2.0NRT,295.09,2.29,N
-16.86435,132.04352,344.29,0.59,0.53,2025-03-16,1552,N20,nominal,2.0NRT,295.05,5.05,N
-16.59152,130.71545,317.23,0.36,0.58,2025-03-16,1552,N20,nominal,2.0NRT,291.58,3.36,N
-24.98656,138.70436,331.7,0.39,0.36,2025-03-16,1554,N20,nominal,2.0NRT,297.54,2.29,N
-16.86213,132.0325,314.91,0.59,0.53,2025-03-16,1552,N20,nominal,2.0NRT,293.52,4.04,N
-15.77777,126.96442,328.05,0.66,0.73,2025-03-16,1552,N20,nominal,2.0NRT,288.53,5.61,N
-27.14066,151.73943,303.3,0.66,0.73,2025-03-16,1554,N20,nominal,2.0NRT,289.59,1.11,N
-16.86805,132.03702,319.95,0.59,0.53,2025-03-16,1552,N20,nominal,2.0NRT,294,5.05,N
-27.14261,151.73833,304.59,0.66,0.73,2025-03-16,1554,N20,nominal,2.0NRT,289.59,1.32,N
-27.66501,150.94052,304.7,0.59,0.7,2025-03-16,1554,N20,nominal,2.0NRT,290.35,1.06,N
-16.86916,132.04253,306.85,0.59,0.53,2025-03-16,1552,N20,nominal,2.0NRT,293.48,5.05,N
-16.88985,132.02081,331.01,0.59,0.53,2025-03-16,1552,N20,nominal,2.0NRT,294.51,2.85,N
-27.67154,150.93993,326.07,0.59,0.7,2025-03-16,1554,N20,nominal,2.0NRT,291.12,3.42,N
-28.40803,150.00372,316.37,0.53,0.67,2025-03-16,1556,N20,nominal,2.0NRT,291.15,1.95,N
-16.88874,132.01527,315.71,0.59,0.53,2025-03-16,1552,N20,nominal,2.0NRT,294.02,3.95,N
-28.40594,150.00279,313.47,0.53,0.67,2025-03-16,1556,N20,nominal,2.0NRT,290.29,2.38,N
-16.89095,132.02631,306.61,0.59,0.53,2025-03-16,1552,N20,nominal,2.0NRT,293.72,2.85,N
-28.40627,150.00826,302.17,0.53,0.67,2025-03-16,1556,N20,nominal,2.0NRT,290.72,1.98,N
-16.89465,132.01974,308.37,0.59,0.53,2025-03-16,1552,N20,nominal,2.0NRT,293.72,2.85,N
-17.82612,134.476,311.23,0.4,0.44,2025-03-16,1552,N20,nominal,2.0NRT,291.31,1.13,N
-25.81909,124.4294,338.55,0.57,0.69,2025-03-16,1556,N20,nominal,2.0NRT,291.95,6.21,N
-17.8409,134.46519,304.13,0.4,0.44,2025-03-16,1552,N20,nominal,2.0NRT,291.63,0.75,N
-25.81766,124.42378,313.44,0.57,0.69,2025-03-16,1556,N20,nominal,2.0NRT,291.03,3.99,N
-17.84159,134.46893,308.81,0.4,0.44,2025-03-16,1552,N20,nominal,2.0NRT,291.35,0.75,N
-18.3263,132.66759,322.47,0.5,0.49,2025-03-16,1552,N20,nominal,2.0NRT,295.04,1.7,N
-25.82532,124.42738,321.69,0.57,0.69,2025-03-16,1556,N20,nominal,2.0NRT,291.37,2.29,N
-18.32537,132.66286,308.1,0.5,0.49,2025-03-16,1552,N20,nominal,2.0NRT,294.74,1.7,N
-25.82675,124.43301,308.05,0.57,0.69,2025-03-16,1556,N20,nominal,2.0NRT,291.17,2.29,N
-18.32723,132.67232,317.82,0.5,0.49,2025-03-16,1552,N20,nominal,2.0NRT,294.84,2.31,N
-25.82818,124.43863,305.73,0.57,0.69,2025-03-16,1556,N20,nominal,2.0NRT,291.04,1.53,N
-18.33358,132.6808,317.99,0.5,0.49,2025-03-16,1552,N20,nominal,2.0NRT,294.91,2.36,N
-25.82894,124.43443,314.13,0.57,0.69,2025-03-16,1556,N20,nominal,2.0NRT,290.92,2.17,N
-18.34331,132.65889,310.33,0.5,0.49,2025-03-16,1552,N20,nominal,2.0NRT,294.77,0.96,N
-30.4449,136.85951,298.54,0.38,0.36,2025-03-16,1556,N20,nominal,2.0NRT,255.04,0.75,N
-18.3544,132.71558,308.59,0.5,0.49,2025-03-16,1552,N20,nominal,2.0NRT,295.09,1.28,N
-31.72496,146.72876,307.32,0.36,0.57,2025-03-16,1556,N20,nominal,2.0NRT,281.72,1.1,N
-31.73028,146.7282,322.44,0.36,0.57,2025-03-16,1556,N20,nominal,2.0NRT,284.99,1.1,N
-18.35888,132.71463,313.77,0.5,0.49,2025-03-16,1552,N20,nominal,2.0NRT,295.34,1.28,N
-18.36426,132.71837,319.74,0.5,0.49,2025-03-16,1552,N20,nominal,2.0NRT,295.35,2.81,N
-31.72969,146.72064,301.17,0.36,0.57,2025-03-16,1556,N20,nominal,2.0NRT,286.83,1.33,N
-18.36518,132.72305,313.35,0.5,0.49,2025-03-16,1552,N20,nominal,2.0NRT,295.11,1.68,N
-31.72999,146.72443,309.87,0.36,0.57,2025-03-16,1556,N20,nominal,2.0NRT,286.38,1.33,N
-31.73057,146.73201,305,0.36,0.57,2025-03-16,1556,N20,nominal,2.0NRT,281.24,1.1,N
-18.36964,132.72208,316.71,0.5,0.49,2025-03-16,1552,N20,nominal,2.0NRT,294.95,1.68,N
-18.3732,132.71642,315.28,0.5,0.49,2025-03-16,1552,N20,nominal,2.0NRT,295.51,2.73,N
-31.74151,146.73474,305.79,0.36,0.57,2025-03-16,1556,N20,nominal,2.0NRT,284.52,0.7,N
-18.37411,132.72112,318.97,0.5,0.49,2025-03-16,1552,N20,nominal,2.0NRT,295.41,2,N
-31.74181,146.73856,304.34,0.36,0.57,2025-03-16,1556,N20,nominal,2.0NRT,281.64,0.7,N
-31.7398,146.73799,304.98,0.36,0.57,2025-03-16,1556,N20,nominal,2.0NRT,283.81,0.79,N
-20.73438,139.47746,331.49,0.38,0.36,2025-03-16,1554,N20,nominal,2.0NRT,296.49,5.68,N
-33.006,137.59802,305.86,0.4,0.37,2025-03-16,1556,N20,nominal,2.0NRT,288.98,0.98,N
-20.35369,136.89076,311.2,0.42,0.38,2025-03-16,1554,N20,nominal,2.0NRT,294.01,2.83,N
-19.52702,131.76073,330.5,0.55,0.51,2025-03-16,1554,N20,nominal,2.0NRT,295.78,5.38,N
-33.01276,137.59666,329.25,0.4,0.37,2025-03-16,1556,N20,nominal,2.0NRT,288.93,5.29,N
-33.16621,138.01222,299.72,0.41,0.37,2025-03-16,1556,N20,nominal,2.0NRT,287.12,1.12,N
-19.52497,131.75037,314.99,0.55,0.51,2025-03-16,1554,N20,nominal,2.0NRT,295.36,4.78,N
-19.526,131.75555,314.41,0.55,0.51,2025-03-16,1554,N20,nominal,2.0NRT,295.02,4.78,N
-33.1684,138.00931,299.08,0.41,0.37,2025-03-16,1556,N20,nominal,2.0NRT,285.97,0.52,N
-19.52805,131.76591,307.32,0.55,0.51,2025-03-16,1554,N20,nominal,2.0NRT,294.94,5.38,N
-34.36422,140.59209,349.94,0.52,0.42,2025-03-16,1556,N20,nominal,2.0NRT,289.49,4.83,N
-19.53938,131.77417,320.22,0.55,0.51,2025-03-16,1554,N20,nominal,2.0NRT,294.97,8.16,N
-34.36355,140.58638,316.35,0.52,0.42,2025-03-16,1556,N20,nominal,2.0NRT,287.56,2.17,N
-19.5404,131.77934,310.34,0.54,0.51,2025-03-16,1554,N20,nominal,2.0NRT,294.8,7.46,N
-19.54504,131.77827,307.36,0.54,0.51,2025-03-16,1554,N20,nominal,2.0NRT,294.75,6.39,N
-34.36489,140.59775,312.63,0.52,0.42,2025-03-16,1556,N20,nominal,2.0NRT,286.56,4.83,N
-19.52308,131.75377,312.54,0.55,0.51,2025-03-16,1554,N20,nominal,2.0NRT,295.5,4.05,N
-34.36139,140.59146,324.95,0.52,0.42,2025-03-16,1556,N20,nominal,2.0NRT,288.3,2.85,N
-19.52878,131.7579,326.94,0.55,0.51,2025-03-16,1554,N20,nominal,2.0NRT,295.14,4.05,N
-34.36525,140.59085,326.29,0.52,0.42,2025-03-16,1556,N20,nominal,2.0NRT,284.69,2.82,N
-19.52985,131.76308,318.63,0.55,0.51,2025-03-16,1554,N20,nominal,2.0NRT,294.91,3.66,N
-34.36589,140.59654,328.21,0.52,0.42,2025-03-16,1556,N20,nominal,2.0NRT,287.15,3.46,N
-19.53091,131.76825,308.36,0.55,0.51,2025-03-16,1554,N20,nominal,2.0NRT,294.52,3.66,N
-34.36461,140.58516,306.61,0.52,0.42,2025-03-16,1556,N20,nominal,2.0NRT,286.64,2.82,N
-19.53767,131.77753,312.12,0.54,0.51,2025-03-16,1554,N20,nominal,2.0NRT,294.8,3.25,N
-34.38257,140.57045,298.33,0.52,0.42,2025-03-16,1556,N20,nominal,2.0NRT,282.92,0.92,N
-19.5423,131.77646,321.95,0.54,0.51,2025-03-16,1554,N20,nominal,2.0NRT,294.97,3.25,N
-34.38322,140.57619,307.05,0.52,0.42,2025-03-16,1556,N20,nominal,2.0NRT,282.9,0.92,N
-19.68831,132.04959,313.5,0.52,0.5,2025-03-16,1554,N20,nominal,2.0NRT,295.23,4.38,N
-37.8305,144.78873,317.07,0.64,0.54,2025-03-16,1558,N20,nominal,2.0NRT,280.76,3.34,N
-37.83399,144.78836,337.67,0.32,0.54,2025-03-16,1558,N20,nominal,2.0NRT,281.73,4.91,N
-19.69934,132.05739,311.31,0.52,0.5,2025-03-16,1554,N20,nominal,2.0NRT,292,4.64,N
-38.22691,147.1658,297.14,0.43,0.62,2025-03-16,1558,N20,nominal,2.0NRT,279.35,0.72,N
-19.69878,132.0555,314.75,0.52,0.5,2025-03-16,1554,N20,nominal,2.0NRT,292.13,5.62,N
-38.30365,145.22002,316.31,0.34,0.56,2025-03-16,1558,N20,nominal,2.0NRT,282.74,1.09,N
-19.49144,130.18303,314.86,0.34,0.56,2025-03-16,1554,N20,nominal,2.0NRT,292.9,2.72,N
-41.13294,146.85323,322.45,0.44,0.62,2025-03-16,1558,N20,nominal,2.0NRT,280.04,2,N
-19.51087,130.19873,326.99,0.34,0.56,2025-03-16,1554,N20,nominal,2.0NRT,293.82,2.4,N
-41.13274,146.84789,301.47,0.44,0.62,2025-03-16,1558,N20,nominal,2.0NRT,279.33,2,N
-19.51155,130.20197,309.23,0.34,0.56,2025-03-16,1554,N20,nominal,2.0NRT,292.69,2.4,N
-19.52043,130.19296,312.79,0.34,0.56,2025-03-16,1554,N20,nominal,2.0NRT,291.77,2.27,N
-19.52554,130.19171,333.75,0.34,0.56,2025-03-16,1554,N20,nominal,2.0NRT,284.54,2.27,N
-19.55261,130.16106,342.97,0.34,0.56,2025-03-16,1554,N20,nominal,2.0NRT,294.1,9.55,N
-19.5533,130.16431,354.94,0.34,0.56,2025-03-16,1554,N20,nominal,2.0NRT,297.44,9.55,N
-19.55191,130.15779,314.93,0.34,0.56,2025-03-16,1554,N20,nominal,2.0NRT,292.9,3.29,N
-19.55773,130.15982,336.22,0.34,0.56,2025-03-16,1554,N20,nominal,2.0NRT,295.12,14.97,N
-19.55843,130.16307,352.84,0.34,0.56,2025-03-16,1554,N20,nominal,2.0NRT,306.72,14.97,N
-19.55704,130.15657,315.9,0.34,0.56,2025-03-16,1554,N20,nominal,2.0NRT,293.08,3.75,N
-19.55912,130.16632,314.12,0.34,0.56,2025-03-16,1554,N20,nominal,2.0NRT,291.68,9.92,N
-19.56355,130.16182,346.44,0.34,0.56,2025-03-16,1554,N20,nominal,2.0NRT,294.42,14.97,N
-19.56424,130.16507,338.12,0.34,0.56,2025-03-16,1554,N20,nominal,2.0NRT,283.82,9.92,N
-23.30033,148.33333,295.54,0.37,0.58,2025-03-16,1554,N20,nominal,2.0NRT,275.44,0.45,N
-23.3388,148.30348,297.21,0.37,0.58,2025-03-16,1554,N20,nominal,2.0NRT,273.39,0.42,N
-25.81562,124.42688,311.07,0.48,0.65,2025-03-16,1734,N20,nominal,2.0NRT,291.06,1.21,N
-25.81601,124.43179,306.98,0.48,0.65,2025-03-16,1734,N20,nominal,2.0NRT,291.13,1.27,N
-25.81782,124.43001,367,0.49,0.65,2025-03-16,1734,N20,high,2.0NRT,293.36,5.4,N
-25.82384,124.42945,333.4,0.49,0.65,2025-03-16,1734,N20,nominal,2.0NRT,292.65,5.4,N
-25.8242,124.43434,334.31,0.49,0.65,2025-03-16,1734,N20,nominal,2.0NRT,291.43,5.77,N
-25.82348,124.42456,318.04,0.48,0.65,2025-03-16,1734,N20,nominal,2.0NRT,291.57,5.4,N
-25.82455,124.43923,314.66,0.49,0.65,2025-03-16,1734,N20,nominal,2.0NRT,291.58,5.77,N
-25.83057,124.43867,306.4,0.49,0.65,2025-03-16,1734,N20,nominal,2.0NRT,291.31,1.48,N
-31.11511,115.42087,347.56,0.49,0.41,2025-03-16,1737,N20,nominal,2.0NRT,307.54,16.46,N
-31.11574,115.42606,311.04,0.49,0.41,2025-03-16,1737,N20,nominal,2.0NRT,292.69,16.46,N
-31.11885,115.42025,345.93,0.49,0.41,2025-03-16,1737,N20,nominal,2.0NRT,294.52,16.46,N
-31.11949,115.42545,322.45,0.49,0.41,2025-03-16,1737,N20,nominal,2.0NRT,292.22,16.46,N
-31.41565,115.80991,302.36,0.52,0.41,2025-03-16,1737,N20,nominal,2.0NRT,290.51,0.94,N
-31.4163,115.81538,316.06,0.52,0.41,2025-03-16,1737,N20,nominal,2.0NRT,291.03,1.62,N
-31.41696,115.82088,304.45,0.52,0.41,2025-03-16,1737,N20,nominal,2.0NRT,290.31,1.62,N
-31.41762,115.82638,302.19,0.52,0.42,2025-03-16,1737,N20,nominal,2.0NRT,290.51,1.33,N
-31.42211,115.83125,309.01,0.52,0.42,2025-03-16,1737,N20,nominal,2.0NRT,290.69,1.33,N
-31.42277,115.83675,313.29,0.52,0.42,2025-03-16,1737,N20,nominal,2.0NRT,290.89,2.05,N
-31.4278,115.81354,320.2,0.52,0.41,2025-03-16,1737,N20,nominal,2.0NRT,291.54,2.09,N
-31.43507,115.87409,323.7,0.52,0.42,2025-03-16,1737,N20,nominal,2.0NRT,291.28,1.88,N
-31.42846,115.81902,310.97,0.52,0.41,2025-03-16,1737,N20,nominal,2.0NRT,290.85,2.09,N
-31.42912,115.8245,301.33,0.52,0.42,2025-03-16,1737,N20,nominal,2.0NRT,289.99,0.88,N
-31.43441,115.86856,310.67,0.52,0.42,2025-03-16,1737,N20,nominal,2.0NRT,290.77,1.88,N
-31.43362,115.82938,300.57,0.52,0.42,2025-03-16,1737,N20,nominal,2.0NRT,290.38,0.69,N
-31.44143,115.86179,318.02,0.52,0.42,2025-03-16,1737,N20,nominal,2.0NRT,292.65,2.69,N
-31.44475,115.88946,300.98,0.52,0.42,2025-03-16,1737,N20,nominal,2.0NRT,290.78,0.49,N
-31.60434,115.75387,309.33,0.52,0.41,2025-03-16,1737,N20,nominal,2.0NRT,290.76,1.22,N
-31.60499,115.75938,303.16,0.52,0.41,2025-03-16,1737,N20,nominal,2.0NRT,290.78,0.92,N
-33.4316,117.17837,295.91,0.43,0.46,2025-03-16,1737,N20,nominal,2.0NRT,283.72,0.4,N
-15.76637,126.9612,305.87,0.55,0.68,2025-03-16,1732,N20,nominal,2.0NRT,286.14,2.19,N
-15.76692,126.96652,302.3,0.55,0.68,2025-03-16,1732,N20,nominal,2.0NRT,286.49,2.2,N
-15.77377,126.97113,318.56,0.55,0.68,2025-03-16,1732,N20,nominal,2.0NRT,286.82,2.2,N
-15.79829,127.20931,304.72,0.57,0.69,2025-03-16,1732,N20,nominal,2.0NRT,287.24,1.18,N
-15.79886,127.21484,308.34,0.58,0.69,2025-03-16,1732,N20,nominal,2.0NRT,287.22,1.18,N
-15.77952,126.96517,309.4,0.55,0.68,2025-03-16,1732,N20,nominal,2.0NRT,286.23,1.17,N
-15.78009,126.97057,304.49,0.55,0.68,2025-03-16,1732,N20,nominal,2.0NRT,286.32,1.17,N
-19.76241,126.9814,309.75,0.61,0.71,2025-03-16,1734,N20,nominal,2.0NRT,276.2,3.86,N
-19.77,126.99249,296.58,0.62,0.71,2025-03-16,1734,N20,nominal,2.0NRT,263.77,1.11,N
-19.7705,126.99831,295.24,0.62,0.71,2025-03-16,1734,N20,nominal,2.0NRT,268.73,1.11,N
-21.36435,124.61474,321.56,0.45,0.63,2025-03-16,1734,N20,nominal,2.0NRT,290.19,3.21,N
-21.36072,124.57596,305.83,0.44,0.63,2025-03-16,1734,N20,nominal,2.0NRT,289.92,2.01,N
-21.36732,124.58391,305.52,0.45,0.63,2025-03-16,1734,N20,nominal,2.0NRT,289.58,0.91,N
-21.16022,119.06312,333.57,0.39,0.44,2025-03-16,1734,N20,nominal,2.0NRT,295.09,5.78,N
-21.16425,119.06239,347.22,0.39,0.44,2025-03-16,1734,N20,nominal,2.0NRT,295.88,4.54,N
-21.16471,119.06611,343.1,0.39,0.44,2025-03-16,1734,N20,nominal,2.0NRT,295.92,4.54,N
-21.16829,119.06171,333.48,0.39,0.44,2025-03-16,1734,N20,nominal,2.0NRT,294.95,4.54,N
-21.16875,119.06544,321.12,0.39,0.44,2025-03-16,1734,N20,nominal,2.0NRT,294.79,4.54,N
-21.17232,119.06104,328.74,0.39,0.44,2025-03-16,1734,N20,nominal,2.0NRT,294.96,2.8,N
-21.17636,119.06039,311.98,0.39,0.44,2025-03-16,1734,N20,nominal,2.0NRT,293.92,2.8,N
-21.50858,119.73051,309.01,0.43,0.46,2025-03-16,1734,N20,nominal,2.0NRT,294.89,0.74,N
-21.91744,120.45319,310.97,0.49,0.48,2025-03-16,1734,N20,nominal,2.0NRT,294.22,1.29,N
-21.92135,120.4479,336.39,0.49,0.48,2025-03-16,1734,N20,nominal,2.0NRT,295,5.64,N
-21.92191,120.4526,354.27,0.49,0.48,2025-03-16,1734,N20,nominal,2.0NRT,296.48,5.64,N
-21.92693,120.45667,344.72,0.49,0.48,2025-03-16,1734,N20,nominal,2.0NRT,295.95,7.16,N
-21.92637,120.45194,312.67,0.49,0.48,2025-03-16,1734,N20,nominal,2.0NRT,294.2,5.64,N
-21.92004,120.45133,367,0.49,0.48,2025-03-16,1734,N20,high,2.0NRT,296.97,6.87,N
-21.92056,120.45605,310,0.49,0.48,2025-03-16,1734,N20,nominal,2.0NRT,294.31,6.87,N
-21.92503,120.4554,347.66,0.49,0.48,2025-03-16,1734,N20,nominal,2.0NRT,295.62,6.87,N
-21.93002,120.45951,332.53,0.49,0.48,2025-03-16,1734,N20,nominal,2.0NRT,294.97,3.08,N
-21.92949,120.45474,317.69,0.49,0.48,2025-03-16,1734,N20,nominal,2.0NRT,293.97,2.27,N
-21.93448,120.45883,327.84,0.49,0.48,2025-03-16,1734,N20,nominal,2.0NRT,294.37,3.08,N
-21.93501,120.46357,313.97,0.49,0.49,2025-03-16,1734,N20,nominal,2.0NRT,294.28,3.08,N
-21.93948,120.46288,321.5,0.49,0.49,2025-03-16,1734,N20,nominal,2.0NRT,294.41,2.87,N
-21.94022,120.42916,338.78,0.49,0.48,2025-03-16,1734,N20,nominal,2.0NRT,294.08,10.95,N
-21.94075,120.43385,336.95,0.49,0.48,2025-03-16,1734,N20,nominal,2.0NRT,296.75,10.95,N
-21.94395,120.46224,333.6,0.49,0.49,2025-03-16,1734,N20,nominal,2.0NRT,294.44,2.87,N
-21.94468,120.42856,339.03,0.49,0.48,2025-03-16,1734,N20,nominal,2.0NRT,294.12,44.98,N
-21.94521,120.43324,325.28,0.49,0.48,2025-03-16,1734,N20,nominal,2.0NRT,309.56,44.98,N
-21.94574,120.43794,353.95,0.49,0.48,2025-03-16,1734,N20,nominal,2.0NRT,297.59,19.94,N
-21.94896,120.46639,321.2,0.49,0.49,2025-03-16,1734,N20,nominal,2.0NRT,294.55,2.01,N
-21.94628,120.4427,308.1,0.49,0.48,2025-03-16,1734,N20,nominal,2.0NRT,294.12,19.94,N
-21.94842,120.4616,311.08,0.49,0.49,2025-03-16,1734,N20,nominal,2.0NRT,293.53,3,N
-21.94968,120.43264,342.52,0.49,0.48,2025-03-16,1734,N20,nominal,2.0NRT,296.29,44.98,N
-21.95021,120.43732,350.3,0.49,0.48,2025-03-16,1734,N20,nominal,2.0NRT,303.72,19.94,N
-21.95074,120.44205,340.64,0.49,0.48,2025-03-16,1734,N20,nominal,2.0NRT,296.73,19.94,N
-21.95343,120.46578,316.78,0.49,0.49,2025-03-16,1734,N20,nominal,2.0NRT,294.12,2.01,N
-21.95467,120.4367,322.06,0.49,0.48,2025-03-16,1734,N20,nominal,2.0NRT,293.93,11.74,N
-21.9552,120.44141,352.59,0.49,0.48,2025-03-16,1734,N20,nominal,2.0NRT,299.1,11.74,N
-21.95574,120.4461,335.36,0.49,0.48,2025-03-16,1734,N20,nominal,2.0NRT,296.43,6.14,N
-21.95735,120.46032,316,0.49,0.49,2025-03-16,1734,N20,nominal,2.0NRT,293.88,2.19,N
-21.95789,120.46513,308.85,0.49,0.49,2025-03-16,1734,N20,nominal,2.0NRT,294.26,1.61,N
-21.9602,120.44543,332.69,0.49,0.48,2025-03-16,1734,N20,nominal,2.0NRT,295.1,6.14,N
-21.96073,120.45014,346.11,0.49,0.48,2025-03-16,1734,N20,nominal,2.0NRT,295.5,6.14,N
-21.95967,120.44074,310.61,0.49,0.48,2025-03-16,1734,N20,nominal,2.0NRT,293.64,11.74,N
-21.96519,120.44947,329.04,0.49,0.48,2025-03-16,1734,N20,nominal,2.0NRT,293.81,2.56,N
-21.64441,115.89177,307.77,0.42,0.38,2025-03-16,1734,N20,nominal,2.0NRT,278.13,1.08,N
-21.645,115.89583,300.75,0.42,0.38,2025-03-16,1734,N20,nominal,2.0NRT,275.55,0.35,N
-21.64787,115.89118,311.65,0.42,0.38,2025-03-16,1734,N20,nominal,2.0NRT,276.65,1.08,N
-21.64846,115.89524,305.77,0.42,0.38,2025-03-16,1734,N20,nominal,2.0NRT,274.91,0.35,N
-22.23358,118.16126,324.51,0.54,0.42,2025-03-16,1734,N20,nominal,2.0NRT,292.85,4.9,N
-22.46767,117.5026,303.75,0.5,0.41,2025-03-16,1734,N20,nominal,2.0NRT,280.08,1.53,N
-23.25051,122.86745,304.98,0.36,0.58,2025-03-16,1737,N20,nominal,2.0NRT,290.49,1.78,N
-23.25583,122.86689,333.74,0.36,0.58,2025-03-16,1737,N20,nominal,2.0NRT,291.18,1.78,N
-23.25617,122.87045,304.55,0.36,0.58,2025-03-16,1737,N20,nominal,2.0NRT,290.58,2.15,N
-23.3108,116.04353,319,0.44,0.38,2025-03-16,1737,N20,nominal,2.0NRT,293.24,3,N
-23.31787,116.04241,313.48,0.44,0.38,2025-03-16,1737,N20,nominal,2.0NRT,293.92,2.77,N
-39.16724,177.09807,325.93,0.73,0.76,2025-03-17,0056,N20,nominal,2.0NRT,291.01,2.31,D
-40.1526,175.63048,327.9,0.56,0.43,2025-03-17,0236,N20,nominal,2.0NRT,287.32,3.05,D
-30.57256,151.28114,335.93,0.7,0.75,2025-03-17,0238,N20,nominal,2.0NRT,296.59,7.82,D
-30.5737,151.28128,338.66,0.7,0.75,2025-03-17,0238,N20,nominal,2.0NRT,296.85,5.61,D
-27.67175,150.9458,343.87,0.69,0.74,2025-03-17,0241,N20,nominal,2.0NRT,298.01,11.29,D
-27.67254,150.94572,340.18,0.69,0.74,2025-03-17,0241,N20,nominal,2.0NRT,298.02,6.34,D
-27.21239,150.62285,330.24,0.72,0.75,2025-03-17,0241,N20,nominal,2.0NRT,295.25,3.24,D
-37.09523,149.01807,346.48,0.57,0.43,2025-03-17,0417,N20,nominal,2.0NRT,306.1,183.59,D
-37.09133,149.01674,344.2,0.57,0.43,2025-03-17,0417,N20,nominal,2.0NRT,295.4,13.26,D
-37.09267,149.01027,332.53,0.56,0.43,2025-03-17,0417,N20,nominal,2.0NRT,290.75,13.26,D
-36.72289,142.80598,335.32,0.38,0.36,2025-03-17,0417,N20,nominal,2.0NRT,305.27,3.42,D
-36.71957,142.80521,345.71,0.38,0.36,2025-03-17,0417,N20,nominal,2.0NRT,305.54,3.42,D
-36.71624,142.80443,336.31,0.38,0.36,2025-03-17,0417,N20,nominal,2.0NRT,304.83,3.52,D
-36.71227,142.80795,343.01,0.38,0.36,2025-03-17,0417,N20,nominal,2.0NRT,307.87,3.52,D
-36.71292,142.80365,338.7,0.38,0.36,2025-03-17,0417,N20,nominal,2.0NRT,305.16,3.52,D
-36.95034,141.07355,343.33,0.4,0.37,2025-03-17,0417,N20,nominal,2.0NRT,305.74,21.37,D
-36.62679,142.67783,335.83,0.38,0.36,2025-03-17,0417,N20,nominal,2.0NRT,304.24,2.07,D
-36.62744,142.67351,347.8,0.38,0.36,2025-03-17,0417,N20,nominal,2.0NRT,305.2,5.71,D
-36.77366,141.48851,344,0.39,0.36,2025-03-17,0417,N20,nominal,2.0NRT,307.72,21.64,D
-17.51559,130.69676,340.35,0.5,0.49,2025-03-17,0423,N20,nominal,2.0NRT,303.39,8.62,D
-36.76968,141.4922,347.15,0.39,0.36,2025-03-17,0417,N20,nominal,2.0NRT,307.46,21.64,D
-35.45433,147.40973,354.88,0.51,0.41,2025-03-17,0417,N20,nominal,2.0NRT,317.48,19.83,D
-17.51852,130.69978,343.46,0.5,0.49,2025-03-17,0423,N20,nominal,2.0NRT,302.81,18.41,D
-36.22008,141.78796,337.08,0.39,0.36,2025-03-17,0417,N20,nominal,2.0NRT,304.53,4.76,D
-16.87422,132.03709,355.45,0.41,0.45,2025-03-17,0423,N20,nominal,2.0NRT,300.71,13.73,D
-34.46331,150.88542,335.48,0.53,0.5,2025-03-17,0417,N20,nominal,2.0NRT,302.05,7.4,D
-16.8677,132.05557,345.23,0.41,0.45,2025-03-17,0423,N20,nominal,2.0NRT,300.16,5.28,D
-16.86818,132.05177,341.95,0.41,0.45,2025-03-17,0423,N20,nominal,2.0NRT,299.02,5.28,D
-34.44313,148.42149,346.18,0.4,0.44,2025-03-17,0417,N20,nominal,2.0NRT,316.16,21.82,D
-34.44401,148.41727,342.62,0.4,0.44,2025-03-17,0417,N20,nominal,2.0NRT,310.12,8.34,D
-16.866,132.03593,341.41,0.41,0.45,2025-03-17,0423,N20,nominal,2.0NRT,300.36,6.4,D
-34.21692,148.26665,347.66,0.39,0.44,2025-03-17,0417,N20,nominal,2.0NRT,310.72,19.64,D
-16.81252,132.02855,343.14,0.41,0.45,2025-03-17,0423,N20,nominal,2.0NRT,288.82,34.48,D
-34.2178,148.26245,367,0.39,0.44,2025-03-17,0417,N20,low,2.0NRT,325.3,48.79,D
-16.80981,132.01656,352.77,0.41,0.45,2025-03-17,0423,N20,nominal,2.0NRT,297.19,9.71,D
-34.21743,148.26611,346.76,0.39,0.44,2025-03-17,0417,N20,nominal,2.0NRT,311.26,20.97,D
-34.13678,148.40962,350.34,0.4,0.44,2025-03-17,0417,N20,nominal,2.0NRT,317.03,35.42,D
-16.81027,132.01276,338.85,0.41,0.45,2025-03-17,0423,N20,nominal,2.0NRT,290.04,9.71,D
-34.13274,148.40845,353.99,0.4,0.44,2025-03-17,0417,N20,nominal,2.0NRT,309.71,18.89,D
-16.81074,132.00894,342.49,0.41,0.45,2025-03-17,0423,N20,nominal,2.0NRT,300.1,9.26,D
-34.17113,147.88882,340.37,0.57,0.43,2025-03-17,0417,N20,nominal,2.0NRT,310.8,7.27,D
-34.17236,147.88277,346.01,0.56,0.43,2025-03-17,0417,N20,nominal,2.0NRT,315.07,7.27,D
-16.81439,132.02513,344.3,0.41,0.45,2025-03-17,0423,N20,nominal,2.0NRT,301.9,97.13,D
-34.02228,147.87589,337.3,0.57,0.43,2025-03-17,0417,N20,low,2.0NRT,309.85,2.77,D
-16.81027,132.02458,335.7,0.41,0.45,2025-03-17,0423,N20,nominal,2.0NRT,303.71,97.13,D
-34.00422,147.90302,335.86,0.57,0.43,2025-03-17,0417,N20,low,2.0NRT,309.67,4.08,D
-33.91299,147.81078,348.37,0.57,0.43,2025-03-17,0417,N20,nominal,2.0NRT,312.11,8.23,D
-16.81126,132.01698,348.1,0.41,0.45,2025-03-17,0423,N20,nominal,2.0NRT,298.28,16.68,D
-16.81224,132.00938,335.02,0.41,0.45,2025-03-17,0423,N20,nominal,2.0NRT,298.42,7.26,D
-33.90781,147.81573,339.88,0.57,0.43,2025-03-17,0417,N20,nominal,2.0NRT,308.96,4.77,D
-16.80763,132.01263,367,0.41,0.45,2025-03-17,0423,N20,high,2.0NRT,305.7,54.44,D
-33.90905,147.80965,344.91,0.57,0.43,2025-03-17,0417,N20,nominal,2.0NRT,311.12,8.03,D
-33.92863,147.61174,345.82,0.55,0.43,2025-03-17,0417,N20,nominal,2.0NRT,311.14,5.69,D
-16.80812,132.00885,349.73,0.41,0.45,2025-03-17,0423,N20,nominal,2.0NRT,308.31,60.79,D
-16.80351,132.0121,341.33,0.41,0.45,2025-03-17,0423,N20,nominal,2.0NRT,298.28,54.44,D
-33.76088,148.03748,352,0.39,0.44,2025-03-17,0417,N20,nominal,2.0NRT,311.88,5.91,D
-17.34711,126.98557,341.33,0.44,0.63,2025-03-17,0423,N20,nominal,2.0NRT,294.85,4.11,D
-33.08787,148.26715,349.54,0.41,0.45,2025-03-17,0419,N20,nominal,2.0NRT,308.66,5.08,D
-17.35147,126.94308,346.81,0.45,0.63,2025-03-17,0423,N20,nominal,2.0NRT,292.44,17.31,D
-33.08469,148.2616,340.68,0.41,0.45,2025-03-17,0419,N20,nominal,2.0NRT,308.44,5.08,D
-33.27042,147.28526,341.44,0.55,0.43,2025-03-17,0419,N20,nominal,2.0NRT,307.42,64.66,D
-17.35189,126.93889,344.16,0.45,0.63,2025-03-17,0423,N20,nominal,2.0NRT,292.44,5.39,D
-34.13932,142.37885,335.22,0.38,0.36,2025-03-17,0419,N20,low,2.0NRT,309.13,1.18,D
-17.35232,126.93468,332.39,0.45,0.63,2025-03-17,0423,N20,nominal,2.0NRT,291.62,5.39,D
-33.26654,147.28418,367,0.55,0.43,2025-03-17,0419,N20,high,2.0NRT,334.65,64.66,D
-17.34048,126.99336,345.6,0.44,0.62,2025-03-17,0423,N20,nominal,2.0NRT,299.56,10.31,D
-33.26771,147.27834,348.88,0.55,0.43,2025-03-17,0419,N20,nominal,2.0NRT,311.59,19.49,D
-17.31614,127.11797,367,0.43,0.62,2025-03-17,0423,N20,high,2.0NRT,301.21,16.26,D
-33.26149,147.28896,341.02,0.55,0.43,2025-03-17,0419,N20,nominal,2.0NRT,309.37,9.19,D
-17.31654,127.11393,367,0.43,0.62,2025-03-17,0423,N20,high,2.0NRT,300.13,50.81,D
-33.26382,147.27727,341.72,0.55,0.43,2025-03-17,0419,N20,nominal,2.0NRT,312.94,5.67,D
-34.38523,140.57181,343.46,0.4,0.37,2025-03-17,0419,N20,nominal,2.0NRT,310.55,6.1,D
-17.31697,127.10982,353.31,0.43,0.62,2025-03-17,0423,N20,nominal,2.0NRT,306.82,50.81,D
-17.32419,127.03876,342.87,0.44,0.62,2025-03-17,0423,N20,nominal,2.0NRT,298.64,6.43,D
-34.38583,140.56747,352.06,0.4,0.37,2025-03-17,0419,N20,nominal,2.0NRT,311.2,4.58,D
-17.32463,127.03447,344.49,0.44,0.62,2025-03-17,0423,N20,nominal,2.0NRT,298.47,6.43,D
-34.38245,140.5668,343.44,0.4,0.37,2025-03-17,0419,N20,nominal,2.0NRT,307.75,4.58,D
-34.37268,140.58707,346.32,0.4,0.37,2025-03-17,0419,N20,nominal,2.0NRT,306.77,3.01,D
-17.32507,127.03015,343.53,0.44,0.62,2025-03-17,0423,N20,nominal,2.0NRT,298.81,5.41,D
-17.32551,127.02583,336.3,0.44,0.62,2025-03-17,0423,N20,nominal,2.0NRT,297.9,5.41,D
-34.36809,140.59506,337.59,0.4,0.37,2025-03-17,0419,N20,nominal,2.0NRT,306.58,3.93,D
-17.31739,127.10567,282.17,0.43,0.62,2025-03-17,0423,N20,low,2.0NRT,306.02,38.25,D
-34.36472,140.59438,347.8,0.4,0.37,2025-03-17,0419,N20,nominal,2.0NRT,304.02,3.93,D
-17.31124,127.10914,367,0.43,0.62,2025-03-17,0423,N20,high,2.0NRT,299.18,50.81,D
-34.36532,140.59004,352.33,0.4,0.37,2025-03-17,0419,N20,nominal,2.0NRT,310.31,10.75,D
-17.31166,127.10501,367,0.43,0.62,2025-03-17,0423,N20,high,2.0NRT,300.26,38.25,D
-17.31208,127.10086,340.41,0.43,0.62,2025-03-17,0423,N20,nominal,2.0NRT,298.9,38.25,D
-33.34939,146.60039,367,0.51,0.41,2025-03-17,0419,N20,high,2.0NRT,338.99,137.51,D
-17.31464,127.07565,347.88,0.44,0.62,2025-03-17,0423,N20,nominal,2.0NRT,299.9,6.64,D
-17.31506,127.07147,342.7,0.44,0.62,2025-03-17,0423,N20,nominal,2.0NRT,300.7,12.09,D
-33.35054,146.59863,367,0.51,0.41,2025-03-17,0419,N20,high,2.0NRT,338.7,71.38,D
-17.3159,127.06319,333.44,0.44,0.62,2025-03-17,0423,N20,nominal,2.0NRT,299.9,3.53,D
-17.30721,127.09169,333.49,0.44,0.62,2025-03-17,0423,N20,nominal,2.0NRT,301.93,6.57,D
-33.34679,146.59763,340.17,0.51,0.41,2025-03-17,0419,N20,nominal,2.0NRT,313.95,71.38,D
-17.30764,127.08747,341.63,0.44,0.62,2025-03-17,0423,N20,nominal,2.0NRT,303.02,6.22,D
-17.30806,127.08331,345.6,0.44,0.62,2025-03-17,0423,N20,nominal,2.0NRT,302.62,6.22,D
-33.28556,146.54668,337.54,0.51,0.41,2025-03-17,0419,N20,low,2.0NRT,308.96,5.12,D
-17.30848,127.07914,339.19,0.44,0.62,2025-03-17,0423,N20,nominal,2.0NRT,300.97,6.66,D
-33.16502,146.6031,337.27,0.51,0.41,2025-03-17,0419,N20,low,2.0NRT,309.96,3.35,D
-17.29495,127.09822,331.54,0.43,0.62,2025-03-17,0423,N20,nominal,2.0NRT,301.32,2.64,D
-33.15913,146.61299,339.15,0.51,0.41,2025-03-17,0419,N20,low,2.0NRT,310.21,7.27,D
-33.16019,146.60754,352.96,0.51,0.41,2025-03-17,0419,N20,nominal,2.0NRT,311.61,7.27,D
-17.29535,127.09426,344.23,0.43,0.62,2025-03-17,0423,N20,nominal,2.0NRT,302.87,12.82,D
-33.16125,146.60208,336.65,0.51,0.41,2025-03-17,0419,N20,low,2.0NRT,310.33,4.75,D
-17.29575,127.09032,343.82,0.44,0.62,2025-03-17,0423,N20,nominal,2.0NRT,303.98,12.82,D
-33.16173,146.57925,339.33,0.51,0.41,2025-03-17,0419,N20,low,2.0NRT,310.6,3.8,D
-17.29615,127.08627,338.51,0.44,0.62,2025-03-17,0423,N20,nominal,2.0NRT,302.57,13.76,D
-17.29005,127.0893,367,0.44,0.62,2025-03-17,0423,N20,high,2.0NRT,300.97,12.82,D
-33.15691,146.58369,339.19,0.51,0.41,2025-03-17,0419,N20,low,2.0NRT,309.53,2.24,D
-33.15797,146.57825,344.3,0.51,0.41,2025-03-17,0419,N20,nominal,2.0NRT,309.79,8.35,D
-17.29045,127.08534,367,0.44,0.62,2025-03-17,0423,N20,high,2.0NRT,301.58,13.76,D
-32.52646,148.95468,340.18,0.46,0.47,2025-03-17,0419,N20,low,2.0NRT,312.32,4,D
-17.29085,127.0813,367,0.44,0.62,2025-03-17,0423,N20,high,2.0NRT,298.36,13.76,D
-17.29124,127.07732,333.4,0.44,0.62,2025-03-17,0423,N20,nominal,2.0NRT,294.5,6.75,D
-32.52573,148.95618,340.43,0.46,0.47,2025-03-17,0419,N20,low,2.0NRT,312.42,3.03,D
-17.27449,127.07074,333.87,0.44,0.62,2025-03-17,0423,N20,nominal,2.0NRT,300.66,8.71,D
-32.36135,149.47969,337.27,0.49,0.49,2025-03-17,0419,N20,nominal,2.0NRT,300.89,6.06,D
-17.27487,127.06683,341.79,0.44,0.62,2025-03-17,0423,N20,nominal,2.0NRT,299.9,4.8,D
-32.35921,149.46797,338.79,0.49,0.49,2025-03-17,0419,N20,nominal,2.0NRT,301.13,3.14,D
-17.27526,127.06293,345.1,0.44,0.62,2025-03-17,0423,N20,nominal,2.0NRT,299.09,4.8,D
-32.35148,149.46019,336.83,0.49,0.49,2025-03-17,0419,N20,nominal,2.0NRT,304.6,4.18,D
-17.26916,127.06592,345.02,0.44,0.62,2025-03-17,0423,N20,nominal,2.0NRT,300.98,4.8,D
-32.85059,146.8817,349.98,0.53,0.42,2025-03-17,0419,N20,nominal,2.0NRT,311.58,7.14,D
-17.26954,127.062,330.95,0.44,0.62,2025-03-17,0423,N20,low,2.0NRT,301.5,4.8,D
-32.85172,146.87605,347.15,0.53,0.42,2025-03-17,0419,N20,nominal,2.0NRT,317.07,10.55,D
-17.26381,127.06113,334.34,0.44,0.62,2025-03-17,0423,N20,nominal,2.0NRT,300.38,7.72,D
-32.84563,146.88634,347.9,0.53,0.42,2025-03-17,0419,N20,nominal,2.0NRT,308.96,29.1,D
-32.84676,146.88068,341.52,0.53,0.42,2025-03-17,0419,N20,low,2.0NRT,316.34,29.1,D
-17.2642,127.05716,334.64,0.44,0.62,2025-03-17,0423,N20,nominal,2.0NRT,300.67,11.61,D
-32.84931,146.88454,333.85,0.53,0.42,2025-03-17,0419,N20,low,2.0NRT,308.55,5.94,D
-17.25887,127.0523,367,0.44,0.62,2025-03-17,0423,N20,high,2.0NRT,304.24,11.61,D
-32.85152,146.87317,347.63,0.53,0.42,2025-03-17,0419,N20,nominal,2.0NRT,313.12,32.38,D
-17.25848,127.05631,349.65,0.44,0.62,2025-03-17,0423,N20,nominal,2.0NRT,301.42,11.61,D
-17.25926,127.04826,344.78,0.44,0.62,2025-03-17,0423,N20,nominal,2.0NRT,303.18,17.07,D
-32.85041,146.87886,367,0.53,0.42,2025-03-17,0419,N20,low,2.0NRT,327.98,32.38,D
-32.84548,146.88348,337.76,0.53,0.42,2025-03-17,0419,N20,nominal,2.0NRT,306.61,5.94,D
-17.27935,127.06544,338.86,0.44,0.62,2025-03-17,0423,N20,nominal,2.0NRT,289.36,4.91,D
-32.84658,146.87781,343.55,0.53,0.42,2025-03-17,0419,N20,nominal,2.0NRT,309.75,32.38,D
-17.27323,127.06839,340.22,0.44,0.62,2025-03-17,0423,N20,nominal,2.0NRT,301.46,4.28,D
-32.64725,147.21049,342.46,0.56,0.43,2025-03-17,0419,N20,nominal,2.0NRT,311.12,9.81,D
-17.27364,127.0645,346.25,0.44,0.62,2025-03-17,0423,N20,nominal,2.0NRT,301.85,4.28,D
-17.26752,127.0675,330.48,0.44,0.62,2025-03-17,0423,N20,nominal,2.0NRT,299.59,4.28,D
-32.34875,147.76613,335.27,0.4,0.44,2025-03-17,0419,N20,low,2.0NRT,309.65,2.74,D
-17.26793,127.06361,337.07,0.44,0.62,2025-03-17,0423,N20,nominal,2.0NRT,301.14,4.28,D
-32.35139,147.75345,350.63,0.4,0.44,2025-03-17,0419,N20,nominal,2.0NRT,317.01,27.43,D
-17.26262,127.0588,339.66,0.44,0.62,2025-03-17,0423,N20,nominal,2.0NRT,302.04,14.44,D
-32.35051,147.75766,367,0.4,0.44,2025-03-17,0419,N20,low,2.0NRT,325.03,79,D
-17.25731,127.05402,367,0.44,0.62,2025-03-17,0423,N20,high,2.0NRT,303.13,14.44,D
-32.34382,147.76923,354.77,0.4,0.44,2025-03-17,0419,N20,nominal,2.0NRT,320.81,54.49,D
-17.25773,127.04999,354.65,0.44,0.62,2025-03-17,0423,N20,nominal,2.0NRT,306.47,15.26,D
-32.34559,147.76076,344.13,0.4,0.44,2025-03-17,0419,N20,low,2.0NRT,314.16,14.05,D
-17.25816,127.04596,330.27,0.44,0.62,2025-03-17,0423,N20,low,2.0NRT,302.87,15.26,D
-32.34647,147.75655,341.5,0.4,0.44,2025-03-17,0419,N20,nominal,2.0NRT,309.86,14.05,D
-32.34734,147.75232,356.69,0.4,0.44,2025-03-17,0419,N20,nominal,2.0NRT,315.63,15.05,D
-17.25243,127.04515,339.32,0.44,0.62,2025-03-17,0423,N20,nominal,2.0NRT,302.55,9.66,D
-32.34822,147.74808,349.13,0.4,0.44,2025-03-17,0419,N20,nominal,2.0NRT,315.78,15.05,D
-17.24711,127.04031,341.04,0.44,0.62,2025-03-17,0423,N20,nominal,2.0NRT,300.05,6.5,D
-32.34911,147.74387,349.96,0.4,0.44,2025-03-17,0419,N20,nominal,2.0NRT,311.17,7.73,D
-17.24754,127.0362,332.79,0.44,0.62,2025-03-17,0423,N20,nominal,2.0NRT,300.94,6.5,D
-32.3447,147.765,367,0.4,0.44,2025-03-17,0419,N20,low,2.0NRT,367.97,54.49,D
-32.33978,147.7681,350.44,0.4,0.44,2025-03-17,0419,N20,nominal,2.0NRT,311.36,54.49,D
-17.24797,127.03203,347.95,0.44,0.62,2025-03-17,0423,N20,nominal,2.0NRT,301.38,8.46,D
-17.24223,127.03129,332.9,0.44,0.62,2025-03-17,0423,N20,nominal,2.0NRT,299.49,3.57,D
-32.34066,147.76385,338.88,0.4,0.44,2025-03-17,0419,N20,nominal,2.0NRT,305.26,54.49,D
-32.34242,147.7554,344.83,0.4,0.44,2025-03-17,0419,N20,nominal,2.0NRT,308.58,14.05,D
-17.22431,126.97875,354.8,0.44,0.62,2025-03-17,0423,N20,nominal,2.0NRT,297.21,12.02,D
-32.3433,147.75119,342.7,0.4,0.44,2025-03-17,0419,N20,nominal,2.0NRT,305.22,15.05,D
-17.19587,126.97133,330.22,0.44,0.62,2025-03-17,0423,N20,nominal,2.0NRT,295.52,4.51,D
-17.32788,124.81458,336.87,0.62,0.71,2025-03-17,0423,N20,nominal,2.0NRT,280.12,7.19,D
-32.3486,147.7531,367,0.4,0.44,2025-03-17,0419,N20,high,2.0NRT,312.68,16.03,D
-17.09838,126.89009,344.63,0.45,0.63,2025-03-17,0423,N20,nominal,2.0NRT,292.28,8.51,D
-32.34517,147.77005,343.7,0.4,0.44,2025-03-17,0419,N20,nominal,2.0NRT,311.07,48.1,D
-17.09214,126.89391,345.58,0.45,0.63,2025-03-17,0423,N20,nominal,2.0NRT,294.24,10.2,D
-32.34774,147.75734,341.3,0.4,0.44,2025-03-17,0419,N20,nominal,2.0NRT,309.94,32.41,D
-17.09258,126.8895,331.42,0.45,0.63,2025-03-17,0423,N20,nominal,2.0NRT,293.18,9.45,D
-32.34945,147.74886,352.78,0.4,0.44,2025-03-17,0419,N20,nominal,2.0NRT,320.69,16.03,D
-17.09187,126.89146,355.97,0.45,0.63,2025-03-17,0423,N20,nominal,2.0NRT,295.03,12.42,D
-32.3503,147.74463,349.13,0.4,0.44,2025-03-17,0419,N20,nominal,2.0NRT,311.29,4.66,D
-17.05751,126.88381,342.49,0.45,0.63,2025-03-17,0423,N20,nominal,2.0NRT,291.96,6.84,D
-32.35116,147.74039,337.02,0.4,0.44,2025-03-17,0419,N20,nominal,2.0NRT,308.92,4.66,D
-32.34603,147.76581,367,0.4,0.44,2025-03-17,0419,N20,low,2.0NRT,339.41,48.1,D
-16.34971,132.73518,342.05,0.55,0.42,2025-03-17,0423,N20,nominal,2.0NRT,302.67,8.03,D
-16.60443,130.71588,333.26,0.49,0.48,2025-03-17,0423,N20,nominal,2.0NRT,299.94,5.69,D
-32.34689,147.76157,367,0.4,0.44,2025-03-17,0419,N20,low,2.0NRT,330.18,32.41,D
-16.3458,132.73463,341.35,0.55,0.42,2025-03-17,0423,N20,nominal,2.0NRT,305.98,8.03,D
-32.34199,147.76466,367,0.4,0.44,2025-03-17,0419,N20,high,2.0NRT,332.3,48.1,D
-16.59996,130.71529,351.66,0.49,0.48,2025-03-17,0423,N20,nominal,2.0NRT,302.66,5.69,D
-32.34113,147.76892,351.63,0.4,0.44,2025-03-17,0419,N20,nominal,2.0NRT,313.06,48.1,D
-16.34189,132.73409,345.17,0.55,0.42,2025-03-17,0423,N20,nominal,2.0NRT,306.14,8.1,D
-32.3437,147.7562,345.38,0.4,0.44,2025-03-17,0419,N20,nominal,2.0NRT,307.77,32.41,D
-16.34322,132.72386,345.1,0.55,0.42,2025-03-17,0423,N20,nominal,2.0NRT,304.25,16.37,D
-32.34455,147.75195,342.18,0.4,0.44,2025-03-17,0419,N20,nominal,2.0NRT,305.87,16.03,D
-16.59549,130.71469,346.46,0.49,0.48,2025-03-17,0423,N20,nominal,2.0NRT,300.79,9.17,D
-32.34541,147.74771,337.94,0.4,0.44,2025-03-17,0419,N20,nominal,2.0NRT,307.46,16.03,D
-16.33798,132.73352,338.82,0.55,0.42,2025-03-17,0423,N20,nominal,2.0NRT,304.17,8.1,D
-32.33708,147.76776,355.23,0.4,0.44,2025-03-17,0419,N20,nominal,2.0NRT,311.47,13.73,D
-16.33864,132.72841,355.05,0.55,0.42,2025-03-17,0423,N20,nominal,2.0NRT,306.06,16.37,D
-16.33931,132.72331,352.95,0.55,0.42,2025-03-17,0423,N20,nominal,2.0NRT,307.2,16.37,D
-32.3388,147.75929,347.14,0.4,0.44,2025-03-17,0419,N20,nominal,2.0NRT,310.61,19.72,D
-16.33997,132.71822,335.92,0.55,0.42,2025-03-17,0423,N20,nominal,2.0NRT,307.58,38.15,D
-32.33965,147.75505,341.76,0.4,0.44,2025-03-17,0419,N20,nominal,2.0NRT,311.52,19.72,D
-16.33539,132.72276,367,0.55,0.42,2025-03-17,0423,N20,high,2.0NRT,306.2,12.69,D
-32.33561,147.75392,346.06,0.4,0.44,2025-03-17,0419,N20,nominal,2.0NRT,311.24,19.72,D
-16.33473,132.72787,334.07,0.55,0.42,2025-03-17,0423,N20,nominal,2.0NRT,303.66,12.69,D
-32.32813,147.76973,349.2,0.4,0.44,2025-03-17,0419,N20,nominal,2.0NRT,310.48,4.81,D
-16.33606,132.71767,342.48,0.55,0.42,2025-03-17,0423,N20,nominal,2.0NRT,306.56,35.6,D
-16.58043,130.72668,335.31,0.49,0.48,2025-03-17,0423,N20,nominal,2.0NRT,301.18,6.02,D
-32.32899,147.76549,346.03,0.4,0.44,2025-03-17,0419,N20,nominal,2.0NRT,310.83,7.51,D
-32.33071,147.757,348.52,0.4,0.44,2025-03-17,0419,N20,nominal,2.0NRT,311.08,5.69,D
-16.58098,130.72208,345.75,0.49,0.48,2025-03-17,0423,N20,nominal,2.0NRT,300.15,6.02,D
-16.58153,130.7175,335.09,0.49,0.48,2025-03-17,0423,N20,nominal,2.0NRT,299.96,6.92,D
-33.017,137.59802,340,0.48,0.4,2025-03-17,0419,N20,nominal,2.0NRT,304.88,2.93,D
-16.57541,130.73068,330.47,0.49,0.48,2025-03-17,0423,N20,nominal,2.0NRT,298.82,4.99,D
-31.77656,145.63951,345.11,0.49,0.4,2025-03-17,0419,N20,nominal,2.0NRT,311.22,8.74,D
-16.57596,130.72607,349.89,0.49,0.48,2025-03-17,0423,N20,nominal,2.0NRT,299.67,7.41,D
-16.62348,127.60783,367,0.39,0.6,2025-03-17,0423,N20,high,2.0NRT,303.9,8.03,D
-31.77926,145.63783,336.11,0.49,0.4,2025-03-17,0419,N20,low,2.0NRT,310.97,4.52,D
-16.62385,127.60427,367,0.39,0.6,2025-03-17,0423,N20,high,2.0NRT,304.94,11.84,D
-31.40341,146.61591,348.1,0.55,0.42,2025-03-17,0419,N20,nominal,2.0NRT,312.85,45.4,D
-16.62532,127.5905,367,0.4,0.6,2025-03-17,0423,N20,high,2.0NRT,302.03,55.91,D
-31.40454,146.61018,339.75,0.55,0.42,2025-03-17,0419,N20,low,2.0NRT,312.67,81.62,D
-16.61805,127.65882,335.82,0.39,0.59,2025-03-17,0423,N20,nominal,2.0NRT,301.83,2.35,D
-31.39953,146.61487,367,0.55,0.42,2025-03-17,0419,N20,low,2.0NRT,327.61,45.4,D
-16.62309,127.61142,338.08,0.39,0.6,2025-03-17,0423,N20,nominal,2.0NRT,302.89,8.03,D
-31.39565,146.61385,348.76,0.55,0.42,2025-03-17,0419,N20,nominal,2.0NRT,313.16,12.1,D
-16.62422,127.60081,348.84,0.39,0.6,2025-03-17,0423,N20,nominal,2.0NRT,302.07,11.84,D
-31.39678,146.60812,344.03,0.55,0.42,2025-03-17,0419,N20,nominal,2.0NRT,313.18,6.99,D
-16.62459,127.5974,354.01,0.39,0.6,2025-03-17,0423,N20,nominal,2.0NRT,302.23,7.97,D
-16.62495,127.59396,350.76,0.39,0.6,2025-03-17,0423,N20,nominal,2.0NRT,301.91,7.97,D
-31.3929,146.60709,345.91,0.55,0.42,2025-03-17,0419,N20,nominal,2.0NRT,312.75,6.99,D
-16.62569,127.58706,349.35,0.4,0.6,2025-03-17,0423,N20,nominal,2.0NRT,308.92,55.91,D
-16.62605,127.58363,282.58,0.4,0.6,2025-03-17,0423,N20,low,2.0NRT,311.35,89.7,D
-31.39017,146.60031,346.98,0.55,0.42,2025-03-17,0419,N20,nominal,2.0NRT,313.62,14.82,D
-16.61257,127.65812,367,0.39,0.59,2025-03-17,0423,N20,high,2.0NRT,305.27,7.48,D
-31.27793,145.58499,344.74,0.49,0.4,2025-03-17,0419,N20,nominal,2.0NRT,309.74,4.32,D
-16.61296,127.65446,367,0.39,0.59,2025-03-17,0423,N20,high,2.0NRT,305.47,11.78,D
-16.62019,127.5863,367,0.4,0.6,2025-03-17,0423,N20,high,2.0NRT,304.11,38.14,D
-30.02593,149.17679,367,0.53,0.5,2025-03-17,0419,N20,high,2.0NRT,299.36,24.49,D
-16.61218,127.66177,332.64,0.39,0.59,2025-03-17,0423,N20,nominal,2.0NRT,301.97,7.48,D
-30.02473,149.18227,342.54,0.53,0.5,2025-03-17,0419,N20,nominal,2.0NRT,297.19,9.8,D
-16.61334,127.65084,350.29,0.39,0.59,2025-03-17,0423,N20,nominal,2.0NRT,303.17,11.78,D
-16.62056,127.58286,354.95,0.4,0.6,2025-03-17,0423,N20,nominal,2.0NRT,305.34,80.37,D
-29.71761,149.70584,338.46,0.58,0.52,2025-03-17,0419,N20,low,2.0NRT,309.46,4.47,D
-16.6213,127.57583,341.71,0.4,0.6,2025-03-17,0423,N20,nominal,2.0NRT,307.55,45.65,D
-16.61466,127.58588,367,0.4,0.6,2025-03-17,0423,N20,high,2.0NRT,300.94,38.14,D
-29.71012,149.71634,335.97,0.58,0.52,2025-03-17,0419,N20,low,2.0NRT,307.74,6.44,D
-16.6154,127.57881,367,0.4,0.6,2025-03-17,0423,N20,high,2.0NRT,306.36,80.37,D
-16.61655,127.56793,367,0.4,0.6,2025-03-17,0423,N20,high,2.0NRT,301.48,39.78,D
-29.71149,149.7104,343.13,0.58,0.52,2025-03-17,0419,N20,nominal,2.0NRT,309.72,4.47,D
-16.61694,127.56428,367,0.4,0.6,2025-03-17,0423,N20,high,2.0NRT,307.6,39.78,D
-29.71285,149.70445,337.74,0.58,0.52,2025-03-17,0419,N20,low,2.0NRT,310.35,4.47,D
-16.61853,127.54919,367,0.4,0.6,2025-03-17,0423,N20,high,2.0NRT,302.43,19.86,D
-16.61935,127.54142,367,0.4,0.6,2025-03-17,0423,N20,high,2.0NRT,301.49,9.41,D
-29.71828,149.68079,346.53,0.58,0.52,2025-03-17,0419,N20,nominal,2.0NRT,310.97,11.78,D
-16.62336,127.50325,367,0.4,0.6,2025-03-17,0423,N20,high,2.0NRT,291.73,10.27,D
-16.61503,127.58234,344.93,0.4,0.6,2025-03-17,0423,N20,nominal,2.0NRT,305.07,80.37,D
-29.71958,149.70392,335.39,0.58,0.52,2025-03-17,0419,N20,low,2.0NRT,310.11,4.78,D
-16.61617,127.57158,331.72,0.4,0.6,2025-03-17,0423,N20,nominal,2.0NRT,300.35,45.65,D
-16.61733,127.56057,349,0.4,0.6,2025-03-17,0423,N20,nominal,2.0NRT,312.93,61,D
-29.71483,149.70255,336.7,0.58,0.52,2025-03-17,0419,N20,low,2.0NRT,309.6,4.78,D
-16.61772,127.55684,344.72,0.4,0.6,2025-03-17,0423,N20,nominal,2.0NRT,307.34,61,D
-29.72011,149.67877,348.56,0.58,0.52,2025-03-17,0419,N20,nominal,2.0NRT,311.31,9.31,D
-16.61812,127.55306,354.39,0.4,0.6,2025-03-17,0423,N20,nominal,2.0NRT,304.77,19.86,D
-16.61894,127.54531,353.89,0.4,0.6,2025-03-17,0423,N20,nominal,2.0NRT,300.73,9.41,D
-29.71404,149.68333,367,0.58,0.52,2025-03-17,0419,N20,high,2.0NRT,312.02,13.45,D
-16.61579,127.5752,305.47,0.4,0.6,2025-03-17,0423,N20,low,2.0NRT,306.48,45.65,D
-29.70742,149.71307,335.57,0.58,0.52,2025-03-17,0419,N20,low,2.0NRT,307.39,8.49,D
-16.62376,127.4995,355.62,0.4,0.6,2025-03-17,0423,N20,low,2.0NRT,289.35,9.76,D
-16.60465,127.62796,367,0.39,0.6,2025-03-17,0423,N20,high,2.0NRT,305.58,16.05,D
-29.71007,149.70116,339.46,0.58,0.52,2025-03-17,0419,N20,low,2.0NRT,310.25,5.73,D
-16.60539,127.62095,367,0.39,0.6,2025-03-17,0423,N20,high,2.0NRT,308.32,18.74,D
-29.7114,149.69522,339.65,0.58,0.52,2025-03-17,0419,N20,nominal,2.0NRT,308.68,5.73,D
-16.61784,127.50247,367,0.4,0.6,2025-03-17,0423,N20,high,2.0NRT,294.77,18,D
-29.71536,149.67741,337.57,0.58,0.52,2025-03-17,0419,N20,nominal,2.0NRT,311.11,6.05,D
-16.60502,127.62445,341.88,0.39,0.6,2025-03-17,0423,N20,nominal,2.0NRT,304.09,18.74,D
-29.70796,149.6879,356,0.58,0.52,2025-03-17,0419,N20,nominal,2.0NRT,311.55,13.45,D
-16.60575,127.61752,351.32,0.39,0.6,2025-03-17,0423,N20,nominal,2.0NRT,309.84,18,D
-16.61104,127.56729,341.42,0.4,0.6,2025-03-17,0423,N20,nominal,2.0NRT,302.55,4.69,D
-29.51888,149.52719,342.49,0.57,0.52,2025-03-17,0419,N20,nominal,2.0NRT,307.75,9.42,D
-16.61143,127.56358,342.6,0.4,0.6,2025-03-17,0423,N20,nominal,2.0NRT,302.54,4.69,D
-29.40741,148.50404,341.88,0.5,0.49,2025-03-17,0419,N20,nominal,2.0NRT,307.06,7.03,D
-16.613,127.54865,352.17,0.4,0.6,2025-03-17,0423,N20,nominal,2.0NRT,300.48,10.17,D
-29.4085,148.49893,344.81,0.5,0.49,2025-03-17,0419,N20,nominal,2.0NRT,311.81,7.03,D
-16.6134,127.54484,343.84,0.4,0.6,2025-03-17,0423,N20,nominal,2.0NRT,300.53,10.38,D
-16.59951,127.62392,367,0.39,0.6,2025-03-17,0423,N20,high,2.0NRT,306.33,18.74,D
-29.40403,148.49768,348.68,0.5,0.49,2025-03-17,0419,N20,nominal,2.0NRT,310.15,15.61,D
-16.59987,127.62048,367,0.39,0.6,2025-03-17,0423,N20,high,2.0NRT,309.74,18.74,D
-29.40513,148.49255,354.68,0.5,0.49,2025-03-17,0419,N20,nominal,2.0NRT,316.12,45.75,D
-16.61192,127.50546,367,0.4,0.6,2025-03-17,0423,N20,high,2.0NRT,296.88,18,D
-16.60023,127.61706,340.74,0.39,0.6,2025-03-17,0423,N20,nominal,2.0NRT,307.31,18,D
-28.58941,150.1911,333.77,0.33,0.55,2025-03-17,0419,N20,low,2.0NRT,307.94,2.24,D
-16.61231,127.50171,353.58,0.4,0.6,2025-03-17,0423,N20,nominal,2.0NRT,295.23,18,D
-16.60598,127.50866,350.35,0.4,0.6,2025-03-17,0423,N20,nominal,2.0NRT,297.7,10.27,D
-28.79113,148.41808,352.78,0.51,0.49,2025-03-17,0419,N20,nominal,2.0NRT,314.92,22.95,D
-16.60638,127.50478,351.98,0.4,0.6,2025-03-17,0423,N20,nominal,2.0NRT,298.35,17.16,D
-28.79227,148.41287,337.83,0.51,0.49,2025-03-17,0419,N20,nominal,2.0NRT,311.79,5.11,D
-16.60005,127.51185,335.9,0.4,0.6,2025-03-17,0423,N20,nominal,2.0NRT,298.06,10.27,D
-28.79044,148.42091,343.05,0.51,0.49,2025-03-17,0419,N20,nominal,2.0NRT,309.98,7.75,D
-16.60044,127.508,356.11,0.4,0.6,2025-03-17,0423,N20,nominal,2.0NRT,304.11,10.27,D
-28.79155,148.4157,347.1,0.51,0.49,2025-03-17,0419,N20,nominal,2.0NRT,316.07,18.86,D
-16.58336,127.61879,367,0.39,0.6,2025-03-17,0423,N20,high,2.0NRT,302.22,8.5,D
-28.78482,148.4249,349.07,0.51,0.5,2025-03-17,0419,N20,nominal,2.0NRT,311.28,7.75,D
-16.58373,127.61519,348.07,0.39,0.6,2025-03-17,0423,N20,nominal,2.0NRT,302.46,11,D
-28.78593,148.41968,342.81,0.51,0.49,2025-03-17,0419,N20,nominal,2.0NRT,310.16,7.75,D
-16.57746,127.62209,353.95,0.39,0.6,2025-03-17,0423,N20,nominal,2.0NRT,300.62,8.5,D
-28.78031,148.42368,346.08,0.51,0.5,2025-03-17,0419,N20,nominal,2.0NRT,314.87,11.76,D
-16.57782,127.61856,356.29,0.39,0.6,2025-03-17,0423,N20,nominal,2.0NRT,304.48,8.5,D
-28.77468,148.42764,346.44,0.51,0.5,2025-03-17,0419,N20,nominal,2.0NRT,307.22,18.07,D
-16.57195,127.6216,367,0.39,0.6,2025-03-17,0423,N20,high,2.0NRT,302.51,6.24,D
-16.57231,127.61806,354.13,0.39,0.6,2025-03-17,0423,N20,nominal,2.0NRT,303.9,6.24,D
-28.7758,148.42241,344.69,0.51,0.5,2025-03-17,0419,N20,nominal,2.0NRT,310.8,11.76,D
-16.56643,127.62112,332.42,0.39,0.6,2025-03-17,0423,N20,nominal,2.0NRT,301.1,6.24,D
-30.44793,136.86156,334.69,0.48,0.4,2025-03-17,0419,N20,low,2.0NRT,307.97,1.81,D
-16.60055,127.50916,367,0.4,0.6,2025-03-17,0423,N20,high,2.0NRT,301.18,19.95,D
-16.58861,127.61643,336,0.39,0.6,2025-03-17,0423,N20,nominal,2.0NRT,302.99,8.3,D
-27.86212,151.17862,341.55,0.39,0.59,2025-03-17,0419,N20,nominal,2.0NRT,301.52,3.5,D
-16.60098,127.5053,353.86,0.4,0.6,2025-03-17,0423,N20,nominal,2.0NRT,301.18,14.78,D
-28.35651,148.50534,335.21,0.53,0.5,2025-03-17,0419,N20,low,2.0NRT,308.65,4.99,D
-16.58268,127.6197,348.65,0.39,0.6,2025-03-17,0423,N20,nominal,2.0NRT,299.84,10.29,D
-16.58308,127.6161,354.85,0.39,0.6,2025-03-17,0423,N20,nominal,2.0NRT,304.07,8.3,D
-27.88808,150.53894,333.11,0.36,0.57,2025-03-17,0419,N20,low,2.0NRT,304.45,3.83,D
-16.57714,127.61945,367,0.39,0.6,2025-03-17,0423,N20,high,2.0NRT,304.4,9.66,D
-27.88289,150.53745,331.14,0.36,0.57,2025-03-17,0419,N20,nominal,2.0NRT,305.13,7.18,D
-16.57163,127.61897,367,0.39,0.6,2025-03-17,0423,N20,high,2.0NRT,304.81,9.66,D
-16.57125,127.62245,349.69,0.39,0.59,2025-03-17,0423,N20,nominal,2.0NRT,300.88,9.66,D
-27.88458,150.53033,343.1,0.35,0.57,2025-03-17,0419,N20,nominal,2.0NRT,308.76,5.95,D
-16.56941,127.48633,367,0.4,0.6,2025-03-17,0423,N20,high,2.0NRT,305.69,116.75,D
-27.87855,150.53242,367,0.36,0.57,2025-03-17,0419,N20,high,2.0NRT,306.14,7.18,D
-16.57341,127.44947,367,0.4,0.6,2025-03-17,0423,N20,high,2.0NRT,301.88,14.02,D
-16.57384,127.44556,367,0.4,0.6,2025-03-17,0423,N20,high,2.0NRT,299.46,14.02,D
-27.87939,150.52885,341.15,0.35,0.57,2025-03-17,0419,N20,nominal,2.0NRT,305.91,5.95,D
-16.57299,127.45336,349.47,0.4,0.6,2025-03-17,0423,N20,nominal,2.0NRT,294.99,13.59,D
-27.88366,150.53741,338.13,0.36,0.57,2025-03-17,0419,N20,nominal,2.0NRT,305.68,7.14,D
-16.57426,127.44167,335.61,0.4,0.6,2025-03-17,0423,N20,nominal,2.0NRT,298.7,8.19,D
-27.8853,150.53027,335.92,0.36,0.57,2025-03-17,0419,N20,nominal,2.0NRT,308.94,5.58,D
-16.56981,127.48265,207.93,0.4,0.6,2025-03-17,0423,N20,low,2.0NRT,321.78,116.75,D
-27.87929,150.53235,367,0.36,0.57,2025-03-17,0419,N20,high,2.0NRT,306.22,7.14,D
-16.56744,127.45272,367,0.4,0.6,2025-03-17,0423,N20,high,2.0NRT,291.25,13.59,D
-27.88011,150.52878,344.58,0.36,0.57,2025-03-17,0419,N20,nominal,2.0NRT,306.18,5.58,D
-16.56956,127.43309,367,0.4,0.6,2025-03-17,0423,N20,high,2.0NRT,299.95,13.05,D
-27.67503,150.94666,335.68,0.38,0.59,2025-03-17,0419,N20,nominal,2.0NRT,303.88,6.65,D
-16.56998,127.42923,367,0.4,0.6,2025-03-17,0423,N20,high,2.0NRT,299.81,13.05,D
-27.67594,150.94284,344.73,0.38,0.59,2025-03-17,0419,N20,nominal,2.0NRT,306.33,11.36,D
-16.57038,127.42552,367,0.4,0.6,2025-03-17,0423,N20,high,2.0NRT,298.94,9.76,D
-16.56506,127.47469,333.47,0.4,0.6,2025-03-17,0423,N20,nominal,2.0NRT,297.05,217.63,D
-27.66968,150.94514,367,0.38,0.59,2025-03-17,0419,N20,high,2.0NRT,303.66,6.65,D
-27.67918,150.94688,335.76,0.38,0.59,2025-03-17,0419,N20,nominal,2.0NRT,303.86,4.08,D
-16.56545,127.47107,342.46,0.4,0.6,2025-03-17,0423,N20,nominal,2.0NRT,287.15,104.28,D
-27.67384,150.94539,339.17,0.38,0.59,2025-03-17,0419,N20,nominal,2.0NRT,303.95,4.08,D
-16.56786,127.44879,354.62,0.4,0.6,2025-03-17,0423,N20,nominal,2.0NRT,298.73,14.02,D
-27.66849,150.94389,367,0.38,0.59,2025-03-17,0419,N20,high,2.0NRT,303.27,6.47,D
-27.70839,150.48572,332.37,0.36,0.57,2025-03-17,0419,N20,nominal,2.0NRT,301.06,1.82,D
-16.56914,127.43701,346.05,0.4,0.6,2025-03-17,0423,N20,nominal,2.0NRT,298.88,8.19,D
-26.948,152.62631,330.87,0.49,0.65,2025-03-17,0419,N20,nominal,2.0NRT,297.43,2.47,D
-27.74118,148.57562,351.81,0.55,0.51,2025-03-17,0419,N20,nominal,2.0NRT,313.03,62.1,D
-16.57078,127.4218,340.63,0.4,0.6,2025-03-17,0423,N20,nominal,2.0NRT,297.78,9.76,D
-27.74237,148.5701,354.75,0.55,0.51,2025-03-17,0419,N20,nominal,2.0NRT,317.77,62.1,D
-16.5159,127.56779,367,0.4,0.6,2025-03-17,0423,N20,high,2.0NRT,302.1,22.04,D
-27.74357,148.56456,354.07,0.55,0.51,2025-03-17,0419,N20,nominal,2.0NRT,312.49,31.76,D
-16.51629,127.56409,367,0.4,0.6,2025-03-17,0423,N20,high,2.0NRT,304.92,66.82,D
-27.73652,148.57437,354.4,0.55,0.51,2025-03-17,0419,N20,nominal,2.0NRT,316.85,62.1,D
-16.51435,127.58237,334.12,0.39,0.6,2025-03-17,0423,N20,nominal,2.0NRT,299.14,2.8,D
-27.73892,148.56331,350.74,0.55,0.51,2025-03-17,0419,N20,nominal,2.0NRT,320.22,31.76,D
-27.74011,148.55777,356.04,0.55,0.51,2025-03-17,0419,N20,nominal,2.0NRT,315.88,31.76,D
-16.5167,127.56033,354.95,0.4,0.6,2025-03-17,0423,N20,nominal,2.0NRT,303.1,66.82,D
-27.74131,148.55226,355.87,0.55,0.51,2025-03-17,0419,N20,nominal,2.0NRT,313.41,15.33,D
-16.51711,127.55646,338.16,0.4,0.6,2025-03-17,0423,N20,nominal,2.0NRT,292.36,78.5,D
-27.73067,148.57864,343.3,0.55,0.51,2025-03-17,0419,N20,nominal,2.0NRT,306.14,17.38,D
-16.51079,127.5634,367,0.4,0.6,2025-03-17,0423,N20,high,2.0NRT,300.78,66.82,D
-27.73187,148.57312,351.35,0.55,0.51,2025-03-17,0419,N20,nominal,2.0NRT,319.52,146.66,D
-16.50496,127.61841,341.56,0.39,0.59,2025-03-17,0423,N20,nominal,2.0NRT,294.17,9.23,D
-27.73427,148.56206,349.93,0.55,0.51,2025-03-17,0419,N20,nominal,2.0NRT,319.64,72.58,D
-16.50536,127.61465,343.41,0.39,0.59,2025-03-17,0423,N20,nominal,2.0NRT,293.56,9.39,D
-27.73546,148.55653,355.67,0.55,0.51,2025-03-17,0419,N20,nominal,2.0NRT,314.73,72.58,D
-16.50884,127.58183,332.68,0.39,0.6,2025-03-17,0423,N20,nominal,2.0NRT,288.09,2.8,D
-27.73666,148.55099,354.49,0.55,0.51,2025-03-17,0419,N20,nominal,2.0NRT,316.8,39.67,D
-16.51201,127.55183,337.39,0.4,0.6,2025-03-17,0423,N20,nominal,2.0NRT,304.47,78.5,D
-27.72962,148.56079,367,0.55,0.51,2025-03-17,0419,N20,high,2.0NRT,330.19,72.58,D
-16.50571,127.55869,367,0.4,0.6,2025-03-17,0423,N20,high,2.0NRT,299.29,11.78,D
-27.72602,148.57739,350.88,0.55,0.51,2025-03-17,0419,N20,nominal,2.0NRT,308.49,17.38,D
-16.50611,127.55483,367,0.4,0.6,2025-03-17,0423,N20,high,2.0NRT,301.62,25.65,D
-27.72722,148.57185,354.71,0.55,0.51,2025-03-17,0419,N20,nominal,2.0NRT,314.24,146.66,D
-16.50021,127.55788,330.61,0.4,0.6,2025-03-17,0423,N20,nominal,2.0NRT,281.4,11.78,D
-27.73082,148.55528,348.42,0.55,0.51,2025-03-17,0419,N20,nominal,2.0NRT,322.6,72.58,D
-16.46299,127.54163,367,0.4,0.6,2025-03-17,0423,N20,high,2.0NRT,294.62,22.09,D
-27.73201,148.54974,350.83,0.55,0.51,2025-03-17,0419,N20,nominal,2.0NRT,319.01,39.67,D
-16.46337,127.53813,331.11,0.4,0.6,2025-03-17,0423,N20,nominal,2.0NRT,288.07,22.09,D
-27.72257,148.5706,367,0.55,0.51,2025-03-17,0419,N20,high,2.0NRT,309.23,73.78,D
-27.72136,148.57614,345.57,0.55,0.51,2025-03-17,0419,N20,nominal,2.0NRT,303.77,7.83,D
-16.45787,127.53738,350.67,0.4,0.6,2025-03-17,0423,N20,nominal,2.0NRT,299.72,73.46,D
-27.72377,148.56506,346.7,0.55,0.51,2025-03-17,0419,N20,nominal,2.0NRT,321.52,73.78,D
-27.72617,148.55402,351.38,0.55,0.51,2025-03-17,0419,N20,nominal,2.0NRT,319.43,68.01,D
-16.45748,127.54097,356.2,0.4,0.6,2025-03-17,0423,N20,low,2.0NRT,286.05,73.46,D
-27.72737,148.54849,352.88,0.55,0.51,2025-03-17,0419,N20,nominal,2.0NRT,319.23,44.24,D
-27.72497,148.55954,367,0.55,0.51,2025-03-17,0419,N20,low,2.0NRT,325.92,68.01,D
-16.45277,127.53291,347.42,0.4,0.6,2025-03-17,0423,N20,nominal,2.0NRT,297.39,81.46,D
-27.72032,148.55829,354.26,0.55,0.51,2025-03-17,0419,N20,nominal,2.0NRT,312.97,68.01,D
-16.44647,127.5395,367,0.4,0.6,2025-03-17,0423,N20,high,2.0NRT,293.85,13.21,D
-27.72152,148.55276,352.17,0.55,0.51,2025-03-17,0419,N20,nominal,2.0NRT,318.88,68.01,D
-16.44687,127.53582,367,0.4,0.6,2025-03-17,0423,N20,high,2.0NRT,294.17,13.21,D
-27.72272,148.54723,352.7,0.55,0.51,2025-03-17,0419,N20,nominal,2.0NRT,317.77,44.24,D
-15.94624,128.16806,344.8,0.35,0.57,2025-03-17,0423,N20,nominal,2.0NRT,295.14,8.79,D
-27.21386,150.62326,332.54,0.37,0.58,2025-03-17,0419,N20,nominal,2.0NRT,300.24,2.66,D
-15.94099,128.16736,330.55,0.35,0.57,2025-03-17,0423,N20,nominal,2.0NRT,298.14,8.59,D
-27.39684,149.81798,367,0.33,0.55,2025-03-17,0419,N20,high,2.0NRT,310.83,6.73,D
-15.79439,127.21281,367,0.41,0.61,2025-03-17,0423,N20,high,2.0NRT,297.38,27.19,D
-27.39258,149.81323,367,0.33,0.55,2025-03-17,0419,N20,high,2.0NRT,311.86,6.82,D
-15.79478,127.20911,350.8,0.41,0.61,2025-03-17,0423,N20,nominal,2.0NRT,300.53,27.19,D
-27.39181,149.81656,354.61,0.33,0.55,2025-03-17,0419,N20,nominal,2.0NRT,308.14,6.82,D
-15.77066,126.97611,330.43,0.42,0.61,2025-03-17,0423,N20,nominal,2.0NRT,294.41,4.85,D
-27.39334,149.80992,350.02,0.33,0.55,2025-03-17,0419,N20,nominal,2.0NRT,311.68,4.11,D
-15.75975,126.97086,344.24,0.42,0.61,2025-03-17,0423,N20,nominal,2.0NRT,294.68,5.81,D
-27.38831,149.80853,342.22,0.33,0.55,2025-03-17,0419,N20,nominal,2.0NRT,307.31,4.11,D
-15.761,126.95927,332.01,0.42,0.61,2025-03-17,0423,N20,nominal,2.0NRT,293.91,5.4,D
-27.39441,149.81638,367,0.33,0.55,2025-03-17,0419,N20,high,2.0NRT,312,8.91,D
-15.72797,126.8913,353.26,0.43,0.62,2025-03-17,0423,N20,nominal,2.0NRT,298.79,12.49,D
-27.21137,150.6225,332.38,0.37,0.58,2025-03-17,0419,N20,nominal,2.0NRT,301.5,2.11,D
-15.72838,126.88729,343.53,0.43,0.62,2025-03-17,0423,N20,nominal,2.0NRT,298.5,12.49,D
-27.39516,149.81303,348.01,0.33,0.55,2025-03-17,0419,N20,nominal,2.0NRT,311.59,8.91,D
-15.72311,126.88257,367,0.43,0.62,2025-03-17,0423,N20,high,2.0NRT,304.93,118.03,D
-27.39013,149.81161,367,0.33,0.55,2025-03-17,0419,N20,high,2.0NRT,308.16,6.81,D
-15.72269,126.88658,336.7,0.43,0.62,2025-03-17,0423,N20,nominal,2.0NRT,299.58,12.49,D
-27.39087,149.80829,349.67,0.33,0.55,2025-03-17,0419,N20,nominal,2.0NRT,310.47,5.98,D
-15.72396,126.87444,331.34,0.43,0.62,2025-03-17,0423,N20,nominal,2.0NRT,296.85,40.75,D
-26.5764,149.05708,348.22,0.62,0.54,2025-03-17,0419,N20,nominal,2.0NRT,309.64,34.86,D
-15.72353,126.87852,207.93,0.43,0.62,2025-03-17,0423,N20,low,2.0NRT,319.53,118.03,D
-15.71491,126.9058,367,0.43,0.62,2025-03-17,0423,N20,high,2.0NRT,300.25,12,D
-26.57778,149.05096,342.52,0.62,0.54,2025-03-17,0419,N20,nominal,2.0NRT,307.76,29.83,D
-15.71699,126.88587,367,0.43,0.62,2025-03-17,0423,N20,high,2.0NRT,304.26,85.4,D
-26.57648,149.05479,352.93,0.62,0.54,2025-03-17,0419,N20,nominal,2.0NRT,306.95,25.78,D
-15.71533,126.9018,353.61,0.43,0.62,2025-03-17,0423,N20,nominal,2.0NRT,299.62,12,D
-15.71574,126.89781,336.22,0.43,0.62,2025-03-17,0423,N20,nominal,2.0NRT,300.5,35.33,D
-26.57781,149.04866,343.16,0.62,0.54,2025-03-17,0419,N20,nominal,2.0NRT,301.9,25.78,D
-15.71658,126.88986,342.49,0.43,0.62,2025-03-17,0423,N20,nominal,2.0NRT,300.38,85.4,D
-24.02716,146.00511,343.52,0.46,0.47,2025-03-17,0421,N20,nominal,2.0NRT,306.52,4.45,D
-15.71741,126.88187,348.96,0.43,0.62,2025-03-17,0423,N20,nominal,2.0NRT,314.89,103.68,D
-24.96606,138.68188,343.21,0.39,0.36,2025-03-17,0421,N20,low,2.0NRT,317.07,9.12,D
-15.71783,126.87785,207.93,0.43,0.62,2025-03-17,0423,N20,low,2.0NRT,317.41,103.68,D
-15.71005,126.8971,367,0.43,0.62,2025-03-17,0423,N20,high,2.0NRT,298.66,35.33,D
-25.81436,124.4358,367,0.79,0.78,2025-03-17,0421,N20,high,2.0NRT,294.75,24.75,D
-15.71047,126.89311,352.6,0.43,0.62,2025-03-17,0423,N20,nominal,2.0NRT,303.75,35.33,D
-25.81295,124.43064,367,0.79,0.78,2025-03-17,0421,N20,high,2.0NRT,295.8,21.78,D
-15.71088,126.88914,338.88,0.43,0.62,2025-03-17,0423,N20,nominal,2.0NRT,310.43,85.4,D
-15.71213,126.87714,331.04,0.43,0.62,2025-03-17,0423,N20,nominal,2.0NRT,297.17,103.68,D
-24.13362,139.77122,345.52,0.39,0.36,2025-03-17,0421,N20,nominal,2.0NRT,313.96,13.89,D
-15.7113,126.88515,278.7,0.43,0.62,2025-03-17,0423,N20,low,2.0NRT,315.84,85.4,D
-24.1303,139.77061,340.89,0.39,0.36,2025-03-17,0421,N20,low,2.0NRT,314.3,14.29,D
-15.71171,126.88117,207.93,0.43,0.62,2025-03-17,0423,N20,low,2.0NRT,309.91,103.68,D
-24.12424,139.76559,342.54,0.39,0.36,2025-03-17,0421,N20,low,2.0NRT,314.55,6.47,D
-15.71367,126.89821,367,0.43,0.62,2025-03-17,0423,N20,high,2.0NRT,300.41,24.89,D
-15.71456,126.89027,367,0.43,0.62,2025-03-17,0423,N20,high,2.0NRT,302.82,78.36,D
-24.12091,139.76497,343.04,0.39,0.36,2025-03-17,0421,N20,low,2.0NRT,313.08,6.47,D
-15.71278,126.90619,347.35,0.43,0.62,2025-03-17,0423,N20,nominal,2.0NRT,298.52,6.99,D
-24.10939,139.75114,341.08,0.39,0.36,2025-03-17,0421,N20,low,2.0NRT,314.69,11.33,D
-15.71323,126.90218,340.92,0.43,0.62,2025-03-17,0423,N20,nominal,2.0NRT,298.35,6.99,D
-24.10333,139.74614,347.86,0.39,0.36,2025-03-17,0421,N20,low,2.0NRT,318.25,16.42,D
-15.71412,126.89423,355.43,0.43,0.62,2025-03-17,0423,N20,nominal,2.0NRT,303.55,24.89,D
-24.10627,139.72719,348.8,0.39,0.36,2025-03-17,0421,N20,nominal,2.0NRT,316.96,11.18,D
-24.10059,139.74174,343.62,0.39,0.36,2025-03-17,0421,N20,low,2.0NRT,318.39,11.57,D
-15.715,126.88628,341.58,0.43,0.62,2025-03-17,0423,N20,nominal,2.0NRT,316.37,78.36,D
-20.34298,140.26471,348.56,0.41,0.37,2025-03-17,0421,N20,nominal,2.0NRT,290.81,8.79,D
-15.71545,126.88229,207.93,0.43,0.62,2025-03-17,0423,N20,low,2.0NRT,324.82,366.15,D
-20.33616,140.26347,348.74,0.41,0.37,2025-03-17,0421,N20,nominal,2.0NRT,289.7,6.8,D
-15.70843,126.89352,367,0.43,0.62,2025-03-17,0423,N20,high,2.0NRT,297.04,24.89,D
-20.3368,140.25955,338.69,0.41,0.37,2025-03-17,0421,N20,nominal,2.0NRT,288.64,6.8,D
-20.32355,140.2975,331.01,0.41,0.37,2025-03-17,0421,N20,nominal,2.0NRT,289.81,3.16,D
-15.70887,126.88955,348.39,0.43,0.62,2025-03-17,0423,N20,nominal,2.0NRT,303.35,78.36,D
-20.32419,140.29358,344.77,0.41,0.37,2025-03-17,0421,N20,nominal,2.0NRT,291.46,7.3,D
-15.70931,126.88557,341.38,0.43,0.62,2025-03-17,0423,N20,nominal,2.0NRT,300.13,78.36,D
-20.32484,140.28964,353.03,0.41,0.37,2025-03-17,0421,N20,nominal,2.0NRT,296.8,7.3,D
-20.08254,139.64296,343.23,0.4,0.37,2025-03-17,0421,N20,nominal,2.0NRT,273.71,5.92,D
-20.08315,139.63918,346.23,0.4,0.37,2025-03-17,0421,N20,nominal,2.0NRT,270.87,9.26,D
-20.08375,139.63538,339.25,0.4,0.37,2025-03-17,0421,N20,nominal,2.0NRT,271.48,9.26,D
-20.08436,139.63159,330.26,0.4,0.37,2025-03-17,0421,N20,nominal,2.0NRT,273.92,2.28,D
-20.08497,139.62782,330.03,0.4,0.37,2025-03-17,0421,N20,nominal,2.0NRT,277.72,2.28,D
-20.07856,139.64615,337.32,0.4,0.37,2025-03-17,0421,N20,nominal,2.0NRT,278.44,5.92,D
-20.07917,139.64236,355.84,0.4,0.37,2025-03-17,0421,N20,nominal,2.0NRT,276.26,5.92,D
-20.07978,139.63858,354.4,0.4,0.37,2025-03-17,0421,N20,nominal,2.0NRT,275.57,9.26,D
-20.08039,139.6348,352.52,0.4,0.37,2025-03-17,0421,N20,nominal,2.0NRT,271.85,9.26,D
-20.081,139.63101,342.44,0.4,0.37,2025-03-17,0421,N20,nominal,2.0NRT,273.63,2.28,D
-20.0816,139.62723,340.96,0.4,0.37,2025-03-17,0421,N20,nominal,2.0NRT,277.91,2.28,D
-20.0752,139.64555,335.75,0.4,0.37,2025-03-17,0421,N20,nominal,2.0NRT,279.48,3.83,D
-20.0758,139.64177,354.83,0.4,0.37,2025-03-17,0421,N20,nominal,2.0NRT,279.08,3.83,D
-20.07702,139.63419,356.2,0.4,0.37,2025-03-17,0421,N20,nominal,2.0NRT,274.26,9.92,D
-20.07763,139.6304,356.21,0.4,0.37,2025-03-17,0421,N20,nominal,2.0NRT,274.35,61.2,D
-20.07824,139.62662,352.51,0.4,0.37,2025-03-17,0421,N20,nominal,2.0NRT,282.63,61.2,D
-20.07885,139.62285,345.36,0.4,0.37,2025-03-17,0421,N20,nominal,2.0NRT,282.29,75.21,D
-20.07641,139.638,356.95,0.4,0.37,2025-03-17,0421,N20,low,2.0NRT,278.17,9.92,D
-20.07183,139.64496,330.21,0.4,0.37,2025-03-17,0421,N20,nominal,2.0NRT,278.8,3.83,D
-20.07244,139.64119,339.29,0.4,0.37,2025-03-17,0421,N20,nominal,2.0NRT,282.92,3.83,D
-20.07305,139.63741,353.25,0.4,0.37,2025-03-17,0421,N20,nominal,2.0NRT,281.98,9.92,D
-20.07427,139.62981,356.44,0.4,0.37,2025-03-17,0421,N20,nominal,2.0NRT,282.5,61.2,D
-20.07366,139.63361,356.62,0.4,0.37,2025-03-17,0421,N20,low,2.0NRT,284.31,9.92,D
-20.06968,139.6368,350.53,0.4,0.37,2025-03-17,0421,N20,nominal,2.0NRT,285.47,8.44,D
-20.0709,139.6292,350.12,0.4,0.37,2025-03-17,0421,N20,nominal,2.0NRT,294.17,111.95,D
-20.07212,139.62164,341.38,0.4,0.37,2025-03-17,0421,N20,nominal,2.0NRT,283.24,6.01,D
-20.07029,139.63301,356.7,0.4,0.37,2025-03-17,0421,N20,low,2.0NRT,288.35,8.44,D
-21.39317,124.60224,347.24,0.7,0.75,2025-03-17,0421,N20,nominal,2.0NRT,296.26,15.38,D
-21.38807,124.57513,334.87,0.71,0.75,2025-03-17,0421,N20,nominal,2.0NRT,295.55,4.11,D
-21.38162,124.56727,335.35,0.71,0.75,2025-03-17,0421,N20,nominal,2.0NRT,295.67,7.33,D
-21.37467,124.56657,340.09,0.71,0.75,2025-03-17,0421,N20,nominal,2.0NRT,293.98,7.33,D
-21.37561,124.55287,350.65,0.71,0.75,2025-03-17,0421,N20,nominal,2.0NRT,295.69,5.91,D
-21.37608,124.54604,334.04,0.71,0.75,2025-03-17,0421,N20,nominal,2.0NRT,295.76,5.91,D
-21.36911,124.54551,330.4,0.71,0.75,2025-03-17,0421,N20,nominal,2.0NRT,294.4,6.39,D
-21.3626,124.53816,344.73,0.71,0.75,2025-03-17,0421,N20,nominal,2.0NRT,295.83,20.96,D
-21.36306,124.53134,353.05,0.71,0.75,2025-03-17,0421,N20,nominal,2.0NRT,297.06,20.96,D
-21.35655,124.52393,367,0.71,0.75,2025-03-17,0421,N20,high,2.0NRT,295.08,53.93,D
-21.35054,124.61291,337.84,0.7,0.75,2025-03-17,0421,N20,nominal,2.0NRT,295.96,5.73,D
-21.35563,124.5376,341.97,0.71,0.75,2025-03-17,0421,N20,nominal,2.0NRT,295.64,28.63,D
-21.35609,124.53077,349.15,0.71,0.75,2025-03-17,0421,N20,nominal,2.0NRT,298.67,28.63,D
-21.35701,124.51714,337.15,0.71,0.75,2025-03-17,0421,N20,nominal,2.0NRT,294.11,53.93,D
-21.35003,124.51659,367,0.71,0.75,2025-03-17,0421,N20,high,2.0NRT,298.31,53.93,D
-21.34867,124.53696,349.17,0.71,0.75,2025-03-17,0421,N20,nominal,2.0NRT,296.55,28.63,D
-21.34912,124.53015,349.16,0.71,0.75,2025-03-17,0421,N20,nominal,2.0NRT,297.05,28.63,D
-21.34958,124.52338,342.43,0.71,0.75,2025-03-17,0421,N20,nominal,2.0NRT,297.08,53.93,D
-21.35048,124.50981,279.62,0.71,0.75,2025-03-17,0421,N20,low,2.0NRT,300.3,158.6,D
-21.39373,124.60535,341,0.7,0.75,2025-03-17,0421,N20,nominal,2.0NRT,296.12,11.89,D
-21.39425,124.5986,337.81,0.7,0.75,2025-03-17,0421,N20,nominal,2.0NRT,295.66,9.75,D
-21.37596,124.56297,345.19,0.71,0.75,2025-03-17,0421,N20,nominal,2.0NRT,295.26,9.66,D
-21.37699,124.54929,340.16,0.71,0.75,2025-03-17,0421,N20,nominal,2.0NRT,295.78,17.44,D
-21.36406,124.53468,348.53,0.71,0.75,2025-03-17,0421,N20,nominal,2.0NRT,295.28,48.62,D
-21.35709,124.53414,367,0.71,0.75,2025-03-17,0421,N20,high,2.0NRT,296.68,48.62,D
-21.35809,124.52051,367,0.71,0.75,2025-03-17,0421,N20,high,2.0NRT,294.33,48.86,D
-21.35759,124.52731,333.43,0.71,0.75,2025-03-17,0421,N20,nominal,2.0NRT,296.73,48.86,D
-21.35012,124.53355,367,0.71,0.75,2025-03-17,0421,N20,high,2.0NRT,297,25,D
-21.35112,124.51997,367,0.71,0.75,2025-03-17,0421,N20,high,2.0NRT,297.64,39.46,D
-21.35062,124.52676,348.19,0.71,0.75,2025-03-17,0421,N20,nominal,2.0NRT,297.61,39.46,D
-21.35211,124.50642,342.48,0.71,0.75,2025-03-17,0421,N20,nominal,2.0NRT,294.2,99.76,D
-21.34463,124.51273,367,0.71,0.75,2025-03-17,0421,N20,high,2.0NRT,297.49,99.76,D
-21.34414,124.51947,337.84,0.71,0.75,2025-03-17,0421,N20,nominal,2.0NRT,296.6,39.46,D
-21.34512,124.50594,348.51,0.71,0.75,2025-03-17,0421,N20,nominal,2.0NRT,294.35,99.76,D
-21.33765,124.51214,342.67,0.71,0.75,2025-03-17,0421,N20,nominal,2.0NRT,295.13,19.1,D
-21.33814,124.50542,354.18,0.71,0.75,2025-03-17,0421,N20,nominal,2.0NRT,295.04,19.1,D
-21.33117,124.50478,367,0.71,0.75,2025-03-17,0421,N20,high,2.0NRT,296.95,19.1,D
-21.32476,124.59365,334.8,0.7,0.75,2025-03-17,0421,N20,nominal,2.0NRT,294.6,16.85,D
-21.33068,124.51157,331.99,0.71,0.75,2025-03-17,0421,N20,nominal,2.0NRT,294.29,19.1,D
-21.33166,124.49793,331.86,0.71,0.75,2025-03-17,0421,N20,nominal,2.0NRT,293.85,30.07,D
-21.31528,124.53072,367,0.71,0.75,2025-03-17,0421,N20,high,2.0NRT,295.38,19.48,D
-21.30832,124.53004,367,0.71,0.75,2025-03-17,0421,N20,high,2.0NRT,294.97,52.12,D
-21.30881,124.52322,331.85,0.71,0.75,2025-03-17,0421,N20,nominal,2.0NRT,293.15,26.7,D
-19.545,131.78169,347.91,0.46,0.47,2025-03-17,0423,N20,nominal,2.0NRT,307.63,7.47,D
-19.54066,131.78113,345.41,0.46,0.47,2025-03-17,0423,N20,nominal,2.0NRT,307.6,10.55,D
-19.53682,131.7762,367,0.46,0.47,2025-03-17,0423,N20,high,2.0NRT,310,10.55,D
-19.53732,131.77182,344.94,0.46,0.47,2025-03-17,0423,N20,nominal,2.0NRT,310.55,10.58,D
-19.53298,131.77126,354.14,0.46,0.47,2025-03-17,0423,N20,nominal,2.0NRT,307.26,9.05,D
-19.52914,131.76631,348.98,0.46,0.47,2025-03-17,0423,N20,nominal,2.0NRT,309.33,9.05,D
-19.52529,131.76138,367,0.46,0.47,2025-03-17,0423,N20,high,2.0NRT,310.36,12.31,D
-19.52479,131.76575,335.59,0.46,0.47,2025-03-17,0423,N20,nominal,2.0NRT,306.16,4.28,D
-19.52579,131.75702,350.79,0.46,0.47,2025-03-17,0423,N20,nominal,2.0NRT,310.4,12.31,D
-19.52244,131.74768,367,0.46,0.47,2025-03-17,0423,N20,high,2.0NRT,308.71,10.05,D
-19.52144,131.75644,353.55,0.46,0.47,2025-03-17,0423,N20,nominal,2.0NRT,308.13,12.31,D
-19.52194,131.75208,349.45,0.46,0.47,2025-03-17,0423,N20,nominal,2.0NRT,308.21,10.05,D
-19.52294,131.7433,333.42,0.46,0.47,2025-03-17,0423,N20,nominal,2.0NRT,305.2,2.5,D
-19.53182,131.7686,355.92,0.46,0.47,2025-03-17,0423,N20,nominal,2.0NRT,308.71,7,D
-19.52748,131.76805,339.66,0.46,0.47,2025-03-17,0423,N20,nominal,2.0NRT,306.33,7,D
-19.52801,131.76367,345.03,0.46,0.47,2025-03-17,0423,N20,nominal,2.0NRT,308.99,9.04,D
-19.5242,131.75876,367,0.46,0.47,2025-03-17,0423,N20,high,2.0NRT,311.32,12.15,D
-19.52367,131.76312,343.41,0.46,0.47,2025-03-17,0423,N20,nominal,2.0NRT,306.89,12.15,D
-19.52472,131.75439,339.81,0.46,0.47,2025-03-17,0423,N20,nominal,2.0NRT,310.72,9.92,D
-19.52038,131.75383,342.79,0.46,0.47,2025-03-17,0423,N20,nominal,2.0NRT,306.73,9.92,D
-19.52091,131.74947,350.26,0.46,0.47,2025-03-17,0423,N20,nominal,2.0NRT,308.05,9.92,D
-19.52144,131.7451,351.04,0.46,0.47,2025-03-17,0423,N20,nominal,2.0NRT,310.34,39.22,D
-19.51709,131.74452,345.01,0.46,0.47,2025-03-17,0423,N20,nominal,2.0NRT,306.02,13.08,D
-19.56766,130.14026,354.81,0.58,0.52,2025-03-17,0423,N20,nominal,2.0NRT,300.16,9.42,D
-19.56827,130.13475,340.13,0.58,0.52,2025-03-17,0423,N20,nominal,2.0NRT,300.65,9.42,D
-19.53685,130.19817,352.05,0.58,0.52,2025-03-17,0423,N20,nominal,2.0NRT,308.63,26.86,D
-19.53745,130.19266,339.75,0.58,0.52,2025-03-17,0423,N20,nominal,2.0NRT,308.26,21.42,D
-19.50311,130.19431,343.91,0.58,0.52,2025-03-17,0423,N20,nominal,2.0NRT,303.59,9.49,D
-19.48982,130.18153,347.91,0.58,0.52,2025-03-17,0423,N20,nominal,2.0NRT,304.85,13.37,D
-19.5038,130.19316,342.18,0.58,0.52,2025-03-17,0423,N20,nominal,2.0NRT,303.9,8.29,D
-19.4906,130.18044,350.11,0.58,0.52,2025-03-17,0423,N20,nominal,2.0NRT,305.81,28.44,D
-19.78144,127.06293,346.11,0.47,0.64,2025-03-17,0423,N20,nominal,2.0NRT,292.67,27.6,D
-19.78101,127.06743,356.03,0.47,0.64,2025-03-17,0423,N20,low,2.0NRT,288.25,37.94,D
-18.34628,132.66296,333.51,0.39,0.44,2025-03-17,0423,N20,nominal,2.0NRT,297.09,2.13,D
-33.75997,120.75413,335.35,0.48,0.4,2025-03-17,0559,N20,nominal,2.0NRT,305.36,1.5,D
-33.75631,120.75317,352.92,0.48,0.4,2025-03-17,0559,N20,nominal,2.0NRT,309.4,27.02,D
-33.7573,120.74796,336.07,0.48,0.4,2025-03-17,0559,N20,nominal,2.0NRT,307.86,13.7,D
-33.75266,120.7522,354.55,0.48,0.4,2025-03-17,0559,N20,nominal,2.0NRT,309.68,27.02,D
-33.75364,120.74702,353.57,0.48,0.4,2025-03-17,0559,N20,nominal,2.0NRT,310.7,13.7,D
-33.75462,120.74181,345.38,0.48,0.4,2025-03-17,0559,N20,nominal,2.0NRT,307.94,13.7,D
-33.74998,120.74605,367,0.48,0.4,2025-03-17,0559,N20,high,2.0NRT,306.44,16.42,D
-33.74901,120.7512,334.13,0.48,0.4,2025-03-17,0559,N20,nominal,2.0NRT,303.05,1.7,D
-33.75097,120.74089,356.36,0.48,0.4,2025-03-17,0559,N20,nominal,2.0NRT,310.19,16.42,D
-33.7483,120.73471,342.56,0.48,0.4,2025-03-17,0559,N20,nominal,2.0NRT,308.37,8.99,D
-33.71252,119.99018,342.49,0.45,0.39,2025-03-17,0559,N20,nominal,2.0NRT,308.28,6.68,D
-33.47879,117.22748,336.69,0.39,0.36,2025-03-17,0559,N20,low,2.0NRT,308.82,2.16,D
-33.47413,117.23508,345.9,0.39,0.36,2025-03-17,0559,N20,nominal,2.0NRT,305.67,4.54,D
-33.47546,117.22673,339.27,0.39,0.36,2025-03-17,0559,N20,nominal,2.0NRT,308.97,3.15,D
-33.47147,117.23016,336.68,0.39,0.36,2025-03-17,0559,N20,low,2.0NRT,306.84,4.54,D
-33.47213,117.22598,335.81,0.39,0.36,2025-03-17,0559,N20,nominal,2.0NRT,305.76,3.15,D
-33.41409,117.16647,333.87,0.39,0.36,2025-03-17,0559,N20,low,2.0NRT,308.39,1.65,D
-32.69344,118.87813,337.11,0.42,0.38,2025-03-17,0559,N20,low,2.0NRT,309.5,1.88,D
-32.94951,116.97144,343.91,0.39,0.36,2025-03-17,0559,N20,nominal,2.0NRT,310.45,5.16,D
-32.94156,116.97825,340.1,0.39,0.36,2025-03-17,0559,N20,low,2.0NRT,312.65,4.92,D
-32.73736,116.9932,338.12,0.39,0.36,2025-03-17,0559,N20,low,2.0NRT,309.38,4.86,D
-32.73338,116.9966,355.47,0.39,0.36,2025-03-17,0559,N20,nominal,2.0NRT,314.21,4.86,D
-32.73151,116.9968,355.35,0.39,0.36,2025-03-17,0559,N20,nominal,2.0NRT,315.43,7.67,D
-32.73216,116.99267,344.73,0.39,0.36,2025-03-17,0559,N20,nominal,2.0NRT,312.9,7.67,D
-32.72818,116.99606,338.33,0.39,0.36,2025-03-17,0559,N20,nominal,2.0NRT,313.29,7.67,D
-32.72883,116.99194,344.45,0.39,0.36,2025-03-17,0559,N20,nominal,2.0NRT,312.56,7.67,D
-32.63584,117.12123,339.79,0.39,0.36,2025-03-17,0559,N20,nominal,2.0NRT,311.85,3.04,D
-32.53059,117.16315,337.65,0.39,0.36,2025-03-17,0601,N20,nominal,2.0NRT,309.57,2.42,D
-32.52726,117.16241,342.23,0.39,0.36,2025-03-17,0601,N20,nominal,2.0NRT,311.29,3.4,D
-32.4579,117.46198,337.27,0.39,0.36,2025-03-17,0601,N20,low,2.0NRT,311.78,3.34,D
-32.45858,117.45779,345.98,0.39,0.36,2025-03-17,0601,N20,nominal,2.0NRT,312.96,3.34,D
-32.00714,118.76767,338.38,0.42,0.38,2025-03-17,0601,N20,nominal,2.0NRT,309.49,5.89,D
-32.28222,115.94507,351.76,0.38,0.36,2025-03-17,0601,N20,nominal,2.0NRT,318.82,7.91,D
-32.03571,117.11633,342.3,0.39,0.36,2025-03-17,0601,N20,low,2.0NRT,313.04,2.82,D
-31.60871,118.67283,340.12,0.43,0.38,2025-03-17,0601,N20,nominal,2.0NRT,309.56,2.29,D
-31.6095,118.66837,335.12,0.43,0.38,2025-03-17,0601,N20,low,2.0NRT,309.84,1.84,D
-31.59718,118.65617,347.05,0.43,0.38,2025-03-17,0601,N20,nominal,2.0NRT,312.83,11.02,D
-31.5964,118.66063,367,0.43,0.38,2025-03-17,0601,N20,low,2.0NRT,327.35,44.05,D
-31.58188,118.72237,347.45,0.43,0.38,2025-03-17,0601,N20,nominal,2.0NRT,312.37,5.84,D
-31.58268,118.71788,340.56,0.43,0.38,2025-03-17,0601,N20,low,2.0NRT,312.48,4.42,D
-31.59292,118.65981,352.56,0.43,0.38,2025-03-17,0601,N20,nominal,2.0NRT,314.68,7.57,D
-31.59371,118.65534,345.35,0.43,0.38,2025-03-17,0601,N20,nominal,2.0NRT,311.66,5.87,D
-31.5784,118.72157,353.68,0.43,0.38,2025-03-17,0601,N20,nominal,2.0NRT,312.62,5.84,D
-31.5792,118.71706,342.8,0.43,0.38,2025-03-17,0601,N20,nominal,2.0NRT,312.07,4.42,D
-31.58945,118.65899,347.99,0.43,0.38,2025-03-17,0601,N20,nominal,2.0NRT,312.23,7.57,D
-31.59024,118.65454,350.14,0.43,0.38,2025-03-17,0601,N20,nominal,2.0NRT,312.75,5.87,D
-31.77722,117.51776,344.26,0.4,0.37,2025-03-17,0601,N20,nominal,2.0NRT,313.58,4.98,D
-31.54239,118.6351,341.18,0.43,0.38,2025-03-17,0601,N20,low,2.0NRT,313.33,3.43,D
-31.53623,118.62901,367,0.43,0.38,2025-03-17,0601,N20,low,2.0NRT,330.92,55.7,D
-31.53276,118.62817,367,0.43,0.38,2025-03-17,0601,N20,high,2.0NRT,337.66,54.62,D
-31.52929,118.62736,342.35,0.43,0.38,2025-03-17,0601,N20,nominal,2.0NRT,311.43,54.62,D
-31.14109,115.41489,354.57,0.38,0.36,2025-03-17,0601,N20,nominal,2.0NRT,310.29,3.26,D
-31.1417,115.41084,348.26,0.38,0.36,2025-03-17,0601,N20,nominal,2.0NRT,304.02,3.26,D
-31.13776,115.41422,367,0.38,0.36,2025-03-17,0601,N20,high,2.0NRT,305.71,3.26,D
-31.13716,115.41827,350.97,0.38,0.36,2025-03-17,0601,N20,nominal,2.0NRT,310.4,9.31,D
-31.13837,115.41017,353.78,0.38,0.36,2025-03-17,0601,N20,nominal,2.0NRT,303.86,3.26,D
-31.13323,115.42165,367,0.38,0.36,2025-03-17,0601,N20,high,2.0NRT,371.66,0,D
-31.13504,115.4095,367,0.38,0.36,2025-03-17,0601,N20,high,2.0NRT,332.09,0,D
-31.13565,115.40544,352.98,0.38,0.36,2025-03-17,0601,N20,nominal,2.0NRT,304.89,15.92,D
-31.13263,115.42569,367,0.38,0.36,2025-03-17,0601,N20,low,2.0NRT,328.52,34.14,D
-31.13384,115.4176,367,0.38,0.36,2025-03-17,0601,N20,low,2.0NRT,373.82,0,D
-31.13444,115.41354,367,0.38,0.36,2025-03-17,0601,N20,low,2.0NRT,374.15,0,D
-31.12991,115.42097,367,0.38,0.36,2025-03-17,0601,N20,high,2.0NRT,353.43,0,D
-31.13232,115.40478,355.93,0.38,0.36,2025-03-17,0601,N20,nominal,2.0NRT,312.51,15.92,D
-31.13292,115.40073,354.53,0.38,0.36,2025-03-17,0601,N20,nominal,2.0NRT,304.25,15.92,D
-31.1293,115.42502,367,0.38,0.36,2025-03-17,0601,N20,low,2.0NRT,325.05,34.14,D
-31.13051,115.41692,367,0.38,0.36,2025-03-17,0601,N20,low,2.0NRT,370.26,0,D
-31.13111,115.41287,367,0.38,0.36,2025-03-17,0601,N20,low,2.0NRT,369.96,0,D
-31.13172,115.40883,367,0.38,0.36,2025-03-17,0601,N20,low,2.0NRT,362.08,0,D
-31.12752,115.42137,367,0.38,0.36,2025-03-17,0601,N20,high,2.0NRT,343.85,236.06,D
-31.12994,115.40518,367,0.38,0.36,2025-03-17,0601,N20,high,2.0NRT,351.56,79.92,D
-31.13055,115.40114,367,0.38,0.36,2025-03-17,0601,N20,high,2.0NRT,349.56,79.92,D
-31.13116,115.39709,367,0.38,0.36,2025-03-17,0601,N20,high,2.0NRT,331.15,65.32,D
-31.12813,115.41733,367,0.38,0.36,2025-03-17,0601,N20,low,2.0NRT,378.1,236.06,D
-31.12873,115.41328,367,0.38,0.36,2025-03-17,0601,N20,low,2.0NRT,378.43,0,D
-31.12934,115.40924,367,0.38,0.36,2025-03-17,0601,N20,low,2.0NRT,378.1,0,D
-31.13176,115.39304,367,0.38,0.36,2025-03-17,0601,N20,low,2.0NRT,325.17,65.32,D
-31.13236,115.389,316.16,0.38,0.36,2025-03-17,0601,N20,low,2.0NRT,321.4,58.01,D
-31.1254,115.41261,367,0.38,0.36,2025-03-17,0601,N20,high,2.0NRT,349.96,0,D
-31.1242,115.4207,354.91,0.38,0.36,2025-03-17,0601,N20,nominal,2.0NRT,324.28,236.06,D
-31.12662,115.40452,356,0.38,0.36,2025-03-17,0601,N20,nominal,2.0NRT,312.64,79.92,D
-31.12722,115.40047,354.24,0.38,0.36,2025-03-17,0601,N20,nominal,2.0NRT,310.83,79.92,D
-31.1248,115.41666,367,0.38,0.36,2025-03-17,0601,N20,low,2.0NRT,335.76,236.06,D
-31.10756,115.41734,367,0.38,0.36,2025-03-17,0601,N20,high,2.0NRT,330.9,9.61,D
-31.10817,115.4133,367,0.38,0.36,2025-03-17,0601,N20,high,2.0NRT,329.55,9.61,D
-31.10424,115.41667,347.97,0.38,0.36,2025-03-17,0601,N20,nominal,2.0NRT,321.52,9.61,D
-31.10484,115.41263,356.06,0.38,0.36,2025-03-17,0601,N20,nominal,2.0NRT,330.49,9.61,D
-31.10545,115.40858,349.74,0.38,0.36,2025-03-17,0601,N20,nominal,2.0NRT,322.57,10.12,D
-31.10212,115.40791,367,0.38,0.36,2025-03-17,0601,N20,high,2.0NRT,331.73,11,D
-31.10151,115.41196,354,0.38,0.36,2025-03-17,0601,N20,nominal,2.0NRT,325.52,11.48,D
-31.10272,115.40387,350.86,0.38,0.36,2025-03-17,0601,N20,low,2.0NRT,328.05,11,D
-31.09879,115.40725,355,0.38,0.36,2025-03-17,0601,N20,low,2.0NRT,335.53,11,D
-31.0994,115.40319,367,0.38,0.36,2025-03-17,0601,N20,low,2.0NRT,325.26,11,D
-25.81213,124.43334,367,0.36,0.57,2025-03-17,0601,N20,high,2.0NRT,302.06,4.29,D
-25.81295,124.42982,346.42,0.36,0.57,2025-03-17,0601,N20,nominal,2.0NRT,304.66,4.29,D
-25.80692,124.43194,336.04,0.36,0.57,2025-03-17,0601,N20,nominal,2.0NRT,300.47,4.29,D
-25.80774,124.42841,356.29,0.36,0.57,2025-03-17,0601,N20,nominal,2.0NRT,302.87,4.29,D
-25.81344,124.43227,367,0.36,0.57,2025-03-17,0601,N20,high,2.0NRT,303.03,5.65,D
-25.80824,124.43085,367,0.36,0.57,2025-03-17,0601,N20,high,2.0NRT,300.94,5.65,D
-25.80903,124.42731,339.43,0.36,0.57,2025-03-17,0601,N20,nominal,2.0NRT,302.36,5.65,D
-23.2592,122.87093,367,0.32,0.55,2025-03-17,0603,N20,high,2.0NRT,304.54,8.94,D
-23.25852,122.87411,341.93,0.32,0.55,2025-03-17,0603,N20,nominal,2.0NRT,303.06,8.94,D
-23.25988,122.86778,354.79,0.32,0.55,2025-03-17,0603,N20,nominal,2.0NRT,308.56,19.15,D
-23.26056,122.86464,352.58,0.32,0.55,2025-03-17,0603,N20,nominal,2.0NRT,303.15,19.15,D
-21.93742,120.4678,339.82,0.49,0.49,2025-03-17,0603,N20,nominal,2.0NRT,306.12,4.97,D
-21.94207,120.4441,342.79,0.49,0.48,2025-03-17,0603,N20,nominal,2.0NRT,305.99,6.02,D
-21.93296,120.46689,345.63,0.49,0.49,2025-03-17,0603,N20,nominal,2.0NRT,306.03,4.97,D
-21.93763,120.44315,346.68,0.49,0.48,2025-03-17,0603,N20,nominal,2.0NRT,303.48,6.02,D
-21.92944,120.46122,333.21,0.49,0.49,2025-03-17,0603,N20,low,2.0NRT,305.69,5.23,D
-21.92968,120.43645,347.92,0.49,0.48,2025-03-17,0603,N20,nominal,2.0NRT,305.94,12.15,D
-21.92523,120.43554,330.04,0.49,0.48,2025-03-17,0603,N20,low,2.0NRT,302.87,1.3,D
-22.23536,118.18378,345.57,0.54,0.42,2025-03-17,0603,N20,nominal,2.0NRT,309.45,10.16,D
-21.17226,119.0715,337.79,0.42,0.45,2025-03-17,0603,N20,nominal,2.0NRT,302.07,5.02,D
-21.17303,119.06745,343.69,0.42,0.45,2025-03-17,0603,N20,nominal,2.0NRT,303.35,5.02,D
-21.17604,119.05163,348.32,0.42,0.45,2025-03-17,0603,N20,nominal,2.0NRT,306.48,9.37,D
-21.16811,119.07065,355.7,0.42,0.45,2025-03-17,0603,N20,nominal,2.0NRT,305.89,5.02,D
-21.16887,119.06667,334.02,0.42,0.45,2025-03-17,0603,N20,low,2.0NRT,304.71,5.02,D
-21.16396,119.06989,345.56,0.42,0.45,2025-03-17,0603,N20,nominal,2.0NRT,306.3,9.57,D
-18.68835,124.70405,349.43,0.52,0.67,2025-03-17,0603,N20,nominal,2.0NRT,296.87,6.09,D
-18.68362,124.70062,335.02,0.52,0.67,2025-03-17,0603,N20,nominal,2.0NRT,297.25,3.75,D
-18.61457,124.72117,340.04,0.53,0.67,2025-03-17,0603,N20,nominal,2.0NRT,295.33,4.57,D
-18.61569,124.71616,337.92,0.53,0.67,2025-03-17,0603,N20,nominal,2.0NRT,295.98,4.57,D
-17.31462,127.1225,340.15,0.79,0.78,2025-03-17,0603,N20,nominal,2.0NRT,294.62,13.62,D
-17.31652,127.11465,331.12,0.79,0.78,2025-03-17,0603,N20,nominal,2.0NRT,294.99,12.01,D
-17.34799,126.98442,331.32,0.78,0.78,2025-03-17,0603,N20,nominal,2.0NRT,292.91,7.33,D
-17.34975,126.97711,330.09,0.77,0.78,2025-03-17,0603,N20,nominal,2.0NRT,288.95,7.33,D
-17.3522,126.98698,336.65,0.78,0.78,2025-03-17,0603,N20,nominal,2.0NRT,292.71,8.97,D
-17.35396,126.97952,332.46,0.78,0.78,2025-03-17,0603,N20,nominal,2.0NRT,291.86,8.97,D
-17.31438,127.11586,337.97,0.79,0.78,2025-03-17,0603,N20,nominal,2.0NRT,295.01,15.5,D
-17.3552,126.94228,333.05,0.77,0.77,2025-03-17,0603,N20,nominal,2.0NRT,291.91,10.75,D
-17.31935,127.06274,336.76,0.79,0.78,2025-03-17,0603,N20,nominal,2.0NRT,293.61,15.38,D
-17.34644,126.94767,337.92,0.77,0.78,2025-03-17,0603,N20,nominal,2.0NRT,291.4,12.65,D
-17.3052,127.0907,349.37,0.79,0.78,2025-03-17,0603,N20,nominal,2.0NRT,295.46,24.82,D
-17.30693,127.08339,354.4,0.79,0.78,2025-03-17,0603,N20,nominal,2.0NRT,295.15,19.5,D
-17.30866,127.07603,344.47,0.79,0.78,2025-03-17,0603,N20,nominal,2.0NRT,294.04,19.5,D
-17.31038,127.06877,335.6,0.79,0.78,2025-03-17,0603,N20,nominal,2.0NRT,291.65,15.38,D
-17.31383,127.05418,331.83,0.79,0.78,2025-03-17,0603,N20,nominal,2.0NRT,291.7,20,D
-17.31893,127.03255,341.35,0.78,0.78,2025-03-17,0603,N20,nominal,2.0NRT,292.14,21.29,D
-17.3206,127.0255,338.21,0.78,0.78,2025-03-17,0603,N20,nominal,2.0NRT,293.64,17.41,D
-17.39173,126.69146,330.08,0.74,0.76,2025-03-17,0603,N20,nominal,2.0NRT,294.44,9.21,D
-17.3934,126.68434,353.82,0.74,0.76,2025-03-17,0603,N20,nominal,2.0NRT,293.23,9.21,D
-17.2908,127.08772,353.21,0.79,0.78,2025-03-17,0603,N20,nominal,2.0NRT,289.69,16.43,D
-17.29266,127.07986,331.02,0.79,0.78,2025-03-17,0603,N20,nominal,2.0NRT,292.41,12.8,D
-17.29786,126.77496,340.73,0.76,0.77,2025-03-17,0603,N20,nominal,2.0NRT,294.42,7.24,D
-17.29952,126.76805,333.44,0.75,0.77,2025-03-17,0603,N20,nominal,2.0NRT,294.19,7.24,D
-17.29244,126.76658,332.92,0.75,0.77,2025-03-17,0603,N20,nominal,2.0NRT,293.38,7.24,D
-17.29408,126.75974,333.95,0.75,0.77,2025-03-17,0603,N20,nominal,2.0NRT,293.22,12.5,D
-17.29403,126.77393,337.82,0.76,0.77,2025-03-17,0603,N20,nominal,2.0NRT,294.09,7.25,D
-17.29563,126.76705,345.29,0.76,0.77,2025-03-17,0603,N20,nominal,2.0NRT,293.93,10.81,D
-17.29725,126.76012,340.18,0.75,0.77,2025-03-17,0603,N20,nominal,2.0NRT,294.04,10.81,D
-17.18341,127.05325,330.61,0.79,0.78,2025-03-17,0603,N20,nominal,2.0NRT,293.16,15.24,D
-17.18511,127.04608,336.75,0.79,0.78,2025-03-17,0603,N20,nominal,2.0NRT,293.34,8.42,D
-17.13326,126.97893,330.31,0.78,0.78,2025-03-17,0603,N20,nominal,2.0NRT,292.46,4.61,D
-17.18199,127.05118,332.03,0.79,0.78,2025-03-17,0603,N20,nominal,2.0NRT,292.48,13.2,D
-17.13158,126.97626,337.06,0.78,0.78,2025-03-17,0603,N20,nominal,2.0NRT,293.58,7.52,D
-17.08155,127.06049,337.22,0.8,0.78,2025-03-17,0603,N20,nominal,2.0NRT,293.57,14.07,D
-17.08344,127.05247,348.82,0.79,0.78,2025-03-17,0603,N20,nominal,2.0NRT,293.89,14.07,D
-17.08532,127.04454,336.49,0.79,0.78,2025-03-17,0603,N20,nominal,2.0NRT,292.66,12.34,D
-17.07826,127.0424,331.3,0.79,0.78,2025-03-17,0603,N20,nominal,2.0NRT,295.1,7.32,D
-17.07098,127.04121,332.52,0.79,0.78,2025-03-17,0603,N20,nominal,2.0NRT,293.55,7.32,D
-17.1077,126.88618,332.35,0.77,0.78,2025-03-17,0603,N20,nominal,2.0NRT,293.07,7.06,D
-17.09886,126.89183,338.76,0.78,0.78,2025-03-17,0603,N20,nominal,2.0NRT,294.52,9.55,D
-17.10055,126.88473,336.31,0.77,0.78,2025-03-17,0603,N20,nominal,2.0NRT,295.17,9.55,D
-17.09177,126.89009,336.73,0.78,0.78,2025-03-17,0603,N20,nominal,2.0NRT,294.15,9.55,D
-17.06835,126.79987,355.49,0.77,0.77,2025-03-17,0603,N20,nominal,2.0NRT,293.34,19.8,D
-17.07029,126.79179,344.01,0.77,0.77,2025-03-17,0603,N20,nominal,2.0NRT,294.07,17.47,D
-17.11201,126.88694,331.22,0.78,0.78,2025-03-17,0603,N20,nominal,2.0NRT,293.77,10.03,D
-17.06896,127.04122,331.23,0.79,0.78,2025-03-17,0603,N20,nominal,2.0NRT,292.33,12.08,D
-17.09605,126.8912,337.8,0.78,0.78,2025-03-17,0603,N20,nominal,2.0NRT,294.7,9.82,D
-17.09771,126.88403,344.48,0.78,0.78,2025-03-17,0603,N20,nominal,2.0NRT,295.08,18.68,D
-17.08898,126.88937,331.17,0.78,0.78,2025-03-17,0603,N20,nominal,2.0NRT,293.18,9.82,D
-17.07218,126.80054,354.67,0.77,0.77,2025-03-17,0603,N20,nominal,2.0NRT,293.99,15.06,D
-17.07406,126.79245,337.7,0.77,0.77,2025-03-17,0603,N20,nominal,2.0NRT,294.05,15.06,D
-37.20197,174.71812,302,0.56,0.69,2025-03-17,1217,N20,nominal,2.0NRT,286.21,1.84,N
-37.19939,174.71973,297.64,0.61,0.53,2025-03-17,1357,N20,nominal,2.0NRT,285.52,1.64,N
-19.5275,169.44702,338.39,0.38,0.36,2025-03-17,1353,N20,nominal,2.0NRT,296.34,13.4,N
-37.20438,174.71922,300.01,0.61,0.53,2025-03-17,1357,N20,nominal,2.0NRT,287.74,1.64,N
-37.20024,174.72601,298.08,0.61,0.54,2025-03-17,1357,N20,nominal,2.0NRT,284.96,2.05,N
-19.53081,169.44643,312.43,0.38,0.36,2025-03-17,1353,N20,nominal,2.0NRT,292,1.11,N
-37.20522,174.72549,297.63,0.61,0.54,2025-03-17,1357,N20,nominal,2.0NRT,287.31,2.55,N
-37.2102,174.72498,310.35,0.61,0.54,2025-03-17,1357,N20,nominal,2.0NRT,287.19,2.55,N
-22.25207,166.44398,306.28,0.43,0.38,2025-03-17,1355,N20,nominal,2.0NRT,291.42,0.95,N
-33.76289,150.84686,307.62,0.58,0.7,2025-03-17,1357,N20,nominal,2.0NRT,284.09,1.26,N
-22.25361,166.44505,307.19,0.43,0.38,2025-03-17,1355,N20,nominal,2.0NRT,291.43,0.9,N
-34.45419,150.87306,303.48,0.56,0.69,2025-03-17,1357,N20,nominal,2.0NRT,284.88,1.73,N
-34.45589,150.87898,316.51,0.56,0.69,2025-03-17,1357,N20,nominal,2.0NRT,286.65,1.73,N
-34.45759,150.88489,303.07,0.56,0.68,2025-03-17,1357,N20,nominal,2.0NRT,287.1,1.59,N
-34.46198,150.87637,298.99,0.56,0.69,2025-03-17,1357,N20,nominal,2.0NRT,285.13,1.73,N
-34.46369,150.88235,299.01,0.56,0.68,2025-03-17,1357,N20,nominal,2.0NRT,284.67,1.59,N
-34.46539,150.88828,301.91,0.56,0.68,2025-03-17,1357,N20,nominal,2.0NRT,285.83,1.59,N
-34.45922,150.8815,326.71,0.56,0.68,2025-03-17,1357,N20,nominal,2.0NRT,288.49,2.74,N
-34.45749,150.87558,299.85,0.56,0.68,2025-03-17,1357,N20,nominal,2.0NRT,285.12,2.74,N
-34.46095,150.88742,305.45,0.55,0.68,2025-03-17,1357,N20,nominal,2.0NRT,286.51,3.35,N
-37.09058,149.01518,298.93,0.59,0.7,2025-03-17,1357,N20,nominal,2.0NRT,275.6,3.44,N
-37.09234,149.02104,304.07,0.59,0.7,2025-03-17,1357,N20,nominal,2.0NRT,277.09,1.87,N
-37.09853,149.01819,304.27,0.59,0.7,2025-03-17,1357,N20,nominal,2.0NRT,276.99,1.87,N
-37.09195,149.01982,309.43,0.59,0.7,2025-03-17,1357,N20,nominal,2.0NRT,276.94,2.24,N
-37.09815,149.01698,307.38,0.59,0.7,2025-03-17,1357,N20,nominal,2.0NRT,276.24,2.24,N
-38.22166,147.16504,297.33,0.67,0.74,2025-03-17,1357,N20,nominal,2.0NRT,280.76,1.19,N
-38.22282,147.16663,300.68,0.67,0.74,2025-03-17,1357,N20,nominal,2.0NRT,281.35,2.07,N
-41.1297,146.84685,299.39,0.57,0.69,2025-03-17,1359,N20,nominal,2.0NRT,280.7,1.66,N
-27.39091,149.806,314.28,0.51,0.49,2025-03-17,1535,N20,nominal,2.0NRT,289.9,1.97,N
-27.39601,149.81056,302.51,0.51,0.49,2025-03-17,1535,N20,nominal,2.0NRT,289.58,1.97,N
-27.39565,149.80316,306.68,0.51,0.49,2025-03-17,1535,N20,nominal,2.0NRT,289.81,2.19,N
-27.39615,149.80835,302.75,0.51,0.49,2025-03-17,1535,N20,nominal,2.0NRT,289.75,1.87,N
-27.72044,148.55443,304.99,0.43,0.46,2025-03-17,1535,N20,nominal,2.0NRT,290.44,1.09,N
-27.72092,148.55882,316.19,0.43,0.46,2025-03-17,1535,N20,nominal,2.0NRT,291.53,1.36,N
-27.7214,148.56323,314.42,0.43,0.46,2025-03-17,1535,N20,nominal,2.0NRT,291.19,1.36,N
-27.72187,148.56766,303.31,0.43,0.46,2025-03-17,1535,N20,nominal,2.0NRT,290.74,0.7,N
-27.72235,148.57207,304.06,0.43,0.46,2025-03-17,1535,N20,nominal,2.0NRT,290.69,0.7,N
-27.72373,148.54501,304.83,0.43,0.46,2025-03-17,1535,N20,nominal,2.0NRT,290.05,0.87,N
-27.72421,148.54942,301.98,0.43,0.46,2025-03-17,1535,N20,nominal,2.0NRT,290.15,1.09,N
-27.72516,148.55824,306.03,0.43,0.46,2025-03-17,1535,N20,nominal,2.0NRT,290.8,1.36,N
-27.72564,148.56265,314.85,0.43,0.46,2025-03-17,1535,N20,nominal,2.0NRT,291.4,1.36,N
-27.72612,148.56706,306.64,0.43,0.46,2025-03-17,1535,N20,nominal,2.0NRT,290.66,0.7,N
-27.7266,148.57149,301.51,0.43,0.46,2025-03-17,1535,N20,nominal,2.0NRT,290.47,0.7,N
-27.72845,148.54883,301.5,0.43,0.46,2025-03-17,1535,N20,nominal,2.0NRT,290.41,0.67,N
-27.72893,148.55324,301.8,0.43,0.46,2025-03-17,1535,N20,nominal,2.0NRT,290.61,0.67,N
-27.72989,148.56206,312.95,0.43,0.46,2025-03-17,1535,N20,nominal,2.0NRT,290.85,1.24,N
-27.73037,148.56648,312.84,0.43,0.46,2025-03-17,1535,N20,nominal,2.0NRT,290.61,1.08,N
-27.73085,148.57089,307.97,0.43,0.46,2025-03-17,1535,N20,nominal,2.0NRT,290.9,1.08,N
-27.73133,148.5753,302.52,0.43,0.46,2025-03-17,1535,N20,nominal,2.0NRT,290.76,1.07,N
-27.73413,148.56148,302.56,0.43,0.46,2025-03-17,1535,N20,nominal,2.0NRT,290.37,1.24,N
-27.73462,148.56589,309.97,0.43,0.46,2025-03-17,1535,N20,nominal,2.0NRT,290.51,1.08,N
-27.73509,148.5703,307.65,0.43,0.46,2025-03-17,1535,N20,nominal,2.0NRT,290.74,1.08,N
-27.73886,148.56531,302.32,0.43,0.46,2025-03-17,1535,N20,nominal,2.0NRT,290.19,0.62,N
-27.73935,148.5697,303.71,0.43,0.46,2025-03-17,1535,N20,nominal,2.0NRT,290.33,0.62,N
-28.40621,150.00435,306.2,0.54,0.51,2025-03-17,1535,N20,nominal,2.0NRT,289.74,1.04,N
-28.67356,149.97906,305.46,0.54,0.51,2025-03-17,1535,N20,nominal,2.0NRT,289.47,1.07,N
-28.6749,149.1198,297.58,0.48,0.48,2025-03-17,1535,N20,nominal,2.0NRT,286.81,0.63,N
-28.77642,148.42931,303.6,0.44,0.46,2025-03-17,1535,N20,nominal,2.0NRT,282.71,2.78,N
-28.7769,148.43382,308.31,0.44,0.46,2025-03-17,1535,N20,nominal,2.0NRT,284.6,1.8,N
-28.78069,148.42873,336.73,0.44,0.46,2025-03-17,1535,N20,nominal,2.0NRT,285.25,2.78,N
-28.78447,148.42363,320.4,0.44,0.46,2025-03-17,1535,N20,nominal,2.0NRT,287.13,1.92,N
-28.78495,148.42813,322.18,0.44,0.46,2025-03-17,1535,N20,nominal,2.0NRT,287.44,1.92,N
-28.78874,148.42303,324.58,0.44,0.46,2025-03-17,1535,N20,nominal,2.0NRT,285.7,1.92,N
-28.78922,148.42754,302.71,0.44,0.46,2025-03-17,1535,N20,nominal,2.0NRT,282.16,1.92,N
-29.35236,149.58638,340.85,0.52,0.5,2025-03-17,1535,N20,nominal,2.0NRT,292.14,11.19,N
-29.35698,149.58577,338.84,0.52,0.5,2025-03-17,1535,N20,nominal,2.0NRT,291.66,5.82,N
-29.40448,148.4894,301.56,0.45,0.47,2025-03-17,1535,N20,nominal,2.0NRT,290.86,0.88,N
-29.40219,148.49165,301.74,0.45,0.47,2025-03-17,1535,N20,nominal,2.0NRT,291.1,0.69,N
-31.17228,148.63258,309.88,0.48,0.48,2025-03-17,1537,N20,nominal,2.0NRT,288.58,1.39,N
-31.17278,148.63763,303.4,0.48,0.48,2025-03-17,1537,N20,nominal,2.0NRT,288.58,1.39,N
-31.17327,148.6427,304.2,0.48,0.48,2025-03-17,1537,N20,nominal,2.0NRT,288.48,1.07,N
-31.17773,148.64209,302.56,0.48,0.48,2025-03-17,1537,N20,nominal,2.0NRT,288.86,1.07,N
-31.27639,145.5858,327.5,0.5,0.41,2025-03-17,1537,N20,nominal,2.0NRT,287.28,3.04,N
-31.2795,145.57993,331.08,0.5,0.41,2025-03-17,1537,N20,nominal,2.0NRT,285.81,3.94,N
-31.28014,145.58516,346.33,0.5,0.41,2025-03-17,1537,N20,nominal,2.0NRT,288.63,4.14,N
-31.2839,145.58455,306.62,0.5,0.41,2025-03-17,1537,N20,nominal,2.0NRT,285.18,4.14,N
-30.44326,136.85873,314.49,0.5,0.41,2025-03-17,1537,N20,nominal,2.0NRT,289.35,1.61,N
-30.44699,136.85777,328.65,0.5,0.41,2025-03-17,1537,N20,nominal,2.0NRT,289.76,6.88,N
-32.35332,150.85057,295.47,0.33,0.56,2025-03-17,1537,N20,nominal,2.0NRT,284.81,0.25,N
-33.09789,146.33171,296.26,0.57,0.43,2025-03-17,1537,N20,nominal,2.0NRT,282.77,0.83,N
-33.15839,146.61624,295,0.39,0.44,2025-03-17,1537,N20,nominal,2.0NRT,284.1,0.83,N
-33.16151,146.60716,295.11,0.39,0.44,2025-03-17,1537,N20,nominal,2.0NRT,284.03,0.84,N
-33.15787,146.61493,301.77,0.39,0.44,2025-03-17,1537,N20,nominal,2.0NRT,284.3,0.53,N
-33.22874,146.62115,299.16,0.39,0.44,2025-03-17,1537,N20,nominal,2.0NRT,284.01,0.39,N
-33.76333,150.84879,299.24,0.34,0.56,2025-03-17,1537,N20,nominal,2.0NRT,284.97,0.38,N
-34.45623,150.87601,298.22,0.35,0.57,2025-03-17,1537,N20,nominal,2.0NRT,285.29,0.9,N
-34.4565,150.87988,300.4,0.35,0.57,2025-03-17,1537,N20,nominal,2.0NRT,286.14,2.01,N
-34.46178,150.87933,305.66,0.35,0.57,2025-03-17,1537,N20,nominal,2.0NRT,285.78,2.01,N
-34.46206,150.88319,313.7,0.35,0.57,2025-03-17,1537,N20,nominal,2.0NRT,285.88,2.01,N
-34.46233,150.88707,303.4,0.35,0.57,2025-03-17,1537,N20,nominal,2.0NRT,286.62,1.55,N
-34.46261,150.89096,299.37,0.35,0.57,2025-03-17,1537,N20,nominal,2.0NRT,286.06,1.55,N
-34.46816,150.89432,298.25,0.35,0.57,2025-03-17,1537,N20,nominal,2.0NRT,287.41,0.39,N
-33.00299,137.59781,324.95,0.44,0.38,2025-03-17,1537,N20,nominal,2.0NRT,290.38,2.79,N
-33.00383,137.60243,323.31,0.44,0.38,2025-03-17,1537,N20,nominal,2.0NRT,292.7,3.5,N
-33.00045,137.58389,311.46,0.44,0.38,2025-03-17,1537,N20,nominal,2.0NRT,289.79,0.96,N
-33.00395,137.58299,308.07,0.44,0.38,2025-03-17,1537,N20,nominal,2.0NRT,290.06,0.96,N
-33.00648,137.59689,308.32,0.44,0.38,2025-03-17,1537,N20,nominal,2.0NRT,289.98,2.79,N
-33.00732,137.60153,313.14,0.44,0.38,2025-03-17,1537,N20,nominal,2.0NRT,289.97,3.5,N
-33.00745,137.58209,316.28,0.44,0.38,2025-03-17,1537,N20,nominal,2.0NRT,289.75,1.03,N
-33.01347,137.59509,307.31,0.44,0.38,2025-03-17,1537,N20,nominal,2.0NRT,290.07,1.06,N
-33.01431,137.59972,300.7,0.44,0.38,2025-03-17,1537,N20,nominal,2.0NRT,289.61,1.34,N
-34.47516,148.12016,305.09,0.49,0.48,2025-03-17,1537,N20,nominal,2.0NRT,282.64,1.28,N
-34.47723,148.12321,301.65,0.49,0.49,2025-03-17,1537,N20,nominal,2.0NRT,282.4,1.12,N
-34.36235,140.58679,299.72,0.38,0.36,2025-03-17,1537,N20,nominal,2.0NRT,286.31,1.11,N
-34.363,140.59097,317.81,0.38,0.36,2025-03-17,1537,N20,nominal,2.0NRT,288.01,1.11,N
-34.36365,140.59517,319.65,0.38,0.36,2025-03-17,1537,N20,nominal,2.0NRT,288.76,1.73,N
-34.36567,140.58606,297.22,0.38,0.36,2025-03-17,1537,N20,nominal,2.0NRT,286.35,0.85,N
-34.36696,140.59442,305.16,0.38,0.36,2025-03-17,1537,N20,nominal,2.0NRT,282.16,1.1,N
-34.36898,140.58531,307.94,0.38,0.36,2025-03-17,1537,N20,nominal,2.0NRT,286.32,0.85,N
-34.38297,140.56485,302.61,0.38,0.36,2025-03-17,1537,N20,nominal,2.0NRT,281.67,0.59,N
-34.38362,140.56902,304.28,0.38,0.36,2025-03-17,1537,N20,nominal,2.0NRT,281.95,0.59,N
-34.83094,138.50291,302.29,0.4,0.37,2025-03-17,1537,N20,nominal,2.0NRT,288.57,1.05,N
-37.09573,149.01907,304.44,0.59,0.52,2025-03-17,1537,N20,nominal,2.0NRT,276.67,1.51,N
-37.10061,149.01859,301.83,0.59,0.52,2025-03-17,1537,N20,nominal,2.0NRT,276.79,1.51,N
-37.09345,149.0204,300.69,0.59,0.53,2025-03-17,1537,N20,nominal,2.0NRT,276.55,1.57,N
-37.09834,149.01988,306.36,0.59,0.53,2025-03-17,1537,N20,nominal,2.0NRT,276.25,1.57,N
-38.22721,147.1674,323.31,0.48,0.48,2025-03-17,1537,N20,nominal,2.0NRT,283.22,3.59,N
-37.97866,144.63742,297.06,0.53,0.42,2025-03-17,1537,N20,nominal,2.0NRT,282.86,0.7,N
-38.22523,147.16583,299.04,0.48,0.48,2025-03-17,1537,N20,nominal,2.0NRT,283.18,1.65,N
-38.22969,147.16522,317.7,0.48,0.48,2025-03-17,1537,N20,nominal,2.0NRT,282.12,2.42,N
-16.8019,131.9933,321.75,0.6,0.71,2025-03-17,1533,N20,nominal,2.0NRT,287.72,6.35,N
-16.80108,131.99062,314.97,0.6,0.71,2025-03-17,1533,N20,nominal,2.0NRT,288.07,5.53,N
-17.52088,130.70126,306.41,0.7,0.75,2025-03-17,1533,N20,nominal,2.0NRT,287.72,2.03,N
-17.52461,130.68626,307.32,0.7,0.75,2025-03-17,1533,N20,nominal,2.0NRT,287.83,4.81,N
-17.73474,130.62914,315.55,0.7,0.75,2025-03-17,1533,N20,nominal,2.0NRT,287.68,2.57,N
-17.74149,130.62714,303.43,0.7,0.75,2025-03-17,1533,N20,nominal,2.0NRT,287.7,1.78,N
-17.74299,130.63361,311.08,0.7,0.75,2025-03-17,1533,N20,nominal,2.0NRT,287.58,1.78,N
-17.77241,130.6049,308.98,0.7,0.75,2025-03-17,1533,N20,nominal,2.0NRT,287.17,2.43,N
-17.77923,130.60321,308.94,0.7,0.75,2025-03-17,1533,N20,nominal,2.0NRT,287.55,1.97,N
-17.73435,130.62711,310.73,0.7,0.75,2025-03-17,1533,N20,nominal,2.0NRT,287.86,4.36,N
-17.74264,130.63161,319.07,0.7,0.75,2025-03-17,1533,N20,nominal,2.0NRT,287.3,5.14,N
-17.77354,130.60976,305.37,0.7,0.75,2025-03-17,1533,N20,nominal,2.0NRT,287.65,2.78,N
-17.77876,130.6013,305.99,0.7,0.75,2025-03-17,1533,N20,nominal,2.0NRT,287.24,2.79,N
-18.36387,132.72762,310.09,0.5,0.66,2025-03-17,1533,N20,nominal,2.0NRT,288.76,1.06,N
-18.36448,132.72565,310,0.5,0.66,2025-03-17,1533,N20,nominal,2.0NRT,288.64,1.53,N
-18.37751,132.72737,310.24,0.5,0.66,2025-03-17,1533,N20,nominal,2.0NRT,289.09,1.09,N
-19.51215,130.20969,303.97,0.68,0.74,2025-03-17,1533,N20,nominal,2.0NRT,288.63,2.14,N
-22.73274,147.63217,298.35,0.5,0.41,2025-03-17,1533,N20,nominal,2.0NRT,271.37,1.15,N
-19.55684,130.1834,307.21,0.68,0.74,2025-03-17,1533,N20,nominal,2.0NRT,289,4.32,N
-19.56356,130.18152,322.43,0.68,0.74,2025-03-17,1533,N20,nominal,2.0NRT,287.68,4.32,N
-24.09684,139.76166,308.8,0.46,0.39,2025-03-17,1535,N20,nominal,2.0NRT,281.54,2.09,N
-24.11354,139.772,309.2,0.46,0.39,2025-03-17,1535,N20,nominal,2.0NRT,284.66,2.64,N
-24.11712,139.77124,317.38,0.46,0.39,2025-03-17,1535,N20,nominal,2.0NRT,291.83,2.64,N
-24.12506,139.77419,313.94,0.46,0.39,2025-03-17,1535,N20,nominal,2.0NRT,291.91,7.13,N
-24.12863,139.77341,306.6,0.46,0.39,2025-03-17,1535,N20,nominal,2.0NRT,285.52,2.91,N
-28.69707,116.04385,307.85,0.39,0.36,2025-03-17,1717,N20,nominal,2.0NRT,292.74,0.71,N
-31.86852,117.1899,304.91,0.4,0.37,2025-03-17,1717,N20,nominal,2.0NRT,287.39,0.85,N
-31.8719,117.18925,301.06,0.4,0.37,2025-03-17,1717,N20,nominal,2.0NRT,286.81,0.85,N
-31.87589,117.19278,308.63,0.4,0.37,2025-03-17,1717,N20,nominal,2.0NRT,287.06,1.14,N
-31.88047,117.20053,305.18,0.4,0.37,2025-03-17,1717,N20,nominal,2.0NRT,287.67,1.01,N
-31.88385,117.19987,322.7,0.4,0.37,2025-03-17,1717,N20,nominal,2.0NRT,288.5,2.3,N
-31.88141,117.18301,318.32,0.4,0.37,2025-03-17,1717,N20,nominal,2.0NRT,288.11,1.91,N
-31.88202,117.18723,303.31,0.4,0.37,2025-03-17,1717,N20,nominal,2.0NRT,287.28,0.56,N
-31.88446,117.20406,306.13,0.4,0.37,2025-03-17,1717,N20,nominal,2.0NRT,288.49,1.08,N
-32.0112,116.77691,305.64,0.39,0.36,2025-03-17,1720,N20,nominal,2.0NRT,285.88,0.49,N
-32.84201,121.84611,323.96,0.42,0.45,2025-03-17,1720,N20,nominal,2.0NRT,286.69,1.36,N
-32.84104,121.83712,296.23,0.42,0.45,2025-03-17,1720,N20,nominal,2.0NRT,285.82,0.28,N
-32.84152,121.84161,296.18,0.42,0.45,2025-03-17,1720,N20,nominal,2.0NRT,285.91,1.36,N
-32.84298,121.84769,328.98,0.42,0.45,2025-03-17,1720,N20,nominal,2.0NRT,287.26,2.05,N
-32.84206,121.83869,313.01,0.42,0.45,2025-03-17,1720,N20,nominal,2.0NRT,286.39,1.69,N
-32.84579,121.8336,323.66,0.42,0.45,2025-03-17,1720,N20,nominal,2.0NRT,286.8,1.69,N
-32.84625,121.8381,311.35,0.42,0.45,2025-03-17,1720,N20,nominal,2.0NRT,286.41,1.69,N
-32.84671,121.84257,310.89,0.42,0.45,2025-03-17,1720,N20,nominal,2.0NRT,286.71,2.05,N
-32.84716,121.84708,316.39,0.42,0.45,2025-03-17,1720,N20,nominal,2.0NRT,286.22,2.05,N
-32.52411,117.15607,304.67,0.4,0.37,2025-03-17,1720,N20,nominal,2.0NRT,287.04,0.92,N
-32.52472,117.16034,308.17,0.4,0.37,2025-03-17,1720,N20,nominal,2.0NRT,286.94,0.92,N
-32.52626,117.14681,333.5,0.4,0.37,2025-03-17,1720,N20,nominal,2.0NRT,289.49,2.92,N
-32.52688,117.15112,327.06,0.4,0.37,2025-03-17,1720,N20,nominal,2.0NRT,289.8,2.92,N
-32.5952,116.85117,298.69,0.4,0.37,2025-03-17,1720,N20,nominal,2.0NRT,285.76,0.3,N
-33.75116,120.75097,297.09,0.56,0.43,2025-03-17,1720,N20,nominal,2.0NRT,286.61,0.55,N
-33.76171,120.73671,298.91,0.56,0.43,2025-03-17,1720,N20,nominal,2.0NRT,286.54,0.54,N
-33.21716,115.7467,298.41,0.39,0.36,2025-03-17,1720,N20,nominal,2.0NRT,288.17,0.62,N
-33.43471,117.14774,302.32,0.4,0.37,2025-03-17,1720,N20,nominal,2.0NRT,286.42,0.76,N
-33.86586,116.43037,295.73,0.39,0.36,2025-03-17,1720,N20,nominal,2.0NRT,285.6,0.56,N
-33.86984,116.43394,306.67,0.39,0.36,2025-03-17,1720,N20,nominal,2.0NRT,285.92,0.56,N
-15.71632,126.91971,309.96,0.52,0.5,2025-03-17,1713,N20,nominal,2.0NRT,287.9,2.49,N
-15.78475,127.20062,305.12,0.55,0.51,2025-03-17,1713,N20,nominal,2.0NRT,289.78,3.77,N
-15.7866,127.19883,309.63,0.55,0.51,2025-03-17,1713,N20,nominal,2.0NRT,289.54,3.74,N
-16.80383,131.99294,308.97,0.59,0.7,2025-03-17,1713,N20,nominal,2.0NRT,285.02,1.98,N
-17.00045,127.38898,313.98,0.58,0.52,2025-03-17,1713,N20,nominal,2.0NRT,292.55,5.29,N
-16.99938,127.38714,313.11,0.59,0.52,2025-03-17,1713,N20,nominal,2.0NRT,292.25,6.2,N
-16.99841,127.3364,317.53,0.58,0.52,2025-03-17,1713,N20,nominal,2.0NRT,292.09,4.81,N
-17.01003,127.3522,311.3,0.58,0.52,2025-03-17,1713,N20,nominal,2.0NRT,287.92,2.2,N
-17.07427,127.27664,304.34,0.58,0.52,2025-03-17,1713,N20,nominal,2.0NRT,291.79,0.82,N
-17.09824,127.35278,332.48,0.58,0.52,2025-03-17,1713,N20,nominal,2.0NRT,292.96,4.69,N
-17.09893,127.35848,308.1,0.58,0.52,2025-03-17,1713,N20,nominal,2.0NRT,292.16,5.64,N
-17.10237,127.34651,308.44,0.58,0.52,2025-03-17,1713,N20,nominal,2.0NRT,292.52,4.69,N
-17.09772,127.35725,338.01,0.58,0.52,2025-03-17,1713,N20,nominal,2.0NRT,292.8,4.12,N
-17.09706,127.3515,310.48,0.58,0.52,2025-03-17,1713,N20,nominal,2.0NRT,292.99,4.12,N
-17.10191,127.35104,313.22,0.58,0.52,2025-03-17,1713,N20,nominal,2.0NRT,292.32,4.12,N
-17.11408,127.28732,315.71,0.58,0.52,2025-03-17,1713,N20,nominal,2.0NRT,293.13,3.88,N
-17.12409,127.3312,310.8,0.58,0.52,2025-03-17,1713,N20,nominal,2.0NRT,292.79,5.29,N
-17.1331,127.32463,311.31,0.58,0.52,2025-03-17,1713,N20,nominal,2.0NRT,292.46,4.1,N
-17.13728,127.31858,317.99,0.58,0.52,2025-03-17,1713,N20,nominal,2.0NRT,292.81,4.98,N
-17.1456,127.30623,308.92,0.58,0.52,2025-03-17,1713,N20,nominal,2.0NRT,293.08,3.32,N
-17.2147,127.27438,317.1,0.58,0.52,2025-03-17,1713,N20,nominal,2.0NRT,293.32,3.09,N
-17.21757,127.25712,331.27,0.58,0.52,2025-03-17,1713,N20,nominal,2.0NRT,294.18,6.21,N
-17.21819,127.26245,306.45,0.58,0.52,2025-03-17,1713,N20,nominal,2.0NRT,293.48,5.51,N
-17.33263,127.03998,305.32,0.56,0.51,2025-03-17,1713,N20,nominal,2.0NRT,292.62,2.12,N
-17.78051,130.60294,312.57,0.49,0.65,2025-03-17,1713,N20,nominal,2.0NRT,289.07,2,N
-17.77705,130.60492,303.02,0.49,0.65,2025-03-17,1713,N20,nominal,2.0NRT,289.06,0.81,N
-17.78306,130.60423,309.31,0.49,0.65,2025-03-17,1713,N20,nominal,2.0NRT,288.48,1.1,N
-18.37478,132.72797,307.54,0.69,0.74,2025-03-17,1713,N20,nominal,2.0NRT,285.62,2.05,N
-18.38105,132.72069,307.92,0.69,0.74,2025-03-17,1713,N20,nominal,2.0NRT,285.79,3.27,N
-18.38164,132.72729,313.48,0.69,0.74,2025-03-17,1713,N20,nominal,2.0NRT,285.59,2.05,N
-18.36179,132.72789,303.08,0.69,0.74,2025-03-17,1713,N20,nominal,2.0NRT,285.44,1.19,N
-18.37552,132.72649,305.28,0.69,0.74,2025-03-17,1713,N20,nominal,2.0NRT,285.54,1.41,N
-18.38239,132.7258,320.84,0.69,0.74,2025-03-17,1713,N20,nominal,2.0NRT,285.69,4.08,N
-18.60935,131.70967,305.43,0.59,0.7,2025-03-17,1713,N20,nominal,2.0NRT,282.99,2.75,N
-18.6093,131.70882,306.14,0.59,0.7,2025-03-17,1713,N20,nominal,2.0NRT,282.63,3.17,N
-18.53907,124.75304,312.46,0.41,0.45,2025-03-17,1713,N20,nominal,2.0NRT,292.54,3.21,N
-19.47868,130.17581,316.74,0.48,0.65,2025-03-17,1713,N20,nominal,2.0NRT,290.56,1.65,N
-19.48553,130.18437,307.64,0.48,0.65,2025-03-17,1713,N20,nominal,2.0NRT,290.15,1.96,N
-19.48598,130.18895,305.54,0.48,0.65,2025-03-17,1713,N20,nominal,2.0NRT,290.14,1.25,N
-19.51262,130.21442,312.26,0.48,0.65,2025-03-17,1713,N20,nominal,2.0NRT,289.88,1.16,N
-19.50893,130.21274,303.67,0.48,0.65,2025-03-17,1713,N20,nominal,2.0NRT,289.65,0.42,N
-19.51535,130.21677,304.01,0.48,0.65,2025-03-17,1713,N20,nominal,2.0NRT,289.99,0.37,N
-19.54272,130.1859,303.08,0.48,0.65,2025-03-17,1713,N20,nominal,2.0NRT,289.15,0.73,N
-19.55425,130.18002,307.17,0.48,0.65,2025-03-17,1713,N20,nominal,2.0NRT,289.69,1.18,N
-19.56023,130.1794,307.79,0.48,0.65,2025-03-17,1713,N20,nominal,2.0NRT,289.82,1.9,N
-19.56067,130.18402,309.74,0.48,0.65,2025-03-17,1713,N20,nominal,2.0NRT,290.19,1.89,N
-19.56621,130.17877,315,0.48,0.65,2025-03-17,1713,N20,nominal,2.0NRT,290.03,1.9,N
-19.56665,130.18341,309.84,0.48,0.65,2025-03-17,1713,N20,nominal,2.0NRT,290.13,1.89,N
-21.3013,124.58028,345.44,0.44,0.46,2025-03-17,1715,N20,nominal,2.0NRT,301.77,50.98,N
-21.30181,124.58451,345.07,0.44,0.46,2025-03-17,1715,N20,nominal,2.0NRT,297.28,12.31,N
-21.30231,124.58876,315.68,0.44,0.46,2025-03-17,1715,N20,nominal,2.0NRT,294.34,12.31,N
-21.30555,124.57967,341.69,0.44,0.46,2025-03-17,1715,N20,nominal,2.0NRT,295.42,12.33,N
-21.30606,124.58389,353.55,0.44,0.46,2025-03-17,1715,N20,nominal,2.0NRT,295.01,6.59,N
-21.30656,124.58814,326.74,0.44,0.46,2025-03-17,1715,N20,nominal,2.0NRT,294.37,6.59,N
-21.29899,124.52499,312.82,0.43,0.46,2025-03-17,1715,N20,nominal,2.0NRT,293.91,6.87,N
-21.30707,124.59238,309.08,0.44,0.46,2025-03-17,1715,N20,nominal,2.0NRT,294,4.06,N
-21.31031,124.58332,319.98,0.44,0.46,2025-03-17,1715,N20,nominal,2.0NRT,291.57,6.59,N
-21.31184,124.59604,312.6,0.44,0.46,2025-03-17,1715,N20,nominal,2.0NRT,294.44,4.06,N
-21.3166,124.59967,309.46,0.44,0.46,2025-03-17,1715,N20,nominal,2.0NRT,294.26,7.64,N
-21.32086,124.59904,338.9,0.44,0.46,2025-03-17,1715,N20,nominal,2.0NRT,294.72,7.64,N
-21.32138,124.60333,340.19,0.44,0.46,2025-03-17,1715,N20,nominal,2.0NRT,296.83,7.64,N
-21.32564,124.60275,356.24,0.44,0.46,2025-03-17,1715,N20,nominal,2.0NRT,297.16,18.38,N
-21.32615,124.60702,321.52,0.44,0.46,2025-03-17,1715,N20,nominal,2.0NRT,294.88,5.46,N
-21.33042,124.60642,314.37,0.44,0.46,2025-03-17,1715,N20,nominal,2.0NRT,294.57,5.46,N
-21.32199,124.46637,339.06,0.43,0.46,2025-03-17,1715,N20,nominal,2.0NRT,294.97,10.25,N
-21.34049,124.61804,312.88,0.44,0.46,2025-03-17,1715,N20,nominal,2.0NRT,294.01,8.39,N
-21.34475,124.61742,321.15,0.44,0.46,2025-03-17,1715,N20,nominal,2.0NRT,294.65,7.38,N
-21.32622,124.46578,308.69,0.43,0.46,2025-03-17,1715,N20,nominal,2.0NRT,292.37,6.12,N
-21.35381,124.62051,328.16,0.44,0.46,2025-03-17,1715,N20,nominal,2.0NRT,294.58,10.04,N
-20.79166,115.44593,320.37,0.45,0.39,2025-03-17,1715,N20,nominal,2.0NRT,293.22,5.54,N
-21.94024,120.46902,324.29,0.42,0.37,2025-03-17,1715,N20,nominal,2.0NRT,295.76,2.81,N
-21.94082,120.47305,311.9,0.42,0.37,2025-03-17,1715,N20,nominal,2.0NRT,295.16,2.81,N
-21.94427,120.47249,333.49,0.42,0.37,2025-03-17,1715,N20,nominal,2.0NRT,296.44,3.4,N
-21.94771,120.4719,310.85,0.42,0.37,2025-03-17,1715,N20,nominal,2.0NRT,294.65,3.4,N
-21.64227,115.88085,330.44,0.42,0.38,2025-03-17,1715,N20,nominal,2.0NRT,295.77,3.75,N
-21.69481,115.00331,315.25,0.46,0.39,2025-03-17,1715,N20,nominal,2.0NRT,295.27,3.63,N
-22.23804,118.16562,311.72,0.38,0.36,2025-03-17,1715,N20,nominal,2.0NRT,289.59,1.35,N
-21.9676,115.43343,307.85,0.44,0.38,2025-03-17,1715,N20,nominal,2.0NRT,295.14,0.84,N
-21.9679,115.43456,310.83,0.44,0.38,2025-03-17,1715,N20,nominal,2.0NRT,294.85,0.94,N
-23.25773,122.87756,305.98,0.55,0.43,2025-03-17,1715,N20,nominal,2.0NRT,293.71,1.73,N
-25.80203,124.42277,338.53,0.49,0.48,2025-03-17,1715,N20,nominal,2.0NRT,293.05,9.45,N
-25.80256,124.42764,349.35,0.49,0.48,2025-03-17,1715,N20,nominal,2.0NRT,294.12,9.45,N
-25.80308,124.4325,314.07,0.49,0.48,2025-03-17,1715,N20,nominal,2.0NRT,292.06,2.75,N
-41.751,147.13184,326.76,0.4,0.37,2025-03-18,0357,N20,nominal,2.0NRT,298.9,1.85,D
-41.61338,147.2717,332.5,0.4,0.37,2025-03-18,0357,N20,nominal,2.0NRT,300.17,4.22,D
-37.77718,148.11314,326.91,0.38,0.36,2025-03-18,0357,N20,nominal,2.0NRT,293.41,2.8,D
-38.17267,144.07173,344.73,0.46,0.39,2025-03-18,0357,N20,nominal,2.0NRT,319,98.75,D
-38.16903,144.07104,367,0.46,0.39,2025-03-18,0357,N20,high,2.0NRT,346.08,98.75,D
-38.1684,144.07634,337.92,0.46,0.39,2025-03-18,0357,N20,nominal,2.0NRT,311.23,6.98,D
-38.11558,143.8674,346.41,0.47,0.4,2025-03-18,0357,N20,nominal,2.0NRT,314.34,80.59,D
-38.04475,144.08801,347.32,0.46,0.39,2025-03-18,0357,N20,nominal,2.0NRT,308.97,4.61,D
-38.04537,144.08273,346.04,0.46,0.39,2025-03-18,0357,N20,nominal,2.0NRT,308.8,5.65,D
-38.04112,144.08734,351.47,0.46,0.39,2025-03-18,0357,N20,nominal,2.0NRT,309.74,9.18,D
-38.04174,144.08206,340.24,0.46,0.39,2025-03-18,0357,N20,nominal,2.0NRT,308.95,4.15,D
-38.03128,143.88467,337.8,0.47,0.39,2025-03-18,0357,N20,low,2.0NRT,309.72,1.97,D
-38.03173,143.88763,336,0.47,0.39,2025-03-18,0357,N20,low,2.0NRT,310.6,11.48,D
-38.02808,143.88695,350.34,0.47,0.39,2025-03-18,0357,N20,nominal,2.0NRT,315.93,11.48,D
-38.02442,143.88626,354.21,0.47,0.39,2025-03-18,0357,N20,nominal,2.0NRT,312.07,7.69,D
-37.97208,143.85468,342.06,0.47,0.39,2025-03-18,0357,N20,nominal,2.0NRT,310.7,4.2,D
-37.97271,143.84927,347.42,0.47,0.4,2025-03-18,0357,N20,nominal,2.0NRT,310.19,4.2,D
-37.96905,143.8486,341.51,0.47,0.4,2025-03-18,0357,N20,nominal,2.0NRT,309.08,5.51,D
-37.96967,143.84323,335.82,0.47,0.4,2025-03-18,0357,N20,low,2.0NRT,309.89,4.58,D
-38.15862,142.11093,332.87,0.56,0.43,2025-03-18,0357,N20,nominal,2.0NRT,306.81,3.78,D
-37.83346,144.78995,339.26,0.43,0.38,2025-03-18,0357,N20,nominal,2.0NRT,305.77,4.46,D
-37.98828,143.38185,353.43,0.49,0.4,2025-03-18,0357,N20,nominal,2.0NRT,310.04,8.46,D
-37.98891,143.37622,334.45,0.49,0.4,2025-03-18,0357,N20,nominal,2.0NRT,308.13,3.16,D
-37.96528,143.55354,345.92,0.48,0.4,2025-03-18,0357,N20,nominal,2.0NRT,308.68,129.69,D
-37.96218,143.54735,367,0.48,0.4,2025-03-18,0357,N20,low,2.0NRT,326.09,129.69,D
-37.99112,143.38617,330.47,0.49,0.4,2025-03-18,0357,N20,low,2.0NRT,304.34,3.52,D
-37.98803,143.37991,348.76,0.49,0.4,2025-03-18,0357,N20,nominal,2.0NRT,309.98,8.36,D
-37.96422,143.55138,367,0.48,0.4,2025-03-18,0357,N20,low,2.0NRT,327.92,115.77,D
-37.96051,143.55072,367,0.48,0.4,2025-03-18,0357,N20,high,2.0NRT,347.62,115.77,D
-37.95987,143.5562,338.37,0.48,0.4,2025-03-18,0357,N20,nominal,2.0NRT,309.55,115.77,D
-37.95616,143.55554,337.43,0.48,0.4,2025-03-18,0357,N20,nominal,2.0NRT,306.45,64.35,D
-37.94501,143.38942,367,0.49,0.4,2025-03-18,0357,N20,high,2.0NRT,344.77,106.92,D
-37.94437,143.39502,337.27,0.49,0.4,2025-03-18,0357,N20,nominal,2.0NRT,305.96,106.92,D
-37.94565,143.3838,347.64,0.49,0.4,2025-03-18,0357,N20,nominal,2.0NRT,315.93,67.51,D
-37.94064,143.39436,338.05,0.49,0.4,2025-03-18,0357,N20,nominal,2.0NRT,309,106.92,D
-37.94128,143.38875,367,0.49,0.4,2025-03-18,0357,N20,low,2.0NRT,359.88,106.92,D
-37.95222,143.25871,347.74,0.49,0.4,2025-03-18,0357,N20,nominal,2.0NRT,309.98,8.97,D
-37.95287,143.25301,341.04,0.49,0.41,2025-03-18,0357,N20,nominal,2.0NRT,310.28,8.97,D
-10.33895,149.6499,337.91,0.35,0.56,2025-03-18,0406,N20,nominal,2.0NRT,291.06,2.78,D
-37.92576,143.35757,347.98,0.49,0.4,2025-03-18,0357,N20,nominal,2.0NRT,308.69,105.5,D
-10.13816,149.88759,327.9,0.36,0.58,2025-03-18,0406,N20,nominal,2.0NRT,286.38,2.41,D
-37.9264,143.35196,344.7,0.49,0.4,2025-03-18,0357,N20,nominal,2.0NRT,308.53,105.5,D
-37.92203,143.3569,367,0.49,0.4,2025-03-18,0357,N20,high,2.0NRT,341.65,105.5,D
-10.13933,149.88699,328.37,0.36,0.58,2025-03-18,0406,N20,nominal,2.0NRT,286.52,3.41,D
-37.92266,143.35127,367,0.49,0.4,2025-03-18,0357,N20,low,2.0NRT,352.64,105.5,D
-37.99927,142.6165,346.55,0.53,0.42,2025-03-18,0357,N20,nominal,2.0NRT,312.87,6.92,D
-37.99992,142.61043,339.15,0.53,0.42,2025-03-18,0357,N20,low,2.0NRT,310.54,7.46,D
-37.9954,142.61584,341.25,0.53,0.42,2025-03-18,0357,N20,nominal,2.0NRT,311.22,6.92,D
-37.89525,143.21968,367,0.49,0.41,2025-03-18,0357,N20,low,2.0NRT,330.34,41.31,D
-37.88153,143.30954,351.03,0.49,0.4,2025-03-18,0357,N20,nominal,2.0NRT,309.8,11.99,D
-37.88215,143.30391,335.83,0.49,0.4,2025-03-18,0357,N20,nominal,2.0NRT,305.66,3.13,D
-37.89149,143.21902,352.14,0.49,0.41,2025-03-18,0357,N20,nominal,2.0NRT,318.78,41.31,D
-37.09094,149.02615,332.13,0.39,0.36,2025-03-18,0357,N20,nominal,2.0NRT,294.15,18.01,D
-37.09166,149.02168,351.96,0.39,0.36,2025-03-18,0357,N20,nominal,2.0NRT,308.23,18.01,D
-37.09239,149.01724,353.05,0.39,0.36,2025-03-18,0357,N20,nominal,2.0NRT,302.76,9.91,D
-37.09312,149.01279,331.06,0.39,0.36,2025-03-18,0357,N20,low,2.0NRT,302.65,9.91,D
-37.0876,149.02527,337.59,0.39,0.36,2025-03-18,0357,N20,nominal,2.0NRT,307.52,65.53,D
-37.08833,149.02081,347.21,0.39,0.36,2025-03-18,0357,N20,nominal,2.0NRT,311.47,65.53,D
-37.08905,149.01639,328.82,0.39,0.36,2025-03-18,0357,N20,nominal,2.0NRT,299.87,17.6,D
-37.89471,143.22411,335.76,0.49,0.41,2025-03-18,0357,N20,nominal,2.0NRT,309.64,8.06,D
-37.89537,143.21843,350.5,0.49,0.41,2025-03-18,0357,N20,low,2.0NRT,329.88,41.04,D
-37.08499,149.01996,367,0.39,0.36,2025-03-18,0357,N20,high,2.0NRT,337.78,65.53,D
-37.88121,143.30814,350.08,0.49,0.4,2025-03-18,0357,N20,nominal,2.0NRT,309.79,7.59,D
-37.88186,143.30254,335.44,0.49,0.4,2025-03-18,0357,N20,low,2.0NRT,305.79,7.59,D
-37.89096,143.22343,336.87,0.49,0.41,2025-03-18,0357,N20,nominal,2.0NRT,310.99,8.06,D
-37.89161,143.21776,348.4,0.49,0.41,2025-03-18,0357,N20,nominal,2.0NRT,316,41.04,D
-37.08426,149.0244,367,0.39,0.36,2025-03-18,0357,N20,low,2.0NRT,328.25,65.53,D
-37.08092,149.02356,367,0.39,0.36,2025-03-18,0357,N20,high,2.0NRT,334.15,95.41,D
-37.08164,149.01912,367,0.39,0.36,2025-03-18,0357,N20,high,2.0NRT,326,95.41,D
-37.08019,149.028,330.8,0.39,0.36,2025-03-18,0357,N20,nominal,2.0NRT,294.56,11.41,D
-37.87566,143.28995,341.05,0.49,0.4,2025-03-18,0357,N20,nominal,2.0NRT,309.7,6.64,D
-37.8447,143.15742,346.31,0.5,0.41,2025-03-18,0357,N20,nominal,2.0NRT,312.09,8.08,D
-37.84157,143.15103,367,0.5,0.41,2025-03-18,0357,N20,low,2.0NRT,330.28,36.95,D
-37.84221,143.14529,317.39,0.5,0.41,2025-03-18,0357,N20,low,2.0NRT,319.05,36.95,D
-37.8378,143.15039,352.76,0.5,0.41,2025-03-18,0357,N20,nominal,2.0NRT,310.78,36.95,D
-37.83844,143.14464,344.5,0.5,0.41,2025-03-18,0357,N20,nominal,2.0NRT,312.68,36.95,D
-36.85865,149.92433,325.43,0.41,0.37,2025-03-18,0357,N20,nominal,2.0NRT,295.93,10.59,D
-36.85446,149.92796,332.53,0.41,0.37,2025-03-18,0357,N20,nominal,2.0NRT,298.35,9.37,D
-36.85526,149.92336,337.76,0.41,0.37,2025-03-18,0357,N20,nominal,2.0NRT,304.01,10.59,D
-37.70704,143.32652,344.58,0.49,0.4,2025-03-18,0357,N20,nominal,2.0NRT,316.08,13.44,D
-37.7033,143.32584,341.74,0.49,0.4,2025-03-18,0357,N20,nominal,2.0NRT,311.52,13.44,D
-37.41585,143.95142,342,0.46,0.39,2025-03-18,0400,N20,nominal,2.0NRT,308.1,16.89,D
-37.41222,143.95074,333.75,0.46,0.39,2025-03-18,0400,N20,nominal,2.0NRT,304.27,3.6,D
-36.95314,142.77509,347.18,0.5,0.41,2025-03-18,0400,N20,nominal,2.0NRT,309.53,5.18,D
-36.95378,142.76938,344.75,0.5,0.41,2025-03-18,0400,N20,nominal,2.0NRT,309.27,5.18,D
-36.94619,142.76807,342.74,0.5,0.41,2025-03-18,0400,N20,nominal,2.0NRT,310.85,9.2,D
-37.00937,141.77124,340.39,0.56,0.43,2025-03-18,0400,N20,nominal,2.0NRT,309.48,8.39,D
-37.01002,141.76483,347.04,0.56,0.43,2025-03-18,0400,N20,nominal,2.0NRT,312.25,13,D
-37.00602,141.76421,348.53,0.56,0.43,2025-03-18,0400,N20,nominal,2.0NRT,311.78,13,D
-36.86211,142.66437,347.53,0.51,0.41,2025-03-18,0400,N20,nominal,2.0NRT,310.65,6.7,D
-36.82442,142.86133,340.79,0.5,0.41,2025-03-18,0400,N20,nominal,2.0NRT,308.86,34.52,D
-36.82506,142.85568,354.12,0.5,0.41,2025-03-18,0400,N20,nominal,2.0NRT,316.9,34.52,D
-36.8257,142.85007,347.6,0.5,0.41,2025-03-18,0400,N20,nominal,2.0NRT,309.03,15.81,D
-36.82065,142.86066,343.97,0.5,0.41,2025-03-18,0400,N20,nominal,2.0NRT,313.77,34.52,D
-36.82193,142.8494,345.14,0.5,0.41,2025-03-18,0400,N20,nominal,2.0NRT,311.48,15.81,D
-36.82129,142.85503,367,0.5,0.41,2025-03-18,0400,N20,low,2.0NRT,328.93,34.52,D
-36.81688,142.85999,337.99,0.5,0.41,2025-03-18,0400,N20,nominal,2.0NRT,311.43,27.49,D
-36.81751,142.85437,367,0.5,0.41,2025-03-18,0400,N20,low,2.0NRT,326.99,27.49,D
-36.81374,142.8537,348,0.5,0.41,2025-03-18,0400,N20,nominal,2.0NRT,314.37,27.49,D
-36.95307,141.55342,336.9,0.38,0.43,2025-03-18,0400,N20,low,2.0NRT,311.35,4.53,D
-36.94859,141.55716,353.88,0.38,0.43,2025-03-18,0400,N20,nominal,2.0NRT,309.27,5.5,D
-36.81847,142.31039,353.65,0.53,0.42,2025-03-18,0400,N20,nominal,2.0NRT,313.86,8.9,D
-36.8191,142.30441,339.52,0.53,0.42,2025-03-18,0400,N20,low,2.0NRT,310.87,4.37,D
-36.81816,142.3089,367,0.53,0.42,2025-03-18,0400,N20,high,2.0NRT,315.75,7.91,D
-36.81883,142.30293,336.52,0.53,0.42,2025-03-18,0400,N20,nominal,2.0NRT,311.26,7.91,D
-36.9118,141.27466,343.48,0.39,0.44,2025-03-18,0400,N20,nominal,2.0NRT,312.06,6.55,D
-36.91225,141.27019,355.93,0.4,0.44,2025-03-18,0400,N20,nominal,2.0NRT,314.25,6.55,D
-36.90816,141.26955,353.91,0.4,0.44,2025-03-18,0400,N20,nominal,2.0NRT,314.15,6.55,D
-36.6944,142.72121,340.98,0.5,0.41,2025-03-18,0400,N20,low,2.0NRT,312.67,34.98,D
-36.68302,142.71925,343.17,0.5,0.41,2025-03-18,0400,N20,low,2.0NRT,314,35.77,D
-36.69606,142.33583,336.24,0.52,0.42,2025-03-18,0400,N20,low,2.0NRT,311.19,24.31,D
-36.75909,141.56006,346.68,0.57,0.43,2025-03-18,0400,N20,nominal,2.0NRT,310.83,32.09,D
-36.75976,141.55357,352.43,0.57,0.43,2025-03-18,0400,N20,nominal,2.0NRT,317.78,32.09,D
-36.73183,141.74413,346.84,0.56,0.43,2025-03-18,0400,N20,nominal,2.0NRT,307.06,10.61,D
-36.70245,141.67509,334.39,0.56,0.43,2025-03-18,0400,N20,low,2.0NRT,306.52,1.97,D
-36.71548,141.54665,348.2,0.57,0.43,2025-03-18,0400,N20,nominal,2.0NRT,314.04,42.37,D
-36.69845,141.67445,341.93,0.56,0.43,2025-03-18,0400,N20,nominal,2.0NRT,314.45,7.76,D
-36.71146,141.54601,352.57,0.57,0.43,2025-03-18,0400,N20,nominal,2.0NRT,315.98,25.74,D
-36.68811,141.57509,341.52,0.57,0.43,2025-03-18,0400,N20,nominal,2.0NRT,311.27,30.55,D
-36.68876,141.56865,350.16,0.57,0.43,2025-03-18,0400,N20,nominal,2.0NRT,320.91,30.55,D
-36.6894,141.56218,354.37,0.57,0.43,2025-03-18,0400,N20,nominal,2.0NRT,310.58,27.96,D
-36.68538,141.56154,367,0.57,0.43,2025-03-18,0400,N20,high,2.0NRT,311.75,14.77,D
-36.6841,141.57445,350.45,0.57,0.43,2025-03-18,0400,N20,nominal,2.0NRT,313.82,11.34,D
-36.68474,141.56799,356.7,0.57,0.43,2025-03-18,0400,N20,nominal,2.0NRT,314.07,11.34,D
-36.69238,141.56712,351.88,0.57,0.43,2025-03-18,0400,N20,nominal,2.0NRT,307.62,29.16,D
-36.68768,141.57295,349.61,0.57,0.43,2025-03-18,0400,N20,nominal,2.0NRT,317.05,21.12,D
-36.68836,141.56648,352.9,0.57,0.43,2025-03-18,0400,N20,nominal,2.0NRT,318.56,29.16,D
-36.68905,141.56003,352.09,0.57,0.43,2025-03-18,0400,N20,nominal,2.0NRT,310.13,29.16,D
-36.68367,141.57231,345.01,0.57,0.43,2025-03-18,0400,N20,nominal,2.0NRT,314.44,8.3,D
-36.68435,141.56586,351.25,0.57,0.43,2025-03-18,0400,N20,nominal,2.0NRT,312.76,7.01,D
-36.68502,141.5594,339.53,0.57,0.43,2025-03-18,0400,N20,low,2.0NRT,310.33,7.01,D
-36.63422,141.80954,345.38,0.55,0.43,2025-03-18,0400,N20,nominal,2.0NRT,314.71,11.09,D
-36.63488,141.80327,339.32,0.55,0.43,2025-03-18,0400,N20,nominal,2.0NRT,309.44,6.37,D
-36.71526,141.02193,348.14,0.4,0.45,2025-03-18,0400,N20,nominal,2.0NRT,313.78,5.98,D
-36.63025,141.8089,367,0.55,0.43,2025-03-18,0400,N20,high,2.0NRT,315.51,11.09,D
-36.63092,141.80263,349.65,0.55,0.43,2025-03-18,0400,N20,nominal,2.0NRT,310.96,6.37,D
-36.65923,141.49284,367,0.38,0.43,2025-03-18,0400,N20,high,2.0NRT,309.8,22.8,D
-36.62695,141.802,347.09,0.55,0.43,2025-03-18,0400,N20,nominal,2.0NRT,309.79,8.86,D
-36.65967,141.48853,344.77,0.38,0.43,2025-03-18,0400,N20,nominal,2.0NRT,308.56,6.21,D
-36.65475,141.49654,367,0.38,0.43,2025-03-18,0400,N20,high,2.0NRT,312.24,22.8,D
-36.65519,141.49222,367,0.38,0.43,2025-03-18,0400,N20,high,2.0NRT,312.08,22.8,D
-36.65564,141.4879,342.32,0.38,0.43,2025-03-18,0400,N20,nominal,2.0NRT,310.58,6.21,D
-36.68817,141.04114,350.14,0.4,0.44,2025-03-18,0400,N20,nominal,2.0NRT,313.2,4.05,D
-36.68403,141.04051,342.08,0.4,0.44,2025-03-18,0400,N20,nominal,2.0NRT,312.61,4.05,D
-35.69605,148.15686,334.74,0.39,0.36,2025-03-18,0400,N20,nominal,2.0NRT,298.37,10.55,D
-35.37986,149.14052,333.71,0.4,0.37,2025-03-18,0400,N20,nominal,2.0NRT,302.43,2.44,D
-35.53542,147.73189,342.97,0.39,0.36,2025-03-18,0400,N20,nominal,2.0NRT,312.97,3.86,D
-35.4641,147.40367,353.84,0.38,0.36,2025-03-18,0400,N20,nominal,2.0NRT,310.95,9.84,D
-35.46078,147.40291,343.7,0.38,0.36,2025-03-18,0400,N20,nominal,2.0NRT,310.1,4.83,D
-35.21217,146.94151,346.26,0.38,0.36,2025-03-18,0400,N20,nominal,2.0NRT,307.5,33.63,D
-35.20884,146.94075,343.3,0.38,0.36,2025-03-18,0400,N20,nominal,2.0NRT,301.06,33.63,D
-35.20948,146.93652,337.04,0.38,0.36,2025-03-18,0400,N20,nominal,2.0NRT,304.47,34.16,D
-35.20616,146.93578,337.05,0.38,0.36,2025-03-18,0400,N20,nominal,2.0NRT,296.89,5.22,D
-34.46188,150.88371,330.16,0.47,0.39,2025-03-18,0400,N20,nominal,2.0NRT,295.77,4.2,D
-35.03675,147.46646,338.1,0.38,0.36,2025-03-18,0400,N20,nominal,2.0NRT,294.35,13.75,D
-35.03278,147.46992,346.15,0.38,0.36,2025-03-18,0400,N20,nominal,2.0NRT,298.19,23.62,D
-35.03343,147.4657,347.35,0.38,0.36,2025-03-18,0400,N20,nominal,2.0NRT,308.7,13.75,D
-35.03409,147.46149,335.52,0.38,0.36,2025-03-18,0400,N20,nominal,2.0NRT,293.06,13.75,D
-35.02945,147.46915,346.79,0.38,0.36,2025-03-18,0400,N20,nominal,2.0NRT,290.83,8.2,D
-35.03011,147.46494,355.06,0.38,0.36,2025-03-18,0400,N20,nominal,2.0NRT,297.95,17.45,D
-34.83525,147.66185,343.06,0.39,0.36,2025-03-18,0400,N20,low,2.0NRT,314.62,48.53,D
-34.61689,147.28194,348.32,0.38,0.36,2025-03-18,0400,N20,nominal,2.0NRT,314.78,72.8,D
-34.61422,147.27698,343.5,0.38,0.36,2025-03-18,0400,N20,low,2.0NRT,315.86,33.61,D
-34.39555,147.69006,338.73,0.39,0.36,2025-03-18,0400,N20,nominal,2.0NRT,311.05,80.09,D
-34.39622,147.68585,345.28,0.39,0.36,2025-03-18,0400,N20,nominal,2.0NRT,317.18,80.09,D
-34.39689,147.68164,354.36,0.39,0.36,2025-03-18,0400,N20,nominal,2.0NRT,306.56,123.04,D
-34.39289,147.68509,367,0.39,0.36,2025-03-18,0400,N20,high,2.0NRT,356.04,80.09,D
-34.39222,147.6893,344.31,0.39,0.36,2025-03-18,0400,N20,nominal,2.0NRT,307.77,80.09,D
-34.39492,147.67244,337.65,0.39,0.36,2025-03-18,0400,N20,low,2.0NRT,310.31,4.56,D
-34.39357,147.68088,367,0.39,0.36,2025-03-18,0400,N20,low,2.0NRT,366.73,123.04,D
-34.39424,147.67665,367,0.39,0.36,2025-03-18,0400,N20,low,2.0NRT,331.75,123.04,D
-34.38956,147.68433,340.54,0.39,0.36,2025-03-18,0400,N20,nominal,2.0NRT,303.49,2.77,D
-34.39024,147.68011,343.7,0.39,0.36,2025-03-18,0400,N20,nominal,2.0NRT,306.74,6.86,D
-34.22826,148.26439,335.5,0.39,0.37,2025-03-18,0400,N20,nominal,2.0NRT,302.82,3.66,D
-34.2242,148.26787,335.57,0.39,0.37,2025-03-18,0400,N20,nominal,2.0NRT,295.31,3.66,D
-34.22491,148.2636,348.81,0.39,0.37,2025-03-18,0400,N20,nominal,2.0NRT,301.83,3.66,D
-34.17482,147.88106,348.83,0.39,0.36,2025-03-18,0400,N20,nominal,2.0NRT,315.42,7.5,D
-34.28493,147.05338,347.78,0.38,0.36,2025-03-18,0400,N20,nominal,2.0NRT,306.17,6.5,D
-34.28557,147.04919,333.82,0.38,0.36,2025-03-18,0400,N20,low,2.0NRT,304.98,19.18,D
-34.28225,147.04845,352.99,0.38,0.36,2025-03-18,0400,N20,nominal,2.0NRT,311.11,19.18,D
-34.2829,147.04428,348.99,0.38,0.36,2025-03-18,0400,N20,nominal,2.0NRT,318.54,19.18,D
-34.03458,148.37144,348.39,0.4,0.37,2025-03-18,0400,N20,nominal,2.0NRT,313.94,7.34,D
-34.03529,148.36717,348.72,0.4,0.37,2025-03-18,0400,N20,nominal,2.0NRT,315.69,8.43,D
-34.77753,143.10081,345.34,0.46,0.39,2025-03-18,0400,N20,nominal,2.0NRT,310.84,10.86,D
-34.77388,143.10017,348.25,0.46,0.39,2025-03-18,0400,N20,nominal,2.0NRT,310.22,10.86,D
-34.7745,143.09506,355.97,0.46,0.39,2025-03-18,0400,N20,nominal,2.0NRT,319.83,10.86,D
-34.77085,143.09441,350.49,0.46,0.39,2025-03-18,0400,N20,nominal,2.0NRT,314.32,6.07,D
-34.74471,143.095,346.33,0.46,0.39,2025-03-18,0400,N20,nominal,2.0NRT,316.18,6.81,D
-34.09373,147.666,355.92,0.39,0.36,2025-03-18,0400,N20,nominal,2.0NRT,320.32,17.02,D
-34.0944,147.6618,346.37,0.39,0.36,2025-03-18,0400,N20,nominal,2.0NRT,317.85,17.02,D
-34.05506,147.88467,343.59,0.39,0.36,2025-03-18,0400,N20,nominal,2.0NRT,310.72,2.65,D
-34.08973,147.66943,340.59,0.39,0.36,2025-03-18,0400,N20,low,2.0NRT,313.99,12.86,D
-34.0904,147.66524,351.35,0.39,0.36,2025-03-18,0400,N20,nominal,2.0NRT,317.86,17.02,D
-34.03031,147.88766,337.57,0.39,0.36,2025-03-18,0400,N20,low,2.0NRT,310.14,18.72,D
-34.03099,147.88344,344.54,0.39,0.36,2025-03-18,0400,N20,low,2.0NRT,319.07,18.72,D
-34.02765,147.88266,345.9,0.39,0.36,2025-03-18,0400,N20,nominal,2.0NRT,312.07,18.72,D
-34.03105,147.72263,337.45,0.39,0.36,2025-03-18,0400,N20,low,2.0NRT,309.58,39,D
-34.02771,147.72185,367,0.39,0.36,2025-03-18,0400,N20,low,2.0NRT,329.61,39,D
-34.02839,147.71764,367,0.39,0.36,2025-03-18,0400,N20,low,2.0NRT,326.58,39,D
-33.9342,147.56152,351.68,0.39,0.36,2025-03-18,0400,N20,nominal,2.0NRT,317.79,25.49,D
-33.89602,147.71399,352.64,0.39,0.36,2025-03-18,0400,N20,nominal,2.0NRT,311.99,16.11,D
-33.89201,147.71742,338.81,0.39,0.36,2025-03-18,0400,N20,nominal,2.0NRT,304.29,16.11,D
-33.89268,147.71323,351.05,0.39,0.36,2025-03-18,0400,N20,nominal,2.0NRT,311.82,16.11,D
-33.88867,147.71666,340.28,0.39,0.36,2025-03-18,0400,N20,nominal,2.0NRT,308.52,4.96,D
-33.88935,147.71245,337.03,0.39,0.36,2025-03-18,0400,N20,nominal,2.0NRT,305,4.96,D
-33.86724,147.74231,343.22,0.39,0.36,2025-03-18,0400,N20,nominal,2.0NRT,309.1,22.11,D
-33.86792,147.73808,338.74,0.39,0.36,2025-03-18,0400,N20,low,2.0NRT,309.24,20.48,D
-33.97037,146.74127,343.12,0.38,0.36,2025-03-18,0400,N20,nominal,2.0NRT,311.16,5.79,D
-33.96704,146.74055,337.93,0.38,0.36,2025-03-18,0400,N20,nominal,2.0NRT,310.81,2.86,D
-33.67811,148.14809,339.34,0.4,0.37,2025-03-18,0400,N20,nominal,2.0NRT,301.76,5.11,D
-33.66857,148.16357,339.8,0.4,0.37,2025-03-18,0400,N20,nominal,2.0NRT,302.34,27.56,D
-33.67069,148.15079,347.15,0.4,0.37,2025-03-18,0400,N20,nominal,2.0NRT,306.79,96.36,D
-33.66786,148.16785,356.37,0.4,0.37,2025-03-18,0400,N20,low,2.0NRT,301,27.56,D
-33.66379,148.17134,339.4,0.4,0.37,2025-03-18,0400,N20,nominal,2.0NRT,305.65,4.96,D
-33.6652,148.1628,341.61,0.4,0.37,2025-03-18,0400,N20,low,2.0NRT,314.86,66.71,D
-33.66397,148.1492,337.39,0.4,0.37,2025-03-18,0400,N20,nominal,2.0NRT,304.21,38.34,D
-33.63379,148.28862,344.61,0.4,0.37,2025-03-18,0400,N20,nominal,2.0NRT,311.64,6.11,D
-33.6345,148.28436,350.7,0.4,0.37,2025-03-18,0400,N20,nominal,2.0NRT,313.07,11.36,D
-33.66283,148.02956,348.9,0.39,0.36,2025-03-18,0400,N20,nominal,2.0NRT,312.04,16.79,D
-33.66124,148.03366,334.79,0.39,0.36,2025-03-18,0400,N20,low,2.0NRT,307.17,9.36,D
-33.66193,148.02942,350.11,0.39,0.36,2025-03-18,0400,N20,nominal,2.0NRT,312.2,9.36,D
-33.81451,146.98219,346.14,0.38,0.36,2025-03-18,0400,N20,nominal,2.0NRT,282.15,82.47,D
-33.81055,146.9856,332.08,0.38,0.36,2025-03-18,0400,N20,nominal,2.0NRT,289.34,3.64,D
-33.81184,146.97728,336.44,0.38,0.36,2025-03-18,0400,N20,nominal,2.0NRT,299.23,82.47,D
-33.80788,146.98071,351.46,0.38,0.36,2025-03-18,0400,N20,nominal,2.0NRT,293.78,35.17,D
-33.80916,146.97238,337.44,0.38,0.36,2025-03-18,0400,N20,nominal,2.0NRT,284.5,8.4,D
-33.80852,146.97655,296.76,0.38,0.36,2025-03-18,0400,N20,low,2.0NRT,316.06,35.17,D
-33.8052,146.97581,341.1,0.38,0.36,2025-03-18,0400,N20,nominal,2.0NRT,287.38,35.17,D
-33.61347,148.049,344.91,0.39,0.37,2025-03-18,0400,N20,low,2.0NRT,318.73,67.31,D
-33.61012,148.0482,337.07,0.39,0.37,2025-03-18,0400,N20,low,2.0NRT,308.5,2.37,D
-33.84937,146.52986,334.21,0.38,0.36,2025-03-18,0400,N20,nominal,2.0NRT,301.04,2.73,D
-33.7551,146.41182,351.08,0.38,0.36,2025-03-18,0400,N20,nominal,2.0NRT,273.84,28.23,D
-33.75115,146.41527,352.63,0.38,0.36,2025-03-18,0400,N20,nominal,2.0NRT,268.97,8.64,D
-33.75177,146.4111,353.48,0.38,0.36,2025-03-18,0400,N20,nominal,2.0NRT,272.5,5.29,D
-33.74845,146.41039,335.67,0.38,0.36,2025-03-18,0400,N20,nominal,2.0NRT,265.02,5.29,D
-33.74137,146.43465,334.93,0.38,0.36,2025-03-18,0400,N20,nominal,2.0NRT,267.01,8.16,D
-33.74263,146.42633,348.83,0.38,0.36,2025-03-18,0400,N20,nominal,2.0NRT,271.3,17.37,D
-33.73805,146.43394,338.91,0.38,0.36,2025-03-18,0400,N20,nominal,2.0NRT,277.8,8.16,D
-33.73867,146.42978,348.14,0.38,0.36,2025-03-18,0400,N20,nominal,2.0NRT,269.44,8.16,D
-33.7393,146.42561,330.56,0.38,0.36,2025-03-18,0400,N20,nominal,2.0NRT,265.47,17.37,D
-33.73473,146.43321,338.03,0.38,0.36,2025-03-18,0400,N20,nominal,2.0NRT,280.96,3.75,D
-33.64182,147.01799,341.48,0.38,0.36,2025-03-18,0400,N20,low,2.0NRT,313.17,33.63,D
-33.62005,146.38347,347.98,0.38,0.36,2025-03-18,0400,N20,nominal,2.0NRT,306.12,9.72,D
-33.61673,146.38275,337.89,0.38,0.36,2025-03-18,0400,N20,low,2.0NRT,307.95,9.72,D
-33.61735,146.37859,349.91,0.38,0.36,2025-03-18,0400,N20,nominal,2.0NRT,313.26,9.72,D
-33.61403,146.37788,337.41,0.38,0.36,2025-03-18,0400,N20,nominal,2.0NRT,304.96,2.46,D
-33.58753,146.53073,352.66,0.38,0.36,2025-03-18,0400,N20,nominal,2.0NRT,310.57,7.8,D
-33.58421,146.53,348.54,0.38,0.36,2025-03-18,0400,N20,nominal,2.0NRT,314.01,72.74,D
-33.58546,146.5217,352.53,0.38,0.36,2025-03-18,0400,N20,nominal,2.0NRT,313.13,13.4,D
-33.58214,146.52098,348.63,0.38,0.36,2025-03-18,0400,N20,nominal,2.0NRT,307.86,13.4,D
-34.06534,142.21686,343.49,0.5,0.41,2025-03-18,0400,N20,nominal,2.0NRT,311.05,4.15,D
-34.06596,142.21144,340.3,0.5,0.41,2025-03-18,0400,N20,low,2.0NRT,310.67,4.15,D
-33.48957,146.1259,342.96,0.39,0.36,2025-03-18,0400,N20,low,2.0NRT,315.2,5.33,D
-33.48562,146.12936,352.28,0.39,0.36,2025-03-18,0400,N20,nominal,2.0NRT,314.76,9.74,D
-33.48229,146.12865,340.06,0.39,0.36,2025-03-18,0400,N20,low,2.0NRT,313.51,2.1,D
-33.48291,146.1245,340.25,0.39,0.36,2025-03-18,0400,N20,low,2.0NRT,313.43,2.8,D
-33.48353,146.12033,347.9,0.39,0.36,2025-03-18,0400,N20,nominal,2.0NRT,315.12,2.8,D
-33.47958,146.12378,341.42,0.39,0.36,2025-03-18,0400,N20,low,2.0NRT,313.13,2.8,D
-33.3377,146.96585,367,0.38,0.36,2025-03-18,0400,N20,high,2.0NRT,297.6,8.28,D
-33.33705,146.97,342.96,0.38,0.36,2025-03-18,0400,N20,nominal,2.0NRT,298.66,4.02,D
-33.33834,146.96172,353.33,0.38,0.36,2025-03-18,0400,N20,nominal,2.0NRT,291.91,8.28,D
-33.33502,146.96097,367,0.38,0.36,2025-03-18,0400,N20,high,2.0NRT,300,9.85,D
-33.33373,146.96927,349.9,0.38,0.36,2025-03-18,0400,N20,nominal,2.0NRT,299.82,6.35,D
-33.33437,146.96512,355.97,0.38,0.36,2025-03-18,0400,N20,nominal,2.0NRT,299.89,9.85,D
-33.33105,146.96439,351.76,0.38,0.36,2025-03-18,0400,N20,nominal,2.0NRT,297.59,9.85,D
-33.3317,146.96025,350.8,0.38,0.36,2025-03-18,0400,N20,nominal,2.0NRT,299.4,9.85,D
-33.32838,146.95952,343.68,0.38,0.36,2025-03-18,0400,N20,nominal,2.0NRT,300.14,3.11,D
-33.32441,146.96291,336.33,0.38,0.36,2025-03-18,0400,N20,nominal,2.0NRT,293.17,3.11,D
-33.32506,146.95879,337.61,0.38,0.36,2025-03-18,0400,N20,nominal,2.0NRT,294.13,3.11,D
-33.32109,146.9622,338.13,0.38,0.36,2025-03-18,0400,N20,nominal,2.0NRT,297.09,4.16,D
-33.36002,146.59869,343.08,0.38,0.36,2025-03-18,0400,N20,nominal,2.0NRT,295.05,18.87,D
-33.23217,147.25172,339.63,0.39,0.36,2025-03-18,0400,N20,low,2.0NRT,314.27,4.3,D
-33.83346,142.26707,343.64,0.49,0.4,2025-03-18,0400,N20,nominal,2.0NRT,310.45,3.42,D
-33.82972,142.26643,337.02,0.49,0.4,2025-03-18,0400,N20,nominal,2.0NRT,309.35,3.42,D
-33.82535,142.27118,334.8,0.49,0.4,2025-03-18,0400,N20,low,2.0NRT,306.47,4.39,D
-33.82597,142.26579,337.62,0.49,0.4,2025-03-18,0400,N20,low,2.0NRT,310.28,4.39,D
-33.82161,142.27054,340.69,0.49,0.4,2025-03-18,0400,N20,nominal,2.0NRT,306.67,4.39,D
-33.82527,142.26901,347.92,0.49,0.4,2025-03-18,0400,N20,nominal,2.0NRT,308.59,5.51,D
-33.82153,142.26837,347.62,0.49,0.4,2025-03-18,0400,N20,nominal,2.0NRT,308.89,5.51,D
-33.19581,146.61104,341.1,0.38,0.36,2025-03-18,0400,N20,low,2.0NRT,313.71,3.83,D
-33.19645,146.6069,340.42,0.38,0.36,2025-03-18,0400,N20,low,2.0NRT,314.39,3.83,D
-33.19707,146.60277,340.99,0.38,0.36,2025-03-18,0400,N20,low,2.0NRT,313.56,3.55,D
-33.19249,146.61031,347.06,0.38,0.36,2025-03-18,0400,N20,nominal,2.0NRT,313.83,3.82,D
-33.19312,146.60619,346.3,0.38,0.36,2025-03-18,0400,N20,nominal,2.0NRT,313.74,3.82,D
-32.85044,147.44821,339.7,0.39,0.36,2025-03-18,0400,N20,low,2.0NRT,314.32,5.52,D
-32.84844,147.43912,367,0.39,0.36,2025-03-18,0400,N20,high,2.0NRT,357.37,148.76,D
-32.8471,147.44746,338.1,0.39,0.36,2025-03-18,0400,N20,low,2.0NRT,310.76,5.52,D
-32.84777,147.4433,355.24,0.39,0.36,2025-03-18,0400,N20,nominal,2.0NRT,322.43,148.76,D
-33.88955,137.80453,340.99,0.56,0.52,2025-03-18,0400,N20,low,2.0NRT,314.04,7.22,D
-33.88425,137.81015,342.26,0.56,0.52,2025-03-18,0400,N20,low,2.0NRT,313.54,5.8,D
-33.88475,137.80396,348.7,0.56,0.52,2025-03-18,0400,N20,nominal,2.0NRT,314.76,5.8,D
-32.6715,147.22836,348.01,0.39,0.36,2025-03-18,0400,N20,nominal,2.0NRT,312.27,4.25,D
-32.67215,147.22421,346.24,0.39,0.36,2025-03-18,0400,N20,nominal,2.0NRT,312.6,2.87,D
-32.67281,147.22006,339.45,0.39,0.36,2025-03-18,0400,N20,low,2.0NRT,312.87,2.87,D
-32.66816,147.22762,345.72,0.39,0.36,2025-03-18,0400,N20,nominal,2.0NRT,314.48,3.79,D
-32.66948,147.21933,344.19,0.39,0.36,2025-03-18,0400,N20,low,2.0NRT,314.44,4.35,D
-32.66615,147.2186,339.05,0.39,0.36,2025-03-18,0400,N20,low,2.0NRT,312.43,4.35,D
-32.47109,147.60277,341.58,0.39,0.36,2025-03-18,0400,N20,nominal,2.0NRT,309.8,3.11,D
-32.35219,147.70691,345.46,0.4,0.37,2025-03-18,0400,N20,nominal,2.0NRT,313.12,5.16,D
-32.34883,147.70615,342.88,0.4,0.37,2025-03-18,0400,N20,nominal,2.0NRT,310.4,5.16,D
-32.35021,147.69774,338.31,0.39,0.37,2025-03-18,0400,N20,low,2.0NRT,311.51,3.29,D
-33.43063,138.69981,340.91,0.5,0.49,2025-03-18,0400,N20,low,2.0NRT,313.96,5.42,D
-32.52168,146.27208,340.95,0.38,0.36,2025-03-18,0400,N20,low,2.0NRT,314.97,3.53,D
-32.5196,146.26318,344.22,0.38,0.36,2025-03-18,0400,N20,low,2.0NRT,314.67,4.66,D
-32.52022,146.25909,347.72,0.38,0.36,2025-03-18,0400,N20,nominal,2.0NRT,314.44,4.91,D
-32.0788,145.56226,340.73,0.39,0.36,2025-03-18,0400,N20,nominal,2.0NRT,312.85,2.83,D
-31.82116,145.27859,341.37,0.39,0.36,2025-03-18,0400,N20,low,2.0NRT,314.92,3.4,D
-31.35116,147.68375,338.87,0.4,0.37,2025-03-18,0400,N20,low,2.0NRT,310.41,5.71,D
-31.40307,146.60724,341.9,0.39,0.36,2025-03-18,0400,N20,low,2.0NRT,315.28,8.51,D
-31.40038,146.60246,347.14,0.39,0.36,2025-03-18,0400,N20,low,2.0NRT,318.16,10.99,D
-31.39578,146.60989,340.59,0.39,0.36,2025-03-18,0400,N20,low,2.0NRT,312.44,4.28,D
-31.39309,146.60512,348.48,0.39,0.36,2025-03-18,0400,N20,nominal,2.0NRT,312.49,4,D
-31.39041,146.60034,337.36,0.39,0.36,2025-03-18,0400,N20,low,2.0NRT,310.51,4,D
-30.97812,148.50797,342.96,0.42,0.38,2025-03-18,0400,N20,nominal,2.0NRT,309.63,2.73,D
-31.20757,146.90302,337.61,0.39,0.36,2025-03-18,0400,N20,nominal,2.0NRT,286.84,2.46,D
-31.20424,146.90228,352.53,0.39,0.36,2025-03-18,0400,N20,nominal,2.0NRT,287.06,6.1,D
-31.1996,146.90973,346.98,0.39,0.36,2025-03-18,0400,N20,nominal,2.0NRT,305.29,24.6,D
-31.1956,146.91309,336.81,0.39,0.36,2025-03-18,0400,N20,nominal,2.0NRT,294.94,2.74,D
-31.19626,146.90901,353.16,0.39,0.36,2025-03-18,0400,N20,nominal,2.0NRT,297.77,8.71,D
-30.54778,150.46828,333.04,0.51,0.41,2025-03-18,0400,N20,low,2.0NRT,304.42,4.63,D
-30.54402,150.4673,338.88,0.51,0.41,2025-03-18,0400,N20,nominal,2.0NRT,306.1,7.56,D
-30.54502,150.46207,354.15,0.51,0.41,2025-03-18,0400,N20,nominal,2.0NRT,310.35,7.56,D
-30.43952,150.58609,367,0.52,0.42,2025-03-18,0400,N20,high,2.0NRT,309.95,56.82,D
-30.44055,150.58067,367,0.52,0.41,2025-03-18,0400,N20,high,2.0NRT,326.77,146.35,D
-30.43572,150.58514,337.8,0.52,0.42,2025-03-18,0400,N20,nominal,2.0NRT,306.98,5.62,D
-31.2819,145.58524,344.04,0.38,0.36,2025-03-18,0400,N20,low,2.0NRT,317.26,4.71,D
-30.82899,147.78032,345.08,0.41,0.37,2025-03-18,0400,N20,nominal,2.0NRT,312.86,3.37,D
-30.82488,147.7838,339.31,0.41,0.37,2025-03-18,0400,N20,low,2.0NRT,312.29,3.37,D
-30.82559,147.77956,344.24,0.41,0.37,2025-03-18,0400,N20,nominal,2.0NRT,313.51,3.37,D
-30.33029,150.33673,344.97,0.51,0.41,2025-03-18,0400,N20,nominal,2.0NRT,300.21,7.28,D
-30.32654,150.33575,334.31,0.51,0.41,2025-03-18,0400,N20,nominal,2.0NRT,301.53,5.97,D
-29.35818,149.58737,336.54,0.49,0.4,2025-03-18,0402,N20,low,2.0NRT,309.38,5.14,D
-29.3545,149.58649,339.99,0.49,0.4,2025-03-18,0402,N20,nominal,2.0NRT,310.69,5.14,D
-29.35697,149.58456,338.31,0.49,0.4,2025-03-18,0402,N20,low,2.0NRT,309.86,3.35,D
-29.35238,149.58868,332.28,0.49,0.4,2025-03-18,0402,N20,low,2.0NRT,306.33,3.35,D
-29.35329,149.58369,336.44,0.49,0.4,2025-03-18,0402,N20,low,2.0NRT,308.22,3.35,D
-28.65279,150.45372,335.68,0.55,0.42,2025-03-18,0402,N20,nominal,2.0NRT,303.92,15.92,D
-28.64891,150.45277,354.86,0.55,0.42,2025-03-18,0402,N20,nominal,2.0NRT,303.68,15.92,D
-28.64502,150.45183,334.5,0.55,0.42,2025-03-18,0402,N20,nominal,2.0NRT,302.7,4.74,D
-28.64884,150.45613,337.94,0.55,0.43,2025-03-18,0402,N20,nominal,2.0NRT,303.03,13.78,D
-28.64989,150.45055,352.78,0.55,0.42,2025-03-18,0402,N20,nominal,2.0NRT,304.17,13.78,D
-28.64495,150.45517,342.47,0.55,0.43,2025-03-18,0402,N20,nominal,2.0NRT,301.84,13.78,D
-28.37716,146.59302,344.17,0.4,0.37,2025-03-18,0402,N20,nominal,2.0NRT,310.79,3.24,D
-28.37782,146.58897,347.09,0.4,0.37,2025-03-18,0402,N20,nominal,2.0NRT,311.12,3.24,D
-27.54457,141.47124,344.17,0.46,0.39,2025-03-18,0402,N20,nominal,2.0NRT,312.64,9.39,D
-19.66697,132.06763,332.15,0.45,0.63,2025-03-18,0404,N20,nominal,2.0NRT,298.63,5.29,D
-19.66738,132.06331,344.28,0.45,0.63,2025-03-18,0404,N20,nominal,2.0NRT,299.81,5.29,D
-19.5337,131.78572,349.87,0.47,0.64,2025-03-18,0404,N20,nominal,2.0NRT,298.27,11.27,D
-19.52818,131.78062,339.61,0.47,0.64,2025-03-18,0404,N20,nominal,2.0NRT,297.17,8.44,D
-19.52858,131.77612,334.89,0.47,0.64,2025-03-18,0404,N20,nominal,2.0NRT,298.6,8.44,D
-19.53564,131.78773,334.2,0.47,0.64,2025-03-18,0404,N20,nominal,2.0NRT,296.33,7.65,D
-19.53607,131.78326,338.79,0.47,0.64,2025-03-18,0404,N20,nominal,2.0NRT,298.78,5.52,D
-19.53016,131.78267,336.79,0.47,0.64,2025-03-18,0404,N20,nominal,2.0NRT,296.86,5.52,D
-19.53058,131.77817,335.02,0.47,0.64,2025-03-18,0404,N20,nominal,2.0NRT,298.5,5.52,D
-19.51453,131.75841,330.45,0.47,0.64,2025-03-18,0404,N20,nominal,2.0NRT,297.44,2.69,D
-19.51496,131.75391,336.12,0.47,0.64,2025-03-18,0404,N20,nominal,2.0NRT,298.64,3.92,D
-18.61441,131.7173,343.08,0.46,0.64,2025-03-18,0404,N20,nominal,2.0NRT,296.29,5.23,D
-18.59798,131.70241,367,0.46,0.64,2025-03-18,0404,N20,high,2.0NRT,297.17,20.54,D
-18.59839,131.69797,367,0.46,0.64,2025-03-18,0404,N20,high,2.0NRT,298.11,21.59,D
-18.61566,131.71556,339.08,0.46,0.64,2025-03-18,0404,N20,nominal,2.0NRT,296.7,3.72,D
-18.60977,131.71504,330.61,0.46,0.64,2025-03-18,0404,N20,nominal,2.0NRT,295.55,3.72,D
-18.59932,131.70071,367,0.46,0.64,2025-03-18,0404,N20,high,2.0NRT,297.73,13.74,D
-18.59976,131.6963,339.23,0.46,0.64,2025-03-18,0404,N20,nominal,2.0NRT,298.04,13.74,D
-18.59388,131.69569,332.29,0.46,0.64,2025-03-18,0404,N20,nominal,2.0NRT,297.57,6.62,D
-18.36562,132.7317,367,0.39,0.59,2025-03-18,0404,N20,high,2.0NRT,299.19,5.55,D
-18.36523,132.73543,336.82,0.39,0.59,2025-03-18,0404,N20,nominal,2.0NRT,297.58,5.55,D
-18.36051,132.72739,337.85,0.39,0.59,2025-03-18,0404,N20,nominal,2.0NRT,299.32,6.09,D
-17.51768,130.70831,330.49,0.52,0.67,2025-03-18,0404,N20,nominal,2.0NRT,294.97,6.86,D
-17.51883,130.70624,342.87,0.52,0.67,2025-03-18,0404,N20,nominal,2.0NRT,295.35,3.15,D
-16.82401,131.99437,332.62,0.42,0.61,2025-03-18,0406,N20,nominal,2.0NRT,290.51,7.07,D
-15.29895,130.32689,336.31,0.52,0.67,2025-03-18,0406,N20,nominal,2.0NRT,292.85,10.39,D
-15.30108,130.30615,332.22,0.52,0.67,2025-03-18,0406,N20,nominal,2.0NRT,291.34,5.31,D
-15.29228,130.33115,367,0.52,0.67,2025-03-18,0406,N20,high,2.0NRT,292.19,9.63,D
-15.29275,130.32654,332.1,0.52,0.67,2025-03-18,0406,N20,nominal,2.0NRT,292.4,9.63,D
-15.28606,130.33101,356.11,0.52,0.67,2025-03-18,0406,N20,low,2.0NRT,289.29,9.63,D
-33.27154,117.53717,352.1,0.46,0.39,2025-03-18,0542,N20,nominal,2.0NRT,316.19,6.49,D
-33.12159,117.21722,367,0.47,0.4,2025-03-18,0542,N20,high,2.0NRT,335.74,74.32,D
-33.12099,117.22224,367,0.47,0.4,2025-03-18,0542,N20,low,2.0NRT,325.23,24.67,D
-33.1222,117.21218,367,0.47,0.4,2025-03-18,0542,N20,low,2.0NRT,327.67,74.32,D
-33.11853,117.21158,367,0.47,0.4,2025-03-18,0542,N20,high,2.0NRT,332.12,74.32,D
-33.11732,117.22165,342.85,0.47,0.4,2025-03-18,0542,N20,nominal,2.0NRT,316.63,24.67,D
-33.11793,117.21661,367,0.47,0.4,2025-03-18,0542,N20,low,2.0NRT,328.8,74.32,D
-32.88413,118.45078,367,0.42,0.38,2025-03-18,0542,N20,high,2.0NRT,337.86,62.87,D
-32.88066,118.45013,343.03,0.42,0.38,2025-03-18,0542,N20,nominal,2.0NRT,314.18,2.1,D
-32.88125,118.44559,342.79,0.42,0.38,2025-03-18,0542,N20,nominal,2.0NRT,315.45,2.45,D
-32.95047,117.07003,342.76,0.47,0.4,2025-03-18,0542,N20,low,2.0NRT,315.28,4.48,D
-32.94741,117.06429,344.53,0.47,0.4,2025-03-18,0542,N20,low,2.0NRT,316.49,45.44,D
-32.91912,116.98608,342.95,0.48,0.4,2025-03-18,0542,N20,low,2.0NRT,315.4,6.01,D
-32.80913,117.40654,346.72,0.46,0.39,2025-03-18,0542,N20,low,2.0NRT,320.05,8.76,D
-32.55336,118.74145,343.35,0.41,0.37,2025-03-18,0542,N20,low,2.0NRT,314.24,10.7,D
-32.54933,118.74519,349.71,0.41,0.37,2025-03-18,0542,N20,nominal,2.0NRT,317.06,10.7,D
-32.54993,118.74078,353.87,0.41,0.37,2025-03-18,0542,N20,low,2.0NRT,325.27,10.7,D
-32.66429,117.28817,354.62,0.46,0.39,2025-03-18,0542,N20,nominal,2.0NRT,316.97,8.51,D
-32.66489,117.28321,343.99,0.46,0.39,2025-03-18,0542,N20,low,2.0NRT,315.75,6.25,D
-32.66549,117.27825,354.88,0.46,0.39,2025-03-18,0542,N20,nominal,2.0NRT,315.48,6.25,D
-32.38029,118.67384,340.57,0.41,0.37,2025-03-18,0542,N20,low,2.0NRT,310.86,2.92,D
-32.37165,118.68582,339.11,0.41,0.37,2025-03-18,0542,N20,nominal,2.0NRT,307.29,4.17,D
-32.3685,118.64138,336.18,0.41,0.37,2025-03-18,0542,N20,nominal,2.0NRT,296.93,0.99,D
-32.36446,118.64514,355.97,0.41,0.37,2025-03-18,0542,N20,nominal,2.0NRT,308.93,8.36,D
-32.39462,118.23407,330.36,0.42,0.38,2025-03-18,0542,N20,nominal,2.0NRT,297.36,2.39,D
-32.39522,118.22952,334.07,0.42,0.38,2025-03-18,0542,N20,nominal,2.0NRT,298.04,2.39,D
-32.21078,119.15374,349.06,0.4,0.37,2025-03-18,0542,N20,nominal,2.0NRT,316.33,6.16,D
-32.29179,118.55476,336.05,0.41,0.37,2025-03-18,0542,N20,low,2.0NRT,306.31,5.85,D
-32.28489,118.55347,343.27,0.41,0.37,2025-03-18,0542,N20,nominal,2.0NRT,308.96,5.22,D
-32.23232,118.29422,342.9,0.42,0.38,2025-03-18,0542,N20,nominal,2.0NRT,300.18,4.86,D
-32.22884,118.29359,355.87,0.42,0.38,2025-03-18,0542,N20,nominal,2.0NRT,303.85,4.86,D
-32.21841,118.29166,343.05,0.42,0.38,2025-03-18,0542,N20,nominal,2.0NRT,310.26,4.53,D
-32.10775,118.25909,346.06,0.42,0.38,2025-03-18,0542,N20,nominal,2.0NRT,311.57,9.21,D
-32.10833,118.25459,350.42,0.42,0.38,2025-03-18,0542,N20,nominal,2.0NRT,312.35,9.21,D
-32.10485,118.25396,356.49,0.42,0.38,2025-03-18,0542,N20,nominal,2.0NRT,316.64,9.21,D
-32.10079,118.25783,355.57,0.42,0.38,2025-03-18,0542,N20,nominal,2.0NRT,312.6,13.51,D
-32.10137,118.25333,356.06,0.42,0.38,2025-03-18,0542,N20,nominal,2.0NRT,318.91,13.51,D
-32.10196,118.24886,347.93,0.42,0.38,2025-03-18,0542,N20,nominal,2.0NRT,317.91,10.56,D
-32.10003,118.25501,355.73,0.42,0.38,2025-03-18,0542,N20,nominal,2.0NRT,316,14.75,D
-32.10063,118.25053,356.19,0.42,0.38,2025-03-18,0542,N20,nominal,2.0NRT,320.7,14.48,D
-32.13785,117.40308,345.79,0.45,0.39,2025-03-18,0542,N20,nominal,2.0NRT,315.68,23.39,D
-32.19438,116.84813,367,0.48,0.4,2025-03-18,0542,N20,high,2.0NRT,318,6.99,D
-32.19377,116.85321,340.54,0.48,0.4,2025-03-18,0542,N20,nominal,2.0NRT,314.51,3.54,D
-32.19498,116.84303,343.98,0.48,0.4,2025-03-18,0542,N20,nominal,2.0NRT,315.88,6.99,D
-32.1214,116.90482,347.33,0.47,0.4,2025-03-18,0542,N20,nominal,2.0NRT,314.53,9.75,D
-31.79613,119.10008,344.72,0.4,0.37,2025-03-18,0542,N20,low,2.0NRT,316.17,5.3,D
-31.79672,119.09585,352.46,0.4,0.37,2025-03-18,0542,N20,nominal,2.0NRT,317.1,11.74,D
-32.09291,116.70316,342.99,0.48,0.4,2025-03-18,0542,N20,low,2.0NRT,313.79,7.65,D
-31.71758,118.47913,344.9,0.41,0.37,2025-03-18,0542,N20,low,2.0NRT,316.27,5.8,D
-31.71414,118.47849,349.7,0.41,0.37,2025-03-18,0542,N20,nominal,2.0NRT,317.68,5.8,D
-31.71473,118.4741,342.74,0.41,0.37,2025-03-18,0542,N20,low,2.0NRT,317.1,6.98,D
-31.7107,118.47784,349.26,0.41,0.37,2025-03-18,0542,N20,nominal,2.0NRT,317.79,5.23,D
-31.71129,118.47346,345.02,0.41,0.37,2025-03-18,0542,N20,low,2.0NRT,317.09,4.04,D
-31.70725,118.47721,349.87,0.41,0.37,2025-03-18,0542,N20,nominal,2.0NRT,318.59,5.23,D
-31.70785,118.47282,343.18,0.41,0.37,2025-03-18,0542,N20,low,2.0NRT,317.16,4.04,D
-31.66333,118.72262,342.79,0.41,0.37,2025-03-18,0542,N20,low,2.0NRT,317.45,2.77,D
-31.65992,118.72198,346.27,0.41,0.37,2025-03-18,0542,N20,low,2.0NRT,316.56,2.77,D
-31.81501,117.51816,350.09,0.44,0.39,2025-03-18,0542,N20,nominal,2.0NRT,314.76,5.27,D
-31.81561,117.51344,354.68,0.44,0.39,2025-03-18,0542,N20,nominal,2.0NRT,314.39,5.27,D
-31.65249,118.72501,343.33,0.41,0.37,2025-03-18,0542,N20,low,2.0NRT,316.15,5.88,D
-31.60579,118.6603,342.1,0.41,0.37,2025-03-18,0542,N20,low,2.0NRT,314.37,2.38,D
-31.60236,118.65966,340.28,0.41,0.37,2025-03-18,0542,N20,low,2.0NRT,314.43,2.38,D
-31.60296,118.65533,338.6,0.41,0.37,2025-03-18,0542,N20,low,2.0NRT,313.19,2.38,D
-31.59954,118.6547,342.16,0.41,0.37,2025-03-18,0542,N20,low,2.0NRT,313.02,5.47,D
-31.58675,118.69664,349.86,0.41,0.37,2025-03-18,0542,N20,nominal,2.0NRT,318.9,6.06,D
-31.58794,118.68802,348.49,0.41,0.37,2025-03-18,0542,N20,nominal,2.0NRT,318.14,6.77,D
-31.59329,118.64912,342.4,0.41,0.37,2025-03-18,0542,N20,low,2.0NRT,314.04,3.31,D
-31.58334,118.696,355.01,0.41,0.37,2025-03-18,0542,N20,nominal,2.0NRT,318.59,6.06,D
-31.58452,118.68736,352.53,0.41,0.37,2025-03-18,0542,N20,nominal,2.0NRT,317.81,6.77,D
-31.77415,117.04242,344.33,0.46,0.39,2025-03-18,0542,N20,nominal,2.0NRT,304.62,7.52,D
-31.57365,118.56128,341.95,0.41,0.37,2025-03-18,0542,N20,low,2.0NRT,313.76,4.68,D
-31.57424,118.55694,352.83,0.41,0.37,2025-03-18,0542,N20,nominal,2.0NRT,316.22,6.71,D
-31.57483,118.55259,354.11,0.41,0.37,2025-03-18,0542,N20,nominal,2.0NRT,316.46,6.71,D
-31.57541,118.54826,349.68,0.41,0.37,2025-03-18,0542,N20,nominal,2.0NRT,316.41,5.21,D
-31.77051,117.04183,345.18,0.46,0.39,2025-03-18,0542,N20,nominal,2.0NRT,305.07,7.52,D
-31.41606,118.59069,339.01,0.41,0.37,2025-03-18,0542,N20,low,2.0NRT,312.12,4.08,D
-31.41665,118.58637,342.63,0.41,0.37,2025-03-18,0542,N20,low,2.0NRT,313.41,4.08,D
-31.55678,117.51104,350.18,0.44,0.38,2025-03-18,0542,N20,nominal,2.0NRT,312.29,4.45,D
-31.55737,117.50633,338.1,0.44,0.38,2025-03-18,0542,N20,low,2.0NRT,309.74,2.94,D
-31.41322,118.58573,351.24,0.41,0.37,2025-03-18,0542,N20,nominal,2.0NRT,315.08,4.08,D
-31.55322,117.51041,344.63,0.44,0.38,2025-03-18,0542,N20,nominal,2.0NRT,313.9,4.45,D
-31.40864,118.59373,349.76,0.41,0.37,2025-03-18,0542,N20,nominal,2.0NRT,318.08,5.28,D
-31.40922,118.58942,345.16,0.41,0.37,2025-03-18,0542,N20,nominal,2.0NRT,314.91,3.92,D
-31.4098,118.58509,356.27,0.41,0.37,2025-03-18,0542,N20,nominal,2.0NRT,314.74,3.92,D
-31.40521,118.59309,348.89,0.41,0.37,2025-03-18,0542,N20,nominal,2.0NRT,317.28,5.28,D
-31.40579,118.58878,344.19,0.41,0.37,2025-03-18,0542,N20,low,2.0NRT,315.05,3.92,D
-31.40637,118.58446,341.5,0.41,0.37,2025-03-18,0542,N20,low,2.0NRT,313.56,3.92,D
-31.40575,118.59398,347.6,0.41,0.37,2025-03-18,0542,N20,nominal,2.0NRT,317.18,4.16,D
-31.40634,118.58968,343.05,0.41,0.37,2025-03-18,0542,N20,low,2.0NRT,315.3,4.81,D
-31.40694,118.58537,352.45,0.41,0.37,2025-03-18,0542,N20,nominal,2.0NRT,314.92,4.81,D
-31.40233,118.59335,345.28,0.41,0.37,2025-03-18,0542,N20,low,2.0NRT,317.85,4.16,D
-31.40292,118.58904,349.96,0.41,0.37,2025-03-18,0542,N20,nominal,2.0NRT,317.15,4.81,D
-31.40009,118.58408,345.67,0.41,0.37,2025-03-18,0542,N20,low,2.0NRT,316.8,7.4,D
-31.40187,118.57114,345.67,0.41,0.37,2025-03-18,0542,N20,low,2.0NRT,316.92,4.78,D
-31.54901,117.46813,333.46,0.44,0.39,2025-03-18,0542,N20,low,2.0NRT,304.53,9.9,D
-31.54962,117.46342,340.04,0.44,0.39,2025-03-18,0542,N20,nominal,2.0NRT,304.06,9.9,D
-31.54484,117.47223,336.51,0.44,0.39,2025-03-18,0542,N20,nominal,2.0NRT,305.7,2.06,D
-31.54544,117.46754,355.29,0.44,0.39,2025-03-18,0542,N20,nominal,2.0NRT,309.93,9.9,D
-31.54605,117.46282,353.52,0.44,0.39,2025-03-18,0542,N20,nominal,2.0NRT,313.15,9.9,D
-31.54249,117.4622,367,0.44,0.39,2025-03-18,0542,N20,high,2.0NRT,318.3,20.35,D
-31.54128,117.47159,343.52,0.44,0.39,2025-03-18,0542,N20,nominal,2.0NRT,309.29,7.89,D
-31.54188,117.46689,353.77,0.44,0.39,2025-03-18,0542,N20,nominal,2.0NRT,322.56,20.35,D
-31.54309,117.4575,352.59,0.44,0.39,2025-03-18,0542,N20,nominal,2.0NRT,321.69,11.81,D
-31.5437,117.4528,344.48,0.44,0.39,2025-03-18,0542,N20,low,2.0NRT,315.89,11.81,D
-31.53893,117.46159,350.31,0.44,0.39,2025-03-18,0542,N20,nominal,2.0NRT,314.08,20.35,D
-31.53953,117.45689,355.41,0.44,0.39,2025-03-18,0542,N20,nominal,2.0NRT,318.05,11.81,D
-31.54014,117.45218,341.72,0.44,0.39,2025-03-18,0542,N20,nominal,2.0NRT,315.92,11.81,D
-31.5332,117.21878,355.85,0.45,0.39,2025-03-18,0542,N20,nominal,2.0NRT,320.82,17.85,D
-31.5296,117.21816,355.3,0.45,0.39,2025-03-18,0542,N20,nominal,2.0NRT,321.94,20.12,D
-31.29369,118.52138,354.87,0.41,0.37,2025-03-18,0542,N20,nominal,2.0NRT,319.21,7.3,D
-31.39757,117.55348,340.39,0.44,0.38,2025-03-18,0542,N20,low,2.0NRT,313.74,2.43,D
-31.39582,117.53893,341.46,0.44,0.38,2025-03-18,0542,N20,low,2.0NRT,313.51,3.26,D
-31.39642,117.53426,342.42,0.44,0.38,2025-03-18,0542,N20,nominal,2.0NRT,310.93,3.26,D
-31.39822,117.52028,340.09,0.44,0.38,2025-03-18,0542,N20,nominal,2.0NRT,309.07,3.26,D
-31.39467,117.51966,344.54,0.44,0.38,2025-03-18,0542,N20,nominal,2.0NRT,309.04,3.26,D
-31.3834,117.55097,338.47,0.44,0.38,2025-03-18,0542,N20,low,2.0NRT,312.43,6.95,D
-31.38045,117.54571,341.31,0.44,0.38,2025-03-18,0542,N20,low,2.0NRT,312.49,2.8,D
-31.37572,117.55433,344.61,0.44,0.38,2025-03-18,0542,N20,nominal,2.0NRT,313.05,4.64,D
-31.37631,117.5497,343.11,0.44,0.38,2025-03-18,0542,N20,nominal,2.0NRT,312.98,4.64,D
-31.37691,117.54506,341.49,0.44,0.38,2025-03-18,0542,N20,nominal,2.0NRT,310.85,2.8,D
-31.37277,117.54904,341.34,0.44,0.38,2025-03-18,0542,N20,nominal,2.0NRT,310.49,3.12,D
-31.37336,117.54443,338.6,0.44,0.38,2025-03-18,0542,N20,low,2.0NRT,310.14,3.22,D
-31.48688,116.63053,348.13,0.48,0.4,2025-03-18,0542,N20,nominal,2.0NRT,321.88,18.34,D
-31.48319,116.62994,349.03,0.48,0.4,2025-03-18,0542,N20,nominal,2.0NRT,319.03,18.34,D
-31.30804,117.91096,343.41,0.43,0.38,2025-03-18,0542,N20,low,2.0NRT,317.89,4.91,D
-31.19053,118.01099,340.86,0.42,0.38,2025-03-18,0542,N20,nominal,2.0NRT,314.69,5.27,D
-31.18704,118.01037,367,0.42,0.38,2025-03-18,0542,N20,high,2.0NRT,319.42,5.27,D
-31.18646,118.01479,343.18,0.42,0.38,2025-03-18,0542,N20,nominal,2.0NRT,316.45,5.27,D
-31.18299,118.01417,347.88,0.42,0.38,2025-03-18,0542,N20,nominal,2.0NRT,317.98,5.26,D
-31.18357,118.00973,348.99,0.42,0.38,2025-03-18,0542,N20,nominal,2.0NRT,319.04,5.26,D
-31.1795,118.01353,345.13,0.42,0.38,2025-03-18,0542,N20,low,2.0NRT,317.6,5.26,D
-31.05531,117.75174,354.09,0.43,0.38,2025-03-18,0542,N20,nominal,2.0NRT,323.36,23.61,D
-30.90364,118.10773,348.44,0.42,0.37,2025-03-18,0542,N20,nominal,2.0NRT,315.79,4.73,D
-30.95605,117.46474,343.67,0.44,0.38,2025-03-18,0542,N20,low,2.0NRT,315.9,3.35,D
-31.00476,117.05177,356,0.45,0.39,2025-03-18,0542,N20,nominal,2.0NRT,322.37,15.1,D
-30.86324,118.11839,346.48,0.42,0.37,2025-03-18,0542,N20,nominal,2.0NRT,316.19,4.56,D
-30.94896,117.46355,343.05,0.44,0.38,2025-03-18,0542,N20,low,2.0NRT,316.59,5.3,D
-31.00115,117.05115,353.5,0.45,0.39,2025-03-18,0542,N20,nominal,2.0NRT,323.08,15.1,D
-30.94541,117.46297,343.55,0.44,0.38,2025-03-18,0542,N20,low,2.0NRT,316.71,5.8,D
-30.94186,117.46237,349.3,0.44,0.38,2025-03-18,0542,N20,nominal,2.0NRT,318.18,5.8,D
-30.93832,117.46178,347.76,0.44,0.38,2025-03-18,0542,N20,nominal,2.0NRT,316.81,3.57,D
-30.38292,116.79903,346.14,0.46,0.39,2025-03-18,0542,N20,nominal,2.0NRT,315.09,5.14,D
-30.3793,116.79842,352.26,0.46,0.39,2025-03-18,0542,N20,nominal,2.0NRT,314.64,5.14,D
-30.37508,116.80264,347.34,0.46,0.39,2025-03-18,0542,N20,nominal,2.0NRT,315.19,6.66,D
-30.37146,116.80206,355.49,0.46,0.39,2025-03-18,0542,N20,nominal,2.0NRT,316.2,6.66,D
-30.36784,116.80145,349.86,0.46,0.39,2025-03-18,0542,N20,nominal,2.0NRT,314.35,5.58,D
-30.32646,117.10318,346.72,0.45,0.39,2025-03-18,0542,N20,nominal,2.0NRT,316.9,5.61,D
-30.36422,116.80083,343.01,0.46,0.39,2025-03-18,0542,N20,nominal,2.0NRT,315.48,5.58,D
-30.36482,116.79601,356.26,0.46,0.39,2025-03-18,0542,N20,nominal,2.0NRT,316.22,13.85,D
-30.36541,116.79121,356.59,0.46,0.39,2025-03-18,0542,N20,nominal,2.0NRT,316.15,13.85,D
-30.36601,116.78642,355.84,0.46,0.39,2025-03-18,0542,N20,nominal,2.0NRT,320.22,16.22,D
-30.3229,117.10254,367,0.45,0.39,2025-03-18,0542,N20,high,2.0NRT,321.62,8.72,D
-30.36061,116.80019,367,0.46,0.39,2025-03-18,0542,N20,high,2.0NRT,321.43,12.04,D
-30.32173,117.1118,352.34,0.45,0.39,2025-03-18,0542,N20,nominal,2.0NRT,321.58,6.4,D
-30.32231,117.10717,348.49,0.45,0.39,2025-03-18,0542,N20,nominal,2.0NRT,320.68,8.72,D
-30.36002,116.80499,350.06,0.46,0.39,2025-03-18,0542,N20,nominal,2.0NRT,322.6,12.04,D
-30.3612,116.7954,354.27,0.46,0.39,2025-03-18,0542,N20,nominal,2.0NRT,326.69,26.7,D
-30.36239,116.7858,352.22,0.46,0.39,2025-03-18,0542,N20,nominal,2.0NRT,319.58,12.69,D
-30.36179,116.7906,367,0.46,0.39,2025-03-18,0542,N20,low,2.0NRT,330.16,26.7,D
-30.31933,117.10193,354.97,0.45,0.39,2025-03-18,0542,N20,nominal,2.0NRT,319.7,8.72,D
-30.35817,116.78998,347.61,0.46,0.39,2025-03-18,0542,N20,nominal,2.0NRT,316.56,26.7,D
-29.39504,115.69897,355.85,0.5,0.41,2025-03-18,0544,N20,nominal,2.0NRT,322.4,18.26,D
-29.39567,115.69382,347.37,0.5,0.41,2025-03-18,0544,N20,nominal,2.0NRT,318.02,13.14,D
-29.39127,115.69838,353.12,0.5,0.41,2025-03-18,0544,N20,nominal,2.0NRT,318.54,18.26,D
-29.3919,115.69323,349.87,0.5,0.41,2025-03-18,0544,N20,nominal,2.0NRT,317.79,13.14,D
-26.50451,129.17038,367,0.34,0.56,2025-03-18,0544,N20,high,2.0NRT,304.41,49.46,D
-26.50605,129.16353,332.64,0.34,0.56,2025-03-18,0544,N20,nominal,2.0NRT,304.31,60.15,D
-26.49939,129.16898,367,0.34,0.56,2025-03-18,0544,N20,high,2.0NRT,314.23,49.46,D
-26.50093,129.16212,367,0.34,0.56,2025-03-18,0544,N20,high,2.0NRT,311.48,60.15,D
-26.49427,129.16757,367,0.34,0.56,2025-03-18,0544,N20,high,2.0NRT,308.03,10.14,D
-26.49504,129.16415,367,0.34,0.56,2025-03-18,0544,N20,high,2.0NRT,310.36,7.93,D
-26.49582,129.16071,343.87,0.34,0.56,2025-03-18,0544,N20,nominal,2.0NRT,306.6,7.93,D
-26.48915,129.16614,367,0.34,0.56,2025-03-18,0544,N20,high,2.0NRT,307.09,10.14,D
-26.48993,129.16272,367,0.34,0.56,2025-03-18,0544,N20,high,2.0NRT,308.96,7.93,D
-26.48403,129.1647,367,0.34,0.56,2025-03-18,0544,N20,high,2.0NRT,307.66,5.54,D
-26.48326,129.16812,352.04,0.34,0.56,2025-03-18,0544,N20,nominal,2.0NRT,307.46,5.54,D
-28.725,116.00771,352.72,0.48,0.4,2025-03-18,0544,N20,nominal,2.0NRT,321.78,11.77,D
-28.72132,116.00713,345.6,0.48,0.4,2025-03-18,0544,N20,low,2.0NRT,319.7,11.95,D
-28.72191,116.0022,347.78,0.48,0.4,2025-03-18,0544,N20,low,2.0NRT,322.77,13.75,D
-28.72222,116.01012,344.19,0.48,0.4,2025-03-18,0544,N20,low,2.0NRT,318.79,10.5,D
-28.71978,115.99969,346.29,0.48,0.4,2025-03-18,0544,N20,low,2.0NRT,320.51,9.63,D
-28.66925,115.47992,352.27,0.5,0.41,2025-03-18,0544,N20,nominal,2.0NRT,326.21,11.28,D
-28.66989,115.47475,367,0.5,0.41,2025-03-18,0544,N20,low,2.0NRT,327.35,9,D
-28.66483,115.48455,367,0.5,0.41,2025-03-18,0544,N20,high,2.0NRT,328.96,11.28,D
-28.66547,115.47936,352.27,0.5,0.41,2025-03-18,0544,N20,nominal,2.0NRT,325,11.28,D
-33.01569,137.59727,332.87,0.71,0.75,2025-03-18,0540,N20,nominal,2.0NRT,302.48,16.7,D
-28.6661,115.47417,367,0.5,0.41,2025-03-18,0544,N20,low,2.0NRT,327.52,9,D
-33.7131,119.99094,346.39,0.39,0.36,2025-03-18,0542,N20,nominal,2.0NRT,316.23,3.61,D
-28.66168,115.47879,367,0.5,0.41,2025-03-18,0544,N20,high,2.0NRT,328.33,24.43,D
-28.66042,115.48914,348.49,0.5,0.41,2025-03-18,0544,N20,nominal,2.0NRT,321.31,21.75,D
-33.27185,117.53941,352.23,0.46,0.39,2025-03-18,0542,N20,nominal,2.0NRT,315.69,5.74,D
-28.66105,115.48398,367,0.5,0.41,2025-03-18,0544,N20,low,2.0NRT,333.96,24.43,D
-28.66232,115.47359,367,0.5,0.41,2025-03-18,0544,N20,low,2.0NRT,326.86,9.39,D
-28.65791,115.4782,353.05,0.5,0.41,2025-03-18,0544,N20,nominal,2.0NRT,325.01,24.43,D
-28.65664,115.48856,352.32,0.5,0.41,2025-03-18,0544,N20,low,2.0NRT,329.74,21.75,D
-28.65475,115.44067,367,0.5,0.41,2025-03-18,0544,N20,low,2.0NRT,327.36,26.08,D
-28.65096,115.4401,350.43,0.5,0.41,2025-03-18,0544,N20,low,2.0NRT,325,11.33,D
-28.52181,115.77116,347.73,0.49,0.4,2025-03-18,0544,N20,low,2.0NRT,322.7,11.16,D
-21.36042,124.62573,344.61,0.46,0.47,2025-03-18,0544,N20,nominal,2.0NRT,306.9,5.86,D
-21.35609,124.62482,345.81,0.46,0.47,2025-03-18,0544,N20,nominal,2.0NRT,307.79,5.86,D
-21.35957,124.62628,348.89,0.46,0.47,2025-03-18,0544,N20,nominal,2.0NRT,306.38,8.06,D
-21.35525,124.62534,350.8,0.46,0.47,2025-03-18,0544,N20,nominal,2.0NRT,306.88,8.06,D
-21.35092,124.62437,342.11,0.46,0.47,2025-03-18,0544,N20,nominal,2.0NRT,305.32,6.21,D
-21.34659,124.62343,338.12,0.46,0.47,2025-03-18,0544,N20,nominal,2.0NRT,305.04,6.21,D
-21.299,124.5669,353.51,0.46,0.47,2025-03-18,0544,N20,nominal,2.0NRT,303.66,22.58,D
-21.95019,120.4766,346.57,0.42,0.38,2025-03-18,0544,N20,nominal,2.0NRT,312.57,5.55,D
-21.95087,120.47252,348,0.42,0.38,2025-03-18,0544,N20,nominal,2.0NRT,313.34,5.55,D
-21.94673,120.47594,349.57,0.42,0.38,2025-03-18,0544,N20,nominal,2.0NRT,314.13,43.03,D
-21.9426,120.47937,338.42,0.42,0.38,2025-03-18,0544,N20,low,2.0NRT,309.46,24.4,D
-21.92876,120.47675,346.96,0.42,0.38,2025-03-18,0544,N20,nominal,2.0NRT,310.36,9.86,D
-21.92944,120.47271,341.3,0.42,0.38,2025-03-18,0544,N20,low,2.0NRT,312.47,9.87,D
-22.23894,118.17436,337.67,0.38,0.36,2025-03-18,0544,N20,nominal,2.0NRT,307.26,6.76,D
-22.23951,118.17063,336.52,0.38,0.36,2025-03-18,0544,N20,low,2.0NRT,310.49,11.03,D
-19.53356,131.78291,331.98,0.7,0.75,2025-03-18,0544,N20,nominal,2.0NRT,293.11,8.75,D
-19.52673,131.78114,337.1,0.7,0.75,2025-03-18,0544,N20,nominal,2.0NRT,292.66,8.88,D
-19.52151,131.77277,334.51,0.7,0.75,2025-03-18,0544,N20,nominal,2.0NRT,292.63,8.88,D
-19.5163,131.76434,341.59,0.7,0.75,2025-03-18,0544,N20,nominal,2.0NRT,293.18,21.41,D
-18.59833,131.70401,336.07,0.72,0.76,2025-03-18,0546,N20,nominal,2.0NRT,292.21,13.36,D
-18.59917,131.70746,330.85,0.73,0.76,2025-03-18,0546,N20,nominal,2.0NRT,291.35,15.79,D
-20.61613,116.76473,330.55,0.39,0.36,2025-03-18,0546,N20,low,2.0NRT,303.83,1.94,D
-20.59717,116.77699,332.15,0.39,0.36,2025-03-18,0546,N20,low,2.0NRT,304.14,4.53,D
-18.11991,127.83598,336.71,0.42,0.61,2025-03-18,0546,N20,nominal,2.0NRT,299.1,5.32,D
-19.0458,121.61038,335.47,0.51,0.41,2025-03-18,0546,N20,nominal,2.0NRT,300.03,4.98,D
-17.34568,127.03634,367,0.39,0.59,2025-03-18,0546,N20,high,2.0NRT,292.46,8.37,D
-17.33553,127.03049,335.67,0.39,0.59,2025-03-18,0546,N20,nominal,2.0NRT,298.33,5.11,D
-17.3885,126.50744,344.96,0.36,0.57,2025-03-18,0546,N20,nominal,2.0NRT,296.25,4.36,D
-17.38921,126.50404,351.15,0.36,0.57,2025-03-18,0546,N20,nominal,2.0NRT,295.88,4.36,D
-17.38395,126.50293,330.58,0.36,0.57,2025-03-18,0546,N20,nominal,2.0NRT,294.52,4.36,D
-17.40012,126.42542,345.35,0.36,0.57,2025-03-18,0546,N20,nominal,2.0NRT,297.32,3.09,D
-17.38431,126.50584,367,0.36,0.57,2025-03-18,0546,N20,high,2.0NRT,294.02,6.35,D
-17.38499,126.50244,340.96,0.36,0.57,2025-03-18,0546,N20,nominal,2.0NRT,294.61,6.35,D
-17.40061,126.42471,342.82,0.36,0.57,2025-03-18,0546,N20,nominal,2.0NRT,297.07,5.22,D
-17.42571,126.27248,332.27,0.35,0.57,2025-03-18,0546,N20,nominal,2.0NRT,294.25,2.81,D
-17.42052,126.2714,337.79,0.35,0.57,2025-03-18,0546,N20,nominal,2.0NRT,295.69,2.81,D
-17.41536,126.27024,330.66,0.35,0.57,2025-03-18,0546,N20,nominal,2.0NRT,295.43,5.1,D
-17.36611,126.27328,331.16,0.35,0.57,2025-03-18,0546,N20,nominal,2.0NRT,294.71,3.77,D
-17.32091,126.46711,339.22,0.36,0.57,2025-03-18,0546,N20,nominal,2.0NRT,295.19,26.52,D
-17.31495,126.46939,367,0.36,0.57,2025-03-18,0546,N20,high,2.0NRT,294.33,26.52,D
-17.31354,126.47625,331.28,0.36,0.57,2025-03-18,0546,N20,nominal,2.0NRT,296.96,4.59,D
-17.31425,126.47284,330.44,0.36,0.57,2025-03-18,0546,N20,nominal,2.0NRT,295.7,4.59,D
-17.31567,126.46593,339.62,0.36,0.57,2025-03-18,0546,N20,nominal,2.0NRT,301,26.52,D
-17.30379,126.47037,339.25,0.36,0.57,2025-03-18,0546,N20,nominal,2.0NRT,296.75,7.2,D
-17.28033,126.45625,339.13,0.36,0.57,2025-03-18,0546,N20,nominal,2.0NRT,297.62,6.76,D
-17.27438,126.45859,367,0.36,0.57,2025-03-18,0546,N20,high,2.0NRT,300.13,6.76,D
-17.27508,126.45512,333.47,0.36,0.57,2025-03-18,0546,N20,nominal,2.0NRT,298.87,6.76,D
-17.26844,126.46087,330.38,0.36,0.57,2025-03-18,0546,N20,nominal,2.0NRT,295.84,4.35,D
-17.23556,126.46076,332.28,0.36,0.57,2025-03-18,0546,N20,nominal,2.0NRT,285.8,2.39,D
-17.21519,126.45307,342.31,0.36,0.57,2025-03-18,0546,N20,nominal,2.0NRT,299,6.7,D
-17.2092,126.45549,346.06,0.36,0.57,2025-03-18,0546,N20,nominal,2.0NRT,298.41,9.32,D
-16.98596,127.35784,367,0.42,0.61,2025-03-18,0546,N20,high,2.0NRT,298.54,11.85,D
-16.98509,127.36189,337.71,0.42,0.61,2025-03-18,0546,N20,nominal,2.0NRT,298.46,10.8,D
-16.98684,127.3537,348.65,0.42,0.61,2025-03-18,0546,N20,nominal,2.0NRT,298.13,11.85,D
-17.00507,127.38949,332.45,0.42,0.61,2025-03-18,0546,N20,nominal,2.0NRT,295.78,4.65,D
-16.98849,127.35648,332.55,0.42,0.61,2025-03-18,0546,N20,nominal,2.0NRT,298.09,6.82,D
-16.98285,127.35557,367,0.42,0.61,2025-03-18,0546,N20,high,2.0NRT,296.49,6.82,D
-16.98201,127.35961,349.16,0.42,0.61,2025-03-18,0546,N20,nominal,2.0NRT,297.49,15.69,D
-16.98374,127.35126,331.38,0.42,0.61,2025-03-18,0546,N20,nominal,2.0NRT,295.57,6.82,D
-16.68622,127.48429,330.66,0.43,0.62,2025-03-18,0546,N20,nominal,2.0NRT,298.41,6.3,D
-16.67229,127.49425,333.88,0.43,0.62,2025-03-18,0546,N20,nominal,2.0NRT,297.19,4.59,D
-16.67317,127.49007,334.32,0.43,0.62,2025-03-18,0546,N20,nominal,2.0NRT,298.1,4.59,D
-16.64146,127.55575,367,0.44,0.62,2025-03-18,0546,N20,high,2.0NRT,297.64,6.24,D
-16.64055,127.56,333.12,0.44,0.62,2025-03-18,0546,N20,nominal,2.0NRT,296.1,4.24,D
-16.66162,127.43291,367,0.43,0.62,2025-03-18,0546,N20,high,2.0NRT,300.21,10.77,D
-16.66248,127.42892,367,0.43,0.62,2025-03-18,0546,N20,high,2.0NRT,300.79,10.77,D
-16.66076,127.43697,337.16,0.43,0.62,2025-03-18,0546,N20,nominal,2.0NRT,298.69,13.13,D
-16.60726,127.63211,346.53,0.44,0.62,2025-03-18,0546,N20,nominal,2.0NRT,299.45,9.3,D
-16.6404,127.55476,367,0.44,0.62,2025-03-18,0546,N20,high,2.0NRT,298.08,6.49,D
-16.66533,127.43315,367,0.43,0.62,2025-03-18,0546,N20,high,2.0NRT,297.98,8.6,D
-16.66616,127.42909,367,0.43,0.62,2025-03-18,0546,N20,high,2.0NRT,298.72,8.6,D
-16.65802,127.44003,330.8,0.43,0.62,2025-03-18,0546,N20,nominal,2.0NRT,298.92,4.4,D
-16.65889,127.43577,332.12,0.43,0.62,2025-03-18,0546,N20,nominal,2.0NRT,300.39,4.4,D
-16.60671,127.6315,347.5,0.44,0.62,2025-03-18,0546,N20,nominal,2.0NRT,300.61,11.56,D
-16.62693,127.47625,340.86,0.43,0.62,2025-03-18,0546,N20,nominal,2.0NRT,297.31,3.82,D
-16.62779,127.47211,340.86,0.43,0.62,2025-03-18,0546,N20,nominal,2.0NRT,298.5,3.82,D
-16.62299,127.46673,331.8,0.43,0.62,2025-03-18,0546,N20,nominal,2.0NRT,295.74,6.17,D
-16.63065,127.42973,340.6,0.43,0.62,2025-03-18,0546,N20,nominal,2.0NRT,295.99,3.01,D
-16.61822,127.46122,367,0.43,0.62,2025-03-18,0546,N20,high,2.0NRT,298.52,15.67,D
-16.61653,127.46935,330.1,0.43,0.62,2025-03-18,0546,N20,nominal,2.0NRT,296.61,4.99,D
-16.61737,127.4653,336.5,0.43,0.62,2025-03-18,0546,N20,nominal,2.0NRT,296.72,15.67,D
-16.61908,127.45705,352.38,0.43,0.62,2025-03-18,0546,N20,nominal,2.0NRT,299.38,25.99,D
-16.60916,127.47633,331.45,0.43,0.62,2025-03-18,0546,N20,nominal,2.0NRT,298.08,2.95,D
-16.603,127.44912,367,0.43,0.62,2025-03-18,0546,N20,high,2.0NRT,298.55,7.43,D
-16.59519,127.4865,338.49,0.43,0.62,2025-03-18,0546,N20,nominal,2.0NRT,297.27,6.13,D
-16.60217,127.4531,349.66,0.43,0.62,2025-03-18,0546,N20,nominal,2.0NRT,298.46,7.43,D
-16.58954,127.48521,333.56,0.43,0.62,2025-03-18,0546,N20,nominal,2.0NRT,297.45,6.64,D
-16.42773,127.51218,367,0.44,0.62,2025-03-18,0546,N20,high,2.0NRT,296.1,10.76,D
-16.42863,127.50794,367,0.44,0.62,2025-03-18,0546,N20,high,2.0NRT,295.43,10.76,D
-16.42715,127.50938,367,0.44,0.62,2025-03-18,0546,N20,high,2.0NRT,296.8,9.89,D
-16.42802,127.50513,367,0.44,0.62,2025-03-18,0546,N20,high,2.0NRT,295.14,9.89,D
-16.58113,125.88284,339.28,0.34,0.56,2025-03-18,0546,N20,nominal,2.0NRT,293.52,5.88,D
-16.12517,127.37623,335.24,0.43,0.62,2025-03-18,0546,N20,nominal,2.0NRT,293.91,8.13,D
-16.11951,127.37492,343.28,0.43,0.62,2025-03-18,0546,N20,nominal,2.0NRT,294.15,5.02,D
-16.12033,127.37102,335.5,0.43,0.62,2025-03-18,0546,N20,nominal,2.0NRT,294.17,5.02,D
-15.94042,128.18182,331.34,0.49,0.65,2025-03-18,0546,N20,nominal,2.0NRT,295.52,6.47,D
-16.1147,127.36961,343.66,0.43,0.62,2025-03-18,0546,N20,nominal,2.0NRT,294.07,5.02,D
-16.1234,127.37663,340.66,0.43,0.62,2025-03-18,0546,N20,nominal,2.0NRT,294.38,10.01,D
-16.11855,127.37138,347.49,0.43,0.62,2025-03-18,0546,N20,nominal,2.0NRT,294.61,12.15,D
-16.10236,127.39241,336.15,0.44,0.62,2025-03-18,0546,N20,nominal,2.0NRT,294.82,5.08,D
-16.09581,127.3954,348.63,0.44,0.62,2025-03-18,0546,N20,nominal,2.0NRT,293.65,5.08,D
-16.09663,127.39137,339.05,0.44,0.62,2025-03-18,0546,N20,nominal,2.0NRT,294.82,5.08,D
-16.0901,127.39424,341.36,0.44,0.62,2025-03-18,0546,N20,nominal,2.0NRT,294.02,4.47,D
-16.10069,127.34288,350.46,0.43,0.62,2025-03-18,0546,N20,nominal,2.0NRT,294.61,6.93,D
-16.08441,127.393,341.58,0.44,0.62,2025-03-18,0546,N20,nominal,2.0NRT,293.89,4.47,D
-16.09504,127.34158,340.88,0.43,0.62,2025-03-18,0546,N20,nominal,2.0NRT,295.46,6.93,D
-16.07874,127.39169,338.66,0.44,0.62,2025-03-18,0546,N20,nominal,2.0NRT,295.32,4.51,D
-16.06654,127.39318,337.89,0.44,0.62,2025-03-18,0546,N20,nominal,2.0NRT,294.88,5.36,D
-16.07184,127.33916,340.95,0.43,0.62,2025-03-18,0546,N20,nominal,2.0NRT,295.15,4.95,D
-16.01151,127.59924,334.42,0.45,0.63,2025-03-18,0546,N20,nominal,2.0NRT,295.52,7.28,D
-16.01244,127.59485,344.01,0.45,0.63,2025-03-18,0546,N20,nominal,2.0NRT,295.44,7.08,D
-16.01338,127.59038,349.1,0.45,0.63,2025-03-18,0546,N20,nominal,2.0NRT,295.47,7.08,D
-16.01427,127.58611,338.08,0.45,0.63,2025-03-18,0546,N20,nominal,2.0NRT,294.53,6.5,D
-16.01511,127.58212,347.9,0.45,0.63,2025-03-18,0546,N20,nominal,2.0NRT,295.1,6.5,D
-16.0049,127.60204,352.12,0.45,0.63,2025-03-18,0546,N20,nominal,2.0NRT,295.37,7.28,D
-16.00579,127.59779,341.98,0.45,0.63,2025-03-18,0546,N20,nominal,2.0NRT,295.18,7.28,D
-16.00664,127.59377,345.83,0.45,0.63,2025-03-18,0546,N20,nominal,2.0NRT,294.94,7.08,D
-16.05171,127.26565,330.27,0.43,0.62,2025-03-18,0546,N20,nominal,2.0NRT,292.43,2.09,D
-16.04544,127.23939,330.41,0.43,0.62,2025-03-18,0546,N20,nominal,2.0NRT,293.29,5.77,D
-16.04627,127.23546,338.47,0.43,0.62,2025-03-18,0546,N20,nominal,2.0NRT,293.63,4.25,D
-16.03314,127.2697,333.73,0.43,0.62,2025-03-18,0546,N20,nominal,2.0NRT,294.52,7.89,D
-16.03619,127.27384,330.41,0.43,0.62,2025-03-18,0546,N20,nominal,2.0NRT,294.55,3.71,D
-16.04343,127.2383,336.48,0.43,0.62,2025-03-18,0546,N20,nominal,2.0NRT,293.58,8.8,D
-16.04423,127.23436,337.71,0.43,0.62,2025-03-18,0546,N20,nominal,2.0NRT,292.83,6.13,D
-16.03134,127.26871,331.41,0.43,0.62,2025-03-18,0546,N20,nominal,2.0NRT,294.59,7.06,D
-15.98617,127.37344,332.76,0.44,0.62,2025-03-18,0546,N20,nominal,2.0NRT,292.69,6.91,D
-15.98704,127.36922,351.05,0.44,0.62,2025-03-18,0546,N20,nominal,2.0NRT,295.02,6.91,D
-15.9879,127.36501,338.84,0.44,0.62,2025-03-18,0546,N20,nominal,2.0NRT,292.98,10.4,D
-15.98982,127.3269,335.71,0.43,0.62,2025-03-18,0546,N20,nominal,2.0NRT,286.35,4.06,D
-15.91471,127.57339,334.1,0.45,0.63,2025-03-18,0546,N20,nominal,2.0NRT,290.68,7.25,D
-15.3001,130.34848,367,0.7,0.75,2025-03-18,0546,N20,high,2.0NRT,290.31,27.54,D
-15.29451,130.30942,332.3,0.69,0.75,2025-03-18,0546,N20,nominal,2.0NRT,290.56,10.02,D
-15.29634,130.3013,331.09,0.69,0.75,2025-03-18,0546,N20,nominal,2.0NRT,290.57,14.31,D
-15.28287,130.32922,339.83,0.7,0.75,2025-03-18,0546,N20,nominal,2.0NRT,290.05,11.72,D
-15.29099,130.29323,349.4,0.69,0.74,2025-03-18,0546,N20,nominal,2.0NRT,291.37,20.23,D
-15.27147,130.31609,337.32,0.7,0.75,2025-03-18,0546,N20,nominal,2.0NRT,290.1,15.77,D
-15.27043,130.28899,367,0.69,0.74,2025-03-18,0546,N20,high,2.0NRT,291.18,20.92,D
-15.26754,130.30174,353.94,0.69,0.75,2025-03-18,0546,N20,nominal,2.0NRT,292.36,35.1,D
-15.26899,130.29536,338.12,0.69,0.75,2025-03-18,0546,N20,nominal,2.0NRT,290.92,20.92,D
-15.2661,130.30811,356.65,0.7,0.75,2025-03-18,0546,N20,low,2.0NRT,289.11,35.1,D
-15.26209,130.29414,348.75,0.69,0.75,2025-03-18,0546,N20,nominal,2.0NRT,285.42,7.67,D
-15.29693,130.29709,345.11,0.69,0.75,2025-03-18,0546,N20,nominal,2.0NRT,291.1,13.72,D
-15.28213,130.33205,347.11,0.7,0.75,2025-03-18,0546,N20,nominal,2.0NRT,289.82,9.1,D
-15.29013,130.29544,355.09,0.69,0.75,2025-03-18,0546,N20,nominal,2.0NRT,290.49,13.72,D
-15.27221,130.31183,335.25,0.7,0.75,2025-03-18,0546,N20,nominal,2.0NRT,290.35,9.7,D
-15.26678,130.30392,367,0.7,0.75,2025-03-18,0546,N20,high,2.0NRT,292.1,27.04,D
-15.26537,130.31032,350.98,0.7,0.75,2025-03-18,0546,N20,nominal,2.0NRT,286.92,27.04,D
-15.26818,130.29755,353.59,0.7,0.75,2025-03-18,0546,N20,nominal,2.0NRT,291.36,27.49,D
-15.26958,130.29114,354.08,0.69,0.75,2025-03-18,0546,N20,nominal,2.0NRT,290.41,27.49,D
-15.27099,130.28476,350.79,0.69,0.75,2025-03-18,0546,N20,nominal,2.0NRT,289.92,19.21,D
-15.82484,127.65879,367,0.46,0.63,2025-03-18,0546,N20,high,2.0NRT,295.69,11.49,D
-15.82394,127.66312,342.73,0.46,0.63,2025-03-18,0546,N20,nominal,2.0NRT,293.03,11.49,D
-15.82575,127.65438,351.66,0.46,0.63,2025-03-18,0546,N20,nominal,2.0NRT,294.8,12.08,D
-15.83197,127.62434,339.88,0.46,0.63,2025-03-18,0546,N20,nominal,2.0NRT,294.43,3.89,D
-15.81092,127.69663,330.66,0.46,0.64,2025-03-18,0546,N20,nominal,2.0NRT,289.27,6.22,D
-15.81809,127.66207,349.16,0.46,0.63,2025-03-18,0546,N20,nominal,2.0NRT,293.07,7.44,D
-15.81897,127.65778,341.88,0.46,0.63,2025-03-18,0546,N20,nominal,2.0NRT,295.08,7.44,D
-15.81987,127.65347,351.19,0.46,0.63,2025-03-18,0546,N20,nominal,2.0NRT,295.38,9.39,D
-15.82437,127.63176,337.97,0.46,0.63,2025-03-18,0546,N20,nominal,2.0NRT,293.89,5.24,D
-15.81765,127.63494,348.05,0.46,0.63,2025-03-18,0546,N20,nominal,2.0NRT,293.72,5.24,D
-15.81853,127.63071,340.26,0.46,0.63,2025-03-18,0546,N20,nominal,2.0NRT,293.89,5.24,D
-15.86504,127.29105,348.4,0.43,0.62,2025-03-18,0546,N20,nominal,2.0NRT,292.46,7.28,D
-15.77613,127.68826,332.39,0.46,0.64,2025-03-18,0546,N20,nominal,2.0NRT,289.94,5.35,D
-15.81552,127.50019,354.66,0.45,0.63,2025-03-18,0546,N20,nominal,2.0NRT,293.17,7.67,D
-15.77209,127.67851,332.39,0.46,0.64,2025-03-18,0546,N20,nominal,2.0NRT,293.78,3.03,D
-15.85537,127.28051,333.4,0.43,0.62,2025-03-18,0546,N20,nominal,2.0NRT,291.98,5.96,D
-15.78784,127.19801,341.34,0.43,0.62,2025-03-18,0546,N20,nominal,2.0NRT,295.88,7.94,D
-15.77359,126.98394,333.14,0.42,0.61,2025-03-18,0546,N20,nominal,2.0NRT,295.18,6.14,D
-15.77445,126.97984,352.73,0.42,0.61,2025-03-18,0546,N20,nominal,2.0NRT,296.54,6.14,D
-15.7764,126.98067,344.71,0.42,0.61,2025-03-18,0546,N20,nominal,2.0NRT,296.52,4.7,D
-15.77084,126.97941,335.91,0.42,0.61,2025-03-18,0546,N20,nominal,2.0NRT,295.13,4.7,D
-15.72863,126.92959,367,0.41,0.61,2025-03-18,0546,N20,high,2.0NRT,292.04,10.01,D
-15.72944,126.92562,348.03,0.41,0.61,2025-03-18,0546,N20,nominal,2.0NRT,290.93,8.16,D
-15.70075,126.83992,346.98,0.41,0.6,2025-03-18,0546,N20,nominal,2.0NRT,292.48,9.52,D
-15.70156,126.83604,354.72,0.41,0.6,2025-03-18,0546,N20,nominal,2.0NRT,293.58,9.52,D
-15.34085,127.23528,367,0.44,0.62,2025-03-18,0546,N20,high,2.0NRT,294.61,13.68,D
-15.33473,126.62199,330.74,0.4,0.6,2025-03-18,0546,N20,nominal,2.0NRT,290.08,6.93,D
-15.33549,126.61828,343.32,0.4,0.6,2025-03-18,0546,N20,nominal,2.0NRT,289.07,6.31,D
-15.31904,126.64252,331.61,0.4,0.6,2025-03-18,0546,N20,nominal,2.0NRT,292,6.21,D
-15.29158,126.66412,330.48,0.4,0.6,2025-03-18,0546,N20,nominal,2.0NRT,293.55,4.59,D
-15.28527,126.66675,330.21,0.41,0.6,2025-03-18,0546,N20,nominal,2.0NRT,293.86,6.14,D
-15.29896,126.60059,346.46,0.4,0.6,2025-03-18,0546,N20,nominal,2.0NRT,293.46,8.68,D
-15.29975,126.59679,346.3,0.4,0.6,2025-03-18,0546,N20,nominal,2.0NRT,294.2,6.79,D
-15.30054,126.59299,333.68,0.4,0.6,2025-03-18,0546,N20,nominal,2.0NRT,293.77,6.79,D
-15.29284,126.66329,335.5,0.41,0.6,2025-03-18,0546,N20,nominal,2.0NRT,293.57,5.67,D
-15.28656,126.6659,331.17,0.41,0.6,2025-03-18,0546,N20,nominal,2.0NRT,293.89,5.37,D
-15.29979,126.5996,347.19,0.4,0.6,2025-03-18,0546,N20,nominal,2.0NRT,294.08,7.64,D
-15.30055,126.59578,349.65,0.4,0.6,2025-03-18,0546,N20,nominal,2.0NRT,294.54,15.29,D
-15.29432,126.59827,345.64,0.4,0.6,2025-03-18,0546,N20,nominal,2.0NRT,293.67,7.64,D
-15.27324,126.67496,367,0.41,0.6,2025-03-18,0546,N20,high,2.0NRT,295.54,6.97,D
-15.29044,126.58902,367,0.4,0.6,2025-03-18,0546,N20,high,2.0NRT,293.4,13.38,D
-15.27401,126.67112,331.31,0.41,0.6,2025-03-18,0546,N20,nominal,2.0NRT,294.94,6.97,D
-15.29119,126.58526,338.46,0.4,0.6,2025-03-18,0546,N20,nominal,2.0NRT,290.97,9.57,D
-15.26847,126.67,331.58,0.41,0.6,2025-03-18,0546,N20,nominal,2.0NRT,295.49,6.97,D
-15.26294,126.66889,331.08,0.41,0.6,2025-03-18,0546,N20,nominal,2.0NRT,289.93,2.47,D
-15.25515,126.67892,346.73,0.41,0.6,2025-03-18,0546,N20,nominal,2.0NRT,293.55,6.15,D
-15.24963,126.67772,351.1,0.41,0.6,2025-03-18,0546,N20,nominal,2.0NRT,293.85,9.58,D
-15.21974,126.71127,336.73,0.41,0.61,2025-03-18,0546,N20,nominal,2.0NRT,292.49,4.33,D
-15.18297,126.72122,349.39,0.41,0.61,2025-03-18,0546,N20,nominal,2.0NRT,293.43,7.15,D
-15.18374,126.71748,345.61,0.41,0.61,2025-03-18,0546,N20,nominal,2.0NRT,293.3,7.15,D
-15.17004,126.69974,338.57,0.41,0.61,2025-03-18,0546,N20,nominal,2.0NRT,293.76,4.36,D
-15.17084,126.69588,347.67,0.41,0.61,2025-03-18,0546,N20,nominal,2.0NRT,293.87,5.16,D
-15.17165,126.69196,335.8,0.41,0.61,2025-03-18,0546,N20,nominal,2.0NRT,293.8,5.16,D
-15.18444,126.72143,346,0.41,0.61,2025-03-18,0546,N20,nominal,2.0NRT,292.65,4.34,D
-15.18518,126.71771,337.8,0.41,0.61,2025-03-18,0546,N20,nominal,2.0NRT,293.03,4.34,D
-15.17944,126.71748,331.1,0.41,0.61,2025-03-18,0546,N20,nominal,2.0NRT,293.75,5.35,D
-15.17213,126.69614,343.47,0.41,0.61,2025-03-18,0546,N20,nominal,2.0NRT,293.59,7.05,D
-15.1729,126.69226,337.25,0.41,0.61,2025-03-18,0546,N20,nominal,2.0NRT,293.53,7.05,D
-15.1658,126.69888,341.72,0.41,0.61,2025-03-18,0546,N20,nominal,2.0NRT,293.29,6.99,D
-15.04222,127.25312,338.56,0.45,0.63,2025-03-18,0546,N20,nominal,2.0NRT,295.07,7.53,D
-15.1428,126.75585,330.34,0.41,0.61,2025-03-18,0546,N20,nominal,2.0NRT,293.38,6.07,D
-15.03567,127.25581,340.83,0.45,0.63,2025-03-18,0546,N20,nominal,2.0NRT,294.8,5.76,D
-15.03649,127.25179,336.26,0.45,0.63,2025-03-18,0546,N20,nominal,2.0NRT,294.59,5.76,D
-15.13413,126.77007,330.25,0.41,0.61,2025-03-18,0546,N20,nominal,2.0NRT,293.08,5.38,D
-15.1214,126.77552,343.19,0.42,0.61,2025-03-18,0546,N20,nominal,2.0NRT,293.01,6.68,D
-15.01187,127.25475,332.23,0.45,0.63,2025-03-18,0546,N20,nominal,2.0NRT,293.55,6.43,D
-15.06709,126.81332,335.5,0.42,0.61,2025-03-18,0546,N20,nominal,2.0NRT,293.35,5.32,D
-15.06147,126.81229,338.58,0.42,0.61,2025-03-18,0546,N20,nominal,2.0NRT,294.32,5.32,D
-15.05344,126.82285,336.63,0.42,0.61,2025-03-18,0546,N20,nominal,2.0NRT,293.98,5.76,D
-15.04864,126.81782,334.55,0.42,0.61,2025-03-18,0546,N20,nominal,2.0NRT,292.63,5.76,D
-15.03895,126.83638,337.12,0.42,0.61,2025-03-18,0546,N20,nominal,2.0NRT,292.66,8.17,D
-15.03252,126.8392,352.7,0.42,0.61,2025-03-18,0546,N20,nominal,2.0NRT,293.95,9.45,D
-15.06418,126.81193,347.64,0.42,0.61,2025-03-18,0546,N20,nominal,2.0NRT,294.64,11.2,D
-15.05624,126.82254,331.14,0.42,0.61,2025-03-18,0546,N20,nominal,2.0NRT,293.5,6.8,D
-15.05065,126.8213,331.92,0.42,0.61,2025-03-18,0546,N20,nominal,2.0NRT,292.8,3.88,D
-15.05142,126.81742,340.34,0.42,0.61,2025-03-18,0546,N20,nominal,2.0NRT,293.88,3.88,D
-15.04265,126.83212,333.93,0.42,0.61,2025-03-18,0546,N20,nominal,2.0NRT,293.12,4.77,D
-15.03546,126.83884,346.02,0.42,0.61,2025-03-18,0546,N20,nominal,2.0NRT,293.35,7.22,D
-15.03626,126.83485,333.28,0.42,0.61,2025-03-18,0546,N20,nominal,2.0NRT,292.61,6.66,D
-15.02985,126.83771,344.91,0.42,0.61,2025-03-18,0546,N20,nominal,2.0NRT,292.47,7.22,D
-14.9658,126.89355,349.38,0.43,0.62,2025-03-18,0546,N20,nominal,2.0NRT,292.29,6.92,D
-14.96017,126.89236,340.18,0.43,0.62,2025-03-18,0546,N20,nominal,2.0NRT,289.7,6.92,D
-14.94371,126.94393,347.01,0.43,0.62,2025-03-18,0546,N20,nominal,2.0NRT,290.91,9.26,D
-14.90383,126.95522,330.73,0.43,0.62,2025-03-18,0546,N20,nominal,2.0NRT,289.21,4.63,D
-14.76591,127.07433,334.77,0.44,0.62,2025-03-18,0546,N20,nominal,2.0NRT,292.42,7.18,D
-14.75943,127.07693,335.44,0.44,0.62,2025-03-18,0546,N20,nominal,2.0NRT,292.72,5.86,D
-19.52835,169.44937,306.56,0.56,0.43,2025-03-18,1333,N20,nominal,2.0NRT,290.1,1.44,N
-37.21022,174.72476,305.78,0.52,0.41,2025-03-18,1338,N20,nominal,2.0NRT,285.82,2.01,N
-27.04484,152.98126,304.47,0.41,0.45,2025-03-18,1516,N20,nominal,2.0NRT,283.01,0.82,N
-30.82705,147.77629,305.59,0.4,0.37,2025-03-18,1518,N20,nominal,2.0NRT,283.77,0.73,N
-30.82769,147.77742,301.02,0.4,0.37,2025-03-18,1518,N20,nominal,2.0NRT,280.39,0.86,N
-31.17421,147.6376,308.13,0.4,0.37,2025-03-18,1518,N20,nominal,2.0NRT,291.15,1.32,N
-31.1776,147.63695,317.42,0.4,0.37,2025-03-18,1518,N20,nominal,2.0NRT,291.89,1.32,N
-31.18098,147.63629,328.28,0.4,0.37,2025-03-18,1518,N20,nominal,2.0NRT,293.15,2.22,N
-31.19657,146.91019,320.08,0.39,0.36,2025-03-18,1518,N20,nominal,2.0NRT,293.82,1.86,N
-31.20201,146.90067,303.7,0.39,0.36,2025-03-18,1518,N20,nominal,2.0NRT,292.72,0.72,N
-31.35177,147.68233,317.14,0.4,0.37,2025-03-18,1518,N20,nominal,2.0NRT,293.36,1.81,N
-31.39025,146.59621,304.8,0.39,0.36,2025-03-18,1518,N20,nominal,2.0NRT,293.26,0.44,N
-31.77624,147.69391,306.07,0.4,0.37,2025-03-18,1518,N20,nominal,2.0NRT,287.68,0.99,N
-32.10179,147.77354,304.58,0.41,0.37,2025-03-18,1518,N20,nominal,2.0NRT,290.06,0.8,N
-32.1024,147.77786,306.95,0.41,0.37,2025-03-18,1518,N20,nominal,2.0NRT,290.19,0.8,N
-32.10521,147.77289,306.74,0.41,0.37,2025-03-18,1518,N20,nominal,2.0NRT,290.23,0.8,N
-32.07858,145.56232,313.3,0.38,0.36,2025-03-18,1518,N20,nominal,2.0NRT,292.37,1.27,N
-30.44453,136.85925,317.29,0.6,0.53,2025-03-18,1518,N20,nominal,2.0NRT,289.09,2.71,N
-32.5245,146.26859,308.63,0.39,0.36,2025-03-18,1518,N20,nominal,2.0NRT,292.94,0.91,N
-33.76588,150.84781,303.93,0.56,0.43,2025-03-18,1518,N20,nominal,2.0NRT,288.57,1.31,N
-33.56931,147.06438,305.37,0.4,0.37,2025-03-18,1518,N20,nominal,2.0NRT,291.34,0.9,N
-33.56993,147.06871,314.7,0.4,0.37,2025-03-18,1518,N20,nominal,2.0NRT,291.47,0.9,N
-33.57054,147.07306,306.48,0.4,0.37,2025-03-18,1518,N20,nominal,2.0NRT,291.14,1.26,N
-33.57331,147.06801,301.59,0.4,0.37,2025-03-18,1518,N20,nominal,2.0NRT,290.86,0.9,N
-33.85298,147.49496,297.64,0.41,0.37,2025-03-18,1518,N20,nominal,2.0NRT,285.72,0.89,N
-33.85641,147.49429,307.42,0.41,0.37,2025-03-18,1518,N20,nominal,2.0NRT,286.86,0.89,N
-33.85703,147.49876,305.47,0.41,0.37,2025-03-18,1518,N20,nominal,2.0NRT,284.89,0.91,N
-33.85985,147.49361,306.44,0.41,0.37,2025-03-18,1518,N20,nominal,2.0NRT,286.83,1.59,N
-33.86452,147.50188,307.67,0.41,0.37,2025-03-18,1518,N20,nominal,2.0NRT,286.12,1.22,N
-33.74293,145.98256,302.14,0.39,0.36,2025-03-18,1518,N20,nominal,2.0NRT,291.3,0.69,N
-33.74958,145.98111,306.47,0.39,0.36,2025-03-18,1518,N20,nominal,2.0NRT,292.07,1.42,N
-34.45309,150.87967,312.71,0.57,0.43,2025-03-18,1520,N20,nominal,2.0NRT,290.02,1.79,N
-34.4578,150.88533,332.35,0.57,0.43,2025-03-18,1520,N20,nominal,2.0NRT,290.62,3.71,N
-34.4571,150.87904,316.88,0.57,0.43,2025-03-18,1520,N20,nominal,2.0NRT,289.98,3.33,N
-34.46112,150.8784,320.81,0.57,0.43,2025-03-18,1520,N20,nominal,2.0NRT,290.42,3.33,N
-34.46181,150.88466,313.56,0.57,0.43,2025-03-18,1520,N20,nominal,2.0NRT,290.68,3.71,N
-34.45407,150.87962,324.07,0.57,0.43,2025-03-18,1520,N20,nominal,2.0NRT,290.74,3.63,N
-34.45876,150.88525,337.07,0.57,0.43,2025-03-18,1520,N20,nominal,2.0NRT,291.42,3.43,N
-34.45809,150.87897,317.57,0.57,0.43,2025-03-18,1520,N20,nominal,2.0NRT,289.99,3.43,N
-34.46211,150.87833,303.8,0.57,0.43,2025-03-18,1520,N20,nominal,2.0NRT,289.79,3.43,N
-34.46412,150.89723,303.73,0.57,0.43,2025-03-18,1520,N20,nominal,2.0NRT,289.82,2.11,N
-34.46813,150.89658,326.28,0.57,0.43,2025-03-18,1520,N20,nominal,2.0NRT,290.51,2.07,N
-34.46746,150.89027,302.32,0.57,0.43,2025-03-18,1520,N20,nominal,2.0NRT,290.22,2.07,N
-33.9949,145.58694,298.75,0.39,0.36,2025-03-18,1520,N20,nominal,2.0NRT,283.64,0.65,N
-34.76548,150.03247,296.86,0.52,0.42,2025-03-18,1520,N20,nominal,2.0NRT,285.09,0.48,N
-32.99683,137.59059,300.28,0.49,0.48,2025-03-18,1520,N20,nominal,2.0NRT,289.15,0.97,N
-33.00007,137.58408,313.12,0.49,0.48,2025-03-18,1520,N20,nominal,2.0NRT,290.91,2.72,N
-33.0122,137.59663,319.12,0.48,0.48,2025-03-18,1520,N20,nominal,2.0NRT,290.34,3.3,N
-33.01427,137.59436,314.65,0.48,0.48,2025-03-18,1520,N20,nominal,2.0NRT,291.35,1.93,N
-33.01543,137.59946,302.44,0.48,0.48,2025-03-18,1520,N20,nominal,2.0NRT,291.1,2.07,N
-34.36456,140.5878,301.89,0.49,0.4,2025-03-18,1520,N20,nominal,2.0NRT,286.74,1.84,N
-35.89212,146.52165,297.44,0.4,0.37,2025-03-18,1520,N20,nominal,2.0NRT,285.26,0.49,N
-34.83037,138.50356,303.35,0.4,0.44,2025-03-18,1520,N20,nominal,2.0NRT,290.34,0.77,N
-37.07894,149.01978,304.6,0.5,0.41,2025-03-18,1520,N20,nominal,2.0NRT,281.99,1.38,N
-37.07961,149.02554,299.08,0.5,0.41,2025-03-18,1520,N20,nominal,2.0NRT,282.44,1.38,N
-37.0827,149.01901,308.67,0.5,0.41,2025-03-18,1520,N20,nominal,2.0NRT,281.66,1.38,N
-37.08337,149.02481,309.41,0.5,0.41,2025-03-18,1520,N20,nominal,2.0NRT,283.22,1.38,N
-37.08646,149.0183,304.28,0.5,0.41,2025-03-18,1520,N20,nominal,2.0NRT,282.11,1.04,N
-37.08714,149.02408,314.29,0.5,0.41,2025-03-18,1520,N20,nominal,2.0NRT,283.5,1.54,N
-37.09024,149.01758,296.96,0.5,0.41,2025-03-18,1520,N20,nominal,2.0NRT,281.16,1.04,N
-37.09091,149.02342,299.01,0.5,0.41,2025-03-18,1520,N20,nominal,2.0NRT,281.67,1.54,N
-38.16777,148.4209,309.86,0.48,0.4,2025-03-18,1520,N20,nominal,2.0NRT,290.01,1.02,N
-37.78601,144.72856,308.45,0.39,0.36,2025-03-18,1520,N20,nominal,2.0NRT,285.7,0.9,N
-37.83323,144.79027,329.12,0.39,0.36,2025-03-18,1520,N20,nominal,2.0NRT,289.95,5.02,N
-37.97909,144.63658,303.92,0.39,0.36,2025-03-18,1520,N20,nominal,2.0NRT,285.12,1.11,N
-14.66779,127.07378,299.88,0.42,0.38,2025-03-18,1654,N20,nominal,2.0NRT,273.81,0.44,N
-14.74273,126.84493,305.53,0.42,0.37,2025-03-18,1656,N20,nominal,2.0NRT,276.57,0.66,N
-14.74616,126.8444,302.37,0.42,0.37,2025-03-18,1656,N20,nominal,2.0NRT,276.37,0.46,N
-15.28314,130.33537,326.83,0.42,0.45,2025-03-18,1656,N20,nominal,2.0NRT,285.61,3.35,N
-15.2936,130.35001,308.3,0.42,0.45,2025-03-18,1656,N20,nominal,2.0NRT,284.98,1.29,N
-15.30667,130.3522,309.03,0.42,0.45,2025-03-18,1656,N20,nominal,2.0NRT,285.56,2.02,N
-15.31141,130.3558,314.36,0.42,0.45,2025-03-18,1656,N20,nominal,2.0NRT,284.98,1.51,N
-15.31509,130.35139,310.12,0.42,0.45,2025-03-18,1656,N20,nominal,2.0NRT,284.64,1.27,N
-15.32346,130.3503,342.3,0.42,0.45,2025-03-18,1656,N20,nominal,2.0NRT,285.47,3.38,N
-15.32764,130.3497,321.14,0.42,0.45,2025-03-18,1656,N20,nominal,2.0NRT,284.69,3.38,N
-15.32454,130.3513,345.68,0.42,0.46,2025-03-18,1656,N20,nominal,2.0NRT,285.8,7.3,N
-15.23276,127.25978,295.64,0.43,0.38,2025-03-18,1656,N20,nominal,2.0NRT,269.49,0.49,N
-15.27524,126.68631,297.16,0.42,0.37,2025-03-18,1656,N20,nominal,2.0NRT,273.52,0.63,N
-15.27581,126.69017,303.81,0.42,0.37,2025-03-18,1656,N20,nominal,2.0NRT,274.08,0.63,N
-15.34092,126.60905,296.47,0.41,0.37,2025-03-18,1656,N20,nominal,2.0NRT,270.46,0.57,N
-15.34085,126.60943,297.1,0.41,0.37,2025-03-18,1656,N20,nominal,2.0NRT,270.27,0.48,N
-16.35721,132.74106,295.69,0.63,0.54,2025-03-18,1656,N20,nominal,2.0NRT,273.77,0.42,N
-15.76978,127.68246,305.97,0.46,0.39,2025-03-18,1656,N20,nominal,2.0NRT,280.35,0.93,N
-15.69872,126.897,299.19,0.43,0.38,2025-03-18,1656,N20,nominal,2.0NRT,275.86,0.74,N
-15.69989,126.90488,303.9,0.43,0.38,2025-03-18,1656,N20,nominal,2.0NRT,278.12,0.65,N
-15.77771,126.98814,305.67,0.43,0.38,2025-03-18,1656,N20,nominal,2.0NRT,280.21,0.95,N
-15.77829,126.99216,303.14,0.43,0.38,2025-03-18,1656,N20,nominal,2.0NRT,279.35,0.74,N
-15.96303,127.41905,297.25,0.45,0.39,2025-03-18,1656,N20,nominal,2.0NRT,267.85,0.56,N
-15.96719,127.42263,297.86,0.45,0.39,2025-03-18,1656,N20,nominal,2.0NRT,268.71,0.99,N
-15.99967,127.37665,334.04,0.45,0.39,2025-03-18,1656,N20,nominal,2.0NRT,263.61,6.4,N
-17.52135,130.71019,314.17,0.48,0.48,2025-03-18,1656,N20,nominal,2.0NRT,293.9,3.4,N
-17.52099,130.71248,313.88,0.48,0.48,2025-03-18,1656,N20,nominal,2.0NRT,293.48,3.8,N
-17.54364,130.67723,326.42,0.48,0.48,2025-03-18,1656,N20,nominal,2.0NRT,295.92,2.69,N
-17.54417,130.68163,309.1,0.48,0.48,2025-03-18,1656,N20,nominal,2.0NRT,294.87,2.69,N
-17.54805,130.67665,324.7,0.48,0.48,2025-03-18,1656,N20,nominal,2.0NRT,295.21,2.69,N
-18.36797,132.73701,312.89,0.33,0.55,2025-03-18,1656,N20,nominal,2.0NRT,292.33,0.77,N
-18.38808,132.73135,314.81,0.33,0.55,2025-03-18,1656,N20,nominal,2.0NRT,292.48,1.06,N
-18.38843,132.73451,311.03,0.33,0.55,2025-03-18,1656,N20,nominal,2.0NRT,292.59,1.62,N
-18.39283,132.72757,313.06,0.33,0.55,2025-03-18,1656,N20,nominal,2.0NRT,292.67,1.06,N
-18.39319,132.73073,311.06,0.33,0.55,2025-03-18,1656,N20,nominal,2.0NRT,292.4,1.06,N
-18.39067,132.73071,320.55,0.33,0.55,2025-03-18,1656,N20,nominal,2.0NRT,292.97,1.4,N
-18.39033,132.72754,305.4,0.33,0.55,2025-03-18,1656,N20,nominal,2.0NRT,293.03,1.4,N
-18.39101,132.73389,317.98,0.33,0.56,2025-03-18,1656,N20,nominal,2.0NRT,292.45,1.83,N
-18.61478,131.71643,316.58,0.57,0.52,2025-03-18,1656,N20,nominal,2.0NRT,293.85,2.43,N
-18.61509,131.71989,316.26,0.57,0.52,2025-03-18,1656,N20,nominal,2.0NRT,293.7,2.87,N
-18.61989,131.71931,307.25,0.57,0.52,2025-03-18,1656,N20,nominal,2.0NRT,293.57,1.48,N
-19.50089,131.74261,309.26,0.59,0.53,2025-03-18,1656,N20,nominal,2.0NRT,294.23,1.96,N
-19.50701,131.75327,308.09,0.59,0.53,2025-03-18,1656,N20,nominal,2.0NRT,294.4,1.89,N
-19.51314,131.76396,314.86,0.59,0.53,2025-03-18,1656,N20,nominal,2.0NRT,293.84,2.97,N
-19.51377,131.76961,308.46,0.59,0.53,2025-03-18,1656,N20,nominal,2.0NRT,293.8,1.75,N
-19.51864,131.76901,307.44,0.59,0.53,2025-03-18,1656,N20,nominal,2.0NRT,294.26,1.95,N
-19.51928,131.77464,315.39,0.59,0.53,2025-03-18,1656,N20,nominal,2.0NRT,294.08,1.95,N
-19.52478,131.77971,325.67,0.59,0.53,2025-03-18,1656,N20,nominal,2.0NRT,294.65,5.63,N
-19.5303,131.78476,316.04,0.6,0.53,2025-03-18,1656,N20,nominal,2.0NRT,294.56,2.81,N
-19.53581,131.78981,304.73,0.6,0.53,2025-03-18,1656,N20,nominal,2.0NRT,294.22,1.85,N
-19.48828,130.24455,350.55,0.47,0.48,2025-03-18,1656,N20,nominal,2.0NRT,293.19,10.93,N
-19.49268,130.24396,354.26,0.47,0.48,2025-03-18,1656,N20,nominal,2.0NRT,293.4,8.02,N
-19.49206,130.20293,304.75,0.47,0.48,2025-03-18,1656,N20,nominal,2.0NRT,291.65,1.05,N
-19.49708,130.24338,304.44,0.47,0.48,2025-03-18,1656,N20,nominal,2.0NRT,291.22,8.02,N
-19.50148,130.2428,330.6,0.47,0.48,2025-03-18,1656,N20,nominal,2.0NRT,292.36,2.83,N
-19.49589,130.19785,305.19,0.47,0.48,2025-03-18,1656,N20,nominal,2.0NRT,291.78,0.96,N
-19.49645,130.20235,307.97,0.47,0.48,2025-03-18,1656,N20,nominal,2.0NRT,292,0.96,N
-19.50084,130.20178,306.09,0.47,0.48,2025-03-18,1656,N20,nominal,2.0NRT,291.68,0.96,N
-19.50588,130.24223,313.36,0.47,0.48,2025-03-18,1656,N20,nominal,2.0NRT,291.59,2.83,N
-19.49287,130.24564,337.82,0.47,0.48,2025-03-18,1656,N20,nominal,2.0NRT,293.74,13.36,N
-19.49234,130.2411,306.17,0.47,0.48,2025-03-18,1656,N20,nominal,2.0NRT,292.46,6.59,N
-19.50167,130.24446,337.05,0.47,0.48,2025-03-18,1656,N20,nominal,2.0NRT,292.25,2.48,N
-19.49641,130.1994,315.49,0.47,0.48,2025-03-18,1656,N20,nominal,2.0NRT,292.01,2.91,N
-19.50608,130.24387,310.09,0.47,0.48,2025-03-18,1656,N20,nominal,2.0NRT,291.39,2.48,N
-19.51048,130.24327,324.85,0.47,0.48,2025-03-18,1656,N20,nominal,2.0NRT,291.96,2.48,N
-19.50995,130.23875,309.82,0.47,0.48,2025-03-18,1656,N20,nominal,2.0NRT,292.06,3.5,N
-19.51382,130.2337,347.13,0.47,0.48,2025-03-18,1656,N20,nominal,2.0NRT,292.78,3.5,N
-19.51329,130.2292,314.36,0.47,0.48,2025-03-18,1656,N20,nominal,2.0NRT,291.28,2.21,N
-19.51435,130.2382,313,0.47,0.48,2025-03-18,1656,N20,nominal,2.0NRT,291.38,3.5,N
-19.51822,130.23312,339.25,0.47,0.48,2025-03-18,1656,N20,nominal,2.0NRT,292.01,6.01,N
-19.52369,130.24155,304.67,0.47,0.48,2025-03-18,1656,N20,nominal,2.0NRT,291.26,0.89,N
-21.30149,124.59177,304.51,0.4,0.37,2025-03-18,1656,N20,nominal,2.0NRT,286.24,1.23,N
-21.30937,124.59829,299.23,0.4,0.37,2025-03-18,1656,N20,nominal,2.0NRT,275.61,0.63,N
-21.34245,124.62521,308.71,0.4,0.37,2025-03-18,1656,N20,nominal,2.0NRT,287.93,0.56,N
-21.1305,115.95548,306.07,0.51,0.49,2025-03-18,1658,N20,nominal,2.0NRT,288.45,7.54,N
-21.13104,115.95258,308.19,0.51,0.49,2025-03-18,1658,N20,nominal,2.0NRT,289.37,8.99,N
-23.15132,124.32674,304.87,0.4,0.37,2025-03-18,1658,N20,nominal,2.0NRT,270.12,1,N
-26.47566,129.16277,303.99,0.49,0.49,2025-03-18,1658,N20,nominal,2.0NRT,290.14,1.34,N
-26.47964,129.15724,301.94,0.49,0.49,2025-03-18,1658,N20,nominal,2.0NRT,289.94,0.81,N
-26.48864,129.15608,309.56,0.49,0.49,2025-03-18,1658,N20,nominal,2.0NRT,290.16,1.18,N
-26.49764,129.15491,303.74,0.49,0.49,2025-03-18,1658,N20,nominal,2.0NRT,289.75,1.87,N
-30.44436,136.85481,295.82,0.8,0.78,2025-03-18,1658,N20,nominal,2.0NRT,284.6,1.56,N
-31.09239,118.96304,296.82,0.4,0.37,2025-03-18,1700,N20,nominal,2.0NRT,284.71,0.26,N
-31.09575,118.9623,295.04,0.4,0.37,2025-03-18,1700,N20,nominal,2.0NRT,281.95,0.26,N
-31.13969,118.97386,295.66,0.4,0.37,2025-03-18,1700,N20,nominal,2.0NRT,282.99,0.2,N
-31.14306,118.97308,296.71,0.4,0.37,2025-03-18,1700,N20,nominal,2.0NRT,284.96,0.34,N
-31.14642,118.97232,298.24,0.4,0.37,2025-03-18,1700,N20,nominal,2.0NRT,286.7,0.34,N
-31.14978,118.97154,298.75,0.4,0.37,2025-03-18,1700,N20,nominal,2.0NRT,287.27,0.44,N
-31.01366,117.0616,299.72,0.46,0.39,2025-03-18,1700,N20,nominal,2.0NRT,285.81,0.73,N
-31.34562,117.77835,296.11,0.43,0.38,2025-03-18,1700,N20,nominal,2.0NRT,283.1,0.48,N
-31.34989,117.78197,300.84,0.43,0.38,2025-03-18,1700,N20,nominal,2.0NRT,285.17,0.57,N
-31.35013,117.76324,301.17,0.43,0.38,2025-03-18,1700,N20,nominal,2.0NRT,285.62,0.83,N
-31.35335,117.78112,298.86,0.43,0.38,2025-03-18,1700,N20,nominal,2.0NRT,287.03,0.57,N
-31.35415,117.78556,301.9,0.43,0.38,2025-03-18,1700,N20,nominal,2.0NRT,287.13,0.57,N
-31.37453,117.53537,302.24,0.43,0.38,2025-03-18,1700,N20,nominal,2.0NRT,287.23,1.05,N
-31.38071,117.5291,298.19,0.44,0.38,2025-03-18,1700,N20,nominal,2.0NRT,284.21,0.56,N
-31.38338,117.52367,298.41,0.44,0.38,2025-03-18,1700,N20,nominal,2.0NRT,285.89,0.47,N
-31.38421,117.52825,300.01,0.44,0.38,2025-03-18,1700,N20,nominal,2.0NRT,285.82,0.96,N
-31.38688,117.52282,298.05,0.44,0.38,2025-03-18,1700,N20,nominal,2.0NRT,285.32,0.47,N
-31.38933,117.53653,297.24,0.43,0.38,2025-03-18,1700,N20,nominal,2.0NRT,284.9,0.71,N
-31.38288,117.52227,298.97,0.44,0.38,2025-03-18,1700,N20,nominal,2.0NRT,286.01,0.58,N
-31.38455,117.53138,299.58,0.43,0.38,2025-03-18,1700,N20,nominal,2.0NRT,285.86,1.3,N
-31.38637,117.52139,297.23,0.44,0.38,2025-03-18,1700,N20,nominal,2.0NRT,284.63,0.58,N
-31.54322,117.46042,303.51,0.44,0.38,2025-03-18,1700,N20,nominal,2.0NRT,279.29,0.73,N
-19.53018,169.44772,330.33,0.48,0.4,2025-03-19,0204,N20,nominal,2.0NRT,285.68,3.97,D
-43.53141,146.59785,329.62,0.44,0.46,2025-03-19,0338,N20,nominal,2.0NRT,292.04,3.39,D
-43.52619,146.60847,339.48,0.44,0.46,2025-03-19,0338,N20,nominal,2.0NRT,290.84,7.99,D
-43.52368,146.58539,332.19,0.44,0.46,2025-03-19,0338,N20,nominal,2.0NRT,289.81,4.76,D
-43.52158,146.55698,344.65,0.44,0.46,2025-03-19,0338,N20,nominal,2.0NRT,299.6,54.48,D
-43.52872,146.61261,336.5,0.44,0.46,2025-03-19,0338,N20,nominal,2.0NRT,291.2,4.4,D
-43.52921,146.60695,337.15,0.44,0.46,2025-03-19,0338,N20,nominal,2.0NRT,291.44,4.4,D
-43.52969,146.60143,325.81,0.44,0.46,2025-03-19,0338,N20,nominal,2.0NRT,291.15,5.41,D
-43.52682,146.58401,325.77,0.44,0.46,2025-03-19,0338,N20,nominal,2.0NRT,291.65,4.41,D
-43.5225,146.58339,327.92,0.44,0.46,2025-03-19,0338,N20,nominal,2.0NRT,289.73,2.19,D
-43.52487,146.55565,341.06,0.44,0.46,2025-03-19,0338,N20,nominal,2.0NRT,290.28,40.05,D
-43.52055,146.55508,349.25,0.44,0.46,2025-03-19,0338,N20,nominal,2.0NRT,302.01,40.05,D
-43.49567,146.59094,343.68,0.44,0.46,2025-03-19,0338,N20,nominal,2.0NRT,291.16,15.72,D
-43.49665,146.57936,326.66,0.44,0.46,2025-03-19,0338,N20,nominal,2.0NRT,290.71,10.03,D
-43.49137,146.59015,346.9,0.44,0.46,2025-03-19,0338,N20,nominal,2.0NRT,294.49,15.72,D
-43.49186,146.58444,344.21,0.44,0.46,2025-03-19,0338,N20,nominal,2.0NRT,293.39,10.03,D
-43.49234,146.57864,334.43,0.44,0.46,2025-03-19,0338,N20,nominal,2.0NRT,289.96,10.03,D
-43.48756,146.58357,341.21,0.44,0.46,2025-03-19,0338,N20,nominal,2.0NRT,290.66,4.85,D
-40.93752,147.84845,331.51,0.54,0.42,2025-03-19,0340,N20,nominal,2.0NRT,303.08,2.34,D
-38.02695,143.6167,352.76,0.54,0.51,2025-03-19,0340,N20,nominal,2.0NRT,319.46,47.68,D
-38.02657,143.61565,348.79,0.54,0.51,2025-03-19,0340,N20,nominal,2.0NRT,316.31,29.33,D
-38.03819,143.33911,367,0.56,0.52,2025-03-19,0340,N20,low,2.0NRT,327.59,191.2,D
-38.03386,143.33211,347.34,0.56,0.52,2025-03-19,0340,N20,nominal,2.0NRT,311.68,92.11,D
-38.01314,143.34943,334.37,0.56,0.52,2025-03-19,0340,N20,low,2.0NRT,308.85,3.08,D
-38.01362,143.34294,339.01,0.56,0.52,2025-03-19,0340,N20,low,2.0NRT,312.35,4.96,D
-38.00833,143.34889,344.02,0.56,0.52,2025-03-19,0340,N20,nominal,2.0NRT,310.58,6.44,D
-37.91201,143.60213,341.68,0.54,0.51,2025-03-19,0340,N20,nominal,2.0NRT,309.39,5,D
-37.91251,143.59584,342.83,0.54,0.51,2025-03-19,0340,N20,nominal,2.0NRT,309.98,8.01,D
-37.90728,143.60159,342.05,0.54,0.51,2025-03-19,0340,N20,nominal,2.0NRT,310.17,5,D
-37.92191,143.41127,355.75,0.56,0.51,2025-03-19,0340,N20,nominal,2.0NRT,312.38,12.62,D
-37.91712,143.41075,350.26,0.56,0.51,2025-03-19,0340,N20,nominal,2.0NRT,311,10.32,D
-37.91761,143.40428,352.77,0.56,0.51,2025-03-19,0340,N20,nominal,2.0NRT,314.27,16.25,D
-37.89645,143.23131,354.98,0.57,0.52,2025-03-19,0340,N20,nominal,2.0NRT,315.31,21.55,D
-37.89959,143.05009,351.62,0.58,0.52,2025-03-19,0340,N20,nominal,2.0NRT,319.11,57.11,D
-37.90006,143.04333,341.51,0.58,0.52,2025-03-19,0340,N20,nominal,2.0NRT,311.96,19.31,D
-37.91028,142.82411,367,0.6,0.53,2025-03-19,0340,N20,high,2.0NRT,334.22,161.35,D
-37.89423,143.0563,340.16,0.58,0.52,2025-03-19,0340,N20,low,2.0NRT,310.41,8.34,D
-37.90934,142.83798,350.38,0.6,0.53,2025-03-19,0340,N20,nominal,2.0NRT,310.77,249.64,D
-37.90981,142.83104,347.86,0.6,0.53,2025-03-19,0340,N20,nominal,2.0NRT,304.25,249.64,D
-37.91076,142.81711,339.28,0.6,0.53,2025-03-19,0340,N20,nominal,2.0NRT,306.82,161.35,D
-37.90486,142.83055,367,0.6,0.53,2025-03-19,0340,N20,high,2.0NRT,342.93,249.64,D
-37.90533,142.82361,367,0.6,0.53,2025-03-19,0340,N20,high,2.0NRT,349.72,161.35,D
-37.90439,142.83748,351.73,0.6,0.53,2025-03-19,0340,N20,nominal,2.0NRT,308.76,249.64,D
-37.9058,142.81665,340.35,0.6,0.53,2025-03-19,0340,N20,nominal,2.0NRT,314.34,161.35,D
-37.89991,142.83008,367,0.6,0.53,2025-03-19,0340,N20,high,2.0NRT,346.46,205.53,D
-37.89944,142.83698,332.68,0.6,0.53,2025-03-19,0340,N20,nominal,2.0NRT,306.49,205.53,D
-37.90038,142.82315,367,0.6,0.53,2025-03-19,0340,N20,low,2.0NRT,329.96,137.55,D
-37.88241,142.79341,348.73,0.6,0.53,2025-03-19,0340,N20,nominal,2.0NRT,313.18,18.69,D
-37.88186,142.79297,347.69,0.6,0.53,2025-03-19,0340,N20,nominal,2.0NRT,312.5,14.42,D
-37.71419,143.35956,367,0.56,0.51,2025-03-19,0340,N20,high,2.0NRT,345.88,111.57,D
-37.71369,143.36607,350.23,0.56,0.51,2025-03-19,0340,N20,nominal,2.0NRT,316.86,111.57,D
-37.71469,143.35306,336.65,0.56,0.51,2025-03-19,0340,N20,nominal,2.0NRT,311.32,28.1,D
-37.72109,143.26881,344.3,0.56,0.52,2025-03-19,0340,N20,nominal,2.0NRT,309.18,5.78,D
-37.72158,143.26228,341.85,0.57,0.52,2025-03-19,0340,N20,nominal,2.0NRT,309.65,6.33,D
-37.7089,143.36551,352.99,0.56,0.51,2025-03-19,0340,N20,nominal,2.0NRT,313.43,23.03,D
-37.10258,149.01994,347.93,0.44,0.39,2025-03-19,0340,N20,nominal,2.0NRT,302.22,5.59,D
-37.09127,149.02292,342.88,0.44,0.39,2025-03-19,0340,N20,nominal,2.0NRT,305.32,6.12,D
-37.09187,149.01801,338.58,0.44,0.39,2025-03-19,0340,N20,nominal,2.0NRT,305.6,6.12,D
-37.09248,149.01308,348.2,0.44,0.39,2025-03-19,0340,N20,nominal,2.0NRT,309.67,13.11,D
-37.0877,149.02228,346.03,0.44,0.39,2025-03-19,0340,N20,nominal,2.0NRT,307.98,6.12,D
-37.08354,149.0265,346.23,0.44,0.39,2025-03-19,0340,N20,nominal,2.0NRT,300.18,9.74,D
-37.08414,149.02159,333.92,0.44,0.39,2025-03-19,0340,N20,low,2.0NRT,307.78,4.84,D
-37.08058,149.02089,339.75,0.44,0.39,2025-03-19,0340,N20,nominal,2.0NRT,304.77,4.84,D
-37.62836,143.34351,352.23,0.56,0.51,2025-03-19,0340,N20,nominal,2.0NRT,320.62,45.19,D
-37.62357,143.34293,355.51,0.56,0.51,2025-03-19,0340,N20,nominal,2.0NRT,314.46,13.41,D
-37.62383,143.34859,335.98,0.56,0.51,2025-03-19,0340,N20,low,2.0NRT,310.13,8.76,D
-37.62432,143.34216,354.82,0.56,0.51,2025-03-19,0340,N20,nominal,2.0NRT,314.13,8.76,D
-37.36344,143.7802,343.92,0.53,0.5,2025-03-19,0340,N20,nominal,2.0NRT,305.88,6.5,D
-37.36392,143.77425,333.25,0.53,0.5,2025-03-19,0340,N20,nominal,2.0NRT,308.19,6.5,D
-37.26041,143.85678,341.84,0.52,0.5,2025-03-19,0340,N20,nominal,2.0NRT,304.76,5.34,D
-36.90332,145.00497,344.19,0.45,0.47,2025-03-19,0340,N20,nominal,2.0NRT,309.89,3.5,D
-37.0017,141.89589,367,0.33,0.55,2025-03-19,0340,N20,high,2.0NRT,315.65,11.35,D
-37.00008,141.8968,349.17,0.33,0.55,2025-03-19,0340,N20,nominal,2.0NRT,312.61,6.95,D
-37.00034,141.89304,355.29,0.33,0.55,2025-03-19,0340,N20,nominal,2.0NRT,318.08,8.51,D
-36.96684,141.92761,367,0.33,0.55,2025-03-19,0340,N20,high,2.0NRT,314.62,7.58,D
-36.96634,141.93513,336.87,0.33,0.55,2025-03-19,0340,N20,nominal,2.0NRT,309.85,7.84,D
-36.96659,141.93137,355.35,0.33,0.55,2025-03-19,0340,N20,nominal,2.0NRT,316.06,7.84,D
-36.96709,141.92384,348.46,0.33,0.55,2025-03-19,0340,N20,nominal,2.0NRT,314.62,7.58,D
-36.96144,141.93085,367,0.33,0.55,2025-03-19,0340,N20,high,2.0NRT,316.31,7.84,D
-36.96169,141.92709,367,0.33,0.55,2025-03-19,0340,N20,high,2.0NRT,316.82,7.58,D
-36.96119,141.9346,347.76,0.33,0.55,2025-03-19,0340,N20,nominal,2.0NRT,309.28,7.84,D
-36.96194,141.92331,352.85,0.33,0.55,2025-03-19,0340,N20,nominal,2.0NRT,315.19,7.58,D
-36.95654,141.92657,367,0.33,0.55,2025-03-19,0340,N20,high,2.0NRT,313.91,6.31,D
-36.95604,141.9341,341.05,0.33,0.55,2025-03-19,0340,N20,nominal,2.0NRT,310.07,4.53,D
-36.95629,141.93034,355.82,0.33,0.55,2025-03-19,0340,N20,nominal,2.0NRT,312.18,4.53,D
-36.95679,141.92279,339.06,0.33,0.55,2025-03-19,0340,N20,nominal,2.0NRT,313.64,6.31,D
-36.3082,148.04208,329.55,0.47,0.4,2025-03-19,0340,N20,low,2.0NRT,300.57,4.6,D
-36.80925,142.60225,337.75,0.6,0.53,2025-03-19,0340,N20,low,2.0NRT,311,5.2,D
-36.79178,141.2077,345.73,0.36,0.57,2025-03-19,0340,N20,nominal,2.0NRT,309.08,19.06,D
-36.79204,141.20358,354.34,0.36,0.57,2025-03-19,0340,N20,nominal,2.0NRT,319.14,19.06,D
-36.79229,141.19946,353.51,0.36,0.57,2025-03-19,0340,N20,nominal,2.0NRT,311.64,11.22,D
-36.78643,141.20721,367,0.36,0.57,2025-03-19,0340,N20,high,2.0NRT,311.92,19.06,D
-36.78668,141.20311,351.96,0.36,0.57,2025-03-19,0340,N20,nominal,2.0NRT,319.17,19.06,D
-36.78693,141.19901,334.36,0.36,0.57,2025-03-19,0340,N20,low,2.0NRT,307.69,11.22,D
-36.6846,142.65575,339.39,0.6,0.53,2025-03-19,0340,N20,nominal,2.0NRT,314.15,8.44,D
-36.67967,142.65518,367,0.6,0.53,2025-03-19,0340,N20,high,2.0NRT,315.65,8.44,D
-36.67918,142.66196,343.84,0.6,0.53,2025-03-19,0340,N20,nominal,2.0NRT,312.78,9.43,D
-36.68016,142.64841,337.1,0.6,0.53,2025-03-19,0340,N20,nominal,2.0NRT,311.89,8.44,D
-36.74026,141.35027,367,0.35,0.57,2025-03-19,0340,N20,high,2.0NRT,311.29,42.32,D
-36.7405,141.34624,367,0.35,0.57,2025-03-19,0340,N20,low,2.0NRT,326.29,42.32,D
-36.74075,141.34218,367,0.35,0.57,2025-03-19,0340,N20,low,2.0NRT,327.52,50.56,D
-36.73544,141.34167,367,0.35,0.57,2025-03-19,0340,N20,high,2.0NRT,313.07,50.56,D
-36.72315,141.36874,367,0.35,0.57,2025-03-19,0340,N20,high,2.0NRT,317.29,24,D
-36.7122,141.5513,347.28,0.34,0.56,2025-03-19,0340,N20,nominal,2.0NRT,314.83,4.33,D
-36.72339,141.36472,351.69,0.35,0.57,2025-03-19,0340,N20,nominal,2.0NRT,316.12,16.81,D
-36.70695,141.5508,367,0.34,0.56,2025-03-19,0340,N20,high,2.0NRT,317.11,10.82,D
-36.64428,142.52051,344.26,0.61,0.53,2025-03-19,0340,N20,nominal,2.0NRT,313.87,5.49,D
-36.70718,141.54691,341.94,0.34,0.56,2025-03-19,0340,N20,nominal,2.0NRT,315.37,5.48,D
-36.71808,141.36421,342.31,0.35,0.57,2025-03-19,0340,N20,nominal,2.0NRT,313.11,3.6,D
-36.63931,142.51996,344.96,0.61,0.53,2025-03-19,0340,N20,nominal,2.0NRT,314.31,5.49,D
-36.58187,143.25479,341.47,0.55,0.51,2025-03-19,0340,N20,nominal,2.0NRT,306.59,9.45,D
-36.68863,141.5923,367,0.34,0.56,2025-03-19,0340,N20,high,2.0NRT,318.47,20.56,D
-36.64394,142.5201,343.76,0.61,0.53,2025-03-19,0340,N20,nominal,2.0NRT,313.53,7.5,D
-36.7074,141.55145,367,0.34,0.56,2025-03-19,0340,N20,high,2.0NRT,316.77,10.07,D
-36.70766,141.54758,367,0.34,0.56,2025-03-19,0340,N20,high,2.0NRT,318.68,7.26,D
-36.71967,141.36517,367,0.35,0.57,2025-03-19,0340,N20,high,2.0NRT,316.89,11.44,D
-36.58191,143.25377,339.25,0.55,0.51,2025-03-19,0340,N20,nominal,2.0NRT,306.86,4.69,D
-36.63898,142.51956,343.57,0.61,0.53,2025-03-19,0340,N20,nominal,2.0NRT,314.43,7.8,D
-36.70688,141.55923,343.99,0.34,0.56,2025-03-19,0340,N20,nominal,2.0NRT,315.34,3.89,D
-36.68882,141.59296,367,0.34,0.56,2025-03-19,0340,N20,high,2.0NRT,314.31,11.31,D
-36.68908,141.58902,347.89,0.34,0.56,2025-03-19,0340,N20,nominal,2.0NRT,313.72,11.31,D
-36.70918,141.01753,337.22,0.37,0.58,2025-03-19,0340,N20,low,2.0NRT,310.81,9.78,D
-36.70944,141.01332,354.42,0.37,0.58,2025-03-19,0340,N20,nominal,2.0NRT,314.48,9.78,D
-36.70353,141.02126,346.36,0.37,0.58,2025-03-19,0340,N20,nominal,2.0NRT,312.51,5,D
-36.67926,141.32909,354.63,0.35,0.57,2025-03-19,0340,N20,nominal,2.0NRT,313.23,12.83,D
-36.69812,141.02081,339.97,0.37,0.58,2025-03-19,0340,N20,low,2.0NRT,311.03,3.34,D
-36.67419,141.32458,367,0.35,0.57,2025-03-19,0340,N20,high,2.0NRT,316.23,12.83,D
-36.67344,141.33662,355.67,0.35,0.57,2025-03-19,0340,N20,nominal,2.0NRT,309.97,15.94,D
-36.67369,141.33261,355.29,0.35,0.57,2025-03-19,0340,N20,nominal,2.0NRT,318.38,15.94,D
-36.67394,141.3286,354.93,0.35,0.57,2025-03-19,0340,N20,nominal,2.0NRT,318.09,12.83,D
-36.66863,141.32811,367,0.35,0.57,2025-03-19,0340,N20,high,2.0NRT,315.39,11.8,D
-36.66888,141.32407,367,0.35,0.57,2025-03-19,0340,N20,high,2.0NRT,317.14,11.8,D
-36.66937,141.31602,367,0.35,0.57,2025-03-19,0340,N20,high,2.0NRT,312.67,10.28,D
-36.66962,141.312,367,0.35,0.57,2025-03-19,0340,N20,high,2.0NRT,311.05,6.32,D
-36.66813,141.33609,344.98,0.35,0.57,2025-03-19,0340,N20,nominal,2.0NRT,313.33,5.44,D
-36.66838,141.33209,355.64,0.35,0.57,2025-03-19,0340,N20,nominal,2.0NRT,316.83,5.44,D
-36.66912,141.32005,349.94,0.35,0.57,2025-03-19,0340,N20,nominal,2.0NRT,311.57,10.28,D
-36.66988,141.30797,336.85,0.35,0.57,2025-03-19,0340,N20,nominal,2.0NRT,310.66,6.32,D
-36.66431,141.31149,367,0.35,0.57,2025-03-19,0340,N20,high,2.0NRT,313.33,6.32,D
-36.65752,141.33502,339.2,0.35,0.57,2025-03-19,0340,N20,nominal,2.0NRT,313.6,3.09,D
-36.65899,141.311,351.19,0.35,0.57,2025-03-19,0340,N20,nominal,2.0NRT,311.36,3.3,D
-36.65221,141.33455,339.38,0.35,0.57,2025-03-19,0340,N20,nominal,2.0NRT,310.68,3.09,D
-36.65245,141.33058,348.51,0.35,0.57,2025-03-19,0340,N20,nominal,2.0NRT,313.04,3.09,D
-36.65269,141.3266,348.76,0.35,0.57,2025-03-19,0340,N20,nominal,2.0NRT,312.62,3.61,D
-36.65294,141.3226,337.01,0.35,0.57,2025-03-19,0340,N20,low,2.0NRT,311.88,3.61,D
-36.65367,141.31052,339.35,0.35,0.57,2025-03-19,0340,N20,low,2.0NRT,309.72,3.3,D
-35.85894,149.1436,338.26,0.43,0.38,2025-03-19,0340,N20,low,2.0NRT,309.56,47.3,D
-35.85956,149.13878,310.85,0.43,0.38,2025-03-19,0340,N20,low,2.0NRT,313.73,47.3,D
-35.85543,149.14288,339.04,0.43,0.38,2025-03-19,0340,N20,nominal,2.0NRT,308.57,32.63,D
-35.72086,150.04837,333.41,0.4,0.37,2025-03-19,0340,N20,nominal,2.0NRT,290.57,4.04,D
-36.21749,143.04939,337.19,0.56,0.52,2025-03-19,0340,N20,low,2.0NRT,311.26,2.37,D
-36.21269,143.04881,350.93,0.56,0.52,2025-03-19,0340,N20,nominal,2.0NRT,312.86,7.74,D
-36.21317,143.04254,348.54,0.56,0.52,2025-03-19,0340,N20,nominal,2.0NRT,313.83,7.74,D
-36.21366,143.03627,354.11,0.56,0.52,2025-03-19,0340,N20,nominal,2.0NRT,312.34,8.29,D
-36.2079,143.04828,345.63,0.56,0.52,2025-03-19,0340,N20,nominal,2.0NRT,310.9,7.74,D
-36.20838,143.04196,338.1,0.56,0.52,2025-03-19,0340,N20,low,2.0NRT,311.53,7.74,D
-36.20885,143.03568,346.73,0.56,0.52,2025-03-19,0340,N20,nominal,2.0NRT,311.78,8.29,D
-36.2031,143.0477,340.26,0.56,0.52,2025-03-19,0340,N20,nominal,2.0NRT,311.6,7.04,D
-36.20358,143.04138,344.66,0.56,0.52,2025-03-19,0340,N20,nominal,2.0NRT,313.58,7.04,D
-36.20453,143.02882,339.44,0.56,0.52,2025-03-19,0340,N20,nominal,2.0NRT,311.87,9.98,D
-36.19973,143.02823,367,0.56,0.52,2025-03-19,0340,N20,high,2.0NRT,315.31,9.98,D
-36.19878,143.04085,355.76,0.56,0.52,2025-03-19,0340,N20,nominal,2.0NRT,314.77,7.04,D
-36.19925,143.03455,349.05,0.56,0.52,2025-03-19,0340,N20,nominal,2.0NRT,312.01,9.98,D
-36.19398,143.04027,367,0.56,0.52,2025-03-19,0340,N20,high,2.0NRT,316.29,22.3,D
-36.19445,143.03395,355.36,0.56,0.52,2025-03-19,0340,N20,nominal,2.0NRT,314.58,13.23,D
-36.19492,143.02765,346.45,0.56,0.52,2025-03-19,0340,N20,nominal,2.0NRT,314.81,13.23,D
-35.51215,146.66811,351.48,0.53,0.42,2025-03-19,0340,N20,nominal,2.0NRT,300.79,144.13,D
-35.50888,146.66156,347.53,0.53,0.42,2025-03-19,0340,N20,nominal,2.0NRT,295.69,39.16,D
-35.512,146.6671,353.36,0.53,0.42,2025-03-19,0340,N20,nominal,2.0NRT,296.93,17.84,D
-35.50746,146.67236,338.36,0.53,0.42,2025-03-19,0340,N20,nominal,2.0NRT,293.81,10.41,D
-35.50877,146.66058,338.3,0.53,0.42,2025-03-19,0340,N20,nominal,2.0NRT,297.33,142.48,D
-35.50422,146.66583,348.98,0.53,0.42,2025-03-19,0340,N20,nominal,2.0NRT,303.22,142.48,D
-35.50033,146.66519,334.66,0.53,0.42,2025-03-19,0340,N20,nominal,2.0NRT,286.62,3.23,D
-35.55769,143.69156,349.28,0.51,0.49,2025-03-19,0340,N20,nominal,2.0NRT,314.36,16.11,D
-35.5531,143.69098,350.71,0.51,0.49,2025-03-19,0340,N20,nominal,2.0NRT,314.6,20.14,D
-35.12439,147.04373,336.79,0.51,0.41,2025-03-19,0340,N20,nominal,2.0NRT,305.49,4.86,D
-34.98616,147.54935,347.43,0.48,0.4,2025-03-19,0340,N20,nominal,2.0NRT,304.04,11.37,D
-34.98846,147.54802,347.41,0.48,0.4,2025-03-19,0340,N20,nominal,2.0NRT,304.27,10.33,D
-34.95102,147.28362,348.77,0.49,0.4,2025-03-19,0340,N20,nominal,2.0NRT,309.88,13.63,D
-34.46086,150.88855,327.84,0.39,0.36,2025-03-19,0340,N20,low,2.0NRT,300.72,2.19,D
-34.46148,150.88432,340.69,0.39,0.36,2025-03-19,0340,N20,nominal,2.0NRT,302.73,6.91,D
-34.45542,150.87868,331.78,0.39,0.36,2025-03-19,0340,N20,low,2.0NRT,302.27,3.5,D
-34.47306,150.21577,330.36,0.4,0.37,2025-03-19,0340,N20,nominal,2.0NRT,294.09,8.87,D
-34.46908,150.21948,350.24,0.4,0.37,2025-03-19,0340,N20,nominal,2.0NRT,299.04,8.87,D
-34.50955,149.92851,333.31,0.4,0.37,2025-03-19,0340,N20,nominal,2.0NRT,295.33,2.98,D
-34.51016,149.92406,336.11,0.4,0.37,2025-03-19,0340,N20,nominal,2.0NRT,296.03,3.55,D
-34.46571,150.21884,337.46,0.4,0.37,2025-03-19,0340,N20,nominal,2.0NRT,296.28,6.04,D
-34.50677,149.92336,330.84,0.4,0.37,2025-03-19,0340,N20,nominal,2.0NRT,295.92,5.28,D
-34.68917,148.53777,341.88,0.44,0.38,2025-03-19,0340,N20,nominal,2.0NRT,304.42,7.96,D
-34.68979,148.5329,334.39,0.44,0.38,2025-03-19,0340,N20,nominal,2.0NRT,303.08,4.88,D
-34.46233,150.21819,345.7,0.4,0.37,2025-03-19,0340,N20,nominal,2.0NRT,297.99,6.04,D
-34.45896,150.21754,345.41,0.4,0.37,2025-03-19,0340,N20,nominal,2.0NRT,296.38,13.07,D
-34.49939,149.92633,334.56,0.4,0.37,2025-03-19,0340,N20,nominal,2.0NRT,299.02,4.12,D
-34.45558,150.21689,354.63,0.4,0.37,2025-03-19,0340,N20,nominal,2.0NRT,300.8,13.07,D
-34.49601,149.92561,338.53,0.4,0.37,2025-03-19,0340,N20,nominal,2.0NRT,298.32,4.12,D
-34.45101,150.22484,346.68,0.39,0.37,2025-03-19,0340,N20,nominal,2.0NRT,299.1,11.17,D
-34.45161,150.22052,347.17,0.39,0.37,2025-03-19,0340,N20,nominal,2.0NRT,303.15,11.17,D
-34.45222,150.2162,340.45,0.4,0.37,2025-03-19,0340,N20,nominal,2.0NRT,302.53,22.39,D
-34.44824,150.21979,340.51,0.39,0.37,2025-03-19,0340,N20,nominal,2.0NRT,296.75,11.17,D
-34.4308,150.22069,334.81,0.39,0.37,2025-03-19,0340,N20,nominal,2.0NRT,295.37,11.84,D
-34.43141,150.21631,343.17,0.39,0.37,2025-03-19,0340,N20,nominal,2.0NRT,298,11.84,D
-34.42804,150.21558,353.74,0.39,0.37,2025-03-19,0340,N20,nominal,2.0NRT,303.98,11.84,D
-34.42696,150.21684,338.19,0.39,0.37,2025-03-19,0340,N20,nominal,2.0NRT,295.26,3.12,D
-35.28899,141.00172,367,0.36,0.57,2025-03-19,0340,N20,high,2.0NRT,315.44,9.76,D
-35.17553,142.64389,337.65,0.58,0.52,2025-03-19,0340,N20,low,2.0NRT,310.94,6.44,D
-35.28873,141.00574,343.49,0.36,0.57,2025-03-19,0340,N20,nominal,2.0NRT,311.54,5.48,D
-35.00421,142.37288,338.28,0.59,0.53,2025-03-19,0340,N20,low,2.0NRT,309.71,5.03,D
-34.99929,142.37231,337.54,0.59,0.53,2025-03-19,0340,N20,low,2.0NRT,308.9,5.03,D
-34.99979,142.36568,338.97,0.59,0.53,2025-03-19,0340,N20,nominal,2.0NRT,308.45,8.34,D
-34.40286,148.00198,346.05,0.46,0.39,2025-03-19,0340,N20,nominal,2.0NRT,308.34,5.39,D
-34.39925,148.00134,337.76,0.46,0.39,2025-03-19,0340,N20,nominal,2.0NRT,307.33,5.39,D
-34.05844,149.73328,367,0.4,0.37,2025-03-19,0340,N20,high,2.0NRT,292.13,13.75,D
-34.05783,149.73767,341.7,0.4,0.37,2025-03-19,0340,N20,nominal,2.0NRT,291.15,7.68,D
-34.05906,149.72888,352.71,0.4,0.37,2025-03-19,0340,N20,nominal,2.0NRT,287.87,13.75,D
-34.05967,149.72449,346.49,0.4,0.37,2025-03-19,0340,N20,nominal,2.0NRT,285.45,19.11,D
-34.06028,149.72011,354.21,0.4,0.37,2025-03-19,0340,N20,nominal,2.0NRT,297.26,19.11,D
-34.06089,149.71573,348.17,0.4,0.37,2025-03-19,0340,N20,nominal,2.0NRT,291.5,12.94,D
-34.05444,149.73701,341.39,0.4,0.37,2025-03-19,0340,N20,nominal,2.0NRT,299.15,17.88,D
-34.05505,149.7326,354.21,0.4,0.37,2025-03-19,0340,N20,nominal,2.0NRT,298.69,13.92,D
-34.05566,149.7282,353.74,0.4,0.37,2025-03-19,0340,N20,nominal,2.0NRT,289.15,13.92,D
-34.05627,149.7238,354.24,0.4,0.37,2025-03-19,0340,N20,nominal,2.0NRT,295.88,14.65,D
-34.05166,149.73192,367,0.4,0.37,2025-03-19,0340,N20,high,2.0NRT,290.6,13.92,D
-34.05105,149.73631,354.96,0.4,0.37,2025-03-19,0340,N20,nominal,2.0NRT,294.83,17.88,D
-34.05227,149.72749,333.96,0.4,0.37,2025-03-19,0340,N20,nominal,2.0NRT,286.82,13.92,D
-34.05288,149.72308,338.52,0.4,0.37,2025-03-19,0340,N20,nominal,2.0NRT,285.77,14.65,D
-34.04766,149.73561,335.44,0.4,0.37,2025-03-19,0340,N20,nominal,2.0NRT,286.07,6.16,D
-34.04428,149.73489,338.54,0.4,0.37,2025-03-19,0340,N20,nominal,2.0NRT,290.14,6.16,D
-34.25488,147.93521,341.61,0.46,0.39,2025-03-19,0340,N20,nominal,2.0NRT,307.7,9.84,D
-33.80763,150.61391,328.92,0.39,0.36,2025-03-19,0340,N20,nominal,2.0NRT,268.27,3,D
-33.8049,150.60902,336.64,0.39,0.36,2025-03-19,0340,N20,nominal,2.0NRT,279.62,3,D
-33.80613,150.60065,331.03,0.39,0.36,2025-03-19,0340,N20,nominal,2.0NRT,276.85,3.84,D
-33.80095,150.61253,328.46,0.39,0.36,2025-03-19,0340,N20,nominal,2.0NRT,287.62,3.4,D
-33.79761,150.61185,328.56,0.39,0.36,2025-03-19,0340,N20,nominal,2.0NRT,292.25,3.4,D
-33.79822,150.60764,341.77,0.39,0.36,2025-03-19,0340,N20,nominal,2.0NRT,290.99,3.4,D
-33.79883,150.60344,350.95,0.39,0.36,2025-03-19,0340,N20,nominal,2.0NRT,292.02,21.57,D
-33.79945,150.59924,349.2,0.39,0.36,2025-03-19,0340,N20,nominal,2.0NRT,283.49,21.57,D
-34.10117,147.95088,338.94,0.45,0.39,2025-03-19,0340,N20,nominal,2.0NRT,298.51,5.49,D
-33.64248,151.13496,329.5,0.38,0.36,2025-03-19,0340,N20,nominal,2.0NRT,298.2,4.21,D
-33.63915,151.13426,352.21,0.38,0.36,2025-03-19,0340,N20,nominal,2.0NRT,298.83,4.21,D
-33.63978,151.13011,343.17,0.38,0.36,2025-03-19,0340,N20,nominal,2.0NRT,299.56,5.67,D
-33.63583,151.13354,340.86,0.38,0.36,2025-03-19,0340,N20,nominal,2.0NRT,297.65,4.17,D
-33.63645,151.12939,334.82,0.38,0.36,2025-03-19,0340,N20,nominal,2.0NRT,299.3,5.93,D
-33.6325,151.13284,336.49,0.38,0.36,2025-03-19,0340,N20,nominal,2.0NRT,296.93,4.17,D
-33.62918,151.13211,330.37,0.38,0.36,2025-03-19,0340,N20,nominal,2.0NRT,297.23,6.54,D
-33.62586,151.13141,343.2,0.38,0.36,2025-03-19,0340,N20,nominal,2.0NRT,300.61,6.54,D
-34.70115,138.88475,367,0.47,0.64,2025-03-19,0340,N20,high,2.0NRT,311.71,11.38,D
-33.83467,147.91078,339.21,0.45,0.39,2025-03-19,0340,N20,nominal,2.0NRT,280.6,6.32,D
-33.83045,147.91508,332.07,0.45,0.39,2025-03-19,0340,N20,nominal,2.0NRT,279.03,5.32,D
-33.83106,147.91016,342.98,0.45,0.39,2025-03-19,0340,N20,nominal,2.0NRT,279.9,6.32,D
-33.85669,146.66521,337.28,0.51,0.41,2025-03-19,0340,N20,nominal,2.0NRT,303.25,7.32,D
-33.90648,146.18367,335.68,0.54,0.42,2025-03-19,0340,N20,low,2.0NRT,307.84,7.91,D
-33.90712,146.17776,343.33,0.54,0.42,2025-03-19,0340,N20,nominal,2.0NRT,308.44,5.84,D
-33.90778,146.17184,339.76,0.54,0.42,2025-03-19,0340,N20,nominal,2.0NRT,309.03,5.84,D
-33.90842,146.16592,335.66,0.54,0.42,2025-03-19,0340,N20,low,2.0NRT,308.85,5.45,D
-33.90386,146.17123,340.69,0.54,0.42,2025-03-19,0340,N20,nominal,2.0NRT,309.2,5.84,D
-33.90451,146.16528,338.45,0.54,0.42,2025-03-19,0340,N20,low,2.0NRT,309.04,5.45,D
-33.8993,146.17654,335.54,0.54,0.42,2025-03-19,0340,N20,nominal,2.0NRT,303.59,6.69,D
-33.89994,146.17061,353.59,0.54,0.42,2025-03-19,0340,N20,nominal,2.0NRT,310.77,6.69,D
-33.89603,146.17,350.47,0.54,0.42,2025-03-19,0340,N20,nominal,2.0NRT,309.21,6.69,D
-33.46993,146.53197,339.19,0.51,0.41,2025-03-19,0342,N20,nominal,2.0NRT,307.92,4.33,D
-33.46741,146.48601,336.73,0.52,0.41,2025-03-19,0342,N20,low,2.0NRT,311.32,6.25,D
-33.46358,146.48538,340.27,0.52,0.41,2025-03-19,0342,N20,nominal,2.0NRT,309.63,6.25,D
-33.46421,146.47978,348.98,0.52,0.41,2025-03-19,0342,N20,nominal,2.0NRT,310.61,6.25,D
-33.38576,146.72589,336,0.5,0.41,2025-03-19,0342,N20,low,2.0NRT,306.43,6.62,D
-33.37215,146.60649,336.82,0.51,0.41,2025-03-19,0342,N20,nominal,2.0NRT,305.08,5.26,D
-33.33027,146.74278,339.09,0.5,0.41,2025-03-19,0342,N20,nominal,2.0NRT,307.12,3.18,D
-33.27839,146.62315,337.08,0.51,0.41,2025-03-19,0342,N20,low,2.0NRT,308.59,1.85,D
-33.27459,146.62254,347.82,0.51,0.41,2025-03-19,0342,N20,nominal,2.0NRT,309.86,16.67,D
-33.27019,146.62738,341.23,0.51,0.41,2025-03-19,0342,N20,low,2.0NRT,313.22,16.67,D
-33.27079,146.62193,345.6,0.51,0.41,2025-03-19,0342,N20,nominal,2.0NRT,309.1,16.67,D
-33.267,146.62132,338.48,0.51,0.41,2025-03-19,0342,N20,nominal,2.0NRT,307.95,34.92,D
-33.26259,146.62613,334.95,0.51,0.41,2025-03-19,0342,N20,low,2.0NRT,308.78,34.92,D
-33.2632,146.62071,346.55,0.51,0.41,2025-03-19,0342,N20,low,2.0NRT,320.5,34.92,D
-33.27526,146.62617,339.86,0.51,0.41,2025-03-19,0342,N20,low,2.0NRT,310.2,14.52,D
-33.2759,146.62073,338.03,0.51,0.41,2025-03-19,0342,N20,low,2.0NRT,310.35,12.88,D
-33.27146,146.62556,346.59,0.51,0.41,2025-03-19,0342,N20,nominal,2.0NRT,311.99,14.52,D
-33.26767,146.62495,344.81,0.51,0.41,2025-03-19,0342,N20,low,2.0NRT,319.29,40.68,D
-33.2683,146.61952,335.22,0.51,0.41,2025-03-19,0342,N20,low,2.0NRT,306.36,49.32,D
-33.26387,146.62434,349.31,0.51,0.41,2025-03-19,0342,N20,nominal,2.0NRT,312.86,40.68,D
-33.85061,137.87134,339.97,0.53,0.67,2025-03-19,0342,N20,nominal,2.0NRT,304.82,5.47,D
-33.85085,137.86548,330.27,0.53,0.67,2025-03-19,0342,N20,nominal,2.0NRT,304.4,3.01,D
-33.84435,137.8709,367,0.53,0.67,2025-03-19,0342,N20,high,2.0NRT,303.65,15.83,D
-33.84459,137.86499,354.79,0.53,0.67,2025-03-19,0342,N20,nominal,2.0NRT,307.18,16.66,D
-33.84692,137.86833,367,0.53,0.67,2025-03-19,0342,N20,high,2.0NRT,308.69,15.75,D
-33.84665,137.87419,341.74,0.53,0.67,2025-03-19,0342,N20,nominal,2.0NRT,303.05,11.88,D
-33.8472,137.86243,333.75,0.53,0.67,2025-03-19,0342,N20,nominal,2.0NRT,304.84,15.75,D
-32.87301,146.1918,350.65,0.52,0.42,2025-03-19,0342,N20,nominal,2.0NRT,311.69,13.39,D
-32.86915,146.19116,335.37,0.52,0.42,2025-03-19,0342,N20,low,2.0NRT,306.98,13.39,D
-32.86143,146.18991,335.18,0.52,0.42,2025-03-19,0342,N20,low,2.0NRT,307.24,4.21,D
-32.39955,149.01407,330.39,0.41,0.37,2025-03-19,0342,N20,nominal,2.0NRT,279.29,4.28,D
-32.40075,149.00534,342.04,0.41,0.37,2025-03-19,0342,N20,nominal,2.0NRT,286.77,14.15,D
-32.40015,149.00972,356.24,0.41,0.37,2025-03-19,0342,N20,low,2.0NRT,287.07,14.15,D
-31.7783,151.99586,326.75,0.39,0.36,2025-03-19,0342,N20,low,2.0NRT,298.92,3.44,D
-32.49347,146.6492,330.54,0.5,0.41,2025-03-19,0342,N20,low,2.0NRT,303.09,24.37,D
-32.4941,146.64389,353.49,0.5,0.41,2025-03-19,0342,N20,nominal,2.0NRT,311.74,24.37,D
-32.49473,146.6386,331.6,0.5,0.41,2025-03-19,0342,N20,low,2.0NRT,304.59,5.11,D
-32.48971,146.64859,343.23,0.5,0.41,2025-03-19,0342,N20,nominal,2.0NRT,304.87,5.61,D
-32.49034,146.64328,346.47,0.5,0.41,2025-03-19,0342,N20,nominal,2.0NRT,305.84,5.61,D
-31.66616,151.03192,345.67,0.38,0.36,2025-03-19,0342,N20,nominal,2.0NRT,300.31,7.02,D
-31.49602,151.07607,332.74,0.38,0.36,2025-03-19,0342,N20,nominal,2.0NRT,294.56,1.89,D
-31.43511,148.85135,345.25,0.41,0.37,2025-03-19,0342,N20,nominal,2.0NRT,304.55,4.8,D
-31.40884,146.60387,355.16,0.48,0.4,2025-03-19,0342,N20,nominal,2.0NRT,301.1,17.61,D
-31.40451,146.60838,344.56,0.48,0.4,2025-03-19,0342,N20,nominal,2.0NRT,290.71,16.16,D
-31.40512,146.60326,353.91,0.48,0.4,2025-03-19,0342,N20,nominal,2.0NRT,301.81,16.16,D
-31.40141,146.60266,348.83,0.48,0.4,2025-03-19,0342,N20,nominal,2.0NRT,299.44,16.16,D
-30.23103,149.37607,333.23,0.39,0.36,2025-03-19,0342,N20,nominal,2.0NRT,297.28,2.27,D
-29.63151,148.21959,341.1,0.41,0.37,2025-03-19,0342,N20,nominal,2.0NRT,292.02,5.54,D
-29.35457,149.58455,348.06,0.39,0.36,2025-03-19,0342,N20,nominal,2.0NRT,310.07,11.59,D
-29.40277,148.49011,352.78,0.4,0.37,2025-03-19,0342,N20,nominal,2.0NRT,308.36,10.93,D
-29.32845,148.47311,333.6,0.4,0.37,2025-03-19,0342,N20,low,2.0NRT,307.28,1.83,D
-29.01671,150.51834,340.67,0.38,0.36,2025-03-19,0342,N20,nominal,2.0NRT,295.48,3.41,D
-29.01277,150.52164,350.01,0.38,0.36,2025-03-19,0342,N20,nominal,2.0NRT,292.54,7.07,D
-29.01338,150.51767,345.63,0.38,0.36,2025-03-19,0342,N20,nominal,2.0NRT,314.56,25.62,D
-29.014,150.51372,334.55,0.38,0.36,2025-03-19,0342,N20,nominal,2.0NRT,299.89,25.62,D
-29.00945,150.52097,335.45,0.38,0.36,2025-03-19,0342,N20,nominal,2.0NRT,290.79,7.07,D
-29.01006,150.517,350.08,0.38,0.36,2025-03-19,0342,N20,nominal,2.0NRT,304.49,25.62,D
-29.00674,150.51633,335.43,0.38,0.36,2025-03-19,0342,N20,nominal,2.0NRT,292.87,2.51,D
-29.00736,150.51241,345.26,0.38,0.36,2025-03-19,0342,N20,nominal,2.0NRT,298.62,2.51,D
-28.78628,150.93022,344.75,0.39,0.36,2025-03-19,0342,N20,nominal,2.0NRT,309.56,13.18,D
-28.78294,150.92955,343.12,0.39,0.36,2025-03-19,0342,N20,nominal,2.0NRT,306.81,13.18,D
-28.90901,149.39503,337.38,0.39,0.36,2025-03-19,0342,N20,nominal,2.0NRT,304.01,2.84,D
-28.90509,149.39838,367,0.39,0.36,2025-03-19,0342,N20,high,2.0NRT,305.13,5.39,D
-28.9045,149.40236,343.35,0.39,0.36,2025-03-19,0342,N20,nominal,2.0NRT,298.18,3.56,D
-28.90567,149.39439,334.66,0.39,0.36,2025-03-19,0342,N20,nominal,2.0NRT,305.1,5.39,D
-28.90175,149.39774,367,0.39,0.36,2025-03-19,0342,N20,high,2.0NRT,305.92,5.39,D
-28.90117,149.40172,341.91,0.39,0.36,2025-03-19,0342,N20,nominal,2.0NRT,297.9,3.56,D
-28.75738,149.45633,333.6,0.39,0.36,2025-03-19,0342,N20,low,2.0NRT,308.59,2,D
-28.78325,148.42918,335.46,0.4,0.37,2025-03-19,0342,N20,low,2.0NRT,307.84,1.26,D
-27.83665,151.82924,340.91,0.41,0.37,2025-03-19,0342,N20,nominal,2.0NRT,283.61,7.5,D
-27.62851,149.72791,354.75,0.38,0.36,2025-03-19,0342,N20,nominal,2.0NRT,310.07,13.75,D
-27.21037,150.62012,332.38,0.39,0.36,2025-03-19,0342,N20,nominal,2.0NRT,269.33,4.76,D
-43.53693,146.60347,353.24,0.56,0.69,2025-03-19,0518,N20,nominal,2.0NRT,290.21,11.49,D
-43.53485,146.60977,356.73,0.56,0.69,2025-03-19,0518,N20,low,2.0NRT,289.15,11.49,D
-43.52887,146.60617,339.25,0.56,0.69,2025-03-19,0518,N20,nominal,2.0NRT,287.84,11.76,D
-43.53315,146.59323,351.92,0.56,0.69,2025-03-19,0518,N20,nominal,2.0NRT,289.16,14.02,D
-43.53101,146.5997,356.96,0.56,0.69,2025-03-19,0518,N20,low,2.0NRT,288.79,11.76,D
-43.5272,146.58957,350.93,0.56,0.69,2025-03-19,0518,N20,nominal,2.0NRT,287.69,14.02,D
-43.54183,146.60651,325.43,0.56,0.69,2025-03-19,0518,N20,nominal,2.0NRT,288.26,9.09,D
-43.53377,146.60931,356.22,0.56,0.69,2025-03-19,0518,N20,low,2.0NRT,288.76,21.2,D
-43.53587,146.60286,356.35,0.56,0.69,2025-03-19,0518,N20,low,2.0NRT,289.85,9.09,D
-43.52788,146.60544,330.46,0.56,0.69,2025-03-19,0518,N20,nominal,2.0NRT,287.48,7.25,D
-43.52991,146.59921,352.25,0.56,0.69,2025-03-19,0518,N20,nominal,2.0NRT,288.05,10.67,D
-43.53202,146.5927,355.47,0.56,0.69,2025-03-19,0518,N20,nominal,2.0NRT,289.57,10.67,D
-43.52607,146.58902,346.6,0.56,0.69,2025-03-19,0518,N20,nominal,2.0NRT,287.65,10.67,D
-43.52058,146.56201,367,0.56,0.69,2025-03-19,0518,N20,high,2.0NRT,290.81,24.44,D
-43.49596,146.5936,344.93,0.56,0.69,2025-03-19,0518,N20,nominal,2.0NRT,288.27,9.15,D
-43.49194,146.58401,367,0.56,0.69,2025-03-19,0518,N20,high,2.0NRT,290.67,19.32,D
-43.49463,146.55394,337.01,0.56,0.69,2025-03-19,0518,N20,nominal,2.0NRT,287.08,12.55,D
-42.516,146.9973,367,0.63,0.72,2025-03-19,0518,N20,high,2.0NRT,301.35,21.12,D
-42.51915,147.00018,352.63,0.63,0.72,2025-03-19,0518,N20,nominal,2.0NRT,296.29,10.32,D
-42.51292,146.99644,367,0.63,0.72,2025-03-19,0518,N20,high,2.0NRT,297.67,10.32,D
-38.1076,143.74933,354.39,0.6,0.71,2025-03-19,0521,N20,nominal,2.0NRT,306.17,8.23,D
-38.10967,143.74266,339.9,0.6,0.71,2025-03-19,0521,N20,nominal,2.0NRT,306.86,8.23,D
-38.07766,143.50252,335.13,0.59,0.7,2025-03-19,0521,N20,nominal,2.0NRT,305.17,22.72,D
-38.0735,143.49295,367,0.59,0.7,2025-03-19,0521,N20,high,2.0NRT,309,87.81,D
-38.00949,143.31033,367,0.58,0.7,2025-03-19,0521,N20,high,2.0NRT,306.36,10.76,D
-38.00159,143.33614,340.64,0.58,0.7,2025-03-19,0521,N20,nominal,2.0NRT,303.06,23.88,D
-38.00355,143.32973,348.48,0.58,0.7,2025-03-19,0521,N20,nominal,2.0NRT,310.58,37.14,D
-37.95868,143.31485,350.35,0.58,0.7,2025-03-19,0521,N20,nominal,2.0NRT,304.83,11.79,D
-37.9225,143.4088,333.64,0.59,0.7,2025-03-19,0521,N20,low,2.0NRT,305.22,6.13,D
-37.92451,143.40233,342.24,0.59,0.7,2025-03-19,0521,N20,nominal,2.0NRT,306.28,6.13,D
-37.95865,143.31433,351.1,0.58,0.7,2025-03-19,0521,N20,nominal,2.0NRT,305.11,11.19,D
-37.92299,143.40858,333.81,0.59,0.7,2025-03-19,0521,N20,low,2.0NRT,305.22,8.9,D
-37.92496,143.40208,340.1,0.59,0.7,2025-03-19,0521,N20,nominal,2.0NRT,305.94,9.78,D
-37.85762,143.43643,367,0.59,0.7,2025-03-19,0521,N20,high,2.0NRT,307.03,56.79,D
-37.85345,143.42685,367,0.59,0.7,2025-03-19,0521,N20,high,2.0NRT,307.4,29.3,D
-37.85143,143.43338,336.8,0.59,0.7,2025-03-19,0521,N20,nominal,2.0NRT,302.82,15.67,D
-37.95907,143.08167,339.46,0.56,0.69,2025-03-19,0521,N20,nominal,2.0NRT,306.35,6.05,D
-37.90776,142.85573,335.38,0.55,0.68,2025-03-19,0521,N20,low,2.0NRT,307.11,59.64,D
-37.91147,142.84344,341.21,0.55,0.68,2025-03-19,0521,N20,low,2.0NRT,312.41,101.38,D
-37.90961,142.84958,367,0.55,0.68,2025-03-19,0521,N20,low,2.0NRT,329.73,101.38,D
-37.71241,143.35622,367,0.59,0.7,2025-03-19,0521,N20,high,2.0NRT,304.92,29.57,D
-37.71442,143.34976,353.33,0.59,0.7,2025-03-19,0521,N20,nominal,2.0NRT,306.94,24.57,D
-37.85187,142.85736,367,0.55,0.68,2025-03-19,0521,N20,high,2.0NRT,307.51,20.24,D
-37.78709,143.06871,339.11,0.57,0.69,2025-03-19,0521,N20,nominal,2.0NRT,306.27,5.8,D
-37.85375,142.85123,354.13,0.55,0.68,2025-03-19,0521,N20,nominal,2.0NRT,305.08,19.15,D
-37.71317,143.35623,367,0.59,0.7,2025-03-19,0521,N20,high,2.0NRT,304.76,19.6,D
-37.71515,143.34975,354,0.59,0.7,2025-03-19,0521,N20,nominal,2.0NRT,306.59,19.6,D
-37.85014,142.85559,367,0.55,0.68,2025-03-19,0521,N20,high,2.0NRT,319.72,145.18,D
-37.78643,143.06766,339.32,0.57,0.69,2025-03-19,0521,N20,nominal,2.0NRT,305.36,7.9,D
-37.85381,142.84329,343.87,0.55,0.68,2025-03-19,0521,N20,nominal,2.0NRT,305.35,52.36,D
-37.85197,142.84943,367,0.55,0.68,2025-03-19,0521,N20,low,2.0NRT,334.28,145.18,D
-37.84408,142.85272,367,0.55,0.68,2025-03-19,0521,N20,high,2.0NRT,304.53,174.63,D
-37.84775,142.84048,352.2,0.55,0.68,2025-03-19,0521,N20,nominal,2.0NRT,308.4,139.05,D
-37.84591,142.84663,367,0.55,0.68,2025-03-19,0521,N20,low,2.0NRT,347.16,174.63,D
-37.90125,142.63826,333.64,0.54,0.68,2025-03-19,0521,N20,low,2.0NRT,307.38,4,D
-37.6225,143.34995,367,0.6,0.7,2025-03-19,0521,N20,high,2.0NRT,310.89,39.65,D
-37.62453,143.34338,339.94,0.59,0.7,2025-03-19,0521,N20,nominal,2.0NRT,307.59,22.25,D
-37.6163,143.34691,367,0.6,0.7,2025-03-19,0521,N20,high,2.0NRT,309.42,39.65,D
-37.61832,143.34038,336.93,0.59,0.7,2025-03-19,0521,N20,nominal,2.0NRT,307.48,22.25,D
-37.62334,143.35133,367,0.6,0.7,2025-03-19,0521,N20,high,2.0NRT,304.85,34.11,D
-37.62534,143.34471,352.79,0.6,0.7,2025-03-19,0521,N20,nominal,2.0NRT,309.71,29.58,D
-37.61715,143.34827,367,0.6,0.7,2025-03-19,0521,N20,high,2.0NRT,306.76,34.11,D
-37.61914,143.34171,349.77,0.6,0.7,2025-03-19,0521,N20,nominal,2.0NRT,311.47,29.58,D
-37.35928,143.76172,353.55,0.63,0.72,2025-03-19,0521,N20,nominal,2.0NRT,302.39,15.21,D
-37.3563,143.76054,352.16,0.63,0.72,2025-03-19,0521,N20,nominal,2.0NRT,302.32,11.06,D
-37.35859,143.75313,338.62,0.63,0.72,2025-03-19,0521,N20,nominal,2.0NRT,302.91,10.18,D
-36.90794,145.00539,337.43,0.75,0.77,2025-03-19,0521,N20,nominal,2.0NRT,298.59,8.79,D
-37.67305,140.4296,354.03,0.42,0.61,2025-03-19,0521,N20,nominal,2.0NRT,298.56,3.14,D
-36.80365,142.61403,367,0.58,0.69,2025-03-19,0521,N20,high,2.0NRT,311.95,40.1,D
-36.80557,142.60771,350.38,0.58,0.69,2025-03-19,0521,N20,nominal,2.0NRT,316.87,40.1,D
-36.80749,142.60141,356.73,0.58,0.69,2025-03-19,0521,N20,nominal,2.0NRT,313.24,33.96,D
-36.80342,142.61311,367,0.58,0.69,2025-03-19,0521,N20,high,2.0NRT,313.52,49.13,D
-36.80719,142.60046,367,0.58,0.69,2025-03-19,0521,N20,high,2.0NRT,313.82,35.53,D
-36.80531,142.60678,349.48,0.58,0.69,2025-03-19,0521,N20,nominal,2.0NRT,317.56,35.53,D
-36.99495,141.91655,355.16,0.53,0.67,2025-03-19,0521,N20,nominal,2.0NRT,318.7,51.65,D
-36.99665,141.91075,339.44,0.53,0.67,2025-03-19,0521,N20,nominal,2.0NRT,309.07,23.59,D
-36.96429,141.92918,338.3,0.53,0.67,2025-03-19,0521,N20,low,2.0NRT,310.33,8.67,D
-36.68361,142.66066,337.25,0.58,0.7,2025-03-19,0521,N20,nominal,2.0NRT,308.16,3.77,D
-36.67739,142.6579,337.17,0.58,0.7,2025-03-19,0521,N20,nominal,2.0NRT,309.75,7.05,D
-36.67934,142.65152,344.36,0.58,0.7,2025-03-19,0521,N20,nominal,2.0NRT,310.49,6.98,D
-36.68373,142.66139,335.42,0.58,0.7,2025-03-19,0521,N20,low,2.0NRT,307.89,3.46,D
-36.67944,142.65222,352.16,0.58,0.7,2025-03-19,0521,N20,nominal,2.0NRT,311.19,8.28,D
-36.95344,141.55806,355.74,0.51,0.66,2025-03-19,0521,N20,nominal,2.0NRT,304.75,15.21,D
-36.95501,141.55264,355.22,0.51,0.66,2025-03-19,0521,N20,nominal,2.0NRT,312,15.21,D
-36.94754,141.55556,331.39,0.51,0.66,2025-03-19,0521,N20,nominal,2.0NRT,304.13,2.9,D
-36.94912,141.55009,335.79,0.51,0.66,2025-03-19,0521,N20,nominal,2.0NRT,305.68,2.9,D
-36.93575,141.32039,367,0.49,0.65,2025-03-19,0521,N20,high,2.0NRT,310.09,15.64,D
-36.92992,141.31787,355.75,0.49,0.65,2025-03-19,0521,N20,nominal,2.0NRT,308.07,6.42,D
-36.85075,141.45573,367,0.5,0.66,2025-03-19,0521,N20,high,2.0NRT,313.12,14.41,D
-36.85235,141.45021,340.67,0.5,0.66,2025-03-19,0521,N20,nominal,2.0NRT,310.11,14.41,D
-36.84488,141.45319,367,0.5,0.66,2025-03-19,0521,N20,high,2.0NRT,308.53,14.41,D
-36.84648,141.44768,356.33,0.5,0.66,2025-03-19,0521,N20,nominal,2.0NRT,310.2,14.41,D
-36.70887,141.80321,367,0.53,0.67,2025-03-19,0521,N20,high,2.0NRT,309.9,22.87,D
-36.71058,141.79742,350.94,0.53,0.67,2025-03-19,0521,N20,nominal,2.0NRT,315.45,22.87,D
-36.84589,141.45013,367,0.5,0.66,2025-03-19,0521,N20,high,2.0NRT,309.8,19.32,D
-36.71194,141.80113,367,0.53,0.67,2025-03-19,0521,N20,high,2.0NRT,312.67,31.72,D
-36.71361,141.79535,346.9,0.53,0.67,2025-03-19,0521,N20,nominal,2.0NRT,308.64,17.25,D
-36.70597,141.79846,347.02,0.53,0.67,2025-03-19,0521,N20,nominal,2.0NRT,307.98,7.76,D
-36.70765,141.79266,339.56,0.53,0.67,2025-03-19,0521,N20,nominal,2.0NRT,307.45,6.01,D
-36.77227,141.49945,348.12,0.51,0.66,2025-03-19,0521,N20,nominal,2.0NRT,308.24,6.92,D
-36.80416,141.20567,345.33,0.49,0.65,2025-03-19,0521,N20,nominal,2.0NRT,308.21,5.77,D
-36.80571,141.2003,348.37,0.49,0.65,2025-03-19,0521,N20,nominal,2.0NRT,307.4,5.77,D
-36.22654,143.11902,367,0.63,0.72,2025-03-19,0521,N20,high,2.0NRT,306.25,15.16,D
-36.22441,143.12593,336.09,0.63,0.72,2025-03-19,0521,N20,nominal,2.0NRT,303.22,15.16,D
-36.7968,141.20854,354.05,0.49,0.65,2025-03-19,0521,N20,nominal,2.0NRT,308.96,9.11,D
-36.79834,141.2032,343.8,0.49,0.65,2025-03-19,0521,N20,nominal,2.0NRT,308.19,6.25,D
-36.21802,143.123,367,0.63,0.72,2025-03-19,0521,N20,high,2.0NRT,309.95,15.16,D
-36.21587,143.12993,349.09,0.63,0.72,2025-03-19,0521,N20,nominal,2.0NRT,305.17,18.47,D
-36.74166,141.33104,367,0.5,0.66,2025-03-19,0521,N20,high,2.0NRT,306.74,20.76,D
-36.74324,141.32562,351.23,0.5,0.66,2025-03-19,0521,N20,nominal,2.0NRT,315.75,30.3,D
-36.73738,141.3231,336.58,0.5,0.66,2025-03-19,0521,N20,nominal,2.0NRT,308.1,3.94,D
-36.71875,141.36443,367,0.5,0.66,2025-03-19,0521,N20,high,2.0NRT,310.36,16.52,D
-36.21161,143.04959,340.69,0.63,0.72,2025-03-19,0521,N20,nominal,2.0NRT,305.74,6.6,D
-36.72034,141.35898,349.75,0.5,0.66,2025-03-19,0521,N20,nominal,2.0NRT,311.68,16.52,D
-36.80344,141.20354,367,0.49,0.65,2025-03-19,0521,N20,high,2.0NRT,309.32,6.72,D
-36.80193,141.20891,340.28,0.49,0.65,2025-03-19,0521,N20,nominal,2.0NRT,308.98,6.72,D
-36.79612,141.20639,344.96,0.49,0.65,2025-03-19,0521,N20,nominal,2.0NRT,307.19,6.72,D
-36.22997,143.12062,367,0.63,0.72,2025-03-19,0521,N20,high,2.0NRT,305.16,16.79,D
-36.22787,143.12756,343.75,0.63,0.72,2025-03-19,0521,N20,nominal,2.0NRT,304.29,8.06,D
-36.21938,143.13156,335.13,0.64,0.72,2025-03-19,0521,N20,nominal,2.0NRT,304.83,8.06,D
-36.22148,143.12463,355.1,0.63,0.72,2025-03-19,0521,N20,nominal,2.0NRT,305.29,8.06,D
-36.21509,143.12169,367,0.63,0.72,2025-03-19,0521,N20,high,2.0NRT,306.67,10.83,D
-36.7417,141.32922,367,0.5,0.66,2025-03-19,0521,N20,high,2.0NRT,310.01,14.04,D
-36.21298,143.12866,338.31,0.64,0.72,2025-03-19,0521,N20,nominal,2.0NRT,304.26,10.83,D
-36.74324,141.32379,350.42,0.5,0.66,2025-03-19,0521,N20,nominal,2.0NRT,314.27,14.04,D
-36.73586,141.32666,337.27,0.5,0.66,2025-03-19,0521,N20,nominal,2.0NRT,308.35,14.04,D
-36.719,141.36267,367,0.5,0.66,2025-03-19,0521,N20,high,2.0NRT,314.54,27.64,D
-36.72057,141.35719,337.41,0.5,0.66,2025-03-19,0521,N20,nominal,2.0NRT,306.31,16.04,D
-36.21479,143.05084,337.39,0.63,0.72,2025-03-19,0521,N20,nominal,2.0NRT,305.17,4.37,D
-36.67363,141.33694,349.18,0.5,0.66,2025-03-19,0521,N20,nominal,2.0NRT,305.06,9.8,D
-36.67523,141.33142,342.36,0.5,0.66,2025-03-19,0521,N20,nominal,2.0NRT,306.12,9.8,D
-36.66615,141.34003,367,0.5,0.66,2025-03-19,0521,N20,high,2.0NRT,305.39,16.98,D
-36.66776,141.33446,367,0.5,0.66,2025-03-19,0521,N20,high,2.0NRT,311.48,9.8,D
-36.66936,141.3289,367,0.5,0.66,2025-03-19,0521,N20,high,2.0NRT,307.43,9.8,D
-36.65709,141.34856,367,0.5,0.66,2025-03-19,0521,N20,high,2.0NRT,308.69,45.68,D
-36.66026,141.33755,367,0.5,0.66,2025-03-19,0521,N20,high,2.0NRT,312.02,36.98,D
-36.66666,141.3154,367,0.5,0.66,2025-03-19,0521,N20,high,2.0NRT,310.12,38.14,D
-36.66188,141.33194,349.86,0.5,0.66,2025-03-19,0521,N20,nominal,2.0NRT,320.22,70.13,D
-36.66509,141.32086,351.59,0.5,0.66,2025-03-19,0521,N20,nominal,2.0NRT,315.34,38.14,D
-36.6544,141.33502,367,0.5,0.66,2025-03-19,0521,N20,high,2.0NRT,310,36.98,D
-36.65763,141.32385,367,0.5,0.66,2025-03-19,0521,N20,high,2.0NRT,311.49,70.13,D
-36.6528,141.34055,345.31,0.5,0.66,2025-03-19,0521,N20,nominal,2.0NRT,305.84,36.98,D
-36.65602,141.32941,353.33,0.5,0.66,2025-03-19,0521,N20,nominal,2.0NRT,308.66,70.13,D
-36.65922,141.31833,352.21,0.5,0.66,2025-03-19,0521,N20,nominal,2.0NRT,315.42,38.14,D
-36.6608,141.31288,350.54,0.5,0.66,2025-03-19,0521,N20,nominal,2.0NRT,316.24,38.14,D
-36.65017,141.32683,367,0.5,0.66,2025-03-19,0521,N20,high,2.0NRT,309.86,12.4,D
-36.65176,141.32132,367,0.5,0.66,2025-03-19,0521,N20,high,2.0NRT,309.04,12.4,D
-36.65335,141.31584,353.37,0.5,0.66,2025-03-19,0521,N20,nominal,2.0NRT,308.71,10.69,D
-36.70801,141.01335,356.15,0.48,0.65,2025-03-19,0521,N20,nominal,2.0NRT,312.34,22.34,D
-36.65456,141.33463,367,0.5,0.66,2025-03-19,0521,N20,high,2.0NRT,310.19,12.19,D
-36.65773,141.32344,367,0.5,0.66,2025-03-19,0521,N20,high,2.0NRT,311.02,16.8,D
-36.65299,141.34021,342.51,0.5,0.66,2025-03-19,0521,N20,nominal,2.0NRT,305.37,12.19,D
-36.65615,141.32903,355.82,0.5,0.66,2025-03-19,0521,N20,nominal,2.0NRT,309.06,16.8,D
-36.65929,141.31792,351.78,0.5,0.66,2025-03-19,0521,N20,nominal,2.0NRT,314.76,27.18,D
-36.66084,141.31245,349.25,0.5,0.66,2025-03-19,0521,N20,nominal,2.0NRT,316.41,27.18,D
-36.65031,141.32642,367,0.5,0.66,2025-03-19,0521,N20,high,2.0NRT,309.07,16.8,D
-36.65187,141.32088,367,0.5,0.66,2025-03-19,0521,N20,high,2.0NRT,308.27,16.8,D
-36.65343,141.31538,353.21,0.5,0.66,2025-03-19,0521,N20,nominal,2.0NRT,308.56,27.18,D
-36.70654,141.01187,354.7,0.48,0.65,2025-03-19,0521,N20,nominal,2.0NRT,312.63,17.72,D
-36.70952,141.00131,336.16,0.48,0.65,2025-03-19,0521,N20,nominal,2.0NRT,308.41,9.94,D
-36.70226,141.0041,367,0.48,0.65,2025-03-19,0521,N20,high,2.0NRT,311.74,17.72,D
-36.41061,141.99498,350.8,0.55,0.68,2025-03-19,0521,N20,nominal,2.0NRT,309.44,8.76,D
-35.55733,143.6969,367,0.71,0.75,2025-03-19,0521,N20,high,2.0NRT,296.77,14.04,D
-35.55843,143.69818,351.84,0.71,0.75,2025-03-19,0521,N20,nominal,2.0NRT,296.49,9.18,D
-35.55176,143.69518,344.74,0.71,0.75,2025-03-19,0521,N20,nominal,2.0NRT,297.25,9.18,D
-35.2243,144.10609,343.27,0.76,0.77,2025-03-19,0521,N20,nominal,2.0NRT,298.7,18.5,D
-35.22692,144.09792,354.04,0.76,0.77,2025-03-19,0521,N20,nominal,2.0NRT,302.79,18.5,D
-35.2462,144.15051,339.31,0.76,0.77,2025-03-19,0521,N20,nominal,2.0NRT,298.35,7.64,D
-35.22924,144.10507,367,0.76,0.77,2025-03-19,0521,N20,high,2.0NRT,299.41,24.68,D
-35.23182,144.09688,335.16,0.76,0.77,2025-03-19,0521,N20,nominal,2.0NRT,295.86,16.58,D
-35.29617,143.76897,367,0.73,0.76,2025-03-19,0521,N20,high,2.0NRT,301.54,87.75,D
-35.29742,143.61873,352.37,0.71,0.75,2025-03-19,0521,N20,nominal,2.0NRT,301.31,10.89,D
-35.29975,143.61815,353.19,0.71,0.75,2025-03-19,0521,N20,nominal,2.0NRT,301.24,12,D
-35.29779,143.59978,337.76,0.71,0.75,2025-03-19,0521,N20,nominal,2.0NRT,298.29,4.19,D
-33.84904,137.86517,337.16,0.39,0.59,2025-03-19,0523,N20,nominal,2.0NRT,306.2,2.52,D
-33.8501,137.86107,340.46,0.39,0.59,2025-03-19,0523,N20,nominal,2.0NRT,306.39,2.52,D
-33.84367,137.86333,343.73,0.39,0.59,2025-03-19,0523,N20,nominal,2.0NRT,306.69,2.52,D
-33.84473,137.85919,335.16,0.39,0.59,2025-03-19,0523,N20,low,2.0NRT,305.43,2.52,D
-32.74505,117.33811,346.96,0.54,0.51,2025-03-19,0523,N20,nominal,2.0NRT,310.84,55.49,D
-32.661,117.48959,348.9,0.53,0.5,2025-03-19,0523,N20,nominal,2.0NRT,298.87,11.06,D
-32.37929,118.16992,336.91,0.48,0.48,2025-03-19,0523,N20,nominal,2.0NRT,303.04,4.79,D
-32.36684,118.15793,349.58,0.48,0.48,2025-03-19,0523,N20,nominal,2.0NRT,303.48,17.63,D
-32.36902,118.15596,348.15,0.48,0.48,2025-03-19,0523,N20,nominal,2.0NRT,301.27,10.34,D
-32.36406,118.16055,343.39,0.48,0.48,2025-03-19,0523,N20,nominal,2.0NRT,301.65,10.34,D
-32.27759,118.5932,343.9,0.45,0.47,2025-03-19,0523,N20,nominal,2.0NRT,304.27,6.89,D
-32.27806,118.58838,339.62,0.45,0.47,2025-03-19,0523,N20,nominal,2.0NRT,304.81,6.89,D
-32.27325,118.59259,343.98,0.45,0.47,2025-03-19,0523,N20,nominal,2.0NRT,305.34,5.66,D
-32.27372,118.58777,337.03,0.45,0.47,2025-03-19,0523,N20,nominal,2.0NRT,305.38,5.66,D
-32.26891,118.59199,344.01,0.45,0.47,2025-03-19,0525,N20,nominal,2.0NRT,305.07,5.66,D
-32.26938,118.58717,338.1,0.45,0.47,2025-03-19,0525,N20,nominal,2.0NRT,305.11,5.66,D
-32.26458,118.59137,355.56,0.45,0.47,2025-03-19,0525,N20,nominal,2.0NRT,304.42,44.76,D
-32.25544,118.59498,342.93,0.45,0.47,2025-03-19,0525,N20,nominal,2.0NRT,299.22,78.92,D
-32.2559,118.59016,337.2,0.45,0.47,2025-03-19,0525,N20,nominal,2.0NRT,299.86,11.92,D
-32.24467,118.15252,345.72,0.48,0.48,2025-03-19,0525,N20,nominal,2.0NRT,303.34,11.23,D
-32.24022,118.15196,352.17,0.48,0.48,2025-03-19,0525,N20,nominal,2.0NRT,300.08,11.23,D
-32.24071,118.14684,352.32,0.48,0.48,2025-03-19,0525,N20,nominal,2.0NRT,304.42,15.13,D
-32.23527,118.15651,340.03,0.48,0.48,2025-03-19,0525,N20,nominal,2.0NRT,298.24,5.93,D
-32.23576,118.15138,343.62,0.48,0.48,2025-03-19,0525,N20,nominal,2.0NRT,301.42,5.93,D
-31.92815,118.75946,340.65,0.44,0.46,2025-03-19,0525,N20,nominal,2.0NRT,306.33,3,D
-31.92862,118.75474,330.77,0.44,0.46,2025-03-19,0525,N20,low,2.0NRT,303.3,2.51,D
-31.92387,118.75887,335.21,0.44,0.46,2025-03-19,0525,N20,nominal,2.0NRT,304.07,3,D
-31.77585,118.96002,335.53,0.42,0.46,2025-03-19,0525,N20,nominal,2.0NRT,304.08,2.4,D
-31.58023,117.49089,345.19,0.51,0.49,2025-03-19,0525,N20,nominal,2.0NRT,305.14,6.86,D
-31.58059,117.49453,338.06,0.51,0.49,2025-03-19,0525,N20,nominal,2.0NRT,303.78,3.47,D
-31.5811,117.48911,337.45,0.51,0.49,2025-03-19,0525,N20,nominal,2.0NRT,304.84,4.34,D
-31.34224,118.69165,347.12,0.43,0.46,2025-03-19,0525,N20,nominal,2.0NRT,306.4,6.72,D
-31.33798,118.69106,345.09,0.43,0.46,2025-03-19,0525,N20,nominal,2.0NRT,304.17,7.13,D
-31.33845,118.68641,348.65,0.43,0.46,2025-03-19,0525,N20,nominal,2.0NRT,306.46,4.66,D
-31.44436,117.56399,367,0.5,0.49,2025-03-19,0525,N20,high,2.0NRT,308.01,13.83,D
-31.33419,118.68582,340.74,0.43,0.46,2025-03-19,0525,N20,nominal,2.0NRT,305.24,4.66,D
-31.44384,117.56943,344.4,0.5,0.49,2025-03-19,0525,N20,nominal,2.0NRT,304.87,10.56,D
-31.44487,117.55856,351.66,0.5,0.49,2025-03-19,0525,N20,nominal,2.0NRT,306.06,13.83,D
-31.32897,118.69452,343.39,0.43,0.46,2025-03-19,0525,N20,nominal,2.0NRT,306.4,4.65,D
-31.32945,118.68987,342.73,0.43,0.46,2025-03-19,0525,N20,nominal,2.0NRT,305.08,4.65,D
-31.32993,118.68522,341.11,0.43,0.46,2025-03-19,0525,N20,nominal,2.0NRT,304.95,3.53,D
-31.43929,117.56881,352.14,0.5,0.49,2025-03-19,0525,N20,nominal,2.0NRT,308.83,28.62,D
-31.43979,117.56339,353.7,0.5,0.49,2025-03-19,0525,N20,nominal,2.0NRT,312.11,32.99,D
-31.4403,117.55799,354.02,0.5,0.49,2025-03-19,0525,N20,nominal,2.0NRT,312.48,32.99,D
-31.4408,117.55261,340.21,0.51,0.49,2025-03-19,0525,N20,nominal,2.0NRT,305.34,16.16,D
-31.43573,117.55742,367,0.5,0.49,2025-03-19,0525,N20,high,2.0NRT,305.92,32.99,D
-31.32518,118.68929,342.92,0.43,0.46,2025-03-19,0525,N20,nominal,2.0NRT,305.13,4.65,D
-31.43472,117.56821,354.55,0.5,0.49,2025-03-19,0525,N20,nominal,2.0NRT,307,28.62,D
-31.43522,117.56281,355.7,0.5,0.49,2025-03-19,0525,N20,nominal,2.0NRT,308.15,32.99,D
-31.43923,117.51978,350.67,0.51,0.49,2025-03-19,0525,N20,nominal,2.0NRT,304.32,8.23,D
-31.43066,117.56224,347.64,0.5,0.49,2025-03-19,0525,N20,nominal,2.0NRT,302.6,5.27,D
-31.43116,117.55687,335.63,0.5,0.49,2025-03-19,0525,N20,nominal,2.0NRT,302.07,5.27,D
-31.42956,117.52421,367,0.51,0.49,2025-03-19,0525,N20,high,2.0NRT,307.8,10.04,D
-31.42906,117.52959,338.71,0.51,0.49,2025-03-19,0525,N20,nominal,2.0NRT,304.59,10.04,D
-31.09612,118.96176,334.81,0.42,0.45,2025-03-19,0525,N20,low,2.0NRT,308.27,3.2,D
-31.09194,118.96113,337.5,0.42,0.45,2025-03-19,0525,N20,low,2.0NRT,308.58,3.2,D
-31.08636,118.97381,338.49,0.42,0.45,2025-03-19,0525,N20,nominal,2.0NRT,308.13,4.06,D
-31.08729,118.96496,344.08,0.42,0.45,2025-03-19,0525,N20,nominal,2.0NRT,308.08,3.42,D
-31.08775,118.96052,339.75,0.42,0.45,2025-03-19,0525,N20,nominal,2.0NRT,308.47,3.42,D
-31.08356,118.95997,342.88,0.42,0.45,2025-03-19,0525,N20,nominal,2.0NRT,308.62,3.42,D
-31.07891,118.96385,356.34,0.42,0.45,2025-03-19,0525,N20,nominal,2.0NRT,308.78,5.32,D
-31.07938,118.95941,349.81,0.42,0.45,2025-03-19,0525,N20,nominal,2.0NRT,309.9,5.32,D
-31.0738,118.97221,330.22,0.42,0.45,2025-03-19,0525,N20,low,2.0NRT,304.4,3.85,D
-31.07426,118.96777,340.54,0.42,0.45,2025-03-19,0525,N20,nominal,2.0NRT,307.37,3.85,D
-31.07472,118.96332,341.55,0.42,0.45,2025-03-19,0525,N20,nominal,2.0NRT,305.96,5.32,D
-31.07519,118.95885,340.49,0.42,0.45,2025-03-19,0525,N20,nominal,2.0NRT,308.3,5.32,D
-30.16615,116.92683,339.07,0.53,0.5,2025-03-19,0525,N20,nominal,2.0NRT,308.82,4.31,D
-30.16148,116.92622,345.53,0.53,0.5,2025-03-19,0525,N20,nominal,2.0NRT,310.77,4.31,D
-30.13144,116.60979,336.09,0.55,0.51,2025-03-19,0525,N20,low,2.0NRT,306.57,4.56,D
-30.12615,116.61511,335.92,0.55,0.51,2025-03-19,0525,N20,low,2.0NRT,306.25,11.8,D
-30.12667,116.60927,355.57,0.55,0.51,2025-03-19,0525,N20,nominal,2.0NRT,312.77,20.39,D
-30.1219,116.60877,345.15,0.55,0.51,2025-03-19,0525,N20,nominal,2.0NRT,305.89,20.39,D
-30.12294,116.59714,336.48,0.56,0.51,2025-03-19,0525,N20,nominal,2.0NRT,308.02,6.24,D
-30.11817,116.59659,367,0.56,0.51,2025-03-19,0525,N20,high,2.0NRT,309.85,8.54,D
-30.11765,116.60242,350.19,0.56,0.51,2025-03-19,0525,N20,nominal,2.0NRT,308.95,10.59,D
-30.11869,116.59078,342.1,0.56,0.51,2025-03-19,0525,N20,nominal,2.0NRT,309.56,8.54,D
-30.08728,116.88691,338.2,0.53,0.5,2025-03-19,0525,N20,nominal,2.0NRT,309.94,3.22,D
-30.11341,116.59599,343.1,0.56,0.51,2025-03-19,0525,N20,nominal,2.0NRT,307.77,8.54,D
-17.69355,130.88017,346.78,0.34,0.56,2025-03-19,0525,N20,nominal,2.0NRT,291.17,7.58,D
-15.12859,127.02943,344.29,0.42,0.45,2025-03-19,0527,N20,nominal,2.0NRT,294.59,8.13,D
-29.62071,116.0484,341.89,0.59,0.53,2025-03-19,0523,N20,nominal,2.0NRT,309.81,2.89,D
-28.87657,115.60303,344.38,0.62,0.54,2025-03-19,0523,N20,nominal,2.0NRT,313.71,24.49,D
-28.8771,115.5966,353.98,0.62,0.54,2025-03-19,0523,N20,nominal,2.0NRT,318.15,24.49,D
-28.87158,115.60236,343.45,0.62,0.54,2025-03-19,0523,N20,nominal,2.0NRT,311.57,11.09,D
-28.87211,115.59591,351.21,0.62,0.54,2025-03-19,0523,N20,nominal,2.0NRT,314.32,11.09,D
-28.87633,115.60289,343.61,0.62,0.54,2025-03-19,0523,N20,nominal,2.0NRT,313.62,13.35,D
-28.8769,115.59646,353.06,0.62,0.54,2025-03-19,0523,N20,nominal,2.0NRT,319.18,34.55,D
-28.87134,115.60223,342.75,0.62,0.54,2025-03-19,0523,N20,nominal,2.0NRT,311.12,13.35,D
-28.87191,115.59579,350.3,0.62,0.54,2025-03-19,0523,N20,nominal,2.0NRT,313.65,34.55,D
-28.63235,115.7896,339.91,0.6,0.53,2025-03-19,0523,N20,low,2.0NRT,313.88,4.62,D
-26.49442,129.14902,343.49,0.55,0.42,2025-03-19,0523,N20,low,2.0NRT,313.62,10.66,D
-26.47781,129.15085,338.1,0.55,0.42,2025-03-19,0523,N20,low,2.0NRT,311.15,7.08,D
-26.47869,129.14847,336.78,0.55,0.42,2025-03-19,0523,N20,low,2.0NRT,311.29,7.91,D
-21.33117,124.65643,340.79,0.41,0.37,2025-03-19,0525,N20,nominal,2.0NRT,287.54,1.94,D
-21.33181,124.65251,339.25,0.41,0.37,2025-03-19,0525,N20,nominal,2.0NRT,291.21,3.54,D
-21.32841,124.65187,338.19,0.41,0.37,2025-03-19,0525,N20,nominal,2.0NRT,290.54,5.01,D
-21.32268,124.62248,346.79,0.41,0.37,2025-03-19,0525,N20,nominal,2.0NRT,280.79,2.12,D
-21.31927,124.62186,350.13,0.41,0.37,2025-03-19,0525,N20,nominal,2.0NRT,289.84,27.57,D
-21.31992,124.61792,338.1,0.41,0.37,2025-03-19,0525,N20,nominal,2.0NRT,284.43,4.88,D
-21.31522,124.62514,337.73,0.41,0.37,2025-03-19,0525,N20,nominal,2.0NRT,285.04,27.57,D
-21.93478,120.47874,342.54,0.42,0.38,2025-03-19,0525,N20,nominal,2.0NRT,306.88,9.25,D
-21.30905,124.61994,352.52,0.41,0.37,2025-03-19,0525,N20,nominal,2.0NRT,297.83,22.1,D
-21.30629,124.61538,355.5,0.41,0.37,2025-03-19,0525,N20,nominal,2.0NRT,302.06,16.77,D
-21.30353,124.61082,367,0.41,0.37,2025-03-19,0525,N20,high,2.0NRT,295.14,16.77,D
-19.53177,130.24763,334.31,0.56,0.52,2025-03-19,0525,N20,nominal,2.0NRT,296.46,9.86,D
-19.51179,130.24878,342.29,0.56,0.52,2025-03-19,0525,N20,nominal,2.0NRT,296.55,9.92,D
-19.50598,130.25313,341.47,0.56,0.52,2025-03-19,0525,N20,nominal,2.0NRT,298.95,13.4,D
-19.49651,130.2511,345.91,0.56,0.52,2025-03-19,0525,N20,nominal,2.0NRT,301.33,7.31,D
-19.49178,130.25008,337.76,0.56,0.52,2025-03-19,0525,N20,nominal,2.0NRT,301.34,7.31,D
-19.50633,130.25014,347.24,0.57,0.52,2025-03-19,0525,N20,nominal,2.0NRT,299.35,11.67,D
-19.49582,130.25345,342.69,0.57,0.52,2025-03-19,0525,N20,nominal,2.0NRT,299.78,13.89,D
-19.70305,127.44077,334.53,0.57,0.43,2025-03-19,0525,N20,nominal,2.0NRT,300.87,27.2,D
-19.69809,127.44537,346.04,0.57,0.43,2025-03-19,0525,N20,nominal,2.0NRT,299.6,12.52,D
-19.70436,127.44353,341,0.57,0.43,2025-03-19,0525,N20,nominal,2.0NRT,303.56,48.57,D
-19.7004,127.44273,340.83,0.57,0.43,2025-03-19,0525,N20,nominal,2.0NRT,304.38,48.57,D
-18.62513,131.72258,330.13,0.36,0.58,2025-03-19,0525,N20,nominal,2.0NRT,281.43,2.9,D
-18.61986,131.72134,330.68,0.36,0.58,2025-03-19,0525,N20,nominal,2.0NRT,278.98,2.9,D
-18.60933,131.71887,335.18,0.36,0.58,2025-03-19,0525,N20,nominal,2.0NRT,277.05,2.53,D
-18.59111,131.70035,349.96,0.36,0.58,2025-03-19,0525,N20,nominal,2.0NRT,276.97,8.94,D
-18.59039,131.70375,356.07,0.36,0.58,2025-03-19,0525,N20,low,2.0NRT,278.52,12.12,D
-18.07673,131.58611,336.83,0.37,0.58,2025-03-19,0525,N20,nominal,2.0NRT,272.22,12.52,D
-18.07816,131.57919,355.98,0.37,0.58,2025-03-19,0525,N20,nominal,2.0NRT,276.71,12.18,D
-18.07887,131.57576,344.91,0.37,0.58,2025-03-19,0525,N20,nominal,2.0NRT,275.38,12.18,D
-18.07959,131.57231,348.72,0.37,0.58,2025-03-19,0525,N20,nominal,2.0NRT,273.13,12.64,D
-18.0803,131.56886,340.85,0.37,0.58,2025-03-19,0525,N20,nominal,2.0NRT,271.31,12.64,D
-18.08101,131.56543,345.32,0.36,0.58,2025-03-19,0525,N20,nominal,2.0NRT,270.43,10.8,D
-18.07744,131.58266,356.54,0.37,0.58,2025-03-19,0525,N20,low,2.0NRT,277.57,12.52,D
-18.07287,131.57803,349.7,0.37,0.58,2025-03-19,0525,N20,nominal,2.0NRT,274.48,12.18,D
-18.07501,131.56772,351.56,0.37,0.58,2025-03-19,0525,N20,nominal,2.0NRT,272.45,12.64,D
-18.07359,131.57458,356.15,0.37,0.58,2025-03-19,0525,N20,low,2.0NRT,277.25,12.18,D
-18.0743,131.57117,356.02,0.37,0.58,2025-03-19,0525,N20,low,2.0NRT,279.95,12.64,D
-18.07573,131.56429,356.02,0.36,0.58,2025-03-19,0525,N20,low,2.0NRT,273.61,10.8,D
-18.03846,131.61031,335.56,0.37,0.58,2025-03-19,0525,N20,nominal,2.0NRT,279.91,4.21,D
-18.03316,131.60915,343.64,0.37,0.58,2025-03-19,0525,N20,nominal,2.0NRT,281.15,4.21,D
-18.02785,131.60799,349.56,0.37,0.58,2025-03-19,0525,N20,nominal,2.0NRT,283.06,6.41,D
-18.02255,131.60683,340.45,0.37,0.58,2025-03-19,0525,N20,nominal,2.0NRT,282.89,6.41,D
-18.05925,131.43227,347.93,0.36,0.57,2025-03-19,0525,N20,nominal,2.0NRT,275.31,4.84,D
-18.05996,131.42889,343.08,0.36,0.57,2025-03-19,0525,N20,nominal,2.0NRT,274.99,4.84,D
-18.01798,131.6022,332.1,0.37,0.58,2025-03-19,0525,N20,nominal,2.0NRT,283.28,5.12,D
-18.05329,131.43452,354.3,0.36,0.57,2025-03-19,0525,N20,nominal,2.0NRT,278.12,10.32,D
-18.054,131.43114,337.02,0.36,0.57,2025-03-19,0525,N20,nominal,2.0NRT,276.93,3.36,D
-18.01724,131.6057,356.99,0.37,0.58,2025-03-19,0525,N20,low,2.0NRT,283.74,9.83,D
-18.04876,131.42998,332.45,0.36,0.57,2025-03-19,0525,N20,nominal,2.0NRT,277.47,3.36,D
-18.04947,131.42661,333.7,0.36,0.57,2025-03-19,0525,N20,nominal,2.0NRT,277.43,3.36,D
-18.02992,131.60785,354.01,0.37,0.58,2025-03-19,0525,N20,nominal,2.0NRT,282.67,4.94,D
-18.02392,131.61017,330.73,0.37,0.58,2025-03-19,0525,N20,nominal,2.0NRT,280.46,4.94,D
-18.02462,131.60667,340.7,0.37,0.58,2025-03-19,0525,N20,nominal,2.0NRT,283.89,4.94,D
-18.01932,131.6055,356.34,0.37,0.58,2025-03-19,0525,N20,low,2.0NRT,284.81,12.27,D
-18.04573,131.42145,345.21,0.36,0.57,2025-03-19,0525,N20,nominal,2.0NRT,279.76,5.82,D
-18.04119,131.41689,349.22,0.36,0.57,2025-03-19,0525,N20,nominal,2.0NRT,281.49,5.82,D
-18.03871,131.40219,338.09,0.36,0.57,2025-03-19,0525,N20,nominal,2.0NRT,278.76,4.21,D
-18.0394,131.3988,352.88,0.36,0.57,2025-03-19,0525,N20,nominal,2.0NRT,279.81,4.4,D
-18.04008,131.39542,330.14,0.36,0.57,2025-03-19,0525,N20,nominal,2.0NRT,278.48,4.4,D
-17.98964,131.58815,340.57,0.37,0.58,2025-03-19,0525,N20,nominal,2.0NRT,285.28,7.66,D
-17.99178,131.57773,352.41,0.37,0.58,2025-03-19,0525,N20,nominal,2.0NRT,290.8,24.61,D
-17.99249,131.5743,355.96,0.37,0.58,2025-03-19,0525,N20,nominal,2.0NRT,288.16,19.37,D
-17.99035,131.58467,356.5,0.37,0.58,2025-03-19,0525,N20,low,2.0NRT,286.94,7.66,D
-17.99106,131.58122,356.44,0.37,0.58,2025-03-19,0525,N20,low,2.0NRT,287.45,24.61,D
-18.08952,130.99391,367,0.34,0.56,2025-03-19,0525,N20,high,2.0NRT,292.15,10.27,D
-18.0293,131.28836,331.84,0.35,0.57,2025-03-19,0525,N20,nominal,2.0NRT,277.95,4.53,D
-18.08305,131.02567,330.98,0.34,0.56,2025-03-19,0525,N20,nominal,2.0NRT,293.91,3.45,D
-18.08823,131.00024,332.83,0.34,0.56,2025-03-19,0525,N20,nominal,2.0NRT,288,4.1,D
-18.08888,130.99707,341.41,0.34,0.56,2025-03-19,0525,N20,nominal,2.0NRT,287.44,4.1,D
-18.02411,131.28723,337.51,0.35,0.57,2025-03-19,0525,N20,nominal,2.0NRT,276.56,4.53,D
-18.07859,131.02138,335.46,0.34,0.56,2025-03-19,0525,N20,nominal,2.0NRT,293.12,3.45,D
-18.07924,131.01822,338.66,0.34,0.56,2025-03-19,0525,N20,nominal,2.0NRT,292.3,3.66,D
-17.96646,131.53969,330.74,0.37,0.58,2025-03-19,0525,N20,nominal,2.0NRT,281.63,3.1,D
-18.01962,131.20393,331.71,0.35,0.56,2025-03-19,0525,N20,nominal,2.0NRT,285.59,3.69,D
-18.06701,130.84532,339.6,0.33,0.55,2025-03-19,0525,N20,nominal,2.0NRT,289.51,4.89,D
-18.06939,130.84355,337.12,0.33,0.55,2025-03-19,0525,N20,nominal,2.0NRT,291.22,1.54,D
-18.06433,130.84245,330.18,0.33,0.55,2025-03-19,0525,N20,nominal,2.0NRT,290.36,1.78,D
-18.0145,131.01207,334.31,0.34,0.56,2025-03-19,0525,N20,nominal,2.0NRT,287.05,2.73,D
-18.01068,131.00459,332.14,0.34,0.56,2025-03-19,0525,N20,nominal,2.0NRT,288.8,6.11,D
-18.0126,130.99507,332.44,0.34,0.56,2025-03-19,0525,N20,nominal,2.0NRT,289.79,9.31,D
-18.01388,130.96227,367,0.33,0.56,2025-03-19,0525,N20,high,2.0NRT,293.67,12.07,D
-18.01451,130.95912,367,0.33,0.56,2025-03-19,0525,N20,high,2.0NRT,296.72,12.07,D
-18.01515,130.95596,367,0.33,0.56,2025-03-19,0525,N20,high,2.0NRT,298.88,33.82,D
-18.00685,130.99715,355.94,0.34,0.56,2025-03-19,0525,N20,nominal,2.0NRT,288.08,10.2,D
-18.00813,130.99077,356.11,0.34,0.56,2025-03-19,0525,N20,nominal,2.0NRT,290.14,9.31,D
-18.00877,130.98759,334.87,0.34,0.56,2025-03-19,0525,N20,nominal,2.0NRT,287.74,9.97,D
-18.01579,130.9528,349.52,0.33,0.56,2025-03-19,0525,N20,nominal,2.0NRT,299.26,33.82,D
-18.01643,130.94965,344.6,0.33,0.56,2025-03-19,0525,N20,nominal,2.0NRT,293.8,8.31,D
-18.01706,130.94649,337.44,0.33,0.56,2025-03-19,0525,N20,nominal,2.0NRT,291.53,8.31,D
-18.00621,131.00031,356.15,0.34,0.56,2025-03-19,0525,N20,low,2.0NRT,289.06,10.2,D
-18.00749,130.99396,356.15,0.34,0.56,2025-03-19,0525,N20,low,2.0NRT,289.81,9.31,D
-18.00495,130.98018,367,0.34,0.56,2025-03-19,0525,N20,high,2.0NRT,292.84,9.94,D
-18.00303,130.98967,351.06,0.34,0.56,2025-03-19,0525,N20,nominal,2.0NRT,290.33,32.42,D
-18.00367,130.98651,354.57,0.34,0.56,2025-03-19,0525,N20,nominal,2.0NRT,290.35,18.67,D
-18.00559,130.97702,331.21,0.34,0.56,2025-03-19,0525,N20,nominal,2.0NRT,289.49,9.94,D
-18.0107,130.95171,344.63,0.33,0.56,2025-03-19,0525,N20,nominal,2.0NRT,293.2,4.59,D
-18.00239,130.99286,356.51,0.34,0.56,2025-03-19,0525,N20,low,2.0NRT,286.63,32.42,D
-18.00431,130.98334,356.57,0.34,0.56,2025-03-19,0525,N20,low,2.0NRT,288.74,18.67,D
-18.0126,130.88982,367,0.33,0.55,2025-03-19,0525,N20,high,2.0NRT,296.02,69.83,D
-18.01386,130.88356,367,0.33,0.55,2025-03-19,0525,N20,high,2.0NRT,295.74,10.34,D
-18.01449,130.88045,367,0.33,0.55,2025-03-19,0525,N20,high,2.0NRT,295.19,10.34,D
-18.01512,130.87732,367,0.33,0.55,2025-03-19,0525,N20,high,2.0NRT,295.55,7.62,D
-18.0088,130.90858,350.3,0.33,0.55,2025-03-19,0525,N20,nominal,2.0NRT,296.9,6.28,D
-18.00943,130.90546,334.96,0.33,0.55,2025-03-19,0525,N20,nominal,2.0NRT,296.59,6.28,D
-18.01007,130.90231,335.1,0.33,0.55,2025-03-19,0525,N20,nominal,2.0NRT,295.27,5.15,D
-18.0107,130.89919,342.8,0.33,0.55,2025-03-19,0525,N20,nominal,2.0NRT,293.98,5.15,D
-18.01196,130.89294,330.82,0.33,0.55,2025-03-19,0525,N20,nominal,2.0NRT,292.36,3.93,D
-18.01575,130.87421,347.19,0.33,0.55,2025-03-19,0525,N20,nominal,2.0NRT,293.03,7.62,D
-18.00372,130.90747,367,0.33,0.55,2025-03-19,0525,N20,high,2.0NRT,298.45,6.28,D
-18.00943,130.87933,367,0.33,0.55,2025-03-19,0525,N20,high,2.0NRT,292.64,10.34,D
-18.00054,130.92322,334.09,0.33,0.56,2025-03-19,0525,N20,nominal,2.0NRT,294.93,2.62,D
-18.00117,130.92006,342.37,0.33,0.55,2025-03-19,0525,N20,nominal,2.0NRT,296.6,5.26,D
-18.00181,130.91692,354.38,0.33,0.55,2025-03-19,0525,N20,nominal,2.0NRT,297.22,5.26,D
-18.00245,130.91376,344.82,0.33,0.55,2025-03-19,0525,N20,nominal,2.0NRT,297.57,7.9,D
-18.00309,130.91063,354.02,0.33,0.55,2025-03-19,0525,N20,nominal,2.0NRT,297.26,7.9,D
-18.00436,130.90434,343.13,0.33,0.55,2025-03-19,0525,N20,nominal,2.0NRT,297.13,6.28,D
-18.00626,130.89494,339.08,0.33,0.55,2025-03-19,0525,N20,nominal,2.0NRT,294.4,3.93,D
-18.0069,130.89183,337.79,0.33,0.55,2025-03-19,0525,N20,nominal,2.0NRT,293.42,3.93,D
-18.00879,130.88245,339.48,0.33,0.55,2025-03-19,0525,N20,nominal,2.0NRT,291.46,10.34,D
-18.01006,130.87621,338.26,0.33,0.55,2025-03-19,0525,N20,nominal,2.0NRT,291,7.62,D
-17.99609,130.91896,367,0.33,0.55,2025-03-19,0525,N20,high,2.0NRT,296.27,35.14,D
-17.99928,130.90326,367,0.33,0.55,2025-03-19,0525,N20,high,2.0NRT,297.6,6.77,D
-17.99673,130.91582,346.28,0.33,0.55,2025-03-19,0525,N20,nominal,2.0NRT,303.59,35.14,D
-17.99737,130.91266,349.04,0.33,0.55,2025-03-19,0525,N20,nominal,2.0NRT,303.44,18.62,D
-17.99801,130.90952,343.57,0.33,0.55,2025-03-19,0525,N20,nominal,2.0NRT,297.65,18.62,D
-17.99865,130.90639,344.48,0.33,0.55,2025-03-19,0525,N20,nominal,2.0NRT,296.5,6.77,D
-18.0031,130.88448,331.95,0.33,0.55,2025-03-19,0525,N20,nominal,2.0NRT,291.22,5.18,D
-18.00373,130.88135,335.07,0.33,0.55,2025-03-19,0525,N20,nominal,2.0NRT,291.01,3.43,D
-17.99293,130.90842,367,0.33,0.55,2025-03-19,0525,N20,high,2.0NRT,295.06,18.62,D
-17.99229,130.91158,340.66,0.33,0.55,2025-03-19,0525,N20,nominal,2.0NRT,294.33,18.62,D
-17.99357,130.90529,346.73,0.33,0.55,2025-03-19,0525,N20,nominal,2.0NRT,295.23,6.77,D
-17.9993,130.87714,345.27,0.33,0.55,2025-03-19,0525,N20,nominal,2.0NRT,290.36,3.43,D
-17.99993,130.87402,334.16,0.33,0.55,2025-03-19,0525,N20,nominal,2.0NRT,289.44,2.61,D
-17.99866,130.88025,356.06,0.33,0.55,2025-03-19,0525,N20,low,2.0NRT,288.82,3.43,D
-17.99677,130.86356,367,0.33,0.55,2025-03-19,0525,N20,high,2.0NRT,293.87,7.71,D
-17.99359,130.87915,346.99,0.33,0.55,2025-03-19,0525,N20,nominal,2.0NRT,284.64,6.93,D
-17.99423,130.87602,330.6,0.33,0.55,2025-03-19,0525,N20,nominal,2.0NRT,288.36,6.93,D
-17.99613,130.86668,343.82,0.33,0.55,2025-03-19,0525,N20,nominal,2.0NRT,291.03,7.71,D
-18.00373,130.82933,334.51,0.33,0.55,2025-03-19,0525,N20,nominal,2.0NRT,295.13,3.72,D
-18.005,130.82312,336.44,0.33,0.55,2025-03-19,0525,N20,nominal,2.0NRT,294.89,4.96,D
-18.00689,130.81381,330.21,0.33,0.55,2025-03-19,0525,N20,nominal,2.0NRT,295.19,5.11,D
-18.00751,130.81073,333.17,0.33,0.55,2025-03-19,0525,N20,nominal,2.0NRT,295.03,3.54,D
-17.99298,130.85623,367,0.33,0.55,2025-03-19,0525,N20,high,2.0NRT,293.81,6.96,D
-17.99234,130.85934,355.61,0.33,0.55,2025-03-19,0525,N20,nominal,2.0NRT,293.12,6.96,D
-17.99488,130.84689,331.86,0.33,0.55,2025-03-19,0525,N20,nominal,2.0NRT,294.4,2.79,D
-17.99615,130.84067,330.76,0.33,0.55,2025-03-19,0525,N20,nominal,2.0NRT,294.4,1.95,D
-17.99868,130.82825,346.35,0.33,0.55,2025-03-19,0525,N20,nominal,2.0NRT,296.13,3.72,D
-18.0031,130.80653,332.6,0.33,0.55,2025-03-19,0525,N20,nominal,2.0NRT,294.79,3.54,D
-18.00373,130.80344,346.56,0.33,0.55,2025-03-19,0525,N20,nominal,2.0NRT,293.67,4.87,D
-17.98916,130.87494,356.14,0.33,0.55,2025-03-19,0525,N20,low,2.0NRT,285.13,6.93,D
-17.9911,130.83957,367,0.33,0.55,2025-03-19,0525,N20,high,2.0NRT,295.63,5.84,D
-17.99046,130.84268,330.33,0.33,0.55,2025-03-19,0525,N20,nominal,2.0NRT,293.87,4.42,D
-17.993,130.83026,349.75,0.33,0.55,2025-03-19,0525,N20,nominal,2.0NRT,296.05,4.88,D
-17.99489,130.82097,331.77,0.33,0.55,2025-03-19,0525,N20,nominal,2.0NRT,295.59,4.03,D
-17.99868,130.80237,340.96,0.33,0.55,2025-03-19,0525,N20,nominal,2.0NRT,293.57,2.9,D
-17.99932,130.79929,332.21,0.33,0.55,2025-03-19,0525,N20,nominal,2.0NRT,291.32,2.9,D
-17.83544,131.56732,336.69,0.37,0.58,2025-03-19,0525,N20,nominal,2.0NRT,268.15,4.68,D
-17.83617,131.56386,340.21,0.37,0.58,2025-03-19,0525,N20,nominal,2.0NRT,267.4,4.68,D
-17.83689,131.56038,349.74,0.37,0.58,2025-03-19,0525,N20,nominal,2.0NRT,267.71,7.51,D
-17.98794,130.82916,345.65,0.33,0.55,2025-03-19,0525,N20,nominal,2.0NRT,294.35,4.88,D
-17.98858,130.82607,336.47,0.33,0.55,2025-03-19,0525,N20,nominal,2.0NRT,295.75,8.34,D
-17.99427,130.79819,348.98,0.33,0.55,2025-03-19,0525,N20,nominal,2.0NRT,292.18,2.9,D
-17.83013,131.56618,344.9,0.37,0.58,2025-03-19,0525,N20,nominal,2.0NRT,267.43,11.34,D
-17.83158,131.55923,347.77,0.37,0.58,2025-03-19,0525,N20,nominal,2.0NRT,268.71,19.85,D
-17.83303,131.55231,355.21,0.37,0.58,2025-03-19,0525,N20,nominal,2.0NRT,268.25,15.83,D
-17.83375,131.54886,332.99,0.37,0.58,2025-03-19,0525,N20,nominal,2.0NRT,266.24,15.83,D
-17.98416,130.82188,338.23,0.33,0.55,2025-03-19,0525,N20,nominal,2.0NRT,293.43,3.87,D
-17.98479,130.81877,330.32,0.33,0.55,2025-03-19,0525,N20,nominal,2.0NRT,293.38,3.7,D
-17.83086,131.56271,356.53,0.37,0.58,2025-03-19,0525,N20,low,2.0NRT,268.99,11.34,D
-17.83231,131.55577,356.53,0.37,0.58,2025-03-19,0525,N20,low,2.0NRT,266.48,19.85,D
-17.827,131.55463,353.12,0.37,0.58,2025-03-19,0525,N20,nominal,2.0NRT,270.55,19.85,D
-17.82773,131.55116,355.48,0.37,0.58,2025-03-19,0525,N20,nominal,2.0NRT,271.51,15.83,D
-17.82845,131.54773,341.99,0.37,0.58,2025-03-19,0525,N20,nominal,2.0NRT,265.62,15.83,D
-17.98102,130.81148,338.81,0.33,0.55,2025-03-19,0525,N20,nominal,2.0NRT,292.61,5.34,D
-17.82555,131.56155,356.36,0.37,0.58,2025-03-19,0525,N20,low,2.0NRT,265.22,11.34,D
-17.82628,131.55807,356.4,0.37,0.58,2025-03-19,0525,N20,low,2.0NRT,269.38,19.85,D
-17.8217,131.55348,337.38,0.37,0.58,2025-03-19,0525,N20,nominal,2.0NRT,267.19,5.54,D
-17.82346,131.55516,354.81,0.37,0.58,2025-03-19,0525,N20,nominal,2.0NRT,270.55,17.74,D
-17.82416,131.55168,355.06,0.37,0.58,2025-03-19,0525,N20,nominal,2.0NRT,267.21,17.74,D
-17.82486,131.54822,335.39,0.37,0.58,2025-03-19,0525,N20,nominal,2.0NRT,265.22,6.48,D
-17.82276,131.55862,356.26,0.37,0.58,2025-03-19,0525,N20,low,2.0NRT,263.58,25.8,D
-17.88998,130.85323,330.56,0.33,0.55,2025-03-19,0525,N20,nominal,2.0NRT,294.32,2.45,D
-17.89061,130.85013,340.35,0.33,0.55,2025-03-19,0525,N20,nominal,2.0NRT,294.83,2.45,D
-17.89629,130.82222,330.88,0.33,0.55,2025-03-19,0525,N20,nominal,2.0NRT,292.34,2.17,D
-17.88554,130.84908,341.05,0.33,0.55,2025-03-19,0525,N20,nominal,2.0NRT,294.36,2.45,D
-17.8722,130.86252,331.43,0.33,0.55,2025-03-19,0525,N20,nominal,2.0NRT,295.56,3.87,D
-17.87348,130.85629,331.76,0.33,0.55,2025-03-19,0525,N20,nominal,2.0NRT,295.04,1.84,D
-17.81806,130.90785,344.59,0.34,0.56,2025-03-19,0525,N20,nominal,2.0NRT,295.37,2.91,D
-17.81869,130.90469,332.51,0.34,0.56,2025-03-19,0525,N20,nominal,2.0NRT,295.17,2.91,D
-17.81233,130.90991,353.2,0.34,0.56,2025-03-19,0525,N20,nominal,2.0NRT,297.23,4.86,D
-17.81296,130.90678,332.96,0.34,0.56,2025-03-19,0525,N20,nominal,2.0NRT,295.86,3.03,D
-17.81359,130.90366,350.88,0.34,0.56,2025-03-19,0525,N20,nominal,2.0NRT,295.38,3.03,D
-17.8066,130.912,335.61,0.34,0.56,2025-03-19,0525,N20,nominal,2.0NRT,297.01,4.86,D
-17.80786,130.90573,338.89,0.34,0.56,2025-03-19,0525,N20,nominal,2.0NRT,296.8,3.03,D
-17.80085,130.91409,347.37,0.34,0.56,2025-03-19,0525,N20,nominal,2.0NRT,297.27,5.49,D
-17.79511,130.91621,355.72,0.34,0.56,2025-03-19,0525,N20,nominal,2.0NRT,294.03,5.49,D
-17.79765,130.90363,335.42,0.34,0.56,2025-03-19,0525,N20,nominal,2.0NRT,295.12,2.13,D
-17.79829,130.90045,333.59,0.34,0.56,2025-03-19,0525,N20,nominal,2.0NRT,293.82,2.13,D
-17.7632,130.916,335.53,0.34,0.56,2025-03-19,0525,N20,nominal,2.0NRT,285.57,1.31,D
-17.76769,130.89401,336.24,0.34,0.56,2025-03-19,0525,N20,nominal,2.0NRT,282.59,13.13,D
-17.76897,130.88771,347.95,0.33,0.56,2025-03-19,0525,N20,nominal,2.0NRT,291.18,29.69,D
-17.76833,130.89087,356.08,0.33,0.56,2025-03-19,0525,N20,low,2.0NRT,289.84,29.69,D
-17.76002,130.90549,340.95,0.34,0.56,2025-03-19,0525,N20,nominal,2.0NRT,286.31,5.44,D
-17.76259,130.89296,333.96,0.34,0.56,2025-03-19,0525,N20,nominal,2.0NRT,281.48,2.01,D
-17.76323,130.88982,334.69,0.33,0.56,2025-03-19,0525,N20,nominal,2.0NRT,286.18,3.62,D
-17.75557,130.90128,367,0.34,0.56,2025-03-19,0525,N20,high,2.0NRT,290.26,8.55,D
-17.75492,130.90442,353.58,0.34,0.56,2025-03-19,0525,N20,nominal,2.0NRT,290.44,5.44,D
-17.74214,130.91481,334.92,0.34,0.56,2025-03-19,0525,N20,nominal,2.0NRT,295.95,3.99,D
-17.73703,130.91373,333.69,0.34,0.56,2025-03-19,0525,N20,nominal,2.0NRT,295.65,4.88,D
-17.73833,130.90742,331.21,0.34,0.56,2025-03-19,0525,N20,nominal,2.0NRT,294.88,5.58,D
-17.73898,130.90428,330.86,0.34,0.56,2025-03-19,0525,N20,nominal,2.0NRT,294.63,3.74,D
-17.73517,130.8969,355.64,0.34,0.56,2025-03-19,0525,N20,nominal,2.0NRT,293.31,6.57,D
-17.72496,130.89476,367,0.34,0.56,2025-03-19,0525,N20,high,2.0NRT,294.77,8.23,D
-17.72627,130.88844,367,0.34,0.56,2025-03-19,0525,N20,high,2.0NRT,294.98,9.31,D
-17.72431,130.8979,341.39,0.34,0.56,2025-03-19,0525,N20,nominal,2.0NRT,287.3,4.06,D
-17.72562,130.8916,352.71,0.34,0.56,2025-03-19,0525,N20,nominal,2.0NRT,294.49,8.23,D
-17.73819,130.8963,367,0.34,0.56,2025-03-19,0525,N20,high,2.0NRT,293.22,5.98,D
-17.73631,130.90578,340.58,0.34,0.56,2025-03-19,0525,N20,nominal,2.0NRT,295.65,6.74,D
-17.73756,130.89946,330.3,0.34,0.56,2025-03-19,0525,N20,nominal,2.0NRT,293.97,6.26,D
-17.72994,130.91103,331.28,0.34,0.56,2025-03-19,0525,N20,nominal,2.0NRT,295.56,5.93,D
-17.78938,130.6107,331.04,0.32,0.55,2025-03-19,0525,N20,nominal,2.0NRT,294.7,3.01,D
-17.72736,130.89728,351.1,0.34,0.56,2025-03-19,0525,N20,nominal,2.0NRT,288,7.24,D
-17.72799,130.89412,352.78,0.34,0.56,2025-03-19,0525,N20,nominal,2.0NRT,293.88,6.36,D
-17.72414,130.88672,367,0.34,0.56,2025-03-19,0525,N20,high,2.0NRT,296.46,7.47,D
-17.72288,130.89304,345.07,0.34,0.56,2025-03-19,0525,N20,nominal,2.0NRT,294.4,6.36,D
-17.72351,130.88986,352.87,0.34,0.56,2025-03-19,0525,N20,nominal,2.0NRT,294.9,6.36,D
-17.72476,130.88361,352.86,0.34,0.56,2025-03-19,0525,N20,nominal,2.0NRT,295.56,7.47,D
-17.71966,130.88252,335.77,0.34,0.56,2025-03-19,0525,N20,nominal,2.0NRT,294.26,3.81,D
-17.72028,130.87941,342.58,0.34,0.56,2025-03-19,0525,N20,nominal,2.0NRT,295.31,4.57,D
-17.69675,130.8907,342.19,0.34,0.56,2025-03-19,0525,N20,nominal,2.0NRT,297.7,7.45,D
-17.69739,130.88753,337.3,0.34,0.56,2025-03-19,0525,N20,nominal,2.0NRT,297.09,5.23,D
-17.70117,130.86873,334.59,0.33,0.56,2025-03-19,0525,N20,nominal,2.0NRT,293.41,3.61,D
-17.69291,130.88332,330.31,0.34,0.56,2025-03-19,0525,N20,nominal,2.0NRT,284.96,5.23,D
-17.69544,130.87079,346,0.34,0.56,2025-03-19,0525,N20,nominal,2.0NRT,291.14,8.16,D
-17.69606,130.86768,334.41,0.33,0.56,2025-03-19,0525,N20,nominal,2.0NRT,290.18,3.61,D
-17.65074,130.90738,351.22,0.34,0.56,2025-03-19,0525,N20,nominal,2.0NRT,288.5,7.03,D
-17.65138,130.90421,342.61,0.34,0.56,2025-03-19,0525,N20,nominal,2.0NRT,287.85,5.34,D
-17.64434,130.91257,330.71,0.34,0.56,2025-03-19,0525,N20,nominal,2.0NRT,287.76,4,D
-17.64498,130.90942,337.58,0.34,0.56,2025-03-19,0525,N20,nominal,2.0NRT,288.26,7.03,D
-17.64626,130.90318,334.77,0.34,0.56,2025-03-19,0525,N20,nominal,2.0NRT,286.8,5.34,D
-17.64562,130.90631,356.4,0.34,0.56,2025-03-19,0525,N20,low,2.0NRT,288.21,7.03,D
-17.63791,130.91789,333,0.34,0.56,2025-03-19,0525,N20,nominal,2.0NRT,288.32,3.4,D
-17.63212,130.92007,348.2,0.34,0.56,2025-03-19,0525,N20,nominal,2.0NRT,288.39,3.4,D
-17.63279,130.91682,334.9,0.34,0.56,2025-03-19,0525,N20,nominal,2.0NRT,289.15,3.4,D
-17.63475,130.90727,336.25,0.34,0.56,2025-03-19,0525,N20,nominal,2.0NRT,285.07,4.75,D
-18.37774,125.72595,354.33,0.48,0.4,2025-03-19,0525,N20,nominal,2.0NRT,292.04,16.97,D
-18.33737,125.68148,330.73,0.48,0.4,2025-03-19,0525,N20,nominal,2.0NRT,287.19,4.47,D
-17.40808,127.01827,336.25,0.39,0.44,2025-03-19,0525,N20,nominal,2.0NRT,278.82,3.64,D
-17.40407,127.01748,333.51,0.39,0.44,2025-03-19,0525,N20,nominal,2.0NRT,279.13,3.34,D
-17.40007,127.01665,340.96,0.39,0.44,2025-03-19,0525,N20,nominal,2.0NRT,279.2,3.34,D
-17.39607,127.01585,356.74,0.39,0.44,2025-03-19,0525,N20,nominal,2.0NRT,278.37,10.34,D
-17.39141,127.01862,352.91,0.39,0.44,2025-03-19,0525,N20,nominal,2.0NRT,270.56,10.91,D
-17.39205,127.0151,340.06,0.39,0.44,2025-03-19,0525,N20,nominal,2.0NRT,272.29,10.34,D
-17.35909,126.34695,333.69,0.54,0.42,2025-03-19,0525,N20,nominal,2.0NRT,283.77,5.79,D
-17.35997,126.34192,343.37,0.53,0.42,2025-03-19,0525,N20,nominal,2.0NRT,283.79,5.79,D
-17.35522,126.34626,336.43,0.54,0.42,2025-03-19,0525,N20,nominal,2.0NRT,283.87,13.15,D
-17.2576,126.23658,339.99,0.53,0.42,2025-03-19,0525,N20,nominal,2.0NRT,271.32,15.32,D
-17.04093,127.2854,337.42,0.41,0.45,2025-03-19,0525,N20,nominal,2.0NRT,278.92,3.67,D
-17.04163,127.28162,340.33,0.41,0.45,2025-03-19,0525,N20,nominal,2.0NRT,277.54,3.67,D
-17.04968,126.8899,335.29,0.39,0.44,2025-03-19,0527,N20,nominal,2.0NRT,274.06,5.12,D
-17.04568,126.88914,351.5,0.39,0.44,2025-03-19,0527,N20,nominal,2.0NRT,274.4,5.12,D
-17.04633,126.88551,336.83,0.39,0.44,2025-03-19,0527,N20,nominal,2.0NRT,275.24,6.81,D
-17.04232,126.88475,354.93,0.39,0.44,2025-03-19,0527,N20,nominal,2.0NRT,276.16,9.3,D
-17.03832,126.88397,336.14,0.39,0.44,2025-03-19,0527,N20,nominal,2.0NRT,275.24,9.3,D
-16.96357,127.11333,344.76,0.4,0.44,2025-03-19,0527,N20,nominal,2.0NRT,279,15.19,D
-17.00821,126.86724,343.86,0.39,0.44,2025-03-19,0527,N20,nominal,2.0NRT,275.38,6.17,D
-16.96016,127.10899,342.61,0.4,0.44,2025-03-19,0527,N20,nominal,2.0NRT,276.96,8.32,D
-16.96081,127.10538,350.89,0.4,0.44,2025-03-19,0527,N20,nominal,2.0NRT,279.94,10.03,D
-16.93304,127.09631,335.35,0.4,0.44,2025-03-19,0527,N20,nominal,2.0NRT,275.72,3.19,D
-16.93372,127.09265,345.09,0.4,0.44,2025-03-19,0527,N20,nominal,2.0NRT,278.02,6.88,D
-16.93338,127.09638,331.77,0.4,0.44,2025-03-19,0527,N20,nominal,2.0NRT,275.65,2.5,D
-16.93403,127.09269,345.72,0.4,0.44,2025-03-19,0527,N20,nominal,2.0NRT,277.77,6.29,D
-16.92931,127.0956,343.72,0.4,0.44,2025-03-19,0527,N20,nominal,2.0NRT,278.55,10.61,D
-16.92997,127.09193,331.82,0.4,0.44,2025-03-19,0527,N20,nominal,2.0NRT,278.66,7.77,D
-16.92054,127.09766,342.22,0.4,0.44,2025-03-19,0527,N20,nominal,2.0NRT,276.52,5.92,D
-16.91713,127.09325,343.89,0.4,0.44,2025-03-19,0527,N20,nominal,2.0NRT,277.59,5.92,D
-16.91778,127.08958,339.48,0.4,0.44,2025-03-19,0527,N20,nominal,2.0NRT,278.89,9.06,D
-16.8595,126.99436,349.67,0.4,0.44,2025-03-19,0527,N20,nominal,2.0NRT,271.75,4.52,D
-16.86018,126.99066,333.87,0.39,0.44,2025-03-19,0527,N20,nominal,2.0NRT,273.09,4.52,D
-16.86085,126.98698,354.34,0.39,0.44,2025-03-19,0527,N20,nominal,2.0NRT,277.1,15.52,D
-16.86151,126.98334,337.05,0.39,0.44,2025-03-19,0527,N20,nominal,2.0NRT,274.1,15.52,D
-16.85545,126.99364,343.25,0.4,0.44,2025-03-19,0527,N20,nominal,2.0NRT,272.5,6.79,D
-16.85613,126.98994,346.85,0.39,0.44,2025-03-19,0527,N20,nominal,2.0NRT,273.58,6.79,D
-16.92002,126.61588,331.89,0.56,0.43,2025-03-19,0527,N20,nominal,2.0NRT,276.36,4.84,D
-16.66276,127.49588,332.98,0.43,0.46,2025-03-19,0527,N20,nominal,2.0NRT,282.19,5.55,D
-16.73958,126.6358,335.65,0.57,0.43,2025-03-19,0527,N20,nominal,2.0NRT,273.41,7.09,D
-16.72284,126.63784,330.03,0.57,0.43,2025-03-19,0527,N20,nominal,2.0NRT,270.67,5.23,D
-16.43705,127.5153,330.12,0.43,0.46,2025-03-19,0527,N20,nominal,2.0NRT,280.91,2.43,D
-16.43284,127.51453,334.42,0.43,0.46,2025-03-19,0527,N20,nominal,2.0NRT,281.89,4.77,D
-16.26457,127.57866,349.21,0.44,0.46,2025-03-19,0527,N20,nominal,2.0NRT,286.93,7.48,D
-16.3041,127.36066,340.23,0.42,0.46,2025-03-19,0527,N20,nominal,2.0NRT,288.52,4.86,D
-16.30482,127.35667,333.8,0.42,0.46,2025-03-19,0527,N20,nominal,2.0NRT,287.47,4.86,D
-16.2879,127.37846,336.73,0.43,0.46,2025-03-19,0527,N20,nominal,2.0NRT,290.11,4.57,D
-16.28864,127.37444,334.81,0.43,0.46,2025-03-19,0527,N20,nominal,2.0NRT,291.46,7.29,D
-16.27426,127.42961,339.25,0.43,0.46,2025-03-19,0527,N20,nominal,2.0NRT,292.66,4.93,D
-16.27716,127.41372,354.5,0.43,0.46,2025-03-19,0527,N20,nominal,2.0NRT,290.18,10.8,D
-16.27007,127.42878,336.42,0.43,0.46,2025-03-19,0527,N20,nominal,2.0NRT,291.11,4.93,D
-16.25982,127.3195,343.5,0.42,0.45,2025-03-19,0527,N20,nominal,2.0NRT,287.99,6.61,D
-16.10595,127.34934,345.95,0.43,0.46,2025-03-19,0527,N20,nominal,2.0NRT,290.31,7.73,D
-16.06019,127.29161,351.88,0.42,0.46,2025-03-19,0527,N20,nominal,2.0NRT,288.29,8.59,D
-16.06091,127.28768,330.71,0.42,0.45,2025-03-19,0527,N20,nominal,2.0NRT,290.73,8.59,D
-16.04424,127.28437,331.72,0.42,0.45,2025-03-19,0527,N20,nominal,2.0NRT,292.37,5.68,D
-16.08582,127.01137,330.27,0.41,0.45,2025-03-19,0527,N20,nominal,2.0NRT,280.22,2.62,D
-16.08651,127.0076,334.88,0.41,0.45,2025-03-19,0527,N20,nominal,2.0NRT,281.27,4.77,D
-16.01419,127.27832,333.17,0.42,0.46,2025-03-19,0527,N20,nominal,2.0NRT,290.4,3.25,D
-15.30419,130.36299,343.15,0.34,0.56,2025-03-19,0527,N20,nominal,2.0NRT,282.64,3.07,D
-15.30478,130.35997,333.8,0.34,0.56,2025-03-19,0527,N20,nominal,2.0NRT,282.8,3.07,D
-15.3118,130.29674,337.56,0.34,0.56,2025-03-19,0527,N20,nominal,2.0NRT,290.46,2.42,D
-15.2893,130.27531,338.86,0.34,0.56,2025-03-19,0527,N20,nominal,2.0NRT,289.8,2.1,D
-15.26966,130.3205,367,0.34,0.56,2025-03-19,0527,N20,high,2.0NRT,290.09,7.43,D
-15.27029,130.31729,346.91,0.34,0.56,2025-03-19,0527,N20,nominal,2.0NRT,289.55,7.43,D
-15.27903,130.27321,330.8,0.34,0.56,2025-03-19,0527,N20,nominal,2.0NRT,292.18,4.9,D
-15.27452,130.26903,367,0.34,0.56,2025-03-19,0527,N20,high,2.0NRT,293.29,5.57,D
-15.26387,130.32263,342.98,0.34,0.56,2025-03-19,0527,N20,nominal,2.0NRT,287.93,8.21,D
-15.2645,130.31944,337.21,0.34,0.56,2025-03-19,0527,N20,nominal,2.0NRT,288.22,7.43,D
-15.26577,130.31306,336.96,0.34,0.56,2025-03-19,0527,N20,nominal,2.0NRT,287.13,5.15,D
-15.2664,130.30991,354.1,0.34,0.56,2025-03-19,0527,N20,nominal,2.0NRT,290.09,5.15,D
-15.27514,130.26587,335.18,0.34,0.56,2025-03-19,0527,N20,nominal,2.0NRT,293.69,5.57,D
-15.26936,130.26811,333.87,0.34,0.56,2025-03-19,0527,N20,nominal,2.0NRT,292.25,3.31,D
-15.48275,126.64333,331.82,0.4,0.44,2025-03-19,0527,N20,nominal,2.0NRT,296.4,4.99,D
-15.45429,126.61512,367,0.4,0.44,2025-03-19,0527,N20,high,2.0NRT,296.28,11.27,D
-15.45559,126.60777,367,0.39,0.44,2025-03-19,0527,N20,high,2.0NRT,300.36,8.88,D
-15.45364,126.61877,343.35,0.4,0.44,2025-03-19,0527,N20,nominal,2.0NRT,295.7,8.04,D
-15.45494,126.61145,350.76,0.39,0.44,2025-03-19,0527,N20,nominal,2.0NRT,295.65,11.27,D
-15.45624,126.60409,333.88,0.39,0.44,2025-03-19,0527,N20,nominal,2.0NRT,296.63,8.88,D
-15.45349,126.59605,367,0.39,0.44,2025-03-19,0527,N20,high,2.0NRT,297.5,6.44,D
-15.44959,126.61807,336.32,0.4,0.44,2025-03-19,0527,N20,nominal,2.0NRT,295.67,2.81,D
-15.45024,126.61441,330.42,0.4,0.44,2025-03-19,0527,N20,nominal,2.0NRT,295.53,3.37,D
-15.45089,126.61074,339.17,0.39,0.44,2025-03-19,0527,N20,nominal,2.0NRT,296.91,3.37,D
-15.4522,126.60338,345.01,0.39,0.44,2025-03-19,0527,N20,nominal,2.0NRT,298.27,8.6,D
-15.45285,126.59972,343.91,0.39,0.44,2025-03-19,0527,N20,nominal,2.0NRT,296.27,6.44,D
-15.44945,126.59531,339.23,0.39,0.44,2025-03-19,0527,N20,nominal,2.0NRT,296.94,6.44,D
-15.45336,126.5733,332.65,0.39,0.44,2025-03-19,0527,N20,nominal,2.0NRT,292.42,3.22,D
-15.44998,126.56889,367,0.39,0.44,2025-03-19,0527,N20,high,2.0NRT,296.12,15.78,D
-15.44606,126.59092,334.68,0.39,0.44,2025-03-19,0527,N20,nominal,2.0NRT,296.53,4.61,D
-15.44933,126.57255,346.25,0.39,0.44,2025-03-19,0527,N20,nominal,2.0NRT,295.7,7.2,D
-15.44268,126.5865,341.72,0.39,0.44,2025-03-19,0527,N20,nominal,2.0NRT,295.78,4.61,D
-15.44333,126.58283,342.55,0.39,0.44,2025-03-19,0527,N20,nominal,2.0NRT,296.5,5.64,D
-15.44398,126.57917,340.68,0.39,0.44,2025-03-19,0527,N20,nominal,2.0NRT,297.09,5.64,D
-15.44464,126.57548,332.06,0.39,0.44,2025-03-19,0527,N20,nominal,2.0NRT,294.81,7.2,D
-15.44594,126.56815,334.78,0.39,0.44,2025-03-19,0527,N20,nominal,2.0NRT,294.81,15.78,D
-15.33409,127.09595,367,0.42,0.46,2025-03-19,0527,N20,high,2.0NRT,297.1,8.35,D
-15.31395,127.20663,341.75,0.43,0.46,2025-03-19,0527,N20,nominal,2.0NRT,283.77,7.69,D
-15.31469,127.2026,343.73,0.43,0.46,2025-03-19,0527,N20,nominal,2.0NRT,282.78,7.69,D
-15.33481,127.09203,332.24,0.42,0.45,2025-03-19,0527,N20,nominal,2.0NRT,297.39,8.35,D
-15.30974,127.20586,351.78,0.43,0.46,2025-03-19,0527,N20,nominal,2.0NRT,285.62,27.75,D
-15.32993,127.09512,345.65,0.42,0.46,2025-03-19,0527,N20,nominal,2.0NRT,294.91,9.71,D
-15.29518,127.26164,338.79,0.43,0.46,2025-03-19,0527,N20,nominal,2.0NRT,288.41,5.34,D
-15.32159,127.0935,350.31,0.42,0.46,2025-03-19,0527,N20,nominal,2.0NRT,293.88,8.88,D
-15.35236,126.79182,345.62,0.41,0.45,2025-03-19,0527,N20,nominal,2.0NRT,291.92,5.94,D
-15.31771,126.86818,335.63,0.41,0.45,2025-03-19,0527,N20,nominal,2.0NRT,295.33,3.17,D
-15.31839,126.86434,334.08,0.41,0.45,2025-03-19,0527,N20,nominal,2.0NRT,294.97,3.17,D
-15.31427,126.86356,350.08,0.41,0.45,2025-03-19,0527,N20,nominal,2.0NRT,302.19,12.46,D
-15.3088,126.87045,331.34,0.41,0.45,2025-03-19,0527,N20,nominal,2.0NRT,297.95,5.64,D
-15.30948,126.86661,331.98,0.41,0.45,2025-03-19,0527,N20,nominal,2.0NRT,299.55,12.46,D
-15.31016,126.86279,350.48,0.41,0.45,2025-03-19,0527,N20,nominal,2.0NRT,300.32,12.46,D
-15.31084,126.85896,331.65,0.41,0.45,2025-03-19,0527,N20,nominal,2.0NRT,298.17,7.77,D
-15.28686,126.80309,333.07,0.41,0.45,2025-03-19,0527,N20,nominal,2.0NRT,290.28,9.41,D
-15.23121,127.06395,342.03,0.42,0.45,2025-03-19,0527,N20,nominal,2.0NRT,297.2,7.44,D
-15.256,126.85641,341.66,0.41,0.45,2025-03-19,0527,N20,nominal,2.0NRT,292.85,6.61,D
-15.25328,126.84798,330.37,0.41,0.45,2025-03-19,0527,N20,nominal,2.0NRT,295.46,3.36,D
-15.25397,126.84414,341.46,0.41,0.45,2025-03-19,0527,N20,nominal,2.0NRT,295.96,3.36,D
-15.24433,126.8504,334.67,0.41,0.45,2025-03-19,0527,N20,nominal,2.0NRT,295.56,6.16,D
-15.35752,126.2231,339.9,0.56,0.43,2025-03-19,0527,N20,nominal,2.0NRT,292.88,16.75,D
-15.24021,126.84963,347,0.41,0.45,2025-03-19,0527,N20,nominal,2.0NRT,293.62,2.68,D
-15.35262,126.22763,334.34,0.56,0.43,2025-03-19,0527,N20,nominal,2.0NRT,290.26,11.06,D
-15.35357,126.22234,351.92,0.56,0.43,2025-03-19,0527,N20,nominal,2.0NRT,293.24,11.06,D
-15.2368,126.845,331.06,0.41,0.45,2025-03-19,0527,N20,nominal,2.0NRT,294.57,3.29,D
-15.34868,126.22687,339.73,0.56,0.43,2025-03-19,0527,N20,nominal,2.0NRT,291.93,11.06,D
-15.35056,126.21638,330.61,0.56,0.43,2025-03-19,0527,N20,nominal,2.0NRT,293.21,10.57,D
-15.34473,126.22612,335.24,0.56,0.43,2025-03-19,0527,N20,nominal,2.0NRT,288.61,16.9,D
-15.34567,126.22087,341.39,0.56,0.43,2025-03-19,0527,N20,nominal,2.0NRT,289.26,16.9,D
-15.35827,126.22642,342.69,0.56,0.43,2025-03-19,0527,N20,nominal,2.0NRT,290.06,7.91,D
-15.35432,126.22568,340.43,0.56,0.43,2025-03-19,0527,N20,nominal,2.0NRT,291.49,7.91,D
-15.35523,126.22037,347.49,0.56,0.43,2025-03-19,0527,N20,nominal,2.0NRT,294.12,17.8,D
-15.24189,126.8501,351.75,0.41,0.45,2025-03-19,0527,N20,nominal,2.0NRT,295.07,4.75,D
-15.35037,126.2249,334.87,0.56,0.43,2025-03-19,0527,N20,nominal,2.0NRT,292.84,11.25,D
-15.35128,126.21963,336.11,0.56,0.43,2025-03-19,0527,N20,nominal,2.0NRT,292.65,12.07,D
-15.23845,126.84547,332.45,0.41,0.45,2025-03-19,0527,N20,nominal,2.0NRT,294.69,4.28,D
-15.34642,126.22415,340.98,0.56,0.43,2025-03-19,0527,N20,nominal,2.0NRT,288.8,11.25,D
-15.24776,126.76807,334.29,0.41,0.45,2025-03-19,0527,N20,nominal,2.0NRT,288.88,4.26,D
-15.23092,126.83994,338.49,0.41,0.45,2025-03-19,0527,N20,nominal,2.0NRT,296.02,6.04,D
-15.22681,126.83911,342.22,0.41,0.45,2025-03-19,0527,N20,nominal,2.0NRT,296.51,3.63,D
-15.22203,126.84215,343.39,0.41,0.45,2025-03-19,0527,N20,nominal,2.0NRT,295.84,3.63,D
-15.22271,126.83831,332.83,0.41,0.45,2025-03-19,0527,N20,nominal,2.0NRT,297,3.63,D
-15.3324,126.21086,347.95,0.56,0.43,2025-03-19,0527,N20,nominal,2.0NRT,292.35,26.69,D
-15.21859,126.83755,333.34,0.41,0.45,2025-03-19,0527,N20,nominal,2.0NRT,296.47,4.06,D
-15.19126,126.96775,347.4,0.42,0.45,2025-03-19,0527,N20,nominal,2.0NRT,299.05,45.25,D
-15.19196,126.96386,355.56,0.42,0.45,2025-03-19,0527,N20,nominal,2.0NRT,298.39,15.9,D
-15.32541,126.20415,349.5,0.56,0.43,2025-03-19,0527,N20,nominal,2.0NRT,294.62,12.27,D
-15.1871,126.96706,348.9,0.42,0.45,2025-03-19,0527,N20,nominal,2.0NRT,296.28,15.06,D
-15.21034,126.83614,330.74,0.41,0.45,2025-03-19,0527,N20,nominal,2.0NRT,296.22,3.16,D
-15.32237,126.19822,335.58,0.56,0.43,2025-03-19,0527,N20,nominal,2.0NRT,293.23,7,D
-15.30654,126.19549,348.51,0.56,0.43,2025-03-19,0527,N20,nominal,2.0NRT,292.91,12.65,D
-15.17538,126.81761,334.64,0.41,0.45,2025-03-19,0527,N20,nominal,2.0NRT,294.14,3.26,D
-15.12929,127.02554,345.38,0.42,0.45,2025-03-19,0527,N20,nominal,2.0NRT,295.91,9.87,D
-15.12441,127.02865,341.05,0.42,0.45,2025-03-19,0527,N20,nominal,2.0NRT,294.35,3.75,D
-15.12024,127.02787,334.24,0.42,0.45,2025-03-19,0527,N20,nominal,2.0NRT,294.01,3.75,D
-15.14987,126.86462,349.72,0.41,0.45,2025-03-19,0527,N20,nominal,2.0NRT,288.91,9.27,D
-15.15057,126.86074,330.83,0.41,0.45,2025-03-19,0527,N20,nominal,2.0NRT,288.55,3.63,D
-15.11608,127.02705,343.03,0.42,0.45,2025-03-19,0527,N20,nominal,2.0NRT,294.99,8.34,D
-15.14293,126.87934,340.6,0.41,0.45,2025-03-19,0527,N20,nominal,2.0NRT,285.71,10.28,D
-15.14575,126.86382,337.32,0.41,0.45,2025-03-19,0527,N20,nominal,2.0NRT,288.07,4.09,D
-15.13881,126.87851,367,0.41,0.45,2025-03-19,0527,N20,high,2.0NRT,290.09,10.28,D
-15.11191,127.02623,336.02,0.42,0.45,2025-03-19,0527,N20,nominal,2.0NRT,291.18,8.34,D
-15.13952,126.87464,338.77,0.41,0.45,2025-03-19,0527,N20,nominal,2.0NRT,289.64,8.45,D
-15.14163,126.86301,339.34,0.41,0.45,2025-03-19,0527,N20,nominal,2.0NRT,287.83,4.09,D
-15.14234,126.85909,339.67,0.41,0.45,2025-03-19,0527,N20,nominal,2.0NRT,290.52,8.31,D
-15.15552,126.76304,332.13,0.41,0.45,2025-03-19,0527,N20,nominal,2.0NRT,294.39,3.65,D
-15.14526,126.77285,352.94,0.41,0.45,2025-03-19,0527,N20,nominal,2.0NRT,298.6,17.84,D
-15.14116,126.77206,334.39,0.41,0.45,2025-03-19,0527,N20,nominal,2.0NRT,293.02,17.84,D
-15.14686,126.7727,354.08,0.41,0.45,2025-03-19,0527,N20,nominal,2.0NRT,297.61,18.14,D
-15.14276,126.77189,351.67,0.41,0.45,2025-03-19,0527,N20,nominal,2.0NRT,294.96,18.14,D
-15.10868,126.84496,341.49,0.41,0.45,2025-03-19,0527,N20,nominal,2.0NRT,288.11,13.26,D
-15.11002,126.83733,350.76,0.41,0.45,2025-03-19,0527,N20,nominal,2.0NRT,289.48,18.97,D
-15.1059,126.83656,352.58,0.41,0.45,2025-03-19,0527,N20,nominal,2.0NRT,290.68,18.97,D
-15.10658,126.8327,334.79,0.41,0.45,2025-03-19,0527,N20,nominal,2.0NRT,288.26,18.97,D
-15.12241,126.67133,339.99,0.4,0.44,2025-03-19,0527,N20,nominal,2.0NRT,289.2,7.06,D
-15.11768,126.67429,352.48,0.4,0.44,2025-03-19,0527,N20,nominal,2.0NRT,289.91,7.06,D
-15.11835,126.67049,336.33,0.4,0.44,2025-03-19,0527,N20,nominal,2.0NRT,291.17,7.06,D
-15.12501,126.6329,338.65,0.4,0.44,2025-03-19,0527,N20,nominal,2.0NRT,289.81,5.18,D
-15.11633,126.68189,356.17,0.4,0.44,2025-03-19,0527,N20,low,2.0NRT,288.54,11.23,D
-15.11089,126.6888,341.92,0.4,0.45,2025-03-19,0527,N20,nominal,2.0NRT,290.33,4.98,D
-15.11157,126.68495,332.4,0.4,0.45,2025-03-19,0527,N20,nominal,2.0NRT,289.56,4.98,D
-15.12028,126.63586,341.49,0.4,0.44,2025-03-19,0527,N20,nominal,2.0NRT,290.81,6.09,D
-15.12095,126.63209,355.57,0.4,0.44,2025-03-19,0527,N20,nominal,2.0NRT,292.96,6.09,D
-15.1048,126.69931,346.66,0.4,0.45,2025-03-19,0527,N20,nominal,2.0NRT,283.05,8.19,D
-15.11687,126.63141,335.05,0.4,0.44,2025-03-19,0527,N20,nominal,2.0NRT,291.9,6.09,D
-15.11754,126.62762,332.1,0.4,0.44,2025-03-19,0527,N20,nominal,2.0NRT,292.5,6.93,D
-15.11345,126.62695,346.36,0.4,0.44,2025-03-19,0527,N20,nominal,2.0NRT,293.11,4.69,D
-15.04658,126.97719,334.23,0.42,0.45,2025-03-19,0527,N20,nominal,2.0NRT,279.61,4.46,D
-15.10872,126.62992,334.96,0.4,0.44,2025-03-19,0527,N20,nominal,2.0NRT,291.53,6.28,D
-15.10939,126.62617,340.71,0.4,0.44,2025-03-19,0527,N20,nominal,2.0NRT,292.83,4.69,D
-15.04523,126.93692,343.1,0.42,0.45,2025-03-19,0527,N20,nominal,2.0NRT,283.02,7.15,D
-15.08637,126.63734,343.54,0.4,0.44,2025-03-19,0527,N20,nominal,2.0NRT,288.6,5.44,D
-15.08704,126.63359,335.73,0.4,0.44,2025-03-19,0527,N20,nominal,2.0NRT,291.38,5.44,D
-15.08162,126.64033,342.03,0.4,0.44,2025-03-19,0527,N20,nominal,2.0NRT,292.3,5.45,D
-15.07755,126.63957,342.37,0.4,0.44,2025-03-19,0527,N20,nominal,2.0NRT,293.74,8.43,D
-15.07822,126.63585,344.01,0.4,0.44,2025-03-19,0527,N20,nominal,2.0NRT,294.01,8.56,D
-15.0694,126.6381,342.57,0.4,0.44,2025-03-19,0527,N20,nominal,2.0NRT,293.48,6.26,D
-15.04894,126.72773,330.38,0.41,0.45,2025-03-19,0527,N20,nominal,2.0NRT,285.53,2.19,D
-15.04555,126.7231,338.69,0.41,0.45,2025-03-19,0527,N20,nominal,2.0NRT,283.31,4.79,D
-15.06057,126.64034,334.18,0.4,0.44,2025-03-19,0527,N20,nominal,2.0NRT,293.69,7.32,D
-15.04215,126.71852,338.99,0.41,0.45,2025-03-19,0527,N20,nominal,2.0NRT,285.18,4.79,D
-15.06133,126.63948,332.57,0.4,0.44,2025-03-19,0527,N20,nominal,2.0NRT,293.4,6.64,D
-15.0428,126.72162,337.12,0.41,0.45,2025-03-19,0527,N20,nominal,2.0NRT,284.52,4.92,D
-15.04346,126.71783,333.94,0.41,0.45,2025-03-19,0527,N20,nominal,2.0NRT,284.98,4.92,D
-15.03937,126.71704,346.82,0.41,0.45,2025-03-19,0527,N20,nominal,2.0NRT,285.77,9.83,D
-15.03594,126.71249,331.79,0.41,0.45,2025-03-19,0527,N20,nominal,2.0NRT,284.36,5.78,D
-15.04385,126.66725,340.49,0.4,0.45,2025-03-19,0527,N20,nominal,2.0NRT,286.86,4.18,D
-15.04451,126.6635,330.49,0.4,0.45,2025-03-19,0527,N20,nominal,2.0NRT,291.05,4.18,D
-15.04043,126.66274,343.51,0.4,0.45,2025-03-19,0527,N20,nominal,2.0NRT,288.14,14.05,D
-15.05914,126.22575,337.42,0.57,0.43,2025-03-19,0527,N20,nominal,2.0NRT,289.85,8.15,D
-15.0561,126.21973,341.26,0.57,0.43,2025-03-19,0527,N20,nominal,2.0NRT,291.55,8.15,D
-15.05213,126.21902,338.81,0.57,0.43,2025-03-19,0527,N20,nominal,2.0NRT,290.38,8.33,D
-14.91266,126.79648,334.12,0.41,0.45,2025-03-19,0527,N20,nominal,2.0NRT,279.44,5.71,D
-14.90854,126.79567,333.9,0.41,0.45,2025-03-19,0527,N20,nominal,2.0NRT,281.48,5.74,D
-14.8397,126.79895,337.37,0.41,0.45,2025-03-19,0527,N20,nominal,2.0NRT,274.23,4.71,D
-14.71209,127.24236,335.17,0.44,0.46,2025-03-19,0527,N20,nominal,2.0NRT,292.3,7.27,D
-14.8154,126.3735,331.3,0.39,0.44,2025-03-19,0527,N20,nominal,2.0NRT,290.15,4.42,D
-14.81074,126.37635,367,0.39,0.44,2025-03-19,0527,N20,high,2.0NRT,294.48,12.54,D
-14.67298,127.14252,336.47,0.44,0.46,2025-03-19,0527,N20,nominal,2.0NRT,292.25,3.42,D
-14.81138,126.3727,334.74,0.39,0.44,2025-03-19,0527,N20,nominal,2.0NRT,292.07,4.42,D
-14.66874,127.1418,349.45,0.44,0.46,2025-03-19,0527,N20,nominal,2.0NRT,293.94,7.77,D
-14.66448,127.14109,344.71,0.44,0.46,2025-03-19,0527,N20,nominal,2.0NRT,293.52,7.77,D
-14.66024,127.14038,335.98,0.44,0.46,2025-03-19,0527,N20,nominal,2.0NRT,289.66,3.14,D
-14.66098,127.13634,346.21,0.44,0.46,2025-03-19,0527,N20,nominal,2.0NRT,292.32,8.18,D
-14.66567,127.08671,342.97,0.43,0.46,2025-03-19,0527,N20,nominal,2.0NRT,294.23,9.63,D
-14.66294,127.07776,345.95,0.43,0.46,2025-03-19,0527,N20,nominal,2.0NRT,293.02,5.91,D
-14.64779,127.11277,333.28,0.44,0.46,2025-03-19,0527,N20,nominal,2.0NRT,291.8,4.54,D
-14.6225,127.22626,349.25,0.44,0.46,2025-03-19,0527,N20,nominal,2.0NRT,294.93,11.95,D
-14.62552,127.2099,352.26,0.44,0.46,2025-03-19,0527,N20,nominal,2.0NRT,295.06,11.25,D
-14.62627,127.20583,350.77,0.44,0.46,2025-03-19,0527,N20,nominal,2.0NRT,295.01,8.83,D
-14.62702,127.20174,351.34,0.44,0.46,2025-03-19,0527,N20,nominal,2.0NRT,294.62,8.83,D
-14.62778,127.19765,352.62,0.44,0.46,2025-03-19,0527,N20,nominal,2.0NRT,296.54,17.83,D
-14.62854,127.19354,353.94,0.44,0.46,2025-03-19,0527,N20,nominal,2.0NRT,294.18,17.83,D
-14.62929,127.18943,341.87,0.44,0.46,2025-03-19,0527,N20,nominal,2.0NRT,293.12,4.38,D
-14.63005,127.18535,333.59,0.44,0.46,2025-03-19,0527,N20,nominal,2.0NRT,295.45,4.38,D
-14.6308,127.18127,338.71,0.44,0.46,2025-03-19,0527,N20,nominal,2.0NRT,296.32,5.54,D
-14.64843,127.11287,331.92,0.44,0.46,2025-03-19,0527,N20,nominal,2.0NRT,290.83,1.31,D
-14.62759,127.20612,339.13,0.44,0.46,2025-03-19,0527,N20,nominal,2.0NRT,294.57,6.32,D
-14.62831,127.20204,343.67,0.44,0.46,2025-03-19,0527,N20,nominal,2.0NRT,294.87,6.32,D
-14.62904,127.19793,354.06,0.44,0.46,2025-03-19,0527,N20,nominal,2.0NRT,295.7,10.45,D
-14.62977,127.19382,346.28,0.44,0.46,2025-03-19,0527,N20,nominal,2.0NRT,293.98,10.45,D
-14.63194,127.18151,335.35,0.44,0.46,2025-03-19,0527,N20,nominal,2.0NRT,296.13,7.94,D
-14.6197,127.22587,347.26,0.44,0.46,2025-03-19,0527,N20,nominal,2.0NRT,291.46,10.29,D
-14.62261,127.20943,344.5,0.44,0.46,2025-03-19,0527,N20,nominal,2.0NRT,291.08,10.45,D
-14.62333,127.20535,335.49,0.44,0.46,2025-03-19,0527,N20,nominal,2.0NRT,292.31,6.32,D
-14.62479,127.19712,342.33,0.44,0.46,2025-03-19,0527,N20,nominal,2.0NRT,294.1,10.45,D
-14.62551,127.19301,349.22,0.44,0.46,2025-03-19,0527,N20,nominal,2.0NRT,292.97,10.45,D
-14.62625,127.1889,336.07,0.44,0.46,2025-03-19,0527,N20,nominal,2.0NRT,292.78,10.91,D
-14.62915,127.17247,334.9,0.44,0.46,2025-03-19,0527,N20,nominal,2.0NRT,296.36,4.91,D
-14.62563,127.16756,336.57,0.44,0.46,2025-03-19,0527,N20,nominal,2.0NRT,296.15,4.02,D
-32.75578,117.34795,367,0.75,0.77,2025-03-19,0703,N20,high,2.0NRT,292.45,30.24,D
-32.75815,117.34018,350.45,0.75,0.77,2025-03-19,0703,N20,nominal,2.0NRT,298.82,30.24,D
-31.4201,116.90299,353.19,0.77,0.78,2025-03-19,0703,N20,nominal,2.0NRT,295.83,14.46,D
-31.41754,116.90356,338.51,0.78,0.78,2025-03-19,0703,N20,nominal,2.0NRT,294.21,10.99,D
-28.88679,115.60166,345.41,0.77,0.77,2025-03-19,0703,N20,nominal,2.0NRT,304.6,7.63,D
-28.87966,115.59974,367,0.77,0.77,2025-03-19,0703,N20,high,2.0NRT,306.58,21.2,D
-28.88193,115.59199,337.88,0.77,0.77,2025-03-19,0703,N20,nominal,2.0NRT,306.2,15.2,D
-28.88378,115.60166,367,0.77,0.77,2025-03-19,0703,N20,high,2.0NRT,304.46,12.84,D
-28.88598,115.59394,346.9,0.77,0.77,2025-03-19,0703,N20,nominal,2.0NRT,306.54,12.84,D
-28.87668,115.59966,347.3,0.77,0.77,2025-03-19,0703,N20,nominal,2.0NRT,305.75,12.58,D
-37.20174,174.72296,329.63,0.38,0.36,2025-03-19,1321,N20,nominal,2.0NRT,285.68,2.17,N
-37.20396,174.7244,332.96,0.38,0.36,2025-03-19,1321,N20,nominal,2.0NRT,288.49,2.41,N
-37.20329,174.72005,297.45,0.38,0.36,2025-03-19,1321,N20,nominal,2.0NRT,285.32,2.41,N
-23.76954,151.19856,297.23,0.4,0.37,2025-03-19,1459,N20,nominal,2.0NRT,272.29,0.75,N
-23.77487,151.20961,303.94,0.4,0.37,2025-03-19,1459,N20,nominal,2.0NRT,276.4,0.98,N
-27.26699,151.7473,325.26,0.38,0.36,2025-03-19,1459,N20,nominal,2.0NRT,288.48,1.38,N
-27.2676,151.75116,334.01,0.38,0.36,2025-03-19,1459,N20,nominal,2.0NRT,288.86,3.42,N
-27.2703,151.74664,303.34,0.38,0.36,2025-03-19,1459,N20,nominal,2.0NRT,288.05,1.38,N
-27.68754,151.98415,302.69,0.38,0.36,2025-03-19,1459,N20,nominal,2.0NRT,283.61,0.66,N
-27.83326,151.82811,302.68,0.38,0.36,2025-03-19,1459,N20,nominal,2.0NRT,279.05,0.84,N
-27.83657,151.82745,333.6,0.38,0.36,2025-03-19,1459,N20,nominal,2.0NRT,281.37,3.84,N
-28.60598,153.02234,299.57,0.4,0.37,2025-03-19,1459,N20,nominal,2.0NRT,287.89,0.43,N
-27.83988,148.12712,317.68,0.46,0.39,2025-03-19,1459,N20,nominal,2.0NRT,291.54,2.21,N
-27.84346,148.12627,311.33,0.46,0.39,2025-03-19,1459,N20,nominal,2.0NRT,291.44,1.24,N
-27.84705,148.12544,310.96,0.46,0.39,2025-03-19,1459,N20,nominal,2.0NRT,291.56,1.24,N
-28.92822,153.0755,319.36,0.4,0.37,2025-03-19,1459,N20,nominal,2.0NRT,288.27,2,N
-28.58766,150.10396,305.29,0.39,0.37,2025-03-19,1459,N20,nominal,2.0NRT,289.42,0.54,N
-28.58834,150.10797,300.38,0.39,0.37,2025-03-19,1459,N20,nominal,2.0NRT,289.28,0.54,N
-28.59101,150.10323,353.03,0.39,0.37,2025-03-19,1459,N20,nominal,2.0NRT,294.43,4,N
-28.59034,150.0992,308.4,0.39,0.37,2025-03-19,1459,N20,nominal,2.0NRT,289.44,1.05,N
-28.59169,150.10725,300.61,0.39,0.37,2025-03-19,1459,N20,nominal,2.0NRT,289.14,4,N
-28.59368,150.09848,302.79,0.39,0.37,2025-03-19,1459,N20,nominal,2.0NRT,288.84,1.05,N
-28.7767,150.91959,300.25,0.39,0.36,2025-03-19,1459,N20,nominal,2.0NRT,288.4,0.88,N
-28.77797,150.92747,298.66,0.39,0.36,2025-03-19,1459,N20,nominal,2.0NRT,287.92,0.88,N
-28.78192,150.93073,302.26,0.39,0.36,2025-03-19,1459,N20,nominal,2.0NRT,288.11,2.22,N
-28.78523,150.93002,339.94,0.39,0.36,2025-03-19,1459,N20,nominal,2.0NRT,289.17,2.22,N
-28.7846,150.92609,318.79,0.39,0.36,2025-03-19,1459,N20,nominal,2.0NRT,288,2.22,N
-28.90387,149.39954,296.52,0.41,0.37,2025-03-19,1459,N20,nominal,2.0NRT,280.59,1.02,N
-28.90727,149.39877,295.77,0.41,0.37,2025-03-19,1459,N20,nominal,2.0NRT,280.04,0.59,N
-29.35444,149.58392,325.16,0.4,0.37,2025-03-19,1459,N20,nominal,2.0NRT,287.09,2.11,N
-30.30144,150.147,305.64,0.39,0.36,2025-03-19,1459,N20,nominal,2.0NRT,279.36,0.84,N
-30.27042,149.32559,299.68,0.4,0.37,2025-03-19,1459,N20,nominal,2.0NRT,273.3,0.79,N
-30.62202,151.13634,302.57,0.38,0.36,2025-03-19,1459,N20,nominal,2.0NRT,281.45,0.72,N
-30.82346,151.29948,299.07,0.39,0.36,2025-03-19,1459,N20,nominal,2.0NRT,284.22,0.57,N
-31.72016,151.7997,302.11,0.39,0.36,2025-03-19,1501,N20,nominal,2.0NRT,287.97,0.6,N
-31.6602,151.02293,312.12,0.39,0.36,2025-03-19,1501,N20,nominal,2.0NRT,287.66,0.91,N
-32.22949,151.95453,299.75,0.4,0.37,2025-03-19,1501,N20,nominal,2.0NRT,288.76,0.43,N
-32.15441,151.12253,303.05,0.39,0.36,2025-03-19,1501,N20,nominal,2.0NRT,288.97,0.55,N
-31.4057,146.60371,301.45,0.48,0.4,2025-03-19,1501,N20,nominal,2.0NRT,276.29,1.06,N
-31.28172,145.57811,304.06,0.53,0.42,2025-03-19,1501,N20,nominal,2.0NRT,283.99,1.4,N
-31.28554,145.57706,302.78,0.53,0.42,2025-03-19,1501,N20,nominal,2.0NRT,283.65,0.92,N
-32.44415,148.06516,303.43,0.41,0.37,2025-03-19,1501,N20,nominal,2.0NRT,289.04,0.82,N
-32.44833,148.0687,303.8,0.41,0.37,2025-03-19,1501,N20,nominal,2.0NRT,288.7,0.82,N
-33.62712,151.13255,308.16,0.39,0.36,2025-03-19,1501,N20,nominal,2.0NRT,288.09,1.56,N
-33.63443,151.13533,313.82,0.39,0.36,2025-03-19,1501,N20,nominal,2.0NRT,284.06,0.69,N
-33.63777,151.1346,305.09,0.39,0.36,2025-03-19,1501,N20,nominal,2.0NRT,272.87,0.69,N
-33.6384,151.13884,295.19,0.39,0.36,2025-03-19,1501,N20,nominal,2.0NRT,268.29,0.69,N
-34.04216,149.71643,298.59,0.38,0.36,2025-03-19,1459,N20,nominal,2.0NRT,285.02,0.68,N
-34.04413,149.72893,303.26,0.38,0.36,2025-03-19,1459,N20,nominal,2.0NRT,286.02,0.61,N
-34.04479,149.73308,319.91,0.38,0.36,2025-03-19,1459,N20,nominal,2.0NRT,288.32,1.37,N
-34.0448,149.7115,305.07,0.38,0.36,2025-03-19,1459,N20,nominal,2.0NRT,287.3,0.83,N
-34.04546,149.71567,307.28,0.38,0.36,2025-03-19,1459,N20,nominal,2.0NRT,288.05,0.68,N
-34.04678,149.72398,295.04,0.38,0.36,2025-03-19,1459,N20,nominal,2.0NRT,283.91,0.61,N
-34.04744,149.72815,307.83,0.38,0.36,2025-03-19,1459,N20,nominal,2.0NRT,286.43,0.61,N
-34.0481,149.73232,314.15,0.38,0.36,2025-03-19,1459,N20,nominal,2.0NRT,288.36,1.37,N
-34.04876,149.73648,299.59,0.38,0.36,2025-03-19,1459,N20,nominal,2.0NRT,287.39,1.37,N
-34.04695,149.70854,298.49,0.38,0.36,2025-03-19,1459,N20,nominal,2.0NRT,287.37,0.63,N
-34.04761,149.71271,306.76,0.38,0.36,2025-03-19,1459,N20,nominal,2.0NRT,287.88,0.63,N
-34.04827,149.71687,298.25,0.38,0.36,2025-03-19,1459,N20,nominal,2.0NRT,286.13,0.44,N
-34.04893,149.72102,295.94,0.38,0.36,2025-03-19,1459,N20,nominal,2.0NRT,284.7,0.44,N
-34.0496,149.72519,307.28,0.38,0.36,2025-03-19,1459,N20,nominal,2.0NRT,286.44,1.04,N
-34.05026,149.72934,304.4,0.38,0.36,2025-03-19,1459,N20,nominal,2.0NRT,287.83,1.04,N
-34.05093,149.73351,306.78,0.38,0.36,2025-03-19,1459,N20,nominal,2.0NRT,288.1,1.18,N
-34.05092,149.71194,301.26,0.38,0.36,2025-03-19,1459,N20,nominal,2.0NRT,287.43,0.63,N
-34.05158,149.71613,301.23,0.38,0.36,2025-03-19,1459,N20,nominal,2.0NRT,285.99,0.44,N
-34.05291,149.72444,308.3,0.38,0.36,2025-03-19,1459,N20,nominal,2.0NRT,285.99,1.04,N
-34.05357,149.72861,316.63,0.38,0.36,2025-03-19,1459,N20,nominal,2.0NRT,288.24,1.04,N
-34.05424,149.73274,311.08,0.38,0.36,2025-03-19,1459,N20,nominal,2.0NRT,288.07,1.18,N
-34.05423,149.7112,307.65,0.38,0.36,2025-03-19,1459,N20,nominal,2.0NRT,287.42,0.82,N
-34.05489,149.71536,308.71,0.38,0.36,2025-03-19,1459,N20,nominal,2.0NRT,286.63,0.85,N
-34.05622,149.72369,304.75,0.38,0.36,2025-03-19,1459,N20,nominal,2.0NRT,286.89,0.77,N
-34.05688,149.72784,305.13,0.38,0.36,2025-03-19,1459,N20,nominal,2.0NRT,288.03,0.77,N
-34.05754,149.73199,299.91,0.38,0.36,2025-03-19,1459,N20,nominal,2.0NRT,287.56,0.73,N
-34.05754,149.71043,303.36,0.38,0.36,2025-03-19,1459,N20,nominal,2.0NRT,287.72,0.82,N
-34.0582,149.7146,304.1,0.38,0.36,2025-03-19,1459,N20,nominal,2.0NRT,286.94,0.85,N
-34.42955,150.21582,310.74,0.38,0.36,2025-03-19,1459,N20,nominal,2.0NRT,280.8,1.41,N
-34.43415,150.22342,297.11,0.39,0.36,2025-03-19,1459,N20,nominal,2.0NRT,282.72,0.67,N
-34.45009,150.21553,306.35,0.38,0.36,2025-03-19,1459,N20,nominal,2.0NRT,284.83,1.12,N
-34.45073,150.21971,313.07,0.39,0.36,2025-03-19,1459,N20,nominal,2.0NRT,284.96,1.12,N
-34.4525,150.21663,317.11,0.39,0.36,2025-03-19,1459,N20,nominal,2.0NRT,284.84,1.22,N
-34.45452,150.20749,299.43,0.38,0.36,2025-03-19,1459,N20,nominal,2.0NRT,282.16,0.68,N
-34.45517,150.21169,304.58,0.39,0.36,2025-03-19,1459,N20,nominal,2.0NRT,280.62,0.68,N
-34.45581,150.21587,304.17,0.39,0.36,2025-03-19,1459,N20,nominal,2.0NRT,283.37,1.22,N
-34.45527,150.19003,297.69,0.38,0.36,2025-03-19,1459,N20,nominal,2.0NRT,281.95,0.43,N
-34.45591,150.19421,299.96,0.38,0.36,2025-03-19,1459,N20,nominal,2.0NRT,280.16,0.43,N
-34.4572,150.20256,301.73,0.38,0.36,2025-03-19,1459,N20,nominal,2.0NRT,279.05,1.13,N
-34.45784,150.20674,309.14,0.38,0.36,2025-03-19,1459,N20,nominal,2.0NRT,279.81,0.72,N
-34.45848,150.21094,297.72,0.39,0.36,2025-03-19,1459,N20,nominal,2.0NRT,279.94,0.72,N
-34.45913,150.21515,315.89,0.39,0.36,2025-03-19,1459,N20,nominal,2.0NRT,282.81,1.56,N
-34.45977,150.21933,300.81,0.39,0.36,2025-03-19,1459,N20,nominal,2.0NRT,284.22,1.56,N
-34.46245,150.21442,321.78,0.39,0.36,2025-03-19,1459,N20,nominal,2.0NRT,285.07,1.56,N
-34.46309,150.2186,325.54,0.39,0.36,2025-03-19,1459,N20,nominal,2.0NRT,285.57,1.56,N
-34.45987,150.19762,312.17,0.38,0.36,2025-03-19,1459,N20,nominal,2.0NRT,277.8,1.13,N
-34.46051,150.20181,319.81,0.38,0.36,2025-03-19,1459,N20,nominal,2.0NRT,280.26,1.13,N
-34.46116,150.20601,301.07,0.38,0.36,2025-03-19,1459,N20,nominal,2.0NRT,279.64,0.72,N
-34.46447,150.20529,331.16,0.38,0.36,2025-03-19,1459,N20,nominal,2.0NRT,282.36,3.11,N
-34.46318,150.1969,300.89,0.38,0.36,2025-03-19,1459,N20,nominal,2.0NRT,280.68,1.57,N
-34.46383,150.2011,319.36,0.38,0.36,2025-03-19,1459,N20,nominal,2.0NRT,280.76,1.57,N
-34.46576,150.21368,312.56,0.39,0.36,2025-03-19,1459,N20,nominal,2.0NRT,284.65,1.03,N
-34.46641,150.21788,309.87,0.39,0.36,2025-03-19,1459,N20,nominal,2.0NRT,283.51,1.03,N
-34.46972,150.21716,305.87,0.39,0.36,2025-03-19,1459,N20,nominal,2.0NRT,283.84,1.03,N
-34.47176,150.20804,300.2,0.39,0.36,2025-03-19,1459,N20,nominal,2.0NRT,285.37,0.94,N
-34.4724,150.21223,298.2,0.39,0.36,2025-03-19,1459,N20,nominal,2.0NRT,284.78,0.64,N
-34.51221,150.3378,299.58,0.39,0.36,2025-03-19,1459,N20,nominal,2.0NRT,283.39,0.89,N
-34.51041,149.92636,304.72,0.38,0.36,2025-03-19,1459,N20,nominal,2.0NRT,285.39,0.98,N
-36.33374,150.03551,306.76,0.39,0.36,2025-03-19,1459,N20,nominal,2.0NRT,288.23,0.66,N
-35.79977,145.9218,295.28,0.44,0.39,2025-03-19,1459,N20,nominal,2.0NRT,280.34,1.36,N
-37.08524,149.02176,297.58,0.38,0.36,2025-03-19,1459,N20,nominal,2.0NRT,286.1,0.83,N
-37.78419,144.72884,309.3,0.46,0.39,2025-03-19,1501,N20,nominal,2.0NRT,288.12,1.23,N
-38.2286,147.16373,310.67,0.39,0.36,2025-03-19,1501,N20,nominal,2.0NRT,288.61,0.75,N
-37.97901,144.63788,306.48,0.46,0.39,2025-03-19,1501,N20,nominal,2.0NRT,287.7,1.52,N
-37.95617,143.3078,298.81,0.52,0.42,2025-03-19,1501,N20,nominal,2.0NRT,286.23,0.91,N
-41.05301,147.31297,299.01,0.38,0.36,2025-03-19,1501,N20,nominal,2.0NRT,283.74,0.66,N
-40.85016,145.383,314.05,0.41,0.37,2025-03-19,1501,N20,nominal,2.0NRT,291.39,1.87,N
-40.85224,145.38126,309.2,0.41,0.37,2025-03-19,1501,N20,nominal,2.0NRT,289.04,0.79,N
-41.13359,146.84955,298.65,0.39,0.36,2025-03-19,1501,N20,nominal,2.0NRT,286.44,0.67,N
-41.13435,146.85414,299.93,0.39,0.36,2025-03-19,1501,N20,nominal,2.0NRT,286.39,0.79,N
-41.64514,147.37718,333.96,0.38,0.36,2025-03-19,1501,N20,nominal,2.0NRT,286.2,3.19,N
-41.64587,147.38179,304.21,0.38,0.36,2025-03-19,1501,N20,nominal,2.0NRT,284.79,0.83,N
-41.64918,147.38086,342.21,0.38,0.36,2025-03-19,1501,N20,nominal,2.0NRT,287.48,4.44,N
-41.65506,147.37439,316.77,0.38,0.36,2025-03-19,1501,N20,nominal,2.0NRT,283.97,1.6,N
-41.46069,144.80482,308.26,0.42,0.37,2025-03-19,1501,N20,nominal,2.0NRT,290.1,0.63,N
-43.5322,146.588,301.25,0.38,0.36,2025-03-19,1501,N20,nominal,2.0NRT,285.16,0.39,N
-15.27048,130.34659,322.18,0.39,0.36,2025-03-19,1635,N20,nominal,2.0NRT,286.28,3.54,N
-15.27104,130.35022,338.84,0.39,0.36,2025-03-19,1635,N20,nominal,2.0NRT,286.94,3.54,N
-15.27437,130.3497,311.55,0.39,0.36,2025-03-19,1635,N20,nominal,2.0NRT,285.85,1.51,N
-15.28215,130.35588,336.21,0.39,0.36,2025-03-19,1635,N20,nominal,2.0NRT,286.66,3.21,N
-15.28549,130.35533,313.27,0.39,0.36,2025-03-19,1635,N20,nominal,2.0NRT,285.6,3.21,N
-15.29325,130.36139,306.99,0.39,0.36,2025-03-19,1635,N20,nominal,2.0NRT,285.72,1.19,N
-15.29658,130.36079,315.87,0.39,0.36,2025-03-19,1635,N20,nominal,2.0NRT,285.78,1.97,N
-15.31273,130.35464,306.42,0.39,0.36,2025-03-19,1635,N20,nominal,2.0NRT,286.02,1.4,N
-15.31663,130.38005,307.54,0.39,0.36,2025-03-19,1635,N20,nominal,2.0NRT,286.39,1.44,N
-15.31996,130.37952,324.99,0.39,0.36,2025-03-19,1635,N20,nominal,2.0NRT,287.02,1.92,N
-15.32386,130.3826,345.91,0.39,0.36,2025-03-19,1635,N20,nominal,2.0NRT,288.34,5.96,N
-15.32163,130.36809,307.51,0.39,0.36,2025-03-19,1635,N20,nominal,2.0NRT,286.84,1.46,N
-15.3233,130.37897,308.95,0.39,0.36,2025-03-19,1635,N20,nominal,2.0NRT,286.77,1.92,N
-15.32442,130.36391,320.76,0.39,0.36,2025-03-19,1635,N20,nominal,2.0NRT,287.37,2.36,N
-15.32664,130.37843,323.09,0.39,0.36,2025-03-19,1635,N20,nominal,2.0NRT,287.61,3.33,N
-15.3272,130.38205,351.62,0.39,0.36,2025-03-19,1635,N20,nominal,2.0NRT,291.09,19.71,N
-15.32497,130.36755,318.15,0.39,0.36,2025-03-19,1635,N20,nominal,2.0NRT,287.3,1.73,N
-15.32831,130.367,317.79,0.39,0.36,2025-03-19,1635,N20,nominal,2.0NRT,287.13,1.73,N
-15.10631,127.03723,295.16,0.43,0.38,2025-03-19,1635,N20,nominal,2.0NRT,265.72,0.51,N
-15.17912,126.97222,325.59,0.43,0.38,2025-03-19,1635,N20,nominal,2.0NRT,270.23,3.02,N
-16.36974,132.7177,311.61,0.48,0.4,2025-03-19,1635,N20,nominal,2.0NRT,279.83,1.1,N
-16.37036,132.72218,301.84,0.48,0.4,2025-03-19,1635,N20,nominal,2.0NRT,270.08,1.1,N
-16.3728,132.71265,318.81,0.48,0.4,2025-03-19,1635,N20,nominal,2.0NRT,285.36,3.58,N
-15.78504,127.72112,301.19,0.4,0.37,2025-03-19,1635,N20,nominal,2.0NRT,265.6,0.46,N
-15.79241,127.72365,300.72,0.4,0.37,2025-03-19,1635,N20,nominal,2.0NRT,264.63,0.57,N
-15.87774,127.68589,300.89,0.4,0.37,2025-03-19,1635,N20,nominal,2.0NRT,262.74,0.53,N
-15.87835,127.68958,298.51,0.4,0.37,2025-03-19,1635,N20,nominal,2.0NRT,263.72,0.5,N
-16.78742,131.9864,297.83,0.45,0.39,2025-03-19,1635,N20,nominal,2.0NRT,272.32,0.6,N
-16.79098,131.98586,308.23,0.45,0.39,2025-03-19,1635,N20,nominal,2.0NRT,270.96,0.6,N
-16.85965,131.98965,298.07,0.45,0.39,2025-03-19,1635,N20,nominal,2.0NRT,271.76,0.58,N
-16.86025,131.99384,298.57,0.45,0.39,2025-03-19,1635,N20,nominal,2.0NRT,272.33,0.58,N
-16.86321,131.98911,301.89,0.45,0.39,2025-03-19,1635,N20,nominal,2.0NRT,272.58,0.58,N
-16.86381,131.9933,308.73,0.45,0.39,2025-03-19,1635,N20,nominal,2.0NRT,273.08,0.58,N
-16.86442,131.9975,308.82,0.45,0.39,2025-03-19,1635,N20,nominal,2.0NRT,274.43,1.99,N
-16.87159,132.02209,303.5,0.45,0.39,2025-03-19,1635,N20,nominal,2.0NRT,275.3,0.72,N
-17.36985,131.79842,304.94,0.44,0.39,2025-03-19,1635,N20,nominal,2.0NRT,284.75,0.54,N
-17.37105,131.80676,304.64,0.45,0.39,2025-03-19,1635,N20,nominal,2.0NRT,284.2,0.53,N
-17.3823,131.8093,303,0.45,0.39,2025-03-19,1635,N20,nominal,2.0NRT,282.17,0.57,N
-17.55709,131.69548,305.41,0.44,0.39,2025-03-19,1635,N20,nominal,2.0NRT,263.7,0.5,N
-17.55768,131.69965,297.7,0.44,0.39,2025-03-19,1635,N20,nominal,2.0NRT,261.9,0.5,N
-17.56181,131.70325,300.24,0.44,0.39,2025-03-19,1635,N20,nominal,2.0NRT,262.25,0.67,N
-17.56536,131.7027,296.09,0.44,0.39,2025-03-19,1635,N20,nominal,2.0NRT,261.21,0.67,N
-17.56595,131.70686,314.1,0.44,0.39,2025-03-19,1635,N20,nominal,2.0NRT,262.21,0.67,N
-17.57008,131.71046,305.22,0.44,0.39,2025-03-19,1635,N20,nominal,2.0NRT,260.46,0.53,N
-17.57422,131.7141,298.15,0.44,0.39,2025-03-19,1635,N20,nominal,2.0NRT,261.12,0.53,N
-17.60884,131.62819,295.46,0.44,0.38,2025-03-19,1635,N20,nominal,2.0NRT,263.04,1.38,N
-17.62947,131.64754,298.31,0.44,0.38,2025-03-19,1635,N20,nominal,2.0NRT,264.26,1.53,N
-17.63595,131.64229,305.55,0.44,0.38,2025-03-19,1635,N20,nominal,2.0NRT,266.91,1.07,N
-17.6389,131.6376,326.03,0.44,0.38,2025-03-19,1635,N20,nominal,2.0NRT,269.31,1.61,N
-17.64184,131.6329,317.11,0.44,0.38,2025-03-19,1635,N20,nominal,2.0NRT,270,1.61,N
-17.64243,131.63705,302.58,0.44,0.38,2025-03-19,1635,N20,nominal,2.0NRT,269,1.61,N
-17.64537,131.63235,300.01,0.44,0.38,2025-03-19,1635,N20,nominal,2.0NRT,271.36,0.64,N
-17.66243,131.60011,308.75,0.44,0.38,2025-03-19,1635,N20,nominal,2.0NRT,279.08,1.82,N
-17.66596,131.59958,328.56,0.44,0.38,2025-03-19,1635,N20,nominal,2.0NRT,280.08,1.82,N
-17.54703,130.68846,302.32,0.41,0.37,2025-03-19,1635,N20,nominal,2.0NRT,265.89,0.66,N
-17.54761,130.69232,300.59,0.41,0.37,2025-03-19,1635,N20,nominal,2.0NRT,265.85,0.66,N
-17.55044,130.68793,295.95,0.41,0.37,2025-03-19,1635,N20,nominal,2.0NRT,264,0.42,N
-17.55102,130.69179,305.4,0.41,0.37,2025-03-19,1635,N20,nominal,2.0NRT,263.73,0.42,N
-17.75803,131.53638,306.04,0.44,0.38,2025-03-19,1635,N20,nominal,2.0NRT,277.36,0.87,N
-17.81919,131.56058,295.1,0.44,0.38,2025-03-19,1635,N20,nominal,2.0NRT,267.27,0.43,N
-17.81979,131.56468,305.91,0.44,0.38,2025-03-19,1635,N20,nominal,2.0NRT,268.19,0.57,N
-17.8193,131.56195,300.56,0.44,0.38,2025-03-19,1635,N20,nominal,2.0NRT,265.52,0.49,N
-17.81988,131.5661,301.9,0.44,0.38,2025-03-19,1635,N20,nominal,2.0NRT,265.6,0.61,N
-17.82341,131.56555,314.93,0.44,0.38,2025-03-19,1635,N20,nominal,2.0NRT,265.43,0.74,N
-17.82694,131.565,297.09,0.44,0.38,2025-03-19,1635,N20,nominal,2.0NRT,264.48,0.74,N
-17.82752,131.56914,299.48,0.44,0.38,2025-03-19,1635,N20,nominal,2.0NRT,265.23,0.74,N
-17.83105,131.56859,305.09,0.44,0.38,2025-03-19,1635,N20,nominal,2.0NRT,265.86,0.67,N
-17.83458,131.56804,303.37,0.44,0.38,2025-03-19,1635,N20,nominal,2.0NRT,263.23,0.67,N
-18.04783,131.269,328.12,0.43,0.38,2025-03-19,1635,N20,nominal,2.0NRT,262.34,3.5,N
-17.25877,125.88633,299.45,0.45,0.39,2025-03-19,1635,N20,nominal,2.0NRT,261.77,0.86,N
-18.3922,132.73608,306.94,0.5,0.41,2025-03-19,1635,N20,nominal,2.0NRT,285.81,0.92,N
-18.39908,132.73018,309.14,0.5,0.41,2025-03-19,1635,N20,nominal,2.0NRT,286.06,1.42,N
-18.39974,132.73495,314.19,0.5,0.41,2025-03-19,1635,N20,nominal,2.0NRT,285.64,1.42,N
-17.75052,125.54083,304.14,0.46,0.39,2025-03-19,1637,N20,nominal,2.0NRT,280.08,0.56,N
-19.49979,131.74895,304.93,0.46,0.39,2025-03-19,1637,N20,nominal,2.0NRT,282.05,0.74,N
-19.5004,131.75336,304.58,0.46,0.39,2025-03-19,1637,N20,nominal,2.0NRT,281.43,0.74,N
-19.50524,131.76163,309.19,0.46,0.39,2025-03-19,1637,N20,nominal,2.0NRT,280.11,1.86,N
-19.50585,131.76604,302.56,0.47,0.39,2025-03-19,1637,N20,nominal,2.0NRT,279.17,0.86,N
-19.51008,131.76991,305.56,0.47,0.39,2025-03-19,1637,N20,nominal,2.0NRT,278.84,1.16,N
-19.51432,131.77379,310,0.47,0.39,2025-03-19,1637,N20,nominal,2.0NRT,278.11,1.2,N
-19.51493,131.7782,306.92,0.47,0.39,2025-03-19,1637,N20,nominal,2.0NRT,277.15,1.2,N
-19.51917,131.78206,304.03,0.47,0.39,2025-03-19,1637,N20,nominal,2.0NRT,276.14,1.04,N
-19.51978,131.7865,310.42,0.47,0.39,2025-03-19,1637,N20,nominal,2.0NRT,276.55,1.04,N
-19.52341,131.78595,313.06,0.47,0.39,2025-03-19,1637,N20,nominal,2.0NRT,277.08,1.04,N
-19.52402,131.79037,302.94,0.47,0.39,2025-03-19,1637,N20,nominal,2.0NRT,277.21,0.8,N
-19.52765,131.78983,311.94,0.47,0.39,2025-03-19,1637,N20,nominal,2.0NRT,276.18,1.12,N
-18.52561,124.71465,305.95,0.49,0.41,2025-03-19,1637,N20,nominal,2.0NRT,289.28,1.04,N
-20.73184,139.47655,305.87,0.48,0.65,2025-03-19,1637,N20,nominal,2.0NRT,276.14,1.55,N
-30.4443,136.8575,307.06,0.41,0.61,2025-03-19,1639,N20,nominal,2.0NRT,289.34,1.14,N
-30.04789,117.13406,301.38,0.55,0.51,2025-03-19,1639,N20,nominal,2.0NRT,289.19,0.66,N
-31.44135,117.39598,301.01,0.5,0.49,2025-03-19,1639,N20,nominal,2.0NRT,286.25,0.85,N
-31.81932,117.00272,299.08,0.51,0.5,2025-03-19,1641,N20,nominal,2.0NRT,284.69,0.83,N
-31.81888,117.00146,298.79,0.51,0.5,2025-03-19,1641,N20,nominal,2.0NRT,284.59,0.61,N
-33.26185,121.68263,305.43,0.44,0.38,2025-03-19,1641,N20,nominal,2.0NRT,282.9,1.08,N
-33.83526,116.83674,308.76,0.47,0.48,2025-03-19,1641,N20,nominal,2.0NRT,280.21,2,N
-33.8407,116.84035,304.02,0.47,0.48,2025-03-19,1641,N20,nominal,2.0NRT,280.95,1.17,N
-20.61235,116.77083,318.58,0.71,0.75,2025-03-19,1817,N20,nominal,2.0NRT,288.9,2.59,N
-20.61098,116.76845,309.76,0.71,0.75,2025-03-19,1817,N20,nominal,2.0NRT,288.18,4.14,N
-18.05662,177.32451,332.8,0.38,0.36,2025-03-20,0143,N20,nominal,2.0NRT,294.92,2.38,D
-46.27705,168.79199,332.86,0.56,0.69,2025-03-20,0137,N20,nominal,2.0NRT,289.76,7,D
-46.27705,168.7867,345.74,0.56,0.69,2025-03-20,0137,N20,nominal,2.0NRT,291.29,5.66,D
-45.87028,168.81415,336.5,0.56,0.69,2025-03-20,0137,N20,nominal,2.0NRT,291.48,4.2,D
-45.86993,168.81635,327.85,0.56,0.69,2025-03-20,0137,N20,nominal,2.0NRT,291.47,4.42,D
-44.82759,170.51318,345.44,0.46,0.63,2025-03-20,0137,N20,nominal,2.0NRT,296.44,4.87,D
-42.82646,172.65987,329.76,0.34,0.56,2025-03-20,0137,N20,nominal,2.0NRT,292.6,1.39,D
-37.20353,174.72223,328.87,0.47,0.48,2025-03-20,0139,N20,nominal,2.0NRT,295.94,2.02,D
-46.50396,168.80441,326.32,0.42,0.45,2025-03-20,0317,N20,nominal,2.0NRT,291.96,2.77,D
-46.42322,168.9185,327.11,0.42,0.45,2025-03-20,0317,N20,nominal,2.0NRT,293.52,1.83,D
-46.27907,168.78558,338.28,0.42,0.45,2025-03-20,0317,N20,nominal,2.0NRT,294.72,2.66,D
-46.13403,168.90564,341.54,0.43,0.46,2025-03-20,0317,N20,nominal,2.0NRT,294.29,6.98,D
-46.07578,169.01707,337.41,0.44,0.46,2025-03-20,0317,N20,nominal,2.0NRT,295.69,4.64,D
-45.7263,168.84442,328.56,0.44,0.46,2025-03-20,0317,N20,nominal,2.0NRT,294.19,3.12,D
-44.4928,171.14574,327.07,0.59,0.53,2025-03-20,0317,N20,nominal,2.0NRT,292.47,5.57,D
-34.46025,150.88531,330.5,0.55,0.43,2025-03-20,0321,N20,nominal,2.0NRT,295.48,3.9,D
-34.45694,150.87862,330.97,0.55,0.43,2025-03-20,0321,N20,nominal,2.0NRT,296.98,3.9,D
-34.46901,150.20691,340.03,0.4,0.44,2025-03-20,0321,N20,nominal,2.0NRT,290.11,7.84,D
-34.46442,150.21106,342.19,0.4,0.44,2025-03-20,0321,N20,nominal,2.0NRT,288.71,14.89,D
-34.46486,150.20679,349.64,0.4,0.44,2025-03-20,0321,N20,nominal,2.0NRT,299.52,14.89,D
-34.4603,150.21077,346.24,0.4,0.44,2025-03-20,0321,N20,nominal,2.0NRT,289.63,14.89,D
-34.46072,150.20653,349.57,0.4,0.44,2025-03-20,0321,N20,nominal,2.0NRT,293.43,14.89,D
-34.45753,150.19708,354.54,0.4,0.44,2025-03-20,0321,N20,nominal,2.0NRT,291.97,9.81,D
-34.45802,150.19228,340.78,0.4,0.44,2025-03-20,0321,N20,nominal,2.0NRT,288.48,8,D
-34.45207,150.20981,339.78,0.4,0.44,2025-03-20,0321,N20,nominal,2.0NRT,286.86,7.3,D
-34.45251,150.20544,344.12,0.4,0.44,2025-03-20,0321,N20,nominal,2.0NRT,290.66,7.3,D
-34.45296,150.201,346.35,0.4,0.44,2025-03-20,0321,N20,nominal,2.0NRT,292.07,9.81,D
-34.44933,150.19585,367,0.4,0.44,2025-03-20,0321,N20,high,2.0NRT,293.43,11.18,D
-34.44888,150.20024,346.83,0.4,0.44,2025-03-20,0321,N20,nominal,2.0NRT,291.03,11.18,D
-34.4448,150.19948,348.98,0.4,0.44,2025-03-20,0321,N20,nominal,2.0NRT,292.95,11.18,D
-34.04765,149.7301,331.78,0.42,0.45,2025-03-20,0321,N20,nominal,2.0NRT,294.01,6.35,D
-34.04348,149.72932,349.07,0.42,0.45,2025-03-20,0321,N20,nominal,2.0NRT,295.44,6.17,D
-34.04395,149.72447,336.39,0.42,0.45,2025-03-20,0321,N20,nominal,2.0NRT,295.26,6.39,D
-34.0407,149.71417,337.37,0.42,0.45,2025-03-20,0321,N20,nominal,2.0NRT,295.72,10.13,D
-34.03695,149.709,343.59,0.42,0.45,2025-03-20,0321,N20,nominal,2.0NRT,296.51,6.21,D
-33.63897,151.1393,330.32,0.52,0.42,2025-03-20,0321,N20,nominal,2.0NRT,296.61,5.33,D
-33.63445,151.14447,331.61,0.52,0.42,2025-03-20,0321,N20,nominal,2.0NRT,299.07,3.84,D
-33.63511,151.13867,340.23,0.52,0.42,2025-03-20,0321,N20,nominal,2.0NRT,297.86,5.33,D
-32.82544,151.8279,342.43,0.48,0.4,2025-03-20,0321,N20,nominal,2.0NRT,299.45,3.94,D
-32.80872,151.42378,336.19,0.5,0.41,2025-03-20,0321,N20,nominal,2.0NRT,301.86,4.64,D
-32.80933,151.41847,341.61,0.5,0.41,2025-03-20,0321,N20,nominal,2.0NRT,300.05,4.64,D
-32.80494,151.42322,336.61,0.5,0.41,2025-03-20,0321,N20,nominal,2.0NRT,301.52,4.64,D
-33.20367,147.26627,343.52,0.56,0.51,2025-03-20,0321,N20,nominal,2.0NRT,305.07,36.19,D
-33.20415,147.26021,336.39,0.56,0.51,2025-03-20,0321,N20,low,2.0NRT,307.8,36.19,D
-32.61716,147.9809,342.05,0.5,0.49,2025-03-20,0321,N20,nominal,2.0NRT,304.58,25.5,D
-32.61765,147.97551,352.22,0.5,0.49,2025-03-20,0321,N20,nominal,2.0NRT,308.75,25.5,D
-32.61308,147.97495,347.05,0.5,0.49,2025-03-20,0321,N20,nominal,2.0NRT,305.58,25.5,D
-32.609,147.96898,330.34,0.5,0.49,2025-03-20,0321,N20,low,2.0NRT,300.79,8.23,D
-32.44696,148.06966,344.04,0.49,0.49,2025-03-20,0321,N20,nominal,2.0NRT,305.11,5.11,D
-27.21127,150.62064,334.95,0.47,0.4,2025-03-20,0323,N20,nominal,2.0NRT,291.96,3.01,D
-32.48674,146.64352,344.53,0.6,0.53,2025-03-20,0321,N20,nominal,2.0NRT,305.22,6.26,D
-32.48181,146.64301,341.86,0.6,0.53,2025-03-20,0321,N20,nominal,2.0NRT,303.7,6.26,D
-26.98295,151.20824,333.7,0.45,0.39,2025-03-20,0323,N20,nominal,2.0NRT,282.04,3.41,D
-32.48547,146.64261,343.83,0.6,0.53,2025-03-20,0321,N20,nominal,2.0NRT,305.54,12.91,D
-26.67833,150.33685,330.46,0.48,0.4,2025-03-20,0323,N20,low,2.0NRT,301.67,5.54,D
-32.48108,146.63571,343.91,0.6,0.53,2025-03-20,0321,N20,nominal,2.0NRT,304.4,10.24,D
-26.15158,151.55998,335.35,0.43,0.38,2025-03-20,0323,N20,nominal,2.0NRT,299.86,3.34,D
-32.47614,146.63518,345.26,0.6,0.53,2025-03-20,0321,N20,nominal,2.0NRT,304.5,10.24,D
-32.32823,147.69614,348.14,0.52,0.5,2025-03-20,0321,N20,nominal,2.0NRT,305.82,11.06,D
-24.22689,150.50677,330.65,0.45,0.39,2025-03-20,0323,N20,nominal,2.0NRT,297.87,2.67,D
-32.32361,147.69556,367,0.52,0.5,2025-03-20,0321,N20,high,2.0NRT,305.81,24.97,D
-24.05838,151.32335,332.25,0.42,0.37,2025-03-20,0323,N20,nominal,2.0NRT,294.67,6.05,D
-32.32409,147.69002,342.25,0.52,0.5,2025-03-20,0321,N20,nominal,2.0NRT,302.36,11.05,D
-23.83042,151.15247,335.72,0.42,0.38,2025-03-20,0323,N20,nominal,2.0NRT,300.49,4.48,D
-32.31947,147.68942,367,0.52,0.5,2025-03-20,0321,N20,high,2.0NRT,305.06,11.05,D
-10.33707,149.6474,338.68,0.39,0.36,2025-03-20,0328,N20,nominal,2.0NRT,288.03,3.98,D
-31.6147,148.55963,331.66,0.45,0.47,2025-03-20,0321,N20,low,2.0NRT,306.15,2.33,D
-31.60989,148.56386,338.15,0.45,0.47,2025-03-20,0321,N20,nominal,2.0NRT,305.35,3.42,D
-31.61035,148.55904,333.56,0.45,0.47,2025-03-20,0321,N20,low,2.0NRT,306.15,2.33,D
-31.80252,145.23729,334.76,0.36,0.57,2025-03-20,0321,N20,nominal,2.0NRT,285.67,4.66,D
-31.40448,146.60127,344.72,0.59,0.52,2025-03-20,0321,N20,nominal,2.0NRT,304.72,35.07,D
-31.3996,146.60075,353.61,0.59,0.52,2025-03-20,0321,N20,nominal,2.0NRT,308.86,35.07,D
-31.40012,146.59454,347.79,0.59,0.53,2025-03-20,0321,N20,nominal,2.0NRT,308.06,53.77,D
-31.39419,146.60638,343.41,0.58,0.52,2025-03-20,0321,N20,nominal,2.0NRT,305.73,19.6,D
-31.39471,146.60022,344.74,0.59,0.52,2025-03-20,0321,N20,nominal,2.0NRT,302.8,19.6,D
-30.82372,151.29774,341.09,0.48,0.4,2025-03-20,0321,N20,nominal,2.0NRT,303.61,3.75,D
-30.82433,151.29276,333.83,0.48,0.4,2025-03-20,0321,N20,nominal,2.0NRT,306.09,2.82,D
-31.20736,147.09708,343.41,0.54,0.51,2025-03-20,0321,N20,nominal,2.0NRT,304.12,38.17,D
-31.20264,147.0965,344.73,0.54,0.51,2025-03-20,0321,N20,nominal,2.0NRT,305.23,38.17,D
-31.19792,147.09593,343.35,0.54,0.51,2025-03-20,0321,N20,nominal,2.0NRT,305.02,19.74,D
-31.19841,147.09015,338.04,0.54,0.51,2025-03-20,0321,N20,nominal,2.0NRT,303.67,19.74,D
-31.04225,148.73688,341.12,0.44,0.46,2025-03-20,0321,N20,nominal,2.0NRT,308.37,5.33,D
-31.0427,148.73225,339.98,0.44,0.46,2025-03-20,0321,N20,nominal,2.0NRT,308.96,4.23,D
-31.04453,148.71373,334.34,0.44,0.46,2025-03-20,0321,N20,low,2.0NRT,307.4,4.1,D
-31.20373,146.91391,367,0.56,0.51,2025-03-20,0321,N20,high,2.0NRT,306.91,21.62,D
-31.03843,148.73164,335.48,0.44,0.46,2025-03-20,0321,N20,low,2.0NRT,307.71,6.83,D
-31.03934,148.7224,346.37,0.44,0.46,2025-03-20,0321,N20,nominal,2.0NRT,308.69,9.34,D
-31.03979,148.71777,341,0.44,0.46,2025-03-20,0321,N20,nominal,2.0NRT,309.7,9.34,D
-31.04025,148.71312,349.92,0.44,0.46,2025-03-20,0321,N20,nominal,2.0NRT,309.51,4.46,D
-31.20324,146.9198,355.66,0.56,0.51,2025-03-20,0321,N20,nominal,2.0NRT,306.16,21.62,D
-31.20423,146.908,342.42,0.56,0.51,2025-03-20,0321,N20,nominal,2.0NRT,304.72,8.94,D
-31.03506,148.7218,349.96,0.44,0.46,2025-03-20,0321,N20,nominal,2.0NRT,309.96,9.34,D
-31.03597,148.71255,336.07,0.44,0.46,2025-03-20,0321,N20,low,2.0NRT,309.11,4.46,D
-31.19846,146.91924,352.63,0.56,0.51,2025-03-20,0321,N20,nominal,2.0NRT,305.48,21.62,D
-31.19417,146.9128,334.88,0.56,0.51,2025-03-20,0321,N20,nominal,2.0NRT,303.57,3.54,D
-31.03623,148.72734,334.67,0.44,0.46,2025-03-20,0321,N20,low,2.0NRT,309.2,4.63,D
-31.03671,148.72272,348.92,0.44,0.46,2025-03-20,0321,N20,nominal,2.0NRT,309.68,13.11,D
-31.0372,148.71809,342.39,0.44,0.46,2025-03-20,0321,N20,nominal,2.0NRT,312.24,13.11,D
-31.03768,148.71347,345.88,0.44,0.46,2025-03-20,0321,N20,nominal,2.0NRT,309.59,6.61,D
-31.19717,147.09274,347.26,0.54,0.51,2025-03-20,0321,N20,nominal,2.0NRT,303.68,8.62,D
-31.20309,146.92278,340.36,0.56,0.51,2025-03-20,0321,N20,nominal,2.0NRT,303.35,16.66,D
-31.20362,146.91687,353.89,0.56,0.51,2025-03-20,0321,N20,nominal,2.0NRT,307.99,16.66,D
-31.20416,146.911,350.27,0.56,0.51,2025-03-20,0321,N20,nominal,2.0NRT,305.8,8.62,D
-31.20469,146.90511,334.51,0.56,0.51,2025-03-20,0321,N20,low,2.0NRT,304.87,8.62,D
-31.19832,146.92223,339.32,0.56,0.51,2025-03-20,0321,N20,nominal,2.0NRT,303.11,16.66,D
-31.19885,146.91635,338.08,0.56,0.51,2025-03-20,0321,N20,nominal,2.0NRT,306.13,16.66,D
-31.19407,146.91579,332.1,0.56,0.51,2025-03-20,0321,N20,low,2.0NRT,303.48,2.57,D
-30.36539,152.25511,336.47,0.44,0.38,2025-03-20,0321,N20,nominal,2.0NRT,296.09,7.76,D
-30.21203,151.17648,335.65,0.48,0.4,2025-03-20,0321,N20,low,2.0NRT,306.31,4.4,D
-30.00074,151.82323,332.12,0.45,0.39,2025-03-20,0321,N20,nominal,2.0NRT,299.59,3.88,D
-29.99656,151.82729,337.65,0.45,0.39,2025-03-20,0321,N20,nominal,2.0NRT,297.06,3.88,D
-30.25716,147.63718,334.18,0.49,0.49,2025-03-20,0323,N20,low,2.0NRT,304.52,3.12,D
-29.6481,149.86899,346.15,0.55,0.42,2025-03-20,0323,N20,nominal,2.0NRT,309.93,143.24,D
-29.6448,149.8627,343.44,0.55,0.43,2025-03-20,0323,N20,nominal,2.0NRT,310.69,47.94,D
-29.63514,148.2171,335.91,0.45,0.47,2025-03-20,0323,N20,nominal,2.0NRT,305.14,3.97,D
-29.63561,148.21245,338.04,0.45,0.47,2025-03-20,0323,N20,nominal,2.0NRT,304.22,3.19,D
-29.63081,148.21652,344.78,0.45,0.47,2025-03-20,0323,N20,nominal,2.0NRT,304.98,5.26,D
-29.38884,148.77771,333.49,0.41,0.45,2025-03-20,0323,N20,low,2.0NRT,303.88,2.8,D
-29.4022,148.4904,335.73,0.43,0.46,2025-03-20,0323,N20,nominal,2.0NRT,300.33,4.02,D
-29.0434,150.52805,349.66,0.5,0.41,2025-03-20,0323,N20,nominal,2.0NRT,304.92,6.23,D
-29.04401,150.52289,337.73,0.5,0.41,2025-03-20,0323,N20,nominal,2.0NRT,303.54,5.54,D
-29.03963,150.5275,351.96,0.5,0.41,2025-03-20,0323,N20,nominal,2.0NRT,308.82,22.36,D
-29.04024,150.52232,350.48,0.5,0.41,2025-03-20,0323,N20,nominal,2.0NRT,305.54,26.44,D
-29.03585,150.5269,350.15,0.5,0.41,2025-03-20,0323,N20,nominal,2.0NRT,303.02,22.36,D
-29.03647,150.52174,350.42,0.5,0.41,2025-03-20,0323,N20,nominal,2.0NRT,309.25,26.44,D
-29.0327,150.52112,349.93,0.5,0.41,2025-03-20,0323,N20,nominal,2.0NRT,306.65,8.59,D
-28.64941,153.44431,328.57,0.39,0.37,2025-03-20,0323,N20,nominal,2.0NRT,295.48,1.91,D
-29.02893,150.52049,347.81,0.5,0.41,2025-03-20,0323,N20,nominal,2.0NRT,303.2,8.59,D
-28.78752,150.92851,352.44,0.48,0.4,2025-03-20,0323,N20,nominal,2.0NRT,308.67,30.84,D
-28.78384,150.92792,336.7,0.48,0.4,2025-03-20,0323,N20,nominal,2.0NRT,305.06,6.8,D
-28.58238,152.11053,331.53,0.43,0.38,2025-03-20,0323,N20,nominal,2.0NRT,288.74,2.79,D
-28.90762,148.0257,367,0.45,0.47,2025-03-20,0323,N20,high,2.0NRT,305.76,14.51,D
-28.90715,148.03036,348.92,0.45,0.47,2025-03-20,0323,N20,nominal,2.0NRT,304.34,12.63,D
-28.90328,148.02512,351.13,0.45,0.47,2025-03-20,0323,N20,nominal,2.0NRT,305.25,8.27,D
-28.26186,148.72318,337.15,0.41,0.45,2025-03-20,0323,N20,nominal,2.0NRT,304.9,8.29,D
-28.13627,149.82083,343.09,0.53,0.42,2025-03-20,0323,N20,nominal,2.0NRT,298.61,5.63,D
-28.14189,149.77187,339.42,0.53,0.42,2025-03-20,0323,N20,nominal,2.0NRT,300.5,8.61,D
-28.14151,149.76979,341.81,0.53,0.42,2025-03-20,0323,N20,nominal,2.0NRT,299.57,9.2,D
-34.51178,148.31357,341.77,0.74,0.76,2025-03-20,0501,N20,nominal,2.0NRT,291.15,10.66,D
-33.81458,147.00941,342.01,0.67,0.73,2025-03-20,0501,N20,nominal,2.0NRT,291.86,7.52,D
-33.48189,148.02496,367,0.77,0.77,2025-03-20,0501,N20,high,2.0NRT,293.41,39.39,D
-32.34187,147.71571,330.32,0.79,0.78,2025-03-20,0501,N20,nominal,2.0NRT,293.58,5.48,D
-31.20201,147.10117,342.19,0.79,0.78,2025-03-20,0504,N20,nominal,2.0NRT,293.23,13.74,D
-31.2045,147.09293,339.2,0.79,0.78,2025-03-20,0504,N20,nominal,2.0NRT,293.23,13.94,D
-31.20257,146.9184,346.09,0.77,0.78,2025-03-20,0504,N20,nominal,2.0NRT,293.89,15.44,D
-31.20001,146.91866,338.35,0.77,0.78,2025-03-20,0504,N20,nominal,2.0NRT,292.48,13.83,D
-31.28661,145.5807,336.46,0.65,0.73,2025-03-20,0504,N20,nominal,2.0NRT,292.05,5.81,D
-33.19975,121.54908,331.12,0.59,0.53,2025-03-20,0504,N20,low,2.0NRT,305.33,3.37,D
-33.19436,121.55495,346.44,0.59,0.52,2025-03-20,0504,N20,nominal,2.0NRT,305.28,8.71,D
-33.19486,121.54857,335.67,0.59,0.53,2025-03-20,0504,N20,nominal,2.0NRT,302.09,3.37,D
-33.19536,121.54218,332.3,0.59,0.53,2025-03-20,0504,N20,nominal,2.0NRT,302.29,3.37,D
-33.18997,121.54807,367,0.59,0.53,2025-03-20,0504,N20,high,2.0NRT,303.42,9.9,D
-33.18947,121.55443,355.3,0.59,0.52,2025-03-20,0504,N20,nominal,2.0NRT,304.2,9.81,D
-33.19047,121.5417,343.09,0.59,0.53,2025-03-20,0504,N20,nominal,2.0NRT,303.42,9.9,D
-33.18459,121.55391,338.75,0.59,0.52,2025-03-20,0504,N20,nominal,2.0NRT,302.46,9.81,D
-33.18508,121.54755,337.03,0.59,0.53,2025-03-20,0504,N20,nominal,2.0NRT,300.03,9.9,D
-33.17871,121.56615,367,0.58,0.52,2025-03-20,0504,N20,high,2.0NRT,305.89,9.73,D
-33.17921,121.55976,367,0.58,0.52,2025-03-20,0504,N20,high,2.0NRT,303.84,9.79,D
-33.1797,121.55338,356.46,0.59,0.52,2025-03-20,0504,N20,nominal,2.0NRT,301.81,9.79,D
-33.18019,121.54703,350,0.59,0.53,2025-03-20,0504,N20,nominal,2.0NRT,300.63,10.65,D
-33.17383,121.56559,331.89,0.58,0.52,2025-03-20,0504,N20,nominal,2.0NRT,303.9,9.73,D
-33.17432,121.55923,343.17,0.58,0.52,2025-03-20,0504,N20,nominal,2.0NRT,302.5,9.79,D
-33.17482,121.55285,340.43,0.59,0.52,2025-03-20,0504,N20,nominal,2.0NRT,301.37,9.79,D
-33.17531,121.54648,350.22,0.59,0.53,2025-03-20,0504,N20,nominal,2.0NRT,300.74,10.65,D
-33.16944,121.55866,337.7,0.58,0.52,2025-03-20,0504,N20,nominal,2.0NRT,302.52,3.74,D
-33.16993,121.55228,337.28,0.59,0.52,2025-03-20,0504,N20,nominal,2.0NRT,303.22,3.74,D
-33.17043,121.54594,332.46,0.59,0.53,2025-03-20,0504,N20,nominal,2.0NRT,301.91,2.66,D
-33.18133,121.56548,367,0.58,0.52,2025-03-20,0504,N20,high,2.0NRT,306.71,10.05,D
-33.18187,121.55912,351.5,0.58,0.52,2025-03-20,0504,N20,nominal,2.0NRT,303.86,10.05,D
-33.1824,121.55276,348.02,0.58,0.52,2025-03-20,0504,N20,nominal,2.0NRT,301.45,9.05,D
-33.18294,121.54642,343.16,0.59,0.52,2025-03-20,0504,N20,nominal,2.0NRT,300.75,9.05,D
-33.17645,121.56495,349.59,0.58,0.52,2025-03-20,0504,N20,nominal,2.0NRT,304.59,10.05,D
-33.17698,121.5586,354.95,0.58,0.52,2025-03-20,0504,N20,nominal,2.0NRT,302.99,10.05,D
-33.17752,121.55223,354.3,0.58,0.52,2025-03-20,0504,N20,nominal,2.0NRT,302.2,9.05,D
-33.17805,121.54589,349.12,0.59,0.52,2025-03-20,0504,N20,nominal,2.0NRT,301.01,9.05,D
-33.1721,121.55805,338.63,0.58,0.52,2025-03-20,0504,N20,nominal,2.0NRT,302.59,5.1,D
-33.17264,121.5517,337.59,0.58,0.52,2025-03-20,0504,N20,nominal,2.0NRT,301.77,4.55,D
-23.01929,122.51313,331.9,0.39,0.44,2025-03-20,0506,N20,nominal,2.0NRT,290.22,1.97,D
-33.17317,121.54535,341.9,0.59,0.52,2025-03-20,0504,N20,nominal,2.0NRT,301,4.55,D
-22.97337,120.97675,344.52,0.48,0.48,2025-03-20,0506,N20,nominal,2.0NRT,307.49,10.68,D
-33.08016,118.20734,339.82,0.46,0.63,2025-03-20,0504,N20,nominal,2.0NRT,307.69,5.13,D
-21.32451,124.61858,341.91,0.44,0.38,2025-03-20,0508,N20,nominal,2.0NRT,307.59,10.05,D
-19.49891,131.72661,340.22,0.54,0.42,2025-03-20,0508,N20,nominal,2.0NRT,296.88,20.97,D
-33.08228,118.20644,333.63,0.46,0.63,2025-03-20,0504,N20,low,2.0NRT,307.08,2.66,D
-33.07636,118.20595,335.43,0.46,0.63,2025-03-20,0504,N20,low,2.0NRT,306.96,2.66,D
-19.88498,127.24561,338.54,0.38,0.36,2025-03-20,0508,N20,nominal,2.0NRT,301.02,4.55,D
-32.90776,117.71663,336.46,0.49,0.65,2025-03-20,0504,N20,nominal,2.0NRT,305.18,4.85,D
-18.61941,131.73071,345.68,0.55,0.43,2025-03-20,0508,N20,nominal,2.0NRT,294.49,12.88,D
-18.41269,132.73445,345.56,0.43,0.46,2025-03-20,0508,N20,nominal,2.0NRT,305.53,9.69,D
-32.90802,117.71136,343.18,0.49,0.65,2025-03-20,0504,N20,nominal,2.0NRT,306.28,6.86,D
-18.5948,131.7095,351.81,0.55,0.43,2025-03-20,0508,N20,nominal,2.0NRT,300.83,22.18,D
-32.90663,117.71593,337.17,0.49,0.65,2025-03-20,0504,N20,nominal,2.0NRT,305.29,4.56,D
-32.90693,117.71067,342.11,0.49,0.65,2025-03-20,0504,N20,nominal,2.0NRT,305.59,4.56,D
-18.40582,132.7247,340.06,0.43,0.46,2025-03-20,0508,N20,nominal,2.0NRT,299.19,4.46,D
-32.8201,117.36251,352.49,0.51,0.66,2025-03-20,0504,N20,nominal,2.0NRT,306.73,9.05,D
-18.40089,132.72789,354.21,0.43,0.46,2025-03-20,0508,N20,nominal,2.0NRT,297.98,8.56,D
-32.82126,117.36385,367,0.51,0.66,2025-03-20,0504,N20,high,2.0NRT,305.94,13.63,D
-18.36785,132.74223,367,0.43,0.46,2025-03-20,0508,N20,high,2.0NRT,300.97,17.01,D
-17.9722,131.58354,334.38,0.56,0.43,2025-03-20,0508,N20,nominal,2.0NRT,265.33,5.01,D
-32.77411,117.43793,367,0.5,0.66,2025-03-20,0504,N20,high,2.0NRT,311.26,197.04,D
-32.77438,117.43252,341.68,0.51,0.66,2025-03-20,0504,N20,nominal,2.0NRT,302.8,197.04,D
-17.96827,131.58278,339.37,0.56,0.43,2025-03-20,0508,N20,nominal,2.0NRT,269,4.9,D
-32.76768,117.44282,367,0.5,0.66,2025-03-20,0504,N20,high,2.0NRT,303.39,261.25,D
-17.96229,131.5708,349.53,0.56,0.43,2025-03-20,0508,N20,nominal,2.0NRT,265.6,5.67,D
-17.96322,131.56554,351.47,0.56,0.43,2025-03-20,0508,N20,nominal,2.0NRT,268.31,8.37,D
-32.76851,117.42652,333.21,0.51,0.66,2025-03-20,0504,N20,nominal,2.0NRT,302.47,14.67,D
-18.02513,130.99364,343.61,0.52,0.41,2025-03-20,0508,N20,nominal,2.0NRT,281.74,12.29,D
-32.76796,117.43742,367,0.5,0.66,2025-03-20,0504,N20,low,2.0NRT,372,197.04,D
-17.99975,131.00394,340.02,0.52,0.41,2025-03-20,0508,N20,nominal,2.0NRT,278.76,5.95,D
-32.76181,117.43684,367,0.5,0.66,2025-03-20,0504,N20,high,2.0NRT,305.28,19.78,D
-17.9945,130.9944,332.47,0.52,0.41,2025-03-20,0508,N20,nominal,2.0NRT,281.92,21.31,D
-32.76209,117.43137,351.61,0.51,0.66,2025-03-20,0504,N20,nominal,2.0NRT,302.73,19.78,D
-17.9907,130.99368,350.67,0.52,0.41,2025-03-20,0508,N20,nominal,2.0NRT,290.44,21.31,D
-17.98691,130.99298,347.48,0.52,0.41,2025-03-20,0508,N20,nominal,2.0NRT,279.93,21.83,D
-32.68623,117.46924,337.37,0.5,0.66,2025-03-20,0504,N20,nominal,2.0NRT,302.44,5.54,D
-17.68356,131.61478,332.92,0.56,0.43,2025-03-20,0508,N20,nominal,2.0NRT,289.56,4.15,D
-32.68649,117.46378,339.43,0.5,0.66,2025-03-20,0504,N20,nominal,2.0NRT,303.4,5.1,D
-17.67864,131.61934,356.29,0.56,0.43,2025-03-20,0508,N20,nominal,2.0NRT,298.62,8.91,D
-17.67961,131.61403,336.58,0.56,0.43,2025-03-20,0508,N20,nominal,2.0NRT,294.59,6.9,D
-32.68674,117.45838,337.1,0.5,0.66,2025-03-20,0504,N20,nominal,2.0NRT,303.61,5.1,D
-17.68057,131.60873,347.14,0.56,0.43,2025-03-20,0508,N20,nominal,2.0NRT,290.66,6.9,D
-32.68699,117.453,335.87,0.5,0.66,2025-03-20,0504,N20,nominal,2.0NRT,303.56,8.8,D
-17.68154,131.60342,334.62,0.56,0.43,2025-03-20,0508,N20,nominal,2.0NRT,291.1,3.38,D
-17.67371,131.62389,337.54,0.57,0.43,2025-03-20,0508,N20,nominal,2.0NRT,300.15,8.91,D
-32.67985,117.47413,345.41,0.5,0.66,2025-03-20,0504,N20,nominal,2.0NRT,305.63,5.54,D
-17.67468,131.61856,335.06,0.56,0.43,2025-03-20,0508,N20,nominal,2.0NRT,300.74,8.91,D
-17.66976,131.62311,337.75,0.57,0.43,2025-03-20,0508,N20,nominal,2.0NRT,301,6.36,D
-32.6801,117.46882,348.88,0.5,0.66,2025-03-20,0504,N20,nominal,2.0NRT,305.6,5.54,D
-17.6658,131.62236,338.93,0.57,0.43,2025-03-20,0508,N20,nominal,2.0NRT,301.02,6.36,D
-32.68034,117.46355,341.78,0.5,0.66,2025-03-20,0504,N20,nominal,2.0NRT,304.48,5.1,D
-17.67066,131.59587,340.94,0.56,0.43,2025-03-20,0508,N20,nominal,2.0NRT,301.61,9.57,D
-32.68059,117.45814,336.2,0.5,0.66,2025-03-20,0504,N20,nominal,2.0NRT,305.29,5.1,D
-17.68048,131.61748,353.84,0.57,0.43,2025-03-20,0508,N20,nominal,2.0NRT,297.54,7.08,D
-32.68642,117.46882,336.49,0.5,0.66,2025-03-20,0504,N20,nominal,2.0NRT,302.64,3.64,D
-17.68141,131.61215,345.34,0.56,0.43,2025-03-20,0508,N20,nominal,2.0NRT,292.91,7.08,D
-32.68671,117.46336,338.73,0.5,0.66,2025-03-20,0504,N20,nominal,2.0NRT,303.71,3.64,D
-17.68234,131.60684,348.94,0.56,0.43,2025-03-20,0508,N20,nominal,2.0NRT,290.68,3.89,D
-32.68699,117.45795,336,0.5,0.66,2025-03-20,0504,N20,nominal,2.0NRT,303.44,7.11,D
-17.67559,131.62204,348.17,0.57,0.43,2025-03-20,0508,N20,nominal,2.0NRT,300.62,7.64,D
-32.68001,117.47372,344.77,0.5,0.66,2025-03-20,0504,N20,nominal,2.0NRT,305.38,9.56,D
-17.67652,131.61671,338.18,0.57,0.43,2025-03-20,0508,N20,nominal,2.0NRT,301.09,7.04,D
-32.68028,117.46841,347.77,0.5,0.66,2025-03-20,0504,N20,nominal,2.0NRT,305.4,8.92,D
-32.68056,117.46315,341.38,0.5,0.66,2025-03-20,0504,N20,nominal,2.0NRT,303.69,8.92,D
-17.67163,131.62126,339.16,0.57,0.43,2025-03-20,0508,N20,nominal,2.0NRT,300.73,7.64,D
-17.66768,131.6205,340.54,0.57,0.43,2025-03-20,0508,N20,nominal,2.0NRT,302.57,9.69,D
-32.68084,117.45774,337.39,0.5,0.66,2025-03-20,0504,N20,nominal,2.0NRT,305.09,9.45,D
-17.67235,131.59395,337.39,0.56,0.43,2025-03-20,0508,N20,nominal,2.0NRT,301.1,2.85,D
-32.64422,117.06148,336.44,0.53,0.67,2025-03-20,0504,N20,nominal,2.0NRT,303.36,3.26,D
-17.65505,131.64565,338.76,0.57,0.43,2025-03-20,0508,N20,nominal,2.0NRT,301.77,8.35,D
-17.65976,131.61897,338.08,0.57,0.43,2025-03-20,0508,N20,nominal,2.0NRT,302.47,5.11,D
-17.65581,131.61823,345.72,0.57,0.43,2025-03-20,0508,N20,nominal,2.0NRT,301.53,5.11,D
-32.64448,117.05585,337.02,0.53,0.67,2025-03-20,0504,N20,nominal,2.0NRT,304.25,3.26,D
-17.65675,131.6129,349.25,0.57,0.43,2025-03-20,0508,N20,nominal,2.0NRT,301.7,7.58,D
-17.65768,131.60757,336.37,0.56,0.43,2025-03-20,0508,N20,nominal,2.0NRT,299.88,7.58,D
-32.63795,117.06092,338.99,0.53,0.67,2025-03-20,0504,N20,nominal,2.0NRT,306.16,5.34,D
-17.64807,131.63876,343.15,0.57,0.43,2025-03-20,0508,N20,nominal,2.0NRT,303.83,14.73,D
-17.61145,131.63725,342.43,0.57,0.43,2025-03-20,0508,N20,nominal,2.0NRT,305.62,13.93,D
-32.46428,118.51543,335.77,0.43,0.62,2025-03-20,0504,N20,nominal,2.0NRT,304.13,3.34,D
-17.55332,131.70837,346.48,0.38,0.43,2025-03-20,0508,N20,nominal,2.0NRT,304.19,10.19,D
-17.54934,131.7076,352.22,0.38,0.43,2025-03-20,0508,N20,nominal,2.0NRT,305.23,10.19,D
-32.33844,118.04138,356.54,0.46,0.64,2025-03-20,0504,N20,nominal,2.0NRT,305.57,8.9,D
-17.55191,131.70729,354.8,0.38,0.43,2025-03-20,0508,N20,nominal,2.0NRT,305.81,14.04,D
-17.54792,131.70651,350.68,0.38,0.43,2025-03-20,0508,N20,nominal,2.0NRT,302.23,14.04,D
-32.34101,118.04451,348.43,0.46,0.64,2025-03-20,0504,N20,nominal,2.0NRT,303.39,6.27,D
-19.07452,121.59933,343.06,0.4,0.44,2025-03-20,0508,N20,nominal,2.0NRT,296.39,11.46,D
-32.3413,118.03952,341.67,0.46,0.64,2025-03-20,0504,N20,nominal,2.0NRT,304.25,5.15,D
-19.06997,121.60257,343.83,0.4,0.44,2025-03-20,0508,N20,nominal,2.0NRT,296.38,13.31,D
-32.34199,117.92406,347.64,0.47,0.64,2025-03-20,0504,N20,nominal,2.0NRT,306.25,5.37,D
-17.37137,131.80737,331.51,0.39,0.44,2025-03-20,0508,N20,nominal,2.0NRT,298.9,4.65,D
-32.27111,118.62677,349.19,0.43,0.62,2025-03-20,0504,N20,nominal,2.0NRT,308.13,10.17,D
-17.36801,131.80295,343.2,0.39,0.44,2025-03-20,0508,N20,nominal,2.0NRT,297.69,11.12,D
-16.56751,132.11183,336.64,0.42,0.45,2025-03-20,0508,N20,nominal,2.0NRT,296.46,8.28,D
-32.2714,118.62202,355.93,0.43,0.62,2025-03-20,0504,N20,nominal,2.0NRT,310.34,19.89,D
-16.57104,132.0923,337.33,0.42,0.45,2025-03-20,0508,N20,nominal,2.0NRT,294.86,3.1,D
-32.26567,118.62147,346.77,0.43,0.62,2025-03-20,0504,N20,nominal,2.0NRT,306.42,7.42,D
-16.56195,132.11882,355.94,0.42,0.45,2025-03-20,0508,N20,nominal,2.0NRT,299.73,14.44,D
-32.26596,118.61673,355.81,0.43,0.62,2025-03-20,0504,N20,nominal,2.0NRT,308.45,7.42,D
-16.56689,132.09152,337.66,0.42,0.45,2025-03-20,0508,N20,nominal,2.0NRT,297.89,3.1,D
-32.26416,118.14305,367,0.45,0.63,2025-03-20,0504,N20,high,2.0NRT,307.96,15.3,D
-16.55495,132.13373,342.23,0.42,0.45,2025-03-20,0508,N20,nominal,2.0NRT,294.4,42.8,D
-32.26443,118.13821,367,0.46,0.63,2025-03-20,0504,N20,high,2.0NRT,310.09,15.3,D
-16.55992,132.10632,346.26,0.42,0.45,2025-03-20,0508,N20,nominal,2.0NRT,298.72,5.07,D
-32.2647,118.13332,356.2,0.46,0.63,2025-03-20,0504,N20,nominal,2.0NRT,311.78,22.11,D
-16.56275,132.09073,341.21,0.42,0.45,2025-03-20,0508,N20,nominal,2.0NRT,297.03,4.36,D
-32.26497,118.12836,353.21,0.46,0.63,2025-03-20,0504,N20,nominal,2.0NRT,307.69,22.11,D
-16.55648,132.10162,344.71,0.42,0.45,2025-03-20,0508,N20,nominal,2.0NRT,296.83,5.07,D
-16.55789,132.09383,331.45,0.42,0.45,2025-03-20,0508,N20,nominal,2.0NRT,297.45,9.46,D
-32.25827,118.14249,367,0.45,0.63,2025-03-20,0504,N20,high,2.0NRT,310.87,13.09,D
-16.54343,132.07896,348.88,0.42,0.45,2025-03-20,0508,N20,nominal,2.0NRT,295.12,8.91,D
-32.25854,118.13762,367,0.46,0.63,2025-03-20,0504,N20,high,2.0NRT,307.83,13.09,D
-16.54414,132.07509,349.46,0.42,0.45,2025-03-20,0508,N20,nominal,2.0NRT,294.15,8.91,D
-32.2588,118.13271,367,0.46,0.63,2025-03-20,0504,N20,high,2.0NRT,308.2,7.98,D
-16.54485,132.0712,332.09,0.42,0.45,2025-03-20,0508,N20,nominal,2.0NRT,291.01,3.15,D
-32.25908,118.12778,337.26,0.46,0.63,2025-03-20,0504,N20,nominal,2.0NRT,305.36,7.98,D
-16.54555,132.06734,333.23,0.42,0.45,2025-03-20,0508,N20,nominal,2.0NRT,294.19,3.15,D
-32.25984,118.14397,367,0.45,0.63,2025-03-20,0504,N20,high,2.0NRT,310.28,15.99,D
-16.54626,132.06346,354.69,0.42,0.45,2025-03-20,0508,N20,nominal,2.0NRT,297.33,6.92,D
-16.54697,132.05959,334.88,0.42,0.45,2025-03-20,0508,N20,nominal,2.0NRT,296.71,6.92,D
-32.26013,118.13913,367,0.45,0.63,2025-03-20,0504,N20,high,2.0NRT,308.26,15.99,D
-16.54838,132.05186,334.76,0.42,0.45,2025-03-20,0508,N20,nominal,2.0NRT,294.53,6.28,D
-32.26043,118.13424,367,0.45,0.63,2025-03-20,0504,N20,high,2.0NRT,310.28,17.23,D
-16.54979,132.0441,331.48,0.42,0.45,2025-03-20,0508,N20,nominal,2.0NRT,292.22,4.54,D
-16.53928,132.07817,352.37,0.42,0.45,2025-03-20,0508,N20,nominal,2.0NRT,293.97,17.13,D
-32.26073,118.12933,367,0.46,0.63,2025-03-20,0504,N20,high,2.0NRT,309.38,17.23,D
-16.53999,132.0743,350.49,0.42,0.45,2025-03-20,0508,N20,nominal,2.0NRT,295.15,17.13,D
-16.54141,132.06657,335.91,0.42,0.45,2025-03-20,0508,N20,nominal,2.0NRT,297.25,6,D
-32.21211,118.15038,337.17,0.45,0.63,2025-03-20,0504,N20,nominal,2.0NRT,305.49,6.48,D
-16.54637,132.03943,339.95,0.42,0.45,2025-03-20,0508,N20,nominal,2.0NRT,293.33,5.64,D
-16.54708,132.03554,342.27,0.42,0.45,2025-03-20,0508,N20,nominal,2.0NRT,296.89,5.64,D
-32.2124,118.14542,347.28,0.45,0.63,2025-03-20,0504,N20,nominal,2.0NRT,306.15,6.48,D
-16.54779,132.03166,338.23,0.42,0.45,2025-03-20,0508,N20,nominal,2.0NRT,299.36,15.66,D
-16.53868,132.05804,331.13,0.42,0.45,2025-03-20,0508,N20,nominal,2.0NRT,287.65,7.74,D
-32.20651,118.14483,367,0.45,0.63,2025-03-20,0504,N20,high,2.0NRT,305.26,6.48,D
-16.53939,132.05417,340.36,0.42,0.45,2025-03-20,0508,N20,nominal,2.0NRT,282.76,5.26,D
-16.5401,132.05029,336.2,0.42,0.45,2025-03-20,0508,N20,nominal,2.0NRT,281.68,5.26,D
-32.20623,118.1498,348.56,0.45,0.63,2025-03-20,0504,N20,nominal,2.0NRT,304.41,6.48,D
-16.54081,132.0464,332.15,0.42,0.45,2025-03-20,0508,N20,nominal,2.0NRT,284.21,6.78,D
-16.54152,132.04254,349.75,0.42,0.45,2025-03-20,0508,N20,nominal,2.0NRT,285.51,6.78,D
-32.20681,118.13988,351.82,0.45,0.63,2025-03-20,0504,N20,nominal,2.0NRT,305.19,11.01,D
-16.54223,132.03865,350.38,0.42,0.45,2025-03-20,0508,N20,nominal,2.0NRT,292.46,5.64,D
-32.20063,118.14431,367,0.45,0.63,2025-03-20,0504,N20,high,2.0NRT,312.09,11.85,D
-16.54294,132.03476,336.12,0.42,0.45,2025-03-20,0508,N20,nominal,2.0NRT,295.58,5.64,D
-32.20034,118.14928,355.49,0.45,0.63,2025-03-20,0504,N20,nominal,2.0NRT,306.7,11.85,D
-16.53738,132.04175,349.45,0.42,0.45,2025-03-20,0508,N20,nominal,2.0NRT,280.7,11.42,D
-16.53881,132.03398,353.06,0.42,0.45,2025-03-20,0508,N20,nominal,2.0NRT,297.45,32.68,D
-32.20092,118.13935,353.93,0.45,0.63,2025-03-20,0504,N20,nominal,2.0NRT,306.36,12.39,D
-16.53951,132.03009,354.99,0.42,0.45,2025-03-20,0508,N20,nominal,2.0NRT,296.97,32.77,D
-32.19474,118.14381,367,0.45,0.63,2025-03-20,0504,N20,high,2.0NRT,306.33,11.85,D
-16.54023,132.02621,351.98,0.41,0.45,2025-03-20,0508,N20,nominal,2.0NRT,299.69,32.77,D
-32.19445,118.14877,337.23,0.45,0.63,2025-03-20,0504,N20,nominal,2.0NRT,303.5,11.85,D
-16.54094,132.02234,343.72,0.41,0.45,2025-03-20,0508,N20,nominal,2.0NRT,297.67,16.19,D
-16.53809,132.03787,356.49,0.42,0.45,2025-03-20,0508,N20,low,2.0NRT,288.9,32.68,D
-32.19503,118.13887,331.83,0.45,0.63,2025-03-20,0504,N20,nominal,2.0NRT,303.66,12.39,D
-16.53467,132.0332,351.68,0.42,0.45,2025-03-20,0508,N20,nominal,2.0NRT,288.21,32.68,D
-32.18857,118.1483,367,0.45,0.63,2025-03-20,0504,N20,high,2.0NRT,306.27,10.23,D
-16.53538,132.02931,346.63,0.42,0.45,2025-03-20,0508,N20,nominal,2.0NRT,299.07,32.77,D
-32.18885,118.14333,367,0.45,0.63,2025-03-20,0504,N20,high,2.0NRT,307.02,10.23,D
-16.53609,132.02542,347.73,0.41,0.45,2025-03-20,0508,N20,nominal,2.0NRT,300.95,32.77,D
-32.08118,118.8956,336.17,0.41,0.61,2025-03-20,0504,N20,low,2.0NRT,309.02,2.52,D
-16.5368,132.02155,355.6,0.41,0.45,2025-03-20,0508,N20,nominal,2.0NRT,298.95,16.19,D
-32.08179,118.18652,351.21,0.45,0.63,2025-03-20,0504,N20,nominal,2.0NRT,308.71,3.8,D
-16.53196,132.02466,351.26,0.41,0.45,2025-03-20,0508,N20,nominal,2.0NRT,291.59,25.6,D
-32.07592,118.18611,338.75,0.45,0.63,2025-03-20,0504,N20,nominal,2.0NRT,308.81,3.8,D
-16.53267,132.0208,351.41,0.41,0.45,2025-03-20,0508,N20,nominal,2.0NRT,299.19,48.8,D
-32.05174,117.15182,367,0.52,0.67,2025-03-20,0504,N20,high,2.0NRT,312.62,8.4,D
-16.54257,131.96683,344.4,0.41,0.45,2025-03-20,0508,N20,nominal,2.0NRT,288.96,8.66,D
-32.05204,117.14612,340.93,0.52,0.67,2025-03-20,0504,N20,nominal,2.0NRT,310.42,8.4,D
-16.54539,131.95146,333.02,0.41,0.45,2025-03-20,0508,N20,nominal,2.0NRT,293.79,6.91,D
-32.06849,116.68303,367,0.55,0.68,2025-03-20,0504,N20,high,2.0NRT,301.63,9.55,D
-16.54057,131.95456,338,0.41,0.45,2025-03-20,0508,N20,nominal,2.0NRT,291.91,7.76,D
-16.54067,131.93086,334.07,0.41,0.45,2025-03-20,0508,N20,nominal,2.0NRT,292.21,3.19,D
-32.06876,116.67728,336.75,0.55,0.68,2025-03-20,0504,N20,nominal,2.0NRT,302.63,7.57,D
-16.52759,131.79883,354.21,0.4,0.44,2025-03-20,0508,N20,nominal,2.0NRT,303.41,26.23,D
-31.99314,117.07293,342.51,0.52,0.67,2025-03-20,0504,N20,nominal,2.0NRT,306.84,6.48,D
-16.52826,131.79504,353.74,0.4,0.44,2025-03-20,0508,N20,nominal,2.0NRT,304.17,26.23,D
-31.9869,117.07254,367,0.52,0.67,2025-03-20,0504,N20,high,2.0NRT,310.67,12.43,D
-16.52419,131.7943,345.43,0.4,0.44,2025-03-20,0508,N20,nominal,2.0NRT,298.84,7.58,D
-31.98717,117.0668,367,0.52,0.67,2025-03-20,0504,N20,high,2.0NRT,308.26,21.32,D
-16.52486,131.79054,355.99,0.4,0.44,2025-03-20,0508,N20,nominal,2.0NRT,302.57,7.7,D
-31.98663,117.07832,344.72,0.52,0.67,2025-03-20,0504,N20,nominal,2.0NRT,307.9,12.43,D
-16.52553,131.78677,335.05,0.4,0.44,2025-03-20,0508,N20,nominal,2.0NRT,295.18,7.7,D
-31.9804,117.07772,367,0.52,0.67,2025-03-20,0504,N20,high,2.0NRT,307.69,12.43,D
-16.52078,131.78976,342.44,0.4,0.44,2025-03-20,0508,N20,nominal,2.0NRT,299.05,7.7,D
-31.99547,117.07148,335.64,0.52,0.67,2025-03-20,0504,N20,nominal,2.0NRT,308.35,8.78,D
-16.52145,131.78601,336.5,0.4,0.44,2025-03-20,0508,N20,nominal,2.0NRT,302.54,7.7,D
-31.98923,117.0711,367,0.52,0.67,2025-03-20,0504,N20,high,2.0NRT,309.93,8.78,D
-16.51737,131.78529,347.86,0.4,0.44,2025-03-20,0508,N20,nominal,2.0NRT,300.59,8.31,D
-16.51804,131.78154,342.22,0.4,0.44,2025-03-20,0508,N20,nominal,2.0NRT,300.77,5.42,D
-31.98954,117.06538,367,0.52,0.67,2025-03-20,0504,N20,high,2.0NRT,309.41,8.78,D
-16.51463,131.77707,338.28,0.4,0.44,2025-03-20,0508,N20,nominal,2.0NRT,303.07,5.42,D
-31.9827,117.07635,367,0.52,0.67,2025-03-20,0504,N20,high,2.0NRT,311.57,10.86,D
-16.5153,131.77333,333.51,0.4,0.44,2025-03-20,0508,N20,nominal,2.0NRT,302.39,6,D
-31.983,117.07063,367,0.52,0.67,2025-03-20,0504,N20,high,2.0NRT,308.4,13.61,D
-16.50988,131.78009,342.79,0.4,0.44,2025-03-20,0508,N20,nominal,2.0NRT,301.26,28.46,D
-31.9824,117.08206,338.93,0.52,0.67,2025-03-20,0504,N20,nominal,2.0NRT,306.67,10.86,D
-16.51055,131.77632,347.97,0.4,0.44,2025-03-20,0508,N20,nominal,2.0NRT,306.39,28.46,D
-16.51123,131.7726,350.11,0.4,0.44,2025-03-20,0508,N20,nominal,2.0NRT,301.44,10.4,D
-31.80266,118.57624,336.51,0.42,0.61,2025-03-20,0504,N20,low,2.0NRT,308.03,7.02,D
-16.50782,131.76811,350.33,0.4,0.44,2025-03-20,0508,N20,nominal,2.0NRT,301.15,10.4,D
-31.80098,118.57901,350.33,0.42,0.61,2025-03-20,0504,N20,nominal,2.0NRT,308.22,5,D
-16.50984,131.7569,338.02,0.4,0.44,2025-03-20,0508,N20,nominal,2.0NRT,302.98,3.91,D
-31.83174,117.00385,331.86,0.53,0.67,2025-03-20,0504,N20,nominal,2.0NRT,303.48,18.63,D
-16.50443,131.76361,337.48,0.4,0.44,2025-03-20,0508,N20,nominal,2.0NRT,300.87,3.35,D
-16.5051,131.75986,344.16,0.4,0.44,2025-03-20,0508,N20,nominal,2.0NRT,301.57,3.35,D
-31.83202,116.99834,348.85,0.53,0.67,2025-03-20,0504,N20,nominal,2.0NRT,307.18,17.03,D
-16.46381,131.70953,339.93,0.4,0.44,2025-03-20,0508,N20,nominal,2.0NRT,300.28,51.36,D
-31.82549,117.00331,367,0.53,0.67,2025-03-20,0504,N20,high,2.0NRT,310.69,18.63,D
-16.46449,131.70583,347.21,0.4,0.44,2025-03-20,0508,N20,nominal,2.0NRT,304.29,51.36,D
-16.46585,131.69839,337.58,0.4,0.44,2025-03-20,0508,N20,nominal,2.0NRT,305.12,41.17,D
-31.82577,116.99775,352.24,0.53,0.67,2025-03-20,0504,N20,nominal,2.0NRT,312.46,17.03,D
-16.46247,131.69392,367,0.4,0.44,2025-03-20,0508,N20,high,2.0NRT,305,14.03,D
-31.78959,117.57916,336.82,0.49,0.65,2025-03-20,0504,N20,low,2.0NRT,308.11,4.13,D
-16.45975,131.70877,342.97,0.4,0.44,2025-03-20,0508,N20,nominal,2.0NRT,304.64,51.36,D
-31.75518,117.41829,367,0.5,0.66,2025-03-20,0504,N20,high,2.0NRT,310.81,28.82,D
-16.46179,131.69766,353.87,0.4,0.44,2025-03-20,0508,N20,nominal,2.0NRT,305.17,41.17,D
-16.46316,131.69019,347.33,0.4,0.44,2025-03-20,0508,N20,nominal,2.0NRT,304.88,14.03,D
-31.75545,117.41302,350.15,0.5,0.66,2025-03-20,0504,N20,nominal,2.0NRT,317.11,27.87,D
-16.46384,131.68646,334.7,0.4,0.44,2025-03-20,0508,N20,nominal,2.0NRT,303.46,5.72,D
-31.7615,117.41409,336.25,0.5,0.66,2025-03-20,0504,N20,nominal,2.0NRT,307.17,3.63,D
-16.46428,131.709,342.42,0.4,0.44,2025-03-20,0508,N20,nominal,2.0NRT,300.93,54.54,D
-31.75509,117.41905,367,0.5,0.66,2025-03-20,0504,N20,high,2.0NRT,308.19,20.62,D
-16.46493,131.70528,345.39,0.4,0.44,2025-03-20,0508,N20,nominal,2.0NRT,304.22,54.54,D
-31.75539,117.41376,349.52,0.5,0.66,2025-03-20,0504,N20,nominal,2.0NRT,322.17,30.3,D
-16.46559,131.70155,334.54,0.4,0.44,2025-03-20,0508,N20,low,2.0NRT,304.81,29.75,D
-31.72927,117.09406,339.19,0.52,0.67,2025-03-20,0504,N20,nominal,2.0NRT,305.92,3.93,D
-16.46624,131.69783,336.73,0.4,0.44,2025-03-20,0508,N20,nominal,2.0NRT,304.95,29.75,D
-31.57073,118.26023,350.33,0.44,0.62,2025-03-20,0504,N20,nominal,2.0NRT,312.42,7.53,D
-16.46022,131.70824,344.73,0.4,0.44,2025-03-20,0508,N20,nominal,2.0NRT,305.53,54.54,D
-31.56461,118.26469,367,0.44,0.62,2025-03-20,0504,N20,high,2.0NRT,306.76,18.7,D
-16.46218,131.69708,355.35,0.4,0.44,2025-03-20,0508,N20,nominal,2.0NRT,304.34,29.75,D
-31.5649,118.25987,351.12,0.44,0.62,2025-03-20,0504,N20,nominal,2.0NRT,313.21,11.24,D
-16.46284,131.69334,355.58,0.4,0.44,2025-03-20,0508,N20,nominal,2.0NRT,304.92,18.92,D
-31.56519,118.25505,337.13,0.44,0.62,2025-03-20,0504,N20,low,2.0NRT,309.19,11.24,D
-16.4635,131.68961,347.33,0.4,0.44,2025-03-20,0508,N20,nominal,2.0NRT,304.03,18.92,D
-31.61018,117.48163,350.46,0.49,0.65,2025-03-20,0504,N20,nominal,2.0NRT,308.14,5.02,D
-16.46416,131.68587,334.49,0.4,0.44,2025-03-20,0508,N20,nominal,2.0NRT,302.52,8.83,D
-16.46676,131.67108,335.69,0.4,0.44,2025-03-20,0508,N20,nominal,2.0NRT,300.26,4.72,D
-31.63686,116.72636,332.54,0.54,0.68,2025-03-20,0504,N20,low,2.0NRT,305.71,4.4,D
-16.45747,131.70004,346.68,0.4,0.44,2025-03-20,0508,N20,nominal,2.0NRT,300.02,28.19,D
-31.6308,116.72001,334.76,0.55,0.68,2025-03-20,0504,N20,low,2.0NRT,306.51,4.4,D
-16.45812,131.69635,349.81,0.4,0.44,2025-03-20,0508,N20,nominal,2.0NRT,302.85,28.19,D
-31.25544,118.5422,367,0.42,0.61,2025-03-20,0504,N20,high,2.0NRT,310.74,5.74,D
-16.45878,131.69261,344.79,0.4,0.44,2025-03-20,0508,N20,nominal,2.0NRT,298.79,20.08,D
-31.25515,118.54659,337.01,0.42,0.61,2025-03-20,0504,N20,nominal,2.0NRT,305.33,5.74,D
-16.45944,131.68886,348,0.4,0.44,2025-03-20,0508,N20,nominal,2.0NRT,306.25,20.08,D
-16.4601,131.68513,352.08,0.4,0.44,2025-03-20,0508,N20,nominal,2.0NRT,303.94,7.21,D
-31.24944,118.54614,351.42,0.42,0.61,2025-03-20,0504,N20,nominal,2.0NRT,306.38,5.74,D
-16.46076,131.6814,351.25,0.4,0.44,2025-03-20,0508,N20,nominal,2.0NRT,302.39,7.21,D
-31.23786,118.45856,332.39,0.43,0.62,2025-03-20,0504,N20,low,2.0NRT,306.95,3.22,D
-16.46141,131.67769,347.8,0.4,0.44,2025-03-20,0508,N20,nominal,2.0NRT,302.07,9.84,D
-31.23154,118.46715,335.25,0.43,0.62,2025-03-20,0504,N20,low,2.0NRT,307.54,5.75,D
-16.46336,131.66663,346.62,0.4,0.44,2025-03-20,0508,N20,nominal,2.0NRT,300.39,5.48,D
-31.23183,118.46259,332.63,0.43,0.62,2025-03-20,0504,N20,low,2.0NRT,307.35,3.22,D
-16.45538,131.68814,338.3,0.4,0.44,2025-03-20,0508,N20,nominal,2.0NRT,300.12,20.08,D
-31.22552,118.47123,336.33,0.43,0.62,2025-03-20,0504,N20,low,2.0NRT,306.87,3.46,D
-16.45604,131.68439,348.12,0.4,0.44,2025-03-20,0508,N20,nominal,2.0NRT,301.27,7.21,D
-31.22581,118.46665,336.41,0.43,0.62,2025-03-20,0504,N20,low,2.0NRT,307.19,3.46,D
-16.4567,131.68065,343.47,0.4,0.44,2025-03-20,0508,N20,nominal,2.0NRT,301.75,7.21,D
-31.22036,118.4616,333.84,0.43,0.62,2025-03-20,0504,N20,low,2.0NRT,307.06,6.56,D
-16.45736,131.67696,355.71,0.4,0.44,2025-03-20,0508,N20,nominal,2.0NRT,303.06,9.84,D
-31.22187,118.05302,334.76,0.45,0.63,2025-03-20,0504,N20,low,2.0NRT,308.16,4.64,D
-16.45866,131.66954,331.65,0.4,0.44,2025-03-20,0508,N20,nominal,2.0NRT,301.09,5.48,D
-31.2104,118.0474,339.85,0.45,0.63,2025-03-20,0504,N20,nominal,2.0NRT,309.44,8.49,D
-16.45931,131.66588,333.44,0.4,0.44,2025-03-20,0508,N20,nominal,2.0NRT,301.18,5.48,D
-31.20452,118.04697,341.12,0.45,0.63,2025-03-20,0504,N20,nominal,2.0NRT,309.38,5.62,D
-16.4533,131.67621,336.72,0.4,0.44,2025-03-20,0508,N20,nominal,2.0NRT,299.57,4.06,D
-16.45396,131.6725,344.63,0.4,0.44,2025-03-20,0508,N20,nominal,2.0NRT,300.78,4.06,D
-31.21741,118.04904,341.79,0.45,0.63,2025-03-20,0504,N20,nominal,2.0NRT,309.37,4.42,D
-16.45526,131.6651,330.93,0.4,0.44,2025-03-20,0508,N20,low,2.0NRT,301.93,3.9,D
-31.21771,118.04437,335.23,0.45,0.63,2025-03-20,0504,N20,low,2.0NRT,310.02,4.42,D
-16.45591,131.66144,340.31,0.4,0.44,2025-03-20,0508,N20,nominal,2.0NRT,301.24,5.39,D
-31.20596,118.04348,349.02,0.45,0.63,2025-03-20,0504,N20,nominal,2.0NRT,310.99,6.73,D
-16.45055,131.66808,337.19,0.4,0.44,2025-03-20,0508,N20,nominal,2.0NRT,299.27,3.9,D
-31.20415,116.91213,347.14,0.53,0.67,2025-03-20,0504,N20,nominal,2.0NRT,307.12,7.15,D
-16.26941,131.97856,335.89,0.42,0.45,2025-03-20,0508,N20,nominal,2.0NRT,299.75,6.67,D
-31.19734,116.92262,336.01,0.53,0.67,2025-03-20,0504,N20,nominal,2.0NRT,305.63,6.39,D
-16.26456,131.98166,343.98,0.42,0.45,2025-03-20,0508,N20,nominal,2.0NRT,302.03,4.49,D
-31.126,116.7743,367,0.54,0.68,2025-03-20,0504,N20,high,2.0NRT,307.09,10.08,D
-16.25972,131.98477,333.57,0.42,0.45,2025-03-20,0508,N20,nominal,2.0NRT,301.73,4.49,D
-31.01577,117.11349,367,0.51,0.66,2025-03-20,0504,N20,high,2.0NRT,307.49,30.23,D
-16.25002,131.99103,338.21,0.42,0.45,2025-03-20,0508,N20,nominal,2.0NRT,300.69,5.53,D
-31.01606,117.10817,347.23,0.51,0.66,2025-03-20,0504,N20,nominal,2.0NRT,313.91,32.03,D
-16.22715,131.99886,330.65,0.42,0.45,2025-03-20,0508,N20,nominal,2.0NRT,299.04,4.23,D
-30.98576,116.60198,334.32,0.55,0.68,2025-03-20,0504,N20,nominal,2.0NRT,305.77,4.54,D
-16.22229,132.00197,349.89,0.42,0.45,2025-03-20,0508,N20,nominal,2.0NRT,299.51,4.23,D
-30.98604,116.59623,348.21,0.55,0.68,2025-03-20,0504,N20,nominal,2.0NRT,308.04,5.39,D
-16.223,131.99806,336.9,0.42,0.45,2025-03-20,0508,N20,nominal,2.0NRT,298.85,4.23,D
-30.98631,116.59063,336.44,0.55,0.68,2025-03-20,0504,N20,nominal,2.0NRT,306.19,5.39,D
-16.21743,132.00507,342.44,0.42,0.45,2025-03-20,0508,N20,nominal,2.0NRT,298.71,21.12,D
-30.97969,116.59579,332.74,0.55,0.68,2025-03-20,0504,N20,low,2.0NRT,307.22,3.12,D
-16.21814,132.00117,353.27,0.42,0.45,2025-03-20,0508,N20,nominal,2.0NRT,302.47,16.49,D
-30.97996,116.59017,335.04,0.55,0.68,2025-03-20,0504,N20,low,2.0NRT,307.6,3.12,D
-16.21328,132.00427,343.57,0.42,0.45,2025-03-20,0508,N20,nominal,2.0NRT,300.34,21.12,D
-30.96699,116.59483,330.41,0.55,0.68,2025-03-20,0504,N20,nominal,2.0NRT,305.25,7.05,D
-16.21399,132.00037,346.18,0.42,0.45,2025-03-20,0508,N20,nominal,2.0NRT,301.2,16.49,D
-16.21471,131.99646,336.3,0.42,0.45,2025-03-20,0508,N20,nominal,2.0NRT,300.14,16.49,D
-30.96091,116.5886,367,0.55,0.68,2025-03-20,0504,N20,high,2.0NRT,307.79,7.05,D
-16.20913,132.00348,343.11,0.42,0.45,2025-03-20,0508,N20,nominal,2.0NRT,298.62,35.31,D
-30.96064,116.59432,354.89,0.55,0.68,2025-03-20,0504,N20,nominal,2.0NRT,307.36,7.05,D
-16.19813,131.99324,337.6,0.42,0.45,2025-03-20,0508,N20,nominal,2.0NRT,300.48,6.86,D
-30.95429,116.59384,346.08,0.55,0.68,2025-03-20,0504,N20,nominal,2.0NRT,306.52,5.1,D
-16.19398,131.99245,342.72,0.42,0.45,2025-03-20,0508,N20,nominal,2.0NRT,299.93,7.56,D
-30.984,116.59488,367,0.55,0.68,2025-03-20,0504,N20,high,2.0NRT,308.72,7.98,D
-16.19629,131.99567,342.25,0.42,0.45,2025-03-20,0508,N20,nominal,2.0NRT,299.23,8.39,D
-30.98369,116.60058,340.28,0.55,0.68,2025-03-20,0504,N20,nominal,2.0NRT,305.91,7.98,D
-16.18039,131.98859,330.61,0.42,0.45,2025-03-20,0508,N20,nominal,2.0NRT,299.68,3.66,D
-30.98431,116.58929,340.67,0.55,0.68,2025-03-20,0504,N20,nominal,2.0NRT,307.52,10.31,D
-16.16795,131.98616,330.66,0.42,0.45,2025-03-20,0508,N20,nominal,2.0NRT,299.81,4.07,D
-16.1638,131.98538,331.99,0.42,0.45,2025-03-20,0508,N20,nominal,2.0NRT,299.86,3.78,D
-30.96496,116.59349,352.33,0.55,0.68,2025-03-20,0504,N20,nominal,2.0NRT,306.72,9.97,D
-16.1555,131.98383,330.58,0.42,0.45,2025-03-20,0508,N20,nominal,2.0NRT,299.34,3.07,D
-16.15135,131.98302,333.81,0.42,0.45,2025-03-20,0508,N20,nominal,2.0NRT,298.84,3.07,D
-30.96526,116.58782,355.38,0.55,0.68,2025-03-20,0504,N20,nominal,2.0NRT,308.09,16.03,D
-15.99693,126.76347,333.38,0.39,0.36,2025-03-20,0508,N20,nominal,2.0NRT,283.8,3.35,D
-30.95861,116.59303,353.1,0.55,0.68,2025-03-20,0504,N20,nominal,2.0NRT,307.67,9.97,D
-15.80804,127.25567,332.03,0.39,0.36,2025-03-20,0508,N20,nominal,2.0NRT,291.15,3.76,D
-30.81484,118.04583,336.91,0.45,0.63,2025-03-20,0504,N20,nominal,2.0NRT,305.61,2.59,D
-15.81568,126.86178,337.92,0.39,0.36,2025-03-20,0508,N20,nominal,2.0NRT,295.38,4.25,D
-29.92079,126.24837,338.04,0.46,0.39,2025-03-20,0504,N20,nominal,2.0NRT,307.42,7.32,D
-15.81624,126.85817,350.83,0.39,0.36,2025-03-20,0508,N20,nominal,2.0NRT,295.61,5.7,D
-29.92138,126.24363,348.23,0.46,0.39,2025-03-20,0504,N20,nominal,2.0NRT,299.77,7.32,D
-15.8168,126.85455,346.73,0.39,0.36,2025-03-20,0508,N20,nominal,2.0NRT,296.45,5.7,D
-30.10422,116.60575,367,0.54,0.68,2025-03-20,0504,N20,high,2.0NRT,309.68,15.78,D
-15.81736,126.85094,335.13,0.39,0.36,2025-03-20,0508,N20,nominal,2.0NRT,295.29,4.56,D
-30.10454,116.60003,367,0.54,0.68,2025-03-20,0504,N20,high,2.0NRT,309.41,18.34,D
-15.81792,126.84734,336.6,0.39,0.36,2025-03-20,0508,N20,nominal,2.0NRT,295.57,4.56,D
-30.10485,116.59434,351.3,0.54,0.68,2025-03-20,0504,N20,nominal,2.0NRT,306.55,18.34,D
-15.81515,126.84317,367,0.39,0.36,2025-03-20,0508,N20,high,2.0NRT,298.47,7.26,D
-30.10517,116.58861,339.87,0.54,0.68,2025-03-20,0504,N20,nominal,2.0NRT,304.59,6.17,D
-15.8118,126.86482,341.54,0.39,0.36,2025-03-20,0508,N20,nominal,2.0NRT,293.09,4.25,D
-30.10548,116.58294,337.48,0.54,0.68,2025-03-20,0504,N20,nominal,2.0NRT,304.38,6.17,D
-15.81459,126.84678,349.77,0.39,0.36,2025-03-20,0508,N20,nominal,2.0NRT,299.1,4.56,D
-30.09791,116.60549,331.41,0.54,0.68,2025-03-20,0504,N20,nominal,2.0NRT,303.88,15.78,D
-15.81571,126.83955,347.08,0.39,0.36,2025-03-20,0508,N20,nominal,2.0NRT,295.61,7.26,D
-30.04902,117.13919,336.76,0.5,0.66,2025-03-20,0504,N20,low,2.0NRT,307.03,4.24,D
-15.81627,126.83595,331.2,0.39,0.36,2025-03-20,0508,N20,nominal,2.0NRT,293.08,1.9,D
-30.05425,117.04857,335.03,0.51,0.66,2025-03-20,0504,N20,low,2.0NRT,307.6,4.19,D
-15.80847,126.86426,331.22,0.39,0.36,2025-03-20,0508,N20,nominal,2.0NRT,293.64,2.21,D
-30.0481,117.04812,346.34,0.51,0.66,2025-03-20,0504,N20,nominal,2.0NRT,306.97,4.19,D
-15.8135,126.83179,344.7,0.39,0.36,2025-03-20,0508,N20,nominal,2.0NRT,292.06,4.3,D
-29.74579,116.25719,367,0.56,0.69,2025-03-20,0504,N20,high,2.0NRT,307.55,18.91,D
-15.80514,126.86372,334.79,0.39,0.36,2025-03-20,0508,N20,nominal,2.0NRT,293.45,2.21,D
-29.74608,116.25149,346.41,0.56,0.69,2025-03-20,0504,N20,nominal,2.0NRT,308.26,13.73,D
-15.81185,126.82043,337.02,0.39,0.36,2025-03-20,0508,N20,nominal,2.0NRT,283.26,2.96,D
-29.7109,116.44122,352.04,0.55,0.68,2025-03-20,0504,N20,nominal,2.0NRT,306.43,6.5,D
-15.80182,126.86315,335.03,0.39,0.36,2025-03-20,0508,N20,nominal,2.0NRT,290.29,4.4,D
-29.70456,116.44071,350.19,0.55,0.68,2025-03-20,0504,N20,nominal,2.0NRT,306.82,6.5,D
-15.80909,126.81625,334.65,0.39,0.36,2025-03-20,0508,N20,nominal,2.0NRT,278.75,3.05,D
-29.70485,116.43492,345.39,0.55,0.68,2025-03-20,0504,N20,nominal,2.0NRT,306.35,10.85,D
-15.79905,126.85899,351.76,0.39,0.36,2025-03-20,0508,N20,nominal,2.0NRT,294.74,4.4,D
-15.79573,126.85843,344.98,0.39,0.36,2025-03-20,0508,N20,nominal,2.0NRT,302.23,30.71,D
-29.75107,116.25642,353.61,0.56,0.69,2025-03-20,0504,N20,nominal,2.0NRT,306.96,9.59,D
-15.7924,126.85787,352.83,0.39,0.36,2025-03-20,0508,N20,nominal,2.0NRT,294.42,30.71,D
-29.74467,116.25607,367,0.56,0.69,2025-03-20,0504,N20,high,2.0NRT,307.95,6.83,D
-15.79296,126.85426,338.96,0.39,0.36,2025-03-20,0508,N20,nominal,2.0NRT,294.19,6.56,D
-29.74499,116.25035,337.77,0.56,0.69,2025-03-20,0504,N20,nominal,2.0NRT,307.02,6.83,D
-15.78908,126.85731,334,0.39,0.36,2025-03-20,0508,N20,nominal,2.0NRT,292.94,2.7,D
-29.70868,116.43982,367,0.55,0.68,2025-03-20,0504,N20,high,2.0NRT,307.36,7.92,D
-15.78368,126.5645,332.24,0.39,0.36,2025-03-20,0508,N20,nominal,2.0NRT,278.76,2.9,D
-29.70234,116.43935,367,0.55,0.68,2025-03-20,0504,N20,high,2.0NRT,307.45,7.92,D
-15.73495,126.83672,348.07,0.39,0.36,2025-03-20,0508,N20,nominal,2.0NRT,283.28,11.7,D
-29.70266,116.43359,335.53,0.55,0.68,2025-03-20,0504,N20,nominal,2.0NRT,305.95,7.92,D
-15.73162,126.83617,339.04,0.39,0.36,2025-03-20,0508,N20,nominal,2.0NRT,281.81,3.54,D
-29.696,116.43893,331.99,0.55,0.68,2025-03-20,0504,N20,nominal,2.0NRT,305.4,2.15,D
-15.75492,126.5524,331.91,0.39,0.36,2025-03-20,0508,N20,nominal,2.0NRT,283.27,3.64,D
-15.74441,126.55436,334.94,0.39,0.36,2025-03-20,0508,N20,nominal,2.0NRT,283.89,2.95,D
-29.64395,116.21414,355.18,0.56,0.69,2025-03-20,0504,N20,nominal,2.0NRT,307.6,8.44,D
-15.74165,126.55024,342.59,0.39,0.36,2025-03-20,0508,N20,nominal,2.0NRT,283.69,14.5,D
-29.63752,116.21389,367,0.56,0.69,2025-03-20,0504,N20,high,2.0NRT,307.19,8.44,D
-15.66392,126.85464,350.38,0.39,0.36,2025-03-20,0508,N20,nominal,2.0NRT,276.79,6.78,D
-29.64254,116.21439,367,0.56,0.69,2025-03-20,0504,N20,high,2.0NRT,307.92,9.2,D
-15.43298,126.66022,332.66,0.39,0.36,2025-03-20,0508,N20,nominal,2.0NRT,290.83,2.6,D
-15.4549,126.36246,334.27,0.38,0.36,2025-03-20,0508,N20,nominal,2.0NRT,282,6.34,D
-29.63611,116.2141,351.47,0.56,0.69,2025-03-20,0504,N20,nominal,2.0NRT,306.37,9.2,D
-28.61739,115.7918,333.81,0.59,0.7,2025-03-20,0506,N20,low,2.0NRT,305.62,3,D
-15.45592,126.31133,336.49,0.38,0.36,2025-03-20,0508,N20,nominal,2.0NRT,287.65,2.25,D
-15.45315,126.30721,332.93,0.38,0.36,2025-03-20,0508,N20,nominal,2.0NRT,285.42,2.61,D
-15.4537,126.30364,336.99,0.38,0.36,2025-03-20,0508,N20,nominal,2.0NRT,288.41,4.33,D
-15.45039,126.30309,347.11,0.38,0.36,2025-03-20,0508,N20,nominal,2.0NRT,287.81,4.33,D
-15.44707,126.30256,347.51,0.38,0.36,2025-03-20,0508,N20,nominal,2.0NRT,287.94,7,D
-15.44762,126.29898,346.98,0.38,0.36,2025-03-20,0508,N20,nominal,2.0NRT,288.43,7,D
-15.44871,126.29182,341.93,0.38,0.36,2025-03-20,0508,N20,nominal,2.0NRT,286.6,5.24,D
-15.44926,126.28825,341.87,0.38,0.36,2025-03-20,0508,N20,nominal,2.0NRT,289.11,4.64,D
-15.4443,126.29843,337.05,0.38,0.36,2025-03-20,0508,N20,nominal,2.0NRT,285.97,7,D
-15.44485,126.29485,340.3,0.38,0.36,2025-03-20,0508,N20,nominal,2.0NRT,287.45,5.24,D
-15.44535,126.26929,342.66,0.38,0.36,2025-03-20,0508,N20,nominal,2.0NRT,285.29,3.12,D
-15.41189,126.46555,333.13,0.39,0.36,2025-03-20,0508,N20,nominal,2.0NRT,287.54,3.82,D
-15.44204,126.26877,333.46,0.38,0.36,2025-03-20,0508,N20,nominal,2.0NRT,285.14,3.12,D
-15.40967,126.45784,330.43,0.39,0.36,2025-03-20,0508,N20,nominal,2.0NRT,287.14,2.68,D
-15.43872,126.26823,335.3,0.38,0.36,2025-03-20,0508,N20,nominal,2.0NRT,285.98,3.9,D
-15.4058,126.46087,331.98,0.39,0.36,2025-03-20,0508,N20,nominal,2.0NRT,285.89,4.04,D
-15.4069,126.45371,334.43,0.38,0.36,2025-03-20,0508,N20,nominal,2.0NRT,286.34,2.68,D
-15.43541,126.26768,345.57,0.38,0.36,2025-03-20,0508,N20,nominal,2.0NRT,285.11,3.9,D
-15.39973,126.47823,339.34,0.39,0.36,2025-03-20,0508,N20,nominal,2.0NRT,287.77,5.22,D
-15.40414,126.44958,349.33,0.38,0.36,2025-03-20,0508,N20,nominal,2.0NRT,287.77,4.96,D
-15.43209,126.26715,342.1,0.38,0.36,2025-03-20,0508,N20,nominal,2.0NRT,285.74,4.77,D
-15.39586,126.48128,338.1,0.39,0.36,2025-03-20,0508,N20,nominal,2.0NRT,286.99,3.43,D
-15.40082,126.44905,330.34,0.38,0.36,2025-03-20,0508,N20,nominal,2.0NRT,286.71,4.96,D
-15.42878,126.26662,342.75,0.38,0.36,2025-03-20,0508,N20,nominal,2.0NRT,286.04,4.77,D
-15.39254,126.48074,333.86,0.39,0.36,2025-03-20,0508,N20,nominal,2.0NRT,288.67,5.14,D
-15.3931,126.47715,331.44,0.39,0.36,2025-03-20,0508,N20,nominal,2.0NRT,290.25,3.07,D
-15.40899,126.32936,337.83,0.38,0.36,2025-03-20,0508,N20,nominal,2.0NRT,283.53,4.97,D
-15.41278,126.28234,332.18,0.38,0.36,2025-03-20,0508,N20,nominal,2.0NRT,287.46,4.33,D
-15.41388,126.27518,330.56,0.38,0.36,2025-03-20,0508,N20,nominal,2.0NRT,286.5,4.5,D
-15.41442,126.27161,352.09,0.38,0.36,2025-03-20,0508,N20,nominal,2.0NRT,287.37,4.5,D
-15.41497,126.26805,356.59,0.38,0.36,2025-03-20,0508,N20,low,2.0NRT,288.74,13.12,D
-15.40673,126.29967,334.77,0.38,0.36,2025-03-20,0508,N20,nominal,2.0NRT,287.9,3.44,D
-15.40728,126.29611,331.31,0.38,0.36,2025-03-20,0508,N20,nominal,2.0NRT,288.21,5.04,D
-15.37145,126.48774,333.91,0.39,0.36,2025-03-20,0508,N20,nominal,2.0NRT,284.96,3.84,D
-15.36813,126.48722,330.63,0.39,0.36,2025-03-20,0508,N20,nominal,2.0NRT,284.42,3.84,D
-15.37856,126.41918,331.08,0.38,0.36,2025-03-20,0508,N20,nominal,2.0NRT,290.54,5.09,D
-15.40641,126.23682,333.81,0.38,0.36,2025-03-20,0508,N20,nominal,2.0NRT,276.52,4.2,D
-15.41185,126.20109,332.19,0.38,0.36,2025-03-20,0508,N20,nominal,2.0NRT,277.02,5.45,D
-15.36426,126.49026,330.29,0.39,0.36,2025-03-20,0508,N20,nominal,2.0NRT,283.6,3.42,D
-15.37579,126.41507,331.31,0.38,0.36,2025-03-20,0508,N20,nominal,2.0NRT,290.85,3.82,D
-15.40854,126.20056,330.05,0.38,0.36,2025-03-20,0508,N20,nominal,2.0NRT,276.65,4.39,D
-15.39597,126.26077,337.96,0.38,0.36,2025-03-20,0508,N20,nominal,2.0NRT,275.75,3.8,D
-15.39651,126.25719,332.29,0.38,0.36,2025-03-20,0508,N20,nominal,2.0NRT,274.88,3.46,D
-15.40136,126.20306,336.96,0.38,0.36,2025-03-20,0508,N20,nominal,2.0NRT,279.19,8.3,D
-15.35266,126.49938,338.74,0.39,0.36,2025-03-20,0508,N20,nominal,2.0NRT,282.89,3.74,D
-15.35321,126.4958,335.4,0.39,0.36,2025-03-20,0508,N20,nominal,2.0NRT,284.27,3.74,D
-15.37022,126.38481,334.37,0.38,0.36,2025-03-20,0508,N20,nominal,2.0NRT,285.53,3.72,D
-15.39859,126.19894,355,0.38,0.36,2025-03-20,0508,N20,nominal,2.0NRT,281.41,12.41,D
-15.34989,126.49525,336.1,0.39,0.36,2025-03-20,0508,N20,nominal,2.0NRT,285.72,10.56,D
-15.38711,126.25201,335.55,0.38,0.36,2025-03-20,0508,N20,nominal,2.0NRT,273.37,4.12,D
-15.39582,126.19483,355.95,0.38,0.36,2025-03-20,0508,N20,nominal,2.0NRT,280.69,6.39,D
-15.39251,126.19431,335.88,0.38,0.36,2025-03-20,0508,N20,nominal,2.0NRT,279.34,6.39,D
-15.34875,126.45834,331.58,0.39,0.36,2025-03-20,0508,N20,nominal,2.0NRT,285.27,5.73,D
-15.38974,126.19027,339.73,0.38,0.36,2025-03-20,0508,N20,nominal,2.0NRT,277.32,5.33,D
-15.38365,126.18562,341.2,0.38,0.36,2025-03-20,0508,N20,nominal,2.0NRT,275.32,3.51,D
-15.38033,126.18508,334.84,0.38,0.36,2025-03-20,0508,N20,nominal,2.0NRT,273.5,3.51,D
-15.37756,126.18097,334.93,0.38,0.36,2025-03-20,0508,N20,nominal,2.0NRT,272.76,4.76,D
-15.37424,126.18044,344.45,0.38,0.36,2025-03-20,0508,N20,nominal,2.0NRT,272.21,4.76,D
-15.27617,126.79629,340.44,0.39,0.36,2025-03-20,0508,N20,nominal,2.0NRT,291.36,4.35,D
-15.37147,126.17632,338.12,0.38,0.36,2025-03-20,0508,N20,nominal,2.0NRT,270.92,5.24,D
-15.3687,126.17221,338.86,0.38,0.36,2025-03-20,0508,N20,nominal,2.0NRT,273.23,5.93,D
-15.36538,126.17168,331.69,0.38,0.36,2025-03-20,0508,N20,nominal,2.0NRT,272.86,4.99,D
-15.28849,126.47419,339.53,0.39,0.36,2025-03-20,0508,N20,nominal,2.0NRT,273.5,6.92,D
-15.29121,126.41227,333.13,0.38,0.36,2025-03-20,0508,N20,nominal,2.0NRT,277.04,5.26,D
-15.28569,126.42603,333.4,0.38,0.36,2025-03-20,0508,N20,nominal,2.0NRT,278.02,4.75,D
-15.28624,126.42245,349.79,0.38,0.36,2025-03-20,0508,N20,nominal,2.0NRT,278.19,7.68,D
-15.28679,126.41889,340.25,0.38,0.36,2025-03-20,0508,N20,nominal,2.0NRT,279.54,7.68,D
-15.04454,127.19717,335.65,0.39,0.37,2025-03-20,0508,N20,nominal,2.0NRT,299.17,4.1,D
-14.14652,127.41002,332.35,0.4,0.37,2025-03-20,0508,N20,nominal,2.0NRT,281.78,5.95,D
-20.61714,116.77577,331.3,0.75,0.77,2025-03-20,0648,N20,nominal,2.0NRT,293.81,5.15,D
-34.57393,117.33112,367,0.38,0.59,2025-03-20,0644,N20,high,2.0NRT,306.04,16.39,D
-34.56866,117.32917,367,0.38,0.59,2025-03-20,0644,N20,high,2.0NRT,308.36,16.39,D
-33.19236,121.55178,337.95,0.69,0.74,2025-03-20,0644,N20,nominal,2.0NRT,299.08,12.34,D
-33.17479,121.56066,338.9,0.69,0.74,2025-03-20,0644,N20,nominal,2.0NRT,297.9,11.77,D
-33.17572,121.55865,337.77,0.69,0.74,2025-03-20,0644,N20,nominal,2.0NRT,298.26,11.42,D
-33.96626,117.01157,367,0.38,0.58,2025-03-20,0644,N20,high,2.0NRT,307.78,11.03,D
-33.96522,117.01563,351.06,0.38,0.58,2025-03-20,0644,N20,nominal,2.0NRT,304.64,11.03,D
-33.95993,117.01383,350.9,0.38,0.58,2025-03-20,0644,N20,nominal,2.0NRT,310.8,11.03,D
-33.96096,117.00983,342.65,0.38,0.58,2025-03-20,0644,N20,nominal,2.0NRT,307.05,11.03,D
-33.93497,117.08802,347.82,0.38,0.59,2025-03-20,0644,N20,nominal,2.0NRT,299.71,43.05,D
-33.93605,117.08387,367,0.38,0.59,2025-03-20,0644,N20,low,2.0NRT,326.63,144.54,D
-33.96388,117.01456,355.19,0.38,0.58,2025-03-20,0644,N20,nominal,2.0NRT,304.77,7.94,D
-33.96489,117.01053,355.92,0.38,0.58,2025-03-20,0644,N20,nominal,2.0NRT,307.68,7.94,D
-33.95858,117.01278,350.39,0.38,0.58,2025-03-20,0644,N20,nominal,2.0NRT,308.93,13.63,D
-33.95958,117.00877,340.97,0.38,0.58,2025-03-20,0644,N20,nominal,2.0NRT,305.71,13.63,D
-33.9341,117.08707,343.55,0.38,0.59,2025-03-20,0644,N20,nominal,2.0NRT,299.69,37.84,D
-33.93515,117.0829,367,0.38,0.59,2025-03-20,0644,N20,low,2.0NRT,325.08,151.03,D
-33.94872,116.96072,354.75,0.37,0.58,2025-03-20,0644,N20,nominal,2.0NRT,301.31,6.07,D
-33.94973,116.95676,337.81,0.37,0.58,2025-03-20,0644,N20,nominal,2.0NRT,301.92,7.71,D
-33.9435,116.95869,354.78,0.37,0.58,2025-03-20,0644,N20,nominal,2.0NRT,302.46,6.07,D
-33.84642,117.27168,347.1,0.39,0.59,2025-03-20,0644,N20,nominal,2.0NRT,303.01,6.58,D
-33.84752,117.2674,340.34,0.39,0.59,2025-03-20,0644,N20,nominal,2.0NRT,302.43,5.56,D
-33.76847,116.79559,332.89,0.37,0.58,2025-03-20,0644,N20,nominal,2.0NRT,300.05,6.21,D
-33.76944,116.79176,355.93,0.37,0.58,2025-03-20,0644,N20,nominal,2.0NRT,309.57,6.21,D
-32.89587,118.4831,356.36,0.48,0.65,2025-03-20,0644,N20,nominal,2.0NRT,307.51,9.1,D
-32.89001,118.48113,367,0.48,0.65,2025-03-20,0644,N20,high,2.0NRT,306.85,9.1,D
-32.88863,118.48619,342.14,0.48,0.65,2025-03-20,0644,N20,nominal,2.0NRT,303.31,11.78,D
-32.8914,118.47608,347.12,0.48,0.65,2025-03-20,0644,N20,nominal,2.0NRT,306.69,9.1,D
-32.89926,118.48576,340.16,0.48,0.65,2025-03-20,0644,N20,nominal,2.0NRT,304.28,5.07,D
-32.89345,118.4836,353.63,0.48,0.65,2025-03-20,0644,N20,nominal,2.0NRT,305.42,5.07,D
-32.89481,118.47855,341.32,0.48,0.65,2025-03-20,0644,N20,nominal,2.0NRT,305.67,5.07,D
-32.88758,118.48167,367,0.48,0.65,2025-03-20,0644,N20,high,2.0NRT,307.11,11.8,D
-32.88895,118.47655,367,0.48,0.65,2025-03-20,0644,N20,high,2.0NRT,307.37,11.8,D
-33.09807,117.23042,338.97,0.41,0.6,2025-03-20,0644,N20,nominal,2.0NRT,304.85,56.19,D
-33.10035,117.22148,338.24,0.41,0.6,2025-03-20,0644,N20,nominal,2.0NRT,305.76,39.55,D
-33.09921,117.22595,367,0.41,0.6,2025-03-20,0644,N20,low,2.0NRT,328.39,56.19,D
-33.20358,116.6329,344.99,0.37,0.58,2025-03-20,0644,N20,nominal,2.0NRT,307.02,4.42,D
-33.19933,116.62707,335.62,0.37,0.58,2025-03-20,0644,N20,low,2.0NRT,307,2.69,D
-32.96873,117.07231,344.73,0.4,0.6,2025-03-20,0644,N20,nominal,2.0NRT,305.89,3.82,D
-32.96331,117.07041,332.02,0.4,0.6,2025-03-20,0644,N20,low,2.0NRT,304.38,1.59,D
-32.67913,118.0537,335.08,0.46,0.64,2025-03-20,0644,N20,low,2.0NRT,306.08,5.16,D
-32.84447,117.35466,342.37,0.42,0.61,2025-03-20,0644,N20,nominal,2.0NRT,303.77,3.23,D
-32.8456,117.35026,334.61,0.42,0.61,2025-03-20,0644,N20,nominal,2.0NRT,308.36,2.7,D
-32.84673,117.34592,330.39,0.42,0.61,2025-03-20,0644,N20,low,2.0NRT,305.28,2.7,D
-32.83889,117.35297,367,0.42,0.61,2025-03-20,0644,N20,high,2.0NRT,305.76,17.43,D
-32.84003,117.34856,355.23,0.42,0.61,2025-03-20,0644,N20,nominal,2.0NRT,306.79,14.85,D
-32.759,117.45129,345.33,0.42,0.61,2025-03-20,0644,N20,nominal,2.0NRT,306.63,7.57,D
-32.76021,117.44669,337.84,0.42,0.61,2025-03-20,0644,N20,nominal,2.0NRT,303.62,6.17,D
-32.76257,117.43767,333.2,0.42,0.61,2025-03-20,0644,N20,low,2.0NRT,304.22,4.57,D
-32.46421,118.5059,367,0.49,0.65,2025-03-20,0644,N20,high,2.0NRT,306.05,11.21,D
-32.75464,117.37571,353.52,0.42,0.61,2025-03-20,0644,N20,nominal,2.0NRT,310.95,22.47,D
-32.75577,117.37143,346.91,0.42,0.61,2025-03-20,0644,N20,nominal,2.0NRT,305.21,22.47,D
-32.46873,118.50922,336.94,0.49,0.65,2025-03-20,0644,N20,nominal,2.0NRT,305.26,4.81,D
-32.75807,117.37727,367,0.42,0.61,2025-03-20,0644,N20,high,2.0NRT,306.78,15.75,D
-32.46283,118.50713,349,0.49,0.65,2025-03-20,0644,N20,nominal,2.0NRT,303.76,5.72,D
-32.75261,117.37504,367,0.42,0.61,2025-03-20,0644,N20,high,2.0NRT,300.06,15.75,D
-32.75372,117.3707,346.15,0.42,0.61,2025-03-20,0644,N20,nominal,2.0NRT,303.35,15.75,D
-32.36638,118.69664,347.92,0.51,0.66,2025-03-20,0644,N20,nominal,2.0NRT,305.53,9.75,D
-32.26991,118.73753,338.7,0.51,0.66,2025-03-20,0644,N20,nominal,2.0NRT,305.67,3.61,D
-32.44476,118.07497,367,0.47,0.64,2025-03-20,0644,N20,high,2.0NRT,311.27,23.63,D
-32.44612,118.06994,349.82,0.47,0.64,2025-03-20,0644,N20,nominal,2.0NRT,315.27,23.63,D
-32.44777,118.07337,367,0.47,0.64,2025-03-20,0644,N20,high,2.0NRT,308.67,9.52,D
-32.27095,118.73578,346.29,0.51,0.66,2025-03-20,0644,N20,nominal,2.0NRT,307.25,6.02,D
-32.44067,118.07636,367,0.47,0.64,2025-03-20,0644,N20,high,2.0NRT,307.26,52.22,D
-32.44332,118.06635,348.65,0.47,0.64,2025-03-20,0644,N20,nominal,2.0NRT,311.27,41.99,D
-32.43622,118.06931,353.84,0.47,0.64,2025-03-20,0644,N20,nominal,2.0NRT,305.33,52.22,D
-32.27446,118.62592,352.96,0.51,0.66,2025-03-20,0644,N20,nominal,2.0NRT,307.64,6.49,D
-32.2699,118.61864,367,0.51,0.66,2025-03-20,0644,N20,high,2.0NRT,309.67,12.74,D
-32.26851,118.62379,353.93,0.51,0.66,2025-03-20,0644,N20,nominal,2.0NRT,308.42,10.88,D
-32.33995,118.05122,367,0.47,0.64,2025-03-20,0644,N20,high,2.0NRT,312.7,57.58,D
-32.34127,118.04633,306.04,0.47,0.64,2025-03-20,0644,N20,low,2.0NRT,319.21,57.58,D
-32.343,118.05087,367,0.47,0.64,2025-03-20,0644,N20,high,2.0NRT,313.05,109.53,D
-32.33723,118.04878,367,0.47,0.64,2025-03-20,0644,N20,high,2.0NRT,308.94,7.6,D
-32.33853,118.04386,334.58,0.47,0.64,2025-03-20,0644,N20,nominal,2.0NRT,301.71,7.6,D
-32.33016,118.05162,355.7,0.47,0.64,2025-03-20,0644,N20,nominal,2.0NRT,309.03,16.28,D
-32.33146,118.04672,342.65,0.47,0.64,2025-03-20,0644,N20,nominal,2.0NRT,306.19,7.6,D
-32.47869,117.43707,367,0.43,0.62,2025-03-20,0644,N20,high,2.0NRT,312.81,17.7,D
-32.47986,117.43255,351.35,0.43,0.62,2025-03-20,0644,N20,nominal,2.0NRT,309.88,17.7,D
-32.33834,117.92551,337.12,0.46,0.64,2025-03-20,0644,N20,nominal,2.0NRT,305.61,4.95,D
-32.04408,118.94255,337.04,0.53,0.67,2025-03-20,0644,N20,low,2.0NRT,310.32,3.96,D
-32.04564,118.91275,367,0.53,0.67,2025-03-20,0644,N20,high,2.0NRT,308.45,9.59,D
-32.03952,118.93491,337.39,0.53,0.67,2025-03-20,0644,N20,nominal,2.0NRT,307.25,3.96,D
-32.04411,118.91827,345.64,0.53,0.67,2025-03-20,0644,N20,nominal,2.0NRT,306.87,9.59,D
-32.04716,118.90719,355.44,0.53,0.67,2025-03-20,0644,N20,nominal,2.0NRT,305.85,13.24,D
-32.25609,118.13923,336.86,0.48,0.64,2025-03-20,0644,N20,low,2.0NRT,308.04,7,D
-32.03958,118.91053,367,0.53,0.67,2025-03-20,0644,N20,high,2.0NRT,312.7,22.47,D
-32.03804,118.91609,337.82,0.53,0.67,2025-03-20,0644,N20,nominal,2.0NRT,306.17,22.47,D
-32.0411,118.905,353.83,0.53,0.67,2025-03-20,0644,N20,nominal,2.0NRT,311.4,17.1,D
-32.04263,118.89948,339.28,0.53,0.67,2025-03-20,0644,N20,nominal,2.0NRT,306.58,17.1,D
-32.25026,118.13722,351.39,0.48,0.64,2025-03-20,0644,N20,nominal,2.0NRT,306.14,6.5,D
-32.25161,118.13221,346.21,0.48,0.64,2025-03-20,0644,N20,nominal,2.0NRT,307.3,6.5,D
-32.24578,118.13019,352.57,0.48,0.64,2025-03-20,0644,N20,nominal,2.0NRT,305.27,6.5,D
-32.20871,118.14946,342.03,0.48,0.65,2025-03-20,0644,N20,nominal,2.0NRT,308.38,7.89,D
-32.21139,118.13958,345.42,0.48,0.65,2025-03-20,0644,N20,nominal,2.0NRT,306.24,6.85,D
-32.20554,118.13763,367,0.48,0.65,2025-03-20,0644,N20,high,2.0NRT,306.35,6.85,D
-32.20419,118.14259,344.76,0.48,0.65,2025-03-20,0644,N20,nominal,2.0NRT,307.53,6.85,D
-32.24374,118.12711,339.33,0.48,0.64,2025-03-20,0644,N20,nominal,2.0NRT,303.85,4.2,D
-32.20682,118.14651,342.2,0.48,0.65,2025-03-20,0644,N20,nominal,2.0NRT,308.62,7.19,D
-32.20814,118.14153,352.62,0.48,0.65,2025-03-20,0644,N20,nominal,2.0NRT,306.78,7.19,D
-32.20945,118.13659,352.18,0.48,0.65,2025-03-20,0644,N20,nominal,2.0NRT,306.28,8.69,D
-32.19967,118.14946,335.54,0.48,0.65,2025-03-20,0644,N20,nominal,2.0NRT,308.39,48.99,D
-32.2023,118.13954,351.19,0.48,0.65,2025-03-20,0644,N20,nominal,2.0NRT,307.23,9.26,D
-32.19252,118.15236,367,0.48,0.65,2025-03-20,0644,N20,high,2.0NRT,307.81,48.99,D
-32.19515,118.14246,341.14,0.48,0.65,2025-03-20,0644,N20,nominal,2.0NRT,306.91,9.26,D
-32.19647,118.13749,343.71,0.48,0.65,2025-03-20,0644,N20,nominal,2.0NRT,305.01,9.26,D
-32.07627,118.2041,339.56,0.49,0.65,2025-03-20,0644,N20,nominal,2.0NRT,306.46,8.49,D
-32.07761,118.19917,346.12,0.49,0.65,2025-03-20,0644,N20,nominal,2.0NRT,308.5,9.95,D
-32.08151,118.20181,367,0.49,0.65,2025-03-20,0644,N20,high,2.0NRT,311.5,11.07,D
-31.99205,117.73996,335.41,0.46,0.64,2025-03-20,0644,N20,nominal,2.0NRT,306.29,3.2,D
-31.98634,117.73785,367,0.46,0.64,2025-03-20,0644,N20,high,2.0NRT,311.69,33.19,D
-31.98763,117.73306,346.49,0.46,0.64,2025-03-20,0644,N20,nominal,2.0NRT,319.47,33.19,D
-31.98891,117.72826,356.25,0.46,0.63,2025-03-20,0644,N20,nominal,2.0NRT,319.63,112.02,D
-31.98068,117.7356,344.89,0.46,0.64,2025-03-20,0644,N20,nominal,2.0NRT,308.42,33.19,D
-31.98797,117.73943,367,0.46,0.64,2025-03-20,0644,N20,high,2.0NRT,307.22,20.2,D
-31.98923,117.7346,347.21,0.46,0.64,2025-03-20,0644,N20,nominal,2.0NRT,320.07,20.2,D
-31.99048,117.7298,354.37,0.46,0.64,2025-03-20,0644,N20,nominal,2.0NRT,314.5,65.4,D
-31.9823,117.73719,345.54,0.46,0.64,2025-03-20,0644,N20,nominal,2.0NRT,307.83,20.2,D
-31.98355,117.73238,345.82,0.46,0.64,2025-03-20,0644,N20,nominal,2.0NRT,309.07,20.2,D
-31.98607,117.72273,339,0.46,0.64,2025-03-20,0644,N20,nominal,2.0NRT,307.74,65.4,D
-32.15343,117.02647,367,0.42,0.61,2025-03-20,0644,N20,high,2.0NRT,308.57,7.96,D
-32.22644,116.73869,339.16,0.4,0.6,2025-03-20,0644,N20,nominal,2.0NRT,302.54,3.08,D
-32.22104,116.73674,346.17,0.4,0.6,2025-03-20,0644,N20,nominal,2.0NRT,308.2,4.71,D
-32.17633,116.81979,336.56,0.41,0.6,2025-03-20,0644,N20,low,2.0NRT,307.42,4.7,D
-31.75408,118.23574,367,0.5,0.66,2025-03-20,0644,N20,high,2.0NRT,307.63,14.79,D
-31.753,118.23614,350.49,0.5,0.66,2025-03-20,0644,N20,nominal,2.0NRT,306.96,7.4,D
-31.75435,118.23103,349.75,0.5,0.66,2025-03-20,0644,N20,nominal,2.0NRT,308.86,7.4,D
-31.98046,117.05762,367,0.42,0.61,2025-03-20,0644,N20,high,2.0NRT,308.14,10.87,D
-31.9816,117.05322,338.96,0.42,0.61,2025-03-20,0644,N20,nominal,2.0NRT,307.57,7.11,D
-32.07581,116.68665,341.71,0.4,0.6,2025-03-20,0644,N20,nominal,2.0NRT,302.27,12.67,D
-32.07693,116.68225,353.55,0.4,0.6,2025-03-20,0644,N20,nominal,2.0NRT,307.71,12.95,D
-32.0692,116.68945,367,0.4,0.6,2025-03-20,0644,N20,high,2.0NRT,306.58,12.67,D
-31.97611,117.05112,344.25,0.42,0.61,2025-03-20,0644,N20,nominal,2.0NRT,306.01,7.11,D
-32.0703,116.68517,356.39,0.4,0.6,2025-03-20,0644,N20,nominal,2.0NRT,304.68,12.67,D
-32.07141,116.6808,356.03,0.4,0.6,2025-03-20,0644,N20,nominal,2.0NRT,306.54,12.95,D
-32.06376,116.68764,338.64,0.4,0.6,2025-03-20,0644,N20,nominal,2.0NRT,302.41,3.48,D
-31.41404,119.04215,335.49,0.56,0.69,2025-03-20,0644,N20,nominal,2.0NRT,303.92,6.36,D
-31.9847,116.92525,349.72,0.42,0.61,2025-03-20,0644,N20,nominal,2.0NRT,306.22,11.46,D
-31.98584,116.92083,356.18,0.41,0.61,2025-03-20,0644,N20,nominal,2.0NRT,312.25,13.66,D
-31.98697,116.9165,335.03,0.41,0.61,2025-03-20,0644,N20,nominal,2.0NRT,308.81,13.66,D
-31.97913,116.92363,367,0.42,0.61,2025-03-20,0644,N20,high,2.0NRT,307.12,31.79,D
-31.98141,116.91486,344.9,0.41,0.61,2025-03-20,0644,N20,nominal,2.0NRT,312.62,47.5,D
-31.98026,116.91924,367,0.41,0.61,2025-03-20,0644,N20,low,2.0NRT,326.56,47.5,D
-31.77861,117.66138,346,0.46,0.64,2025-03-20,0644,N20,nominal,2.0NRT,308.43,8.18,D
-31.77991,117.65649,349.69,0.46,0.64,2025-03-20,0644,N20,nominal,2.0NRT,310.57,7.27,D
-31.78119,117.6517,354.64,0.46,0.64,2025-03-20,0644,N20,nominal,2.0NRT,310.74,7.27,D
-31.98203,116.92444,347.56,0.42,0.61,2025-03-20,0644,N20,nominal,2.0NRT,307.04,22.18,D
-31.98315,116.92003,348.87,0.42,0.61,2025-03-20,0644,N20,nominal,2.0NRT,321.05,95.9,D
-31.97759,116.91836,367,0.42,0.61,2025-03-20,0644,N20,high,2.0NRT,314.37,18.13,D
-31.41782,119.04636,340.94,0.56,0.69,2025-03-20,0644,N20,nominal,2.0NRT,304.04,7.9,D
-31.9787,116.91396,355,0.42,0.61,2025-03-20,0644,N20,nominal,2.0NRT,307.01,18.13,D
-31.78032,117.66282,341.05,0.46,0.64,2025-03-20,0644,N20,nominal,2.0NRT,307.81,6.27,D
-31.78159,117.65794,347.68,0.46,0.64,2025-03-20,0644,N20,nominal,2.0NRT,310.6,7.12,D
-31.78285,117.6531,349.18,0.46,0.64,2025-03-20,0644,N20,nominal,2.0NRT,310.58,7.12,D
-31.77592,117.65566,337.77,0.46,0.64,2025-03-20,0644,N20,nominal,2.0NRT,307.37,6.32,D
-31.77716,117.65091,355.71,0.46,0.64,2025-03-20,0644,N20,nominal,2.0NRT,311.96,6.32,D
-31.8494,117.20665,367,0.43,0.62,2025-03-20,0644,N20,high,2.0NRT,313.23,13.32,D
-31.57021,118.26348,344.27,0.5,0.66,2025-03-20,0644,N20,nominal,2.0NRT,309.49,8.82,D
-31.84257,117.20945,352.33,0.43,0.62,2025-03-20,0644,N20,nominal,2.0NRT,309.68,5.59,D
-31.84375,117.20493,351.9,0.43,0.62,2025-03-20,0644,N20,nominal,2.0NRT,309.74,5.59,D
-31.84492,117.2004,344.58,0.43,0.62,2025-03-20,0644,N20,nominal,2.0NRT,307.84,4.1,D
-31.42257,118.56398,337.48,0.53,0.67,2025-03-20,0644,N20,nominal,2.0NRT,305.39,5.12,D
-31.42408,118.5585,345.25,0.53,0.67,2025-03-20,0644,N20,nominal,2.0NRT,305.59,5.12,D
-31.42927,118.57037,336.05,0.53,0.67,2025-03-20,0644,N20,nominal,2.0NRT,305.43,6.31,D
-31.73311,117.39382,367,0.45,0.63,2025-03-20,0644,N20,high,2.0NRT,317.55,23.44,D
-31.42468,118.56281,338.18,0.53,0.67,2025-03-20,0644,N20,nominal,2.0NRT,305.53,4.64,D
-31.7319,117.39849,340.28,0.45,0.63,2025-03-20,0644,N20,nominal,2.0NRT,306.92,9.9,D
-31.73431,117.38918,355.98,0.45,0.63,2025-03-20,0644,N20,nominal,2.0NRT,311.35,23.44,D
-31.7274,117.39202,367,0.45,0.63,2025-03-20,0644,N20,high,2.0NRT,315.62,23.44,D
-31.41863,118.56066,336.16,0.53,0.67,2025-03-20,0644,N20,nominal,2.0NRT,305.09,4.64,D
-31.42012,118.55515,338.44,0.53,0.67,2025-03-20,0644,N20,nominal,2.0NRT,305.91,6.79,D
-31.7262,117.39665,335.81,0.45,0.63,2025-03-20,0644,N20,nominal,2.0NRT,305.91,9.9,D
-31.7286,117.38737,353.41,0.45,0.63,2025-03-20,0644,N20,nominal,2.0NRT,316.47,23.44,D
-31.83892,116.8167,367,0.41,0.61,2025-03-20,0644,N20,high,2.0NRT,308.22,8.94,D
-31.86439,116.69359,367,0.41,0.6,2025-03-20,0644,N20,high,2.0NRT,307.71,8.71,D
-31.38682,118.50693,346.73,0.52,0.67,2025-03-20,0644,N20,nominal,2.0NRT,306.93,8.19,D
-31.37779,118.51579,335.27,0.53,0.67,2025-03-20,0644,N20,low,2.0NRT,306.15,9.76,D
-31.36574,118.51138,347.48,0.53,0.67,2025-03-20,0644,N20,nominal,2.0NRT,305.88,11.89,D
-31.73668,117.09644,352.17,0.43,0.62,2025-03-20,0644,N20,nominal,2.0NRT,307.49,31.78,D
-31.73108,117.09455,367,0.43,0.62,2025-03-20,0644,N20,high,2.0NRT,309.16,31.78,D
-31.7255,117.09267,349.61,0.43,0.62,2025-03-20,0644,N20,nominal,2.0NRT,306.81,6.83,D
-31.73548,117.09641,367,0.43,0.62,2025-03-20,0644,N20,high,2.0NRT,308.65,17.25,D
-31.36838,118.50859,343.55,0.53,0.67,2025-03-20,0644,N20,nominal,2.0NRT,306.15,8.31,D
-31.73659,117.09201,344.17,0.43,0.62,2025-03-20,0644,N20,nominal,2.0NRT,306.64,17.25,D
-31.72989,117.09452,342.15,0.43,0.62,2025-03-20,0644,N20,nominal,2.0NRT,306.6,17.25,D
-31.731,117.09013,346.67,0.43,0.62,2025-03-20,0644,N20,nominal,2.0NRT,320.23,17.25,D
-31.57659,117.54719,367,0.46,0.64,2025-03-20,0644,N20,high,2.0NRT,313.35,13.06,D
-31.57782,117.54246,367,0.46,0.64,2025-03-20,0644,N20,high,2.0NRT,311.89,13.06,D
-31.57537,117.55187,337.32,0.46,0.64,2025-03-20,0644,N20,nominal,2.0NRT,307.02,7.87,D
-31.57905,117.53772,342.6,0.46,0.63,2025-03-20,0644,N20,nominal,2.0NRT,308.87,7.2,D
-31.56964,117.5499,350.87,0.46,0.64,2025-03-20,0644,N20,nominal,2.0NRT,308.71,8.52,D
-31.57087,117.54515,341.07,0.46,0.64,2025-03-20,0644,N20,nominal,2.0NRT,305.25,5.73,D
-31.57211,117.54038,348.08,0.46,0.64,2025-03-20,0644,N20,nominal,2.0NRT,306.63,5.73,D
-31.25387,118.51543,367,0.53,0.67,2025-03-20,0644,N20,high,2.0NRT,306.81,10.79,D
-31.24627,118.51892,335.73,0.53,0.67,2025-03-20,0644,N20,nominal,2.0NRT,304.39,3.39,D
-31.24776,118.51351,341.73,0.53,0.67,2025-03-20,0644,N20,nominal,2.0NRT,306.24,3.39,D
-31.42873,117.74928,335.4,0.48,0.64,2025-03-20,0644,N20,low,2.0NRT,306.97,4.33,D
-31.63798,116.95708,337.66,0.42,0.61,2025-03-20,0644,N20,nominal,2.0NRT,305.54,2.92,D
-31.25609,118.51452,349.36,0.53,0.67,2025-03-20,0644,N20,nominal,2.0NRT,306.38,7.8,D
-31.24853,118.51799,353.18,0.53,0.67,2025-03-20,0644,N20,nominal,2.0NRT,305.67,12.4,D
-31.24998,118.51255,346.41,0.53,0.67,2025-03-20,0644,N20,nominal,2.0NRT,306.46,7.8,D
-31.43104,117.75313,336.99,0.48,0.64,2025-03-20,0644,N20,nominal,2.0NRT,305.33,5.88,D
-31.17355,118.35453,343.15,0.52,0.67,2025-03-20,0644,N20,nominal,2.0NRT,308.6,8.79,D
-31.17509,118.35424,342.24,0.52,0.67,2025-03-20,0644,N20,nominal,2.0NRT,308.59,7.09,D
-30.98433,118.9874,336.19,0.57,0.69,2025-03-20,0644,N20,nominal,2.0NRT,305.48,3.87,D
-31.29357,117.75907,367,0.48,0.65,2025-03-20,0644,N20,high,2.0NRT,306.73,9.03,D
-31.20331,118.02746,340.1,0.5,0.66,2025-03-20,0644,N20,nominal,2.0NRT,307.17,4.39,D
-31.47322,116.63163,367,0.41,0.61,2025-03-20,0644,N20,high,2.0NRT,311.79,15.55,D
-31.15396,117.79588,354.96,0.49,0.65,2025-03-20,0644,N20,nominal,2.0NRT,306.67,11.34,D
-31.15531,117.79075,355.45,0.49,0.65,2025-03-20,0644,N20,nominal,2.0NRT,310.41,12.9,D
-31.14807,117.79394,367,0.49,0.65,2025-03-20,0644,N20,high,2.0NRT,307.41,12.69,D
-31.14943,117.78884,346.84,0.49,0.65,2025-03-20,0644,N20,nominal,2.0NRT,307.06,9.59,D
-31.13754,117.46172,349.03,0.47,0.64,2025-03-20,0644,N20,nominal,2.0NRT,308.91,6.83,D
-30.9118,118.14294,367,0.51,0.66,2025-03-20,0644,N20,high,2.0NRT,313.42,26.12,D
-30.91326,118.13754,337.93,0.51,0.66,2025-03-20,0644,N20,nominal,2.0NRT,307.96,12.7,D
-31.24825,116.86838,338.32,0.43,0.62,2025-03-20,0644,N20,nominal,2.0NRT,308.84,4.04,D
-31.24935,116.86411,336.21,0.43,0.62,2025-03-20,0644,N20,low,2.0NRT,309.13,4.14,D
-30.9058,118.14088,367,0.51,0.66,2025-03-20,0644,N20,high,2.0NRT,308.55,11.97,D
-30.90726,118.13547,337.7,0.51,0.66,2025-03-20,0644,N20,nominal,2.0NRT,309.28,8.41,D
-31.20841,116.92825,367,0.43,0.62,2025-03-20,0644,N20,high,2.0NRT,310.27,8.31,D
-31.2096,116.92368,349.19,0.43,0.62,2025-03-20,0644,N20,nominal,2.0NRT,310.73,8.31,D
-31.20402,116.92171,352.86,0.43,0.62,2025-03-20,0644,N20,nominal,2.0NRT,310.3,8.47,D
-30.91145,118.1468,335.83,0.52,0.66,2025-03-20,0644,N20,nominal,2.0NRT,307.77,11.01,D
-30.91288,118.14136,353.18,0.52,0.66,2025-03-20,0644,N20,nominal,2.0NRT,313.72,19.21,D
-30.90689,118.13927,367,0.52,0.66,2025-03-20,0644,N20,high,2.0NRT,309.37,19.21,D
-30.90545,118.14471,339.77,0.52,0.66,2025-03-20,0644,N20,nominal,2.0NRT,307.15,11.01,D
-31.20698,116.92957,367,0.43,0.62,2025-03-20,0644,N20,high,2.0NRT,308.56,8.9,D
-31.20815,116.925,367,0.43,0.62,2025-03-20,0644,N20,high,2.0NRT,312.83,8.9,D
-31.20256,116.92303,341.33,0.43,0.62,2025-03-20,0644,N20,nominal,2.0NRT,309.58,7.25,D
-31.20373,116.91843,341.62,0.43,0.62,2025-03-20,0644,N20,nominal,2.0NRT,309.14,4.99,D
-30.79845,118.22541,346.01,0.52,0.67,2025-03-20,0644,N20,nominal,2.0NRT,308.05,9.01,D
-30.74478,118.35018,339.26,0.53,0.67,2025-03-20,0644,N20,nominal,2.0NRT,306.74,5.56,D
-30.82242,118.03899,335.2,0.51,0.66,2025-03-20,0644,N20,low,2.0NRT,307.61,3.59,D
-31.04567,117.10351,367,0.45,0.63,2025-03-20,0644,N20,high,2.0NRT,310.07,10.65,D
-31.04689,117.09882,336.85,0.45,0.63,2025-03-20,0644,N20,nominal,2.0NRT,309.05,10.65,D
-31.04002,117.10149,353.33,0.45,0.63,2025-03-20,0644,N20,nominal,2.0NRT,311.42,10.65,D
-31.1228,116.78432,346.61,0.43,0.62,2025-03-20,0644,N20,nominal,2.0NRT,308.61,5.02,D
-31.12396,116.77987,353.1,0.43,0.62,2025-03-20,0644,N20,nominal,2.0NRT,308.37,5.02,D
-31.12509,116.7755,341.11,0.43,0.62,2025-03-20,0644,N20,nominal,2.0NRT,308.8,6.43,D
-30.82381,118.03571,341.31,0.51,0.66,2025-03-20,0644,N20,nominal,2.0NRT,307.22,4.25,D
-31.04609,117.10428,355.82,0.45,0.63,2025-03-20,0646,N20,nominal,2.0NRT,308.63,8.89,D
-31.04729,117.09958,348.65,0.45,0.63,2025-03-20,0646,N20,nominal,2.0NRT,310.26,8.89,D
-31.12689,116.78607,337.44,0.43,0.62,2025-03-20,0646,N20,low,2.0NRT,308.53,4.99,D
-31.12803,116.78158,353.03,0.43,0.62,2025-03-20,0646,N20,nominal,2.0NRT,308.66,4.99,D
-31.12916,116.7771,335.7,0.43,0.62,2025-03-20,0646,N20,low,2.0NRT,307.86,7.6,D
-31.04044,117.10226,367,0.45,0.63,2025-03-20,0646,N20,high,2.0NRT,311.04,8.89,D
-31.04165,117.09753,333.04,0.45,0.63,2025-03-20,0646,N20,nominal,2.0NRT,307.52,8.89,D
-30.98635,116.59532,349.06,0.42,0.61,2025-03-20,0646,N20,nominal,2.0NRT,309.55,6.17,D
-30.9875,116.59081,353.59,0.42,0.61,2025-03-20,0646,N20,nominal,2.0NRT,308.19,6.17,D
-30.98865,116.58633,344.13,0.42,0.61,2025-03-20,0646,N20,nominal,2.0NRT,309.24,5.9,D
-30.97968,116.59793,367,0.42,0.61,2025-03-20,0646,N20,high,2.0NRT,312.83,9.64,D
-30.98198,116.58893,367,0.42,0.61,2025-03-20,0646,N20,high,2.0NRT,312.71,10.13,D
-30.98082,116.59346,355.68,0.42,0.61,2025-03-20,0646,N20,nominal,2.0NRT,311.1,10.13,D
-30.99087,116.55415,352.75,0.42,0.61,2025-03-20,0646,N20,nominal,2.0NRT,311.26,7.98,D
-30.97413,116.59608,367,0.42,0.61,2025-03-20,0646,N20,high,2.0NRT,313.46,9.64,D
-30.97529,116.59159,367,0.42,0.61,2025-03-20,0646,N20,high,2.0NRT,311.14,10.13,D
-30.973,116.60052,351.92,0.42,0.61,2025-03-20,0646,N20,nominal,2.0NRT,309.34,9.64,D
-30.97643,116.58714,355.14,0.42,0.61,2025-03-20,0646,N20,nominal,2.0NRT,310.42,10.13,D
-30.96859,116.59427,367,0.42,0.61,2025-03-20,0646,N20,high,2.0NRT,311.71,9.07,D
-30.96974,116.58978,367,0.42,0.61,2025-03-20,0646,N20,high,2.0NRT,312.82,8.7,D
-30.97088,116.58534,338.79,0.42,0.61,2025-03-20,0646,N20,nominal,2.0NRT,309.11,8.7,D
-30.96304,116.59245,367,0.42,0.61,2025-03-20,0646,N20,high,2.0NRT,311.81,9.07,D
-30.9619,116.59692,344.03,0.42,0.61,2025-03-20,0646,N20,nominal,2.0NRT,308.5,9.07,D
-30.96419,116.588,355.82,0.42,0.61,2025-03-20,0646,N20,nominal,2.0NRT,311.76,8.7,D
-30.95635,116.59507,339.12,0.42,0.61,2025-03-20,0646,N20,nominal,2.0NRT,309.75,2.32,D
-30.95749,116.59066,335.94,0.42,0.61,2025-03-20,0646,N20,nominal,2.0NRT,310.44,2.32,D
-30.97758,116.59726,367,0.42,0.61,2025-03-20,0646,N20,high,2.0NRT,313.15,8.2,D
-30.97869,116.59277,367,0.42,0.61,2025-03-20,0646,N20,high,2.0NRT,311.79,9.79,D
-30.97647,116.6017,336.17,0.42,0.61,2025-03-20,0646,N20,nominal,2.0NRT,307.86,8.2,D
-30.97981,116.58826,356.12,0.42,0.61,2025-03-20,0646,N20,nominal,2.0NRT,310.02,9.79,D
-30.98848,116.55349,343.62,0.42,0.61,2025-03-20,0646,N20,nominal,2.0NRT,309.53,5.38,D
-30.97204,116.5954,367,0.42,0.61,2025-03-20,0646,N20,high,2.0NRT,313.82,8.2,D
-30.97316,116.59089,367,0.42,0.61,2025-03-20,0646,N20,high,2.0NRT,311.44,9.79,D
-30.97427,116.58644,367,0.42,0.61,2025-03-20,0646,N20,high,2.0NRT,311.19,9.79,D
-30.97093,116.59984,344.2,0.42,0.61,2025-03-20,0646,N20,nominal,2.0NRT,308.35,8.2,D
-30.96762,116.58907,367,0.42,0.61,2025-03-20,0646,N20,high,2.0NRT,312.81,7.26,D
-30.96649,116.59357,353.04,0.42,0.61,2025-03-20,0646,N20,nominal,2.0NRT,310.25,6.71,D
-30.96872,116.58465,337.63,0.42,0.61,2025-03-20,0646,N20,nominal,2.0NRT,309.47,7.26,D
-30.95983,116.59621,347.19,0.42,0.61,2025-03-20,0646,N20,nominal,2.0NRT,308.58,6.71,D
-30.96095,116.59174,354.62,0.42,0.61,2025-03-20,0646,N20,nominal,2.0NRT,311.74,6.71,D
-30.96206,116.5873,344.44,0.42,0.61,2025-03-20,0646,N20,nominal,2.0NRT,310.6,7.26,D
-30.63373,117.40632,338.4,0.48,0.64,2025-03-20,0646,N20,low,2.0NRT,309.4,3.46,D
-30.48326,116.42455,339.12,0.42,0.61,2025-03-20,0646,N20,nominal,2.0NRT,307.13,2.6,D
-30.47769,116.4228,339.23,0.42,0.61,2025-03-20,0646,N20,nominal,2.0NRT,309.39,2.6,D
-30.33346,116.88839,337.09,0.45,0.63,2025-03-20,0646,N20,nominal,2.0NRT,307.34,2.24,D
-30.32652,116.8912,367,0.45,0.63,2025-03-20,0646,N20,high,2.0NRT,311.89,17.7,D
-30.32773,116.88657,355.35,0.45,0.63,2025-03-20,0646,N20,nominal,2.0NRT,313.72,23.69,D
-30.31598,116.90784,367,0.45,0.63,2025-03-20,0646,N20,high,2.0NRT,309,28.59,D
-30.3196,116.89397,367,0.45,0.63,2025-03-20,0646,N20,high,2.0NRT,308.23,17.7,D
-30.32081,116.88933,367,0.45,0.63,2025-03-20,0646,N20,high,2.0NRT,306.16,17.7,D
-30.32807,116.88879,367,0.45,0.63,2025-03-20,0646,N20,high,2.0NRT,312.4,12.6,D
-30.32689,116.89342,337.39,0.45,0.63,2025-03-20,0646,N20,nominal,2.0NRT,307.92,19.14,D
-30.32925,116.88416,351.17,0.45,0.63,2025-03-20,0646,N20,nominal,2.0NRT,312.34,12.6,D
-30.32,116.8962,367,0.45,0.63,2025-03-20,0646,N20,high,2.0NRT,309.61,19.14,D
-30.31764,116.90545,353.82,0.45,0.63,2025-03-20,0646,N20,nominal,2.0NRT,308.87,63.91,D
-30.32118,116.89156,355.95,0.45,0.63,2025-03-20,0646,N20,nominal,2.0NRT,310.35,19.14,D
-30.32236,116.8869,356.18,0.45,0.63,2025-03-20,0646,N20,nominal,2.0NRT,309.61,12.6,D
-30.31312,116.8989,367,0.45,0.63,2025-03-20,0646,N20,high,2.0NRT,309.89,47.62,D
-30.31075,116.9082,340.22,0.45,0.63,2025-03-20,0646,N20,nominal,2.0NRT,307.49,30.89,D
-30.31193,116.90355,367,0.45,0.63,2025-03-20,0646,N20,low,2.0NRT,325.38,47.62,D
-29.85035,116.40351,356.08,0.44,0.62,2025-03-20,0646,N20,nominal,2.0NRT,314.62,33.49,D
-29.76691,116.24841,337.08,0.43,0.62,2025-03-20,0646,N20,low,2.0NRT,311.01,5.22,D
-29.71033,116.44783,367,0.44,0.63,2025-03-20,0646,N20,high,2.0NRT,311.85,13.51,D
-29.71148,116.44334,367,0.44,0.62,2025-03-20,0646,N20,high,2.0NRT,311.82,11.94,D
-29.70467,116.44602,367,0.44,0.63,2025-03-20,0646,N20,high,2.0NRT,311.56,29.17,D
-29.75353,116.25349,367,0.43,0.62,2025-03-20,0646,N20,high,2.0NRT,313.29,7.54,D
-29.70581,116.44156,353.68,0.44,0.62,2025-03-20,0646,N20,nominal,2.0NRT,311.21,14.03,D
-29.7081,116.43254,337.2,0.44,0.62,2025-03-20,0646,N20,low,2.0NRT,308.56,4.45,D
-29.70925,116.42803,345.27,0.44,0.62,2025-03-20,0646,N20,nominal,2.0NRT,308.76,4.45,D
-29.75239,116.25799,354.98,0.43,0.62,2025-03-20,0646,N20,nominal,2.0NRT,310.22,14.85,D
-29.75464,116.24909,345.9,0.43,0.62,2025-03-20,0646,N20,nominal,2.0NRT,311.63,7.54,D
-29.70015,116.43975,350.83,0.44,0.62,2025-03-20,0646,N20,nominal,2.0NRT,307.94,14.03,D
-29.74795,116.25163,345.3,0.43,0.62,2025-03-20,0646,N20,nominal,2.0NRT,310.55,7.54,D
-29.68293,116.26457,367,0.43,0.62,2025-03-20,0646,N20,high,2.0NRT,308.73,8.32,D
-29.64044,116.21688,350.04,0.43,0.62,2025-03-20,0646,N20,nominal,2.0NRT,308.16,7.26,D
-29.62583,116.22671,352.08,0.43,0.62,2025-03-20,0646,N20,nominal,2.0NRT,308.8,4.8,D
-29.63926,116.21567,354.45,0.43,0.62,2025-03-20,0646,N20,nominal,2.0NRT,308.65,7.21,D
-29.62472,116.22557,341.3,0.43,0.62,2025-03-20,0646,N20,nominal,2.0NRT,307.95,2.65,D
-28.81528,115.05325,349.59,0.39,0.59,2025-03-20,0646,N20,nominal,2.0NRT,310.53,4.14,D
-28.61857,115.79915,367,0.43,0.62,2025-03-20,0646,N20,high,2.0NRT,308.03,15.43,D
-28.61966,115.79486,356.2,0.43,0.62,2025-03-20,0646,N20,nominal,2.0NRT,313.17,14.85,D
-28.81494,115.05137,345.67,0.39,0.59,2025-03-20,0646,N20,nominal,2.0NRT,310.29,5.25,D
-28.61737,115.7978,367,0.43,0.62,2025-03-20,0646,N20,high,2.0NRT,310.74,8.99,D
-28.61632,115.8021,340.18,0.43,0.62,2025-03-20,0646,N20,nominal,2.0NRT,306.15,8.99,D
-28.61843,115.79346,354.32,0.43,0.62,2025-03-20,0646,N20,nominal,2.0NRT,312.87,13.81,D
-37.19913,174.72137,306.38,0.48,0.4,2025-03-20,1259,N20,nominal,2.0NRT,284.96,0.7,N
-37.20275,174.72025,324,0.48,0.4,2025-03-20,1259,N20,nominal,2.0NRT,287.62,3.32,N
-37.2038,174.72562,312.06,0.48,0.4,2025-03-20,1259,N20,nominal,2.0NRT,288.46,2.97,N
-37.20203,174.72464,334.21,0.48,0.4,2025-03-20,1259,N20,nominal,2.0NRT,288.32,5.25,N
-40.35585,176.14384,303.59,0.4,0.37,2025-03-20,1301,N20,nominal,2.0NRT,282.86,0.77,N
-45.79668,169.37006,305.06,0.55,0.43,2025-03-20,1304,N20,nominal,2.0NRT,280.53,0.68,N
-46.42002,168.9229,311.75,0.55,0.43,2025-03-20,1304,N20,nominal,2.0NRT,281.99,2.08,N
-46.42215,168.92262,315.73,0.55,0.43,2025-03-20,1304,N20,nominal,2.0NRT,282.37,1.61,N
-23.04876,148.58902,306.26,0.32,0.55,2025-03-20,1437,N20,nominal,2.0NRT,279.05,0.92,N
-23.67772,150.854,300.55,0.45,0.47,2025-03-20,1437,N20,nominal,2.0NRT,283.81,0.58,N
-23.75346,151.18936,302.56,0.43,0.46,2025-03-20,1437,N20,nominal,2.0NRT,286.95,0.5,N
-23.76854,151.19911,309.27,0.43,0.46,2025-03-20,1437,N20,nominal,2.0NRT,287.47,1.04,N
-23.7744,151.2066,303.85,0.43,0.46,2025-03-20,1437,N20,nominal,2.0NRT,286.38,0.73,N
-23.77522,151.2108,303.36,0.43,0.46,2025-03-20,1437,N20,nominal,2.0NRT,286.38,0.73,N
-23.79038,151.1539,303.81,0.43,0.46,2025-03-20,1437,N20,nominal,2.0NRT,287.42,0.86,N
-23.79023,151.15506,305.79,0.43,0.46,2025-03-20,1437,N20,nominal,2.0NRT,287.59,0.63,N
-23.82886,151.15051,314.91,0.43,0.46,2025-03-20,1437,N20,nominal,2.0NRT,289.16,2.51,N
-23.82969,151.15469,306.17,0.43,0.46,2025-03-20,1437,N20,nominal,2.0NRT,289.11,1.2,N
-23.86554,151.29079,309.17,0.42,0.46,2025-03-20,1437,N20,nominal,2.0NRT,291.5,1.82,N
-23.84718,150.99866,334.2,0.44,0.46,2025-03-20,1437,N20,nominal,2.0NRT,287.61,1.8,N
-23.84804,151.00298,304.27,0.44,0.46,2025-03-20,1437,N20,nominal,2.0NRT,286.59,1.8,N
-23.30127,148.33167,299.06,0.33,0.55,2025-03-20,1437,N20,nominal,2.0NRT,274.22,0.25,N
-23.85139,150.99751,302.13,0.44,0.46,2025-03-20,1437,N20,nominal,2.0NRT,286.84,1.8,N
-23.85225,151.00186,315.49,0.44,0.46,2025-03-20,1437,N20,nominal,2.0NRT,287.07,1.8,N
-23.29917,148.33189,296.6,0.33,0.55,2025-03-20,1437,N20,nominal,2.0NRT,274.36,0.24,N
-24.2272,150.50438,312.54,0.47,0.47,2025-03-20,1437,N20,nominal,2.0NRT,288.55,1.71,N
-24.92691,151.96994,302.8,0.56,0.43,2025-03-20,1437,N20,nominal,2.0NRT,289.22,2.89,N
-24.92796,151.97546,309.11,0.56,0.43,2025-03-20,1437,N20,nominal,2.0NRT,289.52,1.43,N
-24.93084,151.96906,334.79,0.56,0.43,2025-03-20,1437,N20,nominal,2.0NRT,289.78,2.89,N
-24.93189,151.97459,303.91,0.56,0.43,2025-03-20,1437,N20,nominal,2.0NRT,289.28,1.43,N
-24.93477,151.9682,334.65,0.56,0.43,2025-03-20,1437,N20,nominal,2.0NRT,289.91,3.34,N
-24.93582,151.97372,326.62,0.56,0.43,2025-03-20,1437,N20,nominal,2.0NRT,289.99,2.47,N
-24.9387,151.96732,304.82,0.56,0.43,2025-03-20,1437,N20,nominal,2.0NRT,289.27,3.34,N
-24.93975,151.97282,300.94,0.56,0.43,2025-03-20,1437,N20,nominal,2.0NRT,289.32,2.47,N
-24.92641,151.97447,304.96,0.56,0.43,2025-03-20,1437,N20,nominal,2.0NRT,289.62,1.42,N
-24.93034,151.9736,324.82,0.56,0.43,2025-03-20,1437,N20,nominal,2.0NRT,289.63,3.41,N
-24.92925,151.96808,303.05,0.56,0.43,2025-03-20,1437,N20,nominal,2.0NRT,288.96,3.41,N
-24.93427,151.97275,337.56,0.56,0.43,2025-03-20,1437,N20,nominal,2.0NRT,290.05,3.41,N
-24.93318,151.96721,318.51,0.56,0.43,2025-03-20,1437,N20,nominal,2.0NRT,289.18,3.41,N
-24.9382,151.97188,325.94,0.56,0.43,2025-03-20,1437,N20,nominal,2.0NRT,289.93,2.45,N
-24.93712,151.96635,306.28,0.56,0.43,2025-03-20,1437,N20,nominal,2.0NRT,289.26,2.45,N
-25.52724,152.57137,306.92,0.51,0.41,2025-03-20,1437,N20,nominal,2.0NRT,289.9,1.37,N
-24.81566,147.66849,332.31,0.34,0.56,2025-03-20,1437,N20,nominal,2.0NRT,285.39,1.33,N
-24.82067,147.66693,299.87,0.34,0.56,2025-03-20,1437,N20,nominal,2.0NRT,285.01,1.33,N
-26.58047,149.04791,303.69,0.51,0.49,2025-03-20,1440,N20,nominal,2.0NRT,289.17,0.68,N
-26.58157,149.05304,304.21,0.51,0.49,2025-03-20,1440,N20,nominal,2.0NRT,289.4,0.82,N
-26.34458,147.7538,312.26,0.62,0.54,2025-03-20,1440,N20,nominal,2.0NRT,285.87,2.15,N
-26.34591,147.75986,318.11,0.62,0.54,2025-03-20,1440,N20,nominal,2.0NRT,283.89,1.77,N
-26.34808,147.74619,301.19,0.62,0.54,2025-03-20,1440,N20,nominal,2.0NRT,286.72,2.15,N
-26.34945,147.7524,310.23,0.62,0.54,2025-03-20,1440,N20,nominal,2.0NRT,283.74,2.15,N
-26.35079,147.7585,306.17,0.62,0.54,2025-03-20,1440,N20,nominal,2.0NRT,282.62,1.77,N
-26.35211,147.76456,299.7,0.62,0.54,2025-03-20,1440,N20,nominal,2.0NRT,285.54,1.77,N
-26.34666,147.75804,321.64,0.62,0.54,2025-03-20,1440,N20,nominal,2.0NRT,283.56,2.96,N
-26.34528,147.75197,310.99,0.62,0.54,2025-03-20,1440,N20,nominal,2.0NRT,286.32,2.96,N
-26.34802,147.76402,300.29,0.62,0.54,2025-03-20,1440,N20,nominal,2.0NRT,283.56,2.04,N
-26.35015,147.75056,304.52,0.62,0.54,2025-03-20,1440,N20,nominal,2.0NRT,284.14,1.17,N
-26.35153,147.75668,301.24,0.62,0.54,2025-03-20,1440,N20,nominal,2.0NRT,282.28,1.17,N
-26.35291,147.76273,300.67,0.62,0.54,2025-03-20,1440,N20,nominal,2.0NRT,285.16,2.07,N
-27.8356,151.82407,299.76,0.51,0.41,2025-03-20,1440,N20,nominal,2.0NRT,288.5,1.75,N
-28.71992,152.60202,306.54,0.46,0.39,2025-03-20,1440,N20,nominal,2.0NRT,289.31,1.02,N
-28.77624,150.91628,302.51,0.55,0.43,2025-03-20,1440,N20,nominal,2.0NRT,289.5,1.21,N
-28.78617,150.92551,321.06,0.55,0.43,2025-03-20,1440,N20,nominal,2.0NRT,290.1,2.39,N
-28.77661,150.92018,302.59,0.55,0.43,2025-03-20,1440,N20,nominal,2.0NRT,289.71,0.67,N
-28.78548,150.9238,318.99,0.55,0.43,2025-03-20,1440,N20,nominal,2.0NRT,289.92,1.83,N
-28.79048,150.92839,301.9,0.55,0.43,2025-03-20,1440,N20,nominal,2.0NRT,289.08,1.08,N
-28.82441,149.52795,303.54,0.43,0.46,2025-03-20,1440,N20,nominal,2.0NRT,290.18,1.28,N
-28.8304,149.53566,304.52,0.43,0.46,2025-03-20,1440,N20,nominal,2.0NRT,290.6,0.59,N
-28.82414,149.53021,302.63,0.43,0.46,2025-03-20,1440,N20,nominal,2.0NRT,290.31,0.44,N
-28.82925,149.53348,308.15,0.43,0.46,2025-03-20,1440,N20,nominal,2.0NRT,290.29,0.9,N
-29.37166,149.58698,327.94,0.42,0.45,2025-03-20,1440,N20,nominal,2.0NRT,291.58,2.34,N
-29.37078,149.58267,316.25,0.42,0.45,2025-03-20,1440,N20,nominal,2.0NRT,291.01,2.34,N
-30.30016,150.14749,303.05,0.57,0.43,2025-03-20,1440,N20,nominal,2.0NRT,288.72,1.66,N
-30.82334,151.29315,302.97,0.49,0.4,2025-03-20,1440,N20,nominal,2.0NRT,285.26,0.75,N
-30.82428,151.29816,298.39,0.49,0.4,2025-03-20,1440,N20,nominal,2.0NRT,285.62,0.75,N
-30.82159,151.29654,304.41,0.49,0.4,2025-03-20,1440,N20,nominal,2.0NRT,285.48,0.86,N
-30.82527,151.29562,297.86,0.49,0.4,2025-03-20,1440,N20,nominal,2.0NRT,285.33,0.53,N
-31.66438,151.03777,324.55,0.49,0.4,2025-03-20,1440,N20,nominal,2.0NRT,287.48,2.68,N
-31.66338,151.03259,309.59,0.49,0.4,2025-03-20,1440,N20,nominal,2.0NRT,286.45,1.04,N
-33.76544,150.84755,310.32,0.47,0.39,2025-03-20,1440,N20,nominal,2.0NRT,291.94,0.77,N
-34.03856,149.71048,299.25,0.51,0.41,2025-03-20,1440,N20,nominal,2.0NRT,286.88,1.36,N
-34.04121,149.70384,299.16,0.52,0.41,2025-03-20,1440,N20,nominal,2.0NRT,287.54,1.09,N
-34.04693,149.73233,303.54,0.51,0.41,2025-03-20,1440,N20,nominal,2.0NRT,287.51,1.87,N
-34.45483,150.87503,307.43,0.45,0.39,2025-03-20,1442,N20,nominal,2.0NRT,291.38,1.84,N
-34.45575,150.87996,319.88,0.45,0.39,2025-03-20,1442,N20,nominal,2.0NRT,293.38,4.7,N
-34.46022,150.88391,342.74,0.45,0.39,2025-03-20,1442,N20,nominal,2.0NRT,293.93,4.7,N
-34.4647,150.88783,335.04,0.45,0.39,2025-03-20,1442,N20,nominal,2.0NRT,292.47,2.2,N
-34.46379,150.88292,307.56,0.45,0.39,2025-03-20,1442,N20,nominal,2.0NRT,291.68,2.08,N
-34.46561,150.89275,306.8,0.45,0.39,2025-03-20,1442,N20,nominal,2.0NRT,292.95,2.2,N
-34.43108,150.2106,305.97,0.48,0.4,2025-03-20,1442,N20,nominal,2.0NRT,289.37,1.78,N
-34.43214,150.21613,316.26,0.48,0.4,2025-03-20,1442,N20,nominal,2.0NRT,289.67,1.78,N
-34.43266,150.19872,299.58,0.48,0.4,2025-03-20,1442,N20,nominal,2.0NRT,288.18,1.42,N
-34.43474,150.20959,313.9,0.48,0.4,2025-03-20,1442,N20,nominal,2.0NRT,289.63,1.78,N
-34.43581,150.21518,319.73,0.48,0.4,2025-03-20,1442,N20,nominal,2.0NRT,289.95,1.78,N
-34.43533,150.19252,299.44,0.48,0.4,2025-03-20,1442,N20,nominal,2.0NRT,288.03,1.08,N
-34.43635,150.19786,319.74,0.48,0.4,2025-03-20,1442,N20,nominal,2.0NRT,289.98,2.47,N
-34.4384,150.20856,300.61,0.48,0.4,2025-03-20,1442,N20,nominal,2.0NRT,288.82,1.64,N
-34.43946,150.21408,314.5,0.48,0.4,2025-03-20,1442,N20,nominal,2.0NRT,289.6,1.64,N
-34.44048,150.21944,301.55,0.48,0.4,2025-03-20,1442,N20,nominal,2.0NRT,288.55,1.06,N
-34.44149,150.2247,298.96,0.48,0.4,2025-03-20,1442,N20,nominal,2.0NRT,287.94,1.06,N
-34.44249,150.22992,308.24,0.48,0.4,2025-03-20,1442,N20,nominal,2.0NRT,288.73,1.34,N
-34.43795,150.18613,303.09,0.48,0.4,2025-03-20,1442,N20,nominal,2.0NRT,288.67,1.08,N
-34.439,150.1916,312.54,0.48,0.4,2025-03-20,1442,N20,nominal,2.0NRT,289.53,1.08,N
-34.44004,150.19705,318.88,0.48,0.4,2025-03-20,1442,N20,nominal,2.0NRT,290.7,2.47,N
-34.44309,150.21294,317.67,0.48,0.4,2025-03-20,1442,N20,nominal,2.0NRT,290.11,1.64,N
-34.44411,150.21826,307.86,0.48,0.4,2025-03-20,1442,N20,nominal,2.0NRT,289.16,1.06,N
-34.44373,150.19617,322.61,0.48,0.4,2025-03-20,1442,N20,nominal,2.0NRT,291.21,1.84,N
-34.4406,150.17982,300.73,0.48,0.4,2025-03-20,1442,N20,nominal,2.0NRT,287.41,0.81,N
-34.44163,150.18521,318.25,0.48,0.4,2025-03-20,1442,N20,nominal,2.0NRT,290.66,1.83,N
-34.44269,150.19069,310.25,0.48,0.4,2025-03-20,1442,N20,nominal,2.0NRT,290.09,1.83,N
-34.44472,150.20134,308.51,0.48,0.4,2025-03-20,1442,N20,nominal,2.0NRT,289.71,1.84,N
-34.44572,150.20656,307.52,0.48,0.4,2025-03-20,1442,N20,nominal,2.0NRT,289.12,1.61,N
-34.44674,150.21188,305.06,0.48,0.4,2025-03-20,1442,N20,nominal,2.0NRT,289.1,1.61,N
-34.44776,150.21721,318.28,0.48,0.4,2025-03-20,1442,N20,nominal,2.0NRT,290.24,1.85,N
-34.44426,150.17882,301.93,0.48,0.4,2025-03-20,1442,N20,nominal,2.0NRT,287.46,0.81,N
-34.4453,150.18427,313.34,0.48,0.4,2025-03-20,1442,N20,nominal,2.0NRT,289.53,1.83,N
-34.44636,150.18977,310.06,0.48,0.4,2025-03-20,1442,N20,nominal,2.0NRT,289.71,1.83,N
-34.4474,150.19521,313.31,0.48,0.4,2025-03-20,1442,N20,nominal,2.0NRT,289.8,1.84,N
-34.4484,150.20044,307.96,0.48,0.4,2025-03-20,1442,N20,nominal,2.0NRT,289.08,1.84,N
-34.44941,150.20569,316.16,0.48,0.4,2025-03-20,1442,N20,nominal,2.0NRT,289.53,1.61,N
-34.45042,150.21097,315.49,0.48,0.4,2025-03-20,1442,N20,nominal,2.0NRT,289.9,1.61,N
-34.45143,150.21626,306.74,0.48,0.4,2025-03-20,1442,N20,nominal,2.0NRT,289.48,1.85,N
-34.45206,150.19946,311.93,0.48,0.4,2025-03-20,1442,N20,nominal,2.0NRT,289.6,1.79,N
-34.45308,150.20479,318.65,0.48,0.4,2025-03-20,1442,N20,nominal,2.0NRT,290.25,1.47,N
-34.45409,150.21004,309.7,0.48,0.4,2025-03-20,1442,N20,nominal,2.0NRT,289.74,1.47,N
-34.45361,150.18733,315.2,0.48,0.4,2025-03-20,1442,N20,nominal,2.0NRT,289.27,2.39,N
-34.45467,150.1929,316.2,0.48,0.4,2025-03-20,1442,N20,nominal,2.0NRT,290.53,1.79,N
-34.45572,150.19839,304.03,0.48,0.4,2025-03-20,1442,N20,nominal,2.0NRT,289.58,1.79,N
-34.45674,150.20375,307.67,0.48,0.4,2025-03-20,1442,N20,nominal,2.0NRT,289.9,1.47,N
-34.45773,150.20892,305.85,0.48,0.4,2025-03-20,1442,N20,nominal,2.0NRT,289.45,1.47,N
-34.44291,150.18327,312.47,0.48,0.4,2025-03-20,1442,N20,nominal,2.0NRT,289.29,1.75,N
-34.44399,150.18877,313.14,0.48,0.4,2025-03-20,1442,N20,nominal,2.0NRT,290.53,1.41,N
-34.44508,150.19426,312.38,0.48,0.4,2025-03-20,1442,N20,nominal,2.0NRT,290.05,1.41,N
-34.4461,150.19946,312.65,0.48,0.4,2025-03-20,1442,N20,nominal,2.0NRT,289.62,1.55,N
-34.44712,150.20465,299.81,0.48,0.4,2025-03-20,1442,N20,nominal,2.0NRT,288.83,1.55,N
-34.44816,150.20995,318.15,0.48,0.4,2025-03-20,1442,N20,nominal,2.0NRT,289.87,1.94,N
-34.44921,150.21524,313.24,0.48,0.4,2025-03-20,1442,N20,nominal,2.0NRT,290.05,1.94,N
-34.44657,150.18227,307.82,0.48,0.4,2025-03-20,1442,N20,nominal,2.0NRT,288.47,1.75,N
-34.44764,150.1877,302.76,0.48,0.4,2025-03-20,1442,N20,nominal,2.0NRT,288.38,1.41,N
-34.44872,150.19318,306.05,0.48,0.4,2025-03-20,1442,N20,nominal,2.0NRT,289.02,1.41,N
-34.44977,150.19852,308.48,0.48,0.4,2025-03-20,1442,N20,nominal,2.0NRT,289.19,1.55,N
-34.45081,150.20378,318.38,0.48,0.4,2025-03-20,1442,N20,nominal,2.0NRT,289.58,1.55,N
-34.45185,150.20906,317.22,0.48,0.4,2025-03-20,1442,N20,nominal,2.0NRT,290.34,1.94,N
-34.45288,150.21431,312.2,0.48,0.4,2025-03-20,1442,N20,nominal,2.0NRT,289.98,1.94,N
-34.45127,150.18652,301.4,0.48,0.4,2025-03-20,1442,N20,nominal,2.0NRT,287.42,1.28,N
-34.45235,150.192,309.28,0.48,0.4,2025-03-20,1442,N20,nominal,2.0NRT,289.03,1.28,N
-34.45342,150.19748,306.49,0.48,0.4,2025-03-20,1442,N20,nominal,2.0NRT,289.34,1.37,N
-34.45448,150.20285,307.61,0.48,0.4,2025-03-20,1442,N20,nominal,2.0NRT,289.28,1.37,N
-34.45551,150.20808,302.09,0.48,0.4,2025-03-20,1442,N20,nominal,2.0NRT,289.08,1.39,N
-34.45597,150.19083,312.11,0.48,0.4,2025-03-20,1442,N20,nominal,2.0NRT,290.08,1.28,N
-34.45707,150.1964,311.83,0.48,0.4,2025-03-20,1442,N20,nominal,2.0NRT,290.1,1.37,N
-34.45812,150.20177,313.44,0.48,0.4,2025-03-20,1442,N20,nominal,2.0NRT,290.32,1.37,N
-34.45914,150.20695,312.1,0.48,0.4,2025-03-20,1442,N20,nominal,2.0NRT,290.25,1.39,N
-34.46014,150.21201,307.38,0.48,0.4,2025-03-20,1442,N20,nominal,2.0NRT,289.68,1.39,N
-34.4596,150.18962,302.59,0.48,0.4,2025-03-20,1442,N20,nominal,2.0NRT,288.75,1.32,N
-34.4607,150.19527,313.64,0.48,0.4,2025-03-20,1442,N20,nominal,2.0NRT,290.65,1.97,N
-34.46278,150.20581,311.95,0.48,0.4,2025-03-20,1442,N20,nominal,2.0NRT,290.75,0.98,N
-34.46376,150.2108,302.88,0.48,0.4,2025-03-20,1442,N20,nominal,2.0NRT,289.57,0.98,N
-34.46477,150.216,303.26,0.48,0.4,2025-03-20,1442,N20,nominal,2.0NRT,289.52,1.17,N
-34.46536,150.19934,305.49,0.48,0.4,2025-03-20,1442,N20,nominal,2.0NRT,289.45,1.97,N
-34.46637,150.2045,302.56,0.48,0.4,2025-03-20,1442,N20,nominal,2.0NRT,289.21,0.98,N
-34.46737,150.20959,299.51,0.48,0.4,2025-03-20,1442,N20,nominal,2.0NRT,288.29,0.98,N
-34.46839,150.2148,304.74,0.48,0.4,2025-03-20,1442,N20,nominal,2.0NRT,289.21,1.17,N
-34.46895,150.19794,301.04,0.48,0.4,2025-03-20,1442,N20,nominal,2.0NRT,287.9,0.41,N
-36.99741,141.21066,295.52,0.4,0.6,2025-03-20,1442,N20,nominal,2.0NRT,283.24,0.51,N
-40.85086,145.37932,320.18,0.4,0.45,2025-03-20,1444,N20,nominal,2.0NRT,284.91,2.58,N
-40.84948,145.38226,317.16,0.4,0.45,2025-03-20,1444,N20,nominal,2.0NRT,287.08,3.01,N
-16.50879,131.78503,300.53,0.42,0.37,2025-03-20,1618,N20,nominal,2.0NRT,275.52,1.45,N
-19.48568,131.73381,307.23,0.4,0.37,2025-03-20,1618,N20,nominal,2.0NRT,277.15,0.8,N
-19.48904,131.73318,305.39,0.4,0.37,2025-03-20,1618,N20,nominal,2.0NRT,276.08,0.8,N
-18.46842,124.78504,307.72,0.63,0.54,2025-03-20,1618,N20,nominal,2.0NRT,278.69,1.73,N
-18.47336,124.78391,313.68,0.63,0.54,2025-03-20,1618,N20,nominal,2.0NRT,279.27,1.73,N
-18.70789,124.7647,301.87,0.63,0.54,2025-03-20,1618,N20,nominal,2.0NRT,274.48,0.88,N
-18.70858,124.76431,302.07,0.63,0.54,2025-03-20,1618,N20,nominal,2.0NRT,274.66,0.88,N
-18.75663,124.74718,307.85,0.63,0.54,2025-03-20,1618,N20,nominal,2.0NRT,276.94,2.61,N
-18.75784,124.75307,303.23,0.63,0.54,2025-03-20,1618,N20,nominal,2.0NRT,276.11,1.18,N
-18.76276,124.75193,304.61,0.63,0.54,2025-03-20,1618,N20,nominal,2.0NRT,275.51,1.18,N
-18.77022,124.73793,312.76,0.63,0.54,2025-03-20,1618,N20,nominal,2.0NRT,275.34,3.3,N
-18.77142,124.74381,313.25,0.63,0.54,2025-03-20,1618,N20,nominal,2.0NRT,276.91,3.3,N
-18.98727,121.67558,305.82,0.49,0.65,2025-03-20,1618,N20,nominal,2.0NRT,279.83,1.92,N
-18.99422,121.67874,304.05,0.49,0.65,2025-03-20,1618,N20,nominal,2.0NRT,279.42,2.94,N
-19.97165,124.29575,308.96,0.63,0.54,2025-03-20,1618,N20,nominal,2.0NRT,271.75,2.63,N
-22.91033,122.39659,309.69,0.36,0.58,2025-03-20,1620,N20,nominal,2.0NRT,291.83,1.24,N
-22.9111,122.40013,307.9,0.36,0.58,2025-03-20,1620,N20,nominal,2.0NRT,291.52,1.16,N
-22.90894,122.39738,308.5,0.36,0.58,2025-03-20,1620,N20,nominal,2.0NRT,291.78,0.96,N
-22.90974,122.40089,308.19,0.36,0.58,2025-03-20,1620,N20,nominal,2.0NRT,291.69,1.05,N
-22.91258,122.38893,306.53,0.36,0.58,2025-03-20,1620,N20,nominal,2.0NRT,291.6,0.75,N
-28.22103,146.50688,295.16,0.78,0.78,2025-03-20,1620,N20,nominal,2.0NRT,284.62,4.41,N
-30.44325,136.85902,304.75,0.43,0.46,2025-03-20,1622,N20,nominal,2.0NRT,270.88,0.44,N
-30.22261,126.20914,302.72,0.49,0.4,2025-03-20,1622,N20,nominal,2.0NRT,288.34,1.1,N
-30.22438,126.19815,320.55,0.49,0.4,2025-03-20,1622,N20,nominal,2.0NRT,289.08,1.97,N
-30.22533,126.20318,307.54,0.49,0.4,2025-03-20,1622,N20,nominal,2.0NRT,288.65,1.1,N
-30.229,126.20226,303.99,0.49,0.4,2025-03-20,1622,N20,nominal,2.0NRT,288.31,0.87,N
-30.22995,126.20727,304.22,0.49,0.4,2025-03-20,1622,N20,nominal,2.0NRT,288.6,0.87,N
-30.2309,126.21227,308.86,0.49,0.4,2025-03-20,1622,N20,nominal,2.0NRT,288.69,1.25,N
-28.65426,115.50098,314.34,0.69,0.74,2025-03-20,1622,N20,nominal,2.0NRT,291.44,4.45,N
-28.66477,115.51258,301.67,0.68,0.74,2025-03-20,1622,N20,nominal,2.0NRT,291.34,1.21,N
-28.65481,115.50187,314.78,0.68,0.74,2025-03-20,1622,N20,nominal,2.0NRT,291.26,2.74,N
-28.6654,115.51346,302.82,0.68,0.74,2025-03-20,1622,N20,nominal,2.0NRT,291.09,3.62,N
-31.14237,117.77431,297.13,0.44,0.63,2025-03-20,1622,N20,nominal,2.0NRT,285.89,0.58,N
-31.46763,118.62711,301.84,0.39,0.59,2025-03-20,1622,N20,nominal,2.0NRT,287.91,0.64,N
-31.46865,118.63122,300.32,0.39,0.59,2025-03-20,1622,N20,nominal,2.0NRT,287.64,0.64,N
-31.47398,118.62925,304.17,0.39,0.59,2025-03-20,1622,N20,nominal,2.0NRT,288.05,0.64,N
-31.46814,118.62891,304.87,0.39,0.59,2025-03-20,1622,N20,nominal,2.0NRT,287.77,1.05,N
-31.47346,118.62697,300.86,0.39,0.59,2025-03-20,1622,N20,nominal,2.0NRT,287.45,0.51,N
-31.47451,118.6311,300.14,0.39,0.59,2025-03-20,1622,N20,nominal,2.0NRT,287.98,0.51,N
-31.56263,118.44985,299.49,0.4,0.6,2025-03-20,1622,N20,nominal,2.0NRT,286.74,0.38,N
-31.20315,116.92788,296.89,0.49,0.65,2025-03-20,1622,N20,nominal,2.0NRT,283.44,0.61,N
-31.20768,116.92072,296.91,0.49,0.65,2025-03-20,1622,N20,nominal,2.0NRT,283.51,0.61,N
-32.26414,118.61738,298.29,0.38,0.58,2025-03-20,1622,N20,nominal,2.0NRT,285.4,0.49,N
-32.38557,117.90846,295.83,0.41,0.6,2025-03-20,1622,N20,nominal,2.0NRT,284.32,0.63,N
-32.79552,117.88565,299.35,0.4,0.6,2025-03-20,1622,N20,nominal,2.0NRT,285.64,0.79,N
-32.8041,117.87312,296.7,0.4,0.6,2025-03-20,1622,N20,nominal,2.0NRT,285.18,0.28,N
-32.81156,117.47117,297.66,0.42,0.61,2025-03-20,1622,N20,nominal,2.0NRT,284.08,0.61,N
-33.41446,117.18246,300.53,0.42,0.61,2025-03-20,1622,N20,nominal,2.0NRT,284.34,0.82,N
-33.4171,117.18279,296.06,0.42,0.61,2025-03-20,1622,N20,nominal,2.0NRT,283.75,0.39,N
-33.95822,117.01163,321.84,0.42,0.61,2025-03-20,1622,N20,nominal,2.0NRT,283.25,2.06,N
-33.96371,117.00964,295.88,0.42,0.61,2025-03-20,1622,N20,nominal,2.0NRT,282.97,0.55,N
-28.65522,115.5033,309.62,0.36,0.57,2025-03-20,1802,N20,nominal,2.0NRT,290.92,1.22,N
-28.65552,115.50697,312.5,0.36,0.57,2025-03-20,1802,N20,nominal,2.0NRT,291.09,1.22,N
-28.65582,115.51063,303.41,0.36,0.57,2025-03-20,1802,N20,nominal,2.0NRT,290.68,0.96,N
-28.65611,115.51427,301.47,0.36,0.57,2025-03-20,1802,N20,nominal,2.0NRT,290.9,0.96,N
-28.66051,115.50272,314.69,0.36,0.57,2025-03-20,1802,N20,nominal,2.0NRT,291.27,1.22,N
-28.66671,115.51308,301.41,0.36,0.57,2025-03-20,1802,N20,nominal,2.0NRT,290.53,0.85,N
-31.12785,116.77099,296.4,0.45,0.63,2025-03-20,1802,N20,nominal,2.0NRT,285.62,0.87,N
-31.20688,116.92265,295.69,0.46,0.63,2025-03-20,1802,N20,nominal,2.0NRT,283.83,0.94,N
-33.22038,115.74611,295.06,0.41,0.6,2025-03-20,1804,N20,nominal,2.0NRT,284.19,0.69,N
-33.95748,117.00894,301.18,0.49,0.65,2025-03-20,1804,N20,nominal,2.0NRT,281.87,0.96,N
-33.96354,117.00832,296.7,0.49,0.65,2025-03-20,1804,N20,nominal,2.0NRT,282.04,0.6,N
-33.95852,117.00948,302.24,0.49,0.65,2025-03-20,1804,N20,nominal,2.0NRT,281.6,0.92,N
-33.96459,117.00886,296.47,0.49,0.65,2025-03-20,1804,N20,nominal,2.0NRT,282.33,0.92,N
-20.59623,116.77576,311.14,0.35,0.57,2025-03-20,1800,N20,nominal,2.0NRT,294.94,0.95,N
-20.61676,116.76967,341.16,0.35,0.57,2025-03-20,1800,N20,nominal,2.0NRT,295.81,2.36,N
-20.791,115.44534,313.05,0.57,0.52,2025-03-20,1800,N20,nominal,2.0NRT,295.31,2.35,N
-20.81844,115.38596,305.27,0.57,0.52,2025-03-20,1800,N20,nominal,2.0NRT,294.62,0.37,N
