latitude,longitude,bright_ti4,scan,track,acq_date,acq_time,satellite,confidence,version,bright_ti5,frp,daynight
-42.80331,172.59001,328.17,0.6,0.7,2025-03-13,0122,N21,nominal,2.0NRT,293.01,3.91,D
-46.14727,168.17952,342.3,0.42,0.38,2025-03-13,0302,N21,nominal,2.0NRT,294.58,6.47,D
-43.60112,171.56467,338.2,0.41,0.45,2025-03-13,0302,N21,nominal,2.0NRT,291.12,4.54,D
-38.45753,176.72343,328.46,0.49,0.65,2025-03-13,0302,N21,nominal,2.0NRT,288.88,3.56,D
-39.00641,174.31454,326.06,0.36,0.57,2025-03-13,0304,N21,low,2.0NRT,297.42,2.23,D
-35.22754,149.12698,332.47,0.42,0.61,2025-03-13,0304,N21,nominal,2.0NRT,298.45,4.44,D
-34.83052,148.38327,350.72,0.46,0.64,2025-03-13,0306,N21,nominal,2.0NRT,301.42,9.03,D
-34.83081,148.37784,354.92,0.46,0.64,2025-03-13,0306,N21,nominal,2.0NRT,302.52,10.15,D
-34.82461,148.38268,333.55,0.46,0.64,2025-03-13,0306,N21,nominal,2.0NRT,299.71,9.03,D
-34.82489,148.3773,348.8,0.46,0.64,2025-03-13,0306,N21,nominal,2.0NRT,300.34,10.15,D
-34.46037,150.88593,331.47,0.33,0.55,2025-03-13,0306,N21,nominal,2.0NRT,299.23,2.7,D
-34.46064,150.88229,326.8,0.33,0.55,2025-03-13,0306,N21,low,2.0NRT,298.61,2.7,D
-34.45576,150.87819,328.46,0.33,0.55,2025-03-13,0306,N21,low,2.0NRT,299.55,2.46,D
-34.50198,148.53822,367,0.45,0.63,2025-03-13,0306,N21,high,2.0NRT,300.69,23.92,D
-34.42861,148.5948,338.53,0.45,0.63,2025-03-13,0306,N21,nominal,2.0NRT,299.02,6.29,D
-34.18139,148.20427,367,0.47,0.64,2025-03-13,0306,N21,high,2.0NRT,302.25,20.86,D
-34.00321,147.8192,344.58,0.49,0.65,2025-03-13,0306,N21,nominal,2.0NRT,298.53,5.2,D
-33.76887,150.84882,327.24,0.33,0.55,2025-03-13,0306,N21,low,2.0NRT,301.56,1.57,D
-33.56233,146.58667,330.17,0.57,0.69,2025-03-13,0306,N21,nominal,2.0NRT,298.37,7.08,D
-33.5626,146.58034,340.61,0.57,0.69,2025-03-13,0306,N21,nominal,2.0NRT,297.22,4.9,D
-33.55613,146.58006,334.83,0.57,0.69,2025-03-13,0306,N21,nominal,2.0NRT,295.27,5.1,D
-33.41975,148.17291,341.1,0.46,0.64,2025-03-13,0306,N21,nominal,2.0NRT,301.11,6.42,D
-33.41611,148.17436,354.87,0.46,0.64,2025-03-13,0306,N21,nominal,2.0NRT,302.24,9.57,D
-33.17199,146.43098,330.67,0.58,0.7,2025-03-13,0306,N21,nominal,2.0NRT,300.44,7.39,D
-33.17167,146.43391,340.32,0.58,0.7,2025-03-13,0306,N21,nominal,2.0NRT,299.03,5.56,D
-32.85114,147.08145,347.86,0.53,0.67,2025-03-13,0306,N21,nominal,2.0NRT,296.67,4.96,D
-32.84462,147.08687,367,0.53,0.67,2025-03-13,0306,N21,high,2.0NRT,298.95,28.06,D
-32.84488,147.08109,350.53,0.53,0.67,2025-03-13,0306,N21,nominal,2.0NRT,300.51,28.06,D
-32.85363,147.07854,331.72,0.53,0.67,2025-03-13,0306,N21,nominal,2.0NRT,296.3,11.09,D
-32.84707,147.08394,367,0.53,0.67,2025-03-13,0306,N21,high,2.0NRT,300.73,45.66,D
-32.84618,147.10133,330.44,0.53,0.67,2025-03-13,0306,N21,nominal,2.0NRT,300.44,7.74,D
-32.84736,147.07819,340.03,0.53,0.67,2025-03-13,0306,N21,nominal,2.0NRT,297.43,11.09,D
-32.4264,147.93053,367,0.47,0.64,2025-03-13,0306,N21,high,2.0NRT,303.68,40.54,D
-32.42667,147.92548,336.72,0.47,0.64,2025-03-13,0306,N21,nominal,2.0NRT,300.66,23.43,D
-32.42044,147.93013,367,0.47,0.64,2025-03-13,0306,N21,high,2.0NRT,302.04,24.92,D
-32.42072,147.92509,331.77,0.47,0.64,2025-03-13,0306,N21,nominal,2.0NRT,302.64,10.9,D
-31.64849,149.63686,339.21,0.37,0.58,2025-03-13,0306,N21,nominal,2.0NRT,299.46,4.46,D
-31.64548,149.63783,339.54,0.37,0.58,2025-03-13,0306,N21,nominal,2.0NRT,300.48,5.87,D
-31.77274,147.68539,340.9,0.48,0.65,2025-03-13,0306,N21,nominal,2.0NRT,299.88,9.76,D
-31.39023,146.60324,367,0.55,0.68,2025-03-13,0306,N21,high,2.0NRT,295.21,32.39,D
-29.76704,149.36246,344.47,0.36,0.58,2025-03-13,0306,N21,nominal,2.0NRT,302.08,4.85,D
-29.76732,149.35866,345.33,0.36,0.58,2025-03-13,0306,N21,nominal,2.0NRT,301.9,6.91,D
-29.7676,149.35484,334.65,0.36,0.58,2025-03-13,0306,N21,nominal,2.0NRT,302.08,6.91,D
-29.76141,149.36574,335.71,0.36,0.58,2025-03-13,0306,N21,nominal,2.0NRT,296.64,4.85,D
-29.76169,149.36195,332.75,0.36,0.58,2025-03-13,0306,N21,nominal,2.0NRT,298.15,4.85,D
-29.75606,149.36523,342.22,0.36,0.58,2025-03-13,0306,N21,nominal,2.0NRT,296.25,5.15,D
-29.76892,149.36382,337.7,0.36,0.58,2025-03-13,0306,N21,nominal,2.0NRT,301.56,5.64,D
-29.76923,149.36002,349.67,0.36,0.58,2025-03-13,0306,N21,nominal,2.0NRT,302.31,9.56,D
-29.76358,149.36333,331.36,0.36,0.58,2025-03-13,0306,N21,nominal,2.0NRT,299.58,5.64,D
-29.76389,149.35953,331.03,0.36,0.58,2025-03-13,0306,N21,nominal,2.0NRT,299.11,9.56,D
-29.75793,149.36661,341.58,0.36,0.58,2025-03-13,0306,N21,nominal,2.0NRT,295.83,5.74,D
-29.75824,149.36284,349.34,0.36,0.58,2025-03-13,0306,N21,nominal,2.0NRT,297.79,5.74,D
-29.67301,149.89142,367,0.34,0.56,2025-03-13,0306,N21,high,2.0NRT,295.67,5.82,D
-29.6733,149.88789,367,0.34,0.56,2025-03-13,0306,N21,high,2.0NRT,296,6.35,D
-29.67359,149.88437,367,0.34,0.56,2025-03-13,0306,N21,high,2.0NRT,297.33,6.35,D
-29.66784,149.8909,330.01,0.34,0.56,2025-03-13,0306,N21,nominal,2.0NRT,293.74,5.82,D
-29.66842,149.88385,334.87,0.34,0.56,2025-03-13,0306,N21,nominal,2.0NRT,295.44,6.35,D
-28.72081,151.31252,336.45,0.54,0.51,2025-03-13,0308,N21,nominal,2.0NRT,298.34,7.04,D
-26.95456,150.05777,333.55,0.61,0.54,2025-03-13,0308,N21,nominal,2.0NRT,297.96,7.36,D
-26.95375,150.05609,334.19,0.61,0.54,2025-03-13,0308,N21,nominal,2.0NRT,297.57,5.47,D
-23.58868,146.12422,334.27,0.5,0.66,2025-03-13,0308,N21,nominal,2.0NRT,291.37,4.22,D
-20.35214,144.51973,339.65,0.59,0.7,2025-03-13,0310,N21,nominal,2.0NRT,291.82,6.33,D
-20.35131,144.52179,333.92,0.59,0.7,2025-03-13,0310,N21,nominal,2.0NRT,290.99,4.37,D
-37.83155,144.79066,341.1,0.47,0.48,2025-03-13,0446,N21,nominal,2.0NRT,305.26,6.82,D
-37.99023,143.37672,336.04,0.4,0.44,2025-03-13,0446,N21,low,2.0NRT,308.34,2.84,D
-37.92739,143.31306,341.66,0.4,0.44,2025-03-13,0446,N21,low,2.0NRT,313.84,2.98,D
-37.9234,143.31172,337.95,0.4,0.44,2025-03-13,0446,N21,low,2.0NRT,311.97,2.98,D
-37.8187,143.34392,342.85,0.4,0.44,2025-03-13,0446,N21,low,2.0NRT,313.05,10.18,D
-37.81964,143.33945,351.08,0.4,0.44,2025-03-13,0446,N21,nominal,2.0NRT,313.51,10.18,D
-37.82059,143.33496,353.98,0.4,0.44,2025-03-13,0446,N21,nominal,2.0NRT,316.32,20.62,D
-37.82154,143.33047,342.25,0.4,0.44,2025-03-13,0446,N21,low,2.0NRT,313.05,20.62,D
-37.8166,143.33356,350.94,0.4,0.44,2025-03-13,0446,N21,nominal,2.0NRT,319.4,20.62,D
-38.0758,141.87108,367,0.51,0.41,2025-03-13,0446,N21,high,2.0NRT,310.62,28,D
-38.07467,141.87677,337.01,0.51,0.41,2025-03-13,0446,N21,nominal,2.0NRT,300.88,7.45,D
-38.0698,141.88126,345.61,0.51,0.41,2025-03-13,0446,N21,nominal,2.0NRT,303.64,25.24,D
-38.07094,141.87555,352.69,0.51,0.41,2025-03-13,0446,N21,nominal,2.0NRT,311.2,25.24,D
-38.07207,141.86989,336.1,0.51,0.41,2025-03-13,0446,N21,nominal,2.0NRT,303.09,5.97,D
-38.06493,141.88577,331.92,0.51,0.41,2025-03-13,0446,N21,nominal,2.0NRT,300.13,6.74,D
-38.06607,141.88008,351.51,0.51,0.41,2025-03-13,0446,N21,nominal,2.0NRT,312.37,25.24,D
-38.0612,141.88457,345.6,0.51,0.41,2025-03-13,0446,N21,nominal,2.0NRT,309.19,27.09,D
-38.06234,141.87888,338.68,0.51,0.41,2025-03-13,0446,N21,nominal,2.0NRT,303.89,11.63,D
-38.05747,141.88338,349.29,0.51,0.41,2025-03-13,0446,N21,nominal,2.0NRT,308.3,27.09,D
-38.05374,141.88219,347.75,0.51,0.41,2025-03-13,0446,N21,nominal,2.0NRT,312.1,24.35,D
-38.04887,141.88669,332.16,0.51,0.41,2025-03-13,0446,N21,low,2.0NRT,303.92,24.35,D
-38.05001,141.881,335.58,0.51,0.41,2025-03-13,0446,N21,nominal,2.0NRT,299.67,24.35,D
-38.05115,141.87529,341.27,0.51,0.41,2025-03-13,0446,N21,nominal,2.0NRT,301.9,8.34,D
-38.0523,141.86957,351.05,0.51,0.41,2025-03-13,0446,N21,nominal,2.0NRT,302.57,8.34,D
-38.04628,141.87979,334,0.51,0.41,2025-03-13,0446,N21,nominal,2.0NRT,300,4.61,D
-38.04742,141.87408,345.65,0.51,0.41,2025-03-13,0446,N21,nominal,2.0NRT,302.65,9.52,D
-38.04971,141.86269,348.28,0.51,0.41,2025-03-13,0446,N21,nominal,2.0NRT,302.77,9.24,D
-38.04255,141.8786,337.21,0.51,0.41,2025-03-13,0446,N21,nominal,2.0NRT,300.74,4.61,D
-38.0437,141.87291,349.99,0.51,0.41,2025-03-13,0446,N21,nominal,2.0NRT,301.99,9.52,D
-38.04942,141.84439,332.55,0.51,0.41,2025-03-13,0446,N21,low,2.0NRT,306.19,7.84,D
-38.03996,141.87173,367,0.51,0.41,2025-03-13,0446,N21,high,2.0NRT,303.3,10.56,D
-37.7559,143.23671,344.26,0.4,0.44,2025-03-13,0446,N21,nominal,2.0NRT,313.88,33.43,D
-38.04111,141.86603,330.2,0.51,0.41,2025-03-13,0446,N21,nominal,2.0NRT,298.37,10.56,D
-38.04569,141.84322,333.02,0.51,0.41,2025-03-13,0446,N21,low,2.0NRT,307.05,8.68,D
-37.75191,143.23537,338.36,0.4,0.44,2025-03-13,0446,N21,low,2.0NRT,309.42,33.43,D
-37.74789,143.23637,345.71,0.4,0.44,2025-03-13,0446,N21,nominal,2.0NRT,313.27,37.94,D
-37.74882,143.23195,308.02,0.4,0.44,2025-03-13,0446,N21,low,2.0NRT,318.29,37.94,D
-37.64378,142.922,367,0.38,0.44,2025-03-13,0446,N21,high,2.0NRT,345.04,114.73,D
-37.64288,142.92628,354.5,0.38,0.44,2025-03-13,0446,N21,nominal,2.0NRT,314.91,88.38,D
-37.63895,142.92494,367,0.38,0.44,2025-03-13,0446,N21,high,2.0NRT,346.91,88.38,D
-37.63985,142.92067,367,0.38,0.44,2025-03-13,0446,N21,high,2.0NRT,333.28,114.73,D
-37.63804,142.92924,343.37,0.38,0.44,2025-03-13,0446,N21,nominal,2.0NRT,309.36,88.38,D
-37.63501,142.92363,342.98,0.38,0.44,2025-03-13,0446,N21,nominal,2.0NRT,314.81,4.4,D
-37.42604,141.1337,367,0.49,0.4,2025-03-13,0446,N21,high,2.0NRT,307.49,11.36,D
-37.42027,141.14342,339.78,0.49,0.4,2025-03-13,0446,N21,nominal,2.0NRT,303.99,95.05,D
-37.42133,141.138,354.07,0.49,0.4,2025-03-13,0446,N21,nominal,2.0NRT,311.92,33.05,D
-37.42345,141.12717,346.1,0.49,0.4,2025-03-13,0446,N21,nominal,2.0NRT,308.59,7.74,D
-37.41191,141.14651,334.16,0.49,0.4,2025-03-13,0446,N21,low,2.0NRT,305.08,10.03,D
-37.41248,141.12379,354.83,0.49,0.4,2025-03-13,0446,N21,nominal,2.0NRT,313.02,19.28,D
-37.40354,141.14966,339.51,0.49,0.4,2025-03-13,0446,N21,nominal,2.0NRT,304.17,3.83,D
-37.40566,141.13884,341.25,0.49,0.4,2025-03-13,0446,N21,nominal,2.0NRT,305.03,10.44,D
-37.40777,141.12807,334.81,0.49,0.4,2025-03-13,0446,N21,low,2.0NRT,307.33,5.96,D
-37.40883,141.12267,345.99,0.49,0.4,2025-03-13,0446,N21,nominal,2.0NRT,312.77,11.31,D
-37.39988,141.14853,331.82,0.49,0.4,2025-03-13,0446,N21,low,2.0NRT,302.54,3.83,D
-37.40094,141.14311,336.36,0.49,0.4,2025-03-13,0446,N21,nominal,2.0NRT,303.93,10.44,D
-37.40201,141.13771,350.3,0.49,0.4,2025-03-13,0446,N21,nominal,2.0NRT,310.55,10.44,D
-37.40517,141.12154,344.57,0.49,0.4,2025-03-13,0446,N21,nominal,2.0NRT,312.68,11.31,D
-37.40624,141.11613,330.91,0.48,0.4,2025-03-13,0446,N21,low,2.0NRT,305.35,11.31,D
-37.39729,141.14198,346.6,0.49,0.4,2025-03-13,0446,N21,nominal,2.0NRT,308.3,12.85,D
-37.40153,141.12039,340.47,0.49,0.4,2025-03-13,0446,N21,low,2.0NRT,311.57,8.62,D
-37.40259,141.11501,332.93,0.48,0.4,2025-03-13,0446,N21,low,2.0NRT,306.48,8.62,D
-37.39363,141.14085,340,0.49,0.4,2025-03-13,0446,N21,nominal,2.0NRT,305.98,12.85,D
-37.3947,141.13544,336.37,0.49,0.4,2025-03-13,0446,N21,low,2.0NRT,307.13,12.85,D
-37.39894,141.11386,333.12,0.48,0.4,2025-03-13,0446,N21,low,2.0NRT,307.91,8.62,D
-37.40242,141.14708,336.72,0.49,0.4,2025-03-13,0446,N21,nominal,2.0NRT,305.29,11.4,D
-37.40345,141.14165,342.5,0.49,0.4,2025-03-13,0446,N21,nominal,2.0NRT,307.34,11.4,D
-37.40449,141.13625,336.76,0.49,0.4,2025-03-13,0446,N21,nominal,2.0NRT,305.17,11.05,D
-37.40759,141.12004,347.05,0.49,0.4,2025-03-13,0446,N21,nominal,2.0NRT,311.55,18.33,D
-37.3998,141.14052,367,0.49,0.4,2025-03-13,0446,N21,high,2.0NRT,308.17,11.4,D
-37.40393,141.1189,343.16,0.49,0.4,2025-03-13,0446,N21,nominal,2.0NRT,312.9,18.33,D
-37.3951,141.14481,332.16,0.49,0.4,2025-03-13,0446,N21,nominal,2.0NRT,302.11,18.21,D
-37.40028,141.11777,346.44,0.49,0.4,2025-03-13,0446,N21,nominal,2.0NRT,312.2,10.46,D
-37.39248,141.13824,341.98,0.49,0.4,2025-03-13,0446,N21,nominal,2.0NRT,307.51,18.21,D
-37.39457,141.12741,346.43,0.49,0.4,2025-03-13,0446,N21,nominal,2.0NRT,307.51,20.26,D
-37.3956,141.12202,334.58,0.49,0.4,2025-03-13,0446,N21,nominal,2.0NRT,307.73,10.46,D
-37.39663,141.11662,345.74,0.49,0.4,2025-03-13,0446,N21,nominal,2.0NRT,311.41,10.46,D
-37.38883,141.13713,336.67,0.49,0.4,2025-03-13,0446,N21,nominal,2.0NRT,305.5,9.47,D
-37.38987,141.1317,335.37,0.49,0.4,2025-03-13,0446,N21,low,2.0NRT,305.66,5.33,D
-37.39091,141.12627,342.55,0.49,0.4,2025-03-13,0446,N21,nominal,2.0NRT,304.37,5.33,D
-37.39194,141.12088,343.39,0.49,0.4,2025-03-13,0446,N21,nominal,2.0NRT,307.06,10.02,D
-37.39298,141.11548,352.43,0.49,0.4,2025-03-13,0446,N21,nominal,2.0NRT,309.01,10.02,D
-37.38621,141.13055,336.21,0.49,0.4,2025-03-13,0446,N21,nominal,2.0NRT,305.79,5.33,D
-37.38726,141.12514,344.78,0.49,0.4,2025-03-13,0446,N21,nominal,2.0NRT,307.39,5.33,D
-37.38151,141.13486,348.96,0.49,0.4,2025-03-13,0446,N21,nominal,2.0NRT,307.8,14.92,D
-37.38255,141.12944,344.06,0.49,0.4,2025-03-13,0446,N21,nominal,2.0NRT,307.12,9.97,D
-36.9398,142.79123,343.81,0.39,0.44,2025-03-13,0446,N21,nominal,2.0NRT,312.45,11.03,D
-36.93583,142.78993,367,0.39,0.44,2025-03-13,0446,N21,high,2.0NRT,319.45,11.03,D
-36.93493,142.79427,352.79,0.39,0.44,2025-03-13,0446,N21,nominal,2.0NRT,315.5,21.21,D
-36.93674,142.7856,342.86,0.39,0.44,2025-03-13,0446,N21,nominal,2.0NRT,314.27,11.03,D
-36.93187,142.78864,367,0.39,0.44,2025-03-13,0446,N21,high,2.0NRT,318.77,21.91,D
-36.93096,142.79295,352.47,0.39,0.44,2025-03-13,0446,N21,nominal,2.0NRT,315.17,27.25,D
-36.72966,141.82028,353.21,0.53,0.42,2025-03-13,0446,N21,nominal,2.0NRT,318.73,9.25,D
-36.73086,141.81442,348.19,0.53,0.42,2025-03-13,0446,N21,nominal,2.0NRT,318.43,9.25,D
-36.72584,141.81917,350.63,0.53,0.42,2025-03-13,0446,N21,low,2.0NRT,327.87,58.75,D
-36.72704,141.81326,367,0.53,0.42,2025-03-13,0446,N21,low,2.0NRT,326.37,58.75,D
-36.72202,141.81804,353.54,0.53,0.42,2025-03-13,0446,N21,low,2.0NRT,325.9,58.75,D
-36.0682,144.76076,347.33,0.51,0.5,2025-03-13,0446,N21,nominal,2.0NRT,309.09,7.34,D
-36.72128,141.81732,354.49,0.53,0.42,2025-03-13,0446,N21,nominal,2.0NRT,321.85,28,D
-36.06822,144.76027,339.87,0.51,0.5,2025-03-13,0446,N21,nominal,2.0NRT,308.78,3.15,D
-35.56639,146.78278,347.1,0.34,0.56,2025-03-13,0446,N21,nominal,2.0NRT,306.19,4.35,D
-35.5673,146.7791,335.98,0.34,0.56,2025-03-13,0446,N21,nominal,2.0NRT,304.66,4.35,D
-37.02014,139.9537,353.22,0.44,0.39,2025-03-13,0446,N21,nominal,2.0NRT,317.06,10.85,D
-37.02105,139.94873,336.6,0.44,0.39,2025-03-13,0446,N21,low,2.0NRT,309.35,10.85,D
-37.0157,139.95766,338.1,0.44,0.39,2025-03-13,0446,N21,nominal,2.0NRT,307.89,3.3,D
-37.0131,139.95168,343.99,0.44,0.39,2025-03-13,0446,N21,nominal,2.0NRT,313.11,8.14,D
-37.00958,139.95065,339.48,0.44,0.39,2025-03-13,0446,N21,low,2.0NRT,312.01,7.12,D
-36.72063,141.41731,340.29,0.51,0.41,2025-03-13,0446,N21,low,2.0NRT,314.51,7.67,D
-36.72176,141.41164,350.79,0.51,0.41,2025-03-13,0446,N21,nominal,2.0NRT,316.85,7.67,D
-36.71914,141.40485,367,0.51,0.41,2025-03-13,0446,N21,high,2.0NRT,319.04,17.22,D
-36.72026,141.39922,367,0.51,0.41,2025-03-13,0446,N21,high,2.0NRT,318.42,17.22,D
-36.72138,141.39357,367,0.51,0.41,2025-03-13,0446,N21,high,2.0NRT,319.69,20.85,D
-36.71688,141.41618,345.19,0.51,0.41,2025-03-13,0446,N21,low,2.0NRT,317.02,7.67,D
-36.7225,141.38794,347.29,0.51,0.41,2025-03-13,0446,N21,nominal,2.0NRT,320.46,20.85,D
-36.712,141.42075,339.95,0.51,0.41,2025-03-13,0446,N21,low,2.0NRT,314.13,31.49,D
-36.71313,141.41505,352.23,0.51,0.41,2025-03-13,0446,N21,low,2.0NRT,323.32,46.8,D
-36.71427,141.40936,350.34,0.51,0.41,2025-03-13,0446,N21,nominal,2.0NRT,319.23,46.8,D
-36.71876,141.38678,348.2,0.51,0.41,2025-03-13,0446,N21,nominal,2.0NRT,319.19,54.63,D
-36.70939,141.41391,352.44,0.51,0.41,2025-03-13,0446,N21,nominal,2.0NRT,322.04,46.8,D
-36.71052,141.40823,367,0.51,0.41,2025-03-13,0446,N21,low,2.0NRT,326.31,46.8,D
-36.71165,141.40257,367,0.51,0.41,2025-03-13,0446,N21,low,2.0NRT,328.61,69.18,D
-36.71278,141.39693,367,0.51,0.41,2025-03-13,0446,N21,low,2.0NRT,327.33,69.18,D
-36.7139,141.39128,367,0.51,0.41,2025-03-13,0446,N21,low,2.0NRT,327.21,54.63,D
-36.70678,141.40709,367,0.51,0.41,2025-03-13,0446,N21,high,2.0NRT,315.8,22.05,D
-36.70904,141.39575,345.31,0.51,0.41,2025-03-13,0446,N21,nominal,2.0NRT,313.37,19.66,D
-36.71016,141.39012,351.49,0.51,0.41,2025-03-13,0446,N21,nominal,2.0NRT,318.63,16.33,D
-36.71129,141.38449,351,0.51,0.41,2025-03-13,0446,N21,nominal,2.0NRT,319.72,16.33,D
-36.70643,141.38896,354.97,0.51,0.41,2025-03-13,0446,N21,nominal,2.0NRT,318.09,16.33,D
-36.70755,141.38333,350.78,0.51,0.41,2025-03-13,0446,N21,nominal,2.0NRT,320.67,16.33,D
-36.6918,141.40253,339.45,0.51,0.41,2025-03-13,0446,N21,low,2.0NRT,313.17,6,D
-36.75822,141.06859,340.05,0.49,0.41,2025-03-13,0446,N21,low,2.0NRT,314.21,7.93,D
-36.7593,141.06313,346.7,0.49,0.41,2025-03-13,0446,N21,nominal,2.0NRT,314.18,6.31,D
-36.75454,141.06747,339.49,0.49,0.41,2025-03-13,0446,N21,nominal,2.0NRT,313.06,7.93,D
-36.75561,141.062,347.19,0.49,0.41,2025-03-13,0446,N21,nominal,2.0NRT,314.99,6.31,D
-36.67601,141.42174,345.61,0.51,0.41,2025-03-13,0446,N21,nominal,2.0NRT,313.17,9.83,D
-36.67715,141.41608,353.28,0.51,0.41,2025-03-13,0446,N21,nominal,2.0NRT,313.92,16.22,D
-36.75784,141.06601,355.27,0.49,0.41,2025-03-13,0446,N21,nominal,2.0NRT,315.48,10.96,D
-36.75889,141.06053,340.81,0.49,0.41,2025-03-13,0446,N21,low,2.0NRT,315.36,10.96,D
-36.67741,141.41991,349.26,0.51,0.41,2025-03-13,0446,N21,nominal,2.0NRT,313.31,14.16,D
-36.67477,141.4131,347.88,0.51,0.41,2025-03-13,0446,N21,nominal,2.0NRT,313.6,12.26,D
-36.67588,141.40739,355.49,0.51,0.41,2025-03-13,0446,N21,nominal,2.0NRT,317.21,12.26,D
-36.67102,141.41196,341.93,0.51,0.41,2025-03-13,0446,N21,low,2.0NRT,313.34,12.26,D
-36.67214,141.40625,348.49,0.51,0.41,2025-03-13,0446,N21,nominal,2.0NRT,317.23,12.26,D
-36.67548,141.38925,351.22,0.51,0.41,2025-03-13,0446,N21,nominal,2.0NRT,319.9,19.85,D
-36.66617,141.41644,354.77,0.51,0.41,2025-03-13,0446,N21,nominal,2.0NRT,312.87,26.52,D
-36.6684,141.40511,351.62,0.51,0.41,2025-03-13,0446,N21,nominal,2.0NRT,316.89,14.94,D
-36.66951,141.39943,355.62,0.51,0.41,2025-03-13,0446,N21,nominal,2.0NRT,317.71,14.94,D
-36.67062,141.39375,353.02,0.51,0.41,2025-03-13,0446,N21,nominal,2.0NRT,322.59,19.43,D
-36.67173,141.38809,350.58,0.51,0.41,2025-03-13,0446,N21,nominal,2.0NRT,320.19,19.43,D
-36.66465,141.40396,367,0.51,0.41,2025-03-13,0446,N21,high,2.0NRT,317.98,14.94,D
-36.66577,141.39827,367,0.51,0.41,2025-03-13,0446,N21,high,2.0NRT,317.74,14.94,D
-36.66688,141.39261,347.64,0.51,0.41,2025-03-13,0446,N21,nominal,2.0NRT,318.34,19.43,D
-36.6609,141.4028,367,0.51,0.41,2025-03-13,0446,N21,high,2.0NRT,319.84,15.82,D
-36.66202,141.39713,367,0.51,0.41,2025-03-13,0446,N21,high,2.0NRT,319.84,15.82,D
-36.66314,141.39145,367,0.51,0.41,2025-03-13,0446,N21,high,2.0NRT,322.09,13.96,D
-36.65979,141.40846,340.65,0.51,0.41,2025-03-13,0446,N21,nominal,2.0NRT,313.47,33.65,D
-36.65828,141.39597,367,0.51,0.41,2025-03-13,0446,N21,high,2.0NRT,320.75,15.82,D
-36.65717,141.40166,354.58,0.51,0.41,2025-03-13,0446,N21,nominal,2.0NRT,320.12,15.82,D
-36.6594,141.3903,347.16,0.51,0.41,2025-03-13,0446,N21,nominal,2.0NRT,319.53,13.96,D
-36.65605,141.4073,367,0.51,0.41,2025-03-13,0446,N21,low,2.0NRT,325.17,33.65,D
-36.65454,141.39482,355.38,0.51,0.41,2025-03-13,0446,N21,nominal,2.0NRT,320.22,20.25,D
-36.40332,142.35074,354.23,0.57,0.43,2025-03-13,0446,N21,nominal,2.0NRT,324.51,36.1,D
-35.18388,147.26183,367,0.37,0.58,2025-03-13,0446,N21,high,2.0NRT,303.68,10.03,D
-35.1829,147.26567,341.81,0.37,0.58,2025-03-13,0446,N21,nominal,2.0NRT,301.2,10.03,D
-34.4305,148.59581,339.78,0.45,0.63,2025-03-13,0446,N21,nominal,2.0NRT,298.12,7.25,D
-34.4318,148.59096,342.96,0.45,0.63,2025-03-13,0446,N21,nominal,2.0NRT,299.55,7.25,D
-34.46888,148.33673,367,0.44,0.62,2025-03-13,0446,N21,high,2.0NRT,301.9,19.87,D
-34.47015,148.33189,367,0.44,0.62,2025-03-13,0446,N21,high,2.0NRT,301.37,13.45,D
-34.46334,148.33452,367,0.44,0.62,2025-03-13,0446,N21,high,2.0NRT,301.22,11.06,D
-35.09136,145.80409,332.23,0.61,0.54,2025-03-13,0446,N21,nominal,2.0NRT,290.34,23.43,D
-35.09296,145.7975,330.36,0.61,0.54,2025-03-13,0446,N21,nominal,2.0NRT,276.52,66.9,D
-34.22545,148.13911,367,0.43,0.62,2025-03-13,0446,N21,high,2.0NRT,303.01,14.92,D
-34.2229,148.14095,352.95,0.43,0.62,2025-03-13,0446,N21,nominal,2.0NRT,300.97,9.94,D
-34.22409,148.13646,350.78,0.43,0.62,2025-03-13,0446,N21,nominal,2.0NRT,300.95,9.94,D
-34.21732,148.13908,332.77,0.43,0.62,2025-03-13,0446,N21,nominal,2.0NRT,302.35,9.38,D
-34.01262,147.81825,354.46,0.42,0.61,2025-03-13,0446,N21,nominal,2.0NRT,300.64,12.53,D
-34.00714,147.81621,367,0.42,0.61,2025-03-13,0446,N21,high,2.0NRT,301.92,12.38,D
-33.9853,147.80795,349.05,0.42,0.61,2025-03-13,0446,N21,nominal,2.0NRT,301.09,7.51,D
-33.98647,147.80354,351.18,0.42,0.61,2025-03-13,0446,N21,nominal,2.0NRT,302.31,7.51,D
-33.98764,147.79913,347.61,0.42,0.61,2025-03-13,0446,N21,nominal,2.0NRT,303.15,7.98,D
-34.00366,147.81775,331.21,0.42,0.61,2025-03-13,0446,N21,nominal,2.0NRT,298.86,4.97,D
-33.98728,147.81151,333.27,0.42,0.61,2025-03-13,0446,N21,nominal,2.0NRT,300.66,8.48,D
-33.98843,147.80708,353.11,0.42,0.61,2025-03-13,0446,N21,nominal,2.0NRT,302.04,8.48,D
-33.98957,147.80264,346,0.42,0.61,2025-03-13,0446,N21,nominal,2.0NRT,303.65,6.1,D
-33.99073,147.7982,335.67,0.42,0.61,2025-03-13,0446,N21,nominal,2.0NRT,301.79,6.1,D
-33.82302,147.60152,367,0.41,0.61,2025-03-13,0446,N21,high,2.0NRT,304.22,96.78,D
-33.82531,147.59283,349.25,0.41,0.61,2025-03-13,0446,N21,nominal,2.0NRT,306.01,80.02,D
-33.82646,147.58849,334.99,0.41,0.61,2025-03-13,0446,N21,nominal,2.0NRT,304.9,12.66,D
-33.82417,147.59718,207.38,0.41,0.61,2025-03-13,0446,N21,low,2.0NRT,314.82,80.02,D
-33.81645,147.60384,367,0.41,0.61,2025-03-13,0446,N21,high,2.0NRT,303.17,43.26,D
-33.81184,147.62125,338.9,0.41,0.61,2025-03-13,0446,N21,nominal,2.0NRT,289.3,8.81,D
-33.8176,147.59947,353.46,0.41,0.61,2025-03-13,0446,N21,nominal,2.0NRT,312.45,43.26,D
-33.82218,147.58212,340.58,0.41,0.61,2025-03-13,0446,N21,nominal,2.0NRT,302.34,160.78,D
-33.82103,147.58646,367,0.41,0.61,2025-03-13,0446,N21,low,2.0NRT,325.28,160.78,D
-33.81217,147.59744,348.28,0.41,0.61,2025-03-13,0446,N21,nominal,2.0NRT,302.7,43.26,D
-33.81332,147.59309,343.3,0.41,0.61,2025-03-13,0446,N21,nominal,2.0NRT,302.42,229.78,D
-33.81447,147.58875,337.69,0.41,0.61,2025-03-13,0446,N21,nominal,2.0NRT,300.67,229.78,D
-33.82587,147.59851,352.25,0.41,0.61,2025-03-13,0446,N21,nominal,2.0NRT,307.49,93.66,D
-33.82699,147.59416,334,0.41,0.61,2025-03-13,0446,N21,nominal,2.0NRT,303.84,93.66,D
-33.81821,147.60516,352.3,0.41,0.61,2025-03-13,0446,N21,nominal,2.0NRT,299.87,81.01,D
-33.81933,147.60081,353.9,0.41,0.61,2025-03-13,0446,N21,nominal,2.0NRT,311.05,81.01,D
-33.82157,147.59212,346.87,0.41,0.61,2025-03-13,0446,N21,nominal,2.0NRT,307.26,93.66,D
-33.82381,147.58339,350.62,0.41,0.61,2025-03-13,0446,N21,nominal,2.0NRT,300.61,149.96,D
-33.82045,147.59647,207.38,0.41,0.61,2025-03-13,0446,N21,low,2.0NRT,308.69,93.66,D
-33.82269,147.58775,367,0.41,0.61,2025-03-13,0446,N21,low,2.0NRT,326.37,149.96,D
-33.8139,147.59875,351.67,0.41,0.61,2025-03-13,0446,N21,nominal,2.0NRT,302.84,31.52,D
-33.81503,147.59441,352.33,0.41,0.61,2025-03-13,0446,N21,nominal,2.0NRT,308.92,208.78,D
-33.40997,148.17632,367,0.46,0.63,2025-03-13,0446,N21,high,2.0NRT,301.76,20.92,D
-33.4087,148.18106,352.14,0.46,0.63,2025-03-13,0446,N21,nominal,2.0NRT,299.98,14.6,D
-33.2987,148.12932,335.61,0.46,0.63,2025-03-13,0446,N21,nominal,2.0NRT,301.47,6.26,D
-32.69159,149.46609,349.83,0.56,0.69,2025-03-13,0446,N21,nominal,2.0NRT,300.43,21.83,D
-33.47305,146.52727,347.01,0.37,0.58,2025-03-13,0446,N21,nominal,2.0NRT,302.64,1.94,D
-33.396,146.61812,344.28,0.37,0.58,2025-03-13,0446,N21,nominal,2.0NRT,301.7,3.53,D
-33.38885,146.62398,335.03,0.37,0.58,2025-03-13,0446,N21,nominal,2.0NRT,289.4,1.39,D
-33.38364,146.62202,367,0.37,0.58,2025-03-13,0446,N21,high,2.0NRT,301.81,9.74,D
-33.38267,146.62593,347.68,0.37,0.58,2025-03-13,0446,N21,nominal,2.0NRT,303.7,9.74,D
-33.38462,146.61812,349.98,0.37,0.58,2025-03-13,0446,N21,nominal,2.0NRT,301.99,8.88,D
-32.93084,148.25716,337.24,0.47,0.64,2025-03-13,0446,N21,nominal,2.0NRT,304.39,5.91,D
-33.31938,146.56082,367,0.37,0.58,2025-03-13,0446,N21,high,2.0NRT,308.09,14.45,D
-33.31741,146.56856,349.18,0.37,0.58,2025-03-13,0446,N21,nominal,2.0NRT,305.57,12.08,D
-33.31839,146.56468,345.94,0.37,0.58,2025-03-13,0446,N21,nominal,2.0NRT,303.93,12.08,D
-33.32036,146.55696,351.78,0.37,0.58,2025-03-13,0446,N21,nominal,2.0NRT,306.59,14.45,D
-33.31318,146.56284,367,0.37,0.58,2025-03-13,0446,N21,high,2.0NRT,307.8,12.08,D
-33.31416,146.55898,367,0.37,0.58,2025-03-13,0446,N21,high,2.0NRT,307.74,14.45,D
-33.32229,146.5596,367,0.37,0.58,2025-03-13,0446,N21,high,2.0NRT,306.69,18.76,D
-33.31516,146.56546,367,0.37,0.58,2025-03-13,0446,N21,high,2.0NRT,308.06,25.26,D
-33.31612,146.56161,367,0.37,0.58,2025-03-13,0446,N21,high,2.0NRT,308.13,18.76,D
-33.31707,146.55774,354.45,0.37,0.58,2025-03-13,0446,N21,nominal,2.0NRT,310.58,18.76,D
-33.18993,146.44055,350.82,0.37,0.58,2025-03-13,0446,N21,nominal,2.0NRT,306.88,5.8,D
-33.1909,146.43666,348.73,0.37,0.58,2025-03-13,0446,N21,nominal,2.0NRT,305.65,5.8,D
-32.10427,149.35609,336.97,0.57,0.69,2025-03-13,0446,N21,nominal,2.0NRT,299.5,14.36,D
-32.10926,149.35408,336.13,0.57,0.69,2025-03-13,0446,N21,nominal,2.0NRT,300.32,12,D
-32.41085,147.93335,344.06,0.47,0.64,2025-03-13,0446,N21,nominal,2.0NRT,295.12,11.44,D
-32.41214,147.92851,355.5,0.47,0.64,2025-03-13,0446,N21,nominal,2.0NRT,297.96,18.05,D
-32.40644,147.92641,367,0.47,0.64,2025-03-13,0446,N21,high,2.0NRT,301.67,19.32,D
-32.41315,147.9312,367,0.47,0.64,2025-03-13,0446,N21,high,2.0NRT,296.64,6.23,D
-32.40745,147.92908,367,0.47,0.64,2025-03-13,0446,N21,high,2.0NRT,301.68,43.42,D
-32.16899,148.48849,339.44,0.51,0.66,2025-03-13,0446,N21,nominal,2.0NRT,301.76,3.85,D
-32.32876,147.70972,347.27,0.46,0.63,2025-03-13,0446,N21,nominal,2.0NRT,305.57,7.7,D
-31.64663,149.6442,338.13,0.61,0.71,2025-03-13,0446,N21,nominal,2.0NRT,296.74,4.9,D
-31.72511,148.85161,335.45,0.55,0.68,2025-03-13,0446,N21,nominal,2.0NRT,298.17,6.4,D
-31.62812,147.05809,336.09,0.44,0.62,2025-03-13,0446,N21,nominal,2.0NRT,304.6,5.79,D
-30.98778,148.50929,340.25,0.55,0.68,2025-03-13,0446,N21,nominal,2.0NRT,299.11,8.06,D
-31.39245,146.60527,367,0.42,0.61,2025-03-13,0446,N21,high,2.0NRT,304.17,14.45,D
-31.39136,146.60962,347.48,0.42,0.61,2025-03-13,0446,N21,nominal,2.0NRT,302.61,14.45,D
-33.0145,137.5977,344.61,0.41,0.37,2025-03-13,0446,N21,nominal,2.0NRT,316.41,6.97,D
-33.00655,137.58192,338.76,0.41,0.37,2025-03-13,0446,N21,low,2.0NRT,313.63,3.84,D
-30.57509,148.19865,341.59,0.54,0.68,2025-03-13,0446,N21,nominal,2.0NRT,294.01,10.32,D
-30.5774,148.19679,336.88,0.54,0.68,2025-03-13,0446,N21,nominal,2.0NRT,294.2,11.36,D
-29.40743,148.49475,345.1,0.6,0.7,2025-03-13,0446,N21,nominal,2.0NRT,297.75,17.95,D
-31.3779,135.26784,339.17,0.39,0.36,2025-03-13,0449,N21,low,2.0NRT,313.68,3.92,D
-16.00142,132.4333,354.06,0.4,0.37,2025-03-13,0453,N21,nominal,2.0NRT,302.62,19.56,D
-23.10557,145.59854,331.96,0.57,0.69,2025-03-13,0451,N21,nominal,2.0NRT,296.83,7.3,D
-23.04874,145.63948,367,0.57,0.69,2025-03-13,0451,N21,high,2.0NRT,296.78,19.21,D
-23.05272,145.64093,350.26,0.57,0.69,2025-03-13,0451,N21,nominal,2.0NRT,295.66,18.65,D
-24.26938,139.77245,344.87,0.47,0.48,2025-03-13,0451,N21,nominal,2.0NRT,307.33,43.32,D
-24.27032,139.76785,344.91,0.47,0.48,2025-03-13,0451,N21,nominal,2.0NRT,310.63,43.32,D
-24.27126,139.76328,348.47,0.47,0.48,2025-03-13,0451,N21,nominal,2.0NRT,310.12,57.76,D
-24.26599,139.76682,367,0.47,0.48,2025-03-13,0451,N21,high,2.0NRT,311.97,14.03,D
-24.26505,139.77139,348.1,0.47,0.48,2025-03-13,0451,N21,nominal,2.0NRT,309.85,14.03,D
-24.26692,139.76222,355.4,0.47,0.48,2025-03-13,0451,N21,nominal,2.0NRT,307.77,24.08,D
-24.26071,139.77036,350.15,0.47,0.48,2025-03-13,0451,N21,nominal,2.0NRT,310.33,14.03,D
-24.26165,139.76576,355.45,0.47,0.48,2025-03-13,0451,N21,nominal,2.0NRT,308.96,14.03,D
-24.27668,139.75639,346.29,0.47,0.48,2025-03-13,0451,N21,nominal,2.0NRT,305.29,13.05,D
-24.27054,139.76453,354.23,0.47,0.48,2025-03-13,0451,N21,nominal,2.0NRT,312.84,86.66,D
-24.2653,139.76807,367,0.47,0.48,2025-03-13,0451,N21,high,2.0NRT,310.5,15.18,D
-24.2662,139.76347,367,0.47,0.48,2025-03-13,0451,N21,high,2.0NRT,307.84,22.64,D
-24.26439,139.77266,349.96,0.47,0.48,2025-03-13,0451,N21,nominal,2.0NRT,309.95,15.18,D
-24.26096,139.76701,351.6,0.47,0.48,2025-03-13,0451,N21,nominal,2.0NRT,309.73,15.18,D
-24.231,139.80321,342.09,0.47,0.48,2025-03-13,0451,N21,nominal,2.0NRT,306.83,15.82,D
-24.22376,139.74838,346.19,0.47,0.48,2025-03-13,0451,N21,nominal,2.0NRT,302.68,13.99,D
-24.22467,139.74382,339.33,0.47,0.48,2025-03-13,0451,N21,nominal,2.0NRT,295.18,6.06,D
-24.19776,139.80969,341.89,0.47,0.48,2025-03-13,0451,N21,nominal,2.0NRT,308.4,15.88,D
-24.19372,139.78452,367,0.47,0.48,2025-03-13,0451,N21,high,2.0NRT,309.74,29.08,D
-24.19465,139.77991,367,0.47,0.48,2025-03-13,0451,N21,high,2.0NRT,308.97,29.08,D
-24.19279,139.78912,346.44,0.47,0.48,2025-03-13,0451,N21,nominal,2.0NRT,307.85,19.47,D
-24.16856,128.68713,367,0.5,0.41,2025-03-13,0451,N21,high,2.0NRT,318.85,17.52,D
-24.16794,128.69202,367,0.5,0.41,2025-03-13,0451,N21,low,2.0NRT,325.2,17.52,D
-24.16357,128.6964,345.63,0.5,0.41,2025-03-13,0451,N21,low,2.0NRT,319.04,37.04,D
-24.16418,128.69148,346.15,0.5,0.41,2025-03-13,0451,N21,nominal,2.0NRT,320.4,17.52,D
-24.1648,128.68657,351.02,0.5,0.41,2025-03-13,0451,N21,nominal,2.0NRT,320.1,17.52,D
-24.16543,128.68167,354.41,0.5,0.41,2025-03-13,0451,N21,nominal,2.0NRT,318.53,25.22,D
-24.16105,128.68602,353.76,0.5,0.41,2025-03-13,0451,N21,nominal,2.0NRT,321.67,42.93,D
-24.16167,128.68109,351.42,0.5,0.41,2025-03-13,0451,N21,nominal,2.0NRT,317.19,36.72,D
-24.15545,128.70018,343.81,0.5,0.41,2025-03-13,0451,N21,low,2.0NRT,314.26,23.12,D
-23.56025,129.52298,367,0.45,0.39,2025-03-13,0451,N21,high,2.0NRT,328.04,31.14,D
-23.56084,129.51857,355.45,0.45,0.39,2025-03-13,0451,N21,nominal,2.0NRT,329.02,61.19,D
-23.55608,129.52684,348.21,0.45,0.39,2025-03-13,0451,N21,nominal,2.0NRT,321.42,11.51,D
-23.55667,129.52242,355.64,0.45,0.39,2025-03-13,0451,N21,nominal,2.0NRT,321.69,11.51,D
-23.5525,129.52628,347.36,0.45,0.39,2025-03-13,0451,N21,low,2.0NRT,320.52,11.51,D
-23.22077,129.8737,349.49,0.43,0.38,2025-03-13,0451,N21,low,2.0NRT,322.15,10.68,D
-23.22912,129.75761,346.96,0.44,0.38,2025-03-13,0451,N21,low,2.0NRT,321.15,8.79,D
-23.21911,129.75166,348.8,0.44,0.38,2025-03-13,0451,N21,low,2.0NRT,322.28,11.92,D
-23.21444,129.75966,349.45,0.44,0.38,2025-03-13,0451,N21,low,2.0NRT,321.73,19.21,D
-23.21425,129.76062,346.25,0.44,0.38,2025-03-13,0451,N21,low,2.0NRT,320.55,19.36,D
-23.21719,129.73927,345.35,0.44,0.38,2025-03-13,0451,N21,low,2.0NRT,318.59,9.41,D
-23.20896,129.7467,350.9,0.44,0.38,2025-03-13,0451,N21,nominal,2.0NRT,319.53,18.47,D
-23.21362,129.6597,349.37,0.44,0.38,2025-03-13,0451,N21,nominal,2.0NRT,319.07,30.3,D
-23.20062,129.64885,344.65,0.44,0.38,2025-03-13,0451,N21,low,2.0NRT,319.15,14.56,D
-23.44529,123.71671,343.61,0.32,0.55,2025-03-13,0451,N21,nominal,2.0NRT,306.74,4.35,D
-23.4456,123.71354,338.96,0.32,0.55,2025-03-13,0451,N21,nominal,2.0NRT,305.48,4.35,D
-23.43363,123.73139,337.8,0.32,0.55,2025-03-13,0451,N21,nominal,2.0NRT,304.32,4.8,D
-23.43394,123.72823,336.57,0.32,0.55,2025-03-13,0451,N21,nominal,2.0NRT,305.17,4.76,D
-23.5262,121.55618,367,0.45,0.63,2025-03-13,0451,N21,high,2.0NRT,290.7,19.64,D
-23.52583,121.56052,348.68,0.45,0.63,2025-03-13,0451,N21,nominal,2.0NRT,291.27,19.64,D
-23.52658,121.55176,355.04,0.45,0.63,2025-03-13,0451,N21,nominal,2.0NRT,275.3,16.92,D
-23.52003,121.56007,346.95,0.45,0.63,2025-03-13,0451,N21,nominal,2.0NRT,286.65,10.62,D
-23.51387,121.56386,336.33,0.44,0.63,2025-03-13,0451,N21,nominal,2.0NRT,293.54,13.55,D
-23.51423,121.55952,334.25,0.45,0.63,2025-03-13,0451,N21,nominal,2.0NRT,292.08,10.62,D
-23.5146,121.55515,355.92,0.45,0.63,2025-03-13,0451,N21,low,2.0NRT,282.22,10.62,D
-23.50844,121.55899,354.23,0.45,0.63,2025-03-13,0451,N21,nominal,2.0NRT,289.75,7.83,D
-23.51139,121.52368,346.22,0.45,0.63,2025-03-13,0451,N21,nominal,2.0NRT,273.9,10.83,D
-23.50557,121.52328,355.69,0.45,0.63,2025-03-13,0451,N21,low,2.0NRT,275.66,10.83,D
-23.47839,121.56946,350.16,0.44,0.63,2025-03-13,0451,N21,nominal,2.0NRT,296.37,27.51,D
-23.47875,121.56512,353.02,0.44,0.63,2025-03-13,0451,N21,nominal,2.0NRT,297.91,44.55,D
-23.47792,121.56956,340.75,0.44,0.63,2025-03-13,0451,N21,nominal,2.0NRT,296.62,24.89,D
-23.47831,121.56519,354.38,0.44,0.63,2025-03-13,0451,N21,nominal,2.0NRT,298.85,52.22,D
-23.4729,121.5603,336.89,0.44,0.63,2025-03-13,0451,N21,nominal,2.0NRT,296.4,12.54,D
-20.73521,139.47546,344,0.53,0.5,2025-03-13,0451,N21,nominal,2.0NRT,308.01,13.64,D
-22.11965,131.53452,367,0.39,0.36,2025-03-13,0451,N21,high,2.0NRT,316.41,5.47,D
-22.11909,131.53827,343.83,0.39,0.36,2025-03-13,0451,N21,nominal,2.0NRT,314.81,5.47,D
-22.11466,131.5452,353.54,0.39,0.36,2025-03-13,0451,N21,nominal,2.0NRT,312.33,8.95,D
-22.11522,131.54144,347.66,0.39,0.36,2025-03-13,0451,N21,nominal,2.0NRT,315.47,8.95,D
-22.11577,131.53769,344,0.39,0.36,2025-03-13,0451,N21,nominal,2.0NRT,317.58,5.47,D
-22.11632,131.53394,344.83,0.39,0.36,2025-03-13,0451,N21,nominal,2.0NRT,316.91,5.47,D
-22.11743,131.52644,344.48,0.39,0.36,2025-03-13,0451,N21,low,2.0NRT,316.19,11.86,D
-22.1141,131.52588,346.55,0.39,0.36,2025-03-13,0451,N21,low,2.0NRT,318.34,15.55,D
-22.10413,131.54726,343.49,0.39,0.36,2025-03-13,0451,N21,low,2.0NRT,315.53,7.6,D
-22.10689,131.5285,344.6,0.39,0.36,2025-03-13,0451,N21,low,2.0NRT,316.88,6.58,D
-22.10745,131.52475,347.25,0.39,0.36,2025-03-13,0451,N21,low,2.0NRT,317.92,6.58,D
-22.1008,131.54668,349.64,0.39,0.36,2025-03-13,0451,N21,nominal,2.0NRT,316.55,7.6,D
-22.09297,131.53452,343.41,0.39,0.36,2025-03-13,0451,N21,low,2.0NRT,316.34,6.01,D
-22.09353,131.53078,343.82,0.39,0.36,2025-03-13,0451,N21,nominal,2.0NRT,313.23,6.01,D
-22.08465,131.54463,349.49,0.39,0.36,2025-03-13,0451,N21,nominal,2.0NRT,317.4,6.79,D
-22.08521,131.54088,344.79,0.39,0.36,2025-03-13,0451,N21,low,2.0NRT,317.06,13.52,D
-22.08133,131.54407,343.39,0.39,0.36,2025-03-13,0451,N21,low,2.0NRT,317.11,6.79,D
-22.07856,131.53975,352.84,0.39,0.36,2025-03-13,0451,N21,nominal,2.0NRT,317.83,14.49,D
-22.07191,131.5386,341.87,0.39,0.36,2025-03-13,0451,N21,low,2.0NRT,314.73,9.38,D
-22.06858,131.53804,348.27,0.39,0.36,2025-03-13,0451,N21,nominal,2.0NRT,314.16,9.38,D
-22.06581,131.53372,345.93,0.39,0.36,2025-03-13,0451,N21,nominal,2.0NRT,314.1,10.78,D
-20.0231,139.63284,355.58,0.56,0.51,2025-03-13,0451,N21,nominal,2.0NRT,300.41,10.09,D
-20.02416,139.62764,332.11,0.56,0.51,2025-03-13,0451,N21,nominal,2.0NRT,300.32,10.09,D
-20.01734,139.63715,348.76,0.56,0.51,2025-03-13,0451,N21,nominal,2.0NRT,300.01,12.71,D
-20.01947,139.62671,330.37,0.56,0.51,2025-03-13,0451,N21,low,2.0NRT,301.08,10.09,D
-20.02051,139.62163,340.91,0.56,0.51,2025-03-13,0451,N21,nominal,2.0NRT,300.1,6.96,D
-20.02628,139.63266,336.49,0.56,0.51,2025-03-13,0451,N21,nominal,2.0NRT,300.35,8.08,D
-20.02056,139.6369,336.96,0.56,0.51,2025-03-13,0451,N21,nominal,2.0NRT,297.2,10.28,D
-20.0216,139.63165,350.1,0.56,0.51,2025-03-13,0451,N21,nominal,2.0NRT,300.04,10.28,D
-20.02262,139.62645,344.64,0.56,0.51,2025-03-13,0451,N21,nominal,2.0NRT,300.81,7.49,D
-20.02363,139.62131,330.92,0.56,0.51,2025-03-13,0451,N21,nominal,2.0NRT,298.71,7.49,D
-20.01587,139.63594,353.32,0.56,0.51,2025-03-13,0451,N21,nominal,2.0NRT,300.36,10.28,D
-20.01691,139.63063,347.38,0.56,0.51,2025-03-13,0451,N21,nominal,2.0NRT,300.86,10.28,D
-20.01792,139.62553,332.24,0.56,0.51,2025-03-13,0451,N21,nominal,2.0NRT,296.06,7.49,D
-22.14199,123.46199,352.98,0.32,0.55,2025-03-13,0451,N21,nominal,2.0NRT,300.63,3.81,D
-22.1423,123.45885,335.07,0.32,0.55,2025-03-13,0451,N21,nominal,2.0NRT,299.7,3.81,D
-22.13631,123.4677,345.3,0.32,0.55,2025-03-13,0451,N21,nominal,2.0NRT,301.12,4.31,D
-22.13723,123.45831,341.61,0.32,0.55,2025-03-13,0451,N21,nominal,2.0NRT,302.77,11.59,D
-22.13125,123.46716,341.66,0.32,0.55,2025-03-13,0451,N21,nominal,2.0NRT,301.88,4.31,D
-22.13156,123.46401,341.31,0.32,0.55,2025-03-13,0451,N21,nominal,2.0NRT,304.48,4.31,D
-22.13248,123.45461,336.45,0.32,0.55,2025-03-13,0451,N21,nominal,2.0NRT,301.48,6.18,D
-22.12895,123.43824,367,0.32,0.55,2025-03-13,0451,N21,high,2.0NRT,302.68,17.71,D
-22.1265,123.46347,350.28,0.32,0.55,2025-03-13,0451,N21,nominal,2.0NRT,305.4,7.35,D
-22.12926,123.43508,339.4,0.32,0.55,2025-03-13,0451,N21,nominal,2.0NRT,303.19,17.89,D
-22.13206,123.46649,347.48,0.32,0.55,2025-03-13,0451,N21,nominal,2.0NRT,302.76,4.41,D
-22.13239,123.46337,336.98,0.32,0.55,2025-03-13,0451,N21,nominal,2.0NRT,304.89,4.41,D
-22.13305,123.4571,335.95,0.32,0.55,2025-03-13,0451,N21,nominal,2.0NRT,304.53,9.39,D
-22.12996,123.43764,367,0.32,0.55,2025-03-13,0451,N21,high,2.0NRT,303.5,16.83,D
-22.12733,123.46281,345.66,0.32,0.55,2025-03-13,0451,N21,nominal,2.0NRT,305.68,4.41,D
-22.1249,123.43702,338.34,0.32,0.55,2025-03-13,0451,N21,nominal,2.0NRT,301.8,7.82,D
-22.12115,123.42381,367,0.32,0.55,2025-03-13,0451,N21,high,2.0NRT,302.77,14.27,D
-22.11608,123.42324,339.06,0.32,0.55,2025-03-13,0451,N21,nominal,2.0NRT,301.23,7.91,D
-19.39833,138.66795,351.01,0.5,0.49,2025-03-13,0451,N21,nominal,2.0NRT,297.25,14.59,D
-19.39924,138.66325,351.42,0.5,0.49,2025-03-13,0451,N21,nominal,2.0NRT,298.04,14.59,D
-19.40015,138.65855,338.19,0.5,0.49,2025-03-13,0451,N21,nominal,2.0NRT,296.31,11.7,D
-21.49686,124.27972,336.25,0.56,0.52,2025-03-13,0451,N21,nominal,2.0NRT,298.9,7.95,D
-21.49042,124.28763,347.61,0.56,0.52,2025-03-13,0451,N21,nominal,2.0NRT,304.91,17.72,D
-21.48566,124.28708,344.74,0.56,0.52,2025-03-13,0451,N21,nominal,2.0NRT,304.58,17.72,D
-21.47674,124.28063,343.74,0.56,0.52,2025-03-13,0451,N21,nominal,2.0NRT,302.52,17.95,D
-19.81727,132.74745,345.04,0.39,0.36,2025-03-13,0451,N21,nominal,2.0NRT,311.18,17.97,D
-19.8202,132.72882,347.54,0.39,0.36,2025-03-13,0451,N21,nominal,2.0NRT,315.08,20.37,D
-19.82079,132.72511,354.23,0.39,0.36,2025-03-13,0451,N21,nominal,2.0NRT,315.55,21.74,D
-19.81804,132.72079,353.88,0.39,0.36,2025-03-13,0451,N21,nominal,2.0NRT,314.67,20.6,D
-19.81178,132.73882,343.01,0.39,0.36,2025-03-13,0451,N21,nominal,2.0NRT,311.3,17.03,D
-19.80844,132.7382,351.97,0.39,0.36,2025-03-13,0451,N21,nominal,2.0NRT,309.1,20.3,D
-19.73363,131.14685,346.52,0.39,0.36,2025-03-13,0451,N21,nominal,2.0NRT,306.44,6.32,D
-19.73418,131.14316,344.19,0.39,0.36,2025-03-13,0451,N21,nominal,2.0NRT,305.23,7.53,D
-19.72976,131.14996,346.86,0.39,0.36,2025-03-13,0451,N21,nominal,2.0NRT,308.86,6.32,D
-19.73141,131.13893,355.29,0.39,0.36,2025-03-13,0451,N21,nominal,2.0NRT,307.09,7.53,D
-19.71103,131.22964,339.95,0.39,0.36,2025-03-13,0451,N21,nominal,2.0NRT,305.26,1.71,D
-19.70872,131.13139,351.42,0.39,0.36,2025-03-13,0451,N21,nominal,2.0NRT,306.94,11.93,D
-19.70485,131.13452,340.23,0.39,0.36,2025-03-13,0451,N21,nominal,2.0NRT,305.57,14.23,D
-19.7054,131.13084,348.68,0.39,0.36,2025-03-13,0451,N21,nominal,2.0NRT,305.53,11.93,D
-19.69437,131.15913,367,0.39,0.36,2025-03-13,0451,N21,high,2.0NRT,342.88,127.08,D
-19.69383,131.16281,350.03,0.39,0.36,2025-03-13,0451,N21,nominal,2.0NRT,305.44,72.15,D
-19.69492,131.15547,351.75,0.39,0.36,2025-03-13,0451,N21,nominal,2.0NRT,308.86,127.08,D
-19.6916,131.15492,367,0.39,0.36,2025-03-13,0451,N21,high,2.0NRT,342.92,202.74,D
-19.69106,131.1586,354.37,0.39,0.36,2025-03-13,0451,N21,nominal,2.0NRT,305.63,202.74,D
-18.03527,137.6413,336.7,0.45,0.47,2025-03-13,0451,N21,nominal,2.0NRT,302.62,4.4,D
-18.01978,137.6293,367,0.45,0.47,2025-03-13,0451,N21,high,2.0NRT,305.34,22.37,D
-18.01897,137.63359,355.56,0.45,0.47,2025-03-13,0451,N21,nominal,2.0NRT,305.38,15.98,D
-18.02137,137.62099,335.05,0.45,0.47,2025-03-13,0451,N21,nominal,2.0NRT,300.44,5.31,D
-18.02217,137.61678,341.91,0.45,0.47,2025-03-13,0451,N21,nominal,2.0NRT,302.17,5.31,D
-18.01789,137.61598,355.01,0.45,0.47,2025-03-13,0451,N21,nominal,2.0NRT,305.28,19.22,D
-18.0187,137.61176,344,0.45,0.47,2025-03-13,0451,N21,nominal,2.0NRT,304.41,9.91,D
-18.00959,137.63618,342.76,0.45,0.47,2025-03-13,0451,N21,nominal,2.0NRT,302.86,10.68,D
-18.02152,137.6304,367,0.45,0.47,2025-03-13,0451,N21,high,2.0NRT,305.85,24.74,D
-18.02074,137.63469,350.04,0.45,0.47,2025-03-13,0451,N21,nominal,2.0NRT,304.31,14.52,D
-18.01955,137.61699,354.17,0.45,0.47,2025-03-13,0451,N21,nominal,2.0NRT,305.38,18.58,D
-18.02032,137.61276,343.68,0.45,0.47,2025-03-13,0451,N21,nominal,2.0NRT,303.09,4.57,D
-18.01138,137.6373,333.82,0.45,0.47,2025-03-13,0451,N21,nominal,2.0NRT,302.44,6.48,D
-18.00711,137.63641,343.5,0.45,0.47,2025-03-13,0451,N21,nominal,2.0NRT,301.84,6.48,D
-18.01177,137.6111,344.76,0.45,0.47,2025-03-13,0451,N21,nominal,2.0NRT,306.09,8.35,D
-18.0044,137.62703,344.96,0.45,0.47,2025-03-13,0451,N21,nominal,2.0NRT,304.72,8.82,D
-18.00673,137.61443,342.86,0.45,0.47,2025-03-13,0451,N21,nominal,2.0NRT,303.52,8.11,D
-18.0075,137.6102,346.38,0.45,0.47,2025-03-13,0451,N21,nominal,2.0NRT,305.25,6.03,D
-18.00828,137.60596,337.94,0.45,0.47,2025-03-13,0451,N21,nominal,2.0NRT,304.47,6.03,D
-17.89124,134.51482,339.16,0.46,0.39,2025-03-13,0453,N21,nominal,2.0NRT,291.22,3.54,D
-17.86694,134.48366,341.17,0.46,0.39,2025-03-13,0453,N21,nominal,2.0NRT,303.49,11.14,D
-17.86767,134.47935,351.63,0.46,0.39,2025-03-13,0453,N21,nominal,2.0NRT,301.82,6.96,D
-17.86839,134.47507,345.5,0.46,0.39,2025-03-13,0453,N21,nominal,2.0NRT,298.7,6.96,D
-17.86555,134.47011,367,0.46,0.39,2025-03-13,0453,N21,high,2.0NRT,302.72,31.29,D
-17.85823,134.51312,351.21,0.46,0.39,2025-03-13,0453,N21,nominal,2.0NRT,307.08,16.87,D
-17.86481,134.47441,349.81,0.46,0.39,2025-03-13,0453,N21,nominal,2.0NRT,297.29,6.96,D
-17.86627,134.46582,351.82,0.46,0.39,2025-03-13,0453,N21,nominal,2.0NRT,307.38,31.29,D
-17.86269,134.46515,367,0.46,0.39,2025-03-13,0453,N21,high,2.0NRT,296.57,10.28,D
-17.85464,134.51245,338.6,0.46,0.39,2025-03-13,0453,N21,nominal,2.0NRT,304.36,21.4,D
-17.85538,134.50815,348.72,0.46,0.39,2025-03-13,0453,N21,nominal,2.0NRT,308.37,21.4,D
-17.85904,134.48662,340.72,0.46,0.39,2025-03-13,0453,N21,nominal,2.0NRT,305.38,6.53,D
-17.85977,134.48232,339.79,0.46,0.39,2025-03-13,0453,N21,nominal,2.0NRT,303.2,6.53,D
-17.86123,134.47374,339.31,0.46,0.39,2025-03-13,0453,N21,nominal,2.0NRT,287.26,8.7,D
-17.86197,134.46945,352.94,0.46,0.39,2025-03-13,0453,N21,nominal,2.0NRT,294.78,10.28,D
-17.86415,134.45659,349.68,0.46,0.39,2025-03-13,0453,N21,nominal,2.0NRT,289.01,9.59,D
-17.85253,134.50317,343.84,0.46,0.39,2025-03-13,0453,N21,nominal,2.0NRT,303.62,9.9,D
-17.85839,134.46878,346.98,0.46,0.39,2025-03-13,0453,N21,nominal,2.0NRT,286.91,10.28,D
-17.85912,134.46449,352.56,0.46,0.39,2025-03-13,0453,N21,nominal,2.0NRT,293.61,10.28,D
-17.85481,134.46811,367,0.46,0.39,2025-03-13,0453,N21,high,2.0NRT,299.93,30.07,D
-17.84894,134.5025,343.2,0.46,0.39,2025-03-13,0453,N21,nominal,2.0NRT,302.61,4.19,D
-17.85773,134.45094,344.72,0.46,0.39,2025-03-13,0453,N21,nominal,2.0NRT,288.28,10.3,D
-17.85049,134.47174,339.35,0.46,0.39,2025-03-13,0453,N21,nominal,2.0NRT,285.42,11.5,D
-17.85123,134.46744,352.28,0.46,0.39,2025-03-13,0453,N21,nominal,2.0NRT,288.88,30.07,D
-17.85196,134.46315,352.69,0.46,0.39,2025-03-13,0453,N21,nominal,2.0NRT,308.11,30.07,D
-17.85269,134.45886,345.69,0.46,0.39,2025-03-13,0453,N21,nominal,2.0NRT,310.42,215.93,D
-17.85415,134.45029,349.74,0.46,0.39,2025-03-13,0453,N21,nominal,2.0NRT,291.28,10.3,D
-17.85342,134.45457,367,0.46,0.39,2025-03-13,0453,N21,low,2.0NRT,325.4,215.93,D
-17.84984,134.45392,367,0.46,0.39,2025-03-13,0453,N21,high,2.0NRT,293.72,21.15,D
-17.84765,134.46678,346.6,0.46,0.39,2025-03-13,0453,N21,nominal,2.0NRT,289.84,13.69,D
-17.84911,134.45819,352.31,0.46,0.39,2025-03-13,0453,N21,nominal,2.0NRT,297.66,21.15,D
-17.85057,134.44963,344.23,0.46,0.39,2025-03-13,0453,N21,nominal,2.0NRT,291.38,11.43,D
-17.67764,134.66919,335.85,0.47,0.4,2025-03-13,0453,N21,nominal,2.0NRT,293.93,7.08,D
-17.67478,134.66411,344.15,0.47,0.4,2025-03-13,0453,N21,nominal,2.0NRT,297.05,8.43,D
-17.67554,134.65971,345.97,0.47,0.4,2025-03-13,0453,N21,nominal,2.0NRT,296.68,6.04,D
-17.67116,134.66345,340.66,0.47,0.4,2025-03-13,0453,N21,nominal,2.0NRT,295.68,8.43,D
-17.67192,134.65906,339.46,0.47,0.4,2025-03-13,0453,N21,nominal,2.0NRT,294.53,6.04,D
-17.67462,134.66129,367,0.47,0.4,2025-03-13,0453,N21,high,2.0NRT,297.95,14.2,D
-17.67389,134.66571,337.42,0.47,0.4,2025-03-13,0453,N21,nominal,2.0NRT,296.35,12.97,D
-17.67026,134.66502,335.25,0.47,0.4,2025-03-13,0453,N21,nominal,2.0NRT,294.25,9.4,D
-17.66738,134.65994,354.3,0.47,0.4,2025-03-13,0453,N21,nominal,2.0NRT,296.51,9.88,D
-17.66812,134.65553,349,0.47,0.4,2025-03-13,0453,N21,nominal,2.0NRT,294.76,9.88,D
-17.64992,134.67484,339.32,0.47,0.4,2025-03-13,0453,N21,nominal,2.0NRT,295.1,9.53,D
-17.64267,134.67349,336.61,0.47,0.4,2025-03-13,0453,N21,nominal,2.0NRT,292.49,6.74,D
-17.64342,134.66908,338.22,0.47,0.4,2025-03-13,0453,N21,nominal,2.0NRT,297.97,6.74,D
-17.57648,134.68839,348.79,0.47,0.4,2025-03-13,0453,N21,nominal,2.0NRT,303.18,8.85,D
-17.57132,134.69652,349.37,0.47,0.4,2025-03-13,0453,N21,nominal,2.0NRT,302.62,10.15,D
-17.57209,134.69212,337.98,0.47,0.4,2025-03-13,0453,N21,nominal,2.0NRT,303.92,10.15,D
-17.57285,134.6877,338.43,0.47,0.4,2025-03-13,0453,N21,nominal,2.0NRT,304.47,8.85,D
-17.56922,134.68703,342,0.47,0.4,2025-03-13,0453,N21,nominal,2.0NRT,303.1,11.35,D
-18.41133,127.53043,333.55,0.49,0.4,2025-03-13,0453,N21,nominal,2.0NRT,296.61,4.88,D
-18.41195,127.5258,336.09,0.49,0.41,2025-03-13,0453,N21,nominal,2.0NRT,299.36,4.88,D
-18.40698,127.53455,335.54,0.49,0.4,2025-03-13,0453,N21,nominal,2.0NRT,297.11,4.69,D
-18.40761,127.52989,339.88,0.49,0.4,2025-03-13,0453,N21,nominal,2.0NRT,300.6,4.88,D
-18.40823,127.52526,346.22,0.49,0.41,2025-03-13,0453,N21,nominal,2.0NRT,301.2,4.88,D
-18.40326,127.534,334.76,0.49,0.4,2025-03-13,0453,N21,nominal,2.0NRT,297.3,2.62,D
-18.40266,127.51018,346.35,0.49,0.41,2025-03-13,0453,N21,nominal,2.0NRT,295.78,11.53,D
-18.39147,127.53703,331.2,0.49,0.4,2025-03-13,0453,N21,nominal,2.0NRT,292.42,2.48,D
-18.39209,127.53238,336.94,0.49,0.4,2025-03-13,0453,N21,nominal,2.0NRT,295.8,2.48,D
-18.39396,127.5184,339.76,0.49,0.41,2025-03-13,0453,N21,nominal,2.0NRT,295.59,10.65,D
-18.39459,127.51373,352.67,0.49,0.41,2025-03-13,0453,N21,nominal,2.0NRT,298.42,10.65,D
-18.38837,127.53183,334.9,0.49,0.4,2025-03-13,0453,N21,nominal,2.0NRT,293.07,2.16,D
-18.38589,127.52196,340.73,0.49,0.41,2025-03-13,0453,N21,nominal,2.0NRT,294.83,2.71,D
-18.38217,127.52142,338.72,0.49,0.41,2025-03-13,0453,N21,nominal,2.0NRT,294.75,6.05,D
-18.38279,127.51676,330.06,0.49,0.41,2025-03-13,0453,N21,nominal,2.0NRT,295.23,10.01,D
-18.38341,127.51209,342.88,0.49,0.41,2025-03-13,0453,N21,nominal,2.0NRT,296.88,10.01,D
-18.38403,127.50743,331.71,0.49,0.41,2025-03-13,0453,N21,nominal,2.0NRT,295.44,12.58,D
-18.37844,127.52087,345.46,0.49,0.41,2025-03-13,0453,N21,nominal,2.0NRT,294.55,6.05,D
-18.37907,127.51622,349.68,0.49,0.41,2025-03-13,0453,N21,nominal,2.0NRT,297.87,10.01,D
-18.38031,127.50689,351.29,0.49,0.41,2025-03-13,0453,N21,nominal,2.0NRT,300.93,12.58,D
-18.38093,127.50223,345.59,0.49,0.41,2025-03-13,0453,N21,nominal,2.0NRT,298.97,12.58,D
-18.37596,127.51101,331.45,0.49,0.41,2025-03-13,0453,N21,nominal,2.0NRT,296.48,4.8,D
-18.37658,127.50636,339.82,0.49,0.41,2025-03-13,0453,N21,nominal,2.0NRT,298.56,15.3,D
-18.3772,127.50168,354.04,0.49,0.41,2025-03-13,0453,N21,nominal,2.0NRT,297.6,15.3,D
-18.37285,127.50581,352.36,0.49,0.41,2025-03-13,0453,N21,nominal,2.0NRT,297.08,15.3,D
-18.37347,127.50114,346.39,0.49,0.41,2025-03-13,0453,N21,nominal,2.0NRT,296.01,15.3,D
-18.58664,125.76886,332.36,0.42,0.45,2025-03-13,0453,N21,nominal,2.0NRT,296.88,2.08,D
-18.55391,125.76057,352.05,0.42,0.45,2025-03-13,0453,N21,nominal,2.0NRT,296.96,6.67,D
-18.54976,125.76001,337.36,0.42,0.45,2025-03-13,0453,N21,nominal,2.0NRT,296.92,2.35,D
-18.55071,125.75211,338.03,0.42,0.45,2025-03-13,0453,N21,nominal,2.0NRT,298.07,2.29,D
-18.55187,125.76046,347.24,0.42,0.45,2025-03-13,0453,N21,nominal,2.0NRT,297.86,8.45,D
-18.55288,125.75259,336.81,0.42,0.45,2025-03-13,0453,N21,nominal,2.0NRT,298.61,5.43,D
-18.53992,125.75494,334.27,0.42,0.45,2025-03-13,0453,N21,nominal,2.0NRT,297.77,1.65,D
-18.51451,125.75568,342.98,0.42,0.45,2025-03-13,0453,N21,nominal,2.0NRT,300.22,7.95,D
-18.51037,125.7551,341.87,0.42,0.45,2025-03-13,0453,N21,nominal,2.0NRT,299.82,3.34,D
-18.46425,125.75303,333.92,0.41,0.45,2025-03-13,0453,N21,nominal,2.0NRT,297.72,2.4,D
-18.43936,125.74976,333.85,0.41,0.45,2025-03-13,0453,N21,nominal,2.0NRT,298.59,4.58,D
-18.43709,125.74915,342.23,0.41,0.45,2025-03-13,0453,N21,nominal,2.0NRT,297.88,4.44,D
-18.42465,125.74757,332.67,0.41,0.45,2025-03-13,0453,N21,nominal,2.0NRT,296.26,1.75,D
-18.40439,125.74102,330.05,0.41,0.45,2025-03-13,0453,N21,nominal,2.0NRT,295.64,2.36,D
-18.40025,125.74048,336.08,0.41,0.45,2025-03-13,0453,N21,nominal,2.0NRT,296.17,2.36,D
-18.3961,125.73993,335.2,0.41,0.45,2025-03-13,0453,N21,nominal,2.0NRT,297.23,3.48,D
-18.38829,125.7349,342.84,0.41,0.45,2025-03-13,0453,N21,nominal,2.0NRT,296.37,5.93,D
-16.68954,136.15959,332.85,0.39,0.44,2025-03-13,0453,N21,nominal,2.0NRT,292.11,6.33,D
-17.99244,125.28097,334.14,0.44,0.46,2025-03-13,0453,N21,nominal,2.0NRT,300.44,10.83,D
-17.96075,125.47102,340.13,0.43,0.46,2025-03-13,0453,N21,nominal,2.0NRT,287.13,5.56,D
-17.96124,125.46701,341.27,0.43,0.46,2025-03-13,0453,N21,nominal,2.0NRT,293.33,5.56,D
-17.95236,125.4699,338.45,0.43,0.46,2025-03-13,0453,N21,nominal,2.0NRT,301.45,27.07,D
-17.95285,125.4659,352.1,0.43,0.46,2025-03-13,0453,N21,nominal,2.0NRT,301.22,27.07,D
-17.95333,125.4619,333.37,0.43,0.46,2025-03-13,0453,N21,nominal,2.0NRT,299.81,8.46,D
-17.94865,125.46537,367,0.43,0.46,2025-03-13,0453,N21,high,2.0NRT,302.73,12.15,D
-17.94817,125.46938,344.79,0.43,0.46,2025-03-13,0453,N21,nominal,2.0NRT,300.72,12.15,D
-17.95059,125.44936,344.54,0.43,0.46,2025-03-13,0453,N21,nominal,2.0NRT,300.28,14.65,D
-17.95107,125.44536,334.86,0.43,0.46,2025-03-13,0453,N21,nominal,2.0NRT,297.86,21.16,D
-17.94445,125.46485,342.54,0.43,0.46,2025-03-13,0453,N21,nominal,2.0NRT,300.14,12.15,D
-17.94493,125.46085,355.28,0.43,0.46,2025-03-13,0453,N21,nominal,2.0NRT,300.18,21.74,D
-17.94638,125.44884,332.23,0.43,0.46,2025-03-13,0453,N21,nominal,2.0NRT,298.55,14.65,D
-17.94122,125.45633,352.86,0.43,0.46,2025-03-13,0453,N21,nominal,2.0NRT,299.86,29.3,D
-17.9417,125.45231,347.6,0.43,0.46,2025-03-13,0453,N21,nominal,2.0NRT,301.62,17.61,D
-17.94218,125.44831,338.61,0.43,0.46,2025-03-13,0453,N21,nominal,2.0NRT,298.52,17.61,D
-17.98182,125.0794,367,0.45,0.47,2025-03-13,0453,N21,high,2.0NRT,295.83,11.42,D
-17.9375,125.45177,332.95,0.43,0.46,2025-03-13,0453,N21,nominal,2.0NRT,293.06,17.61,D
-17.93798,125.44775,330.17,0.43,0.46,2025-03-13,0453,N21,nominal,2.0NRT,290.46,17.61,D
-17.98233,125.07513,345.85,0.45,0.47,2025-03-13,0453,N21,nominal,2.0NRT,296.13,11.42,D
-17.98283,125.07087,340.56,0.45,0.47,2025-03-13,0453,N21,nominal,2.0NRT,295.83,8.85,D
-17.944,125.46107,349.33,0.43,0.46,2025-03-13,0453,N21,nominal,2.0NRT,298.78,17.46,D
-17.94451,125.45708,335.62,0.43,0.46,2025-03-13,0453,N21,nominal,2.0NRT,298.23,17.46,D
-17.94031,125.45654,348.57,0.43,0.46,2025-03-13,0453,N21,nominal,2.0NRT,298.8,17.46,D
-17.94082,125.45256,347.46,0.43,0.46,2025-03-13,0453,N21,nominal,2.0NRT,300.86,39.07,D
-17.94133,125.44855,339.95,0.43,0.46,2025-03-13,0453,N21,nominal,2.0NRT,299.05,39.07,D
-17.53117,128.47232,338.82,0.44,0.38,2025-03-13,0453,N21,nominal,2.0NRT,301.59,8.01,D
-17.53175,128.4682,355.54,0.44,0.38,2025-03-13,0453,N21,nominal,2.0NRT,303.76,21.47,D
-17.98414,125.07616,342.49,0.45,0.47,2025-03-13,0453,N21,nominal,2.0NRT,294.29,8.38,D
-17.98468,125.07188,338.04,0.45,0.47,2025-03-13,0453,N21,nominal,2.0NRT,294.16,4.33,D
-17.9793,125.0799,353.45,0.45,0.47,2025-03-13,0453,N21,nominal,2.0NRT,295.97,8.38,D
-17.97983,125.07564,333.43,0.45,0.47,2025-03-13,0453,N21,nominal,2.0NRT,296.22,8.38,D
-17.98037,125.07138,330.5,0.45,0.47,2025-03-13,0453,N21,nominal,2.0NRT,296.91,4.33,D
-17.9809,125.0671,330.98,0.45,0.47,2025-03-13,0453,N21,nominal,2.0NRT,295.45,4.33,D
-17.97499,125.07941,330.45,0.45,0.47,2025-03-13,0453,N21,nominal,2.0NRT,292.84,3.11,D
-17.97659,125.0666,338.74,0.45,0.47,2025-03-13,0453,N21,nominal,2.0NRT,296.87,5.42,D
-16.84958,132.06557,339.44,0.39,0.36,2025-03-13,0453,N21,nominal,2.0NRT,300.34,9.35,D
-16.84624,132.06499,331.35,0.39,0.36,2025-03-13,0453,N21,nominal,2.0NRT,300.92,6.8,D
-16.30772,132.51666,331.9,0.4,0.37,2025-03-13,0453,N21,nominal,2.0NRT,297.74,2.9,D
-16.30434,132.5161,338.51,0.4,0.37,2025-03-13,0453,N21,nominal,2.0NRT,296.92,3.23,D
-16.30096,132.5155,339.79,0.4,0.37,2025-03-13,0453,N21,nominal,2.0NRT,297.71,3.23,D
-16.30157,132.51175,338.58,0.4,0.37,2025-03-13,0453,N21,nominal,2.0NRT,298.62,3.23,D
-16.29819,132.51115,330.95,0.4,0.37,2025-03-13,0453,N21,nominal,2.0NRT,297.6,1.71,D
-16.03181,132.43851,330.52,0.4,0.37,2025-03-13,0453,N21,nominal,2.0NRT,293.53,53.61,D
-16.03241,132.43477,331.83,0.4,0.37,2025-03-13,0453,N21,nominal,2.0NRT,288.1,53.61,D
-16.02784,132.44167,341.81,0.4,0.37,2025-03-13,0453,N21,nominal,2.0NRT,298.23,6.01,D
-16.02844,132.43791,337.9,0.4,0.37,2025-03-13,0453,N21,nominal,2.0NRT,304.74,53.61,D
-16.02566,132.43359,367,0.4,0.37,2025-03-13,0453,N21,high,2.0NRT,305.61,70.33,D
-16.02446,132.44109,351.43,0.4,0.37,2025-03-13,0453,N21,nominal,2.0NRT,307.36,22.78,D
-16.02626,132.42986,343.46,0.4,0.37,2025-03-13,0453,N21,nominal,2.0NRT,299.31,5.47,D
-16.02686,132.42612,330.27,0.4,0.37,2025-03-13,0453,N21,nominal,2.0NRT,294.06,5.47,D
-16.02506,132.43735,316.31,0.4,0.37,2025-03-13,0453,N21,low,2.0NRT,320.97,70.33,D
-16.02048,132.44426,347.56,0.4,0.37,2025-03-13,0453,N21,nominal,2.0NRT,301.36,22.78,D
-16.02108,132.44049,336.13,0.4,0.37,2025-03-13,0453,N21,nominal,2.0NRT,299.94,22.78,D
-16.01711,132.44366,342.18,0.4,0.37,2025-03-13,0453,N21,nominal,2.0NRT,299.77,3.31,D
-16.01373,132.44308,336.79,0.4,0.37,2025-03-13,0453,N21,nominal,2.0NRT,301.26,3.31,D
-16.01673,132.42436,334.35,0.4,0.37,2025-03-13,0453,N21,nominal,2.0NRT,302.75,8.45,D
-16.01733,132.42062,353.92,0.4,0.37,2025-03-13,0453,N21,nominal,2.0NRT,302.78,25.19,D
-16.01793,132.41687,351.6,0.4,0.37,2025-03-13,0453,N21,nominal,2.0NRT,307.58,25.19,D
-16.01853,132.41315,330.41,0.4,0.37,2025-03-13,0453,N21,nominal,2.0NRT,292.26,9.01,D
-16.01275,132.42754,340.79,0.4,0.37,2025-03-13,0453,N21,nominal,2.0NRT,303.57,7.37,D
-16.01396,132.42004,330.96,0.4,0.37,2025-03-13,0453,N21,nominal,2.0NRT,300.06,20.25,D
-16.01455,132.41631,347,0.4,0.37,2025-03-13,0453,N21,nominal,2.0NRT,304.49,20.25,D
-16.00878,132.43069,330.42,0.4,0.37,2025-03-13,0453,N21,low,2.0NRT,301.66,2.04,D
-16.01058,132.41946,344.51,0.4,0.37,2025-03-13,0453,N21,nominal,2.0NRT,300.24,20.25,D
-16.01118,132.41573,349.5,0.4,0.37,2025-03-13,0453,N21,nominal,2.0NRT,304.53,20.25,D
-16.0066,132.42264,367,0.4,0.37,2025-03-13,0453,N21,high,2.0NRT,302.6,8.15,D
-16.00419,132.43761,336.53,0.4,0.37,2025-03-13,0453,N21,nominal,2.0NRT,304.06,4.97,D
-16.0048,132.43385,354.82,0.4,0.37,2025-03-13,0453,N21,nominal,2.0NRT,304.76,19.56,D
-16.0054,132.43011,352.88,0.4,0.37,2025-03-13,0453,N21,nominal,2.0NRT,311.48,19.56,D
-16.006,132.42639,350.8,0.4,0.37,2025-03-13,0453,N21,nominal,2.0NRT,302.95,8.15,D
-16.0072,132.4189,349.42,0.4,0.37,2025-03-13,0453,N21,nominal,2.0NRT,301.39,13.09,D
-15.93952,132.64349,367,0.41,0.37,2025-03-13,0453,N21,high,2.0NRT,305.34,9.42,D
-15.94014,132.63971,367,0.41,0.37,2025-03-13,0453,N21,high,2.0NRT,307.18,18.47,D
-15.94075,132.63591,367,0.41,0.37,2025-03-13,0453,N21,high,2.0NRT,308.55,18.47,D
-15.9389,132.64729,347.74,0.41,0.37,2025-03-13,0453,N21,nominal,2.0NRT,303.27,9.42,D
-15.94137,132.63211,333.87,0.41,0.37,2025-03-13,0453,N21,nominal,2.0NRT,302.51,8.09,D
-15.9389,132.64339,367,0.41,0.37,2025-03-13,0453,N21,high,2.0NRT,306.42,9.1,D
-15.93951,132.63959,367,0.41,0.37,2025-03-13,0453,N21,high,2.0NRT,307.45,15.32,D
-15.94011,132.63579,367,0.41,0.37,2025-03-13,0453,N21,high,2.0NRT,308.21,15.32,D
-15.93829,132.64717,351.1,0.41,0.37,2025-03-13,0453,N21,nominal,2.0NRT,304.52,9.1,D
-15.94072,132.63199,333.49,0.41,0.37,2025-03-13,0453,N21,nominal,2.0NRT,302.51,7.24,D
-15.93429,132.65038,352.43,0.41,0.37,2025-03-13,0453,N21,nominal,2.0NRT,304.78,11.16,D
-15.93489,132.64658,338.09,0.41,0.37,2025-03-13,0453,N21,nominal,2.0NRT,304.37,9.1,D
-15.93611,132.63898,347.54,0.41,0.37,2025-03-13,0453,N21,nominal,2.0NRT,304.66,15.32,D
-15.93089,132.64978,339.21,0.41,0.37,2025-03-13,0453,N21,nominal,2.0NRT,303.66,8.56,D
-15.92688,132.653,346.74,0.41,0.37,2025-03-13,0453,N21,nominal,2.0NRT,302.86,8.56,D
-15.92287,132.65622,334.86,0.41,0.37,2025-03-13,0453,N21,nominal,2.0NRT,302.45,4.01,D
-15.92348,132.6524,336.27,0.41,0.37,2025-03-13,0453,N21,nominal,2.0NRT,302.32,6.49,D
-15.49757,132.9834,350.92,0.42,0.38,2025-03-13,0453,N21,nominal,2.0NRT,282.69,5.03,D
-15.49821,132.97949,331.34,0.42,0.38,2025-03-13,0453,N21,nominal,2.0NRT,282.56,5.03,D
-15.49693,132.98732,355.93,0.42,0.38,2025-03-13,0453,N21,low,2.0NRT,280.11,12.24,D
-16.11991,128.10751,344.04,0.44,0.38,2025-03-13,0453,N21,nominal,2.0NRT,298.6,9.28,D
-16.11527,128.11496,334.48,0.44,0.38,2025-03-13,0453,N21,nominal,2.0NRT,297.51,2.4,D
-16.11385,128.07335,343.2,0.44,0.38,2025-03-13,0453,N21,nominal,2.0NRT,301.4,7.45,D
-16.11032,128.0728,343.09,0.44,0.38,2025-03-13,0453,N21,nominal,2.0NRT,301.92,7.45,D
-16.10268,128.0759,345.37,0.44,0.38,2025-03-13,0453,N21,nominal,2.0NRT,301.75,7.22,D
-16.0772,128.07693,338.86,0.44,0.38,2025-03-13,0453,N21,nominal,2.0NRT,301.85,5.82,D
-16.07308,128.08051,332.63,0.44,0.38,2025-03-13,0453,N21,nominal,2.0NRT,301.96,2.82,D
-16.07367,128.07639,338.74,0.44,0.38,2025-03-13,0453,N21,nominal,2.0NRT,302.33,5.82,D
-16.06956,128.07996,332.16,0.44,0.38,2025-03-13,0453,N21,low,2.0NRT,302.6,4.77,D
-15.23544,133.49475,337.79,0.44,0.39,2025-03-13,0453,N21,nominal,2.0NRT,299.88,5.7,D
-16.06367,128.07066,332.28,0.44,0.38,2025-03-13,0453,N21,nominal,2.0NRT,301.14,6.49,D
-15.23259,133.49002,333.19,0.44,0.39,2025-03-13,0453,N21,nominal,2.0NRT,299.47,3.48,D
-15.23326,133.4859,330.06,0.44,0.39,2025-03-13,0453,N21,nominal,2.0NRT,299.98,3.48,D
-15.23461,133.47768,336.88,0.44,0.39,2025-03-13,0453,N21,nominal,2.0NRT,299.81,7.03,D
-16.06014,128.0701,342.59,0.44,0.38,2025-03-13,0453,N21,nominal,2.0NRT,301.09,6.49,D
-15.22973,133.48528,330.01,0.44,0.39,2025-03-13,0453,N21,nominal,2.0NRT,298.52,1.83,D
-15.22756,133.47641,340.71,0.44,0.39,2025-03-13,0453,N21,nominal,2.0NRT,296.13,6.17,D
-16.04848,128.10168,335.57,0.44,0.38,2025-03-13,0453,N21,nominal,2.0NRT,300.9,4.02,D
-16.0723,127.9325,332.2,0.45,0.39,2025-03-13,0453,N21,nominal,2.0NRT,298.75,4.42,D
-15.22538,133.46756,337.25,0.44,0.39,2025-03-13,0453,N21,nominal,2.0NRT,297.36,2.38,D
-15.22606,133.46347,345.98,0.44,0.39,2025-03-13,0453,N21,nominal,2.0NRT,298.52,4.83,D
-16.06933,127.92782,344.06,0.45,0.39,2025-03-13,0453,N21,nominal,2.0NRT,299.12,21.5,D
-16.06578,127.92725,353.36,0.45,0.39,2025-03-13,0453,N21,nominal,2.0NRT,300.1,21.5,D
-16.06637,127.92307,336.8,0.45,0.39,2025-03-13,0453,N21,nominal,2.0NRT,299.55,8.89,D
-16.03097,128.12383,333.39,0.44,0.38,2025-03-13,0453,N21,nominal,2.0NRT,299.27,3.36,D
-16.02687,128.12737,332.73,0.44,0.38,2025-03-13,0453,N21,nominal,2.0NRT,300.66,5.74,D
-16.01935,128.15535,367,0.44,0.38,2025-03-13,0453,N21,high,2.0NRT,301.06,13.88,D
-16.00777,128.18669,344.22,0.44,0.38,2025-03-13,0453,N21,nominal,2.0NRT,299.72,5.63,D
-16.00832,128.18274,336.47,0.44,0.38,2025-03-13,0453,N21,nominal,2.0NRT,299.91,5.27,D
-16.00481,128.18224,342.89,0.44,0.38,2025-03-13,0453,N21,nominal,2.0NRT,301.46,4.29,D
-16.00536,128.17827,333.5,0.44,0.38,2025-03-13,0453,N21,nominal,2.0NRT,301.08,4.29,D
-16.00242,128.17368,336.45,0.44,0.38,2025-03-13,0453,N21,nominal,2.0NRT,299.91,6.71,D
-15.99892,128.17305,331.5,0.44,0.38,2025-03-13,0453,N21,nominal,2.0NRT,299.99,5.14,D
-15.99541,128.17245,332.08,0.44,0.38,2025-03-13,0453,N21,nominal,2.0NRT,300.28,5.14,D
-15.99598,128.16841,349.61,0.44,0.38,2025-03-13,0453,N21,nominal,2.0NRT,299.56,5.14,D
-16.0011,128.13168,330.42,0.44,0.38,2025-03-13,0453,N21,nominal,2.0NRT,300.24,2.54,D
-15.99191,128.17183,349.01,0.44,0.38,2025-03-13,0453,N21,nominal,2.0NRT,301.68,10.28,D
-15.99759,128.13113,345.93,0.44,0.38,2025-03-13,0453,N21,nominal,2.0NRT,301,8.55,D
-15.98784,128.17529,339.47,0.44,0.38,2025-03-13,0453,N21,nominal,2.0NRT,301.58,4.95,D
-15.99407,128.13058,330.64,0.44,0.38,2025-03-13,0453,N21,nominal,2.0NRT,299.57,8.55,D
-16.02551,127.90369,336.2,0.45,0.39,2025-03-13,0453,N21,nominal,2.0NRT,299.72,7.64,D
-15.98378,128.17874,335.76,0.44,0.38,2025-03-13,0453,N21,nominal,2.0NRT,301.7,6.44,D
-15.99055,128.13007,330.17,0.44,0.38,2025-03-13,0453,N21,low,2.0NRT,300.42,4.34,D
-15.99112,128.12595,331.89,0.44,0.38,2025-03-13,0453,N21,nominal,2.0NRT,299.6,4.34,D
-16.02196,127.90309,346.03,0.45,0.39,2025-03-13,0453,N21,nominal,2.0NRT,299.72,11.42,D
-15.97916,128.18619,333.26,0.44,0.38,2025-03-13,0453,N21,nominal,2.0NRT,302.79,3.85,D
-15.97971,128.18217,333.72,0.44,0.38,2025-03-13,0453,N21,nominal,2.0NRT,303.1,3.85,D
-15.98703,128.12952,330.47,0.44,0.38,2025-03-13,0453,N21,low,2.0NRT,301.52,4.34,D
-15.9876,128.1254,346.06,0.44,0.38,2025-03-13,0453,N21,nominal,2.0NRT,302.15,4.34,D
-15.98408,128.12485,330.84,0.44,0.38,2025-03-13,0453,N21,low,2.0NRT,302.85,4.84,D
-15.98056,128.12431,342.29,0.44,0.38,2025-03-13,0453,N21,nominal,2.0NRT,303.52,4.84,D
-15.98113,128.12025,340.57,0.44,0.38,2025-03-13,0453,N21,nominal,2.0NRT,303.31,7.82,D
-15.98279,128.1082,339.83,0.44,0.38,2025-03-13,0453,N21,nominal,2.0NRT,301.68,6.54,D
-16.01357,127.88487,330.21,0.45,0.39,2025-03-13,0453,N21,low,2.0NRT,300.43,8.34,D
-15.9776,128.11972,331.95,0.44,0.38,2025-03-13,0453,N21,low,2.0NRT,303.97,4.11,D
-15.97816,128.11569,336.13,0.44,0.38,2025-03-13,0453,N21,nominal,2.0NRT,303.37,4.11,D
-15.97872,128.11168,332.47,0.44,0.38,2025-03-13,0453,N21,low,2.0NRT,303.22,7.5,D
-15.97278,128.10257,331.37,0.44,0.38,2025-03-13,0453,N21,low,2.0NRT,301.75,3.19,D
-16.00286,127.88348,339.71,0.45,0.39,2025-03-13,0453,N21,nominal,2.0NRT,300.23,4.17,D
-15.96644,128.12244,338.42,0.44,0.38,2025-03-13,0453,N21,nominal,2.0NRT,305.13,5.55,D
-15.96926,128.10204,336.35,0.44,0.38,2025-03-13,0453,N21,nominal,2.0NRT,302.23,3.19,D
-15.96982,128.09796,333.8,0.44,0.38,2025-03-13,0453,N21,nominal,2.0NRT,301.81,3.19,D
-15.99931,127.88292,330.07,0.45,0.39,2025-03-13,0453,N21,nominal,2.0NRT,298.83,4.17,D
-15.97216,128.10347,337.33,0.44,0.38,2025-03-13,0453,N21,nominal,2.0NRT,302.15,4.32,D
-16.0033,127.8847,339.39,0.45,0.39,2025-03-13,0453,N21,nominal,2.0NRT,299.94,6.07,D
-15.95423,128.20387,331.61,0.43,0.38,2025-03-13,0453,N21,nominal,2.0NRT,300.7,3.35,D
-15.96572,128.12332,338.28,0.44,0.38,2025-03-13,0453,N21,nominal,2.0NRT,305.03,5.15,D
-15.96922,128.09883,341.79,0.44,0.38,2025-03-13,0453,N21,nominal,2.0NRT,302.96,4.32,D
-15.9698,128.09476,337.36,0.44,0.38,2025-03-13,0453,N21,nominal,2.0NRT,301.38,1.91,D
-15.96276,128.11885,348.34,0.44,0.38,2025-03-13,0453,N21,nominal,2.0NRT,304.39,3.92,D
-15.9657,128.09828,343.7,0.44,0.38,2025-03-13,0453,N21,nominal,2.0NRT,303.05,6.86,D
-15.96628,128.09421,347.86,0.44,0.38,2025-03-13,0453,N21,nominal,2.0NRT,302.13,4.08,D
-15.96686,128.09015,339.18,0.44,0.38,2025-03-13,0453,N21,nominal,2.0NRT,301.63,4.08,D
-15.95925,128.11829,331.73,0.44,0.38,2025-03-13,0453,N21,low,2.0NRT,302.98,3.92,D
-15.95982,128.11426,334.71,0.44,0.38,2025-03-13,0453,N21,nominal,2.0NRT,303.15,3.92,D
-15.96334,128.0896,332.28,0.44,0.38,2025-03-13,0453,N21,nominal,2.0NRT,302.12,4.08,D
-15.96391,128.08554,331.12,0.44,0.38,2025-03-13,0453,N21,low,2.0NRT,301.91,5.93,D
-15.99382,127.87468,330.8,0.45,0.39,2025-03-13,0453,N21,nominal,2.0NRT,299.44,4.63,D
-15.94371,128.2023,332.01,0.43,0.38,2025-03-13,0453,N21,nominal,2.0NRT,300.32,4.19,D
-15.95574,128.11768,334.92,0.44,0.38,2025-03-13,0453,N21,nominal,2.0NRT,302.66,4.22,D
-15.95631,128.11368,340.4,0.44,0.38,2025-03-13,0453,N21,nominal,2.0NRT,302.94,4.22,D
-15.95224,128.11705,335.06,0.44,0.38,2025-03-13,0453,N21,nominal,2.0NRT,303.14,4.22,D
-15.95387,128.05472,330.23,0.44,0.38,2025-03-13,0453,N21,low,2.0NRT,302.52,4.78,D
-15.94116,128.11917,333.02,0.44,0.38,2025-03-13,0453,N21,nominal,2.0NRT,299.58,3.93,D
-15.9423,128.11108,333.26,0.44,0.38,2025-03-13,0453,N21,nominal,2.0NRT,300.03,21.28,D
-15.95094,128.05,332.07,0.44,0.38,2025-03-13,0453,N21,low,2.0NRT,302.2,2.2,D
-15.93822,128.11455,345.84,0.44,0.38,2025-03-13,0453,N21,nominal,2.0NRT,312.56,21.28,D
-15.93879,128.1105,342.38,0.44,0.38,2025-03-13,0453,N21,nominal,2.0NRT,305.24,21.28,D
-15.94742,128.04939,330.39,0.44,0.38,2025-03-13,0453,N21,low,2.0NRT,302.39,2.2,D
-15.93527,128.10995,341.44,0.44,0.38,2025-03-13,0453,N21,nominal,2.0NRT,305.05,15.51,D
-15.94448,128.04468,338.14,0.44,0.38,2025-03-13,0453,N21,nominal,2.0NRT,302.36,5.64,D
-15.94507,128.04051,346.51,0.44,0.38,2025-03-13,0453,N21,nominal,2.0NRT,302.9,10.23,D
-15.92029,128.19054,330.48,0.43,0.38,2025-03-13,0453,N21,low,2.0NRT,301.12,3.82,D
-15.93118,128.11346,336.36,0.44,0.38,2025-03-13,0453,N21,nominal,2.0NRT,304.9,15.51,D
-15.91736,128.18596,330.99,0.43,0.38,2025-03-13,0453,N21,low,2.0NRT,302.16,3.86,D
-15.96821,127.82391,339.93,0.45,0.39,2025-03-13,0453,N21,nominal,2.0NRT,300.79,4.56,D
-15.91442,128.18138,334.05,0.44,0.38,2025-03-13,0453,N21,nominal,2.0NRT,302.5,3.86,D
-15.92471,128.10835,347.08,0.44,0.38,2025-03-13,0453,N21,nominal,2.0NRT,300.06,11.39,D
-15.93565,128.03052,350.44,0.44,0.38,2025-03-13,0453,N21,nominal,2.0NRT,301.88,6.64,D
-15.96289,127.83591,330.5,0.45,0.39,2025-03-13,0453,N21,nominal,2.0NRT,300.05,1.54,D
-15.96349,127.83162,331.45,0.45,0.39,2025-03-13,0453,N21,nominal,2.0NRT,300.66,6.61,D
-15.96408,127.82743,349.87,0.45,0.39,2025-03-13,0453,N21,nominal,2.0NRT,301.48,6.61,D
-15.96465,127.82336,337.56,0.45,0.39,2025-03-13,0453,N21,nominal,2.0NRT,301.27,4.56,D
-15.98577,127.67152,345.64,0.46,0.39,2025-03-13,0453,N21,nominal,2.0NRT,301.15,5.91,D
-15.93097,128.03822,333.73,0.44,0.38,2025-03-13,0453,N21,nominal,2.0NRT,303.38,3.95,D
-15.93154,128.03409,330.84,0.44,0.38,2025-03-13,0453,N21,low,2.0NRT,301.29,3.95,D
-15.96165,127.81869,348.92,0.45,0.39,2025-03-13,0453,N21,nominal,2.0NRT,302.25,14.17,D
-15.98041,127.68372,331.93,0.46,0.39,2025-03-13,0453,N21,nominal,2.0NRT,300.64,5.25,D
-15.981,127.6795,343.91,0.46,0.39,2025-03-13,0453,N21,nominal,2.0NRT,299.89,9.26,D
-15.96164,127.79263,337.62,0.45,0.39,2025-03-13,0453,N21,nominal,2.0NRT,299.87,6.81,D
-15.92115,127.95321,355.29,0.44,0.39,2025-03-13,0453,N21,nominal,2.0NRT,302.75,16.4,D
-15.95306,127.72268,332.58,0.46,0.39,2025-03-13,0453,N21,nominal,2.0NRT,299.68,4.61,D
-15.95363,127.71848,332.2,0.46,0.39,2025-03-13,0453,N21,nominal,2.0NRT,298.87,5.93,D
-15.91589,127.96508,353.28,0.44,0.39,2025-03-13,0453,N21,nominal,2.0NRT,303.81,13.59,D
-15.91647,127.9609,332.54,0.44,0.39,2025-03-13,0453,N21,nominal,2.0NRT,302.18,7.63,D
-15.91704,127.95673,332.56,0.44,0.39,2025-03-13,0453,N21,nominal,2.0NRT,301.47,7.63,D
-15.94946,127.72226,330.51,0.46,0.39,2025-03-13,0453,N21,nominal,2.0NRT,300.1,4.61,D
-15.95004,127.71801,340.79,0.46,0.39,2025-03-13,0453,N21,nominal,2.0NRT,300.57,5.93,D
-15.91007,127.98092,349.5,0.44,0.39,2025-03-13,0453,N21,nominal,2.0NRT,303.82,5.72,D
-15.91063,127.97688,335.64,0.44,0.39,2025-03-13,0453,N21,nominal,2.0NRT,303.99,3.59,D
-15.9112,127.97279,333.53,0.44,0.39,2025-03-13,0453,N21,nominal,2.0NRT,302.8,3.59,D
-15.91178,127.96862,347.02,0.44,0.39,2025-03-13,0453,N21,nominal,2.0NRT,303.8,5.71,D
-15.91236,127.96442,344.81,0.44,0.39,2025-03-13,0453,N21,nominal,2.0NRT,303.35,5.71,D
-15.91294,127.96024,346.61,0.44,0.39,2025-03-13,0453,N21,nominal,2.0NRT,303.09,6.43,D
-15.94644,127.71754,336.02,0.46,0.39,2025-03-13,0453,N21,nominal,2.0NRT,300.51,4.74,D
-15.90599,127.98431,338.81,0.44,0.39,2025-03-13,0453,N21,nominal,2.0NRT,304.1,5.72,D
-15.90654,127.98029,341.54,0.44,0.39,2025-03-13,0453,N21,nominal,2.0NRT,303.98,5.72,D
-15.94285,127.71705,340.77,0.46,0.39,2025-03-13,0453,N21,nominal,2.0NRT,299.36,4.74,D
-15.92849,127.71506,333.49,0.46,0.39,2025-03-13,0453,N21,nominal,2.0NRT,299.72,2.76,D
-15.9249,127.71455,335.76,0.46,0.39,2025-03-13,0453,N21,nominal,2.0NRT,301.17,8.27,D
-15.90959,127.70453,330.62,0.46,0.39,2025-03-13,0453,N21,nominal,2.0NRT,299.79,7.32,D
-15.952,127.32221,337.8,0.47,0.4,2025-03-13,0453,N21,nominal,2.0NRT,286.42,6.44,D
-15.93194,127.43983,345.63,0.47,0.4,2025-03-13,0453,N21,nominal,2.0NRT,291.02,11.14,D
-15.92101,127.49171,331.11,0.47,0.39,2025-03-13,0453,N21,nominal,2.0NRT,292.21,4.59,D
-15.91738,127.49118,341.05,0.47,0.39,2025-03-13,0453,N21,nominal,2.0NRT,293.98,4.59,D
-15.91921,127.47807,332.55,0.47,0.39,2025-03-13,0453,N21,nominal,2.0NRT,293.58,6.94,D
-15.91981,127.47372,346.55,0.47,0.39,2025-03-13,0453,N21,nominal,2.0NRT,294.55,6.94,D
-15.92042,127.46936,347.59,0.47,0.39,2025-03-13,0453,N21,nominal,2.0NRT,295.74,18.3,D
-15.94104,127.32053,347.3,0.47,0.4,2025-03-13,0453,N21,nominal,2.0NRT,292.43,39.03,D
-15.91679,127.46886,340.89,0.47,0.39,2025-03-13,0453,N21,nominal,2.0NRT,294.3,6.05,D
-15.93677,127.32442,341.54,0.47,0.4,2025-03-13,0453,N21,nominal,2.0NRT,290,11.4,D
-15.93738,127.32,339.2,0.47,0.4,2025-03-13,0453,N21,nominal,2.0NRT,293.12,41.77,D
-15.91377,127.46393,335.94,0.47,0.4,2025-03-13,0453,N21,nominal,2.0NRT,294.78,6.05,D
-15.93251,127.32831,332.46,0.47,0.4,2025-03-13,0453,N21,nominal,2.0NRT,285.93,11.4,D
-15.91014,127.46342,338,0.47,0.4,2025-03-13,0453,N21,nominal,2.0NRT,296.14,22.94,D
-15.90711,127.45852,341.35,0.47,0.4,2025-03-13,0453,N21,nominal,2.0NRT,298.14,44.19,D
-15.91427,127.35254,334.24,0.47,0.4,2025-03-13,0453,N21,nominal,2.0NRT,287.29,2.17,D
-15.89306,127.39882,344.86,0.47,0.4,2025-03-13,0453,N21,nominal,2.0NRT,298.28,14.07,D
-15.83637,127.59776,330.82,0.46,0.39,2025-03-13,0453,N21,nominal,2.0NRT,297.31,4.8,D
-15.81157,127.67219,338.1,0.46,0.39,2025-03-13,0453,N21,nominal,2.0NRT,298.84,7.46,D
-15.81299,127.6731,336,0.46,0.39,2025-03-13,0453,N21,nominal,2.0NRT,299.08,6.15,D
-15.85975,127.28728,342.89,0.48,0.4,2025-03-13,0453,N21,nominal,2.0NRT,290.61,10.93,D
-15.7906,127.4912,333.09,0.46,0.39,2025-03-13,0453,N21,nominal,2.0NRT,295.77,3.79,D
-15.78699,127.49066,330.08,0.46,0.39,2025-03-13,0453,N21,nominal,2.0NRT,295.45,3.79,D
-15.77975,127.48961,333.66,0.46,0.39,2025-03-13,0453,N21,nominal,2.0NRT,295.39,7.62,D
-15.74261,127.02581,343.18,0.49,0.4,2025-03-13,0453,N21,nominal,2.0NRT,279.88,5.54,D
-15.7389,127.02531,341.18,0.49,0.4,2025-03-13,0453,N21,nominal,2.0NRT,280.16,7.82,D
-15.36413,128.97104,339.39,0.41,0.37,2025-03-13,0453,N21,nominal,2.0NRT,295.96,4.49,D
-15.36468,128.96727,331.3,0.41,0.37,2025-03-13,0453,N21,nominal,2.0NRT,296.77,4.49,D
-15.34306,128.85196,339.19,0.41,0.37,2025-03-13,0453,N21,nominal,2.0NRT,301.61,10.17,D
-15.47685,127.22321,331.52,0.47,0.4,2025-03-13,0453,N21,nominal,2.0NRT,280.05,2.7,D
-34.77639,116.02708,336.27,0.55,0.43,2025-03-13,0627,N21,nominal,2.0NRT,289.73,7.98,D
-34.77761,116.02116,329.1,0.55,0.43,2025-03-13,0627,N21,nominal,2.0NRT,289.79,3.82,D
-29.99459,116.50139,350.8,0.48,0.48,2025-03-13,0627,N21,nominal,2.0NRT,298.45,18.36,D
-29.98917,116.5051,341.48,0.48,0.48,2025-03-13,0627,N21,nominal,2.0NRT,301.41,18.36,D
-37.20039,174.72522,296.43,0.53,0.5,2025-03-13,1244,N21,nominal,2.0NRT,285.37,0.93,N
-37.20488,174.7235,309.85,0.53,0.5,2025-03-13,1244,N21,nominal,2.0NRT,288.05,2.27,N
-37.20935,174.72173,307.3,0.53,0.5,2025-03-13,1244,N21,nominal,2.0NRT,287.36,2.27,N
-39.00615,174.31268,311.75,0.5,0.49,2025-03-13,1244,N21,nominal,2.0NRT,283.5,2.07,N
-22.22063,148.59842,302.29,0.65,0.73,2025-03-13,1422,N21,nominal,2.0NRT,286.51,1.22,N
-23.34413,150.1187,303.63,0.49,0.65,2025-03-13,1422,N21,nominal,2.0NRT,289.03,1.33,N
-23.34706,150.12038,300.68,0.49,0.65,2025-03-13,1422,N21,nominal,2.0NRT,289,0.63,N
-24.22465,150.50505,299.67,0.45,0.63,2025-03-13,1422,N21,nominal,2.0NRT,289.08,1.17,N
-24.23031,150.50339,300.28,0.45,0.63,2025-03-13,1422,N21,nominal,2.0NRT,289.7,0.83,N
-26.64006,151.82649,313.19,0.33,0.55,2025-03-13,1422,N21,nominal,2.0NRT,286.45,1.25,N
-26.66898,151.95461,299.75,0.32,0.55,2025-03-13,1422,N21,nominal,2.0NRT,286.91,0.49,N
-26.64955,151.14568,299.75,0.36,0.58,2025-03-13,1422,N21,nominal,2.0NRT,288.21,0.35,N
-26.64883,151.14589,299.03,0.36,0.58,2025-03-13,1422,N21,nominal,2.0NRT,287.92,0.31,N
-27.96808,151.65378,303.41,0.63,0.54,2025-03-13,1422,N21,nominal,2.0NRT,287.59,1.55,N
-27.96948,151.66,300.94,0.63,0.54,2025-03-13,1422,N21,nominal,2.0NRT,287.36,1.45,N
-27.86467,151.1723,310.59,0.34,0.56,2025-03-13,1422,N21,nominal,2.0NRT,288.11,0.83,N
-27.86545,151.17572,300.41,0.34,0.56,2025-03-13,1422,N21,nominal,2.0NRT,287.69,0.83,N
-27.96913,151.65749,312.56,0.63,0.54,2025-03-13,1422,N21,nominal,2.0NRT,287.71,2.71,N
-27.86691,151.17294,308.91,0.34,0.56,2025-03-13,1422,N21,nominal,2.0NRT,287.94,1.45,N
-27.98481,151.40477,298.92,0.33,0.55,2025-03-13,1422,N21,nominal,2.0NRT,287.97,0.99,N
-28.12515,151.86522,297.74,0.61,0.53,2025-03-13,1422,N21,nominal,2.0NRT,287.67,1.09,N
-28.12213,151.86516,298.55,0.61,0.53,2025-03-13,1422,N21,nominal,2.0NRT,287.66,0.99,N
-28.71838,151.31113,299.1,0.32,0.54,2025-03-13,1422,N21,nominal,2.0NRT,288.29,0.24,N
-28.51133,150.18771,308.89,0.38,0.58,2025-03-13,1425,N21,nominal,2.0NRT,288.57,1.33,N
-28.51406,150.18712,307.84,0.37,0.58,2025-03-13,1425,N21,nominal,2.0NRT,288.37,1.46,N
-28.91409,150.24051,301.76,0.36,0.58,2025-03-13,1425,N21,nominal,2.0NRT,288.14,0.93,N
-29.47875,151.17186,307.96,0.63,0.54,2025-03-13,1425,N21,nominal,2.0NRT,283.55,3.27,N
-29.75961,149.36397,300.82,0.39,0.59,2025-03-13,1425,N21,nominal,2.0NRT,288.88,1.46,N
-30.48435,150.95105,304.62,0.61,0.54,2025-03-13,1425,N21,nominal,2.0NRT,286.62,1.39,N
-30.80986,148.90569,310.14,0.39,0.6,2025-03-13,1425,N21,nominal,2.0NRT,291.44,1.52,N
-30.81221,148.89175,304.5,0.39,0.6,2025-03-13,1425,N21,nominal,2.0NRT,291.84,1.34,N
-30.81321,148.89581,312.28,0.39,0.6,2025-03-13,1425,N21,nominal,2.0NRT,292.13,1.34,N
-30.81422,148.89986,302.66,0.39,0.6,2025-03-13,1425,N21,nominal,2.0NRT,291.93,1.04,N
-30.81522,148.90392,307.44,0.39,0.6,2025-03-13,1425,N21,nominal,2.0NRT,291.6,1.04,N
-30.81958,148.89812,308.16,0.39,0.6,2025-03-13,1425,N21,nominal,2.0NRT,292.04,1.04,N
-31.22592,146.97382,303.27,0.49,0.65,2025-03-13,1425,N21,nominal,2.0NRT,292.59,1.89,N
-32.47075,151.97163,305.34,0.48,0.48,2025-03-13,1425,N21,nominal,2.0NRT,290.99,1.13,N
-31.39107,146.61224,320.39,0.51,0.66,2025-03-13,1425,N21,nominal,2.0NRT,292.34,3.29,N
-31.38966,146.60703,304.85,0.51,0.66,2025-03-13,1425,N21,nominal,2.0NRT,292.33,5.11,N
-31.39701,146.61009,325.62,0.51,0.66,2025-03-13,1425,N21,nominal,2.0NRT,292.45,3.29,N
-33.76461,150.84724,302.12,0.52,0.5,2025-03-13,1425,N21,nominal,2.0NRT,291.14,0.8,N
-37.20112,174.72263,314.32,0.7,0.75,2025-03-13,1425,N21,nominal,2.0NRT,284.2,3.34,N
-37.19988,174.71997,299.33,0.7,0.75,2025-03-13,1425,N21,nominal,2.0NRT,283.34,2.22,N
-37.20685,174.71988,301.02,0.7,0.75,2025-03-13,1425,N21,nominal,2.0NRT,285.5,2.22,N
-37.20696,174.72734,295.41,0.7,0.75,2025-03-13,1425,N21,nominal,2.0NRT,284.97,2.22,N
-34.45604,150.87923,331.86,0.5,0.49,2025-03-13,1425,N21,nominal,2.0NRT,291.91,8.65,N
-34.45727,150.88458,307.15,0.5,0.49,2025-03-13,1425,N21,nominal,2.0NRT,291.2,4.03,N
-34.46172,150.88316,343.18,0.5,0.49,2025-03-13,1425,N21,nominal,2.0NRT,292.27,4.03,N
-34.46294,150.88855,301.75,0.5,0.49,2025-03-13,1425,N21,nominal,2.0NRT,291.11,4.03,N
-34.4686,150.89244,306.24,0.5,0.49,2025-03-13,1425,N21,nominal,2.0NRT,292.19,1.48,N
-33.48249,145.66743,301.17,0.51,0.66,2025-03-13,1425,N21,nominal,2.0NRT,290.74,2.42,N
-38.04846,141.88332,297.95,0.6,0.71,2025-03-13,1427,N21,nominal,2.0NRT,276.37,3.51,N
-38.05051,141.89003,314.93,0.6,0.71,2025-03-13,1427,N21,nominal,2.0NRT,276.98,5.59,N
-38.05257,141.89673,303.69,0.6,0.71,2025-03-13,1427,N21,nominal,2.0NRT,277.03,5.59,N
-38.05666,141.88687,329.41,0.6,0.71,2025-03-13,1427,N21,nominal,2.0NRT,277.61,5.59,N
-38.05871,141.89355,343.55,0.6,0.71,2025-03-13,1427,N21,nominal,2.0NRT,276.86,5.59,N
-38.0546,141.88014,302.64,0.6,0.71,2025-03-13,1427,N21,nominal,2.0NRT,276.56,3.51,N
-38.06281,141.88371,298.79,0.6,0.71,2025-03-13,1427,N21,nominal,2.0NRT,276.46,1.48,N
-38.06487,141.89043,300.72,0.6,0.71,2025-03-13,1427,N21,nominal,2.0NRT,276.87,1.48,N
-38.04971,141.88986,312.15,0.6,0.71,2025-03-13,1427,N21,nominal,2.0NRT,276.67,4.94,N
-38.0518,141.89655,306.58,0.6,0.71,2025-03-13,1427,N21,nominal,2.0NRT,277.04,5,N
-38.05586,141.88672,324.3,0.6,0.71,2025-03-13,1427,N21,nominal,2.0NRT,277.23,4.94,N
-38.05795,141.8934,344.9,0.6,0.71,2025-03-13,1427,N21,nominal,2.0NRT,277.42,5,N
-38.05377,141.88,300.27,0.6,0.71,2025-03-13,1427,N21,nominal,2.0NRT,275.97,4.94,N
-38.06004,141.90007,296.68,0.6,0.71,2025-03-13,1427,N21,nominal,2.0NRT,276.5,5,N
-38.06202,141.88359,301.68,0.6,0.71,2025-03-13,1427,N21,nominal,2.0NRT,276.45,4.15,N
-38.06411,141.89029,308.79,0.6,0.71,2025-03-13,1427,N21,nominal,2.0NRT,276.67,3,N
-41.1316,146.85083,304.74,0.56,0.52,2025-03-13,1427,N21,nominal,2.0NRT,286.5,1.48,N
-41.13157,146.85065,305.44,0.56,0.52,2025-03-13,1427,N21,nominal,2.0NRT,286.73,2.25,N
-40.85086,145.38283,298.81,0.34,0.56,2025-03-13,1427,N21,nominal,2.0NRT,275.04,1.96,N
-41.60499,145.8024,325.07,0.62,0.54,2025-03-13,1427,N21,nominal,2.0NRT,264.47,6.35,N
-15.29669,128.8299,298.2,0.4,0.6,2025-03-13,1558,N21,nominal,2.0NRT,267.86,0.57,N
-15.63239,127.35876,308.34,0.49,0.65,2025-03-13,1601,N21,nominal,2.0NRT,286.5,2.03,N
-15.63328,127.36299,315.44,0.49,0.65,2025-03-13,1601,N21,nominal,2.0NRT,286.5,2.03,N
-15.63918,127.36158,306.4,0.49,0.65,2025-03-13,1601,N21,nominal,2.0NRT,286.49,2.03,N
-15.64003,127.36567,305.96,0.49,0.65,2025-03-13,1601,N21,nominal,2.0NRT,286.48,2.7,N
-15.64508,127.3602,312.65,0.49,0.65,2025-03-13,1601,N21,nominal,2.0NRT,286.72,2.03,N
-15.65096,127.3587,339.54,0.49,0.65,2025-03-13,1601,N21,nominal,2.0NRT,287.05,3.4,N
-15.64914,127.35002,303.6,0.49,0.65,2025-03-13,1601,N21,nominal,2.0NRT,286.35,2.11,N
-15.65187,127.36307,303.69,0.49,0.65,2025-03-13,1601,N21,nominal,2.0NRT,286.48,3.78,N
-15.65499,127.34841,316.89,0.49,0.65,2025-03-13,1601,N21,nominal,2.0NRT,286.36,2.11,N
-15.6559,127.35271,303.33,0.49,0.65,2025-03-13,1601,N21,nominal,2.0NRT,286.52,3.4,N
-15.65682,127.35712,306.23,0.49,0.65,2025-03-13,1601,N21,nominal,2.0NRT,286.55,3.4,N
-15.66002,127.34281,305.37,0.49,0.65,2025-03-13,1601,N21,nominal,2.0NRT,286.36,1.72,N
-15.66092,127.34715,317.54,0.49,0.65,2025-03-13,1601,N21,nominal,2.0NRT,286.69,1.72,N
-15.65771,127.34708,328.87,0.49,0.65,2025-03-13,1601,N21,nominal,2.0NRT,286.84,5.78,N
-15.98747,128.1868,313.92,0.42,0.61,2025-03-13,1601,N21,nominal,2.0NRT,287.53,2.29,N
-15.99319,128.18622,306.12,0.42,0.61,2025-03-13,1601,N21,nominal,2.0NRT,287.06,1.69,N
-16.08401,127.96007,328.28,0.44,0.62,2025-03-13,1601,N21,nominal,2.0NRT,285.95,2.91,N
-16.08333,127.95679,306.49,0.44,0.62,2025-03-13,1601,N21,nominal,2.0NRT,285.75,2.91,N
-16.0358,127.5266,305.09,0.47,0.64,2025-03-13,1601,N21,nominal,2.0NRT,286.41,1.21,N
-16.03485,127.52639,304.43,0.47,0.64,2025-03-13,1601,N21,nominal,2.0NRT,286.56,1.25,N
-16.07629,127.34746,332.84,0.48,0.65,2025-03-13,1601,N21,nominal,2.0NRT,285.6,4.18,N
-18.02126,137.5813,302.61,0.39,0.36,2025-03-13,1601,N21,nominal,2.0NRT,281.76,0.92,N
-18.02589,137.61037,302.89,0.39,0.36,2025-03-13,1601,N21,nominal,2.0NRT,280.49,0.54,N
-18.03078,137.59833,300.38,0.39,0.36,2025-03-13,1601,N21,nominal,2.0NRT,278.94,0.31,N
-18.03395,137.57539,301.76,0.39,0.36,2025-03-13,1601,N21,nominal,2.0NRT,279.65,0.53,N
-16.39645,127.32232,312.48,0.48,0.64,2025-03-13,1601,N21,nominal,2.0NRT,281.76,2.53,N
-16.40228,127.32092,297.42,0.48,0.64,2025-03-13,1601,N21,nominal,2.0NRT,275.89,0.96,N
-16.40318,127.32515,309.66,0.48,0.64,2025-03-13,1601,N21,nominal,2.0NRT,279.77,1.22,N
-16.40407,127.32935,301.32,0.48,0.64,2025-03-13,1601,N21,nominal,2.0NRT,281.83,1.22,N
-16.4108,127.33228,299.42,0.47,0.64,2025-03-13,1601,N21,nominal,2.0NRT,275.88,1.38,N
-18.36609,132.69736,335.11,0.4,0.44,2025-03-13,1601,N21,nominal,2.0NRT,293.33,5.37,N
-19.40622,138.66226,312.54,0.39,0.36,2025-03-13,1601,N21,nominal,2.0NRT,275.64,2.4,N
-19.40229,138.61369,302.45,0.39,0.36,2025-03-13,1601,N21,nominal,2.0NRT,276.47,1.66,N
-19.4045,138.60576,305.03,0.39,0.36,2025-03-13,1601,N21,nominal,2.0NRT,280.34,1.67,N
-19.42064,138.64467,317.14,0.39,0.36,2025-03-13,1601,N21,nominal,2.0NRT,279.2,2.19,N
-19.42397,138.6441,312.81,0.39,0.36,2025-03-13,1601,N21,nominal,2.0NRT,280.16,1.53,N
-19.41891,138.5882,306.59,0.39,0.36,2025-03-13,1601,N21,nominal,2.0NRT,278.09,1.05,N
-19.42618,138.63615,315.91,0.39,0.36,2025-03-13,1601,N21,nominal,2.0NRT,267.52,2.75,N
-19.4273,138.64355,319.95,0.39,0.36,2025-03-13,1601,N21,nominal,2.0NRT,281.13,1.53,N
-19.42951,138.6356,326.08,0.39,0.36,2025-03-13,1601,N21,nominal,2.0NRT,270.05,1.77,N
-19.43284,138.63504,315.39,0.39,0.36,2025-03-13,1601,N21,nominal,2.0NRT,267.93,1.77,N
-19.4334,138.63875,302.31,0.39,0.36,2025-03-13,1601,N21,nominal,2.0NRT,278.77,1.77,N
-20.17008,143.0972,309.21,0.4,0.44,2025-03-13,1601,N21,nominal,2.0NRT,294.43,1.99,N
-20.34283,144.52335,302.59,0.49,0.49,2025-03-13,1601,N21,nominal,2.0NRT,289.81,1.07,N
-20.34787,144.5275,307.02,0.49,0.49,2025-03-13,1601,N21,nominal,2.0NRT,289.33,1.07,N
-20.35236,144.52692,317.53,0.49,0.49,2025-03-13,1601,N21,nominal,2.0NRT,289.5,1.98,N
-20.35629,144.52156,304.24,0.49,0.49,2025-03-13,1601,N21,nominal,2.0NRT,289.23,1.98,N
-20.35684,144.52632,314.03,0.49,0.49,2025-03-13,1601,N21,nominal,2.0NRT,289.58,1.98,N
-20.36077,144.521,331.35,0.49,0.49,2025-03-13,1601,N21,nominal,2.0NRT,290.1,4.58,N
-20.36023,144.51639,307.13,0.49,0.49,2025-03-13,1601,N21,nominal,2.0NRT,289.75,2.48,N
-20.36416,144.51114,321.9,0.49,0.49,2025-03-13,1601,N21,nominal,2.0NRT,290.41,2.48,N
-20.36472,144.51585,313.16,0.49,0.49,2025-03-13,1601,N21,nominal,2.0NRT,289.75,2.48,N
-20.36656,144.5096,313.82,0.49,0.49,2025-03-13,1601,N21,nominal,2.0NRT,289.81,1.37,N
-20.00603,139.6187,323.15,0.41,0.37,2025-03-13,1601,N21,nominal,2.0NRT,293.12,2.87,N
-20.00772,139.6304,311.14,0.41,0.37,2025-03-13,1601,N21,nominal,2.0NRT,291.7,1.98,N
-20.00945,139.61812,322.34,0.41,0.37,2025-03-13,1601,N21,nominal,2.0NRT,293.42,3.13,N
-20.01228,139.63765,326.02,0.41,0.37,2025-03-13,1601,N21,nominal,2.0NRT,289.51,3.08,N
-20.01001,139.62204,306.67,0.41,0.37,2025-03-13,1601,N21,nominal,2.0NRT,292.51,2.49,N
-20.01171,139.63371,305.16,0.41,0.37,2025-03-13,1601,N21,nominal,2.0NRT,290.27,2.24,N
-20.01626,139.64099,331.81,0.41,0.37,2025-03-13,1601,N21,nominal,2.0NRT,286.87,3.08,N
-20.01968,139.64041,322.27,0.41,0.37,2025-03-13,1601,N21,nominal,2.0NRT,286.24,1.65,N
-20.02311,139.63986,309.43,0.41,0.37,2025-03-13,1601,N21,nominal,2.0NRT,284.13,1.65,N
-20.02653,139.63928,325.83,0.41,0.37,2025-03-13,1601,N21,nominal,2.0NRT,284.22,2.07,N
-20.02881,139.63087,299.96,0.41,0.37,2025-03-13,1601,N21,nominal,2.0NRT,284.17,0.73,N
-20.02938,139.6348,310.01,0.41,0.37,2025-03-13,1601,N21,nominal,2.0NRT,283.66,2.07,N
-18.68939,131.61479,313.16,0.45,0.47,2025-03-13,1601,N21,nominal,2.0NRT,292.16,1.97,N
-18.69447,131.61813,309.08,0.45,0.47,2025-03-13,1601,N21,nominal,2.0NRT,292.31,1.97,N
-17.72688,125.60889,298.18,0.58,0.69,2025-03-13,1601,N21,nominal,2.0NRT,273.6,2.16,N
-18.80641,130.37315,311.76,0.54,0.51,2025-03-13,1601,N21,nominal,2.0NRT,290.11,2.13,N
-18.39304,127.53632,308.54,0.42,0.61,2025-03-13,1601,N21,nominal,2.0NRT,290.52,1.39,N
-18.38594,127.47577,367,0.42,0.61,2025-03-13,1601,N21,high,2.0NRT,293.19,20.05,N
-18.38678,127.47973,336.25,0.42,0.61,2025-03-13,1601,N21,nominal,2.0NRT,291.57,10.9,N
-18.41924,127.52241,312.36,0.42,0.61,2025-03-13,1601,N21,nominal,2.0NRT,290.86,1.71,N
-18.41763,127.52345,309.18,0.42,0.61,2025-03-13,1601,N21,nominal,2.0NRT,290.94,1.93,N
-20.33178,136.89926,310.95,0.39,0.36,2025-03-13,1601,N21,nominal,2.0NRT,264.62,0.93,N
-20.7343,139.4778,326.18,0.41,0.37,2025-03-13,1601,N21,nominal,2.0NRT,298.51,4.29,N
-20.73772,139.47722,316.22,0.41,0.37,2025-03-13,1601,N21,nominal,2.0NRT,295.75,4.29,N
-19.57516,131.81831,312.54,0.43,0.46,2025-03-13,1601,N21,nominal,2.0NRT,292.25,3.54,N
-19.57932,131.81741,339.02,0.43,0.46,2025-03-13,1601,N21,nominal,2.0NRT,293.44,3.54,N
-19.58348,131.81653,306.55,0.43,0.46,2025-03-13,1601,N21,nominal,2.0NRT,292.53,1.13,N
-19.80878,132.74347,309.4,0.56,0.43,2025-03-13,1601,N21,nominal,2.0NRT,294.15,1.22,N
-19.81368,132.74796,309.5,0.56,0.43,2025-03-13,1601,N21,nominal,2.0NRT,294.37,1.22,N
-19.67976,131.97461,325.9,0.41,0.45,2025-03-13,1601,N21,nominal,2.0NRT,293.66,2.93,N
-19.68126,131.98244,327.95,0.41,0.45,2025-03-13,1601,N21,nominal,2.0NRT,293.79,2.47,N
-19.67901,131.97069,316.97,0.41,0.45,2025-03-13,1601,N21,nominal,2.0NRT,293.44,2.6,N
-19.68051,131.97853,318.81,0.41,0.45,2025-03-13,1601,N21,nominal,2.0NRT,293.75,2.93,N
-19.68201,131.98637,313.21,0.41,0.45,2025-03-13,1601,N21,nominal,2.0NRT,293.62,2.47,N
-19.68312,131.96982,327.37,0.41,0.45,2025-03-13,1601,N21,nominal,2.0NRT,293.97,2.6,N
-19.68687,131.98941,331.11,0.41,0.45,2025-03-13,1601,N21,nominal,2.0NRT,294.1,4.72,N
-19.68237,131.96591,316.41,0.42,0.45,2025-03-13,1601,N21,nominal,2.0NRT,293.52,2.6,N
-19.68612,131.98549,314.85,0.41,0.45,2025-03-13,1601,N21,nominal,2.0NRT,293.61,2.47,N
-19.68648,131.96503,342.14,0.42,0.45,2025-03-13,1601,N21,nominal,2.0NRT,295.1,4.19,N
-19.69097,131.98856,322.31,0.41,0.45,2025-03-13,1601,N21,nominal,2.0NRT,294,2.39,N
-19.68723,131.96893,314.38,0.41,0.45,2025-03-13,1601,N21,nominal,2.0NRT,293.51,4.19,N
-19.69059,131.96416,332.34,0.42,0.45,2025-03-13,1601,N21,nominal,2.0NRT,293.67,4.19,N
-22.22294,148.59712,297.78,0.48,0.65,2025-03-13,1601,N21,nominal,2.0NRT,285.58,1.1,N
-22.03804,146.36061,307.33,0.34,0.56,2025-03-13,1601,N21,nominal,2.0NRT,290.48,1.69,N
-22.04389,146.36665,307.11,0.34,0.56,2025-03-13,1601,N21,nominal,2.0NRT,289.91,1.65,N
-19.71276,130.01233,313.04,0.55,0.51,2025-03-13,1601,N21,nominal,2.0NRT,288.84,8.44,N
-19.7174,130.01129,315.71,0.55,0.51,2025-03-13,1601,N21,nominal,2.0NRT,287.79,10.48,N
-19.71574,130.01488,314.38,0.55,0.51,2025-03-13,1601,N21,nominal,2.0NRT,286.15,7.37,N
-19.72038,130.01385,305.15,0.55,0.51,2025-03-13,1601,N21,nominal,2.0NRT,285.32,4.35,N
-21.73342,135.47723,306.95,0.4,0.37,2025-03-13,1601,N21,nominal,2.0NRT,294.46,0.67,N
-23.34031,148.30231,301.27,0.47,0.64,2025-03-13,1601,N21,nominal,2.0NRT,286.74,1.14,N
-23.86462,151.29092,300.27,0.74,0.76,2025-03-13,1601,N21,nominal,2.0NRT,286.47,1.92,N
-19.99498,124.72372,300.03,0.59,0.7,2025-03-13,1601,N21,nominal,2.0NRT,270.32,1.73,N
-19.99615,124.72189,300.21,0.59,0.7,2025-03-13,1601,N21,nominal,2.0NRT,267.83,0.97,N
-24.75692,147.78134,304.95,0.45,0.63,2025-03-13,1601,N21,nominal,2.0NRT,286.82,1.77,N
-24.75723,147.78537,317.53,0.45,0.63,2025-03-13,1601,N21,nominal,2.0NRT,287.69,1.77,N
-24.76208,147.77223,300.91,0.45,0.63,2025-03-13,1601,N21,nominal,2.0NRT,286.69,1.01,N
-24.12739,139.70874,323.13,0.45,0.39,2025-03-13,1601,N21,nominal,2.0NRT,295.32,2.61,N
-24.15176,139.72725,318.11,0.45,0.39,2025-03-13,1601,N21,nominal,2.0NRT,294.89,2.21,N
-24.15593,139.73108,340.67,0.45,0.39,2025-03-13,1601,N21,nominal,2.0NRT,295.5,4.88,N
-24.15949,139.73051,329.06,0.45,0.39,2025-03-13,1601,N21,nominal,2.0NRT,294.92,4.88,N
-24.16366,139.73433,314.11,0.45,0.39,2025-03-13,1601,N21,nominal,2.0NRT,294.46,1.8,N
-24.16783,139.73817,313.19,0.45,0.39,2025-03-13,1601,N21,nominal,2.0NRT,294.58,2.15,N
-24.172,139.742,315.35,0.45,0.39,2025-03-13,1601,N21,nominal,2.0NRT,294.36,1.75,N
-24.17557,139.74142,311.64,0.45,0.39,2025-03-13,1601,N21,nominal,2.0NRT,294.67,1.75,N
-24.18035,139.74968,309.99,0.45,0.39,2025-03-13,1601,N21,nominal,2.0NRT,294.76,1.56,N
-21.23495,123.94885,295.31,0.62,0.71,2025-03-13,1601,N21,nominal,2.0NRT,284.56,3.62,N
-24.18392,139.74911,316.22,0.45,0.39,2025-03-13,1601,N21,nominal,2.0NRT,295.08,1.56,N
-24.19046,139.74353,308.12,0.45,0.39,2025-03-13,1601,N21,nominal,2.0NRT,294.81,1.66,N
-24.19409,139.69928,306.2,0.45,0.39,2025-03-13,1601,N21,nominal,2.0NRT,293.99,0.87,N
-24.20711,139.74226,307.13,0.45,0.39,2025-03-13,1601,N21,nominal,2.0NRT,294.42,1.2,N
-24.2095,139.73283,308.28,0.45,0.39,2025-03-13,1601,N21,nominal,2.0NRT,294.69,1.91,N
-24.20953,139.70576,309.55,0.45,0.39,2025-03-13,1601,N21,nominal,2.0NRT,294.28,1.94,N
-24.21071,139.7146,312.86,0.45,0.39,2025-03-13,1601,N21,nominal,2.0NRT,294.49,2.07,N
-24.21309,139.70518,318.3,0.45,0.39,2025-03-13,1601,N21,nominal,2.0NRT,294.69,1.94,N
-24.21843,139.71785,308.02,0.45,0.39,2025-03-13,1601,N21,nominal,2.0NRT,294.42,2.03,N
-24.21902,139.72227,306.15,0.45,0.39,2025-03-13,1601,N21,nominal,2.0NRT,294.29,1.32,N
-24.22083,139.68141,318.79,0.45,0.39,2025-03-13,1601,N21,nominal,2.0NRT,295.07,2.84,N
-24.22142,139.68581,306.88,0.45,0.39,2025-03-13,1601,N21,nominal,2.0NRT,294.87,1.33,N
-24.22498,139.71227,313,0.45,0.39,2025-03-13,1601,N21,nominal,2.0NRT,294.83,1.96,N
-24.22558,139.68964,309.22,0.45,0.39,2025-03-13,1601,N21,nominal,2.0NRT,294.73,1.33,N
-24.22796,139.68025,312.55,0.45,0.39,2025-03-13,1601,N21,nominal,2.0NRT,295.3,1.94,N
-24.22855,139.68465,311.72,0.45,0.39,2025-03-13,1601,N21,nominal,2.0NRT,294.88,1.8,N
-23.45903,121.52209,323.6,0.77,0.77,2025-03-13,1603,N21,nominal,2.0NRT,283.82,5.75,N
-23.46099,121.52966,301.73,0.77,0.77,2025-03-13,1603,N21,nominal,2.0NRT,279.19,5.75,N
-23.46295,121.53722,303.52,0.77,0.77,2025-03-13,1603,N21,nominal,2.0NRT,277.69,1.87,N
-23.46404,121.51241,306.85,0.77,0.78,2025-03-13,1603,N21,nominal,2.0NRT,281.63,9.04,N
-23.466,121.52002,309.87,0.77,0.77,2025-03-13,1603,N21,nominal,2.0NRT,280.28,5.75,N
-23.46992,121.53522,302.45,0.77,0.77,2025-03-13,1603,N21,nominal,2.0NRT,280.38,1.87,N
-23.46291,121.52144,324.3,0.77,0.77,2025-03-13,1603,N21,nominal,2.0NRT,282.01,4.21,N
-23.46091,121.51387,306.28,0.77,0.77,2025-03-13,1603,N21,nominal,2.0NRT,281.94,4.21,N
-23.46492,121.52902,304.14,0.77,0.77,2025-03-13,1603,N21,nominal,2.0NRT,280.11,3.28,N
-23.46691,121.53655,310.88,0.77,0.77,2025-03-13,1603,N21,nominal,2.0NRT,280.19,3.28,N
-23.46988,121.51939,305.69,0.77,0.77,2025-03-13,1603,N21,nominal,2.0NRT,278.18,4.21,N
-23.47389,121.53453,301.25,0.77,0.77,2025-03-13,1603,N21,nominal,2.0NRT,279.09,3.28,N
-23.47884,121.52484,297.76,0.77,0.77,2025-03-13,1603,N21,nominal,2.0NRT,277.34,1.6,N
-23.49971,121.51856,310.44,0.77,0.77,2025-03-13,1603,N21,nominal,2.0NRT,278.03,2.07,N
-23.51504,121.57692,317.92,0.76,0.77,2025-03-13,1603,N21,nominal,2.0NRT,285.9,5.42,N
-23.52199,121.5749,325.01,0.76,0.77,2025-03-13,1603,N21,nominal,2.0NRT,285.9,5.02,N
-23.50664,121.51636,302.09,0.77,0.77,2025-03-13,1603,N21,nominal,2.0NRT,273.17,2.33,N
-23.52893,121.57281,309.3,0.76,0.77,2025-03-13,1603,N21,nominal,2.0NRT,285.36,5.02,N
-23.50974,121.51205,297.87,0.77,0.77,2025-03-13,1603,N21,nominal,2.0NRT,274.39,2.09,N
-23.52734,121.57761,305.95,0.76,0.77,2025-03-13,1603,N21,nominal,2.0NRT,285.76,3.96,N
-28.51123,150.18623,298.32,0.69,0.74,2025-03-13,1603,N21,nominal,2.0NRT,287.2,1.44,N
-30.81063,148.9034,301.42,0.6,0.71,2025-03-13,1603,N21,nominal,2.0NRT,290.53,1.25,N
-30.8169,148.89655,305.17,0.6,0.71,2025-03-13,1603,N21,nominal,2.0NRT,290.43,1.25,N
-30.81719,148.90285,302.83,0.6,0.71,2025-03-13,1603,N21,nominal,2.0NRT,290.59,1.25,N
-31.39266,146.61205,324.25,0.44,0.62,2025-03-13,1603,N21,nominal,2.0NRT,292.06,2.66,N
-31.39235,146.6073,310.47,0.44,0.62,2025-03-13,1603,N21,nominal,2.0NRT,292.13,2.66,N
-31.39846,146.6115,303,0.44,0.62,2025-03-13,1603,N21,nominal,2.0NRT,291.57,1.35,N
-31.39261,146.6097,333.71,0.44,0.63,2025-03-13,1603,N21,nominal,2.0NRT,293.12,4.81,N
-31.39233,146.60495,303.78,0.44,0.62,2025-03-13,1603,N21,nominal,2.0NRT,291.93,2.16,N
-31.39841,146.60913,309.53,0.44,0.63,2025-03-13,1603,N21,nominal,2.0NRT,291.74,1.04,N
-33.00257,137.58383,308.98,0.45,0.39,2025-03-13,1605,N21,nominal,2.0NRT,294.7,1.59,N
-33.00441,137.59827,312.65,0.45,0.39,2025-03-13,1605,N21,nominal,2.0NRT,294.99,1.6,N
-33.00798,137.59761,333.76,0.45,0.39,2025-03-13,1605,N21,nominal,2.0NRT,296.37,8.96,N
-33.01513,137.5963,339.73,0.45,0.39,2025-03-13,1605,N21,nominal,2.0NRT,296.74,17.54,N
-38.0425,141.86855,299.17,0.55,0.51,2025-03-13,1605,N21,nominal,2.0NRT,269.5,2.13,N
-38.04337,141.86929,298.22,0.55,0.51,2025-03-13,1605,N21,nominal,2.0NRT,269.43,2.25,N
-38.04997,141.89371,327.39,0.55,0.51,2025-03-13,1605,N21,nominal,2.0NRT,268.15,5.11,N
-38.0495,141.88744,309.2,0.55,0.51,2025-03-13,1605,N21,nominal,2.0NRT,267.17,2.55,N
-38.05043,141.89996,307.66,0.55,0.51,2025-03-13,1605,N21,nominal,2.0NRT,265.74,5.11,N
-38.05472,141.89314,341.06,0.55,0.51,2025-03-13,1605,N21,nominal,2.0NRT,269.61,5.11,N
-38.05519,141.89941,322.71,0.55,0.51,2025-03-13,1605,N21,nominal,2.0NRT,268.29,5.11,N
-38.05378,141.8806,296.99,0.55,0.51,2025-03-13,1605,N21,nominal,2.0NRT,266.79,2.55,N
-38.05425,141.88686,315.09,0.55,0.51,2025-03-13,1605,N21,nominal,2.0NRT,267.63,2.55,N
-38.05899,141.88626,331.91,0.55,0.51,2025-03-13,1605,N21,nominal,2.0NRT,269.39,5.86,N
-38.05947,141.89253,367,0.55,0.51,2025-03-13,1605,N21,high,2.0NRT,275.55,13.47,N
-38.05994,141.89879,339.12,0.55,0.51,2025-03-13,1605,N21,nominal,2.0NRT,270.95,13.47,N
-38.05853,141.88,298.7,0.55,0.51,2025-03-13,1605,N21,nominal,2.0NRT,266.81,5.86,N
-38.06374,141.88567,336.66,0.55,0.51,2025-03-13,1605,N21,nominal,2.0NRT,268.25,5.86,N
-38.06421,141.89194,367,0.55,0.51,2025-03-13,1605,N21,high,2.0NRT,272.88,13.47,N
-38.06469,141.89821,338.81,0.55,0.51,2025-03-13,1605,N21,nominal,2.0NRT,270.86,13.47,N
-38.06327,141.87941,298.95,0.55,0.51,2025-03-13,1605,N21,nominal,2.0NRT,266.36,5.86,N
-38.06944,141.8976,339.13,0.55,0.51,2025-03-13,1605,N21,nominal,2.0NRT,269.2,8.03,N
-38.06801,141.87881,303.69,0.55,0.51,2025-03-13,1605,N21,nominal,2.0NRT,265.71,2.21,N
-38.06849,141.88506,302.82,0.55,0.51,2025-03-13,1605,N21,nominal,2.0NRT,264.99,2.21,N
-38.06896,141.89133,311.61,0.55,0.51,2025-03-13,1605,N21,nominal,2.0NRT,265.66,8.03,N
-38.07371,141.89073,328.06,0.55,0.51,2025-03-13,1605,N21,nominal,2.0NRT,266.29,8.03,N
-38.07418,141.89703,348.22,0.55,0.51,2025-03-13,1605,N21,nominal,2.0NRT,269.67,8.03,N
-38.07229,141.87198,295.34,0.55,0.51,2025-03-13,1605,N21,nominal,2.0NRT,263.92,3.24,N
-38.07276,141.87822,308.75,0.55,0.51,2025-03-13,1605,N21,nominal,2.0NRT,264.77,2.21,N
-38.07323,141.88446,317.59,0.55,0.51,2025-03-13,1605,N21,nominal,2.0NRT,264.38,2.21,N
-38.07703,141.8714,305.52,0.55,0.51,2025-03-13,1605,N21,nominal,2.0NRT,264.07,2.55,N
-38.07751,141.87764,298,0.55,0.51,2025-03-13,1605,N21,nominal,2.0NRT,263,5.39,N
-38.07894,141.8965,297.67,0.55,0.51,2025-03-13,1605,N21,nominal,2.0NRT,264.52,2.63,N
-38.08225,141.87708,324.5,0.55,0.51,2025-03-13,1605,N21,nominal,2.0NRT,264.82,5.39,N
-38.08273,141.88333,341.81,0.55,0.51,2025-03-13,1605,N21,nominal,2.0NRT,266.21,5.39,N
-38.08177,141.87082,302.76,0.55,0.51,2025-03-13,1605,N21,nominal,2.0NRT,263.7,2.55,N
-38.08321,141.88963,298.07,0.55,0.51,2025-03-13,1605,N21,nominal,2.0NRT,264.09,2.63,N
-20.79058,115.44621,318.84,0.46,0.39,2025-03-13,1743,N21,nominal,2.0NRT,293.21,3.9,N
-20.8201,115.38416,305.18,0.46,0.39,2025-03-13,1743,N21,nominal,2.0NRT,292.48,1.79,N
-22.19344,118.21722,314.15,0.45,0.47,2025-03-13,1743,N21,nominal,2.0NRT,285.06,3,N
-22.20088,118.24329,316.88,0.46,0.47,2025-03-13,1743,N21,nominal,2.0NRT,284.63,3.1,N
-22.2052,118.24257,322.08,0.46,0.47,2025-03-13,1743,N21,nominal,2.0NRT,286.49,3.1,N
-23.45919,121.5265,308.34,0.38,0.59,2025-03-13,1743,N21,nominal,2.0NRT,289.82,1.44,N
-23.46363,121.51466,330.48,0.38,0.59,2025-03-13,1743,N21,nominal,2.0NRT,290.02,3.38,N
-23.46462,121.52581,317.88,0.38,0.59,2025-03-13,1743,N21,nominal,2.0NRT,289.94,1.44,N
-23.46563,121.53699,308.08,0.38,0.59,2025-03-13,1743,N21,nominal,2.0NRT,289.49,1.62,N
-23.46873,121.51029,304.22,0.38,0.59,2025-03-13,1743,N21,nominal,2.0NRT,289.68,1.92,N
-23.46973,121.52142,315.49,0.38,0.59,2025-03-13,1743,N21,nominal,2.0NRT,289.8,3.66,N
-23.47006,121.52512,309.79,0.38,0.59,2025-03-13,1743,N21,nominal,2.0NRT,289.64,1.78,N
-23.47383,121.50591,329.96,0.38,0.59,2025-03-13,1743,N21,nominal,2.0NRT,289.8,4.21,N
-23.47416,121.50964,308.92,0.38,0.59,2025-03-13,1743,N21,nominal,2.0NRT,289.55,1.92,N
-23.47618,121.53192,304.2,0.38,0.59,2025-03-13,1743,N21,nominal,2.0NRT,289.37,1.01,N
-23.47651,121.53565,308.19,0.38,0.59,2025-03-13,1743,N21,nominal,2.0NRT,289.58,1.01,N
-23.48128,121.52757,306.12,0.38,0.59,2025-03-13,1743,N21,nominal,2.0NRT,289.63,1.42,N
-23.49692,121.51814,306.79,0.38,0.59,2025-03-13,1743,N21,nominal,2.0NRT,289.79,1.68,N
-23.49727,121.52195,311.48,0.38,0.59,2025-03-13,1743,N21,nominal,2.0NRT,289.75,1.64,N
-23.50237,121.51756,308.7,0.38,0.59,2025-03-13,1743,N21,nominal,2.0NRT,289.84,1.78,N
-23.50272,121.5214,308.57,0.38,0.59,2025-03-13,1743,N21,nominal,2.0NRT,289.43,1.51,N
-23.50746,121.51314,310.31,0.38,0.59,2025-03-13,1743,N21,nominal,2.0NRT,289.79,1.78,N
-23.50781,121.51699,317.39,0.38,0.59,2025-03-13,1743,N21,nominal,2.0NRT,289.87,1.78,N
-23.5134,121.57771,307.3,0.39,0.59,2025-03-13,1743,N21,nominal,2.0NRT,289.11,1.22,N
-23.5129,121.51257,307.85,0.38,0.59,2025-03-13,1743,N21,nominal,2.0NRT,289.78,0.98,N
-23.52396,121.57256,311.55,0.39,0.59,2025-03-13,1743,N21,nominal,2.0NRT,288.91,1.45,N
-23.52432,121.57641,309.36,0.39,0.59,2025-03-13,1743,N21,nominal,2.0NRT,288.91,1.45,N
-23.52518,121.57302,314.63,0.39,0.59,2025-03-13,1743,N21,nominal,2.0NRT,289.21,1.41,N
-23.52551,121.57687,307.75,0.39,0.59,2025-03-13,1743,N21,nominal,2.0NRT,288.83,1.41,N
-28.7779,115.02625,301.63,0.54,0.42,2025-03-13,1745,N21,nominal,2.0NRT,284.14,1.17,N
-28.78113,115.01999,299.92,0.54,0.42,2025-03-13,1745,N21,nominal,2.0NRT,283.97,0.84,N
-28.78179,115.02562,297.96,0.54,0.42,2025-03-13,1745,N21,nominal,2.0NRT,284.47,0.84,N
-32.91611,115.9169,301.44,0.45,0.47,2025-03-13,1745,N21,nominal,2.0NRT,288.59,1.22,N
-15.63142,127.35985,309.78,0.76,0.77,2025-03-13,1743,N21,nominal,2.0NRT,282.35,3.33,N
-15.63932,127.36745,308.9,0.76,0.77,2025-03-13,1743,N21,nominal,2.0NRT,282.8,2.76,N
-15.64565,127.35867,304.54,0.76,0.77,2025-03-13,1743,N21,nominal,2.0NRT,282.67,2.76,N
-15.64641,127.36661,303.85,0.76,0.77,2025-03-13,1743,N21,nominal,2.0NRT,282.64,2.76,N
-15.6528,127.35847,302.21,0.76,0.77,2025-03-13,1743,N21,nominal,2.0NRT,282.63,3.47,N
-15.65349,127.36562,317.03,0.76,0.77,2025-03-13,1743,N21,nominal,2.0NRT,282.91,3.47,N
-15.62864,127.36019,305.63,0.76,0.77,2025-03-13,1743,N21,nominal,2.0NRT,282.11,5.55,N
-15.63647,127.36765,310.02,0.76,0.77,2025-03-13,1743,N21,nominal,2.0NRT,282.49,4.16,N
-15.65066,127.36595,322.83,0.76,0.77,2025-03-13,1743,N21,nominal,2.0NRT,282.7,9.9,N
-15.64999,127.35848,304.78,0.76,0.77,2025-03-13,1743,N21,nominal,2.0NRT,282.55,6.04,N
-16.40021,127.32766,316.21,0.77,0.78,2025-03-13,1743,N21,nominal,2.0NRT,259.92,5,N
-16.40803,127.33453,314.43,0.78,0.78,2025-03-13,1743,N21,nominal,2.0NRT,262.78,5,N
-16.4087,127.34214,300.39,0.78,0.78,2025-03-13,1743,N21,nominal,2.0NRT,257.59,1.28,N
-16.41583,127.34127,308.43,0.78,0.78,2025-03-13,1743,N21,nominal,2.0NRT,260.27,5.55,N
-27.96853,151.65976,337.57,0.5,0.65,2025-03-14,0247,N21,nominal,2.0NRT,298.23,6.8,D
-27.98435,151.40643,330.23,0.51,0.66,2025-03-14,0247,N21,nominal,2.0NRT,297.25,2.32,D
-27.98481,151.40544,332.55,0.51,0.66,2025-03-14,0247,N21,nominal,2.0NRT,297.78,2.62,D
-27.86408,151.17421,342.51,0.53,0.67,2025-03-14,0247,N21,nominal,2.0NRT,298.04,7.95,D
-27.59844,149.5802,335.23,0.66,0.73,2025-03-14,0247,N21,nominal,2.0NRT,298.72,11.54,D
-27.59651,149.57716,341.57,0.66,0.73,2025-03-14,0247,N21,nominal,2.0NRT,297.31,8.1,D
-46.41486,168.839,328.42,0.39,0.36,2025-03-14,0241,N21,nominal,2.0NRT,290.86,2.41,D
-45.96225,168.73994,338.63,0.39,0.36,2025-03-14,0241,N21,nominal,2.0NRT,293.78,11.64,D
-45.95892,168.73895,338.36,0.39,0.36,2025-03-14,0241,N21,nominal,2.0NRT,298.17,11.64,D
-45.95965,168.73395,353.44,0.39,0.36,2025-03-14,0241,N21,nominal,2.0NRT,301.94,11.64,D
-45.88841,168.98337,332.71,0.39,0.36,2025-03-14,0241,N21,nominal,2.0NRT,299.44,20.21,D
-45.8851,168.98236,346.22,0.39,0.36,2025-03-14,0241,N21,nominal,2.0NRT,298.96,6.9,D
-45.88584,168.97737,337.12,0.39,0.36,2025-03-14,0241,N21,nominal,2.0NRT,291.98,4.72,D
-45.9145,168.58185,328.5,0.39,0.36,2025-03-14,0241,N21,nominal,2.0NRT,296.8,2.57,D
-45.85661,168.62216,331.98,0.39,0.36,2025-03-14,0241,N21,nominal,2.0NRT,295.4,2.62,D
-45.39481,170.60037,350.63,0.39,0.36,2025-03-14,0241,N21,nominal,2.0NRT,306.72,47.81,D
-43.2923,172.32849,332.62,0.44,0.38,2025-03-14,0243,N21,nominal,2.0NRT,289.03,5.59,D
-43.28534,172.32603,352.49,0.44,0.38,2025-03-14,0243,N21,nominal,2.0NRT,306.17,46.27,D
-43.28186,172.32478,340.61,0.44,0.38,2025-03-14,0243,N21,nominal,2.0NRT,286.95,7.88,D
-43.28287,172.31944,328.65,0.44,0.38,2025-03-14,0243,N21,nominal,2.0NRT,288.86,4.11,D
-40.00526,175.38461,341.8,0.44,0.46,2025-03-14,0243,N21,nominal,2.0NRT,300.52,24,D
-37.20002,174.72391,329.03,0.47,0.48,2025-03-14,0243,N21,nominal,2.0NRT,300.87,4.86,D
-31.31783,149.40512,331.73,0.72,0.76,2025-03-14,0247,N21,nominal,2.0NRT,293.69,4.31,D
-31.18886,151.36473,341.49,0.55,0.68,2025-03-14,0247,N21,nominal,2.0NRT,298.9,9.27,D
-30.39001,149.41649,330.98,0.71,0.75,2025-03-14,0247,N21,nominal,2.0NRT,300.16,4.88,D
-30.39153,149.41504,330.14,0.71,0.75,2025-03-14,0247,N21,low,2.0NRT,300.37,5.84,D
-41.13436,146.85233,331.36,0.46,0.39,2025-03-14,0425,N21,nominal,2.0NRT,296.77,4.07,D
-37.90919,143.29918,367,0.4,0.37,2025-03-14,0425,N21,high,2.0NRT,315.34,6.81,D
-37.90841,143.30373,349.93,0.4,0.37,2025-03-14,0425,N21,nominal,2.0NRT,312.39,6.81,D
-37.90996,143.29466,336.94,0.4,0.37,2025-03-14,0425,N21,nominal,2.0NRT,311.11,4.31,D
-37.90583,143.29828,340.61,0.4,0.37,2025-03-14,0425,N21,nominal,2.0NRT,310.99,6.81,D
-37.40328,141.14714,343.65,0.38,0.36,2025-03-14,0425,N21,nominal,2.0NRT,307.48,5.67,D
-37.4046,141.13846,336.25,0.38,0.36,2025-03-14,0425,N21,low,2.0NRT,306.52,3.79,D
-37.39665,141.14555,332.22,0.38,0.36,2025-03-14,0425,N21,low,2.0NRT,305.07,4.44,D
-37.39266,141.12662,334.25,0.38,0.36,2025-03-14,0425,N21,low,2.0NRT,308.28,7.04,D
-37.10275,141.8777,344.52,0.39,0.36,2025-03-14,0425,N21,low,2.0NRT,315.81,11.54,D
-37.01854,139.95055,337.51,0.39,0.36,2025-03-14,0425,N21,low,2.0NRT,309.53,1.92,D
-36.68795,141.82947,351.07,0.39,0.36,2025-03-14,0425,N21,nominal,2.0NRT,320.9,9.86,D
-36.68062,141.83214,345.62,0.39,0.36,2025-03-14,0425,N21,low,2.0NRT,319.5,31.95,D
-36.68132,141.82782,354.2,0.39,0.36,2025-03-14,0425,N21,nominal,2.0NRT,321.17,33.89,D
-35.44033,146.65681,348.43,0.57,0.43,2025-03-14,0425,N21,nominal,2.0NRT,313.05,11.04,D
-35.43642,146.65561,354.92,0.57,0.43,2025-03-14,0425,N21,nominal,2.0NRT,314.25,9.64,D
-35.4325,146.65442,344.9,0.57,0.43,2025-03-14,0425,N21,nominal,2.0NRT,313.5,9.64,D
-34.45926,150.88341,345.41,0.33,0.55,2025-03-14,0425,N21,nominal,2.0NRT,295.7,6.08,D
-34.45516,150.87813,338.23,0.33,0.55,2025-03-14,0425,N21,nominal,2.0NRT,298.24,3.24,D
-34.46157,150.88339,344.52,0.33,0.55,2025-03-14,0425,N21,nominal,2.0NRT,296.15,4.22,D
-34.45746,150.87807,335.72,0.33,0.55,2025-03-14,0425,N21,nominal,2.0NRT,296.85,4.22,D
-33.99369,148.22318,340.3,0.49,0.48,2025-03-14,0427,N21,nominal,2.0NRT,301.14,17.18,D
-33.99485,148.218,354.07,0.49,0.48,2025-03-14,0427,N21,nominal,2.0NRT,310.5,17.18,D
-33.99601,148.21283,339.18,0.49,0.48,2025-03-14,0427,N21,nominal,2.0NRT,307.58,13.16,D
-33.99053,148.21637,367,0.49,0.48,2025-03-14,0427,N21,high,2.0NRT,307.86,17.18,D
-33.98935,148.22163,341.93,0.49,0.48,2025-03-14,0427,N21,nominal,2.0NRT,304.8,17.18,D
-34.00669,147.81032,334.96,0.46,0.47,2025-03-14,0427,N21,nominal,2.0NRT,297.87,4.77,D
-34.00242,147.80898,333.56,0.46,0.47,2025-03-14,0427,N21,nominal,2.0NRT,301.76,57.47,D
-33.86852,147.34538,345.52,0.44,0.46,2025-03-14,0427,N21,nominal,2.0NRT,303.1,6.26,D
-33.86433,147.34409,353.21,0.44,0.46,2025-03-14,0427,N21,nominal,2.0NRT,303.28,16.13,D
-33.63024,148.12169,350.42,0.49,0.49,2025-03-14,0427,N21,nominal,2.0NRT,309.5,45.94,D
-33.68954,147.82965,338.22,0.47,0.48,2025-03-14,0427,N21,nominal,2.0NRT,303.45,4.94,D
-33.46656,148.29756,336.23,0.5,0.49,2025-03-14,0427,N21,nominal,2.0NRT,305.36,5.94,D
-33.46212,148.29616,337.07,0.5,0.49,2025-03-14,0427,N21,nominal,2.0NRT,307.04,11.19,D
-32.01192,151.67952,343.87,0.42,0.61,2025-03-14,0427,N21,nominal,2.0NRT,296.58,8.19,D
-32.00657,151.67705,348.23,0.42,0.61,2025-03-14,0427,N21,nominal,2.0NRT,298.81,8.19,D
-32.45358,147.79855,344.44,0.5,0.49,2025-03-14,0427,N21,nominal,2.0NRT,304.81,10.38,D
-32.17376,148.48788,344.47,0.55,0.51,2025-03-14,0427,N21,nominal,2.0NRT,311.55,20.27,D
-31.64373,149.65533,333.76,0.33,0.55,2025-03-14,0427,N21,nominal,2.0NRT,303.15,3.71,D
-31.19463,151.36006,354.39,0.42,0.61,2025-03-14,0427,N21,nominal,2.0NRT,299.63,12.38,D
-31.55855,149.45691,367,0.32,0.55,2025-03-14,0427,N21,high,2.0NRT,307.02,6.53,D
-31.56124,148.85808,346.74,0.6,0.53,2025-03-14,0427,N21,nominal,2.0NRT,312.72,58.01,D
-31.28162,148.65581,337.18,0.59,0.53,2025-03-14,0427,N21,nominal,2.0NRT,306.38,5.12,D
-31.28301,148.64973,330.93,0.59,0.53,2025-03-14,0427,N21,low,2.0NRT,305.02,1.88,D
-30.48154,150.95065,349.24,0.42,0.61,2025-03-14,0427,N21,nominal,2.0NRT,299.6,8.86,D
-31.40595,146.60826,345.18,0.45,0.47,2025-03-14,0427,N21,nominal,2.0NRT,311.44,11.42,D
-31.40073,146.61169,339.92,0.45,0.47,2025-03-14,0427,N21,low,2.0NRT,313.67,11.59,D
-31.40172,146.60703,354.62,0.45,0.47,2025-03-14,0427,N21,nominal,2.0NRT,316.48,11.59,D
-31.3965,146.61046,351.08,0.45,0.47,2025-03-14,0427,N21,nominal,2.0NRT,315.39,11.59,D
-31.39749,146.60577,344.83,0.45,0.47,2025-03-14,0427,N21,nominal,2.0NRT,313.93,11.59,D
-31.39227,146.60922,349.56,0.45,0.47,2025-03-14,0427,N21,nominal,2.0NRT,313.64,17.21,D
-28.50823,151.90179,335.06,0.53,0.67,2025-03-14,0427,N21,nominal,2.0NRT,298.19,5.25,D
-28.50215,151.90013,345.35,0.53,0.67,2025-03-14,0427,N21,nominal,2.0NRT,303.38,50.18,D
-31.38383,135.26654,347.87,0.49,0.4,2025-03-14,0427,N21,nominal,2.0NRT,320.84,93.38,D
-31.37949,135.27112,367,0.49,0.4,2025-03-14,0427,N21,low,2.0NRT,325.5,93.38,D
-31.3801,135.26595,367,0.49,0.4,2025-03-14,0427,N21,low,2.0NRT,345.5,93.38,D
-27.86502,151.17445,335.5,0.49,0.65,2025-03-14,0427,N21,nominal,2.0NRT,300.95,4.97,D
-27.86312,151.1731,332.36,0.49,0.65,2025-03-14,0427,N21,nominal,2.0NRT,300.3,4.49,D
-27.59735,149.59117,331.36,0.4,0.6,2025-03-14,0427,N21,low,2.0NRT,305.01,5.09,D
-27.60022,149.57933,332.23,0.4,0.6,2025-03-14,0427,N21,low,2.0NRT,304.67,5.24,D
-27.59479,149.57771,338.4,0.4,0.6,2025-03-14,0427,N21,nominal,2.0NRT,303.98,5.24,D
-27.59583,149.57574,343.1,0.4,0.6,2025-03-14,0427,N21,nominal,2.0NRT,303.03,6.21,D
-26.4549,147.55202,339.21,0.32,0.55,2025-03-14,0429,N21,nominal,2.0NRT,306.62,2.15,D
-24.77103,147.76675,344.06,0.36,0.58,2025-03-14,0429,N21,nominal,2.0NRT,298.27,9.97,D
-24.76576,147.76564,367,0.36,0.58,2025-03-14,0429,N21,high,2.0NRT,300.98,9.97,D
-24.75981,147.79208,338.41,0.36,0.58,2025-03-14,0429,N21,nominal,2.0NRT,299.81,6.59,D
-24.76059,147.78862,346.4,0.36,0.58,2025-03-14,0429,N21,nominal,2.0NRT,301.87,9.45,D
-24.76282,147.7787,337.17,0.36,0.58,2025-03-14,0429,N21,nominal,2.0NRT,298.76,7.58,D
-24.76355,147.7755,347.72,0.36,0.58,2025-03-14,0429,N21,nominal,2.0NRT,301,14.16,D
-24.75825,147.77446,367,0.36,0.58,2025-03-14,0429,N21,high,2.0NRT,305.01,14.92,D
-24.75901,147.77109,367,0.36,0.58,2025-03-14,0429,N21,high,2.0NRT,301.18,14.92,D
-24.75519,147.78804,334.07,0.36,0.58,2025-03-14,0429,N21,nominal,2.0NRT,301.94,5.34,D
-24.75749,147.77785,344.13,0.36,0.58,2025-03-14,0429,N21,nominal,2.0NRT,300.32,11.71,D
-23.27202,150.23633,340.36,0.55,0.68,2025-03-14,0429,N21,nominal,2.0NRT,294.51,8.71,D
-23.27522,150.23451,330.83,0.55,0.68,2025-03-14,0429,N21,nominal,2.0NRT,293.49,10.57,D
-24.97637,138.6754,346.26,0.39,0.36,2025-03-14,0429,N21,nominal,2.0NRT,296.46,14.54,D
-24.97243,138.6786,350.7,0.39,0.36,2025-03-14,0429,N21,nominal,2.0NRT,308.68,14.54,D
-24.97581,138.6357,367,0.39,0.36,2025-03-14,0429,N21,high,2.0NRT,309.04,15.52,D
-24.96849,138.68181,367,0.39,0.36,2025-03-14,0429,N21,low,2.0NRT,328.86,101.54,D
-24.96516,138.68117,367,0.39,0.36,2025-03-14,0429,N21,high,2.0NRT,357.45,101.54,D
-24.96455,138.68503,349.58,0.39,0.36,2025-03-14,0429,N21,nominal,2.0NRT,306.12,101.54,D
-24.96577,138.67734,347.64,0.39,0.36,2025-03-14,0429,N21,nominal,2.0NRT,317.45,35.33,D
-24.97248,138.63507,347.05,0.39,0.36,2025-03-14,0429,N21,nominal,2.0NRT,300,15.52,D
-24.96854,138.63826,367,0.39,0.36,2025-03-14,0429,N21,high,2.0NRT,315.13,117.33,D
-24.96122,138.68439,344.76,0.39,0.36,2025-03-14,0429,N21,nominal,2.0NRT,312.1,17.78,D
-24.96367,138.66901,355.15,0.39,0.36,2025-03-14,0429,N21,nominal,2.0NRT,316.11,19.23,D
-22.69631,147.81706,338,0.4,0.6,2025-03-14,0429,N21,nominal,2.0NRT,297.53,8.26,D
-24.21279,139.71619,354.62,0.41,0.37,2025-03-14,0429,N21,nominal,2.0NRT,323.72,36.87,D
-24.21347,139.71213,346.82,0.41,0.37,2025-03-14,0429,N21,low,2.0NRT,319.62,36.87,D
-24.21756,139.68787,345.73,0.41,0.37,2025-03-14,0429,N21,low,2.0NRT,318.44,9.81,D
-24.21824,139.68382,351.27,0.41,0.37,2025-03-14,0429,N21,nominal,2.0NRT,318.68,15.97,D
-24.21414,139.68718,347.42,0.41,0.37,2025-03-14,0429,N21,nominal,2.0NRT,316.55,9.81,D
-24.17821,139.75659,346,0.41,0.37,2025-03-14,0429,N21,low,2.0NRT,317.18,19.19,D
-24.17546,139.75183,352.53,0.41,0.37,2025-03-14,0429,N21,nominal,2.0NRT,318.73,19.63,D
-24.16312,139.74097,347.27,0.41,0.37,2025-03-14,0429,N21,nominal,2.0NRT,316.11,27.61,D
-23.05536,145.64108,346.01,0.58,0.52,2025-03-14,0429,N21,nominal,2.0NRT,305.27,7.6,D
-24.15353,139.73485,347.94,0.41,0.37,2025-03-14,0429,N21,nominal,2.0NRT,314.94,17.66,D
-24.14737,139.72942,343.82,0.41,0.37,2025-03-14,0429,N21,low,2.0NRT,314.59,11.66,D
-24.14462,139.72467,344.8,0.41,0.37,2025-03-14,0429,N21,low,2.0NRT,317.46,12.13,D
-24.12546,139.71246,344.03,0.41,0.37,2025-03-14,0429,N21,low,2.0NRT,316.97,8.93,D
-24.12204,139.71178,348.88,0.41,0.37,2025-03-14,0429,N21,low,2.0NRT,319.27,8.93,D
-24.11862,139.71109,348.65,0.41,0.37,2025-03-14,0429,N21,nominal,2.0NRT,318.07,11.96,D
-24.11588,139.70638,353.41,0.41,0.37,2025-03-14,0429,N21,nominal,2.0NRT,319,14.86,D
-24.11315,139.70163,349.72,0.41,0.37,2025-03-14,0429,N21,nominal,2.0NRT,321.1,38.5,D
-24.11383,139.69759,343.12,0.41,0.37,2025-03-14,0429,N21,low,2.0NRT,318.12,49.42,D
-22.53643,147.42407,330.4,0.39,0.59,2025-03-14,0429,N21,nominal,2.0NRT,295.16,5.51,D
-24.16428,128.71742,347.31,0.63,0.54,2025-03-14,0429,N21,nominal,2.0NRT,310.22,31.94,D
-24.15675,128.68976,351.89,0.32,0.54,2025-03-14,0429,N21,nominal,2.0NRT,313.55,16.64,D
-24.15704,128.68663,354.06,0.32,0.54,2025-03-14,0429,N21,nominal,2.0NRT,314.1,19.47,D
-22.44008,132.34407,346.95,0.54,0.42,2025-03-14,0432,N21,nominal,2.0NRT,309.06,17.41,D
-20.36265,144.49994,338.86,0.56,0.51,2025-03-14,0432,N21,nominal,2.0NRT,297.34,6.23,D
-20.37162,144.49538,332.29,0.56,0.51,2025-03-14,0432,N21,nominal,2.0NRT,300.29,7.93,D
-20.03833,139.62607,367,0.45,0.39,2025-03-14,0432,N21,high,2.0NRT,310.8,11.03,D
-20.03615,139.63893,345.17,0.45,0.39,2025-03-14,0432,N21,nominal,2.0NRT,306.69,30.22,D
-20.03688,139.6346,348.66,0.45,0.39,2025-03-14,0432,N21,nominal,2.0NRT,304.49,12.49,D
-20.03761,139.63033,349.19,0.45,0.39,2025-03-14,0432,N21,nominal,2.0NRT,306.53,12.49,D
-20.03904,139.62189,336.33,0.45,0.39,2025-03-14,0432,N21,nominal,2.0NRT,306.45,11.03,D
-20.03259,139.63824,367,0.45,0.39,2025-03-14,0432,N21,high,2.0NRT,312.84,30.22,D
-20.03333,139.63394,341.67,0.45,0.39,2025-03-14,0432,N21,nominal,2.0NRT,306.61,12.49,D
-20.03405,139.62965,338.2,0.45,0.39,2025-03-14,0432,N21,nominal,2.0NRT,308.23,12.49,D
-20.03477,139.62541,343.51,0.45,0.39,2025-03-14,0432,N21,nominal,2.0NRT,306.93,11.03,D
-20.03049,139.62901,343.03,0.45,0.39,2025-03-14,0432,N21,nominal,2.0NRT,309.88,11.92,D
-20.03122,139.62474,342.7,0.45,0.39,2025-03-14,0432,N21,nominal,2.0NRT,309.27,21.31,D
-20.03194,139.62048,348.49,0.45,0.39,2025-03-14,0432,N21,nominal,2.0NRT,311.21,21.31,D
-20.02401,139.64554,336.87,0.45,0.39,2025-03-14,0432,N21,low,2.0NRT,308.11,7.21,D
-20.02475,139.6412,342.93,0.45,0.39,2025-03-14,0432,N21,nominal,2.0NRT,310.4,12.96,D
-20.02767,139.62407,346.71,0.45,0.39,2025-03-14,0432,N21,nominal,2.0NRT,308.74,21.31,D
-20.02839,139.6198,349.73,0.45,0.39,2025-03-14,0432,N21,nominal,2.0NRT,310.84,21.31,D
-20.02046,139.64484,337.29,0.45,0.39,2025-03-14,0432,N21,low,2.0NRT,309.3,6.37,D
-20.0169,139.64418,345.01,0.45,0.39,2025-03-14,0432,N21,nominal,2.0NRT,309.33,6.37,D
-20.01334,139.64352,350.4,0.45,0.39,2025-03-14,0432,N21,nominal,2.0NRT,312.16,25.03,D
-20.00978,139.64284,351.45,0.45,0.39,2025-03-14,0432,N21,nominal,2.0NRT,314.81,25.03,D
-20.00623,139.64218,336.75,0.45,0.39,2025-03-14,0432,N21,low,2.0NRT,307.11,7.83,D
-20.00696,139.63792,341.37,0.45,0.39,2025-03-14,0432,N21,nominal,2.0NRT,307.53,6.2,D
-20.00769,139.63364,338.49,0.45,0.39,2025-03-14,0432,N21,low,2.0NRT,308.79,6.2,D
-20.00842,139.62933,342.59,0.45,0.39,2025-03-14,0432,N21,nominal,2.0NRT,312.16,10.73,D
-20.00413,139.633,340.84,0.45,0.39,2025-03-14,0432,N21,nominal,2.0NRT,306.65,6.2,D
-20.33567,136.90579,348.84,0.38,0.36,2025-03-14,0432,N21,nominal,2.0NRT,314.18,9.8,D
-20.33624,136.90213,349.22,0.38,0.36,2025-03-14,0432,N21,nominal,2.0NRT,314.35,9.75,D
-20.3368,136.89845,349.58,0.38,0.36,2025-03-14,0432,N21,nominal,2.0NRT,313.67,9.75,D
-20.33737,136.89478,349.32,0.38,0.36,2025-03-14,0432,N21,nominal,2.0NRT,314.24,21.13,D
-20.33236,136.90521,345.79,0.38,0.36,2025-03-14,0432,N21,nominal,2.0NRT,314.43,9.8,D
-20.33358,136.87529,355.08,0.38,0.36,2025-03-14,0432,N21,nominal,2.0NRT,310.53,28.81,D
-20.328,136.88937,354.68,0.38,0.36,2025-03-14,0432,N21,nominal,2.0NRT,315.4,25.51,D
-20.32914,136.88205,351.2,0.38,0.36,2025-03-14,0432,N21,nominal,2.0NRT,313.3,21.84,D
-20.31694,136.89499,349.97,0.38,0.36,2025-03-14,0432,N21,nominal,2.0NRT,315.07,13.43,D
-20.31751,136.89133,350.49,0.38,0.36,2025-03-14,0432,N21,nominal,2.0NRT,317.38,12.99,D
-20.31477,136.8871,355.07,0.38,0.36,2025-03-14,0432,N21,nominal,2.0NRT,315.59,12.99,D
-20.31202,136.88286,367,0.38,0.36,2025-03-14,0432,N21,high,2.0NRT,315.27,14.64,D
-20.30928,136.8786,367,0.38,0.36,2025-03-14,0432,N21,high,2.0NRT,313.54,14.64,D
-21.03617,131.55455,350.62,0.39,0.44,2025-03-14,0432,N21,nominal,2.0NRT,300.43,18.66,D
-21.03485,131.55362,367,0.39,0.44,2025-03-14,0432,N21,high,2.0NRT,310.17,23.38,D
-21.03439,131.55734,343.4,0.39,0.44,2025-03-14,0432,N21,nominal,2.0NRT,303.3,23.38,D
-21.03532,131.54991,313.07,0.39,0.44,2025-03-14,0432,N21,low,2.0NRT,324.03,146.44,D
-21.03084,131.55309,367,0.39,0.44,2025-03-14,0432,N21,high,2.0NRT,307.92,8.94,D
-21.03037,131.55681,350.32,0.39,0.44,2025-03-14,0432,N21,nominal,2.0NRT,308.27,8.94,D
-21.0313,131.54936,338.41,0.39,0.44,2025-03-14,0432,N21,nominal,2.0NRT,304.47,3.68,D
-21.02635,131.55627,367,0.39,0.44,2025-03-14,0432,N21,high,2.0NRT,306.95,8.94,D
-21.02233,131.55574,367,0.39,0.44,2025-03-14,0432,N21,high,2.0NRT,311.85,14.47,D
-21.02279,131.55202,367,0.39,0.44,2025-03-14,0432,N21,high,2.0NRT,311.73,14.47,D
-21.02186,131.55946,337.9,0.39,0.44,2025-03-14,0432,N21,nominal,2.0NRT,307.32,4.09,D
-21.02326,131.54829,339.49,0.39,0.44,2025-03-14,0432,N21,nominal,2.0NRT,307.44,7.91,D
-19.433,138.64049,343.76,0.42,0.38,2025-03-14,0432,N21,nominal,2.0NRT,308.63,5.11,D
-19.42219,138.57726,367,0.42,0.37,2025-03-14,0432,N21,high,2.0NRT,310.79,10.88,D
-19.42285,138.5733,367,0.42,0.37,2025-03-14,0432,N21,high,2.0NRT,310.2,10.88,D
-19.42089,138.58519,347.3,0.42,0.37,2025-03-14,0432,N21,nominal,2.0NRT,310.38,7.68,D
-19.42154,138.58122,349.73,0.42,0.37,2025-03-14,0432,N21,nominal,2.0NRT,309.41,7.68,D
-19.41941,138.57268,344.9,0.42,0.37,2025-03-14,0432,N21,nominal,2.0NRT,309.72,10.88,D
-19.42007,138.56873,351.63,0.42,0.37,2025-03-14,0432,N21,nominal,2.0NRT,308.55,35.8,D
-19.41402,138.58394,344.02,0.42,0.37,2025-03-14,0432,N21,nominal,2.0NRT,309.79,13.08,D
-19.41664,138.56808,345.77,0.42,0.37,2025-03-14,0432,N21,nominal,2.0NRT,315.57,52.6,D
-19.39412,138.6825,335.69,0.42,0.38,2025-03-14,0432,N21,nominal,2.0NRT,305.53,4.83,D
-19.40731,138.60306,339.42,0.42,0.38,2025-03-14,0432,N21,nominal,2.0NRT,308.56,9.79,D
-19.40796,138.59912,347.4,0.42,0.38,2025-03-14,0432,N21,nominal,2.0NRT,306.13,10.49,D
-19.40862,138.59517,353.39,0.42,0.38,2025-03-14,0432,N21,nominal,2.0NRT,306.66,10.49,D
-19.40927,138.59122,341.06,0.42,0.37,2025-03-14,0432,N21,nominal,2.0NRT,305.27,8.4,D
-19.40518,138.59454,347.18,0.42,0.38,2025-03-14,0432,N21,nominal,2.0NRT,306.31,14.34,D
-19.40584,138.59059,344.23,0.42,0.37,2025-03-14,0432,N21,nominal,2.0NRT,307.2,14.23,D
-19.41108,138.55896,345.51,0.42,0.37,2025-03-14,0432,N21,nominal,2.0NRT,305.42,11.88,D
-19.38789,138.67726,350.44,0.42,0.38,2025-03-14,0432,N21,nominal,2.0NRT,306.49,5.64,D
-19.38856,138.67329,339.36,0.42,0.38,2025-03-14,0432,N21,nominal,2.0NRT,307.02,5.64,D
-19.40765,138.55832,348.14,0.42,0.37,2025-03-14,0432,N21,nominal,2.0NRT,306.52,11.88,D
-19.38578,138.66864,346.68,0.42,0.38,2025-03-14,0432,N21,nominal,2.0NRT,305.95,4.65,D
-19.39963,138.58537,352.2,0.42,0.37,2025-03-14,0432,N21,nominal,2.0NRT,305.55,13.35,D
-19.40225,138.56953,345.07,0.42,0.37,2025-03-14,0432,N21,nominal,2.0NRT,303.46,4.84,D
-19.383,138.66403,340.34,0.42,0.38,2025-03-14,0432,N21,nominal,2.0NRT,304.13,4.65,D
-19.38366,138.66005,334.47,0.42,0.38,2025-03-14,0432,N21,nominal,2.0NRT,305.85,4.5,D
-19.38088,138.65544,367,0.42,0.38,2025-03-14,0432,N21,high,2.0NRT,306.89,8.91,D
-19.38022,138.65942,334.42,0.42,0.38,2025-03-14,0432,N21,nominal,2.0NRT,305.28,8.91,D
-19.38154,138.65146,354.85,0.42,0.38,2025-03-14,0432,N21,nominal,2.0NRT,303.06,19.52,D
-19.38221,138.64749,337.18,0.42,0.38,2025-03-14,0432,N21,nominal,2.0NRT,297.03,19.52,D
-19.38683,138.61974,341.78,0.42,0.38,2025-03-14,0432,N21,nominal,2.0NRT,304.21,4.3,D
-19.3781,138.65083,367,0.42,0.38,2025-03-14,0432,N21,high,2.0NRT,305.71,19.52,D
-19.37877,138.64687,353.64,0.42,0.38,2025-03-14,0432,N21,nominal,2.0NRT,309.12,19.52,D
-19.37943,138.6429,350.51,0.42,0.38,2025-03-14,0432,N21,nominal,2.0NRT,299.53,8.37,D
-19.38405,138.61516,343.79,0.42,0.38,2025-03-14,0432,N21,nominal,2.0NRT,303.63,4.3,D
-19.37665,138.63829,348.65,0.42,0.38,2025-03-14,0432,N21,nominal,2.0NRT,305.22,6.69,D
-19.37387,138.63368,344.43,0.42,0.38,2025-03-14,0432,N21,nominal,2.0NRT,306.75,9.88,D
-19.37453,138.62973,349.87,0.42,0.38,2025-03-14,0432,N21,nominal,2.0NRT,309.18,9.88,D
-19.3711,138.62907,337.54,0.42,0.38,2025-03-14,0432,N21,low,2.0NRT,307.69,4.94,D
-19.37176,138.62512,351.17,0.42,0.38,2025-03-14,0432,N21,nominal,2.0NRT,308.66,6.11,D
-19.37242,138.62115,335.87,0.42,0.38,2025-03-14,0432,N21,nominal,2.0NRT,299.49,6.11,D
-19.37572,138.60138,341.16,0.42,0.38,2025-03-14,0432,N21,nominal,2.0NRT,304.67,5.49,D
-19.36898,138.62051,350.6,0.42,0.38,2025-03-14,0432,N21,nominal,2.0NRT,308.44,6.11,D
-19.37229,138.60075,343.12,0.42,0.38,2025-03-14,0432,N21,nominal,2.0NRT,305.09,5.49,D
-19.36972,138.62064,367,0.42,0.38,2025-03-14,0432,N21,high,2.0NRT,308.59,10.59,D
-19.37295,138.60083,343.96,0.42,0.38,2025-03-14,0432,N21,nominal,2.0NRT,304.78,4.39,D
-19.36693,138.61604,336.1,0.42,0.38,2025-03-14,0432,N21,nominal,2.0NRT,299.62,2.66,D
-19.36887,138.60417,338.8,0.42,0.38,2025-03-14,0432,N21,nominal,2.0NRT,303.48,2.01,D
-19.36951,138.60022,339.66,0.42,0.38,2025-03-14,0432,N21,nominal,2.0NRT,305.97,4.39,D
-18.33871,143.89615,331.62,0.56,0.51,2025-03-14,0432,N21,nominal,2.0NRT,296.11,9.75,D
-18.33297,143.90051,338.23,0.56,0.51,2025-03-14,0432,N21,nominal,2.0NRT,295.36,8.07,D
-18.33401,143.89528,349.88,0.56,0.51,2025-03-14,0432,N21,nominal,2.0NRT,294.97,9.75,D
-18.32929,143.89447,340.28,0.56,0.51,2025-03-14,0432,N21,nominal,2.0NRT,293.72,6.9,D
-18.32458,143.89366,333.31,0.56,0.51,2025-03-14,0432,N21,nominal,2.0NRT,296.23,6.9,D
-19.80648,132.74576,352.22,0.48,0.4,2025-03-14,0432,N21,nominal,2.0NRT,310.78,18.05,D
-19.81109,132.74785,341.88,0.48,0.4,2025-03-14,0432,N21,nominal,2.0NRT,308.5,8.81,D
-19.80739,132.7473,349.36,0.48,0.4,2025-03-14,0432,N21,nominal,2.0NRT,309.49,8.81,D
-19.69035,131.99289,345.52,0.53,0.42,2025-03-14,0432,N21,nominal,2.0NRT,306.47,5.39,D
-19.6865,131.99236,343.26,0.53,0.42,2025-03-14,0432,N21,nominal,2.0NRT,305.56,21.56,D
-19.69093,131.95694,346.07,0.53,0.42,2025-03-14,0432,N21,nominal,2.0NRT,306.65,14.48,D
-19.69181,131.99486,339.61,0.53,0.42,2025-03-14,0432,N21,nominal,2.0NRT,305.48,2.57,D
-19.68796,131.99432,343.9,0.53,0.42,2025-03-14,0432,N21,nominal,2.0NRT,305.55,18.56,D
-19.69261,131.959,347.18,0.53,0.42,2025-03-14,0432,N21,nominal,2.0NRT,301.69,6.35,D
-19.68876,131.95847,340.92,0.53,0.42,2025-03-14,0432,N21,nominal,2.0NRT,304.19,6.35,D
-19.68093,131.98822,345.58,0.53,0.42,2025-03-14,0432,N21,nominal,2.0NRT,303.7,6.71,D
-19.67774,131.98264,340.81,0.53,0.42,2025-03-14,0432,N21,nominal,2.0NRT,301.56,9.65,D
-19.67455,131.97707,343,0.53,0.42,2025-03-14,0432,N21,nominal,2.0NRT,301.71,6.79,D
-19.6752,131.97203,337.9,0.53,0.42,2025-03-14,0432,N21,nominal,2.0NRT,302.95,6.61,D
-19.67135,131.97151,344.52,0.53,0.42,2025-03-14,0432,N21,nominal,2.0NRT,304.35,6.61,D
-19.67201,131.96646,343.59,0.53,0.42,2025-03-14,0432,N21,nominal,2.0NRT,307.4,6.61,D
-19.42019,133.59589,343.06,0.44,0.38,2025-03-14,0432,N21,nominal,2.0NRT,307.4,15.83,D
-19.42077,133.59169,345.93,0.44,0.38,2025-03-14,0432,N21,nominal,2.0NRT,303.27,13.66,D
-19.41255,133.599,367,0.44,0.38,2025-03-14,0432,N21,high,2.0NRT,313.57,294.46,D
-19.41313,133.59482,367,0.44,0.38,2025-03-14,0432,N21,high,2.0NRT,310.75,294.46,D
-19.4137,133.59064,367,0.44,0.38,2025-03-14,0432,N21,high,2.0NRT,311.41,109,D
-19.41083,133.61157,354.28,0.44,0.38,2025-03-14,0432,N21,nominal,2.0NRT,309.64,22.89,D
-19.4114,133.60738,350.18,0.44,0.38,2025-03-14,0432,N21,nominal,2.0NRT,310.11,62.25,D
-19.41198,133.6032,354.96,0.44,0.38,2025-03-14,0432,N21,nominal,2.0NRT,314.34,62.25,D
-19.40787,133.60684,343.52,0.44,0.38,2025-03-14,0432,N21,nominal,2.0NRT,307.19,62.25,D
-19.41074,133.58591,355.12,0.44,0.38,2025-03-14,0432,N21,nominal,2.0NRT,311.48,109,D
-19.40902,133.59848,367,0.44,0.38,2025-03-14,0432,N21,low,2.0NRT,354.35,294.46,D
-19.4096,133.5943,367,0.44,0.38,2025-03-14,0432,N21,low,2.0NRT,358.36,294.46,D
-19.60183,131.80626,341.38,0.54,0.42,2025-03-14,0432,N21,nominal,2.0NRT,305.74,7.08,D
-19.60053,131.80882,346.46,0.54,0.42,2025-03-14,0432,N21,nominal,2.0NRT,303.3,14.75,D
-19.58754,131.81747,347.52,0.54,0.42,2025-03-14,0432,N21,nominal,2.0NRT,304.36,8.05,D
-19.57656,131.81073,353.87,0.54,0.42,2025-03-14,0432,N21,nominal,2.0NRT,305.27,13.12,D
-19.57334,131.80507,348.62,0.54,0.42,2025-03-14,0432,N21,nominal,2.0NRT,305.04,11.2,D
-19.574,131.79993,350.89,0.54,0.42,2025-03-14,0432,N21,nominal,2.0NRT,305.39,11.2,D
-19.57466,131.79477,346,0.54,0.42,2025-03-14,0432,N21,nominal,2.0NRT,304.76,13.46,D
-19.7298,130.01387,335.71,0.46,0.47,2025-03-14,0432,N21,nominal,2.0NRT,301.02,3.06,D
-19.73031,130.00946,334.43,0.46,0.47,2025-03-14,0432,N21,nominal,2.0NRT,302.33,3.06,D
-19.72545,130.01332,354.27,0.46,0.47,2025-03-14,0432,N21,nominal,2.0NRT,303.43,16.96,D
-19.72646,130.00452,339.15,0.46,0.47,2025-03-14,0432,N21,nominal,2.0NRT,302.91,10.03,D
-19.72747,129.99571,333.26,0.46,0.47,2025-03-14,0432,N21,nominal,2.0NRT,301.31,22.89,D
-19.7226,129.99956,367,0.46,0.47,2025-03-14,0432,N21,high,2.0NRT,306.53,10.03,D
-19.7221,130.00398,335.75,0.46,0.47,2025-03-14,0432,N21,nominal,2.0NRT,304.3,10.03,D
-19.72311,129.99516,353.06,0.46,0.47,2025-03-14,0432,N21,nominal,2.0NRT,306.01,22.89,D
-19.72404,130.01385,345.5,0.46,0.47,2025-03-14,0432,N21,nominal,2.0NRT,301.92,7.28,D
-19.72511,130.00508,341.62,0.46,0.47,2025-03-14,0432,N21,nominal,2.0NRT,303.49,9.2,D
-19.72618,129.99629,349.96,0.46,0.47,2025-03-14,0432,N21,nominal,2.0NRT,303.81,12.75,D
-19.72672,129.99188,335.76,0.46,0.47,2025-03-14,0432,N21,nominal,2.0NRT,300.73,12.75,D
-19.71968,130.01329,342.23,0.46,0.47,2025-03-14,0432,N21,nominal,2.0NRT,302.12,7.28,D
-19.72075,130.00453,336.23,0.46,0.47,2025-03-14,0432,N21,nominal,2.0NRT,303.6,9.2,D
-19.72128,130.00014,350.83,0.46,0.47,2025-03-14,0432,N21,nominal,2.0NRT,304.34,9.2,D
-19.72182,129.99574,350.06,0.46,0.47,2025-03-14,0432,N21,nominal,2.0NRT,301.3,12.75,D
-19.72235,129.99133,340.32,0.46,0.47,2025-03-14,0432,N21,nominal,2.0NRT,297.67,12.75,D
-18.73075,136.7757,336.31,0.39,0.36,2025-03-14,0432,N21,low,2.0NRT,309.01,6.5,D
-18.73131,136.77203,344.77,0.39,0.36,2025-03-14,0432,N21,nominal,2.0NRT,310.66,63.34,D
-18.72525,136.76726,348.73,0.39,0.36,2025-03-14,0432,N21,nominal,2.0NRT,312.33,15.39,D
-18.72137,136.77032,339.53,0.39,0.36,2025-03-14,0432,N21,nominal,2.0NRT,308.45,15.39,D
-18.72194,136.76668,353.1,0.39,0.36,2025-03-14,0432,N21,nominal,2.0NRT,317.18,15.39,D
-18.71806,136.76976,336.77,0.39,0.36,2025-03-14,0432,N21,low,2.0NRT,307.06,6.88,D
-19.53256,130.12787,347.2,0.45,0.47,2025-03-14,0432,N21,nominal,2.0NRT,295.74,12.33,D
-19.53307,130.12355,342.83,0.45,0.47,2025-03-14,0432,N21,nominal,2.0NRT,294.99,21.88,D
-19.53358,130.11926,354.45,0.45,0.47,2025-03-14,0432,N21,nominal,2.0NRT,300.02,21.88,D
-19.5346,130.11069,354.4,0.45,0.47,2025-03-14,0432,N21,nominal,2.0NRT,299.26,28.9,D
-19.5351,130.1064,347.33,0.45,0.47,2025-03-14,0432,N21,nominal,2.0NRT,298.08,16.71,D
-19.52978,130.11441,367,0.45,0.47,2025-03-14,0432,N21,high,2.0NRT,303.04,28.9,D
-19.52672,130.1402,345.55,0.45,0.47,2025-03-14,0432,N21,nominal,2.0NRT,297.72,10.75,D
-19.52927,130.11871,348.83,0.45,0.47,2025-03-14,0432,N21,nominal,2.0NRT,301.77,21.88,D
-19.53028,130.11012,354.77,0.45,0.47,2025-03-14,0432,N21,nominal,2.0NRT,301.37,28.9,D
-19.53079,130.10583,344.54,0.45,0.47,2025-03-14,0432,N21,nominal,2.0NRT,298.74,16.71,D
-19.5214,130.14824,367,0.45,0.47,2025-03-14,0432,N21,high,2.0NRT,301.71,38.51,D
-19.52191,130.14394,346.69,0.45,0.47,2025-03-14,0432,N21,nominal,2.0NRT,310.19,38.51,D
-19.52241,130.13966,345.23,0.45,0.47,2025-03-14,0432,N21,nominal,2.0NRT,304.64,21.88,D
-19.5181,130.13913,367,0.45,0.47,2025-03-14,0432,N21,high,2.0NRT,305.08,21.88,D
-19.5176,130.14342,333.69,0.45,0.47,2025-03-14,0432,N21,nominal,2.0NRT,303.32,38.51,D
-19.51861,130.13483,333.81,0.45,0.47,2025-03-14,0432,N21,nominal,2.0NRT,302.88,21.88,D
-19.51962,130.12622,337.8,0.45,0.47,2025-03-14,0432,N21,nominal,2.0NRT,302.2,11.7,D
-19.51531,130.12567,335.17,0.45,0.47,2025-03-14,0432,N21,nominal,2.0NRT,301.94,5.24,D
-19.50697,130.1595,341.86,0.45,0.47,2025-03-14,0432,N21,nominal,2.0NRT,302.9,9.21,D
-19.51049,130.12947,341.75,0.45,0.47,2025-03-14,0432,N21,nominal,2.0NRT,301.7,5.24,D
-19.51099,130.12515,336.82,0.45,0.47,2025-03-14,0432,N21,nominal,2.0NRT,301.46,5.24,D
-19.50517,130.13754,336.81,0.45,0.47,2025-03-14,0432,N21,nominal,2.0NRT,293.92,21.84,D
-19.50567,130.13326,347.62,0.45,0.47,2025-03-14,0432,N21,nominal,2.0NRT,299.18,21.84,D
-19.50617,130.12895,355.45,0.45,0.47,2025-03-14,0432,N21,nominal,2.0NRT,301.03,21.11,D
-19.50667,130.12465,354.23,0.45,0.47,2025-03-14,0432,N21,nominal,2.0NRT,301.51,21.11,D
-19.50085,130.13701,367,0.45,0.47,2025-03-14,0432,N21,high,2.0NRT,296.46,21.84,D
-19.50185,130.12843,367,0.45,0.47,2025-03-14,0432,N21,high,2.0NRT,303.47,21.11,D
-19.49785,130.16273,339.75,0.45,0.47,2025-03-14,0432,N21,nominal,2.0NRT,299.45,8.23,D
-19.49935,130.1499,340.21,0.45,0.47,2025-03-14,0432,N21,nominal,2.0NRT,300.98,12.55,D
-19.49985,130.14561,352.16,0.45,0.47,2025-03-14,0432,N21,nominal,2.0NRT,300.58,12.72,D
-19.50035,130.14131,348.64,0.45,0.47,2025-03-14,0432,N21,nominal,2.0NRT,295.13,12.72,D
-19.50135,130.13272,346.89,0.45,0.47,2025-03-14,0432,N21,nominal,2.0NRT,301.93,21.84,D
-19.50235,130.12415,355.69,0.45,0.47,2025-03-14,0432,N21,nominal,2.0NRT,306.57,21.11,D
-19.49754,130.12791,367,0.45,0.47,2025-03-14,0432,N21,high,2.0NRT,304.27,189.37,D
-19.49804,130.12364,367,0.45,0.47,2025-03-14,0432,N21,high,2.0NRT,343.41,189.37,D
-19.49323,130.1274,367,0.45,0.47,2025-03-14,0432,N21,high,2.0NRT,295.08,189.37,D
-19.48825,130.17023,343.23,0.45,0.47,2025-03-14,0432,N21,nominal,2.0NRT,301.69,12.69,D
-19.49372,130.12311,207.38,0.45,0.47,2025-03-14,0432,N21,low,2.0NRT,314.74,189.37,D
-19.48396,130.16965,355.08,0.45,0.47,2025-03-14,0432,N21,nominal,2.0NRT,302.11,21.88,D
-19.48692,130.14406,345.09,0.45,0.47,2025-03-14,0432,N21,nominal,2.0NRT,301.67,11.83,D
-19.48742,130.13974,346.35,0.45,0.47,2025-03-14,0432,N21,nominal,2.0NRT,300.03,11.83,D
-19.48792,130.13544,351.84,0.45,0.47,2025-03-14,0432,N21,nominal,2.0NRT,297.31,9.06,D
-19.48841,130.13115,343.49,0.45,0.47,2025-03-14,0432,N21,nominal,2.0NRT,291.9,9.06,D
-19.48891,130.12685,354.01,0.45,0.47,2025-03-14,0432,N21,nominal,2.0NRT,299.1,12.85,D
-19.48941,130.12254,346.03,0.45,0.47,2025-03-14,0432,N21,nominal,2.0NRT,301.43,12.85,D
-19.48261,130.14352,367,0.45,0.47,2025-03-14,0432,N21,high,2.0NRT,302.54,11.83,D
-19.4836,130.13492,353.6,0.45,0.47,2025-03-14,0432,N21,nominal,2.0NRT,303.57,9.06,D
-19.4841,130.13063,344.03,0.45,0.47,2025-03-14,0432,N21,nominal,2.0NRT,302.25,9.06,D
-19.4846,130.12631,353.75,0.45,0.47,2025-03-14,0432,N21,nominal,2.0NRT,300.21,12.85,D
-19.49502,130.1284,367,0.45,0.47,2025-03-14,0432,N21,high,2.0NRT,294.68,165.91,D
-19.49555,130.12413,367,0.45,0.47,2025-03-14,0432,N21,high,2.0NRT,326.28,165.91,D
-19.48974,130.17111,338.87,0.45,0.47,2025-03-14,0432,N21,nominal,2.0NRT,300.96,10.83,D
-19.48545,130.17059,341.99,0.45,0.47,2025-03-14,0432,N21,nominal,2.0NRT,301.89,10.83,D
-19.4886,130.14502,350.91,0.45,0.47,2025-03-14,0432,N21,nominal,2.0NRT,302.59,7.78,D
-19.48912,130.14073,348.5,0.45,0.47,2025-03-14,0432,N21,nominal,2.0NRT,299.21,7.78,D
-19.48965,130.13643,337.99,0.45,0.47,2025-03-14,0432,N21,nominal,2.0NRT,293.99,3.83,D
-19.49071,130.12787,354.77,0.45,0.47,2025-03-14,0432,N21,nominal,2.0NRT,295.22,165.91,D
-19.49177,130.11929,342.05,0.45,0.47,2025-03-14,0432,N21,nominal,2.0NRT,300.93,178.54,D
-19.48115,130.17001,333.44,0.45,0.47,2025-03-14,0432,N21,nominal,2.0NRT,300.86,8.48,D
-19.48429,130.14449,336.27,0.45,0.47,2025-03-14,0432,N21,nominal,2.0NRT,300.49,7.4,D
-19.48482,130.14021,340.98,0.45,0.47,2025-03-14,0432,N21,nominal,2.0NRT,300.86,7.4,D
-19.48534,130.13591,349.24,0.45,0.47,2025-03-14,0432,N21,nominal,2.0NRT,303.27,12.07,D
-19.48587,130.13165,344.62,0.45,0.47,2025-03-14,0432,N21,nominal,2.0NRT,300.99,12.07,D
-19.4864,130.12735,340.71,0.45,0.47,2025-03-14,0432,N21,nominal,2.0NRT,296.63,19.23,D
-19.47998,130.14395,367,0.45,0.47,2025-03-14,0432,N21,high,2.0NRT,304.63,7.4,D
-19.48156,130.13113,367,0.45,0.47,2025-03-14,0432,N21,high,2.0NRT,304.19,12.07,D
-19.48051,130.13968,337.56,0.45,0.47,2025-03-14,0432,N21,nominal,2.0NRT,303.22,7.4,D
-19.48103,130.13541,350.77,0.45,0.47,2025-03-14,0432,N21,nominal,2.0NRT,303.75,12.07,D
-19.48208,130.12683,351.34,0.45,0.47,2025-03-14,0432,N21,nominal,2.0NRT,304.11,19.23,D
-19.47516,130.14769,341.79,0.45,0.47,2025-03-14,0432,N21,nominal,2.0NRT,302.59,6.02,D
-19.47568,130.1434,353.15,0.45,0.47,2025-03-14,0432,N21,nominal,2.0NRT,304.85,9.52,D
-19.4762,130.13914,343.05,0.45,0.47,2025-03-14,0432,N21,nominal,2.0NRT,302.91,9.52,D
-19.51221,129.73109,341.36,0.48,0.48,2025-03-14,0432,N21,nominal,2.0NRT,297.09,5.15,D
-19.50778,129.73056,342.01,0.48,0.48,2025-03-14,0432,N21,nominal,2.0NRT,297.65,11.86,D
-19.50389,129.72545,353.47,0.48,0.48,2025-03-14,0432,N21,nominal,2.0NRT,299.03,15.58,D
-19.50498,129.71632,336.27,0.48,0.48,2025-03-14,0432,N21,nominal,2.0NRT,297.77,4.23,D
-19.50001,129.72035,352.94,0.48,0.48,2025-03-14,0432,N21,nominal,2.0NRT,296.98,10.68,D
-18.05494,137.60759,343.25,0.4,0.37,2025-03-14,0432,N21,low,2.0NRT,314.06,15.07,D
-18.05676,137.5963,345.83,0.4,0.37,2025-03-14,0432,N21,nominal,2.0NRT,309.18,9.6,D
-18.05278,137.59946,353.25,0.4,0.37,2025-03-14,0432,N21,nominal,2.0NRT,313.66,26.27,D
-18.05338,137.59569,352.59,0.4,0.37,2025-03-14,0432,N21,nominal,2.0NRT,310.32,9.6,D
-18.05399,137.59193,347.71,0.4,0.37,2025-03-14,0432,N21,nominal,2.0NRT,308.29,9.6,D
-18.04759,137.61018,344.47,0.4,0.37,2025-03-14,0432,N21,nominal,2.0NRT,313.11,18.08,D
-18.04846,137.58324,348.89,0.4,0.37,2025-03-14,0432,N21,nominal,2.0NRT,307.74,7.83,D
-18.03687,137.61215,347.17,0.4,0.37,2025-03-14,0432,N21,nominal,2.0NRT,311.29,67.31,D
-18.03532,137.6003,342.74,0.4,0.37,2025-03-14,0432,N21,nominal,2.0NRT,309.46,12.75,D
-18.03405,137.56519,367,0.4,0.37,2025-03-14,0432,N21,high,2.0NRT,313.35,9.52,D
-18.03345,137.56897,342.01,0.4,0.37,2025-03-14,0432,N21,nominal,2.0NRT,310.54,9.52,D
-18.03069,137.56462,346.75,0.4,0.37,2025-03-14,0432,N21,nominal,2.0NRT,312.4,9.52,D
-18.02732,137.56403,354.31,0.4,0.37,2025-03-14,0432,N21,nominal,2.0NRT,312.13,16.53,D
-18.00776,137.64203,344.65,0.4,0.37,2025-03-14,0432,N21,nominal,2.0NRT,310.98,7.25,D
-18.00837,137.63821,342.73,0.4,0.37,2025-03-14,0432,N21,nominal,2.0NRT,311.77,7.25,D
-18.01753,137.5817,345.8,0.4,0.37,2025-03-14,0432,N21,nominal,2.0NRT,310.58,74.37,D
-18.00561,137.63385,341.84,0.4,0.37,2025-03-14,0432,N21,low,2.0NRT,311.91,10.58,D
-18.00426,137.63345,340.69,0.4,0.37,2025-03-14,0432,N21,low,2.0NRT,311.77,12.38,D
-18.00027,137.63667,338.24,0.4,0.37,2025-03-14,0432,N21,low,2.0NRT,309.95,9.31,D
-17.99811,137.62852,341.34,0.4,0.37,2025-03-14,0432,N21,nominal,2.0NRT,309.05,5.7,D
-17.99871,137.62474,345.78,0.4,0.37,2025-03-14,0432,N21,nominal,2.0NRT,311.13,16.83,D
-18.8267,130.38828,335.25,0.43,0.46,2025-03-14,0432,N21,nominal,2.0NRT,301.07,3.32,D
-18.8225,130.3877,345.4,0.43,0.46,2025-03-14,0432,N21,nominal,2.0NRT,302.52,9.61,D
-18.81363,130.39061,342.54,0.43,0.46,2025-03-14,0432,N21,nominal,2.0NRT,301.37,4.12,D
-18.81797,130.35406,337.22,0.43,0.46,2025-03-14,0432,N21,nominal,2.0NRT,290.53,3.48,D
-18.81845,130.34999,336.48,0.43,0.46,2025-03-14,0432,N21,nominal,2.0NRT,296.71,1.8,D
-18.80943,130.39003,337.89,0.43,0.46,2025-03-14,0432,N21,nominal,2.0NRT,300.93,4.12,D
-18.81472,130.34538,337.05,0.43,0.46,2025-03-14,0432,N21,nominal,2.0NRT,296.09,1.8,D
-18.8168,130.39128,339.42,0.43,0.46,2025-03-14,0432,N21,nominal,2.0NRT,299.93,4.18,D
-18.81261,130.39073,340.02,0.43,0.46,2025-03-14,0432,N21,nominal,2.0NRT,301.12,4.18,D
-18.80841,130.39017,339.06,0.43,0.46,2025-03-14,0432,N21,nominal,2.0NRT,301.02,3.53,D
-18.81402,130.3456,348.13,0.43,0.46,2025-03-14,0432,N21,nominal,2.0NRT,296.54,186.89,D
-18.80422,130.3896,339.24,0.43,0.46,2025-03-14,0432,N21,nominal,2.0NRT,301.34,3.53,D
-18.81031,130.34103,353.88,0.43,0.46,2025-03-14,0432,N21,nominal,2.0NRT,296.56,19.19,D
-18.8098,130.34508,367,0.43,0.46,2025-03-14,0432,N21,low,2.0NRT,327.08,186.89,D
-18.80306,130.36476,332.35,0.43,0.46,2025-03-14,0432,N21,nominal,2.0NRT,298.54,4.06,D
-18.80609,130.34055,354.73,0.43,0.46,2025-03-14,0432,N21,nominal,2.0NRT,293.48,5.89,D
-18.8066,130.33649,345.61,0.43,0.46,2025-03-14,0432,N21,nominal,2.0NRT,293.79,5.89,D
-18.80238,130.336,332.83,0.43,0.46,2025-03-14,0432,N21,nominal,2.0NRT,294.41,5.89,D
-18.36747,132.66824,367,0.47,0.4,2025-03-14,0432,N21,high,2.0NRT,308.67,9.12,D
-18.36687,132.6727,340.95,0.47,0.4,2025-03-14,0432,N21,nominal,2.0NRT,304.26,9.12,D
-18.36082,132.68996,354.03,0.47,0.4,2025-03-14,0432,N21,nominal,2.0NRT,307.1,10.32,D
-18.36142,132.68552,346.35,0.47,0.4,2025-03-14,0432,N21,nominal,2.0NRT,308,10.32,D
-18.36202,132.68108,345.26,0.47,0.4,2025-03-14,0432,N21,nominal,2.0NRT,308.97,8.58,D
-18.36262,132.67662,347.63,0.47,0.4,2025-03-14,0432,N21,nominal,2.0NRT,308.23,8.58,D
-18.36322,132.67218,343.61,0.47,0.4,2025-03-14,0432,N21,nominal,2.0NRT,309.84,35.19,D
-17.84747,134.46338,335.38,0.4,0.37,2025-03-14,0432,N21,low,2.0NRT,307.99,6.87,D
-17.84178,134.45476,339.86,0.4,0.37,2025-03-14,0432,N21,low,2.0NRT,311.81,3.57,D
-17.8384,134.45422,335.55,0.4,0.37,2025-03-14,0432,N21,low,2.0NRT,309.19,3.57,D
-17.67947,134.64815,341.63,0.4,0.37,2025-03-14,0432,N21,nominal,2.0NRT,301.64,5.4,D
-17.57693,134.70032,335.04,0.4,0.37,2025-03-14,0432,N21,nominal,2.0NRT,304.14,5.35,D
-18.39021,127.48705,367,0.32,0.55,2025-03-14,0432,N21,high,2.0NRT,297.06,9.93,D
-18.39056,127.48401,347.92,0.32,0.55,2025-03-14,0432,N21,nominal,2.0NRT,296.36,9.93,D
-18.3909,127.48096,334.03,0.32,0.55,2025-03-14,0432,N21,nominal,2.0NRT,296.47,6.64,D
-18.38481,127.48949,336.87,0.32,0.55,2025-03-14,0432,N21,nominal,2.0NRT,296.25,8.11,D
-18.38516,127.48645,343.51,0.32,0.55,2025-03-14,0432,N21,nominal,2.0NRT,297.81,10.81,D
-18.38078,127.47977,339.2,0.32,0.55,2025-03-14,0432,N21,nominal,2.0NRT,297.81,8.53,D
-18.37538,127.48225,337.1,0.32,0.55,2025-03-14,0432,N21,nominal,2.0NRT,294.59,5.03,D
-16.63891,136.16837,341.75,0.39,0.36,2025-03-14,0432,N21,nominal,2.0NRT,308.65,7.75,D
-16.63229,136.16727,347.83,0.39,0.36,2025-03-14,0432,N21,nominal,2.0NRT,311.02,12.63,D
-16.62235,136.16562,335.98,0.39,0.36,2025-03-14,0432,N21,nominal,2.0NRT,305.32,5.68,D
-16.62291,136.16202,342.6,0.39,0.36,2025-03-14,0432,N21,nominal,2.0NRT,308.97,5.68,D
-16.62458,136.15123,341.12,0.39,0.36,2025-03-14,0432,N21,nominal,2.0NRT,310.51,11.37,D
-16.62514,136.14763,344.66,0.39,0.36,2025-03-14,0432,N21,nominal,2.0NRT,310.22,11.37,D
-16.6196,136.16147,367,0.39,0.36,2025-03-14,0432,N21,high,2.0NRT,309.73,5.68,D
-16.62016,136.15787,342.87,0.39,0.36,2025-03-14,0432,N21,nominal,2.0NRT,309.93,12.43,D
-16.61796,136.15012,367,0.39,0.36,2025-03-14,0432,N21,high,2.0NRT,310.55,14.01,D
-16.61629,136.16092,337.46,0.39,0.36,2025-03-14,0432,N21,nominal,2.0NRT,304.95,6.89,D
-16.61685,136.15732,350.27,0.39,0.36,2025-03-14,0432,N21,nominal,2.0NRT,308.71,27.08,D
-16.6174,136.15373,352.22,0.39,0.36,2025-03-14,0432,N21,nominal,2.0NRT,313.37,27.08,D
-17.42104,128.76904,331.82,0.52,0.5,2025-03-14,0432,N21,low,2.0NRT,303.32,15.81,D
-16.89082,132.05812,336.91,0.49,0.4,2025-03-14,0432,N21,nominal,2.0NRT,299.87,5.35,D
-16.88651,132.06215,341.16,0.49,0.4,2025-03-14,0432,N21,nominal,2.0NRT,298.85,6.81,D
-16.84315,132.05687,331.92,0.49,0.4,2025-03-14,0432,N21,low,2.0NRT,305.47,10.12,D
-16.84378,132.05232,335.54,0.49,0.4,2025-03-14,0432,N21,nominal,2.0NRT,302.92,6.25,D
-16.83946,132.05632,352.36,0.49,0.4,2025-03-14,0432,N21,nominal,2.0NRT,306.2,23.87,D
-16.84008,132.05177,339.72,0.49,0.4,2025-03-14,0432,N21,nominal,2.0NRT,305.58,28.49,D
-16.29378,132.20009,335.29,0.47,0.4,2025-03-14,0432,N21,nominal,2.0NRT,302.69,5.52,D
-16.28952,132.20398,337.11,0.47,0.4,2025-03-14,0432,N21,nominal,2.0NRT,302.82,11.73,D
-16.02458,132.44626,367,0.46,0.39,2025-03-14,0432,N21,high,2.0NRT,303.79,8.27,D
-16.02518,132.442,333.73,0.46,0.39,2025-03-14,0432,N21,nominal,2.0NRT,302.81,8.27,D
-16.0204,132.45,347.15,0.46,0.39,2025-03-14,0432,N21,nominal,2.0NRT,303.08,8.15,D
-16.0168,132.44946,344.96,0.46,0.39,2025-03-14,0432,N21,nominal,2.0NRT,303.75,8.15,D
-16.40188,127.30448,348.55,0.63,0.54,2025-03-14,0432,N21,nominal,2.0NRT,293.09,31.62,D
-16.40121,127.30348,341.35,0.63,0.54,2025-03-14,0432,N21,nominal,2.0NRT,293.48,24.25,D
-16.24992,127.29462,354.86,0.63,0.54,2025-03-14,0432,N21,nominal,2.0NRT,293.75,24.96,D
-15.49518,132.97632,334.25,0.43,0.38,2025-03-14,0432,N21,nominal,2.0NRT,299.04,1.95,D
-16.21112,127.36841,337.49,0.62,0.54,2025-03-14,0432,N21,nominal,2.0NRT,291.64,10.73,D
-15.99841,128.18709,330.08,0.54,0.51,2025-03-14,0434,N21,nominal,2.0NRT,294.34,7.56,D
-15.95657,128.11914,334.12,0.55,0.51,2025-03-14,0434,N21,nominal,2.0NRT,296.42,7.05,D
-16.02773,127.53297,343.9,0.6,0.53,2025-03-14,0434,N21,nominal,2.0NRT,293.41,10.61,D
-15.95134,128.12296,338.06,0.55,0.51,2025-03-14,0434,N21,nominal,2.0NRT,296.78,7.05,D
-16.02289,127.53198,331.9,0.6,0.53,2025-03-14,0434,N21,nominal,2.0NRT,292.76,10.61,D
-16.02355,127.52649,331.82,0.6,0.53,2025-03-14,0434,N21,nominal,2.0NRT,293.37,11.16,D
-15.81752,127.2052,332.64,0.63,0.54,2025-03-14,0434,N21,nominal,2.0NRT,292.07,11.63,D
-15.81824,127.1991,348.96,0.63,0.54,2025-03-14,0434,N21,nominal,2.0NRT,292.51,11.63,D
-15.74521,127.03913,367,0.32,0.55,2025-03-14,0434,N21,high,2.0NRT,292.67,7.93,D
-15.74482,127.04238,336.14,0.32,0.55,2025-03-14,0434,N21,nominal,2.0NRT,290.79,7.93,D
-15.74017,127.03857,339.89,0.32,0.55,2025-03-14,0434,N21,nominal,2.0NRT,290.04,7.93,D
-15.72827,127.05308,333.68,0.32,0.55,2025-03-14,0434,N21,nominal,2.0NRT,290.32,2.5,D
-15.66409,127.34473,330.97,0.61,0.54,2025-03-14,0434,N21,nominal,2.0NRT,286.72,5.69,D
-15.65722,127.36094,333.75,0.61,0.54,2025-03-14,0434,N21,nominal,2.0NRT,286.7,8.64,D
-15.62761,127.35807,347.47,0.61,0.54,2025-03-14,0434,N21,nominal,2.0NRT,292.39,13.58,D
-15.62582,127.35517,340.71,0.61,0.53,2025-03-14,0434,N21,nominal,2.0NRT,290.93,11.67,D
-32.14947,118.50557,334.87,0.48,0.4,2025-03-14,0610,N21,nominal,2.0NRT,304.22,3.83,D
-32.14582,118.50465,339.34,0.48,0.4,2025-03-14,0610,N21,nominal,2.0NRT,304.22,3.83,D
-32.14676,118.49957,337.03,0.48,0.4,2025-03-14,0610,N21,nominal,2.0NRT,303.08,3.83,D
-32.14217,118.50372,332.6,0.48,0.4,2025-03-14,0610,N21,low,2.0NRT,304.28,3.12,D
-32.14311,118.49863,334.79,0.48,0.4,2025-03-14,0610,N21,nominal,2.0NRT,301.94,3.12,D
-29.63575,116.20879,347.89,0.42,0.38,2025-03-14,0610,N21,nominal,2.0NRT,309.14,45.71,D
-29.63651,116.20445,348,0.42,0.38,2025-03-14,0610,N21,nominal,2.0NRT,308.2,7.82,D
-29.63386,116.2094,338.45,0.42,0.38,2025-03-14,0610,N21,low,2.0NRT,310.37,25.22,D
-28.8805,115.6229,367,0.41,0.37,2025-03-14,0610,N21,high,2.0NRT,347.75,92.81,D
-28.88122,115.6187,353.35,0.41,0.37,2025-03-14,0610,N21,nominal,2.0NRT,321.05,21.53,D
-28.87979,115.62708,367,0.41,0.37,2025-03-14,0610,N21,low,2.0NRT,328.71,92.81,D
-28.8778,115.61796,341.84,0.41,0.37,2025-03-14,0610,N21,nominal,2.0NRT,316.14,11.86,D
-28.87708,115.62215,350.56,0.41,0.37,2025-03-14,0610,N21,low,2.0NRT,328.26,25.32,D
-28.87367,115.62141,351.48,0.41,0.37,2025-03-14,0610,N21,nominal,2.0NRT,318.73,25.32,D
-28.83855,115.60194,344.03,0.41,0.37,2025-03-14,0610,N21,low,2.0NRT,318.29,16.12,D
-28.83514,115.60118,343.71,0.41,0.37,2025-03-14,0610,N21,low,2.0NRT,316.48,10.47,D
-22.25668,118.27826,340.64,0.45,0.47,2025-03-14,0612,N21,nominal,2.0NRT,302.65,8.3,D
-22.25993,118.26186,352.5,0.45,0.47,2025-03-14,0612,N21,nominal,2.0NRT,298.64,20.56,D
-22.2532,118.27326,350.36,0.45,0.47,2025-03-14,0612,N21,nominal,2.0NRT,301.82,8.3,D
-22.25508,118.27452,336.94,0.46,0.47,2025-03-14,0612,N21,nominal,2.0NRT,302.1,6.81,D
-22.25073,118.274,343.87,0.46,0.47,2025-03-14,0612,N21,nominal,2.0NRT,300.85,6.81,D
-22.20431,118.21458,345.2,0.45,0.47,2025-03-14,0612,N21,nominal,2.0NRT,308.36,61.81,D
-22.20594,118.20619,353.44,0.45,0.47,2025-03-14,0612,N21,nominal,2.0NRT,314.55,32.69,D
-22.19911,118.21839,349.49,0.45,0.47,2025-03-14,0612,N21,nominal,2.0NRT,307.67,18.19,D
-22.2,118.21381,347.03,0.45,0.47,2025-03-14,0612,N21,nominal,2.0NRT,306.93,61.81,D
-22.20085,118.2095,352.46,0.45,0.47,2025-03-14,0612,N21,nominal,2.0NRT,308.76,61.81,D
-22.20166,118.20535,352.6,0.45,0.47,2025-03-14,0612,N21,nominal,2.0NRT,312.1,32.69,D
-22.19738,118.2045,351.58,0.45,0.47,2025-03-14,0612,N21,nominal,2.0NRT,309.19,10.81,D
-22.19226,118.20791,338.31,0.45,0.47,2025-03-14,0612,N21,nominal,2.0NRT,307.57,13.1,D
-22.1931,118.20361,352.75,0.45,0.47,2025-03-14,0612,N21,nominal,2.0NRT,308.58,10.81,D
-22.18539,118.22019,367,0.45,0.47,2025-03-14,0612,N21,high,2.0NRT,309.09,16.95,D
-22.18453,118.2246,354.53,0.45,0.47,2025-03-14,0612,N21,nominal,2.0NRT,308.82,22.79,D
-22.18712,118.21141,340.11,0.45,0.47,2025-03-14,0612,N21,nominal,2.0NRT,305.38,19.68,D
-22.18199,118.21487,351.15,0.45,0.47,2025-03-14,0612,N21,nominal,2.0NRT,306.02,16.95,D
-19.90094,124.92223,340.16,0.66,0.73,2025-03-14,0612,N21,nominal,2.0NRT,267.87,8.81,D
-42.80556,172.58792,300.71,0.41,0.61,2025-03-14,1225,N21,nominal,2.0NRT,285.91,0.45,N
-25.60336,152.71536,306.87,0.59,0.7,2025-03-14,1403,N21,nominal,2.0NRT,288.48,1.57,N
-25.60509,152.71938,300.13,0.59,0.7,2025-03-14,1403,N21,nominal,2.0NRT,288.45,1.84,N
-28.50891,150.18372,302.23,0.71,0.75,2025-03-14,1403,N21,nominal,2.0NRT,288.6,1.4,N
-28.52901,150.17661,309.91,0.71,0.75,2025-03-14,1403,N21,nominal,2.0NRT,288.88,2.3,N
-28.52913,150.1767,309.61,0.71,0.75,2025-03-14,1403,N21,nominal,2.0NRT,288.55,2.85,N
-29.47854,151.16942,310.93,0.59,0.7,2025-03-14,1403,N21,nominal,2.0NRT,289.05,2.02,N
-29.47929,151.1682,308.3,0.59,0.7,2025-03-14,1403,N21,nominal,2.0NRT,288.9,1.89,N
-30.50457,151.91628,297.79,0.5,0.66,2025-03-14,1403,N21,nominal,2.0NRT,286.1,0.98,N
-30.54906,151.25804,322.5,0.55,0.68,2025-03-14,1403,N21,nominal,2.0NRT,287.57,7.65,N
-30.55061,151.26373,316.6,0.55,0.68,2025-03-14,1403,N21,nominal,2.0NRT,287.88,4.57,N
-30.55667,151.26154,316.83,0.55,0.68,2025-03-14,1403,N21,nominal,2.0NRT,287.91,4.57,N
-30.2479,149.06094,297.91,0.74,0.76,2025-03-14,1403,N21,nominal,2.0NRT,284.48,0.97,N
-30.24667,149.06268,296.74,0.74,0.76,2025-03-14,1403,N21,nominal,2.0NRT,285.04,1.75,N
-33.76778,150.84607,304.27,0.48,0.64,2025-03-14,1405,N21,nominal,2.0NRT,287.59,1.59,N
-34.45884,150.87799,298.77,0.46,0.63,2025-03-14,1405,N21,nominal,2.0NRT,265.71,2.99,N
-34.46015,150.88281,309.08,0.46,0.63,2025-03-14,1405,N21,nominal,2.0NRT,265.59,1.9,N
-38.22884,147.16083,297.25,0.56,0.69,2025-03-14,1408,N21,nominal,2.0NRT,284.63,0.93,N
-15.72176,131.07463,313.16,0.57,0.69,2025-03-14,1541,N21,nominal,2.0NRT,286.78,2.84,N
-17.99682,137.63387,321.08,0.39,0.44,2025-03-14,1541,N21,nominal,2.0NRT,293.72,2.8,N
-16.8886,132.05286,305.34,0.47,0.64,2025-03-14,1541,N21,nominal,2.0NRT,289.38,2.05,N
-17.99615,137.6302,306.23,0.39,0.44,2025-03-14,1541,N21,nominal,2.0NRT,293.15,1.27,N
-18.00152,137.63686,313.41,0.39,0.44,2025-03-14,1541,N21,nominal,2.0NRT,293.84,2.01,N
-18.01081,137.55109,342.68,0.4,0.44,2025-03-14,1541,N21,nominal,2.0NRT,296.34,7.48,N
-18.01149,137.55478,341.45,0.4,0.44,2025-03-14,1541,N21,nominal,2.0NRT,294.12,9.46,N
-18.01551,137.554,341.5,0.4,0.44,2025-03-14,1541,N21,nominal,2.0NRT,294.7,9.46,N
-18.01619,137.55769,352.57,0.39,0.44,2025-03-14,1541,N21,nominal,2.0NRT,295,9.46,N
-18.01484,137.55029,309.65,0.4,0.44,2025-03-14,1541,N21,nominal,2.0NRT,293.15,7.48,N
-18.01686,137.56139,307.81,0.39,0.44,2025-03-14,1541,N21,nominal,2.0NRT,293.02,2.16,N
-18.02089,137.56064,346.39,0.39,0.44,2025-03-14,1541,N21,nominal,2.0NRT,298.78,29.31,N
-18.02022,137.55693,308.83,0.39,0.44,2025-03-14,1541,N21,nominal,2.0NRT,293.31,3.34,N
-18.0459,137.60083,309.78,0.39,0.44,2025-03-14,1541,N21,nominal,2.0NRT,293.58,1.97,N
-18.0466,137.60452,311.97,0.39,0.44,2025-03-14,1541,N21,nominal,2.0NRT,293.62,1.97,N
-18.03961,137.545,313.15,0.39,0.44,2025-03-14,1541,N21,nominal,2.0NRT,293.96,1.9,N
-18.04169,137.55612,318.88,0.39,0.44,2025-03-14,1541,N21,nominal,2.0NRT,293.87,2.86,N
-18.04363,137.54422,308.61,0.39,0.44,2025-03-14,1541,N21,nominal,2.0NRT,293.9,1.57,N
-18.04914,137.57361,306.73,0.39,0.44,2025-03-14,1541,N21,nominal,2.0NRT,293.59,1.48,N
-18.06002,137.6096,307.05,0.39,0.44,2025-03-14,1541,N21,nominal,2.0NRT,292.93,0.47,N
-19.36266,138.63042,325.3,0.49,0.41,2025-03-14,1541,N21,nominal,2.0NRT,296.11,3.24,N
-19.36887,138.64371,309.08,0.49,0.41,2025-03-14,1541,N21,nominal,2.0NRT,295.29,1.65,N
-19.37507,138.65695,319.22,0.49,0.4,2025-03-14,1541,N21,nominal,2.0NRT,295.95,2.37,N
-19.3759,138.66159,317.93,0.49,0.4,2025-03-14,1541,N21,nominal,2.0NRT,295.9,2.26,N
-19.38043,138.66553,310.65,0.49,0.4,2025-03-14,1541,N21,nominal,2.0NRT,295.95,1.46,N
-19.38125,138.67017,313.58,0.49,0.4,2025-03-14,1541,N21,nominal,2.0NRT,295.84,1.65,N
-19.3866,138.67871,321.1,0.49,0.4,2025-03-14,1541,N21,nominal,2.0NRT,296.06,1.84,N
-19.38743,138.68336,312.3,0.49,0.4,2025-03-14,1541,N21,nominal,2.0NRT,295.61,1.84,N
-19.39113,138.68266,342.98,0.49,0.4,2025-03-14,1541,N21,nominal,2.0NRT,297.1,3.47,N
-19.39482,138.68195,308.04,0.49,0.4,2025-03-14,1541,N21,nominal,2.0NRT,296.05,3.47,N
-20.34222,144.53197,302.8,0.42,0.38,2025-03-14,1541,N21,nominal,2.0NRT,290.49,0.74,N
-20.34969,144.53485,305.98,0.42,0.38,2025-03-14,1541,N21,nominal,2.0NRT,290.76,1.48,N
-20.35314,144.5343,306.41,0.42,0.38,2025-03-14,1541,N21,nominal,2.0NRT,290.99,1.4,N
-20.35485,144.49734,320.64,0.42,0.37,2025-03-14,1541,N21,nominal,2.0NRT,290.86,3.09,N
-20.35542,144.50133,334.54,0.42,0.37,2025-03-14,1541,N21,nominal,2.0NRT,291.39,3.09,N
-20.356,144.50529,326.42,0.42,0.37,2025-03-14,1541,N21,nominal,2.0NRT,291.21,3.67,N
-20.35427,144.49339,302.93,0.42,0.37,2025-03-14,1541,N21,nominal,2.0NRT,290.73,1.13,N
-19.41044,138.59677,311.32,0.5,0.41,2025-03-14,1541,N21,nominal,2.0NRT,296.16,1.68,N
-19.42447,138.58917,330.99,0.5,0.41,2025-03-14,1541,N21,nominal,2.0NRT,296.33,4.23,N
-20.37658,144.48276,310.05,0.42,0.37,2025-03-14,1541,N21,nominal,2.0NRT,290.98,1.53,N
-20.37714,144.48672,303.99,0.42,0.37,2025-03-14,1541,N21,nominal,2.0NRT,290.61,0.55,N
-19.42545,138.58629,321.81,0.5,0.41,2025-03-14,1541,N21,nominal,2.0NRT,296.6,3.21,N
-19.4263,138.59096,329,0.5,0.41,2025-03-14,1541,N21,nominal,2.0NRT,295.74,3.21,N
-19.42747,138.57623,325.07,0.5,0.41,2025-03-14,1541,N21,nominal,2.0NRT,296.52,7.38,N
-19.42832,138.5809,337.36,0.5,0.41,2025-03-14,1541,N21,nominal,2.0NRT,297.35,7.38,N
-19.42916,138.58556,326.23,0.5,0.41,2025-03-14,1541,N21,nominal,2.0NRT,297.6,2.44,N
-19.43001,138.59024,311.3,0.5,0.41,2025-03-14,1541,N21,nominal,2.0NRT,295.97,2.44,N
-19.43119,138.57552,341.79,0.5,0.41,2025-03-14,1541,N21,nominal,2.0NRT,298.44,7.38,N
-19.43203,138.58018,341.52,0.5,0.41,2025-03-14,1541,N21,nominal,2.0NRT,297.61,7.38,N
-19.43034,138.57083,317.99,0.5,0.41,2025-03-14,1541,N21,nominal,2.0NRT,296.87,2.76,N
-19.4349,138.57477,352.74,0.5,0.41,2025-03-14,1541,N21,nominal,2.0NRT,306.75,49.31,N
-19.43574,138.57942,345,0.5,0.41,2025-03-14,1541,N21,nominal,2.0NRT,297.27,49.31,N
-19.43151,138.55598,309.02,0.5,0.41,2025-03-14,1541,N21,nominal,2.0NRT,295.48,1.22,N
-19.43236,138.56071,307.69,0.5,0.41,2025-03-14,1541,N21,nominal,2.0NRT,296.14,1.22,N
-19.43406,138.5701,319.28,0.5,0.41,2025-03-14,1541,N21,nominal,2.0NRT,298.69,11.19,N
-19.43608,138.55997,320.08,0.5,0.41,2025-03-14,1541,N21,nominal,2.0NRT,295.65,1.22,N
-19.43777,138.56938,343.44,0.5,0.41,2025-03-14,1541,N21,nominal,2.0NRT,298.51,11.19,N
-19.43693,138.56468,312.34,0.5,0.41,2025-03-14,1541,N21,nominal,2.0NRT,296.09,11.19,N
-18.35713,132.65828,309.04,0.4,0.6,2025-03-14,1541,N21,nominal,2.0NRT,291.6,3.53,N
-18.35779,132.65849,309.19,0.4,0.6,2025-03-14,1541,N21,nominal,2.0NRT,291.58,2.94,N
-18.37206,132.698,308.09,0.4,0.6,2025-03-14,1541,N21,nominal,2.0NRT,290.92,2.12,N
-20.00212,139.63957,331.59,0.44,0.38,2025-03-14,1541,N21,nominal,2.0NRT,297.86,3.88,N
-20.00636,139.64311,335.53,0.44,0.38,2025-03-14,1541,N21,nominal,2.0NRT,298.62,3.47,N
-20.00707,139.64729,309.28,0.44,0.38,2025-03-14,1541,N21,nominal,2.0NRT,296.97,3.47,N
-20.01058,139.64662,345.12,0.44,0.38,2025-03-14,1541,N21,nominal,2.0NRT,299.05,4.83,N
-20.01196,139.63348,322.95,0.44,0.38,2025-03-14,1541,N21,nominal,2.0NRT,297.47,1.97,N
-20.01409,139.64597,324.03,0.44,0.38,2025-03-14,1541,N21,nominal,2.0NRT,297.54,4.83,N
-20.01831,139.64943,332.78,0.44,0.38,2025-03-14,1541,N21,nominal,2.0NRT,299.19,5.03,N
-20.01611,139.61536,345.01,0.44,0.38,2025-03-14,1541,N21,nominal,2.0NRT,299.93,7.49,N
-20.01683,139.61955,338.75,0.44,0.38,2025-03-14,1541,N21,nominal,2.0NRT,298.25,7.49,N
-20.02182,139.64877,341.54,0.44,0.38,2025-03-14,1541,N21,nominal,2.0NRT,298.9,5.03,N
-20.02034,139.61888,325.37,0.44,0.38,2025-03-14,1541,N21,nominal,2.0NRT,297.46,2.53,N
-20.02532,139.6481,338.86,0.44,0.38,2025-03-14,1541,N21,nominal,2.0NRT,299.31,4.9,N
-20.02813,139.64331,349.08,0.44,0.38,2025-03-14,1541,N21,nominal,2.0NRT,299.04,8.01,N
-20.02883,139.64743,321.47,0.44,0.38,2025-03-14,1541,N21,nominal,2.0NRT,297.57,4.9,N
-20.03164,139.64264,333.97,0.44,0.38,2025-03-14,1541,N21,nominal,2.0NRT,298.85,3.66,N
-20.03515,139.64198,321.13,0.44,0.38,2025-03-14,1541,N21,nominal,2.0NRT,297.5,3.66,N
-20.0344,139.61626,324.34,0.44,0.38,2025-03-14,1541,N21,nominal,2.0NRT,297.1,2.44,N
-20.03796,139.63722,331.47,0.44,0.38,2025-03-14,1541,N21,nominal,2.0NRT,298.05,2.76,N
-20.03866,139.64133,317.43,0.44,0.38,2025-03-14,1541,N21,nominal,2.0NRT,297.44,2.76,N
-20.04147,139.63655,330.42,0.44,0.38,2025-03-14,1541,N21,nominal,2.0NRT,298.21,2.76,N
-20.0379,139.61557,318.85,0.44,0.38,2025-03-14,1541,N21,nominal,2.0NRT,297.68,2.44,N
-20.03482,139.61737,323,0.44,0.38,2025-03-14,1541,N21,nominal,2.0NRT,296.91,1.6,N
-20.03776,139.63416,322.75,0.44,0.38,2025-03-14,1541,N21,nominal,2.0NRT,297,1.85,N
-20.03848,139.63829,336.31,0.44,0.38,2025-03-14,1541,N21,nominal,2.0NRT,298.42,5.7,N
-20.03408,139.61314,315.47,0.44,0.38,2025-03-14,1541,N21,nominal,2.0NRT,297.37,1.6,N
-20.04127,139.63348,326.56,0.44,0.38,2025-03-14,1541,N21,nominal,2.0NRT,297.66,1.85,N
-20.03833,139.61668,314.5,0.44,0.38,2025-03-14,1541,N21,nominal,2.0NRT,297.36,1.6,N
-20.04405,139.62865,321.84,0.44,0.38,2025-03-14,1541,N21,nominal,2.0NRT,297.38,2.21,N
-20.04477,139.6328,325.99,0.44,0.38,2025-03-14,1541,N21,nominal,2.0NRT,297.3,2.21,N
-20.04331,139.62444,318.61,0.44,0.38,2025-03-14,1541,N21,nominal,2.0NRT,297,2.25,N
-20.74944,140.67528,308.81,0.4,0.37,2025-03-14,1544,N21,nominal,2.0NRT,296.28,3.49,N
-20.75282,140.67464,346.78,0.4,0.37,2025-03-14,1544,N21,nominal,2.0NRT,298.9,3.49,N
-20.75407,140.6823,311.5,0.4,0.37,2025-03-14,1544,N21,nominal,2.0NRT,296.74,1.31,N
-20.75619,140.67401,322.58,0.4,0.37,2025-03-14,1544,N21,nominal,2.0NRT,296.73,1.36,N
-20.75744,140.68169,328.29,0.4,0.37,2025-03-14,1544,N21,nominal,2.0NRT,297.12,2.78,N
-20.75807,140.6855,309.55,0.4,0.37,2025-03-14,1544,N21,nominal,2.0NRT,296.4,1.42,N
-18.79675,130.38011,305.86,0.55,0.68,2025-03-14,1544,N21,nominal,2.0NRT,289.54,1.98,N
-21.51546,144.96121,309.22,0.44,0.39,2025-03-14,1544,N21,nominal,2.0NRT,291.65,0.92,N
-18.83002,130.39142,305.24,0.54,0.68,2025-03-14,1544,N21,nominal,2.0NRT,289.11,1.12,N
-20.73413,139.47633,334.03,0.44,0.38,2025-03-14,1544,N21,nominal,2.0NRT,302.21,26.49,N
-20.73764,139.47566,317.87,0.44,0.38,2025-03-14,1544,N21,nominal,2.0NRT,297.17,2.07,N
-20.29987,136.87335,311.51,0.4,0.44,2025-03-14,1544,N21,nominal,2.0NRT,295.08,2.03,N
-20.30196,136.88467,313.15,0.4,0.44,2025-03-14,1544,N21,nominal,2.0NRT,295.04,1.14,N
-20.30266,136.88843,310.15,0.4,0.44,2025-03-14,1544,N21,nominal,2.0NRT,294.64,1.14,N
-20.3067,136.8876,316.35,0.4,0.44,2025-03-14,1544,N21,nominal,2.0NRT,295.13,1.46,N
-20.30739,136.89136,316.69,0.4,0.44,2025-03-14,1544,N21,nominal,2.0NRT,294.96,3.17,N
-20.31281,136.89809,322.77,0.4,0.44,2025-03-14,1544,N21,nominal,2.0NRT,295.12,2.92,N
-20.30779,136.89073,317.51,0.4,0.44,2025-03-14,1544,N21,nominal,2.0NRT,294.92,1.41,N
-20.30852,136.89449,309.04,0.4,0.44,2025-03-14,1544,N21,nominal,2.0NRT,294.22,1.41,N
-20.31327,136.89745,324.79,0.4,0.44,2025-03-14,1544,N21,nominal,2.0NRT,295.13,2.09,N
-20.31399,136.9012,324.69,0.4,0.44,2025-03-14,1544,N21,nominal,2.0NRT,294.86,2.09,N
-20.3275,136.90619,315.33,0.39,0.44,2025-03-14,1544,N21,nominal,2.0NRT,295.03,2.31,N
-20.32821,136.90993,316.65,0.39,0.44,2025-03-14,1544,N21,nominal,2.0NRT,294.37,1.34,N
-20.33223,136.90907,318.52,0.39,0.44,2025-03-14,1544,N21,nominal,2.0NRT,294.72,1.34,N
-20.32624,136.85562,316.02,0.4,0.44,2025-03-14,1544,N21,nominal,2.0NRT,295.07,2.01,N
-20.32956,136.85103,324.36,0.4,0.44,2025-03-14,1544,N21,nominal,2.0NRT,297.02,3.85,N
-20.33885,136.89993,330.5,0.4,0.44,2025-03-14,1544,N21,nominal,2.0NRT,295.66,6.92,N
-20.33956,136.90367,341.15,0.39,0.44,2025-03-14,1544,N21,nominal,2.0NRT,296.75,6.92,N
-20.32668,136.83591,317.6,0.4,0.44,2025-03-14,1544,N21,nominal,2.0NRT,295.1,1.44,N
-20.3274,136.83969,319.24,0.4,0.44,2025-03-14,1544,N21,nominal,2.0NRT,295.32,2,N
-20.32812,136.84348,314.68,0.4,0.44,2025-03-14,1544,N21,nominal,2.0NRT,295.27,2,N
-20.33814,136.89616,310.46,0.4,0.44,2025-03-14,1544,N21,nominal,2.0NRT,294.96,1.39,N
-20.34074,136.88783,325.54,0.4,0.44,2025-03-14,1544,N21,nominal,2.0NRT,296.07,2.23,N
-20.33144,136.83885,315.13,0.4,0.44,2025-03-14,1544,N21,nominal,2.0NRT,294.9,1.12,N
-20.33216,136.84262,308.28,0.4,0.44,2025-03-14,1544,N21,nominal,2.0NRT,295.42,1.12,N
-20.33288,136.84641,316.07,0.4,0.44,2025-03-14,1544,N21,nominal,2.0NRT,295.6,1.87,N
-20.33932,136.88034,312.03,0.4,0.44,2025-03-14,1544,N21,nominal,2.0NRT,296.64,1.99,N
-20.34003,136.88408,314.32,0.4,0.44,2025-03-14,1544,N21,nominal,2.0NRT,296.81,2.23,N
-20.33978,136.86066,323.27,0.4,0.44,2025-03-14,1544,N21,nominal,2.0NRT,295.85,2.34,N
-20.34334,136.87947,323.14,0.4,0.44,2025-03-14,1544,N21,nominal,2.0NRT,297.45,1.99,N
-20.34406,136.88324,324.48,0.4,0.44,2025-03-14,1544,N21,nominal,2.0NRT,295.63,2.23,N
-20.34049,136.86443,314.84,0.4,0.44,2025-03-14,1544,N21,nominal,2.0NRT,296.93,2.34,N
-20.34192,136.87195,310.47,0.4,0.44,2025-03-14,1544,N21,nominal,2.0NRT,297.28,2.98,N
-20.34263,136.87572,319.07,0.4,0.44,2025-03-14,1544,N21,nominal,2.0NRT,297.75,1.99,N
-20.34381,136.8598,320.21,0.4,0.44,2025-03-14,1544,N21,nominal,2.0NRT,296.57,1.61,N
-20.34452,136.86359,311.51,0.4,0.44,2025-03-14,1544,N21,nominal,2.0NRT,297.33,1.61,N
-20.34523,136.86736,311,0.4,0.44,2025-03-14,1544,N21,nominal,2.0NRT,297.5,1.59,N
-20.34595,136.87112,314.82,0.4,0.44,2025-03-14,1544,N21,nominal,2.0NRT,297.33,1.59,N
-20.34666,136.87488,319.87,0.4,0.44,2025-03-14,1544,N21,nominal,2.0NRT,296.44,2.68,N
-20.34784,136.85899,316.99,0.4,0.44,2025-03-14,1544,N21,nominal,2.0NRT,296.99,1.61,N
-20.34855,136.86275,313.89,0.4,0.44,2025-03-14,1544,N21,nominal,2.0NRT,297.41,1.61,N
-20.34927,136.86652,319.37,0.4,0.44,2025-03-14,1544,N21,nominal,2.0NRT,296.86,1.59,N
-20.34998,136.87027,317.41,0.4,0.44,2025-03-14,1544,N21,nominal,2.0NRT,294.62,1.59,N
-20.35258,136.86189,325.05,0.4,0.44,2025-03-14,1544,N21,nominal,2.0NRT,295.41,2.79,N
-22.03818,146.36366,318.05,0.52,0.42,2025-03-14,1544,N21,nominal,2.0NRT,294.93,3.55,N
-22.03676,146.36261,315.93,0.52,0.42,2025-03-14,1544,N21,nominal,2.0NRT,294.32,2.64,N
-22.04123,146.3671,305.77,0.52,0.42,2025-03-14,1544,N21,nominal,2.0NRT,293.82,2.27,N
-19.47182,130.14366,304.83,0.55,0.68,2025-03-14,1544,N21,nominal,2.0NRT,285.88,2.06,N
-22.55019,147.48903,304,0.41,0.45,2025-03-14,1544,N21,nominal,2.0NRT,290.23,0.54,N
-22.87494,149.86487,301.45,0.58,0.52,2025-03-14,1544,N21,nominal,2.0NRT,290.29,1.23,N
-22.68702,147.59245,303.13,0.42,0.45,2025-03-14,1544,N21,nominal,2.0NRT,289.54,0.59,N
-22.89255,147.69278,336.95,0.42,0.45,2025-03-14,1544,N21,nominal,2.0NRT,291.22,8.68,N
-22.89303,147.69693,324.47,0.42,0.45,2025-03-14,1544,N21,nominal,2.0NRT,289.91,5.44,N
-22.89674,147.69221,338.31,0.42,0.45,2025-03-14,1544,N21,nominal,2.0NRT,290.61,4.47,N
-23.04928,148.58984,316.52,0.48,0.48,2025-03-14,1544,N21,nominal,2.0NRT,290.72,2.2,N
-23.04819,148.59206,312.78,0.48,0.48,2025-03-14,1544,N21,nominal,2.0NRT,290.46,1.77,N
-23.34231,148.30389,303.81,0.47,0.47,2025-03-14,1544,N21,nominal,2.0NRT,290.84,0.46,N
-23.75516,151.19179,308.27,0.36,0.57,2025-03-14,1544,N21,nominal,2.0NRT,292.18,1.68,N
-23.8264,151.15102,308.84,0.36,0.57,2025-03-14,1544,N21,nominal,2.0NRT,292.76,1.12,N
-23.83168,151.15024,306.37,0.36,0.57,2025-03-14,1544,N21,nominal,2.0NRT,292.53,1.12,N
-23.83202,151.15388,305.84,0.36,0.57,2025-03-14,1544,N21,nominal,2.0NRT,292.51,1.12,N
-23.86658,151.29103,310.33,0.37,0.58,2025-03-14,1544,N21,nominal,2.0NRT,295.05,1.58,N
-23.86455,151.28964,306.46,0.37,0.58,2025-03-14,1544,N21,nominal,2.0NRT,294.59,1.44,N
-21.7735,135.54085,317.29,0.45,0.47,2025-03-14,1544,N21,nominal,2.0NRT,293.64,1.86,N
-21.77775,135.53987,306.59,0.45,0.47,2025-03-14,1544,N21,nominal,2.0NRT,293.62,1.86,N
-21.77859,135.54417,307.63,0.45,0.47,2025-03-14,1544,N21,nominal,2.0NRT,293.84,1.83,N
-24.10816,150.8183,306.91,0.34,0.56,2025-03-14,1544,N21,nominal,2.0NRT,289.57,0.98,N
-24.22849,150.50327,307.65,0.33,0.55,2025-03-14,1544,N21,nominal,2.0NRT,291.4,1.42,N
-25.15368,151.97398,300.4,0.42,0.61,2025-03-14,1544,N21,nominal,2.0NRT,288.71,0.79,N
-25.15404,151.97829,300.11,0.42,0.61,2025-03-14,1544,N21,nominal,2.0NRT,288.74,0.79,N
-24.75832,147.79317,298.89,0.45,0.47,2025-03-14,1544,N21,nominal,2.0NRT,288.26,1.21,N
-24.7626,147.79218,300.82,0.45,0.47,2025-03-14,1544,N21,nominal,2.0NRT,288.25,1.21,N
-22.45099,132.33598,312.31,0.34,0.56,2025-03-14,1544,N21,nominal,2.0NRT,284.36,5.27,N
-22.44743,132.33629,307.91,0.34,0.56,2025-03-14,1544,N21,nominal,2.0NRT,280.91,1.36,N
-22.45254,132.33499,304.81,0.34,0.56,2025-03-14,1544,N21,nominal,2.0NRT,285.01,3.02,N
-25.60474,152.71504,300.91,0.47,0.64,2025-03-14,1544,N21,nominal,2.0NRT,289.94,0.99,N
-25.60509,152.71971,300.42,0.47,0.64,2025-03-14,1544,N21,nominal,2.0NRT,289.75,1.03,N
-25.33779,148.9263,301.62,0.54,0.51,2025-03-14,1544,N21,nominal,2.0NRT,291.47,0.7,N
-24.10703,139.70911,308.5,0.4,0.37,2025-03-14,1544,N21,nominal,2.0NRT,295.71,1.07,N
-24.14676,139.73792,324.46,0.4,0.37,2025-03-14,1544,N21,nominal,2.0NRT,296.58,2.43,N
-24.15079,139.74118,315.16,0.4,0.37,2025-03-14,1544,N21,nominal,2.0NRT,296.82,2.98,N
-24.15483,139.74446,335.36,0.4,0.37,2025-03-14,1544,N21,nominal,2.0NRT,297.03,2.98,N
-24.1582,139.74379,337.25,0.4,0.37,2025-03-14,1544,N21,nominal,2.0NRT,297.49,3.25,N
-24.16223,139.74704,335.86,0.4,0.37,2025-03-14,1544,N21,nominal,2.0NRT,296.39,3.78,N
-24.16158,139.74312,309.56,0.4,0.37,2025-03-14,1544,N21,nominal,2.0NRT,296.02,3.25,N
-24.16626,139.75032,326.82,0.4,0.37,2025-03-14,1544,N21,nominal,2.0NRT,296.21,1.78,N
-24.16561,139.74637,312.52,0.4,0.37,2025-03-14,1544,N21,nominal,2.0NRT,296.36,1.78,N
-24.16964,139.74965,311.13,0.4,0.37,2025-03-14,1544,N21,nominal,2.0NRT,295.67,1.78,N
-24.17498,139.76077,327.33,0.4,0.37,2025-03-14,1544,N21,nominal,2.0NRT,296.82,3.32,N
-24.17301,139.74898,314.02,0.4,0.37,2025-03-14,1544,N21,nominal,2.0NRT,296.75,1.47,N
-24.17769,139.75618,313.26,0.4,0.37,2025-03-14,1544,N21,nominal,2.0NRT,296.18,1.96,N
-24.9443,138.6747,318.18,0.42,0.38,2025-03-14,1544,N21,nominal,2.0NRT,295.04,3.88,N
-24.94777,138.67397,344.45,0.42,0.38,2025-03-14,1544,N21,nominal,2.0NRT,297.34,3.88,N
-24.95122,138.67326,326.13,0.42,0.38,2025-03-14,1544,N21,nominal,2.0NRT,296.53,2.32,N
-24.95195,138.67744,315.61,0.42,0.38,2025-03-14,1544,N21,nominal,2.0NRT,293.98,2.32,N
-24.96723,138.68294,312.28,0.42,0.38,2025-03-14,1544,N21,nominal,2.0NRT,293.65,0.69,N
-24.97069,138.68222,305.45,0.42,0.38,2025-03-14,1544,N21,nominal,2.0NRT,293.96,0.69,N
-24.97415,138.6815,317.52,0.42,0.38,2025-03-14,1544,N21,nominal,2.0NRT,294.68,1.56,N
-24.97689,138.67659,313.96,0.42,0.38,2025-03-14,1544,N21,nominal,2.0NRT,294.56,1.56,N
-24.97761,138.68079,311.82,0.42,0.38,2025-03-14,1544,N21,nominal,2.0NRT,293.71,1.56,N
-24.98035,138.67589,330.36,0.42,0.38,2025-03-14,1544,N21,nominal,2.0NRT,296.96,3.39,N
-24.98107,138.68007,312.05,0.42,0.38,2025-03-14,1544,N21,nominal,2.0NRT,293.18,3.39,N
-26.45371,149.06998,312.39,0.57,0.52,2025-03-14,1544,N21,nominal,2.0NRT,291.87,1.83,N
-28.50691,150.18623,310.37,0.35,0.57,2025-03-14,1544,N21,nominal,2.0NRT,290.23,0.98,N
-28.52733,150.17661,304.28,0.35,0.57,2025-03-14,1544,N21,nominal,2.0NRT,290.13,0.9,N
-28.53259,150.17604,320.71,0.35,0.57,2025-03-14,1544,N21,nominal,2.0NRT,290.47,2.11,N
-28.53209,150.17407,316.39,0.35,0.57,2025-03-14,1544,N21,nominal,2.0NRT,290.37,1.21,N
-28.53238,150.17767,302.36,0.35,0.57,2025-03-14,1544,N21,nominal,2.0NRT,290.03,1.21,N
-29.48331,151.16809,301.37,0.41,0.61,2025-03-14,1544,N21,nominal,2.0NRT,289.11,0.71,N
-29.48361,151.17226,300.29,0.41,0.61,2025-03-14,1544,N21,nominal,2.0NRT,288.71,0.71,N
-29.85841,150.36488,304.12,0.37,0.58,2025-03-14,1546,N21,nominal,2.0NRT,289.37,0.76,N
-30.24822,149.04828,300.88,0.62,0.54,2025-03-14,1546,N21,nominal,2.0NRT,290.54,1.3,N
-30.24937,149.06136,306.76,0.63,0.54,2025-03-14,1546,N21,nominal,2.0NRT,290.54,2.88,N
-30.24994,149.0679,300.53,0.63,0.54,2025-03-14,1546,N21,nominal,2.0NRT,290.1,0.67,N
-30.24927,149.06097,305.65,0.63,0.54,2025-03-14,1546,N21,nominal,2.0NRT,290.52,1.37,N
-30.2498,149.06752,302.81,0.63,0.54,2025-03-14,1546,N21,nominal,2.0NRT,290.25,1.37,N
-30.55397,151.26324,338.3,0.43,0.62,2025-03-14,1546,N21,nominal,2.0NRT,288.29,6.18,N
-30.55368,151.25883,310.73,0.43,0.62,2025-03-14,1546,N21,nominal,2.0NRT,287.62,3.97,N
-31.23983,145.80505,315.32,0.41,0.45,2025-03-14,1546,N21,nominal,2.0NRT,293.68,1.5,N
-31.56056,148.85544,314.67,0.63,0.54,2025-03-14,1546,N21,nominal,2.0NRT,286.95,3.59,N
-31.39208,146.60855,336.11,0.46,0.47,2025-03-14,1546,N21,nominal,2.0NRT,294.37,2.45,N
-31.39158,146.60364,310.31,0.46,0.47,2025-03-14,1546,N21,nominal,2.0NRT,293.17,2.45,N
-31.39645,146.60794,310.78,0.46,0.47,2025-03-14,1546,N21,nominal,2.0NRT,293.85,2.45,N
-31.40083,146.60735,306.11,0.46,0.47,2025-03-14,1546,N21,nominal,2.0NRT,293.09,1.73,N
-31.3922,146.60736,325.71,0.46,0.47,2025-03-14,1546,N21,nominal,2.0NRT,293.94,2.57,N
-31.39267,146.61227,317.42,0.46,0.47,2025-03-14,1546,N21,nominal,2.0NRT,292.55,2.57,N
-31.39658,146.60677,306.12,0.46,0.47,2025-03-14,1546,N21,nominal,2.0NRT,293.29,2.57,N
-31.40096,146.60612,307.35,0.46,0.47,2025-03-14,1546,N21,nominal,2.0NRT,293.18,1.57,N
-31.59893,145.80377,309.79,0.42,0.45,2025-03-14,1546,N21,nominal,2.0NRT,293.52,1.39,N
-31.5994,145.8082,305.28,0.42,0.45,2025-03-14,1546,N21,nominal,2.0NRT,293.18,1.14,N
-32.18017,146.71109,307.76,0.48,0.48,2025-03-14,1546,N21,nominal,2.0NRT,291.79,1.96,N
-32.70544,145.94791,310.83,0.44,0.46,2025-03-14,1546,N21,nominal,2.0NRT,294.09,2.62,N
-32.70971,145.94725,330.77,0.44,0.46,2025-03-14,1546,N21,nominal,2.0NRT,296.19,2.62,N
-32.70922,145.9424,310.59,0.44,0.46,2025-03-14,1546,N21,nominal,2.0NRT,294.64,2.62,N
-32.71021,145.95206,319.61,0.44,0.46,2025-03-14,1546,N21,nominal,2.0NRT,295.06,2.56,N
-32.71399,145.94659,334.37,0.44,0.46,2025-03-14,1546,N21,nominal,2.0NRT,296.37,6.69,N
-32.71449,145.9514,324.65,0.44,0.46,2025-03-14,1546,N21,nominal,2.0NRT,295.03,3.88,N
-32.71962,145.91714,307.7,0.44,0.46,2025-03-14,1546,N21,nominal,2.0NRT,293.11,0.89,N
-32.72011,145.92178,309.02,0.44,0.46,2025-03-14,1546,N21,nominal,2.0NRT,293.11,1.11,N
-32.72389,145.91649,305.24,0.44,0.46,2025-03-14,1546,N21,nominal,2.0NRT,292.94,0.89,N
-32.72437,145.92111,307.49,0.44,0.46,2025-03-14,1546,N21,nominal,2.0NRT,292.94,1.11,N
-32.72485,145.92574,303.58,0.44,0.46,2025-03-14,1546,N21,nominal,2.0NRT,292.9,1.11,N
-32.71665,145.94504,308.41,0.44,0.46,2025-03-14,1546,N21,nominal,2.0NRT,294.62,1.54,N
-32.71711,145.94989,310.27,0.44,0.46,2025-03-14,1546,N21,nominal,2.0NRT,294.58,1.54,N
-32.71864,145.92091,306.31,0.44,0.46,2025-03-14,1546,N21,nominal,2.0NRT,293.13,1.37,N
-32.72292,145.92026,305.52,0.44,0.46,2025-03-14,1546,N21,nominal,2.0NRT,292.63,2.58,N
-32.72337,145.92487,308.76,0.44,0.46,2025-03-14,1546,N21,nominal,2.0NRT,293.2,1.52,N
-32.75663,145.91054,313.88,0.44,0.46,2025-03-14,1546,N21,nominal,2.0NRT,293.6,2.04,N
-32.76091,145.91002,311.56,0.44,0.46,2025-03-14,1546,N21,nominal,2.0NRT,293.4,2.04,N
-32.76519,145.90944,315.72,0.44,0.46,2025-03-14,1546,N21,nominal,2.0NRT,293.34,1.6,N
-32.76994,145.91356,306.33,0.44,0.46,2025-03-14,1546,N21,nominal,2.0NRT,293.19,1.6,N
-32.87614,146.26897,306.35,0.46,0.47,2025-03-14,1546,N21,nominal,2.0NRT,293.19,2.02,N
-31.37621,135.26775,320.67,0.48,0.4,2025-03-14,1546,N21,nominal,2.0NRT,298.16,6.24,N
-31.37717,135.2728,319.65,0.48,0.4,2025-03-14,1546,N21,nominal,2.0NRT,297.17,2.5,N
-31.38083,135.27185,321.74,0.48,0.4,2025-03-14,1546,N21,nominal,2.0NRT,298.22,2.5,N
-31.38354,135.26585,313.24,0.48,0.4,2025-03-14,1546,N21,nominal,2.0NRT,298.45,2.55,N
-31.3872,135.26491,327.3,0.48,0.4,2025-03-14,1546,N21,nominal,2.0NRT,299.01,2.55,N
-31.3853,135.25479,309.12,0.48,0.4,2025-03-14,1546,N21,nominal,2.0NRT,298.45,3.1,N
-31.38625,135.25986,309.46,0.48,0.4,2025-03-14,1546,N21,nominal,2.0NRT,298.32,2.55,N
-31.38802,135.24879,310.1,0.48,0.4,2025-03-14,1546,N21,nominal,2.0NRT,298.36,4.28,N
-31.38896,135.25385,310.43,0.48,0.4,2025-03-14,1546,N21,nominal,2.0NRT,298.59,4.28,N
-31.39168,135.24783,349.97,0.48,0.4,2025-03-14,1546,N21,nominal,2.0NRT,303,4.28,N
-31.39263,135.2529,307.85,0.48,0.4,2025-03-14,1546,N21,nominal,2.0NRT,297.66,4.28,N
-31.38322,135.2524,307.95,0.48,0.4,2025-03-14,1546,N21,nominal,2.0NRT,297.93,2.35,N
-31.38517,135.2625,315.55,0.48,0.4,2025-03-14,1546,N21,nominal,2.0NRT,298.54,2.02,N
-31.38614,135.26753,310.04,0.48,0.4,2025-03-14,1546,N21,nominal,2.0NRT,298.12,2.02,N
-31.38786,135.25652,310.46,0.48,0.4,2025-03-14,1546,N21,nominal,2.0NRT,298.76,2.35,N
-31.38883,135.26155,319.6,0.48,0.4,2025-03-14,1546,N21,nominal,2.0NRT,298.67,2.02,N
-31.38958,135.24548,326.32,0.48,0.4,2025-03-14,1546,N21,nominal,2.0NRT,299.08,6.65,N
-31.39054,135.25052,340.97,0.48,0.4,2025-03-14,1546,N21,nominal,2.0NRT,300.03,5.8,N
-31.39324,135.24452,333.11,0.48,0.4,2025-03-14,1546,N21,nominal,2.0NRT,301.26,6.65,N
-31.39421,135.24956,322.19,0.48,0.4,2025-03-14,1546,N21,nominal,2.0NRT,298.35,5.8,N
-32.99913,137.58855,308.27,0.39,0.37,2025-03-14,1546,N21,nominal,2.0NRT,291.87,1.21,N
-33.00177,137.58354,316.09,0.39,0.37,2025-03-14,1546,N21,nominal,2.0NRT,292.81,1.21,N
-33.00512,137.58275,320.99,0.39,0.37,2025-03-14,1546,N21,nominal,2.0NRT,292.79,1.94,N
-33.0154,137.59497,304.7,0.39,0.37,2025-03-14,1546,N21,nominal,2.0NRT,288.28,0.7,N
-34.53163,145.67336,319.05,0.44,0.46,2025-03-14,1546,N21,nominal,2.0NRT,289.73,1.42,N
-34.53548,145.66783,301.87,0.44,0.46,2025-03-14,1546,N21,nominal,2.0NRT,287.89,1.42,N
-34.53594,145.67271,305.22,0.44,0.46,2025-03-14,1546,N21,nominal,2.0NRT,287.89,1.42,N
-37.78568,144.72649,298.13,0.43,0.46,2025-03-14,1548,N21,nominal,2.0NRT,286.21,0.72,N
-37.40511,141.1351,300.31,0.44,0.39,2025-03-14,1548,N21,nominal,2.0NRT,282.58,0.6,N
-37.83065,144.79053,318.8,0.43,0.46,2025-03-14,1548,N21,nominal,2.0NRT,286.82,3.12,N
-37.83492,144.78989,316.86,0.43,0.46,2025-03-14,1548,N21,nominal,2.0NRT,287.72,2.2,N
-38.23,147.16678,295.12,0.59,0.53,2025-03-14,1548,N21,nominal,2.0NRT,280.39,0.84,N
-38.04169,141.86942,296.49,0.48,0.4,2025-03-14,1548,N21,nominal,2.0NRT,284.36,1.08,N
-38.04473,141.86322,300.9,0.48,0.4,2025-03-14,1548,N21,nominal,2.0NRT,285.35,1.08,N
-38.04538,141.8687,303.97,0.48,0.4,2025-03-14,1548,N21,nominal,2.0NRT,285.15,1.08,N
-38.04712,141.85159,297.47,0.48,0.4,2025-03-14,1548,N21,nominal,2.0NRT,284.4,1.21,N
-38.04908,141.868,298.19,0.48,0.4,2025-03-14,1548,N21,nominal,2.0NRT,284.76,1.27,N
-38.05169,141.88989,303.88,0.48,0.4,2025-03-14,1548,N21,nominal,2.0NRT,285.08,1.89,N
-38.05234,141.89539,302.04,0.48,0.4,2025-03-14,1548,N21,nominal,2.0NRT,284.63,1.12,N
-38.05539,141.88922,309.28,0.48,0.4,2025-03-14,1548,N21,nominal,2.0NRT,286.11,1.89,N
-38.05605,141.89471,304.65,0.48,0.4,2025-03-14,1548,N21,nominal,2.0NRT,285.05,1.12,N
-38.0567,141.90019,297.64,0.48,0.4,2025-03-14,1548,N21,nominal,2.0NRT,284.47,1.12,N
-38.0591,141.88852,302.49,0.48,0.4,2025-03-14,1548,N21,nominal,2.0NRT,285.23,1.19,N
-38.05975,141.894,301.39,0.48,0.4,2025-03-14,1548,N21,nominal,2.0NRT,284.68,1.24,N
-38.0628,141.88782,300.95,0.48,0.4,2025-03-14,1548,N21,nominal,2.0NRT,285.03,1.19,N
-38.06345,141.89331,300.38,0.48,0.4,2025-03-14,1548,N21,nominal,2.0NRT,284.97,1.24,N
-38.0665,141.88713,306.42,0.48,0.4,2025-03-14,1548,N21,nominal,2.0NRT,286.36,1.2,N
-38.06715,141.89261,304.35,0.48,0.4,2025-03-14,1548,N21,nominal,2.0NRT,286.05,2.45,N
-38.06954,141.88095,298.86,0.48,0.4,2025-03-14,1548,N21,nominal,2.0NRT,285.2,1.2,N
-38.0702,141.88643,304.41,0.48,0.4,2025-03-14,1548,N21,nominal,2.0NRT,286.03,1.2,N
-38.07324,141.88025,303.66,0.48,0.4,2025-03-14,1548,N21,nominal,2.0NRT,286.07,1.11,N
-38.0739,141.88573,302.12,0.48,0.4,2025-03-14,1548,N21,nominal,2.0NRT,285.49,1.11,N
-38.07629,141.87411,300.46,0.48,0.4,2025-03-14,1548,N21,nominal,2.0NRT,286.01,1.91,N
-38.07695,141.87959,305.04,0.48,0.4,2025-03-14,1548,N21,nominal,2.0NRT,286.96,1.11,N
-38.07761,141.88507,302.21,0.48,0.4,2025-03-14,1548,N21,nominal,2.0NRT,286.35,1.11,N
-38.07826,141.89053,300.35,0.48,0.4,2025-03-14,1548,N21,nominal,2.0NRT,286.39,1.81,N
-38.07893,141.89604,305.74,0.48,0.4,2025-03-14,1548,N21,nominal,2.0NRT,287.34,1.81,N
-38.07958,141.90155,303.1,0.48,0.4,2025-03-14,1548,N21,nominal,2.0NRT,285.58,1.3,N
-38.06811,141.88611,305.99,0.48,0.4,2025-03-14,1548,N21,nominal,2.0NRT,286.45,1.25,N
-38.06874,141.89159,302.56,0.48,0.4,2025-03-14,1548,N21,nominal,2.0NRT,286.14,1.25,N
-38.07118,141.87993,300.85,0.48,0.4,2025-03-14,1548,N21,nominal,2.0NRT,285.48,1.64,N
-38.07181,141.88541,301.67,0.48,0.4,2025-03-14,1548,N21,nominal,2.0NRT,285.51,1.25,N
-38.07487,141.87923,304.95,0.48,0.4,2025-03-14,1548,N21,nominal,2.0NRT,286.49,1.3,N
-38.07551,141.88472,304.65,0.48,0.4,2025-03-14,1548,N21,nominal,2.0NRT,286.16,1.03,N
-38.07615,141.89021,297.67,0.48,0.4,2025-03-14,1548,N21,nominal,2.0NRT,285.93,1.03,N
-38.07678,141.89572,302.47,0.48,0.4,2025-03-14,1548,N21,nominal,2.0NRT,286.53,1.12,N
-38.07741,141.90123,297.67,0.48,0.4,2025-03-14,1548,N21,nominal,2.0NRT,285,1.12,N
-38.07795,141.87306,298.71,0.48,0.4,2025-03-14,1548,N21,nominal,2.0NRT,285.83,1.3,N
-38.07858,141.87854,304.79,0.48,0.4,2025-03-14,1548,N21,nominal,2.0NRT,286.76,1.3,N
-38.07921,141.88403,301.9,0.48,0.4,2025-03-14,1548,N21,nominal,2.0NRT,286.31,1.03,N
-38.07985,141.88953,304.64,0.48,0.4,2025-03-14,1548,N21,nominal,2.0NRT,286.34,1.03,N
-38.08048,141.89503,308.72,0.48,0.4,2025-03-14,1548,N21,nominal,2.0NRT,287.2,1.12,N
-38.08112,141.90056,304.07,0.48,0.4,2025-03-14,1548,N21,nominal,2.0NRT,285.82,1.12,N
-19.58252,116.13715,311.07,0.39,0.36,2025-03-14,1724,N21,nominal,2.0NRT,294.21,0.64,N
-21.26875,124.20371,304.63,0.53,0.5,2025-03-14,1724,N21,nominal,2.0NRT,271.79,1.56,N
-21.26934,124.20881,303.23,0.53,0.5,2025-03-14,1724,N21,nominal,2.0NRT,271.74,1.56,N
-21.27339,124.20312,305.31,0.53,0.5,2025-03-14,1724,N21,nominal,2.0NRT,272.41,2.19,N
-21.27397,124.20822,312.18,0.53,0.5,2025-03-14,1724,N21,nominal,2.0NRT,273.02,2.19,N
-21.27978,124.21781,316.07,0.53,0.5,2025-03-14,1724,N21,nominal,2.0NRT,273.37,3.11,N
-21.28037,124.22293,307.59,0.53,0.5,2025-03-14,1724,N21,nominal,2.0NRT,274.48,3.41,N
-21.28215,124.23846,310.66,0.53,0.5,2025-03-14,1724,N21,nominal,2.0NRT,275.94,3.22,N
-21.26825,124.2084,299.8,0.53,0.5,2025-03-14,1724,N21,nominal,2.0NRT,271.82,2.14,N
-21.27234,124.2027,306.74,0.53,0.5,2025-03-14,1724,N21,nominal,2.0NRT,271.91,2.53,N
-21.27288,124.20779,313.33,0.53,0.5,2025-03-14,1724,N21,nominal,2.0NRT,272.86,2.14,N
-21.27862,124.2174,304.57,0.53,0.5,2025-03-14,1724,N21,nominal,2.0NRT,272.61,2.13,N
-21.27917,124.22253,308.73,0.53,0.5,2025-03-14,1724,N21,nominal,2.0NRT,273.92,2.13,N
-21.28084,124.2381,307.93,0.53,0.5,2025-03-14,1724,N21,nominal,2.0NRT,275.58,4.33,N
-21.28604,124.24265,340.34,0.53,0.5,2025-03-14,1724,N21,nominal,2.0NRT,276.88,4.33,N
-21.28381,124.22191,312.79,0.53,0.5,2025-03-14,1724,N21,nominal,2.0NRT,273.63,2.13,N
-21.28548,124.23744,312.24,0.53,0.5,2025-03-14,1724,N21,nominal,2.0NRT,275.37,4.33,N
-21.2866,124.24785,301.67,0.53,0.5,2025-03-14,1724,N21,nominal,2.0NRT,273.58,2.26,N
-21.29068,124.24199,351.24,0.53,0.5,2025-03-14,1724,N21,nominal,2.0NRT,279.3,16.93,N
-21.28844,124.22129,301.34,0.53,0.5,2025-03-14,1724,N21,nominal,2.0NRT,273.92,2.22,N
-21.29012,124.23679,318.37,0.53,0.5,2025-03-14,1724,N21,nominal,2.0NRT,274.02,16.93,N
-21.29124,124.24719,308.85,0.53,0.5,2025-03-14,1724,N21,nominal,2.0NRT,272.02,3.71,N
-21.29532,124.24135,348.02,0.53,0.5,2025-03-14,1724,N21,nominal,2.0NRT,276.28,16.93,N
-21.29476,124.23615,314.69,0.53,0.5,2025-03-14,1724,N21,nominal,2.0NRT,272.27,16.93,N
-21.29589,124.24655,307.19,0.53,0.5,2025-03-14,1724,N21,nominal,2.0NRT,272.65,3.71,N
-21.29997,124.24073,352.54,0.53,0.5,2025-03-14,1724,N21,nominal,2.0NRT,273.87,8.19,N
-21.29941,124.23557,300.06,0.53,0.5,2025-03-14,1724,N21,nominal,2.0NRT,271.35,8.19,N
-21.30054,124.24595,300.8,0.53,0.5,2025-03-14,1724,N21,nominal,2.0NRT,271.25,4.82,N
-20.59634,116.77678,316.02,0.38,0.36,2025-03-14,1724,N21,nominal,2.0NRT,296.27,1.85,N
-20.61499,116.76632,315.87,0.38,0.36,2025-03-14,1724,N21,nominal,2.0NRT,295.47,1.53,N
-20.8641,117.07808,324.88,0.38,0.36,2025-03-14,1724,N21,nominal,2.0NRT,295.98,1.23,N
-20.86353,117.07439,308.56,0.38,0.36,2025-03-14,1724,N21,nominal,2.0NRT,295.39,1.23,N
-20.78831,115.4491,308.57,0.4,0.37,2025-03-14,1724,N21,nominal,2.0NRT,294.03,1.06,N
-20.79105,115.44468,320.09,0.4,0.37,2025-03-14,1724,N21,nominal,2.0NRT,292.48,1.06,N
-20.79167,115.44847,307.79,0.4,0.37,2025-03-14,1724,N21,nominal,2.0NRT,292.41,1.06,N
-20.8207,115.38412,309.44,0.4,0.37,2025-03-14,1724,N21,nominal,2.0NRT,292.03,0.48,N
-22.38179,121.27266,326.39,0.55,0.42,2025-03-14,1724,N21,nominal,2.0NRT,292.78,5.16,N
-22.38113,121.26739,311.14,0.54,0.42,2025-03-14,1724,N21,nominal,2.0NRT,292.63,4.04,N
-22.38569,121.27203,330.17,0.55,0.42,2025-03-14,1724,N21,nominal,2.0NRT,292.86,5.16,N
-22.3896,121.27145,316.96,0.55,0.42,2025-03-14,1724,N21,nominal,2.0NRT,292.54,3.78,N
-22.17912,118.21574,340.77,0.4,0.37,2025-03-14,1724,N21,nominal,2.0NRT,294.54,4.53,N
-22.1797,118.21967,341.22,0.4,0.37,2025-03-14,1724,N21,nominal,2.0NRT,295.02,4.53,N
-22.18195,118.21126,341.94,0.4,0.37,2025-03-14,1724,N21,nominal,2.0NRT,295.92,3.17,N
-22.18138,118.20735,316.84,0.4,0.37,2025-03-14,1724,N21,nominal,2.0NRT,294.1,3.17,N
-22.18252,118.21518,311.37,0.4,0.37,2025-03-14,1724,N21,nominal,2.0NRT,294.23,1.93,N
-22.18477,118.20676,329.99,0.4,0.37,2025-03-14,1724,N21,nominal,2.0NRT,294.73,3.17,N
-22.1842,118.20286,315.91,0.4,0.37,2025-03-14,1724,N21,nominal,2.0NRT,293.59,1.65,N
-22.18759,118.20227,326.8,0.4,0.37,2025-03-14,1724,N21,nominal,2.0NRT,294.68,2.54,N
-21.69566,115.0025,319.22,0.4,0.37,2025-03-14,1724,N21,nominal,2.0NRT,294.08,2.41,N
-22.20735,118.19487,314.99,0.4,0.37,2025-03-14,1724,N21,nominal,2.0NRT,293.89,1.55,N
-22.22321,118.23191,322.18,0.4,0.37,2025-03-14,1724,N21,nominal,2.0NRT,294.65,2.01,N
-22.22546,118.22356,321.13,0.4,0.37,2025-03-14,1724,N21,nominal,2.0NRT,294.52,1.88,N
-22.22147,118.19634,307.95,0.4,0.37,2025-03-14,1724,N21,nominal,2.0NRT,294.19,0.8,N
-22.22486,118.19578,314.71,0.4,0.37,2025-03-14,1724,N21,nominal,2.0NRT,294,0.8,N
-22.23252,118.21889,309.08,0.4,0.37,2025-03-14,1724,N21,nominal,2.0NRT,293.89,0.58,N
-22.23368,118.20284,320.23,0.4,0.37,2025-03-14,1724,N21,nominal,2.0NRT,293.59,1.17,N
-22.23425,118.20673,315.8,0.4,0.37,2025-03-14,1724,N21,nominal,2.0NRT,294.12,1.37,N
-33.76216,120.73213,307.23,0.46,0.47,2025-03-14,1728,N21,nominal,2.0NRT,287.13,2.47,N
-33.76653,120.73151,325.86,0.46,0.47,2025-03-14,1728,N21,nominal,2.0NRT,288.52,2.47,N
-33.77091,120.73087,318.59,0.46,0.47,2025-03-14,1728,N21,nominal,2.0NRT,288.12,3.2,N
-33.77139,120.7359,304.35,0.46,0.47,2025-03-14,1728,N21,nominal,2.0NRT,287.72,4.06,N
-33.77576,120.73528,343.13,0.46,0.47,2025-03-14,1728,N21,nominal,2.0NRT,289.22,4.06,N
-33.78014,120.73463,303.14,0.46,0.47,2025-03-14,1728,N21,nominal,2.0NRT,287.69,0.8,N
-15.81719,127.20882,307.01,0.36,0.57,2025-03-14,1722,N21,nominal,2.0NRT,286.29,1.51,N
-15.82284,127.21148,304.4,0.36,0.57,2025-03-14,1722,N21,nominal,2.0NRT,286.68,1.16,N
-16.3901,127.33617,309.23,0.37,0.58,2025-03-14,1722,N21,nominal,2.0NRT,282.8,0.91,N
-16.40809,127.35218,303.62,0.37,0.58,2025-03-14,1722,N21,nominal,2.0NRT,281.65,0.55,N
-18.57123,127.1216,308.44,0.38,0.59,2025-03-14,1724,N21,nominal,2.0NRT,291.35,0.9,N
-18.57665,127.12093,308.4,0.38,0.59,2025-03-14,1724,N21,nominal,2.0NRT,291.42,1,N
-19.46876,130.14172,313.52,0.62,0.71,2025-03-14,1724,N21,nominal,2.0NRT,288.01,1.73,N
-19.46926,130.14764,303.13,0.62,0.71,2025-03-14,1724,N21,nominal,2.0NRT,287.72,1.73,N
-19.47584,130.14691,308.96,0.62,0.71,2025-03-14,1724,N21,nominal,2.0NRT,288.13,2.18,N
-19.48499,130.17616,304.54,0.62,0.72,2025-03-14,1724,N21,nominal,2.0NRT,287.66,1.13,N
-19.50428,130.16824,326.92,0.62,0.72,2025-03-14,1724,N21,nominal,2.0NRT,288.16,4.78,N
-19.50377,130.16231,306.49,0.62,0.72,2025-03-14,1724,N21,nominal,2.0NRT,287.88,4.78,N
-19.51698,130.16104,316.13,0.62,0.72,2025-03-14,1724,N21,nominal,2.0NRT,287.91,3.82,N
-19.52913,130.1479,312.36,0.62,0.71,2025-03-14,1724,N21,nominal,2.0NRT,287.7,2.92,N
-19.48965,130.17155,304.78,0.62,0.72,2025-03-14,1724,N21,nominal,2.0NRT,287.87,1.77,N
-19.50239,130.16431,311.38,0.62,0.72,2025-03-14,1724,N21,nominal,2.0NRT,287.94,3.74,N
-19.509,130.16367,325.35,0.62,0.72,2025-03-14,1724,N21,nominal,2.0NRT,288.15,3.74,N
-19.5156,130.16301,322.7,0.62,0.72,2025-03-14,1724,N21,nominal,2.0NRT,288,3.74,N
-19.54054,130.14249,304.13,0.62,0.71,2025-03-14,1724,N21,nominal,2.0NRT,287.79,1.39,N
-19.72769,130.01895,325.5,0.61,0.71,2025-03-14,1724,N21,nominal,2.0NRT,288.69,4.98,N
-19.72662,130.01491,317.88,0.61,0.71,2025-03-14,1724,N21,nominal,2.0NRT,287.59,2.99,N
-19.7271,130.02081,307.95,0.61,0.71,2025-03-14,1724,N21,nominal,2.0NRT,288.57,2.99,N
-19.77252,127.05074,302.31,0.39,0.59,2025-03-14,1724,N21,nominal,2.0NRT,282.84,1.46,N
-19.77289,127.0545,309.4,0.39,0.59,2025-03-14,1724,N21,nominal,2.0NRT,281.37,1.29,N
-45.94485,168.66283,340.73,0.51,0.41,2025-03-15,0224,N21,nominal,2.0NRT,299.12,5.86,D
-45.51362,168.57021,332.58,0.51,0.41,2025-03-15,0224,N21,nominal,2.0NRT,301.91,6.92,D
-44.65265,171.10808,343.96,0.42,0.37,2025-03-15,0224,N21,nominal,2.0NRT,297.04,8.85,D
-43.97926,171.39838,329.62,0.4,0.37,2025-03-15,0224,N21,nominal,2.0NRT,296.45,2.34,D
-43.89598,171.93588,345.74,0.4,0.37,2025-03-15,0224,N21,nominal,2.0NRT,300.89,8.28,D
-43.94613,171.54124,337.6,0.4,0.37,2025-03-15,0224,N21,nominal,2.0NRT,305,35.8,D
-46.16518,169.41226,367,0.69,0.74,2025-03-15,0404,N21,high,2.0NRT,292.1,24.32,D
-46.16621,169.40842,367,0.69,0.74,2025-03-15,0404,N21,high,2.0NRT,290.49,28,D
-22.45215,132.33821,334.84,0.36,0.57,2025-03-15,0412,N21,nominal,2.0NRT,299.72,7.45,D
-21.77858,135.54402,344.29,0.44,0.46,2025-03-15,0412,N21,nominal,2.0NRT,315.32,13.09,D
-21.77432,135.54349,367,0.44,0.46,2025-03-15,0412,N21,high,2.0NRT,315.71,13.01,D
-21.77056,135.53871,350.03,0.44,0.46,2025-03-15,0412,N21,nominal,2.0NRT,308.81,13.01,D
-21.77106,135.53444,355.05,0.44,0.46,2025-03-15,0412,N21,nominal,2.0NRT,310.39,45.1,D
-37.82426,145.33316,348.1,0.39,0.36,2025-03-15,0408,N21,nominal,2.0NRT,298.59,15.32,D
-20.37789,144.50902,331.97,0.45,0.39,2025-03-15,0412,N21,nominal,2.0NRT,297.8,5.56,D
-20.36711,144.52916,332.17,0.45,0.39,2025-03-15,0412,N21,nominal,2.0NRT,299.3,2.89,D
-37.82093,145.33237,352.92,0.39,0.36,2025-03-15,0408,N21,nominal,2.0NRT,299.41,15.32,D
-37.19709,140.36322,331.51,0.55,0.42,2025-03-15,0408,N21,nominal,2.0NRT,277.04,6.18,D
-20.75205,140.67886,342.26,0.39,0.36,2025-03-15,0412,N21,nominal,2.0NRT,310.76,4.14,D
-37.19316,140.36259,336.4,0.55,0.42,2025-03-15,0408,N21,nominal,2.0NRT,279.67,5.26,D
-20.73692,139.47662,337.56,0.41,0.37,2025-03-15,0412,N21,low,2.0NRT,310.12,29.3,D
-20.04951,139.636,348.35,0.4,0.37,2025-03-15,0412,N21,nominal,2.0NRT,307.36,7.36,D
-37.19382,140.3564,335.26,0.55,0.42,2025-03-15,0408,N21,nominal,2.0NRT,276.96,5.26,D
-20.04556,139.63934,335.86,0.4,0.37,2025-03-15,0412,N21,low,2.0NRT,306.57,7.36,D
-37.18923,140.36194,347.54,0.55,0.42,2025-03-15,0408,N21,nominal,2.0NRT,281.78,5.26,D
-20.04217,139.63879,352.93,0.4,0.37,2025-03-15,0412,N21,nominal,2.0NRT,310.27,13.9,D
-37.18988,140.35577,344.38,0.55,0.42,2025-03-15,0408,N21,nominal,2.0NRT,279.94,5.26,D
-20.04439,139.62334,345.29,0.4,0.37,2025-03-15,0412,N21,nominal,2.0NRT,307.12,7.63,D
-37.19053,140.34956,337.27,0.55,0.42,2025-03-15,0408,N21,nominal,2.0NRT,274.01,5.82,D
-20.03768,139.64589,333.47,0.4,0.37,2025-03-15,0412,N21,low,2.0NRT,304.58,4.6,D
-37.18465,140.36749,333.73,0.54,0.42,2025-03-15,0408,N21,nominal,2.0NRT,279.79,9.71,D
-20.03823,139.64207,335.11,0.4,0.37,2025-03-15,0412,N21,nominal,2.0NRT,302.91,4.6,D
-37.1853,140.36131,351.75,0.55,0.42,2025-03-15,0408,N21,nominal,2.0NRT,290.82,10.73,D
-37.18595,140.35513,349.12,0.55,0.42,2025-03-15,0408,N21,nominal,2.0NRT,284.08,10.73,D
-20.01387,139.61836,340.3,0.4,0.37,2025-03-15,0412,N21,nominal,2.0NRT,303.36,6.29,D
-37.18137,140.36069,337.92,0.55,0.42,2025-03-15,0408,N21,nominal,2.0NRT,276.99,10.73,D
-19.99701,139.63933,343.31,0.4,0.37,2025-03-15,0412,N21,nominal,2.0NRT,306.16,5.73,D
-20.34339,136.90591,348.16,0.53,0.42,2025-03-15,0412,N21,nominal,2.0NRT,316.7,17.59,D
-37.18202,140.35449,343.21,0.55,0.42,2025-03-15,0408,N21,nominal,2.0NRT,277.3,10.73,D
-20.3459,136.88571,346.37,0.53,0.42,2025-03-15,0412,N21,nominal,2.0NRT,314.79,20.17,D
-37.18267,140.34827,331.48,0.55,0.42,2025-03-15,0408,N21,nominal,2.0NRT,272.2,5.68,D
-20.3454,136.9044,348.05,0.53,0.42,2025-03-15,0412,N21,nominal,2.0NRT,317.84,22.57,D
-20.34353,136.88876,348.33,0.53,0.42,2025-03-15,0412,N21,nominal,2.0NRT,316.93,15.89,D
-37.17809,140.35385,332.35,0.55,0.42,2025-03-15,0408,N21,nominal,2.0NRT,278.96,10.45,D
-20.32871,136.91234,343.97,0.53,0.42,2025-03-15,0412,N21,low,2.0NRT,317.32,14.18,D
-20.32487,136.9118,347.59,0.53,0.42,2025-03-15,0412,N21,low,2.0NRT,318.45,14.18,D
-34.46106,150.8815,339.08,0.56,0.43,2025-03-15,0408,N21,nominal,2.0NRT,298.51,8.35,D
-20.33084,136.83542,348.51,0.53,0.42,2025-03-15,0412,N21,nominal,2.0NRT,315.92,18.99,D
-34.45449,150.8793,336.22,0.56,0.43,2025-03-15,0408,N21,nominal,2.0NRT,299.43,6.72,D
-20.33149,136.83034,342.52,0.53,0.42,2025-03-15,0412,N21,low,2.0NRT,316.49,15.74,D
-34.82729,147.83934,338.94,0.42,0.38,2025-03-15,0408,N21,nominal,2.0NRT,305.65,4.84,D
-20.32377,136.82927,347.04,0.53,0.42,2025-03-15,0412,N21,nominal,2.0NRT,314.29,13.48,D
-33.91364,147.57455,339.15,0.42,0.38,2025-03-15,0408,N21,nominal,2.0NRT,298.24,34,D
-20.31079,136.89957,344.36,0.53,0.42,2025-03-15,0412,N21,low,2.0NRT,319.26,20.66,D
-19.44958,138.56422,367,0.43,0.38,2025-03-15,0412,N21,high,2.0NRT,311.82,11.31,D
-33.90942,147.5782,344.32,0.42,0.38,2025-03-15,0408,N21,nominal,2.0NRT,295.53,6,D
-19.449,138.56834,337.44,0.43,0.38,2025-03-15,0412,N21,nominal,2.0NRT,308.66,11.31,D
-33.91021,147.5737,342.31,0.42,0.38,2025-03-15,0408,N21,nominal,2.0NRT,311.68,34,D
-33.911,147.56917,352.23,0.42,0.38,2025-03-15,0408,N21,nominal,2.0NRT,304.66,34,D
-19.44493,138.57191,367,0.43,0.38,2025-03-15,0412,N21,high,2.0NRT,309.08,16.21,D
-33.90678,147.57281,367,0.42,0.38,2025-03-15,0408,N21,high,2.0NRT,343.02,153.75,D
-19.4455,138.56783,367,0.43,0.38,2025-03-15,0412,N21,high,2.0NRT,309.68,11.31,D
-33.90599,147.57735,348.99,0.42,0.38,2025-03-15,0408,N21,nominal,2.0NRT,298.89,6.61,D
-19.44665,138.55959,337.07,0.43,0.38,2025-03-15,0412,N21,nominal,2.0NRT,311.03,4.49,D
-33.90835,147.56381,332.59,0.42,0.38,2025-03-15,0408,N21,nominal,2.0NRT,301.69,2.95,D
-19.44722,138.55547,338.84,0.43,0.38,2025-03-15,0412,N21,low,2.0NRT,309,4.49,D
-33.90255,147.57646,338.62,0.42,0.38,2025-03-15,0408,N21,nominal,2.0NRT,297.7,6.61,D
-19.43971,138.58368,348.97,0.43,0.38,2025-03-15,0412,N21,nominal,2.0NRT,309.88,7.77,D
-33.90334,147.57195,355.63,0.42,0.38,2025-03-15,0408,N21,nominal,2.0NRT,303.32,153.75,D
-19.44314,138.55905,344.99,0.43,0.38,2025-03-15,0412,N21,nominal,2.0NRT,311.3,19.3,D
-19.44372,138.55493,355.2,0.43,0.38,2025-03-15,0412,N21,nominal,2.0NRT,314.83,19.3,D
-33.90413,147.56744,348.8,0.42,0.38,2025-03-15,0408,N21,nominal,2.0NRT,303.35,153.75,D
-19.44429,138.55083,353.06,0.43,0.38,2025-03-15,0412,N21,nominal,2.0NRT,310.19,38.4,D
-33.7055,147.43117,335.46,0.42,0.37,2025-03-15,0408,N21,low,2.0NRT,310.02,3.82,D
-19.43621,138.58313,341.09,0.43,0.38,2025-03-15,0412,N21,nominal,2.0NRT,309.72,7.77,D
-33.70285,147.42583,340.96,0.42,0.37,2025-03-15,0408,N21,nominal,2.0NRT,309.64,3.82,D
-19.38656,138.6839,346.25,0.43,0.38,2025-03-15,0412,N21,nominal,2.0NRT,308.7,7.12,D
-32.4019,148.68257,335.48,0.48,0.4,2025-03-15,0408,N21,low,2.0NRT,310.4,4.83,D
-19.38308,138.68336,335.9,0.43,0.38,2025-03-15,0412,N21,low,2.0NRT,306.56,4.64,D
-19.38364,138.67929,342.38,0.43,0.38,2025-03-15,0412,N21,nominal,2.0NRT,308.4,4.64,D
-32.39826,148.68163,336.64,0.48,0.4,2025-03-15,0408,N21,low,2.0NRT,309.21,5.72,D
-19.3842,138.67523,341.43,0.43,0.38,2025-03-15,0412,N21,nominal,2.0NRT,308.58,4.65,D
-32.59718,147.15155,342.97,0.42,0.38,2025-03-15,0408,N21,nominal,2.0NRT,311.37,5.23,D
-19.38128,138.67064,341.38,0.43,0.38,2025-03-15,0412,N21,nominal,2.0NRT,306.91,4.65,D
-32.76332,145.91324,337.42,0.39,0.36,2025-03-15,0408,N21,low,2.0NRT,310.28,3.34,D
-19.37779,138.67009,339.24,0.43,0.38,2025-03-15,0412,N21,nominal,2.0NRT,307.02,7.12,D
-19.37487,138.66551,351.38,0.43,0.38,2025-03-15,0412,N21,nominal,2.0NRT,307.84,9.38,D
-32.73859,145.9162,346,0.39,0.36,2025-03-15,0408,N21,nominal,2.0NRT,316.89,8.77,D
-19.37194,138.66089,346.41,0.43,0.38,2025-03-15,0412,N21,nominal,2.0NRT,306.12,8.12,D
-19.6907,132.03328,354.18,0.35,0.57,2025-03-15,0414,N21,nominal,2.0NRT,299.48,6.78,D
-32.73456,145.91962,354.31,0.39,0.36,2025-03-15,0408,N21,nominal,2.0NRT,316.84,8.77,D
-19.69104,132.02995,340.6,0.35,0.57,2025-03-15,0414,N21,nominal,2.0NRT,301,6.78,D
-32.73122,145.91885,367,0.39,0.36,2025-03-15,0408,N21,low,2.0NRT,330.64,25.43,D
-19.6914,132.02663,348.66,0.35,0.57,2025-03-15,0414,N21,nominal,2.0NRT,302.4,8.36,D
-32.72788,145.91811,342.24,0.39,0.36,2025-03-15,0408,N21,nominal,2.0NRT,312.06,25.43,D
-19.69174,132.02328,351.96,0.35,0.57,2025-03-15,0414,N21,nominal,2.0NRT,302.86,8.36,D
-32.71141,145.94556,340.77,0.39,0.36,2025-03-15,0408,N21,low,2.0NRT,312.73,13.74,D
-19.69209,132.01996,349.45,0.35,0.57,2025-03-15,0414,N21,nominal,2.0NRT,301.64,5.61,D
-32.1225,145.54172,338.52,0.39,0.36,2025-03-15,0410,N21,low,2.0NRT,313.11,4.05,D
-19.69244,132.01663,336.17,0.35,0.57,2025-03-15,0414,N21,nominal,2.0NRT,295.61,5.61,D
-30.34999,151.70387,339.08,0.49,0.49,2025-03-15,0410,N21,nominal,2.0NRT,299.69,4.89,D
-19.69279,132.01329,340.12,0.35,0.57,2025-03-15,0414,N21,nominal,2.0NRT,299.77,6.03,D
-29.86624,150.38853,344.18,0.43,0.46,2025-03-15,0410,N21,nominal,2.0NRT,313.59,65.62,D
-19.69315,132.00995,347.89,0.35,0.57,2025-03-15,0414,N21,nominal,2.0NRT,306.02,6.03,D
-29.86799,150.37999,348.65,0.43,0.46,2025-03-15,0410,N21,nominal,2.0NRT,306.22,51.32,D
-19.69282,131.96242,346.96,0.35,0.57,2025-03-15,0414,N21,nominal,2.0NRT,302.21,5.46,D
-29.86712,150.38428,207.38,0.43,0.46,2025-03-15,0410,N21,low,2.0NRT,320.96,51.32,D
-29.86473,150.37463,367,0.43,0.46,2025-03-15,0410,N21,high,2.0NRT,305.58,10.16,D
-19.60701,131.81688,353.79,0.36,0.57,2025-03-15,0414,N21,nominal,2.0NRT,304.38,85.13,D
-29.86296,150.38324,344.35,0.43,0.46,2025-03-15,0410,N21,nominal,2.0NRT,314.3,51.32,D
-19.60665,131.8203,355.65,0.36,0.57,2025-03-15,0414,N21,low,2.0NRT,284.95,85.13,D
-29.86384,150.37895,350.28,0.43,0.46,2025-03-15,0410,N21,nominal,2.0NRT,306.68,51.32,D
-29.68198,149.88287,346.31,0.4,0.44,2025-03-15,0410,N21,nominal,2.0NRT,310.5,5.59,D
-19.60736,131.81346,207.38,0.36,0.57,2025-03-15,0414,N21,low,2.0NRT,306.41,212.11,D
-31.40119,135.27278,367,0.59,0.53,2025-03-15,0410,N21,high,2.0NRT,314.17,23.54,D
-19.73135,130.02171,352.84,0.47,0.64,2025-03-15,0414,N21,nominal,2.0NRT,297.93,8.75,D
-31.40279,135.25395,367,0.59,0.53,2025-03-15,0410,N21,high,2.0NRT,316.72,13.8,D
-31.40065,135.27904,355.28,0.59,0.53,2025-03-15,0410,N21,nominal,2.0NRT,315.81,31,D
-19.72542,130.02115,346.48,0.47,0.64,2025-03-15,0414,N21,nominal,2.0NRT,298.88,8.75,D
-31.40172,135.26651,345.36,0.59,0.53,2025-03-15,0410,N21,nominal,2.0NRT,316.91,23.54,D
-19.73329,130.02129,354.81,0.47,0.64,2025-03-15,0414,N21,nominal,2.0NRT,298.15,7.77,D
-31.40226,135.26022,344.11,0.59,0.53,2025-03-15,0410,N21,nominal,2.0NRT,314.02,13.8,D
-19.72736,130.02074,343.44,0.47,0.64,2025-03-15,0414,N21,nominal,2.0NRT,298.88,7.77,D
-31.40332,135.24765,344.94,0.59,0.53,2025-03-15,0410,N21,nominal,2.0NRT,316.62,11.88,D
-19.53182,130.15115,332.75,0.46,0.64,2025-03-15,0414,N21,nominal,2.0NRT,295.54,6.65,D
-31.39789,135.25345,367,0.59,0.53,2025-03-15,0410,N21,high,2.0NRT,319.99,66.26,D
-19.53223,130.14676,335.95,0.46,0.64,2025-03-15,0414,N21,nominal,2.0NRT,295.63,9,D
-19.51255,130.16718,367,0.46,0.64,2025-03-15,0414,N21,high,2.0NRT,296.48,10.49,D
-31.39629,135.27234,353.59,0.59,0.53,2025-03-15,0410,N21,nominal,2.0NRT,323.23,89.38,D
-19.50668,130.16667,332.02,0.46,0.64,2025-03-15,0414,N21,nominal,2.0NRT,295.9,9.1,D
-31.39736,135.25975,352.37,0.59,0.53,2025-03-15,0410,N21,nominal,2.0NRT,319.85,66.26,D
-19.50704,130.16913,335.24,0.46,0.64,2025-03-15,0414,N21,nominal,2.0NRT,296.06,9.01,D
-31.39842,135.24718,344.16,0.59,0.53,2025-03-15,0410,N21,nominal,2.0NRT,316.11,13.98,D
-18.83857,130.39439,330.08,0.44,0.62,2025-03-15,0414,N21,nominal,2.0NRT,297.99,3.06,D
-31.39576,135.27859,367,0.59,0.53,2025-03-15,0410,N21,low,2.0NRT,332.82,196.04,D
-18.83896,130.39027,333.98,0.44,0.62,2025-03-15,0414,N21,nominal,2.0NRT,299.45,3.06,D
-31.39086,135.27815,367,0.59,0.53,2025-03-15,0410,N21,high,2.0NRT,336.05,196.04,D
-31.39139,135.27187,354.61,0.59,0.53,2025-03-15,0410,N21,nominal,2.0NRT,322.97,89.38,D
-18.83284,130.39375,336.67,0.44,0.62,2025-03-15,0414,N21,nominal,2.0NRT,300.05,3.06,D
-31.39192,135.26558,349.56,0.59,0.53,2025-03-15,0410,N21,low,2.0NRT,319.94,89.38,D
-18.82672,130.3972,341.41,0.44,0.62,2025-03-15,0414,N21,nominal,2.0NRT,300.03,6.71,D
-31.39299,135.25298,353.26,0.59,0.53,2025-03-15,0410,N21,nominal,2.0NRT,322.49,66.26,D
-18.82059,130.40076,346.38,0.44,0.62,2025-03-15,0414,N21,nominal,2.0NRT,299.71,6.71,D
-31.39352,135.24667,345.9,0.59,0.53,2025-03-15,0410,N21,nominal,2.0NRT,317.2,13.98,D
-18.83664,130.39568,341.55,0.44,0.62,2025-03-15,0414,N21,nominal,2.0NRT,298.62,4.71,D
-31.38649,135.27141,349.44,0.59,0.53,2025-03-15,0410,N21,nominal,2.0NRT,324.35,142.3,D
-18.83091,130.39502,340.35,0.44,0.62,2025-03-15,0414,N21,nominal,2.0NRT,299.59,4.71,D
-31.38755,135.25879,346.31,0.59,0.53,2025-03-15,0410,N21,low,2.0NRT,316.41,24.28,D
-31.38808,135.2525,348.35,0.59,0.53,2025-03-15,0410,N21,nominal,2.0NRT,317.87,24.28,D
-18.82476,130.39851,343.57,0.44,0.62,2025-03-15,0414,N21,nominal,2.0NRT,299.45,4.31,D
-31.38596,135.27769,367,0.59,0.53,2025-03-15,0410,N21,low,2.0NRT,332.14,108.99,D
-18.8186,130.40211,332.03,0.44,0.62,2025-03-15,0414,N21,nominal,2.0NRT,298.26,4.31,D
-31.38107,135.27721,345.54,0.59,0.53,2025-03-15,0410,N21,nominal,2.0NRT,317.39,108.99,D
-31.3816,135.2709,367,0.59,0.53,2025-03-15,0410,N21,low,2.0NRT,325.3,142.3,D
-18.81903,130.39792,331.73,0.44,0.62,2025-03-15,0414,N21,nominal,2.0NRT,300.35,4.31,D
-31.3767,135.2704,367,0.59,0.53,2025-03-15,0410,N21,high,2.0NRT,328.77,113.47,D
-18.81329,130.39737,336.74,0.44,0.62,2025-03-15,0414,N21,nominal,2.0NRT,300.85,11.06,D
-31.37617,135.27669,344.16,0.59,0.53,2025-03-15,0410,N21,nominal,2.0NRT,314.06,52.6,D
-18.80798,130.39259,351.55,0.44,0.62,2025-03-15,0414,N21,nominal,2.0NRT,302.69,13.61,D
-28.35404,148.50383,344.5,0.54,0.42,2025-03-15,0410,N21,low,2.0NRT,318.24,10.03,D
-26.63987,150.49303,335.07,0.5,0.49,2025-03-15,0410,N21,nominal,2.0NRT,301.31,3.21,D
-18.80183,130.39615,336.42,0.44,0.62,2025-03-15,0414,N21,nominal,2.0NRT,299.86,3.63,D
-25.15716,148.07591,336.81,0.39,0.44,2025-03-15,0410,N21,nominal,2.0NRT,302.57,6.16,D
-18.7961,130.39549,330.82,0.44,0.62,2025-03-15,0414,N21,nominal,2.0NRT,296.95,3.63,D
-24.76295,147.7834,339.31,0.57,0.43,2025-03-15,0410,N21,nominal,2.0NRT,303.35,9.74,D
-18.79654,130.33292,332.81,0.44,0.62,2025-03-15,0414,N21,nominal,2.0NRT,297.52,3.29,D
-25.00149,138.67358,367,0.48,0.4,2025-03-15,0412,N21,high,2.0NRT,319.64,13.28,D
-18.78588,130.38177,336.52,0.44,0.62,2025-03-15,0414,N21,nominal,2.0NRT,295.85,5.12,D
-25.00089,138.67839,346.34,0.48,0.4,2025-03-15,0412,N21,nominal,2.0NRT,310.07,8.72,D
-25.00209,138.66879,343.97,0.48,0.4,2025-03-15,0412,N21,nominal,2.0NRT,315.73,13.28,D
-18.78629,130.37764,340.81,0.44,0.62,2025-03-15,0414,N21,nominal,2.0NRT,296.27,5.12,D
-24.99719,138.67784,341.98,0.48,0.4,2025-03-15,0412,N21,nominal,2.0NRT,315.94,16.3,D
-18.78217,130.36069,367,0.44,0.62,2025-03-15,0414,N21,high,2.0NRT,301.93,22.02,D
-24.9984,138.66823,341.2,0.48,0.4,2025-03-15,0412,N21,nominal,2.0NRT,313.59,14.21,D
-18.78258,130.35657,367,0.44,0.62,2025-03-15,0414,N21,high,2.0NRT,301.76,31.56,D
-24.99289,138.68207,355.13,0.48,0.4,2025-03-15,0412,N21,nominal,2.0NRT,317.67,16.3,D
-24.9849,138.68575,354.17,0.48,0.4,2025-03-15,0412,N21,nominal,2.0NRT,322.46,40.99,D
-18.78136,130.36887,331.69,0.44,0.62,2025-03-15,0414,N21,nominal,2.0NRT,297.07,7.87,D
-24.9775,138.68463,349.6,0.48,0.4,2025-03-15,0412,N21,low,2.0NRT,321.93,37.23,D
-18.78177,130.36478,351.24,0.44,0.62,2025-03-15,0414,N21,nominal,2.0NRT,298.86,22.02,D
-24.183,139.76225,343.08,0.43,0.38,2025-03-15,0412,N21,low,2.0NRT,317.15,9.69,D
-18.78299,130.35243,335.6,0.44,0.62,2025-03-15,0414,N21,nominal,2.0NRT,300.73,31.56,D
-24.18357,139.75803,352.27,0.43,0.38,2025-03-15,0412,N21,nominal,2.0NRT,321.12,9.69,D
-18.77684,130.3559,351.54,0.44,0.62,2025-03-15,0414,N21,nominal,2.0NRT,294.11,31.56,D
-24.18575,139.75912,347.03,0.43,0.38,2025-03-15,0412,N21,nominal,2.0NRT,316.83,6.48,D
-18.37496,132.7014,341.1,0.61,0.53,2025-03-15,0414,N21,nominal,2.0NRT,304.61,15.64,D
-24.18168,139.76279,344.55,0.43,0.38,2025-03-15,0412,N21,low,2.0NRT,317.65,6.48,D
-18.61536,127.01819,367,0.73,0.76,2025-03-15,0414,N21,high,2.0NRT,293.46,46.2,D
-24.18226,139.75856,346.65,0.43,0.38,2025-03-15,0412,N21,low,2.0NRT,321.02,6.48,D
-18.61481,127.02512,341.95,0.73,0.76,2025-03-15,0414,N21,nominal,2.0NRT,289.06,46.2,D
-18.61592,127.01126,351.23,0.73,0.76,2025-03-15,0414,N21,nominal,2.0NRT,290.69,51.34,D
-18.5792,127.11941,367,0.72,0.75,2025-03-15,0414,N21,high,2.0NRT,290.96,38.95,D
-18.57974,127.11259,355.83,0.72,0.75,2025-03-15,0414,N21,low,2.0NRT,288.06,38.95,D
-18.61681,127.01729,367,0.73,0.76,2025-03-15,0414,N21,high,2.0NRT,293.15,37.17,D
-18.61621,127.02421,342.61,0.73,0.76,2025-03-15,0414,N21,nominal,2.0NRT,288.3,40.01,D
-18.61741,127.01038,346.19,0.73,0.76,2025-03-15,0414,N21,nominal,2.0NRT,290.65,37.17,D
-18.60981,127.01672,330.54,0.73,0.76,2025-03-15,0414,N21,nominal,2.0NRT,291.44,37.17,D
-18.57942,127.12526,330.89,0.72,0.75,2025-03-15,0414,N21,nominal,2.0NRT,289.42,39.02,D
-18.57999,127.11852,355.15,0.72,0.75,2025-03-15,0414,N21,nominal,2.0NRT,290.19,39.02,D
-18.58057,127.11172,343.42,0.72,0.75,2025-03-15,0414,N21,nominal,2.0NRT,287.64,26.01,D
-18.38186,127.72119,334.54,0.65,0.73,2025-03-15,0414,N21,nominal,2.0NRT,291.07,14.54,D
-18.3824,127.71504,336.68,0.65,0.73,2025-03-15,0414,N21,nominal,2.0NRT,290.45,9.58,D
-16.62055,136.16629,339.1,0.52,0.42,2025-03-15,0414,N21,nominal,2.0NRT,300.09,4.06,D
-16.61739,136.16075,336.97,0.52,0.42,2025-03-15,0414,N21,nominal,2.0NRT,305.62,8.33,D
-16.61356,136.1602,350.49,0.52,0.42,2025-03-15,0414,N21,nominal,2.0NRT,302.83,8.33,D
-16.89027,132.04889,367,0.32,0.55,2025-03-15,0414,N21,high,2.0NRT,301.89,10.5,D
-16.89061,132.04588,367,0.32,0.55,2025-03-15,0414,N21,high,2.0NRT,301.07,11.87,D
-16.88993,132.05191,346.46,0.32,0.55,2025-03-15,0414,N21,nominal,2.0NRT,299.63,10.5,D
-16.8447,132.04655,367,0.32,0.55,2025-03-15,0414,N21,high,2.0NRT,298.16,28.8,D
-16.8447,132.0477,367,0.32,0.55,2025-03-15,0414,N21,high,2.0NRT,298.4,25.26,D
-16.84003,132.04413,333.21,0.32,0.55,2025-03-15,0414,N21,nominal,2.0NRT,300.88,21.32,D
-15.95777,128.12814,332.52,0.57,0.69,2025-03-15,0414,N21,nominal,2.0NRT,276.22,6.84,D
-15.81185,127.20711,332.12,0.66,0.73,2025-03-15,0414,N21,nominal,2.0NRT,292.86,13.77,D
-15.80507,127.20699,349.49,0.66,0.73,2025-03-15,0414,N21,nominal,2.0NRT,292.24,24.11,D
-15.80571,127.20033,352.26,0.66,0.73,2025-03-15,0414,N21,nominal,2.0NRT,292.38,25.39,D
-15.60511,126.95857,367,0.68,0.74,2025-03-15,0414,N21,high,2.0NRT,292.05,21.2,D
-15.60452,126.96481,347.68,0.68,0.74,2025-03-15,0414,N21,nominal,2.0NRT,290.09,21.2,D
-15.5983,126.95786,354.37,0.68,0.74,2025-03-15,0414,N21,nominal,2.0NRT,291.62,21.2,D
-15.60256,126.96471,346.96,0.68,0.74,2025-03-15,0414,N21,nominal,2.0NRT,291.69,34.45,D
-15.6032,126.95849,354.56,0.68,0.74,2025-03-15,0414,N21,nominal,2.0NRT,293.01,51.15,D
-18.61802,127.02274,333.56,0.48,0.65,2025-03-15,0553,N21,nominal,2.0NRT,297.93,16.35,D
-18.61901,127.01826,349.86,0.48,0.65,2025-03-15,0553,N21,nominal,2.0NRT,298.78,12.58,D
-18.57939,127.11259,367,0.49,0.65,2025-03-15,0553,N21,high,2.0NRT,299.69,40.7,D
-18.5804,127.1081,367,0.49,0.65,2025-03-15,0553,N21,high,2.0NRT,299.9,40.7,D
-18.57633,127.12623,339.46,0.49,0.65,2025-03-15,0553,N21,nominal,2.0NRT,297.23,12.35,D
-18.57735,127.12168,351.27,0.49,0.65,2025-03-15,0553,N21,nominal,2.0NRT,300.07,12.89,D
-18.57837,127.11713,334.86,0.49,0.65,2025-03-15,0553,N21,nominal,2.0NRT,299.52,12.89,D
-18.58141,127.10359,341.6,0.49,0.65,2025-03-15,0553,N21,nominal,2.0NRT,295.33,49.46,D
-18.5745,127.1067,367,0.49,0.65,2025-03-15,0553,N21,high,2.0NRT,302.22,40.7,D
-18.57247,127.11575,352.48,0.49,0.65,2025-03-15,0553,N21,nominal,2.0NRT,299.62,12.89,D
-18.57349,127.11124,353.52,0.49,0.65,2025-03-15,0553,N21,nominal,2.0NRT,298.57,40.7,D
-18.57551,127.1022,298.55,0.49,0.65,2025-03-15,0553,N21,low,2.0NRT,300.34,49.46,D
-18.61414,127.02222,330.7,0.48,0.65,2025-03-15,0553,N21,nominal,2.0NRT,295.88,5.63,D
-18.61511,127.01774,350.76,0.48,0.65,2025-03-15,0553,N21,nominal,2.0NRT,297.85,6.41,D
-18.61608,127.01324,334.52,0.48,0.65,2025-03-15,0553,N21,nominal,2.0NRT,297.38,6.41,D
-18.58003,127.12284,353.74,0.49,0.65,2025-03-15,0553,N21,nominal,2.0NRT,298.75,9.71,D
-18.58102,127.11828,333.07,0.49,0.65,2025-03-15,0553,N21,nominal,2.0NRT,298.52,9.71,D
-18.58201,127.11372,349.21,0.49,0.65,2025-03-15,0553,N21,nominal,2.0NRT,298.49,34.15,D
-18.5771,127.10777,367,0.49,0.65,2025-03-15,0553,N21,high,2.0NRT,300.91,34.15,D
-18.57513,127.11684,333.73,0.49,0.65,2025-03-15,0553,N21,nominal,2.0NRT,299.58,9.71,D
-18.57612,127.1123,345.32,0.49,0.65,2025-03-15,0553,N21,nominal,2.0NRT,299.12,34.15,D
-18.57808,127.10325,334.29,0.49,0.65,2025-03-15,0553,N21,nominal,2.0NRT,300.91,75.14,D
-18.57121,127.10638,367,0.49,0.65,2025-03-15,0553,N21,high,2.0NRT,298.66,23.26,D
-18.56923,127.11543,345.53,0.49,0.65,2025-03-15,0553,N21,nominal,2.0NRT,297.41,11.72,D
-18.57022,127.11092,335.68,0.49,0.65,2025-03-15,0553,N21,nominal,2.0NRT,298.14,23.26,D
-18.57219,127.10187,351.16,0.49,0.65,2025-03-15,0553,N21,nominal,2.0NRT,299.31,20.99,D
-18.57317,127.09737,338.31,0.49,0.65,2025-03-15,0553,N21,nominal,2.0NRT,297.8,20.99,D
-18.38186,127.73405,331.86,0.54,0.68,2025-03-15,0553,N21,nominal,2.0NRT,294.92,13.41,D
-18.38867,127.7037,331.7,0.54,0.68,2025-03-15,0553,N21,nominal,2.0NRT,295.99,10.86,D
-18.38979,127.69869,330.26,0.54,0.68,2025-03-15,0553,N21,nominal,2.0NRT,295.32,6.77,D
-18.37688,127.72743,367,0.54,0.68,2025-03-15,0553,N21,high,2.0NRT,296.52,26.33,D
-18.38141,127.70731,341.98,0.54,0.68,2025-03-15,0553,N21,nominal,2.0NRT,295.87,10.86,D
-18.37302,127.7159,338.64,0.54,0.68,2025-03-15,0553,N21,nominal,2.0NRT,295.45,7.17,D
-18.61211,124.68804,337.93,0.34,0.56,2025-03-15,0553,N21,nominal,2.0NRT,297.69,4.06,D
-18.61537,124.67215,337.15,0.34,0.56,2025-03-15,0553,N21,nominal,2.0NRT,296.36,6.19,D
-18.60703,124.68685,336.43,0.34,0.56,2025-03-15,0553,N21,nominal,2.0NRT,295.73,4.06,D
-18.20825,126.09715,340.42,0.43,0.62,2025-03-15,0553,N21,nominal,2.0NRT,293.34,8.85,D
-18.19497,126.13184,330.16,0.43,0.62,2025-03-15,0553,N21,nominal,2.0NRT,295.23,7.11,D
-18.18458,126.12543,333.94,0.43,0.62,2025-03-15,0553,N21,nominal,2.0NRT,295.78,3.64,D
-18.19523,126.04845,333.46,0.42,0.61,2025-03-15,0553,N21,nominal,2.0NRT,294.32,4.94,D
-18.15231,126.13862,367,0.43,0.62,2025-03-15,0553,N21,high,2.0NRT,297.91,16.91,D
-18.15145,126.14259,331.26,0.43,0.62,2025-03-15,0553,N21,nominal,2.0NRT,297.09,7.77,D
-18.1368,126.15578,355.33,0.43,0.62,2025-03-15,0553,N21,nominal,2.0NRT,297.35,8.52,D
-18.10985,126.2522,336.18,0.44,0.62,2025-03-15,0553,N21,nominal,2.0NRT,293.12,8.22,D
-18.11159,126.24425,336.7,0.44,0.62,2025-03-15,0553,N21,nominal,2.0NRT,294.03,10.62,D
-18.1312,126.15441,340.03,0.43,0.62,2025-03-15,0553,N21,nominal,2.0NRT,298.44,8.52,D
-18.15534,126.13885,341.23,0.43,0.62,2025-03-15,0553,N21,nominal,2.0NRT,296.74,7.49,D
-18.1489,126.14152,333.47,0.43,0.62,2025-03-15,0553,N21,nominal,2.0NRT,298.03,9.28,D
-18.14973,126.13756,343.99,0.43,0.62,2025-03-15,0553,N21,nominal,2.0NRT,298.95,12.61,D
-18.13435,126.15474,367,0.43,0.62,2025-03-15,0553,N21,high,2.0NRT,298.42,18.14,D
-18.10805,126.25144,336.2,0.44,0.62,2025-03-15,0553,N21,nominal,2.0NRT,293.68,8.82,D
-18.10889,126.24748,344.51,0.44,0.62,2025-03-15,0553,N21,nominal,2.0NRT,292.98,4.8,D
-18.10973,126.24347,335.93,0.44,0.62,2025-03-15,0553,N21,nominal,2.0NRT,293.82,4.8,D
-18.0855,126.2459,340.99,0.44,0.62,2025-03-15,0553,N21,nominal,2.0NRT,293.85,3.55,D
-18.0428,126.27876,367,0.44,0.62,2025-03-15,0553,N21,high,2.0NRT,296.07,12.5,D
-18.04104,126.28696,340.6,0.44,0.63,2025-03-15,0553,N21,nominal,2.0NRT,293.72,8.28,D
-18.04192,126.28285,351.52,0.44,0.62,2025-03-15,0553,N21,nominal,2.0NRT,294.66,12.5,D
-18.03623,126.28163,336.85,0.44,0.62,2025-03-15,0553,N21,nominal,2.0NRT,292.51,7.53,D
-17.96606,126.32368,331.29,0.45,0.63,2025-03-15,0553,N21,nominal,2.0NRT,295.65,12.15,D
-17.9612,126.31844,367,0.45,0.63,2025-03-15,0553,N21,high,2.0NRT,295.56,31.75,D
-17.96035,126.32243,333.58,0.45,0.63,2025-03-15,0553,N21,nominal,2.0NRT,295.43,12.15,D
-17.94726,126.32774,341.99,0.45,0.63,2025-03-15,0553,N21,nominal,2.0NRT,292.16,6.36,D
-17.88327,126.37434,339.46,0.45,0.63,2025-03-15,0553,N21,nominal,2.0NRT,296.34,7.63,D
-17.88417,126.37018,352.44,0.45,0.63,2025-03-15,0553,N21,nominal,2.0NRT,296.86,10.21,D
-17.87757,126.37291,332.63,0.45,0.63,2025-03-15,0553,N21,nominal,2.0NRT,296.98,7.63,D
-17.87848,126.36874,340,0.45,0.63,2025-03-15,0553,N21,nominal,2.0NRT,297.48,10.21,D
-17.89493,126.37315,332.65,0.45,0.63,2025-03-15,0553,N21,nominal,2.0NRT,294.26,7.72,D
-17.88353,126.37037,367,0.45,0.63,2025-03-15,0553,N21,high,2.0NRT,297.25,21.11,D
-17.88265,126.37453,333.82,0.45,0.63,2025-03-15,0553,N21,nominal,2.0NRT,295.73,6.72,D
-17.87696,126.37305,333.24,0.45,0.63,2025-03-15,0553,N21,nominal,2.0NRT,296.51,6.72,D
-17.84846,126.22586,335.14,0.44,0.63,2025-03-15,0553,N21,nominal,2.0NRT,296.24,6.43,D
-17.83055,126.2261,348.28,0.44,0.63,2025-03-15,0553,N21,nominal,2.0NRT,295.96,9.61,D
-17.81847,126.22688,336.66,0.44,0.63,2025-03-15,0553,N21,nominal,2.0NRT,296.36,7.04,D
-17.817,126.22605,338.12,0.44,0.63,2025-03-15,0553,N21,nominal,2.0NRT,296.65,6.66,D
-17.77145,126.21619,339.31,0.44,0.63,2025-03-15,0553,N21,nominal,2.0NRT,296.95,8.43,D
-17.76485,126.21925,346.78,0.44,0.63,2025-03-15,0553,N21,nominal,2.0NRT,297.68,8.43,D
-17.75827,126.22217,343.61,0.44,0.63,2025-03-15,0553,N21,nominal,2.0NRT,297.91,9.37,D
-17.75914,126.21804,332.56,0.44,0.63,2025-03-15,0553,N21,nominal,2.0NRT,296.99,4.48,D
-17.75256,126.22098,334.89,0.44,0.63,2025-03-15,0553,N21,nominal,2.0NRT,296.91,9.37,D
-17.75344,126.21684,331.99,0.44,0.63,2025-03-15,0553,N21,nominal,2.0NRT,296.44,4.48,D
-17.74404,125.63801,335.89,0.41,0.6,2025-03-15,0553,N21,nominal,2.0NRT,296.82,2,D
-17.31243,124.785,341.09,0.37,0.58,2025-03-15,0553,N21,nominal,2.0NRT,288.61,11.1,D
-17.3131,124.78171,342.11,0.36,0.58,2025-03-15,0553,N21,nominal,2.0NRT,289.23,8.23,D
-16.39044,127.35296,336.33,0.56,0.69,2025-03-15,0553,N21,nominal,2.0NRT,292.68,5.66,D
-17.03557,124.29887,330.56,0.34,0.56,2025-03-15,0553,N21,nominal,2.0NRT,284.61,3.07,D
-17.0311,124.29458,333.72,0.34,0.56,2025-03-15,0553,N21,nominal,2.0NRT,284.99,3.07,D
-16.38368,127.32425,340.42,0.56,0.69,2025-03-15,0553,N21,nominal,2.0NRT,294.42,13.06,D
-16.38708,127.321,342.65,0.56,0.69,2025-03-15,0553,N21,nominal,2.0NRT,293.32,6.96,D
-15.58952,127.10903,331.86,0.56,0.69,2025-03-15,0553,N21,nominal,2.0NRT,286.15,8.57,D
-15.60819,126.96207,346.78,0.55,0.68,2025-03-15,0553,N21,nominal,2.0NRT,292,13.84,D
-15.60023,126.93901,330.67,0.55,0.68,2025-03-15,0553,N21,nominal,2.0NRT,291.8,17.06,D
-15.60131,126.93401,346.09,0.55,0.68,2025-03-15,0553,N21,nominal,2.0NRT,291.72,12.47,D
-15.59682,126.93269,332.8,0.55,0.68,2025-03-15,0553,N21,nominal,2.0NRT,290.24,11.5,D
-31.39441,135.28197,367,0.74,0.76,2025-03-15,0550,N21,high,2.0NRT,293.67,68.44,D
-31.39893,135.26688,367,0.74,0.76,2025-03-15,0550,N21,high,2.0NRT,295.16,56.47,D
-31.39217,135.28944,331.87,0.74,0.76,2025-03-15,0550,N21,nominal,2.0NRT,287.65,45.8,D
-31.39668,135.27443,354.08,0.74,0.76,2025-03-15,0550,N21,nominal,2.0NRT,292.33,68.44,D
-31.40119,135.25938,346.87,0.74,0.76,2025-03-15,0550,N21,nominal,2.0NRT,291.93,56.47,D
-31.38772,135.27901,367,0.74,0.76,2025-03-15,0550,N21,high,2.0NRT,300.6,68.44,D
-31.38996,135.27153,367,0.74,0.76,2025-03-15,0550,N21,high,2.0NRT,296.64,68.44,D
-31.39445,135.25658,367,0.74,0.76,2025-03-15,0550,N21,high,2.0NRT,295.08,56.47,D
-31.38547,135.28645,334.62,0.74,0.76,2025-03-15,0550,N21,nominal,2.0NRT,288.22,45.8,D
-31.39221,135.26404,355.15,0.74,0.76,2025-03-15,0550,N21,nominal,2.0NRT,303.14,56.47,D
-31.39671,135.24907,336.32,0.74,0.76,2025-03-15,0550,N21,nominal,2.0NRT,289.39,29.6,D
-31.3967,135.28227,367,0.74,0.76,2025-03-15,0550,N21,high,2.0NRT,291.39,60.01,D
-31.40116,135.26712,367,0.74,0.76,2025-03-15,0550,N21,high,2.0NRT,292.9,37.24,D
-31.39893,135.2747,351.7,0.74,0.76,2025-03-15,0550,N21,nominal,2.0NRT,291.77,37.24,D
-31.40337,135.25957,336.71,0.74,0.76,2025-03-15,0550,N21,nominal,2.0NRT,291.12,29.86,D
-31.39222,135.27177,367,0.74,0.76,2025-03-15,0550,N21,high,2.0NRT,296.99,67.96,D
-31.39665,135.25671,367,0.74,0.76,2025-03-15,0550,N21,high,2.0NRT,293.48,25.44,D
-31.38781,135.28676,337.63,0.75,0.77,2025-03-15,0550,N21,nominal,2.0NRT,288.4,61.8,D
-31.39001,135.27928,351.16,0.74,0.76,2025-03-15,0550,N21,nominal,2.0NRT,301.39,61.8,D
-31.39444,135.26425,353.12,0.74,0.76,2025-03-15,0550,N21,nominal,2.0NRT,305.21,67.96,D
-31.39887,135.24915,336.13,0.74,0.76,2025-03-15,0550,N21,nominal,2.0NRT,288.73,25.44,D
-31.3833,135.2764,367,0.74,0.76,2025-03-15,0550,N21,high,2.0NRT,304.34,61.8,D
-31.3855,135.26888,367,0.74,0.76,2025-03-15,0550,N21,high,2.0NRT,298.37,67.96,D
-31.38109,135.28386,331.17,0.75,0.77,2025-03-15,0550,N21,nominal,2.0NRT,291.5,61.8,D
-31.38772,135.26137,348.64,0.74,0.76,2025-03-15,0550,N21,nominal,2.0NRT,294.63,67.96,D
-31.38993,135.25385,354.29,0.74,0.76,2025-03-15,0550,N21,nominal,2.0NRT,290.32,25.44,D
-31.39215,135.24631,332.18,0.74,0.76,2025-03-15,0550,N21,nominal,2.0NRT,286.39,25.44,D
-31.37654,135.27362,367,0.74,0.76,2025-03-15,0550,N21,high,2.0NRT,299.11,56.49,D
-31.37875,135.2661,337.48,0.74,0.76,2025-03-15,0550,N21,nominal,2.0NRT,292.63,32.88,D
-33.77607,120.73833,343.23,0.39,0.36,2025-03-15,0550,N21,nominal,2.0NRT,298.05,4.99,D
-33.76939,120.73678,339.61,0.39,0.36,2025-03-15,0550,N21,nominal,2.0NRT,292.79,7.43,D
-33.76606,120.736,351.77,0.39,0.36,2025-03-15,0550,N21,nominal,2.0NRT,293.91,9.63,D
-33.76675,120.73177,347.3,0.39,0.36,2025-03-15,0550,N21,nominal,2.0NRT,298.94,9.63,D
-33.71533,119.99013,339.12,0.38,0.36,2025-03-15,0550,N21,nominal,2.0NRT,296.12,7.08,D
-32.19438,118.95419,339.44,0.38,0.36,2025-03-15,0550,N21,nominal,2.0NRT,305.37,9.66,D
-32.195,118.95011,343.06,0.38,0.36,2025-03-15,0550,N21,nominal,2.0NRT,305.19,8.11,D
-32.19107,118.9535,367,0.38,0.36,2025-03-15,0550,N21,high,2.0NRT,308.5,9.66,D
-32.19168,118.94941,352.44,0.38,0.36,2025-03-15,0550,N21,nominal,2.0NRT,312.52,8.11,D
-32.1923,118.94542,341.26,0.38,0.36,2025-03-15,0550,N21,nominal,2.0NRT,305.12,8.11,D
-32.18837,118.94873,367,0.38,0.36,2025-03-15,0550,N21,high,2.0NRT,308.84,7.83,D
-32.18775,118.9528,341.17,0.38,0.36,2025-03-15,0550,N21,nominal,2.0NRT,297.19,5.13,D
-32.18898,118.94473,339.02,0.38,0.36,2025-03-15,0550,N21,nominal,2.0NRT,306.05,7.83,D
-31.80664,119.04739,345.43,0.38,0.36,2025-03-15,0550,N21,nominal,2.0NRT,301.01,4.95,D
-31.80333,119.04668,331.96,0.38,0.36,2025-03-15,0550,N21,nominal,2.0NRT,301.7,4.95,D
-25.68171,127.5507,340.48,0.37,0.58,2025-03-15,0553,N21,nominal,2.0NRT,309.91,2.24,D
-25.67892,127.53847,350.33,0.37,0.58,2025-03-15,0553,N21,nominal,2.0NRT,312.21,7.12,D
-23.25318,122.85704,339.95,0.43,0.46,2025-03-15,0553,N21,nominal,2.0NRT,300.45,3.5,D
-23.24903,122.85607,346.21,0.43,0.46,2025-03-15,0553,N21,nominal,2.0NRT,301.36,7.34,D
-21.26746,124.20517,338.55,0.56,0.52,2025-03-15,0555,N21,nominal,2.0NRT,301.63,11.3,D
-21.26553,124.2076,338.58,0.56,0.52,2025-03-15,0555,N21,nominal,2.0NRT,300.93,10.22,D
-21.26618,124.17993,348.5,0.56,0.51,2025-03-15,0555,N21,nominal,2.0NRT,299.72,14.35,D
-21.25725,124.20002,345.46,0.56,0.52,2025-03-15,0555,N21,nominal,2.0NRT,301.83,13.06,D
-22.17188,118.20671,340.19,0.4,0.37,2025-03-15,0555,N21,nominal,2.0NRT,298.71,8.31,D
-22.1685,118.20609,352.8,0.4,0.37,2025-03-15,0555,N21,nominal,2.0NRT,299.39,8.31,D
-22.16914,118.20217,353.93,0.4,0.37,2025-03-15,0555,N21,nominal,2.0NRT,300,21.8,D
-19.73164,130.02388,330.28,0.7,0.75,2025-03-15,0555,N21,nominal,2.0NRT,295.27,9.91,D
-19.72489,130.02203,345.11,0.7,0.75,2025-03-15,0555,N21,nominal,2.0NRT,296.2,14.05,D
-20.11029,127.8198,338.45,0.5,0.66,2025-03-15,0555,N21,nominal,2.0NRT,300.24,6.21,D
-19.77453,127.04913,335.6,0.46,0.63,2025-03-15,0555,N21,nominal,2.0NRT,296.31,7.89,D
-19.76882,127.04764,350.77,0.46,0.63,2025-03-15,0555,N21,nominal,2.0NRT,297.58,13.87,D
-21.14244,115.95626,337.1,0.38,0.36,2025-03-15,0555,N21,nominal,2.0NRT,278.15,3.21,D
-21.143,115.95257,340.81,0.38,0.36,2025-03-15,0555,N21,nominal,2.0NRT,282.3,3.21,D
-21.13913,115.9557,351.41,0.38,0.36,2025-03-15,0555,N21,nominal,2.0NRT,281.01,8.77,D
-21.13968,115.952,355.67,0.38,0.36,2025-03-15,0555,N21,low,2.0NRT,279.99,8.77,D
-21.13581,115.95512,355.7,0.38,0.36,2025-03-15,0555,N21,low,2.0NRT,281.36,8.77,D
-21.13637,115.95144,355.67,0.38,0.36,2025-03-15,0555,N21,low,2.0NRT,279.54,8.77,D
-37.20302,174.72096,302.33,0.42,0.45,2025-03-15,1346,N21,nominal,2.0NRT,286.68,1.93,N
-37.20348,174.72562,301.37,0.42,0.45,2025-03-15,1346,N21,nominal,2.0NRT,285.92,1.99,N
-45.48005,170.76459,298.27,0.51,0.41,2025-03-15,1350,N21,nominal,2.0NRT,282.66,0.45,N
-16.26297,139.23535,295.23,0.33,0.55,2025-03-15,1522,N21,nominal,2.0NRT,284.6,4.3,N
-17.83507,134.46736,304.37,0.63,0.72,2025-03-15,1524,N21,nominal,2.0NRT,288.52,1.8,N
-17.84158,134.46576,313.1,0.63,0.72,2025-03-15,1524,N21,nominal,2.0NRT,288.66,3.04,N
-19.37066,138.66148,307.3,0.63,0.54,2025-03-15,1524,N21,nominal,2.0NRT,291.48,6.52,N
-19.37191,138.66743,307.48,0.63,0.54,2025-03-15,1524,N21,nominal,2.0NRT,291.2,6.5,N
-18.36397,132.70866,303.21,0.79,0.78,2025-03-15,1524,N21,nominal,2.0NRT,291.28,1.71,N
-19.99726,139.64459,310.84,0.53,0.5,2025-03-15,1524,N21,nominal,2.0NRT,292.5,4.61,N
-19.99825,139.64963,311.84,0.53,0.5,2025-03-15,1524,N21,nominal,2.0NRT,292.28,4.61,N
-20.00286,139.64871,330.28,0.53,0.5,2025-03-15,1524,N21,nominal,2.0NRT,293.5,4.61,N
-20.00382,139.65366,307.67,0.53,0.5,2025-03-15,1524,N21,nominal,2.0NRT,292.05,6.67,N
-20.00841,139.65268,318.42,0.53,0.5,2025-03-15,1524,N21,nominal,2.0NRT,292.93,5.1,N
-20.01399,139.65675,311.51,0.53,0.5,2025-03-15,1524,N21,nominal,2.0NRT,291.65,5.1,N
-20.00174,139.64679,326.59,0.53,0.5,2025-03-15,1524,N21,nominal,2.0NRT,293.31,7.34,N
-20.00274,139.65175,325.31,0.53,0.5,2025-03-15,1524,N21,nominal,2.0NRT,292.81,7.34,N
-20.00835,139.65576,314.52,0.53,0.5,2025-03-15,1524,N21,nominal,2.0NRT,291.93,5.98,N
-20.01294,139.65477,307.49,0.53,0.5,2025-03-15,1524,N21,nominal,2.0NRT,291.76,3.8,N
-20.01752,139.65378,307.52,0.53,0.5,2025-03-15,1524,N21,nominal,2.0NRT,289.64,3.8,N
-19.42276,133.59094,306.54,0.66,0.73,2025-03-15,1524,N21,nominal,2.0NRT,293.39,3.72,N
-20.73352,139.47826,324.92,0.53,0.5,2025-03-15,1524,N21,nominal,2.0NRT,295.11,4.63,N
-20.7381,139.47728,313.14,0.53,0.5,2025-03-15,1524,N21,nominal,2.0NRT,294.31,2.08,N
-20.73252,139.47609,313.09,0.53,0.5,2025-03-15,1524,N21,nominal,2.0NRT,294.48,3.24,N
-20.7371,139.47514,324.47,0.53,0.5,2025-03-15,1524,N21,nominal,2.0NRT,295.16,3.24,N
-22.03563,146.36305,314.43,0.38,0.36,2025-03-15,1524,N21,nominal,2.0NRT,293,1.83,N
-22.03894,146.36246,320.2,0.38,0.36,2025-03-15,1524,N21,nominal,2.0NRT,294.26,1.83,N
-22.04343,146.36928,308.2,0.38,0.36,2025-03-15,1524,N21,nominal,2.0NRT,293.3,0.79,N
-22.04674,146.36868,304.14,0.38,0.36,2025-03-15,1524,N21,nominal,2.0NRT,292.56,0.79,N
-20.35483,136.87894,328.88,0.39,0.6,2025-03-15,1524,N21,nominal,2.0NRT,288.98,7.55,N
-22.68725,147.5932,301.41,0.39,0.36,2025-03-15,1524,N21,nominal,2.0NRT,290.05,0.45,N
-22.89577,147.6962,329.47,0.39,0.36,2025-03-15,1524,N21,nominal,2.0NRT,292.16,2.95,N
-22.89634,147.70003,327.31,0.39,0.37,2025-03-15,1524,N21,nominal,2.0NRT,292.08,2.95,N
-22.89913,147.69562,303.36,0.39,0.36,2025-03-15,1524,N21,nominal,2.0NRT,291.3,0.63,N
-23.75666,151.18869,304.32,0.55,0.43,2025-03-15,1524,N21,nominal,2.0NRT,284.4,1.94,N
-23.76976,151.19774,302.78,0.55,0.43,2025-03-15,1524,N21,nominal,2.0NRT,284.07,1.51,N
-23.775,151.20789,305.59,0.55,0.43,2025-03-15,1524,N21,nominal,2.0NRT,284.13,1.83,N
-23.82787,151.15038,306.17,0.55,0.43,2025-03-15,1524,N21,nominal,2.0NRT,279.52,1.98,N
-24.22627,150.50165,301.63,0.51,0.41,2025-03-15,1524,N21,nominal,2.0NRT,276.95,0.96,N
-21.76936,135.54556,309.74,0.45,0.63,2025-03-15,1524,N21,nominal,2.0NRT,294.32,1.67,N
-24.41711,148.88087,312.14,0.44,0.38,2025-03-15,1524,N21,nominal,2.0NRT,292.78,1.71,N
-24.42005,148.87596,307.8,0.44,0.38,2025-03-15,1524,N21,nominal,2.0NRT,292.85,1.16,N
-24.42063,148.88026,315.14,0.44,0.38,2025-03-15,1524,N21,nominal,2.0NRT,292.74,1.16,N
-21.59364,132.37682,308.09,0.71,0.75,2025-03-15,1524,N21,nominal,2.0NRT,290.51,2.69,N
-25.60632,152.51254,304.42,0.46,0.47,2025-03-15,1526,N21,nominal,2.0NRT,290.27,0.62,N
-25.60684,152.51714,300.7,0.46,0.47,2025-03-15,1526,N21,nominal,2.0NRT,289.59,0.79,N
-25.60736,152.52173,307.16,0.46,0.47,2025-03-15,1526,N21,nominal,2.0NRT,290.36,0.79,N
-25.6072,152.51439,303.32,0.46,0.47,2025-03-15,1526,N21,nominal,2.0NRT,290.2,0.97,N
-25.60768,152.51898,308.16,0.46,0.47,2025-03-15,1526,N21,nominal,2.0NRT,289.79,1.44,N
-25.33901,148.92552,310.24,0.45,0.39,2025-03-15,1526,N21,nominal,2.0NRT,292.48,1.6,N
-24.14012,139.74547,309.19,0.44,0.46,2025-03-15,1526,N21,nominal,2.0NRT,294.95,1.33,N
-24.14518,139.74875,317.04,0.44,0.46,2025-03-15,1526,N21,nominal,2.0NRT,296.35,1.75,N
-24.14602,139.75302,316.94,0.44,0.46,2025-03-15,1526,N21,nominal,2.0NRT,295.29,1.75,N
-24.15023,139.75203,311.66,0.44,0.46,2025-03-15,1526,N21,nominal,2.0NRT,296.16,1.75,N
-24.15529,139.75531,316.5,0.44,0.46,2025-03-15,1526,N21,nominal,2.0NRT,295.15,2.91,N
-24.15949,139.75432,330.37,0.44,0.46,2025-03-15,1526,N21,nominal,2.0NRT,296.17,2.91,N
-26.63879,151.82416,319.43,0.43,0.46,2025-03-15,1526,N21,nominal,2.0NRT,288.19,1.66,N
-26.64302,151.82352,324.07,0.43,0.46,2025-03-15,1526,N21,nominal,2.0NRT,288.17,1.76,N
-24.97132,138.68845,326.65,0.49,0.48,2025-03-15,1526,N21,nominal,2.0NRT,294.01,3.23,N
-24.97032,138.68367,317.12,0.49,0.49,2025-03-15,1526,N21,nominal,2.0NRT,294.01,3.23,N
-24.97574,138.68738,324.06,0.49,0.48,2025-03-15,1526,N21,nominal,2.0NRT,295.58,3.23,N
-24.97673,138.69215,337.9,0.49,0.48,2025-03-15,1526,N21,nominal,2.0NRT,295.18,6.49,N
-24.98115,138.69106,334.79,0.49,0.48,2025-03-15,1526,N21,nominal,2.0NRT,296.96,6.08,N
-24.98556,138.68999,338.01,0.49,0.48,2025-03-15,1526,N21,nominal,2.0NRT,297.3,6.08,N
-24.98997,138.68889,338.74,0.49,0.48,2025-03-15,1526,N21,nominal,2.0NRT,297.34,5.29,N
-24.99438,138.68781,319.22,0.49,0.48,2025-03-15,1526,N21,nominal,2.0NRT,296.83,5.29,N
-27.14842,149.17001,303.08,0.48,0.4,2025-03-15,1526,N21,nominal,2.0NRT,292.48,0.58,N
-27.14787,149.17239,307.02,0.48,0.4,2025-03-15,1526,N21,nominal,2.0NRT,292.61,0.91,N
-27.58258,152.80257,301.89,0.51,0.49,2025-03-15,1526,N21,nominal,2.0NRT,289.96,0.64,N
-27.6323,150.96483,306.01,0.4,0.44,2025-03-15,1526,N21,nominal,2.0NRT,290.84,0.84,N
-27.52053,149.63542,304.54,0.5,0.41,2025-03-15,1526,N21,nominal,2.0NRT,292.96,0.5,N
-28.50455,148.95273,306.51,0.48,0.4,2025-03-15,1526,N21,nominal,2.0NRT,293.9,0.9,N
-28.50518,148.95763,314.35,0.48,0.4,2025-03-15,1526,N21,nominal,2.0NRT,294.07,1.43,N
-28.50581,148.96255,312.39,0.48,0.4,2025-03-15,1526,N21,nominal,2.0NRT,294.28,1.43,N
-28.66818,149.97827,309.69,0.54,0.42,2025-03-15,1526,N21,nominal,2.0NRT,290.03,1.02,N
-28.66883,149.98384,302.09,0.54,0.42,2025-03-15,1526,N21,nominal,2.0NRT,290.24,1.02,N
-28.67208,149.97768,310.11,0.54,0.42,2025-03-15,1526,N21,nominal,2.0NRT,291.86,2.33,N
-28.61966,147.36082,317.21,0.42,0.38,2025-03-15,1526,N21,nominal,2.0NRT,295.01,1.73,N
-25.97224,130.18889,296.52,0.75,0.77,2025-03-15,1526,N21,nominal,2.0NRT,286.42,9.45,N
-25.97688,130.18854,296.45,0.75,0.77,2025-03-15,1526,N21,nominal,2.0NRT,286.03,12.73,N
-30.35231,151.70134,311.68,0.47,0.48,2025-03-15,1526,N21,nominal,2.0NRT,285.65,1.36,N
-31.37465,151.42117,296.96,0.47,0.47,2025-03-15,1526,N21,nominal,2.0NRT,283.71,0.79,N
-31.40073,146.61333,316.43,0.42,0.37,2025-03-15,1526,N21,nominal,2.0NRT,290.31,1.98,N
-31.40358,146.60828,314.04,0.42,0.37,2025-03-15,1526,N21,nominal,2.0NRT,291.21,1.91,N
-32.39939,148.67992,302.91,0.51,0.41,2025-03-15,1526,N21,nominal,2.0NRT,289.91,0.52,N
-32.59704,147.14937,313.01,0.44,0.39,2025-03-15,1529,N21,nominal,2.0NRT,287.71,1.12,N
-32.72358,145.92163,302.2,0.41,0.37,2025-03-15,1529,N21,nominal,2.0NRT,277.33,0.61,N
-32.73042,145.92027,302.46,0.41,0.37,2025-03-15,1529,N21,nominal,2.0NRT,277.39,0.59,N
-32.73384,145.9196,300.42,0.41,0.37,2025-03-15,1529,N21,nominal,2.0NRT,276.95,0.59,N
-33.76524,150.84711,305.84,0.46,0.47,2025-03-15,1529,N21,nominal,2.0NRT,293.25,1.03,N
-31.39299,135.28317,302.12,0.57,0.52,2025-03-15,1529,N21,nominal,2.0NRT,283.42,1.94,N
-31.3936,135.26402,305.33,0.57,0.52,2025-03-15,1529,N21,nominal,2.0NRT,288.37,3.9,N
-34.45718,150.87962,313.31,0.47,0.48,2025-03-15,1529,N21,nominal,2.0NRT,288.25,2.09,N
-34.45766,150.88483,306.75,0.47,0.48,2025-03-15,1529,N21,nominal,2.0NRT,288.03,3,N
-34.46208,150.88416,339.62,0.47,0.48,2025-03-15,1529,N21,nominal,2.0NRT,289.85,3,N
-34.46161,150.87898,305.47,0.47,0.48,2025-03-15,1529,N21,nominal,2.0NRT,288.47,2.09,N
-34.46255,150.88934,306.9,0.47,0.48,2025-03-15,1529,N21,nominal,2.0NRT,287.93,3,N
-34.46745,150.89388,303.34,0.47,0.48,2025-03-15,1529,N21,nominal,2.0NRT,287.55,0.99,N
-37.82006,145.33203,297.38,0.43,0.38,2025-03-15,1529,N21,nominal,2.0NRT,264.43,0.72,N
-38.22585,147.16602,311.5,0.51,0.41,2025-03-15,1529,N21,nominal,2.0NRT,286.47,2,N
-38.22964,147.16531,308,0.51,0.41,2025-03-15,1529,N21,nominal,2.0NRT,286.24,2.72,N
-22.23012,118.17913,307.88,0.45,0.39,2025-03-15,1705,N21,nominal,2.0NRT,286.41,3.13,N
-21.69733,114.99863,308.55,0.45,0.47,2025-03-15,1705,N21,nominal,2.0NRT,294.21,0.97,N
-32.0651,117.13634,297.47,0.4,0.37,2025-03-15,1707,N21,nominal,2.0NRT,285.97,0.76,N
-33.42495,117.1832,298.84,0.39,0.36,2025-03-15,1707,N21,nominal,2.0NRT,285.73,0.76,N
-33.42759,117.17822,306.82,0.39,0.36,2025-03-15,1707,N21,nominal,2.0NRT,285.93,0.76,N
-33.42829,117.18241,303.39,0.39,0.36,2025-03-15,1707,N21,nominal,2.0NRT,285.7,0.76,N
-33.43162,117.18163,296.11,0.39,0.36,2025-03-15,1707,N21,nominal,2.0NRT,285.74,0.42,N
-15.93628,128.13434,319.97,0.4,0.44,2025-03-15,1705,N21,nominal,2.0NRT,287.11,1.95,N
-15.82674,127.22204,321.64,0.53,0.42,2025-03-15,1705,N21,nominal,2.0NRT,286.98,4.33,N
-15.83378,127.21607,307.24,0.53,0.42,2025-03-15,1705,N21,nominal,2.0NRT,285.83,1.77,N
-15.84081,127.21009,307.21,0.53,0.42,2025-03-15,1705,N21,nominal,2.0NRT,285.7,1.44,N
-15.84149,127.21503,310.48,0.53,0.42,2025-03-15,1705,N21,nominal,2.0NRT,285.83,2.29,N
-15.84467,127.20961,304.64,0.53,0.42,2025-03-15,1705,N21,nominal,2.0NRT,285.63,1.07,N
-15.84535,127.21453,312.34,0.53,0.42,2025-03-15,1705,N21,nominal,2.0NRT,285.89,1.75,N
-15.84604,127.21953,310.59,0.53,0.42,2025-03-15,1705,N21,nominal,2.0NRT,285.72,1.75,N
-16.25943,127.31437,314.24,0.54,0.42,2025-03-15,1705,N21,nominal,2.0NRT,289.04,2.28,N
-16.85147,132.04947,303.88,0.37,0.58,2025-03-15,1705,N21,nominal,2.0NRT,286.5,1.57,N
-16.89396,132.04057,307.94,0.37,0.58,2025-03-15,1705,N21,nominal,2.0NRT,288.67,3,N
-16.89435,132.04405,314.62,0.37,0.58,2025-03-15,1705,N21,nominal,2.0NRT,289,2.36,N
-16.89475,132.04755,307.73,0.37,0.58,2025-03-15,1705,N21,nominal,2.0NRT,289.17,2.36,N
-16.89514,132.05104,313.71,0.37,0.58,2025-03-15,1705,N21,nominal,2.0NRT,289.36,2.17,N
-16.89554,132.05455,311.83,0.37,0.58,2025-03-15,1705,N21,nominal,2.0NRT,289.21,2.17,N
-16.89594,132.05807,305.62,0.37,0.58,2025-03-15,1705,N21,nominal,2.0NRT,288.95,1.74,N
-16.88655,132.04427,305.65,0.37,0.58,2025-03-15,1705,N21,nominal,2.0NRT,288.79,1.67,N
-16.89191,132.04362,306.04,0.37,0.58,2025-03-15,1705,N21,nominal,2.0NRT,288.93,1.67,N
-16.89728,132.043,311.35,0.37,0.58,2025-03-15,1705,N21,nominal,2.0NRT,289.03,1.3,N
-16.89765,132.04649,306.42,0.37,0.58,2025-03-15,1705,N21,nominal,2.0NRT,289.01,1.3,N
-16.89803,132.05002,306.24,0.37,0.58,2025-03-15,1705,N21,nominal,2.0NRT,288.94,1.81,N
-16.8984,132.05353,315.61,0.37,0.58,2025-03-15,1705,N21,nominal,2.0NRT,289.37,1.81,N
-16.89877,132.05704,311.65,0.37,0.58,2025-03-15,1705,N21,nominal,2.0NRT,288.98,1.73,N
-16.38408,127.35059,306.88,0.55,0.43,2025-03-15,1705,N21,nominal,2.0NRT,290.09,2.11,N
-16.38868,127.35515,308.36,0.55,0.43,2025-03-15,1705,N21,nominal,2.0NRT,290.58,2.21,N
-18.34091,132.68877,315.86,0.43,0.62,2025-03-15,1705,N21,nominal,2.0NRT,293.26,2.36,N
-18.3483,132.70432,316.88,0.43,0.62,2025-03-15,1705,N21,nominal,2.0NRT,293.08,3.72,N
-18.34334,132.6875,316.29,0.43,0.62,2025-03-15,1705,N21,nominal,2.0NRT,293.13,2.27,N
-18.34492,132.70377,305.83,0.43,0.62,2025-03-15,1705,N21,nominal,2.0NRT,292.83,2.78,N
-18.35062,132.70306,334.44,0.43,0.62,2025-03-15,1705,N21,nominal,2.0NRT,293.43,2.78,N
-18.35631,132.70233,320.71,0.43,0.62,2025-03-15,1705,N21,nominal,2.0NRT,292.72,2.92,N
-18.35591,132.69827,319.07,0.43,0.62,2025-03-15,1705,N21,nominal,2.0NRT,293.1,3.81,N
-18.35671,132.70644,305.59,0.43,0.62,2025-03-15,1705,N21,nominal,2.0NRT,293.23,2.92,N
-18.36281,132.70981,333.81,0.43,0.62,2025-03-15,1705,N21,nominal,2.0NRT,294.03,6.06,N
-18.36851,132.70911,336.58,0.43,0.62,2025-03-15,1705,N21,nominal,2.0NRT,293.93,3.78,N
-18.3742,132.7084,308.18,0.43,0.62,2025-03-15,1705,N21,nominal,2.0NRT,293.33,3.78,N
-18.62127,127.00907,321.19,0.56,0.43,2025-03-15,1705,N21,nominal,2.0NRT,290.98,4.62,N
-18.61919,126.99326,311.31,0.56,0.43,2025-03-15,1705,N21,nominal,2.0NRT,289.88,3.59,N
-18.62197,127.01435,306.38,0.56,0.43,2025-03-15,1705,N21,nominal,2.0NRT,292.54,5.29,N
-18.62313,126.99267,336.06,0.56,0.43,2025-03-15,1705,N21,nominal,2.0NRT,292.43,4.27,N
-18.62383,126.99792,303.37,0.56,0.43,2025-03-15,1705,N21,nominal,2.0NRT,282.88,4.27,N
-18.62591,127.01375,317.35,0.56,0.43,2025-03-15,1705,N21,nominal,2.0NRT,292.35,5.62,N
-18.62707,126.99207,321.68,0.56,0.43,2025-03-15,1705,N21,nominal,2.0NRT,291.31,4.27,N
-18.62892,126.9757,305.64,0.56,0.43,2025-03-15,1705,N21,nominal,2.0NRT,292.07,4.46,N
-18.631,126.99147,316.63,0.56,0.43,2025-03-15,1705,N21,nominal,2.0NRT,291.91,6.81,N
-18.63415,126.98981,307.84,0.56,0.43,2025-03-15,1705,N21,nominal,2.0NRT,292.08,3.07,N
-19.54829,131.76897,317.95,0.39,0.59,2025-03-15,1705,N21,nominal,2.0NRT,290.58,2.15,N
-19.54866,131.77264,306.36,0.39,0.59,2025-03-15,1705,N21,nominal,2.0NRT,289.78,1.3,N
-19.66428,132.04166,308.09,0.4,0.6,2025-03-15,1705,N21,nominal,2.0NRT,291.61,0.99,N
-19.6702,132.04488,317.29,0.4,0.6,2025-03-15,1705,N21,nominal,2.0NRT,291.56,2.61,N
-19.67576,132.0443,324.28,0.4,0.6,2025-03-15,1705,N21,nominal,2.0NRT,292.37,2.61,N
-19.68131,132.04366,307.54,0.4,0.6,2025-03-15,1705,N21,nominal,2.0NRT,291.74,1.6,N
-19.68648,132.03915,320.75,0.4,0.6,2025-03-15,1705,N21,nominal,2.0NRT,292.59,1.6,N
-19.69166,132.03467,310.92,0.4,0.6,2025-03-15,1705,N21,nominal,2.0NRT,292.16,1.77,N
-19.69203,132.03851,306.66,0.4,0.6,2025-03-15,1705,N21,nominal,2.0NRT,291.52,1.17,N
-19.69683,132.03018,310,0.4,0.6,2025-03-15,1705,N21,nominal,2.0NRT,291.95,1.77,N
-19.70199,132.0257,313.72,0.4,0.6,2025-03-15,1705,N21,nominal,2.0NRT,291.78,1.32,N
-19.75745,127.06792,310.18,0.39,0.44,2025-03-15,1705,N21,nominal,2.0NRT,295.08,1.39,N
-19.76146,127.06734,323.38,0.39,0.44,2025-03-15,1705,N21,nominal,2.0NRT,295.21,2.18,N
-19.76579,127.0366,311.82,0.39,0.44,2025-03-15,1705,N21,nominal,2.0NRT,295.31,1.05,N
-19.7698,127.03604,310.39,0.39,0.44,2025-03-15,1705,N21,nominal,2.0NRT,295.08,1.05,N
-21.27576,124.21552,316.33,0.44,0.38,2025-03-15,1707,N21,nominal,2.0NRT,295.58,1.41,N
-20.5953,116.77685,308.47,0.55,0.43,2025-03-15,1707,N21,nominal,2.0NRT,289.14,1.31,N
-20.79065,115.44395,307.45,0.44,0.46,2025-03-15,1707,N21,nominal,2.0NRT,287.18,3.03,N
-20.79144,115.44808,305.29,0.43,0.46,2025-03-15,1707,N21,nominal,2.0NRT,286.58,2.46,N
-22.38021,121.27679,308.4,0.38,0.36,2025-03-15,1707,N21,nominal,2.0NRT,291.7,2.31,N
-22.38328,121.27608,322.97,0.38,0.36,2025-03-15,1707,N21,nominal,2.0NRT,292.71,3.57,N
-22.26387,120.35323,310.02,0.39,0.36,2025-03-15,1707,N21,nominal,2.0NRT,288.43,1.55,N
-22.29658,120.38589,330.65,0.39,0.36,2025-03-15,1707,N21,nominal,2.0NRT,295.02,3.08,N
-22.29719,120.38966,322.47,0.39,0.36,2025-03-15,1707,N21,nominal,2.0NRT,294.36,3.28,N
-22.29779,120.39341,329.33,0.39,0.36,2025-03-15,1707,N21,nominal,2.0NRT,294.85,3.28,N
-22.30112,120.39279,327.85,0.39,0.36,2025-03-15,1707,N21,nominal,2.0NRT,294.15,3.28,N
-22.29991,120.38528,313.58,0.39,0.36,2025-03-15,1707,N21,nominal,2.0NRT,294.88,3.08,N
-22.30051,120.38904,311.96,0.39,0.36,2025-03-15,1707,N21,nominal,2.0NRT,294.54,3.28,N
-44.22527,171.19884,341.23,0.4,0.44,2025-03-16,0206,N21,nominal,2.0NRT,301.43,8.71,D
-44.23737,171.06026,346.36,0.41,0.45,2025-03-16,0206,N21,nominal,2.0NRT,301.39,6.68,D
-44.23322,171.05948,350.82,0.41,0.45,2025-03-16,0206,N21,nominal,2.0NRT,303.72,6.68,D
-44.15549,170.82271,346.64,0.42,0.45,2025-03-16,0206,N21,nominal,2.0NRT,311.82,34.84,D
-44.15593,170.81749,332.1,0.42,0.45,2025-03-16,0206,N21,nominal,2.0NRT,300.37,16.58,D
-44.03225,171.73869,336.33,0.57,0.43,2025-03-16,0206,N21,nominal,2.0NRT,304.15,36.25,D
-44.02823,171.73799,334.88,0.57,0.43,2025-03-16,0206,N21,nominal,2.0NRT,298.73,9.2,D
-43.99363,171.92705,352.4,0.56,0.43,2025-03-16,0206,N21,nominal,2.0NRT,302.61,18.63,D
-43.95652,171.84875,329.11,0.56,0.43,2025-03-16,0206,N21,nominal,2.0NRT,295.95,3.05,D
-43.95186,171.85515,326.37,0.56,0.43,2025-03-16,0206,N21,nominal,2.0NRT,299.8,3.49,D
-43.95252,171.84807,336.5,0.56,0.43,2025-03-16,0206,N21,nominal,2.0NRT,298.3,4.93,D
-43.76363,171.71355,344.87,0.57,0.43,2025-03-16,0206,N21,nominal,2.0NRT,303.45,13.42,D
-43.7643,171.70642,329.68,0.57,0.43,2025-03-16,0206,N21,nominal,2.0NRT,298.23,13.42,D
-43.40611,172.59441,343.27,0.52,0.41,2025-03-16,0206,N21,nominal,2.0NRT,302.11,18.82,D
-43.40679,172.58798,340.96,0.52,0.41,2025-03-16,0206,N21,nominal,2.0NRT,311.6,69.57,D
-43.10308,172.5818,330.8,0.51,0.41,2025-03-16,0206,N21,nominal,2.0NRT,299.13,5.1,D
-43.10503,172.58058,331.11,0.51,0.41,2025-03-16,0206,N21,nominal,2.0NRT,300.84,4.63,D
-39.21778,177.89198,331.8,0.39,0.36,2025-03-16,0206,N21,nominal,2.0NRT,301.75,2.88,D
-19.37779,138.67577,335.29,0.52,0.5,2025-03-16,0353,N21,nominal,2.0NRT,300.41,11.56,D
-19.36973,138.66478,338.49,0.52,0.5,2025-03-16,0353,N21,nominal,2.0NRT,294.45,17.51,D
-44.51252,171.00613,328.15,0.57,0.69,2025-03-16,0347,N21,nominal,2.0NRT,295.8,5.79,D
-19.3657,138.65924,349.26,0.52,0.5,2025-03-16,0353,N21,nominal,2.0NRT,302.01,17.51,D
-19.36626,138.65428,344.25,0.52,0.5,2025-03-16,0353,N21,nominal,2.0NRT,300.65,23.97,D
-44.13312,171.27,332.3,0.61,0.71,2025-03-16,0347,N21,nominal,2.0NRT,296.46,9.86,D
-19.36222,138.6488,367,0.52,0.5,2025-03-16,0353,N21,high,2.0NRT,303.28,26.67,D
-44.13549,171.26292,343.93,0.61,0.71,2025-03-16,0347,N21,nominal,2.0NRT,295.81,9.86,D
-19.36167,138.65372,341.08,0.52,0.5,2025-03-16,0353,N21,nominal,2.0NRT,299.87,26.67,D
-41.13415,146.8532,334.84,0.5,0.41,2025-03-16,0349,N21,nominal,2.0NRT,295.92,7.28,D
-19.36278,138.64389,345.71,0.52,0.5,2025-03-16,0353,N21,nominal,2.0NRT,310.75,110.34,D
-19.69174,132.04683,331.83,0.72,0.75,2025-03-16,0353,N21,nominal,2.0NRT,297.35,14.78,D
-18.37272,132.71365,330.9,0.63,0.72,2025-03-16,0353,N21,nominal,2.0NRT,296.64,8.94,D
-18.3661,132.71307,341.11,0.63,0.72,2025-03-16,0353,N21,nominal,2.0NRT,298.37,8.94,D
-18.34265,132.67502,354.83,0.63,0.72,2025-03-16,0353,N21,nominal,2.0NRT,296.49,46.81,D
-18.34316,132.66905,340.21,0.63,0.72,2025-03-16,0353,N21,nominal,2.0NRT,292.26,46.81,D
-18.36769,132.7133,340.08,0.63,0.72,2025-03-16,0353,N21,nominal,2.0NRT,298.69,17.05,D
-18.34448,132.67543,343.55,0.63,0.72,2025-03-16,0353,N21,nominal,2.0NRT,294.39,32.74,D
-18.34502,132.66946,351.18,0.63,0.72,2025-03-16,0353,N21,nominal,2.0NRT,288.59,35.85,D
-18.33838,132.66896,367,0.63,0.72,2025-03-16,0353,N21,high,2.0NRT,290.79,19.71,D
-17.83644,134.46918,344.04,0.47,0.64,2025-03-16,0353,N21,nominal,2.0NRT,297.48,9.06,D
-17.83052,134.4686,349.27,0.47,0.64,2025-03-16,0353,N21,nominal,2.0NRT,299.14,9.06,D
-16.6388,136.17833,345.26,0.35,0.57,2025-03-16,0353,N21,nominal,2.0NRT,296.79,4.83,D
-16.6073,136.16948,334.84,0.35,0.57,2025-03-16,0353,N21,nominal,2.0NRT,297.55,8.22,D
-16.60769,136.16608,340.95,0.35,0.57,2025-03-16,0353,N21,nominal,2.0NRT,297.74,8.22,D
-16.60809,136.16264,353.86,0.35,0.57,2025-03-16,0353,N21,nominal,2.0NRT,300.06,19.26,D
-16.60286,136.16203,367,0.35,0.57,2025-03-16,0353,N21,high,2.0NRT,297.6,5.43,D
-16.60209,136.16876,331.45,0.35,0.57,2025-03-16,0353,N21,nominal,2.0NRT,296.67,5.73,D
-16.85168,132.03903,347.94,0.67,0.74,2025-03-16,0353,N21,nominal,2.0NRT,293.99,23.91,D
-16.85616,132.03983,353.73,0.67,0.74,2025-03-16,0355,N21,nominal,2.0NRT,295.13,20.83,D
-36.62634,148.43463,345.54,0.41,0.37,2025-03-16,0347,N21,nominal,2.0NRT,283.44,8.16,D
-31.92336,149.82625,350.24,0.39,0.36,2025-03-16,0349,N21,nominal,2.0NRT,303.26,20.86,D
-31.92004,149.82555,336.95,0.39,0.36,2025-03-16,0349,N21,nominal,2.0NRT,299.26,5.71,D
-31.36986,151.4257,329.95,0.42,0.37,2025-03-16,0349,N21,nominal,2.0NRT,296.4,15.09,D
-31.36644,151.42491,332,0.42,0.37,2025-03-16,0349,N21,nominal,2.0NRT,295.63,15.09,D
-30.70305,152.00629,352.12,0.44,0.38,2025-03-16,0349,N21,nominal,2.0NRT,305.31,9.99,D
-30.20107,149.37689,339.39,0.39,0.36,2025-03-16,0349,N21,low,2.0NRT,314.02,6.37,D
-26.64101,151.82292,337.84,0.49,0.4,2025-03-16,0351,N21,low,2.0NRT,310.47,8.45,D
-26.64477,150.33606,347.21,0.43,0.38,2025-03-16,0351,N21,nominal,2.0NRT,312.99,5.24,D
-24.77594,147.78749,333.5,0.39,0.36,2025-03-16,0351,N21,nominal,2.0NRT,303.24,10.76,D
-24.77085,147.79826,341.69,0.39,0.36,2025-03-16,0351,N21,nominal,2.0NRT,303.89,5.71,D
-24.76362,147.80084,345.1,0.39,0.36,2025-03-16,0351,N21,nominal,2.0NRT,303.4,12.49,D
-24.2278,150.50507,339.12,0.46,0.39,2025-03-16,0351,N21,nominal,2.0NRT,308.19,5.83,D
-23.82955,151.1505,330.86,0.5,0.41,2025-03-16,0351,N21,low,2.0NRT,304.45,4,D
-23.98992,148.34161,341.49,0.39,0.37,2025-03-16,0351,N21,nominal,2.0NRT,310.08,5.97,D
-23.99054,148.33775,353.39,0.39,0.37,2025-03-16,0351,N21,nominal,2.0NRT,313.67,17.15,D
-23.98594,148.34483,341.16,0.39,0.37,2025-03-16,0351,N21,nominal,2.0NRT,312.02,7.67,D
-23.98657,148.34097,352.64,0.39,0.37,2025-03-16,0351,N21,nominal,2.0NRT,311.24,7.67,D
-23.56437,147.35732,331.1,0.39,0.36,2025-03-16,0351,N21,nominal,2.0NRT,295.87,1.59,D
-24.14497,139.75993,344.24,0.51,0.49,2025-03-16,0351,N21,low,2.0NRT,314.78,18.05,D
-24.13638,139.75383,342.46,0.51,0.49,2025-03-16,0351,N21,low,2.0NRT,312.73,9.62,D
-24.13689,139.74881,350.02,0.51,0.49,2025-03-16,0351,N21,nominal,2.0NRT,316.56,13.51,D
-24.13792,139.73877,343.47,0.51,0.49,2025-03-16,0351,N21,nominal,2.0NRT,316.31,23.02,D
-24.13843,139.73375,340.74,0.51,0.49,2025-03-16,0351,N21,nominal,2.0NRT,314.52,23.02,D
-24.13336,139.73822,367,0.51,0.49,2025-03-16,0351,N21,high,2.0NRT,316,23.02,D
-24.13285,139.74324,346.28,0.51,0.49,2025-03-16,0351,N21,nominal,2.0NRT,313.7,13.51,D
-24.13387,139.7332,355.58,0.51,0.49,2025-03-16,0351,N21,nominal,2.0NRT,322.02,23.02,D
-24.14435,139.75809,347.05,0.51,0.49,2025-03-16,0351,N21,nominal,2.0NRT,315.55,11.48,D
-24.14035,139.75255,342.18,0.51,0.49,2025-03-16,0351,N21,low,2.0NRT,314.49,8.29,D
-24.13744,139.73698,367,0.51,0.49,2025-03-16,0351,N21,high,2.0NRT,318.65,20.94,D
-24.1358,139.752,343.88,0.51,0.49,2025-03-16,0351,N21,nominal,2.0NRT,313.5,8.29,D
-24.13634,139.74699,348.32,0.51,0.49,2025-03-16,0351,N21,nominal,2.0NRT,315.97,8.29,D
-24.13689,139.74199,342.91,0.51,0.49,2025-03-16,0351,N21,nominal,2.0NRT,315.41,20.94,D
-24.13799,139.73196,351.46,0.51,0.49,2025-03-16,0351,N21,nominal,2.0NRT,315.67,31.27,D
-24.13288,139.73645,367,0.51,0.49,2025-03-16,0351,N21,high,2.0NRT,314.16,13.97,D
-24.13234,139.74144,343.31,0.51,0.49,2025-03-16,0351,N21,nominal,2.0NRT,312.36,13.97,D
-24.13343,139.73143,354.15,0.51,0.49,2025-03-16,0351,N21,nominal,2.0NRT,313.53,21.79,D
-22.25438,132.05667,351.14,0.76,0.77,2025-03-16,0353,N21,nominal,2.0NRT,302.34,16.58,D
-22.24723,132.05661,340.62,0.76,0.77,2025-03-16,0353,N21,nominal,2.0NRT,300.82,7.98,D
-21.59515,132.36288,339.96,0.72,0.75,2025-03-16,0353,N21,nominal,2.0NRT,300.58,25.06,D
-21.58887,132.36388,367,0.71,0.75,2025-03-16,0353,N21,high,2.0NRT,296.63,54.42,D
-21.58937,132.35698,367,0.72,0.75,2025-03-16,0353,N21,high,2.0NRT,301.31,54.42,D
-20.74834,140.6843,341.98,0.4,0.45,2025-03-16,0353,N21,nominal,2.0NRT,301.41,3.56,D
-20.73351,139.47743,342.41,0.48,0.48,2025-03-16,0353,N21,nominal,2.0NRT,303.09,15.15,D
-20.00196,139.6563,334.75,0.46,0.47,2025-03-16,0353,N21,nominal,2.0NRT,299.56,9.7,D
-19.99813,139.65135,367,0.46,0.47,2025-03-16,0353,N21,high,2.0NRT,302.87,11.18,D
-19.9938,139.65077,333.1,0.46,0.47,2025-03-16,0353,N21,nominal,2.0NRT,300.43,11.18,D
-19.9943,139.64642,349.83,0.46,0.47,2025-03-16,0353,N21,nominal,2.0NRT,302.12,14.45,D
-16.36494,125.57994,332.79,0.42,0.45,2025-03-16,0536,N21,nominal,2.0NRT,300.33,3.47,D
-16.31992,125.59143,346.63,0.42,0.45,2025-03-16,0536,N21,nominal,2.0NRT,300.1,7.78,D
-16.31237,125.58576,341.59,0.42,0.45,2025-03-16,0536,N21,nominal,2.0NRT,296.8,9.7,D
-16.30822,125.58497,350.2,0.42,0.45,2025-03-16,0536,N21,nominal,2.0NRT,297.24,9.7,D
-16.30039,125.60415,355.28,0.42,0.46,2025-03-16,0536,N21,nominal,2.0NRT,300.78,14.15,D
-16.30113,125.60016,346.77,0.42,0.46,2025-03-16,0536,N21,nominal,2.0NRT,300.25,14.15,D
-16.30407,125.58416,341.32,0.42,0.45,2025-03-16,0536,N21,nominal,2.0NRT,296.9,9.98,D
-16.30333,125.58817,355.62,0.42,0.45,2025-03-16,0536,N21,low,2.0NRT,290.62,9.98,D
-16.29551,125.60728,340.35,0.42,0.46,2025-03-16,0536,N21,nominal,2.0NRT,298.43,7.53,D
-16.29771,125.59532,339.79,0.42,0.46,2025-03-16,0536,N21,nominal,2.0NRT,298.43,15.32,D
-16.29062,125.61047,337.95,0.43,0.46,2025-03-16,0536,N21,nominal,2.0NRT,299.48,8.24,D
-16.29136,125.60647,339.98,0.42,0.46,2025-03-16,0536,N21,nominal,2.0NRT,299.19,8.24,D
-16.28572,125.61366,352.34,0.43,0.46,2025-03-16,0536,N21,nominal,2.0NRT,300.05,11.6,D
-16.28646,125.60965,347.51,0.43,0.46,2025-03-16,0536,N21,nominal,2.0NRT,299.8,8.24,D
-16.29523,125.56214,340.75,0.42,0.45,2025-03-16,0536,N21,nominal,2.0NRT,297.56,5.97,D
-16.28425,125.55193,331.48,0.42,0.45,2025-03-16,0536,N21,nominal,2.0NRT,298.84,5.1,D
-16.28671,125.55248,334.92,0.42,0.45,2025-03-16,0536,N21,nominal,2.0NRT,298.92,6.38,D
-15.32966,130.33076,335.29,0.45,0.63,2025-03-16,0536,N21,nominal,2.0NRT,294.33,5.49,D
-15.84711,127.2144,334.42,0.55,0.51,2025-03-16,0536,N21,nominal,2.0NRT,299.44,10.2,D
-15.84065,127.19748,346,0.55,0.51,2025-03-16,0536,N21,nominal,2.0NRT,300.98,9.01,D
-15.83601,127.19653,339.1,0.55,0.51,2025-03-16,0536,N21,nominal,2.0NRT,298.43,9.01,D
-15.47505,128.9008,330.5,0.36,0.57,2025-03-16,0536,N21,low,2.0NRT,303.93,6.13,D
-33.43085,117.17751,340.29,0.45,0.47,2025-03-16,0531,N21,nominal,2.0NRT,302.8,4.34,D
-33.43131,117.17263,338.39,0.45,0.47,2025-03-16,0531,N21,nominal,2.0NRT,302.84,4.34,D
-33.42922,117.17387,347.98,0.45,0.47,2025-03-16,0531,N21,nominal,2.0NRT,301.65,12.52,D
-33.42491,117.17325,330.53,0.45,0.47,2025-03-16,0531,N21,nominal,2.0NRT,299.65,2.64,D
-33.40571,117.14615,331.22,0.45,0.47,2025-03-16,0531,N21,low,2.0NRT,301.36,2.86,D
-33.40042,117.15547,339.71,0.45,0.47,2025-03-16,0531,N21,nominal,2.0NRT,300.98,6,D
-33.4009,117.15057,348.55,0.45,0.47,2025-03-16,0531,N21,nominal,2.0NRT,300.58,6,D
-33.40138,117.14564,332.84,0.45,0.47,2025-03-16,0531,N21,nominal,2.0NRT,300.9,4.88,D
-31.44772,115.89703,367,0.5,0.49,2025-03-16,0531,N21,high,2.0NRT,336.68,123.9,D
-31.44821,115.89172,334.01,0.5,0.49,2025-03-16,0531,N21,nominal,2.0NRT,304.45,123.9,D
-25.05827,128.65121,342.78,0.45,0.47,2025-03-16,0533,N21,nominal,2.0NRT,307.96,8.88,D
-22.25245,132.06071,342.12,0.42,0.61,2025-03-16,0533,N21,nominal,2.0NRT,311.35,9.96,D
-22.24872,132.05122,345.67,0.42,0.61,2025-03-16,0533,N21,nominal,2.0NRT,312.59,15.54,D
-22.24234,132.05357,367,0.42,0.61,2025-03-16,0533,N21,high,2.0NRT,310,15.54,D
-22.2432,132.04971,354.18,0.42,0.61,2025-03-16,0533,N21,nominal,2.0NRT,313.93,15.54,D
-22.24408,132.04582,350.65,0.42,0.61,2025-03-16,0533,N21,nominal,2.0NRT,312.24,17.4,D
-22.23768,132.04823,341.32,0.42,0.61,2025-03-16,0533,N21,nominal,2.0NRT,310.76,4.8,D
-19.70269,132.05005,367,0.47,0.64,2025-03-16,0533,N21,high,2.0NRT,301.62,15.88,D
-19.7017,132.05449,332.42,0.47,0.64,2025-03-16,0533,N21,nominal,2.0NRT,298.94,12.14,D
-19.69106,132.04712,367,0.47,0.64,2025-03-16,0533,N21,high,2.0NRT,302.27,18.23,D
-19.67743,132.05304,349.33,0.47,0.64,2025-03-16,0533,N21,nominal,2.0NRT,301.26,17.04,D
-19.67163,132.05148,367,0.47,0.64,2025-03-16,0533,N21,high,2.0NRT,302.64,17.04,D
-19.66581,132.05003,337.01,0.47,0.64,2025-03-16,0533,N21,nominal,2.0NRT,300.91,5.8,D
-19.661,132.04408,336.56,0.47,0.64,2025-03-16,0533,N21,nominal,2.0NRT,302.08,5.8,D
-19.67312,132.05219,367,0.48,0.64,2025-03-16,0533,N21,high,2.0NRT,303.13,31.96,D
-19.66731,132.0507,340.2,0.48,0.64,2025-03-16,0533,N21,nominal,2.0NRT,300.63,6.33,D
-19.66247,132.04472,341.98,0.48,0.64,2025-03-16,0533,N21,nominal,2.0NRT,302.5,6.33,D
-19.54534,130.16403,367,0.36,0.58,2025-03-16,0533,N21,high,2.0NRT,303.44,22.73,D
-19.54606,130.16063,367,0.36,0.57,2025-03-16,0533,N21,high,2.0NRT,304.76,22.73,D
-19.54679,130.15721,367,0.36,0.57,2025-03-16,0533,N21,high,2.0NRT,306.78,87.38,D
-19.54316,130.17429,345.47,0.36,0.58,2025-03-16,0533,N21,nominal,2.0NRT,299.52,4.18,D
-19.54388,130.17087,330.4,0.36,0.58,2025-03-16,0533,N21,nominal,2.0NRT,297.79,5.73,D
-19.54461,130.16747,354.35,0.36,0.58,2025-03-16,0533,N21,nominal,2.0NRT,300.8,5.73,D
-19.52982,130.18541,367,0.36,0.58,2025-03-16,0533,N21,high,2.0NRT,302.17,7.55,D
-19.53115,130.15349,345.74,0.36,0.57,2025-03-16,0533,N21,nominal,2.0NRT,302.99,6.93,D
-19.52376,130.16245,335.32,0.36,0.58,2025-03-16,0533,N21,nominal,2.0NRT,301.65,9.02,D
-19.52449,130.15904,337.52,0.36,0.58,2025-03-16,0533,N21,nominal,2.0NRT,303.33,7.83,D
-19.51928,130.15779,349.9,0.36,0.58,2025-03-16,0533,N21,nominal,2.0NRT,306.39,7.83,D
-19.53036,130.18599,352.57,0.36,0.58,2025-03-16,0533,N21,nominal,2.0NRT,301.45,5.82,D
-19.53148,130.15399,340.69,0.36,0.58,2025-03-16,0533,N21,nominal,2.0NRT,302.57,4.74,D
-19.52487,130.15953,337.21,0.36,0.58,2025-03-16,0533,N21,nominal,2.0NRT,302.94,4.54,D
-19.51966,130.15826,346.87,0.36,0.58,2025-03-16,0533,N21,nominal,2.0NRT,305.89,4.54,D
-19.52036,130.15486,339.06,0.36,0.58,2025-03-16,0533,N21,nominal,2.0NRT,306.7,4.54,D
-19.50737,130.19112,338.33,0.36,0.58,2025-03-16,0533,N21,nominal,2.0NRT,294.84,3.52,D
-19.50215,130.18982,333.24,0.36,0.58,2025-03-16,0533,N21,nominal,2.0NRT,302.09,3.52,D
-19.50286,130.1864,354.66,0.36,0.58,2025-03-16,0533,N21,nominal,2.0NRT,303.94,3.52,D
-19.49764,130.18513,367,0.36,0.58,2025-03-16,0533,N21,high,2.0NRT,306.22,8.41,D
-19.49906,130.1783,367,0.36,0.58,2025-03-16,0533,N21,high,2.0NRT,309.07,12.92,D
-19.49835,130.18172,339.35,0.36,0.58,2025-03-16,0533,N21,nominal,2.0NRT,305.21,12.92,D
-19.77045,127.09879,351.27,0.46,0.47,2025-03-16,0533,N21,nominal,2.0NRT,306.44,13.23,D
-19.77129,127.09443,352.1,0.46,0.47,2025-03-16,0533,N21,nominal,2.0NRT,304.07,16.61,D
-19.76782,127.08916,367,0.46,0.47,2025-03-16,0533,N21,high,2.0NRT,304.41,22.52,D
-19.77156,127.02289,346.19,0.45,0.47,2025-03-16,0533,N21,nominal,2.0NRT,308.36,314.14,D
-19.75825,127.06925,343.19,0.46,0.47,2025-03-16,0533,N21,nominal,2.0NRT,301.67,25.64,D
-19.76729,127.02193,367,0.45,0.47,2025-03-16,0533,N21,low,2.0NRT,337.25,314.14,D
-19.76222,127.02526,342.11,0.45,0.47,2025-03-16,0533,N21,nominal,2.0NRT,307.97,130.21,D
-19.76303,127.021,346.28,0.45,0.47,2025-03-16,0533,N21,nominal,2.0NRT,302.47,10.44,D
-18.37527,132.71632,331.85,0.56,0.69,2025-03-16,0533,N21,nominal,2.0NRT,297.04,4,D
-18.37645,132.71111,331.22,0.56,0.69,2025-03-16,0533,N21,nominal,2.0NRT,297.93,4,D
-18.36789,132.72003,336.13,0.56,0.69,2025-03-16,0533,N21,nominal,2.0NRT,296.86,14.95,D
-18.36907,132.71481,355.26,0.56,0.69,2025-03-16,0533,N21,nominal,2.0NRT,299.54,11.98,D
-18.36287,132.71327,337.49,0.56,0.69,2025-03-16,0533,N21,nominal,2.0NRT,297.48,11.98,D
-18.35666,132.71176,346.57,0.56,0.69,2025-03-16,0533,N21,nominal,2.0NRT,297.01,7.11,D
-18.35045,132.71025,338.28,0.56,0.69,2025-03-16,0533,N21,nominal,2.0NRT,297.93,7.11,D
-18.34424,132.70872,331.51,0.56,0.69,2025-03-16,0533,N21,nominal,2.0NRT,294.72,5.26,D
-18.3389,132.67456,367,0.55,0.68,2025-03-16,0533,N21,high,2.0NRT,300.64,21.37,D
-18.33773,132.67973,353.51,0.56,0.68,2025-03-16,0533,N21,nominal,2.0NRT,299.2,30.02,D
-18.34007,132.66942,339.86,0.55,0.68,2025-03-16,0533,N21,nominal,2.0NRT,299.24,21.37,D
-18.33271,132.67302,367,0.55,0.68,2025-03-16,0533,N21,high,2.0NRT,298.91,21.37,D
-18.33389,132.66785,367,0.55,0.68,2025-03-16,0533,N21,high,2.0NRT,300.11,21.37,D
-18.33507,132.66267,339.37,0.55,0.68,2025-03-16,0533,N21,nominal,2.0NRT,297.55,28.12,D
-18.33741,132.65239,341.9,0.55,0.68,2025-03-16,0533,N21,nominal,2.0NRT,298.66,12.51,D
-18.33857,132.64726,350.56,0.55,0.68,2025-03-16,0533,N21,nominal,2.0NRT,297.31,12.51,D
-18.32888,132.66112,354.28,0.55,0.68,2025-03-16,0533,N21,nominal,2.0NRT,290.85,13.74,D
-18.33924,132.68465,338.54,0.56,0.69,2025-03-16,0533,N21,nominal,2.0NRT,297.38,11.2,D
-18.34039,132.67944,334.15,0.56,0.68,2025-03-16,0533,N21,nominal,2.0NRT,298.78,12.52,D
-18.33534,132.6727,367,0.56,0.68,2025-03-16,0533,N21,high,2.0NRT,302.22,37.99,D
-18.3342,132.67787,352.17,0.56,0.68,2025-03-16,0533,N21,nominal,2.0NRT,298.47,37.99,D
-18.33648,132.66751,350.29,0.55,0.68,2025-03-16,0533,N21,nominal,2.0NRT,298.64,22.45,D
-18.33876,132.65717,331.71,0.55,0.68,2025-03-16,0533,N21,nominal,2.0NRT,298.99,15.52,D
-18.3399,132.65201,348.79,0.55,0.68,2025-03-16,0533,N21,nominal,2.0NRT,298.66,15.52,D
-18.34103,132.64687,344.94,0.55,0.68,2025-03-16,0533,N21,nominal,2.0NRT,294.58,9.4,D
-18.3303,132.66594,367,0.55,0.68,2025-03-16,0533,N21,high,2.0NRT,293.06,22.45,D
-18.33144,132.66074,351.08,0.55,0.68,2025-03-16,0533,N21,nominal,2.0NRT,292,22.45,D
-18.33486,132.64529,335.18,0.55,0.68,2025-03-16,0533,N21,nominal,2.0NRT,296.72,9.4,D
-18.32754,132.64886,356.02,0.55,0.68,2025-03-16,0533,N21,low,2.0NRT,287.82,14.37,D
-18.77917,130.4136,336.2,0.39,0.59,2025-03-16,0533,N21,nominal,2.0NRT,302.8,3.49,D
-18.76763,130.41479,338.73,0.39,0.59,2025-03-16,0533,N21,nominal,2.0NRT,303.16,10.61,D
-18.78798,130.21204,340.24,0.38,0.59,2025-03-16,0533,N21,nominal,2.0NRT,299.87,7.04,D
-18.78873,130.20848,354.17,0.38,0.59,2025-03-16,0533,N21,nominal,2.0NRT,304.27,13.18,D
-18.78343,130.20723,342.97,0.38,0.59,2025-03-16,0533,N21,nominal,2.0NRT,302.98,6.42,D
-20.62448,116.79122,333.56,0.5,0.41,2025-03-16,0533,N21,nominal,2.0NRT,299.15,2.76,D
-20.62509,116.78644,337.39,0.5,0.41,2025-03-16,0533,N21,nominal,2.0NRT,300.24,5.32,D
-20.79208,115.44665,335.15,0.4,0.44,2025-03-16,0533,N21,nominal,2.0NRT,302.46,3.27,D
-18.66812,124.57909,341.92,0.51,0.41,2025-03-16,0536,N21,nominal,2.0NRT,304.02,6.42,D
-18.62991,124.59657,339.11,0.51,0.41,2025-03-16,0536,N21,nominal,2.0NRT,304.51,6.7,D
-18.62974,124.59867,337.38,0.51,0.41,2025-03-16,0536,N21,nominal,2.0NRT,303.59,5.08,D
-18.61004,124.59984,339.81,0.51,0.41,2025-03-16,0536,N21,nominal,2.0NRT,305.2,10.93,D
-18.60627,124.59911,335.1,0.51,0.41,2025-03-16,0536,N21,nominal,2.0NRT,302.5,10.93,D
-16.89506,132.04749,333.9,0.54,0.68,2025-03-16,0536,N21,nominal,2.0NRT,303.27,12.56,D
-16.89615,132.04248,332.22,0.54,0.68,2025-03-16,0536,N21,nominal,2.0NRT,301.28,10.46,D
-16.89221,132.03091,334.04,0.54,0.68,2025-03-16,0536,N21,nominal,2.0NRT,290.89,2.98,D
-16.87556,132.04799,339.88,0.54,0.68,2025-03-16,0536,N21,nominal,2.0NRT,299.23,4.47,D
-16.8593,132.03378,367,0.54,0.68,2025-03-16,0536,N21,high,2.0NRT,304.44,36.82,D
-16.856,132.04874,339.18,0.54,0.68,2025-03-16,0536,N21,nominal,2.0NRT,299.24,10.13,D
-16.85711,132.04376,333.61,0.54,0.68,2025-03-16,0536,N21,nominal,2.0NRT,300.87,15.24,D
-16.8582,132.03877,355.41,0.54,0.68,2025-03-16,0536,N21,nominal,2.0NRT,303.27,15.24,D
-16.8604,132.02879,346.2,0.54,0.68,2025-03-16,0536,N21,nominal,2.0NRT,300.96,36.82,D
-16.85424,132.02747,367,0.54,0.68,2025-03-16,0536,N21,high,2.0NRT,302.41,21.18,D
-16.85204,132.0374,332.29,0.54,0.68,2025-03-16,0536,N21,nominal,2.0NRT,300.52,9.09,D
-16.85314,132.03242,346.77,0.54,0.68,2025-03-16,0536,N21,nominal,2.0NRT,300.8,21.18,D
-16.84809,132.02605,367,0.54,0.68,2025-03-16,0536,N21,high,2.0NRT,301.99,21.18,D
-16.84589,132.03596,333.82,0.54,0.68,2025-03-16,0536,N21,nominal,2.0NRT,299.65,9.09,D
-16.84699,132.03101,335.28,0.54,0.68,2025-03-16,0536,N21,nominal,2.0NRT,300.43,21.18,D
-16.84919,132.02107,348.06,0.54,0.68,2025-03-16,0536,N21,nominal,2.0NRT,302.38,63.92,D
-16.84195,132.02461,335.01,0.54,0.68,2025-03-16,0536,N21,nominal,2.0NRT,298.47,13.68,D
-16.84305,132.01962,353.8,0.54,0.68,2025-03-16,0536,N21,nominal,2.0NRT,299.06,13.38,D
-16.83692,132.01814,336.65,0.54,0.68,2025-03-16,0536,N21,nominal,2.0NRT,290.45,13.38,D
-16.83079,132.01666,367,0.54,0.68,2025-03-16,0536,N21,high,2.0NRT,297.09,32.04,D
-16.83191,132.01164,354.22,0.54,0.68,2025-03-16,0536,N21,nominal,2.0NRT,297.76,32.04,D
-16.85692,132.0507,341.91,0.54,0.68,2025-03-16,0536,N21,nominal,2.0NRT,299.45,10.74,D
-16.85905,132.0407,352.06,0.54,0.68,2025-03-16,0536,N21,nominal,2.0NRT,302.71,15.95,D
-16.86012,132.03571,353.87,0.54,0.68,2025-03-16,0536,N21,nominal,2.0NRT,301.6,29.56,D
-16.86119,132.03069,350.81,0.54,0.68,2025-03-16,0536,N21,nominal,2.0NRT,303.75,29.56,D
-16.85503,132.02931,367,0.54,0.68,2025-03-16,0536,N21,high,2.0NRT,303.14,29.56,D
-16.8529,132.03929,335.76,0.54,0.68,2025-03-16,0536,N21,nominal,2.0NRT,299.99,15.95,D
-16.85396,132.0343,341.7,0.54,0.68,2025-03-16,0536,N21,nominal,2.0NRT,300.71,29.56,D
-16.85609,132.02435,348.21,0.54,0.68,2025-03-16,0536,N21,nominal,2.0NRT,298.77,34.38,D
-16.84994,132.02292,367,0.54,0.68,2025-03-16,0536,N21,high,2.0NRT,305.04,37.96,D
-16.84888,132.02789,344.1,0.54,0.68,2025-03-16,0536,N21,nominal,2.0NRT,300.83,19.31,D
-16.84166,132.03145,336.57,0.54,0.68,2025-03-16,0536,N21,nominal,2.0NRT,297.17,19.31,D
-16.84274,132.02644,347.97,0.54,0.68,2025-03-16,0536,N21,nominal,2.0NRT,299.15,19.31,D
-16.84381,132.02147,351.26,0.54,0.68,2025-03-16,0536,N21,nominal,2.0NRT,299.06,37.96,D
-16.83337,132.04001,330.65,0.54,0.68,2025-03-16,0536,N21,nominal,2.0NRT,294.87,3.82,D
-16.83875,132.01497,345.71,0.54,0.68,2025-03-16,0536,N21,nominal,2.0NRT,296.84,18.82,D
-16.83154,132.01849,337.21,0.54,0.68,2025-03-16,0536,N21,nominal,2.0NRT,289.32,18.82,D
-16.83262,132.01346,355.5,0.54,0.68,2025-03-16,0536,N21,nominal,2.0NRT,298.99,18.82,D
-16.82541,132.01695,349.05,0.54,0.68,2025-03-16,0536,N21,nominal,2.0NRT,297.4,9.78,D
-16.8265,132.01193,337.19,0.54,0.68,2025-03-16,0536,N21,nominal,2.0NRT,298.1,9.78,D
-16.75768,125.81895,332.88,0.43,0.46,2025-03-16,0536,N21,nominal,2.0NRT,299.16,7.95,D
-16.75841,125.81487,354.89,0.43,0.46,2025-03-16,0536,N21,nominal,2.0NRT,301.07,9.7,D
-16.75915,125.81078,335.69,0.43,0.46,2025-03-16,0536,N21,nominal,2.0NRT,297.26,9.7,D
-16.75424,125.814,342.94,0.43,0.46,2025-03-16,0536,N21,nominal,2.0NRT,296.91,9.7,D
-16.74933,125.81722,367,0.43,0.46,2025-03-16,0536,N21,high,2.0NRT,298.69,15.63,D
-16.72085,125.80729,330.15,0.43,0.46,2025-03-16,0536,N21,nominal,2.0NRT,293.93,1.73,D
-16.68398,125.91296,330.81,0.44,0.46,2025-03-16,0536,N21,nominal,2.0NRT,301.29,3.67,D
-16.67977,125.91211,342.01,0.44,0.46,2025-03-16,0536,N21,nominal,2.0NRT,302.5,14.87,D
-16.68053,125.90805,342.13,0.44,0.46,2025-03-16,0536,N21,nominal,2.0NRT,301.53,8,D
-16.67634,125.90708,339.14,0.44,0.46,2025-03-16,0536,N21,nominal,2.0NRT,298.67,8,D
-16.38756,127.30243,344.27,0.54,0.51,2025-03-16,0536,N21,nominal,2.0NRT,297.27,12.61,D
-16.38853,127.29747,336.66,0.54,0.51,2025-03-16,0536,N21,nominal,2.0NRT,301.24,10.66,D
-16.64953,125.91115,330.41,0.44,0.46,2025-03-16,0536,N21,low,2.0NRT,300.73,2,D
-16.3895,127.30119,355.69,0.54,0.51,2025-03-16,0536,N21,nominal,2.0NRT,300.12,18.26,D
-16.62918,125.97541,353.71,0.44,0.46,2025-03-16,0536,N21,nominal,2.0NRT,300.66,7.91,D
-16.62993,125.97127,332.83,0.44,0.46,2025-03-16,0536,N21,nominal,2.0NRT,300.36,7.91,D
-16.64336,125.89701,333.22,0.44,0.46,2025-03-16,0536,N21,nominal,2.0NRT,300.61,6.65,D
-16.64411,125.89286,331.13,0.44,0.46,2025-03-16,0536,N21,nominal,2.0NRT,300.69,2.87,D
-16.62649,125.96613,336.9,0.44,0.46,2025-03-16,0536,N21,nominal,2.0NRT,300.99,4.31,D
-16.63989,125.89207,330.78,0.44,0.46,2025-03-16,0536,N21,nominal,2.0NRT,298,2.87,D
-16.62228,125.96516,342.08,0.44,0.46,2025-03-16,0536,N21,nominal,2.0NRT,300.91,13.94,D
-16.63568,125.8913,333.12,0.44,0.46,2025-03-16,0536,N21,nominal,2.0NRT,299.83,3.77,D
-16.61961,125.95575,367,0.44,0.46,2025-03-16,0536,N21,high,2.0NRT,302.99,9.67,D
-16.62036,125.95161,336.39,0.44,0.46,2025-03-16,0536,N21,nominal,2.0NRT,301.58,9.67,D
-16.62483,125.92706,336.78,0.44,0.46,2025-03-16,0536,N21,nominal,2.0NRT,301.45,4.72,D
-16.62134,125.9222,331.67,0.44,0.46,2025-03-16,0536,N21,low,2.0NRT,301.77,3.31,D
-16.62207,125.9182,332.64,0.44,0.46,2025-03-16,0536,N21,nominal,2.0NRT,301.73,3.31,D
-16.62801,125.88555,337.7,0.44,0.46,2025-03-16,0536,N21,nominal,2.0NRT,300.51,7.44,D
-16.6303,125.87292,346.95,0.44,0.46,2025-03-16,0536,N21,nominal,2.0NRT,301.64,5.37,D
-16.61565,125.92945,341.1,0.44,0.46,2025-03-16,0536,N21,nominal,2.0NRT,303.16,12.37,D
-16.61932,125.90935,345.88,0.44,0.46,2025-03-16,0536,N21,nominal,2.0NRT,302.25,13.65,D
-16.62006,125.90527,341.88,0.44,0.46,2025-03-16,0536,N21,nominal,2.0NRT,300.91,4.19,D
-16.62081,125.90118,334.88,0.44,0.46,2025-03-16,0536,N21,nominal,2.0NRT,301.33,4.19,D
-16.62457,125.88051,344.69,0.44,0.46,2025-03-16,0536,N21,nominal,2.0NRT,300.65,12.01,D
-16.62611,125.87204,334.65,0.44,0.46,2025-03-16,0536,N21,nominal,2.0NRT,300.4,5.37,D
-16.62687,125.86789,337.04,0.44,0.46,2025-03-16,0536,N21,nominal,2.0NRT,301.58,5.37,D
-16.68338,125.55611,345.49,0.42,0.45,2025-03-16,0536,N21,nominal,2.0NRT,300.84,7.02,D
-16.61143,125.92865,350.35,0.44,0.46,2025-03-16,0536,N21,nominal,2.0NRT,299.38,12.3,D
-16.62341,125.86297,336.47,0.44,0.46,2025-03-16,0536,N21,nominal,2.0NRT,301.24,3.92,D
-16.59951,125.92213,332.66,0.44,0.46,2025-03-16,0536,N21,nominal,2.0NRT,296.48,6.38,D
-16.57565,125.86233,335.23,0.44,0.46,2025-03-16,0536,N21,nominal,2.0NRT,299.67,17.74,D
-16.57642,125.85818,354.77,0.44,0.46,2025-03-16,0536,N21,nominal,2.0NRT,304.3,17.74,D
-16.57719,125.85403,345.96,0.44,0.46,2025-03-16,0536,N21,nominal,2.0NRT,302.02,9.45,D
-16.51853,126.05067,349,0.45,0.47,2025-03-16,0536,N21,nominal,2.0NRT,300.73,7.8,D
-16.51539,126.05042,343.63,0.45,0.47,2025-03-16,0536,N21,nominal,2.0NRT,299.69,4.84,D
-16.47157,125.97694,340.89,0.45,0.47,2025-03-16,0536,N21,nominal,2.0NRT,298.62,6.12,D
-16.54149,125.57214,338.95,0.42,0.45,2025-03-16,0536,N21,nominal,2.0NRT,295.62,5.4,D
-16.46844,125.94631,334.24,0.44,0.46,2025-03-16,0536,N21,nominal,2.0NRT,297.93,5.01,D
-16.46997,125.93802,334.89,0.44,0.46,2025-03-16,0536,N21,nominal,2.0NRT,296.75,5.13,D
-16.53808,125.56744,334.35,0.42,0.45,2025-03-16,0536,N21,nominal,2.0NRT,296.76,6.39,D
-16.46704,125.88294,335.32,0.44,0.46,2025-03-16,0536,N21,nominal,2.0NRT,296.34,2,D
-16.0012,128.20596,330.9,0.63,0.54,2025-03-16,0536,N21,low,2.0NRT,302.61,8.94,D
-15.94227,128.16176,331.83,0.63,0.54,2025-03-16,0536,N21,low,2.0NRT,302.08,8.15,D
-15.93355,128.15385,342.5,0.63,0.54,2025-03-16,0536,N21,nominal,2.0NRT,302.22,15.46,D
-16.45532,125.40054,333.29,0.41,0.45,2025-03-16,0536,N21,nominal,2.0NRT,299.37,3.51,D
-16.56206,124.78649,339.54,0.56,0.43,2025-03-16,0536,N21,nominal,2.0NRT,292.93,5.49,D
-16.52636,124.91688,338.9,0.38,0.43,2025-03-16,0536,N21,nominal,2.0NRT,300.22,6.01,D
-16.52699,124.9134,342.38,0.38,0.43,2025-03-16,0536,N21,nominal,2.0NRT,300.14,7.91,D
-16.53493,124.84668,336.95,0.57,0.43,2025-03-16,0536,N21,nominal,2.0NRT,300.29,11.13,D
-16.52128,124.87692,333,0.57,0.43,2025-03-16,0536,N21,nominal,2.0NRT,300.27,3.96,D
-16.4213,179.38062,305.49,0.39,0.37,2025-03-16,1323,N21,nominal,2.0NRT,289.24,0.79,N
-44.01653,170.83211,295.82,0.39,0.36,2025-03-16,1329,N21,nominal,2.0NRT,285.57,0.38,N
-24.77329,147.74283,305.78,0.44,0.39,2025-03-16,1505,N21,nominal,2.0NRT,288.8,1.2,N
-24.78387,147.78157,296.38,0.44,0.38,2025-03-16,1505,N21,nominal,2.0NRT,281.51,0.73,N
-24.78505,147.76775,302.55,0.44,0.38,2025-03-16,1505,N21,nominal,2.0NRT,285.44,0.75,N
-24.78584,147.77216,302.51,0.44,0.38,2025-03-16,1505,N21,nominal,2.0NRT,284.24,0.63,N
-24.78661,147.77647,296.76,0.44,0.38,2025-03-16,1505,N21,nominal,2.0NRT,282.11,0.63,N
-24.78933,147.77129,320.14,0.44,0.38,2025-03-16,1505,N21,nominal,2.0NRT,283.52,1.89,N
-24.78855,147.76688,318.79,0.44,0.38,2025-03-16,1505,N21,nominal,2.0NRT,284.48,2,N
-24.7901,147.77559,303.91,0.44,0.38,2025-03-16,1505,N21,nominal,2.0NRT,281.47,1.89,N
-24.79086,147.77988,298.8,0.44,0.38,2025-03-16,1505,N21,nominal,2.0NRT,282.75,1.06,N
-24.79281,147.77039,327.31,0.44,0.38,2025-03-16,1505,N21,nominal,2.0NRT,282.13,1.89,N
-24.79358,147.77467,299.38,0.44,0.38,2025-03-16,1505,N21,nominal,2.0NRT,281.96,1.89,N
-24.79664,147.79192,297.93,0.44,0.38,2025-03-16,1505,N21,nominal,2.0NRT,283.12,0.7,N
-24.79707,147.77382,320.28,0.44,0.38,2025-03-16,1505,N21,nominal,2.0NRT,280.42,1.24,N
-24.79631,147.76952,299.7,0.44,0.38,2025-03-16,1505,N21,nominal,2.0NRT,278.76,1.24,N
-24.79784,147.77812,306.94,0.44,0.38,2025-03-16,1505,N21,nominal,2.0NRT,280.77,1.24,N
-24.79938,147.78682,308.75,0.44,0.38,2025-03-16,1505,N21,nominal,2.0NRT,283.93,1.55,N
-24.80057,147.77299,297.04,0.44,0.38,2025-03-16,1505,N21,nominal,2.0NRT,279.96,1.24,N
-25.60417,152.52097,298.79,0.41,0.37,2025-03-16,1505,N21,nominal,2.0NRT,287.92,0.78,N
-24.12462,139.74365,313.07,0.43,0.62,2025-03-16,1505,N21,nominal,2.0NRT,290.91,1.84,N
-24.12557,139.74782,318.05,0.43,0.62,2025-03-16,1505,N21,nominal,2.0NRT,291.61,1.84,N
-24.12945,139.75244,322.27,0.43,0.62,2025-03-16,1505,N21,nominal,2.0NRT,291.88,3.52,N
-24.12749,139.74414,313.85,0.43,0.62,2025-03-16,1505,N21,nominal,2.0NRT,292.19,2.4,N
-24.12847,139.74829,318.16,0.43,0.62,2025-03-16,1505,N21,nominal,2.0NRT,292.3,2.4,N
-24.13698,139.7592,327.52,0.43,0.62,2025-03-16,1505,N21,nominal,2.0NRT,292.62,2.42,N
-24.13601,139.75504,319.68,0.43,0.62,2025-03-16,1505,N21,nominal,2.0NRT,292.7,3.94,N
-24.13796,139.76334,307.78,0.43,0.62,2025-03-16,1505,N21,nominal,2.0NRT,291.65,2.42,N
-24.14354,139.76181,314.44,0.43,0.62,2025-03-16,1505,N21,nominal,2.0NRT,292.8,2.42,N
-24.19005,139.75784,307.19,0.43,0.62,2025-03-16,1505,N21,nominal,2.0NRT,292.3,1.66,N
-26.36191,149.26367,301.6,0.39,0.36,2025-03-16,1505,N21,nominal,2.0NRT,290.58,0.24,N
-27.12535,151.73964,302.15,0.4,0.37,2025-03-16,1505,N21,nominal,2.0NRT,291.19,0.99,N
-27.12873,151.73904,305.4,0.4,0.37,2025-03-16,1505,N21,nominal,2.0NRT,291.31,0.99,N
-27.14227,151.73669,304.8,0.4,0.37,2025-03-16,1505,N21,nominal,2.0NRT,291.76,1.11,N
-27.14286,151.74074,317.51,0.4,0.37,2025-03-16,1505,N21,nominal,2.0NRT,291.74,2,N
-27.14566,151.73613,305.69,0.4,0.37,2025-03-16,1505,N21,nominal,2.0NRT,291.72,0.76,N
-24.97011,138.70146,308.6,0.48,0.64,2025-03-16,1505,N21,nominal,2.0NRT,292.9,1.62,N
-24.97703,138.70441,306.67,0.48,0.64,2025-03-16,1505,N21,nominal,2.0NRT,291.77,1.62,N
-24.96876,138.70433,310.21,0.47,0.64,2025-03-16,1505,N21,nominal,2.0NRT,291.99,1.31,N
-24.98038,138.701,326.29,0.47,0.64,2025-03-16,1505,N21,nominal,2.0NRT,294.1,2.72,N
-24.98151,138.70563,304.59,0.47,0.64,2025-03-16,1505,N21,nominal,2.0NRT,291.69,2.72,N
-24.98731,138.70396,317.4,0.47,0.64,2025-03-16,1505,N21,nominal,2.0NRT,292.86,2.72,N
-27.66656,150.9456,304.93,0.39,0.36,2025-03-16,1505,N21,nominal,2.0NRT,290.46,0.83,N
-27.66931,150.94102,334.55,0.39,0.36,2025-03-16,1505,N21,nominal,2.0NRT,293.18,3.75,N
-27.67265,150.94038,336.93,0.39,0.36,2025-03-16,1505,N21,nominal,2.0NRT,294.36,2.92,N
-27.67599,150.93976,322.14,0.39,0.36,2025-03-16,1505,N21,nominal,2.0NRT,292.83,2.92,N
-27.67658,150.9437,303.01,0.39,0.36,2025-03-16,1505,N21,nominal,2.0NRT,290.84,1.38,N
-28.15084,151.4021,322.82,0.4,0.37,2025-03-16,1505,N21,nominal,2.0NRT,289.91,1.87,N
-28.34336,152.5406,305.38,0.43,0.38,2025-03-16,1505,N21,nominal,2.0NRT,289.55,0.81,N
-28.40342,151.50438,304.47,0.4,0.37,2025-03-16,1505,N21,nominal,2.0NRT,291.34,0.91,N
-28.40401,151.50845,305.89,0.4,0.37,2025-03-16,1505,N21,nominal,2.0NRT,291.02,0.74,N
-28.4074,151.50787,314.93,0.4,0.37,2025-03-16,1505,N21,nominal,2.0NRT,291.56,1.3,N
-28.40674,150.00496,325.55,0.38,0.36,2025-03-16,1507,N21,nominal,2.0NRT,292.32,1.62,N
-28.41005,150.0043,303.67,0.38,0.36,2025-03-16,1507,N21,nominal,2.0NRT,290.51,1.62,N
-28.67093,149.97934,305.95,0.38,0.36,2025-03-16,1507,N21,nominal,2.0NRT,290.3,0.7,N
-28.67485,149.98262,307.53,0.38,0.36,2025-03-16,1507,N21,nominal,2.0NRT,289.06,0.6,N
-29.02241,151.94777,296.95,0.42,0.37,2025-03-16,1507,N21,nominal,2.0NRT,285.77,0.58,N
-28.80143,150.21042,301.47,0.39,0.36,2025-03-16,1507,N21,nominal,2.0NRT,287.6,1.01,N
-29.34671,149.427,306.83,0.38,0.36,2025-03-16,1507,N21,nominal,2.0NRT,285.97,0.83,N
-29.61713,150.96822,298.79,0.4,0.37,2025-03-16,1507,N21,nominal,2.0NRT,285.32,0.56,N
-29.6205,150.96756,307.28,0.4,0.37,2025-03-16,1507,N21,nominal,2.0NRT,285.59,0.56,N
-30.37273,150.50415,302.62,0.39,0.36,2025-03-16,1507,N21,nominal,2.0NRT,281.92,0.52,N
-31.27636,145.58289,307.86,0.45,0.39,2025-03-16,1507,N21,nominal,2.0NRT,286.79,1.14,N
-31.73504,146.7157,295.18,0.41,0.37,2025-03-16,1507,N21,nominal,2.0NRT,275.6,0.64,N
-31.73919,146.71922,302.88,0.41,0.37,2025-03-16,1507,N21,nominal,2.0NRT,275.18,1.75,N
-31.74294,146.74077,314.57,0.41,0.37,2025-03-16,1507,N21,nominal,2.0NRT,275.22,1.5,N
-31.7426,146.71841,318.96,0.41,0.37,2025-03-16,1507,N21,nominal,2.0NRT,275.09,1.75,N
-31.7441,146.72704,297.21,0.41,0.37,2025-03-16,1507,N21,nominal,2.0NRT,277.41,0.62,N
-31.74559,146.73566,315.68,0.41,0.37,2025-03-16,1507,N21,nominal,2.0NRT,275.8,2.24,N
-31.74634,146.73996,306.59,0.41,0.37,2025-03-16,1507,N21,nominal,2.0NRT,275.79,1.5,N
-31.746,146.71762,305.9,0.41,0.37,2025-03-16,1507,N21,nominal,2.0NRT,274.33,1,N
-31.74825,146.73053,303.59,0.41,0.37,2025-03-16,1507,N21,nominal,2.0NRT,276.91,0.93,N
-31.75165,146.72974,296.93,0.41,0.37,2025-03-16,1507,N21,nominal,2.0NRT,276.45,0.93,N
-34.76517,150.03102,302.72,0.41,0.37,2025-03-16,1507,N21,nominal,2.0NRT,289.1,0.79,N
-34.36351,140.59172,342.04,0.46,0.47,2025-03-16,1509,N21,nominal,2.0NRT,290.09,5.17,N
-34.36462,140.59669,320.31,0.46,0.47,2025-03-16,1509,N21,nominal,2.0NRT,286.88,5.17,N
-34.36243,140.58682,313.46,0.46,0.47,2025-03-16,1509,N21,nominal,2.0NRT,287.02,1.46,N
-34.36668,140.58542,297.2,0.46,0.47,2025-03-16,1509,N21,nominal,2.0NRT,286.47,1.46,N
-34.38265,140.57509,309.14,0.46,0.47,2025-03-16,1509,N21,nominal,2.0NRT,283.4,1.07,N
-37.78613,144.72736,303.33,0.41,0.37,2025-03-16,1509,N21,nominal,2.0NRT,280.2,1.24,N
-37.83176,144.78889,332.92,0.41,0.37,2025-03-16,1509,N21,nominal,2.0NRT,283.37,5.61,N
-38.22948,147.17184,327.76,0.38,0.36,2025-03-16,1509,N21,nominal,2.0NRT,282.26,3.87,N
-38.23015,147.17625,295.23,0.38,0.36,2025-03-16,1509,N21,nominal,2.0NRT,280.83,0.3,N
-39.84406,145.81927,308.06,0.39,0.36,2025-03-16,1509,N21,nominal,2.0NRT,289.22,1.3,N
-40.85223,145.38268,315.11,0.39,0.36,2025-03-16,1509,N21,nominal,2.0NRT,284.3,1.68,N
-41.13454,146.85361,299.95,0.39,0.36,2025-03-16,1509,N21,nominal,2.0NRT,280.82,0.52,N
-23.05,148.59183,307.47,0.43,0.38,2025-03-16,1505,N21,nominal,2.0NRT,280.81,1.61,N
-23.75616,151.18842,314.68,0.38,0.36,2025-03-16,1505,N21,nominal,2.0NRT,287.47,2.26,N
-23.76785,151.19789,305.44,0.38,0.36,2025-03-16,1505,N21,nominal,2.0NRT,287.87,0.8,N
-23.77117,151.1973,305.34,0.38,0.36,2025-03-16,1505,N21,nominal,2.0NRT,287.75,1,N
-23.77623,151.20796,313.3,0.38,0.36,2025-03-16,1505,N21,nominal,2.0NRT,285.3,2.16,N
-23.33901,148.30273,300,0.44,0.38,2025-03-16,1505,N21,nominal,2.0NRT,285.65,0.53,N
-23.82854,151.15193,303.19,0.38,0.36,2025-03-16,1505,N21,nominal,2.0NRT,273.56,1.35,N
-30.44421,136.85899,306.93,0.52,0.67,2025-03-16,1648,N21,nominal,2.0NRT,287.82,2.06,N
-33.00271,137.58353,297.81,0.6,0.71,2025-03-16,1650,N21,nominal,2.0NRT,285.59,1.58,N
-33.01644,137.59593,300.96,0.6,0.71,2025-03-16,1650,N21,nominal,2.0NRT,287.26,1.94,N
-33.00098,137.58255,299.71,0.6,0.71,2025-03-16,1650,N21,nominal,2.0NRT,286.2,1.27,N
-31.11518,115.42319,345.94,0.52,0.5,2025-03-16,1650,N21,nominal,2.0NRT,300.05,58.83,N
-31.114,115.41779,315.74,0.52,0.5,2025-03-16,1650,N21,nominal,2.0NRT,291.63,13.65,N
-31.11401,115.42044,338.64,0.52,0.5,2025-03-16,1650,N21,nominal,2.0NRT,294.19,34.21,N
-31.11523,115.42584,323.17,0.52,0.5,2025-03-16,1650,N21,nominal,2.0NRT,294.68,19.6,N
-31.11852,115.41905,353.61,0.52,0.5,2025-03-16,1650,N21,nominal,2.0NRT,300.91,34.21,N
-31.11975,115.42448,337.4,0.52,0.5,2025-03-16,1650,N21,nominal,2.0NRT,293,19.6,N
-31.41594,115.8147,324.52,0.49,0.49,2025-03-16,1650,N21,nominal,2.0NRT,291.76,2.94,N
-31.41484,115.80957,307.38,0.49,0.49,2025-03-16,1650,N21,nominal,2.0NRT,291.14,2.94,N
-31.41704,115.81978,310.03,0.49,0.49,2025-03-16,1650,N21,nominal,2.0NRT,290.74,2.01,N
-31.41814,115.82484,310.31,0.49,0.49,2025-03-16,1650,N21,nominal,2.0NRT,291.1,2.01,N
-31.41923,115.82993,307.2,0.49,0.49,2025-03-16,1650,N21,nominal,2.0NRT,291.14,1.88,N
-31.42032,115.83501,314.36,0.49,0.48,2025-03-16,1650,N21,nominal,2.0NRT,291.41,1.88,N
-31.42472,115.83369,310.23,0.49,0.48,2025-03-16,1650,N21,nominal,2.0NRT,290.75,1.88,N
-31.42581,115.83877,303.46,0.49,0.48,2025-03-16,1650,N21,nominal,2.0NRT,290.33,2.39,N
-31.43235,115.86917,304.95,0.49,0.48,2025-03-16,1650,N21,nominal,2.0NRT,290.7,1.32,N
-31.43344,115.87421,309.52,0.49,0.48,2025-03-16,1650,N21,nominal,2.0NRT,289.63,1.32,N
-31.41359,115.81342,322.54,0.49,0.49,2025-03-16,1650,N21,nominal,2.0NRT,291.71,1.5,N
-31.41472,115.8185,305.98,0.49,0.49,2025-03-16,1650,N21,nominal,2.0NRT,290.98,1.5,N
-31.41586,115.82358,303.12,0.49,0.49,2025-03-16,1650,N21,nominal,2.0NRT,290.7,1.19,N
-31.41799,115.81213,306.76,0.49,0.49,2025-03-16,1650,N21,nominal,2.0NRT,290.76,1.5,N
-31.41912,115.81722,304,0.49,0.49,2025-03-16,1650,N21,nominal,2.0NRT,290.35,1.5,N
-31.42025,115.82229,302.09,0.49,0.49,2025-03-16,1650,N21,nominal,2.0NRT,290.4,1.19,N
-31.42137,115.82733,308.67,0.49,0.48,2025-03-16,1650,N21,nominal,2.0NRT,290.67,1.19,N
-31.4225,115.8324,319.05,0.49,0.48,2025-03-16,1650,N21,nominal,2.0NRT,291.63,2.4,N
-31.42363,115.83747,310.85,0.49,0.48,2025-03-16,1650,N21,nominal,2.0NRT,290.62,2.4,N
-31.42476,115.84254,304.08,0.49,0.48,2025-03-16,1650,N21,nominal,2.0NRT,290.49,1.2,N
-31.43588,115.87155,324.74,0.49,0.48,2025-03-16,1650,N21,nominal,2.0NRT,291.39,4.08,N
-31.43699,115.87659,324.98,0.49,0.48,2025-03-16,1650,N21,nominal,2.0NRT,291.48,4.08,N
-31.4314,115.85137,300.51,0.49,0.48,2025-03-16,1650,N21,nominal,2.0NRT,290.11,0.82,N
-31.43252,115.85641,303.35,0.49,0.48,2025-03-16,1650,N21,nominal,2.0NRT,290.02,0.82,N
-31.43476,115.86651,311.51,0.49,0.48,2025-03-16,1650,N21,nominal,2.0NRT,290.61,2.72,N
-31.42792,115.81461,325.85,0.49,0.49,2025-03-16,1650,N21,nominal,2.0NRT,292.15,2.63,N
-31.42679,115.80952,302.01,0.49,0.49,2025-03-16,1650,N21,nominal,2.0NRT,290.94,2.63,N
-31.42905,115.81969,310.84,0.49,0.49,2025-03-16,1650,N21,nominal,2.0NRT,291.26,1.59,N
-31.43017,115.82476,305.23,0.49,0.48,2025-03-16,1650,N21,nominal,2.0NRT,290.71,1.59,N
-31.4313,115.82984,306.01,0.49,0.48,2025-03-16,1650,N21,nominal,2.0NRT,290.53,1.64,N
-31.4436,115.88535,304.21,0.48,0.48,2025-03-16,1650,N21,nominal,2.0NRT,290.75,1.57,N
-31.44472,115.89037,302.3,0.48,0.48,2025-03-16,1650,N21,nominal,2.0NRT,290.75,0.84,N
-31.44241,115.85889,323.77,0.49,0.48,2025-03-16,1650,N21,nominal,2.0NRT,293.17,2.24,N
-31.44353,115.86393,304.02,0.49,0.48,2025-03-16,1650,N21,nominal,2.0NRT,290.59,2.24,N
-31.60429,115.75314,309.12,0.49,0.49,2025-03-16,1650,N21,nominal,2.0NRT,291.01,1.67,N
-31.60539,115.75819,311.31,0.49,0.49,2025-03-16,1650,N21,nominal,2.0NRT,291.18,1.77,N
-15.29425,130.31891,321.67,0.44,0.38,2025-03-16,1643,N21,nominal,2.0NRT,295.16,2.78,N
-15.3112,130.33713,306.66,0.44,0.38,2025-03-16,1643,N21,nominal,2.0NRT,294.99,0.71,N
-16.34583,132.73521,304.86,0.4,0.44,2025-03-16,1643,N21,nominal,2.0NRT,287.54,0.71,N
-16.34989,132.73463,306.2,0.4,0.44,2025-03-16,1643,N21,nominal,2.0NRT,290.43,1.15,N
-15.72674,126.90533,308.24,0.39,0.36,2025-03-16,1643,N21,nominal,2.0NRT,292.62,1.14,N
-15.7296,126.92333,304.78,0.39,0.36,2025-03-16,1643,N21,nominal,2.0NRT,292.97,0.92,N
-15.72777,126.8904,307.99,0.39,0.36,2025-03-16,1643,N21,nominal,2.0NRT,292.53,1.14,N
-15.79954,127.2136,339.27,0.38,0.36,2025-03-16,1643,N21,nominal,2.0NRT,296.01,2.63,N
-15.80011,127.21716,328.03,0.38,0.36,2025-03-16,1643,N21,nominal,2.0NRT,294.98,3.04,N
-15.76357,126.96581,324.56,0.39,0.36,2025-03-16,1643,N21,nominal,2.0NRT,294.66,2.71,N
-15.76242,126.95864,306.59,0.39,0.36,2025-03-16,1643,N21,nominal,2.0NRT,293.96,1.01,N
-15.763,126.96222,308.13,0.39,0.36,2025-03-16,1643,N21,nominal,2.0NRT,294.01,1.01,N
-15.80229,127.20946,318.62,0.38,0.36,2025-03-16,1643,N21,nominal,2.0NRT,294.21,2.63,N
-15.80285,127.21304,313.38,0.38,0.36,2025-03-16,1643,N21,nominal,2.0NRT,293.95,2.63,N
-15.76574,126.95808,310.3,0.39,0.36,2025-03-16,1643,N21,nominal,2.0NRT,293.71,1.71,N
-15.76632,126.96167,313.39,0.39,0.36,2025-03-16,1643,N21,nominal,2.0NRT,293.8,1.71,N
-15.76963,126.96111,327.29,0.39,0.36,2025-03-16,1643,N21,nominal,2.0NRT,294.62,1.71,N
-15.77078,126.96828,329.49,0.39,0.36,2025-03-16,1643,N21,nominal,2.0NRT,294.84,2.65,N
-15.77135,126.97188,331.79,0.39,0.36,2025-03-16,1643,N21,nominal,2.0NRT,294.73,3.31,N
-15.7702,126.96471,313,0.39,0.36,2025-03-16,1643,N21,nominal,2.0NRT,294.11,2.65,N
-15.77466,126.97132,335.71,0.39,0.36,2025-03-16,1643,N21,nominal,2.0NRT,295.4,3.52,N
-15.77798,126.97076,328.67,0.39,0.36,2025-03-16,1643,N21,nominal,2.0NRT,294.9,3.52,N
-15.77855,126.97433,331.32,0.39,0.36,2025-03-16,1643,N21,nominal,2.0NRT,294.95,3.52,N
-15.78072,126.96661,339.2,0.39,0.36,2025-03-16,1643,N21,nominal,2.0NRT,295.4,4.89,N
-15.82279,127.23168,315.02,0.38,0.36,2025-03-16,1643,N21,nominal,2.0NRT,294.56,1.82,N
-16.58888,130.71542,308.52,0.47,0.39,2025-03-16,1643,N21,nominal,2.0NRT,293.61,2.78,N
-16.59251,130.71486,323.62,0.47,0.39,2025-03-16,1643,N21,nominal,2.0NRT,294.29,2.53,N
-16.59311,130.71921,307.49,0.47,0.39,2025-03-16,1643,N21,nominal,2.0NRT,294.17,2.53,N
-16.81387,132.01707,306.24,0.55,0.43,2025-03-16,1643,N21,nominal,2.0NRT,293.73,2.26,N
-16.8284,132.03593,307.33,0.55,0.43,2025-03-16,1643,N21,nominal,2.0NRT,294,2.07,N
-16.81395,132.0157,307.19,0.55,0.43,2025-03-16,1643,N21,nominal,2.0NRT,293.68,2.83,N
-16.81461,132.02086,307.65,0.55,0.43,2025-03-16,1643,N21,nominal,2.0NRT,293.8,2.34,N
-16.82834,132.03458,308.21,0.55,0.43,2025-03-16,1643,N21,nominal,2.0NRT,294.15,2.84,N
-16.8552,132.05685,317.93,0.55,0.43,2025-03-16,1643,N21,nominal,2.0NRT,294.43,2.58,N
-16.85912,132.05627,306.65,0.55,0.43,2025-03-16,1643,N21,nominal,2.0NRT,294.1,2.58,N
-16.86236,132.05052,343.16,0.55,0.43,2025-03-16,1643,N21,nominal,2.0NRT,296.33,8.47,N
-16.86169,132.04536,306.53,0.55,0.43,2025-03-16,1643,N21,nominal,2.0NRT,294.33,8.47,N
-16.86493,132.03964,332.59,0.55,0.43,2025-03-16,1643,N21,nominal,2.0NRT,295.34,4.95,N
-16.8656,132.0448,344.65,0.55,0.43,2025-03-16,1643,N21,nominal,2.0NRT,296.52,9.61,N
-16.86628,132.04994,340.83,0.55,0.43,2025-03-16,1643,N21,nominal,2.0NRT,296.26,9.61,N
-16.86425,132.0345,307.95,0.55,0.43,2025-03-16,1643,N21,nominal,2.0NRT,294.25,4.95,N
-16.86884,132.03905,330.62,0.55,0.43,2025-03-16,1643,N21,nominal,2.0NRT,295.11,4.95,N
-16.86952,132.0442,327.12,0.55,0.43,2025-03-16,1643,N21,nominal,2.0NRT,294.93,9.61,N
-16.87276,132.03845,308.92,0.55,0.43,2025-03-16,1643,N21,nominal,2.0NRT,294.35,2.8,N
-16.87344,132.04362,311.16,0.55,0.43,2025-03-16,1643,N21,nominal,2.0NRT,294.55,3.07,N
-16.89029,132.02014,316.49,0.55,0.43,2025-03-16,1643,N21,nominal,2.0NRT,294.78,2.78,N
-16.89097,132.02528,306.84,0.55,0.43,2025-03-16,1643,N21,nominal,2.0NRT,294.59,2.78,N
-16.89489,132.02475,324.52,0.55,0.43,2025-03-16,1643,N21,nominal,2.0NRT,295.22,5.35,N
-17.82644,134.47792,309,0.54,0.51,2025-03-16,1645,N21,nominal,2.0NRT,290.48,1.67,N
-17.84444,134.47037,331.36,0.54,0.51,2025-03-16,1645,N21,nominal,2.0NRT,290.52,4.77,N
-17.84384,134.46532,309.5,0.54,0.5,2025-03-16,1645,N21,nominal,2.0NRT,290.43,3.92,N
-18.32483,132.66701,323.55,0.42,0.45,2025-03-16,1645,N21,nominal,2.0NRT,294.49,2.15,N
-18.32434,132.66306,307.99,0.42,0.45,2025-03-16,1645,N21,nominal,2.0NRT,294.02,1.53,N
-18.32531,132.67096,311.94,0.42,0.45,2025-03-16,1645,N21,nominal,2.0NRT,294.23,2.15,N
-18.32947,132.67036,339.72,0.42,0.45,2025-03-16,1645,N21,nominal,2.0NRT,295.04,4.87,N
-18.3346,132.67769,308.54,0.42,0.45,2025-03-16,1645,N21,nominal,2.0NRT,293.98,3.09,N
-18.33509,132.68164,312.7,0.42,0.45,2025-03-16,1645,N21,nominal,2.0NRT,294.24,2.93,N
-18.34512,132.66014,315.29,0.42,0.45,2025-03-16,1645,N21,nominal,2.0NRT,294.26,2.3,N
-18.35667,132.71893,307.92,0.42,0.45,2025-03-16,1645,N21,nominal,2.0NRT,293.71,3.16,N
-18.36034,132.71432,329.57,0.42,0.45,2025-03-16,1645,N21,nominal,2.0NRT,295.51,5.25,N
-18.36084,132.71831,310.21,0.42,0.45,2025-03-16,1645,N21,nominal,2.0NRT,293.91,2.67,N
-18.36551,132.72171,323.54,0.42,0.45,2025-03-16,1645,N21,nominal,2.0NRT,294.12,2.67,N
-18.36501,132.71771,313.64,0.42,0.45,2025-03-16,1645,N21,nominal,2.0NRT,294.55,2.67,N
-18.36968,132.72112,319.16,0.42,0.45,2025-03-16,1645,N21,nominal,2.0NRT,294.69,4.39,N
-18.37385,132.7205,337.69,0.42,0.45,2025-03-16,1645,N21,nominal,2.0NRT,295.21,4.39,N
-18.37702,132.71194,306.65,0.42,0.45,2025-03-16,1645,N21,nominal,2.0NRT,294.44,1.58,N
-18.37752,132.71591,315.32,0.42,0.45,2025-03-16,1645,N21,nominal,2.0NRT,294.61,4.06,N
-18.38119,132.71133,307.46,0.42,0.45,2025-03-16,1645,N21,nominal,2.0NRT,294.64,1.58,N
-19.52858,131.7625,336.09,0.57,0.43,2025-03-16,1645,N21,nominal,2.0NRT,295.77,4.74,N
-19.52789,131.75705,317.12,0.57,0.43,2025-03-16,1645,N21,nominal,2.0NRT,295.51,4.74,N
-19.53326,131.76735,308.73,0.57,0.43,2025-03-16,1645,N21,nominal,2.0NRT,294.9,1.74,N
-19.53864,131.77768,313.3,0.57,0.43,2025-03-16,1645,N21,nominal,2.0NRT,294.74,3.16,N
-19.54263,131.7771,325.1,0.57,0.43,2025-03-16,1645,N21,nominal,2.0NRT,295.08,5.76,N
-19.66348,132.04576,310.21,0.4,0.44,2025-03-16,1645,N21,nominal,2.0NRT,295.35,2.43,N
-19.6685,132.05278,319.88,0.4,0.44,2025-03-16,1645,N21,nominal,2.0NRT,295.25,2.26,N
-19.67304,132.05602,325.35,0.4,0.44,2025-03-16,1645,N21,nominal,2.0NRT,295.61,2.38,N
-19.67257,132.0522,314.28,0.4,0.44,2025-03-16,1645,N21,nominal,2.0NRT,295.18,2.26,N
-19.6934,132.05313,329.44,0.4,0.44,2025-03-16,1645,N21,nominal,2.0NRT,296.22,1.73,N
-19.69795,132.05635,312.67,0.4,0.44,2025-03-16,1645,N21,nominal,2.0NRT,295.78,1.73,N
-19.70202,132.05579,339.32,0.4,0.44,2025-03-16,1645,N21,nominal,2.0NRT,296.7,4.03,N
-19.50971,130.19901,312.28,0.47,0.4,2025-03-16,1645,N21,nominal,2.0NRT,290.8,4.31,N
-19.51397,130.20299,317.96,0.47,0.4,2025-03-16,1645,N21,nominal,2.0NRT,292.88,3.4,N
-19.51762,130.20241,313.68,0.47,0.4,2025-03-16,1645,N21,nominal,2.0NRT,293.39,3.4,N
-19.52128,130.20186,319.23,0.47,0.4,2025-03-16,1645,N21,nominal,2.0NRT,295.48,4.01,N
-19.52493,130.20129,313.64,0.47,0.4,2025-03-16,1645,N21,nominal,2.0NRT,296.23,4.01,N
-19.52737,130.19174,317.06,0.47,0.4,2025-03-16,1645,N21,nominal,2.0NRT,295.14,3.73,N
-19.53163,130.19568,308.57,0.47,0.4,2025-03-16,1645,N21,nominal,2.0NRT,282.29,2.97,N
-19.53772,130.18558,312.63,0.47,0.4,2025-03-16,1645,N21,nominal,2.0NRT,295.28,2.91,N
-19.55109,130.17436,327.61,0.47,0.4,2025-03-16,1645,N21,nominal,2.0NRT,296.39,5.44,N
-19.55536,130.1783,328.99,0.47,0.4,2025-03-16,1645,N21,nominal,2.0NRT,296.2,5.52,N
-19.5529,130.16034,312.64,0.47,0.4,2025-03-16,1645,N21,nominal,2.0NRT,295.62,3.07,N
-19.55352,130.16481,311.55,0.47,0.4,2025-03-16,1645,N21,nominal,2.0NRT,295.8,1.99,N
-19.55474,130.1738,307.85,0.47,0.4,2025-03-16,1645,N21,nominal,2.0NRT,296.22,5.52,N
-19.55655,130.15979,324.29,0.47,0.4,2025-03-16,1645,N21,nominal,2.0NRT,296.51,3.07,N
-19.55839,130.17325,347.17,0.47,0.4,2025-03-16,1645,N21,nominal,2.0NRT,300,5.52,N
-19.55716,130.16426,308.68,0.47,0.4,2025-03-16,1645,N21,nominal,2.0NRT,296.6,1.99,N
-19.55901,130.17773,304.24,0.47,0.4,2025-03-16,1645,N21,nominal,2.0NRT,289.06,5.52,N
-19.5602,130.15923,333.39,0.47,0.4,2025-03-16,1645,N21,nominal,2.0NRT,297.01,6.73,N
-19.56081,130.16371,320.02,0.47,0.4,2025-03-16,1645,N21,nominal,2.0NRT,297.46,4.25,N
-19.56204,130.17268,339.33,0.47,0.4,2025-03-16,1645,N21,nominal,2.0NRT,298.54,16.82,N
-19.56569,130.17212,344.97,0.47,0.4,2025-03-16,1645,N21,nominal,2.0NRT,297.9,16.82,N
-19.56446,130.16315,316.6,0.47,0.4,2025-03-16,1645,N21,nominal,2.0NRT,296.91,4.25,N
-20.73315,139.47858,306.06,0.62,0.71,2025-03-16,1645,N21,nominal,2.0NRT,288.55,2.93,N
-20.73819,139.47662,311.79,0.62,0.72,2025-03-16,1645,N21,nominal,2.0NRT,288.41,3.29,N
-19.76186,127.00428,302.75,0.39,0.36,2025-03-16,1645,N21,nominal,2.0NRT,278,2.49,N
-19.76179,126.98176,302.05,0.38,0.36,2025-03-16,1645,N21,nominal,2.0NRT,268.19,0.97,N
-19.76236,126.98541,298.37,0.38,0.36,2025-03-16,1645,N21,nominal,2.0NRT,268.71,0.65,N
-19.76623,126.98849,297.68,0.38,0.36,2025-03-16,1645,N21,nominal,2.0NRT,270.47,0.65,N
-19.76849,127.00314,318.74,0.39,0.36,2025-03-16,1645,N21,nominal,2.0NRT,283.88,3.84,N
-19.77068,126.99525,331.22,0.39,0.36,2025-03-16,1645,N21,nominal,2.0NRT,282.29,4.25,N
-19.77124,126.99891,312.06,0.39,0.36,2025-03-16,1645,N21,nominal,2.0NRT,283.84,2.2,N
-21.36461,124.61493,312.47,0.4,0.37,2025-03-16,1645,N21,nominal,2.0NRT,294.95,2.66,N
-21.36226,124.57952,308.89,0.4,0.37,2025-03-16,1645,N21,nominal,2.0NRT,290.7,3.49,N
-21.36862,124.61814,307.55,0.4,0.37,2025-03-16,1645,N21,nominal,2.0NRT,294.65,2.66,N
-21.37134,124.58647,321.02,0.4,0.37,2025-03-16,1645,N21,nominal,2.0NRT,293.15,4.39,N
-21.38421,124.58009,308.38,0.4,0.37,2025-03-16,1645,N21,nominal,2.0NRT,292.16,3.5,N
-24.12769,139.74983,305.65,0.7,0.75,2025-03-16,1645,N21,nominal,2.0NRT,289.74,3.88,N
-24.13504,139.75613,315.01,0.7,0.75,2025-03-16,1645,N21,nominal,2.0NRT,290.68,5.48,N
-24.14239,139.76242,312.12,0.7,0.75,2025-03-16,1645,N21,nominal,2.0NRT,290.91,2.95,N
-24.1908,139.75821,321.26,0.7,0.75,2025-03-16,1645,N21,nominal,2.0NRT,291.65,5.1,N
-24.19049,139.7574,316.28,0.7,0.75,2025-03-16,1645,N21,nominal,2.0NRT,291.36,5.7,N
-21.92085,120.44924,338.37,0.4,0.44,2025-03-16,1645,N21,nominal,2.0NRT,297.37,11.51,N
-21.92159,120.45312,351.85,0.4,0.44,2025-03-16,1645,N21,nominal,2.0NRT,297.79,15.47,N
-21.92638,120.45615,334.91,0.4,0.44,2025-03-16,1645,N21,nominal,2.0NRT,295.89,2.11,N
-21.92565,120.45229,313.15,0.4,0.44,2025-03-16,1645,N21,nominal,2.0NRT,295.42,2.11,N
-21.93116,120.45915,325.66,0.4,0.44,2025-03-16,1645,N21,nominal,2.0NRT,295.77,3.35,N
-21.93044,120.45531,311.48,0.4,0.44,2025-03-16,1645,N21,nominal,2.0NRT,295.42,2.11,N
-21.93523,120.45834,322.38,0.4,0.44,2025-03-16,1645,N21,nominal,2.0NRT,295.87,4.18,N
-21.93595,120.4622,346.7,0.4,0.44,2025-03-16,1645,N21,nominal,2.0NRT,297.01,4.18,N
-21.94002,120.46138,330.31,0.4,0.44,2025-03-16,1645,N21,nominal,2.0NRT,296.02,4.18,N
-21.94074,120.46522,311.49,0.4,0.44,2025-03-16,1645,N21,nominal,2.0NRT,295.08,2.32,N
-21.93493,120.45889,328.67,0.4,0.44,2025-03-16,1645,N21,nominal,2.0NRT,295.96,4.16,N
-21.93568,120.46275,341.23,0.4,0.44,2025-03-16,1645,N21,nominal,2.0NRT,296.53,4.16,N
-21.93974,120.46193,337.34,0.4,0.44,2025-03-16,1645,N21,nominal,2.0NRT,296.28,4.16,N
-21.94455,120.46494,337.01,0.4,0.44,2025-03-16,1645,N21,nominal,2.0NRT,295.88,3.3,N
-21.9486,120.46407,331.54,0.4,0.44,2025-03-16,1645,N21,nominal,2.0NRT,295.82,3.3,N
-21.95265,120.46321,326.96,0.4,0.44,2025-03-16,1645,N21,nominal,2.0NRT,295.44,2.09,N
-21.95297,120.44311,341.03,0.4,0.44,2025-03-16,1645,N21,nominal,2.0NRT,303.99,66.83,N
-21.95671,120.46238,314.57,0.4,0.44,2025-03-16,1645,N21,nominal,2.0NRT,294.62,2.09,N
-21.95704,120.44228,331.79,0.4,0.44,2025-03-16,1645,N21,nominal,2.0NRT,295.34,5.52,N
-21.95779,120.44615,354.27,0.4,0.44,2025-03-16,1645,N21,nominal,2.0NRT,298.78,14.08,N
-21.9626,120.44921,339.28,0.4,0.44,2025-03-16,1645,N21,nominal,2.0NRT,295.94,14.08,N
-21.96335,120.45306,319.96,0.4,0.44,2025-03-16,1645,N21,nominal,2.0NRT,297.6,17.71,N
-23.89396,133.33592,304.74,0.54,0.51,2025-03-16,1645,N21,nominal,2.0NRT,292,1.03,N
-21.64537,115.89281,298.89,0.39,0.59,2025-03-16,1645,N21,nominal,2.0NRT,269.76,0.88,N
-24.968,138.70177,302.02,0.61,0.71,2025-03-16,1645,N21,nominal,2.0NRT,291.54,1.02,N
-21.64127,115.89388,297.77,0.39,0.59,2025-03-16,1645,N21,nominal,2.0NRT,272.88,2.69,N
-24.97993,138.70201,313.17,0.61,0.71,2025-03-16,1645,N21,nominal,2.0NRT,292.23,2.88,N
-24.98649,138.7014,308.63,0.61,0.71,2025-03-16,1645,N21,nominal,2.0NRT,292.94,2.8,N
-22.23306,118.16213,333.74,0.55,0.51,2025-03-16,1645,N21,nominal,2.0NRT,288.39,4.27,N
-22.2341,118.16723,305.08,0.55,0.51,2025-03-16,1645,N21,nominal,2.0NRT,287.75,4.27,N
-23.25128,122.86697,340.83,0.44,0.38,2025-03-16,1645,N21,nominal,2.0NRT,296.89,8.82,N
-23.25479,122.86625,340.26,0.44,0.38,2025-03-16,1645,N21,nominal,2.0NRT,296.69,8.82,N
-23.25553,122.87051,314.74,0.44,0.38,2025-03-16,1645,N21,nominal,2.0NRT,294.81,8.82,N
-23.25149,122.86834,341.6,0.44,0.38,2025-03-16,1645,N21,nominal,2.0NRT,297.24,13.02,N
-23.255,122.86763,345.47,0.44,0.38,2025-03-16,1645,N21,nominal,2.0NRT,296.72,13.02,N
-23.25851,122.86691,309.2,0.44,0.38,2025-03-16,1645,N21,nominal,2.0NRT,295.14,0.89,N
-22.46975,117.50504,312.75,0.59,0.53,2025-03-16,1648,N21,nominal,2.0NRT,283.96,3.43,N
-23.31741,116.0402,318.59,0.35,0.57,2025-03-16,1648,N21,nominal,2.0NRT,280.18,1.99,N
-23.31816,116.04364,304.59,0.35,0.57,2025-03-16,1648,N21,nominal,2.0NRT,280.23,1.72,N
-23.31798,116.0397,314.94,0.35,0.57,2025-03-16,1648,N21,nominal,2.0NRT,279.36,1.31,N
-23.31875,116.04312,307.03,0.35,0.57,2025-03-16,1648,N21,nominal,2.0NRT,279.98,1.18,N
-25.81864,124.43114,334.98,0.39,0.36,2025-03-16,1648,N21,nominal,2.0NRT,294.92,3.32,N
-25.81802,124.42729,318.48,0.39,0.36,2025-03-16,1648,N21,nominal,2.0NRT,294.65,1.57,N
-25.82195,124.43049,339.08,0.39,0.36,2025-03-16,1648,N21,nominal,2.0NRT,296.44,6.8,N
-25.82134,124.42664,309.44,0.39,0.36,2025-03-16,1648,N21,nominal,2.0NRT,294.66,2.39,N
-25.82528,124.42985,344.08,0.39,0.36,2025-03-16,1648,N21,nominal,2.0NRT,296.36,6.8,N
-25.82466,124.42599,314.42,0.39,0.36,2025-03-16,1648,N21,nominal,2.0NRT,294.23,2.39,N
-25.82652,124.43752,317.43,0.39,0.36,2025-03-16,1648,N21,nominal,2.0NRT,293.97,1.18,N
-25.82984,124.43687,336.53,0.39,0.36,2025-03-16,1648,N21,nominal,2.0NRT,294.93,4.08,N
-26.09423,125.87323,307.65,0.39,0.36,2025-03-16,1648,N21,nominal,2.0NRT,292.63,1.02,N
-39.75777,174.82022,330.04,0.41,0.45,2025-03-17,0147,N21,nominal,2.0NRT,295.55,2.7,D
-39.16576,177.09863,325.22,0.48,0.4,2025-03-17,0147,N21,nominal,2.0NRT,296.17,4.08,D
-39.1664,177.09309,341.3,0.48,0.4,2025-03-17,0147,N21,nominal,2.0NRT,300.09,4.08,D
-44.12638,171.19673,343.14,0.37,0.58,2025-03-17,0325,N21,nominal,2.0NRT,307.58,68.46,D
-43.74469,171.39534,333.92,0.39,0.59,2025-03-17,0325,N21,nominal,2.0NRT,292.54,3.14,D
-38.23056,147.16368,333.9,0.51,0.5,2025-03-17,0330,N21,nominal,2.0NRT,293.26,2.57,D
-38.30385,145.21846,331.98,0.33,0.55,2025-03-17,0330,N21,nominal,2.0NRT,293.84,3.49,D
-37.10228,149.02368,339.49,0.4,0.44,2025-03-17,0330,N21,nominal,2.0NRT,289.4,47.62,D
-37.10271,149.01932,286.78,0.4,0.44,2025-03-17,0330,N21,low,2.0NRT,310.37,119.12,D
-37.09818,149.02313,339,0.4,0.44,2025-03-17,0330,N21,low,2.0NRT,311.15,210.17,D
-37.0986,149.0188,207.38,0.4,0.44,2025-03-17,0330,N21,low,2.0NRT,320,113.79,D
-37.09491,149.01393,367,0.4,0.44,2025-03-17,0330,N21,high,2.0NRT,295.21,113.79,D
-37.09449,149.01826,367,0.4,0.44,2025-03-17,0330,N21,low,2.0NRT,329.41,113.79,D
-37.09038,149.0177,350.56,0.4,0.44,2025-03-17,0330,N21,nominal,2.0NRT,292.41,23.95,D
-37.09081,149.01329,343.91,0.4,0.44,2025-03-17,0330,N21,nominal,2.0NRT,304.68,23.95,D
-35.63807,150.17497,331.25,0.51,0.41,2025-03-17,0330,N21,nominal,2.0NRT,294.9,5.33,D
-34.26519,148.464,341.73,0.4,0.44,2025-03-17,0330,N21,nominal,2.0NRT,310.96,9.23,D
-34.26563,148.45966,334.96,0.4,0.44,2025-03-17,0330,N21,nominal,2.0NRT,308.6,15.99,D
-34.26111,148.46336,347.12,0.4,0.44,2025-03-17,0330,N21,nominal,2.0NRT,309.31,9.23,D
-34.26155,148.45905,352.41,0.4,0.44,2025-03-17,0330,N21,nominal,2.0NRT,317.41,15.99,D
-34.22309,148.27684,353.06,0.4,0.45,2025-03-17,0330,N21,nominal,2.0NRT,315.68,10.41,D
-34.22355,148.2724,343.47,0.4,0.45,2025-03-17,0330,N21,nominal,2.0NRT,310.72,10.41,D
-34.21898,148.27617,367,0.4,0.45,2025-03-17,0330,N21,high,2.0NRT,313.2,14.39,D
-34.13448,148.41072,335.15,0.4,0.44,2025-03-17,0330,N21,nominal,2.0NRT,307.25,2.41,D
-34.13491,148.4064,347.77,0.4,0.44,2025-03-17,0330,N21,nominal,2.0NRT,307.48,8.48,D
-34.1315,148.40793,353.17,0.4,0.44,2025-03-17,0330,N21,nominal,2.0NRT,308.98,6.15,D
-34.13195,148.40367,341.02,0.4,0.44,2025-03-17,0330,N21,nominal,2.0NRT,306.27,6.15,D
-34.17401,147.8763,349.84,0.42,0.45,2025-03-17,0330,N21,nominal,2.0NRT,316.44,24.07,D
-33.66685,151.23146,328.83,0.44,0.38,2025-03-17,0330,N21,nominal,2.0NRT,294.84,7.38,D
-33.91033,147.81876,335.14,0.42,0.46,2025-03-17,0330,N21,low,2.0NRT,307.88,1.44,D
-33.90702,147.80891,340.26,0.42,0.46,2025-03-17,0330,N21,low,2.0NRT,310.7,9.84,D
-34.38196,140.56819,340.18,0.56,0.69,2025-03-17,0330,N21,nominal,2.0NRT,301.48,8.82,D
-34.3685,140.58604,332.45,0.56,0.69,2025-03-17,0330,N21,nominal,2.0NRT,297.3,14.3,D
-34.38643,140.56836,338.59,0.56,0.69,2025-03-17,0330,N21,nominal,2.0NRT,301.47,7.59,D
-34.3662,140.59222,337.02,0.56,0.68,2025-03-17,0330,N21,nominal,2.0NRT,299.27,9.93,D
-34.36647,140.58597,334.29,0.56,0.69,2025-03-17,0330,N21,nominal,2.0NRT,296.5,6.91,D
-33.75647,148.03558,367,0.41,0.45,2025-03-17,0330,N21,high,2.0NRT,313.17,11.45,D
-33.84337,146.49475,348.08,0.5,0.49,2025-03-17,0330,N21,nominal,2.0NRT,307.11,12.83,D
-33.98465,143.17542,336.12,0.39,0.59,2025-03-17,0330,N21,low,2.0NRT,306.16,6.88,D
-33.25316,147.28865,338.34,0.45,0.47,2025-03-17,0332,N21,low,2.0NRT,310.53,7.37,D
-33.24838,147.29291,340.27,0.45,0.47,2025-03-17,0332,N21,nominal,2.0NRT,307.78,18.02,D
-33.16249,146.60257,348.44,0.49,0.48,2025-03-17,0332,N21,nominal,2.0NRT,311.78,17.57,D
-33.15896,146.59148,348.02,0.49,0.48,2025-03-17,0332,N21,nominal,2.0NRT,311.14,8.25,D
-33.15991,146.58096,346.36,0.49,0.48,2025-03-17,0332,N21,nominal,2.0NRT,310.81,7.06,D
-33.16039,146.57571,350.5,0.49,0.48,2025-03-17,0332,N21,nominal,2.0NRT,311.85,7.16,D
-32.39664,149,344.63,0.53,0.42,2025-03-17,0332,N21,nominal,2.0NRT,317.47,14.63,D
-32.39729,148.99426,345.61,0.53,0.42,2025-03-17,0332,N21,nominal,2.0NRT,315.4,10.57,D
-32.51024,146.78568,338.57,0.47,0.47,2025-03-17,0332,N21,low,2.0NRT,308.93,6.96,D
-32.34113,147.75862,334.96,0.41,0.45,2025-03-17,0332,N21,low,2.0NRT,307.82,2.82,D
-32.33744,147.75363,344.87,0.41,0.45,2025-03-17,0332,N21,nominal,2.0NRT,313.51,89.5,D
-32.33699,147.75801,367,0.41,0.45,2025-03-17,0332,N21,low,2.0NRT,325.53,49.62,D
-32.33193,147.76622,341.4,0.41,0.45,2025-03-17,0332,N21,nominal,2.0NRT,309.31,9.75,D
-32.33238,147.76184,354.12,0.41,0.45,2025-03-17,0332,N21,nominal,2.0NRT,315.58,49.62,D
-32.33284,147.75746,349.5,0.41,0.45,2025-03-17,0332,N21,nominal,2.0NRT,308.86,49.62,D
-32.33375,147.74869,344.62,0.41,0.45,2025-03-17,0332,N21,low,2.0NRT,315.36,89.5,D
-32.3333,147.75307,367,0.41,0.45,2025-03-17,0332,N21,low,2.0NRT,355.19,89.5,D
-32.32824,147.76126,367,0.41,0.45,2025-03-17,0332,N21,high,2.0NRT,343.43,68.15,D
-32.3287,147.75688,367,0.41,0.45,2025-03-17,0332,N21,high,2.0NRT,334.16,68.15,D
-32.3296,147.74811,349.75,0.41,0.45,2025-03-17,0332,N21,low,2.0NRT,323.69,55.62,D
-32.33097,147.73492,344.13,0.41,0.45,2025-03-17,0332,N21,nominal,2.0NRT,313.29,11.23,D
-32.33142,147.73053,343.58,0.41,0.45,2025-03-17,0332,N21,low,2.0NRT,316.73,11.23,D
-32.32409,147.7607,342.35,0.41,0.45,2025-03-17,0332,N21,nominal,2.0NRT,303.21,68.15,D
-32.32455,147.75629,345.95,0.41,0.45,2025-03-17,0332,N21,nominal,2.0NRT,312.23,68.15,D
-32.32545,147.74754,343.4,0.41,0.45,2025-03-17,0332,N21,low,2.0NRT,313.93,55.62,D
-31.77631,145.63959,348.55,0.53,0.5,2025-03-17,0332,N21,nominal,2.0NRT,310.75,12.42,D
-31.27742,145.58154,342.2,0.53,0.5,2025-03-17,0332,N21,nominal,2.0NRT,312.22,8.02,D
-30.57676,151.27963,335.12,0.41,0.37,2025-03-17,0332,N21,low,2.0NRT,307.75,3.11,D
-30.48903,150.95375,342.47,0.42,0.38,2025-03-17,0332,N21,nominal,2.0NRT,302.84,5.96,D
-30.48557,150.95308,338.99,0.42,0.38,2025-03-17,0332,N21,nominal,2.0NRT,304.95,5.57,D
-30.10316,151.7038,333.38,0.4,0.37,2025-03-17,0332,N21,nominal,2.0NRT,302.25,5.55,D
-30.39249,149.41718,337.09,0.48,0.4,2025-03-17,0332,N21,low,2.0NRT,307.87,6.96,D
-30.02352,149.9962,352.98,0.45,0.39,2025-03-17,0332,N21,nominal,2.0NRT,311.5,10.51,D
-29.72534,149.70483,349.18,0.46,0.39,2025-03-17,0332,N21,nominal,2.0NRT,316.17,15.03,D
-29.72171,149.70424,352.03,0.46,0.39,2025-03-17,0332,N21,nominal,2.0NRT,316.88,15.03,D
-29.71808,149.70364,342.69,0.46,0.39,2025-03-17,0332,N21,low,2.0NRT,314.07,5.58,D
-29.71869,149.69885,351.61,0.46,0.39,2025-03-17,0332,N21,nominal,2.0NRT,316.2,25.21,D
-29.71928,149.69405,347.96,0.46,0.39,2025-03-17,0332,N21,low,2.0NRT,318.18,25.21,D
-29.72108,149.67963,351.97,0.46,0.39,2025-03-17,0332,N21,nominal,2.0NRT,319.41,15.64,D
-29.71446,149.70306,345.85,0.46,0.39,2025-03-17,0332,N21,nominal,2.0NRT,314.81,5.58,D
-29.71506,149.69826,348.05,0.46,0.39,2025-03-17,0332,N21,nominal,2.0NRT,314.46,25.21,D
-29.71625,149.68863,355.57,0.46,0.39,2025-03-17,0332,N21,nominal,2.0NRT,317.01,19.3,D
-29.71685,149.68384,352.72,0.46,0.39,2025-03-17,0332,N21,nominal,2.0NRT,318.31,19.3,D
-29.71745,149.67903,349.61,0.46,0.39,2025-03-17,0332,N21,low,2.0NRT,320.98,15.64,D
-29.71804,149.67421,342.61,0.46,0.39,2025-03-17,0332,N21,low,2.0NRT,317.45,15.64,D
-29.70964,149.71207,340.57,0.46,0.39,2025-03-17,0332,N21,low,2.0NRT,313.23,3.64,D
-29.71083,149.70247,344.42,0.46,0.39,2025-03-17,0332,N21,low,2.0NRT,316.49,8.74,D
-29.71382,149.67844,342.43,0.46,0.39,2025-03-17,0332,N21,low,2.0NRT,317.04,10.91,D
-29.7078,149.69708,350.49,0.46,0.39,2025-03-17,0332,N21,nominal,2.0NRT,317.48,10.53,D
-29.7084,149.69228,344.28,0.46,0.39,2025-03-17,0332,N21,low,2.0NRT,315.92,10.53,D
-29.70959,149.68265,342.5,0.46,0.39,2025-03-17,0332,N21,low,2.0NRT,316.17,9.5,D
-29.70595,149.68207,346.65,0.46,0.39,2025-03-17,0332,N21,low,2.0NRT,317.5,10.63,D
-29.40539,148.49643,350.06,0.52,0.42,2025-03-17,0332,N21,nominal,2.0NRT,314.84,55.66,D
-29.40601,148.49101,349.48,0.52,0.42,2025-03-17,0332,N21,nominal,2.0NRT,315.09,34.22,D
-29.40218,148.49045,354.32,0.52,0.42,2025-03-17,0332,N21,nominal,2.0NRT,315.25,26.98,D
-29.40684,148.49947,343.52,0.52,0.42,2025-03-17,0332,N21,nominal,2.0NRT,314.9,23.45,D
-29.40749,148.49406,341.64,0.52,0.42,2025-03-17,0332,N21,nominal,2.0NRT,312.78,10.61,D
-29.403,148.49889,348.69,0.52,0.42,2025-03-17,0332,N21,nominal,2.0NRT,311.58,9.83,D
-29.40366,148.4935,346.88,0.52,0.42,2025-03-17,0332,N21,nominal,2.0NRT,317.61,35.93,D
-29.40431,148.4881,345.17,0.52,0.42,2025-03-17,0332,N21,nominal,2.0NRT,315.02,35.93,D
-28.42843,151.82736,337.59,0.39,0.36,2025-03-17,0332,N21,nominal,2.0NRT,304.87,10.24,D
-28.42692,151.8232,367,0.39,0.36,2025-03-17,0332,N21,high,2.0NRT,340.67,132.65,D
-28.42634,151.82716,367,0.39,0.36,2025-03-17,0332,N21,low,2.0NRT,329.05,84.88,D
-28.423,151.82655,347.02,0.39,0.36,2025-03-17,0332,N21,nominal,2.0NRT,311.05,84.88,D
-28.42358,151.82257,367,0.39,0.36,2025-03-17,0332,N21,low,2.0NRT,325.11,132.65,D
-28.59017,150.19243,340.74,0.43,0.38,2025-03-17,0332,N21,low,2.0NRT,314.85,4.55,D
-28.78428,148.42223,343.64,0.52,0.41,2025-03-17,0332,N21,nominal,2.0NRT,315.3,7.21,D
-28.77219,148.42581,347.26,0.52,0.41,2025-03-17,0332,N21,nominal,2.0NRT,314.9,8.51,D
-28.77281,148.42049,348.24,0.52,0.41,2025-03-17,0332,N21,nominal,2.0NRT,315.63,8.51,D
-28.77319,148.42883,346.98,0.52,0.41,2025-03-17,0332,N21,nominal,2.0NRT,315.52,9.1,D
-28.77383,148.42354,353.74,0.52,0.41,2025-03-17,0332,N21,nominal,2.0NRT,316.46,9.1,D
-28.44024,148.63451,343.43,0.5,0.41,2025-03-17,0332,N21,nominal,2.0NRT,316.4,7.35,D
-27.86182,151.17792,340.1,0.4,0.37,2025-03-17,0332,N21,nominal,2.0NRT,309.52,5.51,D
-27.8624,151.17384,337.06,0.4,0.37,2025-03-17,0332,N21,low,2.0NRT,311.35,5.51,D
-27.88858,150.53238,347.43,0.42,0.37,2025-03-17,0332,N21,nominal,2.0NRT,315.04,9.35,D
-27.88915,150.52814,341.4,0.42,0.37,2025-03-17,0332,N21,nominal,2.0NRT,314.86,5.96,D
-27.49682,152.64374,337.6,0.38,0.36,2025-03-17,0332,N21,nominal,2.0NRT,305.1,2.64,D
-27.67451,150.94475,337.22,0.4,0.37,2025-03-17,0332,N21,low,2.0NRT,311.53,10.29,D
-27.66772,150.94354,343.78,0.4,0.37,2025-03-17,0332,N21,low,2.0NRT,314.66,29.72,D
-27.70671,150.48552,352.25,0.42,0.37,2025-03-17,0332,N21,nominal,2.0NRT,309.82,7.3,D
-27.15139,152.90131,332.89,0.38,0.36,2025-03-17,0332,N21,nominal,2.0NRT,303.54,2.62,D
-27.74329,148.57268,367,0.5,0.41,2025-03-17,0332,N21,high,2.0NRT,315.49,17.33,D
-27.73892,148.57715,336.8,0.5,0.41,2025-03-17,0332,N21,nominal,2.0NRT,308.99,15.38,D
-27.74079,148.56203,354.25,0.5,0.41,2025-03-17,0332,N21,nominal,2.0NRT,322.39,42.41,D
-27.74141,148.55698,351.6,0.5,0.41,2025-03-17,0332,N21,nominal,2.0NRT,318.68,42.41,D
-27.73954,148.5721,367,0.5,0.41,2025-03-17,0332,N21,low,2.0NRT,331.31,94.74,D
-27.74017,148.56706,367,0.5,0.41,2025-03-17,0332,N21,low,2.0NRT,328.19,94.74,D
-27.7358,148.57155,367,0.5,0.41,2025-03-17,0332,N21,high,2.0NRT,335.04,94.74,D
-27.73642,148.5665,367,0.5,0.41,2025-03-17,0332,N21,high,2.0NRT,335.23,94.74,D
-27.73518,148.57658,340.97,0.5,0.41,2025-03-17,0332,N21,nominal,2.0NRT,310.25,15.38,D
-27.73766,148.55641,354.84,0.5,0.41,2025-03-17,0332,N21,nominal,2.0NRT,321.66,42.41,D
-27.73704,148.56145,367,0.5,0.41,2025-03-17,0332,N21,low,2.0NRT,330.78,42.41,D
-27.73829,148.55136,367,0.5,0.41,2025-03-17,0332,N21,low,2.0NRT,331.81,77.11,D
-27.73205,148.57097,367,0.5,0.41,2025-03-17,0332,N21,high,2.0NRT,338.01,136.28,D
-27.73267,148.56593,367,0.5,0.41,2025-03-17,0332,N21,high,2.0NRT,335.65,136.28,D
-27.73143,148.57602,343.76,0.5,0.41,2025-03-17,0332,N21,nominal,2.0NRT,314.83,44.96,D
-27.73516,148.54576,337.97,0.5,0.41,2025-03-17,0332,N21,low,2.0NRT,312.04,37.47,D
-27.73329,148.56088,367,0.5,0.41,2025-03-17,0332,N21,low,2.0NRT,329.78,164.04,D
-27.73392,148.55583,367,0.5,0.41,2025-03-17,0332,N21,low,2.0NRT,330.3,164.04,D
-27.73454,148.5508,367,0.5,0.41,2025-03-17,0332,N21,low,2.0NRT,328.82,37.47,D
-27.73017,148.55528,367,0.5,0.41,2025-03-17,0332,N21,high,2.0NRT,349,164.04,D
-27.72769,148.57544,350.8,0.5,0.41,2025-03-17,0332,N21,nominal,2.0NRT,314.79,44.96,D
-27.73141,148.54518,339.2,0.5,0.41,2025-03-17,0332,N21,nominal,2.0NRT,313.39,37.47,D
-27.72831,148.5704,367,0.5,0.41,2025-03-17,0332,N21,low,2.0NRT,328.93,136.28,D
-27.72893,148.56535,367,0.5,0.41,2025-03-17,0332,N21,low,2.0NRT,331.11,136.28,D
-27.72955,148.56032,367,0.5,0.41,2025-03-17,0332,N21,low,2.0NRT,349.36,164.04,D
-27.73079,148.55023,367,0.5,0.41,2025-03-17,0332,N21,low,2.0NRT,329.96,37.47,D
-27.72456,148.56984,367,0.5,0.41,2025-03-17,0332,N21,high,2.0NRT,329.96,167.71,D
-27.72642,148.5547,367,0.5,0.41,2025-03-17,0332,N21,high,2.0NRT,333.59,253.79,D
-27.72394,148.57487,354.01,0.5,0.41,2025-03-17,0332,N21,nominal,2.0NRT,315.53,31.21,D
-27.72766,148.5446,342,0.5,0.41,2025-03-17,0332,N21,nominal,2.0NRT,315.09,39.29,D
-27.72518,148.5648,367,0.5,0.41,2025-03-17,0332,N21,low,2.0NRT,351.52,167.71,D
-27.7258,148.55974,367,0.5,0.41,2025-03-17,0332,N21,low,2.0NRT,354.67,253.79,D
-27.72704,148.54967,367,0.5,0.41,2025-03-17,0332,N21,low,2.0NRT,330.49,39.29,D
-27.72143,148.56422,367,0.5,0.41,2025-03-17,0332,N21,high,2.0NRT,338.46,167.71,D
-27.7202,148.57431,349.73,0.5,0.41,2025-03-17,0332,N21,nominal,2.0NRT,305.99,31.21,D
-27.72082,148.56926,353.95,0.5,0.41,2025-03-17,0332,N21,nominal,2.0NRT,313.36,167.71,D
-27.72328,148.5491,354.4,0.5,0.41,2025-03-17,0332,N21,nominal,2.0NRT,302.95,39.29,D
-27.7239,148.54405,346.59,0.5,0.41,2025-03-17,0332,N21,nominal,2.0NRT,309.39,39.29,D
-27.72205,148.55919,367,0.5,0.41,2025-03-17,0332,N21,low,2.0NRT,337.63,253.79,D
-27.7183,148.55862,367,0.5,0.41,2025-03-17,0332,N21,high,2.0NRT,304.72,30.57,D
-27.71892,148.55359,353.28,0.5,0.41,2025-03-17,0332,N21,nominal,2.0NRT,310.38,30.57,D
-27.71954,148.54852,342.7,0.5,0.41,2025-03-17,0332,N21,nominal,2.0NRT,288.62,16.39,D
-26.9814,153.03197,331.24,0.39,0.36,2025-03-17,0332,N21,nominal,2.0NRT,300.88,3.52,D
-26.982,153.02811,337.83,0.39,0.36,2025-03-17,0332,N21,nominal,2.0NRT,299.75,3.52,D
-27.39771,149.80746,343.65,0.44,0.38,2025-03-17,0332,N21,low,2.0NRT,317.89,7.99,D
-27.39007,149.81073,339.46,0.44,0.38,2025-03-17,0332,N21,low,2.0NRT,310.96,6.83,D
-27.20972,150.61847,335.34,0.41,0.37,2025-03-17,0332,N21,low,2.0NRT,309.92,5.33,D
-26.81772,152.14673,332.15,0.39,0.36,2025-03-17,0332,N21,low,2.0NRT,303.25,3.78,D
-24.79057,147.76559,338.35,0.5,0.41,2025-03-17,0334,N21,nominal,2.0NRT,296.84,11.04,D
-24.78679,147.76515,343.76,0.5,0.41,2025-03-17,0334,N21,nominal,2.0NRT,302.85,11.04,D
-24.13539,139.77214,367,0.51,0.66,2025-03-17,0334,N21,high,2.0NRT,302.92,18.72,D
-24.12965,139.76663,342.15,0.51,0.66,2025-03-17,0334,N21,nominal,2.0NRT,304.05,11.96,D
-24.11242,139.75002,343.34,0.51,0.66,2025-03-17,0334,N21,nominal,2.0NRT,295.74,5.57,D
-24.10667,139.74446,367,0.51,0.66,2025-03-17,0334,N21,high,2.0NRT,304.15,22.93,D
-20.06898,139.62927,340.35,0.47,0.64,2025-03-17,0334,N21,nominal,2.0NRT,277.58,32.08,D
-37.65457,144.98053,335.2,0.51,0.66,2025-03-17,0510,N21,nominal,2.0NRT,289.07,6.42,D
-35.45274,147.40755,367,0.79,0.78,2025-03-17,0510,N21,high,2.0NRT,302.41,72.12,D
-35.45548,147.39909,341.02,0.79,0.78,2025-03-17,0510,N21,nominal,2.0NRT,303.87,69.61,D
-35.8646,146.08575,342.85,0.66,0.73,2025-03-17,0510,N21,nominal,2.0NRT,296.39,13.6,D
-35.4575,147.40839,367,0.79,0.78,2025-03-17,0510,N21,high,2.0NRT,307.67,56.31,D
-35.46019,147.39995,345.71,0.79,0.78,2025-03-17,0510,N21,nominal,2.0NRT,302.48,56.31,D
-35.86676,146.09265,338.58,0.66,0.73,2025-03-17,0510,N21,nominal,2.0NRT,296.94,10.2,D
-37.04564,141.86966,367,0.37,0.58,2025-03-17,0510,N21,high,2.0NRT,303.85,75.38,D
-37.04775,141.86156,367,0.37,0.58,2025-03-17,0510,N21,high,2.0NRT,302.17,33.14,D
-37.04669,141.86562,207.38,0.37,0.58,2025-03-17,0510,N21,low,2.0NRT,322.02,75.38,D
-35.87063,145.91257,342.21,0.64,0.72,2025-03-17,0510,N21,nominal,2.0NRT,298.78,13.34,D
-36.98561,141.85869,337.56,0.37,0.58,2025-03-17,0510,N21,nominal,2.0NRT,298.52,11.85,D
-36.97937,141.86064,367,0.37,0.58,2025-03-17,0510,N21,high,2.0NRT,301.55,11.85,D
-36.98044,141.85658,352.63,0.37,0.58,2025-03-17,0510,N21,nominal,2.0NRT,300.02,11.85,D
-36.71673,142.81172,367,0.42,0.61,2025-03-17,0510,N21,high,2.0NRT,305.97,12.96,D
-36.71799,142.80713,367,0.42,0.61,2025-03-17,0510,N21,high,2.0NRT,307.67,12.96,D
-36.71129,142.80943,336.58,0.42,0.61,2025-03-17,0510,N21,nominal,2.0NRT,296.34,12.96,D
-36.71255,142.80486,345.21,0.42,0.61,2025-03-17,0510,N21,nominal,2.0NRT,299.39,12.96,D
-36.98215,141.86009,367,0.37,0.58,2025-03-17,0510,N21,high,2.0NRT,300.85,13.51,D
-36.97699,141.85794,367,0.37,0.58,2025-03-17,0510,N21,high,2.0NRT,302.5,16.41,D
-36.97804,141.85387,331.09,0.37,0.58,2025-03-17,0510,N21,nominal,2.0NRT,298.3,7.75,D
-36.7198,142.81215,348.14,0.42,0.61,2025-03-17,0510,N21,nominal,2.0NRT,302.37,9.54,D
-36.72104,142.80756,347.17,0.42,0.61,2025-03-17,0510,N21,nominal,2.0NRT,302.04,8.92,D
-36.71436,142.80984,367,0.42,0.61,2025-03-17,0510,N21,high,2.0NRT,304.9,29.51,D
-36.7156,142.80524,367,0.42,0.61,2025-03-17,0510,N21,high,2.0NRT,305.55,24.72,D
-36.63591,142.6757,367,0.42,0.61,2025-03-17,0510,N21,high,2.0NRT,306.44,40.7,D
-36.63715,142.67119,352.12,0.42,0.61,2025-03-17,0510,N21,nominal,2.0NRT,316.71,44.68,D
-36.63839,142.66669,346.9,0.42,0.61,2025-03-17,0510,N21,nominal,2.0NRT,303.8,44.68,D
-36.64029,142.66847,367,0.42,0.61,2025-03-17,0510,N21,high,2.0NRT,302.17,47.42,D
-36.63243,142.67531,367,0.42,0.61,2025-03-17,0510,N21,high,2.0NRT,307.46,49.83,D
-36.63366,142.67076,351.1,0.42,0.61,2025-03-17,0510,N21,nominal,2.0NRT,323.52,47.42,D
-36.63487,142.66621,338.52,0.42,0.61,2025-03-17,0510,N21,nominal,2.0NRT,306.57,47.42,D
-36.95531,141.07394,333.68,0.34,0.56,2025-03-17,0510,N21,nominal,2.0NRT,299.22,4.78,D
-36.95368,141.07266,336.51,0.34,0.56,2025-03-17,0510,N21,nominal,2.0NRT,300.84,4.44,D
-36.78104,141.48833,339.96,0.36,0.57,2025-03-17,0510,N21,nominal,2.0NRT,299.42,6.49,D
-36.77594,141.48628,367,0.36,0.57,2025-03-17,0510,N21,high,2.0NRT,303.26,6.49,D
-36.77493,141.49019,342.45,0.36,0.57,2025-03-17,0510,N21,nominal,2.0NRT,302.84,6.49,D
-35.42825,145.51645,367,0.63,0.72,2025-03-17,0510,N21,high,2.0NRT,303.71,25.79,D
-35.43027,145.50974,348.88,0.63,0.72,2025-03-17,0510,N21,nominal,2.0NRT,298.32,25.79,D
-35.42192,145.51361,339.01,0.63,0.72,2025-03-17,0510,N21,nominal,2.0NRT,297.32,25.79,D
-35.44838,144.28322,335.46,0.54,0.68,2025-03-17,0510,N21,nominal,2.0NRT,299.17,4.9,D
-33.75495,145.97472,367,0.74,0.76,2025-03-17,0510,N21,high,2.0NRT,302,27.42,D
-34.49347,141.27045,342.21,0.4,0.6,2025-03-17,0512,N21,nominal,2.0NRT,305.61,3.45,D
-34.49457,141.2662,335.94,0.4,0.6,2025-03-17,0512,N21,nominal,2.0NRT,304.34,3.45,D
-34.38499,140.57019,339.44,0.37,0.58,2025-03-17,0512,N21,nominal,2.0NRT,304.56,9.82,D
-34.38597,140.56627,345.82,0.37,0.58,2025-03-17,0512,N21,nominal,2.0NRT,304.34,7.67,D
-34.38079,140.56433,367,0.37,0.58,2025-03-17,0512,N21,high,2.0NRT,303.77,7.67,D
-34.36776,140.5936,337.21,0.37,0.58,2025-03-17,0512,N21,nominal,2.0NRT,301.4,5.66,D
-34.36356,140.58778,348.77,0.37,0.58,2025-03-17,0512,N21,nominal,2.0NRT,300.95,5.66,D
-16.68579,127.46831,348.27,0.44,0.39,2025-03-17,0516,N21,nominal,2.0NRT,304.2,6.39,D
-33.01268,137.59839,332.5,0.54,0.51,2025-03-17,0512,N21,nominal,2.0NRT,305.8,5.81,D
-33.75755,120.75119,340.42,0.52,0.5,2025-03-17,0512,N21,nominal,2.0NRT,305.28,5.85,D
-33.75291,120.7506,345.39,0.52,0.5,2025-03-17,0512,N21,nominal,2.0NRT,306.09,15.04,D
-33.75341,120.74496,343.49,0.52,0.5,2025-03-17,0512,N21,nominal,2.0NRT,305.14,15.04,D
-33.75391,120.73932,339.29,0.53,0.5,2025-03-17,0512,N21,nominal,2.0NRT,304.78,12.42,D
-33.74877,120.7444,367,0.52,0.5,2025-03-17,0512,N21,high,2.0NRT,304.35,15.04,D
-33.74927,120.73873,367,0.53,0.5,2025-03-17,0512,N21,high,2.0NRT,307.17,12.42,D
-33.74976,120.73309,341.12,0.53,0.5,2025-03-17,0512,N21,nominal,2.0NRT,304.92,12.42,D
-33.71172,119.98715,341.13,0.58,0.52,2025-03-17,0512,N21,nominal,2.0NRT,306.28,6.3,D
-33.47716,117.22457,338.32,0.42,0.61,2025-03-17,0512,N21,nominal,2.0NRT,305.64,4.27,D
-33.47095,117.23282,332.95,0.42,0.61,2025-03-17,0512,N21,low,2.0NRT,303.76,10.69,D
-33.47149,117.22393,331.29,0.42,0.61,2025-03-17,0512,N21,low,2.0NRT,304.32,4.27,D
-32.89424,118.59863,335.49,0.34,0.56,2025-03-17,0512,N21,low,2.0NRT,306.85,4.44,D
-32.89958,118.59093,332.02,0.34,0.56,2025-03-17,0512,N21,low,2.0NRT,305.99,4.48,D
-32.8935,118.60174,332.95,0.34,0.56,2025-03-17,0512,N21,nominal,2.0NRT,307.08,2.28,D
-32.89378,118.598,339.13,0.34,0.56,2025-03-17,0512,N21,nominal,2.0NRT,306.8,2.28,D
-32.94997,116.97031,345.46,0.43,0.62,2025-03-17,0512,N21,nominal,2.0NRT,306.07,5.26,D
-32.93822,116.97401,331.67,0.43,0.62,2025-03-17,0512,N21,low,2.0NRT,306.59,7.68,D
-32.45946,117.45475,352.95,0.4,0.6,2025-03-17,0512,N21,nominal,2.0NRT,310.63,7.15,D
-32.00786,118.76678,367,0.33,0.55,2025-03-17,0514,N21,high,2.0NRT,306.92,4.53,D
-31.57821,118.71117,352.7,0.33,0.55,2025-03-17,0514,N21,nominal,2.0NRT,310.01,5.69,D
-31.53466,118.67447,367,0.33,0.55,2025-03-17,0514,N21,high,2.0NRT,309.84,59.65,D
-31.53843,118.62513,367,0.33,0.55,2025-03-17,0514,N21,high,2.0NRT,310.1,46.7,D
-31.53521,118.6674,338.28,0.33,0.55,2025-03-17,0514,N21,nominal,2.0NRT,307.44,23.89,D
-31.53493,118.67093,367,0.33,0.55,2025-03-17,0514,N21,low,2.0NRT,330.81,59.65,D
-31.5387,118.62157,367,0.33,0.55,2025-03-17,0514,N21,low,2.0NRT,333.97,46.7,D
-31.52842,118.62057,343.94,0.33,0.55,2025-03-17,0514,N21,nominal,2.0NRT,307.63,15.43,D
-31.52869,118.61703,351.44,0.33,0.55,2025-03-17,0514,N21,nominal,2.0NRT,314.25,23.85,D
-31.12728,115.41318,367,0.51,0.66,2025-03-17,0514,N21,high,2.0NRT,305.74,21.6,D
-31.12757,115.40791,367,0.51,0.66,2025-03-17,0514,N21,high,2.0NRT,310.63,21.6,D
-31.12786,115.40257,367,0.51,0.66,2025-03-17,0514,N21,high,2.0NRT,308.08,35.65,D
-31.12815,115.39709,367,0.51,0.66,2025-03-17,0514,N21,high,2.0NRT,312.78,35.65,D
-31.12877,115.38569,367,0.51,0.66,2025-03-17,0514,N21,high,2.0NRT,303.69,31.51,D
-31.12846,115.39146,354.05,0.51,0.66,2025-03-17,0514,N21,nominal,2.0NRT,312.78,31.51,D
-31.12082,115.41838,367,0.51,0.66,2025-03-17,0514,N21,high,2.0NRT,314.8,27.61,D
-31.12111,115.41296,367,0.51,0.66,2025-03-17,0514,N21,high,2.0NRT,313.1,8.33,D
-31.1214,115.40755,340.47,0.51,0.66,2025-03-17,0514,N21,nominal,2.0NRT,311.6,8.33,D
-31.11495,115.41263,343.36,0.51,0.66,2025-03-17,0514,N21,nominal,2.0NRT,310.75,8.33,D
-31.11524,115.40723,336.6,0.51,0.66,2025-03-17,0514,N21,nominal,2.0NRT,310.41,8.33,D
-31.11552,115.40182,341.93,0.51,0.66,2025-03-17,0514,N21,nominal,2.0NRT,308.94,12.61,D
-31.11672,115.37946,353.23,0.51,0.66,2025-03-17,0514,N21,nominal,2.0NRT,300.62,10.46,D
-31.1085,115.41772,367,0.51,0.66,2025-03-17,0514,N21,high,2.0NRT,365.77,436.88,D
-31.10821,115.42317,340.57,0.51,0.66,2025-03-17,0514,N21,nominal,2.0NRT,304.81,436.88,D
-31.10908,115.40681,353.59,0.51,0.66,2025-03-17,0514,N21,nominal,2.0NRT,305.37,0,D
-31.10936,115.4014,331.7,0.51,0.66,2025-03-17,0514,N21,low,2.0NRT,301.91,115.26,D
-31.10879,115.41228,367,0.51,0.66,2025-03-17,0514,N21,low,2.0NRT,330,0,D
-31.10234,115.41736,367,0.51,0.66,2025-03-17,0514,N21,high,2.0NRT,344.85,436.88,D
-31.10205,115.42286,345.09,0.51,0.66,2025-03-17,0514,N21,nominal,2.0NRT,305.12,436.88,D
-31.10349,115.39553,350.13,0.51,0.66,2025-03-17,0514,N21,nominal,2.0NRT,302.56,115.26,D
-31.10377,115.39013,333.73,0.51,0.66,2025-03-17,0514,N21,nominal,2.0NRT,300.54,8.69,D
-31.10263,115.4119,367,0.51,0.66,2025-03-17,0514,N21,low,2.0NRT,370.31,0,D
-31.10291,115.40643,367,0.51,0.66,2025-03-17,0514,N21,low,2.0NRT,367.24,0,D
-31.1032,115.40095,207.38,0.51,0.66,2025-03-17,0514,N21,low,2.0NRT,310.93,115.26,D
-31.09646,115.41158,367,0.51,0.66,2025-03-17,0514,N21,high,2.0NRT,324.23,310.57,D
-31.09617,115.41708,339.49,0.51,0.66,2025-03-17,0514,N21,nominal,2.0NRT,308.66,22.54,D
-31.09732,115.39526,338.67,0.51,0.66,2025-03-17,0514,N21,nominal,2.0NRT,306.3,199.52,D
-31.09675,115.40607,367,0.51,0.66,2025-03-17,0514,N21,low,2.0NRT,369.51,310.57,D
-31.09703,115.40067,207.38,0.51,0.66,2025-03-17,0514,N21,low,2.0NRT,313.12,199.52,D
-31.09059,115.4057,345.39,0.51,0.66,2025-03-17,0514,N21,nominal,2.0NRT,306.71,310.57,D
-31.11526,115.4118,345.37,0.51,0.66,2025-03-17,0514,N21,nominal,2.0NRT,310.72,293.4,D
-31.11558,115.4064,335.78,0.51,0.66,2025-03-17,0514,N21,low,2.0NRT,310.39,17.28,D
-31.1159,115.40099,338.31,0.51,0.66,2025-03-17,0514,N21,low,2.0NRT,308.75,17.28,D
-31.11723,115.37864,346.1,0.51,0.66,2025-03-17,0514,N21,nominal,2.0NRT,298.56,13.41,D
-31.10845,115.42233,346.14,0.51,0.66,2025-03-17,0514,N21,nominal,2.0NRT,305.39,199.36,D
-31.10942,115.40601,351.04,0.51,0.66,2025-03-17,0514,N21,nominal,2.0NRT,304.25,17.28,D
-31.10877,115.41688,367,0.51,0.66,2025-03-17,0514,N21,low,2.0NRT,371.97,293.4,D
-31.1091,115.41143,207.38,0.51,0.66,2025-03-17,0514,N21,low,2.0NRT,323.36,293.4,D
-31.10261,115.41653,367,0.51,0.66,2025-03-17,0514,N21,high,2.0NRT,365.79,0,D
-31.10229,115.42204,349.71,0.51,0.66,2025-03-17,0514,N21,nominal,2.0NRT,305.5,131,D
-31.1039,115.39474,348.01,0.51,0.66,2025-03-17,0514,N21,nominal,2.0NRT,302.51,16.93,D
-31.10294,115.41109,367,0.51,0.66,2025-03-17,0514,N21,low,2.0NRT,371.71,0,D
-31.10325,115.40563,367,0.51,0.66,2025-03-17,0514,N21,low,2.0NRT,357.12,550.41,D
-31.10358,115.40017,207.38,0.51,0.66,2025-03-17,0514,N21,low,2.0NRT,307.12,550.41,D
-31.09677,115.41074,367,0.51,0.66,2025-03-17,0514,N21,high,2.0NRT,333.42,0,D
-31.09645,115.41631,343.02,0.51,0.66,2025-03-17,0514,N21,nominal,2.0NRT,309.23,0,D
-31.09772,115.39452,338.18,0.51,0.66,2025-03-17,0514,N21,nominal,2.0NRT,306.06,16.93,D
-31.09709,115.4053,367,0.51,0.66,2025-03-17,0514,N21,low,2.0NRT,370.9,550.41,D
-31.09741,115.39989,207.38,0.51,0.66,2025-03-17,0514,N21,low,2.0NRT,310.52,550.41,D
-31.09093,115.40498,351.84,0.51,0.66,2025-03-17,0514,N21,nominal,2.0NRT,306.48,9.17,D
-24.12625,139.76846,335.44,0.58,0.7,2025-03-17,0514,N21,nominal,2.0NRT,298.64,10.63,D
-24.10403,139.74994,343.82,0.58,0.7,2025-03-17,0514,N21,nominal,2.0NRT,300.27,13.7,D
-24.11864,139.76352,336.17,0.58,0.7,2025-03-17,0514,N21,nominal,2.0NRT,298.15,6.89,D
-24.10888,139.74858,347.57,0.58,0.7,2025-03-17,0514,N21,nominal,2.0NRT,302.11,11.41,D
-24.10263,139.7467,349.54,0.58,0.7,2025-03-17,0514,N21,nominal,2.0NRT,302.09,11.41,D
-25.81054,124.43192,337.98,0.42,0.38,2025-03-17,0514,N21,low,2.0NRT,311.72,9.64,D
-25.81111,124.42769,338.99,0.42,0.38,2025-03-17,0514,N21,low,2.0NRT,311.79,9.64,D
-25.80764,124.42712,347.69,0.42,0.38,2025-03-17,0514,N21,nominal,2.0NRT,313.16,9.64,D
-23.25689,122.87084,355.09,0.46,0.39,2025-03-17,0516,N21,nominal,2.0NRT,311.41,8.77,D
-22.23582,118.18082,341.23,0.55,0.51,2025-03-17,0516,N21,nominal,2.0NRT,304.75,9.79,D
-22.23108,118.18044,343.17,0.55,0.51,2025-03-17,0516,N21,nominal,2.0NRT,308.93,9.79,D
-22.22966,118.14835,345.95,0.56,0.51,2025-03-17,0516,N21,nominal,2.0NRT,305.77,8.83,D
-22.22495,118.14758,342.04,0.56,0.51,2025-03-17,0516,N21,nominal,2.0NRT,305.8,8.83,D
-21.96181,120.46414,343.71,0.4,0.44,2025-03-17,0516,N21,nominal,2.0NRT,304.49,7.41,D
-21.94466,120.46946,331.08,0.4,0.44,2025-03-17,0516,N21,low,2.0NRT,304.75,5.64,D
-21.93653,120.46829,335.79,0.4,0.44,2025-03-17,0516,N21,nominal,2.0NRT,305.62,3.35,D
-21.93968,120.44147,350.69,0.4,0.44,2025-03-17,0516,N21,nominal,2.0NRT,307.2,5.4,D
-21.93248,120.46768,334.1,0.4,0.44,2025-03-17,0516,N21,low,2.0NRT,305.7,3.35,D
-21.93561,120.4409,338.75,0.4,0.44,2025-03-17,0516,N21,nominal,2.0NRT,304.12,5.4,D
-21.93606,120.43708,340.57,0.4,0.44,2025-03-17,0516,N21,nominal,2.0NRT,306.38,5.9,D
-21.93632,120.46784,337,0.4,0.44,2025-03-17,0516,N21,nominal,2.0NRT,306.08,3.41,D
-21.93917,120.44487,337.38,0.4,0.44,2025-03-17,0516,N21,nominal,2.0NRT,305.01,3.8,D
-21.93963,120.44107,346.61,0.4,0.44,2025-03-17,0516,N21,nominal,2.0NRT,306.75,3.8,D
-21.93226,120.46723,334.01,0.4,0.44,2025-03-17,0516,N21,low,2.0NRT,306.11,3.41,D
-21.93557,120.44051,335.24,0.4,0.44,2025-03-17,0516,N21,nominal,2.0NRT,303.84,3.8,D
-21.93604,120.4367,338.08,0.4,0.44,2025-03-17,0516,N21,nominal,2.0NRT,306.11,6.09,D
-21.92915,120.45901,342.43,0.4,0.44,2025-03-17,0516,N21,nominal,2.0NRT,307.52,6.68,D
-21.93197,120.43611,337.71,0.4,0.44,2025-03-17,0516,N21,nominal,2.0NRT,306.85,5.39,D
-21.92791,120.43552,354.62,0.4,0.44,2025-03-17,0516,N21,nominal,2.0NRT,305.61,5.39,D
-21.92431,120.43111,346.08,0.4,0.44,2025-03-17,0516,N21,nominal,2.0NRT,305.63,4.42,D
-19.6993,132.06178,343.95,0.47,0.48,2025-03-17,0516,N21,nominal,2.0NRT,309.96,15.48,D
-19.67233,132.058,346.81,0.47,0.48,2025-03-17,0516,N21,nominal,2.0NRT,307.3,13.63,D
-19.56156,130.18024,347.67,0.55,0.43,2025-03-17,0516,N21,nominal,2.0NRT,313.52,10.51,D
-19.55767,130.17944,345.67,0.55,0.43,2025-03-17,0516,N21,nominal,2.0NRT,313.96,10.51,D
-19.55754,130.15782,349.64,0.55,0.43,2025-03-17,0516,N21,nominal,2.0NRT,319.14,111.97,D
-19.54022,130.18669,348.97,0.55,0.43,2025-03-17,0516,N21,nominal,2.0NRT,311.75,10.64,D
-21.17039,119.0685,345.88,0.47,0.48,2025-03-17,0516,N21,nominal,2.0NRT,299.66,3.51,D
-21.16549,119.07236,335.64,0.47,0.48,2025-03-17,0516,N21,nominal,2.0NRT,299.04,6.56,D
-21.16601,119.0678,338.27,0.47,0.48,2025-03-17,0516,N21,nominal,2.0NRT,301.74,6.56,D
-21.16163,119.06709,352.3,0.47,0.48,2025-03-17,0516,N21,nominal,2.0NRT,302.41,6.56,D
-19.5121,130.20804,340.84,0.55,0.43,2025-03-17,0516,N21,low,2.0NRT,313.35,16.53,D
-19.5082,130.20723,347.86,0.55,0.43,2025-03-17,0516,N21,nominal,2.0NRT,313.19,15.32,D
-19.48868,130.18152,355.04,0.55,0.43,2025-03-17,0516,N21,nominal,2.0NRT,318.46,28.77,D
-19.48479,130.18073,341.47,0.55,0.43,2025-03-17,0516,N21,low,2.0NRT,312,28.77,D
-19.48575,130.17549,348.48,0.55,0.43,2025-03-17,0516,N21,nominal,2.0NRT,315.9,28.77,D
-19.48898,130.17905,352.5,0.55,0.43,2025-03-17,0516,N21,nominal,2.0NRT,317.56,53.75,D
-19.48508,130.17827,342.93,0.55,0.43,2025-03-17,0516,N21,low,2.0NRT,314.45,42.24,D
-19.48601,130.17302,342.98,0.55,0.43,2025-03-17,0516,N21,nominal,2.0NRT,312.02,18.44,D
-18.61554,131.70926,349.37,0.47,0.48,2025-03-17,0516,N21,nominal,2.0NRT,304.01,18.84,D
-18.61121,131.7083,343.8,0.47,0.48,2025-03-17,0516,N21,nominal,2.0NRT,308.15,18.84,D
-18.29027,127.76177,333.47,0.44,0.38,2025-03-17,0516,N21,low,2.0NRT,307.86,5.69,D
-17.77636,130.60017,367,0.41,0.45,2025-03-17,0516,N21,high,2.0NRT,309.87,21.96,D
-17.77708,130.59631,354.43,0.41,0.45,2025-03-17,0516,N21,nominal,2.0NRT,311.77,16.75,D
-17.77781,130.59244,336.84,0.41,0.45,2025-03-17,0516,N21,nominal,2.0NRT,303.38,16.75,D
-17.77799,130.60036,347.95,0.42,0.45,2025-03-17,0516,N21,nominal,2.0NRT,307.15,15.77,D
-17.77868,130.59651,353.78,0.42,0.45,2025-03-17,0516,N21,nominal,2.0NRT,309.49,34.97,D
-17.77318,130.60344,346.68,0.42,0.45,2025-03-17,0516,N21,nominal,2.0NRT,306.18,12.16,D
-17.77387,130.59955,348.85,0.42,0.45,2025-03-17,0516,N21,nominal,2.0NRT,308.79,12.16,D
-17.77457,130.59569,350.18,0.42,0.45,2025-03-17,0516,N21,nominal,2.0NRT,309.58,6.61,D
-17.77528,130.5918,341.13,0.41,0.45,2025-03-17,0516,N21,nominal,2.0NRT,305.58,6.61,D
-17.76836,130.60651,342.57,0.42,0.45,2025-03-17,0516,N21,nominal,2.0NRT,306.05,11.09,D
-17.76906,130.60263,351.07,0.42,0.45,2025-03-17,0516,N21,nominal,2.0NRT,309.42,12.16,D
-17.76495,130.60181,367,0.42,0.45,2025-03-17,0516,N21,high,2.0NRT,308.28,20.31,D
-17.76424,130.6057,339.78,0.42,0.45,2025-03-17,0516,N21,nominal,2.0NRT,303.82,8.11,D
-18.6375,124.73484,339.89,0.39,0.36,2025-03-17,0516,N21,low,2.0NRT,311.27,5.64,D
-18.62148,124.72846,341.84,0.39,0.36,2025-03-17,0516,N21,nominal,2.0NRT,310.35,5.05,D
-18.46096,124.8688,339.58,0.38,0.36,2025-03-17,0516,N21,nominal,2.0NRT,304.94,5.9,D
-18.22579,125.09666,346.58,0.38,0.36,2025-03-17,0516,N21,nominal,2.0NRT,305.37,5.19,D
-18.22634,125.09304,335.99,0.38,0.36,2025-03-17,0516,N21,nominal,2.0NRT,305.37,5.19,D
-17.23022,128.7269,344.71,0.5,0.41,2025-03-17,0516,N21,nominal,2.0NRT,307.12,12.52,D
-17.42293,126.69578,330.31,0.41,0.37,2025-03-17,0516,N21,low,2.0NRT,302.5,3.5,D
-17.41828,126.70284,330.48,0.41,0.37,2025-03-17,0516,N21,low,2.0NRT,303.34,0.67,D
-17.41891,126.699,338.58,0.41,0.37,2025-03-17,0516,N21,nominal,2.0NRT,305.26,3.5,D
-17.41953,126.69518,342.23,0.41,0.37,2025-03-17,0516,N21,nominal,2.0NRT,302.61,3.5,D
-17.40871,126.69714,335.95,0.41,0.37,2025-03-17,0516,N21,nominal,2.0NRT,305.82,2.54,D
-17.40532,126.6965,337.03,0.41,0.37,2025-03-17,0516,N21,nominal,2.0NRT,306.63,2.54,D
-17.40192,126.69587,334.56,0.41,0.37,2025-03-17,0516,N21,low,2.0NRT,307.72,3.14,D
-17.40255,126.69202,335.96,0.41,0.37,2025-03-17,0516,N21,low,2.0NRT,307,3.14,D
-17.39853,126.69526,335.24,0.41,0.37,2025-03-17,0516,N21,low,2.0NRT,307.15,3.14,D
-17.39915,126.69141,348.48,0.41,0.37,2025-03-17,0516,N21,nominal,2.0NRT,308.02,3.14,D
-17.34884,126.97729,351.12,0.42,0.38,2025-03-17,0516,N21,nominal,2.0NRT,306.85,5.63,D
-17.34948,126.9734,347.98,0.42,0.38,2025-03-17,0516,N21,nominal,2.0NRT,303.72,6.37,D
-17.35396,126.94614,332.48,0.42,0.37,2025-03-17,0516,N21,low,2.0NRT,304.52,4.48,D
-17.3546,126.94224,342.59,0.42,0.37,2025-03-17,0516,N21,nominal,2.0NRT,304.7,3.56,D
-17.35524,126.93834,335.61,0.42,0.37,2025-03-17,0516,N21,nominal,2.0NRT,304.87,3.56,D
-17.42537,126.50842,334.75,0.4,0.37,2025-03-17,0516,N21,nominal,2.0NRT,303.66,3.1,D
-17.34476,126.98059,331.96,0.42,0.38,2025-03-17,0516,N21,low,2.0NRT,305.29,5.63,D
-17.3454,126.97668,337.99,0.42,0.38,2025-03-17,0516,N21,nominal,2.0NRT,306.73,5.63,D
-17.34605,126.97279,340.29,0.42,0.38,2025-03-17,0516,N21,nominal,2.0NRT,308.45,6.37,D
-17.34669,126.96889,341.86,0.42,0.38,2025-03-17,0516,N21,nominal,2.0NRT,305.59,6.37,D
-17.3499,126.94941,345.19,0.42,0.37,2025-03-17,0516,N21,nominal,2.0NRT,304.14,4.48,D
-17.35118,126.94162,332.88,0.42,0.37,2025-03-17,0516,N21,low,2.0NRT,305.33,3.56,D
-17.39234,126.69024,351.8,0.41,0.37,2025-03-17,0516,N21,nominal,2.0NRT,311.5,31.06,D
-17.34582,126.95268,344.08,0.42,0.37,2025-03-17,0516,N21,nominal,2.0NRT,303.59,6.56,D
-17.38894,126.68967,342.19,0.41,0.37,2025-03-17,0516,N21,nominal,2.0NRT,310.68,17.39,D
-17.31651,127.10867,367,0.42,0.38,2025-03-17,0516,N21,high,2.0NRT,315.23,11.5,D
-17.31586,127.11262,353.89,0.42,0.38,2025-03-17,0516,N21,nominal,2.0NRT,315.36,11.5,D
-17.31716,127.10474,354.03,0.42,0.38,2025-03-17,0516,N21,nominal,2.0NRT,312.79,9.16,D
-17.31782,127.10081,343.81,0.42,0.38,2025-03-17,0516,N21,nominal,2.0NRT,310.98,9.16,D
-17.33532,126.995,335.98,0.42,0.38,2025-03-17,0516,N21,low,2.0NRT,306.99,4.13,D
-17.34818,126.91698,339.54,0.42,0.37,2025-03-17,0516,N21,nominal,2.0NRT,305.82,5.44,D
-17.34882,126.91307,334.76,0.42,0.37,2025-03-17,0516,N21,low,2.0NRT,305.48,5.44,D
-17.38554,126.68908,341.12,0.41,0.37,2025-03-17,0516,N21,nominal,2.0NRT,303.93,17.39,D
-17.31175,127.11597,351.26,0.42,0.38,2025-03-17,0516,N21,nominal,2.0NRT,313.41,11.31,D
-17.31241,127.11201,348.16,0.42,0.38,2025-03-17,0516,N21,nominal,2.0NRT,314.59,7.64,D
-17.31306,127.10806,351.94,0.42,0.38,2025-03-17,0516,N21,nominal,2.0NRT,316.76,7.64,D
-17.32478,127.03735,340.67,0.42,0.38,2025-03-17,0516,N21,nominal,2.0NRT,310.51,7.3,D
-17.32542,127.03345,341.22,0.42,0.38,2025-03-17,0516,N21,nominal,2.0NRT,309.69,4.68,D
-17.32607,127.02956,337.1,0.42,0.38,2025-03-17,0516,N21,low,2.0NRT,309.21,4.68,D
-17.33059,127.0022,332.67,0.42,0.38,2025-03-17,0516,N21,low,2.0NRT,307.22,6.97,D
-17.31502,127.09625,367,0.42,0.38,2025-03-17,0516,N21,low,2.0NRT,330.9,57.43,D
-17.30961,127.10747,347.97,0.42,0.38,2025-03-17,0516,N21,nominal,2.0NRT,314.89,7.64,D
-17.31026,127.10351,354.49,0.42,0.38,2025-03-17,0516,N21,nominal,2.0NRT,317.89,12.03,D
-17.31092,127.09958,347.04,0.42,0.38,2025-03-17,0516,N21,nominal,2.0NRT,315.11,12.03,D
-17.31157,127.09564,355.58,0.42,0.38,2025-03-17,0516,N21,nominal,2.0NRT,315.73,57.43,D
-17.31222,127.09172,349.78,0.42,0.38,2025-03-17,0516,N21,low,2.0NRT,321.42,57.43,D
-17.31679,127.06419,340.53,0.42,0.38,2025-03-17,0516,N21,nominal,2.0NRT,298.86,5.94,D
-17.32003,127.04458,333.68,0.42,0.38,2025-03-17,0516,N21,low,2.0NRT,307.45,8.26,D
-17.32133,127.03677,349.89,0.42,0.38,2025-03-17,0516,N21,nominal,2.0NRT,309.34,7.3,D
-17.32198,127.03286,347.96,0.42,0.38,2025-03-17,0516,N21,nominal,2.0NRT,310.3,4.68,D
-17.3265,127.00551,333.28,0.42,0.38,2025-03-17,0516,N21,low,2.0NRT,307.08,5.34,D
-17.32844,126.99377,345.43,0.42,0.38,2025-03-17,0516,N21,nominal,2.0NRT,307.3,6.72,D
-17.30616,127.10687,349,0.42,0.38,2025-03-17,0516,N21,nominal,2.0NRT,315.01,8.36,D
-17.30681,127.10291,348.75,0.42,0.38,2025-03-17,0516,N21,nominal,2.0NRT,315.66,20.71,D
-17.30812,127.09505,355.66,0.42,0.38,2025-03-17,0516,N21,nominal,2.0NRT,314.53,42.38,D
-17.31073,127.07933,347.26,0.42,0.38,2025-03-17,0516,N21,nominal,2.0NRT,308.51,7.57,D
-17.31982,127.02447,337.99,0.42,0.38,2025-03-17,0516,N21,nominal,2.0NRT,307.47,4.21,D
-17.30532,127.09051,342.38,0.42,0.38,2025-03-17,0516,N21,low,2.0NRT,313.57,42.38,D
-17.30663,127.08266,340.88,0.42,0.38,2025-03-17,0516,N21,low,2.0NRT,311.31,12.7,D
-17.30728,127.07871,350.97,0.42,0.38,2025-03-17,0516,N21,nominal,2.0NRT,309.83,7.57,D
-17.30794,127.07478,351.27,0.42,0.38,2025-03-17,0516,N21,nominal,2.0NRT,307.71,7.57,D
-17.36854,126.68606,332.12,0.41,0.37,2025-03-17,0516,N21,low,2.0NRT,305.1,5.77,D
-17.29517,127.09364,345.11,0.42,0.38,2025-03-17,0516,N21,low,2.0NRT,315.26,9.9,D
-17.29172,127.09309,338.89,0.42,0.38,2025-03-17,0516,N21,low,2.0NRT,309.72,8.54,D
-17.28955,127.08453,345.88,0.42,0.38,2025-03-17,0516,N21,nominal,2.0NRT,312.86,7.09,D
-17.2902,127.08057,348.42,0.42,0.38,2025-03-17,0516,N21,nominal,2.0NRT,313.64,7.09,D
-17.28739,127.07598,340.88,0.42,0.38,2025-03-17,0516,N21,low,2.0NRT,313.22,5.42,D
-17.28394,127.07539,339.26,0.42,0.38,2025-03-17,0516,N21,low,2.0NRT,312.6,5.42,D
-17.28114,127.07082,339.56,0.42,0.38,2025-03-17,0516,N21,low,2.0NRT,312.06,7.64,D
-17.28179,127.06684,340.18,0.42,0.38,2025-03-17,0516,N21,low,2.0NRT,313.74,4.05,D
-17.27834,127.06625,339.01,0.42,0.38,2025-03-17,0516,N21,low,2.0NRT,313.44,4.05,D
-17.27554,127.06168,347.66,0.42,0.38,2025-03-17,0516,N21,nominal,2.0NRT,312.96,10.69,D
-17.27274,127.05712,346.6,0.42,0.38,2025-03-17,0516,N21,nominal,2.0NRT,312.73,9.41,D
-17.26799,127.06448,338.24,0.42,0.38,2025-03-17,0516,N21,low,2.0NRT,312.99,4.41,D
-17.30488,126.83807,348.58,0.41,0.37,2025-03-17,0516,N21,nominal,2.0NRT,303.64,9.28,D
-17.30742,126.82246,335.6,0.41,0.37,2025-03-17,0516,N21,nominal,2.0NRT,303.15,5.76,D
-17.26519,127.05991,340.09,0.42,0.38,2025-03-17,0516,N21,low,2.0NRT,310.57,4.41,D
-17.30336,126.82577,339.25,0.41,0.37,2025-03-17,0516,N21,nominal,2.0NRT,303.4,10,D
-17.304,126.82185,333.79,0.41,0.37,2025-03-17,0516,N21,nominal,2.0NRT,299.71,5.76,D
-17.26174,127.05932,338.57,0.42,0.38,2025-03-17,0516,N21,low,2.0NRT,311.11,4.94,D
-17.25894,127.05476,348.22,0.42,0.38,2025-03-17,0516,N21,nominal,2.0NRT,310.94,4.68,D
-17.25959,127.0508,336.8,0.42,0.38,2025-03-17,0516,N21,low,2.0NRT,309.26,4.68,D
-17.30689,126.73917,336.99,0.41,0.37,2025-03-17,0516,N21,nominal,2.0NRT,302.06,2.43,D
-17.2499,127.04506,340.22,0.42,0.38,2025-03-17,0516,N21,low,2.0NRT,311.24,3.98,D
-17.2471,127.0405,336.89,0.42,0.38,2025-03-17,0516,N21,low,2.0NRT,311.32,3.98,D
-17.23957,126.97865,341.48,0.42,0.38,2025-03-17,0516,N21,low,2.0NRT,312.44,4.17,D
-17.2079,127.04168,338.78,0.42,0.38,2025-03-17,0516,N21,nominal,2.0NRT,305.14,4.35,D
-17.20921,127.03381,340.68,0.42,0.38,2025-03-17,0516,N21,nominal,2.0NRT,307.8,4.55,D
-17.20511,127.03713,345.14,0.42,0.38,2025-03-17,0516,N21,nominal,2.0NRT,305.62,4.55,D
-17.20576,127.0332,334.44,0.42,0.38,2025-03-17,0516,N21,low,2.0NRT,306.95,4.55,D
-17.21552,126.97431,336.77,0.42,0.38,2025-03-17,0516,N21,low,2.0NRT,310.1,5.97,D
-17.21617,126.97041,349.66,0.42,0.38,2025-03-17,0516,N21,nominal,2.0NRT,312.4,5.97,D
-17.18783,127.06248,343.62,0.42,0.38,2025-03-17,0516,N21,nominal,2.0NRT,307.77,6.07,D
-17.18848,127.05853,347.38,0.42,0.38,2025-03-17,0516,N21,nominal,2.0NRT,308.86,13.46,D
-17.18912,127.05455,347.26,0.42,0.38,2025-03-17,0516,N21,nominal,2.0NRT,309.13,13.46,D
-17.18374,127.06582,332.33,0.42,0.38,2025-03-17,0516,N21,low,2.0NRT,303.78,6.07,D
-17.18439,127.06186,343.6,0.42,0.38,2025-03-17,0516,N21,nominal,2.0NRT,306.77,6.07,D
-17.18503,127.0579,355.51,0.42,0.38,2025-03-17,0516,N21,nominal,2.0NRT,310.53,13.46,D
-17.18567,127.05393,353.05,0.42,0.38,2025-03-17,0516,N21,nominal,2.0NRT,311.56,13.46,D
-17.18631,127.05002,348.53,0.42,0.38,2025-03-17,0516,N21,nominal,2.0NRT,313.18,35.09,D
-17.18223,127.05331,352.92,0.42,0.38,2025-03-17,0516,N21,nominal,2.0NRT,308.12,12.11,D
-17.18287,127.0494,367,0.42,0.38,2025-03-17,0516,N21,low,2.0NRT,328.82,117.78,D
-17.18122,126.97248,347.97,0.42,0.38,2025-03-17,0516,N21,nominal,2.0NRT,302.98,17.09,D
-17.12737,127.14952,345.54,0.43,0.38,2025-03-17,0516,N21,nominal,2.0NRT,305.65,7.71,D
-17.12803,127.14555,332.42,0.43,0.38,2025-03-17,0516,N21,low,2.0NRT,304.17,2.68,D
-17.12522,127.14097,343.46,0.43,0.38,2025-03-17,0516,N21,nominal,2.0NRT,305.36,3.99,D
-17.12587,127.13699,339.82,0.43,0.38,2025-03-17,0516,N21,nominal,2.0NRT,306.53,4.26,D
-17.08449,127.36545,346.09,0.43,0.38,2025-03-17,0516,N21,nominal,2.0NRT,308.32,5.13,D
-17.07188,127.35479,335.96,0.43,0.38,2025-03-17,0516,N21,low,2.0NRT,310.42,2.63,D
-17.13461,126.97613,332.23,0.42,0.38,2025-03-17,0516,N21,low,2.0NRT,305.06,2.9,D
-17.06907,127.35005,341.44,0.43,0.38,2025-03-17,0516,N21,nominal,2.0NRT,310.65,4.72,D
-17.10907,127.10942,336.57,0.42,0.38,2025-03-17,0516,N21,nominal,2.0NRT,300.9,4.09,D
-17.10972,127.10544,339.03,0.42,0.38,2025-03-17,0516,N21,low,2.0NRT,309.91,4.09,D
-17.06627,127.34535,338.54,0.43,0.38,2025-03-17,0516,N21,low,2.0NRT,309.43,4.72,D
-17.06694,127.34129,349.26,0.43,0.38,2025-03-17,0516,N21,nominal,2.0NRT,308.68,7.41,D
-17.09508,127.17232,333.19,0.43,0.38,2025-03-17,0516,N21,low,2.0NRT,305.51,2.67,D
-17.06345,127.34067,341.27,0.43,0.38,2025-03-17,0516,N21,nominal,2.0NRT,307.96,6.43,D
-17.06413,127.33661,344.33,0.43,0.38,2025-03-17,0516,N21,nominal,2.0NRT,309.47,6.43,D
-17.06481,127.33255,352.26,0.43,0.38,2025-03-17,0516,N21,nominal,2.0NRT,307.81,15.33,D
-17.08895,127.1877,335.87,0.43,0.38,2025-03-17,0516,N21,low,2.0NRT,306.87,4.64,D
-17.08962,127.18369,348.13,0.43,0.38,2025-03-17,0516,N21,nominal,2.0NRT,308.09,4.64,D
-17.09688,127.13998,345.41,0.43,0.38,2025-03-17,0516,N21,nominal,2.0NRT,310.22,12.7,D
-17.09754,127.13602,347.82,0.43,0.38,2025-03-17,0516,N21,nominal,2.0NRT,311.89,12.7,D
-17.09819,127.13205,352.41,0.43,0.38,2025-03-17,0516,N21,nominal,2.0NRT,310.79,9.38,D
-17.08482,127.19109,337.6,0.43,0.38,2025-03-17,0516,N21,nominal,2.0NRT,306.64,4.76,D
-17.08548,127.18708,337.37,0.43,0.38,2025-03-17,0516,N21,nominal,2.0NRT,307.98,4.64,D
-17.09474,127.13143,331.95,0.43,0.38,2025-03-17,0516,N21,low,2.0NRT,306.7,9.38,D
-17.09606,127.12347,342.16,0.42,0.38,2025-03-17,0516,N21,nominal,2.0NRT,307.01,3.66,D
-17.07935,127.20247,341.99,0.43,0.38,2025-03-17,0516,N21,nominal,2.0NRT,305.71,4.85,D
-17.08002,127.19848,342.83,0.43,0.38,2025-03-17,0516,N21,nominal,2.0NRT,306.53,4.85,D
-17.09392,127.1149,344.03,0.42,0.38,2025-03-17,0516,N21,nominal,2.0NRT,310.8,6.85,D
-17.09524,127.10694,336.94,0.42,0.38,2025-03-17,0516,N21,low,2.0NRT,310.45,5.38,D
-17.09654,127.0991,352.63,0.42,0.38,2025-03-17,0516,N21,nominal,2.0NRT,312.3,10.88,D
-17.09374,127.09456,367,0.42,0.38,2025-03-17,0516,N21,high,2.0NRT,313,10.88,D
-17.0652,127.26579,333.39,0.43,0.38,2025-03-17,0516,N21,nominal,2.0NRT,302.47,5.41,D
-17.09178,127.10635,347.33,0.42,0.38,2025-03-17,0516,N21,nominal,2.0NRT,312.59,5.38,D
-17.09244,127.1024,339.18,0.42,0.38,2025-03-17,0516,N21,nominal,2.0NRT,308.97,5.38,D
-17.09309,127.0985,337.23,0.42,0.38,2025-03-17,0516,N21,nominal,2.0NRT,308.55,10.88,D
-17.0944,127.0906,351.46,0.42,0.38,2025-03-17,0516,N21,nominal,2.0NRT,313.69,10.55,D
-17.09506,127.08662,348.36,0.42,0.38,2025-03-17,0516,N21,nominal,2.0NRT,311.46,10.55,D
-17.09571,127.08269,337.49,0.42,0.38,2025-03-17,0516,N21,nominal,2.0NRT,303.73,4.27,D
-17.09159,127.08605,338.38,0.42,0.38,2025-03-17,0516,N21,nominal,2.0NRT,309.45,4.43,D
-17.09225,127.0821,337.68,0.42,0.38,2025-03-17,0516,N21,nominal,2.0NRT,294.19,1.82,D
-17.08731,127.06907,338.26,0.42,0.38,2025-03-17,0516,N21,nominal,2.0NRT,302.22,4.02,D
-17.08796,127.06514,346.65,0.42,0.38,2025-03-17,0516,N21,nominal,2.0NRT,311.52,9.73,D
-17.08451,127.06454,354.72,0.42,0.38,2025-03-17,0516,N21,nominal,2.0NRT,312.5,9.73,D
-17.08517,127.06058,338.58,0.42,0.38,2025-03-17,0516,N21,nominal,2.0NRT,310.29,9.73,D
-17.08554,127.06493,352.16,0.42,0.38,2025-03-17,0516,N21,nominal,2.0NRT,315.45,11.01,D
-17.08618,127.06097,337.56,0.42,0.38,2025-03-17,0516,N21,low,2.0NRT,309.72,11.01,D
-17.08273,127.06036,348.06,0.42,0.38,2025-03-17,0516,N21,nominal,2.0NRT,311.82,11.01,D
-17.11134,126.88369,340.4,0.42,0.37,2025-03-17,0516,N21,nominal,2.0NRT,306.45,5.18,D
-17.07992,127.05574,354.92,0.42,0.38,2025-03-17,0516,N21,nominal,2.0NRT,312.42,9.7,D
-17.08057,127.05175,352.16,0.42,0.38,2025-03-17,0516,N21,nominal,2.0NRT,310.38,9.7,D
-17.1079,126.8831,344.37,0.42,0.37,2025-03-17,0516,N21,nominal,2.0NRT,304.12,7.55,D
-17.10853,126.87922,330.56,0.42,0.37,2025-03-17,0516,N21,low,2.0NRT,301.3,7.55,D
-17.07777,127.04713,355.25,0.42,0.38,2025-03-17,0516,N21,nominal,2.0NRT,314.01,24.18,D
-17.07841,127.04317,351.2,0.42,0.38,2025-03-17,0516,N21,nominal,2.0NRT,317.86,24.18,D
-17.10384,126.88639,346.07,0.42,0.37,2025-03-17,0516,N21,nominal,2.0NRT,307.08,10.01,D
-17.07496,127.04257,354.48,0.42,0.38,2025-03-17,0516,N21,nominal,2.0NRT,312.09,10.46,D
-17.0756,127.03861,346.99,0.42,0.38,2025-03-17,0516,N21,nominal,2.0NRT,309.87,14.69,D
-17.09978,126.88967,332.13,0.42,0.37,2025-03-17,0516,N21,low,2.0NRT,303.96,12.15,D
-17.10104,126.8819,337.39,0.42,0.37,2025-03-17,0516,N21,nominal,2.0NRT,303.39,9.62,D
-17.10859,126.83524,338.18,0.42,0.37,2025-03-17,0516,N21,nominal,2.0NRT,303.91,2.67,D
-17.0715,127.042,351.65,0.42,0.38,2025-03-17,0516,N21,nominal,2.0NRT,311.7,10.46,D
-17.07215,127.03801,352.3,0.42,0.38,2025-03-17,0516,N21,nominal,2.0NRT,314.16,14.69,D
-17.09761,126.88127,345.55,0.42,0.37,2025-03-17,0516,N21,nominal,2.0NRT,304.74,9.62,D
-17.10895,126.81123,340.93,0.41,0.37,2025-03-17,0516,N21,nominal,2.0NRT,307.66,8.22,D
-17.11148,126.79556,334.26,0.41,0.37,2025-03-17,0516,N21,low,2.0NRT,306.63,2.89,D
-17.11211,126.79166,341.76,0.41,0.37,2025-03-17,0516,N21,nominal,2.0NRT,306.84,2.89,D
-17.11274,126.78778,337.08,0.41,0.37,2025-03-17,0516,N21,nominal,2.0NRT,306.38,2.63,D
-17.06805,127.0414,345.94,0.42,0.38,2025-03-17,0516,N21,nominal,2.0NRT,310.46,7.88,D
-17.0687,127.03742,340.74,0.42,0.38,2025-03-17,0516,N21,nominal,2.0NRT,309.56,7.17,D
-17.06525,127.0368,354.12,0.42,0.38,2025-03-17,0516,N21,nominal,2.0NRT,310.58,7.17,D
-17.08886,126.89169,331.86,0.42,0.37,2025-03-17,0516,N21,low,2.0NRT,302.93,4.02,D
-17.0639,126.97988,335.54,0.42,0.38,2025-03-17,0516,N21,low,2.0NRT,306.16,3.58,D
-17.05982,126.98316,349.22,0.42,0.38,2025-03-17,0516,N21,nominal,2.0NRT,308.53,9.36,D
-17.06046,126.97927,331.27,0.42,0.38,2025-03-17,0516,N21,low,2.0NRT,305.93,3.58,D
-17.05638,126.98256,338.04,0.42,0.38,2025-03-17,0516,N21,nominal,2.0NRT,307.91,5.47,D
-17.05229,126.98586,345.97,0.42,0.38,2025-03-17,0516,N21,nominal,2.0NRT,309.49,5.47,D
-17.05293,126.98195,345.2,0.42,0.38,2025-03-17,0516,N21,nominal,2.0NRT,309.73,5.47,D
-17.06332,126.87514,342.55,0.42,0.37,2025-03-17,0516,N21,nominal,2.0NRT,307.37,12.53,D
-17.05799,126.88615,336.17,0.42,0.37,2025-03-17,0516,N21,low,2.0NRT,307.11,3.28,D
-17.05989,126.87452,347.39,0.42,0.37,2025-03-17,0516,N21,nominal,2.0NRT,309.22,8.55,D
-17.06916,126.7962,345.53,0.41,0.37,2025-03-17,0516,N21,nominal,2.0NRT,304.78,22.16,D
-17.32801,124.81138,334.84,0.38,0.36,2025-03-17,0516,N21,nominal,2.0NRT,300.27,2.86,D
-16.6816,127.47176,331.88,0.44,0.39,2025-03-17,0516,N21,low,2.0NRT,304.62,3.34,D
-16.68227,127.46768,345.34,0.44,0.39,2025-03-17,0516,N21,nominal,2.0NRT,308.59,6.39,D
-16.67807,127.47112,349.71,0.44,0.39,2025-03-17,0516,N21,nominal,2.0NRT,307.48,13.19,D
-16.62495,127.59399,343.98,0.45,0.39,2025-03-17,0516,N21,nominal,2.0NRT,304.1,4.47,D
-16.62566,127.58974,334.65,0.45,0.39,2025-03-17,0516,N21,nominal,2.0NRT,303.39,4.47,D
-16.64363,127.48186,333.83,0.44,0.39,2025-03-17,0516,N21,nominal,2.0NRT,298.99,3.47,D
-16.62493,127.57221,339.53,0.45,0.39,2025-03-17,0516,N21,nominal,2.0NRT,305.8,15.47,D
-16.62209,127.56738,346.94,0.45,0.39,2025-03-17,0516,N21,nominal,2.0NRT,305.25,12.38,D
-16.61575,127.58353,341.95,0.45,0.39,2025-03-17,0516,N21,nominal,2.0NRT,305.23,5.94,D
-16.61856,127.56673,335.46,0.45,0.39,2025-03-17,0516,N21,nominal,2.0NRT,303.01,3.35,D
-16.60584,127.62087,336.33,0.45,0.39,2025-03-17,0516,N21,low,2.0NRT,307.1,5.66,D
-16.61502,127.56609,336.83,0.45,0.39,2025-03-17,0516,N21,nominal,2.0NRT,304.36,3.35,D
-16.61572,127.56193,336.26,0.45,0.39,2025-03-17,0516,N21,nominal,2.0NRT,304.97,3.35,D
-16.60158,127.62444,343.84,0.45,0.39,2025-03-17,0516,N21,nominal,2.0NRT,312.79,7.5,D
-16.59804,127.62378,349.19,0.45,0.39,2025-03-17,0516,N21,nominal,2.0NRT,312.21,7.5,D
-16.59875,127.6195,340.82,0.45,0.39,2025-03-17,0516,N21,nominal,2.0NRT,310.64,7.5,D
-16.59521,127.61885,340.58,0.45,0.39,2025-03-17,0516,N21,nominal,2.0NRT,305.27,7.62,D
-16.61479,127.5023,353.56,0.44,0.39,2025-03-17,0516,N21,nominal,2.0NRT,307.52,17.9,D
-16.5881,127.61761,334.04,0.45,0.39,2025-03-17,0516,N21,low,2.0NRT,304.37,2.4,D
-16.58882,127.61336,351.51,0.45,0.39,2025-03-17,0516,N21,nominal,2.0NRT,308.7,13.09,D
-16.58456,127.61691,332.82,0.45,0.39,2025-03-17,0516,N21,low,2.0NRT,304.07,2.4,D
-16.58528,127.61269,338.87,0.45,0.39,2025-03-17,0516,N21,nominal,2.0NRT,305.84,13.09,D
-16.6035,127.50455,336.36,0.44,0.39,2025-03-17,0516,N21,nominal,2.0NRT,297.25,6.55,D
-16.60419,127.50041,339.66,0.44,0.39,2025-03-17,0516,N21,nominal,2.0NRT,303.1,6.55,D
-16.57142,127.47884,367,0.44,0.39,2025-03-17,0516,N21,high,2.0NRT,311.06,12.38,D
-16.57006,127.48714,335.68,0.44,0.39,2025-03-17,0516,N21,low,2.0NRT,305.88,5.11,D
-16.57074,127.48299,349.87,0.44,0.39,2025-03-17,0516,N21,nominal,2.0NRT,306.92,12.38,D
-16.57211,127.47468,335.54,0.44,0.39,2025-03-17,0516,N21,nominal,2.0NRT,301.74,4.71,D
-16.57279,127.47051,344.39,0.44,0.39,2025-03-17,0516,N21,nominal,2.0NRT,301.74,4.71,D
-16.57348,127.46633,337.14,0.44,0.39,2025-03-17,0516,N21,nominal,2.0NRT,299.76,5.29,D
-16.56789,127.4782,367,0.44,0.39,2025-03-17,0516,N21,high,2.0NRT,309.75,10.95,D
-16.56721,127.48235,355.46,0.44,0.39,2025-03-17,0516,N21,nominal,2.0NRT,307.69,10.95,D
-16.56858,127.47404,349.92,0.44,0.39,2025-03-17,0516,N21,nominal,2.0NRT,307.69,9.82,D
-16.56996,127.46569,345.82,0.44,0.39,2025-03-17,0516,N21,nominal,2.0NRT,306.25,9.77,D
-16.57064,127.46151,354.3,0.44,0.39,2025-03-17,0516,N21,nominal,2.0NRT,306.35,9.77,D
-16.57133,127.45735,333.19,0.44,0.39,2025-03-17,0516,N21,nominal,2.0NRT,287.42,3.92,D
-16.56505,127.47339,367,0.44,0.39,2025-03-17,0516,N21,high,2.0NRT,306.69,9.82,D
-16.56574,127.46921,349.5,0.44,0.39,2025-03-17,0516,N21,nominal,2.0NRT,305.89,9.82,D
-16.56983,127.44444,350.63,0.44,0.39,2025-03-17,0516,N21,nominal,2.0NRT,299.74,11.19,D
-16.5705,127.44036,342.88,0.44,0.39,2025-03-17,0516,N21,nominal,2.0NRT,293.37,5.9,D
-16.57118,127.43626,339.8,0.44,0.39,2025-03-17,0516,N21,nominal,2.0NRT,288.56,5.9,D
-16.57185,127.43217,346.89,0.44,0.38,2025-03-17,0516,N21,nominal,2.0NRT,302.99,8.17,D
-16.56291,127.46438,344.21,0.44,0.39,2025-03-17,0516,N21,nominal,2.0NRT,294.09,4.98,D
-16.56359,127.46022,343.93,0.44,0.39,2025-03-17,0516,N21,nominal,2.0NRT,299.31,4.98,D
-16.56631,127.44379,354.74,0.44,0.39,2025-03-17,0516,N21,nominal,2.0NRT,310.62,15,D
-16.56698,127.4397,354.08,0.44,0.39,2025-03-17,0516,N21,nominal,2.0NRT,304.6,19.92,D
-16.56766,127.43563,350.07,0.44,0.39,2025-03-17,0516,N21,nominal,2.0NRT,296.66,19.92,D
-16.56833,127.43155,343.22,0.44,0.38,2025-03-17,0516,N21,nominal,2.0NRT,303.29,6.15,D
-16.56901,127.42744,351.42,0.44,0.38,2025-03-17,0516,N21,nominal,2.0NRT,305,6.15,D
-16.56969,127.4233,353.4,0.44,0.38,2025-03-17,0516,N21,nominal,2.0NRT,311.47,27.2,D
-16.57037,127.41919,350.59,0.44,0.38,2025-03-17,0516,N21,nominal,2.0NRT,310.46,27.2,D
-16.57104,127.41513,336.83,0.44,0.38,2025-03-17,0516,N21,nominal,2.0NRT,301.1,4.85,D
-16.56413,127.43501,367,0.44,0.39,2025-03-17,0516,N21,high,2.0NRT,304.84,19.92,D
-16.56075,127.45543,339.27,0.44,0.39,2025-03-17,0516,N21,nominal,2.0NRT,294.4,19.16,D
-16.56279,127.44313,341.75,0.44,0.39,2025-03-17,0516,N21,nominal,2.0NRT,296.98,15,D
-16.56346,127.43905,350.93,0.44,0.39,2025-03-17,0516,N21,nominal,2.0NRT,309.57,19.92,D
-16.5648,127.43094,339.52,0.44,0.38,2025-03-17,0516,N21,nominal,2.0NRT,291.69,6.15,D
-16.56684,127.41861,344.63,0.44,0.38,2025-03-17,0516,N21,nominal,2.0NRT,306.66,27.2,D
-16.56751,127.41453,340.97,0.44,0.38,2025-03-17,0516,N21,nominal,2.0NRT,304.7,4.85,D
-16.56819,127.41046,348.99,0.44,0.38,2025-03-17,0516,N21,nominal,2.0NRT,296.42,4.85,D
-16.56399,127.41396,367,0.44,0.38,2025-03-17,0516,N21,high,2.0NRT,310.98,18.56,D
-16.56264,127.42213,344.38,0.44,0.38,2025-03-17,0516,N21,nominal,2.0NRT,297.74,6.29,D
-16.56331,127.41804,338.32,0.44,0.38,2025-03-17,0516,N21,nominal,2.0NRT,306.15,6.29,D
-16.56466,127.40986,351.76,0.44,0.38,2025-03-17,0516,N21,nominal,2.0NRT,294.36,18.56,D
-16.56534,127.40573,334.91,0.44,0.38,2025-03-17,0516,N21,nominal,2.0NRT,298.82,3.77,D
-16.53268,127.49326,341.46,0.44,0.39,2025-03-17,0516,N21,nominal,2.0NRT,308.1,6.45,D
-16.50691,127.62582,342.16,0.45,0.39,2025-03-17,0516,N21,nominal,2.0NRT,308.33,4.76,D
-16.51672,127.56715,341.92,0.45,0.39,2025-03-17,0516,N21,nominal,2.0NRT,309.82,7.87,D
-16.52846,127.49677,335.6,0.44,0.39,2025-03-17,0516,N21,low,2.0NRT,307.05,3.81,D
-16.51107,127.57906,352.41,0.45,0.39,2025-03-17,0516,N21,nominal,2.0NRT,311.63,8.53,D
-16.51178,127.57486,351.6,0.45,0.39,2025-03-17,0516,N21,nominal,2.0NRT,311.19,7.14,D
-16.51248,127.57066,336.86,0.45,0.39,2025-03-17,0516,N21,low,2.0NRT,309.03,7.14,D
-16.51317,127.56649,351.25,0.45,0.39,2025-03-17,0516,N21,nominal,2.0NRT,311.72,7.87,D
-16.51456,127.55822,336.61,0.45,0.39,2025-03-17,0516,N21,low,2.0NRT,309.51,3.25,D
-16.52562,127.49197,345.86,0.44,0.39,2025-03-17,0516,N21,nominal,2.0NRT,307.3,5.78,D
-16.5207,127.49966,367,0.45,0.39,2025-03-17,0516,N21,high,2.0NRT,313.03,19.28,D
-16.50753,127.5784,342.98,0.45,0.39,2025-03-17,0516,N21,nominal,2.0NRT,308.91,3.99,D
-16.50823,127.57422,346.12,0.45,0.39,2025-03-17,0516,N21,nominal,2.0NRT,311.43,5.31,D
-16.50893,127.57004,336.02,0.45,0.39,2025-03-17,0516,N21,low,2.0NRT,308.56,5.31,D
-16.50963,127.56587,336.33,0.45,0.39,2025-03-17,0516,N21,low,2.0NRT,308.58,8.24,D
-16.51032,127.56173,350.04,0.45,0.39,2025-03-17,0516,N21,nominal,2.0NRT,311.9,8.24,D
-16.52001,127.5038,342.25,0.45,0.39,2025-03-17,0516,N21,nominal,2.0NRT,310.23,7.26,D
-16.52209,127.49131,348.48,0.44,0.39,2025-03-17,0516,N21,nominal,2.0NRT,310.36,6.06,D
-16.50746,127.55701,338.23,0.45,0.39,2025-03-17,0516,N21,low,2.0NRT,312.38,8.68,D
-16.50392,127.5564,345.14,0.45,0.39,2025-03-17,0516,N21,nominal,2.0NRT,311.79,5.39,D
-16.49967,127.55991,333.89,0.45,0.39,2025-03-17,0516,N21,low,2.0NRT,307.22,3.78,D
-16.50037,127.55578,340.45,0.45,0.39,2025-03-17,0516,N21,low,2.0NRT,311.22,5.39,D
-16.50872,127.50603,342.79,0.45,0.39,2025-03-17,0516,N21,nominal,2.0NRT,309.13,4.28,D
-16.49613,127.5593,335.48,0.45,0.39,2025-03-17,0516,N21,low,2.0NRT,307.91,3.43,D
-16.49752,127.55101,334.87,0.45,0.39,2025-03-17,0516,N21,low,2.0NRT,309.56,7.32,D
-16.50588,127.50122,353.18,0.45,0.39,2025-03-17,0516,N21,nominal,2.0NRT,312.5,22.19,D
-16.49258,127.55869,340.86,0.45,0.39,2025-03-17,0516,N21,nominal,2.0NRT,307.52,3.43,D
-16.48549,127.55744,342.38,0.45,0.39,2025-03-17,0516,N21,nominal,2.0NRT,306.57,4.66,D
-16.48619,127.55331,345,0.45,0.39,2025-03-17,0516,N21,nominal,2.0NRT,307.34,6.28,D
-16.48194,127.55683,339.66,0.45,0.39,2025-03-17,0516,N21,nominal,2.0NRT,305.69,2.23,D
-16.46915,127.54612,347.29,0.45,0.39,2025-03-17,0516,N21,nominal,2.0NRT,306.62,4.23,D
-16.46561,127.54548,337.4,0.45,0.39,2025-03-17,0516,N21,nominal,2.0NRT,305.78,4.23,D
-16.46207,127.54482,346.51,0.45,0.39,2025-03-17,0516,N21,nominal,2.0NRT,308.52,3.23,D
-16.46279,127.54059,349.31,0.45,0.39,2025-03-17,0516,N21,nominal,2.0NRT,309.53,6.5,D
-16.4635,127.53638,344.66,0.45,0.39,2025-03-17,0516,N21,nominal,2.0NRT,307.56,6.5,D
-16.46421,127.53223,333.35,0.45,0.39,2025-03-17,0516,N21,low,2.0NRT,305.6,4.47,D
-16.45782,127.54836,334.04,0.45,0.39,2025-03-17,0516,N21,nominal,2.0NRT,304.2,3.23,D
-16.45853,127.54417,334.88,0.45,0.39,2025-03-17,0516,N21,low,2.0NRT,309.01,3.23,D
-16.46066,127.5316,343.69,0.45,0.39,2025-03-17,0516,N21,nominal,2.0NRT,308.75,4.47,D
-16.46137,127.52746,349.51,0.45,0.39,2025-03-17,0516,N21,nominal,2.0NRT,307.64,4.47,D
-16.46251,127.5456,339.97,0.45,0.39,2025-03-17,0516,N21,nominal,2.0NRT,306.61,4.17,D
-16.4632,127.54137,346.69,0.45,0.39,2025-03-17,0516,N21,nominal,2.0NRT,308.63,6.18,D
-16.46389,127.53713,346.52,0.45,0.39,2025-03-17,0516,N21,nominal,2.0NRT,307.75,6.18,D
-16.45896,127.54494,339.57,0.45,0.39,2025-03-17,0516,N21,nominal,2.0NRT,309.21,4.17,D
-16.46104,127.53235,342.53,0.45,0.39,2025-03-17,0516,N21,nominal,2.0NRT,308.95,5.85,D
-16.46172,127.52818,352.88,0.45,0.39,2025-03-17,0516,N21,nominal,2.0NRT,307.33,5.85,D
-16.45818,127.52756,367,0.45,0.39,2025-03-17,0516,N21,high,2.0NRT,319.49,66.84,D
-16.45749,127.53174,349.58,0.45,0.39,2025-03-17,0516,N21,nominal,2.0NRT,311.21,66.84,D
-16.45119,127.54787,340.57,0.45,0.39,2025-03-17,0516,N21,nominal,2.0NRT,299.04,7.27,D
-16.45395,127.53112,346.09,0.45,0.39,2025-03-17,0516,N21,nominal,2.0NRT,316.58,66.84,D
-16.45533,127.52274,330.92,0.45,0.39,2025-03-17,0516,N21,nominal,2.0NRT,303.92,57.82,D
-16.44764,127.54723,341.06,0.45,0.39,2025-03-17,0516,N21,nominal,2.0NRT,305.03,5.65,D
-16.4504,127.5305,343.79,0.45,0.39,2025-03-17,0516,N21,nominal,2.0NRT,307.19,24.78,D
-16.45109,127.52631,353.76,0.45,0.39,2025-03-17,0516,N21,nominal,2.0NRT,308.86,24.78,D
-16.44824,127.52151,367,0.45,0.39,2025-03-17,0516,N21,high,2.0NRT,327.56,133.71,D
-16.4441,127.54661,345.04,0.45,0.39,2025-03-17,0516,N21,nominal,2.0NRT,308.85,5.65,D
-16.44686,127.52989,352.46,0.45,0.39,2025-03-17,0516,N21,nominal,2.0NRT,309.71,24.78,D
-16.44755,127.5257,354.76,0.45,0.39,2025-03-17,0516,N21,nominal,2.0NRT,315.55,24.78,D
-16.44401,127.52509,367,0.45,0.39,2025-03-17,0516,N21,high,2.0NRT,329.61,125.99,D
-16.44055,127.54598,339.1,0.45,0.39,2025-03-17,0516,N21,nominal,2.0NRT,308.91,6.41,D
-16.44262,127.53343,349.19,0.45,0.39,2025-03-17,0516,N21,nominal,2.0NRT,309.66,29.99,D
-16.43769,127.54118,347.27,0.45,0.39,2025-03-17,0516,N21,nominal,2.0NRT,310.81,6.41,D
-16.43839,127.53699,348.28,0.45,0.39,2025-03-17,0516,N21,nominal,2.0NRT,310.08,29.99,D
-16.43908,127.5328,343.5,0.45,0.39,2025-03-17,0516,N21,low,2.0NRT,314.82,29.99,D
-16.43977,127.52862,344.71,0.45,0.39,2025-03-17,0516,N21,nominal,2.0NRT,307,125.99,D
-16.43415,127.54053,336.05,0.45,0.39,2025-03-17,0516,N21,low,2.0NRT,307,4.23,D
-16.43484,127.53635,338.34,0.45,0.39,2025-03-17,0516,N21,low,2.0NRT,309.84,4.3,D
-16.43554,127.53217,341.96,0.45,0.39,2025-03-17,0516,N21,nominal,2.0NRT,309.29,4.3,D
-16.43623,127.52799,355.09,0.45,0.39,2025-03-17,0516,N21,nominal,2.0NRT,311.52,15.02,D
-16.43692,127.52384,353.26,0.45,0.39,2025-03-17,0516,N21,nominal,2.0NRT,307.82,15.02,D
-16.43761,127.51968,345.28,0.45,0.39,2025-03-17,0516,N21,nominal,2.0NRT,308.88,16.15,D
-16.4313,127.53572,336.85,0.45,0.39,2025-03-17,0516,N21,low,2.0NRT,309.6,4.3,D
-16.43269,127.52737,335.93,0.45,0.39,2025-03-17,0516,N21,low,2.0NRT,307.75,15.02,D
-16.43338,127.52322,355.22,0.45,0.39,2025-03-17,0516,N21,nominal,2.0NRT,308.77,15.02,D
-16.43407,127.51906,346.77,0.45,0.39,2025-03-17,0516,N21,nominal,2.0NRT,305.83,16.15,D
-16.42776,127.53508,347.21,0.45,0.39,2025-03-17,0516,N21,nominal,2.0NRT,307.65,5.65,D
-16.42845,127.53091,337.8,0.45,0.39,2025-03-17,0516,N21,low,2.0NRT,307.94,5.65,D
-16.57616,125.88453,334.74,0.4,0.37,2025-03-17,0516,N21,low,2.0NRT,304.87,1.78,D
-16.57281,125.88394,336.89,0.4,0.37,2025-03-17,0516,N21,nominal,2.0NRT,306.37,3.88,D
-16.49363,125.45791,331.18,0.39,0.36,2025-03-17,0516,N21,nominal,2.0NRT,298.03,3.19,D
-16.49087,125.45372,334.3,0.39,0.36,2025-03-17,0516,N21,nominal,2.0NRT,299.76,3.24,D
-15.35551,131.52873,339.33,0.52,0.5,2025-03-17,0516,N21,nominal,2.0NRT,297.81,7.17,D
-15.95321,128.16617,338.22,0.48,0.4,2025-03-17,0516,N21,nominal,2.0NRT,307.61,10.15,D
-15.94954,128.1655,335.92,0.48,0.4,2025-03-17,0516,N21,low,2.0NRT,308.01,5.53,D
-15.94586,128.16486,337.82,0.48,0.4,2025-03-17,0516,N21,nominal,2.0NRT,307.81,5.53,D
-15.93695,128.17256,340.43,0.49,0.4,2025-03-17,0516,N21,nominal,2.0NRT,305.63,4.32,D
-15.93773,128.16801,337.84,0.48,0.4,2025-03-17,0516,N21,nominal,2.0NRT,307.78,4.32,D
-15.81105,127.67706,340.13,0.46,0.39,2025-03-17,0516,N21,nominal,2.0NRT,305.79,8.39,D
-15.3104,130.33965,330.4,0.44,0.46,2025-03-17,0516,N21,nominal,2.0NRT,300.28,3.55,D
-15.30274,130.33368,330.9,0.44,0.46,2025-03-17,0516,N21,nominal,2.0NRT,300.35,5.78,D
-15.30722,130.30859,330.23,0.44,0.46,2025-03-17,0516,N21,nominal,2.0NRT,299.72,4.93,D
-15.83602,127.22592,332.89,0.44,0.38,2025-03-17,0516,N21,low,2.0NRT,304.12,3,D
-15.83669,127.22183,337.69,0.44,0.38,2025-03-17,0516,N21,nominal,2.0NRT,304.45,7.57,D
-15.83251,127.22528,332.8,0.44,0.38,2025-03-17,0516,N21,low,2.0NRT,306.05,3.85,D
-15.83386,127.21706,346.97,0.44,0.38,2025-03-17,0516,N21,nominal,2.0NRT,306.99,8.29,D
-15.83035,127.2164,343.59,0.44,0.38,2025-03-17,0516,N21,nominal,2.0NRT,308.48,8.29,D
-15.82344,127.23636,337.55,0.44,0.38,2025-03-17,0516,N21,nominal,2.0NRT,306.41,4.76,D
-15.82411,127.23226,342.33,0.44,0.38,2025-03-17,0516,N21,nominal,2.0NRT,306.15,4.76,D
-15.82479,127.22812,336.64,0.44,0.38,2025-03-17,0516,N21,nominal,2.0NRT,306.45,3.63,D
-15.28975,130.3087,347.64,0.44,0.46,2025-03-17,0516,N21,nominal,2.0NRT,300.41,9.5,D
-15.29052,130.30444,347.36,0.44,0.46,2025-03-17,0516,N21,nominal,2.0NRT,299.73,8.61,D
-15.81993,127.23567,348.57,0.44,0.38,2025-03-17,0516,N21,nominal,2.0NRT,307.98,4.76,D
-15.82061,127.23154,340.63,0.44,0.38,2025-03-17,0516,N21,nominal,2.0NRT,304.84,4.76,D
-15.28558,130.30768,333.97,0.44,0.46,2025-03-17,0516,N21,nominal,2.0NRT,301.26,6.88,D
-15.28631,130.30359,355.72,0.44,0.46,2025-03-17,0516,N21,nominal,2.0NRT,300.64,11.52,D
-15.80439,127.22012,334.2,0.44,0.38,2025-03-17,0516,N21,low,2.0NRT,307.06,2.42,D
-15.80507,127.21597,353.67,0.44,0.38,2025-03-17,0516,N21,nominal,2.0NRT,311.2,40.55,D
-15.80575,127.21188,349.42,0.44,0.38,2025-03-17,0516,N21,nominal,2.0NRT,317.57,40.55,D
-15.80087,127.2195,335.63,0.44,0.38,2025-03-17,0516,N21,low,2.0NRT,308.2,2.42,D
-15.80223,127.21127,347.89,0.44,0.38,2025-03-17,0516,N21,nominal,2.0NRT,314.91,40.55,D
-15.79735,127.21889,337.04,0.44,0.38,2025-03-17,0516,N21,low,2.0NRT,307.74,2.49,D
-15.79803,127.21476,341.76,0.44,0.38,2025-03-17,0516,N21,nominal,2.0NRT,309.17,5.29,D
-15.79382,127.21827,332.87,0.44,0.38,2025-03-17,0516,N21,low,2.0NRT,306.59,2.49,D
-15.79451,127.21416,348.67,0.44,0.38,2025-03-17,0516,N21,nominal,2.0NRT,310.59,5.29,D
-15.79519,127.21002,334.8,0.44,0.38,2025-03-17,0516,N21,nominal,2.0NRT,309.33,5.29,D
-15.79588,127.20592,353.17,0.44,0.38,2025-03-17,0516,N21,nominal,2.0NRT,319.61,85.63,D
-15.79167,127.20943,367,0.44,0.38,2025-03-17,0516,N21,high,2.0NRT,310.98,5.6,D
-15.79099,127.21355,332.88,0.44,0.38,2025-03-17,0516,N21,nominal,2.0NRT,306.63,5.6,D
-15.79236,127.20531,353.76,0.44,0.38,2025-03-17,0516,N21,nominal,2.0NRT,320.78,123.39,D
-15.72791,126.93642,342.9,0.43,0.38,2025-03-17,0516,N21,nominal,2.0NRT,299.68,5.41,D
-15.72079,126.91452,340.72,0.43,0.38,2025-03-17,0516,N21,nominal,2.0NRT,305.27,4.98,D
-15.71731,126.91392,339.1,0.43,0.38,2025-03-17,0516,N21,nominal,2.0NRT,304.1,3.6,D
-15.7145,126.90932,349.32,0.43,0.38,2025-03-17,0516,N21,nominal,2.0NRT,305.59,6,D
-15.71516,126.90533,335.45,0.43,0.38,2025-03-17,0516,N21,nominal,2.0NRT,304.47,6,D
-15.71168,126.90474,342.45,0.43,0.38,2025-03-17,0516,N21,nominal,2.0NRT,303.25,4.62,D
-15.71234,126.90076,344.11,0.43,0.38,2025-03-17,0516,N21,nominal,2.0NRT,303.11,4.95,D
-15.70952,126.89617,340.8,0.43,0.38,2025-03-17,0516,N21,nominal,2.0NRT,303.98,4.95,D
-15.71019,126.89218,339.92,0.43,0.38,2025-03-17,0516,N21,nominal,2.0NRT,305.34,7.04,D
-15.70671,126.89158,332.33,0.43,0.38,2025-03-17,0516,N21,low,2.0NRT,302.67,5.23,D
-15.70737,126.8876,352.14,0.43,0.38,2025-03-17,0516,N21,nominal,2.0NRT,303.1,5.23,D
-15.70803,126.88362,353.52,0.43,0.38,2025-03-17,0516,N21,nominal,2.0NRT,301.67,7.07,D
-15.70654,126.87109,367,0.43,0.38,2025-03-17,0516,N21,high,2.0NRT,295.18,16.33,D
-15.70456,126.88302,344.65,0.43,0.38,2025-03-17,0516,N21,nominal,2.0NRT,303.11,7.07,D
-33.76778,120.75572,336.35,0.76,0.77,2025-03-17,0652,N21,nominal,2.0NRT,299.3,15.11,D
-33.76098,120.75285,342.25,0.76,0.77,2025-03-17,0652,N21,nominal,2.0NRT,300.64,26.89,D
-33.75417,120.75004,367,0.76,0.77,2025-03-17,0652,N21,high,2.0NRT,303.23,26.89,D
-33.74738,120.74712,341.79,0.76,0.77,2025-03-17,0652,N21,nominal,2.0NRT,298.38,12.36,D
-33.74991,120.73895,354.99,0.75,0.77,2025-03-17,0652,N21,nominal,2.0NRT,302.32,12.36,D
-32.72899,116.99396,347.48,0.51,0.66,2025-03-17,0652,N21,nominal,2.0NRT,311.2,9.2,D
-32.73038,116.98883,354.56,0.51,0.66,2025-03-17,0652,N21,nominal,2.0NRT,307.48,9.2,D
-32.65131,117.1109,335.56,0.52,0.67,2025-03-17,0652,N21,nominal,2.0NRT,305.83,3.28,D
-32.52637,117.1605,335.57,0.52,0.67,2025-03-17,0652,N21,nominal,2.0NRT,305.35,5.82,D
-32.52682,117.16043,335.98,0.52,0.67,2025-03-17,0652,N21,nominal,2.0NRT,305.44,2.22,D
-31.60607,118.66903,338.64,0.67,0.74,2025-03-17,0654,N21,nominal,2.0NRT,305.15,9.77,D
-32.04122,117.11742,336.01,0.54,0.68,2025-03-17,0654,N21,low,2.0NRT,309.63,22.33,D
-32.0428,117.11163,351.97,0.54,0.68,2025-03-17,0654,N21,nominal,2.0NRT,308.59,9.81,D
-31.59957,118.66642,340.27,0.67,0.74,2025-03-17,0654,N21,nominal,2.0NRT,305.64,9.77,D
-31.60146,118.65984,341.2,0.67,0.74,2025-03-17,0654,N21,nominal,2.0NRT,304.42,9.77,D
-32.03676,117.10945,350.6,0.54,0.68,2025-03-17,0654,N21,nominal,2.0NRT,308.56,9.81,D
-31.57758,118.71735,335.6,0.67,0.74,2025-03-17,0654,N21,nominal,2.0NRT,306.1,13.56,D
-31.57097,118.71504,367,0.67,0.74,2025-03-17,0654,N21,high,2.0NRT,308.3,13.56,D
-31.53627,118.63425,335.49,0.67,0.74,2025-03-17,0654,N21,nominal,2.0NRT,306.58,7.37,D
-31.52975,118.63172,367,0.67,0.74,2025-03-17,0654,N21,high,2.0NRT,308.52,29.24,D
-31.53479,118.6317,349.63,0.67,0.74,2025-03-17,0654,N21,nominal,2.0NRT,306.38,17.26,D
-31.52827,118.62914,367,0.67,0.74,2025-03-17,0654,N21,high,2.0NRT,308.12,17.26,D
-31.52369,118.61983,367,0.67,0.74,2025-03-17,0654,N21,high,2.0NRT,306.9,20.28,D
-31.51526,118.6239,336.14,0.67,0.74,2025-03-17,0654,N21,nominal,2.0NRT,305.26,20.28,D
-31.51718,118.61725,355.48,0.67,0.74,2025-03-17,0654,N21,nominal,2.0NRT,308.88,20.28,D
-31.77889,117.51911,367,0.57,0.69,2025-03-17,0654,N21,high,2.0NRT,310.35,19.86,D
-31.77686,117.51878,367,0.57,0.69,2025-03-17,0654,N21,high,2.0NRT,312.09,21.94,D
-31.15009,115.4117,367,0.45,0.63,2025-03-17,0654,N21,high,2.0NRT,306.02,43.43,D
-31.15128,115.40711,341.32,0.45,0.63,2025-03-17,0654,N21,nominal,2.0NRT,306.6,69.76,D
-31.14682,115.40054,367,0.45,0.63,2025-03-17,0654,N21,high,2.0NRT,307.26,69.76,D
-31.14914,115.39156,348.94,0.45,0.63,2025-03-17,0654,N21,nominal,2.0NRT,297.19,151.8,D
-31.13515,115.42174,367,0.45,0.63,2025-03-17,0654,N21,high,2.0NRT,309.17,84.74,D
-31.13396,115.42638,334.24,0.45,0.63,2025-03-17,0654,N21,nominal,2.0NRT,297.94,14.11,D
-31.1388,115.4077,341.7,0.45,0.63,2025-03-17,0654,N21,nominal,2.0NRT,307.52,94.03,D
-31.14001,115.40304,349.23,0.45,0.63,2025-03-17,0654,N21,nominal,2.0NRT,301.46,152.28,D
-31.14118,115.39852,352.64,0.45,0.63,2025-03-17,0654,N21,nominal,2.0NRT,298.11,152.28,D
-31.14235,115.39403,343.51,0.45,0.63,2025-03-17,0654,N21,nominal,2.0NRT,297.43,165.67,D
-31.13758,115.41242,317.15,0.45,0.63,2025-03-17,0654,N21,low,2.0NRT,320.74,94.03,D
-31.1307,115.41515,367,0.45,0.63,2025-03-17,0654,N21,high,2.0NRT,318.96,84.74,D
-31.13192,115.41046,367,0.45,0.63,2025-03-17,0654,N21,high,2.0NRT,313.28,94.03,D
-31.13317,115.40565,367,0.45,0.63,2025-03-17,0654,N21,high,2.0NRT,315.24,94.03,D
-31.13554,115.3965,367,0.45,0.63,2025-03-17,0654,N21,high,2.0NRT,341.53,152.28,D
-31.1283,115.42438,336.45,0.45,0.63,2025-03-17,0654,N21,nominal,2.0NRT,308.25,14.11,D
-31.1295,115.41976,352.09,0.45,0.63,2025-03-17,0654,N21,nominal,2.0NRT,312.98,84.74,D
-31.13437,115.40103,349.16,0.45,0.63,2025-03-17,0654,N21,nominal,2.0NRT,320.2,152.28,D
-31.1367,115.39204,367,0.45,0.63,2025-03-17,0654,N21,low,2.0NRT,334.61,165.67,D
-31.13786,115.38759,207.38,0.45,0.63,2025-03-17,0654,N21,low,2.0NRT,301.91,165.67,D
-31.12387,115.41769,367,0.45,0.63,2025-03-17,0654,N21,high,2.0NRT,319.3,14.95,D
-31.12507,115.41306,367,0.45,0.63,2025-03-17,0654,N21,high,2.0NRT,319.12,14.95,D
-31.12993,115.39441,367,0.45,0.63,2025-03-17,0654,N21,high,2.0NRT,312.96,22.31,D
-31.13106,115.39005,367,0.45,0.63,2025-03-17,0654,N21,high,2.0NRT,318.35,74.15,D
-31.12267,115.42232,344.61,0.45,0.63,2025-03-17,0654,N21,nominal,2.0NRT,314.66,10.33,D
-31.1263,115.40834,347.22,0.45,0.63,2025-03-17,0654,N21,nominal,2.0NRT,317.47,23.01,D
-31.12873,115.39901,355.67,0.45,0.63,2025-03-17,0654,N21,nominal,2.0NRT,314.83,22.31,D
-31.11139,115.41822,343.14,0.45,0.63,2025-03-17,0654,N21,low,2.0NRT,314.31,6.05,D
-31.11529,115.37965,353.96,0.45,0.63,2025-03-17,0654,N21,nominal,2.0NRT,307.03,32.26,D
-31.11505,115.3811,367,0.45,0.63,2025-03-17,0654,N21,high,2.0NRT,310.74,31.07,D
-30.35127,116.77927,347.24,0.57,0.69,2025-03-17,0654,N21,nominal,2.0NRT,307.19,10.22,D
-37.20252,174.72496,318.79,0.42,0.38,2025-03-17,1310,N21,nominal,2.0NRT,289.01,1.19,N
-37.20595,174.724,305.58,0.42,0.38,2025-03-17,1310,N21,nominal,2.0NRT,290.36,1.19,N
-37.20679,174.72871,302.09,0.42,0.38,2025-03-17,1310,N21,nominal,2.0NRT,288.85,1.19,N
-22.25292,166.44409,305.61,0.4,0.6,2025-03-17,1446,N21,nominal,2.0NRT,291.74,1.18,N
-23.0038,150.61137,296.05,0.38,0.44,2025-03-17,1446,N21,nominal,2.0NRT,267.8,0.42,N
-26.57523,149.05212,305.76,0.41,0.45,2025-03-17,1448,N21,nominal,2.0NRT,288.87,2.29,N
-27.39198,149.80449,314.19,0.54,0.42,2025-03-17,1448,N21,nominal,2.0NRT,291.74,2.21,N
-27.39302,149.80991,305.43,0.54,0.42,2025-03-17,1448,N21,nominal,2.0NRT,291.55,2.21,N
-27.39584,149.80356,312.45,0.54,0.42,2025-03-17,1448,N21,nominal,2.0NRT,291.6,1.42,N
-27.39687,149.80898,306.17,0.54,0.42,2025-03-17,1448,N21,nominal,2.0NRT,291.35,1.42,N
-27.66899,150.94234,302.55,0.47,0.4,2025-03-17,1448,N21,nominal,2.0NRT,287.43,1.11,N
-27.67262,150.94151,305.84,0.47,0.4,2025-03-17,1448,N21,nominal,2.0NRT,289.09,1.62,N
-27.72175,148.55779,321.12,0.41,0.45,2025-03-17,1448,N21,nominal,2.0NRT,292.29,2.02,N
-27.72257,148.56195,321.19,0.41,0.45,2025-03-17,1448,N21,nominal,2.0NRT,292.6,2.34,N
-27.72009,148.54947,303.13,0.41,0.45,2025-03-17,1448,N21,nominal,2.0NRT,290.86,1.19,N
-27.72092,148.55363,307.97,0.41,0.45,2025-03-17,1448,N21,nominal,2.0NRT,291.28,2.02,N
-27.7234,148.5661,311.58,0.41,0.45,2025-03-17,1448,N21,nominal,2.0NRT,291.69,2.34,N
-27.72423,148.57028,305.01,0.41,0.45,2025-03-17,1448,N21,nominal,2.0NRT,291.09,1.05,N
-27.72505,148.57443,305.28,0.41,0.45,2025-03-17,1448,N21,nominal,2.0NRT,290.91,1.05,N
-27.71911,148.55547,306.45,0.41,0.45,2025-03-17,1448,N21,nominal,2.0NRT,291.97,1.64,N
-27.71996,148.5596,319.25,0.41,0.45,2025-03-17,1448,N21,nominal,2.0NRT,292.65,1.64,N
-27.72082,148.56375,315.71,0.41,0.45,2025-03-17,1448,N21,nominal,2.0NRT,291.78,1.26,N
-27.72167,148.56792,304.28,0.41,0.45,2025-03-17,1448,N21,nominal,2.0NRT,291.28,1.26,N
-27.72252,148.57207,307.04,0.41,0.45,2025-03-17,1448,N21,nominal,2.0NRT,291.23,1.11,N
-27.7215,148.54611,310.22,0.41,0.45,2025-03-17,1448,N21,nominal,2.0NRT,291.21,0.87,N
-27.72235,148.55028,303.6,0.41,0.45,2025-03-17,1448,N21,nominal,2.0NRT,290.66,0.87,N
-27.72321,148.55443,305.77,0.41,0.45,2025-03-17,1448,N21,nominal,2.0NRT,290.8,1.46,N
-27.72406,148.55856,314.15,0.41,0.45,2025-03-17,1448,N21,nominal,2.0NRT,291.8,1.46,N
-27.72491,148.56273,319.02,0.41,0.45,2025-03-17,1448,N21,nominal,2.0NRT,292.2,1.65,N
-27.72577,148.56688,310.15,0.41,0.45,2025-03-17,1448,N21,nominal,2.0NRT,291.39,1.65,N
-27.72662,148.57103,303.84,0.41,0.45,2025-03-17,1448,N21,nominal,2.0NRT,290.89,0.96,N
-27.72747,148.57518,304.99,0.41,0.45,2025-03-17,1448,N21,nominal,2.0NRT,291.25,0.96,N
-27.7256,148.54507,306.39,0.41,0.45,2025-03-17,1448,N21,nominal,2.0NRT,291.26,0.87,N
-27.72645,148.54924,305.04,0.41,0.45,2025-03-17,1448,N21,nominal,2.0NRT,291.4,0.87,N
-27.72816,148.55754,308.22,0.41,0.45,2025-03-17,1448,N21,nominal,2.0NRT,291.44,1.46,N
-27.72901,148.56169,319.43,0.41,0.45,2025-03-17,1448,N21,nominal,2.0NRT,291.9,1.65,N
-27.72986,148.56584,312.5,0.41,0.45,2025-03-17,1448,N21,nominal,2.0NRT,291.3,1.65,N
-27.73071,148.56999,315.78,0.41,0.45,2025-03-17,1448,N21,nominal,2.0NRT,291.3,0.96,N
-27.73156,148.57413,307.85,0.41,0.45,2025-03-17,1448,N21,nominal,2.0NRT,291.17,0.96,N
-27.7314,148.55235,304.19,0.41,0.45,2025-03-17,1448,N21,nominal,2.0NRT,291.12,1.5,N
-27.7331,148.56064,309.85,0.41,0.45,2025-03-17,1448,N21,nominal,2.0NRT,291.21,0.97,N
-27.73395,148.5648,312.06,0.41,0.45,2025-03-17,1448,N21,nominal,2.0NRT,291.08,0.97,N
-27.73481,148.56895,316.61,0.41,0.45,2025-03-17,1448,N21,nominal,2.0NRT,291.67,1,N
-27.73565,148.57309,306.94,0.41,0.45,2025-03-17,1448,N21,nominal,2.0NRT,290.94,1,N
-27.7372,148.5596,301.84,0.41,0.45,2025-03-17,1448,N21,nominal,2.0NRT,291.03,0.97,N
-27.73805,148.56375,306.23,0.41,0.45,2025-03-17,1448,N21,nominal,2.0NRT,291.12,0.97,N
-27.7389,148.56792,306.26,0.41,0.45,2025-03-17,1448,N21,nominal,2.0NRT,291.17,1,N
-27.73975,148.57207,306.34,0.41,0.45,2025-03-17,1448,N21,nominal,2.0NRT,291.35,1,N
-28.40794,150.00291,308.59,0.51,0.41,2025-03-17,1448,N21,nominal,2.0NRT,290.92,1.49,N
-28.67371,149.97987,312.86,0.51,0.41,2025-03-17,1448,N21,nominal,2.0NRT,291.47,1.63,N
-28.67148,149.11519,300.87,0.56,0.43,2025-03-17,1448,N21,nominal,2.0NRT,290.47,1.16,N
-28.6765,149.11986,299.57,0.56,0.43,2025-03-17,1448,N21,nominal,2.0NRT,289.24,1.35,N
-28.77539,148.42598,298.35,0.4,0.44,2025-03-17,1448,N21,nominal,2.0NRT,286.96,1.2,N
-28.77621,148.43007,313.94,0.4,0.44,2025-03-17,1448,N21,nominal,2.0NRT,285.99,1.41,N
-28.77703,148.43414,309.02,0.4,0.44,2025-03-17,1448,N21,nominal,2.0NRT,283.1,1.41,N
-28.77944,148.42494,300.19,0.4,0.44,2025-03-17,1448,N21,nominal,2.0NRT,288.12,1.65,N
-28.78026,148.42902,311.17,0.4,0.44,2025-03-17,1448,N21,nominal,2.0NRT,286,2.52,N
-28.7843,148.42796,331.64,0.4,0.44,2025-03-17,1448,N21,nominal,2.0NRT,289.08,2.52,N
-28.78349,148.42387,317.4,0.4,0.44,2025-03-17,1448,N21,nominal,2.0NRT,289.92,1.65,N
-28.78753,148.42282,367,0.4,0.44,2025-03-17,1448,N21,high,2.0NRT,297.28,5.98,N
-28.78591,148.41464,301.92,0.4,0.44,2025-03-17,1448,N21,nominal,2.0NRT,289.71,1.09,N
-28.78672,148.41873,302.42,0.4,0.44,2025-03-17,1448,N21,nominal,2.0NRT,290.16,5.98,N
-28.78835,148.42691,314.57,0.4,0.44,2025-03-17,1448,N21,nominal,2.0NRT,289.98,1.85,N
-28.78916,148.431,300.08,0.4,0.44,2025-03-17,1448,N21,nominal,2.0NRT,288.05,1.85,N
-28.79158,148.42177,320.39,0.4,0.44,2025-03-17,1448,N21,nominal,2.0NRT,290.33,5.98,N
-28.7924,148.42587,322.46,0.4,0.44,2025-03-17,1448,N21,nominal,2.0NRT,290.47,1.85,N
-28.79077,148.41768,301.12,0.4,0.44,2025-03-17,1448,N21,nominal,2.0NRT,289.54,5.98,N
-28.79321,148.42996,305.43,0.4,0.44,2025-03-17,1448,N21,nominal,2.0NRT,289.91,1.85,N
-28.78615,148.42007,331.05,0.4,0.44,2025-03-17,1448,N21,nominal,2.0NRT,291.79,6.71,N
-28.78699,148.42415,339.42,0.4,0.44,2025-03-17,1448,N21,nominal,2.0NRT,292.82,6.71,N
-28.78532,148.41602,301.65,0.4,0.44,2025-03-17,1448,N21,nominal,2.0NRT,289.94,1.17,N
-28.78783,148.42824,315.21,0.4,0.44,2025-03-17,1448,N21,nominal,2.0NRT,290.07,1.57,N
-28.79104,148.42311,367,0.4,0.44,2025-03-17,1448,N21,high,2.0NRT,295.06,6.71,N
-28.7902,148.41902,310.92,0.4,0.44,2025-03-17,1448,N21,nominal,2.0NRT,289.74,6.71,N
-28.79188,148.42719,304.05,0.4,0.44,2025-03-17,1448,N21,nominal,2.0NRT,289.79,1.57,N
-28.79272,148.43126,305.21,0.4,0.44,2025-03-17,1448,N21,nominal,2.0NRT,289.93,1.57,N
-29.35471,149.58615,336.96,0.52,0.41,2025-03-17,1448,N21,nominal,2.0NRT,295.12,19.43,N
-29.3533,149.58443,336.93,0.52,0.41,2025-03-17,1448,N21,nominal,2.0NRT,294.26,14.5,N
-29.35707,149.5835,329.66,0.52,0.41,2025-03-17,1448,N21,nominal,2.0NRT,294.4,8.34,N
-29.40503,148.49104,307.71,0.39,0.44,2025-03-17,1448,N21,nominal,2.0NRT,291.69,1.63,N
-30.02332,149.17284,304.09,0.53,0.42,2025-03-17,1448,N21,nominal,2.0NRT,290.8,1.22,N
-30.02437,149.17825,308.91,0.53,0.42,2025-03-17,1448,N21,nominal,2.0NRT,290.85,1.22,N
-30.48891,150.95403,297.02,0.44,0.38,2025-03-17,1448,N21,nominal,2.0NRT,285.04,0.79,N
-31.17186,148.63669,303.46,0.54,0.42,2025-03-17,1450,N21,nominal,2.0NRT,288.57,1.56,N
-31.17297,148.64226,300.16,0.54,0.42,2025-03-17,1450,N21,nominal,2.0NRT,288.21,1.59,N
-31.1757,148.63567,299.46,0.54,0.42,2025-03-17,1450,N21,nominal,2.0NRT,289.22,1.56,N
-31.1768,148.64125,315.54,0.54,0.42,2025-03-17,1450,N21,nominal,2.0NRT,288.97,1.59,N
-31.38792,146.60011,302.77,0.45,0.47,2025-03-17,1450,N21,nominal,2.0NRT,287.58,0.82,N
-31.39216,146.59891,300.52,0.45,0.47,2025-03-17,1450,N21,nominal,2.0NRT,287.16,1,N
-31.39419,146.6082,302.84,0.45,0.47,2025-03-17,1450,N21,nominal,2.0NRT,287.16,1.53,N
-31.39519,146.61288,305.39,0.45,0.47,2025-03-17,1450,N21,nominal,2.0NRT,287.58,1.53,N
-31.39944,146.61163,327.51,0.45,0.47,2025-03-17,1450,N21,nominal,2.0NRT,288.87,1.53,N
-31.39843,146.60698,299.92,0.45,0.47,2025-03-17,1450,N21,nominal,2.0NRT,286.88,1.53,N
-31.40045,146.61633,298.82,0.45,0.47,2025-03-17,1450,N21,nominal,2.0NRT,287.91,1,N
-31.40368,146.61043,298.36,0.45,0.47,2025-03-17,1450,N21,nominal,2.0NRT,287.55,0.78,N
-31.27785,145.58299,343.89,0.52,0.5,2025-03-17,1450,N21,nominal,2.0NRT,287.78,8.75,N
-31.27903,145.58838,309.04,0.52,0.5,2025-03-17,1450,N21,nominal,2.0NRT,286.44,2.96,N
-31.27843,145.58546,341.74,0.52,0.5,2025-03-17,1450,N21,nominal,2.0NRT,287.74,4.6,N
-31.27721,145.58009,312.19,0.52,0.5,2025-03-17,1450,N21,nominal,2.0NRT,285.46,4.6,N
-31.28292,145.58412,330.31,0.52,0.5,2025-03-17,1450,N21,nominal,2.0NRT,284.32,4.6,N
-31.28171,145.57875,314.58,0.52,0.5,2025-03-17,1450,N21,nominal,2.0NRT,284.32,4.6,N
-32.3357,147.75893,296.37,0.57,0.43,2025-03-17,1450,N21,nominal,2.0NRT,286.23,0.28,N
-33.76575,150.8502,298.33,0.41,0.37,2025-03-17,1450,N21,nominal,2.0NRT,286.76,0.69,N
-33.86201,150.75453,302.1,0.41,0.37,2025-03-17,1450,N21,nominal,2.0NRT,285.23,0.79,N
-33.15674,146.61459,308.33,0.42,0.45,2025-03-17,1450,N21,nominal,2.0NRT,285.34,1.37,N
-33.1599,146.60899,295.74,0.42,0.45,2025-03-17,1450,N21,nominal,2.0NRT,284.71,0.57,N
-33.22778,146.62166,306.42,0.41,0.45,2025-03-17,1450,N21,nominal,2.0NRT,284.59,1.21,N
-34.45509,150.87596,303.22,0.4,0.37,2025-03-17,1450,N21,nominal,2.0NRT,287.98,0.79,N
-34.45999,150.88385,336.73,0.4,0.37,2025-03-17,1450,N21,nominal,2.0NRT,290.39,5.65,N
-34.46261,150.87865,301.3,0.4,0.37,2025-03-17,1450,N21,nominal,2.0NRT,287.11,1.08,N
-34.46337,150.88301,311.63,0.4,0.37,2025-03-17,1450,N21,nominal,2.0NRT,287.35,1.08,N
-34.46412,150.88741,315.8,0.4,0.37,2025-03-17,1450,N21,nominal,2.0NRT,287.65,1.12,N
-34.46488,150.89177,308.55,0.4,0.37,2025-03-17,1450,N21,nominal,2.0NRT,288.12,1.12,N
-34.46826,150.89093,300.89,0.4,0.37,2025-03-17,1450,N21,nominal,2.0NRT,289.3,1.12,N
-34.46902,150.89531,300.65,0.4,0.37,2025-03-17,1450,N21,nominal,2.0NRT,287.94,1.12,N
-34.50961,150.33705,298.74,0.42,0.37,2025-03-17,1450,N21,nominal,2.0NRT,282.81,1.05,N
-34.76544,150.0287,298,0.42,0.38,2025-03-17,1450,N21,nominal,2.0NRT,282.18,0.58,N
-34.47537,148.12038,306.78,0.5,0.41,2025-03-17,1450,N21,nominal,2.0NRT,283.09,1.71,N
-32.99395,137.58324,317.45,0.65,0.73,2025-03-17,1450,N21,nominal,2.0NRT,288.22,4.26,N
-32.99589,137.5899,298.59,0.65,0.73,2025-03-17,1450,N21,nominal,2.0NRT,287.12,3.71,N
-33.00041,137.58058,299.36,0.65,0.73,2025-03-17,1450,N21,nominal,2.0NRT,288.45,1.78,N
-33.01268,137.59799,315.39,0.65,0.73,2025-03-17,1450,N21,nominal,2.0NRT,288.1,5.75,N
-32.99784,137.58559,325.28,0.65,0.73,2025-03-17,1450,N21,nominal,2.0NRT,288.65,6.99,N
-33.0147,137.59367,315.4,0.65,0.73,2025-03-17,1450,N21,nominal,2.0NRT,289.26,3.66,N
-34.36166,140.58902,304.96,0.41,0.61,2025-03-17,1450,N21,nominal,2.0NRT,285.95,1.09,N
-34.36284,140.59354,306.73,0.41,0.61,2025-03-17,1450,N21,nominal,2.0NRT,286.17,1.09,N
-34.36708,140.58687,296.94,0.41,0.61,2025-03-17,1450,N21,nominal,2.0NRT,283.42,1.09,N
-34.37253,140.58482,295.76,0.41,0.61,2025-03-17,1450,N21,nominal,2.0NRT,283.64,0.66,N
-34.36538,140.58919,310.31,0.41,0.61,2025-03-17,1450,N21,nominal,2.0NRT,284.36,1.52,N
-34.36658,140.59366,302.89,0.41,0.61,2025-03-17,1450,N21,nominal,2.0NRT,284.31,1.52,N
-35.23993,144.05247,295.49,0.51,0.5,2025-03-17,1450,N21,nominal,2.0NRT,282.75,0.75,N
-34.38245,140.56337,296.43,0.42,0.61,2025-03-17,1450,N21,nominal,2.0NRT,281.85,0.6,N
-34.38363,140.56776,299.56,0.42,0.61,2025-03-17,1450,N21,nominal,2.0NRT,282.33,0.6,N
-37.09142,149.02109,295.58,0.43,0.38,2025-03-17,1450,N21,nominal,2.0NRT,275.63,1.19,N
-37.09402,149.01543,297.8,0.43,0.38,2025-03-17,1450,N21,nominal,2.0NRT,276.16,1.93,N
-37.09488,149.02011,308.71,0.43,0.38,2025-03-17,1450,N21,nominal,2.0NRT,277.69,1.19,N
-37.09833,149.01913,315.89,0.43,0.38,2025-03-17,1450,N21,nominal,2.0NRT,277.74,2.14,N
-37.1018,149.01816,310.65,0.43,0.38,2025-03-17,1450,N21,nominal,2.0NRT,278.18,2.14,N
-38.22743,147.16222,307.76,0.48,0.4,2025-03-17,1450,N21,nominal,2.0NRT,283.88,1.64,N
-38.22848,147.16765,310.08,0.48,0.4,2025-03-17,1450,N21,nominal,2.0NRT,283.51,1.64,N
-38.22661,147.16658,300.77,0.48,0.4,2025-03-17,1450,N21,nominal,2.0NRT,283.54,1.51,N
-38.23024,147.16542,313.48,0.48,0.4,2025-03-17,1450,N21,nominal,2.0NRT,282.01,1.51,N
-41.13226,146.85176,311.91,0.45,0.39,2025-03-17,1452,N21,nominal,2.0NRT,284.23,1.63,N
-15.28463,130.32343,322.47,0.42,0.37,2025-03-17,1626,N21,nominal,2.0NRT,294.41,2.21,N
-15.28278,130.31216,308.32,0.42,0.38,2025-03-17,1626,N21,nominal,2.0NRT,292.83,1.72,N
-15.2834,130.31592,316.2,0.42,0.37,2025-03-17,1626,N21,nominal,2.0NRT,293.07,1.93,N
-15.28402,130.31969,314.72,0.42,0.37,2025-03-17,1626,N21,nominal,2.0NRT,293.82,1.93,N
-15.28525,130.32716,308.05,0.42,0.37,2025-03-17,1626,N21,nominal,2.0NRT,293.64,2.21,N
-15.29754,130.34079,320.74,0.42,0.37,2025-03-17,1626,N21,nominal,2.0NRT,293.99,3.67,N
-15.30099,130.34029,343.55,0.42,0.37,2025-03-17,1626,N21,nominal,2.0NRT,295.51,7.27,N
-15.30444,130.33977,334.66,0.42,0.37,2025-03-17,1626,N21,nominal,2.0NRT,294.6,7.27,N
-15.30507,130.34352,315,0.42,0.37,2025-03-17,1626,N21,nominal,2.0NRT,293.82,2.98,N
-15.71672,126.91706,318.64,0.4,0.44,2025-03-17,1626,N21,nominal,2.0NRT,292.15,1.83,N
-15.7174,126.92078,317.04,0.4,0.44,2025-03-17,1626,N21,nominal,2.0NRT,292.02,1.83,N
-15.77811,126.97803,310.75,0.4,0.44,2025-03-17,1626,N21,nominal,2.0NRT,292.8,2.1,N
-15.77876,126.98164,319.53,0.4,0.44,2025-03-17,1626,N21,nominal,2.0NRT,293.37,2.63,N
-15.78281,126.9809,312.47,0.4,0.44,2025-03-17,1626,N21,nominal,2.0NRT,293.51,2.28,N
-15.78346,126.98453,318.58,0.4,0.44,2025-03-17,1626,N21,nominal,2.0NRT,293.25,2.28,N
-15.83936,127.22855,311.55,0.39,0.44,2025-03-17,1626,N21,nominal,2.0NRT,288.11,3.98,N
-15.84333,127.22768,315.85,0.39,0.44,2025-03-17,1626,N21,nominal,2.0NRT,292.26,5.61,N
-15.84396,127.23125,310.32,0.39,0.44,2025-03-17,1626,N21,nominal,2.0NRT,292.21,2.65,N
-15.84793,127.23043,311.09,0.39,0.44,2025-03-17,1626,N21,nominal,2.0NRT,292.49,2.65,N
-15.84966,127.22905,312.3,0.38,0.44,2025-03-17,1626,N21,nominal,2.0NRT,291.16,3.54,N
-15.89745,126.94266,306.28,0.4,0.44,2025-03-17,1626,N21,nominal,2.0NRT,292.87,1.09,N
-15.89811,126.94637,306.89,0.4,0.44,2025-03-17,1626,N21,nominal,2.0NRT,292.6,1.09,N
-16.1434,127.64896,308.05,0.54,0.42,2025-03-17,1626,N21,nominal,2.0NRT,279.81,3.18,N
-16.16027,127.72285,332.72,0.54,0.42,2025-03-17,1626,N21,nominal,2.0NRT,293.05,10.41,N
-16.14416,127.64644,307.17,0.54,0.42,2025-03-17,1626,N21,nominal,2.0NRT,282.53,3.52,N
-16.16149,127.72015,332.16,0.54,0.42,2025-03-17,1626,N21,nominal,2.0NRT,292.47,5.97,N
-16.1624,127.7252,314.08,0.53,0.42,2025-03-17,1626,N21,nominal,2.0NRT,292.59,5.97,N
-16.47257,127.54094,311.78,0.54,0.42,2025-03-17,1626,N21,nominal,2.0NRT,287.33,4.34,N
-16.47373,127.52521,334.64,0.54,0.42,2025-03-17,1626,N21,nominal,2.0NRT,290.34,8.89,N
-16.4776,127.52447,331.14,0.54,0.42,2025-03-17,1626,N21,nominal,2.0NRT,292.82,11.89,N
-16.47851,127.5295,337.01,0.54,0.42,2025-03-17,1626,N21,nominal,2.0NRT,292.58,11.89,N
-16.55683,127.4701,308.09,0.55,0.42,2025-03-17,1626,N21,nominal,2.0NRT,291.86,3.12,N
-16.57801,127.47634,311.49,0.54,0.42,2025-03-17,1626,N21,nominal,2.0NRT,292.28,5.99,N
-16.57959,127.41829,338.43,0.55,0.43,2025-03-17,1626,N21,nominal,2.0NRT,293.25,6.45,N
-16.57865,127.41307,310.96,0.55,0.43,2025-03-17,1626,N21,nominal,2.0NRT,292.9,6.45,N
-16.58254,127.41232,324.51,0.55,0.43,2025-03-17,1626,N21,nominal,2.0NRT,293.08,7.63,N
-16.58348,127.41753,342.21,0.55,0.43,2025-03-17,1626,N21,nominal,2.0NRT,295.27,7.63,N
-16.58626,127.43301,318.34,0.55,0.43,2025-03-17,1626,N21,nominal,2.0NRT,293.21,3.51,N
-16.58643,127.41161,321.85,0.55,0.43,2025-03-17,1626,N21,nominal,2.0NRT,293.15,7.63,N
-16.58736,127.41679,311.44,0.55,0.43,2025-03-17,1626,N21,nominal,2.0NRT,292.78,7.63,N
-16.59015,127.43229,308.95,0.55,0.43,2025-03-17,1626,N21,nominal,2.0NRT,292.85,3.51,N
-16.59311,127.42637,329.45,0.55,0.43,2025-03-17,1626,N21,nominal,2.0NRT,293.38,9.05,N
-16.59698,127.42561,332.57,0.55,0.43,2025-03-17,1626,N21,nominal,2.0NRT,294.08,9.05,N
-32.99697,137.58713,304.25,0.63,0.54,2025-03-17,1630,N21,nominal,2.0NRT,288.56,3.83,N
-16.59791,127.43074,314.5,0.55,0.43,2025-03-17,1626,N21,nominal,2.0NRT,286.9,6.94,N
-16.60087,127.42484,324.42,0.55,0.43,2025-03-17,1626,N21,nominal,2.0NRT,292,6.8,N
-33.00653,137.57907,323.09,0.63,0.54,2025-03-17,1630,N21,nominal,2.0NRT,289.22,4.94,N
-16.60178,127.42995,306.97,0.55,0.43,2025-03-17,1626,N21,nominal,2.0NRT,282.31,2.58,N
-33.00816,137.59979,310.38,0.64,0.54,2025-03-17,1630,N21,nominal,2.0NRT,289.62,4.29,N
-33.16631,138.01205,299.93,0.34,0.56,2025-03-17,1630,N21,nominal,2.0NRT,288.55,0.87,N
-16.64424,127.44301,311.75,0.55,0.42,2025-03-17,1626,N21,nominal,2.0NRT,291.72,5.29,N
-33.16742,138.01045,298.47,0.34,0.56,2025-03-17,1630,N21,nominal,2.0NRT,287.34,1.15,N
-16.65911,127.48208,307.89,0.54,0.42,2025-03-17,1626,N21,nominal,2.0NRT,292.31,4.24,N
-34.36289,140.58659,298.05,0.49,0.65,2025-03-17,1630,N21,nominal,2.0NRT,284.23,1.25,N
-16.64466,127.4408,313.53,0.55,0.42,2025-03-17,1626,N21,nominal,2.0NRT,291.11,3.75,N
-34.36316,140.59184,309.23,0.49,0.65,2025-03-17,1630,N21,nominal,2.0NRT,284.22,1.25,N
-16.65977,127.47968,308.48,0.54,0.42,2025-03-17,1626,N21,nominal,2.0NRT,291.64,3.58,N
-34.36414,140.58788,303.55,0.49,0.65,2025-03-17,1630,N21,nominal,2.0NRT,284.25,2.76,N
-17.52156,130.70161,313.69,0.39,0.37,2025-03-17,1626,N21,nominal,2.0NRT,296,3.06,N
-34.36437,140.59314,312.48,0.49,0.65,2025-03-17,1630,N21,nominal,2.0NRT,284.15,2.99,N
-17.52216,130.70531,309.5,0.39,0.37,2025-03-17,1626,N21,nominal,2.0NRT,295.53,2.19,N
-34.38136,140.56482,295.79,0.49,0.65,2025-03-17,1630,N21,nominal,2.0NRT,281.56,0.57,N
-16.9919,127.35119,311.75,0.55,0.42,2025-03-17,1626,N21,nominal,2.0NRT,294.31,1.49,N
-32.84278,121.84545,332.32,0.39,0.44,2025-03-17,1633,N21,nominal,2.0NRT,287.55,2.24,N
-16.9928,127.35616,307.57,0.55,0.42,2025-03-17,1626,N21,nominal,2.0NRT,294.01,2.95,N
-16.99488,127.34552,307.8,0.55,0.42,2025-03-17,1626,N21,nominal,2.0NRT,294.49,1.49,N
-32.84193,121.84132,301.34,0.39,0.44,2025-03-17,1633,N21,nominal,2.0NRT,286.54,0.88,N
-32.84364,121.84959,297.82,0.39,0.44,2025-03-17,1633,N21,nominal,2.0NRT,286.36,2.24,N
-16.99579,127.35053,306.27,0.55,0.42,2025-03-17,1626,N21,nominal,2.0NRT,294.22,1.49,N
-32.84592,121.84014,332.97,0.39,0.44,2025-03-17,1633,N21,nominal,2.0NRT,287.83,2.25,N
-17.00211,127.38548,309.38,0.54,0.42,2025-03-17,1626,N21,nominal,2.0NRT,294.76,2.99,N
-32.84762,121.84843,322.02,0.39,0.44,2025-03-17,1633,N21,nominal,2.0NRT,287.29,2.76,N
-16.99782,127.33956,315.86,0.55,0.42,2025-03-17,1626,N21,nominal,2.0NRT,294.87,2.77,N
-32.84507,121.83598,318.95,0.39,0.44,2025-03-17,1633,N21,nominal,2.0NRT,287.15,2.25,N
-17.00169,127.33874,318.64,0.55,0.42,2025-03-17,1626,N21,nominal,2.0NRT,294.62,2.77,N
-17.07415,127.29121,306.78,0.55,0.43,2025-03-17,1626,N21,nominal,2.0NRT,294.7,2.81,N
-32.84906,121.83481,312.47,0.39,0.44,2025-03-17,1633,N21,nominal,2.0NRT,287.42,2.25,N
-31.86786,117.18946,305.78,0.37,0.58,2025-03-17,1633,N21,nominal,2.0NRT,288.13,1.91,N
-17.07525,127.27521,305.71,0.55,0.43,2025-03-17,1626,N21,nominal,2.0NRT,293.64,1.24,N
-17.07619,127.28033,311.84,0.55,0.43,2025-03-17,1626,N21,nominal,2.0NRT,293.67,3.6,N
-31.87403,117.19148,307.25,0.37,0.58,2025-03-17,1633,N21,nominal,2.0NRT,287.69,1.03,N
-31.87829,117.18583,301.4,0.37,0.58,2025-03-17,1633,N21,nominal,2.0NRT,287.37,1.03,N
-17.08806,127.34557,309.36,0.54,0.42,2025-03-17,1626,N21,nominal,2.0NRT,295.38,2.98,N
-31.88116,117.1974,307.74,0.37,0.58,2025-03-17,1633,N21,nominal,2.0NRT,288.17,2.01,N
-17.09672,127.34911,323.8,0.54,0.42,2025-03-17,1626,N21,nominal,2.0NRT,295.96,7.41,N
-31.88212,117.20129,311.87,0.37,0.58,2025-03-17,1633,N21,nominal,2.0NRT,288.34,1.96,N
-17.09762,127.35406,339.51,0.54,0.42,2025-03-17,1626,N21,nominal,2.0NRT,296.64,7.41,N
-17.11205,127.27842,307.79,0.55,0.43,2025-03-17,1626,N21,nominal,2.0NRT,294.62,2.49,N
-31.88258,117.18028,298.84,0.37,0.58,2025-03-17,1633,N21,nominal,2.0NRT,287.64,0.78,N
-32.00903,116.77562,300.32,0.39,0.59,2025-03-17,1633,N21,nominal,2.0NRT,285.82,0.46,N
-17.12499,127.32802,316.16,0.55,0.42,2025-03-17,1626,N21,nominal,2.0NRT,295.75,3.87,N
-17.13271,127.32638,309.16,0.55,0.42,2025-03-17,1626,N21,nominal,2.0NRT,295.08,3.28,N
-32.52393,117.15247,311.92,0.36,0.57,2025-03-17,1633,N21,nominal,2.0NRT,288.43,1.63,N
-17.13568,127.32057,315.17,0.55,0.42,2025-03-17,1626,N21,nominal,2.0NRT,295.46,2.57,N
-32.52483,117.15613,305.28,0.36,0.57,2025-03-17,1633,N21,nominal,2.0NRT,287.91,1.04,N
-32.52575,117.15984,297.5,0.36,0.57,2025-03-17,1633,N21,nominal,2.0NRT,287.04,1.04,N
-17.13778,127.30982,310.3,0.55,0.42,2025-03-17,1626,N21,nominal,2.0NRT,295.21,4.15,N
-32.52819,117.14709,312.27,0.36,0.57,2025-03-17,1633,N21,nominal,2.0NRT,289.14,1.19,N
-17.15092,127.27087,306.42,0.55,0.43,2025-03-17,1626,N21,nominal,2.0NRT,294.93,2.4,N
-32.52908,117.15071,308.37,0.36,0.57,2025-03-17,1633,N21,nominal,2.0NRT,288.22,1.19,N
-17.16826,127.27798,311.78,0.55,0.43,2025-03-17,1626,N21,nominal,2.0NRT,295.57,3.14,N
-33.75129,120.75048,298.49,0.43,0.46,2025-03-17,1633,N21,nominal,2.0NRT,286.97,1.1,N
-17.73816,130.62997,311.72,0.39,0.37,2025-03-17,1626,N21,nominal,2.0NRT,294.76,2.24,N
-33.75075,120.74818,298.07,0.43,0.46,2025-03-17,1633,N21,nominal,2.0NRT,287.14,1.4,N
-17.73953,130.62567,314.27,0.39,0.37,2025-03-17,1626,N21,nominal,2.0NRT,294.09,1.43,N
-17.74013,130.62938,310.46,0.39,0.37,2025-03-17,1626,N21,nominal,2.0NRT,293.86,1.81,N
-33.76125,120.73544,306.12,0.43,0.46,2025-03-17,1633,N21,nominal,2.0NRT,287.05,1.21,N
-33.43241,117.1478,302.69,0.34,0.56,2025-03-17,1633,N21,nominal,2.0NRT,286.14,0.45,N
-17.74074,130.63306,316.23,0.39,0.37,2025-03-17,1626,N21,nominal,2.0NRT,294.63,1.81,N
-17.74134,130.63676,307.3,0.39,0.37,2025-03-17,1626,N21,nominal,2.0NRT,294.31,1.73,N
-33.86999,116.43349,297.22,0.37,0.58,2025-03-17,1633,N21,nominal,2.0NRT,286.75,0.4,N
-17.16916,127.27999,311.88,0.55,0.42,2025-03-17,1626,N21,nominal,2.0NRT,295.52,3.07,N
-17.77456,130.60806,338.09,0.4,0.37,2025-03-17,1626,N21,nominal,2.0NRT,297.69,14.71,N
-17.77791,130.60748,349.11,0.4,0.37,2025-03-17,1626,N21,nominal,2.0NRT,297.31,6,N
-17.78126,130.60687,322.31,0.4,0.37,2025-03-17,1626,N21,nominal,2.0NRT,294.03,6,N
-17.78065,130.60318,313.54,0.4,0.37,2025-03-17,1626,N21,nominal,2.0NRT,293.77,2.91,N
-17.21273,127.27654,315.54,0.55,0.42,2025-03-17,1626,N21,nominal,2.0NRT,295.34,2.76,N
-17.21389,127.26064,312.6,0.55,0.43,2025-03-17,1626,N21,nominal,2.0NRT,295.48,3.31,N
-17.21779,127.25997,320.99,0.55,0.43,2025-03-17,1626,N21,nominal,2.0NRT,295.73,3.2,N
-17.21685,127.25478,307.74,0.55,0.43,2025-03-17,1626,N21,nominal,2.0NRT,295.62,3.2,N
-18.35891,132.72766,309.11,0.39,0.36,2025-03-17,1626,N21,nominal,2.0NRT,292.86,2.16,N
-18.36615,132.73024,328.65,0.39,0.36,2025-03-17,1626,N21,nominal,2.0NRT,292.91,3.43,N
-18.36559,132.72656,306.62,0.39,0.36,2025-03-17,1626,N21,nominal,2.0NRT,292.98,2.68,N
-18.37951,132.72803,312.81,0.39,0.36,2025-03-17,1626,N21,nominal,2.0NRT,293.82,2.99,N
-18.38285,132.72748,325.17,0.39,0.36,2025-03-17,1626,N21,nominal,2.0NRT,293.7,3.36,N
-18.38118,132.7164,309.86,0.39,0.36,2025-03-17,1626,N21,nominal,2.0NRT,293.57,1.95,N
-18.3823,132.72377,319.67,0.39,0.36,2025-03-17,1626,N21,nominal,2.0NRT,294.29,3.52,N
-18.6019,131.69899,314.61,0.38,0.36,2025-03-17,1626,N21,nominal,2.0NRT,292.58,2.89,N
-18.60635,131.70567,312.3,0.38,0.36,2025-03-17,1626,N21,nominal,2.0NRT,286.66,2.5,N
-18.60691,131.7093,304.4,0.38,0.36,2025-03-17,1626,N21,nominal,2.0NRT,286.7,0.94,N
-18.61079,131.71237,307.4,0.38,0.36,2025-03-17,1626,N21,nominal,2.0NRT,286.98,0.94,N
-18.6141,131.71179,307.09,0.38,0.36,2025-03-17,1626,N21,nominal,2.0NRT,288.59,1.67,N
-19.47875,130.17775,324.84,0.4,0.37,2025-03-17,1626,N21,nominal,2.0NRT,294.44,2.51,N
-19.4821,130.17715,309.75,0.4,0.37,2025-03-17,1626,N21,nominal,2.0NRT,294.88,2.51,N
-19.48332,130.18465,305.05,0.4,0.37,2025-03-17,1626,N21,nominal,2.0NRT,291.61,2.46,N
-19.48789,130.19154,318.66,0.39,0.37,2025-03-17,1626,N21,nominal,2.0NRT,294.38,3.35,N
-18.53531,124.74317,319.93,0.49,0.49,2025-03-17,1626,N21,nominal,2.0NRT,290.06,6.1,N
-19.51224,130.21411,347.86,0.39,0.37,2025-03-17,1626,N21,nominal,2.0NRT,298.01,8.43,N
-19.51285,130.21785,312.9,0.39,0.37,2025-03-17,1626,N21,nominal,2.0NRT,293.12,4.68,N
-19.51559,130.2135,329.67,0.39,0.37,2025-03-17,1626,N21,nominal,2.0NRT,295.23,8.43,N
-19.51619,130.21724,306.87,0.39,0.37,2025-03-17,1626,N21,nominal,2.0NRT,293.62,4.68,N
-19.54489,130.18954,315.77,0.39,0.37,2025-03-17,1626,N21,nominal,2.0NRT,294.18,2.5,N
-19.54762,130.18518,321.6,0.39,0.37,2025-03-17,1626,N21,nominal,2.0NRT,294.41,3.07,N
-19.55767,130.18336,334.79,0.39,0.37,2025-03-17,1626,N21,nominal,2.0NRT,295.15,6.77,N
-19.56102,130.18277,338.92,0.39,0.37,2025-03-17,1626,N21,nominal,2.0NRT,296.4,5.89,N
-19.56437,130.18216,334.78,0.39,0.37,2025-03-17,1626,N21,nominal,2.0NRT,295.97,5.89,N
-19.56771,130.18156,334,0.39,0.37,2025-03-17,1626,N21,nominal,2.0NRT,295.83,4.44,N
-24.10015,139.76221,308.38,0.35,0.56,2025-03-17,1628,N21,nominal,2.0NRT,284.46,1.98,N
-24.11157,139.77121,315.87,0.35,0.56,2025-03-17,1628,N21,nominal,2.0NRT,282.94,2.3,N
-24.1008,139.7632,313.77,0.35,0.56,2025-03-17,1628,N21,nominal,2.0NRT,287.16,2.87,N
-24.11216,139.7722,302.72,0.35,0.56,2025-03-17,1628,N21,nominal,2.0NRT,277.86,2.4,N
-21.92981,120.47052,306.25,0.39,0.6,2025-03-17,1628,N21,nominal,2.0NRT,293.39,2.94,N
-21.94069,120.46812,322,0.39,0.6,2025-03-17,1628,N21,nominal,2.0NRT,294.71,2.54,N
-21.94153,120.47182,314.86,0.39,0.6,2025-03-17,1628,N21,nominal,2.0NRT,294.1,2.54,N
-21.94695,120.47055,322.31,0.39,0.6,2025-03-17,1628,N21,nominal,2.0NRT,294.58,2.54,N
-21.64447,115.88206,304.6,0.77,0.77,2025-03-17,1628,N21,nominal,2.0NRT,287.74,4.01,N
-23.25815,122.87592,315.11,0.52,0.5,2025-03-17,1628,N21,nominal,2.0NRT,293.99,2.92,N
-25.80155,124.42396,342.06,0.38,0.43,2025-03-17,1628,N21,nominal,2.0NRT,297.37,14.39,N
-25.80227,124.42773,345.44,0.38,0.43,2025-03-17,1628,N21,nominal,2.0NRT,296.74,8.88,N
-25.803,124.43153,332.33,0.38,0.43,2025-03-17,1628,N21,nominal,2.0NRT,293,8.88,N
-25.80082,124.42016,301.35,0.38,0.43,2025-03-17,1628,N21,nominal,2.0NRT,288,14.39,N
-25.80696,124.43058,320.4,0.38,0.43,2025-03-17,1628,N21,nominal,2.0NRT,292.72,8.88,N
-25.80423,124.42849,349.85,0.57,0.43,2025-03-17,1628,N21,nominal,2.0NRT,296.12,26.41,N
-30.44507,136.85904,339.07,0.54,0.51,2025-03-17,1630,N21,nominal,2.0NRT,290.3,7.22,N
-21.64018,115.88275,313.44,0.41,0.6,2025-03-17,1809,N21,nominal,2.0NRT,290.12,3.51,N
-22.23571,118.16468,339.66,0.58,0.7,2025-03-17,1809,N21,nominal,2.0NRT,291.39,8.95,N
-22.24205,118.16278,324.02,0.58,0.7,2025-03-17,1809,N21,nominal,2.0NRT,292.03,4.21,N
-22.23674,118.16547,349.38,0.58,0.7,2025-03-17,1809,N21,nominal,2.0NRT,292.43,11.54,N
-26.5657,118.49404,301.47,0.67,0.73,2025-03-17,1811,N21,nominal,2.0NRT,291.01,0.77,N
-31.88444,117.19759,299.87,0.61,0.71,2025-03-17,1813,N21,nominal,2.0NRT,286.88,1.13,N
-32.52835,117.14471,303.79,0.61,0.71,2025-03-17,1813,N21,nominal,2.0NRT,287.15,2.06,N
-32.52865,117.15166,299.78,0.61,0.71,2025-03-17,1813,N21,nominal,2.0NRT,286.38,2.06,N
-32.52622,117.14474,302.96,0.61,0.71,2025-03-17,1813,N21,nominal,2.0NRT,286.99,2.61,N
-32.52648,117.15175,301.11,0.61,0.71,2025-03-17,1813,N21,nominal,2.0NRT,286.54,3.44,N
-10.34104,149.963,331.32,0.47,0.4,2025-03-18,0317,N21,nominal,2.0NRT,296.05,4.09,D
-37.20323,174.72272,326.88,0.51,0.66,2025-03-18,0310,N21,nominal,2.0NRT,292.34,2.8,D
-38.16679,144.08473,333.8,0.69,0.74,2025-03-18,0310,N21,low,2.0NRT,303.87,7.89,D
-38.19505,143.70486,334.84,0.72,0.76,2025-03-18,0310,N21,nominal,2.0NRT,301.56,6.04,D
-38.16777,144.08347,343.14,0.69,0.74,2025-03-18,0310,N21,nominal,2.0NRT,304.92,9.48,D
-38.10825,143.871,354.41,0.71,0.75,2025-03-18,0310,N21,nominal,2.0NRT,302.89,21.99,D
-33.98508,146.7764,348.1,0.46,0.63,2025-03-18,0313,N21,nominal,2.0NRT,303.01,10.35,D
-38.10835,143.86282,354.67,0.71,0.75,2025-03-18,0310,N21,nominal,2.0NRT,303.18,22.15,D
-38.103,143.86951,332.12,0.71,0.75,2025-03-18,0310,N21,nominal,2.0NRT,301.3,6.09,D
-33.97891,146.7811,367,0.46,0.63,2025-03-18,0313,N21,high,2.0NRT,301.86,20.86,D
-38.10314,143.8613,333.36,0.71,0.75,2025-03-18,0310,N21,nominal,2.0NRT,301.14,6.09,D
-33.97918,146.77606,349.45,0.46,0.63,2025-03-18,0313,N21,nominal,2.0NRT,302.02,20.86,D
-38.03645,144.08856,335.02,0.69,0.74,2025-03-18,0310,N21,nominal,2.0NRT,300.91,4.55,D
-33.87593,147.87242,348.83,0.39,0.6,2025-03-18,0313,N21,nominal,2.0NRT,305.51,4.75,D
-38.03278,143.87868,343.53,0.71,0.75,2025-03-18,0310,N21,nominal,2.0NRT,299.47,13.85,D
-33.8762,147.86806,344.93,0.39,0.6,2025-03-18,0313,N21,nominal,2.0NRT,305.19,4.75,D
-37.973,143.56932,367,0.73,0.76,2025-03-18,0310,N21,high,2.0NRT,303.02,18.03,D
-33.79549,146.73254,338.07,0.46,0.63,2025-03-18,0313,N21,nominal,2.0NRT,298.08,7.42,D
-37.95389,143.2477,340.22,0.77,0.77,2025-03-18,0310,N21,nominal,2.0NRT,300.24,39.96,D
-33.78932,146.73711,367,0.46,0.63,2025-03-18,0313,N21,high,2.0NRT,299.96,16.17,D
-37.94668,143.24792,367,0.77,0.77,2025-03-18,0310,N21,high,2.0NRT,302.97,39.96,D
-33.7896,146.73216,335.14,0.46,0.63,2025-03-18,0313,N21,nominal,2.0NRT,300.55,7.42,D
-37.94673,143.23886,344.11,0.77,0.77,2025-03-18,0310,N21,nominal,2.0NRT,300.7,70.31,D
-33.54847,147.36075,367,0.42,0.61,2025-03-18,0313,N21,high,2.0NRT,298.34,35.77,D
-33.54874,147.3562,330.49,0.42,0.61,2025-03-18,0313,N21,nominal,2.0NRT,303.36,35.77,D
-37.96944,143.57251,367,0.73,0.76,2025-03-18,0310,N21,high,2.0NRT,303.25,17.28,D
-37.95205,143.24248,367,0.77,0.77,2025-03-18,0310,N21,high,2.0NRT,310.44,102.44,D
-33.44689,146.91667,352.79,0.44,0.63,2025-03-18,0313,N21,nominal,2.0NRT,303.28,8.85,D
-37.92209,143.35851,340.88,0.75,0.77,2025-03-18,0310,N21,nominal,2.0NRT,301.81,10.71,D
-33.23347,147.26326,367,0.42,0.61,2025-03-18,0313,N21,high,2.0NRT,305.58,33.35,D
-37.84446,143.13737,367,0.78,0.78,2025-03-18,0310,N21,high,2.0NRT,306.41,48.43,D
-37.86654,143.54672,334.33,0.74,0.76,2025-03-18,0310,N21,low,2.0NRT,306.42,7.5,D
-33.23375,147.25867,367,0.42,0.61,2025-03-18,0313,N21,high,2.0NRT,305.27,95.96,D
-37.84277,143.13628,367,0.77,0.78,2025-03-18,0310,N21,high,2.0NRT,307.19,43.54,D
-33.22805,147.25829,367,0.42,0.61,2025-03-18,0313,N21,high,2.0NRT,298.47,12.42,D
-37.82658,143.86014,341.11,0.71,0.75,2025-03-18,0310,N21,nominal,2.0NRT,303.23,7.47,D
-33.22778,147.26286,336.63,0.42,0.61,2025-03-18,0313,N21,nominal,2.0NRT,290.94,8.92,D
-37.0924,149.02235,367,0.36,0.58,2025-03-18,0310,N21,high,2.0NRT,301.38,24.26,D
-33.22834,147.25371,341.64,0.42,0.61,2025-03-18,0313,N21,nominal,2.0NRT,303.41,12.42,D
-37.09262,149.01854,367,0.36,0.58,2025-03-18,0310,N21,high,2.0NRT,300.02,24.26,D
-33.22861,147.24915,348.58,0.42,0.61,2025-03-18,0313,N21,nominal,2.0NRT,296.64,6.45,D
-37.09285,149.01468,335.89,0.36,0.58,2025-03-18,0310,N21,nominal,2.0NRT,297.48,11.98,D
-33.22889,147.24458,340.34,0.42,0.61,2025-03-18,0313,N21,nominal,2.0NRT,291.68,6.45,D
-37.08681,149.02589,367,0.36,0.58,2025-03-18,0310,N21,high,2.0NRT,294.02,146.33,D
-37.08727,149.01816,207.38,0.36,0.58,2025-03-18,0310,N21,low,2.0NRT,314.34,318.85,D
-33.17408,148.00981,344.31,0.38,0.59,2025-03-18,0313,N21,nominal,2.0NRT,299.37,7.98,D
-37.08147,149.02534,355.49,0.36,0.58,2025-03-18,0310,N21,low,2.0NRT,331.87,146.33,D
-33.17464,148.00153,335.34,0.38,0.59,2025-03-18,0313,N21,nominal,2.0NRT,290.69,7.6,D
-37.0817,149.0215,367,0.36,0.58,2025-03-18,0310,N21,low,2.0NRT,364.58,318.85,D
-33.16835,148.01349,335.52,0.38,0.59,2025-03-18,0313,N21,nominal,2.0NRT,302.9,64.69,D
-36.8545,149.92235,367,0.32,0.55,2025-03-18,0310,N21,high,2.0NRT,295.56,5.79,D
-33.1689,148.00523,336.22,0.38,0.59,2025-03-18,0313,N21,nominal,2.0NRT,294.98,19.88,D
-36.82447,142.85909,337.51,0.8,0.78,2025-03-18,0310,N21,nominal,2.0NRT,304.25,9.15,D
-33.16918,148.00108,354.32,0.38,0.59,2025-03-18,0313,N21,nominal,2.0NRT,298.69,19.88,D
-36.82364,142.85756,336.77,0.79,0.78,2025-03-18,0310,N21,nominal,2.0NRT,304.5,13.98,D
-33.16317,148.00893,330.79,0.38,0.59,2025-03-18,0313,N21,low,2.0NRT,301.71,64.69,D
-35.69227,148.15594,339.63,0.39,0.6,2025-03-18,0313,N21,nominal,2.0NRT,290.94,5.84,D
-33.20111,146.60811,347.66,0.46,0.64,2025-03-18,0313,N21,nominal,2.0NRT,304.3,7.44,D
-35.53166,147.73363,367,0.41,0.61,2025-03-18,0313,N21,high,2.0NRT,313.47,32.44,D
-33.20137,146.60312,338.8,0.46,0.64,2025-03-18,0313,N21,nominal,2.0NRT,304.18,9.26,D
-35.53491,147.7326,367,0.41,0.61,2025-03-18,0313,N21,high,2.0NRT,313.96,31.55,D
-35.51876,146.68929,367,0.48,0.64,2025-03-18,0313,N21,high,2.0NRT,291.2,22.81,D
-33.19546,146.60272,367,0.46,0.64,2025-03-18,0313,N21,high,2.0NRT,305.53,16.8,D
-33.19494,146.61267,337.8,0.46,0.64,2025-03-18,0313,N21,nominal,2.0NRT,302.75,15.27,D
-35.51254,146.69414,355.66,0.48,0.64,2025-03-18,0313,N21,low,2.0NRT,287.15,22.81,D
-33.20281,146.60872,343.04,0.46,0.64,2025-03-18,0313,N21,nominal,2.0NRT,304.34,5.67,D
-35.03808,147.46593,336.81,0.43,0.62,2025-03-18,0313,N21,nominal,2.0NRT,300.79,4.04,D
-35.03235,147.46565,330.47,0.43,0.62,2025-03-18,0313,N21,nominal,2.0NRT,302.49,4.04,D
-33.20311,146.60373,331.99,0.46,0.64,2025-03-18,0313,N21,nominal,2.0NRT,304.32,7.09,D
-35.0364,147.46638,348.73,0.42,0.61,2025-03-18,0313,N21,nominal,2.0NRT,302.04,8.16,D
-33.1972,146.60333,367,0.46,0.64,2025-03-18,0313,N21,high,2.0NRT,304.98,11.17,D
-34.95672,147.85754,367,0.4,0.6,2025-03-18,0313,N21,high,2.0NRT,306.78,8.12,D
-33.19691,146.60831,330.19,0.46,0.64,2025-03-18,0313,N21,nominal,2.0NRT,302.76,5.8,D
-34.63732,148.10675,367,0.39,0.59,2025-03-18,0313,N21,high,2.0NRT,309.99,34.38,D
-33.19071,146.6129,332.19,0.46,0.64,2025-03-18,0313,N21,nominal,2.0NRT,300.41,5.8,D
-33.191,146.60794,342.25,0.46,0.64,2025-03-18,0313,N21,nominal,2.0NRT,302.58,5.8,D
-34.77538,143.09784,350.67,0.75,0.77,2025-03-18,0313,N21,nominal,2.0NRT,303.96,15.45,D
-33.19128,146.60298,333.67,0.46,0.64,2025-03-18,0313,N21,nominal,2.0NRT,303.32,11.17,D
-34.76822,143.09775,338.79,0.75,0.77,2025-03-18,0313,N21,nominal,2.0NRT,299.82,15.45,D
-34.77235,143.09209,367,0.75,0.77,2025-03-18,0313,N21,high,2.0NRT,308.24,34.48,D
-32.84944,147.45062,367,0.41,0.6,2025-03-18,0313,N21,high,2.0NRT,305.28,39.08,D
-34.74371,143.09175,338.39,0.75,0.77,2025-03-18,0313,N21,nominal,2.0NRT,302.86,18.9,D
-32.8497,147.44629,306.65,0.41,0.6,2025-03-18,0313,N21,low,2.0NRT,311.7,39.08,D
-34.33273,148.51114,339.28,0.36,0.58,2025-03-18,0313,N21,nominal,2.0NRT,288.12,5.98,D
-32.76147,147.62265,367,0.4,0.6,2025-03-18,0313,N21,high,2.0NRT,303.26,11.45,D
-34.21988,148.83722,349.51,0.35,0.57,2025-03-18,0313,N21,nominal,2.0NRT,306.56,3.57,D
-32.74953,147.63443,332.45,0.4,0.6,2025-03-18,0313,N21,low,2.0NRT,305.14,3.53,D
-34.22039,148.83449,338.86,0.35,0.57,2025-03-18,0313,N21,nominal,2.0NRT,305.43,3.37,D
-32.67013,147.22072,367,0.42,0.61,2025-03-18,0313,N21,high,2.0NRT,310.72,11.53,D
-34.2796,147.03809,351.51,0.44,0.63,2025-03-18,0313,N21,nominal,2.0NRT,306.66,6.03,D
-32.66958,147.22974,334.4,0.42,0.61,2025-03-18,0313,N21,nominal,2.0NRT,303.24,4.78,D
-34.12421,148.43756,331.61,0.37,0.58,2025-03-18,0313,N21,nominal,2.0NRT,290.66,4.69,D
-34.0099,148.20499,367,0.38,0.59,2025-03-18,0313,N21,high,2.0NRT,298.05,14.22,D
-32.66985,147.22523,342.17,0.42,0.61,2025-03-18,0313,N21,nominal,2.0NRT,303.73,11.53,D
-32.66418,147.22473,348.97,0.42,0.61,2025-03-18,0313,N21,nominal,2.0NRT,306.92,11.53,D
-34.00962,148.20914,350.87,0.38,0.59,2025-03-18,0313,N21,nominal,2.0NRT,294.11,18.59,D
-32.66445,147.2202,345.23,0.42,0.61,2025-03-18,0313,N21,nominal,2.0NRT,306.55,11.53,D
-34.00445,148.20459,355.17,0.38,0.59,2025-03-18,0313,N21,nominal,2.0NRT,297.76,14.22,D
-32.36766,147.70862,367,0.39,0.59,2025-03-18,0313,N21,high,2.0NRT,334.35,100.66,D
-32.36738,147.7128,331.16,0.39,0.59,2025-03-18,0313,N21,nominal,2.0NRT,302.97,62.64,D
-32.36187,147.71234,367,0.39,0.59,2025-03-18,0313,N21,high,2.0NRT,305.16,62.64,D
-32.36244,147.70398,367,0.39,0.59,2025-03-18,0313,N21,high,2.0NRT,308.87,100.66,D
-32.36216,147.70815,207.38,0.39,0.59,2025-03-18,0313,N21,low,2.0NRT,318.7,100.66,D
-32.35664,147.70769,338.37,0.39,0.59,2025-03-18,0313,N21,nominal,2.0NRT,308.79,5.26,D
-32.35693,147.70352,335.28,0.39,0.59,2025-03-18,0313,N21,nominal,2.0NRT,308.9,5.26,D
-32.35722,147.69936,334.79,0.39,0.59,2025-03-18,0313,N21,nominal,2.0NRT,307.68,3.85,D
-31.40551,146.60585,344.21,0.44,0.63,2025-03-18,0313,N21,nominal,2.0NRT,308.85,5.03,D
-31.39969,146.60545,350.71,0.44,0.63,2025-03-18,0313,N21,nominal,2.0NRT,310.1,8.46,D
-31.39996,146.60077,353.35,0.44,0.63,2025-03-18,0313,N21,nominal,2.0NRT,309.96,8.46,D
-31.39359,146.60976,338.89,0.44,0.63,2025-03-18,0313,N21,low,2.0NRT,310.41,10.21,D
-31.39387,146.60506,340.94,0.44,0.63,2025-03-18,0313,N21,nominal,2.0NRT,309.44,8.46,D
-31.40578,146.60445,341.19,0.44,0.63,2025-03-18,0313,N21,nominal,2.0NRT,309.01,3.71,D
-31.39997,146.60405,367,0.44,0.63,2025-03-18,0313,N21,high,2.0NRT,311.13,8.19,D
-31.39384,146.60835,340.4,0.44,0.63,2025-03-18,0313,N21,nominal,2.0NRT,310.28,8.19,D
-31.39415,146.60367,342.29,0.44,0.63,2025-03-18,0313,N21,nominal,2.0NRT,308.95,8.19,D
-31.38863,146.59863,351.01,0.44,0.63,2025-03-18,0313,N21,nominal,2.0NRT,309.59,12.14,D
-31.20596,146.90376,367,0.42,0.61,2025-03-18,0313,N21,high,2.0NRT,308.44,9,D
-31.20625,146.89928,367,0.42,0.61,2025-03-18,0313,N21,high,2.0NRT,307.67,15.89,D
-31.20568,146.90823,336.92,0.42,0.61,2025-03-18,0313,N21,nominal,2.0NRT,307.36,9,D
-31.19969,146.91226,340.52,0.42,0.61,2025-03-18,0313,N21,nominal,2.0NRT,308.1,7.53,D
-31.19997,146.90781,340.14,0.42,0.61,2025-03-18,0313,N21,nominal,2.0NRT,309.26,9,D
-30.54531,150.46254,350.56,0.51,0.49,2025-03-18,0313,N21,nominal,2.0NRT,302.78,16.43,D
-30.54584,150.45702,339.39,0.51,0.49,2025-03-18,0313,N21,nominal,2.0NRT,306.69,10.76,D
-30.54073,150.46198,330.88,0.51,0.49,2025-03-18,0313,N21,low,2.0NRT,301.3,3.58,D
-30.54126,150.45645,355.25,0.51,0.49,2025-03-18,0313,N21,nominal,2.0NRT,305.7,14.94,D
-30.33072,150.32983,330.48,0.52,0.5,2025-03-18,0313,N21,nominal,2.0NRT,297.12,5.03,D
-30.32611,150.32927,332.01,0.52,0.5,2025-03-18,0313,N21,nominal,2.0NRT,297.77,5.03,D
-29.35421,149.58319,338.33,0.56,0.51,2025-03-18,0315,N21,nominal,2.0NRT,304.74,7.75,D
-28.65185,150.45467,336.95,0.49,0.48,2025-03-18,0315,N21,nominal,2.0NRT,302.07,5.37,D
-28.65033,150.01086,331.88,0.52,0.5,2025-03-18,0315,N21,low,2.0NRT,304.68,2.55,D
-27.72592,148.56252,330.84,0.62,0.54,2025-03-18,0315,N21,low,2.0NRT,305.79,14.23,D
-27.20835,150.61963,343.06,0.46,0.47,2025-03-18,0315,N21,nominal,2.0NRT,283.75,12.46,D
-27.20884,150.61496,330.51,0.46,0.47,2025-03-18,0315,N21,nominal,2.0NRT,282.58,12.46,D
-32.46769,117.43415,335.89,0.76,0.77,2025-03-18,0453,N21,nominal,2.0NRT,305.46,6.89,D
-37.09333,149.02394,345.33,0.49,0.65,2025-03-18,0451,N21,nominal,2.0NRT,293.62,29.7,D
-32.39934,118.22413,367,0.68,0.74,2025-03-18,0453,N21,high,2.0NRT,307.67,21.17,D
-32.39908,118.23153,347.2,0.68,0.74,2025-03-18,0453,N21,nominal,2.0NRT,305.02,15.58,D
-37.08607,149.02672,367,0.49,0.65,2025-03-18,0451,N21,high,2.0NRT,295.79,29.7,D
-32.22434,118.29225,367,0.67,0.74,2025-03-18,0453,N21,high,2.0NRT,314.51,34.15,D
-32.22457,118.28516,353.2,0.68,0.74,2025-03-18,0453,N21,nominal,2.0NRT,310.18,43.53,D
-37.08934,149.01518,367,0.49,0.65,2025-03-18,0451,N21,high,2.0NRT,298.68,40.3,D
-37.08774,149.02083,351.52,0.49,0.65,2025-03-18,0451,N21,nominal,2.0NRT,311.35,29.7,D
-32.21748,118.29191,345.26,0.67,0.74,2025-03-18,0453,N21,nominal,2.0NRT,309.66,34.15,D
-37.08034,149.02406,367,0.49,0.65,2025-03-18,0451,N21,high,2.0NRT,306.26,114.23,D
-32.22385,118.29135,367,0.67,0.74,2025-03-18,0453,N21,high,2.0NRT,315.42,34.72,D
-38.17089,144.04425,343.1,0.51,0.49,2025-03-18,0451,N21,nominal,2.0NRT,305.48,6.25,D
-32.22412,118.28426,351.79,0.67,0.74,2025-03-18,0453,N21,nominal,2.0NRT,309.95,34.72,D
-38.16251,144.05956,341.5,0.51,0.49,2025-03-18,0451,N21,nominal,2.0NRT,304.49,30.29,D
-32.217,118.29105,346.56,0.67,0.74,2025-03-18,0453,N21,nominal,2.0NRT,309.49,11.62,D
-38.16382,144.05392,344.54,0.51,0.49,2025-03-18,0451,N21,nominal,2.0NRT,312.74,47.59,D
-38.16514,144.04825,352.04,0.51,0.49,2025-03-18,0451,N21,nominal,2.0NRT,315.18,47.59,D
-32.14017,117.39482,334.72,0.76,0.77,2025-03-18,0453,N21,low,2.0NRT,309.65,8.55,D
-38.16646,144.04259,348.4,0.51,0.49,2025-03-18,0451,N21,nominal,2.0NRT,307.32,38.73,D
-32.11471,118.24781,333.49,0.68,0.74,2025-03-18,0453,N21,nominal,2.0NRT,306.97,8.84,D
-32.14439,117.39251,335.69,0.76,0.77,2025-03-18,0453,N21,low,2.0NRT,308.69,12.93,D
-38.15807,144.05792,342.83,0.51,0.49,2025-03-18,0451,N21,nominal,2.0NRT,313.68,30.29,D
-32.10756,118.25498,367,0.68,0.74,2025-03-18,0453,N21,high,2.0NRT,310.33,34.28,D
-38.15938,144.05228,348.65,0.51,0.49,2025-03-18,0451,N21,nominal,2.0NRT,309.87,47.59,D
-32.10783,118.24772,336.79,0.68,0.74,2025-03-18,0453,N21,nominal,2.0NRT,309.24,8.84,D
-38.16071,144.0466,342.71,0.51,0.49,2025-03-18,0451,N21,nominal,2.0NRT,307.12,47.59,D
-32.06351,117.19353,351.4,0.78,0.78,2025-03-18,0453,N21,nominal,2.0NRT,309.86,15.99,D
-37.83326,144.78766,339.07,0.57,0.52,2025-03-18,0451,N21,nominal,2.0NRT,302.15,5.46,D
-32.06167,117.19668,334.52,0.78,0.78,2025-03-18,0453,N21,low,2.0NRT,307.26,11.4,D
-37.97873,143.85141,338.13,0.5,0.49,2025-03-18,0451,N21,nominal,2.0NRT,307.46,9.13,D
-32.06216,117.18083,337.4,0.78,0.78,2025-03-18,0453,N21,low,2.0NRT,307.81,7.5,D
-37.99295,143.38614,352.49,0.48,0.48,2025-03-18,0451,N21,nominal,2.0NRT,306.56,27.66,D
-32.05468,117.1886,337.91,0.78,0.78,2025-03-18,0453,N21,low,2.0NRT,308.12,11.4,D
-37.98865,143.38451,346.89,0.48,0.48,2025-03-18,0451,N21,nominal,2.0NRT,308.34,27.66,D
-31.87158,117.19088,336.07,0.78,0.78,2025-03-18,0453,N21,low,2.0NRT,308.91,7.74,D
-37.87881,143.53574,343.67,0.49,0.48,2025-03-18,0451,N21,nominal,2.0NRT,314.3,25.46,D
-31.71264,118.48158,335.86,0.65,0.73,2025-03-18,0453,N21,low,2.0NRT,308.58,7.78,D
-37.87447,143.53409,367,0.49,0.48,2025-03-18,0451,N21,high,2.0NRT,326.03,67.01,D
-31.7129,118.4744,338.74,0.65,0.73,2025-03-18,0453,N21,low,2.0NRT,309.64,7.78,D
-31.60194,118.65736,346.91,0.64,0.72,2025-03-18,0453,N21,nominal,2.0NRT,307.88,14.3,D
-37.8732,143.53952,341.4,0.49,0.48,2025-03-18,0451,N21,nominal,2.0NRT,306.59,40.13,D
-37.91918,143.34129,341.26,0.48,0.48,2025-03-18,0451,N21,nominal,2.0NRT,307.36,20.2,D
-31.60537,118.66283,340.48,0.63,0.72,2025-03-18,0453,N21,nominal,2.0NRT,308.66,11.89,D
-31.60568,118.65591,335.84,0.63,0.72,2025-03-18,0453,N21,nominal,2.0NRT,305.79,6.67,D
-37.9204,143.33595,347.81,0.47,0.48,2025-03-18,0451,N21,nominal,2.0NRT,319.87,20.2,D
-37.91611,143.33435,337.35,0.47,0.48,2025-03-18,0451,N21,nominal,2.0NRT,306.72,20.2,D
-31.59898,118.65565,337.92,0.63,0.72,2025-03-18,0453,N21,low,2.0NRT,308.14,6.67,D
-37.87696,143.53258,337.1,0.49,0.48,2025-03-18,0451,N21,low,2.0NRT,310.96,50.26,D
-31.57734,118.68978,336.04,0.63,0.72,2025-03-18,0453,N21,low,2.0NRT,309.08,12.46,D
-37.92054,143.33916,342.58,0.48,0.48,2025-03-18,0451,N21,nominal,2.0NRT,305.27,19.66,D
-31.57764,118.68288,340.28,0.63,0.72,2025-03-18,0453,N21,nominal,2.0NRT,307.12,8.65,D
-37.87573,143.53799,367,0.49,0.48,2025-03-18,0451,N21,low,2.0NRT,330.47,50.26,D
-31.57064,118.68955,345.53,0.63,0.72,2025-03-18,0453,N21,nominal,2.0NRT,309.92,12.46,D
-31.57094,118.68272,339.79,0.63,0.72,2025-03-18,0453,N21,nominal,2.0NRT,308.61,8.65,D
-37.87139,143.53636,342.19,0.49,0.48,2025-03-18,0451,N21,nominal,2.0NRT,310.07,50.26,D
-31.5768,118.54573,333.67,0.64,0.72,2025-03-18,0453,N21,low,2.0NRT,307.3,4.92,D
-37.91745,143.33217,341.44,0.48,0.48,2025-03-18,0451,N21,nominal,2.0NRT,309.26,62.44,D
-31.60877,117.30844,335.33,0.76,0.77,2025-03-18,0453,N21,low,2.0NRT,308.19,5.67,D
-37.87994,143.31255,332.76,0.47,0.48,2025-03-18,0451,N21,low,2.0NRT,307.4,4.34,D
-31.56897,118.23489,367,0.67,0.74,2025-03-18,0453,N21,high,2.0NRT,315.3,47.11,D
-37.90665,142.82021,340.33,0.45,0.47,2025-03-18,0451,N21,nominal,2.0NRT,305.78,11.14,D
-31.54449,118.67404,367,0.63,0.72,2025-03-18,0453,N21,high,2.0NRT,312.57,32.76,D
-37.90775,142.81525,338.51,0.45,0.47,2025-03-18,0451,N21,nominal,2.0NRT,306.79,11.14,D
-37.82311,142.97015,335.84,0.46,0.47,2025-03-18,0451,N21,low,2.0NRT,308.69,2.63,D
-31.54477,118.66723,367,0.63,0.72,2025-03-18,0453,N21,high,2.0NRT,311.19,29.73,D
-37.70145,143.32056,341.53,0.48,0.48,2025-03-18,0451,N21,nominal,2.0NRT,308.93,4.99,D
-31.56212,118.23489,367,0.67,0.74,2025-03-18,0453,N21,high,2.0NRT,312.19,47.11,D
-37.70324,143.31865,343.74,0.48,0.48,2025-03-18,0451,N21,nominal,2.0NRT,308.38,4.71,D
-31.54652,117.4686,367,0.75,0.77,2025-03-18,0453,N21,high,2.0NRT,314.57,44.52,D
-36.96976,142.83612,354.31,0.47,0.48,2025-03-18,0451,N21,nominal,2.0NRT,310.25,12.81,D
-31.54701,117.45225,367,0.75,0.77,2025-03-18,0453,N21,high,2.0NRT,310.78,23.19,D
-36.82618,142.8575,335.84,0.47,0.48,2025-03-18,0451,N21,low,2.0NRT,310.07,6.6,D
-31.54677,117.4604,355.42,0.75,0.77,2025-03-18,0453,N21,nominal,2.0NRT,312.1,23.19,D
-36.82186,142.856,347.91,0.47,0.48,2025-03-18,0451,N21,nominal,2.0NRT,313.76,6.6,D
-36.82305,142.85075,349.81,0.47,0.48,2025-03-18,0451,N21,nominal,2.0NRT,311.11,8.24,D
-31.53964,117.46028,367,0.75,0.77,2025-03-18,0453,N21,high,2.0NRT,313,26.03,D
-36.86286,142.67537,335.65,0.46,0.47,2025-03-18,0451,N21,low,2.0NRT,308.5,4.42,D
-31.53988,117.45219,367,0.75,0.77,2025-03-18,0453,N21,high,2.0NRT,313.95,26.03,D
-31.54984,117.46517,367,0.75,0.77,2025-03-18,0453,N21,high,2.0NRT,311.62,23.76,D
-36.86401,142.67027,343.18,0.46,0.47,2025-03-18,0451,N21,nominal,2.0NRT,309.75,4.42,D
-31.54954,117.47328,349.86,0.75,0.77,2025-03-18,0453,N21,nominal,2.0NRT,311.39,15.4,D
-36.85858,142.6739,341.49,0.46,0.47,2025-03-18,0451,N21,nominal,2.0NRT,308.59,5.39,D
-31.55013,117.45705,340.57,0.75,0.77,2025-03-18,0453,N21,nominal,2.0NRT,309.78,23.76,D
-36.68961,142.7261,352.01,0.47,0.48,2025-03-18,0451,N21,nominal,2.0NRT,308.21,15.1,D
-31.54271,117.46513,367,0.75,0.77,2025-03-18,0453,N21,high,2.0NRT,311.22,23.76,D
-36.69077,142.7209,339.58,0.47,0.48,2025-03-18,0451,N21,nominal,2.0NRT,308.01,7.58,D
-31.543,117.45703,367,0.75,0.77,2025-03-18,0453,N21,high,2.0NRT,315.44,23.76,D
-36.94564,141.55013,341.43,0.41,0.45,2025-03-18,0451,N21,nominal,2.0NRT,306.39,8.86,D
-31.54242,117.47318,335.62,0.75,0.77,2025-03-18,0453,N21,nominal,2.0NRT,307.3,15.4,D
-36.68415,142.72978,367,0.47,0.48,2025-03-18,0451,N21,high,2.0NRT,313.86,15.1,D
-31.54329,117.44888,348.93,0.75,0.77,2025-03-18,0453,N21,nominal,2.0NRT,310.14,27.56,D
-36.68531,142.72459,367,0.47,0.48,2025-03-18,0451,N21,high,2.0NRT,315.5,15.1,D
-31.41013,118.58919,335.25,0.64,0.72,2025-03-18,0453,N21,low,2.0NRT,308.3,9.54,D
-36.68647,142.71939,347.11,0.47,0.48,2025-03-18,0451,N21,nominal,2.0NRT,314.78,7.58,D
-31.40341,118.58887,343.54,0.64,0.72,2025-03-18,0453,N21,nominal,2.0NRT,308.52,9.54,D
-36.67986,142.72826,353.13,0.47,0.48,2025-03-18,0451,N21,nominal,2.0NRT,317.93,29.31,D
-31.40368,118.58198,334.13,0.64,0.72,2025-03-18,0453,N21,nominal,2.0NRT,306.67,9.43,D
-31.40396,118.57505,344.65,0.64,0.72,2025-03-18,0453,N21,nominal,2.0NRT,308.37,9.43,D
-36.57637,142.99925,335.13,0.49,0.49,2025-03-18,0451,N21,low,2.0NRT,308.49,2.71,D
-31.39723,118.57474,367,0.64,0.72,2025-03-18,0453,N21,high,2.0NRT,312.55,16.34,D
-35.45804,147.39958,367,0.45,0.63,2025-03-18,0451,N21,high,2.0NRT,297.04,14.53,D
-31.39669,118.58849,336.83,0.64,0.72,2025-03-18,0453,N21,low,2.0NRT,308.72,14.06,D
-36.6988,142.33694,339.71,0.45,0.47,2025-03-18,0451,N21,low,2.0NRT,313.96,8,D
-31.39696,118.58165,347.58,0.64,0.72,2025-03-18,0453,N21,nominal,2.0NRT,308.29,16.34,D
-35.45658,147.40289,339.82,0.45,0.63,2025-03-18,0451,N21,nominal,2.0NRT,296.28,11.11,D
-31.39024,118.58131,345.31,0.64,0.72,2025-03-18,0453,N21,nominal,2.0NRT,309.53,16.34,D
-35.45786,147.39813,354.99,0.45,0.63,2025-03-18,0451,N21,nominal,2.0NRT,297.54,12.98,D
-31.40723,118.59156,334.51,0.64,0.72,2025-03-18,0453,N21,low,2.0NRT,308.85,6.01,D
-36.85174,141.43034,339.16,0.4,0.44,2025-03-18,0451,N21,low,2.0NRT,310.52,9.94,D
-31.40052,118.59121,340.21,0.64,0.72,2025-03-18,0453,N21,nominal,2.0NRT,308.71,12.46,D
-31.40083,118.58438,342.86,0.64,0.72,2025-03-18,0453,N21,nominal,2.0NRT,307.82,12.46,D
-36.75955,141.55827,341.84,0.41,0.45,2025-03-18,0451,N21,nominal,2.0NRT,308.01,12.6,D
-31.40114,118.57748,355.29,0.64,0.72,2025-03-18,0453,N21,nominal,2.0NRT,308.63,14.5,D
-36.76052,141.55376,354.49,0.41,0.45,2025-03-18,0451,N21,nominal,2.0NRT,318.05,18.16,D
-31.40146,118.57056,355.75,0.64,0.72,2025-03-18,0453,N21,nominal,2.0NRT,309.2,14.5,D
-36.76151,141.54926,341.95,0.41,0.45,2025-03-18,0451,N21,nominal,2.0NRT,308.72,18.16,D
-31.39442,118.57719,367,0.64,0.72,2025-03-18,0453,N21,high,2.0NRT,311.31,14.5,D
-36.75911,141.55031,341.53,0.41,0.45,2025-03-18,0451,N21,nominal,2.0NRT,311.14,7.31,D
-31.39411,118.58406,350.3,0.64,0.72,2025-03-18,0453,N21,nominal,2.0NRT,309.35,12.46,D
-36.73236,141.59482,341.27,0.41,0.45,2025-03-18,0451,N21,nominal,2.0NRT,309.14,3.25,D
-31.39473,118.57028,336.8,0.64,0.72,2025-03-18,0453,N21,nominal,2.0NRT,310.28,14.5,D
-36.71574,141.55038,341.02,0.41,0.45,2025-03-18,0451,N21,nominal,2.0NRT,304.88,10.21,D
-31.39364,117.55381,334.36,0.74,0.76,2025-03-18,0453,N21,nominal,2.0NRT,306.63,8.55,D
-36.71671,141.54585,354.44,0.41,0.45,2025-03-18,0451,N21,nominal,2.0NRT,306.74,10.21,D
-31.39392,117.54601,344.71,0.74,0.76,2025-03-18,0453,N21,nominal,2.0NRT,305.37,8.55,D
-31.3942,117.53791,330.89,0.74,0.76,2025-03-18,0453,N21,low,2.0NRT,305.74,9.01,D
-36.71266,141.54453,346.39,0.41,0.45,2025-03-18,0451,N21,nominal,2.0NRT,310.78,10.21,D
-31.38656,117.55354,333.58,0.74,0.76,2025-03-18,0453,N21,low,2.0NRT,307.15,8.62,D
-36.69062,141.56633,355.77,0.41,0.45,2025-03-18,0451,N21,nominal,2.0NRT,314.72,43.94,D
-31.38683,117.54572,338.8,0.74,0.76,2025-03-18,0453,N21,nominal,2.0NRT,306.59,8.62,D
-36.69257,141.55727,339.13,0.41,0.45,2025-03-18,0451,N21,nominal,2.0NRT,306.9,78.06,D
-31.37975,117.5452,345.58,0.74,0.76,2025-03-18,0453,N21,nominal,2.0NRT,307.42,8.62,D
-36.68754,141.56046,367,0.41,0.45,2025-03-18,0451,N21,high,2.0NRT,315.23,19.5,D
-31.37242,117.55256,337.63,0.74,0.76,2025-03-18,0453,N21,nominal,2.0NRT,306.45,6.77,D
-36.68462,141.57405,339.18,0.41,0.45,2025-03-18,0451,N21,low,2.0NRT,311.71,4.11,D
-31.37268,117.54469,338.33,0.74,0.76,2025-03-18,0453,N21,nominal,2.0NRT,306.11,6.77,D
-36.6856,141.56952,346.66,0.41,0.45,2025-03-18,0451,N21,nominal,2.0NRT,312.53,6.66,D
-31.18317,118.01265,349.24,0.69,0.74,2025-03-18,0453,N21,nominal,2.0NRT,308.75,9.91,D
-36.68657,141.56497,344.54,0.41,0.45,2025-03-18,0451,N21,nominal,2.0NRT,312.45,6.66,D
-31.18345,118.00558,344.49,0.69,0.74,2025-03-18,0453,N21,nominal,2.0NRT,308.95,9.91,D
-31.17627,118.01221,347.33,0.69,0.74,2025-03-18,0453,N21,nominal,2.0NRT,309.78,11.93,D
-36.70188,141.47336,367,0.41,0.45,2025-03-18,0451,N21,high,2.0NRT,307.04,12.05,D
-31.13361,117.20599,342.65,0.77,0.77,2025-03-18,0453,N21,nominal,2.0NRT,309.86,10.52,D
-36.62977,141.80762,345.29,0.42,0.46,2025-03-18,0451,N21,nominal,2.0NRT,313.23,6.08,D
-31.06162,117.75033,341.44,0.71,0.75,2025-03-18,0453,N21,nominal,2.0NRT,311.54,8.98,D
-36.63078,141.80298,343.58,0.42,0.45,2025-03-18,0451,N21,nominal,2.0NRT,311.42,6.08,D
-31.05462,117.75003,367,0.71,0.75,2025-03-18,0453,N21,high,2.0NRT,310.73,15.42,D
-36.70284,141.46889,343.39,0.41,0.45,2025-03-18,0451,N21,nominal,2.0NRT,306.8,6.32,D
-31.00387,117.05708,367,0.78,0.78,2025-03-18,0453,N21,high,2.0NRT,308.59,28.77,D
-36.69784,141.472,352.05,0.41,0.45,2025-03-18,0451,N21,nominal,2.0NRT,308.59,8.67,D
-31.00415,117.04879,354.44,0.78,0.78,2025-03-18,0453,N21,nominal,2.0NRT,311.7,28.77,D
-36.6988,141.46754,352.6,0.41,0.45,2025-03-18,0451,N21,nominal,2.0NRT,309.02,8.24,D
-30.9969,117.04852,367,0.78,0.78,2025-03-18,0453,N21,high,2.0NRT,311.31,28.77,D
-30.86718,118.1223,336.87,0.68,0.74,2025-03-18,0453,N21,low,2.0NRT,308.12,10.67,D
-36.6587,141.49292,367,0.41,0.45,2025-03-18,0451,N21,high,2.0NRT,310.97,10.13,D
-30.32427,117.10278,367,0.77,0.77,2025-03-18,0453,N21,high,2.0NRT,312.03,12.4,D
-36.65968,141.48839,340.5,0.41,0.45,2025-03-18,0451,N21,nominal,2.0NRT,304.02,10.13,D
-30.32454,117.09469,335.02,0.77,0.77,2025-03-18,0453,N21,nominal,2.0NRT,309.09,12.4,D
-36.65369,141.49608,342.74,0.41,0.45,2025-03-18,0451,N21,nominal,2.0NRT,305.6,10.62,D
-30.31708,117.10233,343.98,0.77,0.77,2025-03-18,0453,N21,nominal,2.0NRT,312,12.4,D
-36.65466,141.49156,354.48,0.41,0.45,2025-03-18,0451,N21,nominal,2.0NRT,307.93,10.13,D
-30.32135,117.10931,337.45,0.77,0.77,2025-03-18,0453,N21,low,2.0NRT,309.72,16.11,D
-36.65564,141.48706,341.4,0.41,0.45,2025-03-18,0451,N21,nominal,2.0NRT,306.3,10.13,D
-30.32166,117.10149,354.89,0.77,0.77,2025-03-18,0453,N21,nominal,2.0NRT,311.81,16.11,D
-36.66031,141.49457,351.35,0.41,0.45,2025-03-18,0451,N21,nominal,2.0NRT,304.56,12.37,D
-26.49014,129.16707,338.94,0.43,0.38,2025-03-18,0455,N21,low,2.0NRT,312.18,22.76,D
-36.65627,141.49323,367,0.41,0.45,2025-03-18,0451,N21,high,2.0NRT,309.04,12.37,D
-36.65531,141.49776,331.64,0.41,0.45,2025-03-18,0451,N21,nominal,2.0NRT,301.81,2.61,D
-26.48664,129.1665,349.65,0.43,0.38,2025-03-18,0455,N21,nominal,2.0NRT,319.12,22.76,D
-36.65722,141.48872,355.3,0.41,0.45,2025-03-18,0451,N21,nominal,2.0NRT,309.03,12.37,D
-26.48723,129.1622,345.76,0.43,0.38,2025-03-18,0455,N21,low,2.0NRT,317.89,22.76,D
-36.65318,141.48735,340.05,0.41,0.45,2025-03-18,0451,N21,nominal,2.0NRT,305.38,3.93,D
-26.48315,129.16594,346.67,0.43,0.38,2025-03-18,0455,N21,low,2.0NRT,319.02,15.19,D
-36.71544,141.14893,342.61,0.39,0.44,2025-03-18,0451,N21,nominal,2.0NRT,310.71,23.27,D
-26.47965,129.16536,353.11,0.43,0.38,2025-03-18,0455,N21,nominal,2.0NRT,315,15.19,D
-36.71634,141.14461,340.3,0.39,0.44,2025-03-18,0451,N21,nominal,2.0NRT,308.27,14.87,D
-23.26184,122.87647,343.63,0.57,0.52,2025-03-18,0455,N21,nominal,2.0NRT,313.56,20.74,D
-36.71147,141.14763,352.08,0.39,0.44,2025-03-18,0451,N21,nominal,2.0NRT,318.72,23.27,D
-21.95124,120.47011,335.57,0.4,0.6,2025-03-18,0455,N21,nominal,2.0NRT,302.88,4.84,D
-36.71237,141.1433,355.51,0.39,0.44,2025-03-18,0451,N21,nominal,2.0NRT,312.15,14.87,D
-21.94503,120.47709,331.77,0.4,0.6,2025-03-18,0455,N21,nominal,2.0NRT,301.69,9.59,D
-36.71979,141.02634,345.27,0.39,0.44,2025-03-18,0451,N21,nominal,2.0NRT,308.92,19.68,D
-21.94537,120.47332,336.16,0.4,0.6,2025-03-18,0455,N21,low,2.0NRT,306.26,16.21,D
-36.72068,141.02205,342.88,0.39,0.44,2025-03-18,0451,N21,nominal,2.0NRT,317.37,19.68,D
-21.93951,120.47655,345.93,0.4,0.6,2025-03-18,0455,N21,nominal,2.0NRT,302.45,9.59,D
-36.71673,141.02077,367,0.39,0.44,2025-03-18,0451,N21,high,2.0NRT,313.48,12.43,D
-21.93985,120.47273,353,0.4,0.6,2025-03-18,0455,N21,nominal,2.0NRT,308.24,16.21,D
-36.25611,143.10944,338.68,0.5,0.49,2025-03-18,0451,N21,low,2.0NRT,310.3,8.85,D
-21.93399,120.47596,331.24,0.4,0.6,2025-03-18,0455,N21,nominal,2.0NRT,300.54,26.43,D
-36.39469,142.49527,335.75,0.47,0.47,2025-03-18,0451,N21,nominal,2.0NRT,307.84,2.05,D
-21.93434,120.47208,347.83,0.4,0.6,2025-03-18,0455,N21,nominal,2.0NRT,309.44,21.05,D
-36.38927,142.49892,367,0.47,0.47,2025-03-18,0451,N21,high,2.0NRT,315.34,12.72,D
-21.92883,120.47141,350.98,0.4,0.6,2025-03-18,0455,N21,nominal,2.0NRT,302.78,21.05,D
-36.25294,143.1024,346,0.5,0.49,2025-03-18,0451,N21,nominal,2.0NRT,311.15,8.16,D
-21.93936,120.47546,367,0.4,0.6,2025-03-18,0455,N21,high,2.0NRT,305.48,28.76,D
-36.38814,142.50403,341.43,0.47,0.47,2025-03-18,0451,N21,nominal,2.0NRT,310.8,12.72,D
-21.93973,120.47167,353.42,0.4,0.6,2025-03-18,0455,N21,nominal,2.0NRT,305.92,28.73,D
-36.39041,142.49382,341.55,0.47,0.47,2025-03-18,0451,N21,nominal,2.0NRT,311.49,7.85,D
-21.93385,120.47488,367,0.4,0.6,2025-03-18,0455,N21,high,2.0NRT,302.41,28.76,D
-36.68622,141.06569,336.52,0.39,0.44,2025-03-18,0451,N21,nominal,2.0NRT,308.02,17.35,D
-21.93422,120.47102,336.06,0.4,0.6,2025-03-18,0455,N21,nominal,2.0NRT,307.28,28.73,D
-36.68712,141.0614,367,0.39,0.44,2025-03-18,0451,N21,low,2.0NRT,327.02,62.13,D
-21.34287,124.62041,345.09,0.42,0.45,2025-03-18,0455,N21,nominal,2.0NRT,305.41,14.48,D
-36.68316,141.06012,352.53,0.39,0.44,2025-03-18,0451,N21,nominal,2.0NRT,315.76,9.35,D
-21.31547,124.60031,342.81,0.42,0.45,2025-03-18,0455,N21,nominal,2.0NRT,306.44,11.48,D
-36.6783,141.06313,338.05,0.39,0.44,2025-03-18,0451,N21,nominal,2.0NRT,310.33,8.26,D
-21.30013,124.58585,367,0.42,0.46,2025-03-18,0455,N21,high,2.0NRT,307.48,19.95,D
-36.6792,141.05882,343.14,0.39,0.44,2025-03-18,0451,N21,nominal,2.0NRT,312.1,9.35,D
-21.30061,124.58176,350.31,0.42,0.46,2025-03-18,0455,N21,nominal,2.0NRT,306.21,15.64,D
-36.41401,141.70044,343.46,0.42,0.45,2025-03-18,0451,N21,nominal,2.0NRT,308.79,17.88,D
-21.30261,124.52783,343.42,0.43,0.46,2025-03-18,0455,N21,nominal,2.0NRT,306.75,9.21,D
-36.41502,141.69579,338.36,0.42,0.45,2025-03-18,0451,N21,low,2.0NRT,311.86,17.88,D
-21.2984,124.52728,342.03,0.43,0.46,2025-03-18,0455,N21,nominal,2.0NRT,306.26,9.21,D
-36.4099,141.6991,353.9,0.42,0.45,2025-03-18,0451,N21,nominal,2.0NRT,313.99,48.89,D
-19.5403,131.78432,348.35,0.4,0.37,2025-03-18,0457,N21,nominal,2.0NRT,312.32,10.54,D
-34.87235,147.72473,347.96,0.48,0.65,2025-03-18,0451,N21,nominal,2.0NRT,266.64,21.98,D
-19.53692,131.78371,347.12,0.4,0.37,2025-03-18,0457,N21,nominal,2.0NRT,314.82,10.54,D
-34.87381,147.71941,355.76,0.48,0.65,2025-03-18,0451,N21,low,2.0NRT,270.3,27.18,D
-19.53354,131.7831,349.86,0.4,0.37,2025-03-18,0457,N21,nominal,2.0NRT,313.61,9.16,D
-34.83215,147.66252,367,0.48,0.65,2025-03-18,0451,N21,high,2.0NRT,294.39,27.58,D
-19.53016,131.78247,348.04,0.4,0.37,2025-03-18,0457,N21,nominal,2.0NRT,309.96,9.16,D
-34.83072,147.66768,333.94,0.48,0.65,2025-03-18,0451,N21,nominal,2.0NRT,279.43,27.58,D
-19.5274,131.77803,350.9,0.4,0.37,2025-03-18,0457,N21,nominal,2.0NRT,308.41,18.4,D
-34.83359,147.65732,335.08,0.48,0.64,2025-03-18,0451,N21,nominal,2.0NRT,286.08,24.43,D
-19.52465,131.77359,353.68,0.4,0.37,2025-03-18,0457,N21,nominal,2.0NRT,311,18.4,D
-34.8357,147.66026,349.63,0.48,0.65,2025-03-18,0451,N21,nominal,2.0NRT,286.17,42.82,D
-19.51425,131.75201,341.14,0.4,0.37,2025-03-18,0457,N21,nominal,2.0NRT,309.43,14.9,D
-34.8343,147.66542,355.94,0.48,0.65,2025-03-18,0451,N21,low,2.0NRT,285.87,25.24,D
-19.51326,131.75182,339.26,0.4,0.37,2025-03-18,0457,N21,nominal,2.0NRT,309.15,11.59,D
-34.82862,147.66293,340.08,0.48,0.65,2025-03-18,0451,N21,nominal,2.0NRT,290.81,25.24,D
-21.13538,115.95355,353.43,0.77,0.77,2025-03-18,0457,N21,nominal,2.0NRT,289.2,32.09,D
-34.91777,147.1243,337.22,0.45,0.63,2025-03-18,0451,N21,nominal,2.0NRT,279.01,20.62,D
-21.12823,115.95305,355.7,0.77,0.77,2025-03-18,0457,N21,low,2.0NRT,289.37,32.09,D
-34.91651,147.12897,355.55,0.45,0.63,2025-03-18,0451,N21,low,2.0NRT,285.34,20.62,D
-21.12108,115.95255,331.87,0.77,0.77,2025-03-18,0457,N21,nominal,2.0NRT,289.09,13.53,D
-34.91092,147.12683,367,0.45,0.63,2025-03-18,0451,N21,high,2.0NRT,297.76,20.62,D
-19.5521,130.18039,347.51,0.38,0.36,2025-03-18,0457,N21,nominal,2.0NRT,309.34,12.99,D
-34.91219,147.12213,342.33,0.45,0.63,2025-03-18,0451,N21,nominal,2.0NRT,288.94,20.62,D
-19.50237,130.21655,336.52,0.38,0.36,2025-03-18,0457,N21,nominal,2.0NRT,305.73,3.82,D
-34.6341,148.11125,333.18,0.51,0.66,2025-03-18,0451,N21,low,2.0NRT,304.52,7.5,D
-21.13208,115.95232,355.64,0.77,0.77,2025-03-18,0457,N21,low,2.0NRT,289.35,36.08,D
-34.48832,148.13829,351.84,0.52,0.67,2025-03-18,0451,N21,nominal,2.0NRT,296.17,10.68,D
-21.12493,115.95184,350.47,0.77,0.77,2025-03-18,0457,N21,nominal,2.0NRT,289,36.08,D
-35.44823,143.84723,343.51,0.58,0.52,2025-03-18,0451,N21,nominal,2.0NRT,305.29,19.64,D
-19.48863,130.19557,341.89,0.38,0.36,2025-03-18,0457,N21,nominal,2.0NRT,310.12,7.77,D
-35.44588,143.83784,353.82,0.58,0.52,2025-03-18,0451,N21,nominal,2.0NRT,312.46,47.67,D
-19.48588,130.19138,344.25,0.38,0.36,2025-03-18,0457,N21,nominal,2.0NRT,306.3,13.92,D
-34.45985,147.50674,346.73,0.48,0.65,2025-03-18,0451,N21,nominal,2.0NRT,304.05,4.73,D
-19.48257,130.1908,344.65,0.38,0.36,2025-03-18,0457,N21,nominal,2.0NRT,309.57,13.92,D
-34.40452,147.68427,367,0.49,0.65,2025-03-18,0451,N21,high,2.0NRT,290.58,15.12,D
-19.47982,130.18658,367,0.38,0.36,2025-03-18,0457,N21,high,2.0NRT,310.58,8.55,D
-34.40595,147.67909,341.09,0.49,0.65,2025-03-18,0451,N21,nominal,2.0NRT,292.03,13.31,D
-19.47926,130.19023,337.33,0.38,0.36,2025-03-18,0457,N21,nominal,2.0NRT,308.08,8.55,D
-34.21656,148.19083,367,0.53,0.67,2025-03-18,0451,N21,high,2.0NRT,304.82,26.01,D
-18.60643,131.71214,344.7,0.41,0.37,2025-03-18,0457,N21,nominal,2.0NRT,310.05,8.36,D
-34.21819,148.18512,337.55,0.53,0.67,2025-03-18,0451,N21,nominal,2.0NRT,302.99,18.85,D
-18.60089,131.70323,346.1,0.41,0.37,2025-03-18,0457,N21,nominal,2.0NRT,308.34,12.67,D
-34.21059,148.18845,344.21,0.53,0.67,2025-03-18,0451,N21,nominal,2.0NRT,303.88,6.95,D
-18.38509,132.72243,349.38,0.44,0.39,2025-03-18,0457,N21,nominal,2.0NRT,310.87,8.96,D
-35.38798,143.6772,342.39,0.57,0.52,2025-03-18,0451,N21,nominal,2.0NRT,313.27,21.99,D
-18.3858,132.71826,348.74,0.44,0.39,2025-03-18,0457,N21,nominal,2.0NRT,310.5,8.96,D
-35.38944,143.6711,337.76,0.56,0.52,2025-03-18,0451,N21,nominal,2.0NRT,309.19,17.68,D
-18.36882,132.73239,354.08,0.44,0.39,2025-03-18,0457,N21,nominal,2.0NRT,310.37,16.13,D
-35.3848,143.66945,339.1,0.56,0.52,2025-03-18,0451,N21,nominal,2.0NRT,308.05,4.07,D
-18.36954,132.72818,354.28,0.44,0.39,2025-03-18,0457,N21,nominal,2.0NRT,311.9,19.43,D
-35.38816,143.67566,343.1,0.57,0.52,2025-03-18,0451,N21,low,2.0NRT,314.29,32.91,D
-18.36954,132.72932,367,0.45,0.39,2025-03-18,0457,N21,high,2.0NRT,312.01,21.61,D
-34.21827,148.18907,367,0.53,0.67,2025-03-18,0451,N21,high,2.0NRT,306.43,17.92,D
-18.36885,132.73351,344.43,0.45,0.39,2025-03-18,0457,N21,nominal,2.0NRT,307.87,10.86,D
-34.21232,148.1866,354.07,0.53,0.67,2025-03-18,0451,N21,nominal,2.0NRT,304.12,17.92,D
-18.36531,132.73285,345.59,0.45,0.39,2025-03-18,0457,N21,nominal,2.0NRT,307.4,12.35,D
-34.27279,147.78018,337.6,0.5,0.66,2025-03-18,0451,N21,nominal,2.0NRT,302.56,6.7,D
-18.35894,132.72734,343.47,0.45,0.39,2025-03-18,0457,N21,nominal,2.0NRT,303.69,8.07,D
-34.30188,147.67513,341.5,0.49,0.65,2025-03-18,0451,N21,nominal,2.0NRT,301.07,4.06,D
-17.73876,130.62294,347.78,0.39,0.36,2025-03-18,0457,N21,nominal,2.0NRT,310.65,19.08,D
-34.08638,148.34937,367,0.54,0.68,2025-03-18,0451,N21,high,2.0NRT,303.61,20.96,D
-17.73485,130.62602,342.47,0.39,0.36,2025-03-18,0457,N21,low,2.0NRT,315.07,33.85,D
-34.08862,148.34982,367,0.54,0.68,2025-03-18,0451,N21,high,2.0NRT,302.66,22.11,D
-17.73212,130.62592,338.9,0.39,0.36,2025-03-18,0457,N21,nominal,2.0NRT,307.81,26.11,D
-34.03688,148.36673,336.33,0.55,0.68,2025-03-18,0451,N21,nominal,2.0NRT,302.87,11.69,D
-18.12104,127.83389,341.73,0.41,0.37,2025-03-18,0457,N21,nominal,2.0NRT,309.52,8.11,D
-34.03081,148.36441,367,0.55,0.68,2025-03-18,0451,N21,high,2.0NRT,303.57,16.87,D
-34.00171,148.18307,367,0.54,0.68,2025-03-18,0451,N21,high,2.0NRT,301.45,17.32,D
-18.11762,127.83336,344.68,0.41,0.37,2025-03-18,0457,N21,nominal,2.0NRT,308.58,5.63,D
-33.99583,148.18028,367,0.54,0.68,2025-03-18,0451,N21,high,2.0NRT,302.02,17.32,D
-17.53614,130.6787,342.41,0.39,0.36,2025-03-18,0457,N21,nominal,2.0NRT,310.39,5.73,D
-34.23702,147.27403,340.17,0.47,0.64,2025-03-18,0451,N21,nominal,2.0NRT,303.86,5.21,D
-17.52006,130.67209,342.19,0.39,0.36,2025-03-18,0457,N21,nominal,2.0NRT,310.36,7.99,D
-33.99626,148.18474,367,0.54,0.68,2025-03-18,0451,N21,high,2.0NRT,301.61,19.02,D
-17.5173,130.66785,340.81,0.39,0.36,2025-03-18,0457,N21,nominal,2.0NRT,309.55,6.82,D
-33.99785,148.179,354.95,0.54,0.68,2025-03-18,0451,N21,nominal,2.0NRT,300.03,19.02,D
-16.89693,132.0179,347.51,0.43,0.38,2025-03-18,0457,N21,nominal,2.0NRT,307.16,11.8,D
-34.23265,147.27487,335.21,0.47,0.64,2025-03-18,0451,N21,nominal,2.0NRT,303.39,28.3,D
-16.82432,131.99365,346.21,0.43,0.38,2025-03-18,0457,N21,nominal,2.0NRT,303.23,6.16,D
-34.23401,147.26987,352.11,0.47,0.64,2025-03-18,0451,N21,nominal,2.0NRT,313,52.4,D
-16.82084,131.99301,336.43,0.43,0.38,2025-03-18,0457,N21,nominal,2.0NRT,302.66,6.16,D
-34.28613,147.0528,345.63,0.46,0.63,2025-03-18,0451,N21,nominal,2.0NRT,301.54,6.24,D
-16.8215,131.989,346.33,0.43,0.38,2025-03-18,0457,N21,nominal,2.0NRT,302.4,6.16,D
-34.2818,147.04572,367,0.46,0.63,2025-03-18,0451,N21,high,2.0NRT,308.97,102.25,D
-16.81188,132.00385,337.5,0.43,0.38,2025-03-18,0457,N21,nominal,2.0NRT,300.56,3.94,D
-34.27921,147.05536,338.33,0.46,0.63,2025-03-18,0451,N21,nominal,2.0NRT,304.79,40.85,D
-16.80491,132.00258,333.1,0.43,0.38,2025-03-18,0457,N21,low,2.0NRT,303.95,5.67,D
-34.28309,147.04089,336.82,0.46,0.63,2025-03-18,0451,N21,nominal,2.0NRT,303.59,11.44,D
-34.27746,147.03865,367,0.46,0.63,2025-03-18,0451,N21,high,2.0NRT,305,11.44,D
-16.80557,131.99854,339.66,0.43,0.38,2025-03-18,0457,N21,nominal,2.0NRT,305.11,7.54,D
-34.21524,147.24588,335.24,0.47,0.64,2025-03-18,0451,N21,nominal,2.0NRT,302.22,9.95,D
-17.46307,126.65839,336.24,0.45,0.39,2025-03-18,0457,N21,nominal,2.0NRT,303.4,6.37,D
-34.21658,147.24092,348.37,0.47,0.64,2025-03-18,0451,N21,nominal,2.0NRT,302.4,11.18,D
-17.4591,126.58052,344.91,0.45,0.39,2025-03-18,0457,N21,nominal,2.0NRT,300.49,7.14,D
-33.89519,147.72136,367,0.51,0.66,2025-03-18,0451,N21,high,2.0NRT,297.4,14.56,D
-17.45643,126.58074,333.22,0.45,0.39,2025-03-18,0457,N21,nominal,2.0NRT,301.38,5.96,D
-33.89369,147.7267,333.94,0.51,0.66,2025-03-18,0451,N21,nominal,2.0NRT,296.61,17.94,D
-17.44872,126.60976,336.54,0.45,0.39,2025-03-18,0457,N21,nominal,2.0NRT,304.91,6.01,D
-33.88931,147.71904,331.66,0.51,0.66,2025-03-18,0451,N21,nominal,2.0NRT,297.59,14.56,D
-17.45344,126.57608,333.91,0.45,0.39,2025-03-18,0457,N21,nominal,2.0NRT,301.5,5.7,D
-35.17515,142.65175,349.38,0.5,0.49,2025-03-18,0451,N21,nominal,2.0NRT,313.63,6.99,D
-17.45403,126.57185,332.76,0.45,0.39,2025-03-18,0457,N21,nominal,2.0NRT,302,5.7,D
-35.17438,142.65054,353.8,0.5,0.49,2025-03-18,0451,N21,nominal,2.0NRT,313.87,10.27,D
-17.44371,126.356,333.12,0.46,0.39,2025-03-18,0457,N21,low,2.0NRT,305.68,3.63,D
-33.89905,147.72885,337.08,0.51,0.66,2025-03-18,0451,N21,nominal,2.0NRT,295.04,19.96,D
-17.3553,126.94234,338.07,0.43,0.38,2025-03-18,0457,N21,nominal,2.0NRT,307.45,8.1,D
-33.89464,147.72113,367,0.51,0.66,2025-03-18,0451,N21,high,2.0NRT,300.2,19.96,D
-17.32099,127.11108,342.82,0.43,0.38,2025-03-18,0457,N21,nominal,2.0NRT,307.84,10.52,D
-33.86375,147.73853,343.12,0.51,0.66,2025-03-18,0451,N21,nominal,2.0NRT,272.49,18.74,D
-17.32494,127.08286,338.35,0.43,0.38,2025-03-18,0457,N21,nominal,2.0NRT,303.79,4.71,D
-33.86227,147.74387,355.71,0.51,0.66,2025-03-18,0451,N21,low,2.0NRT,286.06,41.17,D
-17.32201,127.07833,342.42,0.43,0.38,2025-03-18,0457,N21,nominal,2.0NRT,305.3,6.88,D
-33.66375,148.16812,367,0.55,0.68,2025-03-18,0451,N21,high,2.0NRT,302.31,33.84,D
-17.31853,127.07779,344.6,0.43,0.38,2025-03-18,0457,N21,nominal,2.0NRT,306.24,6.88,D
-33.65609,148.1714,367,0.55,0.68,2025-03-18,0451,N21,high,2.0NRT,302.75,108.33,D
-17.42184,126.27303,334.63,0.46,0.39,2025-03-18,0457,N21,nominal,2.0NRT,303.97,4.45,D
-33.65125,148.18839,334.15,0.55,0.68,2025-03-18,0451,N21,nominal,2.0NRT,297.07,7.98,D
-17.42242,126.2687,338.05,0.46,0.39,2025-03-18,0457,N21,nominal,2.0NRT,304.26,4.45,D
-33.65771,148.16576,342.65,0.55,0.68,2025-03-18,0451,N21,nominal,2.0NRT,298.22,108.33,D
-17.36759,126.6451,330.81,0.45,0.39,2025-03-18,0457,N21,low,2.0NRT,304.35,3.26,D
-33.65005,148.16902,367,0.55,0.68,2025-03-18,0451,N21,high,2.0NRT,303.69,108.33,D
-17.37857,126.56473,338.14,0.45,0.39,2025-03-18,0457,N21,nominal,2.0NRT,306.19,3.9,D
-17.41822,126.27249,334.03,0.46,0.39,2025-03-18,0457,N21,nominal,2.0NRT,303.06,4.7,D
-33.65329,148.15768,330.7,0.55,0.68,2025-03-18,0451,N21,nominal,2.0NRT,296.34,33.29,D
-17.41881,126.26815,343.16,0.46,0.39,2025-03-18,0457,N21,nominal,2.0NRT,305.66,4.7,D
-33.65491,148.15199,330.19,0.54,0.68,2025-03-18,0451,N21,nominal,2.0NRT,297.3,33.29,D
-17.37501,126.56422,334.72,0.45,0.39,2025-03-18,0457,N21,low,2.0NRT,306.77,3.9,D
-33.68391,148.05022,342.67,0.54,0.68,2025-03-18,0451,N21,nominal,2.0NRT,296.19,15.5,D
-17.41519,126.26762,350.05,0.46,0.39,2025-03-18,0457,N21,nominal,2.0NRT,305.27,4.7,D
-33.65167,148.16335,207.38,0.55,0.68,2025-03-18,0451,N21,low,2.0NRT,319.72,108.33,D
-17.41157,126.26708,342.78,0.46,0.39,2025-03-18,0457,N21,nominal,2.0NRT,304.99,4.16,D
-33.66665,148.1665,367,0.55,0.68,2025-03-18,0451,N21,high,2.0NRT,299.83,20.22,D
-17.36729,126.56742,335.88,0.45,0.39,2025-03-18,0457,N21,nominal,2.0NRT,305.25,3.99,D
-33.65903,148.1698,367,0.55,0.68,2025-03-18,0451,N21,high,2.0NRT,302.05,53.22,D
-17.40795,126.26655,335.54,0.46,0.39,2025-03-18,0457,N21,nominal,2.0NRT,303.84,4.16,D
-33.66061,148.16411,338.67,0.55,0.68,2025-03-18,0451,N21,nominal,2.0NRT,296.22,20.22,D
-17.37674,126.41661,345.04,0.46,0.39,2025-03-18,0457,N21,nominal,2.0NRT,300.95,14.03,D
-33.65299,148.16737,367,0.55,0.68,2025-03-18,0451,N21,high,2.0NRT,323.33,155.66,D
-17.30723,126.84464,338.9,0.44,0.38,2025-03-18,0457,N21,nominal,2.0NRT,304.53,5.8,D
-33.64823,148.18442,332.37,0.55,0.68,2025-03-18,0451,N21,nominal,2.0NRT,297.96,10.59,D
-17.34646,126.56602,351.52,0.45,0.39,2025-03-18,0457,N21,nominal,2.0NRT,308.55,15.81,D
-33.6514,148.17307,339.5,0.55,0.68,2025-03-18,0451,N21,nominal,2.0NRT,296.48,155.66,D
-17.34289,126.5655,338.62,0.45,0.39,2025-03-18,0457,N21,nominal,2.0NRT,306.37,4.95,D
-33.65457,148.16171,207.38,0.55,0.68,2025-03-18,0451,N21,low,2.0NRT,301.64,63.46,D
-17.34348,126.56129,335.68,0.45,0.39,2025-03-18,0457,N21,nominal,2.0NRT,305.61,4.46,D
-33.64854,148.15924,341.79,0.55,0.68,2025-03-18,0451,N21,nominal,2.0NRT,297.7,63.46,D
-17.25998,127.12729,333.56,0.43,0.38,2025-03-18,0457,N21,low,2.0NRT,305.57,4.34,D
-33.65013,148.15358,335.04,0.55,0.68,2025-03-18,0451,N21,nominal,2.0NRT,298.43,63.46,D
-17.33932,126.56499,335.89,0.45,0.39,2025-03-18,0457,N21,nominal,2.0NRT,305.45,4.95,D
-33.61821,148.05257,337.37,0.54,0.68,2025-03-18,0451,N21,nominal,2.0NRT,301.34,8.59,D
-17.33991,126.5608,334.75,0.45,0.39,2025-03-18,0457,N21,low,2.0NRT,307.37,4.46,D
-34.99124,142.67421,342.27,0.51,0.49,2025-03-18,0451,N21,nominal,2.0NRT,313.36,11.4,D
-33.61219,148.05017,367,0.54,0.68,2025-03-18,0451,N21,high,2.0NRT,302.23,8.59,D
-17.3405,126.5566,339.57,0.45,0.39,2025-03-18,0457,N21,nominal,2.0NRT,306.13,4.46,D
-35.3447,141.05598,348.85,0.41,0.45,2025-03-18,0451,N21,nominal,2.0NRT,310.69,6.57,D
-17.25707,127.12277,337.93,0.43,0.38,2025-03-18,0457,N21,nominal,2.0NRT,302.71,9.43,D
-35.33775,141.06818,344.96,0.41,0.45,2025-03-18,0451,N21,nominal,2.0NRT,309.91,6.91,D
-17.25764,127.11875,335.4,0.43,0.38,2025-03-18,0457,N21,nominal,2.0NRT,302.52,6.32,D
-35.33871,141.06366,354.76,0.41,0.45,2025-03-18,0451,N21,nominal,2.0NRT,308.19,6.91,D
-17.33634,126.56028,338.65,0.45,0.39,2025-03-18,0457,N21,low,2.0NRT,309.47,9.16,D
-35.34063,141.05472,333.75,0.41,0.45,2025-03-18,0451,N21,low,2.0NRT,306.53,4.42,D
-17.33693,126.55608,350.41,0.45,0.39,2025-03-18,0457,N21,nominal,2.0NRT,309.37,9.16,D
-35.33367,141.06688,348.23,0.41,0.45,2025-03-18,0451,N21,nominal,2.0NRT,312.36,6.91,D
-17.33219,126.56398,333.93,0.45,0.39,2025-03-18,0457,N21,low,2.0NRT,304.66,6.28,D
-35.33559,141.05791,343.39,0.41,0.45,2025-03-18,0451,N21,nominal,2.0NRT,309.61,4.42,D
-17.33336,126.55558,348.15,0.45,0.39,2025-03-18,0457,N21,nominal,2.0NRT,305.84,9.16,D
-35.33655,141.05344,343.98,0.41,0.45,2025-03-18,0451,N21,nominal,2.0NRT,310.49,4.42,D
-17.32265,126.55406,338.84,0.45,0.39,2025-03-18,0457,N21,nominal,2.0NRT,304.53,4.67,D
-17.32323,126.54987,331.66,0.45,0.39,2025-03-18,0457,N21,low,2.0NRT,303.82,7.18,D
-35.33152,141.05663,334.32,0.41,0.45,2025-03-18,0451,N21,low,2.0NRT,307.44,2.17,D
-17.32072,126.46261,343.25,0.45,0.39,2025-03-18,0457,N21,nominal,2.0NRT,301.78,10.24,D
-33.61328,148.05386,338.25,0.54,0.68,2025-03-18,0451,N21,nominal,2.0NRT,297.75,10.21,D
-17.20545,127.23698,332.55,0.42,0.38,2025-03-18,0457,N21,nominal,2.0NRT,301.2,3.3,D
-33.61484,148.04819,343.52,0.54,0.68,2025-03-18,0451,N21,nominal,2.0NRT,301.17,9.84,D
-17.24512,126.85217,334.7,0.44,0.38,2025-03-18,0457,N21,nominal,2.0NRT,302.42,3.95,D
-33.80046,146.96751,353.86,0.47,0.64,2025-03-18,0451,N21,nominal,2.0NRT,314.58,69.88,D
-17.29921,126.4596,333.63,0.45,0.39,2025-03-18,0457,N21,nominal,2.0NRT,302.45,6.72,D
-34.77138,143.10313,339.85,0.54,0.51,2025-03-18,0451,N21,nominal,2.0NRT,305.29,20.81,D
-16.33287,132.73491,337.35,0.47,0.4,2025-03-18,0457,N21,nominal,2.0NRT,297.17,8.27,D
-34.77274,143.09731,353.52,0.54,0.51,2025-03-18,0451,N21,nominal,2.0NRT,316.43,20.81,D
-17.29033,126.47117,346.09,0.45,0.39,2025-03-18,0457,N21,nominal,2.0NRT,307.75,24.44,D
-34.74256,143.09953,345.23,0.54,0.51,2025-03-18,0451,N21,nominal,2.0NRT,310.73,13.43,D
-17.28444,126.48756,331.31,0.45,0.39,2025-03-18,0457,N21,nominal,2.0NRT,300.03,5.93,D
-34.74393,143.09373,341.96,0.54,0.51,2025-03-18,0451,N21,nominal,2.0NRT,310.53,11.11,D
-17.28502,126.48333,341.89,0.45,0.39,2025-03-18,0457,N21,nominal,2.0NRT,300.49,6.95,D
-34.73799,143.09796,351.23,0.54,0.51,2025-03-18,0451,N21,nominal,2.0NRT,310.39,13.43,D
-17.28617,126.47486,343.75,0.45,0.39,2025-03-18,0457,N21,nominal,2.0NRT,302.82,24.44,D
-33.79631,146.96512,367,0.47,0.64,2025-03-18,0451,N21,high,2.0NRT,304.26,10.9,D
-17.28675,126.47063,349.69,0.45,0.39,2025-03-18,0457,N21,nominal,2.0NRT,305.14,24.44,D
-33.79502,146.96997,336.19,0.47,0.64,2025-03-18,0451,N21,nominal,2.0NRT,302.19,10.9,D
-17.2879,126.46217,334.31,0.45,0.39,2025-03-18,0457,N21,low,2.0NRT,305.38,59.26,D
-34.74062,143.09828,353.47,0.54,0.51,2025-03-18,0451,N21,nominal,2.0NRT,312.39,17.31,D
-17.28489,126.45741,343.99,0.45,0.39,2025-03-18,0457,N21,nominal,2.0NRT,302.89,7.88,D
-34.73603,143.09673,345.07,0.54,0.51,2025-03-18,0451,N21,nominal,2.0NRT,312.51,17.31,D
-17.28547,126.45322,346.92,0.45,0.39,2025-03-18,0457,N21,nominal,2.0NRT,305.21,7.88,D
-33.87248,146.16942,339.31,0.42,0.61,2025-03-18,0451,N21,nominal,2.0NRT,304.11,6.86,D
-17.28604,126.44904,342.85,0.45,0.39,2025-03-18,0457,N21,nominal,2.0NRT,303.16,10.29,D
-33.76174,146.44168,367,0.44,0.62,2025-03-18,0451,N21,high,2.0NRT,291.85,66.81,D
-33.76537,146.42793,367,0.44,0.62,2025-03-18,0451,N21,high,2.0NRT,290.88,48.21,D
-17.28245,126.44849,352.81,0.45,0.39,2025-03-18,0457,N21,nominal,2.0NRT,305.95,10.29,D
-33.76053,146.44624,343.09,0.44,0.62,2025-03-18,0451,N21,nominal,2.0NRT,289.2,66.81,D
-17.28303,126.44427,338.73,0.45,0.39,2025-03-18,0457,N21,nominal,2.0NRT,306.11,10.29,D
-33.76416,146.43254,346.7,0.44,0.62,2025-03-18,0451,N21,nominal,2.0NRT,289.33,66.15,D
-17.27831,126.45214,344.26,0.45,0.39,2025-03-18,0457,N21,nominal,2.0NRT,303.3,8.36,D
-17.1239,127.29707,347.48,0.42,0.38,2025-03-18,0457,N21,nominal,2.0NRT,308.92,10.26,D
-33.76658,146.42334,332.9,0.44,0.62,2025-03-18,0451,N21,nominal,2.0NRT,290.82,48.21,D
-33.76295,146.4371,207.38,0.44,0.62,2025-03-18,0451,N21,low,2.0NRT,298.6,66.15,D
-17.12446,127.29316,335.84,0.42,0.38,2025-03-18,0457,N21,low,2.0NRT,309.64,12.46,D
-17.12212,127.28482,347.49,0.42,0.38,2025-03-18,0457,N21,nominal,2.0NRT,309.6,11.82,D
-33.75498,146.44414,367,0.44,0.62,2025-03-18,0451,N21,high,2.0NRT,304.54,66.81,D
-33.75862,146.43037,367,0.44,0.62,2025-03-18,0451,N21,high,2.0NRT,307.63,66.15,D
-17.28107,126.15283,339.09,0.47,0.4,2025-03-18,0457,N21,low,2.0NRT,309.39,11.67,D
-33.76226,146.41661,367,0.44,0.62,2025-03-18,0451,N21,high,2.0NRT,296.4,20.56,D
-17.11866,127.28432,334.45,0.42,0.38,2025-03-18,0457,N21,low,2.0NRT,307.01,4.28,D
-33.7574,146.43497,350.12,0.44,0.62,2025-03-18,0451,N21,nominal,2.0NRT,310.4,66.15,D
-17.11921,127.28045,344.36,0.42,0.38,2025-03-18,0457,N21,nominal,2.0NRT,306.14,4.28,D
-33.76104,146.4212,351,0.44,0.62,2025-03-18,0451,N21,nominal,2.0NRT,300.21,48.21,D
-17.11576,127.27995,334.51,0.42,0.38,2025-03-18,0457,N21,nominal,2.0NRT,303.86,4.28,D
-33.75619,146.43956,318.41,0.44,0.62,2025-03-18,0451,N21,low,2.0NRT,322.64,66.81,D
-17.07697,127.2299,353.14,0.42,0.38,2025-03-18,0457,N21,nominal,2.0NRT,306.33,22.24,D
-33.75983,146.42578,285.37,0.44,0.62,2025-03-18,0451,N21,low,2.0NRT,312.94,48.21,D
-17.08609,127.08901,332.99,0.43,0.38,2025-03-18,0457,N21,low,2.0NRT,306.63,5.22,D
-33.75429,146.42365,367,0.44,0.62,2025-03-18,0451,N21,high,2.0NRT,299.93,8.1,D
-17.0543,127.29082,337.51,0.42,0.38,2025-03-18,0457,N21,nominal,2.0NRT,305.65,6.07,D
-33.75065,146.43742,331.24,0.44,0.62,2025-03-18,0451,N21,nominal,2.0NRT,304.4,9.91,D
-17.19976,126.01093,333.13,0.47,0.4,2025-03-18,0457,N21,low,2.0NRT,306.17,4.22,D
-33.75186,146.43283,330.17,0.44,0.62,2025-03-18,0451,N21,nominal,2.0NRT,300.56,6.53,D
-17.1961,126.01042,331.91,0.47,0.4,2025-03-18,0457,N21,low,2.0NRT,306.24,3.11,D
-33.75551,146.41907,346.6,0.44,0.62,2025-03-18,0451,N21,nominal,2.0NRT,299.35,8.1,D
-17.19123,125.99152,330.73,0.48,0.4,2025-03-18,0457,N21,low,2.0NRT,304.45,5.45,D
-33.75671,146.41449,354.46,0.44,0.62,2025-03-18,0451,N21,nominal,2.0NRT,301.8,15.8,D
-16.98186,127.35918,338.07,0.42,0.37,2025-03-18,0457,N21,nominal,2.0NRT,300.99,2.97,D
-33.74632,146.43073,331.61,0.44,0.62,2025-03-18,0451,N21,nominal,2.0NRT,304.56,6.53,D
-16.1111,131.84563,330.35,0.43,0.38,2025-03-18,0457,N21,low,2.0NRT,300.72,5.24,D
-16.1013,131.83972,334.33,0.43,0.38,2025-03-18,0457,N21,nominal,2.0NRT,300.55,3.32,D
-33.74754,146.42612,338.66,0.44,0.62,2025-03-18,0451,N21,nominal,2.0NRT,302.7,6.53,D
-16.09432,131.8385,331.19,0.43,0.38,2025-03-18,0457,N21,low,2.0NRT,302.04,2.24,D
-33.74875,146.42154,348.26,0.44,0.62,2025-03-18,0451,N21,nominal,2.0NRT,304.23,8.1,D
-16.09083,131.83788,332.42,0.43,0.38,2025-03-18,0457,N21,nominal,2.0NRT,300.53,2.24,D
-33.74997,146.41695,332.99,0.44,0.62,2025-03-18,0451,N21,nominal,2.0NRT,303.39,8.1,D
-16.07706,131.85614,345.57,0.43,0.38,2025-03-18,0457,N21,nominal,2.0NRT,302.71,8.46,D
-33.74199,146.42398,367,0.44,0.62,2025-03-18,0451,N21,high,2.0NRT,304.94,22.18,D
-16.07754,131.83141,333.23,0.43,0.38,2025-03-18,0457,N21,nominal,2.0NRT,300.23,4.77,D
-33.74321,146.4194,337.22,0.44,0.62,2025-03-18,0451,N21,nominal,2.0NRT,303.01,7.3,D
-16.06142,131.82033,330.29,0.43,0.38,2025-03-18,0457,N21,low,2.0NRT,300.47,4.07,D
-33.73402,146.43102,336.93,0.44,0.62,2025-03-18,0451,N21,nominal,2.0NRT,305.26,9.72,D
-16.05794,131.8197,333.62,0.43,0.38,2025-03-18,0457,N21,nominal,2.0NRT,301.44,4.07,D
-33.6104,146.38467,367,0.44,0.62,2025-03-18,0451,N21,high,2.0NRT,312.3,112.38,D
-16.05445,131.81908,334.3,0.43,0.38,2025-03-18,0457,N21,nominal,2.0NRT,300.47,4.01,D
-33.61163,146.38008,367,0.44,0.62,2025-03-18,0451,N21,high,2.0NRT,332.05,95.25,D
-16.05512,131.81505,332.22,0.43,0.38,2025-03-18,0457,N21,nominal,2.0NRT,290.92,4.01,D
-33.61286,146.37546,337.21,0.44,0.62,2025-03-18,0451,N21,nominal,2.0NRT,301.34,95.25,D
-16.04466,131.81319,335.54,0.43,0.38,2025-03-18,0457,N21,nominal,2.0NRT,298.4,2.34,D
-33.60484,146.3826,367,0.44,0.62,2025-03-18,0451,N21,high,2.0NRT,308.66,26.98,D
-16.6881,127.48141,331.48,0.41,0.37,2025-03-18,0457,N21,low,2.0NRT,305.34,4.96,D
-33.60608,146.37801,340.5,0.44,0.62,2025-03-18,0451,N21,nominal,2.0NRT,302.93,12.15,D
-16.68866,127.47752,341.15,0.41,0.37,2025-03-18,0457,N21,nominal,2.0NRT,307.92,4.96,D
-33.61604,146.38161,367,0.44,0.62,2025-03-18,0451,N21,high,2.0NRT,302.95,84.93,D
-16.68921,127.47363,334.19,0.41,0.37,2025-03-18,0457,N21,low,2.0NRT,305.98,3.42,D
-33.60928,146.38416,367,0.44,0.62,2025-03-18,0451,N21,high,2.0NRT,314.06,84.93,D
-16.68579,127.47308,339.35,0.41,0.37,2025-03-18,0457,N21,nominal,2.0NRT,308.91,3.42,D
-33.61049,146.37953,367,0.44,0.62,2025-03-18,0451,N21,high,2.0NRT,328.93,84.93,D
-16.68634,127.46918,331.78,0.41,0.37,2025-03-18,0457,N21,low,2.0NRT,306.48,3.42,D
-33.61168,146.37492,337.59,0.44,0.62,2025-03-18,0451,N21,nominal,2.0NRT,301.16,57.44,D
-16.68568,127.47297,338.23,0.41,0.37,2025-03-18,0457,N21,low,2.0NRT,308.65,5.04,D
-33.60373,146.38206,367,0.44,0.62,2025-03-18,0451,N21,high,2.0NRT,305.39,11.89,D
-16.68624,127.4691,332.11,0.41,0.37,2025-03-18,0457,N21,low,2.0NRT,306.42,5.04,D
-33.43021,146.89766,347.53,0.47,0.64,2025-03-18,0451,N21,nominal,2.0NRT,300.33,7.4,D
-16.67715,127.48355,338.02,0.41,0.37,2025-03-18,0457,N21,nominal,2.0NRT,307.52,15.25,D
-33.40746,146.74864,367,0.46,0.64,2025-03-18,0451,N21,high,2.0NRT,305.4,21.85,D
-16.67263,127.49072,347.08,0.41,0.37,2025-03-18,0457,N21,nominal,2.0NRT,307.51,12.05,D
-33.40307,146.74168,367,0.46,0.64,2025-03-18,0451,N21,high,2.0NRT,304.12,26.35,D
-16.67318,127.48688,354.53,0.41,0.37,2025-03-18,0457,N21,nominal,2.0NRT,309.02,15.25,D
-33.40177,146.74649,337.53,0.46,0.64,2025-03-18,0451,N21,nominal,2.0NRT,301.4,21.85,D
-16.66866,127.49399,333.31,0.41,0.37,2025-03-18,0457,N21,low,2.0NRT,306.01,5.07,D
-33.39608,146.74434,340.03,0.46,0.64,2025-03-18,0451,N21,nominal,2.0NRT,303.36,5.76,D
-16.59615,127.63458,337.53,0.41,0.37,2025-03-18,0457,N21,low,2.0NRT,309.44,4.67,D
-33.32853,146.96927,334.08,0.48,0.65,2025-03-18,0451,N21,low,2.0NRT,307.22,5.06,D
-16.5933,127.63026,339.76,0.41,0.37,2025-03-18,0457,N21,nominal,2.0NRT,309.02,4.39,D
-33.39042,146.74213,340.27,0.46,0.64,2025-03-18,0451,N21,nominal,2.0NRT,308.07,5.76,D
-16.59384,127.62648,336.77,0.41,0.37,2025-03-18,0457,N21,low,2.0NRT,311.41,4.39,D
-33.39172,146.73734,347.12,0.46,0.64,2025-03-18,0451,N21,nominal,2.0NRT,308.66,11.94,D
-16.5899,127.62972,337.19,0.41,0.37,2025-03-18,0457,N21,low,2.0NRT,307.46,4.39,D
-33.32277,146.96709,339.16,0.48,0.65,2025-03-18,0451,N21,nominal,2.0NRT,308.25,6.84,D
-16.58704,127.62543,346.75,0.41,0.37,2025-03-18,0457,N21,nominal,2.0NRT,306.35,6.29,D
-33.23679,147.25581,331.05,0.5,0.66,2025-03-18,0451,N21,low,2.0NRT,304.76,5.67,D
-16.55607,127.47345,336.09,0.41,0.37,2025-03-18,0457,N21,nominal,2.0NRT,305.88,2.88,D
-33.44215,146.50488,335.36,0.45,0.63,2025-03-18,0451,N21,nominal,2.0NRT,300.78,9.25,D
-16.55717,127.46582,347.99,0.41,0.37,2025-03-18,0457,N21,nominal,2.0NRT,310,6.15,D
-33.4028,146.74756,367,0.46,0.64,2025-03-18,0451,N21,high,2.0NRT,303.77,39.76,D
-16.55321,127.46913,350.43,0.41,0.37,2025-03-18,0457,N21,nominal,2.0NRT,307.05,6.15,D
-33.40408,146.74272,351.09,0.46,0.64,2025-03-18,0451,N21,nominal,2.0NRT,304.57,29.56,D
-16.55375,127.46532,347.42,0.41,0.37,2025-03-18,0457,N21,nominal,2.0NRT,308.18,6.15,D
-33.39712,146.74538,336.43,0.46,0.64,2025-03-18,0451,N21,nominal,2.0NRT,302.72,4.49,D
-16.52835,127.49641,344.29,0.41,0.37,2025-03-18,0457,N21,nominal,2.0NRT,308.84,13.56,D
-33.39145,146.74315,334.87,0.46,0.64,2025-03-18,0451,N21,low,2.0NRT,306.33,4.49,D
-16.48484,127.53261,338.66,0.41,0.37,2025-03-18,0457,N21,nominal,2.0NRT,308.63,7.38,D
-33.39272,146.73834,346.17,0.46,0.64,2025-03-18,0451,N21,nominal,2.0NRT,307.56,10.9,D
-16.48538,127.52879,350.96,0.41,0.37,2025-03-18,0457,N21,nominal,2.0NRT,312.86,29.24,D
-33.32514,146.96884,344.82,0.48,0.65,2025-03-18,0451,N21,nominal,2.0NRT,308.44,8.87,D
-16.42869,127.5081,339.02,0.41,0.37,2025-03-18,0457,N21,nominal,2.0NRT,308.51,5.26,D
-33.44184,146.50511,335.12,0.45,0.63,2025-03-18,0451,N21,nominal,2.0NRT,301.79,6.63,D
-16.42528,127.50755,345.16,0.41,0.37,2025-03-18,0457,N21,nominal,2.0NRT,305.02,5.26,D
-33.23504,147.25624,331.93,0.5,0.66,2025-03-18,0451,N21,low,2.0NRT,304.73,8.2,D
-15.4702,133.03745,331.34,0.5,0.41,2025-03-18,0457,N21,nominal,2.0NRT,297.55,8.41,D
-33.49144,146.13046,354.49,0.43,0.62,2025-03-18,0451,N21,nominal,2.0NRT,308.76,9.21,D
-15.47098,133.03284,337.27,0.5,0.41,2025-03-18,0457,N21,nominal,2.0NRT,299.91,9.83,D
-33.27507,146.70987,334.62,0.47,0.64,2025-03-18,0451,N21,nominal,2.0NRT,301.95,7.95,D
-16.17742,127.74381,338.42,0.4,0.37,2025-03-18,0457,N21,nominal,2.0NRT,299.56,7.2,D
-33.26886,146.71539,367,0.47,0.64,2025-03-18,0451,N21,high,2.0NRT,305.37,20.55,D
-16.1735,127.74704,340.9,0.4,0.37,2025-03-18,0457,N21,nominal,2.0NRT,306.22,6.33,D
-33.27016,146.71051,367,0.47,0.64,2025-03-18,0451,N21,high,2.0NRT,304.09,20.55,D
-16.16729,127.74223,342.54,0.4,0.37,2025-03-18,0457,N21,nominal,2.0NRT,307.72,9.7,D
-33.27146,146.70561,367,0.47,0.64,2025-03-18,0451,N21,high,2.0NRT,301.5,15.91,D
-16.16108,127.7374,341.32,0.4,0.37,2025-03-18,0457,N21,nominal,2.0NRT,306.25,7.41,D
-33.26446,146.70836,367,0.47,0.64,2025-03-18,0451,N21,high,2.0NRT,293.68,20.55,D
-16.15771,127.73687,343,0.4,0.37,2025-03-18,0457,N21,nominal,2.0NRT,304.81,8.96,D
-33.26577,146.70345,337.45,0.47,0.64,2025-03-18,0451,N21,nominal,2.0NRT,295.83,15.91,D
-16.09168,127.51476,333.37,0.41,0.37,2025-03-18,0457,N21,low,2.0NRT,304.5,2.51,D
-33.23075,146.71718,354.3,0.47,0.64,2025-03-18,0451,N21,nominal,2.0NRT,280.43,44.89,D
-16.09222,127.51099,330.06,0.41,0.37,2025-03-18,0457,N21,low,2.0NRT,303.68,2.51,D
-33.23206,146.71233,354.25,0.47,0.64,2025-03-18,0451,N21,nominal,2.0NRT,283.21,38.28,D
-16.08882,127.51049,330.87,0.41,0.37,2025-03-18,0457,N21,low,2.0NRT,303.97,5.76,D
-33.22946,146.72203,355.6,0.47,0.64,2025-03-18,0451,N21,low,2.0NRT,271.59,44.89,D
-16.08542,127.51,341.17,0.41,0.37,2025-03-18,0457,N21,nominal,2.0NRT,304.07,5.76,D
-32.46725,147.59941,331.66,0.55,0.68,2025-03-18,0451,N21,nominal,2.0NRT,304.66,4.04,D
-16.07807,127.51277,337.24,0.41,0.37,2025-03-18,0457,N21,nominal,2.0NRT,301.92,4.98,D
-32.4612,147.59706,367,0.55,0.68,2025-03-18,0451,N21,high,2.0NRT,304.68,12.87,D
-16.07861,127.50903,335.4,0.41,0.37,2025-03-18,0457,N21,nominal,2.0NRT,302.13,4.98,D
-32.34576,147.69786,341.72,0.56,0.69,2025-03-18,0451,N21,nominal,2.0NRT,306.7,8.53,D
-16.08115,127.3458,343.3,0.41,0.37,2025-03-18,0457,N21,nominal,2.0NRT,301.69,3.04,D
-32.34738,147.69211,347.32,0.56,0.69,2025-03-18,0451,N21,nominal,2.0NRT,303.68,8.53,D
-16.07774,127.34531,335.81,0.41,0.37,2025-03-18,0457,N21,nominal,2.0NRT,300.49,2.93,D
-33.68411,142.47694,346.88,0.53,0.5,2025-03-18,0451,N21,nominal,2.0NRT,317.71,10.01,D
-16.06448,127.41367,367,0.41,0.37,2025-03-18,0457,N21,high,2.0NRT,306.3,14.43,D
-32.34945,147.69691,346.88,0.56,0.69,2025-03-18,0451,N21,nominal,2.0NRT,303.88,18.05,D
-16.06503,127.40984,332.99,0.41,0.37,2025-03-18,0457,N21,nominal,2.0NRT,303.36,8.7,D
-30.97719,148.50616,330.88,0.67,0.74,2025-03-18,0451,N21,low,2.0NRT,301.07,6.28,D
-16.06612,127.40221,349.15,0.41,0.37,2025-03-18,0457,N21,nominal,2.0NRT,303.48,11.27,D
-31.8231,145.28053,367,0.42,0.61,2025-03-18,0451,N21,high,2.0NRT,312.13,6.86,D
-16.07199,127.33666,345.68,0.41,0.37,2025-03-18,0457,N21,nominal,2.0NRT,304.16,10.65,D
-31.82199,145.28485,339.17,0.42,0.61,2025-03-18,0451,N21,nominal,2.0NRT,308.85,5.91,D
-16.06515,127.33567,339.56,0.41,0.37,2025-03-18,0457,N21,nominal,2.0NRT,302.26,3.59,D
-31.8242,145.27618,336.78,0.42,0.61,2025-03-18,0451,N21,nominal,2.0NRT,309.28,6.86,D
-15.93947,128.18153,337.45,0.39,0.36,2025-03-18,0457,N21,low,2.0NRT,307.6,4.81,D
-31.81649,145.28294,367,0.42,0.61,2025-03-18,0451,N21,high,2.0NRT,311.26,8.11,D
-15.93613,128.18098,335.76,0.39,0.36,2025-03-18,0457,N21,nominal,2.0NRT,305.61,4.09,D
-31.39271,146.59723,343.93,0.51,0.66,2025-03-18,0451,N21,nominal,2.0NRT,309.28,11.44,D
-15.93667,128.17734,349.85,0.39,0.36,2025-03-18,0457,N21,nominal,2.0NRT,309.75,4.09,D
-31.20603,146.90465,336.61,0.54,0.68,2025-03-18,0451,N21,nominal,2.0NRT,305.75,17.45,D
-16.05832,127.33463,347.61,0.41,0.37,2025-03-18,0457,N21,nominal,2.0NRT,303.01,8.45,D
-31.20753,146.89908,337.1,0.54,0.68,2025-03-18,0451,N21,nominal,2.0NRT,304.89,8.24,D
-15.93332,128.1768,348.1,0.39,0.36,2025-03-18,0457,N21,nominal,2.0NRT,307.26,4.09,D
-31.19702,146.91348,367,0.54,0.68,2025-03-18,0451,N21,high,2.0NRT,306.99,26.52,D
-15.9997,127.61606,333.99,0.4,0.37,2025-03-18,0457,N21,nominal,2.0NRT,304.33,2.59,D
-31.19852,146.90793,367,0.54,0.68,2025-03-18,0451,N21,high,2.0NRT,308.39,17.45,D
-16.00025,127.61232,331.07,0.4,0.37,2025-03-18,0457,N21,low,2.0NRT,303.93,2.59,D
-29.9234,149.00752,339.27,0.76,0.77,2025-03-18,0453,N21,nominal,2.0NRT,296.44,6.15,D
-15.99577,127.61927,340.67,0.4,0.37,2025-03-18,0457,N21,nominal,2.0NRT,304.24,6.5,D
-33.3359,121.76181,331.99,0.43,0.62,2025-03-18,0453,N21,low,2.0NRT,305.86,1.51,D
-15.99632,127.61554,332.53,0.4,0.37,2025-03-18,0457,N21,low,2.0NRT,303.53,2.59,D
-33.33473,121.76231,334.82,0.43,0.62,2025-03-18,0453,N21,nominal,2.0NRT,305.84,1.65,D
-15.99185,127.62243,338.63,0.4,0.37,2025-03-18,0457,N21,nominal,2.0NRT,302.7,4.36,D
-33.2727,117.5367,338.02,0.76,0.77,2025-03-18,0453,N21,nominal,2.0NRT,309.06,8.57,D
-15.98517,127.64446,344.47,0.4,0.37,2025-03-18,0457,N21,nominal,2.0NRT,303.1,8.62,D
-33.26998,117.53639,340.02,0.76,0.77,2025-03-18,0453,N21,nominal,2.0NRT,309.76,6.51,D
-15.96793,127.69149,337.53,0.4,0.37,2025-03-18,0457,N21,nominal,2.0NRT,306.77,4.26,D
-32.88961,118.44493,347.66,0.67,0.73,2025-03-18,0453,N21,nominal,2.0NRT,309.57,12.54,D
-15.96401,127.69468,336.16,0.4,0.37,2025-03-18,0457,N21,low,2.0NRT,307,4.26,D
-32.88278,118.44451,367,0.67,0.73,2025-03-18,0453,N21,high,2.0NRT,309.24,27.09,D
-15.96456,127.69097,342.11,0.4,0.37,2025-03-18,0457,N21,nominal,2.0NRT,307.69,4.26,D
-32.88876,118.4431,367,0.67,0.73,2025-03-18,0453,N21,high,2.0NRT,312.31,41.48,D
-15.35707,131.53143,343.34,0.43,0.38,2025-03-18,0457,N21,nominal,2.0NRT,303.45,6.59,D
-32.47042,117.43517,338.26,0.76,0.77,2025-03-18,0453,N21,nominal,2.0NRT,305.99,10.44,D
-16.0084,127.26785,332.6,0.41,0.37,2025-03-18,0457,N21,low,2.0NRT,304.32,5.05,D
-16.00895,127.26398,332.44,0.41,0.37,2025-03-18,0457,N21,low,2.0NRT,304.05,5.05,D
-15.99067,127.36694,340.78,0.41,0.37,2025-03-18,0457,N21,nominal,2.0NRT,306.9,4.47,D
-15.99122,127.36315,338.09,0.41,0.37,2025-03-18,0457,N21,nominal,2.0NRT,305.25,4.47,D
-16.00553,127.26346,335.92,0.41,0.37,2025-03-18,0457,N21,nominal,2.0NRT,303.75,5.05,D
-15.96649,127.51067,336.73,0.41,0.37,2025-03-18,0457,N21,nominal,2.0NRT,306.66,3.42,D
-15.98672,127.37022,347.23,0.41,0.37,2025-03-18,0457,N21,nominal,2.0NRT,305.76,13.4,D
-15.98726,127.36642,346.08,0.41,0.37,2025-03-18,0457,N21,nominal,2.0NRT,308.7,6.52,D
-15.98781,127.36262,343.3,0.41,0.37,2025-03-18,0457,N21,nominal,2.0NRT,306.94,6.52,D
-15.99991,127.2783,335.47,0.41,0.37,2025-03-18,0457,N21,nominal,2.0NRT,303.19,3.14,D
-16.00046,127.27445,330.42,0.41,0.37,2025-03-18,0457,N21,low,2.0NRT,302.66,4.7,D
-15.9844,127.36208,341.61,0.41,0.37,2025-03-18,0457,N21,nominal,2.0NRT,306.39,6.52,D
-15.98988,127.32389,347.15,0.41,0.37,2025-03-18,0457,N21,nominal,2.0NRT,312.44,41.09,D
-15.99649,127.27777,333.93,0.41,0.37,2025-03-18,0457,N21,low,2.0NRT,305.46,3.14,D
-15.95969,127.50964,343.84,0.41,0.37,2025-03-18,0457,N21,nominal,2.0NRT,307.1,5.29,D
-15.98701,127.31953,340.81,0.41,0.37,2025-03-18,0457,N21,nominal,2.0NRT,303.78,11.47,D
-15.96707,127.41,336.34,0.41,0.37,2025-03-18,0457,N21,low,2.0NRT,307.05,5.37,D
-15.96762,127.40617,339.53,0.41,0.37,2025-03-18,0457,N21,nominal,2.0NRT,307.86,5.37,D
-15.96476,127.40182,346.23,0.41,0.37,2025-03-18,0457,N21,nominal,2.0NRT,309.95,10.73,D
-15.96585,127.3942,353.01,0.41,0.37,2025-03-18,0457,N21,nominal,2.0NRT,306.73,14.09,D
-15.97621,127.32183,333.03,0.41,0.37,2025-03-18,0457,N21,low,2.0NRT,304.49,3.37,D
-15.98499,127.26029,332.95,0.41,0.37,2025-03-18,0457,N21,nominal,2.0NRT,299.47,4.86,D
-15.98555,127.25642,345.61,0.41,0.37,2025-03-18,0457,N21,nominal,2.0NRT,299.98,9.22,D
-15.94666,127.50369,336.04,0.41,0.37,2025-03-18,0457,N21,low,2.0NRT,306.46,3.13,D
-15.96135,127.40131,346.23,0.41,0.37,2025-03-18,0457,N21,nominal,2.0NRT,306.59,16.35,D
-15.9619,127.39748,344.5,0.41,0.37,2025-03-18,0457,N21,nominal,2.0NRT,305.49,16.35,D
-15.96245,127.39365,351.44,0.41,0.37,2025-03-18,0457,N21,nominal,2.0NRT,306.16,10.58,D
-15.9728,127.32131,338.14,0.41,0.37,2025-03-18,0457,N21,nominal,2.0NRT,305.56,5.97,D
-15.95958,127.38933,333.59,0.41,0.37,2025-03-18,0457,N21,low,2.0NRT,304.08,10.58,D
-15.95804,127.32684,335.28,0.41,0.37,2025-03-18,0457,N21,low,2.0NRT,305.53,5.82,D
-15.92967,127.50112,336.9,0.41,0.37,2025-03-18,0457,N21,low,2.0NRT,307.33,5.12,D
-15.94649,127.38347,343.58,0.41,0.37,2025-03-18,0457,N21,nominal,2.0NRT,303.98,6.45,D
-15.95517,127.32249,334.83,0.41,0.37,2025-03-18,0457,N21,low,2.0NRT,305.72,4.65,D
-15.92253,127.37654,342.88,0.41,0.37,2025-03-18,0457,N21,nominal,2.0NRT,307.53,7.43,D
-15.91912,127.37604,350.78,0.41,0.37,2025-03-18,0457,N21,nominal,2.0NRT,308.28,6.59,D
-15.91616,127.34836,367,0.41,0.37,2025-03-18,0457,N21,high,2.0NRT,308.67,14.68,D
-15.91341,127.36737,342.98,0.41,0.37,2025-03-18,0457,N21,nominal,2.0NRT,307.15,5.25,D
-15.91562,127.35213,337.61,0.41,0.37,2025-03-18,0457,N21,nominal,2.0NRT,308,10.01,D
-15.87236,127.33777,343.84,0.41,0.37,2025-03-18,0457,N21,nominal,2.0NRT,306,7.12,D
-15.80669,127.6973,349.93,0.4,0.37,2025-03-18,0457,N21,nominal,2.0NRT,302.08,8.94,D
-15.80722,127.69357,343.14,0.4,0.37,2025-03-18,0457,N21,nominal,2.0NRT,301.84,5.22,D
-15.81641,127.63007,335.71,0.4,0.37,2025-03-18,0457,N21,nominal,2.0NRT,301.36,4.85,D
-15.86526,127.28981,347.32,0.41,0.37,2025-03-18,0457,N21,nominal,2.0NRT,308.05,12.71,D
-15.85377,127.27239,352.58,0.41,0.37,2025-03-18,0457,N21,nominal,2.0NRT,303.13,11.42,D
-15.81443,127.49941,340.69,0.41,0.37,2025-03-18,0457,N21,nominal,2.0NRT,303.77,4.82,D
-15.81361,127.49892,336.86,0.41,0.37,2025-03-18,0457,N21,nominal,2.0NRT,303.59,3.41,D
-15.7972,127.49252,342.46,0.41,0.37,2025-03-18,0457,N21,nominal,2.0NRT,304.71,13.15,D
-15.7938,127.49198,338.48,0.41,0.37,2025-03-18,0457,N21,nominal,2.0NRT,304.66,5.5,D
-15.7695,127.4921,332.24,0.41,0.37,2025-03-18,0457,N21,nominal,2.0NRT,300.95,1.63,D
-15.76272,127.49103,332.63,0.41,0.37,2025-03-18,0457,N21,nominal,2.0NRT,300.43,2.74,D
-15.30956,130.34552,344.14,0.4,0.37,2025-03-18,0457,N21,nominal,2.0NRT,306,4.23,D
-15.30563,130.34859,345.73,0.4,0.37,2025-03-18,0457,N21,nominal,2.0NRT,306.13,4.15,D
-15.30228,130.34799,337.47,0.4,0.37,2025-03-18,0457,N21,nominal,2.0NRT,306.08,4.15,D
-15.30203,130.30629,348.12,0.4,0.37,2025-03-18,0457,N21,nominal,2.0NRT,307.12,8,D
-15.30262,130.30258,342.21,0.39,0.37,2025-03-18,0457,N21,nominal,2.0NRT,304.39,3.58,D
-15.29869,130.30569,344.24,0.4,0.37,2025-03-18,0457,N21,nominal,2.0NRT,306.78,4.35,D
-15.30044,130.29468,353.31,0.39,0.37,2025-03-18,0457,N21,nominal,2.0NRT,305.68,28.31,D
-15.29004,130.33847,335.88,0.4,0.37,2025-03-18,0457,N21,nominal,2.0NRT,303.39,3.34,D
-15.29062,130.33478,336.82,0.4,0.37,2025-03-18,0457,N21,nominal,2.0NRT,305.24,3.34,D
-15.29535,130.30511,340.66,0.4,0.37,2025-03-18,0457,N21,nominal,2.0NRT,304.71,4.35,D
-15.29593,130.30142,337.46,0.39,0.37,2025-03-18,0457,N21,nominal,2.0NRT,306.37,6.63,D
-15.2971,130.29411,337.04,0.39,0.37,2025-03-18,0457,N21,nominal,2.0NRT,306.89,28.31,D
-15.29768,130.29047,341.17,0.39,0.37,2025-03-18,0457,N21,low,2.0NRT,313.61,28.31,D
-15.28728,130.3342,344.65,0.4,0.37,2025-03-18,0457,N21,nominal,2.0NRT,304.47,4.15,D
-15.28786,130.33052,341.26,0.4,0.37,2025-03-18,0457,N21,nominal,2.0NRT,305.61,3.69,D
-15.29375,130.29355,344.92,0.39,0.37,2025-03-18,0457,N21,nominal,2.0NRT,305.72,6.71,D
-15.29433,130.28989,345.67,0.39,0.37,2025-03-18,0457,N21,nominal,2.0NRT,310.41,6.71,D
-15.29491,130.28625,331.22,0.39,0.37,2025-03-18,0457,N21,low,2.0NRT,302.22,6.6,D
-15.28512,130.32619,334.89,0.4,0.37,2025-03-18,0457,N21,nominal,2.0NRT,303.18,3.69,D
-15.29099,130.28932,330.95,0.39,0.37,2025-03-18,0457,N21,low,2.0NRT,304.42,6.71,D
-15.28179,130.32553,335.75,0.4,0.37,2025-03-18,0457,N21,nominal,2.0NRT,303.6,2.89,D
-15.28297,130.31813,334.97,0.4,0.37,2025-03-18,0457,N21,nominal,2.0NRT,304.05,4.14,D
-15.27845,130.32489,344.19,0.4,0.37,2025-03-18,0457,N21,nominal,2.0NRT,303.19,2.89,D
-15.274,130.31615,340.02,0.4,0.37,2025-03-18,0457,N21,nominal,2.0NRT,304.21,6,D
-15.27065,130.31555,334.08,0.4,0.37,2025-03-18,0457,N21,nominal,2.0NRT,302.15,3.69,D
-15.27123,130.31189,354.45,0.4,0.37,2025-03-18,0457,N21,nominal,2.0NRT,308.7,19.37,D
-15.2718,130.30824,347.31,0.4,0.37,2025-03-18,0457,N21,nominal,2.0NRT,305.97,19.37,D
-15.27295,130.30092,331.52,0.4,0.37,2025-03-18,0457,N21,low,2.0NRT,304.65,68.47,D
-15.27352,130.29727,339.71,0.4,0.37,2025-03-18,0457,N21,nominal,2.0NRT,305.39,35.89,D
-15.2741,130.29361,338.61,0.4,0.37,2025-03-18,0457,N21,nominal,2.0NRT,308.37,35.89,D
-15.26845,130.30768,343.53,0.4,0.37,2025-03-18,0457,N21,nominal,2.0NRT,305.39,19.37,D
-15.2696,130.30037,341.64,0.4,0.37,2025-03-18,0457,N21,low,2.0NRT,314.86,68.47,D
-15.27018,130.29671,344.53,0.4,0.37,2025-03-18,0457,N21,nominal,2.0NRT,307.91,35.89,D
-15.26626,130.29979,344.6,0.4,0.37,2025-03-18,0457,N21,nominal,2.0NRT,307.78,36.97,D
-15.26683,130.29614,355.27,0.4,0.37,2025-03-18,0457,N21,nominal,2.0NRT,306.55,29.8,D
-15.26741,130.2925,342.94,0.4,0.37,2025-03-18,0457,N21,nominal,2.0NRT,312.36,29.8,D
-15.74813,126.95992,339.23,0.42,0.38,2025-03-18,0457,N21,nominal,2.0NRT,307.6,10.53,D
-15.72784,126.929,342.74,0.42,0.38,2025-03-18,0457,N21,nominal,2.0NRT,306.47,6.43,D
-15.72292,126.86406,335.33,0.42,0.38,2025-03-18,0457,N21,nominal,2.0NRT,301.23,6.14,D
-15.71111,126.92249,346.12,0.42,0.38,2025-03-18,0457,N21,nominal,2.0NRT,306.72,11.17,D
-15.70766,126.92197,345.14,0.42,0.38,2025-03-18,0457,N21,nominal,2.0NRT,306.48,11.17,D
-15.70821,126.91805,347.34,0.42,0.38,2025-03-18,0457,N21,nominal,2.0NRT,305.69,11.17,D
-15.70531,126.9136,345.69,0.42,0.38,2025-03-18,0457,N21,nominal,2.0NRT,303.61,6.2,D
-15.70586,126.90967,341.5,0.42,0.38,2025-03-18,0457,N21,nominal,2.0NRT,304.32,6.2,D
-15.70642,126.90575,350.11,0.42,0.38,2025-03-18,0457,N21,nominal,2.0NRT,304,5.28,D
-15.70296,126.9052,342.94,0.42,0.38,2025-03-18,0457,N21,nominal,2.0NRT,301.35,5.28,D
-15.69049,126.84298,338.65,0.42,0.38,2025-03-18,0457,N21,nominal,2.0NRT,300.95,8.93,D
-15.69172,126.84421,347.96,0.42,0.38,2025-03-18,0457,N21,nominal,2.0NRT,301.56,6.63,D
-15.34092,127.2374,332.17,0.41,0.37,2025-03-18,0457,N21,nominal,2.0NRT,301.74,3.82,D
-15.33752,127.23686,341.76,0.41,0.37,2025-03-18,0457,N21,nominal,2.0NRT,301.71,3.82,D
-15.33806,127.23308,332.36,0.41,0.37,2025-03-18,0457,N21,nominal,2.0NRT,299.39,3.82,D
-15.33411,127.23633,330.77,0.41,0.37,2025-03-18,0457,N21,nominal,2.0NRT,300.58,3.35,D
-15.33465,127.23254,335.44,0.41,0.37,2025-03-18,0457,N21,nominal,2.0NRT,299.2,3.35,D
-15.33125,127.23201,333.1,0.41,0.37,2025-03-18,0457,N21,nominal,2.0NRT,299.1,3.35,D
-15.32784,127.23149,340.52,0.41,0.37,2025-03-18,0457,N21,nominal,2.0NRT,298.84,4.4,D
-15.24444,127.25022,349.87,0.41,0.37,2025-03-18,0457,N21,nominal,2.0NRT,299.9,6.45,D
-15.23995,127.25726,334.85,0.41,0.37,2025-03-18,0457,N21,nominal,2.0NRT,303.71,5.09,D
-15.24104,127.2497,335.04,0.41,0.37,2025-03-18,0457,N21,nominal,2.0NRT,303.98,6.45,D
-15.33129,126.61728,341.93,0.43,0.38,2025-03-18,0457,N21,nominal,2.0NRT,303.21,6.24,D
-15.33186,126.61327,351.98,0.43,0.38,2025-03-18,0457,N21,nominal,2.0NRT,303.41,6.24,D
-15.32782,126.61669,367,0.43,0.38,2025-03-18,0457,N21,high,2.0NRT,304.97,17.14,D
-15.23654,127.25674,340.07,0.41,0.37,2025-03-18,0457,N21,nominal,2.0NRT,301.75,7.05,D
-15.32612,126.62868,338.57,0.43,0.38,2025-03-18,0457,N21,nominal,2.0NRT,301.73,8.72,D
-15.32669,126.62471,346.66,0.43,0.38,2025-03-18,0457,N21,nominal,2.0NRT,302.56,7.02,D
-15.32725,126.62071,344.3,0.43,0.38,2025-03-18,0457,N21,nominal,2.0NRT,302.92,7.02,D
-15.32152,126.63608,332.16,0.43,0.38,2025-03-18,0457,N21,nominal,2.0NRT,300.17,2.86,D
-15.32548,126.60802,335.47,0.43,0.38,2025-03-18,0457,N21,nominal,2.0NRT,300.1,6.02,D
-15.22974,127.2557,341.25,0.41,0.37,2025-03-18,0457,N21,nominal,2.0NRT,299.96,3.51,D
-15.31749,126.63948,333.34,0.43,0.38,2025-03-18,0457,N21,nominal,2.0NRT,300,2.54,D
-15.322,126.60742,340.98,0.43,0.38,2025-03-18,0457,N21,nominal,2.0NRT,301.2,5.52,D
-15.32257,126.60342,333.05,0.43,0.38,2025-03-18,0457,N21,nominal,2.0NRT,300.98,5.52,D
-15.31288,126.64697,340.37,0.43,0.38,2025-03-18,0457,N21,nominal,2.0NRT,302.38,4.46,D
-15.31345,126.64292,330.65,0.43,0.38,2025-03-18,0457,N21,nominal,2.0NRT,300.36,4.46,D
-15.22455,127.24336,334.32,0.41,0.37,2025-03-18,0457,N21,low,2.0NRT,304.66,7.22,D
-15.31559,126.60235,337.58,0.43,0.38,2025-03-18,0457,N21,nominal,2.0NRT,303.32,5.37,D
-15.22114,127.24284,353.84,0.41,0.37,2025-03-18,0457,N21,nominal,2.0NRT,306.49,7.22,D
-15.3121,126.60184,339.21,0.43,0.38,2025-03-18,0457,N21,nominal,2.0NRT,301.38,5.37,D
-15.31266,126.59785,331.17,0.43,0.38,2025-03-18,0457,N21,low,2.0NRT,301.66,4.63,D
-15.29672,126.66077,342.45,0.43,0.38,2025-03-18,0457,N21,nominal,2.0NRT,301.51,7.3,D
-15.30512,126.60082,335.91,0.43,0.38,2025-03-18,0457,N21,nominal,2.0NRT,300.16,5.49,D
-15.29268,126.66428,339.16,0.43,0.38,2025-03-18,0457,N21,nominal,2.0NRT,301.65,4.05,D
-15.29324,126.66024,333.52,0.43,0.38,2025-03-18,0457,N21,nominal,2.0NRT,300.53,2.84,D
-15.2892,126.66374,335.54,0.43,0.38,2025-03-18,0457,N21,nominal,2.0NRT,301.12,4.05,D
-15.29814,126.59982,332.05,0.43,0.38,2025-03-18,0457,N21,nominal,2.0NRT,298.08,5.8,D
-15.29869,126.59586,346.97,0.43,0.38,2025-03-18,0457,N21,nominal,2.0NRT,301.35,8.92,D
-15.29925,126.59187,332.71,0.43,0.38,2025-03-18,0457,N21,nominal,2.0NRT,298.88,8.92,D
-15.28516,126.66721,335.11,0.43,0.38,2025-03-18,0457,N21,nominal,2.0NRT,301.07,4.25,D
-15.28572,126.66321,334.63,0.43,0.38,2025-03-18,0457,N21,nominal,2.0NRT,300.94,4.25,D
-15.29465,126.59933,332.63,0.43,0.38,2025-03-18,0457,N21,nominal,2.0NRT,300.39,3.81,D
-15.29575,126.59138,335.37,0.43,0.38,2025-03-18,0457,N21,nominal,2.0NRT,299.93,9.74,D
-15.29171,126.59488,344.5,0.43,0.38,2025-03-18,0457,N21,nominal,2.0NRT,302.56,9.74,D
-15.29226,126.59093,347.7,0.43,0.38,2025-03-18,0457,N21,nominal,2.0NRT,305.31,9.74,D
-15.28341,126.66689,335.46,0.43,0.38,2025-03-18,0457,N21,nominal,2.0NRT,300.71,4.93,D
-15.29377,126.59519,337.19,0.43,0.38,2025-03-18,0457,N21,nominal,2.0NRT,302.98,7.22,D
-15.29433,126.59123,339.82,0.43,0.38,2025-03-18,0457,N21,nominal,2.0NRT,302.62,7.22,D
-15.19736,127.235,339.47,0.41,0.37,2025-03-18,0457,N21,nominal,2.0NRT,302.61,6.82,D
-15.29027,126.59471,334.94,0.43,0.38,2025-03-18,0457,N21,nominal,2.0NRT,300.56,7.22,D
-15.29084,126.59078,348.51,0.43,0.38,2025-03-18,0457,N21,nominal,2.0NRT,302.43,7.22,D
-15.27646,126.66585,334.93,0.43,0.38,2025-03-18,0457,N21,nominal,2.0NRT,300.5,3.25,D
-15.19,127.23772,342.11,0.41,0.37,2025-03-18,0457,N21,nominal,2.0NRT,301.61,3.05,D
-15.27241,126.6693,340.66,0.43,0.38,2025-03-18,0457,N21,nominal,2.0NRT,301.44,6.12,D
-15.27299,126.66528,334.91,0.43,0.38,2025-03-18,0457,N21,nominal,2.0NRT,300.3,3.25,D
-15.18605,127.24097,335.69,0.41,0.37,2025-03-18,0457,N21,nominal,2.0NRT,303.85,5.97,D
-15.26894,126.66877,350.5,0.43,0.38,2025-03-18,0457,N21,nominal,2.0NRT,304.16,9.45,D
-15.26546,126.66825,344.11,0.43,0.38,2025-03-18,0457,N21,nominal,2.0NRT,301.8,9.45,D
-15.25041,126.67415,346.33,0.43,0.38,2025-03-18,0457,N21,nominal,2.0NRT,301.59,5.97,D
-15.25098,126.67016,334.62,0.43,0.38,2025-03-18,0457,N21,nominal,2.0NRT,302.02,6.52,D
-15.24694,126.67363,344.22,0.43,0.38,2025-03-18,0457,N21,nominal,2.0NRT,305.11,15.19,D
-15.24751,126.66963,330.11,0.43,0.38,2025-03-18,0457,N21,low,2.0NRT,302.65,6.21,D
-15.24404,126.66907,331.87,0.43,0.38,2025-03-18,0457,N21,low,2.0NRT,302.41,6.21,D
-15.24115,126.66441,331.01,0.43,0.38,2025-03-18,0457,N21,low,2.0NRT,301.2,5.52,D
-15.24231,126.65633,334.08,0.43,0.38,2025-03-18,0457,N21,nominal,2.0NRT,301.36,8.72,D
-15.24288,126.65234,343.12,0.43,0.38,2025-03-18,0457,N21,nominal,2.0NRT,303.1,5.33,D
-15.24344,126.6484,339.9,0.43,0.38,2025-03-18,0457,N21,nominal,2.0NRT,302.45,5.33,D
-15.244,126.64446,332.07,0.43,0.38,2025-03-18,0457,N21,nominal,2.0NRT,299.91,5.99,D
-15.2394,126.6518,336.03,0.43,0.38,2025-03-18,0457,N21,nominal,2.0NRT,301.04,5.33,D
-15.24052,126.64394,343.2,0.43,0.38,2025-03-18,0457,N21,nominal,2.0NRT,300.63,5.99,D
-15.24108,126.63998,339.73,0.43,0.38,2025-03-18,0457,N21,nominal,2.0NRT,299.97,5.99,D
-15.24165,126.63605,354.88,0.43,0.38,2025-03-18,0457,N21,nominal,2.0NRT,300.06,19.17,D
-15.23817,126.63552,336.61,0.43,0.38,2025-03-18,0457,N21,nominal,2.0NRT,298.2,6.26,D
-15.21837,126.62464,345.55,0.43,0.38,2025-03-18,0457,N21,nominal,2.0NRT,300.59,9.37,D
-15.2149,126.62408,337.39,0.43,0.38,2025-03-18,0457,N21,nominal,2.0NRT,301.93,9.37,D
-15.11239,127.24516,332.04,0.41,0.37,2025-03-18,0457,N21,low,2.0NRT,303.37,3.56,D
-14.9709,127.25122,338.95,0.41,0.37,2025-03-18,0457,N21,nominal,2.0NRT,302.38,6.14,D
-14.9675,127.2507,335.96,0.41,0.37,2025-03-18,0457,N21,nominal,2.0NRT,302.35,2.73,D
-14.9641,127.25018,330.6,0.41,0.37,2025-03-18,0457,N21,low,2.0NRT,303.4,2.73,D
-14.95676,127.25291,333.5,0.41,0.37,2025-03-18,0457,N21,nominal,2.0NRT,302.28,4.45,D
-14.95336,127.25241,330.13,0.41,0.37,2025-03-18,0457,N21,low,2.0NRT,300.94,3.51,D
-14.94996,127.2519,341.65,0.41,0.37,2025-03-18,0457,N21,nominal,2.0NRT,303.35,3.51,D
-14.94656,127.2514,367,0.41,0.37,2025-03-18,0457,N21,high,2.0NRT,303.61,12.34,D
-14.98769,126.89489,335.2,0.42,0.37,2025-03-18,0457,N21,nominal,2.0NRT,301.48,3.91,D
-14.98825,126.89102,336.84,0.42,0.37,2025-03-18,0457,N21,nominal,2.0NRT,301.72,3.91,D
-14.9888,126.88717,341.76,0.42,0.37,2025-03-18,0457,N21,nominal,2.0NRT,299.07,7.27,D
-14.98425,126.89439,338.55,0.42,0.37,2025-03-18,0457,N21,nominal,2.0NRT,302.94,4.59,D
-14.9848,126.89053,335.89,0.42,0.37,2025-03-18,0457,N21,nominal,2.0NRT,301.19,4.59,D
-14.9808,126.89391,342.56,0.42,0.37,2025-03-18,0457,N21,nominal,2.0NRT,301.39,4.59,D
-14.97736,126.89342,349.96,0.42,0.37,2025-03-18,0457,N21,nominal,2.0NRT,300.98,5.23,D
-14.97391,126.89295,336.27,0.42,0.37,2025-03-18,0457,N21,nominal,2.0NRT,302,5.23,D
-14.97447,126.88905,346.21,0.42,0.37,2025-03-18,0457,N21,nominal,2.0NRT,300.65,5.23,D
-14.97047,126.89246,350.12,0.42,0.37,2025-03-18,0457,N21,nominal,2.0NRT,302.14,5.43,D
-14.96702,126.89195,331.42,0.42,0.37,2025-03-18,0457,N21,nominal,2.0NRT,300.22,5.43,D
-14.94217,126.94312,330.42,0.42,0.37,2025-03-18,0457,N21,nominal,2.0NRT,300.34,4.91,D
-14.94271,126.93929,341.01,0.42,0.37,2025-03-18,0457,N21,nominal,2.0NRT,301.61,4.91,D
-14.94326,126.93543,346.53,0.42,0.37,2025-03-18,0457,N21,nominal,2.0NRT,301.42,7.6,D
-14.94382,126.93155,354.58,0.42,0.37,2025-03-18,0457,N21,nominal,2.0NRT,302.6,7.6,D
-14.94437,126.92769,349.9,0.42,0.37,2025-03-18,0457,N21,nominal,2.0NRT,300.5,12.07,D
-14.94491,126.92385,345.35,0.42,0.37,2025-03-18,0457,N21,nominal,2.0NRT,303.51,12.07,D
-14.94601,126.91616,333.01,0.42,0.37,2025-03-18,0457,N21,nominal,2.0NRT,301.41,8.39,D
-14.94765,126.90467,344.83,0.42,0.37,2025-03-18,0457,N21,nominal,2.0NRT,301.62,6.91,D
-14.9482,126.90083,351.31,0.42,0.37,2025-03-18,0457,N21,nominal,2.0NRT,301.25,6.91,D
-14.93819,126.94642,355.17,0.42,0.37,2025-03-18,0457,N21,nominal,2.0NRT,306.23,18.71,D
-14.93874,126.94257,348.05,0.42,0.37,2025-03-18,0457,N21,nominal,2.0NRT,303.59,4.91,D
-14.93929,126.93872,333.18,0.42,0.37,2025-03-18,0457,N21,nominal,2.0NRT,301.41,4.91,D
-14.94038,126.93101,331.18,0.42,0.37,2025-03-18,0457,N21,low,2.0NRT,302.92,7.6,D
-14.94148,126.92332,336.83,0.42,0.37,2025-03-18,0457,N21,nominal,2.0NRT,302.4,12.07,D
-14.94312,126.9118,353.94,0.42,0.37,2025-03-18,0457,N21,nominal,2.0NRT,304.18,15.61,D
-14.94367,126.90796,354.98,0.42,0.37,2025-03-18,0457,N21,nominal,2.0NRT,304.45,15.61,D
-14.93859,126.91896,340.96,0.42,0.37,2025-03-18,0457,N21,nominal,2.0NRT,300.83,6.08,D
-14.93914,126.91511,354.03,0.42,0.37,2025-03-18,0457,N21,nominal,2.0NRT,300.38,6.08,D
-14.93968,126.91128,345.02,0.42,0.37,2025-03-18,0457,N21,nominal,2.0NRT,299.86,6.19,D
-14.94023,126.90742,345.68,0.42,0.37,2025-03-18,0457,N21,nominal,2.0NRT,299.32,6.19,D
-14.90184,126.95621,330.51,0.41,0.37,2025-03-18,0457,N21,low,2.0NRT,301.26,4.05,D
-14.9024,126.95233,333.38,0.41,0.37,2025-03-18,0457,N21,nominal,2.0NRT,299.84,2.57,D
-14.8984,126.95569,333.41,0.41,0.37,2025-03-18,0457,N21,nominal,2.0NRT,300.52,4.05,D
-14.89897,126.95181,331.93,0.41,0.37,2025-03-18,0457,N21,nominal,2.0NRT,300.4,2.57,D
-14.79193,127.25765,340.51,0.41,0.37,2025-03-18,0457,N21,nominal,2.0NRT,302.08,8.6,D
-14.79248,127.25391,333.17,0.41,0.37,2025-03-18,0457,N21,nominal,2.0NRT,300.21,4.81,D
-14.78121,127.25986,330.78,0.41,0.37,2025-03-18,0457,N21,low,2.0NRT,301.76,3.3,D
-14.78175,127.25613,333.94,0.41,0.37,2025-03-18,0457,N21,nominal,2.0NRT,300.9,3.3,D
-14.77442,127.25886,332,0.41,0.37,2025-03-18,0457,N21,nominal,2.0NRT,301.2,2.11,D
-14.77102,127.25835,332.17,0.41,0.37,2025-03-18,0457,N21,nominal,2.0NRT,301.04,2.11,D
-14.76763,127.25783,336.75,0.41,0.37,2025-03-18,0457,N21,nominal,2.0NRT,300.86,2.56,D
-14.76424,127.25732,334.31,0.41,0.37,2025-03-18,0457,N21,nominal,2.0NRT,300.91,2.56,D
-14.7633,127.25731,334,0.41,0.37,2025-03-18,0457,N21,nominal,2.0NRT,300.97,2.33,D
-14.75936,127.26052,336.75,0.41,0.37,2025-03-18,0457,N21,nominal,2.0NRT,301.2,5.58,D
-14.75991,127.25679,333.7,0.41,0.37,2025-03-18,0457,N21,nominal,2.0NRT,300.43,2.33,D
-14.75652,127.25626,338.72,0.41,0.37,2025-03-18,0457,N21,nominal,2.0NRT,301.19,5.5,D
-14.74579,127.25843,334.37,0.41,0.37,2025-03-18,0457,N21,nominal,2.0NRT,303.24,4.61,D
-14.7424,127.25791,330.88,0.41,0.37,2025-03-18,0457,N21,low,2.0NRT,303.04,4.43,D
-14.73846,127.26114,334.05,0.41,0.37,2025-03-18,0457,N21,nominal,2.0NRT,301.68,4.43,D
-14.76602,127.07233,332.26,0.41,0.37,2025-03-18,0457,N21,nominal,2.0NRT,298.35,8.91,D
-14.73507,127.26062,338.32,0.41,0.37,2025-03-18,0457,N21,nominal,2.0NRT,302.08,4.41,D
-14.76261,127.07179,336.74,0.41,0.37,2025-03-18,0457,N21,nominal,2.0NRT,297.12,4.3,D
-14.73223,127.25636,332.02,0.41,0.37,2025-03-18,0457,N21,low,2.0NRT,302.11,4.41,D
-14.75863,127.07513,331.86,0.41,0.37,2025-03-18,0457,N21,nominal,2.0NRT,300.09,5.06,D
-14.75466,127.07848,336.6,0.41,0.37,2025-03-18,0457,N21,nominal,2.0NRT,302.08,4.55,D
-14.75014,127.08556,331.84,0.41,0.37,2025-03-18,0457,N21,nominal,2.0NRT,301.65,5.05,D
-14.74618,127.08884,330.56,0.41,0.37,2025-03-18,0457,N21,nominal,2.0NRT,300.33,6.27,D
-14.74277,127.08832,342.94,0.41,0.37,2025-03-18,0457,N21,nominal,2.0NRT,302.63,6.27,D
-14.73539,127.09116,332.6,0.41,0.37,2025-03-18,0457,N21,nominal,2.0NRT,300.94,4.76,D
-14.72801,127.09399,337.43,0.41,0.37,2025-03-18,0457,N21,nominal,2.0NRT,300.21,5.16,D
-14.70169,127.25171,333.62,0.41,0.37,2025-03-18,0457,N21,nominal,2.0NRT,300.36,5.87,D
-14.6983,127.25117,337.3,0.41,0.37,2025-03-18,0457,N21,nominal,2.0NRT,300.06,5.87,D
-14.81369,126.39473,342.59,0.43,0.38,2025-03-18,0457,N21,nominal,2.0NRT,301.25,5.21,D
-14.81425,126.39071,338.91,0.43,0.38,2025-03-18,0457,N21,nominal,2.0NRT,300.79,5.21,D
-14.81482,126.3867,346.23,0.43,0.38,2025-03-18,0457,N21,nominal,2.0NRT,299.87,9.78,D
-14.81538,126.38268,348.25,0.43,0.38,2025-03-18,0457,N21,nominal,2.0NRT,300.51,9.78,D
-14.79781,126.48206,342.97,0.43,0.38,2025-03-18,0457,N21,nominal,2.0NRT,299.1,4.51,D
-14.81188,126.38217,336.89,0.43,0.38,2025-03-18,0457,N21,nominal,2.0NRT,301.4,5.25,D
-14.81244,126.37814,335.04,0.43,0.38,2025-03-18,0457,N21,nominal,2.0NRT,300.35,6.35,D
-14.70578,127.07897,333.13,0.41,0.37,2025-03-18,0457,N21,nominal,2.0NRT,301.11,4.68,D
-14.69323,127.06931,332.15,0.41,0.37,2025-03-18,0457,N21,nominal,2.0NRT,300.22,3.42,D
-14.68928,127.07256,332.07,0.41,0.37,2025-03-18,0457,N21,nominal,2.0NRT,298.78,4.02,D
-14.68587,127.07204,332.12,0.41,0.37,2025-03-18,0457,N21,nominal,2.0NRT,298.71,1.86,D
-14.68246,127.0715,333.99,0.41,0.37,2025-03-18,0457,N21,nominal,2.0NRT,298.43,1.86,D
-14.68354,127.06393,331.46,0.41,0.37,2025-03-18,0457,N21,nominal,2.0NRT,300.61,7.75,D
-14.68242,127.06799,335.99,0.41,0.37,2025-03-18,0457,N21,nominal,2.0NRT,298.39,5.1,D
-14.68297,127.06421,338.24,0.41,0.37,2025-03-18,0457,N21,nominal,2.0NRT,300.79,5.1,D
-14.67956,127.06369,347.39,0.41,0.37,2025-03-18,0457,N21,nominal,2.0NRT,301.88,5.1,D
-14.65682,127.1952,338.78,0.41,0.37,2025-03-18,0457,N21,nominal,2.0NRT,296.3,4.35,D
-14.67615,127.06317,337.95,0.41,0.37,2025-03-18,0457,N21,nominal,2.0NRT,300.92,4.54,D
-14.67218,127.06645,331.05,0.41,0.37,2025-03-18,0457,N21,low,2.0NRT,301.28,4.54,D
-14.66877,127.06593,330.47,0.41,0.37,2025-03-18,0457,N21,low,2.0NRT,300.53,3.74,D
-14.62809,127.10617,340.55,0.41,0.37,2025-03-18,0457,N21,nominal,2.0NRT,297.22,8.96,D
-33.20881,121.60418,336.94,0.48,0.65,2025-03-18,0633,N21,nominal,2.0NRT,306.72,8.61,D
-33.53785,119.77745,337.58,0.38,0.58,2025-03-18,0633,N21,low,2.0NRT,310.27,3.24,D
-33.78647,117.22464,335.66,0.54,0.51,2025-03-18,0633,N21,nominal,2.0NRT,291.31,4.58,D
-33.42392,117.14368,337.32,0.54,0.51,2025-03-18,0633,N21,nominal,2.0NRT,299.5,5.73,D
-32.88957,118.46085,367,0.33,0.55,2025-03-18,0633,N21,high,2.0NRT,357.66,92.9,D
-32.89042,118.45735,207.38,0.33,0.55,2025-03-18,0633,N21,low,2.0NRT,322.99,92.9,D
-32.88633,118.45208,343.83,0.33,0.55,2025-03-18,0633,N21,nominal,2.0NRT,313.73,3.22,D
-32.54823,118.74228,367,0.35,0.57,2025-03-18,0633,N21,high,2.0NRT,316.82,9.42,D
-32.94595,116.85746,338.78,0.54,0.51,2025-03-18,0633,N21,nominal,2.0NRT,307.16,41.08,D
-32.94014,116.86147,344.27,0.54,0.51,2025-03-18,0633,N21,nominal,2.0NRT,310.89,52.87,D
-32.8084,117.40897,344.84,0.58,0.52,2025-03-18,0633,N21,nominal,2.0NRT,305.78,10.7,D
-32.80983,117.40284,340.78,0.58,0.52,2025-03-18,0633,N21,nominal,2.0NRT,302.35,10.7,D
-32.80481,117.40625,341.13,0.58,0.52,2025-03-18,0633,N21,nominal,2.0NRT,304.93,4.96,D
-32.38277,118.67336,367,0.35,0.57,2025-03-18,0633,N21,high,2.0NRT,316.02,9.92,D
-32.38186,118.67395,367,0.35,0.57,2025-03-18,0633,N21,high,2.0NRT,316.88,10.21,D
-32.36683,118.64506,367,0.35,0.57,2025-03-18,0633,N21,high,2.0NRT,314.09,9.62,D
-32.36769,118.64146,353,0.35,0.57,2025-03-18,0633,N21,nominal,2.0NRT,313.38,6.93,D
-32.36172,118.64339,351.09,0.35,0.57,2025-03-18,0633,N21,nominal,2.0NRT,314.63,4.33,D
-32.67628,117.28597,345.86,0.57,0.52,2025-03-18,0633,N21,nominal,2.0NRT,312.55,10.42,D
-32.66362,117.27526,340.55,0.57,0.52,2025-03-18,0633,N21,low,2.0NRT,313.08,8.43,D
-32.3983,118.22277,367,0.33,0.55,2025-03-18,0633,N21,high,2.0NRT,311.4,7.43,D
-32.38757,118.2449,335.75,0.33,0.55,2025-03-18,0633,N21,low,2.0NRT,308.06,2.19,D
-32.38591,118.22962,367,0.33,0.55,2025-03-18,0633,N21,high,2.0NRT,312.85,10.12,D
-32.38673,118.22623,348.32,0.33,0.55,2025-03-18,0633,N21,nominal,2.0NRT,316.5,10.12,D
-32.38095,118.22797,336.62,0.33,0.55,2025-03-18,0633,N21,nominal,2.0NRT,311.08,10.12,D
-32.29062,118.55254,339.84,0.34,0.56,2025-03-18,0633,N21,nominal,2.0NRT,314.35,4.33,D
-32.38297,118.2278,367,0.33,0.55,2025-03-18,0633,N21,high,2.0NRT,312.18,7.06,D
-32.38378,118.22437,367,0.33,0.55,2025-03-18,0633,N21,high,2.0NRT,312.11,7.06,D
-32.28968,118.55165,340.3,0.35,0.56,2025-03-18,0633,N21,low,2.0NRT,314.69,3.74,D
-32.28374,118.55357,340.37,0.35,0.56,2025-03-18,0633,N21,low,2.0NRT,313.24,6.72,D
-32.17099,118.56204,339.17,0.35,0.57,2025-03-18,0633,N21,low,2.0NRT,312.32,2.49,D
-32.17274,118.5548,341.44,0.35,0.57,2025-03-18,0633,N21,low,2.0NRT,312.82,6.2,D
-32.17361,118.55117,346.33,0.35,0.57,2025-03-18,0633,N21,nominal,2.0NRT,312.73,5.34,D
-32.01963,118.9315,367,0.37,0.58,2025-03-18,0633,N21,high,2.0NRT,312.68,5.27,D
-32.02057,118.92773,340.49,0.37,0.58,2025-03-18,0633,N21,nominal,2.0NRT,311.95,5.27,D
-32.0215,118.92397,341.3,0.37,0.58,2025-03-18,0633,N21,low,2.0NRT,312.34,5.84,D
-32.11358,118.27203,336.6,0.34,0.56,2025-03-18,0633,N21,low,2.0NRT,308.59,3.29,D
-32.11441,118.26856,339.32,0.34,0.56,2025-03-18,0633,N21,nominal,2.0NRT,307.88,3.29,D
-32.10608,118.25819,367,0.34,0.56,2025-03-18,0633,N21,high,2.0NRT,311.79,5.32,D
-32.10525,118.26167,336.17,0.34,0.56,2025-03-18,0633,N21,nominal,2.0NRT,306.17,5.32,D
-32.10025,118.25994,335.57,0.34,0.56,2025-03-18,0633,N21,nominal,2.0NRT,308.12,2.37,D
-32.10109,118.25646,340.44,0.34,0.56,2025-03-18,0633,N21,nominal,2.0NRT,309.63,2.37,D
-32.19656,117.76638,342.19,0.63,0.54,2025-03-18,0633,N21,nominal,2.0NRT,313.02,5.47,D
-31.7963,119.09917,341.87,0.38,0.59,2025-03-18,0633,N21,nominal,2.0NRT,308.01,6.5,D
-31.79726,119.09526,345.08,0.38,0.59,2025-03-18,0633,N21,nominal,2.0NRT,310.86,6.5,D
-31.79823,119.09135,346.67,0.38,0.59,2025-03-18,0633,N21,nominal,2.0NRT,311.02,10.91,D
-31.88863,118.45075,345.44,0.35,0.57,2025-03-18,0633,N21,nominal,2.0NRT,314.3,10.81,D
-31.88267,118.45264,367,0.35,0.57,2025-03-18,0633,N21,high,2.0NRT,321.66,10.81,D
-31.88355,118.44904,343.23,0.35,0.57,2025-03-18,0633,N21,nominal,2.0NRT,310.04,10.81,D
-32.13692,117.39605,345.15,0.6,0.53,2025-03-18,0633,N21,low,2.0NRT,315.23,19.51,D
-31.87757,118.451,344.19,0.35,0.57,2025-03-18,0633,N21,nominal,2.0NRT,314.26,4.13,D
-31.87845,118.44742,340.04,0.35,0.57,2025-03-18,0633,N21,nominal,2.0NRT,311.88,4.13,D
-32.13948,117.39558,352.66,0.6,0.53,2025-03-18,0633,N21,nominal,2.0NRT,316.94,15.46,D
-31.88798,118.45026,348.38,0.35,0.57,2025-03-18,0633,N21,nominal,2.0NRT,314.27,11.43,D
-31.88203,118.45216,367,0.35,0.57,2025-03-18,0633,N21,high,2.0NRT,323.3,11.43,D
-31.8829,118.44855,338.48,0.35,0.57,2025-03-18,0633,N21,nominal,2.0NRT,308.41,11.43,D
-31.8778,118.44693,341.76,0.35,0.57,2025-03-18,0633,N21,nominal,2.0NRT,312.69,6.46,D
-32.19444,116.84552,345.7,0.56,0.51,2025-03-18,0633,N21,nominal,2.0NRT,311.31,10.31,D
-32.08108,117.18436,343.02,0.58,0.52,2025-03-18,0633,N21,low,2.0NRT,314.48,12.33,D
-32.07498,117.1887,343.61,0.58,0.52,2025-03-18,0633,N21,nominal,2.0NRT,315.4,22.97,D
-32.07637,117.18274,341.82,0.58,0.52,2025-03-18,0633,N21,nominal,2.0NRT,313.87,12.33,D
-32.05938,117.19019,342.05,0.59,0.52,2025-03-18,0633,N21,low,2.0NRT,314.1,10.73,D
-32.12138,116.90332,344.84,0.56,0.52,2025-03-18,0633,N21,nominal,2.0NRT,316.42,30.53,D
-32.0822,117.18419,342.7,0.58,0.52,2025-03-18,0633,N21,nominal,2.0NRT,313.95,16.02,D
-32.07614,117.18856,346.65,0.59,0.52,2025-03-18,0633,N21,nominal,2.0NRT,315.7,16.02,D
-32.0775,117.18256,340.36,0.58,0.52,2025-03-18,0633,N21,nominal,2.0NRT,313.49,16.02,D
-32.06059,117.18996,340.08,0.59,0.53,2025-03-18,0633,N21,low,2.0NRT,313.58,8.03,D
-32.1208,116.9022,348.75,0.56,0.52,2025-03-18,0633,N21,nominal,2.0NRT,313.46,23.02,D
-31.66006,118.72919,350.5,0.37,0.58,2025-03-18,0633,N21,nominal,2.0NRT,311.36,6.79,D
-31.66099,118.72542,353,0.37,0.58,2025-03-18,0633,N21,nominal,2.0NRT,311.81,6.79,D
-31.66191,118.72165,344.43,0.36,0.58,2025-03-18,0633,N21,nominal,2.0NRT,310.04,7.54,D
-31.65396,118.73122,367,0.37,0.58,2025-03-18,0633,N21,high,2.0NRT,314.6,11.89,D
-31.65488,118.72747,367,0.37,0.58,2025-03-18,0633,N21,high,2.0NRT,313.89,8.78,D
-31.65947,118.70866,367,0.36,0.58,2025-03-18,0633,N21,high,2.0NRT,314.11,8.42,D
-31.6558,118.7237,345.52,0.37,0.58,2025-03-18,0633,N21,nominal,2.0NRT,312.45,8.78,D
-31.65764,118.71617,343.28,0.36,0.58,2025-03-18,0633,N21,nominal,2.0NRT,312.75,11.44,D
-31.65856,118.7124,350.56,0.36,0.58,2025-03-18,0633,N21,nominal,2.0NRT,313.88,8.42,D
-31.71437,118.483,344.36,0.35,0.57,2025-03-18,0633,N21,nominal,2.0NRT,309.67,4.45,D
-31.71523,118.47944,335.71,0.35,0.57,2025-03-18,0633,N21,low,2.0NRT,309.09,4.45,D
-31.64878,118.72945,337.55,0.37,0.58,2025-03-18,0633,N21,nominal,2.0NRT,306.01,11.89,D
-31.6497,118.72569,342.82,0.37,0.58,2025-03-18,0633,N21,nominal,2.0NRT,308.16,8.78,D
-31.65429,118.70692,353.81,0.36,0.58,2025-03-18,0633,N21,nominal,2.0NRT,312.95,8.42,D
-31.70925,118.48131,345.56,0.35,0.57,2025-03-18,0633,N21,nominal,2.0NRT,309.97,4.45,D
-31.71012,118.47775,354.97,0.35,0.57,2025-03-18,0633,N21,nominal,2.0NRT,311.36,4.45,D
-31.71099,118.47415,338.66,0.35,0.57,2025-03-18,0633,N21,low,2.0NRT,310.13,7.76,D
-31.65003,118.70146,337.93,0.36,0.58,2025-03-18,0633,N21,low,2.0NRT,311.38,4.4,D
-31.70413,118.47964,345.85,0.35,0.57,2025-03-18,0633,N21,nominal,2.0NRT,311.06,4.15,D
-31.70501,118.47605,344.67,0.35,0.57,2025-03-18,0633,N21,nominal,2.0NRT,310.92,4.15,D
-32.09543,116.70793,342.33,0.55,0.51,2025-03-18,0633,N21,nominal,2.0NRT,295.46,14.33,D
-32.09674,116.70221,341.58,0.55,0.51,2025-03-18,0633,N21,nominal,2.0NRT,296.11,13.43,D
-32.0908,116.70658,343.22,0.55,0.51,2025-03-18,0633,N21,nominal,2.0NRT,301.81,23.52,D
-31.99168,117.07117,344.27,0.58,0.52,2025-03-18,0633,N21,low,2.0NRT,316.16,32.17,D
-31.58583,118.71146,344.5,0.37,0.58,2025-03-18,0633,N21,nominal,2.0NRT,312.03,4.35,D
-31.99271,117.06979,355.3,0.58,0.52,2025-03-18,0633,N21,nominal,2.0NRT,315.79,26,D
-31.98801,117.06827,339.58,0.58,0.52,2025-03-18,0633,N21,nominal,2.0NRT,313.74,5.08,D
-31.58218,118.71011,337.2,0.37,0.58,2025-03-18,0633,N21,low,2.0NRT,311.42,7.21,D
-31.57358,118.69932,342.6,0.37,0.58,2025-03-18,0633,N21,low,2.0NRT,313.28,8.13,D
-31.54419,118.68185,338.67,0.37,0.58,2025-03-18,0633,N21,nominal,2.0NRT,307.08,5.41,D
-31.82346,117.51584,351.32,0.62,0.54,2025-03-18,0633,N21,nominal,2.0NRT,312.13,12.98,D
-31.82497,117.5094,345.06,0.62,0.54,2025-03-18,0633,N21,nominal,2.0NRT,313.38,12.98,D
-31.53991,118.67639,350.69,0.37,0.58,2025-03-18,0633,N21,nominal,2.0NRT,307.22,5.41,D
-31.81231,117.51897,337.41,0.62,0.54,2025-03-18,0633,N21,low,2.0NRT,311.75,6.53,D
-31.88318,117.10587,342.76,0.58,0.52,2025-03-18,0633,N21,low,2.0NRT,312.92,8.04,D
-31.57672,118.24953,347.21,0.34,0.56,2025-03-18,0633,N21,nominal,2.0NRT,308.25,4.59,D
-31.57756,118.24601,347.62,0.34,0.56,2025-03-18,0633,N21,nominal,2.0NRT,307.12,4.59,D
-31.57166,118.24783,367,0.34,0.56,2025-03-18,0633,N21,high,2.0NRT,310.87,7.94,D
-31.57334,118.24078,367,0.34,0.56,2025-03-18,0633,N21,high,2.0NRT,311.81,8.87,D
-31.5725,118.2443,351.11,0.34,0.56,2025-03-18,0633,N21,nominal,2.0NRT,309.86,7.94,D
-31.57419,118.23724,344.5,0.34,0.56,2025-03-18,0633,N21,nominal,2.0NRT,309.19,8.87,D
-31.56745,118.24257,367,0.34,0.56,2025-03-18,0633,N21,high,2.0NRT,312.77,7.94,D
-31.5683,118.23903,353.33,0.34,0.56,2025-03-18,0633,N21,nominal,2.0NRT,313.47,8.87,D
-31.84916,117.01529,342.24,0.58,0.52,2025-03-18,0633,N21,nominal,2.0NRT,313.61,3.67,D
-31.81219,116.97841,346.37,0.58,0.52,2025-03-18,0633,N21,nominal,2.0NRT,314.57,15.64,D
-31.81359,116.97234,344.76,0.58,0.52,2025-03-18,0633,N21,nominal,2.0NRT,317.01,21.9,D
-31.41757,118.58647,340.35,0.36,0.58,2025-03-18,0633,N21,nominal,2.0NRT,306.64,3.11,D
-31.41146,118.58852,343.64,0.36,0.58,2025-03-18,0633,N21,nominal,2.0NRT,307.79,4.21,D
-31.41238,118.58482,350.09,0.36,0.58,2025-03-18,0633,N21,nominal,2.0NRT,309.04,4.21,D
-31.40445,118.59425,339.11,0.36,0.58,2025-03-18,0633,N21,low,2.0NRT,310.92,4.19,D
-31.40537,118.59052,338.04,0.36,0.58,2025-03-18,0633,N21,low,2.0NRT,309.12,4.19,D
-31.40628,118.58682,336.96,0.36,0.58,2025-03-18,0633,N21,nominal,2.0NRT,309.35,4.21,D
-31.4072,118.58312,340.6,0.36,0.58,2025-03-18,0633,N21,nominal,2.0NRT,309.63,4.21,D
-31.77524,117.05044,336.12,0.58,0.52,2025-03-18,0633,N21,low,2.0NRT,310.03,5.95,D
-31.40294,118.57771,367,0.36,0.58,2025-03-18,0633,N21,high,2.0NRT,313.51,9.95,D
-31.40018,118.58886,337.92,0.36,0.58,2025-03-18,0633,N21,low,2.0NRT,311.57,6.19,D
-31.4011,118.58513,339.96,0.36,0.58,2025-03-18,0633,N21,low,2.0NRT,311.21,9.36,D
-31.40202,118.58141,339.49,0.36,0.58,2025-03-18,0633,N21,nominal,2.0NRT,310.68,9.36,D
-31.77052,117.04886,367,0.58,0.52,2025-03-18,0633,N21,low,2.0NRT,325.69,62.55,D
-31.39775,118.57602,349.49,0.36,0.58,2025-03-18,0633,N21,nominal,2.0NRT,314.96,9.95,D
-31.76725,117.04118,344.57,0.58,0.52,2025-03-18,0633,N21,nominal,2.0NRT,311.5,62.55,D
-31.84535,116.6615,338.74,0.55,0.51,2025-03-18,0633,N21,nominal,2.0NRT,313.4,4.86,D
-31.41329,118.58659,367,0.36,0.58,2025-03-18,0633,N21,high,2.0NRT,309.32,5.87,D
-31.41418,118.58286,333.68,0.36,0.58,2025-03-18,0633,N21,nominal,2.0NRT,307.9,3.76,D
-31.40633,118.59232,342.2,0.36,0.58,2025-03-18,0633,N21,nominal,2.0NRT,309.84,4.7,D
-31.40722,118.58858,336.97,0.36,0.58,2025-03-18,0633,N21,nominal,2.0NRT,308.75,5.87,D
-31.40812,118.58487,342.25,0.36,0.58,2025-03-18,0633,N21,nominal,2.0NRT,309.08,5.87,D
-31.409,118.58117,338.39,0.36,0.58,2025-03-18,0633,N21,nominal,2.0NRT,309.23,3.76,D
-31.76698,117.04729,346.17,0.58,0.52,2025-03-18,0633,N21,nominal,2.0NRT,311.19,94.61,D
-31.76836,117.04119,344.7,0.58,0.52,2025-03-18,0633,N21,nominal,2.0NRT,311.66,41.29,D
-31.39865,118.57773,367,0.36,0.58,2025-03-18,0633,N21,high,2.0NRT,317.1,21.68,D
-31.39686,118.58518,339.96,0.36,0.58,2025-03-18,0633,N21,low,2.0NRT,311.09,14.03,D
-31.40044,118.5703,339.54,0.36,0.58,2025-03-18,0633,N21,low,2.0NRT,313.02,3.49,D
-31.55636,117.51105,342.08,0.63,0.54,2025-03-18,0633,N21,nominal,2.0NRT,311.4,11.44,D
-31.556,117.50959,346.41,0.63,0.54,2025-03-18,0633,N21,nominal,2.0NRT,312.76,9.73,D
-31.54548,117.46461,347.53,0.62,0.54,2025-03-18,0633,N21,nominal,2.0NRT,314.34,23.4,D
-31.29053,118.52081,367,0.36,0.58,2025-03-18,0633,N21,high,2.0NRT,314.81,10.86,D
-31.29238,118.51315,338.65,0.36,0.58,2025-03-18,0633,N21,low,2.0NRT,310.56,8.08,D
-31.2806,118.46955,341.97,0.36,0.57,2025-03-18,0633,N21,low,2.0NRT,312.32,3.93,D
-31.27543,118.46788,346.25,0.36,0.57,2025-03-18,0633,N21,nominal,2.0NRT,312.28,4.3,D
-31.39777,117.51266,336.33,0.63,0.54,2025-03-18,0633,N21,low,2.0NRT,307.78,6.81,D
-31.17846,118.01942,367,0.34,0.56,2025-03-18,0633,N21,high,2.0NRT,312.84,7.62,D
-31.17761,118.02302,348.19,0.34,0.56,2025-03-18,0633,N21,nominal,2.0NRT,313.27,6.93,D
-31.17255,118.02143,353.62,0.34,0.56,2025-03-18,0633,N21,nominal,2.0NRT,313.67,6.26,D
-31.1734,118.01785,341.18,0.34,0.56,2025-03-18,0633,N21,nominal,2.0NRT,312.97,4.22,D
-31.17425,118.01426,346.74,0.34,0.56,2025-03-18,0633,N21,nominal,2.0NRT,313.67,4.22,D
-31.47424,116.63346,341.12,0.56,0.52,2025-03-18,0633,N21,nominal,2.0NRT,309.37,33.42,D
-31.46827,116.63783,345.62,0.56,0.52,2025-03-18,0633,N21,nominal,2.0NRT,311.27,63.13,D
-31.46961,116.63194,310.33,0.56,0.52,2025-03-18,0633,N21,low,2.0NRT,311.46,33.42,D
-31.12319,117.20069,346.21,0.62,0.54,2025-03-18,0633,N21,nominal,2.0NRT,316.18,10.64,D
-30.90273,118.1107,350.42,0.35,0.57,2025-03-18,0633,N21,nominal,2.0NRT,314.18,3.93,D
-30.90361,118.10703,337.38,0.35,0.57,2025-03-18,0633,N21,low,2.0NRT,310.88,3.93,D
-31.11835,117.1992,345.16,0.62,0.54,2025-03-18,0633,N21,nominal,2.0NRT,315.41,10.64,D
-30.95203,117.46127,337.42,0.32,0.55,2025-03-18,0633,N21,low,2.0NRT,310.46,3.55,D
-30.9528,117.458,336.2,0.32,0.55,2025-03-18,0633,N21,low,2.0NRT,310.54,3.55,D
-30.94146,117.46121,342.67,0.32,0.55,2025-03-18,0633,N21,low,2.0NRT,313.98,5.04,D
-30.94222,117.45798,340.46,0.32,0.55,2025-03-18,0633,N21,low,2.0NRT,313.46,4.45,D
-30.94298,117.45476,351.11,0.32,0.55,2025-03-18,0633,N21,nominal,2.0NRT,313.24,4.45,D
-30.93731,117.45638,337.97,0.32,0.55,2025-03-18,0633,N21,low,2.0NRT,312.54,4.45,D
-30.93884,117.44987,339.59,0.32,0.55,2025-03-18,0633,N21,low,2.0NRT,312.73,5.09,D
-30.30802,117.08902,351.16,0.63,0.54,2025-03-18,0633,N21,nominal,2.0NRT,318.86,16.73,D
-30.30953,117.08261,347.67,0.63,0.54,2025-03-18,0633,N21,nominal,2.0NRT,316.92,16.73,D
-30.37768,116.79248,336.65,0.61,0.53,2025-03-18,0633,N21,low,2.0NRT,311.52,9.7,D
-30.38055,116.78017,339.09,0.6,0.53,2025-03-18,0633,N21,low,2.0NRT,311.48,10.65,D
-30.31276,117.09018,340.17,0.63,0.54,2025-03-18,0633,N21,low,2.0NRT,315.1,6.38,D
-30.38325,116.78035,339.76,0.6,0.53,2025-03-18,0633,N21,low,2.0NRT,311.1,3.8,D
-30.30787,117.08865,350.79,0.63,0.54,2025-03-18,0633,N21,nominal,2.0NRT,319.03,23.64,D
-30.30934,117.08223,346.75,0.63,0.54,2025-03-18,0633,N21,low,2.0NRT,316.93,11.09,D
-30.37287,116.80349,340.45,0.61,0.53,2025-03-18,0633,N21,low,2.0NRT,312.25,7.3,D
-30.37565,116.79121,341.87,0.61,0.53,2025-03-18,0633,N21,nominal,2.0NRT,310.83,7.74,D
-30.37705,116.78505,343.4,0.61,0.53,2025-03-18,0633,N21,nominal,2.0NRT,313.16,7.74,D
-30.36805,116.80202,338.01,0.61,0.53,2025-03-18,0633,N21,low,2.0NRT,310.64,7.3,D
-30.36945,116.79587,343.61,0.61,0.53,2025-03-18,0633,N21,nominal,2.0NRT,310.49,7.3,D
-30.37086,116.78967,351.33,0.61,0.53,2025-03-18,0633,N21,nominal,2.0NRT,310.96,7.74,D
-30.37225,116.78355,341.29,0.61,0.53,2025-03-18,0633,N21,low,2.0NRT,311.94,7.74,D
-30.36463,116.79442,352.92,0.61,0.53,2025-03-18,0633,N21,nominal,2.0NRT,311.19,12,D
-30.36604,116.78825,349.09,0.61,0.53,2025-03-18,0633,N21,nominal,2.0NRT,311.34,9.34,D
-30.3584,116.7992,350.54,0.61,0.53,2025-03-18,0633,N21,nominal,2.0NRT,315.02,12,D
-30.35981,116.79301,347.17,0.61,0.53,2025-03-18,0633,N21,nominal,2.0NRT,313.08,12,D
-30.36122,116.78683,343.16,0.61,0.53,2025-03-18,0633,N21,nominal,2.0NRT,312.61,9.34,D
-28.91026,115.59756,367,0.56,0.51,2025-03-18,0635,N21,high,2.0NRT,322.66,14.82,D
-28.90563,115.5962,346.21,0.56,0.51,2025-03-18,0635,N21,nominal,2.0NRT,321.02,14.82,D
-28.90819,115.60007,349.72,0.56,0.51,2025-03-18,0635,N21,low,2.0NRT,322.72,34.86,D
-28.89893,115.59729,345.29,0.56,0.51,2025-03-18,0635,N21,low,2.0NRT,319.94,8.08,D
-28.7252,116.021,344.77,0.59,0.53,2025-03-18,0635,N21,low,2.0NRT,316.9,22.58,D
-28.72041,116.01965,355.2,0.59,0.53,2025-03-18,0635,N21,nominal,2.0NRT,321.49,22.58,D
-28.76003,115.52635,348.49,0.55,0.51,2025-03-18,0635,N21,low,2.0NRT,320.27,15.23,D
-28.61899,115.78104,344.05,0.58,0.52,2025-03-18,0635,N21,low,2.0NRT,318.2,8.8,D
-28.62027,115.77522,347.23,0.58,0.52,2025-03-18,0635,N21,low,2.0NRT,318.93,8.8,D
-28.61173,115.79121,343.38,0.58,0.52,2025-03-18,0635,N21,low,2.0NRT,318.13,11.1,D
-28.613,115.78544,350.51,0.58,0.52,2025-03-18,0635,N21,nominal,2.0NRT,318.95,11.1,D
-28.61555,115.77385,346.97,0.58,0.52,2025-03-18,0635,N21,low,2.0NRT,320.06,8.8,D
-28.66495,115.48021,367,0.55,0.51,2025-03-18,0635,N21,high,2.0NRT,325.68,51.23,D
-28.65666,115.49559,349.48,0.55,0.51,2025-03-18,0635,N21,low,2.0NRT,320.18,7.63,D
-28.65909,115.48444,367,0.55,0.51,2025-03-18,0635,N21,low,2.0NRT,326.45,58.16,D
-28.66031,115.47888,367,0.55,0.51,2025-03-18,0635,N21,low,2.0NRT,331.37,51.23,D
-28.2936,114.91909,340.56,0.52,0.5,2025-03-18,0635,N21,low,2.0NRT,313.98,7.1,D
-37.20261,174.72366,305,0.44,0.46,2025-03-18,1251,N21,nominal,2.0NRT,257.84,1.82,N
-31.35003,147.68149,306.78,0.36,0.58,2025-03-18,1429,N21,nominal,2.0NRT,288.71,1.23,N
-31.19896,146.90852,307.96,0.41,0.6,2025-03-18,1429,N21,nominal,2.0NRT,291.14,1.6,N
-31.19793,146.90831,308.5,0.41,0.6,2025-03-18,1429,N21,nominal,2.0NRT,291.19,2.02,N
-32.0793,145.55896,301.6,0.46,0.64,2025-03-18,1429,N21,nominal,2.0NRT,289.63,0.72,N
-32.07872,145.56157,301.24,0.46,0.64,2025-03-18,1429,N21,nominal,2.0NRT,289.78,1.01,N
-33.76893,150.85075,301.86,0.43,0.46,2025-03-18,1429,N21,nominal,2.0NRT,287.38,0.64,N
-33.86301,150.75417,297.77,0.43,0.46,2025-03-18,1429,N21,nominal,2.0NRT,287.71,0.79,N
-33.57016,147.06473,308.51,0.35,0.57,2025-03-18,1431,N21,nominal,2.0NRT,291.34,1.55,N
-33.57106,147.06841,316.57,0.35,0.57,2025-03-18,1431,N21,nominal,2.0NRT,291.9,1.55,N
-33.57196,147.07205,308.38,0.35,0.57,2025-03-18,1431,N21,nominal,2.0NRT,291.83,1.58,N
-34.45407,150.87715,338.7,0.42,0.45,2025-03-18,1431,N21,nominal,2.0NRT,293.19,3.28,N
-34.46004,150.88484,348.69,0.42,0.45,2025-03-18,1431,N21,nominal,2.0NRT,292.65,9.4,N
-34.45816,150.87589,300.37,0.42,0.45,2025-03-18,1431,N21,nominal,2.0NRT,290.07,3.28,N
-34.45545,150.87726,340.57,0.42,0.45,2025-03-18,1431,N21,nominal,2.0NRT,292.22,6.71,N
-34.45642,150.8817,300.07,0.42,0.45,2025-03-18,1431,N21,nominal,2.0NRT,289.73,1.03,N
-34.45738,150.88615,301.62,0.42,0.45,2025-03-18,1431,N21,nominal,2.0NRT,290.56,1.03,N
-34.46148,150.88493,339.97,0.42,0.45,2025-03-18,1431,N21,nominal,2.0NRT,291.78,2.79,N
-34.4605,150.88045,307.98,0.42,0.45,2025-03-18,1431,N21,nominal,2.0NRT,291.06,2.79,N
-33.56993,147.06279,305.27,0.35,0.57,2025-03-18,1431,N21,nominal,2.0NRT,291.12,1.23,N
-33.57085,147.06645,312.45,0.35,0.57,2025-03-18,1431,N21,nominal,2.0NRT,291.48,1.23,N
-33.57178,147.07011,312.14,0.35,0.57,2025-03-18,1431,N21,nominal,2.0NRT,291.45,1.23,N
-33.5727,147.07376,305.1,0.35,0.57,2025-03-18,1431,N21,nominal,2.0NRT,291.07,1.23,N
-34.46556,150.88367,300.91,0.42,0.45,2025-03-18,1431,N21,nominal,2.0NRT,289.19,2.79,N
-34.46653,150.88812,306.24,0.42,0.45,2025-03-18,1431,N21,nominal,2.0NRT,290.11,1.82,N
-34.46748,150.89256,311.29,0.41,0.45,2025-03-18,1431,N21,nominal,2.0NRT,292.89,1.82,N
-33.85372,147.494,304.61,0.33,0.55,2025-03-18,1431,N21,nominal,2.0NRT,288.68,1.24,N
-34.51082,150.33795,297.95,0.44,0.46,2025-03-18,1431,N21,nominal,2.0NRT,286.42,0.94,N
-33.85867,147.49226,319.25,0.33,0.55,2025-03-18,1431,N21,nominal,2.0NRT,288.8,1.22,N
-33.8595,147.49573,306.59,0.33,0.55,2025-03-18,1431,N21,nominal,2.0NRT,287.89,1.12,N
-33.86277,147.48709,300.01,0.33,0.55,2025-03-18,1431,N21,nominal,2.0NRT,288.45,1.22,N
-33.86529,147.49744,299.56,0.33,0.55,2025-03-18,1431,N21,nominal,2.0NRT,288.45,1.12,N
-33.74893,145.9828,301.06,0.4,0.6,2025-03-18,1431,N21,nominal,2.0NRT,291.04,1.27,N
-34.76611,150.03069,296.17,0.45,0.47,2025-03-18,1431,N21,nominal,2.0NRT,285.09,0.45,N
-35.89133,146.52019,296.9,0.33,0.55,2025-03-18,1431,N21,nominal,2.0NRT,280.38,0.62,N
-37.07965,149.01784,302.1,0.46,0.47,2025-03-18,1431,N21,nominal,2.0NRT,282.27,1.39,N
-37.08079,149.02283,318.48,0.46,0.47,2025-03-18,1431,N21,nominal,2.0NRT,283.9,3.63,N
-37.08506,149.02148,321.36,0.46,0.47,2025-03-18,1431,N21,nominal,2.0NRT,284.12,3.06,N
-37.08931,149.02007,308.02,0.46,0.47,2025-03-18,1431,N21,nominal,2.0NRT,283.17,3.06,N
-38.17045,148.41966,304.34,0.46,0.47,2025-03-18,1431,N21,nominal,2.0NRT,287.92,0.63,N
-38.22673,147.17265,296.91,0.53,0.5,2025-03-18,1431,N21,nominal,2.0NRT,284.71,1.06,N
-37.78308,144.72711,296.7,0.37,0.58,2025-03-18,1431,N21,nominal,2.0NRT,285.21,0.66,N
-37.83292,144.7859,319.77,0.36,0.58,2025-03-18,1431,N21,nominal,2.0NRT,287.62,2.93,N
-37.83398,144.78989,310.35,0.36,0.58,2025-03-18,1431,N21,nominal,2.0NRT,286.81,2.48,N
-38.30457,145.21886,296.66,0.33,0.56,2025-03-18,1431,N21,nominal,2.0NRT,286.54,0.45,N
-34.8198,138.9317,336.03,0.43,0.46,2025-03-18,1611,N21,nominal,2.0NRT,282.19,11.13,N
-34.82027,138.93642,329.72,0.43,0.46,2025-03-18,1611,N21,nominal,2.0NRT,284.08,13.41,N
-31.3538,117.78078,298.76,0.65,0.73,2025-03-18,1611,N21,nominal,2.0NRT,285.15,2.76,N
-37.41771,142.86403,297.13,0.37,0.58,2025-03-18,1611,N21,nominal,2.0NRT,278.14,0.54,N
-37.83512,144.78491,301.04,0.48,0.65,2025-03-18,1611,N21,nominal,2.0NRT,285.46,2.7,N
-37.83533,144.79053,311.9,0.48,0.65,2025-03-18,1611,N21,nominal,2.0NRT,285.94,2.97,N
-40.85369,145.38228,295.99,0.54,0.68,2025-03-18,1613,N21,nominal,2.0NRT,283.97,0.98,N
-15.27733,130.32347,314.75,0.5,0.49,2025-03-18,1607,N21,nominal,2.0NRT,281.63,2.59,N
-15.28406,130.33478,309.71,0.5,0.49,2025-03-18,1607,N21,nominal,2.0NRT,284.01,1.96,N
-15.31053,130.35295,323.58,0.5,0.49,2025-03-18,1607,N21,nominal,2.0NRT,286.66,4.46,N
-15.30912,130.35542,320.61,0.5,0.49,2025-03-18,1607,N21,nominal,2.0NRT,286.83,2.55,N
-15.31351,130.35425,307.27,0.5,0.49,2025-03-18,1607,N21,nominal,2.0NRT,286.38,2.55,N
-15.24498,127.08315,295.94,0.41,0.61,2025-03-18,1607,N21,nominal,2.0NRT,270.55,0.83,N
-16.88171,132.01579,311.18,0.55,0.43,2025-03-18,1607,N21,nominal,2.0NRT,290.05,2.58,N
-17.52033,130.71033,309.35,0.43,0.46,2025-03-18,1607,N21,nominal,2.0NRT,293.7,3.2,N
-17.52106,130.71425,310.02,0.43,0.46,2025-03-18,1607,N21,nominal,2.0NRT,292.74,2.64,N
-17.54448,130.67633,334.98,0.43,0.46,2025-03-18,1607,N21,nominal,2.0NRT,295.18,3.8,N
-17.54523,130.68044,309.56,0.43,0.46,2025-03-18,1607,N21,nominal,2.0NRT,294.65,3.8,N
-17.54941,130.6795,317.39,0.43,0.46,2025-03-18,1607,N21,nominal,2.0NRT,294.95,4.65,N
-17.54488,130.67618,335.78,0.43,0.46,2025-03-18,1607,N21,nominal,2.0NRT,295.35,3.09,N
-17.54566,130.68027,316.7,0.43,0.46,2025-03-18,1607,N21,nominal,2.0NRT,294.87,3.09,N
-17.54984,130.67935,311.44,0.43,0.46,2025-03-18,1607,N21,nominal,2.0NRT,294.33,3.09,N
-18.36405,132.73419,305.67,0.48,0.4,2025-03-18,1607,N21,nominal,2.0NRT,294.9,1.19,N
-18.36714,132.73566,312.37,0.48,0.4,2025-03-18,1607,N21,nominal,2.0NRT,295.21,1.79,N
-18.38631,132.73671,309.85,0.48,0.4,2025-03-18,1607,N21,nominal,2.0NRT,295.31,1.04,N
-18.38918,132.73145,315.5,0.48,0.4,2025-03-18,1607,N21,nominal,2.0NRT,295.53,1.9,N
-18.38999,132.73599,310.87,0.48,0.4,2025-03-18,1607,N21,nominal,2.0NRT,295.04,1.04,N
-18.39286,132.73076,320.91,0.48,0.4,2025-03-18,1607,N21,nominal,2.0NRT,295.34,2.62,N
-18.61409,131.71855,309.51,0.54,0.42,2025-03-18,1607,N21,nominal,2.0NRT,295.32,1.32,N
-18.61796,131.71777,311.54,0.54,0.42,2025-03-18,1607,N21,nominal,2.0NRT,295.6,1.34,N
-18.61467,131.71632,312.52,0.54,0.42,2025-03-18,1607,N21,nominal,2.0NRT,295.51,2.45,N
-19.50188,131.74368,305.57,0.52,0.42,2025-03-18,1607,N21,nominal,2.0NRT,295.42,1.28,N
-19.5066,131.74788,307.79,0.52,0.42,2025-03-18,1607,N21,nominal,2.0NRT,295.54,1.35,N
-19.50751,131.75284,308.58,0.52,0.42,2025-03-18,1607,N21,nominal,2.0NRT,295.38,1.35,N
-19.51314,131.76198,314.19,0.52,0.42,2025-03-18,1607,N21,nominal,2.0NRT,295.65,2.65,N
-19.51405,131.76692,318.72,0.52,0.42,2025-03-18,1607,N21,nominal,2.0NRT,295.29,2.41,N
-19.51876,131.7711,313.77,0.52,0.42,2025-03-18,1607,N21,nominal,2.0NRT,295.62,2.41,N
-19.52437,131.78024,329.45,0.52,0.42,2025-03-18,1607,N21,nominal,2.0NRT,296.2,3.47,N
-19.52347,131.77528,315.2,0.52,0.42,2025-03-18,1607,N21,nominal,2.0NRT,295.95,3.47,N
-19.52908,131.78441,312.76,0.52,0.42,2025-03-18,1607,N21,nominal,2.0NRT,295.3,2.06,N
-19.53378,131.78859,313.69,0.52,0.42,2025-03-18,1607,N21,nominal,2.0NRT,295.32,3.21,N
-19.49889,130.20282,338.28,0.43,0.46,2025-03-18,1607,N21,nominal,2.0NRT,294.59,7.77,N
-19.50574,130.23907,338.3,0.43,0.46,2025-03-18,1607,N21,nominal,2.0NRT,288.81,7.5,N
-19.5099,130.2382,331.04,0.43,0.46,2025-03-18,1607,N21,nominal,2.0NRT,293.27,7.5,N
-19.51066,130.24223,334.78,0.43,0.46,2025-03-18,1607,N21,nominal,2.0NRT,292.96,8.08,N
-19.50306,130.20195,314.5,0.43,0.46,2025-03-18,1607,N21,nominal,2.0NRT,292.53,7.77,N
-19.51406,130.2373,325.69,0.43,0.46,2025-03-18,1607,N21,nominal,2.0NRT,291.44,5.65,N
-19.51482,130.24135,324.3,0.43,0.46,2025-03-18,1607,N21,nominal,2.0NRT,292.53,6.37,N
-19.51746,130.23238,333.43,0.43,0.46,2025-03-18,1607,N21,nominal,2.0NRT,292.98,5.65,N
-19.52389,130.24361,313.07,0.43,0.46,2025-03-18,1607,N21,nominal,2.0NRT,291.54,5.37,N
-21.30116,124.59034,311.12,0.45,0.63,2025-03-18,1607,N21,nominal,2.0NRT,287.11,3.29,N
-21.30209,124.5894,306.35,0.45,0.63,2025-03-18,1607,N21,nominal,2.0NRT,286.76,3.31,N
-21.30973,124.59642,300.96,0.45,0.63,2025-03-18,1607,N21,nominal,2.0NRT,281.16,3.72,N
-26.4776,129.15948,302.03,0.56,0.43,2025-03-18,1609,N21,nominal,2.0NRT,291.66,0.92,N
-26.47869,129.16505,302.66,0.56,0.43,2025-03-18,1609,N21,nominal,2.0NRT,291.33,0.92,N
-26.48152,129.15854,306.74,0.56,0.43,2025-03-18,1609,N21,nominal,2.0NRT,291.75,0.92,N
-26.48935,129.15666,313.02,0.56,0.43,2025-03-18,1609,N21,nominal,2.0NRT,292.03,1.89,N
-26.49327,129.15573,302.04,0.56,0.43,2025-03-18,1609,N21,nominal,2.0NRT,291.73,0.72,N
-26.5011,129.15385,306.51,0.56,0.43,2025-03-18,1609,N21,nominal,2.0NRT,291.91,1.06,N
-31.19557,146.90799,300.65,0.57,0.69,2025-03-18,1609,N21,nominal,2.0NRT,289.49,1.39,N
-31.19686,146.91016,306.32,0.57,0.69,2025-03-18,1609,N21,nominal,2.0NRT,289.46,1.51,N
-30.44553,136.85776,308.08,0.46,0.39,2025-03-18,1609,N21,nominal,2.0NRT,279.71,1.18,N
-32.10407,147.77434,298.52,0.65,0.73,2025-03-18,1609,N21,nominal,2.0NRT,286.85,1.16,N
-32.0759,145.56186,304.23,0.48,0.65,2025-03-18,1609,N21,nominal,2.0NRT,290.37,0.77,N
-32.07779,145.56181,305.62,0.48,0.65,2025-03-18,1609,N21,nominal,2.0NRT,290.46,1.34,N
-32.9949,137.58731,325.81,0.52,0.42,2025-03-18,1611,N21,nominal,2.0NRT,289.29,4.77,N
-33.00258,137.58604,299.96,0.52,0.42,2025-03-18,1611,N21,nominal,2.0NRT,289.15,1.27,N
-33.00771,137.59666,312.03,0.52,0.42,2025-03-18,1611,N21,nominal,2.0NRT,289.38,2.45,N
-33.0154,137.59538,312.54,0.52,0.42,2025-03-18,1611,N21,nominal,2.0NRT,292.21,2.36,N
-33.85834,147.49226,302.54,0.64,0.72,2025-03-18,1611,N21,nominal,2.0NRT,284.74,3.66,N
-34.36441,140.58739,297.84,0.52,0.5,2025-03-18,1611,N21,nominal,2.0NRT,286.73,1.19,N
-34.36492,140.59303,298.37,0.52,0.5,2025-03-18,1611,N21,nominal,2.0NRT,285.92,1.63,N
-34.36377,140.59328,296.71,0.52,0.5,2025-03-18,1611,N21,nominal,2.0NRT,286.64,1.25,N
-18.33169,122.06255,312.44,0.46,0.64,2025-03-18,1747,N21,nominal,2.0NRT,289.77,4.55,N
-19.5837,116.13757,314.75,0.39,0.44,2025-03-18,1749,N21,nominal,2.0NRT,295.26,1.31,N
-21.69377,115.002,307.77,0.54,0.42,2025-03-18,1749,N21,nominal,2.0NRT,293.27,4.63,N
-21.69766,115.00141,309.06,0.54,0.42,2025-03-18,1749,N21,nominal,2.0NRT,293.07,5.33,N
-31.34876,117.78445,296.46,0.34,0.56,2025-03-18,1752,N21,nominal,2.0NRT,283.36,0.53,N
-31.38617,117.52975,295.05,0.33,0.55,2025-03-18,1752,N21,nominal,2.0NRT,283.15,1.06,N
-37.09303,149.01607,339.01,0.67,0.74,2025-03-19,0251,N21,nominal,2.0NRT,299.72,13.13,D
-37.09318,149.00905,326.96,0.67,0.74,2025-03-19,0251,N21,low,2.0NRT,297.4,13.13,D
-37.08604,149.02296,341.45,0.67,0.73,2025-03-19,0251,N21,nominal,2.0NRT,298.24,13.92,D
-35.72218,150.05032,339.71,0.57,0.69,2025-03-19,0251,N21,nominal,2.0NRT,295.74,6.55,D
-34.45339,150.21475,332.14,0.55,0.68,2025-03-19,0251,N21,nominal,2.0NRT,292.51,10.18,D
-34.19986,147.95688,344.83,0.74,0.76,2025-03-19,0251,N21,nominal,2.0NRT,274.68,62.17,D
-34.19968,147.96492,355.64,0.74,0.76,2025-03-19,0251,N21,low,2.0NRT,282.02,62.17,D
-34.05581,149.72989,344.43,0.58,0.7,2025-03-19,0251,N21,nominal,2.0NRT,293.98,12.19,D
-34.05608,149.72293,338.2,0.58,0.7,2025-03-19,0251,N21,nominal,2.0NRT,292.74,12.19,D
-34.04907,149.73636,335.1,0.58,0.7,2025-03-19,0251,N21,nominal,2.0NRT,291.57,12.04,D
-33.63772,151.13516,326.98,0.48,0.65,2025-03-19,0251,N21,nominal,2.0NRT,291.98,3.92,D
-33.63797,151.13016,333.29,0.48,0.65,2025-03-19,0251,N21,nominal,2.0NRT,292.92,3.92,D
-33.6416,151.13403,330.4,0.48,0.65,2025-03-19,0251,N21,nominal,2.0NRT,292.84,3.99,D
-33.6356,151.13351,326.34,0.48,0.65,2025-03-19,0251,N21,nominal,2.0NRT,291.98,4.84,D
-33.63588,151.12825,325.45,0.48,0.65,2025-03-19,0251,N21,nominal,2.0NRT,292,3.36,D
-33.23373,148.06105,334.64,0.72,0.75,2025-03-19,0251,N21,nominal,2.0NRT,292.8,10.77,D
-31.49385,151.07336,327.78,0.46,0.64,2025-03-19,0253,N21,nominal,2.0NRT,294.86,3.4,D
-29.35461,149.58275,367,0.55,0.68,2025-03-19,0253,N21,high,2.0NRT,296.19,11.43,D
-29.40425,148.48984,335.22,0.64,0.72,2025-03-19,0253,N21,nominal,2.0NRT,293.66,9.3,D
-29.35156,149.58231,345.69,0.55,0.68,2025-03-19,0253,N21,nominal,2.0NRT,295.71,6.29,D
-29.40104,148.49074,330.85,0.64,0.72,2025-03-19,0253,N21,nominal,2.0NRT,293.08,4.78,D
-28.90196,149.3981,367,0.56,0.69,2025-03-19,0253,N21,high,2.0NRT,298.29,14.02,D
-28.90165,149.40382,337.15,0.56,0.69,2025-03-19,0253,N21,nominal,2.0NRT,295.94,14.02,D
-28.9058,149.40131,331.67,0.56,0.68,2025-03-19,0253,N21,nominal,2.0NRT,295.67,9.46,D
-28.90615,149.39558,345.52,0.56,0.69,2025-03-19,0253,N21,nominal,2.0NRT,296.31,10.45,D
-28.89945,149.40094,338.24,0.56,0.68,2025-03-19,0253,N21,nominal,2.0NRT,296.64,9.46,D
-28.89979,149.3952,349.86,0.56,0.69,2025-03-19,0253,N21,nominal,2.0NRT,296.61,10.45,D
-28.78201,150.93166,338.7,0.45,0.63,2025-03-19,0253,N21,nominal,2.0NRT,298.49,7.65,D
-43.53711,146.60709,331.44,0.48,0.4,2025-03-19,0432,N21,nominal,2.0NRT,288.77,10.94,D
-43.53825,146.6013,329.01,0.48,0.4,2025-03-19,0432,N21,nominal,2.0NRT,291.24,10.94,D
-43.53351,146.60573,337.4,0.48,0.4,2025-03-19,0432,N21,nominal,2.0NRT,291.77,10.94,D
-43.53465,146.59996,343.79,0.48,0.4,2025-03-19,0432,N21,nominal,2.0NRT,291.48,10.94,D
-43.52878,146.61003,327.45,0.48,0.4,2025-03-19,0432,N21,nominal,2.0NRT,288.96,6.04,D
-43.52991,146.60429,344.77,0.48,0.4,2025-03-19,0432,N21,nominal,2.0NRT,289.74,12.36,D
-43.53106,146.59856,350.79,0.48,0.4,2025-03-19,0432,N21,nominal,2.0NRT,291.57,12.36,D
-43.52974,146.58569,338.41,0.47,0.4,2025-03-19,0432,N21,nominal,2.0NRT,290.31,8.56,D
-43.52614,146.58432,342.38,0.47,0.4,2025-03-19,0432,N21,nominal,2.0NRT,291.62,15.73,D
-43.52109,146.55127,333.27,0.47,0.4,2025-03-19,0432,N21,nominal,2.0NRT,289.91,4.21,D
-43.49392,146.59064,330.04,0.48,0.4,2025-03-19,0432,N21,nominal,2.0NRT,286.6,10.38,D
-43.49505,146.58495,333.82,0.48,0.4,2025-03-19,0432,N21,nominal,2.0NRT,289.39,10.38,D
-43.49618,146.57925,335.25,0.48,0.4,2025-03-19,0432,N21,nominal,2.0NRT,289.21,7.09,D
-43.49145,146.58357,352.58,0.48,0.4,2025-03-19,0432,N21,nominal,2.0NRT,292.08,10.38,D
-43.49258,146.57794,328.77,0.48,0.4,2025-03-19,0432,N21,nominal,2.0NRT,289.17,7.09,D
-43.48783,146.58232,336.07,0.48,0.4,2025-03-19,0432,N21,nominal,2.0NRT,304.48,87.59,D
-40.93517,147.85182,340.58,0.4,0.44,2025-03-19,0432,N21,nominal,2.0NRT,303.85,3.62,D
-41.13536,146.85381,332.19,0.53,0.42,2025-03-19,0432,N21,nominal,2.0NRT,302.22,8.68,D
-41.08541,145.79982,336.65,0.49,0.4,2025-03-19,0432,N21,nominal,2.0NRT,302.69,4.74,D
-37.10254,149.01839,327.77,0.55,0.51,2025-03-19,0432,N21,nominal,2.0NRT,295.63,5.71,D
-37.098,149.01642,327.32,0.55,0.51,2025-03-19,0432,N21,low,2.0NRT,299.93,5.71,D
-37.09191,149.02097,326.61,0.55,0.51,2025-03-19,0432,N21,low,2.0NRT,297.58,10.23,D
-37.09346,149.01453,349.97,0.55,0.51,2025-03-19,0432,N21,nominal,2.0NRT,302.58,10.23,D
-37.08122,149.02383,328.35,0.55,0.51,2025-03-19,0432,N21,nominal,2.0NRT,296.27,4.54,D
-38.07137,143.50145,345.19,0.44,0.39,2025-03-19,0432,N21,low,2.0NRT,317.74,13.03,D
-38.06786,143.5004,340.2,0.44,0.39,2025-03-19,0432,N21,low,2.0NRT,313.64,13.03,D
-38.03226,143.61234,346.46,0.45,0.39,2025-03-19,0432,N21,nominal,2.0NRT,315.05,9.74,D
-38.02873,143.61127,367,0.45,0.39,2025-03-19,0432,N21,high,2.0NRT,344.03,151.52,D
-38.00536,143.34273,367,0.44,0.38,2025-03-19,0432,N21,high,2.0NRT,345.7,237.35,D
-38.00445,143.34769,350.07,0.44,0.38,2025-03-19,0432,N21,low,2.0NRT,330.96,237.35,D
-38.00095,143.34665,367,0.44,0.38,2025-03-19,0432,N21,high,2.0NRT,334.93,237.35,D
-37.90441,143.58806,367,0.45,0.39,2025-03-19,0432,N21,high,2.0NRT,336.37,103.09,D
-37.90536,143.58298,347.14,0.45,0.39,2025-03-19,0432,N21,nominal,2.0NRT,319.78,19.6,D
-37.90346,143.59312,367,0.45,0.39,2025-03-19,0432,N21,low,2.0NRT,332.39,103.09,D
-37.90088,143.58699,345.02,0.45,0.39,2025-03-19,0432,N21,nominal,2.0NRT,315.64,6.87,D
-37.90183,143.58191,341.12,0.45,0.39,2025-03-19,0432,N21,nominal,2.0NRT,315.62,5.27,D
-37.92319,143.40758,354.55,0.44,0.39,2025-03-19,0432,N21,nominal,2.0NRT,316,10.22,D
-37.91875,143.41154,347.08,0.44,0.39,2025-03-19,0432,N21,nominal,2.0NRT,313.47,7.05,D
-37.91968,143.40654,346.57,0.44,0.39,2025-03-19,0432,N21,nominal,2.0NRT,315.09,5.51,D
-37.9206,143.40155,344.45,0.44,0.39,2025-03-19,0432,N21,low,2.0NRT,315.61,5.51,D
-37.91524,143.41049,349.05,0.44,0.39,2025-03-19,0432,N21,nominal,2.0NRT,313.36,7.05,D
-37.91617,143.40549,345.78,0.44,0.39,2025-03-19,0432,N21,nominal,2.0NRT,314.25,5.51,D
-37.9171,143.4005,350.67,0.44,0.39,2025-03-19,0432,N21,nominal,2.0NRT,316.12,5.51,D
-37.9737,143.07382,347.18,0.43,0.38,2025-03-19,0432,N21,nominal,2.0NRT,312.82,6.52,D
-37.96943,143.05719,353.66,0.43,0.38,2025-03-19,0432,N21,nominal,2.0NRT,314.66,6.75,D
-37.96239,143.07565,338.41,0.43,0.38,2025-03-19,0432,N21,low,2.0NRT,312.05,5.26,D
-37.96418,143.0659,340.89,0.43,0.38,2025-03-19,0432,N21,low,2.0NRT,313.62,5.84,D
-37.96892,143.05934,339.41,0.43,0.38,2025-03-19,0432,N21,low,2.0NRT,313.64,3.47,D
-37.9698,143.05447,340.44,0.43,0.38,2025-03-19,0432,N21,nominal,2.0NRT,311.91,3.47,D
-37.95848,143.07683,348.68,0.43,0.38,2025-03-19,0432,N21,nominal,2.0NRT,313.87,6.95,D
-37.95935,143.07193,344.29,0.43,0.38,2025-03-19,0432,N21,nominal,2.0NRT,312.29,6.95,D
-37.95164,143.01328,337.03,0.43,0.38,2025-03-19,0432,N21,low,2.0NRT,311.07,2.26,D
-37.9473,143.01712,345.87,0.43,0.38,2025-03-19,0432,N21,nominal,2.0NRT,311.54,4.37,D
-37.88992,143.23257,342.6,0.44,0.38,2025-03-19,0432,N21,low,2.0NRT,313.98,6.73,D
-37.89082,143.22765,341.28,0.44,0.38,2025-03-19,0432,N21,low,2.0NRT,313.39,6.73,D
-37.90092,142.83064,339.34,0.43,0.38,2025-03-19,0432,N21,low,2.0NRT,313.88,14.42,D
-37.89748,142.82965,347.96,0.43,0.38,2025-03-19,0432,N21,nominal,2.0NRT,316.61,14.42,D
-37.89835,142.82484,340.14,0.43,0.38,2025-03-19,0432,N21,nominal,2.0NRT,311.72,5.07,D
-37.89965,142.83241,340.15,0.43,0.38,2025-03-19,0432,N21,low,2.0NRT,314.56,29.71,D
-37.90051,142.82761,343.21,0.43,0.38,2025-03-19,0432,N21,low,2.0NRT,314.85,5.59,D
-37.89706,142.82658,336.34,0.43,0.38,2025-03-19,0432,N21,low,2.0NRT,309.99,5.59,D
-37.88836,142.77359,339.42,0.42,0.38,2025-03-19,0432,N21,low,2.0NRT,313.17,6.72,D
-37.90171,142.63719,348.05,0.42,0.38,2025-03-19,0432,N21,nominal,2.0NRT,313.87,7.49,D
-37.89654,142.62573,344.87,0.42,0.38,2025-03-19,0432,N21,low,2.0NRT,317.75,47.81,D
-37.89738,142.62097,313.92,0.42,0.38,2025-03-19,0432,N21,low,2.0NRT,319.06,47.81,D
-37.89311,142.62473,343.76,0.42,0.38,2025-03-19,0432,N21,nominal,2.0NRT,312.92,7.05,D
-37.79161,143.14897,367,0.44,0.38,2025-03-19,0432,N21,low,2.0NRT,325.77,18.98,D
-37.78812,143.14796,343.63,0.44,0.38,2025-03-19,0432,N21,nominal,2.0NRT,313.31,18.98,D
-37.72168,143.26895,335.92,0.44,0.38,2025-03-19,0432,N21,nominal,2.0NRT,310.12,4.33,D
-37.7226,143.26401,348.31,0.44,0.38,2025-03-19,0432,N21,nominal,2.0NRT,310.77,4.33,D
-37.72352,143.25906,336.02,0.44,0.38,2025-03-19,0432,N21,nominal,2.0NRT,310,2.87,D
-37.69843,143.31448,355.79,0.44,0.39,2025-03-19,0432,N21,nominal,2.0NRT,322.23,21.42,D
-37.69897,143.31796,348.11,0.44,0.39,2025-03-19,0432,N21,nominal,2.0NRT,315.83,8,D
-37.69989,143.31297,343.44,0.44,0.39,2025-03-19,0432,N21,low,2.0NRT,313.47,8,D
-37.69637,143.31194,346.66,0.44,0.39,2025-03-19,0432,N21,nominal,2.0NRT,313.88,17.48,D
-37.51331,143.99107,353.42,0.47,0.4,2025-03-19,0432,N21,nominal,2.0NRT,308.36,17.01,D
-37.624,143.34311,354.33,0.44,0.39,2025-03-19,0432,N21,nominal,2.0NRT,316.59,8.61,D
-37.61956,143.34705,338.92,0.44,0.39,2025-03-19,0432,N21,low,2.0NRT,312.7,8.61,D
-37.36432,143.77655,336.24,0.46,0.39,2025-03-19,0432,N21,nominal,2.0NRT,311.16,3.61,D
-37.35652,143.75768,346.59,0.46,0.39,2025-03-19,0432,N21,nominal,2.0NRT,313.2,10.79,D
-37.35751,143.75243,339.11,0.46,0.39,2025-03-19,0432,N21,nominal,2.0NRT,310.36,10.79,D
-36.90522,145.00665,339.45,0.53,0.42,2025-03-19,0432,N21,nominal,2.0NRT,308.07,3.62,D
-36.90641,145.00072,336.13,0.53,0.42,2025-03-19,0432,N21,nominal,2.0NRT,309.7,3.62,D
-36.90143,145.0054,339.27,0.53,0.42,2025-03-19,0432,N21,nominal,2.0NRT,307.85,5.91,D
-35.86335,149.14471,343.31,0.6,0.53,2025-03-19,0432,N21,nominal,2.0NRT,302.88,73.96,D
-35.85855,149.14314,349.08,0.6,0.53,2025-03-19,0432,N21,nominal,2.0NRT,304,16.25,D
-35.86009,149.13676,355.02,0.6,0.53,2025-03-19,0432,N21,nominal,2.0NRT,302.83,26.53,D
-35.85376,149.14153,344.71,0.6,0.53,2025-03-19,0432,N21,nominal,2.0NRT,298.96,16.25,D
-36.99044,141.90343,367,0.41,0.37,2025-03-19,0432,N21,high,2.0NRT,348.86,117.82,D
-36.99124,141.89883,367,0.41,0.37,2025-03-19,0432,N21,high,2.0NRT,337.78,117.82,D
-36.98964,141.90802,367,0.41,0.37,2025-03-19,0432,N21,low,2.0NRT,327.6,19.11,D
-36.96784,141.93097,348.07,0.41,0.37,2025-03-19,0432,N21,nominal,2.0NRT,314.84,6.33,D
-36.96444,141.93004,351.64,0.41,0.37,2025-03-19,0432,N21,nominal,2.0NRT,317.89,12.64,D
-36.96524,141.92545,353.45,0.41,0.37,2025-03-19,0432,N21,nominal,2.0NRT,319.68,16.34,D
-36.96104,141.92912,367,0.41,0.37,2025-03-19,0432,N21,high,2.0NRT,320.12,12.64,D
-36.96184,141.92453,355.58,0.41,0.37,2025-03-19,0432,N21,nominal,2.0NRT,321.73,16.34,D
-36.96138,141.93166,353.46,0.41,0.37,2025-03-19,0432,N21,nominal,2.0NRT,317.88,11.1,D
-36.96217,141.92706,355.45,0.41,0.37,2025-03-19,0432,N21,nominal,2.0NRT,320.72,15,D
-36.96296,141.92249,347.64,0.41,0.37,2025-03-19,0432,N21,nominal,2.0NRT,318.29,15,D
-36.95798,141.93073,367,0.41,0.37,2025-03-19,0432,N21,high,2.0NRT,320.81,11.1,D
-36.95877,141.92615,355.89,0.41,0.37,2025-03-19,0432,N21,nominal,2.0NRT,319.43,15,D
-36.81186,142.59854,367,0.43,0.38,2025-03-19,0432,N21,high,2.0NRT,318.3,10.98,D
-36.80581,142.61197,352.9,0.43,0.38,2025-03-19,0432,N21,nominal,2.0NRT,313.47,12.49,D
-36.80839,142.59758,367,0.43,0.38,2025-03-19,0432,N21,low,2.0NRT,333.18,40.86,D
-36.8032,142.6062,367,0.43,0.38,2025-03-19,0432,N21,high,2.0NRT,315.68,12.49,D
-36.80407,142.60139,355.47,0.43,0.38,2025-03-19,0432,N21,nominal,2.0NRT,318.72,40.86,D
-36.80492,142.5966,367,0.43,0.38,2025-03-19,0432,N21,low,2.0NRT,327.45,40.86,D
-36.95534,141.55385,341.52,0.4,0.37,2025-03-19,0432,N21,nominal,2.0NRT,315.8,8.93,D
-36.9561,141.54936,345.91,0.4,0.37,2025-03-19,0432,N21,nominal,2.0NRT,317.97,8.93,D
-36.95273,141.54846,346.86,0.4,0.37,2025-03-19,0432,N21,nominal,2.0NRT,315.94,8.93,D
-36.68025,142.65993,340.08,0.43,0.38,2025-03-19,0434,N21,nominal,2.0NRT,307.45,9.29,D
-36.67764,142.65413,367,0.43,0.38,2025-03-19,0434,N21,high,2.0NRT,315.24,9.29,D
-36.67677,142.65895,354.64,0.43,0.38,2025-03-19,0434,N21,nominal,2.0NRT,310.44,9.29,D
-36.67851,142.64932,338.86,0.43,0.38,2025-03-19,0434,N21,nominal,2.0NRT,311.32,4.65,D
-36.67416,142.65315,346.61,0.43,0.38,2025-03-19,0434,N21,nominal,2.0NRT,311.29,6.85,D
-36.67503,142.64833,339.34,0.43,0.38,2025-03-19,0434,N21,nominal,2.0NRT,313.22,4.22,D
-36.78878,141.20422,347.11,0.4,0.37,2025-03-19,0434,N21,nominal,2.0NRT,315.8,6.69,D
-36.78543,141.20335,343.12,0.4,0.37,2025-03-19,0434,N21,low,2.0NRT,316.18,6.69,D
-36.76972,141.25496,348.31,0.4,0.37,2025-03-19,0434,N21,low,2.0NRT,320.14,7.86,D
-36.76561,141.25854,348.02,0.4,0.37,2025-03-19,0434,N21,nominal,2.0NRT,316.57,7.6,D
-36.67005,141.48836,345.36,0.4,0.37,2025-03-19,0434,N21,low,2.0NRT,317.14,11.08,D
-36.66253,141.49107,344.7,0.4,0.37,2025-03-19,0434,N21,low,2.0NRT,319.6,26.93,D
-36.67157,141.33421,367,0.4,0.37,2025-03-19,0434,N21,high,2.0NRT,318.04,11.84,D
-36.67233,141.32974,349.36,0.4,0.37,2025-03-19,0434,N21,nominal,2.0NRT,314.67,11.84,D
-36.66821,141.33333,367,0.4,0.37,2025-03-19,0434,N21,high,2.0NRT,320.83,11.84,D
-36.66896,141.32887,367,0.4,0.37,2025-03-19,0434,N21,high,2.0NRT,320.37,11.84,D
-36.66972,141.3244,367,0.4,0.37,2025-03-19,0434,N21,high,2.0NRT,317.45,12.53,D
-36.66484,141.33246,367,0.4,0.37,2025-03-19,0434,N21,high,2.0NRT,324.31,29.18,D
-36.6656,141.32797,352.38,0.4,0.37,2025-03-19,0434,N21,nominal,2.0NRT,326.26,29.18,D
-36.66786,141.31459,351.21,0.4,0.37,2025-03-19,0434,N21,nominal,2.0NRT,321.31,23.06,D
-36.66862,141.31013,339.91,0.4,0.37,2025-03-19,0434,N21,nominal,2.0NRT,313.52,23.06,D
-36.66635,141.32353,367,0.4,0.37,2025-03-19,0434,N21,low,2.0NRT,327.05,30.06,D
-36.66711,141.31906,367,0.4,0.37,2025-03-19,0434,N21,low,2.0NRT,325.09,30.06,D
-36.6645,141.31372,367,0.4,0.37,2025-03-19,0434,N21,high,2.0NRT,320.93,23.06,D
-36.66375,141.31818,345.14,0.4,0.37,2025-03-19,0434,N21,nominal,2.0NRT,316.73,30.06,D
-36.66526,141.30925,367,0.4,0.37,2025-03-19,0434,N21,low,2.0NRT,328.82,23.06,D
-36.70775,141.01479,350.81,0.4,0.37,2025-03-19,0434,N21,nominal,2.0NRT,319.02,23.92,D
-36.70441,141.01393,367,0.4,0.37,2025-03-19,0434,N21,high,2.0NRT,353.45,91.99,D
-36.65138,141.32892,352.56,0.4,0.37,2025-03-19,0434,N21,nominal,2.0NRT,317.67,7.63,D
-36.65214,141.32446,344.86,0.4,0.37,2025-03-19,0434,N21,low,2.0NRT,317.13,7.63,D
-36.70661,141.00069,344.62,0.39,0.37,2025-03-19,0434,N21,low,2.0NRT,314.64,8.29,D
-35.50824,146.65305,341.22,0.45,0.47,2025-03-19,0434,N21,nominal,2.0NRT,296.72,10.71,D
-35.504,146.65167,340.55,0.45,0.47,2025-03-19,0434,N21,nominal,2.0NRT,296.25,10.71,D
-34.46037,150.8842,339.29,0.4,0.6,2025-03-19,0434,N21,nominal,2.0NRT,296.18,6.46,D
-34.45612,150.8779,327.3,0.4,0.6,2025-03-19,0434,N21,nominal,2.0NRT,297.2,5.63,D
-36.21232,143.05113,346.16,0.45,0.39,2025-03-19,0434,N21,nominal,2.0NRT,315.04,6.81,D
-36.21326,143.04613,355.6,0.45,0.39,2025-03-19,0434,N21,nominal,2.0NRT,317.33,6.81,D
-36.20971,143.04514,345.53,0.45,0.39,2025-03-19,0434,N21,nominal,2.0NRT,315.22,6.81,D
-36.21489,143.04932,351.58,0.45,0.39,2025-03-19,0434,N21,nominal,2.0NRT,315.44,7.11,D
-36.21134,143.04832,346.38,0.45,0.39,2025-03-19,0434,N21,nominal,2.0NRT,315.08,7.11,D
-36.21226,143.04332,345.45,0.45,0.39,2025-03-19,0434,N21,low,2.0NRT,316.72,9.14,D
-36.20779,143.04732,348.87,0.45,0.39,2025-03-19,0434,N21,nominal,2.0NRT,314.59,7.52,D
-36.21054,143.03229,346,0.45,0.39,2025-03-19,0434,N21,nominal,2.0NRT,314.02,5.76,D
-36.20425,143.04631,353.25,0.45,0.39,2025-03-19,0434,N21,nominal,2.0NRT,315.44,7.52,D
-36.20517,143.04129,339.78,0.45,0.39,2025-03-19,0434,N21,low,2.0NRT,314.44,8.33,D
-36.207,143.03128,343.73,0.45,0.39,2025-03-19,0434,N21,nominal,2.0NRT,313.52,5.76,D
-36.2007,143.04527,344.49,0.45,0.39,2025-03-19,0434,N21,nominal,2.0NRT,314.45,6.2,D
-36.20162,143.04028,347.04,0.45,0.39,2025-03-19,0434,N21,nominal,2.0NRT,315.25,7.35,D
-36.20346,143.03027,340.46,0.45,0.39,2025-03-19,0434,N21,nominal,2.0NRT,313.81,6.93,D
-36.20437,143.0253,342.04,0.45,0.39,2025-03-19,0434,N21,nominal,2.0NRT,314.86,6.93,D
-36.19991,143.02927,367,0.45,0.39,2025-03-19,0434,N21,high,2.0NRT,317.73,6.93,D
-36.19807,143.03928,346.95,0.45,0.39,2025-03-19,0434,N21,nominal,2.0NRT,315.6,7.35,D
-36.19361,143.04326,341.72,0.45,0.39,2025-03-19,0434,N21,low,2.0NRT,314.87,4.31,D
-36.19453,143.03827,347.51,0.45,0.39,2025-03-19,0434,N21,nominal,2.0NRT,316.74,5.09,D
-36.19545,143.03328,344.29,0.45,0.39,2025-03-19,0434,N21,nominal,2.0NRT,315.02,5.09,D
-34.4609,150.88556,334.46,0.4,0.6,2025-03-19,0434,N21,nominal,2.0NRT,296.21,4.92,D
-36.1919,143.03226,344.24,0.45,0.39,2025-03-19,0434,N21,low,2.0NRT,315.62,5.09,D
-36.19282,143.02728,345.9,0.45,0.39,2025-03-19,0434,N21,low,2.0NRT,316.14,8.86,D
-34.45663,150.87923,325.14,0.4,0.6,2025-03-19,0434,N21,low,2.0NRT,296.9,3.87,D
-34.4677,150.22049,333.84,0.37,0.58,2025-03-19,0434,N21,nominal,2.0NRT,292,9.83,D
-34.46357,150.21436,367,0.37,0.58,2025-03-19,0434,N21,high,2.0NRT,292.75,24.58,D
-34.46264,150.21802,350.76,0.37,0.58,2025-03-19,0434,N21,nominal,2.0NRT,292.05,9.83,D
-34.45757,150.21558,331.64,0.37,0.58,2025-03-19,0434,N21,nominal,2.0NRT,288.39,12.54,D
-34.45142,150.21736,367,0.37,0.58,2025-03-19,0434,N21,high,2.0NRT,295.76,12.54,D
-34.45041,150.2213,330.82,0.37,0.58,2025-03-19,0434,N21,nominal,2.0NRT,291.03,12.32,D
-35.05759,147.45415,350.92,0.51,0.49,2025-03-19,0434,N21,nominal,2.0NRT,296.88,26.06,D
-34.68709,148.53328,339.97,0.59,0.53,2025-03-19,0434,N21,nominal,2.0NRT,300.83,18.35,D
-34.90606,147.54858,343.29,0.52,0.5,2025-03-19,0434,N21,nominal,2.0NRT,292.16,7.67,D
-34.90732,147.54306,335.8,0.52,0.5,2025-03-19,0434,N21,nominal,2.0NRT,291.08,7.67,D
-34.6437,147.34705,341.99,0.51,0.5,2025-03-19,0434,N21,nominal,2.0NRT,290.75,10.08,D
-34.68451,146.91255,367,0.49,0.48,2025-03-19,0434,N21,high,2.0NRT,305.41,13.72,D
-34.68685,146.90213,330.35,0.49,0.48,2025-03-19,0434,N21,nominal,2.0NRT,300.96,13.64,D
-34.68132,146.90591,367,0.49,0.48,2025-03-19,0434,N21,high,2.0NRT,308.3,13.64,D
-34.68248,146.90071,367,0.49,0.48,2025-03-19,0434,N21,high,2.0NRT,305.62,13.64,D
-34.33491,148.39833,335.67,0.6,0.53,2025-03-19,0434,N21,nominal,2.0NRT,300,10.49,D
-34.68014,146.91113,345.4,0.49,0.48,2025-03-19,0434,N21,nominal,2.0NRT,307.05,13.72,D
-34.68365,146.89551,335.28,0.49,0.48,2025-03-19,0434,N21,nominal,2.0NRT,301.71,5.31,D
-33.62613,151.13115,348.54,0.44,0.62,2025-03-19,0434,N21,nominal,2.0NRT,293.71,6.21,D
-33.63647,151.13226,338.41,0.44,0.62,2025-03-19,0434,N21,nominal,2.0NRT,292.5,6.62,D
-33.62513,151.12901,338.34,0.44,0.62,2025-03-19,0434,N21,nominal,2.0NRT,292.66,4.96,D
-34.99038,142.69585,345.56,0.46,0.39,2025-03-19,0434,N21,nominal,2.0NRT,311.25,5.64,D
-35.28838,141.00269,344.23,0.4,0.37,2025-03-19,0434,N21,low,2.0NRT,316.19,4.12,D
-35.00131,142.3623,343.05,0.44,0.39,2025-03-19,0434,N21,low,2.0NRT,315.17,12.59,D
-34.99692,142.36618,346.1,0.44,0.39,2025-03-19,0434,N21,nominal,2.0NRT,307.01,12.59,D
-33.79112,146.96783,342.57,0.51,0.49,2025-03-19,0434,N21,nominal,2.0NRT,303.94,32.59,D
-33.54049,147.3331,335.6,0.54,0.51,2025-03-19,0434,N21,nominal,2.0NRT,302.29,14.42,D
-33.54182,147.32721,355.08,0.54,0.51,2025-03-19,0434,N21,nominal,2.0NRT,307.28,14.42,D
-33.54317,147.32126,333.31,0.54,0.51,2025-03-19,0434,N21,nominal,2.0NRT,302.45,8.56,D
-33.53727,147.32562,334.2,0.54,0.51,2025-03-19,0434,N21,nominal,2.0NRT,302.41,14.42,D
-34.7039,138.8831,346.87,0.38,0.36,2025-03-19,0434,N21,low,2.0NRT,318.92,5.71,D
-34.69728,138.88161,342.99,0.38,0.36,2025-03-19,0434,N21,low,2.0NRT,313.54,6.01,D
-33.83271,142.26755,341.93,0.45,0.39,2025-03-19,0434,N21,low,2.0NRT,313.3,4.9,D
-33.69416,142.50143,339.46,0.47,0.39,2025-03-19,0434,N21,low,2.0NRT,313.83,6.5,D
-33.68071,142.49265,347.2,0.47,0.39,2025-03-19,0434,N21,nominal,2.0NRT,315.99,7.3,D
-33.68164,142.48772,352.09,0.47,0.39,2025-03-19,0434,N21,nominal,2.0NRT,315.92,7.3,D
-33.67898,142.48178,350.39,0.46,0.39,2025-03-19,0434,N21,nominal,2.0NRT,315.7,7.63,D
-33.67992,142.47681,347.92,0.46,0.39,2025-03-19,0434,N21,nominal,2.0NRT,315.34,7.63,D
-33.68454,142.49126,345.02,0.47,0.39,2025-03-19,0434,N21,low,2.0NRT,315.55,6.64,D
-33.68095,142.4903,351.81,0.47,0.39,2025-03-19,0434,N21,nominal,2.0NRT,316,6.64,D
-33.68186,142.48534,347.91,0.47,0.39,2025-03-19,0434,N21,nominal,2.0NRT,315.58,9.94,D
-33.67826,142.48438,342.62,0.47,0.39,2025-03-19,0434,N21,low,2.0NRT,314.94,5.8,D
-33.67918,142.47939,350.02,0.47,0.39,2025-03-19,0434,N21,nominal,2.0NRT,315.47,5.8,D
-33.6801,142.4744,340.77,0.46,0.39,2025-03-19,0434,N21,low,2.0NRT,314.75,5.77,D
-33.67284,142.49335,341.8,0.47,0.39,2025-03-19,0434,N21,low,2.0NRT,313.97,6.93,D
-32.86753,146.21646,340.71,0.49,0.48,2025-03-19,0434,N21,nominal,2.0NRT,305.78,4.13,D
-32.48885,146.64352,334.8,0.52,0.5,2025-03-19,0434,N21,nominal,2.0NRT,301.45,10.89,D
-32.49012,146.63799,341.52,0.52,0.5,2025-03-19,0434,N21,nominal,2.0NRT,302.21,10.61,D
-32.4899,146.64159,342.95,0.52,0.5,2025-03-19,0434,N21,nominal,2.0NRT,302.68,15.77,D
-33.84731,137.86281,349.15,0.39,0.36,2025-03-19,0434,N21,nominal,2.0NRT,315.58,18.82,D
-33.84792,137.8586,355.1,0.39,0.36,2025-03-19,0434,N21,nominal,2.0NRT,315.7,6.27,D
-33.84398,137.86211,352.73,0.39,0.36,2025-03-19,0434,N21,low,2.0NRT,323.76,18.82,D
-33.84459,137.85789,340.37,0.39,0.36,2025-03-19,0434,N21,low,2.0NRT,313.8,6.27,D
-31.82532,145.27911,342.85,0.46,0.47,2025-03-19,0434,N21,nominal,2.0NRT,302.37,23.79,D
-31.81356,145.27066,335.91,0.46,0.47,2025-03-19,0434,N21,nominal,2.0NRT,300.07,12.73,D
-31.81167,145.27205,340.16,0.46,0.47,2025-03-19,0434,N21,nominal,2.0NRT,306.74,8.08,D
-31.81266,145.26729,339.77,0.46,0.47,2025-03-19,0434,N21,nominal,2.0NRT,303.09,5.01,D
-31.40662,146.60448,367,0.55,0.51,2025-03-19,0434,N21,high,2.0NRT,304.78,30.9,D
-31.40532,146.61017,336.29,0.55,0.51,2025-03-19,0434,N21,nominal,2.0NRT,299.91,10.22,D
-31.40201,146.60304,346.69,0.55,0.51,2025-03-19,0434,N21,nominal,2.0NRT,304.3,30.9,D
-31.40332,146.59732,341.36,0.55,0.51,2025-03-19,0434,N21,nominal,2.0NRT,302.13,30.9,D
-31.3928,146.60014,367,0.55,0.51,2025-03-19,0434,N21,high,2.0NRT,301.32,16.06,D
-31.39411,146.59444,340.73,0.55,0.51,2025-03-19,0434,N21,nominal,2.0NRT,301.58,16.06,D
-31.4041,146.60753,351.28,0.55,0.51,2025-03-19,0434,N21,nominal,2.0NRT,302.02,31.08,D
-31.40537,146.60179,352.53,0.55,0.51,2025-03-19,0434,N21,nominal,2.0NRT,305.28,31.08,D
-31.40076,146.60034,367,0.55,0.51,2025-03-19,0434,N21,high,2.0NRT,302.72,31.08,D
-31.39154,146.59741,352.59,0.55,0.51,2025-03-19,0434,N21,nominal,2.0NRT,302.78,27.81,D
-29.76266,149.84322,355.8,0.46,0.64,2025-03-19,0434,N21,low,2.0NRT,283.33,14.58,D
-29.75696,149.84132,331.51,0.46,0.64,2025-03-19,0434,N21,nominal,2.0NRT,288.09,5.39,D
-29.62058,149.70285,344.11,0.46,0.63,2025-03-19,0434,N21,nominal,2.0NRT,290.13,34.19,D
-29.3557,149.58473,367,0.46,0.63,2025-03-19,0434,N21,high,2.0NRT,299.8,9.3,D
-29.3556,149.58548,349.75,0.46,0.63,2025-03-19,0434,N21,nominal,2.0NRT,299.8,7.38,D
-29.63264,148.21866,348.2,0.37,0.58,2025-03-19,0434,N21,nominal,2.0NRT,298.54,7.69,D
-29.02894,150.51274,367,0.52,0.67,2025-03-19,0434,N21,high,2.0NRT,303.91,52.7,D
-29.02757,150.51793,344.64,0.53,0.67,2025-03-19,0434,N21,nominal,2.0NRT,299.63,35.77,D
-29.02153,150.51607,367,0.53,0.67,2025-03-19,0434,N21,high,2.0NRT,301.2,35.77,D
-29.02292,150.5108,354.21,0.52,0.67,2025-03-19,0434,N21,nominal,2.0NRT,302.66,52.7,D
-29.0155,150.51419,340.26,0.53,0.67,2025-03-19,0434,N21,nominal,2.0NRT,298.71,11.71,D
-29.0169,150.50888,344.35,0.52,0.67,2025-03-19,0434,N21,nominal,2.0NRT,295.88,9.73,D
-29.02949,150.51276,367,0.53,0.67,2025-03-19,0434,N21,high,2.0NRT,303.47,27.82,D
-29.02815,150.51794,339.04,0.53,0.67,2025-03-19,0434,N21,nominal,2.0NRT,299.44,27.82,D
-29.02212,150.51608,367,0.53,0.67,2025-03-19,0434,N21,high,2.0NRT,300.92,20.44,D
-29.02348,150.51079,355.16,0.53,0.67,2025-03-19,0434,N21,nominal,2.0NRT,302.88,20.44,D
-29.01609,150.51418,341.86,0.53,0.67,2025-03-19,0434,N21,nominal,2.0NRT,298.47,20.44,D
-29.01746,150.50885,345.86,0.53,0.67,2025-03-19,0434,N21,nominal,2.0NRT,295.88,20.44,D
-28.78775,150.92976,337.54,0.56,0.69,2025-03-19,0434,N21,nominal,2.0NRT,297.24,12.63,D
-28.78159,150.92769,353.53,0.56,0.69,2025-03-19,0434,N21,nominal,2.0NRT,297.65,16.2,D
-28.78394,150.93169,353.28,0.56,0.69,2025-03-19,0434,N21,nominal,2.0NRT,298.94,19.23,D
-28.90606,149.39751,367,0.46,0.63,2025-03-19,0434,N21,high,2.0NRT,300.87,14.37,D
-28.90721,149.39293,335.98,0.46,0.63,2025-03-19,0434,N21,nominal,2.0NRT,299.56,7.07,D
-28.90038,149.39565,342.98,0.46,0.63,2025-03-19,0434,N21,nominal,2.0NRT,300.24,8.75,D
-28.58996,150.10385,355.34,0.51,0.66,2025-03-19,0434,N21,nominal,2.0NRT,295.62,12.86,D
-28.58863,150.10518,367,0.51,0.66,2025-03-19,0434,N21,high,2.0NRT,296.33,11.81,D
-27.62853,149.72751,354.79,0.51,0.66,2025-03-19,0434,N21,nominal,2.0NRT,300.92,7.31,D
-27.62979,149.72252,333.83,0.51,0.66,2025-03-19,0434,N21,nominal,2.0NRT,299.98,7.31,D
-17.68269,130.88498,336.21,0.47,0.4,2025-03-19,0438,N21,nominal,2.0NRT,289.19,5.97,D
-26.49313,129.15196,336.74,0.51,0.49,2025-03-19,0436,N21,low,2.0NRT,308.96,5.04,D
-26.47949,129.15033,339.3,0.51,0.49,2025-03-19,0436,N21,low,2.0NRT,310.06,7.24,D
-26.42324,128.97031,340.84,0.52,0.5,2025-03-19,0436,N21,nominal,2.0NRT,309.47,5.89,D
-26.41865,128.96979,343.91,0.52,0.5,2025-03-19,0436,N21,nominal,2.0NRT,309.93,5.89,D
-19.53313,131.79099,340.55,0.45,0.39,2025-03-19,0438,N21,nominal,2.0NRT,303.34,6.82,D
-19.53014,131.78616,348.72,0.45,0.39,2025-03-19,0438,N21,nominal,2.0NRT,300.57,6.82,D
-19.523,131.7851,339.95,0.45,0.39,2025-03-19,0438,N21,nominal,2.0NRT,301.64,5.95,D
-19.52358,131.78081,337.92,0.45,0.39,2025-03-19,0438,N21,nominal,2.0NRT,304.56,8.59,D
-19.52001,131.78027,341.76,0.45,0.39,2025-03-19,0438,N21,nominal,2.0NRT,302.08,6.23,D
-19.52059,131.77597,348.16,0.45,0.39,2025-03-19,0438,N21,nominal,2.0NRT,304.39,6.23,D
-19.5176,131.77113,338.4,0.45,0.39,2025-03-19,0438,N21,nominal,2.0NRT,301.61,5.56,D
-19.51403,131.7706,338.2,0.45,0.39,2025-03-19,0438,N21,nominal,2.0NRT,298.39,4.75,D
-19.51103,131.76578,345.98,0.45,0.39,2025-03-19,0438,N21,nominal,2.0NRT,300.39,4.75,D
-19.50804,131.76094,353.54,0.45,0.39,2025-03-19,0438,N21,nominal,2.0NRT,301.8,31.99,D
-19.50862,131.75665,340.63,0.45,0.39,2025-03-19,0438,N21,nominal,2.0NRT,303.93,31.99,D
-19.50078,131.73355,339.1,0.45,0.39,2025-03-19,0438,N21,nominal,2.0NRT,302.35,6.41,D
-19.55061,130.23482,331.73,0.54,0.42,2025-03-19,0438,N21,nominal,2.0NRT,288.48,5.71,D
-19.54673,130.2343,341.49,0.54,0.42,2025-03-19,0438,N21,nominal,2.0NRT,288.41,148.41,D
-19.54739,130.22919,336.65,0.54,0.42,2025-03-19,0438,N21,nominal,2.0NRT,290.29,6.58,D
-19.54806,130.22408,331.13,0.54,0.42,2025-03-19,0438,N21,nominal,2.0NRT,285.42,6.58,D
-19.54218,130.23888,367,0.54,0.42,2025-03-19,0438,N21,high,2.0NRT,331.55,148.41,D
-19.54152,130.244,341.63,0.54,0.42,2025-03-19,0438,N21,nominal,2.0NRT,293.31,32.45,D
-19.54285,130.23376,351.76,0.54,0.42,2025-03-19,0438,N21,nominal,2.0NRT,295.7,148.41,D
-19.53765,130.24345,348.96,0.54,0.42,2025-03-19,0438,N21,nominal,2.0NRT,308.04,177.61,D
-19.5383,130.23836,338.5,0.54,0.42,2025-03-19,0438,N21,nominal,2.0NRT,298.63,13.52,D
-19.53897,130.23325,348.03,0.54,0.42,2025-03-19,0438,N21,nominal,2.0NRT,296.08,13.52,D
-19.53443,130.23782,354.83,0.54,0.42,2025-03-19,0438,N21,nominal,2.0NRT,299.64,13.52,D
-19.53509,130.23273,335.84,0.54,0.42,2025-03-19,0438,N21,nominal,2.0NRT,290.13,13.52,D
-19.52923,130.24753,341.81,0.54,0.42,2025-03-19,0438,N21,nominal,2.0NRT,300.58,9.01,D
-19.53055,130.23729,341.22,0.54,0.42,2025-03-19,0438,N21,nominal,2.0NRT,298.04,9.31,D
-19.52535,130.24701,336.7,0.54,0.42,2025-03-19,0438,N21,nominal,2.0NRT,299.2,9.01,D
-19.5176,130.24596,333.23,0.54,0.42,2025-03-19,0438,N21,nominal,2.0NRT,298.9,3.46,D
-19.51372,130.24542,334.47,0.54,0.42,2025-03-19,0438,N21,nominal,2.0NRT,299.65,6.32,D
-19.50532,130.24945,344.47,0.54,0.42,2025-03-19,0438,N21,nominal,2.0NRT,301.1,8.34,D
-19.4937,130.24783,342.08,0.54,0.42,2025-03-19,0438,N21,nominal,2.0NRT,307.19,48.86,D
-18.5929,131.70212,353.22,0.45,0.39,2025-03-19,0438,N21,nominal,2.0NRT,296.35,13.73,D
-18.58993,131.69736,339.11,0.45,0.39,2025-03-19,0438,N21,nominal,2.0NRT,295.8,13.73,D
-18.3954,132.73032,343.71,0.41,0.37,2025-03-19,0438,N21,nominal,2.0NRT,304.47,8.54,D
-18.3909,132.7375,339.46,0.41,0.37,2025-03-19,0438,N21,nominal,2.0NRT,303.74,11.75,D
-18.36651,132.73761,337.99,0.41,0.37,2025-03-19,0438,N21,nominal,2.0NRT,302.06,7.65,D
-18.36598,132.73737,345.69,0.41,0.37,2025-03-19,0438,N21,nominal,2.0NRT,303.35,6.14,D
-18.36258,132.73683,349.24,0.41,0.37,2025-03-19,0438,N21,nominal,2.0NRT,305.88,6.14,D
-18.07946,131.578,341.29,0.45,0.39,2025-03-19,0438,N21,nominal,2.0NRT,294.46,6.75,D
-18.08063,131.56961,348.52,0.45,0.39,2025-03-19,0438,N21,nominal,2.0NRT,295.97,6.51,D
-18.08122,131.56541,340.17,0.45,0.39,2025-03-19,0438,N21,nominal,2.0NRT,293.04,6.51,D
-18.07708,131.56909,336.94,0.45,0.39,2025-03-19,0438,N21,nominal,2.0NRT,293.19,10.1,D
-18.03874,131.61044,349.26,0.44,0.39,2025-03-19,0438,N21,nominal,2.0NRT,300.45,28.18,D
-18.03519,131.60991,348.56,0.44,0.39,2025-03-19,0438,N21,nominal,2.0NRT,297.62,28.81,D
-18.05956,131.43269,343.45,0.45,0.39,2025-03-19,0438,N21,nominal,2.0NRT,280.45,12.09,D
-18.03165,131.60939,342.76,0.44,0.39,2025-03-19,0438,N21,nominal,2.0NRT,304.08,28.81,D
-18.05599,131.43217,355.74,0.45,0.39,2025-03-19,0438,N21,nominal,2.0NRT,281.7,12.09,D
-18.0281,131.60886,346.57,0.44,0.39,2025-03-19,0438,N21,nominal,2.0NRT,297.46,12.79,D
-18.05183,131.4359,337.41,0.45,0.39,2025-03-19,0438,N21,nominal,2.0NRT,282.78,9.18,D
-18.05241,131.43164,334.51,0.45,0.39,2025-03-19,0438,N21,nominal,2.0NRT,280.62,9.18,D
-18.02456,131.60832,347.04,0.44,0.39,2025-03-19,0438,N21,nominal,2.0NRT,298.96,12.79,D
-18.02571,131.59996,335.54,0.44,0.39,2025-03-19,0438,N21,nominal,2.0NRT,299.36,166.12,D
-18.02101,131.6078,339.95,0.44,0.39,2025-03-19,0438,N21,nominal,2.0NRT,297.37,6.52,D
-18.02159,131.60361,340.55,0.44,0.39,2025-03-19,0438,N21,nominal,2.0NRT,305.04,48.16,D
-18.01747,131.60727,340.16,0.44,0.39,2025-03-19,0438,N21,nominal,2.0NRT,298.41,6.52,D
-18.01804,131.60307,351.27,0.44,0.39,2025-03-19,0438,N21,nominal,2.0NRT,304.37,48.16,D
-18.04343,131.4173,355.15,0.45,0.39,2025-03-19,0438,N21,nominal,2.0NRT,282.89,21.68,D
-18.01449,131.60255,367,0.44,0.39,2025-03-19,0438,N21,high,2.0NRT,304.1,67.53,D
-18.0074,131.60149,345.97,0.44,0.39,2025-03-19,0438,N21,nominal,2.0NRT,304.53,23.65,D
-18.08836,131.00169,332.31,0.47,0.4,2025-03-19,0438,N21,nominal,2.0NRT,295.93,2.92,D
-18.08896,130.99722,332.56,0.47,0.4,2025-03-19,0438,N21,nominal,2.0NRT,296.51,5.61,D
-18.08234,131.01897,354.92,0.47,0.4,2025-03-19,0438,N21,nominal,2.0NRT,294.91,19.19,D
-18.08293,131.01453,333.34,0.47,0.4,2025-03-19,0438,N21,nominal,2.0NRT,293.48,9.18,D
-18.08531,130.99669,348.93,0.47,0.4,2025-03-19,0438,N21,nominal,2.0NRT,296.25,5.61,D
-18.0781,131.02289,336.9,0.47,0.4,2025-03-19,0438,N21,nominal,2.0NRT,283.72,2.86,D
-18.07869,131.01843,330.5,0.47,0.4,2025-03-19,0438,N21,nominal,2.0NRT,289.13,2.86,D
-18.03467,131.3199,332.97,0.46,0.39,2025-03-19,0438,N21,nominal,2.0NRT,277.33,4.79,D
-18.03524,131.3156,330.3,0.46,0.39,2025-03-19,0438,N21,nominal,2.0NRT,284.89,4.79,D
-17.99138,131.58627,348.1,0.44,0.39,2025-03-19,0438,N21,nominal,2.0NRT,301.82,8.49,D
-17.98783,131.58575,335.31,0.44,0.39,2025-03-19,0438,N21,nominal,2.0NRT,301.68,5.73,D
-17.9884,131.58156,348.37,0.44,0.39,2025-03-19,0438,N21,nominal,2.0NRT,304.68,21.46,D
-17.98485,131.58102,349.64,0.44,0.39,2025-03-19,0438,N21,nominal,2.0NRT,306.86,21.46,D
-17.98542,131.57683,351.05,0.45,0.39,2025-03-19,0438,N21,nominal,2.0NRT,307.02,21.46,D
-17.98599,131.57263,339.82,0.45,0.39,2025-03-19,0438,N21,nominal,2.0NRT,300.03,7.28,D
-17.98807,131.58687,334.71,0.44,0.39,2025-03-19,0438,N21,nominal,2.0NRT,301.64,3.03,D
-17.98866,131.58269,354.58,0.44,0.39,2025-03-19,0438,N21,nominal,2.0NRT,305.3,22.82,D
-17.98512,131.58215,340.48,0.44,0.39,2025-03-19,0438,N21,nominal,2.0NRT,303.56,22.82,D
-17.9857,131.57797,343.9,0.44,0.39,2025-03-19,0438,N21,nominal,2.0NRT,309.41,22.82,D
-17.98629,131.57379,336.95,0.44,0.39,2025-03-19,0438,N21,nominal,2.0NRT,300.52,6.88,D
-17.98274,131.57327,367,0.44,0.39,2025-03-19,0438,N21,high,2.0NRT,330.21,171.19,D
-17.98215,131.57745,349.97,0.44,0.39,2025-03-19,0438,N21,nominal,2.0NRT,307.03,14.16,D
-17.98333,131.56909,349.37,0.45,0.39,2025-03-19,0438,N21,nominal,2.0NRT,299.96,171.19,D
-17.97978,131.56856,367,0.45,0.39,2025-03-19,0438,N21,high,2.0NRT,337.29,171.19,D
-17.97861,131.57693,341.59,0.44,0.39,2025-03-19,0438,N21,nominal,2.0NRT,302.22,14.16,D
-17.97919,131.57274,349.14,0.44,0.39,2025-03-19,0438,N21,nominal,2.0NRT,314.16,171.19,D
-17.98037,131.56436,341.05,0.45,0.39,2025-03-19,0438,N21,nominal,2.0NRT,299.11,9.03,D
-17.97564,131.5722,350.46,0.44,0.39,2025-03-19,0438,N21,nominal,2.0NRT,304.92,66.79,D
-17.97682,131.56384,320.23,0.45,0.39,2025-03-19,0438,N21,low,2.0NRT,322.51,94.02,D
-17.97268,131.5675,343.93,0.45,0.39,2025-03-19,0438,N21,nominal,2.0NRT,303.06,66.79,D
-17.97327,131.56331,343.28,0.45,0.39,2025-03-19,0438,N21,nominal,2.0NRT,302.06,94.02,D
-17.96972,131.56279,343.04,0.45,0.39,2025-03-19,0438,N21,nominal,2.0NRT,303.68,67.32,D
-17.96617,131.56226,348.16,0.45,0.39,2025-03-19,0438,N21,nominal,2.0NRT,314.35,67.32,D
-17.96262,131.56172,342.33,0.45,0.39,2025-03-19,0438,N21,nominal,2.0NRT,303.17,8.75,D
-17.9632,131.55753,350.72,0.45,0.39,2025-03-19,0438,N21,nominal,2.0NRT,303.19,8.75,D
-17.95965,131.55701,347.63,0.45,0.39,2025-03-19,0438,N21,nominal,2.0NRT,305.32,8.75,D
-17.95668,131.55229,350.72,0.45,0.39,2025-03-19,0438,N21,nominal,2.0NRT,304.19,29.95,D
-17.95313,131.55176,341.86,0.45,0.39,2025-03-19,0438,N21,nominal,2.0NRT,303.76,29.95,D
-18.04971,130.84668,336.86,0.48,0.4,2025-03-19,0438,N21,nominal,2.0NRT,285.48,10.63,D
-17.95016,131.54703,346.97,0.45,0.39,2025-03-19,0438,N21,nominal,2.0NRT,304.94,22.31,D
-18.01618,130.95647,344.97,0.47,0.4,2025-03-19,0438,N21,nominal,2.0NRT,286.63,14.52,D
-18.00832,130.98714,345.22,0.47,0.4,2025-03-19,0438,N21,nominal,2.0NRT,277.1,11.79,D
-18.01192,130.96039,351.57,0.47,0.4,2025-03-19,0438,N21,nominal,2.0NRT,285.28,14.52,D
-18.01253,130.95593,355.52,0.47,0.4,2025-03-19,0438,N21,nominal,2.0NRT,291.23,14.52,D
-18.01313,130.95145,339.76,0.47,0.4,2025-03-19,0438,N21,nominal,2.0NRT,289.33,14.87,D
-18.00467,130.98662,334.07,0.47,0.4,2025-03-19,0438,N21,nominal,2.0NRT,276.15,5.3,D
-18.00527,130.98216,351.56,0.47,0.4,2025-03-19,0438,N21,nominal,2.0NRT,280.67,5.3,D
-18.00947,130.95093,339.75,0.47,0.4,2025-03-19,0438,N21,nominal,2.0NRT,282.51,3.03,D
-18.00162,130.98163,330.35,0.47,0.4,2025-03-19,0438,N21,nominal,2.0NRT,277.45,5.3,D
-18.01363,130.89206,333.03,0.48,0.4,2025-03-19,0438,N21,nominal,2.0NRT,292.52,3.92,D
-18.01423,130.88756,340.13,0.48,0.4,2025-03-19,0438,N21,nominal,2.0NRT,293.06,11.08,D
-18.01484,130.88306,345.83,0.48,0.4,2025-03-19,0438,N21,nominal,2.0NRT,293.08,11.08,D
-18.00816,130.90503,367,0.48,0.4,2025-03-19,0438,N21,high,2.0NRT,294.19,124.44,D
-18.00876,130.90054,367,0.48,0.4,2025-03-19,0438,N21,high,2.0NRT,294.69,124.44,D
-18.00756,130.90952,338.57,0.48,0.4,2025-03-19,0438,N21,nominal,2.0NRT,291.04,5.31,D
-18.00936,130.89604,341.46,0.48,0.4,2025-03-19,0438,N21,nominal,2.0NRT,291.09,12.31,D
-18.00996,130.89154,335.4,0.48,0.4,2025-03-19,0438,N21,nominal,2.0NRT,291.21,12.31,D
-18.00329,130.91348,344.92,0.48,0.4,2025-03-19,0438,N21,nominal,2.0NRT,289.93,5.31,D
-18.00389,130.909,339.79,0.48,0.4,2025-03-19,0438,N21,nominal,2.0NRT,289.89,5.31,D
-18.00569,130.89551,353.24,0.48,0.4,2025-03-19,0438,N21,nominal,2.0NRT,297.68,12.31,D
-18.00629,130.89101,331.44,0.48,0.4,2025-03-19,0438,N21,nominal,2.0NRT,289.28,12.31,D
-18.00082,130.90396,367,0.48,0.4,2025-03-19,0438,N21,high,2.0NRT,290.91,21.27,D
-17.99903,130.91745,345.58,0.48,0.4,2025-03-19,0438,N21,nominal,2.0NRT,288.18,7.73,D
-17.99962,130.91295,345.5,0.48,0.4,2025-03-19,0438,N21,nominal,2.0NRT,290.87,9.91,D
-18.00022,130.90848,349.3,0.48,0.4,2025-03-19,0438,N21,nominal,2.0NRT,291.58,9.91,D
-18.00142,130.89948,352.01,0.48,0.4,2025-03-19,0438,N21,nominal,2.0NRT,290.89,21.27,D
-18.00202,130.89497,346.53,0.48,0.4,2025-03-19,0438,N21,nominal,2.0NRT,292.03,10.44,D
-18.00262,130.89049,351.13,0.48,0.4,2025-03-19,0438,N21,nominal,2.0NRT,292.82,10.44,D
-18.00322,130.88599,334.14,0.48,0.4,2025-03-19,0438,N21,nominal,2.0NRT,288.86,4.89,D
-17.99895,130.88997,367,0.48,0.4,2025-03-19,0438,N21,high,2.0NRT,295.74,10.44,D
-17.99536,130.91692,343.22,0.48,0.4,2025-03-19,0438,N21,nominal,2.0NRT,287.04,7.73,D
-17.99596,130.91241,348.2,0.48,0.4,2025-03-19,0438,N21,nominal,2.0NRT,289.18,9.91,D
-17.99656,130.90794,355.24,0.48,0.4,2025-03-19,0438,N21,nominal,2.0NRT,293.4,9.91,D
-17.99715,130.90344,353.21,0.48,0.4,2025-03-19,0438,N21,nominal,2.0NRT,295.04,21.27,D
-17.99775,130.89896,351.24,0.48,0.4,2025-03-19,0438,N21,nominal,2.0NRT,294.42,21.27,D
-17.99835,130.89445,352.27,0.48,0.4,2025-03-19,0438,N21,nominal,2.0NRT,293.21,10.44,D
-17.99955,130.88545,346.94,0.48,0.4,2025-03-19,0438,N21,nominal,2.0NRT,290.64,4.89,D
-18.00015,130.88097,337.46,0.48,0.4,2025-03-19,0438,N21,nominal,2.0NRT,287.68,4.89,D
-17.99289,130.90741,350.8,0.48,0.4,2025-03-19,0438,N21,nominal,2.0NRT,289.5,31.33,D
-17.99349,130.90292,346,0.48,0.4,2025-03-19,0438,N21,nominal,2.0NRT,301.82,70.73,D
-17.99408,130.89842,351.41,0.48,0.4,2025-03-19,0438,N21,nominal,2.0NRT,298,70.73,D
-17.99468,130.89394,350.05,0.48,0.4,2025-03-19,0438,N21,nominal,2.0NRT,300.62,118.88,D
-17.99588,130.88492,341.41,0.48,0.4,2025-03-19,0438,N21,nominal,2.0NRT,294.51,21.02,D
-17.99648,130.88043,347.51,0.48,0.4,2025-03-19,0438,N21,nominal,2.0NRT,290.03,21.02,D
-17.99708,130.87592,335.78,0.48,0.4,2025-03-19,0438,N21,nominal,2.0NRT,287.33,4.32,D
-17.99767,130.87143,338.48,0.48,0.4,2025-03-19,0438,N21,nominal,2.0NRT,286.97,4.32,D
-18.00547,130.81262,345.5,0.48,0.4,2025-03-19,0438,N21,nominal,2.0NRT,288.27,6.95,D
-17.98982,130.90239,339.41,0.48,0.4,2025-03-19,0438,N21,nominal,2.0NRT,297.3,70.73,D
-17.99042,130.89789,341.52,0.48,0.4,2025-03-19,0438,N21,nominal,2.0NRT,291.74,70.73,D
-17.99101,130.8934,343.49,0.48,0.4,2025-03-19,0438,N21,nominal,2.0NRT,299.34,118.88,D
-17.99161,130.8889,337.48,0.48,0.4,2025-03-19,0438,N21,nominal,2.0NRT,297.96,118.88,D
-17.99221,130.88438,334.78,0.48,0.4,2025-03-19,0438,N21,nominal,2.0NRT,285.59,21.02,D
-17.99281,130.8799,346.15,0.48,0.4,2025-03-19,0438,N21,nominal,2.0NRT,286.54,21.02,D
-17.9934,130.87538,332.01,0.48,0.4,2025-03-19,0438,N21,nominal,2.0NRT,286.27,4.32,D
-18.00239,130.80754,342.7,0.48,0.4,2025-03-19,0438,N21,nominal,2.0NRT,288.37,6.95,D
-17.99033,130.87036,342.5,0.48,0.4,2025-03-19,0438,N21,nominal,2.0NRT,286.13,8.63,D
-17.99092,130.86584,354.98,0.48,0.4,2025-03-19,0438,N21,nominal,2.0NRT,287.27,31.06,D
-17.99931,130.80246,336.39,0.48,0.4,2025-03-19,0438,N21,nominal,2.0NRT,289.85,5.15,D
-17.98725,130.86531,346.93,0.48,0.4,2025-03-19,0438,N21,nominal,2.0NRT,284.43,31.06,D
-17.99502,130.80647,349.68,0.48,0.4,2025-03-19,0438,N21,nominal,2.0NRT,292.1,15.7,D
-17.99562,130.80193,337.57,0.48,0.4,2025-03-19,0438,N21,nominal,2.0NRT,288.56,5.15,D
-17.99622,130.79738,334.42,0.48,0.4,2025-03-19,0438,N21,nominal,2.0NRT,287.26,5.15,D
-17.99133,130.80594,332.97,0.48,0.4,2025-03-19,0438,N21,nominal,2.0NRT,288.33,5.29,D
-17.99253,130.79686,334.47,0.48,0.4,2025-03-19,0438,N21,nominal,2.0NRT,286.46,10.76,D
-17.89377,131.50861,342.67,0.45,0.39,2025-03-19,0438,N21,nominal,2.0NRT,297.15,6.96,D
-17.98765,130.8054,331.49,0.48,0.4,2025-03-19,0438,N21,nominal,2.0NRT,286.41,5.29,D
-18.38653,127.54356,332.4,0.51,0.49,2025-03-19,0438,N21,nominal,2.0NRT,295.5,6.56,D
-17.98337,130.80942,340.57,0.48,0.4,2025-03-19,0438,N21,nominal,2.0NRT,285.22,30.69,D
-17.98456,130.80032,350.52,0.48,0.4,2025-03-19,0438,N21,nominal,2.0NRT,286.73,27.42,D
-17.98396,130.80487,356.27,0.48,0.4,2025-03-19,0438,N21,low,2.0NRT,289.54,30.69,D
-17.97968,130.80888,344.05,0.48,0.4,2025-03-19,0438,N21,nominal,2.0NRT,282.79,30.69,D
-17.98028,130.80435,345.76,0.48,0.4,2025-03-19,0438,N21,nominal,2.0NRT,296.94,30.69,D
-17.98087,130.7998,336.96,0.48,0.4,2025-03-19,0438,N21,nominal,2.0NRT,294.85,27.42,D
-17.98147,130.79526,333.76,0.48,0.4,2025-03-19,0438,N21,nominal,2.0NRT,287.66,27.42,D
-17.98389,130.81078,332.51,0.48,0.4,2025-03-19,0438,N21,nominal,2.0NRT,283.66,9.68,D
-17.98451,130.80624,353.4,0.48,0.4,2025-03-19,0438,N21,nominal,2.0NRT,288.7,9.68,D
-17.98513,130.8017,353.71,0.48,0.4,2025-03-19,0438,N21,nominal,2.0NRT,285.93,12.78,D
-17.98021,130.81024,336.02,0.48,0.4,2025-03-19,0438,N21,nominal,2.0NRT,281.45,33.85,D
-17.98083,130.80573,352.36,0.48,0.4,2025-03-19,0438,N21,nominal,2.0NRT,291.85,33.85,D
-17.98207,130.79665,343.46,0.48,0.4,2025-03-19,0438,N21,nominal,2.0NRT,287.78,59.06,D
-17.97776,130.80066,330.59,0.48,0.4,2025-03-19,0438,N21,nominal,2.0NRT,284.51,59.06,D
-18.38995,127.54068,336.28,0.51,0.49,2025-03-19,0438,N21,nominal,2.0NRT,294.67,5.99,D
-17.83216,131.56427,340.43,0.44,0.39,2025-03-19,0438,N21,nominal,2.0NRT,303.29,17.53,D
-17.82862,131.56374,339.23,0.44,0.39,2025-03-19,0438,N21,nominal,2.0NRT,300.23,17.53,D
-17.82507,131.5632,345.44,0.44,0.39,2025-03-19,0438,N21,nominal,2.0NRT,297.74,9.17,D
-17.8221,131.5585,342.33,0.44,0.39,2025-03-19,0438,N21,nominal,2.0NRT,297.66,7.99,D
-17.81856,131.55797,339.93,0.44,0.39,2025-03-19,0438,N21,nominal,2.0NRT,301.31,41.28,D
-17.89614,130.82137,332.82,0.48,0.4,2025-03-19,0438,N21,nominal,2.0NRT,292.55,3.08,D
-17.88827,130.85248,339.18,0.48,0.4,2025-03-19,0438,N21,nominal,2.0NRT,298.05,4.89,D
-17.88887,130.84796,333.07,0.48,0.4,2025-03-19,0438,N21,nominal,2.0NRT,296.57,4.89,D
-17.87266,130.86082,332.01,0.48,0.4,2025-03-19,0438,N21,nominal,2.0NRT,298.39,3.53,D
-17.78238,130.92075,334.24,0.47,0.4,2025-03-19,0438,N21,nominal,2.0NRT,295.96,8.13,D
-17.77872,130.92021,346.34,0.47,0.4,2025-03-19,0438,N21,nominal,2.0NRT,299.04,8.13,D
-17.77507,130.91969,341.33,0.47,0.4,2025-03-19,0438,N21,nominal,2.0NRT,303.23,9.93,D
-17.77141,130.91914,346.18,0.47,0.4,2025-03-19,0438,N21,nominal,2.0NRT,305.04,9.93,D
-17.76776,130.91861,348.75,0.47,0.4,2025-03-19,0438,N21,nominal,2.0NRT,305.1,10.3,D
-17.76411,130.91808,338.77,0.47,0.4,2025-03-19,0438,N21,nominal,2.0NRT,304.02,10.3,D
-17.7647,130.9136,349.12,0.47,0.4,2025-03-19,0438,N21,nominal,2.0NRT,307.6,10.3,D
-17.76105,130.91306,342.61,0.47,0.4,2025-03-19,0438,N21,nominal,2.0NRT,301.63,5.82,D
-17.76164,130.9086,342.04,0.47,0.4,2025-03-19,0438,N21,nominal,2.0NRT,301.2,20.77,D
-17.76223,130.90414,340.1,0.47,0.4,2025-03-19,0438,N21,nominal,2.0NRT,300.91,20.77,D
-17.75858,130.90359,350.74,0.47,0.4,2025-03-19,0438,N21,nominal,2.0NRT,304.96,20.77,D
-17.75917,130.89912,340.69,0.47,0.4,2025-03-19,0438,N21,nominal,2.0NRT,297.29,17.89,D
-17.76035,130.89017,346.42,0.48,0.4,2025-03-19,0438,N21,nominal,2.0NRT,301.68,72.27,D
-17.75825,130.90508,346.59,0.47,0.4,2025-03-19,0438,N21,nominal,2.0NRT,304.08,33.31,D
-17.75887,130.90059,339.87,0.47,0.4,2025-03-19,0438,N21,nominal,2.0NRT,300.07,33.66,D
-17.76011,130.89165,342.76,0.47,0.4,2025-03-19,0438,N21,nominal,2.0NRT,303.56,76.41,D
-17.7424,130.91188,347.08,0.47,0.4,2025-03-19,0438,N21,nominal,2.0NRT,304.66,13.82,D
-17.73875,130.91135,342.13,0.47,0.4,2025-03-19,0438,N21,nominal,2.0NRT,297.56,13.82,D
-17.73693,130.89743,353.44,0.47,0.4,2025-03-19,0438,N21,nominal,2.0NRT,298.5,12.3,D
-17.73327,130.8969,338.49,0.47,0.4,2025-03-19,0438,N21,nominal,2.0NRT,298.73,12.3,D
-17.72779,130.90976,338.3,0.47,0.4,2025-03-19,0438,N21,nominal,2.0NRT,303.73,6.74,D
-17.72535,130.9003,352.81,0.47,0.4,2025-03-19,0438,N21,nominal,2.0NRT,302.79,14.84,D
-17.72596,130.89584,349.58,0.47,0.4,2025-03-19,0438,N21,nominal,2.0NRT,301.58,12.31,D
-18.36826,125.71496,330.66,0.33,0.56,2025-03-19,0438,N21,nominal,2.0NRT,289.71,3.82,D
-17.7223,130.89531,344.45,0.47,0.4,2025-03-19,0438,N21,nominal,2.0NRT,304.18,14.6,D
-17.72291,130.89085,355.35,0.47,0.4,2025-03-19,0438,N21,nominal,2.0NRT,302.2,14.6,D
-17.72352,130.88637,355.01,0.47,0.4,2025-03-19,0438,N21,nominal,2.0NRT,301.07,14.34,D
-17.72047,130.88136,350.59,0.48,0.4,2025-03-19,0438,N21,nominal,2.0NRT,299.21,14.34,D
-17.71378,130.90317,333.73,0.47,0.4,2025-03-19,0438,N21,nominal,2.0NRT,301.59,4.63,D
-17.71012,130.90263,341.74,0.47,0.4,2025-03-19,0438,N21,nominal,2.0NRT,299.45,4.63,D
-17.70647,130.90211,341.3,0.47,0.4,2025-03-19,0438,N21,nominal,2.0NRT,297.38,6.23,D
-17.70281,130.90158,339.77,0.47,0.4,2025-03-19,0438,N21,nominal,2.0NRT,300.07,6.23,D
-17.70705,130.87029,336.19,0.48,0.4,2025-03-19,0438,N21,nominal,2.0NRT,295.54,8.82,D
-17.69916,130.90106,340.31,0.47,0.4,2025-03-19,0438,N21,nominal,2.0NRT,299.94,7.21,D
-17.70278,130.87427,335.36,0.48,0.4,2025-03-19,0438,N21,nominal,2.0NRT,295.67,9.38,D
-17.70339,130.86975,348.24,0.48,0.4,2025-03-19,0438,N21,nominal,2.0NRT,295.72,9.38,D
-17.6949,130.90498,335.54,0.47,0.4,2025-03-19,0438,N21,nominal,2.0NRT,298.34,7.6,D
-17.6955,130.90053,338.54,0.47,0.4,2025-03-19,0438,N21,nominal,2.0NRT,299.31,7.21,D
-17.69973,130.86923,350.02,0.48,0.4,2025-03-19,0438,N21,nominal,2.0NRT,298.3,9.38,D
-17.69125,130.90445,335.11,0.47,0.4,2025-03-19,0438,N21,nominal,2.0NRT,297.87,6.3,D
-17.69366,130.8866,335.77,0.47,0.4,2025-03-19,0438,N21,nominal,2.0NRT,296.6,9.96,D
-17.69426,130.88214,344.3,0.47,0.4,2025-03-19,0438,N21,nominal,2.0NRT,297.77,6.53,D
-17.69486,130.87767,345.07,0.48,0.4,2025-03-19,0438,N21,nominal,2.0NRT,298.03,6.53,D
-17.69546,130.87318,352.49,0.48,0.4,2025-03-19,0438,N21,nominal,2.0NRT,297.77,18.49,D
-17.69607,130.8687,353.56,0.48,0.4,2025-03-19,0438,N21,nominal,2.0NRT,296.64,18.49,D
-17.68759,130.90393,346.21,0.47,0.4,2025-03-19,0438,N21,nominal,2.0NRT,298.39,6.3,D
-17.6906,130.88158,336.77,0.47,0.4,2025-03-19,0438,N21,nominal,2.0NRT,293.16,6.53,D
-18.32185,125.66448,333.68,0.34,0.56,2025-03-19,0438,N21,nominal,2.0NRT,285.54,4.91,D
-17.68394,130.90341,337,0.47,0.4,2025-03-19,0438,N21,nominal,2.0NRT,297.74,10.11,D
-17.68634,130.88553,338.09,0.47,0.4,2025-03-19,0438,N21,nominal,2.0NRT,292.09,5.97,D
-17.68209,130.88947,338.05,0.47,0.4,2025-03-19,0438,N21,nominal,2.0NRT,290.58,5.97,D
-17.63379,130.91553,346.79,0.47,0.4,2025-03-19,0438,N21,nominal,2.0NRT,296.19,8.81,D
-17.63501,130.90665,341.82,0.47,0.4,2025-03-19,0438,N21,nominal,2.0NRT,293.15,12.63,D
-17.62953,130.9194,333.41,0.47,0.4,2025-03-19,0438,N21,nominal,2.0NRT,291.71,8.81,D
-17.63014,130.91501,332.25,0.47,0.4,2025-03-19,0438,N21,nominal,2.0NRT,294.55,8.81,D
-16.87906,132.02794,335.64,0.42,0.38,2025-03-19,0438,N21,nominal,2.0NRT,301.84,4.31,D
-16.88128,132.01222,340.51,0.42,0.38,2025-03-19,0438,N21,nominal,2.0NRT,300.27,6.72,D
-16.87672,132.01955,333.67,0.42,0.38,2025-03-19,0438,N21,nominal,2.0NRT,301.15,4.62,D
-16.87728,132.01562,343.19,0.42,0.38,2025-03-19,0438,N21,nominal,2.0NRT,302.86,6.72,D
-16.87783,132.01169,348.68,0.42,0.38,2025-03-19,0438,N21,nominal,2.0NRT,302.79,6.72,D
-16.87383,132.01509,343.21,0.42,0.38,2025-03-19,0438,N21,nominal,2.0NRT,300.32,9.16,D
-16.87438,132.01115,355.14,0.42,0.38,2025-03-19,0438,N21,nominal,2.0NRT,303.39,9.16,D
-16.8418,131.99863,330.77,0.42,0.38,2025-03-19,0438,N21,low,2.0NRT,301.22,2.53,D
-16.828,131.99657,349.37,0.42,0.38,2025-03-19,0438,N21,nominal,2.0NRT,301.41,6.77,D
-16.8004,131.99239,345.04,0.42,0.38,2025-03-19,0438,N21,nominal,2.0NRT,298.26,9.43,D
-16.79361,132.01535,335.2,0.42,0.38,2025-03-19,0438,N21,nominal,2.0NRT,293.42,2.8,D
-16.36706,132.73878,353.03,0.4,0.37,2025-03-19,0440,N21,nominal,2.0NRT,304.98,14.68,D
-16.36315,132.74194,350.63,0.4,0.37,2025-03-19,0440,N21,nominal,2.0NRT,304.19,4.21,D
-16.3637,132.73825,339.67,0.4,0.37,2025-03-19,0440,N21,nominal,2.0NRT,304.68,6.74,D
-16.35925,132.74512,336.24,0.4,0.37,2025-03-19,0440,N21,nominal,2.0NRT,302.59,4.21,D
-16.35979,132.74142,337.53,0.4,0.37,2025-03-19,0440,N21,nominal,2.0NRT,304.91,4.21,D
-16.36304,132.71919,330.75,0.4,0.37,2025-03-19,0440,N21,nominal,2.0NRT,299.58,1.56,D
-16.35643,132.74091,346.97,0.4,0.37,2025-03-19,0440,N21,nominal,2.0NRT,304.11,9.68,D
-16.35697,132.73718,333.61,0.4,0.37,2025-03-19,0440,N21,nominal,2.0NRT,303.47,3.19,D
-16.3613,132.70755,351.17,0.4,0.37,2025-03-19,0440,N21,nominal,2.0NRT,298.48,6.7,D
-16.36184,132.70384,332.27,0.4,0.37,2025-03-19,0440,N21,nominal,2.0NRT,299.92,6.7,D
-17.02663,126.89419,330.19,0.54,0.51,2025-03-19,0440,N21,nominal,2.0NRT,276.42,8.49,D
-17.0063,126.86645,332.2,0.54,0.51,2025-03-19,0440,N21,nominal,2.0NRT,275.39,6.67,D
-16.95425,127.11166,367,0.52,0.5,2025-03-19,0440,N21,high,2.0NRT,290.41,15.87,D
-16.95367,127.11661,331.66,0.52,0.5,2025-03-19,0440,N21,nominal,2.0NRT,287.1,15.87,D
-16.95484,127.10658,341.46,0.52,0.5,2025-03-19,0440,N21,nominal,2.0NRT,285.16,9.26,D
-16.94284,127.08984,340.98,0.52,0.5,2025-03-19,0440,N21,nominal,2.0NRT,289.01,14.38,D
-16.95294,127.11776,331.15,0.52,0.5,2025-03-19,0440,N21,nominal,2.0NRT,286.86,14.71,D
-16.95418,127.10777,343.49,0.52,0.5,2025-03-19,0440,N21,nominal,2.0NRT,286.77,13.14,D
-16.95355,127.11282,355.57,0.52,0.5,2025-03-19,0440,N21,low,2.0NRT,288.68,14.71,D
-16.9423,127.09109,349.46,0.52,0.5,2025-03-19,0440,N21,nominal,2.0NRT,287.35,14.07,D
-16.92394,127.08903,330.68,0.52,0.5,2025-03-19,0440,N21,nominal,2.0NRT,286.39,10.01,D
-16.91936,127.08849,345.22,0.52,0.5,2025-03-19,0440,N21,nominal,2.0NRT,287.89,16.45,D
-16.91479,127.08787,351.06,0.52,0.5,2025-03-19,0440,N21,nominal,2.0NRT,287.66,16.45,D
-16.91034,126.56286,344.29,0.56,0.52,2025-03-19,0440,N21,nominal,2.0NRT,277.63,15.63,D
-16.90558,126.56241,330.42,0.56,0.52,2025-03-19,0440,N21,nominal,2.0NRT,280.4,7.31,D
-16.90938,126.56174,344.06,0.56,0.52,2025-03-19,0440,N21,nominal,2.0NRT,279.85,16.75,D
-16.85176,126.99341,335.71,0.53,0.5,2025-03-19,0440,N21,nominal,2.0NRT,282.64,7.79,D
-16.85298,126.98354,331.05,0.53,0.5,2025-03-19,0440,N21,nominal,2.0NRT,280.06,5.32,D
-16.6864,127.48733,340.38,0.49,0.48,2025-03-19,0440,N21,nominal,2.0NRT,293.43,20.15,D
-16.68718,127.48787,338.94,0.49,0.48,2025-03-19,0440,N21,nominal,2.0NRT,292.98,10.66,D
-16.68776,127.48327,338.85,0.49,0.48,2025-03-19,0440,N21,nominal,2.0NRT,294.44,10.66,D
-16.65497,127.49274,340.1,0.48,0.48,2025-03-19,0440,N21,nominal,2.0NRT,292.54,9.56,D
-16.7506,126.63055,344.44,0.55,0.51,2025-03-19,0440,N21,nominal,2.0NRT,283.54,7.92,D
-16.58786,127.63738,333.44,0.47,0.48,2025-03-19,0440,N21,nominal,2.0NRT,298.01,6.02,D
-16.58346,127.63686,330.58,0.47,0.48,2025-03-19,0440,N21,nominal,2.0NRT,297.89,6.58,D
-16.57906,127.63638,337.09,0.47,0.48,2025-03-19,0440,N21,nominal,2.0NRT,296.17,6.58,D
-16.57958,127.63203,341.96,0.47,0.48,2025-03-19,0440,N21,nominal,2.0NRT,297.54,6.58,D
-16.27961,127.44884,336.57,0.48,0.48,2025-03-19,0440,N21,nominal,2.0NRT,277.25,9.05,D
-16.28832,127.37656,340.29,0.49,0.48,2025-03-19,0440,N21,nominal,2.0NRT,279.5,13.68,D
-16.28886,127.37207,353.78,0.49,0.48,2025-03-19,0440,N21,nominal,2.0NRT,278.43,13.68,D
-16.28387,127.37598,335.92,0.49,0.48,2025-03-19,0440,N21,nominal,2.0NRT,279.8,7.01,D
-16.17933,127.75183,347.47,0.46,0.47,2025-03-19,0440,N21,nominal,2.0NRT,296.05,11.01,D
-16.17779,127.21256,333.94,0.5,0.49,2025-03-19,0440,N21,nominal,2.0NRT,275.85,6.06,D
-16.10979,127.41214,346.28,0.48,0.48,2025-03-19,0440,N21,nominal,2.0NRT,283.35,8.31,D
-16.10534,127.41173,330.08,0.48,0.48,2025-03-19,0440,N21,nominal,2.0NRT,286,8.31,D
-16.05439,127.42368,337.52,0.48,0.48,2025-03-19,0440,N21,nominal,2.0NRT,284.18,6.66,D
-16.04996,127.42316,342.99,0.48,0.48,2025-03-19,0440,N21,nominal,2.0NRT,287.53,6.66,D
-16.05028,127.4235,348.34,0.48,0.48,2025-03-19,0440,N21,nominal,2.0NRT,286.86,15.27,D
-16.08429,127.00912,352.13,0.51,0.5,2025-03-19,0440,N21,nominal,2.0NRT,279.45,17.3,D
-16.07459,127.01278,333.26,0.51,0.49,2025-03-19,0440,N21,nominal,2.0NRT,278.36,9.57,D
-15.29987,130.35799,353.39,0.47,0.4,2025-03-19,0440,N21,nominal,2.0NRT,298.18,16.08,D
-15.27727,130.33244,342.75,0.48,0.4,2025-03-19,0440,N21,nominal,2.0NRT,300.34,11.3,D
-15.27476,130.32349,339.41,0.48,0.4,2025-03-19,0440,N21,nominal,2.0NRT,302.95,7.6,D
-15.27467,130.26924,336.17,0.48,0.4,2025-03-19,0440,N21,nominal,2.0NRT,300.01,6.77,D
-15.3292,127.09042,348.19,0.5,0.49,2025-03-19,0440,N21,nominal,2.0NRT,272.73,26.91,D
-15.33148,127.08755,342.53,0.49,0.49,2025-03-19,0440,N21,nominal,2.0NRT,274.28,17.67,D
-15.26405,127.26298,347.69,0.48,0.48,2025-03-19,0440,N21,nominal,2.0NRT,281.47,11.8,D
-15.30944,126.82336,332.45,0.51,0.5,2025-03-19,0440,N21,nominal,2.0NRT,289.17,9.96,D
-15.30606,126.81314,327.87,0.52,0.5,2025-03-19,0440,N21,nominal,2.0NRT,287.39,5.07,D
-15.24029,127.27338,355.05,0.48,0.48,2025-03-19,0440,N21,nominal,2.0NRT,286.21,10.5,D
-15.24084,127.26895,330,0.48,0.48,2025-03-19,0440,N21,nominal,2.0NRT,284.11,10.5,D
-15.23696,127.26396,340.64,0.48,0.48,2025-03-19,0440,N21,nominal,2.0NRT,287.48,8.19,D
-15.29235,126.81151,329.1,0.52,0.5,2025-03-19,0440,N21,nominal,2.0NRT,286.71,9.53,D
-15.29292,126.80678,346.94,0.52,0.5,2025-03-19,0440,N21,nominal,2.0NRT,288.01,9.53,D
-15.28778,126.81096,341.54,0.52,0.5,2025-03-19,0440,N21,nominal,2.0NRT,287.13,9.66,D
-15.28835,126.80623,346.43,0.52,0.5,2025-03-19,0440,N21,nominal,2.0NRT,287.22,9.66,D
-15.28321,126.81044,330,0.52,0.5,2025-03-19,0440,N21,nominal,2.0NRT,283.43,9.66,D
-15.28378,126.80573,333.83,0.52,0.5,2025-03-19,0440,N21,nominal,2.0NRT,284.55,9.66,D
-15.22312,127.26688,338.78,0.48,0.48,2025-03-19,0440,N21,nominal,2.0NRT,287.71,8.77,D
-15.22367,127.26245,343.62,0.48,0.48,2025-03-19,0440,N21,nominal,2.0NRT,288.37,6.89,D
-15.21924,127.26193,329.15,0.48,0.48,2025-03-19,0440,N21,nominal,2.0NRT,285.02,6.89,D
-15.21147,127.25188,342.9,0.48,0.48,2025-03-19,0440,N21,nominal,2.0NRT,285.93,5.65,D
-15.33529,126.21258,338.13,0.57,0.52,2025-03-19,0440,N21,nominal,2.0NRT,284.33,14.42,D
-15.20368,127.24193,331.22,0.48,0.48,2025-03-19,0440,N21,nominal,2.0NRT,292.81,8.93,D
-15.28168,126.58852,336.19,0.53,0.5,2025-03-19,0440,N21,nominal,2.0NRT,293.47,9.68,D
-15.33853,126.21632,336.76,0.57,0.52,2025-03-19,0440,N21,nominal,2.0NRT,281.46,4.92,D
-15.25318,126.85727,328.91,0.51,0.49,2025-03-19,0440,N21,nominal,2.0NRT,276.45,6.28,D
-15.33378,126.21571,327.53,0.57,0.52,2025-03-19,0440,N21,nominal,2.0NRT,281.76,4.92,D
-15.257,126.79053,344.23,0.52,0.5,2025-03-19,0440,N21,nominal,2.0NRT,276.05,16.07,D
-15.28212,126.59115,329.74,0.53,0.5,2025-03-19,0440,N21,nominal,2.0NRT,292.52,4.31,D
-15.28272,126.58633,327.97,0.53,0.5,2025-03-19,0440,N21,nominal,2.0NRT,292.74,6.49,D
-15.25363,126.78048,344.69,0.52,0.5,2025-03-19,0440,N21,nominal,2.0NRT,275.35,8.59,D
-15.30722,126.19617,341.57,0.57,0.52,2025-03-19,0440,N21,nominal,2.0NRT,284.56,10.97,D
-15.14514,127.20928,349.76,0.48,0.48,2025-03-19,0440,N21,nominal,2.0NRT,295.07,14.11,D
-15.1464,127.01458,348.18,0.5,0.49,2025-03-19,0440,N21,nominal,2.0NRT,284.4,14.45,D
-15.14013,126.87649,330.7,0.51,0.49,2025-03-19,0440,N21,nominal,2.0NRT,279.23,8.74,D
-15.1068,127.12722,347.5,0.49,0.48,2025-03-19,0440,N21,nominal,2.0NRT,293.26,13.23,D
-15.13925,126.87284,338.27,0.51,0.49,2025-03-19,0440,N21,nominal,2.0NRT,281.53,10.45,D
-15.14667,126.77768,329.75,0.52,0.5,2025-03-19,0440,N21,nominal,2.0NRT,289.14,7.64,D
-15.14329,126.76775,341.83,0.52,0.5,2025-03-19,0440,N21,nominal,2.0NRT,292.92,20.07,D
-15.13635,126.78608,336.09,0.51,0.5,2025-03-19,0440,N21,nominal,2.0NRT,294.29,12.07,D
-15.13177,126.78555,350.86,0.51,0.5,2025-03-19,0440,N21,nominal,2.0NRT,296.29,17.29,D
-15.12662,126.78973,353.91,0.51,0.5,2025-03-19,0440,N21,nominal,2.0NRT,294.06,27.01,D
-15.12206,126.7892,335.66,0.51,0.5,2025-03-19,0440,N21,nominal,2.0NRT,291.57,7.34,D
-15.10595,126.84433,339.62,0.51,0.49,2025-03-19,0440,N21,nominal,2.0NRT,286.51,5.59,D
-15.09976,126.81972,348.47,0.51,0.49,2025-03-19,0440,N21,nominal,2.0NRT,289.59,7.92,D
-15.09521,126.8192,342.32,0.51,0.49,2025-03-19,0440,N21,nominal,2.0NRT,293.08,7.92,D
-15.09578,126.81457,333.82,0.51,0.5,2025-03-19,0440,N21,nominal,2.0NRT,285.57,7.92,D
-15.09817,126.7952,329.24,0.51,0.5,2025-03-19,0440,N21,nominal,2.0NRT,285.66,4.32,D
-15.09878,126.79022,338.33,0.51,0.5,2025-03-19,0440,N21,nominal,2.0NRT,287.43,6.07,D
-15.09938,126.78533,340.76,0.51,0.5,2025-03-19,0440,N21,nominal,2.0NRT,289.21,6.07,D
-15.1047,126.74213,338.72,0.52,0.5,2025-03-19,0440,N21,nominal,2.0NRT,289.65,8.86,D
-15.1053,126.73724,346.05,0.52,0.5,2025-03-19,0440,N21,nominal,2.0NRT,290.97,8.86,D
-15.09955,126.74624,367,0.52,0.5,2025-03-19,0440,N21,high,2.0NRT,295.24,15.85,D
-15.09487,126.78438,343.13,0.51,0.5,2025-03-19,0440,N21,nominal,2.0NRT,289.62,11.74,D
-15.09604,126.77486,337.42,0.52,0.5,2025-03-19,0440,N21,nominal,2.0NRT,291.44,13.82,D
-15.09721,126.76535,340.96,0.52,0.5,2025-03-19,0440,N21,nominal,2.0NRT,291.74,16.67,D
-15.09779,126.76059,349.23,0.52,0.5,2025-03-19,0440,N21,nominal,2.0NRT,296.56,30.78,D
-15.10014,126.74142,328.17,0.52,0.5,2025-03-19,0440,N21,nominal,2.0NRT,288.88,8.79,D
-15.10135,126.73158,345.11,0.52,0.5,2025-03-19,0440,N21,nominal,2.0NRT,293.69,9.76,D
-15.10252,126.722,339.08,0.52,0.5,2025-03-19,0440,N21,nominal,2.0NRT,292.93,15.1,D
-15.10599,126.6937,331.82,0.52,0.5,2025-03-19,0440,N21,nominal,2.0NRT,292.76,6.38,D
-15.10658,126.68889,328.66,0.52,0.5,2025-03-19,0440,N21,nominal,2.0NRT,291.78,6.38,D
-15.09263,126.76482,332.71,0.52,0.5,2025-03-19,0440,N21,nominal,2.0NRT,293.64,16.67,D
-15.0938,126.75525,354.05,0.52,0.5,2025-03-19,0440,N21,nominal,2.0NRT,295.96,30.78,D
-15.0944,126.75037,345.13,0.52,0.5,2025-03-19,0440,N21,nominal,2.0NRT,295.33,15.85,D
-15.095,126.74551,351.07,0.52,0.5,2025-03-19,0440,N21,nominal,2.0NRT,296.41,15.85,D
-15.09559,126.74069,333.1,0.52,0.5,2025-03-19,0440,N21,nominal,2.0NRT,295.29,8.79,D
-15.09737,126.72614,327.07,0.52,0.5,2025-03-19,0440,N21,nominal,2.0NRT,293.81,9.76,D
-15.10961,126.62575,343.52,0.53,0.5,2025-03-19,0440,N21,nominal,2.0NRT,288.65,8.65,D
-15.08154,126.81763,335.27,0.51,0.49,2025-03-19,0440,N21,nominal,2.0NRT,288.34,4.68,D
-15.105,126.62523,329.71,0.53,0.5,2025-03-19,0440,N21,nominal,2.0NRT,288.11,5.93,D
-15.04342,127.0167,327.79,0.5,0.49,2025-03-19,0440,N21,nominal,2.0NRT,293.69,3.1,D
-15.04399,126.97468,367,0.5,0.49,2025-03-19,0440,N21,high,2.0NRT,297.01,25.38,D
-15.04286,126.98391,343.99,0.5,0.49,2025-03-19,0440,N21,nominal,2.0NRT,295.77,13.17,D
-15.04343,126.97928,344.54,0.5,0.49,2025-03-19,0440,N21,nominal,2.0NRT,292.99,13.17,D
-15.04455,126.97008,354.1,0.5,0.49,2025-03-19,0440,N21,nominal,2.0NRT,294.35,25.38,D
-15.04511,126.96545,350.94,0.5,0.49,2025-03-19,0440,N21,nominal,2.0NRT,289.84,7.53,D
-15.04568,126.96075,339.42,0.5,0.49,2025-03-19,0440,N21,nominal,2.0NRT,282.29,7.53,D
-15.04061,126.96483,333.48,0.5,0.49,2025-03-19,0440,N21,nominal,2.0NRT,294.85,7.53,D
-15.04118,126.96017,336.89,0.5,0.49,2025-03-19,0440,N21,nominal,2.0NRT,289.37,7.53,D
-15.04175,126.95548,346.02,0.5,0.49,2025-03-19,0440,N21,nominal,2.0NRT,287.86,8.83,D
-15.0802,126.63689,340.42,0.53,0.5,2025-03-19,0440,N21,nominal,2.0NRT,288.92,12.53,D
-15.08078,126.63202,336.68,0.53,0.5,2025-03-19,0440,N21,nominal,2.0NRT,289.28,12.56,D
-15.07559,126.6363,331.8,0.53,0.5,2025-03-19,0440,N21,nominal,2.0NRT,287.21,6.89,D
-15.07618,126.63141,327.93,0.53,0.5,2025-03-19,0440,N21,nominal,2.0NRT,287.53,5.62,D
-15.03928,126.95647,337.75,0.5,0.49,2025-03-19,0440,N21,nominal,2.0NRT,288.35,5.28,D
-15.03989,126.95176,333.7,0.5,0.49,2025-03-19,0440,N21,nominal,2.0NRT,286.29,5.28,D
-15.04111,126.94228,328.51,0.5,0.49,2025-03-19,0440,N21,nominal,2.0NRT,286.56,6.06,D
-15.08067,126.63373,349.84,0.53,0.5,2025-03-19,0440,N21,nominal,2.0NRT,289.61,9.67,D
-15.07607,126.63314,338.78,0.53,0.5,2025-03-19,0440,N21,nominal,2.0NRT,285.99,9.67,D
-15.05705,126.63564,344.03,0.53,0.5,2025-03-19,0440,N21,nominal,2.0NRT,289.1,11.18,D
-15.03754,126.71654,333.93,0.52,0.5,2025-03-19,0440,N21,nominal,2.0NRT,287.24,5.03,D
-15.03296,126.71599,330.74,0.52,0.5,2025-03-19,0440,N21,nominal,2.0NRT,289.01,5.57,D
-15.04142,126.64845,354.14,0.52,0.5,2025-03-19,0440,N21,nominal,2.0NRT,292.52,14.31,D
-15.02898,126.71062,330.33,0.52,0.5,2025-03-19,0440,N21,nominal,2.0NRT,290.6,5.57,D
-14.99908,126.7645,343.61,0.51,0.5,2025-03-19,0440,N21,nominal,2.0NRT,283.29,19.15,D
-15.00548,126.71268,337.07,0.52,0.5,2025-03-19,0440,N21,nominal,2.0NRT,287.79,7.13,D
-15.00964,126.67893,333.01,0.52,0.5,2025-03-19,0440,N21,nominal,2.0NRT,281.65,12.96,D
-15.00505,126.67838,344.11,0.52,0.5,2025-03-19,0440,N21,nominal,2.0NRT,284.07,12.96,D
-14.99632,126.71156,328.17,0.52,0.5,2025-03-19,0440,N21,nominal,2.0NRT,288.32,6.93,D
-15.00046,126.67781,347.85,0.52,0.5,2025-03-19,0440,N21,nominal,2.0NRT,283,18.18,D
-14.98717,126.71039,334.89,0.52,0.5,2025-03-19,0440,N21,nominal,2.0NRT,284.93,8.24,D
-14.92765,126.81034,341.37,0.51,0.49,2025-03-19,0440,N21,nominal,2.0NRT,279.54,12.69,D
-14.92827,126.80552,352.56,0.51,0.49,2025-03-19,0440,N21,nominal,2.0NRT,277.32,12.69,D
-14.92887,126.80078,339.19,0.51,0.49,2025-03-19,0440,N21,nominal,2.0NRT,273.05,12.18,D
-14.84067,126.88087,337.37,0.5,0.49,2025-03-19,0440,N21,nominal,2.0NRT,275.68,4.93,D
-14.84196,126.79456,340.18,0.51,0.49,2025-03-19,0440,N21,nominal,2.0NRT,279.06,15.22,D
-14.82194,126.84607,343.32,0.51,0.49,2025-03-19,0440,N21,nominal,2.0NRT,283.5,14.81,D
-14.82251,126.84134,352.78,0.51,0.49,2025-03-19,0440,N21,nominal,2.0NRT,282.88,14.81,D
-14.84496,126.79591,332.38,0.51,0.49,2025-03-19,0440,N21,nominal,2.0NRT,277.68,6.93,D
-14.84042,126.79532,344.19,0.51,0.49,2025-03-19,0440,N21,nominal,2.0NRT,279.64,6.93,D
-14.82453,126.84728,342.11,0.51,0.49,2025-03-19,0440,N21,nominal,2.0NRT,282.45,10.53,D
-14.82061,126.84201,355.35,0.51,0.49,2025-03-19,0440,N21,nominal,2.0NRT,284.1,19.94,D
-14.75639,126.80386,339.91,0.51,0.49,2025-03-19,0440,N21,nominal,2.0NRT,275.41,10,D
-33.83764,116.83801,348.25,0.45,0.39,2025-03-19,0616,N21,nominal,2.0NRT,303.08,16.42,D
-33.12852,117.2123,352.27,0.48,0.4,2025-03-19,0616,N21,nominal,2.0NRT,301.06,11.88,D
-32.66776,117.47062,342.55,0.5,0.41,2025-03-19,0616,N21,nominal,2.0NRT,305.09,11.07,D
-32.27356,118.59059,336.3,0.57,0.43,2025-03-19,0616,N21,nominal,2.0NRT,298.93,4.23,D
-32.0881,118.89561,344.49,0.4,0.44,2025-03-19,0616,N21,nominal,2.0NRT,304.05,7.7,D
-32.08323,118.89864,339.12,0.4,0.44,2025-03-19,0616,N21,nominal,2.0NRT,302.23,7.7,D
-32.08408,118.89451,343.24,0.4,0.44,2025-03-19,0616,N21,nominal,2.0NRT,304.57,7.7,D
-32.08835,118.8963,349.47,0.4,0.44,2025-03-19,0616,N21,nominal,2.0NRT,303.48,10.44,D
-32.08433,118.89518,351.83,0.4,0.44,2025-03-19,0616,N21,nominal,2.0NRT,304.39,10.44,D
-31.93515,118.75386,342.77,0.39,0.44,2025-03-19,0616,N21,nominal,2.0NRT,305.44,5.64,D
-31.8124,118.45907,345.79,0.38,0.43,2025-03-19,0616,N21,nominal,2.0NRT,305.46,4.69,D
-31.8134,118.45403,348.18,0.57,0.43,2025-03-19,0616,N21,nominal,2.0NRT,307.15,9.26,D
-31.80945,118.45296,339.2,0.57,0.43,2025-03-19,0616,N21,nominal,2.0NRT,305.09,9.26,D
-31.48766,118.41322,338.73,0.39,0.44,2025-03-19,0616,N21,nominal,2.0NRT,306.9,4.46,D
-31.48928,118.40513,334.58,0.39,0.44,2025-03-19,0616,N21,low,2.0NRT,307.46,6.21,D
-31.58106,117.49734,348.9,0.52,0.41,2025-03-19,0616,N21,nominal,2.0NRT,309.2,16.38,D
-31.34404,118.68622,367,0.4,0.44,2025-03-19,0616,N21,high,2.0NRT,308.32,9.34,D
-31.34321,118.69034,347.3,0.4,0.44,2025-03-19,0616,N21,nominal,2.0NRT,305.99,9.34,D
-31.34487,118.68212,345.04,0.4,0.44,2025-03-19,0616,N21,nominal,2.0NRT,306.59,6.75,D
-31.57728,117.49635,348.69,0.52,0.41,2025-03-19,0616,N21,nominal,2.0NRT,311.55,13.66,D
-31.57831,117.49094,352.55,0.52,0.41,2025-03-19,0616,N21,nominal,2.0NRT,309.63,13.66,D
-31.57454,117.48992,336.46,0.52,0.41,2025-03-19,0616,N21,low,2.0NRT,307.32,13.66,D
-31.32626,118.69004,344.73,0.4,0.44,2025-03-19,0616,N21,nominal,2.0NRT,303.12,7.21,D
-31.32709,118.68591,347.86,0.4,0.44,2025-03-19,0616,N21,nominal,2.0NRT,304.51,5.96,D
-29.55459,125.92507,367,0.56,0.69,2025-03-19,0616,N21,high,2.0NRT,308.27,19.26,D
-29.55739,125.92937,341.92,0.57,0.69,2025-03-19,0616,N21,nominal,2.0NRT,306.68,11.01,D
-29.55889,125.92366,345.42,0.56,0.69,2025-03-19,0616,N21,nominal,2.0NRT,307.71,11.17,D
-31.4383,117.56596,337.07,0.53,0.42,2025-03-19,0616,N21,nominal,2.0NRT,308.15,6.25,D
-31.43935,117.56049,343.35,0.53,0.42,2025-03-19,0616,N21,nominal,2.0NRT,308.9,6.25,D
-31.4345,117.56496,344.76,0.53,0.42,2025-03-19,0616,N21,nominal,2.0NRT,308.81,6.25,D
-31.43555,117.55948,352.14,0.53,0.42,2025-03-19,0616,N21,nominal,2.0NRT,309.9,6.25,D
-31.43176,117.55847,337.53,0.53,0.42,2025-03-19,0616,N21,nominal,2.0NRT,306.99,8.1,D
-31.43809,117.52566,341.53,0.52,0.42,2025-03-19,0616,N21,nominal,2.0NRT,308,7.26,D
-31.43914,117.5202,343.82,0.52,0.42,2025-03-19,0616,N21,nominal,2.0NRT,307.07,6.59,D
-31.43325,117.53006,335.48,0.52,0.42,2025-03-19,0616,N21,nominal,2.0NRT,306.73,7.26,D
-31.43431,117.5246,345.78,0.52,0.42,2025-03-19,0616,N21,nominal,2.0NRT,308.05,7.26,D
-31.43536,117.51913,337.16,0.52,0.42,2025-03-19,0616,N21,nominal,2.0NRT,306.81,6.59,D
-31.42947,117.52901,337.1,0.52,0.42,2025-03-19,0616,N21,nominal,2.0NRT,307.06,6.09,D
-31.43052,117.52353,333.22,0.52,0.42,2025-03-19,0616,N21,low,2.0NRT,307.15,6.09,D
-31.43158,117.51807,335.77,0.52,0.42,2025-03-19,0616,N21,low,2.0NRT,307.06,3.69,D
-31.09241,118.95793,334.93,0.42,0.45,2025-03-19,0616,N21,low,2.0NRT,306.19,4.15,D
-31.0838,118.97837,339.65,0.42,0.45,2025-03-19,0616,N21,nominal,2.0NRT,307.79,7.52,D
-31.0865,118.96546,336.1,0.42,0.45,2025-03-19,0616,N21,low,2.0NRT,307.79,5.62,D
-31.0874,118.96116,333.6,0.42,0.45,2025-03-19,0616,N21,low,2.0NRT,306.58,4.15,D
-31.0833,118.96,330.04,0.42,0.45,2025-03-19,0616,N21,low,2.0NRT,304.71,1.01,D
-31.0858,118.96159,338.09,0.42,0.45,2025-03-19,0616,N21,nominal,2.0NRT,306.21,4.37,D
-31.07672,118.96354,337.39,0.42,0.45,2025-03-19,0616,N21,nominal,2.0NRT,306.87,5.92,D
-31.30224,117.51566,338.83,0.53,0.42,2025-03-19,0616,N21,nominal,2.0NRT,306.06,8.87,D
-31.42075,116.89732,338.31,0.49,0.4,2025-03-19,0616,N21,nominal,2.0NRT,306.8,2.75,D
-31.41707,116.89638,352.45,0.49,0.4,2025-03-19,0616,N21,nominal,2.0NRT,309.23,9.51,D
-30.72505,118.00522,336.72,0.57,0.43,2025-03-19,0616,N21,low,2.0NRT,308.19,12.17,D
-30.72731,118.00388,336.18,0.57,0.43,2025-03-19,0616,N21,low,2.0NRT,307.49,5.41,D
-30.72339,118.00278,336.49,0.57,0.43,2025-03-19,0616,N21,low,2.0NRT,306.83,5.41,D
-30.32764,116.87712,336.36,0.51,0.41,2025-03-19,0616,N21,low,2.0NRT,309.15,5.38,D
-30.16136,116.92617,339.41,0.51,0.41,2025-03-19,0616,N21,low,2.0NRT,311.17,5.24,D
-30.16246,116.92387,338.21,0.51,0.41,2025-03-19,0616,N21,low,2.0NRT,310.82,3.86,D
-30.11487,116.61729,352.56,0.5,0.41,2025-03-19,0616,N21,nominal,2.0NRT,318.03,47.53,D
-30.11585,116.61219,354.05,0.5,0.41,2025-03-19,0616,N21,nominal,2.0NRT,315.2,15.64,D
-30.11682,116.60708,335.18,0.5,0.41,2025-03-19,0616,N21,low,2.0NRT,307.26,15.64,D
-30.1178,116.60196,335.84,0.5,0.41,2025-03-19,0616,N21,low,2.0NRT,308.52,4.77,D
-30.11877,116.59685,344.48,0.5,0.41,2025-03-19,0616,N21,nominal,2.0NRT,310.04,4.77,D
-30.11312,116.60615,352.56,0.5,0.41,2025-03-19,0616,N21,nominal,2.0NRT,313.15,15.64,D
-30.11409,116.60104,346.82,0.5,0.41,2025-03-19,0616,N21,nominal,2.0NRT,309.19,4.77,D
-30.11507,116.59593,339.97,0.5,0.41,2025-03-19,0616,N21,nominal,2.0NRT,309.62,4.77,D
-30.11347,116.62048,347.16,0.5,0.41,2025-03-19,0616,N21,nominal,2.0NRT,309.45,18.28,D
-30.11442,116.61537,351.62,0.5,0.41,2025-03-19,0616,N21,nominal,2.0NRT,318.13,34.6,D
-30.11537,116.61025,354.11,0.5,0.41,2025-03-19,0616,N21,nominal,2.0NRT,312.31,34.6,D
-30.11727,116.59999,349.78,0.5,0.41,2025-03-19,0616,N21,nominal,2.0NRT,310.5,11.11,D
-30.11822,116.59486,335.09,0.5,0.41,2025-03-19,0616,N21,low,2.0NRT,309.65,6.34,D
-30.11261,116.60419,354.5,0.5,0.41,2025-03-19,0616,N21,nominal,2.0NRT,312.38,11.11,D
-30.11356,116.59908,346.75,0.5,0.41,2025-03-19,0616,N21,nominal,2.0NRT,309.81,11.11,D
-30.10606,116.6186,336.37,0.5,0.41,2025-03-19,0616,N21,low,2.0NRT,306.37,2.14,D
-30.10795,116.60838,335.9,0.5,0.41,2025-03-19,0616,N21,low,2.0NRT,307.38,4.95,D
-30.10985,116.59816,352.76,0.5,0.41,2025-03-19,0616,N21,nominal,2.0NRT,312.82,19.04,D
-29.61825,116.04509,344.38,0.48,0.4,2025-03-19,0616,N21,nominal,2.0NRT,311.99,7.42,D
-28.87727,115.59811,347.6,0.47,0.4,2025-03-19,0616,N21,low,2.0NRT,318.19,7.62,D
-28.87662,115.59961,351.85,0.47,0.4,2025-03-19,0616,N21,nominal,2.0NRT,318.89,7.72,D
-28.87214,115.60356,347.81,0.47,0.4,2025-03-19,0616,N21,nominal,2.0NRT,318.82,7.72,D
-28.873,115.59879,350.18,0.47,0.4,2025-03-19,0616,N21,nominal,2.0NRT,318.21,7.72,D
-28.87471,115.58926,351.69,0.47,0.4,2025-03-19,0616,N21,nominal,2.0NRT,321.39,22.4,D
-37.20188,174.71848,298.2,0.39,0.59,2025-03-19,1232,N21,nominal,2.0NRT,282.79,2.36,N
-37.20304,174.72287,318.7,0.38,0.59,2025-03-19,1232,N21,nominal,2.0NRT,284.01,2.69,N
-27.26896,151.74847,332.39,0.5,0.66,2025-03-19,1410,N21,nominal,2.0NRT,286.69,5.03,N
-27.83325,151.82466,311.3,0.48,0.65,2025-03-19,1410,N21,nominal,2.0NRT,286.89,2.78,N
-27.83451,151.82964,312.43,0.48,0.65,2025-03-19,1410,N21,nominal,2.0NRT,286.58,2.78,N
-27.83586,148.12492,299.48,0.78,0.78,2025-03-19,1410,N21,nominal,2.0NRT,286.41,1.4,N
-27.84281,148.12247,304.16,0.78,0.78,2025-03-19,1410,N21,nominal,2.0NRT,286.47,2.31,N
-28.78332,150.92671,320.69,0.51,0.66,2025-03-19,1410,N21,nominal,2.0NRT,287.44,3.19,N
-28.78464,150.93185,296.86,0.51,0.66,2025-03-19,1410,N21,nominal,2.0NRT,286.12,1.38,N
-28.58887,150.10149,328.87,0.58,0.7,2025-03-19,1410,N21,nominal,2.0NRT,290.44,5.54,N
-28.78444,150.92944,323.1,0.51,0.66,2025-03-19,1410,N21,nominal,2.0NRT,287.11,4.84,N
-28.58993,150.09947,321.36,0.58,0.7,2025-03-19,1410,N21,nominal,2.0NRT,290.21,3.39,N
-28.59149,150.10526,311.26,0.58,0.69,2025-03-19,1410,N21,nominal,2.0NRT,289.44,3.39,N
-31.72062,151.8,300.39,0.39,0.59,2025-03-19,1412,N21,nominal,2.0NRT,287.55,0.6,N
-32.23077,151.95346,299.13,0.37,0.58,2025-03-19,1412,N21,nominal,2.0NRT,288.05,0.29,N
-32.15653,151.12166,300.08,0.41,0.61,2025-03-19,1412,N21,nominal,2.0NRT,287.65,0.68,N
-32.15487,151.12321,297.9,0.41,0.61,2025-03-19,1412,N21,nominal,2.0NRT,287.63,0.72,N
-31.61868,147.20653,306.18,0.7,0.75,2025-03-19,1412,N21,nominal,2.0NRT,285.14,1.82,N
-31.62018,147.21077,302,0.7,0.75,2025-03-19,1412,N21,nominal,2.0NRT,285.52,2.6,N
-33.63289,151.13528,305.11,0.38,0.59,2025-03-19,1412,N21,nominal,2.0NRT,287.98,0.78,N
-33.6382,151.13356,302.45,0.38,0.59,2025-03-19,1412,N21,nominal,2.0NRT,288.23,1.26,N
-33.6392,151.13744,305.14,0.38,0.59,2025-03-19,1412,N21,nominal,2.0NRT,288.48,0.99,N
-37.20203,174.72321,308,0.46,0.64,2025-03-19,1412,N21,nominal,2.0NRT,282.78,1.51,N
-37.20498,174.72348,309.78,0.47,0.64,2025-03-19,1412,N21,nominal,2.0NRT,283.8,2.7,N
-33.76439,150.85005,298.95,0.39,0.59,2025-03-19,1412,N21,nominal,2.0NRT,280.14,1.39,N
-34.04137,149.72519,300.62,0.44,0.63,2025-03-19,1412,N21,nominal,2.0NRT,283.58,2.31,N
-34.0455,149.71765,297.82,0.44,0.63,2025-03-19,1412,N21,nominal,2.0NRT,283.61,2.33,N
-34.04698,149.72311,300.35,0.44,0.63,2025-03-19,1412,N21,nominal,2.0NRT,284.36,2.33,N
-34.04979,149.71068,298.45,0.44,0.63,2025-03-19,1412,N21,nominal,2.0NRT,282.4,3.26,N
-34.05409,149.7267,303.67,0.44,0.63,2025-03-19,1412,N21,nominal,2.0NRT,284.7,4.16,N
-34.0555,149.70901,297.83,0.44,0.63,2025-03-19,1412,N21,nominal,2.0NRT,275.86,1.21,N
-34.05696,149.71449,296.68,0.44,0.63,2025-03-19,1412,N21,nominal,2.0NRT,279.68,1.65,N
-34.45426,150.21301,298.89,0.41,0.6,2025-03-19,1412,N21,nominal,2.0NRT,284.19,2.52,N
-34.45735,150.20212,300.11,0.41,0.6,2025-03-19,1412,N21,nominal,2.0NRT,285.22,1.28,N
-34.45847,150.20642,296.21,0.41,0.6,2025-03-19,1412,N21,nominal,2.0NRT,284.97,1.28,N
-34.46059,150.21455,298.96,0.41,0.6,2025-03-19,1412,N21,nominal,2.0NRT,283.79,2.19,N
-34.46139,150.19485,297.1,0.41,0.61,2025-03-19,1412,N21,nominal,2.0NRT,285.11,2.02,N
-34.46265,150.19968,304.89,0.41,0.6,2025-03-19,1412,N21,nominal,2.0NRT,285.4,1.28,N
-34.46374,150.20386,312.59,0.41,0.6,2025-03-19,1412,N21,nominal,2.0NRT,286.16,1.28,N
-34.51014,150.33717,296.11,0.4,0.6,2025-03-19,1412,N21,nominal,2.0NRT,286.04,0.98,N
-34.46075,150.19751,301.48,0.41,0.6,2025-03-19,1412,N21,nominal,2.0NRT,285.45,2.25,N
-34.46196,150.20203,312.14,0.41,0.6,2025-03-19,1412,N21,nominal,2.0NRT,286.04,1.85,N
-34.46304,150.20607,301.86,0.41,0.6,2025-03-19,1412,N21,nominal,2.0NRT,285.55,1.85,N
-38.22518,147.16591,299.01,0.47,0.64,2025-03-19,1414,N21,nominal,2.0NRT,287.63,1.55,N
-41.13476,146.85165,304.14,0.4,0.6,2025-03-19,1414,N21,nominal,2.0NRT,286.09,1.89,N
-41.64634,147.3795,330.23,0.37,0.58,2025-03-19,1414,N21,nominal,2.0NRT,285.87,1.94,N
-41.64516,147.37521,310.2,0.37,0.58,2025-03-19,1414,N21,nominal,2.0NRT,284.52,3.02,N
-41.64753,147.38377,301.73,0.37,0.58,2025-03-19,1414,N21,nominal,2.0NRT,284.94,1.94,N
-41.65141,147.37685,295.75,0.37,0.58,2025-03-19,1414,N21,nominal,2.0NRT,283.69,1.94,N
-41.65648,147.37422,296.83,0.37,0.58,2025-03-19,1414,N21,nominal,2.0NRT,283.08,0.71,N
-43.53278,146.58702,307.93,0.35,0.57,2025-03-19,1414,N21,nominal,2.0NRT,285.75,0.59,N
-15.3205,130.3671,308.24,0.51,0.66,2025-03-19,1548,N21,nominal,2.0NRT,267.18,1.77,N
-15.32244,130.3764,305.69,0.51,0.66,2025-03-19,1548,N21,nominal,2.0NRT,267.01,1.82,N
-15.32341,130.38109,301.56,0.51,0.66,2025-03-19,1548,N21,nominal,2.0NRT,267.02,1.82,N
-15.32651,130.36572,299.86,0.51,0.66,2025-03-19,1548,N21,nominal,2.0NRT,267.31,1.77,N
-15.32844,130.37503,311.78,0.51,0.66,2025-03-19,1548,N21,nominal,2.0NRT,267.43,1.82,N
-15.32184,130.36687,308.2,0.51,0.66,2025-03-19,1548,N21,nominal,2.0NRT,267.42,2.26,N
-15.32384,130.37614,319.49,0.51,0.66,2025-03-19,1548,N21,nominal,2.0NRT,267.31,2.48,N
-15.32484,130.38078,303.46,0.51,0.66,2025-03-19,1548,N21,nominal,2.0NRT,266.82,2.48,N
-16.79125,131.98468,311.82,0.37,0.58,2025-03-19,1548,N21,nominal,2.0NRT,284.74,1.4,N
-16.85833,131.98805,304.65,0.37,0.58,2025-03-19,1548,N21,nominal,2.0NRT,285.63,1.15,N
-16.86363,131.98689,309.67,0.37,0.58,2025-03-19,1548,N21,nominal,2.0NRT,284.64,1.15,N
-16.86501,131.99377,312.16,0.37,0.58,2025-03-19,1548,N21,nominal,2.0NRT,287.05,3.59,N
-16.8657,131.99724,305.7,0.37,0.58,2025-03-19,1548,N21,nominal,2.0NRT,287.38,2.77,N
-16.86172,131.98682,311.99,0.37,0.58,2025-03-19,1548,N21,nominal,2.0NRT,284.37,1.81,N
-16.86315,131.99368,311.72,0.37,0.58,2025-03-19,1548,N21,nominal,2.0NRT,286.33,3.13,N
-16.86386,131.99712,306.79,0.37,0.58,2025-03-19,1548,N21,nominal,2.0NRT,287.54,2.65,N
-17.39431,131.79568,301.33,0.37,0.58,2025-03-19,1548,N21,nominal,2.0NRT,276.28,0.52,N
-17.56024,131.6958,298.58,0.38,0.58,2025-03-19,1548,N21,nominal,2.0NRT,269.62,1.11,N
-17.56095,131.69931,300.08,0.38,0.58,2025-03-19,1548,N21,nominal,2.0NRT,269.93,1.15,N
-17.56167,131.70282,302.9,0.38,0.58,2025-03-19,1548,N21,nominal,2.0NRT,270.82,1.15,N
-17.56769,131.70512,311.24,0.38,0.58,2025-03-19,1548,N21,nominal,2.0NRT,270.77,1.6,N
-17.5684,131.7086,310.85,0.38,0.58,2025-03-19,1548,N21,nominal,2.0NRT,270.1,1.6,N
-17.55767,131.69437,302.47,0.38,0.58,2025-03-19,1548,N21,nominal,2.0NRT,269.53,1.26,N
-17.55841,131.69786,304.07,0.38,0.58,2025-03-19,1548,N21,nominal,2.0NRT,269.5,2.03,N
-17.5652,131.70367,309.05,0.38,0.58,2025-03-19,1548,N21,nominal,2.0NRT,270.62,1.27,N
-17.56594,131.70717,311.22,0.38,0.58,2025-03-19,1548,N21,nominal,2.0NRT,270.47,1.27,N
-17.57199,131.70944,312.18,0.38,0.58,2025-03-19,1548,N21,nominal,2.0NRT,272.06,1.08,N
-17.57272,131.71295,307.29,0.37,0.58,2025-03-19,1548,N21,nominal,2.0NRT,272.02,1.08,N
-17.57803,131.71175,299.95,0.37,0.58,2025-03-19,1548,N21,nominal,2.0NRT,272.33,1.08,N
-17.63549,131.64015,295.32,0.38,0.59,2025-03-19,1548,N21,nominal,2.0NRT,257.46,0.98,N
-17.64009,131.63542,300.13,0.38,0.59,2025-03-19,1548,N21,nominal,2.0NRT,257.04,0.98,N
-17.64271,131.63457,300.66,0.38,0.59,2025-03-19,1548,N21,nominal,2.0NRT,256.15,0.93,N
-17.66341,131.60045,295.61,0.38,0.59,2025-03-19,1548,N21,nominal,2.0NRT,261.1,1.1,N
-17.66874,131.59926,296.05,0.38,0.59,2025-03-19,1548,N21,nominal,2.0NRT,262.05,1.19,N
-17.75853,131.53455,305.82,0.38,0.59,2025-03-19,1548,N21,nominal,2.0NRT,262.33,1.12,N
-17.8209,131.56519,297.8,0.38,0.59,2025-03-19,1548,N21,nominal,2.0NRT,258.55,0.39,N
-18.40171,132.73126,310.41,0.62,0.54,2025-03-19,1548,N21,nominal,2.0NRT,286.28,2.28,N
-19.50721,131.76172,303.41,0.34,0.56,2025-03-19,1550,N21,nominal,2.0NRT,273.26,1.23,N
-19.50854,131.76816,301.7,0.34,0.56,2025-03-19,1550,N21,nominal,2.0NRT,272.89,0.99,N
-19.51497,131.77341,306.19,0.34,0.56,2025-03-19,1550,N21,nominal,2.0NRT,273.01,1.2,N
-19.51563,131.77663,301.32,0.34,0.56,2025-03-19,1550,N21,nominal,2.0NRT,272.31,0.6,N
-19.5163,131.77985,297.46,0.34,0.56,2025-03-19,1550,N21,nominal,2.0NRT,271.96,0.6,N
-19.51697,131.78307,296.54,0.34,0.56,2025-03-19,1550,N21,nominal,2.0NRT,271.78,1.25,N
-19.52272,131.78511,315.23,0.34,0.56,2025-03-19,1550,N21,nominal,2.0NRT,273.85,1.25,N
-19.52339,131.78833,315.26,0.34,0.56,2025-03-19,1550,N21,nominal,2.0NRT,274.63,1.89,N
-19.52847,131.78712,304,0.34,0.56,2025-03-19,1550,N21,nominal,2.0NRT,274.76,0.82,N
-19.52913,131.79033,312.92,0.34,0.56,2025-03-19,1550,N21,nominal,2.0NRT,276.33,0.82,N
-19.53178,131.79056,302.01,0.34,0.56,2025-03-19,1550,N21,nominal,2.0NRT,275.24,0.62,N
-27.83717,151.82561,309.29,0.55,0.68,2025-03-19,1550,N21,nominal,2.0NRT,284.29,3.18,N
-27.83389,151.82654,306.77,0.55,0.68,2025-03-19,1550,N21,nominal,2.0NRT,284.06,1.91,N
-27.8402,151.82608,295.69,0.55,0.68,2025-03-19,1550,N21,nominal,2.0NRT,283.73,0.61,N
-27.83954,148.12659,313.46,0.32,0.55,2025-03-19,1550,N21,nominal,2.0NRT,289.44,1.14,N
-27.84461,148.12599,311.14,0.32,0.55,2025-03-19,1550,N21,nominal,2.0NRT,289.48,1.14,N
-27.84968,148.12538,310.46,0.32,0.55,2025-03-19,1550,N21,nominal,2.0NRT,289.72,1.04,N
-28.58971,150.10262,302.03,0.44,0.62,2025-03-19,1552,N21,nominal,2.0NRT,264.65,1.01,N
-28.78479,150.92776,309.13,0.49,0.65,2025-03-19,1552,N21,nominal,2.0NRT,268.13,2.24,N
-28.00573,141.59677,313.24,0.43,0.38,2025-03-19,1552,N21,nominal,2.0NRT,293,0.94,N
-29.35358,149.58412,309.11,0.41,0.61,2025-03-19,1552,N21,nominal,2.0NRT,280.11,1.33,N
-31.17033,147.6299,299.56,0.33,0.55,2025-03-19,1552,N21,nominal,2.0NRT,277.78,1.02,N
-31.2834,145.57709,301.58,0.49,0.49,2025-03-19,1552,N21,nominal,2.0NRT,278.7,0.84,N
-31.28482,145.57645,302.65,0.5,0.49,2025-03-19,1552,N21,nominal,2.0NRT,278.93,1.39,N
-30.44539,136.85696,316.39,0.39,0.36,2025-03-19,1552,N21,nominal,2.0NRT,292.92,1.73,N
-34.04353,149.71181,299,0.46,0.64,2025-03-19,1552,N21,nominal,2.0NRT,285.44,1.88,N
-34.04376,149.71651,298.12,0.46,0.64,2025-03-19,1552,N21,nominal,2.0NRT,286,1.7,N
-34.04422,149.72546,298.92,0.46,0.64,2025-03-19,1552,N21,nominal,2.0NRT,285.63,1.1,N
-34.04445,149.7299,300.13,0.46,0.64,2025-03-19,1552,N21,nominal,2.0NRT,285.53,1.1,N
-34.04469,149.7345,298.17,0.46,0.64,2025-03-19,1552,N21,nominal,2.0NRT,285.36,1.04,N
-34.04988,149.71997,296.62,0.46,0.64,2025-03-19,1552,N21,nominal,2.0NRT,285.7,1.7,N
-34.05012,149.7245,300.64,0.46,0.64,2025-03-19,1552,N21,nominal,2.0NRT,285.79,1.1,N
-34.05035,149.72906,297.89,0.46,0.64,2025-03-19,1552,N21,nominal,2.0NRT,285.66,1.1,N
-34.05059,149.73363,296.37,0.46,0.64,2025-03-19,1552,N21,nominal,2.0NRT,285.28,1.04,N
-34.05553,149.71423,301.42,0.46,0.64,2025-03-19,1552,N21,nominal,2.0NRT,286.26,1.46,N
-34.05577,149.71883,301.55,0.46,0.64,2025-03-19,1552,N21,nominal,2.0NRT,285.8,1.46,N
-34.05602,149.72353,301,0.46,0.64,2025-03-19,1552,N21,nominal,2.0NRT,285.57,1.12,N
-34.05626,149.7283,298.89,0.46,0.64,2025-03-19,1552,N21,nominal,2.0NRT,285.67,1.12,N
-32.99631,137.58452,309.94,0.38,0.36,2025-03-19,1552,N21,nominal,2.0NRT,293.34,1.35,N
-32.99694,137.58862,313.61,0.38,0.36,2025-03-19,1552,N21,nominal,2.0NRT,293.35,1.35,N
-34.43071,150.21321,296.07,0.5,0.66,2025-03-19,1552,N21,nominal,2.0NRT,284.85,0.67,N
-34.43093,150.21782,296.01,0.5,0.66,2025-03-19,1552,N21,nominal,2.0NRT,284.72,0.67,N
-34.4553,150.21547,296.51,0.5,0.66,2025-03-19,1552,N21,nominal,2.0NRT,285.18,1.66,N
-34.46061,150.1991,298.59,0.5,0.65,2025-03-19,1552,N21,nominal,2.0NRT,285.07,1.62,N
-34.46144,150.21599,305.16,0.5,0.66,2025-03-19,1552,N21,nominal,2.0NRT,285.56,1.66,N
-34.45568,150.21613,296.77,0.5,0.66,2025-03-19,1552,N21,nominal,2.0NRT,284.99,1.59,N
-34.46108,150.19968,298.75,0.5,0.66,2025-03-19,1552,N21,nominal,2.0NRT,285.17,1.72,N
-34.46182,150.2166,304.72,0.5,0.66,2025-03-19,1552,N21,nominal,2.0NRT,285.39,1.55,N
-34.46796,150.21704,295.83,0.5,0.66,2025-03-19,1552,N21,nominal,2.0NRT,284.92,1.55,N
-37.08792,149.02182,295.64,0.45,0.63,2025-03-19,1554,N21,nominal,2.0NRT,284.78,1.03,N
-33.26214,121.68256,295.99,0.65,0.73,2025-03-19,1554,N21,nominal,2.0NRT,282.33,1.03,N
-38.22744,147.16405,305.91,0.36,0.57,2025-03-19,1554,N21,nominal,2.0NRT,288.21,1.56,N
-40.84957,145.37947,306.61,0.61,0.53,2025-03-19,1554,N21,nominal,2.0NRT,290.28,2.25,N
-41.13256,146.8502,323.19,0.36,0.58,2025-03-19,1554,N21,nominal,2.0NRT,288.5,2.82,N
-41.13278,146.85464,298.33,0.37,0.58,2025-03-19,1554,N21,nominal,2.0NRT,286.73,1.89,N
-41.64901,147.37859,314.45,0.39,0.6,2025-03-19,1554,N21,nominal,2.0NRT,284.89,2.67,N
-41.64924,147.3833,295.7,0.39,0.6,2025-03-19,1554,N21,nominal,2.0NRT,284.7,1.38,N
-41.64771,147.37843,318.53,0.39,0.6,2025-03-19,1554,N21,nominal,2.0NRT,285.28,1.54,N
-41.6479,147.38316,299.72,0.39,0.6,2025-03-19,1554,N21,nominal,2.0NRT,284.78,1.54,N
-19.65068,115.93011,313.51,0.39,0.36,2025-03-19,1730,N21,nominal,2.0NRT,292.41,3.19,N
-19.92939,115.38337,312.46,0.38,0.36,2025-03-19,1730,N21,nominal,2.0NRT,295.33,0.61,N
-20.6152,116.7639,313.67,0.4,0.37,2025-03-19,1730,N21,nominal,2.0NRT,294.93,7.98,N
-20.79228,115.44508,325.77,0.38,0.36,2025-03-19,1730,N21,nominal,2.0NRT,295.61,1.48,N
-21.69579,115.00333,322.51,0.38,0.36,2025-03-19,1732,N21,nominal,2.0NRT,298.13,2.23,N
-30.05115,117.13335,306.9,0.49,0.4,2025-03-19,1734,N21,nominal,2.0NRT,290.1,2.19,N
-31.81938,117.0002,295.38,0.51,0.41,2025-03-19,1734,N21,nominal,2.0NRT,284.37,0.77,N
-31.819,117.00381,299.12,0.51,0.41,2025-03-19,1734,N21,nominal,2.0NRT,284.43,0.77,N
-32.74398,117.33852,295.01,0.54,0.42,2025-03-19,1734,N21,nominal,2.0NRT,281.2,0.68,N
-33.83647,116.83928,302.85,0.52,0.42,2025-03-19,1734,N21,nominal,2.0NRT,279.89,1.15,N
-33.84418,116.83807,310.55,0.52,0.42,2025-03-19,1734,N21,nominal,2.0NRT,280.67,2.01,N
-33.84174,116.83801,313.41,0.52,0.42,2025-03-19,1734,N21,nominal,2.0NRT,280.53,1.93,N
-34.01536,117.15279,305.3,0.55,0.42,2025-03-19,1734,N21,nominal,2.0NRT,281.49,1.39,N
-34.01601,117.15882,303.82,0.55,0.42,2025-03-19,1734,N21,nominal,2.0NRT,282.13,1.39,N
-45.79757,169.36363,298.45,0.64,0.72,2025-03-20,1217,N21,nominal,2.0NRT,280.71,0.9,N
-45.79499,169.36754,299.15,0.63,0.72,2025-03-20,1217,N21,nominal,2.0NRT,281.15,1.14,N
-46.4226,168.91998,301.89,0.63,0.72,2025-03-20,1217,N21,nominal,2.0NRT,282.78,1.63,N
-46.42048,168.92389,298.49,0.63,0.72,2025-03-20,1217,N21,nominal,2.0NRT,282.81,1.82,N
-31.6658,151.03992,300.27,0.79,0.78,2025-03-20,1353,N21,nominal,2.0NRT,286.4,2.2,N
-31.66657,151.03268,299.57,0.79,0.78,2025-03-20,1353,N21,nominal,2.0NRT,285.8,2.3,N
-37.20076,174.72253,315.56,0.51,0.49,2025-03-20,1353,N21,nominal,2.0NRT,284.88,2.6,N
-37.20534,174.72189,306.23,0.51,0.49,2025-03-20,1353,N21,nominal,2.0NRT,287.25,1.87,N
-37.20992,174.72134,297.13,0.51,0.49,2025-03-20,1353,N21,nominal,2.0NRT,285.96,1.87,N
-37.2005,174.72237,313.55,0.51,0.49,2025-03-20,1353,N21,nominal,2.0NRT,284.76,2.37,N
-37.20508,174.72173,308.45,0.51,0.49,2025-03-20,1353,N21,nominal,2.0NRT,287.29,2.37,N
-33.76576,150.847,305.28,0.7,0.75,2025-03-20,1355,N21,nominal,2.0NRT,288.77,1.7,N
-34.45627,150.8802,301.59,0.67,0.74,2025-03-20,1355,N21,nominal,2.0NRT,287.98,2.01,N
-34.46279,150.87743,300.59,0.67,0.74,2025-03-20,1355,N21,nominal,2.0NRT,287.88,2.01,N
-34.46494,150.88449,299.85,0.67,0.74,2025-03-20,1355,N21,nominal,2.0NRT,287.6,2.01,N
-34.46707,150.89149,301.99,0.67,0.74,2025-03-20,1355,N21,nominal,2.0NRT,288.63,2.07,N
-34.43441,150.1971,301.19,0.73,0.76,2025-03-20,1355,N21,nominal,2.0NRT,286.03,2.86,N
-34.43856,150.18587,300.79,0.73,0.76,2025-03-20,1355,N21,nominal,2.0NRT,284.99,3.64,N
-34.44163,150.19586,302.55,0.73,0.76,2025-03-20,1355,N21,nominal,2.0NRT,284.69,2.86,N
-34.44655,150.21191,298.36,0.73,0.76,2025-03-20,1355,N21,nominal,2.0NRT,284.31,3.34,N
-34.4455,150.1837,296.61,0.73,0.76,2025-03-20,1355,N21,nominal,2.0NRT,283.52,1.57,N
-34.45102,150.20174,296.31,0.73,0.76,2025-03-20,1355,N21,nominal,2.0NRT,283.14,2.03,N
-34.45454,150.18843,295.07,0.73,0.76,2025-03-20,1355,N21,nominal,2.0NRT,282.15,2.03,N
-34.46008,150.20651,302.01,0.73,0.76,2025-03-20,1355,N21,nominal,2.0NRT,283.64,3.47,N
-34.43275,150.19792,298.96,0.73,0.76,2025-03-20,1355,N21,nominal,2.0NRT,285.29,1.46,N
-34.43998,150.19669,302.13,0.73,0.76,2025-03-20,1355,N21,nominal,2.0NRT,284.38,2.07,N
-34.44513,150.21313,298.11,0.73,0.76,2025-03-20,1355,N21,nominal,2.0NRT,283.9,4.43,N
-34.44399,150.18518,299.87,0.73,0.76,2025-03-20,1355,N21,nominal,2.0NRT,283.6,2.07,N
-34.44707,150.19504,296.14,0.73,0.76,2025-03-20,1355,N21,nominal,2.0NRT,283.04,2.07,N
-34.45326,150.19048,295.69,0.73,0.76,2025-03-20,1355,N21,nominal,2.0NRT,282.33,1.22,N
-34.45869,150.20787,299.3,0.73,0.76,2025-03-20,1355,N21,nominal,2.0NRT,283.26,1.98,N
-34.46504,150.20384,298.19,0.73,0.76,2025-03-20,1355,N21,nominal,2.0NRT,283.88,1.98,N
-45.79693,169.36668,300.63,0.53,0.42,2025-03-20,1355,N21,nominal,2.0NRT,279.97,1.01,N
-46.4222,168.92194,309.66,0.51,0.41,2025-03-20,1355,N21,nominal,2.0NRT,282.01,1.2,N
-43.49976,146.54913,306.73,0.59,0.7,2025-03-20,1355,N21,nominal,2.0NRT,281.57,3.15,N
-20.5383,147.77876,300.76,0.42,0.38,2025-03-20,1529,N21,nominal,2.0NRT,277.21,0.8,N
-20.7343,139.47499,315.73,0.42,0.45,2025-03-20,1529,N21,nominal,2.0NRT,264.4,1.76,N
-20.73504,139.47888,300.65,0.42,0.45,2025-03-20,1529,N21,nominal,2.0NRT,273.77,1.76,N
-23.04657,148.59151,302.6,0.48,0.4,2025-03-20,1529,N21,nominal,2.0NRT,285.42,1,N
-23.05025,148.59091,304.23,0.48,0.4,2025-03-20,1529,N21,nominal,2.0NRT,285.22,1,N
-23.30321,148.33424,299.88,0.47,0.4,2025-03-20,1529,N21,nominal,2.0NRT,284.96,0.31,N
-23.30283,148.33144,302.08,0.47,0.4,2025-03-20,1529,N21,nominal,2.0NRT,284.64,0.44,N
-23.67618,150.85425,301.8,0.43,0.46,2025-03-20,1529,N21,nominal,2.0NRT,286.52,0.6,N
-23.75879,151.19164,305.16,0.45,0.47,2025-03-20,1529,N21,nominal,2.0NRT,288.05,1.81,N
-23.75606,151.19057,310.35,0.45,0.47,2025-03-20,1529,N21,nominal,2.0NRT,288.69,1.46,N
-23.77003,151.19772,305.47,0.45,0.47,2025-03-20,1529,N21,nominal,2.0NRT,286.49,0.76,N
-23.77582,151.21042,311.91,0.45,0.47,2025-03-20,1529,N21,nominal,2.0NRT,288.22,1.61,N
-23.83039,151.14835,305.49,0.45,0.47,2025-03-20,1529,N21,nominal,2.0NRT,289.01,1.35,N
-23.83091,151.15289,312.87,0.45,0.47,2025-03-20,1529,N21,nominal,2.0NRT,290.15,2.34,N
-23.86856,151.28928,305.78,0.46,0.47,2025-03-20,1529,N21,nominal,2.0NRT,291.98,2.36,N
-23.84795,150.9982,325.83,0.44,0.46,2025-03-20,1529,N21,nominal,2.0NRT,287.38,2.16,N
-23.84846,151.00255,303.81,0.44,0.46,2025-03-20,1529,N21,nominal,2.0NRT,286.67,2.16,N
-23.85275,151.00208,313.14,0.44,0.46,2025-03-20,1529,N21,nominal,2.0NRT,287.01,2.16,N
-23.84669,151.00085,314.59,0.44,0.46,2025-03-20,1529,N21,nominal,2.0NRT,286.7,1.45,N
-23.85099,151.00038,327.9,0.44,0.46,2025-03-20,1529,N21,nominal,2.0NRT,287.54,3.83,N
-24.22879,150.50465,308.06,0.42,0.45,2025-03-20,1529,N21,nominal,2.0NRT,289.13,1.3,N
-24.93038,151.97313,314.2,0.52,0.5,2025-03-20,1531,N21,nominal,2.0NRT,288.53,2.45,N
-24.93499,151.97241,329.14,0.52,0.5,2025-03-20,1531,N21,nominal,2.0NRT,289.14,3.56,N
-24.93446,151.96722,308.34,0.52,0.5,2025-03-20,1531,N21,nominal,2.0NRT,288.6,3.66,N
-24.9396,151.97174,313.79,0.52,0.5,2025-03-20,1531,N21,nominal,2.0NRT,288.8,3.56,N
-24.81639,147.66948,302.5,0.45,0.39,2025-03-20,1531,N21,nominal,2.0NRT,287.13,0.7,N
-24.81999,147.66893,318.28,0.45,0.39,2025-03-20,1531,N21,nominal,2.0NRT,287.3,1.77,N
-27.04924,150.71162,301.16,0.47,0.47,2025-03-20,1531,N21,nominal,2.0NRT,288.11,0.48,N
-28.77449,150.92084,300.39,0.5,0.49,2025-03-20,1531,N21,nominal,2.0NRT,289.01,0.43,N
-28.7886,150.9241,306.41,0.5,0.49,2025-03-20,1531,N21,nominal,2.0NRT,288.84,1.03,N
-29.37109,149.5863,302.98,0.43,0.46,2025-03-20,1531,N21,nominal,2.0NRT,287.94,0.78,N
-29.37098,149.58363,299.82,0.43,0.46,2025-03-20,1531,N21,nominal,2.0NRT,287.64,0.66,N
-29.37143,149.58804,300.26,0.43,0.46,2025-03-20,1531,N21,nominal,2.0NRT,287.41,0.66,N
-29.63078,148.21344,310.03,0.54,0.42,2025-03-20,1531,N21,nominal,2.0NRT,292.84,2.96,N
-29.63145,148.21904,310.65,0.54,0.42,2025-03-20,1531,N21,nominal,2.0NRT,293.01,2.96,N
-29.6347,148.21281,311.76,0.54,0.42,2025-03-20,1531,N21,nominal,2.0NRT,292.86,4.78,N
-30.02535,149.17485,301,0.41,0.45,2025-03-20,1531,N21,nominal,2.0NRT,287.64,1.28,N
-30.0295,149.17424,305.38,0.41,0.45,2025-03-20,1531,N21,nominal,2.0NRT,284.56,1.28,N
-30.29999,150.14388,302.31,0.47,0.48,2025-03-20,1531,N21,nominal,2.0NRT,288.78,1.04,N
-30.30444,150.14368,305.1,0.47,0.48,2025-03-20,1531,N21,nominal,2.0NRT,288.42,1.17,N
-31.19855,147.09419,304.22,0.5,0.41,2025-03-20,1531,N21,nominal,2.0NRT,287.93,1.73,N
-31.20231,147.09357,306.27,0.5,0.41,2025-03-20,1531,N21,nominal,2.0NRT,290.3,1.73,N
-31.66469,151.0347,310.42,0.55,0.51,2025-03-20,1531,N21,nominal,2.0NRT,286.71,1.54,N
-31.66519,151.04045,301.67,0.55,0.51,2025-03-20,1531,N21,nominal,2.0NRT,287.26,1.54,N
-30.44716,136.85912,338.36,0.4,0.44,2025-03-20,1533,N21,nominal,2.0NRT,294.03,10.24,N
-30.44634,136.85498,315.64,0.4,0.44,2025-03-20,1533,N21,nominal,2.0NRT,292.58,6.76,N
-30.44623,136.85622,337.43,0.4,0.44,2025-03-20,1533,N21,nominal,2.0NRT,294.38,10.66,N
-30.44708,136.86031,317.47,0.4,0.44,2025-03-20,1533,N21,nominal,2.0NRT,292.94,6.4,N
-34.45605,150.8791,331,0.58,0.52,2025-03-20,1533,N21,nominal,2.0NRT,292.27,6.36,N
-34.4614,150.88483,327.89,0.58,0.52,2025-03-20,1533,N21,nominal,2.0NRT,292.16,3.22,N
-34.46089,150.87846,302.68,0.58,0.52,2025-03-20,1533,N21,nominal,2.0NRT,290.96,2.85,N
-34.46676,150.89058,308.13,0.58,0.52,2025-03-20,1533,N21,nominal,2.0NRT,291.38,3.22,N
-34.42883,150.21286,303.57,0.53,0.5,2025-03-20,1533,N21,nominal,2.0NRT,288.7,1.63,N
-34.43302,150.20699,304.29,0.53,0.5,2025-03-20,1533,N21,nominal,2.0NRT,288.98,1.51,N
-34.43346,150.21207,306.07,0.53,0.5,2025-03-20,1533,N21,nominal,2.0NRT,289.2,1.51,N
-34.43393,150.21732,300.01,0.53,0.5,2025-03-20,1533,N21,nominal,2.0NRT,288.67,1.24,N
-34.43665,150.19479,308.52,0.53,0.5,2025-03-20,1533,N21,nominal,2.0NRT,289.59,2.5,N
-34.43811,150.21133,303.45,0.53,0.5,2025-03-20,1533,N21,nominal,2.0NRT,289.06,1.51,N
-34.43858,150.21664,300.9,0.53,0.5,2025-03-20,1533,N21,nominal,2.0NRT,288.4,1.24,N
-34.44032,150.18314,305.4,0.53,0.5,2025-03-20,1533,N21,nominal,2.0NRT,289.53,1.76,N
-34.4408,150.18855,303.42,0.53,0.5,2025-03-20,1533,N21,nominal,2.0NRT,289.05,1.76,N
-34.44126,150.19376,314.86,0.53,0.5,2025-03-20,1533,N21,nominal,2.0NRT,290.41,1.99,N
-34.44177,150.19955,301.64,0.53,0.5,2025-03-20,1533,N21,nominal,2.0NRT,289,1.99,N
-34.44277,150.21083,310.04,0.53,0.5,2025-03-20,1533,N21,nominal,2.0NRT,289.53,2.21,N
-34.44326,150.21629,306.33,0.53,0.5,2025-03-20,1533,N21,nominal,2.0NRT,289.14,2.79,N
-34.44426,150.22757,303.77,0.53,0.5,2025-03-20,1533,N21,nominal,2.0NRT,288.42,1.83,N
-34.44494,150.18231,308,0.53,0.5,2025-03-20,1533,N21,nominal,2.0NRT,289.57,1.76,N
-34.44541,150.18756,310.09,0.53,0.5,2025-03-20,1533,N21,nominal,2.0NRT,289.84,1.76,N
-34.44588,150.19284,309.16,0.53,0.5,2025-03-20,1533,N21,nominal,2.0NRT,289.67,1.99,N
-34.44638,150.19846,308.51,0.53,0.5,2025-03-20,1533,N21,nominal,2.0NRT,289.8,1.99,N
-34.44742,150.2101,299.93,0.53,0.5,2025-03-20,1533,N21,nominal,2.0NRT,288.67,2.21,N
-34.44791,150.21568,313.69,0.53,0.5,2025-03-20,1533,N21,nominal,2.0NRT,289.35,2.79,N
-34.45055,150.1924,302.99,0.53,0.5,2025-03-20,1533,N21,nominal,2.0NRT,288.98,1.36,N
-34.45102,150.19777,301.23,0.53,0.5,2025-03-20,1533,N21,nominal,2.0NRT,289.02,1.36,N
-34.45153,150.20338,308.26,0.53,0.5,2025-03-20,1533,N21,nominal,2.0NRT,289.2,2.13,N
-34.45203,150.20908,310.42,0.53,0.5,2025-03-20,1533,N21,nominal,2.0NRT,289.42,2.13,N
-34.45254,150.21478,304.96,0.53,0.5,2025-03-20,1533,N21,nominal,2.0NRT,289.2,2.51,N
-34.45476,150.1869,303.38,0.53,0.5,2025-03-20,1533,N21,nominal,2.0NRT,288.66,1.75,N
-34.45522,150.19202,305.84,0.53,0.5,2025-03-20,1533,N21,nominal,2.0NRT,289.26,1.36,N
-34.45568,150.19717,302.98,0.53,0.5,2025-03-20,1533,N21,nominal,2.0NRT,289.3,1.36,N
-34.45617,150.20265,303.54,0.53,0.5,2025-03-20,1533,N21,nominal,2.0NRT,289.12,2.13,N
-34.43474,150.19525,300.4,0.53,0.5,2025-03-20,1533,N21,nominal,2.0NRT,288.57,1.41,N
-34.43567,150.2066,300.14,0.53,0.5,2025-03-20,1533,N21,nominal,2.0NRT,288.57,2.22,N
-34.43609,150.21164,307.54,0.53,0.5,2025-03-20,1533,N21,nominal,2.0NRT,289.11,1.59,N
-34.43653,150.21693,303.22,0.53,0.5,2025-03-20,1533,N21,nominal,2.0NRT,288.62,1.59,N
-34.43847,150.18346,302.44,0.53,0.5,2025-03-20,1533,N21,nominal,2.0NRT,289.2,0.92,N
-34.43892,150.18892,299.17,0.53,0.5,2025-03-20,1533,N21,nominal,2.0NRT,288.42,1.41,N
-34.43936,150.1942,314.67,0.53,0.5,2025-03-20,1533,N21,nominal,2.0NRT,290.44,1.41,N
-34.44074,150.21103,306.59,0.53,0.5,2025-03-20,1533,N21,nominal,2.0NRT,289.16,1.59,N
-34.44119,150.21646,306.3,0.53,0.5,2025-03-20,1533,N21,nominal,2.0NRT,289.02,1.59,N
-34.44212,150.22778,307.49,0.53,0.5,2025-03-20,1533,N21,nominal,2.0NRT,288.33,1.67,N
-34.4431,150.1826,303.93,0.53,0.5,2025-03-20,1533,N21,nominal,2.0NRT,289.32,1.55,N
-34.44354,150.18788,306.32,0.53,0.5,2025-03-20,1533,N21,nominal,2.0NRT,289.64,1.7,N
-34.44398,150.19316,310.62,0.53,0.5,2025-03-20,1533,N21,nominal,2.0NRT,289.91,1.7,N
-34.44445,150.19888,312.69,0.53,0.5,2025-03-20,1533,N21,nominal,2.0NRT,290.22,1.67,N
-34.44586,150.21602,311.69,0.53,0.5,2025-03-20,1533,N21,nominal,2.0NRT,288.82,2.29,N
-34.44775,150.18193,302.03,0.53,0.5,2025-03-20,1533,N21,nominal,2.0NRT,288.67,1.55,N
-34.44818,150.18724,303.24,0.53,0.5,2025-03-20,1533,N21,nominal,2.0NRT,288.9,1.7,N
-34.44863,150.19252,303.94,0.53,0.5,2025-03-20,1533,N21,nominal,2.0NRT,289.03,1.7,N
-34.44909,150.19803,302.88,0.53,0.5,2025-03-20,1533,N21,nominal,2.0NRT,288.85,1.67,N
-34.44956,150.20378,303.83,0.53,0.5,2025-03-20,1533,N21,nominal,2.0NRT,288.94,1.67,N
-34.45004,150.2095,306.74,0.53,0.5,2025-03-20,1533,N21,nominal,2.0NRT,289.12,2.29,N
-34.4505,150.21519,306.99,0.53,0.5,2025-03-20,1533,N21,nominal,2.0NRT,289.26,2.29,N
-34.45287,150.18697,300.54,0.53,0.5,2025-03-20,1533,N21,nominal,2.0NRT,287.85,1.43,N
-34.4533,150.19214,302.07,0.53,0.5,2025-03-20,1533,N21,nominal,2.0NRT,288.63,1.43,N
-34.45374,150.1974,303.13,0.53,0.5,2025-03-20,1533,N21,nominal,2.0NRT,289.04,1.31,N
-34.45419,150.20287,305.46,0.53,0.5,2025-03-20,1533,N21,nominal,2.0NRT,288.99,1.31,N
-34.45467,150.20859,305.54,0.53,0.5,2025-03-20,1533,N21,nominal,2.0NRT,288.81,1.43,N
-34.45796,150.19173,304.97,0.53,0.5,2025-03-20,1533,N21,nominal,2.0NRT,289.2,1.43,N
-34.45839,150.19682,301.47,0.53,0.5,2025-03-20,1533,N21,nominal,2.0NRT,289.16,1.31,N
-34.45885,150.20232,304.21,0.53,0.5,2025-03-20,1533,N21,nominal,2.0NRT,289.38,1.31,N
-34.45935,150.20825,300.3,0.53,0.5,2025-03-20,1533,N21,nominal,2.0NRT,288.89,1.43,N
-34.45984,150.21423,301.04,0.53,0.5,2025-03-20,1533,N21,nominal,2.0NRT,289.07,1.43,N
-34.46263,150.19131,313.51,0.53,0.5,2025-03-20,1533,N21,nominal,2.0NRT,289.56,2.44,N
-34.46306,150.19641,306.4,0.53,0.5,2025-03-20,1533,N21,nominal,2.0NRT,289.43,2.12,N
-34.46403,150.20808,300.98,0.53,0.5,2025-03-20,1533,N21,nominal,2.0NRT,288.94,1.25,N
-34.46453,150.21408,304.97,0.53,0.5,2025-03-20,1533,N21,nominal,2.0NRT,289.29,1.25,N
-34.46777,150.19656,303.81,0.53,0.5,2025-03-20,1533,N21,nominal,2.0NRT,288.72,2.12,N
-34.46923,150.2139,302.34,0.53,0.5,2025-03-20,1533,N21,nominal,2.0NRT,288.81,1.25,N
-34.4697,150.21956,299.47,0.53,0.5,2025-03-20,1533,N21,nominal,2.0NRT,288.77,1.64,N
-34.61744,142.80351,306.07,0.39,0.36,2025-03-20,1533,N21,nominal,2.0NRT,288.38,1.13,N
-34.62078,142.8028,308.52,0.39,0.36,2025-03-20,1533,N21,nominal,2.0NRT,288.29,1.13,N
-34.83026,138.50418,304.38,0.43,0.38,2025-03-20,1533,N21,nominal,2.0NRT,289.97,1.12,N
-34.82964,138.50192,301.76,0.43,0.38,2025-03-20,1533,N21,nominal,2.0NRT,289.66,1.48,N
-36.99811,141.21249,296.48,0.38,0.36,2025-03-20,1533,N21,nominal,2.0NRT,284.28,0.52,N
-40.85072,145.38173,314.41,0.53,0.42,2025-03-20,1535,N21,nominal,2.0NRT,287.5,2.64,N
-41.1311,146.84915,301.15,0.42,0.45,2025-03-20,1535,N21,nominal,2.0NRT,285.87,0.9,N
-41.13576,146.85352,336.01,0.42,0.45,2025-03-20,1535,N21,nominal,2.0NRT,284.97,3.81,N
-41.1353,146.84854,297.74,0.42,0.45,2025-03-20,1535,N21,nominal,2.0NRT,284.43,2.69,N
-20.7931,115.44748,315.33,0.53,0.42,2025-03-20,1711,N21,nominal,2.0NRT,296.03,2.37,N
-21.69481,115.00371,307.58,0.54,0.42,2025-03-20,1711,N21,nominal,2.0NRT,296.46,2.08,N
-22.91213,122.38815,304.95,0.44,0.38,2025-03-20,1711,N21,nominal,2.0NRT,293.68,1.03,N
-22.91392,122.40101,313.61,0.44,0.38,2025-03-20,1711,N21,nominal,2.0NRT,293.98,1.81,N
-22.91567,122.38758,305.38,0.44,0.38,2025-03-20,1711,N21,nominal,2.0NRT,293.74,0.87,N
-28.65163,115.50389,302.74,0.42,0.38,2025-03-20,1713,N21,nominal,2.0NRT,291.83,0.91,N
-28.65239,115.50819,307.2,0.42,0.38,2025-03-20,1713,N21,nominal,2.0NRT,292.08,1.09,N
-28.65508,115.50313,306.4,0.42,0.38,2025-03-20,1713,N21,nominal,2.0NRT,292.52,1.21,N
-28.65584,115.50742,314.75,0.42,0.38,2025-03-20,1713,N21,nominal,2.0NRT,292.74,1.4,N
-28.65659,115.51171,305.54,0.42,0.38,2025-03-20,1713,N21,nominal,2.0NRT,291.86,1.4,N
-28.65734,115.51601,302.8,0.42,0.38,2025-03-20,1713,N21,nominal,2.0NRT,292.43,0.72,N
-28.65853,115.50235,314.38,0.42,0.38,2025-03-20,1713,N21,nominal,2.0NRT,292.5,1.21,N
-28.65929,115.50665,312.27,0.42,0.38,2025-03-20,1713,N21,nominal,2.0NRT,293.02,1.4,N
-28.66198,115.50159,309.97,0.42,0.38,2025-03-20,1713,N21,nominal,2.0NRT,292.13,1.1,N
-28.66424,115.51448,304.2,0.42,0.38,2025-03-20,1713,N21,nominal,2.0NRT,292.2,0.58,N
-28.66769,115.5137,304.11,0.42,0.38,2025-03-20,1713,N21,nominal,2.0NRT,292.09,0.58,N
-28.67113,115.51294,307.08,0.42,0.38,2025-03-20,1713,N21,nominal,2.0NRT,292.04,0.91,N
-30.22634,126.19637,300.9,0.57,0.52,2025-03-20,1713,N21,nominal,2.0NRT,287.59,1.45,N
-30.22689,126.20231,310,0.57,0.52,2025-03-20,1713,N21,nominal,2.0NRT,287.82,2.88,N
-30.23224,126.20767,298.27,0.57,0.52,2025-03-20,1713,N21,nominal,2.0NRT,287.48,1.3,N
-30.23279,126.21367,298.03,0.57,0.52,2025-03-20,1713,N21,nominal,2.0NRT,287.39,0.82,N
-30.23097,126.20191,305.18,0.57,0.52,2025-03-20,1713,N21,nominal,2.0NRT,287.45,1.47,N
-30.23148,126.20789,298.97,0.57,0.52,2025-03-20,1713,N21,nominal,2.0NRT,287.45,0.98,N
-30.23199,126.21387,298.64,0.57,0.52,2025-03-20,1713,N21,nominal,2.0NRT,287.09,0.98,N
-28.79129,115.01717,304.04,0.44,0.38,2025-03-20,1713,N21,nominal,2.0NRT,290.07,1.03,N
-28.8274,114.99483,302.11,0.44,0.38,2025-03-20,1713,N21,nominal,2.0NRT,290.22,0.61,N
-16.02692,127.97562,305.6,0.5,0.49,2025-03-20,1709,N21,nominal,2.0NRT,279.03,0.84,N
-30.10358,116.73975,301.31,0.39,0.36,2025-03-20,1713,N21,nominal,2.0NRT,288.7,0.84,N
-18.99312,121.67714,316.21,0.39,0.37,2025-03-20,1709,N21,nominal,2.0NRT,273.49,1.94,N
-30.97912,116.59121,298.86,0.39,0.36,2025-03-20,1713,N21,nominal,2.0NRT,286.16,0.45,N
-31.08633,116.83678,302.19,0.39,0.36,2025-03-20,1713,N21,nominal,2.0NRT,284.57,0.77,N
-18.99703,121.68033,316.64,0.39,0.37,2025-03-20,1709,N21,nominal,2.0NRT,274.15,2.52,N
-31.12444,116.77972,309.58,0.39,0.36,2025-03-20,1713,N21,nominal,2.0NRT,287.16,1.74,N
-19.00095,121.68351,307.46,0.39,0.37,2025-03-20,1709,N21,nominal,2.0NRT,276.27,1.09,N
-31.12645,116.77092,298.37,0.39,0.36,2025-03-20,1713,N21,nominal,2.0NRT,287.04,0.85,N
-19.0043,121.68294,303.55,0.39,0.37,2025-03-20,1709,N21,nominal,2.0NRT,277.57,1.13,N
-31.12711,116.77496,300.17,0.39,0.36,2025-03-20,1713,N21,nominal,2.0NRT,285.78,0.38,N
-19.96582,124.28651,302.95,0.5,0.41,2025-03-20,1711,N21,nominal,2.0NRT,283.98,0.51,N
-31.20866,116.92023,296.93,0.38,0.36,2025-03-20,1713,N21,nominal,2.0NRT,284.32,0.69,N
-19.97458,124.29494,309.87,0.5,0.41,2025-03-20,1711,N21,nominal,2.0NRT,289.11,1.57,N
-19.98525,124.31784,304.57,0.5,0.41,2025-03-20,1711,N21,nominal,2.0NRT,288.14,1.28,N
-31.2093,116.92426,301.23,0.38,0.36,2025-03-20,1713,N21,nominal,2.0NRT,284.65,0.75,N
-20.6153,116.7682,327.97,0.46,0.39,2025-03-20,1711,N21,nominal,2.0NRT,298.21,1.78,N
-31.20995,116.92831,300.16,0.38,0.36,2025-03-20,1713,N21,nominal,2.0NRT,284.46,0.75,N
-31.46923,118.6326,297.99,0.4,0.37,2025-03-20,1713,N21,nominal,2.0NRT,287.61,0.45,N
-20.61454,116.7638,312.94,0.46,0.39,2025-03-20,1711,N21,nominal,2.0NRT,297.94,1.78,N
-31.47596,118.63127,298.15,0.4,0.37,2025-03-20,1713,N21,nominal,2.0NRT,288.01,1.03,N
-31.41846,117.72272,296.6,0.39,0.36,2025-03-20,1713,N21,nominal,2.0NRT,286.11,0.41,N
-31.46143,117.84784,302.27,0.39,0.36,2025-03-20,1713,N21,nominal,2.0NRT,286.24,1.16,N
-31.46476,117.84717,300.51,0.39,0.36,2025-03-20,1713,N21,nominal,2.0NRT,285.75,0.9,N
-31.53135,115.96655,298.19,0.39,0.36,2025-03-20,1713,N21,nominal,2.0NRT,287.64,1.15,N
-31.53307,115.96745,296.21,0.39,0.36,2025-03-20,1713,N21,nominal,2.0NRT,285.05,0.93,N
-31.83139,116.66149,297.05,0.39,0.36,2025-03-20,1713,N21,nominal,2.0NRT,283.52,0.29,N
-32.26818,118.61806,301.97,0.4,0.37,2025-03-20,1713,N21,nominal,2.0NRT,286.31,0.92,N
-32.29207,117.56717,296.81,0.39,0.36,2025-03-20,1713,N21,nominal,2.0NRT,283.04,0.32,N
-32.46521,118.50392,296.75,0.4,0.37,2025-03-20,1713,N21,nominal,2.0NRT,284.09,0.44,N
-32.3868,117.90923,296.67,0.39,0.36,2025-03-20,1713,N21,nominal,2.0NRT,285.32,0.6,N
-32.39013,117.90853,299.46,0.39,0.36,2025-03-20,1713,N21,nominal,2.0NRT,285.39,0.53,N
-32.79163,117.88515,301.06,0.39,0.36,2025-03-20,1713,N21,nominal,2.0NRT,286.01,0.66,N
-32.79831,117.88377,311.08,0.39,0.36,2025-03-20,1713,N21,nominal,2.0NRT,286.34,1.82,N
-33.47438,117.22736,299.13,0.39,0.36,2025-03-20,1715,N21,nominal,2.0NRT,284,0.3,N
-33.958,117.01274,324.23,0.39,0.36,2025-03-20,1715,N21,nominal,2.0NRT,283.84,2.45,N
-33.96132,117.01202,297.83,0.39,0.36,2025-03-20,1715,N21,nominal,2.0NRT,283.34,0.91,N
-33.96464,117.01129,298.75,0.39,0.36,2025-03-20,1715,N21,nominal,2.0NRT,283.39,0.91,N
