latitude,longitude,bright_ti4,scan,track,acq_date,acq_time,satellite,confidence,version,bright_ti5,frp,daynight
-22.86162,18.81603,301.26,0.64,0.72,2025-03-13,0048,N21,nominal,2.0NRT,285.06,0.52,N
-22.76653,16.92516,297.15,0.48,0.65,2025-03-13,0048,N21,nominal,2.0NRT,264.12,0.53,N
-23.44506,14.8787,325.55,0.36,0.57,2025-03-13,0048,N21,nominal,2.0NRT,287.11,0.04,N
-32.17885,19.0136,304.21,0.78,0.78,2025-03-13,0052,N21,nominal,2.0NRT,291.11,5.71,N
-32.17926,19.0275,299.14,0.78,0.78,2025-03-13,0052,N21,nominal,2.0NRT,288.54,1.77,N
-32.17985,19.04764,308.52,0.78,0.78,2025-03-13,0052,N21,nominal,2.0NRT,291.24,1.54,N
-32.18594,19.00882,328.61,0.78,0.78,2025-03-13,0052,N21,nominal,2.0NRT,292.92,5.71,N
-32.19316,19.0084,324.44,0.78,0.78,2025-03-13,0052,N21,nominal,2.0NRT,293.85,5.39,N
-32.20046,19.01031,319.98,0.78,0.78,2025-03-13,0052,N21,nominal,2.0NRT,292.55,5.39,N
-32.21518,19.01799,306.49,0.78,0.78,2025-03-13,0052,N21,nominal,2.0NRT,293.01,2.86,N
-32.17389,19.02699,311.85,0.78,0.78,2025-03-13,0052,N21,nominal,2.0NRT,290.51,3.22,N
-32.18062,19.00619,306.07,0.78,0.78,2025-03-13,0052,N21,nominal,2.0NRT,291.46,2.89,N
-32.18076,19.01169,310.88,0.78,0.78,2025-03-13,0052,N21,nominal,2.0NRT,291.52,2.89,N
-32.18091,19.01768,301.71,0.78,0.78,2025-03-13,0052,N21,nominal,2.0NRT,290.84,1.7,N
-32.18788,19.00712,304.87,0.78,0.78,2025-03-13,0052,N21,nominal,2.0NRT,291.86,2.89,N
-32.18803,19.01286,311.27,0.78,0.78,2025-03-13,0052,N21,nominal,2.0NRT,292.26,2.89,N
-32.1951,19.00653,319.97,0.78,0.78,2025-03-13,0052,N21,nominal,2.0NRT,293.23,5.61,N
-32.20241,19.00953,323.6,0.78,0.78,2025-03-13,0052,N21,nominal,2.0NRT,292.73,5.61,N
-32.23194,19.03119,319.69,0.78,0.78,2025-03-13,0052,N21,nominal,2.0NRT,294.16,5.21,N
-32.26193,19.06714,304.45,0.78,0.78,2025-03-13,0052,N21,nominal,2.0NRT,292.78,3.05,N
-32.2639,19.13857,312.52,0.79,0.78,2025-03-13,0052,N21,nominal,2.0NRT,290.8,3.51,N
-32.26927,19.06991,308.31,0.78,0.78,2025-03-13,0052,N21,nominal,2.0NRT,293.28,3.9,N
-32.2765,19.06891,316.26,0.78,0.78,2025-03-13,0052,N21,nominal,2.0NRT,293.67,3.9,N
-32.28397,19.0759,330.09,0.79,0.78,2025-03-13,0052,N21,nominal,2.0NRT,293.65,8.33,N
-32.2838,19.06999,317.55,0.78,0.78,2025-03-13,0052,N21,nominal,2.0NRT,293.15,10.37,N
-32.29129,19.07769,332.7,0.79,0.78,2025-03-13,0052,N21,nominal,2.0NRT,293.86,8.33,N
-32.29142,19.08211,313.52,0.79,0.78,2025-03-13,0052,N21,nominal,2.0NRT,293.29,8.33,N
-32.2924,19.11553,313.13,0.79,0.78,2025-03-13,0052,N21,nominal,2.0NRT,289.55,4.61,N
-32.29303,19.13765,305.68,0.79,0.78,2025-03-13,0052,N21,nominal,2.0NRT,290.86,5.7,N
-32.29991,19.12353,306.18,0.79,0.78,2025-03-13,0052,N21,nominal,2.0NRT,289.37,1.31,N
-32.26325,19.06793,308.6,0.79,0.78,2025-03-13,0052,N21,nominal,2.0NRT,292.8,4.34,N
-32.26458,19.12709,303.11,0.79,0.78,2025-03-13,0052,N21,nominal,2.0NRT,290.71,2.56,N
-32.26484,19.13947,311.24,0.79,0.78,2025-03-13,0052,N21,nominal,2.0NRT,290.93,2.56,N
-32.27057,19.07059,305.92,0.79,0.78,2025-03-13,0052,N21,nominal,2.0NRT,293.22,3.37,N
-32.27781,19.06911,318.61,0.79,0.78,2025-03-13,0052,N21,nominal,2.0NRT,293.6,3.37,N
-32.28524,19.0768,350.7,0.79,0.78,2025-03-13,0052,N21,nominal,2.0NRT,295.37,11.87,N
-32.28511,19.07112,314.66,0.79,0.78,2025-03-13,0052,N21,nominal,2.0NRT,293.11,11.87,N
-32.28537,19.08166,314.14,0.79,0.78,2025-03-13,0052,N21,nominal,2.0NRT,293.33,10.56,N
-32.29348,19.11601,312,0.79,0.78,2025-03-13,0052,N21,nominal,2.0NRT,289.11,3.18,N
-32.29372,19.12675,300.85,0.79,0.78,2025-03-13,0052,N21,nominal,2.0NRT,290.12,3.18,N
-32.29397,19.13767,305.52,0.79,0.78,2025-03-13,0052,N21,nominal,2.0NRT,290.37,4.82,N
-32.30095,19.12396,304.38,0.79,0.78,2025-03-13,0052,N21,nominal,2.0NRT,289.41,1.23,N
-4.85919,12.01882,329.74,0.43,0.38,2025-03-13,0043,N21,nominal,2.0NRT,272.25,3.72,N
-4.86268,12.01827,296.86,0.43,0.38,2025-03-13,0043,N21,nominal,2.0NRT,271.43,0.96,N
-4.86327,12.02213,311.87,0.43,0.38,2025-03-13,0043,N21,nominal,2.0NRT,270.8,1.74,N
-4.86386,12.02602,319.4,0.43,0.38,2025-03-13,0043,N21,nominal,2.0NRT,269.92,1.74,N
-4.88968,11.91559,295.51,0.43,0.38,2025-03-13,0043,N21,nominal,2.0NRT,264.19,0.83,N
-4.93196,12.0885,321.12,0.44,0.38,2025-03-13,0043,N21,nominal,2.0NRT,263.82,6.21,N
-4.93255,12.09243,305.24,0.44,0.38,2025-03-13,0043,N21,nominal,2.0NRT,257.96,2.77,N
-4.93546,12.08797,334.5,0.44,0.38,2025-03-13,0043,N21,nominal,2.0NRT,263.97,6.21,N
-4.93606,12.09191,316.01,0.44,0.38,2025-03-13,0043,N21,nominal,2.0NRT,259.4,2.77,N
-6.16183,11.27201,312.38,0.42,0.37,2025-03-13,0043,N21,nominal,2.0NRT,286.08,1.65,N
-6.14261,11.03232,334.9,0.41,0.37,2025-03-13,0043,N21,nominal,2.0NRT,291.11,9.47,N
-7.26061,18.23193,308.36,0.38,0.59,2025-03-13,0043,N21,nominal,2.0NRT,284.79,1.32,N
-6.42357,12.30795,310.16,0.46,0.39,2025-03-13,0043,N21,nominal,2.0NRT,292.7,0.82,N
-6.32052,11.27914,314,0.42,0.38,2025-03-13,0043,N21,nominal,2.0NRT,282.42,2.14,N
-6.85581,12.3944,314.05,0.47,0.4,2025-03-13,0043,N21,nominal,2.0NRT,290.91,3.21,N
-6.85881,12.38962,314.41,0.47,0.4,2025-03-13,0043,N21,nominal,2.0NRT,290.6,3.57,N
-7.09737,12.33489,309.86,0.47,0.4,2025-03-13,0043,N21,nominal,2.0NRT,285.93,1.38,N
-7.12064,12.36605,312.95,0.47,0.4,2025-03-13,0043,N21,nominal,2.0NRT,289.73,1.91,N
-7.12834,12.34321,313.76,0.47,0.4,2025-03-13,0043,N21,nominal,2.0NRT,291.65,2.53,N
-7.12898,12.34744,309.59,0.47,0.4,2025-03-13,0043,N21,nominal,2.0NRT,291.26,2.34,N
-7.12943,12.34502,317.53,0.47,0.4,2025-03-13,0043,N21,nominal,2.0NRT,291.85,2.39,N
-7.84605,12.11252,330.16,0.47,0.39,2025-03-13,0043,N21,nominal,2.0NRT,288.43,7.1,N
-21.06429,46.43992,344.55,0.36,0.57,2025-03-13,0956,N21,nominal,2.0NRT,293.17,8.24,D
-21.06471,46.44264,333.9,0.36,0.57,2025-03-13,0956,N21,nominal,2.0NRT,291.59,4.13,D
-21.06506,46.43925,337.6,0.36,0.57,2025-03-13,0956,N21,nominal,2.0NRT,292.85,4.13,D
-18.73017,49.10831,331.84,0.45,0.47,2025-03-13,0956,N21,nominal,2.0NRT,288.53,1.91,D
-16.45686,48.50396,343.44,0.46,0.47,2025-03-13,0956,N21,nominal,2.0NRT,292.51,6.89,D
-16.4525,48.50357,338.67,0.46,0.47,2025-03-13,0956,N21,nominal,2.0NRT,293.48,6.89,D
-16.3036,46.45415,331.84,0.63,0.54,2025-03-13,0956,N21,nominal,2.0NRT,291.34,4.56,D
-16.05783,48.43205,334.16,0.46,0.47,2025-03-13,0956,N21,nominal,2.0NRT,295.56,2.86,D
-15.72818,46.10571,329.26,0.32,0.55,2025-03-13,0956,N21,nominal,2.0NRT,290.19,1.86,D
-15.4291,47.76395,339.5,0.5,0.49,2025-03-13,0956,N21,nominal,2.0NRT,295.15,9.44,D
-15.4156,47.76229,337.61,0.5,0.49,2025-03-13,0956,N21,nominal,2.0NRT,295.22,6.01,D
-14.9233,49.24374,334.25,0.39,0.44,2025-03-13,0956,N21,nominal,2.0NRT,292.09,4.56,D
-14.48647,47.73858,330.06,0.49,0.48,2025-03-13,0956,N21,nominal,2.0NRT,293.04,8.94,D
-14.48725,47.74072,334.93,0.49,0.48,2025-03-13,0956,N21,nominal,2.0NRT,291.99,3.39,D
-14.26209,48.4388,328.65,0.43,0.46,2025-03-13,0956,N21,nominal,2.0NRT,291.99,2.27,D
-6.10717,39.37893,350.37,0.7,0.75,2025-03-13,1000,N21,nominal,2.0NRT,289.98,14.06,D
-5.97042,39.34939,367,0.7,0.75,2025-03-13,1000,N21,high,2.0NRT,290.19,21.3,D
-5.9688,39.35261,341.99,0.7,0.75,2025-03-13,1000,N21,nominal,2.0NRT,289.68,12.97,D
-5.96966,39.34646,337.97,0.7,0.75,2025-03-13,1000,N21,nominal,2.0NRT,290.09,12.97,D
-5.57566,38.48318,333.17,0.8,0.78,2025-03-13,1000,N21,nominal,2.0NRT,280.98,8.62,D
-5.43608,38.86868,330.81,0.74,0.76,2025-03-13,1000,N21,nominal,2.0NRT,288.72,5.03,D
-5.02319,39.00171,345.75,0.72,0.75,2025-03-13,1000,N21,nominal,2.0NRT,283.02,11.8,D
-4.84426,38.81608,332.96,0.74,0.76,2025-03-13,1000,N21,nominal,2.0NRT,291.81,19.21,D
-4.84469,38.81618,333.01,0.74,0.76,2025-03-13,1000,N21,nominal,2.0NRT,291.85,10.83,D
-4.77554,39.10957,333.65,0.7,0.75,2025-03-13,1000,N21,nominal,2.0NRT,291.75,16.31,D
-4.77644,39.10312,352.56,0.7,0.75,2025-03-13,1000,N21,nominal,2.0NRT,293.23,22.41,D
-4.75835,38.87818,331.69,0.73,0.76,2025-03-13,1000,N21,nominal,2.0NRT,291.17,6.13,D
-4.74474,39.12085,338.81,0.7,0.75,2025-03-13,1000,N21,nominal,2.0NRT,292.64,8.95,D
-33.24887,18.50691,350.53,0.67,0.74,2025-03-13,1134,N21,nominal,2.0NRT,308.11,9.55,D
-33.24201,18.50665,335.73,0.67,0.74,2025-03-13,1134,N21,low,2.0NRT,306.37,9.55,D
-33.24829,18.50939,347.58,0.67,0.74,2025-03-13,1134,N21,nominal,2.0NRT,307.19,7.46,D
-33.24855,18.50201,334.16,0.67,0.74,2025-03-13,1134,N21,low,2.0NRT,307.3,7.46,D
-32.97756,18.9433,335.95,0.63,0.72,2025-03-13,1134,N21,nominal,2.0NRT,307.17,5.44,D
-32.30048,19.12143,339.41,0.61,0.71,2025-03-13,1134,N21,nominal,2.0NRT,301.08,5.42,D
-32.30073,19.11516,331,0.61,0.71,2025-03-13,1134,N21,nominal,2.0NRT,298.03,5.42,D
-32.28942,19.06408,367,0.61,0.71,2025-03-13,1134,N21,high,2.0NRT,302.87,28.16,D
-32.28899,19.07559,343.93,0.61,0.71,2025-03-13,1134,N21,nominal,2.0NRT,300.34,28.16,D
-32.30203,19.12187,335.18,0.61,0.71,2025-03-13,1134,N21,nominal,2.0NRT,300.38,6.29,D
-32.2909,19.07467,342.41,0.61,0.71,2025-03-13,1134,N21,nominal,2.0NRT,300.4,26.24,D
-32.29135,19.06449,355.55,0.61,0.71,2025-03-13,1134,N21,nominal,2.0NRT,302.26,40.18,D
-32.2846,19.06691,346.95,0.61,0.71,2025-03-13,1134,N21,nominal,2.0NRT,300.37,10.3,D
-32.28498,19.05814,330.56,0.61,0.71,2025-03-13,1134,N21,nominal,2.0NRT,298.79,10.3,D
-32.26202,19.1302,340.05,0.61,0.71,2025-03-13,1134,N21,nominal,2.0NRT,301.91,10.74,D
-32.18346,19.0034,332.97,0.62,0.71,2025-03-13,1134,N21,nominal,2.0NRT,302.35,8.76,D
-32.17452,19.05674,332.21,0.61,0.71,2025-03-13,1134,N21,nominal,2.0NRT,302.04,5.04,D
-32.17567,19.02958,331.19,0.62,0.71,2025-03-13,1134,N21,low,2.0NRT,304.05,6.89,D
-32.17596,19.02278,340.25,0.62,0.71,2025-03-13,1134,N21,nominal,2.0NRT,304.88,6.89,D
-32.17682,19.00312,337.16,0.62,0.71,2025-03-13,1134,N21,nominal,2.0NRT,300.75,8.76,D
-32.16945,19.01982,352.44,0.62,0.71,2025-03-13,1134,N21,nominal,2.0NRT,302.98,16.14,D
-32.16987,19.01008,331.87,0.62,0.71,2025-03-13,1134,N21,nominal,2.0NRT,299.51,6.06,D
-30.80446,30.08561,332.94,0.44,0.38,2025-03-13,1134,N21,nominal,2.0NRT,294.84,3.54,D
-30.61451,29.88457,329.28,0.44,0.39,2025-03-13,1134,N21,nominal,2.0NRT,295.83,3.7,D
-30.14701,29.96189,336.49,0.44,0.38,2025-03-13,1134,N21,nominal,2.0NRT,294.68,11.14,D
-29.73275,30.40008,329.55,0.42,0.38,2025-03-13,1134,N21,nominal,2.0NRT,295.62,2.88,D
-29.48377,30.39023,340.12,0.42,0.37,2025-03-13,1134,N21,nominal,2.0NRT,296.11,6.87,D
-29.47973,30.39393,367,0.42,0.37,2025-03-13,1134,N21,high,2.0NRT,297.02,22.19,D
-29.48033,30.3896,342.06,0.42,0.37,2025-03-13,1134,N21,nominal,2.0NRT,300.12,22.19,D
-29.4757,30.39762,339.49,0.42,0.37,2025-03-13,1134,N21,nominal,2.0NRT,295,14.25,D
-29.47629,30.3933,346.85,0.42,0.37,2025-03-13,1134,N21,nominal,2.0NRT,303.47,22.19,D
-29.23004,30.55854,336.56,0.41,0.37,2025-03-13,1134,N21,nominal,2.0NRT,294.49,7.05,D
-29.22662,30.55795,343.52,0.41,0.37,2025-03-13,1134,N21,nominal,2.0NRT,294.03,6.45,D
-29.08195,30.79439,348.31,0.4,0.37,2025-03-13,1134,N21,nominal,2.0NRT,297.31,11.8,D
-29.07855,30.79378,333.17,0.4,0.37,2025-03-13,1134,N21,nominal,2.0NRT,294.88,9.87,D
-28.99965,30.9361,351.07,0.4,0.37,2025-03-13,1134,N21,nominal,2.0NRT,268.15,15.77,D
-29.44773,22.9358,367,0.34,0.56,2025-03-13,1134,N21,high,2.0NRT,295.89,17.45,D
-29.44254,22.93532,367,0.34,0.56,2025-03-13,1134,N21,high,2.0NRT,299.67,17.45,D
-29.44648,22.9344,367,0.34,0.56,2025-03-13,1134,N21,high,2.0NRT,300.59,19.58,D
-29.4413,22.93392,354.45,0.34,0.56,2025-03-13,1134,N21,nominal,2.0NRT,295.3,19.58,D
-28.44861,31.38671,341.12,0.39,0.36,2025-03-13,1134,N21,nominal,2.0NRT,300.26,6.28,D
-27.47147,31.64116,331.98,0.39,0.36,2025-03-13,1134,N21,nominal,2.0NRT,300.79,6.06,D
-27.47205,31.63726,345.7,0.39,0.36,2025-03-13,1134,N21,nominal,2.0NRT,303.43,6.06,D
-27.46873,31.63664,345.37,0.39,0.36,2025-03-13,1134,N21,nominal,2.0NRT,301.25,6.06,D
-27.98372,26.4637,342.98,0.4,0.44,2025-03-13,1134,N21,nominal,2.0NRT,309.77,35.42,D
-28.0327,25.68668,345.64,0.45,0.47,2025-03-13,1134,N21,nominal,2.0NRT,301.68,6.87,D
-27.62964,25.93663,348.98,0.43,0.46,2025-03-13,1134,N21,nominal,2.0NRT,305.82,9.2,D
-27.62543,25.93604,341.26,0.43,0.46,2025-03-13,1134,N21,nominal,2.0NRT,305.67,4.26,D
-27.21179,25.34805,340.46,0.46,0.47,2025-03-13,1134,N21,nominal,2.0NRT,299.24,10.26,D
-26.66025,27.85341,330.7,0.49,0.4,2025-03-13,1134,N21,low,2.0NRT,303.57,6.29,D
-25.71482,32.45935,332.51,0.39,0.36,2025-03-13,1134,N21,nominal,2.0NRT,299.03,4.41,D
-25.57169,32.61066,334.49,0.39,0.36,2025-03-13,1134,N21,nominal,2.0NRT,303.34,4.16,D
-26.03372,29.20888,331.5,0.43,0.38,2025-03-13,1134,N21,nominal,2.0NRT,298.32,5.46,D
-25.81329,29.49695,336.3,0.42,0.37,2025-03-13,1134,N21,nominal,2.0NRT,303.76,19.14,D
-25.80354,29.49103,334.12,0.42,0.37,2025-03-13,1134,N21,nominal,2.0NRT,301.79,4.82,D
-25.72112,28.24527,335.34,0.46,0.39,2025-03-13,1134,N21,nominal,2.0NRT,295.94,5.79,D
-25.67548,28.28492,329.97,0.46,0.39,2025-03-13,1136,N21,low,2.0NRT,300.66,2.32,D
-25.71566,27.40214,335.29,0.51,0.41,2025-03-13,1136,N21,nominal,2.0NRT,301.83,6.42,D
-25.71189,27.40155,337,0.51,0.41,2025-03-13,1136,N21,nominal,2.0NRT,305.12,11.91,D
-24.1838,35.4381,331.95,0.49,0.41,2025-03-13,1136,N21,nominal,2.0NRT,300,7.09,D
-24.36475,34.26882,335.61,0.44,0.38,2025-03-13,1136,N21,nominal,2.0NRT,302.53,4.68,D
-24.36549,34.26453,337.18,0.44,0.38,2025-03-13,1136,N21,nominal,2.0NRT,305.89,4.68,D
-24.04009,31.08552,330.5,0.38,0.36,2025-03-13,1136,N21,low,2.0NRT,304.64,3.8,D
-5.88482,24.09512,332.35,0.45,0.39,2025-03-13,1140,N21,low,2.0NRT,299.24,4.65,D
-5.55404,18.5633,331.2,0.33,0.55,2025-03-13,1140,N21,nominal,2.0NRT,295.32,2.84,D
-21.95195,27.89784,348.96,0.44,0.38,2025-03-13,1136,N21,nominal,2.0NRT,298.22,15.28,D
-18.17124,30.13445,334.1,0.38,0.36,2025-03-13,1138,N21,low,2.0NRT,304.49,5.65,D
-18.11382,30.30688,336.36,0.39,0.36,2025-03-13,1138,N21,nominal,2.0NRT,303.51,3.44,D
-18.44082,26.51369,332.01,0.47,0.4,2025-03-13,1138,N21,low,2.0NRT,304.9,6.97,D
-18.44204,26.47787,337.34,0.47,0.4,2025-03-13,1138,N21,nominal,2.0NRT,302.64,8.12,D
-18.42989,26.51232,338.87,0.47,0.4,2025-03-13,1138,N21,nominal,2.0NRT,304.43,5.22,D
-18.37119,26.48071,330.52,0.47,0.4,2025-03-13,1138,N21,low,2.0NRT,305.05,7.24,D
-18.37178,26.47629,339.22,0.47,0.4,2025-03-13,1138,N21,nominal,2.0NRT,309.19,8.87,D
-18.37533,26.44977,330.9,0.47,0.4,2025-03-13,1138,N21,low,2.0NRT,303.25,2.87,D
-18.36756,26.48015,335,0.47,0.4,2025-03-13,1138,N21,nominal,2.0NRT,303.78,5.65,D
-18.36815,26.47573,337.29,0.47,0.4,2025-03-13,1138,N21,nominal,2.0NRT,307.7,7.16,D
-18.37169,26.44921,336.85,0.47,0.4,2025-03-13,1138,N21,nominal,2.0NRT,304.78,6.46,D
-15.86619,28.87113,332.31,0.39,0.36,2025-03-13,1138,N21,low,2.0NRT,304.59,60.9,D
-10.40817,35.5505,327.67,0.57,0.52,2025-03-13,1140,N21,nominal,2.0NRT,289.61,5.48,D
-10.38914,34.9189,333.9,0.51,0.5,2025-03-13,1140,N21,nominal,2.0NRT,297.41,5.27,D
-9.88951,34.75087,331.82,0.51,0.49,2025-03-13,1140,N21,nominal,2.0NRT,289.76,4.15,D
-9.33738,36.91088,334.18,0.36,0.58,2025-03-13,1140,N21,nominal,2.0NRT,294.71,2.9,D
-9.21327,35.3096,327.99,0.57,0.52,2025-03-13,1140,N21,nominal,2.0NRT,294.86,5.64,D
-9.13924,35.27977,328.32,0.57,0.52,2025-03-13,1140,N21,nominal,2.0NRT,293.66,4.44,D
-9.12967,35.14344,339.95,0.56,0.51,2025-03-13,1140,N21,nominal,2.0NRT,295.19,9.19,D
-9.1281,35.14035,339.23,0.56,0.51,2025-03-13,1140,N21,nominal,2.0NRT,293.65,9.17,D
-9.14106,35.03713,338.98,0.55,0.51,2025-03-13,1140,N21,nominal,2.0NRT,294.07,12.47,D
-9.05695,35.29785,338.13,0.57,0.52,2025-03-13,1140,N21,nominal,2.0NRT,293.04,6.83,D
-9.12704,34.89795,339.1,0.54,0.51,2025-03-13,1140,N21,nominal,2.0NRT,289.59,17,D
-9.12792,34.8929,332.14,0.54,0.51,2025-03-13,1140,N21,nominal,2.0NRT,290.4,17,D
-9.05167,35.00944,338.79,0.55,0.51,2025-03-13,1140,N21,nominal,2.0NRT,293.72,8.48,D
-8.71688,36.66073,344.06,0.36,0.57,2025-03-13,1140,N21,nominal,2.0NRT,293.15,4.15,D
-9.90279,27.23684,332.81,0.39,0.36,2025-03-13,1140,N21,nominal,2.0NRT,296.44,3.53,D
-9.60473,29.00644,333.1,0.39,0.37,2025-03-13,1140,N21,nominal,2.0NRT,298.24,4.05,D
-9.64619,28.67224,343.77,0.39,0.36,2025-03-13,1140,N21,nominal,2.0NRT,297.51,8.58,D
-8.2656,36.55361,338.11,0.36,0.57,2025-03-13,1140,N21,nominal,2.0NRT,294.74,4.04,D
-9.50568,28.59181,333.55,0.39,0.36,2025-03-13,1140,N21,nominal,2.0NRT,295.89,7.73,D
-9.4616,28.50199,344.05,0.39,0.36,2025-03-13,1140,N21,nominal,2.0NRT,301.19,4.88,D
-8.23992,35.92235,335.21,0.33,0.55,2025-03-13,1140,N21,nominal,2.0NRT,291.76,1.88,D
-8.06617,36.03039,353.16,0.34,0.56,2025-03-13,1140,N21,nominal,2.0NRT,296.54,20.52,D
-9.30609,27.52128,329.29,0.38,0.36,2025-03-13,1140,N21,nominal,2.0NRT,295.9,3.72,D
-8.89356,29.52188,336.85,0.41,0.37,2025-03-13,1140,N21,nominal,2.0NRT,296.24,4.7,D
-8.88958,29.52504,334.54,0.41,0.37,2025-03-13,1140,N21,nominal,2.0NRT,295.63,4.3,D
-8.89016,29.52134,333.41,0.41,0.37,2025-03-13,1140,N21,nominal,2.0NRT,296.64,5.32,D
-8.68785,28.2732,330.97,0.39,0.36,2025-03-13,1140,N21,nominal,2.0NRT,295.75,1.38,D
-8.79887,27.28095,332.7,0.39,0.36,2025-03-13,1140,N21,nominal,2.0NRT,301.63,2.46,D
-8.78546,27.25323,331.04,0.39,0.36,2025-03-13,1140,N21,nominal,2.0NRT,299.47,2.21,D
-8.55865,27.20326,338.44,0.39,0.36,2025-03-13,1140,N21,nominal,2.0NRT,300.35,3.45,D
-8.55482,27.20624,338.18,0.39,0.36,2025-03-13,1140,N21,nominal,2.0NRT,301.56,6.24,D
-8.55151,27.20574,343.76,0.39,0.36,2025-03-13,1140,N21,nominal,2.0NRT,301.32,6.24,D
-6.42961,39.48733,344.01,0.62,0.71,2025-03-13,1140,N21,nominal,2.0NRT,289.19,9.79,D
-6.43024,39.48525,348.95,0.62,0.71,2025-03-13,1140,N21,nominal,2.0NRT,288.53,9.74,D
-6.81704,36.73215,339.3,0.39,0.6,2025-03-13,1140,N21,nominal,2.0NRT,289.4,3.77,D
-6.81554,36.73057,333.78,0.39,0.6,2025-03-13,1140,N21,nominal,2.0NRT,289.98,4.82,D
-8.63413,25.1999,330.45,0.43,0.38,2025-03-13,1140,N21,low,2.0NRT,298.29,8.27,D
-8.37787,26.69095,332.51,0.39,0.36,2025-03-13,1140,N21,nominal,2.0NRT,299.73,2.81,D
-8.2737,26.72913,342.54,0.39,0.36,2025-03-13,1140,N21,nominal,2.0NRT,302.81,10.36,D
-7.76309,29.56507,337.27,0.42,0.38,2025-03-13,1140,N21,nominal,2.0NRT,297.01,5.03,D
-7.74486,29.54668,340.68,0.42,0.38,2025-03-13,1140,N21,nominal,2.0NRT,298.3,16.34,D
-8.05194,27.09377,333.78,0.39,0.36,2025-03-13,1140,N21,nominal,2.0NRT,298.83,3.18,D
-9.07414,19.77831,332.78,0.61,0.54,2025-03-13,1140,N21,nominal,2.0NRT,291.32,4.57,D
-8.00009,27.07875,334.67,0.39,0.36,2025-03-13,1140,N21,nominal,2.0NRT,298.31,5.58,D
-8.98353,20.15866,338.32,0.58,0.52,2025-03-13,1140,N21,nominal,2.0NRT,293.4,12.83,D
-7.60405,29.59344,337.79,0.42,0.38,2025-03-13,1140,N21,nominal,2.0NRT,291.78,6.13,D
-8.97876,20.158,355.36,0.58,0.52,2025-03-13,1140,N21,nominal,2.0NRT,296.87,12.83,D
-7.96577,27.12679,332.73,0.38,0.36,2025-03-13,1140,N21,nominal,2.0NRT,301.4,5.05,D
-7.46244,29.95762,329.47,0.44,0.38,2025-03-13,1140,N21,nominal,2.0NRT,290.49,3.12,D
-7.50561,29.5051,330.52,0.42,0.38,2025-03-13,1140,N21,nominal,2.0NRT,288.26,2.74,D
-8.84738,20.22772,327.7,0.57,0.52,2025-03-13,1140,N21,nominal,2.0NRT,294.06,7.33,D
-8.14955,24.73229,331.11,0.45,0.39,2025-03-13,1140,N21,low,2.0NRT,296.88,7.01,D
-8.14601,24.73177,348.07,0.45,0.39,2025-03-13,1140,N21,nominal,2.0NRT,293.68,7.01,D
-7.70301,26.81836,331.38,0.39,0.36,2025-03-13,1140,N21,nominal,2.0NRT,296.43,3.03,D
-7.70353,26.81487,331.99,0.39,0.36,2025-03-13,1140,N21,nominal,2.0NRT,296.96,3.03,D
-8.86516,18.45225,326.43,0.38,0.58,2025-03-13,1140,N21,nominal,2.0NRT,292.62,3.86,D
-8.65903,19.95377,342.72,0.59,0.53,2025-03-13,1140,N21,nominal,2.0NRT,295.71,9.64,D
-8.65974,19.94842,332.2,0.59,0.53,2025-03-13,1140,N21,nominal,2.0NRT,294.2,9.64,D
-7.68487,26.82629,337.92,0.39,0.36,2025-03-13,1140,N21,nominal,2.0NRT,298.08,3.82,D
-8.65492,19.94777,334.33,0.59,0.53,2025-03-13,1140,N21,nominal,2.0NRT,295.67,9.64,D
-5.65761,38.8386,332.37,0.57,0.69,2025-03-13,1140,N21,nominal,2.0NRT,291.69,3.56,D
-8.65975,19.95234,346.01,0.59,0.53,2025-03-13,1140,N21,nominal,2.0NRT,295.75,10.36,D
-8.65493,19.95175,338.7,0.59,0.53,2025-03-13,1140,N21,nominal,2.0NRT,295.01,10.36,D
-7.64117,26.84449,337.51,0.39,0.36,2025-03-13,1140,N21,nominal,2.0NRT,300.44,7.86,D
-5.65503,38.83719,330.88,0.57,0.69,2025-03-13,1140,N21,nominal,2.0NRT,291.44,5.78,D
-5.63627,38.65063,334.22,0.56,0.69,2025-03-13,1140,N21,nominal,2.0NRT,292.06,6.42,D
-7.59325,26.84789,331.08,0.39,0.36,2025-03-13,1140,N21,nominal,2.0NRT,298.43,2.63,D
-7.97777,24.16979,343.81,0.47,0.4,2025-03-13,1140,N21,nominal,2.0NRT,299.63,11.94,D
-8.7289,18.47007,347.45,0.37,0.58,2025-03-13,1140,N21,nominal,2.0NRT,292.9,8.05,D
-7.20397,29.17065,331.17,0.41,0.37,2025-03-13,1140,N21,nominal,2.0NRT,295.9,3.09,D
-7.55579,26.84932,329.91,0.39,0.36,2025-03-13,1140,N21,nominal,2.0NRT,298.54,2.19,D
-8.73012,18.47161,353.32,0.37,0.58,2025-03-13,1140,N21,nominal,2.0NRT,292.82,7.6,D
-5.65368,38.19625,336.79,0.52,0.67,2025-03-13,1140,N21,nominal,2.0NRT,294.54,5.23,D
-8.6949,18.53219,345.09,0.37,0.58,2025-03-13,1140,N21,nominal,2.0NRT,294.49,6.24,D
-8.68961,18.53139,344.17,0.37,0.58,2025-03-13,1140,N21,nominal,2.0NRT,292.06,6.24,D
-7.15612,28.9151,332.4,0.4,0.37,2025-03-13,1140,N21,nominal,2.0NRT,296.81,4.77,D
-5.5077,38.51792,367,0.55,0.68,2025-03-13,1140,N21,high,2.0NRT,291.55,18.01,D
-5.47454,38.79251,330.53,0.57,0.69,2025-03-13,1140,N21,nominal,2.0NRT,292.23,5.67,D
-5.50898,38.51986,343.9,0.55,0.68,2025-03-13,1140,N21,nominal,2.0NRT,292.02,11.37,D
-8.55901,18.70891,331.08,0.36,0.57,2025-03-13,1140,N21,nominal,2.0NRT,293.74,4.92,D
-5.33916,38.89155,330.62,0.59,0.7,2025-03-13,1140,N21,nominal,2.0NRT,291.51,4.65,D
-7.31615,26.99593,334.38,0.38,0.36,2025-03-13,1140,N21,nominal,2.0NRT,300.98,5.61,D
-7.31337,26.99196,335.51,0.38,0.36,2025-03-13,1140,N21,nominal,2.0NRT,297.59,12.8,D
-7.28822,27.01975,331.62,0.38,0.36,2025-03-13,1140,N21,low,2.0NRT,304.02,6.01,D
-7.26127,27.01919,331.57,0.38,0.36,2025-03-13,1140,N21,nominal,2.0NRT,297.35,2.62,D
-8.34831,19.01326,327.8,0.34,0.56,2025-03-13,1140,N21,nominal,2.0NRT,293.98,2.28,D
-7.20475,27.03535,334.48,0.38,0.36,2025-03-13,1140,N21,nominal,2.0NRT,300.49,4.46,D
-7.49382,25.06565,340.25,0.43,0.38,2025-03-13,1140,N21,nominal,2.0NRT,296.58,6.87,D
-8.35037,19.01452,330.51,0.34,0.56,2025-03-13,1140,N21,nominal,2.0NRT,293.14,2.64,D
-7.56989,24.41931,331.64,0.45,0.39,2025-03-13,1140,N21,low,2.0NRT,294.67,3.76,D
-7.36595,24.94078,367,0.43,0.38,2025-03-13,1140,N21,high,2.0NRT,299.56,52.67,D
-7.36652,24.93692,353.38,0.43,0.38,2025-03-13,1140,N21,low,2.0NRT,301.14,52.67,D
-7.36709,24.93305,339.8,0.43,0.38,2025-03-13,1140,N21,low,2.0NRT,301.29,12.66,D
-7.36767,24.92918,332.39,0.43,0.38,2025-03-13,1140,N21,low,2.0NRT,298.19,12.66,D
-7.35956,24.93591,350.57,0.43,0.38,2025-03-13,1140,N21,low,2.0NRT,308.72,174.44,D
-7.36014,24.93205,335.42,0.43,0.38,2025-03-13,1140,N21,low,2.0NRT,303.6,13.2,D
-7.47655,24.0403,331.68,0.47,0.4,2025-03-13,1140,N21,nominal,2.0NRT,297.64,4.85,D
-7.67297,22.59204,336.2,0.57,0.43,2025-03-13,1140,N21,nominal,2.0NRT,294.65,6.52,D
-5.02486,38.99778,344.4,0.6,0.71,2025-03-13,1140,N21,nominal,2.0NRT,294.67,14.67,D
-7.65926,22.57442,335.8,0.57,0.43,2025-03-13,1140,N21,nominal,2.0NRT,294.71,9.95,D
-7.64916,22.58868,342.92,0.57,0.43,2025-03-13,1140,N21,nominal,2.0NRT,295.72,15.88,D
-5.10961,38.30777,330.8,0.54,0.68,2025-03-13,1140,N21,nominal,2.0NRT,293.57,4.81,D
-5.02432,38.99739,344.56,0.6,0.71,2025-03-13,1140,N21,nominal,2.0NRT,294.52,9.77,D
-7.63088,22.32949,338.74,0.4,0.44,2025-03-13,1140,N21,nominal,2.0NRT,296.81,4.31,D
-4.93311,39.10008,337.31,0.62,0.71,2025-03-13,1140,N21,nominal,2.0NRT,293.11,11.14,D
-7.6203,22.22976,335.17,0.4,0.44,2025-03-13,1140,N21,nominal,2.0NRT,296.34,3.21,D
-4.91124,39.07244,330.12,0.61,0.71,2025-03-13,1140,N21,nominal,2.0NRT,293.44,3.86,D
-4.90611,39.02634,343.04,0.61,0.71,2025-03-13,1140,N21,nominal,2.0NRT,294.92,8.66,D
-4.9062,39.02369,338.43,0.61,0.71,2025-03-13,1140,N21,nominal,2.0NRT,294.54,7.2,D
-6.83224,27.13511,337.68,0.38,0.36,2025-03-13,1140,N21,nominal,2.0NRT,299.1,5.17,D
-6.82482,27.09513,332.79,0.38,0.36,2025-03-13,1140,N21,low,2.0NRT,303.5,17.18,D
-6.82204,27.09118,343.91,0.38,0.36,2025-03-13,1140,N21,nominal,2.0NRT,301.98,10.75,D
-6.82257,27.08772,346.02,0.38,0.36,2025-03-13,1140,N21,nominal,2.0NRT,301.25,10.75,D
-4.82332,39.19229,338.58,0.63,0.72,2025-03-13,1140,N21,nominal,2.0NRT,293.43,8.61,D
-7.53735,22.10996,334.5,0.41,0.45,2025-03-13,1140,N21,nominal,2.0NRT,295.34,4.1,D
-4.84534,38.87776,367,0.6,0.7,2025-03-13,1140,N21,high,2.0NRT,293.31,56.25,D
-7.48655,22.29374,330.33,0.4,0.44,2025-03-13,1140,N21,nominal,2.0NRT,295.95,1.9,D
-6.77575,26.9958,331.2,0.38,0.36,2025-03-13,1140,N21,nominal,2.0NRT,301.24,3.37,D
-7.87763,19.02828,327.41,0.33,0.55,2025-03-13,1140,N21,nominal,2.0NRT,293.38,2.88,D
-7.19159,23.84069,334.96,0.48,0.4,2025-03-13,1140,N21,nominal,2.0NRT,297.88,3.36,D
-7.84411,19.23571,351.77,0.32,0.55,2025-03-13,1140,N21,nominal,2.0NRT,288.71,6.46,D
-6.90273,25.67688,331.59,0.4,0.37,2025-03-13,1140,N21,low,2.0NRT,299.49,6.83,D
-6.90223,25.34761,331.77,0.41,0.37,2025-03-13,1140,N21,nominal,2.0NRT,298.39,3.74,D
-7.10804,23.53949,332.04,0.5,0.41,2025-03-13,1140,N21,nominal,2.0NRT,297.38,5.26,D
-7.29778,22.15731,331.88,0.4,0.44,2025-03-13,1140,N21,nominal,2.0NRT,296.25,6.22,D
-7.08221,23.63972,332.85,0.49,0.4,2025-03-13,1140,N21,nominal,2.0NRT,298.13,5.19,D
-7.23115,22.59898,338.36,0.56,0.43,2025-03-13,1140,N21,nominal,2.0NRT,298.96,6.61,D
-7.27036,22.14603,333.71,0.4,0.44,2025-03-13,1140,N21,nominal,2.0NRT,296.34,4.52,D
-7.066,23.48814,331.97,0.5,0.41,2025-03-13,1140,N21,nominal,2.0NRT,296.58,3.04,D
-6.72032,25.83347,337.76,0.4,0.37,2025-03-13,1140,N21,nominal,2.0NRT,300.08,6.25,D
-7.06782,23.48966,333.23,0.5,0.41,2025-03-13,1140,N21,nominal,2.0NRT,295.97,4.77,D
-7.20641,22.32858,337.87,0.39,0.44,2025-03-13,1140,N21,nominal,2.0NRT,296.11,2.22,D
-6.89989,24.37406,331.97,0.45,0.39,2025-03-13,1140,N21,nominal,2.0NRT,298.18,3.92,D
-7.19506,22.11993,339.61,0.4,0.44,2025-03-13,1140,N21,nominal,2.0NRT,296.41,4.45,D
-4.41381,39.42645,355.04,0.66,0.73,2025-03-13,1140,N21,nominal,2.0NRT,290.45,28.29,D
-4.41495,39.42001,353.93,0.66,0.73,2025-03-13,1140,N21,nominal,2.0NRT,291.78,28.29,D
-7.20684,22.00694,346.71,0.41,0.45,2025-03-13,1140,N21,nominal,2.0NRT,296.44,7.05,D
-7.20275,22.00633,333.14,0.41,0.45,2025-03-13,1140,N21,nominal,2.0NRT,295.93,6.37,D
-4.37897,39.54449,340.26,0.67,0.74,2025-03-13,1140,N21,nominal,2.0NRT,289.44,9.32,D
-7.18132,22.09967,329.46,0.4,0.44,2025-03-13,1140,N21,nominal,2.0NRT,295.59,3.97,D
-5.97756,30.08066,332.34,0.46,0.39,2025-03-13,1140,N21,nominal,2.0NRT,297.6,3.27,D
-7.16712,22.14185,336.51,0.4,0.44,2025-03-13,1140,N21,nominal,2.0NRT,298.5,5.31,D
-7.16,22.13362,332.99,0.4,0.44,2025-03-13,1140,N21,nominal,2.0NRT,296.44,2.82,D
-6.86838,24.13998,336.37,0.46,0.39,2025-03-13,1140,N21,nominal,2.0NRT,299.32,5.09,D
-6.86974,24.14053,333.57,0.46,0.39,2025-03-13,1140,N21,nominal,2.0NRT,299.92,4.29,D
-6.6509,25.52709,345.37,0.41,0.37,2025-03-13,1140,N21,nominal,2.0NRT,301.06,9.73,D
-4.41735,39.42416,367,0.66,0.73,2025-03-13,1140,N21,high,2.0NRT,290.71,39.11,D
-4.41071,39.42283,341.6,0.66,0.73,2025-03-13,1140,N21,nominal,2.0NRT,291.77,15.41,D
-7.14071,22.1483,331.84,0.4,0.44,2025-03-13,1140,N21,nominal,2.0NRT,296.77,2.86,D
-7.14436,22.12323,339.81,0.4,0.44,2025-03-13,1140,N21,nominal,2.0NRT,296.13,4.27,D
-7.12171,22.25059,346.84,0.39,0.44,2025-03-13,1140,N21,nominal,2.0NRT,298.71,6.12,D
-7.08223,22.4939,333.67,0.57,0.43,2025-03-13,1140,N21,nominal,2.0NRT,295.61,8.77,D
-7.16287,21.90912,338.76,0.41,0.45,2025-03-13,1140,N21,nominal,2.0NRT,295.99,4.28,D
-7.11938,22.18147,328.86,0.4,0.44,2025-03-13,1140,N21,nominal,2.0NRT,296.03,3.12,D
-7.15196,21.92658,351.1,0.41,0.45,2025-03-13,1140,N21,nominal,2.0NRT,296.1,8.7,D
-7.10426,22.14302,330.7,0.4,0.44,2025-03-13,1140,N21,nominal,2.0NRT,295.33,3.03,D
-6.79602,24.24315,331.4,0.45,0.39,2025-03-13,1140,N21,nominal,2.0NRT,300.62,4.57,D
-6.9549,23.15322,331.45,0.52,0.41,2025-03-13,1140,N21,nominal,2.0NRT,296.96,6.48,D
-6.95558,23.14852,332.18,0.52,0.41,2025-03-13,1140,N21,nominal,2.0NRT,298.08,5.23,D
-7.52685,18.97352,335.5,0.33,0.55,2025-03-13,1140,N21,nominal,2.0NRT,292.32,3.45,D
-7.1265,21.83934,349.96,0.42,0.45,2025-03-13,1140,N21,nominal,2.0NRT,296.79,9.34,D
-7.05924,22.1986,332.62,0.4,0.44,2025-03-13,1140,N21,nominal,2.0NRT,295.21,5.3,D
-6.90524,23.20293,332.71,0.52,0.41,2025-03-13,1140,N21,nominal,2.0NRT,299.67,4.35,D
-6.83259,23.65902,330.68,0.49,0.4,2025-03-13,1140,N21,low,2.0NRT,298.94,6.25,D
-7.44318,19.35484,326.86,0.62,0.54,2025-03-13,1140,N21,nominal,2.0NRT,288.95,5.84,D
-6.88067,23.21101,339.23,0.51,0.41,2025-03-13,1140,N21,nominal,2.0NRT,298.33,4.67,D
-6.91981,22.91883,331.02,0.53,0.42,2025-03-13,1140,N21,nominal,2.0NRT,295.19,3.51,D
-7.03748,22.08619,341.2,0.4,0.44,2025-03-13,1140,N21,nominal,2.0NRT,296.71,6.14,D
-7.03801,22.08253,342.27,0.4,0.44,2025-03-13,1140,N21,nominal,2.0NRT,297.88,6.14,D
-6.84921,23.34636,344.84,0.5,0.41,2025-03-13,1140,N21,nominal,2.0NRT,298.92,9.37,D
-7.02245,22.16116,332.49,0.4,0.44,2025-03-13,1140,N21,nominal,2.0NRT,296.36,2.38,D
-6.84546,23.34579,346.9,0.5,0.41,2025-03-13,1140,N21,nominal,2.0NRT,298.01,9.37,D
-6.4959,25.67467,331.2,0.4,0.37,2025-03-13,1140,N21,nominal,2.0NRT,299.72,3.19,D
-7.01297,22.11244,333.17,0.4,0.44,2025-03-13,1140,N21,nominal,2.0NRT,293.46,1.91,D
-6.96889,22.36157,333.46,0.39,0.44,2025-03-13,1140,N21,nominal,2.0NRT,296.87,7.91,D
-6.96939,22.35813,342.99,0.39,0.44,2025-03-13,1140,N21,nominal,2.0NRT,297.12,6.57,D
-6.71985,24.04827,336.02,0.46,0.39,2025-03-13,1140,N21,nominal,2.0NRT,302,5.14,D
-6.28272,26.92855,331.83,0.38,0.36,2025-03-13,1140,N21,nominal,2.0NRT,300.21,1.81,D
-6.51851,25.36182,331.53,0.41,0.37,2025-03-13,1140,N21,nominal,2.0NRT,299.04,3.03,D
-6.86028,23.032,333.34,0.53,0.42,2025-03-13,1140,N21,nominal,2.0NRT,297.62,9.59,D
-6.953,22.38734,334.23,0.38,0.43,2025-03-13,1140,N21,nominal,2.0NRT,296.82,4.95,D
-6.55479,25.09422,331.47,0.42,0.38,2025-03-13,1140,N21,nominal,2.0NRT,300.06,4.43,D
-6.55535,25.09044,330.3,0.42,0.38,2025-03-13,1140,N21,nominal,2.0NRT,300.88,4.43,D
-6.97603,22.0517,339.79,0.4,0.44,2025-03-13,1140,N21,nominal,2.0NRT,297.13,9,D
-6.93144,22.33874,344.44,0.39,0.44,2025-03-13,1140,N21,nominal,2.0NRT,296.75,5.7,D
-6.93193,22.33528,334.13,0.39,0.44,2025-03-13,1140,N21,nominal,2.0NRT,296.5,5.7,D
-6.94327,22.25491,346.02,0.39,0.44,2025-03-13,1140,N21,nominal,2.0NRT,297.04,7.37,D
-6.461,25.56223,337.22,0.4,0.37,2025-03-13,1140,N21,nominal,2.0NRT,302.13,3.03,D
-6.92744,22.33821,335.07,0.39,0.44,2025-03-13,1140,N21,nominal,2.0NRT,297.93,5.7,D
-6.50072,25.22342,346.19,0.41,0.37,2025-03-13,1140,N21,nominal,2.0NRT,302.11,8.43,D
-6.50126,25.21971,339.37,0.41,0.37,2025-03-13,1140,N21,low,2.0NRT,301.51,8.43,D
-6.62746,24.30647,332.31,0.45,0.39,2025-03-13,1140,N21,low,2.0NRT,298.97,2.86,D
-6.8404,22.81396,331.14,0.54,0.42,2025-03-13,1140,N21,nominal,2.0NRT,297.86,7.68,D
-6.83384,22.81981,342.92,0.54,0.42,2025-03-13,1140,N21,nominal,2.0NRT,299.02,9.18,D
-6.83528,22.81005,337.72,0.54,0.42,2025-03-13,1140,N21,nominal,2.0NRT,297.38,6.37,D
-6.42992,25.50507,330.26,0.4,0.37,2025-03-13,1140,N21,low,2.0NRT,302.09,2.83,D
-6.83141,22.80948,332.58,0.54,0.42,2025-03-13,1140,N21,nominal,2.0NRT,297.09,6.37,D
-6.82579,22.79392,334.84,0.54,0.42,2025-03-13,1140,N21,nominal,2.0NRT,297.54,5.55,D
-6.63994,24.0286,332.78,0.46,0.39,2025-03-13,1140,N21,nominal,2.0NRT,300.68,3.52,D
-6.72898,23.42616,333.92,0.5,0.41,2025-03-13,1140,N21,nominal,2.0NRT,297.84,3.32,D
-6.7489,23.21232,331.71,0.51,0.41,2025-03-13,1140,N21,nominal,2.0NRT,298.7,4.55,D
-6.74957,23.20771,332.3,0.51,0.41,2025-03-13,1140,N21,nominal,2.0NRT,298.61,4.19,D
-6.40938,25.34144,334.48,0.41,0.37,2025-03-13,1140,N21,low,2.0NRT,300.42,3.65,D
-6.7867,22.65263,340.02,0.55,0.43,2025-03-13,1140,N21,nominal,2.0NRT,297.75,6.75,D
-6.78742,22.64763,332.05,0.55,0.43,2025-03-13,1140,N21,nominal,2.0NRT,297.93,4.99,D
-6.41979,25.15387,332.1,0.41,0.37,2025-03-13,1140,N21,low,2.0NRT,300.63,6.51,D
-6.69899,23.04856,333.99,0.52,0.42,2025-03-13,1140,N21,nominal,2.0NRT,302.96,5.98,D
-6.48576,24.51051,331.54,0.44,0.38,2025-03-13,1140,N21,nominal,2.0NRT,298.84,2.36,D
-6.7213,22.86291,335.35,0.54,0.42,2025-03-13,1140,N21,nominal,2.0NRT,300.03,13.13,D
-6.48495,24.5106,331.93,0.44,0.38,2025-03-13,1140,N21,nominal,2.0NRT,299.24,2.91,D
-6.72283,22.86499,339.51,0.54,0.42,2025-03-13,1140,N21,nominal,2.0NRT,299.31,11.04,D
-6.67381,23.1699,330.39,0.51,0.41,2025-03-13,1140,N21,nominal,2.0NRT,298.23,3.88,D
-6.68995,23.0346,333.62,0.52,0.42,2025-03-13,1140,N21,nominal,2.0NRT,299.19,4.04,D
-6.64807,23.29197,331.79,0.51,0.41,2025-03-13,1140,N21,nominal,2.0NRT,298.19,3.43,D
-6.34696,25.21882,332.29,0.41,0.37,2025-03-13,1140,N21,nominal,2.0NRT,300.38,4.78,D
-6.63105,23.30355,335.91,0.5,0.41,2025-03-13,1140,N21,nominal,2.0NRT,296.59,6.79,D
-6.59352,23.50742,330.47,0.49,0.4,2025-03-13,1140,N21,low,2.0NRT,299.38,5.49,D
-6.73032,22.57046,333.62,0.56,0.43,2025-03-13,1140,N21,nominal,2.0NRT,298.05,8.58,D
-6.59066,23.47535,341.24,0.49,0.41,2025-03-13,1140,N21,nominal,2.0NRT,298.69,5.43,D
-6.66452,22.96881,335.96,0.53,0.42,2025-03-13,1140,N21,nominal,2.0NRT,297.04,5.49,D
-6.48791,24.15014,332.01,0.46,0.39,2025-03-13,1140,N21,nominal,2.0NRT,299.83,4.76,D
-6.58488,23.41092,330.08,0.5,0.41,2025-03-13,1140,N21,nominal,2.0NRT,295.27,2.58,D
-6.61983,23.14328,332.28,0.51,0.41,2025-03-13,1140,N21,nominal,2.0NRT,300.74,2.79,D
-6.63487,22.93073,331.62,0.53,0.42,2025-03-13,1140,N21,nominal,2.0NRT,299.81,3.06,D
-6.44805,24.1983,336.23,0.45,0.39,2025-03-13,1140,N21,nominal,2.0NRT,298.55,5.58,D
-6.44448,24.1978,334.85,0.45,0.39,2025-03-13,1140,N21,nominal,2.0NRT,297.81,5.58,D
-6.59752,23.08327,333.4,0.52,0.41,2025-03-13,1140,N21,nominal,2.0NRT,299.36,6.41,D
-6.55562,23.26951,332.38,0.51,0.41,2025-03-13,1140,N21,nominal,2.0NRT,299,4.23,D
-6.57448,23.13664,330.44,0.51,0.41,2025-03-13,1140,N21,nominal,2.0NRT,300.12,6.61,D
-6.57824,23.13445,338.01,0.51,0.41,2025-03-13,1140,N21,nominal,2.0NRT,299.64,8.22,D
-6.55408,23.2711,335.09,0.51,0.41,2025-03-13,1140,N21,nominal,2.0NRT,300.24,4.94,D
-6.56621,23.13746,348.01,0.51,0.41,2025-03-13,1140,N21,nominal,2.0NRT,302.33,10.12,D
-6.69088,22.29162,339.07,0.39,0.44,2025-03-13,1140,N21,nominal,2.0NRT,296.42,4.9,D
-6.56041,23.15062,332.41,0.51,0.41,2025-03-13,1140,N21,nominal,2.0NRT,299.97,4.15,D
-6.3728,24.34085,331.76,0.45,0.39,2025-03-13,1140,N21,nominal,2.0NRT,299.21,4.15,D
-6.49462,23.46744,330.16,0.49,0.4,2025-03-13,1140,N21,low,2.0NRT,298.96,4.57,D
-6.78221,21.49078,329.24,0.44,0.46,2025-03-13,1140,N21,nominal,2.0NRT,294.49,1.97,D
-6.3201,24.62288,353.58,0.43,0.38,2025-03-13,1140,N21,nominal,2.0NRT,304.8,15.16,D
-6.54384,23.10576,341.6,0.52,0.41,2025-03-13,1140,N21,nominal,2.0NRT,298.59,6.97,D
-6.54925,23.06875,334.66,0.52,0.41,2025-03-13,1140,N21,nominal,2.0NRT,299.49,3.4,D
-6.3166,24.62239,345.55,0.43,0.38,2025-03-13,1140,N21,nominal,2.0NRT,302.33,15.16,D
-6.54343,23.08212,331.34,0.52,0.41,2025-03-13,1140,N21,nominal,2.0NRT,301.1,4.06,D
-6.31369,24.61801,332.55,0.43,0.38,2025-03-13,1140,N21,low,2.0NRT,303.1,10.1,D
-6.53289,23.12786,345.91,0.51,0.41,2025-03-13,1140,N21,nominal,2.0NRT,301.24,13.22,D
-6.54531,23.01598,330.81,0.52,0.42,2025-03-13,1140,N21,nominal,2.0NRT,299.23,5.38,D
-6.52197,23.14987,334.31,0.51,0.41,2025-03-13,1140,N21,nominal,2.0NRT,299.58,3.78,D
-6.5415,23.01542,331.84,0.52,0.42,2025-03-13,1140,N21,nominal,2.0NRT,299.1,4.33,D
-6.20733,25.26228,335.28,0.41,0.37,2025-03-13,1140,N21,nominal,2.0NRT,302.15,3.05,D
-6.29857,24.62374,334.34,0.43,0.38,2025-03-13,1140,N21,nominal,2.0NRT,301.67,4.81,D
-6.53456,23.00967,330.28,0.52,0.42,2025-03-13,1140,N21,nominal,2.0NRT,298.53,4.38,D
-6.60664,22.50988,332.25,0.56,0.43,2025-03-13,1140,N21,nominal,2.0NRT,296.51,5.41,D
-6.51666,23.10667,333.55,0.52,0.41,2025-03-13,1140,N21,nominal,2.0NRT,299.78,5.02,D
-5.94923,26.88656,332.29,0.38,0.36,2025-03-13,1140,N21,low,2.0NRT,302.79,6.24,D
-6.37503,24.02953,332.73,0.46,0.39,2025-03-13,1140,N21,nominal,2.0NRT,299.46,3.76,D
-6.51441,23.06867,334.47,0.52,0.41,2025-03-13,1140,N21,nominal,2.0NRT,299.33,3.97,D
-6.52786,22.97526,334.75,0.52,0.42,2025-03-13,1140,N21,nominal,2.0NRT,298.1,9.33,D
-5.94541,26.8895,339.12,0.38,0.36,2025-03-13,1140,N21,nominal,2.0NRT,303.07,7.23,D
-6.49735,23.16029,333.98,0.51,0.41,2025-03-13,1140,N21,nominal,2.0NRT,300.13,5.06,D
-5.94211,26.889,347.34,0.38,0.36,2025-03-13,1140,N21,nominal,2.0NRT,302.48,7.23,D
-5.94263,26.88556,331.3,0.38,0.36,2025-03-13,1140,N21,nominal,2.0NRT,300.67,7.23,D
-6.43114,23.59259,333.66,0.48,0.4,2025-03-13,1140,N21,nominal,2.0NRT,299.85,4.24,D
-6.48782,23.17305,339.84,0.51,0.41,2025-03-13,1140,N21,nominal,2.0NRT,299.19,10.66,D
-6.54506,22.77321,331.3,0.54,0.42,2025-03-13,1140,N21,nominal,2.0NRT,297.53,3.07,D
-6.30458,24.4123,333,0.44,0.38,2025-03-13,1140,N21,nominal,2.0NRT,300.02,6.12,D
-6.48424,23.14434,330.74,0.51,0.41,2025-03-13,1140,N21,nominal,2.0NRT,298.46,2.39,D
-6.54427,22.72334,330.55,0.54,0.42,2025-03-13,1140,N21,nominal,2.0NRT,298.05,3.47,D
-6.46832,23.17493,332.17,0.51,0.41,2025-03-13,1140,N21,nominal,2.0NRT,297.38,2.95,D
-6.46821,23.17163,333.01,0.51,0.41,2025-03-13,1140,N21,nominal,2.0NRT,298.41,2.46,D
-6.47401,23.10683,334.12,0.51,0.41,2025-03-13,1140,N21,nominal,2.0NRT,298.86,3.49,D
-6.46062,23.11902,332.63,0.51,0.41,2025-03-13,1140,N21,nominal,2.0NRT,298.22,3.37,D
-6.28563,24.24636,333.77,0.45,0.39,2025-03-13,1140,N21,nominal,2.0NRT,299.31,5.56,D
-6.45158,23.07554,333.07,0.52,0.41,2025-03-13,1140,N21,nominal,2.0NRT,299.98,4.02,D
-6.64322,21.61738,335.29,0.43,0.46,2025-03-13,1140,N21,nominal,2.0NRT,295.63,2.78,D
-6.16248,24.88157,332.77,0.42,0.38,2025-03-13,1140,N21,nominal,2.0NRT,299.96,2.1,D
-6.20804,24.57479,338.37,0.43,0.38,2025-03-13,1140,N21,low,2.0NRT,302.21,6.18,D
-6.43453,23.00668,333.53,0.52,0.42,2025-03-13,1140,N21,nominal,2.0NRT,298.42,3.26,D
-6.43072,23.00615,335.38,0.52,0.42,2025-03-13,1140,N21,nominal,2.0NRT,298.06,3.26,D
-6.20789,24.50329,333.04,0.44,0.38,2025-03-13,1140,N21,nominal,2.0NRT,300.99,3.94,D
-6.31218,23.71733,330.24,0.48,0.4,2025-03-13,1140,N21,low,2.0NRT,303.7,5.68,D
-6.55074,22.05964,333.75,0.4,0.44,2025-03-13,1140,N21,nominal,2.0NRT,294.02,6.53,D
-6.08961,25.20703,333.4,0.41,0.37,2025-03-13,1140,N21,nominal,2.0NRT,307.16,35.76,D
-6.08565,25.21027,367,0.41,0.37,2025-03-13,1140,N21,high,2.0NRT,325.75,123.74,D
-6.08731,25.19906,337.8,0.41,0.37,2025-03-13,1140,N21,low,2.0NRT,306.66,5.57,D
-6.08335,25.20229,345.88,0.41,0.37,2025-03-13,1140,N21,low,2.0NRT,312.05,10.43,D
-6.25908,24.00597,336.85,0.46,0.39,2025-03-13,1140,N21,low,2.0NRT,302.85,9,D
-6.07939,25.20553,348.87,0.41,0.37,2025-03-13,1140,N21,low,2.0NRT,308.94,10.43,D
-6.26411,23.89538,333.13,0.47,0.39,2025-03-13,1140,N21,low,2.0NRT,298.94,7.14,D
-6.14329,24.67597,334.93,0.43,0.38,2025-03-13,1140,N21,low,2.0NRT,300.98,5.21,D
-6.52285,22.02322,347.2,0.4,0.44,2025-03-13,1140,N21,nominal,2.0NRT,297.2,7.89,D
-6.64491,21.14478,339.05,0.46,0.47,2025-03-13,1140,N21,nominal,2.0NRT,295.47,6.88,D
-6.06236,25.20298,340.11,0.41,0.37,2025-03-13,1140,N21,low,2.0NRT,311.94,6.05,D
-6.05842,25.20616,337.87,0.41,0.37,2025-03-13,1140,N21,low,2.0NRT,308.87,117.83,D
-6.05711,25.20922,349.65,0.41,0.37,2025-03-13,1140,N21,nominal,2.0NRT,310.36,38.55,D
-6.38475,23.0294,334.38,0.52,0.41,2025-03-13,1140,N21,nominal,2.0NRT,299.61,3.99,D
-6.13082,24.67399,330.24,0.43,0.38,2025-03-13,1140,N21,low,2.0NRT,302.33,3.44,D
-6.04357,25.22977,332.29,0.41,0.37,2025-03-13,1140,N21,low,2.0NRT,302.65,6.83,D
-6.04413,25.22606,346.93,0.41,0.37,2025-03-13,1140,N21,low,2.0NRT,306.76,6.83,D
-6.04469,25.22234,332.88,0.41,0.37,2025-03-13,1140,N21,low,2.0NRT,304.77,4.83,D
-6.27714,23.67369,334.53,0.48,0.4,2025-03-13,1140,N21,low,2.0NRT,301.37,5.01,D
-6.29593,23.54793,331.09,0.48,0.4,2025-03-13,1140,N21,nominal,2.0NRT,299.1,3.78,D
-6.52221,22.02211,341.86,0.4,0.44,2025-03-13,1140,N21,nominal,2.0NRT,298.57,9.33,D
-6.64228,21.14446,335.96,0.46,0.47,2025-03-13,1140,N21,nominal,2.0NRT,294.67,6.85,D
-6.38847,22.79369,335.76,0.54,0.42,2025-03-13,1140,N21,nominal,2.0NRT,298.51,5.27,D
-6.61933,21.21205,330.53,0.45,0.47,2025-03-13,1140,N21,nominal,2.0NRT,295.48,4.14,D
-6.10471,24.63472,337.18,0.43,0.38,2025-03-13,1140,N21,low,2.0NRT,303.22,5.95,D
-6.33825,23.05588,332.19,0.52,0.41,2025-03-13,1140,N21,nominal,2.0NRT,296.93,3.49,D
-6.37413,22.81109,336.11,0.53,0.42,2025-03-13,1140,N21,nominal,2.0NRT,300.57,11.17,D
-6.09431,24.65677,331.6,0.43,0.38,2025-03-13,1140,N21,nominal,2.0NRT,300.85,2.68,D
-6.59037,21.26164,335.95,0.45,0.47,2025-03-13,1140,N21,nominal,2.0NRT,295.74,4.19,D
-6.05569,24.89245,339.52,0.42,0.38,2025-03-13,1140,N21,nominal,2.0NRT,300.17,6.35,D
-6.18503,23.99551,334.92,0.46,0.39,2025-03-13,1140,N21,low,2.0NRT,303.91,11.96,D
-6.18563,23.99141,330.51,0.46,0.39,2025-03-13,1140,N21,low,2.0NRT,300.98,7.39,D
-6.25114,23.5459,330.49,0.48,0.4,2025-03-13,1140,N21,low,2.0NRT,297.14,3.84,D
-6.58268,21.22393,331.13,0.45,0.47,2025-03-13,1140,N21,nominal,2.0NRT,295.55,3.88,D
-6.30153,23.1489,332.26,0.51,0.41,2025-03-13,1140,N21,nominal,2.0NRT,298.56,5.67,D
-6.30219,23.14438,332.07,0.51,0.41,2025-03-13,1140,N21,nominal,2.0NRT,298.74,5.67,D
-6.0752,24.66586,334.2,0.43,0.38,2025-03-13,1140,N21,low,2.0NRT,300.01,2.96,D
-6.17424,23.9941,334.95,0.46,0.39,2025-03-13,1140,N21,low,2.0NRT,300.54,4.6,D
-6.29777,23.14836,345.24,0.51,0.41,2025-03-13,1140,N21,nominal,2.0NRT,298.81,8.93,D
-6.30771,23.07985,333.53,0.51,0.41,2025-03-13,1140,N21,nominal,2.0NRT,298.02,4.55,D
-6.07173,24.66535,332.62,0.43,0.38,2025-03-13,1140,N21,nominal,2.0NRT,302.03,2.96,D
-6.12722,24.28925,338.88,0.45,0.39,2025-03-13,1140,N21,nominal,2.0NRT,300.78,7.97,D
-7.0384,17.82845,333.28,0.39,0.59,2025-03-13,1140,N21,nominal,2.0NRT,293.45,3.91,D
-6.55426,21.30163,330.38,0.44,0.46,2025-03-13,1140,N21,nominal,2.0NRT,294.57,2.98,D
-6.88966,18.88644,341.12,0.33,0.55,2025-03-13,1140,N21,nominal,2.0NRT,293.24,5.98,D
-6.28515,23.15587,330.18,0.51,0.41,2025-03-13,1140,N21,nominal,2.0NRT,297.83,7.41,D
-6.40024,22.35567,332.6,0.57,0.43,2025-03-13,1140,N21,nominal,2.0NRT,297.61,10.29,D
-6.56988,21.15986,334.3,0.45,0.47,2025-03-13,1140,N21,nominal,2.0NRT,292.07,3.42,D
-6.27763,23.15479,332.1,0.51,0.41,2025-03-13,1140,N21,nominal,2.0NRT,298.21,6.38,D
-6.14975,24.01129,334.29,0.46,0.39,2025-03-13,1140,N21,low,2.0NRT,299.93,7,D
-6.59685,20.84008,336.27,0.48,0.48,2025-03-13,1140,N21,nominal,2.0NRT,296.19,5.88,D
-6.28282,23.03824,333.53,0.52,0.41,2025-03-13,1140,N21,nominal,2.0NRT,298.25,4.92,D
-5.99928,24.96483,333.29,0.42,0.38,2025-03-13,1140,N21,nominal,2.0NRT,301.59,2.23,D
-6.32411,22.66593,350.55,0.54,0.42,2025-03-13,1140,N21,nominal,2.0NRT,298.01,18.16,D
-6.32238,22.66841,333.47,0.54,0.42,2025-03-13,1140,N21,nominal,2.0NRT,295.97,5.42,D
-6.36462,22.30194,331.98,0.57,0.43,2025-03-13,1140,N21,nominal,2.0NRT,297.53,5.65,D
-6.28136,22.78583,332.22,0.53,0.42,2025-03-13,1140,N21,nominal,2.0NRT,298.54,10.49,D
-6.55286,20.92556,330.9,0.47,0.48,2025-03-13,1140,N21,nominal,2.0NRT,296.37,3.73,D
-5.91307,25.23672,350.47,0.41,0.37,2025-03-13,1140,N21,nominal,2.0NRT,307.64,7.89,D
-5.99846,24.667,335.97,0.43,0.38,2025-03-13,1140,N21,nominal,2.0NRT,302.65,2.06,D
-6.47231,21.3922,332.24,0.44,0.46,2025-03-13,1140,N21,nominal,2.0NRT,294.87,2.39,D
-5.95676,24.85148,332.29,0.42,0.38,2025-03-13,1140,N21,low,2.0NRT,302.97,3.05,D
-6.16296,23.45968,330.27,0.49,0.4,2025-03-13,1140,N21,low,2.0NRT,300.6,2.69,D
-6.30718,22.47412,334.69,0.56,0.43,2025-03-13,1140,N21,nominal,2.0NRT,297.89,8.35,D
-6.47922,21.28415,333.15,0.44,0.46,2025-03-13,1140,N21,nominal,2.0NRT,295.12,4.2,D
-5.97709,24.69132,331.09,0.43,0.38,2025-03-13,1140,N21,low,2.0NRT,301.8,2.47,D
-6.02914,24.34092,330.88,0.44,0.39,2025-03-13,1140,N21,low,2.0NRT,298.34,4.31,D
-6.51761,20.98537,329.37,0.47,0.47,2025-03-13,1140,N21,nominal,2.0NRT,293.3,2.47,D
-6.96542,17.78302,329.33,0.39,0.6,2025-03-13,1140,N21,nominal,2.0NRT,295.99,4.33,D
-5.97136,24.70606,344.4,0.43,0.38,2025-03-13,1140,N21,nominal,2.0NRT,303.74,11.18,D
-5.96789,24.70559,340.16,0.43,0.38,2025-03-13,1140,N21,nominal,2.0NRT,304.46,9.41,D
-5.99655,24.5124,331.87,0.43,0.38,2025-03-13,1140,N21,nominal,2.0NRT,298.97,1.76,D
-5.96499,24.70126,350.08,0.43,0.38,2025-03-13,1140,N21,nominal,2.0NRT,304.87,9.41,D
-6.09063,23.85033,332.76,0.47,0.39,2025-03-13,1140,N21,nominal,2.0NRT,300.15,3.8,D
-6.50361,20.92764,329.47,0.47,0.48,2025-03-13,1140,N21,nominal,2.0NRT,296.17,3.18,D
-5.61529,26.91501,332.67,0.38,0.36,2025-03-13,1140,N21,nominal,2.0NRT,299.34,3.25,D
-6.06162,23.92269,332.84,0.46,0.39,2025-03-13,1140,N21,low,2.0NRT,299.74,4.54,D
-6.04779,23.96717,333.27,0.46,0.39,2025-03-13,1140,N21,low,2.0NRT,299.94,3.83,D
-6.41464,21.40424,335.61,0.44,0.46,2025-03-13,1140,N21,nominal,2.0NRT,296.71,3.44,D
-5.99154,24.32736,331.28,0.44,0.39,2025-03-13,1140,N21,nominal,2.0NRT,297.95,1.69,D
-6.28999,22.25724,335.41,0.38,0.43,2025-03-13,1140,N21,nominal,2.0NRT,297.25,2.79,D
-5.89421,24.96521,332.53,0.42,0.37,2025-03-13,1140,N21,low,2.0NRT,304.44,4.36,D
-6.2053,22.82382,345.4,0.53,0.42,2025-03-13,1140,N21,nominal,2.0NRT,297.51,8.23,D
-6.04664,23.89937,337.9,0.46,0.39,2025-03-13,1140,N21,nominal,2.0NRT,298.73,5.67,D
-6.1538,23.12966,331.11,0.51,0.41,2025-03-13,1140,N21,nominal,2.0NRT,297.6,2.52,D
-5.89774,24.86982,330.66,0.42,0.38,2025-03-13,1140,N21,low,2.0NRT,301.14,1.86,D
-5.94612,24.48124,333.75,0.44,0.38,2025-03-13,1140,N21,nominal,2.0NRT,301.99,8.75,D
-5.94671,24.47734,343.89,0.44,0.38,2025-03-13,1140,N21,nominal,2.0NRT,302.24,8.75,D
-5.91007,24.69692,333.23,0.43,0.38,2025-03-13,1140,N21,nominal,2.0NRT,303.82,4.78,D
-5.93679,24.51953,331.82,0.43,0.38,2025-03-13,1140,N21,nominal,2.0NRT,298.87,2.81,D
-5.86548,24.89943,340.68,0.42,0.38,2025-03-13,1140,N21,nominal,2.0NRT,304.06,3.98,D
-5.90946,24.60658,338.24,0.43,0.38,2025-03-13,1140,N21,low,2.0NRT,302.95,5.85,D
-5.85065,24.92803,332.99,0.42,0.38,2025-03-13,1140,N21,low,2.0NRT,305.03,5.16,D
-6.19748,22.59203,332.48,0.55,0.42,2025-03-13,1140,N21,nominal,2.0NRT,298.24,4.15,D
-5.92338,24.41806,350.46,0.44,0.38,2025-03-13,1140,N21,nominal,2.0NRT,303.09,12.62,D
-5.91987,24.41755,337.15,0.44,0.38,2025-03-13,1140,N21,low,2.0NRT,299.72,12.62,D
-5.72822,25.67378,332.24,0.4,0.37,2025-03-13,1140,N21,low,2.0NRT,303.88,5.06,D
-6.19087,22.55578,331.8,0.55,0.43,2025-03-13,1140,N21,nominal,2.0NRT,298.16,4.92,D
-6.87263,17.71869,338.48,0.4,0.6,2025-03-13,1140,N21,nominal,2.0NRT,294.66,6.7,D
-5.77179,25.24532,330.26,0.41,0.37,2025-03-13,1140,N21,low,2.0NRT,304.77,2.93,D
-6.48186,20.3477,334.39,0.51,0.5,2025-03-13,1140,N21,nominal,2.0NRT,293.89,4.7,D
-6.64936,19.07309,367,0.63,0.54,2025-03-13,1140,N21,high,2.0NRT,298.15,40.64,D
-6.64852,19.07918,338.66,0.63,0.54,2025-03-13,1140,N21,nominal,2.0NRT,294.11,16.97,D
-6.45236,20.45953,337.16,0.5,0.49,2025-03-13,1140,N21,nominal,2.0NRT,296.56,7.61,D
-5.90277,24.26578,334.38,0.44,0.39,2025-03-13,1140,N21,nominal,2.0NRT,298.83,3.85,D
-7.10149,15.55189,335.79,0.57,0.69,2025-03-13,1140,N21,nominal,2.0NRT,288.16,5,D
-6.40563,20.69657,329.97,0.49,0.48,2025-03-13,1140,N21,nominal,2.0NRT,295.62,2.96,D
-5.78801,24.97213,340.31,0.42,0.37,2025-03-13,1140,N21,low,2.0NRT,306.01,8.5,D
-5.86732,24.43385,331.04,0.44,0.38,2025-03-13,1140,N21,nominal,2.0NRT,302.64,3.83,D
-6.11231,22.74371,334.71,0.53,0.42,2025-03-13,1140,N21,nominal,2.0NRT,297.36,3.5,D
-6.42823,20.50125,336.67,0.5,0.49,2025-03-13,1140,N21,nominal,2.0NRT,295.3,6.15,D
-6.12505,22.627,331.63,0.54,0.42,2025-03-13,1140,N21,nominal,2.0NRT,298.62,9.3,D
-5.83795,24.53682,348.29,0.43,0.38,2025-03-13,1140,N21,nominal,2.0NRT,302.57,7.51,D
-5.75827,25.05519,341.84,0.41,0.37,2025-03-13,1140,N21,low,2.0NRT,307.17,32.88,D
-5.75882,25.05145,341.39,0.41,0.37,2025-03-13,1140,N21,low,2.0NRT,307.99,13.66,D
-6.1182,22.53557,336.32,0.55,0.43,2025-03-13,1140,N21,nominal,2.0NRT,297,6.44,D
-5.90224,24.05184,331.97,0.45,0.39,2025-03-13,1140,N21,nominal,2.0NRT,299.31,2.44,D
-6.42561,20.50187,333.12,0.5,0.49,2025-03-13,1140,N21,nominal,2.0NRT,294.63,5.41,D
-6.10498,22.64608,330.16,0.54,0.42,2025-03-13,1140,N21,nominal,2.0NRT,297.44,3.63,D
-6.11786,22.53263,332.1,0.55,0.43,2025-03-13,1140,N21,nominal,2.0NRT,298.34,7.23,D
-5.71579,25.19555,335.03,0.41,0.37,2025-03-13,1140,N21,nominal,2.0NRT,303.98,4.26,D
-5.73243,25.08516,334.78,0.41,0.37,2025-03-13,1140,N21,nominal,2.0NRT,303.45,3.66,D
-5.88126,24.0946,336.31,0.45,0.39,2025-03-13,1140,N21,low,2.0NRT,300.56,4.65,D
-5.96421,23.5396,330.56,0.48,0.4,2025-03-13,1140,N21,nominal,2.0NRT,299.36,3.11,D
-5.71239,25.19506,339.07,0.41,0.37,2025-03-13,1140,N21,nominal,2.0NRT,303.9,6.59,D
-5.9623,23.47692,345.2,0.48,0.4,2025-03-13,1140,N21,nominal,2.0NRT,299.87,5.18,D
-5.76137,24.77587,349.03,0.42,0.38,2025-03-13,1140,N21,nominal,2.0NRT,305.54,7.61,D
-5.76194,24.77209,331.25,0.42,0.38,2025-03-13,1140,N21,low,2.0NRT,302.26,7.61,D
-5.80551,24.48067,330.3,0.43,0.38,2025-03-13,1140,N21,nominal,2.0NRT,299.91,2.32,D
-6.26265,21.34721,337.62,0.44,0.46,2025-03-13,1140,N21,nominal,2.0NRT,298.66,4.93,D
-6.29904,21.0954,331.27,0.45,0.47,2025-03-13,1140,N21,nominal,2.0NRT,293.82,4.17,D
-5.65653,25.42826,345.85,0.4,0.37,2025-03-13,1140,N21,nominal,2.0NRT,305.18,13.95,D
-6.8348,17.25752,334.27,0.43,0.62,2025-03-13,1140,N21,nominal,2.0NRT,291.19,3.94,D
-6.09949,22.41316,331.87,0.56,0.43,2025-03-13,1140,N21,nominal,2.0NRT,296.34,3.85,D
-5.92294,23.59103,333.19,0.48,0.4,2025-03-13,1140,N21,nominal,2.0NRT,299.25,6.12,D
-6.32804,20.76966,338.87,0.48,0.48,2025-03-13,1140,N21,nominal,2.0NRT,295.64,3.74,D
-6.13005,22.11902,333.51,0.39,0.44,2025-03-13,1140,N21,nominal,2.0NRT,294.39,4.02,D
-6.16628,21.86802,339.38,0.4,0.44,2025-03-13,1140,N21,nominal,2.0NRT,298.62,7.38,D
-5.80777,24.27234,333.58,0.44,0.39,2025-03-13,1140,N21,nominal,2.0NRT,300.51,4.45,D
-6.39037,20.23262,329.79,0.52,0.5,2025-03-13,1140,N21,nominal,2.0NRT,295.48,4.12,D
-5.75292,24.61891,336.63,0.43,0.38,2025-03-13,1140,N21,nominal,2.0NRT,304.57,8.43,D
-6.80167,17.20532,345.95,0.43,0.62,2025-03-13,1140,N21,nominal,2.0NRT,291.2,6.3,D
-5.86773,23.81531,342.42,0.47,0.39,2025-03-13,1140,N21,nominal,2.0NRT,298.88,6.6,D
-6.1469,21.88728,340.58,0.4,0.44,2025-03-13,1140,N21,nominal,2.0NRT,297.82,3.96,D
-5.75167,24.57935,339.27,0.43,0.38,2025-03-13,1140,N21,nominal,2.0NRT,301.47,7.18,D
-6.3028,20.75787,332.83,0.48,0.48,2025-03-13,1140,N21,nominal,2.0NRT,297.69,5.13,D
-6.30403,20.7491,340.25,0.48,0.48,2025-03-13,1140,N21,nominal,2.0NRT,296.7,8.39,D
-5.74819,24.57884,335.44,0.43,0.38,2025-03-13,1140,N21,nominal,2.0NRT,302.89,4.73,D
-5.84236,23.93834,331.89,0.46,0.39,2025-03-13,1140,N21,nominal,2.0NRT,298.9,2.95,D
-5.75037,24.53998,346.94,0.43,0.38,2025-03-13,1140,N21,nominal,2.0NRT,304.46,13.04,D
-5.92368,23.35484,331.5,0.49,0.4,2025-03-13,1140,N21,low,2.0NRT,303.8,4.5,D
-6.64981,18.16784,326.98,0.37,0.58,2025-03-13,1140,N21,nominal,2.0NRT,293.55,3.41,D
-6.12611,21.91694,340.72,0.4,0.44,2025-03-13,1140,N21,nominal,2.0NRT,298.63,9.36,D
-5.77611,24.31628,333.62,0.44,0.38,2025-03-13,1140,N21,nominal,2.0NRT,297.84,2.94,D
-6.10842,21.98342,330.08,0.4,0.44,2025-03-13,1140,N21,nominal,2.0NRT,296.15,3.76,D
-6.70812,17.60859,330.14,0.4,0.6,2025-03-13,1140,N21,nominal,2.0NRT,292.39,4.12,D
-5.60594,25.42077,339.97,0.4,0.37,2025-03-13,1140,N21,low,2.0NRT,303.48,24.73,D
-5.94164,23.12506,330.58,0.51,0.41,2025-03-13,1140,N21,nominal,2.0NRT,296.25,5.35,D
-6.311,20.50431,341.01,0.5,0.49,2025-03-13,1140,N21,nominal,2.0NRT,294.77,9.62,D
-5.60204,25.42386,341.5,0.4,0.37,2025-03-13,1140,N21,low,2.0NRT,308.14,13.98,D
-5.75521,24.38545,340.69,0.44,0.38,2025-03-13,1140,N21,nominal,2.0NRT,301.88,6.5,D
-5.96415,22.9412,331.32,0.52,0.41,2025-03-13,1140,N21,nominal,2.0NRT,296.26,4.57,D
-6.17131,21.47705,333.66,0.43,0.46,2025-03-13,1140,N21,nominal,2.0NRT,296.8,10.11,D
-6.17186,21.47312,338.05,0.43,0.46,2025-03-13,1140,N21,nominal,2.0NRT,297.26,10.11,D
-5.5992,25.41976,338.7,0.4,0.37,2025-03-13,1140,N21,low,2.0NRT,304.62,13.98,D
-5.66802,24.93117,334.31,0.42,0.37,2025-03-13,1140,N21,low,2.0NRT,301.42,5.81,D
-6.01705,22.56122,333.77,0.55,0.42,2025-03-13,1140,N21,nominal,2.0NRT,298.54,3.19,D
-5.68138,24.74887,332.98,0.42,0.38,2025-03-13,1140,N21,low,2.0NRT,303.63,2.3,D
-6.17029,21.47322,338.29,0.43,0.46,2025-03-13,1140,N21,nominal,2.0NRT,297,20.75,D
-6.17254,21.45795,330.64,0.43,0.46,2025-03-13,1140,N21,nominal,2.0NRT,297.39,3.79,D
-5.67736,24.75217,333.84,0.42,0.38,2025-03-13,1140,N21,low,2.0NRT,300,2.77,D
-6.30787,20.50552,339.42,0.5,0.49,2025-03-13,1140,N21,nominal,2.0NRT,294.56,9.83,D
-5.68247,24.69475,332.84,0.42,0.38,2025-03-13,1140,N21,nominal,2.0NRT,301.72,2.8,D
-5.84931,23.58168,335.3,0.48,0.4,2025-03-13,1140,N21,nominal,2.0NRT,299.69,3.87,D
-6.01393,22.47519,331.77,0.55,0.43,2025-03-13,1140,N21,nominal,2.0NRT,300.39,4.95,D
-6.70731,17.60851,330.53,0.4,0.6,2025-03-13,1140,N21,nominal,2.0NRT,292.05,2.77,D
-5.69794,24.52079,340.77,0.43,0.38,2025-03-13,1140,N21,nominal,2.0NRT,302.31,5.37,D
-5.69909,24.48927,332.84,0.43,0.38,2025-03-13,1140,N21,low,2.0NRT,302.04,3.47,D
-6.07719,21.93544,338.46,0.4,0.44,2025-03-13,1140,N21,nominal,2.0NRT,296.67,3.38,D
-6.16663,21.3226,342.23,0.44,0.46,2025-03-13,1140,N21,nominal,2.0NRT,295.16,10.73,D
-6.97284,15.59626,328.48,0.56,0.69,2025-03-13,1140,N21,nominal,2.0NRT,288.62,5.72,D
-5.7049,24.42653,333.2,0.44,0.38,2025-03-13,1140,N21,nominal,2.0NRT,301.6,4.63,D
-6.07835,21.89918,330.55,0.4,0.44,2025-03-13,1140,N21,nominal,2.0NRT,296.38,1.93,D
-5.67197,24.62312,333.55,0.43,0.38,2025-03-13,1140,N21,low,2.0NRT,303.43,3.5,D
-6.47226,19.0918,329.91,0.63,0.54,2025-03-13,1140,N21,nominal,2.0NRT,290.75,5.03,D
-5.93241,22.81423,331.15,0.53,0.42,2025-03-13,1140,N21,nominal,2.0NRT,297.33,4.78,D
-6.14694,21.27975,337.44,0.44,0.46,2025-03-13,1140,N21,nominal,2.0NRT,297.53,5.5,D
-6.30733,20.1558,339.52,0.53,0.5,2025-03-13,1140,N21,nominal,2.0NRT,291.27,8.48,D
-6.308,20.15103,344.03,0.53,0.5,2025-03-13,1140,N21,nominal,2.0NRT,293.44,8.48,D
-6.1427,21.27915,339.42,0.44,0.46,2025-03-13,1140,N21,nominal,2.0NRT,296.73,8.68,D
-6.30272,20.15532,354.98,0.53,0.5,2025-03-13,1140,N21,nominal,2.0NRT,295.94,28.44,D
-6.22962,20.63889,338.65,0.49,0.48,2025-03-13,1140,N21,nominal,2.0NRT,291.86,5.86,D
-5.59554,24.97015,335.36,0.41,0.37,2025-03-13,1140,N21,low,2.0NRT,303.79,9.16,D
-5.65853,24.54649,338.85,0.43,0.38,2025-03-13,1140,N21,nominal,2.0NRT,303.15,4.59,D
-5.60434,24.88757,330.64,0.42,0.37,2025-03-13,1140,N21,low,2.0NRT,302.02,3.17,D
-5.65504,24.54601,339.37,0.43,0.38,2025-03-13,1140,N21,nominal,2.0NRT,303.2,4.59,D
-5.99754,22.20205,330.06,0.38,0.43,2025-03-13,1140,N21,nominal,2.0NRT,297.76,4.34,D
-5.60034,24.89084,330.66,0.42,0.37,2025-03-13,1140,N21,low,2.0NRT,302.18,4.95,D
-5.60583,24.83027,346.4,0.42,0.38,2025-03-13,1140,N21,nominal,2.0NRT,301.29,8.72,D
-5.57911,24.98663,330.87,0.41,0.37,2025-03-13,1140,N21,low,2.0NRT,302.19,18.48,D
-5.57624,24.98241,343.83,0.41,0.37,2025-03-13,1140,N21,nominal,2.0NRT,308.92,18.48,D
-6.41936,19.07313,336.53,0.63,0.54,2025-03-13,1140,N21,nominal,2.0NRT,297.08,8.19,D
-5.57283,24.98188,340.95,0.41,0.37,2025-03-13,1140,N21,nominal,2.0NRT,301.14,3.83,D
-6.1871,20.71682,329.2,0.48,0.48,2025-03-13,1140,N21,nominal,2.0NRT,295.93,4.26,D
-6.1877,20.71258,329.78,0.48,0.48,2025-03-13,1140,N21,nominal,2.0NRT,296.06,4.26,D
-6.47585,18.62114,326.45,0.34,0.56,2025-03-13,1140,N21,nominal,2.0NRT,289.98,2.28,D
-5.59251,24.80149,334.73,0.42,0.38,2025-03-13,1140,N21,nominal,2.0NRT,304.58,4.88,D
-5.45531,25.7014,352.7,0.4,0.37,2025-03-13,1140,N21,nominal,2.0NRT,311.61,37.21,D
-5.45584,25.69785,346.2,0.4,0.37,2025-03-13,1140,N21,low,2.0NRT,311.55,37.21,D
-5.44032,25.77877,332.87,0.39,0.36,2025-03-13,1140,N21,nominal,2.0NRT,299.45,5.82,D
-5.44085,25.77524,347.41,0.39,0.36,2025-03-13,1140,N21,nominal,2.0NRT,302.64,5.82,D
-5.45143,25.70447,347.74,0.4,0.37,2025-03-13,1140,N21,low,2.0NRT,315.12,22.54,D
-5.63224,24.48338,334.07,0.43,0.38,2025-03-13,1140,N21,nominal,2.0NRT,303.19,3.3,D
-5.44809,25.70398,343.86,0.4,0.37,2025-03-13,1140,N21,low,2.0NRT,312.16,22.54,D
-5.44474,25.70349,351.05,0.4,0.37,2025-03-13,1140,N21,low,2.0NRT,311.89,40.14,D
-5.44527,25.69993,333.57,0.4,0.37,2025-03-13,1140,N21,low,2.0NRT,308.44,7.99,D
-5.59409,24.65457,333.69,0.43,0.38,2025-03-13,1140,N21,nominal,2.0NRT,301.89,2.99,D
-5.59467,24.65077,331.14,0.43,0.38,2025-03-13,1140,N21,low,2.0NRT,303.68,4.51,D
-5.47716,25.40465,331.67,0.4,0.37,2025-03-13,1140,N21,low,2.0NRT,304.61,8.03,D
-5.48042,25.38309,339.77,0.4,0.37,2025-03-13,1140,N21,nominal,2.0NRT,299.59,10.9,D
-5.5699,24.67436,333.64,0.42,0.38,2025-03-13,1140,N21,low,2.0NRT,302.33,5.99,D
-5.53194,24.90354,341.92,0.42,0.37,2025-03-13,1140,N21,nominal,2.0NRT,299.24,4.73,D
-5.73244,23.53828,332.01,0.48,0.4,2025-03-13,1140,N21,nominal,2.0NRT,299.08,5.29,D
-5.47892,25.16363,334.35,0.41,0.37,2025-03-13,1140,N21,nominal,2.0NRT,301.24,4.58,D
-5.54461,24.70169,332.89,0.42,0.38,2025-03-13,1140,N21,nominal,2.0NRT,301.38,2.67,D
-5.51527,24.87444,333.46,0.42,0.37,2025-03-13,1140,N21,low,2.0NRT,300.88,3.6,D
-5.53946,24.71253,330.59,0.42,0.38,2025-03-13,1140,N21,low,2.0NRT,302.23,4.91,D
-5.51184,24.87394,336.55,0.42,0.37,2025-03-13,1140,N21,nominal,2.0NRT,305.16,3.6,D
-5.75601,23.1478,330.1,0.5,0.41,2025-03-13,1140,N21,nominal,2.0NRT,299.77,5.91,D
-5.49257,24.90923,331.36,0.42,0.37,2025-03-13,1140,N21,nominal,2.0NRT,302.96,2.25,D
-6.01377,21.24468,336.82,0.44,0.46,2025-03-13,1140,N21,nominal,2.0NRT,294.87,6.52,D
-5.35616,25.72949,339.08,0.39,0.37,2025-03-13,1140,N21,nominal,2.0NRT,303.33,8.91,D
-5.43559,25.19827,331.57,0.41,0.37,2025-03-13,1140,N21,nominal,2.0NRT,301.78,4.36,D
-5.43613,25.1946,337.61,0.41,0.37,2025-03-13,1140,N21,nominal,2.0NRT,302.97,4.36,D
-5.35017,25.74664,332.34,0.39,0.37,2025-03-13,1140,N21,nominal,2.0NRT,300.8,2.95,D
-5.49701,24.73722,333.76,0.42,0.38,2025-03-13,1140,N21,nominal,2.0NRT,297.89,1.86,D
-6.09003,20.57579,336.08,0.49,0.49,2025-03-13,1140,N21,nominal,2.0NRT,296.31,5.39,D
-6.09369,20.54947,328.52,0.49,0.49,2025-03-13,1140,N21,nominal,2.0NRT,293.82,4.45,D
-6.30926,18.98259,336.12,0.32,0.54,2025-03-13,1140,N21,nominal,2.0NRT,292.63,6.33,D
-5.5513,24.32014,331.41,0.44,0.38,2025-03-13,1140,N21,low,2.0NRT,299.67,3.42,D
-6.30295,18.99176,327.83,0.64,0.54,2025-03-13,1140,N21,nominal,2.0NRT,294.49,7.93,D
-5.83525,22.29852,335.29,0.56,0.43,2025-03-13,1140,N21,nominal,2.0NRT,298.51,4.61,D
-5.41509,25.17289,332.81,0.41,0.37,2025-03-13,1140,N21,nominal,2.0NRT,302.49,5.01,D
-5.44788,24.90217,340.88,0.42,0.37,2025-03-13,1140,N21,nominal,2.0NRT,303.35,4.97,D
-5.3329,25.63846,333.95,0.4,0.37,2025-03-13,1140,N21,low,2.0NRT,302.61,13.82,D
-5.83589,22.29571,331.46,0.56,0.43,2025-03-13,1140,N21,nominal,2.0NRT,297.72,4.45,D
-6.09058,20.57645,331.58,0.49,0.49,2025-03-13,1140,N21,nominal,2.0NRT,295.89,5.67,D
-5.41866,25.04925,330.92,0.41,0.37,2025-03-13,1140,N21,low,2.0NRT,304.22,5.81,D
-5.46813,24.67484,333.28,0.42,0.38,2025-03-13,1140,N21,low,2.0NRT,301.19,4.52,D
-6.3079,18.98404,330.48,0.64,0.54,2025-03-13,1140,N21,nominal,2.0NRT,294.75,9.79,D
-6.30132,18.99456,327.3,0.63,0.54,2025-03-13,1140,N21,nominal,2.0NRT,295.05,8.78,D
-6.56988,17.10268,328.68,0.43,0.62,2025-03-13,1140,N21,nominal,2.0NRT,292.11,4.02,D
-5.83587,22.15959,339.69,0.38,0.43,2025-03-13,1140,N21,nominal,2.0NRT,298.27,5.12,D
-5.3904,25.07511,335.52,0.41,0.37,2025-03-13,1140,N21,low,2.0NRT,303.61,9.83,D
-5.44459,24.6906,344.77,0.42,0.38,2025-03-13,1140,N21,nominal,2.0NRT,302.49,6.69,D
-5.69027,22.9867,335.76,0.51,0.41,2025-03-13,1140,N21,nominal,2.0NRT,300.79,5.08,D
-6.256,19.02873,344.2,0.63,0.54,2025-03-13,1140,N21,nominal,2.0NRT,294.97,17.78,D
-5.79859,22.1368,333.68,0.38,0.43,2025-03-13,1140,N21,nominal,2.0NRT,298.16,5.26,D
-6.27945,18.75174,354.13,0.33,0.55,2025-03-13,1140,N21,nominal,2.0NRT,295.75,7.2,D
-5.80061,22.09474,341.46,0.39,0.44,2025-03-13,1140,N21,nominal,2.0NRT,296.05,8.89,D
-5.8011,22.09134,339.36,0.39,0.44,2025-03-13,1140,N21,nominal,2.0NRT,297.9,6.28,D
-5.33521,25.23493,334.1,0.41,0.37,2025-03-13,1140,N21,low,2.0NRT,300.96,4.12,D
-5.78661,22.16354,332.05,0.57,0.43,2025-03-13,1140,N21,nominal,2.0NRT,295.29,7.99,D
-5.38669,24.86651,345.94,0.42,0.37,2025-03-13,1140,N21,nominal,2.0NRT,306.5,11.83,D
-5.39943,24.75721,344.96,0.42,0.38,2025-03-13,1140,N21,low,2.0NRT,302.52,11.05,D
-5.45261,24.3498,330.69,0.44,0.38,2025-03-13,1140,N21,low,2.0NRT,301.12,2.54,D
-6.29411,18.41837,336.43,0.35,0.57,2025-03-13,1140,N21,nominal,2.0NRT,288.81,8.08,D
-5.44911,24.34929,333.42,0.44,0.38,2025-03-13,1140,N21,low,2.0NRT,300.6,10.56,D
-5.44968,24.34538,338.4,0.44,0.38,2025-03-13,1140,N21,nominal,2.0NRT,305.04,26.37,D
-5.70798,22.57037,332.59,0.54,0.42,2025-03-13,1140,N21,nominal,2.0NRT,295.66,4.79,D
-5.35798,24.94206,335.81,0.41,0.37,2025-03-13,1140,N21,low,2.0NRT,307.24,6.33,D
-5.37178,24.84893,342.51,0.42,0.37,2025-03-13,1140,N21,low,2.0NRT,303.93,5.96,D
-5.35456,24.94153,337.59,0.41,0.37,2025-03-13,1140,N21,low,2.0NRT,303.44,5.7,D
-5.41528,24.53058,338.8,0.43,0.38,2025-03-13,1140,N21,nominal,2.0NRT,300.8,4.43,D
-5.64809,22.82432,331.98,0.52,0.42,2025-03-13,1140,N21,nominal,2.0NRT,298.52,10.08,D
-5.67926,22.60577,339.64,0.54,0.42,2025-03-13,1140,N21,nominal,2.0NRT,298.52,7.31,D
-5.3867,24.60444,335.2,0.43,0.38,2025-03-13,1140,N21,nominal,2.0NRT,298.89,2.43,D
-5.38774,24.60504,333.61,0.43,0.38,2025-03-13,1140,N21,low,2.0NRT,299,3.47,D
-5.64823,22.82651,336.55,0.52,0.42,2025-03-13,1140,N21,nominal,2.0NRT,298.69,8.62,D
-5.68159,22.60363,331.69,0.54,0.42,2025-03-13,1140,N21,nominal,2.0NRT,297.91,5.17,D
-5.73995,22.13122,332.29,0.38,0.43,2025-03-13,1140,N21,nominal,2.0NRT,296.68,3.53,D
-5.2609,25.30544,339.68,0.4,0.37,2025-03-13,1140,N21,low,2.0NRT,302.35,5.42,D
-5.81655,21.58502,340.33,0.42,0.45,2025-03-13,1140,N21,nominal,2.0NRT,297.14,5.21,D
-4.81383,28.21704,331.73,0.4,0.37,2025-03-13,1140,N21,nominal,2.0NRT,298.36,3.7,D
-5.28602,25.11607,334.46,0.41,0.37,2025-03-13,1140,N21,nominal,2.0NRT,303.49,5.92,D
-5.35659,24.6004,338.9,0.43,0.38,2025-03-13,1140,N21,nominal,2.0NRT,301.18,6.71,D
-6.62793,15.64722,337.4,0.55,0.68,2025-03-13,1140,N21,nominal,2.0NRT,287.86,5.35,D
-6.62925,15.63753,337.97,0.55,0.68,2025-03-13,1140,N21,nominal,2.0NRT,286.64,15.38,D
-6.62992,15.63259,342.15,0.55,0.68,2025-03-13,1140,N21,nominal,2.0NRT,287.63,13.27,D
-5.66487,22.4222,331.41,0.55,0.43,2025-03-13,1140,N21,nominal,2.0NRT,297.71,2.72,D
-5.66201,22.30481,331.91,0.56,0.43,2025-03-13,1140,N21,nominal,2.0NRT,297.46,13.2,D
-6.23656,18.24992,355.59,0.36,0.57,2025-03-13,1140,N21,low,2.0NRT,289.58,7.07,D
-6.23133,18.2492,338.55,0.36,0.57,2025-03-13,1140,N21,nominal,2.0NRT,290.79,7.07,D
-6.40578,16.88599,335.78,0.45,0.63,2025-03-13,1140,N21,nominal,2.0NRT,290.35,4.87,D
-5.3931,24.01705,331.88,0.45,0.39,2025-03-13,1140,N21,nominal,2.0NRT,300.55,4.46,D
-5.72854,21.67096,340.95,0.41,0.45,2025-03-13,1140,N21,nominal,2.0NRT,297.84,6.79,D
-5.60893,22.47917,340,0.55,0.42,2025-03-13,1140,N21,nominal,2.0NRT,295.93,7.18,D
-5.88242,20.54995,332.32,0.49,0.48,2025-03-13,1140,N21,nominal,2.0NRT,295.36,6.65,D
-5.878,20.54921,334.39,0.49,0.48,2025-03-13,1140,N21,nominal,2.0NRT,294.86,6.01,D
-5.8786,20.54492,331.16,0.49,0.48,2025-03-13,1140,N21,nominal,2.0NRT,294.98,2.89,D
-5.87565,20.46828,339.04,0.49,0.49,2025-03-13,1140,N21,nominal,2.0NRT,292.47,9.04,D
-5.20088,25.15196,347.74,0.41,0.37,2025-03-13,1140,N21,nominal,2.0NRT,305.12,10.31,D
-5.25649,24.75206,338.98,0.42,0.38,2025-03-13,1140,N21,nominal,2.0NRT,299.78,13.72,D
-5.3064,24.41208,332.73,0.43,0.38,2025-03-13,1140,N21,nominal,2.0NRT,299.87,2.01,D
-5.25674,24.75175,333.05,0.42,0.38,2025-03-13,1140,N21,low,2.0NRT,299.52,8.66,D
-5.30817,24.41223,332.82,0.43,0.38,2025-03-13,1140,N21,nominal,2.0NRT,300.6,2.07,D
-5.25331,24.75122,334.73,0.42,0.38,2025-03-13,1140,N21,low,2.0NRT,301.11,8.66,D
-5.87846,20.54968,329.15,0.49,0.48,2025-03-13,1140,N21,nominal,2.0NRT,294.64,6.7,D
-5.64098,22.09488,336.81,0.38,0.43,2025-03-13,1140,N21,nominal,2.0NRT,296,4.43,D
-5.5031,22.96779,330.52,0.51,0.41,2025-03-13,1140,N21,nominal,2.0NRT,298.09,3.46,D
-5.77794,21.11169,347.02,0.45,0.47,2025-03-13,1140,N21,nominal,2.0NRT,296.72,9.46,D
-5.87227,20.46823,338.56,0.49,0.49,2025-03-13,1140,N21,nominal,2.0NRT,293.12,8.53,D
-6.1412,18.61175,334.13,0.34,0.56,2025-03-13,1140,N21,nominal,2.0NRT,281.09,2.74,D
-5.755,21.12004,350.71,0.45,0.47,2025-03-13,1140,N21,nominal,2.0NRT,296.09,8.67,D
-6.26573,17.54305,328.37,0.4,0.6,2025-03-13,1140,N21,nominal,2.0NRT,288.47,3.87,D
-6.18137,18.10567,334.92,0.36,0.58,2025-03-13,1140,N21,nominal,2.0NRT,291.35,5.83,D
-6.10977,18.50287,329.31,0.34,0.56,2025-03-13,1140,N21,nominal,2.0NRT,290.88,3.71,D
-5.25584,24.38077,334.05,0.43,0.38,2025-03-13,1140,N21,nominal,2.0NRT,300.93,3.52,D
-5.80271,20.63659,329.73,0.48,0.48,2025-03-13,1140,N21,nominal,2.0NRT,291.85,3.58,D
-6.10463,18.50227,342.71,0.34,0.56,2025-03-13,1140,N21,nominal,2.0NRT,290.62,8.35,D
-6.10504,18.49928,344.77,0.34,0.56,2025-03-13,1140,N21,nominal,2.0NRT,291.86,9.19,D
-5.45266,22.91822,330.33,0.51,0.41,2025-03-13,1140,N21,nominal,2.0NRT,297.42,2.89,D
-5.23366,24.36188,335.09,0.43,0.38,2025-03-13,1140,N21,nominal,2.0NRT,303.33,4.22,D
-5.23424,24.35796,337.9,0.43,0.38,2025-03-13,1140,N21,nominal,2.0NRT,303.24,4.22,D
-5.28735,23.97281,348.51,0.45,0.39,2025-03-13,1140,N21,nominal,2.0NRT,302.57,15.73,D
-5.28793,23.96882,334.78,0.45,0.39,2025-03-13,1140,N21,low,2.0NRT,300.41,15.73,D
-5.55204,22.12023,335.74,0.57,0.43,2025-03-13,1140,N21,nominal,2.0NRT,297.97,9.42,D
-6.10049,18.10815,344.76,0.36,0.58,2025-03-13,1140,N21,nominal,2.0NRT,289.11,6.13,D
-5.11847,24.97439,340.93,0.41,0.37,2025-03-13,1140,N21,nominal,2.0NRT,300.81,8.83,D
-5.11667,24.93616,332.34,0.41,0.37,2025-03-13,1140,N21,nominal,2.0NRT,299.75,3.29,D
-5.52207,22.13926,331.82,0.57,0.43,2025-03-13,1140,N21,nominal,2.0NRT,296.7,4.19,D
-5.53212,22.07169,334.66,0.38,0.43,2025-03-13,1140,N21,nominal,2.0NRT,298.35,2.87,D
-5.60061,21.60995,331.26,0.41,0.45,2025-03-13,1140,N21,nominal,2.0NRT,298.43,3.66,D
-5.0703,25.12777,340.79,0.41,0.37,2025-03-13,1140,N21,nominal,2.0NRT,299.59,5.12,D
-5.13447,24.70255,337.62,0.42,0.38,2025-03-13,1140,N21,low,2.0NRT,305.14,5.16,D
-5.07239,25.09092,347.74,0.41,0.37,2025-03-13,1140,N21,nominal,2.0NRT,301.96,20.61,D
-5.13102,24.70211,333.43,0.42,0.38,2025-03-13,1140,N21,low,2.0NRT,305.67,5.16,D
-5.6916,20.93439,339.21,0.46,0.47,2025-03-13,1140,N21,nominal,2.0NRT,297.02,7.08,D
-5.69343,20.9219,335.43,0.46,0.47,2025-03-13,1140,N21,nominal,2.0NRT,295.92,3.5,D
-6.10048,18.10972,339.65,0.36,0.58,2025-03-13,1140,N21,nominal,2.0NRT,288.58,5.15,D
-4.48716,28.90169,331.27,0.42,0.38,2025-03-13,1140,N21,nominal,2.0NRT,290.45,2.85,D
-5.069,25.09039,331.06,0.41,0.37,2025-03-13,1140,N21,low,2.0NRT,302.62,3.81,D
-5.37275,23.03807,331.37,0.5,0.41,2025-03-13,1140,N21,nominal,2.0NRT,297.14,4.36,D
-6.08368,18.15253,328.55,0.36,0.57,2025-03-13,1140,N21,nominal,2.0NRT,292.98,2.46,D
-5.12578,24.66672,334.14,0.42,0.38,2025-03-13,1140,N21,low,2.0NRT,301.52,8.6,D
-5.6966,20.74847,332.76,0.47,0.48,2025-03-13,1140,N21,nominal,2.0NRT,293.29,2.67,D
-4.46411,28.93648,333.81,0.42,0.38,2025-03-13,1140,N21,nominal,2.0NRT,298.31,1.96,D
-4.46701,28.91784,333.44,0.42,0.38,2025-03-13,1140,N21,nominal,2.0NRT,296.64,3.59,D
-5.69223,20.74792,329.5,0.47,0.48,2025-03-13,1140,N21,nominal,2.0NRT,296.88,2.67,D
-6.33656,16.13198,327.49,0.5,0.66,2025-03-13,1140,N21,nominal,2.0NRT,289.78,4.14,D
-5.05928,24.94678,340.9,0.41,0.37,2025-03-13,1140,N21,nominal,2.0NRT,299.28,6.52,D
-5.05588,24.94626,341.71,0.41,0.37,2025-03-13,1140,N21,nominal,2.0NRT,300.99,10.42,D
-5.65804,20.76926,339.46,0.47,0.48,2025-03-13,1140,N21,nominal,2.0NRT,293.95,9.23,D
-5.0428,24.9405,341.9,0.41,0.37,2025-03-13,1140,N21,nominal,2.0NRT,301.75,16.35,D
-5.03939,24.93999,353.18,0.41,0.37,2025-03-13,1140,N21,nominal,2.0NRT,303.51,16.35,D
-5.03994,24.93628,331.16,0.41,0.37,2025-03-13,1140,N21,nominal,2.0NRT,298.22,5.56,D
-5.45511,22.09866,333,0.57,0.43,2025-03-13,1140,N21,nominal,2.0NRT,298.95,6.28,D
-6.01322,18.12041,339.86,0.36,0.57,2025-03-13,1140,N21,nominal,2.0NRT,292.91,5.05,D
-5.4544,22.01854,340.34,0.39,0.44,2025-03-13,1140,N21,nominal,2.0NRT,298.21,3.7,D
-5.93707,18.52406,345.18,0.34,0.56,2025-03-13,1140,N21,nominal,2.0NRT,291.94,5.11,D
-5.93747,18.52107,335.41,0.34,0.56,2025-03-13,1140,N21,nominal,2.0NRT,293.1,5.11,D
-5.11743,24.29313,332.67,0.44,0.38,2025-03-13,1140,N21,low,2.0NRT,301.08,5.16,D
-5.52351,21.47361,335.78,0.42,0.45,2025-03-13,1140,N21,nominal,2.0NRT,296.42,3.54,D
-4.40946,28.88307,330.81,0.42,0.38,2025-03-13,1140,N21,nominal,2.0NRT,298.99,1.69,D
-5.10193,24.3153,334.19,0.43,0.38,2025-03-13,1140,N21,nominal,2.0NRT,302.43,14.07,D
-5.10251,24.31142,350.64,0.43,0.38,2025-03-13,1140,N21,nominal,2.0NRT,304.43,30.01,D
-5.09902,24.31091,341.25,0.43,0.38,2025-03-13,1140,N21,nominal,2.0NRT,303.5,16.16,D
-5.25936,23.22291,331.1,0.49,0.4,2025-03-13,1140,N21,nominal,2.0NRT,297.96,5.12,D
-5.52095,21.47346,337.51,0.42,0.45,2025-03-13,1140,N21,nominal,2.0NRT,296.09,4.73,D
-4.36502,29.05703,335.61,0.43,0.38,2025-03-13,1140,N21,nominal,2.0NRT,301.5,4.18,D
-5.02865,24.70638,336.12,0.42,0.38,2025-03-13,1140,N21,nominal,2.0NRT,302.7,8.93,D
-5.939,18.52319,349.67,0.34,0.56,2025-03-13,1140,N21,nominal,2.0NRT,292.15,8.62,D
-5.02232,24.67841,333.48,0.42,0.38,2025-03-13,1140,N21,low,2.0NRT,303.05,7.15,D
-5.0268,24.62524,355.17,0.42,0.38,2025-03-13,1140,N21,low,2.0NRT,305.22,22.74,D
-5.59289,20.7487,339.01,0.47,0.48,2025-03-13,1140,N21,nominal,2.0NRT,296.41,6.45,D
-5.91535,18.43283,338.02,0.34,0.56,2025-03-13,1140,N21,nominal,2.0NRT,293.05,7.11,D
-5.91578,18.42974,337.45,0.34,0.56,2025-03-13,1140,N21,nominal,2.0NRT,296.63,7.11,D
-5.02432,24.52401,335.08,0.43,0.38,2025-03-13,1140,N21,low,2.0NRT,305.42,21.33,D
-5.90589,18.42556,354.91,0.34,0.56,2025-03-13,1140,N21,nominal,2.0NRT,292.35,6.6,D
-5.91601,18.316,367,0.35,0.57,2025-03-13,1140,N21,high,2.0NRT,293.79,12.65,D
-6.08843,16.9061,337.58,0.44,0.62,2025-03-13,1140,N21,nominal,2.0NRT,295.61,6.85,D
-4.134,30.16064,330.3,0.49,0.4,2025-03-13,1140,N21,nominal,2.0NRT,299.32,3.74,D
-6.05299,17.03954,328.85,0.43,0.62,2025-03-13,1140,N21,nominal,2.0NRT,291.99,3.38,D
-5.95189,17.74398,339.24,0.38,0.59,2025-03-13,1140,N21,nominal,2.0NRT,285.54,6.29,D
-4.9654,24.49974,334.52,0.43,0.38,2025-03-13,1140,N21,low,2.0NRT,302.44,4.87,D
-4.96193,24.49924,336.42,0.43,0.38,2025-03-13,1140,N21,low,2.0NRT,306.09,6.5,D
-6.09113,16.7907,328.62,0.45,0.63,2025-03-13,1140,N21,nominal,2.0NRT,292.75,6.65,D
-4.95038,24.50542,339.9,0.43,0.38,2025-03-13,1140,N21,low,2.0NRT,305.46,9.85,D
-5.94938,17.74217,348.86,0.38,0.59,2025-03-13,1140,N21,nominal,2.0NRT,289.83,6.22,D
-4.22672,29.08713,344.89,0.43,0.38,2025-03-13,1140,N21,nominal,2.0NRT,299.24,9.9,D
-5.4204,21.10221,339.06,0.44,0.46,2025-03-13,1140,N21,nominal,2.0NRT,293.71,2.42,D
-4.88077,24.73417,341.29,0.42,0.37,2025-03-13,1140,N21,nominal,2.0NRT,301.32,5.01,D
-5.94586,17.29258,334.65,0.41,0.61,2025-03-13,1140,N21,nominal,2.0NRT,289.98,4.08,D
-6.0658,16.42006,345.72,0.48,0.64,2025-03-13,1140,N21,nominal,2.0NRT,291.51,7.02,D
-5.1358,22.91452,331.8,0.51,0.41,2025-03-13,1140,N21,nominal,2.0NRT,295.86,5.4,D
-5.00183,23.8001,334.94,0.46,0.39,2025-03-13,1140,N21,nominal,2.0NRT,300.79,7.09,D
-4.8797,24.57637,349,0.42,0.38,2025-03-13,1140,N21,nominal,2.0NRT,303.9,11.61,D
-5.3905,21.00833,330.95,0.45,0.47,2025-03-13,1140,N21,nominal,2.0NRT,297.99,3.39,D
-5.94745,16.94535,345.72,0.44,0.62,2025-03-13,1140,N21,nominal,2.0NRT,292.76,7.23,D
-6.13289,15.45658,327.67,0.56,0.69,2025-03-13,1140,N21,nominal,2.0NRT,287.92,6.41,D
-6.13353,15.45164,326.79,0.56,0.69,2025-03-13,1140,N21,nominal,2.0NRT,287.51,6.41,D
-4.82379,24.76398,330.07,0.42,0.37,2025-03-13,1140,N21,low,2.0NRT,302.63,3.17,D
-4.82434,24.76024,333.41,0.42,0.37,2025-03-13,1140,N21,low,2.0NRT,306.24,4.47,D
-4.82037,24.76346,335.68,0.42,0.37,2025-03-13,1140,N21,low,2.0NRT,302.33,3.17,D
-4.82147,24.756,332.31,0.42,0.37,2025-03-13,1140,N21,low,2.0NRT,303.25,4.47,D
-4.82019,24.76307,336.38,0.42,0.37,2025-03-13,1140,N21,low,2.0NRT,302.52,4.82,D
-4.82132,24.75562,330.92,0.42,0.37,2025-03-13,1140,N21,low,2.0NRT,302.76,5.78,D
-4.81556,24.70119,345.67,0.42,0.38,2025-03-13,1140,N21,nominal,2.0NRT,299.33,4.64,D
-4.81612,24.69745,334.87,0.42,0.38,2025-03-13,1140,N21,nominal,2.0NRT,299.43,3.36,D
-5.95045,16.94475,334.87,0.44,0.62,2025-03-13,1140,N21,nominal,2.0NRT,292.65,6.94,D
-5.22993,21.83501,330.3,0.39,0.44,2025-03-13,1140,N21,nominal,2.0NRT,297.33,3.06,D
-5.23847,21.74936,331.03,0.4,0.44,2025-03-13,1140,N21,nominal,2.0NRT,296.07,4.2,D
-6.13541,15.45252,339.92,0.56,0.69,2025-03-13,1140,N21,nominal,2.0NRT,288.04,12.05,D
-5.18086,21.94594,343.99,0.39,0.44,2025-03-13,1140,N21,nominal,2.0NRT,298.01,8.75,D
-5.7774,17.73399,335.51,0.38,0.59,2025-03-13,1140,N21,nominal,2.0NRT,291.82,5.98,D
-4.73855,24.86441,333.55,0.41,0.37,2025-03-13,1140,N21,low,2.0NRT,306.68,40.98,D
-4.73514,24.8639,348.31,0.41,0.37,2025-03-13,1140,N21,nominal,2.0NRT,298.54,10.05,D
-5.9313,16.49152,337.6,0.47,0.64,2025-03-13,1140,N21,nominal,2.0NRT,290.21,9.87,D
-5.10229,22.34728,331.84,0.55,0.43,2025-03-13,1140,N21,nominal,2.0NRT,297.95,6.78,D
-5.18269,21.79224,341.5,0.4,0.44,2025-03-13,1140,N21,nominal,2.0NRT,297.63,6.28,D
-4.7388,24.79261,332.06,0.41,0.37,2025-03-13,1140,N21,nominal,2.0NRT,299.64,7.67,D
-4.94563,23.34304,331.76,0.48,0.4,2025-03-13,1140,N21,low,2.0NRT,298.96,7.54,D
-5.69965,17.98265,355.03,0.37,0.58,2025-03-13,1140,N21,nominal,2.0NRT,292.94,12.49,D
-5.11843,22.06889,330.53,0.57,0.43,2025-03-13,1140,N21,nominal,2.0NRT,298.03,3.45,D
-5.88871,16.49826,331.83,0.47,0.64,2025-03-13,1140,N21,nominal,2.0NRT,290.39,5.88,D
-4.70501,24.85555,331.08,0.41,0.37,2025-03-13,1140,N21,low,2.0NRT,300.64,4.65,D
-4.76304,24.41509,343.09,0.43,0.38,2025-03-13,1140,N21,nominal,2.0NRT,302.91,11.74,D
-4.76428,24.41581,336.48,0.43,0.38,2025-03-13,1140,N21,low,2.0NRT,303.16,10.45,D
-4.32303,27.293,338.58,0.39,0.36,2025-03-13,1140,N21,nominal,2.0NRT,298.54,5.82,D
-4.76608,24.31004,336.11,0.43,0.38,2025-03-13,1140,N21,nominal,2.0NRT,300.4,4.25,D
-5.41398,19.9769,328.85,0.53,0.5,2025-03-13,1140,N21,nominal,2.0NRT,292.05,4.06,D
-5.70022,17.98235,367,0.37,0.58,2025-03-13,1140,N21,high,2.0NRT,292.88,12.41,D
-4.75734,24.34435,335.34,0.43,0.38,2025-03-13,1140,N21,low,2.0NRT,301.02,9.03,D
-4.7626,24.30952,336.56,0.43,0.38,2025-03-13,1140,N21,nominal,2.0NRT,304.72,4.25,D
-4.73195,24.46562,331.23,0.43,0.38,2025-03-13,1140,N21,low,2.0NRT,304.52,8.72,D
-4.18079,28.06631,343.36,0.4,0.37,2025-03-13,1140,N21,nominal,2.0NRT,296.77,5.73,D
-4.18568,28.01211,332.31,0.4,0.37,2025-03-13,1140,N21,nominal,2.0NRT,298.98,2.14,D
-5.18045,21.40977,333.66,0.42,0.45,2025-03-13,1140,N21,nominal,2.0NRT,292.03,2.67,D
-5.88908,16.4999,338.88,0.47,0.64,2025-03-13,1140,N21,nominal,2.0NRT,289.28,4.27,D
-4.72722,24.35552,339.91,0.43,0.38,2025-03-13,1140,N21,low,2.0NRT,306.87,10.81,D
-4.7278,24.35167,330.45,0.43,0.38,2025-03-13,1140,N21,low,2.0NRT,301.19,4.9,D
-4.88098,23.30004,331.29,0.48,0.4,2025-03-13,1140,N21,nominal,2.0NRT,298.59,4.94,D
-4.70425,24.46161,340.41,0.43,0.38,2025-03-13,1140,N21,nominal,2.0NRT,301.44,5.38,D
-5.55446,18.56029,333.05,0.33,0.55,2025-03-13,1140,N21,nominal,2.0NRT,295.54,2.84,D
-4.70235,24.37938,332.39,0.43,0.38,2025-03-13,1140,N21,nominal,2.0NRT,301.67,4.78,D
-5.71202,17.35462,342.81,0.41,0.6,2025-03-13,1140,N21,nominal,2.0NRT,292.28,5.25,D
-4.69265,24.42072,333.95,0.43,0.38,2025-03-13,1140,N21,low,2.0NRT,303.57,57.06,D
-4.85896,23.29695,342.72,0.48,0.4,2025-03-13,1140,N21,nominal,2.0NRT,298.06,9.28,D
-4.2279,27.44901,341,0.39,0.36,2025-03-13,1140,N21,nominal,2.0NRT,298.68,3.29,D
-5.03449,22.01313,331.84,0.57,0.43,2025-03-13,1140,N21,nominal,2.0NRT,297.34,6.32,D
-4.66709,24.37788,352.85,0.43,0.38,2025-03-13,1140,N21,nominal,2.0NRT,301.62,12.93,D
-4.22051,27.29859,335.81,0.39,0.36,2025-03-13,1140,N21,nominal,2.0NRT,298.82,3.93,D
-4.21689,27.2972,335.81,0.39,0.36,2025-03-13,1140,N21,nominal,2.0NRT,298.97,5.49,D
-4.62737,24.55457,341.93,0.42,0.38,2025-03-13,1140,N21,nominal,2.0NRT,297.67,12.36,D
-4.62392,24.55412,345.1,0.42,0.38,2025-03-13,1140,N21,nominal,2.0NRT,300.73,12.36,D
-4.98917,22.0247,332.39,0.57,0.43,2025-03-13,1140,N21,nominal,2.0NRT,297.85,5.76,D
-5.51154,18.46993,331.44,0.34,0.56,2025-03-13,1140,N21,nominal,2.0NRT,298.46,4.27,D
-5.4732,18.5925,340.23,0.33,0.55,2025-03-13,1140,N21,nominal,2.0NRT,293.51,8.18,D
-4.87623,22.65144,333.67,0.52,0.42,2025-03-13,1140,N21,nominal,2.0NRT,298.2,17.02,D
-5.5993,17.63218,332.02,0.39,0.59,2025-03-13,1140,N21,nominal,2.0NRT,292.31,4.48,D
-5.71675,16.75553,331.6,0.45,0.63,2025-03-13,1140,N21,nominal,2.0NRT,291.44,3.51,D
-5.39469,18.71305,337.6,0.32,0.55,2025-03-13,1140,N21,nominal,2.0NRT,289.13,2.78,D
-5.52142,17.71906,367,0.38,0.59,2025-03-13,1140,N21,high,2.0NRT,294.08,8.84,D
-4.93893,21.83955,339.73,0.39,0.44,2025-03-13,1140,N21,nominal,2.0NRT,298.21,14.35,D
-4.5462,24.48454,344.34,0.42,0.38,2025-03-13,1140,N21,low,2.0NRT,297.49,11.06,D
-4.0067,28.02048,330.23,0.4,0.37,2025-03-13,1140,N21,nominal,2.0NRT,299.67,2.24,D
-4.00667,27.99853,333.09,0.4,0.37,2025-03-13,1140,N21,nominal,2.0NRT,302.02,3.27,D
-4.00387,27.99443,332.44,0.4,0.37,2025-03-13,1140,N21,nominal,2.0NRT,301.03,5.85,D
-4.75902,22.91675,331.45,0.5,0.41,2025-03-13,1140,N21,nominal,2.0NRT,296.54,10.65,D
-4.91689,21.81053,335.87,0.39,0.44,2025-03-13,1140,N21,nominal,2.0NRT,296.13,4.04,D
-5.35003,18.87692,328.74,0.63,0.54,2025-03-13,1140,N21,nominal,2.0NRT,293.61,5.7,D
-5.51844,17.71702,341.43,0.38,0.59,2025-03-13,1140,N21,nominal,2.0NRT,292.57,3.96,D
-4.74916,22.90603,330.01,0.5,0.41,2025-03-13,1140,N21,nominal,2.0NRT,295.07,3.05,D
-4.05079,27.40626,332.24,0.39,0.36,2025-03-13,1140,N21,nominal,2.0NRT,297.93,3.95,D
-4.76786,22.6515,330.05,0.52,0.42,2025-03-13,1140,N21,nominal,2.0NRT,295.65,10.42,D
-4.72231,22.90671,338.88,0.5,0.41,2025-03-13,1140,N21,nominal,2.0NRT,298.62,19.3,D
-4.88541,21.77374,332.37,0.39,0.44,2025-03-13,1140,N21,nominal,2.0NRT,297.23,4.46,D
-5.53967,17.13528,333.71,0.42,0.61,2025-03-13,1140,N21,nominal,2.0NRT,290.68,5.09,D
-4.7025,22.88552,330.47,0.5,0.41,2025-03-13,1140,N21,nominal,2.0NRT,294.08,5.11,D
-5.56212,16.76436,338.26,0.44,0.63,2025-03-13,1142,N21,nominal,2.0NRT,288.98,4.7,D
-5.58002,16.59029,346.07,0.46,0.63,2025-03-13,1142,N21,nominal,2.0NRT,291.52,13.88,D
-4.85328,21.71173,339.37,0.4,0.44,2025-03-13,1142,N21,nominal,2.0NRT,296.88,4.44,D
-4.70191,22.73173,340.46,0.51,0.41,2025-03-13,1142,N21,nominal,2.0NRT,296.94,9.83,D
-4.71768,22.5963,332.82,0.52,0.42,2025-03-13,1142,N21,nominal,2.0NRT,296.22,11.56,D
-4.72787,22.52584,342.78,0.53,0.42,2025-03-13,1142,N21,nominal,2.0NRT,298.66,18.25,D
-4.87578,21.46754,332.27,0.41,0.45,2025-03-13,1142,N21,nominal,2.0NRT,296.17,2.33,D
-5.55989,16.76475,332.41,0.44,0.63,2025-03-13,1142,N21,nominal,2.0NRT,290.36,4.59,D
-4.78325,22.0064,331.43,0.57,0.43,2025-03-13,1142,N21,nominal,2.0NRT,292.89,6.51,D
-4.86898,21.43302,331.4,0.41,0.45,2025-03-13,1142,N21,nominal,2.0NRT,298.33,3.02,D
-5.29116,18.57744,329.1,0.33,0.55,2025-03-13,1142,N21,nominal,2.0NRT,293.36,1.49,D
-5.57971,16.58637,340.62,0.46,0.63,2025-03-13,1142,N21,nominal,2.0NRT,290.49,14.44,D
-4.67308,22.66332,340.48,0.52,0.41,2025-03-13,1142,N21,nominal,2.0NRT,298.33,17.59,D
-4.68213,22.60283,332.17,0.52,0.42,2025-03-13,1142,N21,nominal,2.0NRT,297.76,4.68,D
-5.1914,19.12305,340.83,0.6,0.53,2025-03-13,1142,N21,nominal,2.0NRT,292.13,11.52,D
-5.19218,19.11773,339.84,0.6,0.53,2025-03-13,1142,N21,nominal,2.0NRT,293.45,11.52,D
-4.66756,22.6484,335.76,0.52,0.41,2025-03-13,1142,N21,nominal,2.0NRT,297.33,8.76,D
-4.67591,22.5924,331.57,0.52,0.42,2025-03-13,1142,N21,nominal,2.0NRT,296.73,3.61,D
-4.63807,22.79459,332.33,0.51,0.41,2025-03-13,1142,N21,nominal,2.0NRT,297.37,5.33,D
-4.6242,22.86209,330.61,0.5,0.41,2025-03-13,1142,N21,nominal,2.0NRT,298.14,4.53,D
-4.64588,22.71616,329.87,0.51,0.41,2025-03-13,1142,N21,nominal,2.0NRT,296.17,4.07,D
-4.6421,22.71559,344.06,0.51,0.41,2025-03-13,1142,N21,nominal,2.0NRT,298.28,13.8,D
-4.61324,22.8327,334.88,0.51,0.41,2025-03-13,1142,N21,nominal,2.0NRT,298.89,7.47,D
-4.83615,21.2836,339.61,0.42,0.45,2025-03-13,1142,N21,nominal,2.0NRT,297.1,3.97,D
-5.15542,19.06341,330.23,0.6,0.53,2025-03-13,1142,N21,nominal,2.0NRT,297.38,10.55,D
-5.50735,16.55575,328.6,0.46,0.63,2025-03-13,1142,N21,nominal,2.0NRT,289.32,2.49,D
-4.76506,21.62985,339.89,0.4,0.44,2025-03-13,1142,N21,nominal,2.0NRT,294.03,3.25,D
-4.57991,22.85114,337.29,0.5,0.41,2025-03-13,1142,N21,nominal,2.0NRT,296.96,7.12,D
-4.74562,21.70744,336.64,0.4,0.44,2025-03-13,1142,N21,nominal,2.0NRT,294.68,4.82,D
-4.78565,21.42897,329.96,0.41,0.45,2025-03-13,1142,N21,nominal,2.0NRT,295.35,2.41,D
-4.75449,21.58808,346.58,0.4,0.44,2025-03-13,1142,N21,nominal,2.0NRT,296.91,8.72,D
-4.74991,21.59115,330.82,0.4,0.44,2025-03-13,1142,N21,nominal,2.0NRT,298.13,5.83,D
-4.74971,21.59037,339.62,0.4,0.44,2025-03-13,1142,N21,nominal,2.0NRT,298.06,5,D
-4.75923,21.44354,340.44,0.41,0.45,2025-03-13,1142,N21,nominal,2.0NRT,296.75,4.18,D
-4.73454,21.58088,331.64,0.4,0.44,2025-03-13,1142,N21,nominal,2.0NRT,295.63,2.49,D
-4.67812,21.93121,330.18,0.57,0.43,2025-03-13,1142,N21,nominal,2.0NRT,295,6.63,D
-4.71941,21.62672,340.56,0.4,0.44,2025-03-13,1142,N21,nominal,2.0NRT,298.2,7.63,D
-5.18688,18.44958,333.08,0.33,0.56,2025-03-13,1142,N21,nominal,2.0NRT,291.75,5.69,D
-5.18733,18.44651,355.7,0.33,0.56,2025-03-13,1142,N21,nominal,2.0NRT,292.56,5.69,D
-4.52649,22.86737,332.14,0.5,0.41,2025-03-13,1142,N21,nominal,2.0NRT,295.18,5.84,D
-5.42759,16.61567,340.83,0.45,0.63,2025-03-13,1142,N21,nominal,2.0NRT,288.27,13.81,D
-4.54051,22.6699,331.07,0.52,0.41,2025-03-13,1142,N21,nominal,2.0NRT,296.95,6.85,D
-4.80834,20.85124,336.37,0.45,0.47,2025-03-13,1142,N21,nominal,2.0NRT,296.4,5.01,D
-4.68298,21.62136,333.39,0.4,0.44,2025-03-13,1142,N21,nominal,2.0NRT,295.13,3.5,D
-5.28504,17.42491,344.87,0.39,0.6,2025-03-13,1142,N21,nominal,2.0NRT,289.97,7.26,D
-5.39814,16.57402,340.19,0.45,0.63,2025-03-13,1142,N21,nominal,2.0NRT,289.05,5.84,D
-4.69121,21.50812,339.33,0.41,0.45,2025-03-13,1142,N21,nominal,2.0NRT,297.98,4.49,D
-4.50851,22.65094,330.89,0.52,0.41,2025-03-13,1142,N21,nominal,2.0NRT,295.51,3.14,D
-5.23841,17.48117,335.73,0.39,0.59,2025-03-13,1142,N21,nominal,2.0NRT,291.39,3.98,D
-4.66879,21.49022,339.36,0.41,0.45,2025-03-13,1142,N21,nominal,2.0NRT,297.83,6.42,D
-4.65424,21.56252,333,0.4,0.44,2025-03-13,1142,N21,nominal,2.0NRT,294.81,2.68,D
-4.66735,21.4712,335.43,0.41,0.45,2025-03-13,1142,N21,nominal,2.0NRT,296.32,4.49,D
-4.67959,21.3565,330.56,0.42,0.45,2025-03-13,1142,N21,nominal,2.0NRT,296.06,3.81,D
-5.24124,17.33904,330.38,0.4,0.6,2025-03-13,1142,N21,nominal,2.0NRT,289.61,5.28,D
-4.10536,25.17327,332.83,0.4,0.37,2025-03-13,1142,N21,low,2.0NRT,297.07,3.95,D
-4.09473,25.17535,331.67,0.4,0.37,2025-03-13,1142,N21,nominal,2.0NRT,297.82,3.09,D
-4.98828,19.23933,330.95,0.58,0.52,2025-03-13,1142,N21,nominal,2.0NRT,291.83,7.47,D
-5.23648,17.47908,334.66,0.39,0.59,2025-03-13,1142,N21,nominal,2.0NRT,291.38,4.91,D
-5.23747,17.47222,333.13,0.39,0.59,2025-03-13,1142,N21,nominal,2.0NRT,289.21,3.82,D
-4.61464,21.43363,338.76,0.41,0.45,2025-03-13,1142,N21,nominal,2.0NRT,296.52,10.59,D
-5.31664,16.55986,336.27,0.45,0.63,2025-03-13,1142,N21,nominal,2.0NRT,286.61,12.75,D
-5.31726,16.55544,340.76,0.45,0.63,2025-03-13,1142,N21,nominal,2.0NRT,286.85,13.37,D
-5.31485,16.53065,341.23,0.46,0.63,2025-03-13,1142,N21,nominal,2.0NRT,284.89,8.99,D
-4.41369,22.74126,331.79,0.51,0.41,2025-03-13,1142,N21,nominal,2.0NRT,295.78,5.88,D
-5.29708,16.57355,338.27,0.45,0.63,2025-03-13,1142,N21,nominal,2.0NRT,283.81,5.89,D
-4.59452,21.45689,330.37,0.41,0.45,2025-03-13,1142,N21,nominal,2.0NRT,296.29,4.17,D
-4.5947,21.42698,341.1,0.41,0.45,2025-03-13,1142,N21,nominal,2.0NRT,294.54,5.69,D
-4.58228,21.45495,330.61,0.41,0.45,2025-03-13,1142,N21,nominal,2.0NRT,296.33,3.95,D
-5.0046,18.50239,341.59,0.33,0.55,2025-03-13,1142,N21,nominal,2.0NRT,294.4,5.62,D
-5.2247,16.88552,331.71,0.43,0.62,2025-03-13,1142,N21,nominal,2.0NRT,289.2,5.25,D
-4.37341,22.75405,333.64,0.51,0.41,2025-03-13,1142,N21,nominal,2.0NRT,296.22,6.27,D
-5.06701,17.86652,333.69,0.36,0.58,2025-03-13,1142,N21,nominal,2.0NRT,291.24,4.73,D
-4.97687,18.47982,333.81,0.33,0.55,2025-03-13,1142,N21,nominal,2.0NRT,291.67,2.52,D
-4.54129,21.50815,332.14,0.4,0.45,2025-03-13,1142,N21,nominal,2.0NRT,296.75,4.41,D
-4.54123,21.50835,330.66,0.4,0.45,2025-03-13,1142,N21,nominal,2.0NRT,296.44,4.35,D
-5.2213,16.8862,340.27,0.43,0.62,2025-03-13,1142,N21,nominal,2.0NRT,287.56,4.52,D
-5.0674,17.86629,334.79,0.36,0.58,2025-03-13,1142,N21,nominal,2.0NRT,291.38,5.25,D
-5.01135,17.88241,336.65,0.36,0.58,2025-03-13,1142,N21,nominal,2.0NRT,288.17,4.68,D
-4.49952,21.33832,339.93,0.41,0.45,2025-03-13,1142,N21,nominal,2.0NRT,292.68,4.13,D
-4.51236,21.13309,339.25,0.43,0.46,2025-03-13,1142,N21,nominal,2.0NRT,298.6,15.79,D
-4.50653,21.14397,329.22,0.43,0.46,2025-03-13,1142,N21,nominal,2.0NRT,295.9,2.26,D
-5.1516,16.55669,349.79,0.45,0.63,2025-03-13,1142,N21,nominal,2.0NRT,285.64,8.49,D
-4.47429,21.33848,345.98,0.41,0.45,2025-03-13,1142,N21,nominal,2.0NRT,296.69,10.1,D
-5.04574,17.24427,332.48,0.4,0.6,2025-03-13,1142,N21,nominal,2.0NRT,290.26,5.07,D
-5.15049,16.55561,337.86,0.45,0.63,2025-03-13,1142,N21,nominal,2.0NRT,285.12,8.66,D
-4.18044,22.82574,331.96,0.5,0.41,2025-03-13,1142,N21,nominal,2.0NRT,296.45,10.27,D
-4.89895,17.68861,334.67,0.37,0.58,2025-03-13,1142,N21,nominal,2.0NRT,288.78,3.32,D
-4.75676,18.5911,329.69,0.32,0.55,2025-03-13,1142,N21,nominal,2.0NRT,292.95,2.12,D
-5.02842,16.54718,339.64,0.45,0.63,2025-03-13,1142,N21,nominal,2.0NRT,285.99,6.39,D
-4.28194,21.80799,333.85,0.38,0.43,2025-03-13,1142,N21,nominal,2.0NRT,296.99,6.12,D
-4.27954,21.80673,339.68,0.38,0.43,2025-03-13,1142,N21,nominal,2.0NRT,297.05,6.09,D
-4.87149,17.70043,336.91,0.37,0.58,2025-03-13,1142,N21,nominal,2.0NRT,293.11,6.16,D
-5.02733,16.54671,347.5,0.45,0.63,2025-03-13,1142,N21,nominal,2.0NRT,286.27,7.36,D
-4.84249,17.78824,342.28,0.37,0.58,2025-03-13,1142,N21,nominal,2.0NRT,293.4,3.76,D
-4.41098,20.67201,340.63,0.46,0.47,2025-03-13,1142,N21,nominal,2.0NRT,298.15,7.5,D
-4.37977,20.70539,338.91,0.45,0.47,2025-03-13,1142,N21,nominal,2.0NRT,294.81,2.32,D
-4.35851,20.73138,338.2,0.45,0.47,2025-03-13,1142,N21,nominal,2.0NRT,296.31,5.67,D
-4.03891,22.87003,333.21,0.5,0.41,2025-03-13,1142,N21,nominal,2.0NRT,297.35,8.11,D
-4.93635,16.52617,346.88,0.45,0.63,2025-03-13,1142,N21,nominal,2.0NRT,289.09,14.16,D
-4.93588,16.5296,355.58,0.45,0.63,2025-03-13,1142,N21,low,2.0NRT,289.12,14.16,D
-4.21626,21.59862,329.83,0.39,0.44,2025-03-13,1142,N21,nominal,2.0NRT,296.54,2.24,D
-4.91055,16.6291,333.28,0.44,0.63,2025-03-13,1142,N21,nominal,2.0NRT,290.65,7.91,D
-4.37314,20.49597,335.76,0.47,0.48,2025-03-13,1142,N21,nominal,2.0NRT,295.1,2.97,D
-4.02322,22.78312,340.14,0.5,0.41,2025-03-13,1142,N21,nominal,2.0NRT,295.88,8.3,D
-4.00804,22.85816,332.53,0.5,0.41,2025-03-13,1142,N21,nominal,2.0NRT,298.11,8.53,D
-4.30329,20.75693,330.48,0.45,0.47,2025-03-13,1142,N21,nominal,2.0NRT,295.37,4.44,D
-4.90828,16.62959,330.09,0.44,0.63,2025-03-13,1142,N21,nominal,2.0NRT,290.16,6.42,D
-4.3347,20.4556,332.46,0.47,0.48,2025-03-13,1142,N21,nominal,2.0NRT,296.64,4.66,D
-4.76997,17.43312,329.17,0.39,0.59,2025-03-13,1142,N21,nominal,2.0NRT,287.52,4.89,D
-4.2901,20.66863,332.87,0.45,0.47,2025-03-13,1142,N21,nominal,2.0NRT,296.17,3.23,D
-4.72422,17.63783,367,0.37,0.58,2025-03-13,1142,N21,high,2.0NRT,295.19,8.13,D
-4.28827,20.53032,332.74,0.46,0.47,2025-03-13,1142,N21,nominal,2.0NRT,296.67,3.37,D
-4.2546,20.67172,336.38,0.45,0.47,2025-03-13,1142,N21,nominal,2.0NRT,296.75,4.02,D
-4.27227,20.54919,339.01,0.46,0.47,2025-03-13,1142,N21,nominal,2.0NRT,296.46,3.64,D
-4.65305,17.61438,333.61,0.37,0.58,2025-03-13,1142,N21,nominal,2.0NRT,291.92,3.7,D
-4.53459,18.39141,329.45,0.33,0.55,2025-03-13,1142,N21,nominal,2.0NRT,293.13,2.61,D
-4.64429,17.63725,329.07,0.37,0.58,2025-03-13,1142,N21,nominal,2.0NRT,289.84,3.77,D
-4.80579,16.51829,335.32,0.45,0.63,2025-03-13,1142,N21,nominal,2.0NRT,288.39,5.71,D
-4.02711,21.80111,331.9,0.57,0.43,2025-03-13,1142,N21,nominal,2.0NRT,298.01,8.05,D
-4.03499,21.72088,339.83,0.39,0.44,2025-03-13,1142,N21,nominal,2.0NRT,300.09,6.96,D
-4.1421,20.91117,332.49,0.44,0.46,2025-03-13,1142,N21,nominal,2.0NRT,296.49,4.78,D
-4.14553,20.88786,333.06,0.44,0.46,2025-03-13,1142,N21,nominal,2.0NRT,293.29,6.53,D
-4.66025,17.29679,367,0.39,0.6,2025-03-13,1142,N21,high,2.0NRT,292.01,11.93,D
-4.60807,17.66282,349.59,0.37,0.58,2025-03-13,1142,N21,nominal,2.0NRT,292.36,5.33,D
-4.13346,20.882,338.31,0.44,0.46,2025-03-13,1142,N21,nominal,2.0NRT,296.4,4.68,D
-4.75772,16.52684,329.27,0.45,0.63,2025-03-13,1142,N21,nominal,2.0NRT,289.07,4.72,D
-4.74766,16.51506,340.73,0.45,0.63,2025-03-13,1142,N21,nominal,2.0NRT,288.28,4.9,D
-4.12453,20.8246,335.03,0.44,0.46,2025-03-13,1142,N21,nominal,2.0NRT,297.22,4.48,D
-4.57712,17.65189,335.44,0.37,0.58,2025-03-13,1142,N21,nominal,2.0NRT,293.5,6.59,D
-4.64258,17.14483,332.05,0.4,0.6,2025-03-13,1142,N21,nominal,2.0NRT,292,3.48,D
-4.22817,19.8695,332.69,0.51,0.5,2025-03-13,1142,N21,nominal,2.0NRT,295.21,5.97,D
-4.54633,17.60897,367,0.37,0.58,2025-03-13,1142,N21,high,2.0NRT,291.53,8.38,D
-4.54443,17.62205,347.28,0.37,0.58,2025-03-13,1142,N21,nominal,2.0NRT,287.45,6.45,D
-4.61728,17.04312,340.02,0.41,0.61,2025-03-13,1142,N21,nominal,2.0NRT,290.27,9.62,D
-4.64269,16.86676,328.4,0.42,0.61,2025-03-13,1142,N21,nominal,2.0NRT,290.98,5.23,D
-4.64648,16.8405,352.59,0.42,0.61,2025-03-13,1142,N21,nominal,2.0NRT,290.82,6.81,D
-4.61173,17.04242,328.59,0.41,0.61,2025-03-13,1142,N21,nominal,2.0NRT,290.89,9.62,D
-4.02012,21.06195,331.76,0.42,0.46,2025-03-13,1142,N21,nominal,2.0NRT,295.06,4.38,D
-4.5689,17.0259,339.9,0.41,0.61,2025-03-13,1142,N21,nominal,2.0NRT,291.34,4.47,D
-4.53806,17.04466,335.23,0.41,0.61,2025-03-13,1142,N21,nominal,2.0NRT,290.64,2.49,D
-4.53816,17.04524,331.06,0.41,0.61,2025-03-13,1142,N21,nominal,2.0NRT,290.26,5.75,D
-4.42252,17.68563,328.9,0.37,0.58,2025-03-13,1142,N21,nominal,2.0NRT,292.07,2.96,D
-4.40756,17.67718,335.02,0.37,0.58,2025-03-13,1142,N21,nominal,2.0NRT,291.78,8.69,D
-4.37011,17.78804,334.58,0.36,0.57,2025-03-13,1142,N21,nominal,2.0NRT,293.99,3.85,D
-4.31474,17.53848,367,0.37,0.58,2025-03-13,1142,N21,high,2.0NRT,290.75,11.8,D
-4.39855,16.91691,344.53,0.42,0.61,2025-03-13,1142,N21,nominal,2.0NRT,291.96,6.47,D
-4.41518,16.80066,340.19,0.42,0.61,2025-03-13,1142,N21,nominal,2.0NRT,288.16,5.44,D
-4.31071,17.49076,332.06,0.38,0.59,2025-03-13,1142,N21,nominal,2.0NRT,291.55,3.27,D
-4.0922,18.96999,334.81,0.59,0.53,2025-03-13,1142,N21,nominal,2.0NRT,295.31,5.9,D
-4.30109,17.51979,336.41,0.38,0.58,2025-03-13,1142,N21,nominal,2.0NRT,292.39,2.94,D
-4.26251,17.38616,330.84,0.38,0.59,2025-03-13,1142,N21,nominal,2.0NRT,291.17,6.14,D
-4.18688,17.45483,334.24,0.38,0.59,2025-03-13,1142,N21,nominal,2.0NRT,290.79,2.72,D
-4.36711,16.13876,335.56,0.47,0.64,2025-03-13,1142,N21,nominal,2.0NRT,286.36,4.59,D
-4.05586,16.86917,332.34,0.41,0.61,2025-03-13,1142,N21,nominal,2.0NRT,292.19,4.39,D
-4.01918,14.53194,344.85,0.6,0.71,2025-03-13,1142,N21,nominal,2.0NRT,286.36,10.69,D
-8.92343,15.62858,326.46,0.71,0.75,2025-03-13,1321,N21,nominal,2.0NRT,288.63,5.09,D
-8.42751,15.56958,330.55,0.71,0.75,2025-03-13,1321,N21,nominal,2.0NRT,288.52,6.12,D
-8.24915,14.81873,333.77,0.64,0.72,2025-03-13,1321,N21,nominal,2.0NRT,289.31,7.19,D
-7.9041,15.47278,331.58,0.72,0.76,2025-03-13,1321,N21,nominal,2.0NRT,286.43,6.65,D
-7.79951,13.08879,327.21,0.5,0.65,2025-03-13,1323,N21,nominal,2.0NRT,288.2,3.06,D
-7.4899,13.90278,329.2,0.57,0.69,2025-03-13,1323,N21,nominal,2.0NRT,288.27,5.55,D
-7.49282,13.90457,332.48,0.57,0.69,2025-03-13,1323,N21,nominal,2.0NRT,288.88,10.92,D
-6.75383,15.37565,327.02,0.74,0.76,2025-03-13,1323,N21,nominal,2.0NRT,287.83,7.34,D
-7.15725,12.3419,327.28,0.45,0.63,2025-03-13,1323,N21,nominal,2.0NRT,287.9,2.89,D
-6.51892,15.63348,327.69,0.78,0.78,2025-03-13,1323,N21,nominal,2.0NRT,286.74,8.61,D
-7.12701,12.34479,329.45,0.45,0.63,2025-03-13,1323,N21,nominal,2.0NRT,288.07,3.26,D
-6.51525,15.6301,326.2,0.78,0.78,2025-03-13,1323,N21,nominal,2.0NRT,286.39,6.44,D
-5.82634,14.92173,325.52,0.72,0.75,2025-03-13,1323,N21,nominal,2.0NRT,286.31,4.03,D
-5.33706,14.16558,330.66,0.65,0.73,2025-03-13,1323,N21,nominal,2.0NRT,285.75,13.19,D
-5.15418,14.10684,334.73,0.65,0.73,2025-03-13,1323,N21,nominal,2.0NRT,286.06,7.4,D
-33.74471,18.87107,344.59,0.33,0.55,2025-03-13,1314,N21,nominal,2.0NRT,302.87,16.32,D
-4.68031,14.97042,335.33,0.76,0.77,2025-03-13,1323,N21,nominal,2.0NRT,283.79,19.31,D
-33.74553,18.86769,352.38,0.33,0.55,2025-03-13,1314,N21,nominal,2.0NRT,309.71,27.89,D
-4.27315,14.94659,334.71,0.77,0.77,2025-03-13,1323,N21,nominal,2.0NRT,285.44,8.94,D
-33.246,18.50749,339.92,0.32,0.55,2025-03-13,1314,N21,nominal,2.0NRT,309.81,3.01,D
-4.01981,14.52764,347.04,0.73,0.76,2025-03-13,1323,N21,nominal,2.0NRT,284.62,19.17,D
-32.30316,19.11941,345.16,0.37,0.58,2025-03-13,1314,N21,nominal,2.0NRT,298.77,5.62,D
-32.30408,19.11571,334.66,0.37,0.58,2025-03-13,1314,N21,nominal,2.0NRT,298.19,5.88,D
-32.30321,19.07414,367,0.36,0.58,2025-03-13,1314,N21,high,2.0NRT,303.81,20.53,D
-32.30415,19.07038,348.5,0.36,0.58,2025-03-13,1314,N21,nominal,2.0NRT,302.58,20.53,D
-32.29597,19.08065,367,0.37,0.58,2025-03-13,1314,N21,high,2.0NRT,303.32,40.3,D
-32.29662,19.07803,367,0.36,0.58,2025-03-13,1314,N21,high,2.0NRT,332.53,105.19,D
-32.29893,19.06879,367,0.36,0.58,2025-03-13,1314,N21,high,2.0NRT,317.09,44.94,D
-32.30016,19.06387,337.2,0.36,0.58,2025-03-13,1314,N21,nominal,2.0NRT,304.14,20.34,D
-32.29731,19.07528,367,0.36,0.58,2025-03-13,1314,N21,low,2.0NRT,326.71,105.19,D
-32.29805,19.07231,207.38,0.36,0.58,2025-03-13,1314,N21,low,2.0NRT,317.25,44.94,D
-32.29087,19.07856,367,0.37,0.58,2025-03-13,1314,N21,high,2.0NRT,309.82,40.3,D
-32.29026,19.08096,340.39,0.37,0.58,2025-03-13,1314,N21,nominal,2.0NRT,305.05,40.3,D
-32.29152,19.07595,353.27,0.36,0.58,2025-03-13,1314,N21,nominal,2.0NRT,308.78,105.19,D
-32.29221,19.07321,339.06,0.36,0.58,2025-03-13,1314,N21,nominal,2.0NRT,310.28,105.19,D
-32.29373,19.06712,339.83,0.36,0.58,2025-03-13,1314,N21,nominal,2.0NRT,311.24,44.94,D
-32.29468,19.06332,355.37,0.36,0.58,2025-03-13,1314,N21,nominal,2.0NRT,313.52,20.34,D
-32.28948,19.06165,340.88,0.36,0.58,2025-03-13,1314,N21,low,2.0NRT,313.09,4.62,D
-32.26435,19.13936,334.61,0.37,0.58,2025-03-13,1314,N21,nominal,2.0NRT,302.96,3.19,D
-32.28351,19.06305,337.7,0.36,0.58,2025-03-13,1314,N21,low,2.0NRT,312.07,11.88,D
-32.28436,19.05968,339.41,0.36,0.58,2025-03-13,1314,N21,low,2.0NRT,312.58,4.62,D
-32.28539,19.05554,331.98,0.36,0.58,2025-03-13,1314,N21,low,2.0NRT,306.8,4.62,D
-32.29762,19.07967,367,0.37,0.58,2025-03-13,1314,N21,high,2.0NRT,302.84,139.11,D
-32.30095,19.066,353.59,0.36,0.58,2025-03-13,1314,N21,nominal,2.0NRT,306.47,19.62,D
-32.29829,19.07693,207.38,0.37,0.58,2025-03-13,1314,N21,low,2.0NRT,324.25,139.11,D
-32.29901,19.07399,207.38,0.36,0.58,2025-03-13,1314,N21,low,2.0NRT,324.33,121.29,D
-32.2919,19.08008,367,0.37,0.58,2025-03-13,1314,N21,high,2.0NRT,307.45,54.12,D
-32.29553,19.06524,367,0.36,0.58,2025-03-13,1314,N21,high,2.0NRT,315.36,19.62,D
-32.29387,19.07203,339.39,0.36,0.58,2025-03-13,1314,N21,low,2.0NRT,311.28,121.29,D
-32.29664,19.06065,343.91,0.36,0.58,2025-03-13,1314,N21,nominal,2.0NRT,304.2,19.62,D
-32.29318,19.07485,307.55,0.37,0.58,2025-03-13,1314,N21,low,2.0NRT,316.14,139.11,D
-32.29138,19.05923,337.62,0.36,0.58,2025-03-13,1314,N21,nominal,2.0NRT,306.89,7.34,D
-32.28618,19.05757,349.69,0.36,0.58,2025-03-13,1314,N21,nominal,2.0NRT,311.51,7.34,D
-32.27872,19.06513,348.22,0.36,0.58,2025-03-13,1314,N21,nominal,2.0NRT,307.92,8.53,D
-32.26687,19.06765,367,0.37,0.58,2025-03-13,1314,N21,high,2.0NRT,306.75,7.35,D
-32.26755,19.06489,347.36,0.37,0.58,2025-03-13,1314,N21,nominal,2.0NRT,305.17,7.35,D
-32.26185,19.06522,345.56,0.37,0.58,2025-03-13,1314,N21,nominal,2.0NRT,306.34,7.35,D
-32.23164,19.02838,367,0.36,0.58,2025-03-13,1314,N21,high,2.0NRT,306.94,15.09,D
-32.2177,19.01672,339.64,0.36,0.58,2025-03-13,1314,N21,nominal,2.0NRT,306.55,5.07,D
-32.19252,19.00522,338.25,0.36,0.58,2025-03-13,1314,N21,nominal,2.0NRT,304.66,6.57,D
-32.18652,19.00676,347.49,0.36,0.58,2025-03-13,1314,N21,nominal,2.0NRT,303.65,9.08,D
-32.19384,19.0054,336.04,0.36,0.58,2025-03-13,1314,N21,nominal,2.0NRT,305.44,5.5,D
-32.18784,19.00705,339.47,0.36,0.58,2025-03-13,1314,N21,nominal,2.0NRT,303.23,7.49,D
-32.1827,19.00516,345.43,0.36,0.58,2025-03-13,1314,N21,nominal,2.0NRT,305.3,16.48,D
-32.18337,19.00238,340.27,0.36,0.58,2025-03-13,1314,N21,nominal,2.0NRT,302.89,8.22,D
-32.1767,19.00677,367,0.36,0.58,2025-03-13,1314,N21,high,2.0NRT,304.95,16.48,D
-32.17744,19.00372,355.34,0.36,0.58,2025-03-13,1314,N21,nominal,2.0NRT,315,16.48,D
-32.17818,19.0007,331.62,0.36,0.58,2025-03-13,1314,N21,nominal,2.0NRT,303.08,8.22,D
-32.16888,19.01582,367,0.37,0.58,2025-03-13,1314,N21,high,2.0NRT,310.81,19.88,D
-32.16718,19.02275,351.4,0.37,0.58,2025-03-13,1314,N21,nominal,2.0NRT,302.78,6.8,D
-32.16806,19.01914,344.44,0.37,0.58,2025-03-13,1314,N21,nominal,2.0NRT,303.34,19.88,D
-32.16966,19.01263,348.68,0.36,0.58,2025-03-13,1314,N21,nominal,2.0NRT,299.59,19.42,D
-28.83869,18.62815,343.99,0.41,0.61,2025-03-13,1314,N21,low,2.0NRT,315.37,13.56,D
-4.4219,39.41581,305.09,0.39,0.36,2025-03-13,2244,N21,nominal,2.0NRT,293.87,0.78,N
-5.10141,39.02169,306.83,0.39,0.36,2025-03-13,2244,N21,nominal,2.0NRT,295.23,1.39,N
-5.10472,39.02118,309.48,0.39,0.36,2025-03-13,2244,N21,nominal,2.0NRT,295.37,1.39,N
-5.41328,38.75479,308.05,0.39,0.36,2025-03-13,2244,N21,nominal,2.0NRT,294.48,1.73,N
-5.41383,38.75828,317.95,0.39,0.36,2025-03-13,2244,N21,nominal,2.0NRT,294.38,1.91,N
-6.30865,39.49601,321.94,0.38,0.36,2025-03-13,2244,N21,nominal,2.0NRT,294.91,2.36,N
-6.66228,39.16786,315.94,0.38,0.36,2025-03-13,2244,N21,nominal,2.0NRT,296.54,2.29,N
-6.79368,39.20336,313.17,0.38,0.36,2025-03-13,2244,N21,nominal,2.0NRT,296.22,1.76,N
-6.85658,39.15108,307.47,0.38,0.36,2025-03-13,2244,N21,nominal,2.0NRT,295.31,1.41,N
-11.09131,26.25816,325.25,0.57,0.69,2025-03-13,2246,N21,nominal,2.0NRT,276.28,5.43,N
-12.07611,26.39235,298.93,0.53,0.67,2025-03-13,2246,N21,nominal,2.0NRT,264.92,2.27,N
-12.07711,26.3973,302.59,0.53,0.67,2025-03-13,2246,N21,nominal,2.0NRT,265.25,2.42,N
-15.89407,33.03242,339.68,0.51,0.41,2025-03-13,2246,N21,nominal,2.0NRT,293.17,9.63,N
-15.89384,33.02986,328.83,0.51,0.41,2025-03-13,2246,N21,nominal,2.0NRT,294.06,9.09,N
-16.11993,33.76073,314.44,0.47,0.39,2025-03-13,2246,N21,nominal,2.0NRT,295.35,2.14,N
-16.12429,33.76443,305.85,0.47,0.39,2025-03-13,2246,N21,nominal,2.0NRT,294.2,2.14,N
-16.13224,33.76746,313.62,0.47,0.39,2025-03-13,2246,N21,nominal,2.0NRT,293.95,3,N
-16.1255,33.76514,305.56,0.47,0.39,2025-03-13,2246,N21,nominal,2.0NRT,294.06,2.73,N
-16.12987,33.76883,308.72,0.46,0.39,2025-03-13,2246,N21,nominal,2.0NRT,293.92,1.55,N
-16.13348,33.76817,306.42,0.46,0.39,2025-03-13,2246,N21,nominal,2.0NRT,293.34,1.68,N
-16.13465,33.7322,306.73,0.47,0.39,2025-03-13,2246,N21,nominal,2.0NRT,293.45,1.42,N
-16.16548,33.80245,316.98,0.46,0.39,2025-03-13,2246,N21,nominal,2.0NRT,292.62,1.5,N
-17.19785,38.34285,302.33,0.4,0.37,2025-03-13,2246,N21,nominal,2.0NRT,282.6,0.6,N
-15.54426,28.26889,299.59,0.34,0.56,2025-03-13,2246,N21,nominal,2.0NRT,275.43,0.54,N
-17.34104,27.20695,307.65,0.37,0.58,2025-03-13,2248,N21,nominal,2.0NRT,289.8,1.5,N
-18.52674,32.65266,295.14,0.49,0.4,2025-03-13,2248,N21,nominal,2.0NRT,283.38,0.39,N
-18.53045,32.65199,299.68,0.49,0.4,2025-03-13,2248,N21,nominal,2.0NRT,284.12,0.55,N
-18.36083,26.65927,312.27,0.38,0.59,2025-03-13,2248,N21,nominal,2.0NRT,290.54,1.37,N
-18.36158,26.6629,311.68,0.38,0.59,2025-03-13,2248,N21,nominal,2.0NRT,290.63,1.37,N
-18.36287,26.65843,314.13,0.38,0.59,2025-03-13,2248,N21,nominal,2.0NRT,290.59,1.89,N
-18.36875,26.47516,329.89,0.39,0.6,2025-03-13,2248,N21,nominal,2.0NRT,293.16,4.48,N
-18.36954,26.47886,320.99,0.39,0.6,2025-03-13,2248,N21,nominal,2.0NRT,291.78,4.48,N
-18.36948,26.45197,323.22,0.4,0.6,2025-03-13,2248,N21,nominal,2.0NRT,290.88,3.77,N
-18.37494,26.45087,317.49,0.4,0.6,2025-03-13,2248,N21,nominal,2.0NRT,291.5,2.06,N
-18.40321,26.50391,303.38,0.39,0.59,2025-03-13,2248,N21,nominal,2.0NRT,289.3,0.78,N
-18.41243,26.49393,304.25,0.39,0.59,2025-03-13,2248,N21,nominal,2.0NRT,289.74,0.73,N
-18.42714,26.51003,304.72,0.39,0.59,2025-03-13,2248,N21,nominal,2.0NRT,289.54,0.95,N
-18.42785,26.51343,305.64,0.39,0.59,2025-03-13,2248,N21,nominal,2.0NRT,289.79,0.95,N
-18.43923,26.5138,305.81,0.39,0.59,2025-03-13,2248,N21,nominal,2.0NRT,290.72,1.45,N
-18.44463,26.51258,304.76,0.39,0.59,2025-03-13,2248,N21,nominal,2.0NRT,290.18,1.32,N
-18.44611,26.51964,305.21,0.39,0.59,2025-03-13,2248,N21,nominal,2.0NRT,290.58,1.67,N
-18.4424,26.47474,318.07,0.39,0.6,2025-03-13,2248,N21,nominal,2.0NRT,291.83,3.37,N
-18.44047,26.51203,310.84,0.39,0.59,2025-03-13,2248,N21,nominal,2.0NRT,291.1,2.24,N
-18.44275,26.52255,303.54,0.39,0.59,2025-03-13,2248,N21,nominal,2.0NRT,291.09,2.39,N
-18.44419,26.47681,312.33,0.39,0.59,2025-03-13,2248,N21,nominal,2.0NRT,291.6,2.42,N
-19.84295,32.79873,298.1,0.47,0.39,2025-03-13,2248,N21,nominal,2.0NRT,285.24,0.56,N
-19.41788,30.04823,301.27,0.45,0.47,2025-03-13,2248,N21,nominal,2.0NRT,287.55,1.16,N
-20.31019,30.02888,301.47,0.43,0.46,2025-03-13,2248,N21,nominal,2.0NRT,288.45,0.66,N
-21.74904,35.05902,307.7,0.39,0.36,2025-03-13,2248,N21,nominal,2.0NRT,293.52,0.54,N
-23.99269,29.42831,309.75,0.4,0.44,2025-03-13,2250,N21,nominal,2.0NRT,286.86,1.54,N
-24.31714,29.38497,301.32,0.4,0.44,2025-03-13,2250,N21,nominal,2.0NRT,288.68,0.64,N
-24.04565,25.88547,299.88,0.33,0.55,2025-03-13,2250,N21,nominal,2.0NRT,288.75,0.66,N
-24.05064,25.88413,302.73,0.33,0.55,2025-03-13,2250,N21,nominal,2.0NRT,288.1,0.66,N
-25.6436,28.12431,303.99,0.45,0.47,2025-03-13,2250,N21,nominal,2.0NRT,286.78,0.99,N
-25.90159,29.16803,304.76,0.39,0.44,2025-03-13,2250,N21,nominal,2.0NRT,286.21,2.64,N
-25.8957,29.11725,299.36,0.39,0.44,2025-03-13,2250,N21,nominal,2.0NRT,286.53,1.01,N
-25.90403,29.15935,298.19,0.39,0.44,2025-03-13,2250,N21,nominal,2.0NRT,285.92,1.42,N
-25.659,27.83855,301.87,0.46,0.47,2025-03-13,2250,N21,nominal,2.0NRT,287.94,3.6,N
-25.66332,27.83752,339.71,0.46,0.47,2025-03-13,2250,N21,nominal,2.0NRT,288.99,3.6,N
-26.02349,29.16668,295.02,0.38,0.44,2025-03-13,2250,N21,nominal,2.0NRT,284.54,1,N
-26.02874,29.19336,299.77,0.38,0.43,2025-03-13,2250,N21,nominal,2.0NRT,284.87,1.72,N
-26.03169,29.20842,298.5,0.38,0.43,2025-03-13,2250,N21,nominal,2.0NRT,287.01,1.08,N
-26.03261,29.21309,306.43,0.57,0.43,2025-03-13,2250,N21,nominal,2.0NRT,288.66,2.07,N
-26.03564,29.20745,324.99,0.38,0.43,2025-03-13,2250,N21,nominal,2.0NRT,291.54,3.39,N
-26.03417,29.19995,308.41,0.38,0.43,2025-03-13,2250,N21,nominal,2.0NRT,287.89,2.3,N
-26.03491,29.20371,312.4,0.38,0.43,2025-03-13,2250,N21,nominal,2.0NRT,289.77,3.39,N
-25.72582,27.60888,317.73,0.48,0.48,2025-03-13,2250,N21,nominal,2.0NRT,288.37,4,N
-25.73018,27.6078,304.15,0.48,0.48,2025-03-13,2250,N21,nominal,2.0NRT,286.37,1.58,N
-25.71058,27.40188,328.58,0.49,0.49,2025-03-13,2250,N21,nominal,2.0NRT,290.03,5.68,N
-25.71502,27.40084,314.42,0.49,0.49,2025-03-13,2250,N21,nominal,2.0NRT,288.06,1.94,N
-25.71601,27.40565,299.04,0.49,0.49,2025-03-13,2250,N21,nominal,2.0NRT,287.1,1.94,N
-26.14259,29.48453,296.31,0.55,0.43,2025-03-13,2250,N21,nominal,2.0NRT,285.46,0.79,N
-25.92636,28.33175,300.85,0.43,0.46,2025-03-13,2250,N21,nominal,2.0NRT,284.87,0.65,N
-26.27727,29.13163,298.24,0.38,0.43,2025-03-13,2250,N21,nominal,2.0NRT,285.27,0.51,N
-26.26627,28.83817,297.77,0.4,0.44,2025-03-13,2250,N21,nominal,2.0NRT,285.14,1.03,N
-26.27029,28.8372,300.65,0.4,0.44,2025-03-13,2250,N21,nominal,2.0NRT,285.02,1.03,N
-26.19916,28.31333,295.63,0.43,0.46,2025-03-13,2250,N21,nominal,2.0NRT,284.48,0.19,N
-26.2822,28.15974,314.78,0.43,0.46,2025-03-13,2250,N21,nominal,2.0NRT,286.74,2.17,N
-26.36864,28.48193,298.31,0.41,0.45,2025-03-13,2250,N21,nominal,2.0NRT,286.23,0.54,N
-26.54113,29.15013,313.9,0.57,0.43,2025-03-13,2250,N21,nominal,2.0NRT,287.59,1.57,N
-26.54221,29.15579,306.23,0.57,0.43,2025-03-13,2250,N21,nominal,2.0NRT,286.49,1.76,N
-26.549,29.14828,313.95,0.57,0.43,2025-03-13,2250,N21,nominal,2.0NRT,289.26,3.12,N
-26.55331,29.17087,300.08,0.57,0.43,2025-03-13,2250,N21,nominal,2.0NRT,289.36,2.04,N
-26.54046,29.15444,321.45,0.57,0.43,2025-03-13,2250,N21,nominal,2.0NRT,286.85,2.88,N
-26.54721,29.14697,303.47,0.57,0.43,2025-03-13,2250,N21,nominal,2.0NRT,287.69,2.12,N
-26.55114,29.14604,301.4,0.57,0.43,2025-03-13,2250,N21,nominal,2.0NRT,286.67,2.12,N
-26.55337,29.15732,301.14,0.57,0.43,2025-03-13,2250,N21,nominal,2.0NRT,288.08,2.06,N
-26.55671,29.17421,300.49,0.56,0.43,2025-03-13,2250,N21,nominal,2.0NRT,288.66,2.92,N
-26.56064,29.17329,299.52,0.56,0.43,2025-03-13,2250,N21,nominal,2.0NRT,288.07,2.62,N
-26.584,27.96031,295.86,0.44,0.46,2025-03-13,2250,N21,nominal,2.0NRT,285.6,0.68,N
-26.67882,27.95171,298.28,0.44,0.46,2025-03-13,2250,N21,nominal,2.0NRT,285.77,0.76,N
-26.65863,27.80963,307.89,0.45,0.47,2025-03-13,2250,N21,nominal,2.0NRT,288.96,2.34,N
-26.65955,27.81409,299.37,0.45,0.47,2025-03-13,2250,N21,nominal,2.0NRT,288.46,1.33,N
-26.6671,27.8075,306.62,0.45,0.47,2025-03-13,2250,N21,nominal,2.0NRT,287.26,1.57,N
-26.66801,27.81196,298.93,0.45,0.47,2025-03-13,2250,N21,nominal,2.0NRT,286.67,1.42,N
-26.69981,27.94654,307.74,0.44,0.46,2025-03-13,2250,N21,nominal,2.0NRT,287.11,1.49,N
-26.70488,27.94984,298.35,0.44,0.46,2025-03-13,2250,N21,nominal,2.0NRT,286.86,0.66,N
-26.70907,27.94878,300.62,0.44,0.46,2025-03-13,2250,N21,nominal,2.0NRT,286.81,0.66,N
-26.71746,27.94666,314.42,0.44,0.46,2025-03-13,2250,N21,nominal,2.0NRT,287.79,2.05,N
-26.72057,27.91832,297.56,0.44,0.46,2025-03-13,2250,N21,nominal,2.0NRT,287.25,0.63,N
-26.80449,27.8568,300.36,0.44,0.46,2025-03-13,2250,N21,nominal,2.0NRT,289.15,1.9,N
-26.80537,27.86116,304.08,0.44,0.46,2025-03-13,2250,N21,nominal,2.0NRT,286.2,0.94,N
-26.82289,27.8384,304.18,0.44,0.46,2025-03-13,2250,N21,nominal,2.0NRT,288.09,1.22,N
-26.8224,27.84021,301.57,0.44,0.46,2025-03-13,2250,N21,nominal,2.0NRT,288.24,1.58,N
-28.20757,23.54741,301.76,0.37,0.58,2025-03-13,2250,N21,nominal,2.0NRT,285.05,0.76,N
-28.35943,23.51,300.66,0.37,0.58,2025-03-13,2250,N21,nominal,2.0NRT,284.81,1.44,N
-32.14397,18.97221,367,0.54,0.68,2025-03-13,2252,N21,high,2.0NRT,294.98,18.18,N
-32.14574,18.97861,352.94,0.54,0.68,2025-03-13,2252,N21,nominal,2.0NRT,296.57,26.59,N
-32.14746,18.98483,339.64,0.54,0.68,2025-03-13,2252,N21,nominal,2.0NRT,292.93,26.59,N
-32.1492,18.99107,367,0.54,0.68,2025-03-13,2252,N21,high,2.0NRT,293.04,35.93,N
-32.15091,18.99727,353.06,0.54,0.68,2025-03-13,2252,N21,nominal,2.0NRT,294.32,35.93,N
-32.14215,18.96568,314.06,0.54,0.68,2025-03-13,2252,N21,nominal,2.0NRT,293.44,18.18,N
-32.15254,19.00314,301.61,0.54,0.68,2025-03-13,2252,N21,nominal,2.0NRT,290.55,11.85,N
-32.14613,18.95593,367,0.54,0.68,2025-03-13,2252,N21,high,2.0NRT,299.53,35.39,N
-32.14812,18.96312,329.59,0.54,0.68,2025-03-13,2252,N21,nominal,2.0NRT,309.47,43.3,N
-32.15004,18.97003,347.96,0.54,0.68,2025-03-13,2252,N21,nominal,2.0NRT,295.65,43.3,N
-32.15538,18.98932,340.46,0.54,0.68,2025-03-13,2252,N21,nominal,2.0NRT,292.8,9.09,N
-32.1569,18.99483,367,0.54,0.68,2025-03-13,2252,N21,high,2.0NRT,293.78,9.09,N
-32.15839,19.00019,323.99,0.54,0.68,2025-03-13,2252,N21,nominal,2.0NRT,292,3.68,N
-32.14423,18.94907,311.19,0.54,0.68,2025-03-13,2252,N21,nominal,2.0NRT,294.39,35.39,N
-32.15195,18.97696,308.28,0.54,0.68,2025-03-13,2252,N21,nominal,2.0NRT,292.58,4.02,N
-32.15376,18.98347,312.08,0.54,0.68,2025-03-13,2252,N21,nominal,2.0NRT,292.41,4.02,N
-32.16009,19.00635,311.37,0.54,0.68,2025-03-13,2252,N21,nominal,2.0NRT,290.26,3.68,N
-32.17536,19.06159,307.04,0.54,0.67,2025-03-13,2252,N21,nominal,2.0NRT,290.98,1.74,N
-32.15182,18.95238,323.03,0.54,0.68,2025-03-13,2252,N21,nominal,2.0NRT,295.59,35.39,N
-32.15371,18.95921,321.64,0.54,0.68,2025-03-13,2252,N21,nominal,2.0NRT,294.79,43.3,N
-32.15578,18.96668,338.22,0.54,0.68,2025-03-13,2252,N21,nominal,2.0NRT,295.24,43.3,N
-32.15775,18.97379,321.51,0.54,0.68,2025-03-13,2252,N21,nominal,2.0NRT,293.78,4.02,N
-32.15941,18.97981,311.81,0.54,0.68,2025-03-13,2252,N21,nominal,2.0NRT,292.59,4.02,N
-32.16093,18.98528,309.15,0.54,0.68,2025-03-13,2252,N21,nominal,2.0NRT,292.27,9.09,N
-32.16238,18.99055,307.34,0.54,0.68,2025-03-13,2252,N21,nominal,2.0NRT,292.1,9.09,N
-32.16393,18.99613,310.56,0.54,0.68,2025-03-13,2252,N21,nominal,2.0NRT,292.4,3.68,N
-32.16573,19.00266,303.27,0.54,0.68,2025-03-13,2252,N21,nominal,2.0NRT,291.06,3.68,N
-32.15956,18.95623,367,0.54,0.68,2025-03-13,2252,N21,high,2.0NRT,296.93,32.16,N
-32.16151,18.96327,345.51,0.54,0.68,2025-03-13,2252,N21,nominal,2.0NRT,299.79,32.16,N
-32.16338,18.97004,367,0.54,0.68,2025-03-13,2252,N21,high,2.0NRT,296.88,32.8,N
-32.16484,18.97529,367,0.54,0.68,2025-03-13,2252,N21,high,2.0NRT,298.74,32.8,N
-32.16618,18.98017,367,0.54,0.68,2025-03-13,2252,N21,high,2.0NRT,298.46,21.2,N
-32.16757,18.98521,329.66,0.54,0.68,2025-03-13,2252,N21,nominal,2.0NRT,295.02,21.2,N
-32.16918,18.99102,352.5,0.54,0.68,2025-03-13,2252,N21,nominal,2.0NRT,295.03,6.95,N
-32.17153,18.99956,303.43,0.54,0.68,2025-03-13,2252,N21,nominal,2.0NRT,291.23,6.95,N
-32.16697,18.95888,323.77,0.54,0.68,2025-03-13,2252,N21,nominal,2.0NRT,295.75,32.16,N
-32.16865,18.96495,367,0.54,0.68,2025-03-13,2252,N21,high,2.0NRT,303.8,32.8,N
-32.17013,18.97032,367,0.54,0.68,2025-03-13,2252,N21,high,2.0NRT,299.22,32.8,N
-32.17154,18.97543,367,0.54,0.68,2025-03-13,2252,N21,high,2.0NRT,299.46,21.2,N
-32.17304,18.98088,322.96,0.54,0.68,2025-03-13,2252,N21,nominal,2.0NRT,295.36,21.2,N
-32.17514,18.98849,321.79,0.54,0.68,2025-03-13,2252,N21,nominal,2.0NRT,293.52,6.95,N
-32.17734,18.97228,322.81,0.54,0.68,2025-03-13,2252,N21,nominal,2.0NRT,296.71,12.62,N
-32.1791,18.97869,367,0.54,0.68,2025-03-13,2252,N21,high,2.0NRT,298.36,12.62,N
-32.18116,18.98616,330.25,0.54,0.68,2025-03-13,2252,N21,nominal,2.0NRT,294.09,4.64,N
-32.1833,18.99391,310.74,0.54,0.68,2025-03-13,2252,N21,nominal,2.0NRT,291.87,4.64,N
-32.1792,18.95482,344.94,0.54,0.68,2025-03-13,2252,N21,nominal,2.0NRT,297.72,30.03,N
-32.18113,18.96182,354,0.54,0.68,2025-03-13,2252,N21,nominal,2.0NRT,303.09,30.03,N
-32.18304,18.96876,348.07,0.54,0.68,2025-03-13,2252,N21,nominal,2.0NRT,297.72,12.62,N
-32.18496,18.97574,322.77,0.54,0.68,2025-03-13,2252,N21,nominal,2.0NRT,296,12.62,N
-32.18677,18.98234,313.49,0.54,0.68,2025-03-13,2252,N21,nominal,2.0NRT,294.23,4.64,N
-32.18858,18.98893,308.09,0.54,0.68,2025-03-13,2252,N21,nominal,2.0NRT,293.07,4.64,N
-32.19235,18.97839,355.3,0.54,0.68,2025-03-13,2252,N21,nominal,2.0NRT,298.03,24.91,N
-32.19418,18.98506,367,0.54,0.68,2025-03-13,2252,N21,high,2.0NRT,299.31,24.91,N
-32.18834,18.96376,317.32,0.54,0.68,2025-03-13,2252,N21,nominal,2.0NRT,297.09,5.79,N
-32.19041,18.97133,308.13,0.54,0.68,2025-03-13,2252,N21,nominal,2.0NRT,296.08,5.79,N
-32.21721,19.02056,320.97,0.54,0.68,2025-03-13,2252,N21,nominal,2.0NRT,294.19,24.71,N
-32.21873,19.02614,333.91,0.54,0.68,2025-03-13,2252,N21,nominal,2.0NRT,293.9,24.71,N
-32.22047,19.00821,340.86,0.54,0.68,2025-03-13,2252,N21,nominal,2.0NRT,296.86,54.88,N
-32.2222,19.01453,342.49,0.54,0.68,2025-03-13,2252,N21,nominal,2.0NRT,306.02,24.71,N
-32.22431,19.02227,340.54,0.54,0.68,2025-03-13,2252,N21,nominal,2.0NRT,295.25,24.71,N
-32.23045,19.02044,316.46,0.54,0.68,2025-03-13,2252,N21,nominal,2.0NRT,294.76,7.89,N
-32.19568,18.97317,335.27,0.54,0.68,2025-03-13,2252,N21,nominal,2.0NRT,297.47,10,N
-32.2174,19.02686,330.85,0.54,0.68,2025-03-13,2252,N21,nominal,2.0NRT,293.86,6.78,N
-32.21589,19.02145,309.89,0.54,0.68,2025-03-13,2252,N21,nominal,2.0NRT,293.12,5.02,N
-32.22057,19.01443,367,0.54,0.68,2025-03-13,2252,N21,high,2.0NRT,304.85,34.7,N
-32.22237,19.02086,355.1,0.54,0.68,2025-03-13,2252,N21,nominal,2.0NRT,297.04,28.05,N
-32.21892,19.00852,316.04,0.54,0.68,2025-03-13,2252,N21,nominal,2.0NRT,295.97,34.7,N
-32.22643,19.01158,334.26,0.54,0.68,2025-03-13,2252,N21,nominal,2.0NRT,296.61,34.7,N
-32.22891,19.02045,327.26,0.54,0.68,2025-03-13,2252,N21,nominal,2.0NRT,294.87,28.05,N
-32.26876,19.04433,344.9,0.53,0.67,2025-03-13,2252,N21,nominal,2.0NRT,296.44,14.99,N
-32.27024,19.04969,343.06,0.53,0.67,2025-03-13,2252,N21,nominal,2.0NRT,295.65,13.7,N
-32.29289,19.10762,314.82,0.53,0.67,2025-03-13,2252,N21,nominal,2.0NRT,287.72,2.13,N
-32.30024,19.11034,327.02,0.53,0.67,2025-03-13,2252,N21,nominal,2.0NRT,288.81,3.72,N
-32.29576,19.0941,313.02,0.53,0.67,2025-03-13,2252,N21,nominal,2.0NRT,288.99,4.38,N
-32.29832,19.10336,317.54,0.53,0.67,2025-03-13,2252,N21,nominal,2.0NRT,288.35,4.38,N
-32.30193,19.11647,298.18,0.53,0.67,2025-03-13,2252,N21,nominal,2.0NRT,287.42,3.72,N
-32.30132,19.09029,322.86,0.53,0.67,2025-03-13,2252,N21,nominal,2.0NRT,291.16,4.38,N
-32.30491,19.10332,321.86,0.53,0.67,2025-03-13,2252,N21,nominal,2.0NRT,287.67,3.72,N
-32.40445,19.20324,338.57,0.52,0.67,2025-03-13,2252,N21,nominal,2.0NRT,287.4,7.69,N
-32.40442,19.20395,341.16,0.52,0.67,2025-03-13,2252,N21,nominal,2.0NRT,287.28,7.09,N
-33.38783,19.16341,301.71,0.49,0.65,2025-03-13,2252,N21,nominal,2.0NRT,288.05,0.76,N
-33.38361,19.16315,308.89,0.49,0.65,2025-03-13,2252,N21,nominal,2.0NRT,288.43,1.78,N
-4.48448,12.03963,302.71,0.43,0.38,2025-03-14,0024,N21,nominal,2.0NRT,276.19,0.45,N
-4.51124,12.05116,314.01,0.43,0.38,2025-03-14,0024,N21,nominal,2.0NRT,274.52,1.3,N
-4.8572,12.01725,297.13,0.43,0.38,2025-03-14,0026,N21,nominal,2.0NRT,266.08,0.27,N
-4.85781,12.02109,295.05,0.43,0.38,2025-03-14,0026,N21,nominal,2.0NRT,267.51,0.65,N
-4.86066,12.01671,332.29,0.43,0.38,2025-03-14,0026,N21,nominal,2.0NRT,268.9,4.06,N
-4.86127,12.02056,299.77,0.43,0.38,2025-03-14,0026,N21,nominal,2.0NRT,267.06,1.39,N
-4.86188,12.02437,317,0.43,0.38,2025-03-14,0026,N21,nominal,2.0NRT,267.11,1.39,N
-4.86534,12.02383,309.05,0.43,0.38,2025-03-14,0026,N21,nominal,2.0NRT,266.94,1.39,N
-4.89224,12.08186,298.53,0.42,0.38,2025-03-14,0026,N21,nominal,2.0NRT,267.06,0.83,N
-4.93132,12.08794,309.66,0.42,0.38,2025-03-14,0026,N21,nominal,2.0NRT,267.63,4.57,N
-4.93192,12.0917,298.55,0.42,0.38,2025-03-14,0026,N21,nominal,2.0NRT,267.81,4.57,N
-4.93477,12.08739,335.73,0.42,0.38,2025-03-14,0026,N21,nominal,2.0NRT,270.17,4.57,N
-4.93537,12.09116,331,0.42,0.38,2025-03-14,0026,N21,nominal,2.0NRT,268.68,4.57,N
-4.93822,12.08684,295.55,0.42,0.38,2025-03-14,0026,N21,nominal,2.0NRT,268.26,0.73,N
-11.09324,26.25946,309.77,0.72,0.76,2025-03-14,0026,N21,nominal,2.0NRT,275.41,2.88,N
-11.09321,26.26091,306.1,0.72,0.76,2025-03-14,0026,N21,nominal,2.0NRT,275.69,4.12,N
-17.46198,21.70521,303.33,0.42,0.61,2025-03-14,0028,N21,nominal,2.0NRT,284.06,1.21,N
-24.68186,15.36359,305.89,0.4,0.45,2025-03-14,0030,N21,nominal,2.0NRT,289.65,0.06,N
-28.35858,23.51114,295.68,0.71,0.75,2025-03-14,0033,N21,nominal,2.0NRT,282.41,2.35,N
-32.14219,18.94746,350.67,0.4,0.6,2025-03-14,0033,N21,nominal,2.0NRT,295.06,21.4,N
-32.14246,18.95127,367,0.4,0.6,2025-03-14,0033,N21,high,2.0NRT,295.64,21.4,N
-32.14297,18.95869,346.74,0.4,0.6,2025-03-14,0033,N21,nominal,2.0NRT,295.22,9.39,N
-32.14322,18.96238,367,0.4,0.6,2025-03-14,0033,N21,high,2.0NRT,298.02,16.01,N
-32.14349,18.96622,367,0.4,0.6,2025-03-14,0033,N21,high,2.0NRT,297.1,16.01,N
-32.14375,18.97013,352.25,0.4,0.6,2025-03-14,0033,N21,nominal,2.0NRT,304.11,18.02,N
-32.14403,18.97411,367,0.4,0.6,2025-03-14,0033,N21,high,2.0NRT,298.05,18.02,N
-32.14431,18.97816,323.94,0.4,0.6,2025-03-14,0033,N21,nominal,2.0NRT,293.23,14.8,N
-32.14459,18.98229,367,0.4,0.6,2025-03-14,0033,N21,high,2.0NRT,294.55,14.8,N
-32.14167,18.93991,310.81,0.4,0.6,2025-03-14,0033,N21,nominal,2.0NRT,294.93,20.66,N
-32.14193,18.94366,312.91,0.4,0.6,2025-03-14,0033,N21,nominal,2.0NRT,294.72,20.66,N
-32.14487,18.98648,309.4,0.41,0.6,2025-03-14,0033,N21,nominal,2.0NRT,292.76,28.89,N
-32.14622,18.9245,355.15,0.4,0.6,2025-03-14,0033,N21,nominal,2.0NRT,298.06,21.89,N
-32.14648,18.92825,367,0.4,0.6,2025-03-14,0033,N21,high,2.0NRT,300.02,21.89,N
-32.14674,18.932,353.69,0.4,0.6,2025-03-14,0033,N21,nominal,2.0NRT,305.79,32.86,N
-32.14701,18.93574,367,0.4,0.6,2025-03-14,0033,N21,high,2.0NRT,300.98,32.86,N
-32.14727,18.93958,367,0.4,0.6,2025-03-14,0033,N21,high,2.0NRT,305.23,20.66,N
-32.14754,18.94346,367,0.4,0.6,2025-03-14,0033,N21,high,2.0NRT,303.63,20.66,N
-32.1478,18.9473,343.11,0.4,0.6,2025-03-14,0033,N21,nominal,2.0NRT,306.42,21.4,N
-32.14806,18.95106,367,0.4,0.6,2025-03-14,0033,N21,high,2.0NRT,302.46,21.4,N
-32.14832,18.95477,322.84,0.4,0.6,2025-03-14,0033,N21,nominal,2.0NRT,296.32,9.39,N
-32.14857,18.9584,328.88,0.4,0.6,2025-03-14,0033,N21,nominal,2.0NRT,296.01,9.39,N
-32.14882,18.96202,325.74,0.4,0.6,2025-03-14,0033,N21,nominal,2.0NRT,295.76,16.01,N
-32.14908,18.96569,322.65,0.4,0.6,2025-03-14,0033,N21,nominal,2.0NRT,294.68,16.01,N
-32.14933,18.96939,344.43,0.4,0.6,2025-03-14,0033,N21,nominal,2.0NRT,295.8,18.02,N
-32.15014,18.98098,367,0.4,0.6,2025-03-14,0033,N21,high,2.0NRT,297.33,14.8,N
-32.15041,18.98502,367,0.41,0.6,2025-03-14,0033,N21,high,2.0NRT,295.93,28.89,N
-32.15069,18.98909,340.67,0.41,0.6,2025-03-14,0033,N21,nominal,2.0NRT,298.35,28.89,N
-32.15097,18.9932,349.47,0.41,0.6,2025-03-14,0033,N21,nominal,2.0NRT,295.07,8.05,N
-32.14597,18.92076,309.12,0.4,0.6,2025-03-14,0033,N21,nominal,2.0NRT,295.11,5.7,N
-32.14959,18.97317,312.65,0.4,0.6,2025-03-14,0033,N21,nominal,2.0NRT,293.41,18.02,N
-32.14986,18.97703,307.18,0.4,0.6,2025-03-14,0033,N21,nominal,2.0NRT,292.27,14.8,N
-32.15126,18.99738,310.18,0.41,0.6,2025-03-14,0033,N21,nominal,2.0NRT,292.44,8.05,N
-32.14181,18.96752,322.98,0.4,0.6,2025-03-14,0033,N21,nominal,2.0NRT,293.63,5.96,N
-32.14206,18.97153,367,0.4,0.6,2025-03-14,0033,N21,high,2.0NRT,295.75,15.98,N
-32.14232,18.97559,367,0.4,0.6,2025-03-14,0033,N21,high,2.0NRT,294.96,15.98,N
-32.14156,18.96355,318.69,0.4,0.6,2025-03-14,0033,N21,nominal,2.0NRT,293.57,5.96,N
-32.14502,18.92924,352.47,0.4,0.6,2025-03-14,0033,N21,nominal,2.0NRT,296.75,14.62,N
-32.14526,18.93301,352.4,0.4,0.6,2025-03-14,0033,N21,nominal,2.0NRT,303.22,21.21,N
-32.1455,18.93677,367,0.4,0.6,2025-03-14,0033,N21,high,2.0NRT,298.99,21.21,N
-32.14574,18.94058,354.46,0.4,0.6,2025-03-14,0033,N21,nominal,2.0NRT,302.46,28.25,N
-32.14598,18.94442,367,0.4,0.6,2025-03-14,0033,N21,high,2.0NRT,303.18,28.25,N
-32.14622,18.94824,345.32,0.4,0.6,2025-03-14,0033,N21,nominal,2.0NRT,304.81,19.92,N
-32.14646,18.952,353.2,0.4,0.6,2025-03-14,0033,N21,nominal,2.0NRT,301.94,19.92,N
-32.14692,18.95929,367,0.4,0.6,2025-03-14,0033,N21,high,2.0NRT,298.16,7.35,N
-32.14715,18.96291,367,0.4,0.6,2025-03-14,0033,N21,high,2.0NRT,299.35,14.54,N
-32.14739,18.96665,367,0.4,0.6,2025-03-14,0033,N21,high,2.0NRT,298.28,14.54,N
-32.14763,18.97047,348,0.4,0.6,2025-03-14,0033,N21,nominal,2.0NRT,301.1,10.59,N
-32.14787,18.97437,335.01,0.4,0.6,2025-03-14,0033,N21,nominal,2.0NRT,294.48,10.59,N
-32.14812,18.97834,326.8,0.41,0.6,2025-03-14,0033,N21,nominal,2.0NRT,293.17,30.46,N
-32.14838,18.98239,367,0.41,0.6,2025-03-14,0033,N21,high,2.0NRT,301.9,30.46,N
-32.14863,18.9865,367,0.41,0.6,2025-03-14,0033,N21,high,2.0NRT,298.85,40.21,N
-32.1489,18.99063,345.47,0.41,0.6,2025-03-14,0033,N21,nominal,2.0NRT,296.71,40.21,N
-32.14915,18.9948,338.12,0.41,0.6,2025-03-14,0033,N21,nominal,2.0NRT,293.99,4.69,N
-32.14478,18.92548,311.83,0.4,0.6,2025-03-14,0033,N21,nominal,2.0NRT,295.31,14.62,N
-32.14669,18.95568,318.22,0.4,0.6,2025-03-14,0033,N21,nominal,2.0NRT,295.73,7.35,N
-32.15039,18.92545,367,0.4,0.6,2025-03-14,0033,N21,high,2.0NRT,299.98,14.62,N
-32.15063,18.92908,367,0.4,0.6,2025-03-14,0033,N21,high,2.0NRT,299.87,14.62,N
-32.15086,18.93282,349.28,0.4,0.6,2025-03-14,0033,N21,nominal,2.0NRT,297.3,21.21,N
-32.1511,18.93658,367,0.4,0.6,2025-03-14,0033,N21,high,2.0NRT,300.28,21.21,N
-32.15135,18.94044,367,0.4,0.6,2025-03-14,0033,N21,high,2.0NRT,301.05,28.25,N
-32.15159,18.94432,367,0.4,0.6,2025-03-14,0033,N21,high,2.0NRT,299.37,28.25,N
-32.15184,18.94812,353.3,0.4,0.6,2025-03-14,0033,N21,nominal,2.0NRT,297.13,19.92,N
-32.15525,19.00214,322.56,0.41,0.6,2025-03-14,0033,N21,nominal,2.0NRT,292.11,3.42,N
-32.15551,19.00627,320.95,0.41,0.6,2025-03-14,0033,N21,nominal,2.0NRT,291.62,3.42,N
-32.15016,18.92182,319.53,0.4,0.6,2025-03-14,0033,N21,nominal,2.0NRT,294.47,9.87,N
-32.15207,18.95187,308.35,0.4,0.6,2025-03-14,0033,N21,nominal,2.0NRT,294.82,19.92,N
-32.15231,18.95558,313.45,0.4,0.6,2025-03-14,0033,N21,nominal,2.0NRT,294.6,7.35,N
-32.15255,18.95927,310.4,0.4,0.6,2025-03-14,0033,N21,nominal,2.0NRT,294.43,7.35,N
-32.15278,18.96293,311.46,0.4,0.6,2025-03-14,0033,N21,nominal,2.0NRT,294.34,14.54,N
-32.153,18.96646,317.64,0.4,0.6,2025-03-14,0033,N21,nominal,2.0NRT,294.26,14.54,N
-32.15323,18.96999,311.54,0.4,0.6,2025-03-14,0033,N21,nominal,2.0NRT,293.78,10.59,N
-32.15347,18.97368,305.94,0.4,0.6,2025-03-14,0033,N21,nominal,2.0NRT,292.86,10.59,N
-32.15472,18.99364,312.83,0.41,0.6,2025-03-14,0033,N21,nominal,2.0NRT,292.9,4.69,N
-32.15499,18.99791,318.81,0.41,0.6,2025-03-14,0033,N21,nominal,2.0NRT,292.72,4.69,N
-32.15838,18.96259,367,0.4,0.6,2025-03-14,0033,N21,high,2.0NRT,296.57,45.19,N
-32.15884,18.96969,324.17,0.4,0.6,2025-03-14,0033,N21,nominal,2.0NRT,294.73,15.68,N
-32.16115,19.0063,324.54,0.41,0.6,2025-03-14,0033,N21,nominal,2.0NRT,293.09,7.91,N
-32.16137,19.00967,367,0.41,0.6,2025-03-14,0033,N21,high,2.0NRT,294.55,11.95,N
-32.15861,18.96615,316.24,0.4,0.6,2025-03-14,0033,N21,nominal,2.0NRT,294.99,45.19,N
-32.15908,18.97352,311.1,0.4,0.6,2025-03-14,0033,N21,nominal,2.0NRT,293.35,15.68,N
-32.15933,18.97748,308.7,0.41,0.6,2025-03-14,0033,N21,nominal,2.0NRT,293.21,6.97,N
-32.16302,18.94715,324.14,0.4,0.6,2025-03-14,0033,N21,nominal,2.0NRT,295.02,25.92,N
-32.16327,18.95107,367,0.4,0.6,2025-03-14,0033,N21,high,2.0NRT,302.76,25.92,N
-32.16352,18.95498,350.97,0.4,0.6,2025-03-14,0033,N21,nominal,2.0NRT,305.15,43.89,N
-32.16376,18.95876,367,0.4,0.6,2025-03-14,0033,N21,high,2.0NRT,301.91,43.89,N
-32.164,18.96246,367,0.4,0.6,2025-03-14,0033,N21,high,2.0NRT,303.71,45.19,N
-32.16424,18.96619,367,0.4,0.6,2025-03-14,0033,N21,high,2.0NRT,317.34,45.19,N
-32.16449,18.97007,350.68,0.4,0.6,2025-03-14,0033,N21,nominal,2.0NRT,304.39,15.68,N
-32.16475,18.97424,367,0.4,0.6,2025-03-14,0033,N21,high,2.0NRT,297.89,15.68,N
-32.16503,18.97867,344.4,0.41,0.6,2025-03-14,0033,N21,nominal,2.0NRT,295.88,6.97,N
-32.16531,18.98302,348.97,0.41,0.6,2025-03-14,0033,N21,nominal,2.0NRT,295.46,6.97,N
-32.16558,18.98727,310.14,0.41,0.6,2025-03-14,0033,N21,nominal,2.0NRT,294.08,2.5,N
-32.16583,18.99127,306.38,0.41,0.6,2025-03-14,0033,N21,nominal,2.0NRT,293.9,2.5,N
-32.16893,18.95172,367,0.4,0.6,2025-03-14,0033,N21,high,2.0NRT,310.92,58.44,N
-32.16918,18.95554,336.52,0.4,0.6,2025-03-14,0033,N21,nominal,2.0NRT,315.28,126.79,N
-32.16967,18.96321,354.44,0.4,0.6,2025-03-14,0033,N21,nominal,2.0NRT,309.17,31.43,N
-32.16993,18.96732,352.56,0.4,0.6,2025-03-14,0033,N21,nominal,2.0NRT,298.93,31.43,N
-32.17021,18.97163,339.1,0.4,0.6,2025-03-14,0033,N21,nominal,2.0NRT,296.56,29.39,N
-32.17049,18.97611,367,0.4,0.6,2025-03-14,0033,N21,high,2.0NRT,302.65,29.39,N
-32.17078,18.98056,367,0.41,0.6,2025-03-14,0033,N21,high,2.0NRT,299.3,15.44,N
-32.17105,18.98487,325.53,0.41,0.6,2025-03-14,0033,N21,nominal,2.0NRT,296.11,15.44,N
-32.1713,18.98864,325.87,0.41,0.6,2025-03-14,0033,N21,nominal,2.0NRT,296.65,6,N
-32.17151,18.992,324.05,0.41,0.6,2025-03-14,0033,N21,nominal,2.0NRT,296.07,6,N
-32.17172,18.99518,333.73,0.41,0.6,2025-03-14,0033,N21,nominal,2.0NRT,295.39,4.55,N
-32.17193,18.99844,324.31,0.41,0.6,2025-03-14,0033,N21,nominal,2.0NRT,294.25,4.55,N
-32.16869,18.94786,314.5,0.4,0.6,2025-03-14,0033,N21,nominal,2.0NRT,295.64,58.44,N
-32.1751,18.96012,349.57,0.4,0.6,2025-03-14,0033,N21,nominal,2.0NRT,297.67,126.79,N
-32.17534,18.96393,367,0.4,0.6,2025-03-14,0033,N21,high,2.0NRT,299.09,31.43,N
-32.1756,18.96795,367,0.4,0.6,2025-03-14,0033,N21,high,2.0NRT,298.87,31.43,N
-32.17587,18.97204,353.32,0.4,0.6,2025-03-14,0033,N21,nominal,2.0NRT,296.89,29.39,N
-32.17612,18.97613,351.19,0.4,0.6,2025-03-14,0033,N21,nominal,2.0NRT,303.53,29.39,N
-32.17638,18.98,367,0.41,0.6,2025-03-14,0033,N21,high,2.0NRT,300.97,15.44,N
-32.17662,18.98369,341.29,0.41,0.6,2025-03-14,0033,N21,nominal,2.0NRT,295.91,15.44,N
-32.17706,18.99048,344.13,0.41,0.6,2025-03-14,0033,N21,nominal,2.0NRT,296.37,6,N
-32.17727,18.99368,321.84,0.41,0.6,2025-03-14,0033,N21,nominal,2.0NRT,294.14,4.55,N
-32.18077,18.96088,367,0.4,0.6,2025-03-14,0033,N21,high,2.0NRT,301.57,33.4,N
-32.18101,18.96451,353.71,0.4,0.6,2025-03-14,0033,N21,nominal,2.0NRT,298.53,12.79,N
-32.18125,18.96824,337.38,0.4,0.6,2025-03-14,0033,N21,nominal,2.0NRT,296.89,12.79,N
-32.18149,18.97197,350.78,0.4,0.6,2025-03-14,0033,N21,nominal,2.0NRT,307.4,13.88,N
-32.18174,18.97574,328.01,0.4,0.6,2025-03-14,0033,N21,nominal,2.0NRT,296.14,13.88,N
-32.18267,18.99018,349.9,0.41,0.6,2025-03-14,0033,N21,nominal,2.0NRT,295.72,5.44,N
-32.18197,18.97945,314.6,0.41,0.6,2025-03-14,0033,N21,nominal,2.0NRT,295.08,2.37,N
-32.18221,18.98311,313.96,0.41,0.6,2025-03-14,0033,N21,nominal,2.0NRT,294.63,2.37,N
-32.18245,18.98669,314.12,0.41,0.6,2025-03-14,0033,N21,nominal,2.0NRT,294.53,5.44,N
-32.18289,18.99357,309.69,0.41,0.6,2025-03-14,0033,N21,nominal,2.0NRT,293.25,3.46,N
-32.18311,18.99687,307.08,0.41,0.6,2025-03-14,0033,N21,nominal,2.0NRT,292.97,3.46,N
-32.18666,18.96488,330,0.4,0.6,2025-03-14,0033,N21,nominal,2.0NRT,296.46,12.79,N
-32.18711,18.97169,323.21,0.4,0.6,2025-03-14,0033,N21,nominal,2.0NRT,296.21,13.88,N
-32.18688,18.96826,314.24,0.4,0.6,2025-03-14,0033,N21,nominal,2.0NRT,296.11,12.79,N
-32.18735,18.97546,313.44,0.4,0.6,2025-03-14,0033,N21,nominal,2.0NRT,295.22,13.88,N
-32.1876,18.97924,308.23,0.41,0.6,2025-03-14,0033,N21,nominal,2.0NRT,294.78,2.37,N
-32.19349,18.9832,335.36,0.41,0.6,2025-03-14,0033,N21,nominal,2.0NRT,295.57,12.08,N
-32.19373,18.98684,349.6,0.41,0.6,2025-03-14,0033,N21,nominal,2.0NRT,301.81,11.1,N
-32.19324,18.97948,309.4,0.41,0.6,2025-03-14,0033,N21,nominal,2.0NRT,295.47,12.08,N
-32.19395,18.99029,310.8,0.41,0.6,2025-03-14,0033,N21,nominal,2.0NRT,295.02,11.1,N
-32.19939,18.98729,309.04,0.41,0.6,2025-03-14,0033,N21,nominal,2.0NRT,294.16,11.1,N
-32.21667,18.99288,325.35,0.41,0.6,2025-03-14,0033,N21,nominal,2.0NRT,295.47,35.68,N
-32.21692,18.99673,367,0.41,0.6,2025-03-14,0033,N21,high,2.0NRT,300.52,33.94,N
-32.21719,19.00065,367,0.41,0.6,2025-03-14,0033,N21,high,2.0NRT,297.05,33.94,N
-32.21822,19.01621,307.37,0.41,0.6,2025-03-14,0033,N21,nominal,2.0NRT,294.46,3.6,N
-32.21846,19.01996,314.83,0.41,0.6,2025-03-14,0033,N21,nominal,2.0NRT,294.94,5.59,N
-32.22238,18.99398,367,0.41,0.6,2025-03-14,0033,N21,high,2.0NRT,297.67,35.68,N
-32.22264,18.99787,326.22,0.41,0.6,2025-03-14,0033,N21,nominal,2.0NRT,303.59,33.94,N
-32.2229,19.00169,355.59,0.41,0.6,2025-03-14,0033,N21,nominal,2.0NRT,299.31,33.94,N
-32.22315,19.00552,331.69,0.41,0.6,2025-03-14,0033,N21,nominal,2.0NRT,297.54,8.05,N
-32.2234,19.00934,323.09,0.41,0.6,2025-03-14,0033,N21,nominal,2.0NRT,296.76,8.05,N
-32.22366,19.01306,330.49,0.41,0.6,2025-03-14,0033,N21,nominal,2.0NRT,297.41,3.6,N
-32.22389,19.01665,323.67,0.41,0.6,2025-03-14,0033,N21,nominal,2.0NRT,296,3.6,N
-32.2297,19.01903,367,0.41,0.6,2025-03-14,0033,N21,high,2.0NRT,299.9,8.65,N
-32.22995,19.02268,322.58,0.41,0.6,2025-03-14,0033,N21,nominal,2.0NRT,296.83,8.65,N
-32.26906,19.04816,319.02,0.41,0.61,2025-03-14,0033,N21,nominal,2.0NRT,296.06,3.01,N
-32.28016,19.04447,322.13,0.41,0.61,2025-03-14,0033,N21,nominal,2.0NRT,295.57,3.82,N
-32.28561,19.04093,334.11,0.41,0.61,2025-03-14,0033,N21,nominal,2.0NRT,294.53,3.82,N
-32.28592,19.04588,333.21,0.41,0.61,2025-03-14,0033,N21,nominal,2.0NRT,294.49,3.82,N
-32.29482,19.09667,319.15,0.41,0.61,2025-03-14,0033,N21,nominal,2.0NRT,289.99,19.59,N
-32.30024,19.0928,344.25,0.41,0.61,2025-03-14,0033,N21,nominal,2.0NRT,293.86,14.77,N
-32.30042,19.09561,367,0.41,0.61,2025-03-14,0033,N21,high,2.0NRT,297.78,19.59,N
-32.3006,19.09847,351.13,0.41,0.61,2025-03-14,0033,N21,nominal,2.0NRT,296.31,19.59,N
-32.30079,19.10138,367,0.41,0.61,2025-03-14,0033,N21,high,2.0NRT,300.68,25.03,N
-32.30099,19.10448,367,0.41,0.61,2025-03-14,0033,N21,high,2.0NRT,295.3,25.03,N
-32.30119,19.10771,310.06,0.41,0.61,2025-03-14,0033,N21,nominal,2.0NRT,289.98,5.64,N
-32.30616,19.09684,325.22,0.41,0.61,2025-03-14,0033,N21,nominal,2.0NRT,292.79,6.01,N
-32.30634,19.09956,345.32,0.41,0.61,2025-03-14,0033,N21,nominal,2.0NRT,293.58,6.01,N
-32.3067,19.10507,331.56,0.41,0.61,2025-03-14,0033,N21,nominal,2.0NRT,291.48,6.23,N
-32.30652,19.10231,313.23,0.41,0.61,2025-03-14,0033,N21,nominal,2.0NRT,291.24,6.23,N
-32.31218,19.10203,322.5,0.41,0.61,2025-03-14,0033,N21,nominal,2.0NRT,290.96,6.23,N
-32.31237,19.10489,367,0.41,0.61,2025-03-14,0033,N21,high,2.0NRT,293.75,6.23,N
-32.31255,19.10775,307.5,0.41,0.61,2025-03-14,0033,N21,nominal,2.0NRT,289.96,5.83,N
-32.93828,18.7578,304.38,0.4,0.6,2025-03-14,0033,N21,nominal,2.0NRT,292.11,1.05,N
-33.38447,19.16412,302.24,0.43,0.62,2025-03-14,0033,N21,nominal,2.0NRT,288.12,1.71,N
-18.9135,49.11919,340.31,0.46,0.64,2025-03-14,0937,N21,nominal,2.0NRT,279.1,5.14,D
-17.93411,49.43764,341.48,0.43,0.62,2025-03-14,0939,N21,nominal,2.0NRT,285.3,5.69,D
-13.59244,48.35883,329.3,0.45,0.63,2025-03-14,0939,N21,nominal,2.0NRT,290.74,4.28,D
-27.43969,30.68315,327.68,0.43,0.46,2025-03-14,1115,N21,nominal,2.0NRT,288.76,6.7,D
-26.66154,27.80396,336.78,0.62,0.54,2025-03-14,1115,N21,nominal,2.0NRT,292.45,4.97,D
-24.55694,30.14757,333.2,0.42,0.45,2025-03-14,1115,N21,nominal,2.0NRT,301.75,5.47,D
-19.34669,33.67356,333.01,0.39,0.37,2025-03-14,1117,N21,nominal,2.0NRT,299.78,4.66,D
-24.35343,29.22362,338.86,0.48,0.48,2025-03-14,1115,N21,nominal,2.0NRT,302.35,10.19,D
-5.73411,38.24065,341.36,0.49,0.49,2025-03-14,1121,N21,nominal,2.0NRT,299.93,13.81,D
-24.35393,29.21893,330.32,0.48,0.48,2025-03-14,1115,N21,low,2.0NRT,304.62,6.44,D
-19.33681,33.71793,332.72,0.39,0.36,2025-03-14,1117,N21,nominal,2.0NRT,301.46,3.54,D
-17.65865,35.76429,331.78,0.4,0.37,2025-03-14,1117,N21,nominal,2.0NRT,300.03,3.13,D
-18.62021,25.462,334.87,0.35,0.57,2025-03-14,1117,N21,nominal,2.0NRT,297.87,4.13,D
-18.44287,26.4792,338,0.6,0.53,2025-03-14,1117,N21,nominal,2.0NRT,305.83,17.28,D
-17.88223,31.00793,338.95,0.48,0.4,2025-03-14,1117,N21,low,2.0NRT,310.32,8.09,D
-17.86524,31.02376,335.02,0.47,0.4,2025-03-14,1117,N21,low,2.0NRT,309.89,5.71,D
-18.44071,26.47593,337.54,0.6,0.53,2025-03-14,1117,N21,nominal,2.0NRT,304.44,17.77,D
-18.37093,26.47863,343.7,0.6,0.53,2025-03-14,1117,N21,nominal,2.0NRT,305.09,8.14,D
-18.3741,26.45027,339.96,0.61,0.53,2025-03-14,1117,N21,nominal,2.0NRT,303.68,11.2,D
-18.36604,26.47794,333.65,0.6,0.53,2025-03-14,1117,N21,nominal,2.0NRT,302.42,8.14,D
-16.62734,37.18727,339.95,0.45,0.39,2025-03-14,1117,N21,nominal,2.0NRT,301.64,4.68,D
-16.72356,35.61285,332.54,0.4,0.37,2025-03-14,1117,N21,nominal,2.0NRT,299.79,2.43,D
-15.89542,33.03275,341.14,0.39,0.36,2025-03-14,1117,N21,nominal,2.0NRT,300.08,4.67,D
-15.89208,33.03222,343.71,0.39,0.36,2025-03-14,1117,N21,nominal,2.0NRT,300.69,7.46,D
-15.08404,30.21813,338.09,0.48,0.4,2025-03-14,1119,N21,nominal,2.0NRT,297.29,6.39,D
-12.07747,26.39822,337.87,0.5,0.49,2025-03-14,1119,N21,nominal,2.0NRT,293.9,6.67,D
-11.94299,26.56782,326.31,0.49,0.49,2025-03-14,1119,N21,nominal,2.0NRT,290.59,2.92,D
-10.86551,26.85002,330.66,0.45,0.47,2025-03-14,1119,N21,nominal,2.0NRT,290.69,3.72,D
-10.86704,26.85041,329.47,0.45,0.47,2025-03-14,1119,N21,nominal,2.0NRT,291.39,5.07,D
-10.4098,27.84523,338.67,0.39,0.44,2025-03-14,1119,N21,nominal,2.0NRT,295.7,7.61,D
-10.41028,27.84171,344.11,0.39,0.44,2025-03-14,1119,N21,nominal,2.0NRT,300.04,7.61,D
-9.6608,27.71452,338.89,0.38,0.44,2025-03-14,1119,N21,nominal,2.0NRT,295.52,6.28,D
-8.06113,37.14453,332.36,0.38,0.43,2025-03-14,1119,N21,nominal,2.0NRT,296.61,4.05,D
-9.47573,27.74236,329.15,0.57,0.43,2025-03-14,1119,N21,nominal,2.0NRT,294.79,3.63,D
-7.71415,38.98251,342.79,0.51,0.49,2025-03-14,1119,N21,nominal,2.0NRT,296.62,14.98,D
-7.71242,38.98355,340.68,0.51,0.49,2025-03-14,1119,N21,nominal,2.0NRT,296.84,10.71,D
-8.08467,36.534,336.24,0.53,0.42,2025-03-14,1119,N21,nominal,2.0NRT,298.3,9.72,D
-7.23081,39.23784,335.61,0.54,0.51,2025-03-14,1119,N21,nominal,2.0NRT,297.85,7,D
-7.22708,39.23916,339.76,0.54,0.51,2025-03-14,1119,N21,nominal,2.0NRT,297.87,3.59,D
-7.20739,39.18622,348.66,0.54,0.51,2025-03-14,1119,N21,nominal,2.0NRT,299.35,6.28,D
-7.50965,36.89812,331.34,0.57,0.43,2025-03-14,1119,N21,nominal,2.0NRT,296.67,4.88,D
-7.49022,36.96522,334.38,0.57,0.43,2025-03-14,1119,N21,nominal,2.0NRT,299.21,5.07,D
-7.49158,36.96367,334.52,0.57,0.43,2025-03-14,1119,N21,nominal,2.0NRT,298.83,6.48,D
-7.12052,38.91879,332.53,0.52,0.5,2025-03-14,1119,N21,nominal,2.0NRT,294.4,2.94,D
-7.14209,37.46744,332.4,0.42,0.45,2025-03-14,1121,N21,nominal,2.0NRT,299.24,3.33,D
-6.82756,39.03275,340.03,0.53,0.5,2025-03-14,1121,N21,nominal,2.0NRT,299.28,7.58,D
-6.82296,39.03201,352.6,0.53,0.5,2025-03-14,1121,N21,nominal,2.0NRT,299.57,10.32,D
-6.83212,39.03685,330.31,0.53,0.5,2025-03-14,1121,N21,nominal,2.0NRT,299.84,3.68,D
-6.82752,39.03607,332.93,0.53,0.5,2025-03-14,1121,N21,nominal,2.0NRT,299.96,7.41,D
-6.82291,39.0353,331.86,0.53,0.5,2025-03-14,1121,N21,nominal,2.0NRT,299.91,7.41,D
-6.8237,39.03054,341.56,0.53,0.5,2025-03-14,1121,N21,nominal,2.0NRT,298.83,7.41,D
-8.62169,27.12722,329.95,0.41,0.45,2025-03-14,1121,N21,nominal,2.0NRT,297.25,4,D
-8.6186,27.11954,332.22,0.41,0.45,2025-03-14,1121,N21,nominal,2.0NRT,299.05,5.66,D
-6.70043,38.86571,341.3,0.52,0.5,2025-03-14,1121,N21,nominal,2.0NRT,299.56,5.65,D
-6.67208,38.89459,332.44,0.52,0.5,2025-03-14,1121,N21,nominal,2.0NRT,298.36,5.71,D
-6.67288,38.8899,336.46,0.52,0.5,2025-03-14,1121,N21,nominal,2.0NRT,300.64,5.71,D
-8.75576,24.29278,335.09,0.63,0.54,2025-03-14,1121,N21,nominal,2.0NRT,290.06,6.21,D
-6.42587,39.50105,341.44,0.58,0.52,2025-03-14,1121,N21,nominal,2.0NRT,298.78,9.98,D
-6.42598,39.49983,339.86,0.58,0.52,2025-03-14,1121,N21,nominal,2.0NRT,298.23,5.78,D
-6.37714,39.55618,336.98,0.59,0.53,2025-03-14,1121,N21,nominal,2.0NRT,297.84,6.19,D
-6.33842,39.52255,338.07,0.59,0.53,2025-03-14,1121,N21,nominal,2.0NRT,299.53,39.03,D
-6.73526,36.9995,344.32,0.39,0.44,2025-03-14,1121,N21,nominal,2.0NRT,299.25,10.2,D
-6.73405,36.99867,353.96,0.39,0.44,2025-03-14,1121,N21,nominal,2.0NRT,297.82,10.28,D
-6.28038,39.48849,338.69,0.58,0.52,2025-03-14,1121,N21,nominal,2.0NRT,298.4,13.03,D
-6.45032,38.47214,342.67,0.5,0.49,2025-03-14,1121,N21,nominal,2.0NRT,302.23,5.15,D
-6.24898,39.49927,340.77,0.59,0.53,2025-03-14,1121,N21,nominal,2.0NRT,297.86,9.33,D
-6.65864,37.03065,332.25,0.4,0.44,2025-03-14,1121,N21,nominal,2.0NRT,297.2,3.52,D
-8.5999,23.96416,332.94,0.33,0.55,2025-03-14,1121,N21,nominal,2.0NRT,291.49,3.61,D
-6.34567,38.84627,337.7,0.53,0.5,2025-03-14,1121,N21,nominal,2.0NRT,298.99,10.74,D
-8.1853,26.91823,332.46,0.41,0.45,2025-03-14,1121,N21,nominal,2.0NRT,295.41,2.28,D
-8.16425,26.94931,331.11,0.41,0.45,2025-03-14,1121,N21,nominal,2.0NRT,295.91,4.22,D
-8.15701,26.91055,339.31,0.41,0.45,2025-03-14,1121,N21,nominal,2.0NRT,295.17,7.01,D
-8.15748,26.91353,332.99,0.41,0.45,2025-03-14,1121,N21,nominal,2.0NRT,296.25,6.39,D
-8.16232,26.79215,339.26,0.42,0.45,2025-03-14,1121,N21,nominal,2.0NRT,296.21,29.14,D
-8.13732,26.93718,352.47,0.41,0.45,2025-03-14,1121,N21,nominal,2.0NRT,300.53,29.33,D
-6.32975,38.48931,332.25,0.5,0.49,2025-03-14,1121,N21,nominal,2.0NRT,300.58,1.69,D
-6.54307,37.02162,340.5,0.4,0.44,2025-03-14,1121,N21,nominal,2.0NRT,294.39,12.1,D
-6.11633,39.38233,337.38,0.58,0.52,2025-03-14,1121,N21,nominal,2.0NRT,298.28,7.34,D
-6.24766,38.49756,346.33,0.5,0.49,2025-03-14,1121,N21,nominal,2.0NRT,300.57,8.11,D
-6.07499,39.42232,340.61,0.58,0.52,2025-03-14,1121,N21,nominal,2.0NRT,298.99,9.14,D
-6.16401,38.42132,330.35,0.5,0.49,2025-03-14,1121,N21,low,2.0NRT,301.22,1.85,D
-6.16168,38.47279,340.97,0.5,0.49,2025-03-14,1121,N21,nominal,2.0NRT,300.38,5.64,D
-6.13417,38.55633,337.97,0.51,0.49,2025-03-14,1121,N21,nominal,2.0NRT,299.3,7.18,D
-6.15041,38.42942,347.88,0.5,0.49,2025-03-14,1121,N21,nominal,2.0NRT,300.9,20.85,D
-6.04526,38.58891,330.84,0.51,0.49,2025-03-14,1121,N21,nominal,2.0NRT,300.45,2.75,D
-6.04354,38.59,332.91,0.51,0.5,2025-03-14,1121,N21,nominal,2.0NRT,300.6,4.34,D
-6.12227,37.43885,338.94,0.43,0.46,2025-03-14,1121,N21,nominal,2.0NRT,298.13,5.63,D
-6.096,37.43296,334.45,0.43,0.46,2025-03-14,1121,N21,nominal,2.0NRT,300.15,3.96,D
-5.89434,38.19894,331.92,0.48,0.48,2025-03-14,1121,N21,nominal,2.0NRT,300.33,3.24,D
-5.80887,38.36192,353.65,0.5,0.49,2025-03-14,1121,N21,nominal,2.0NRT,295.34,13.1,D
-5.72967,38.23994,340.88,0.49,0.49,2025-03-14,1121,N21,nominal,2.0NRT,298.1,14.61,D
-7.47319,26.86954,329.01,0.41,0.45,2025-03-14,1121,N21,nominal,2.0NRT,294.37,4.3,D
-5.69946,38.28462,338.18,0.49,0.49,2025-03-14,1121,N21,nominal,2.0NRT,300.09,7.55,D
-5.58127,38.93524,350.83,0.55,0.51,2025-03-14,1121,N21,nominal,2.0NRT,299.72,11.88,D
-5.55499,38.69985,334.52,0.53,0.5,2025-03-14,1121,N21,nominal,2.0NRT,301.35,4.63,D
-5.50514,38.91518,339.7,0.55,0.51,2025-03-14,1121,N21,nominal,2.0NRT,299.22,7.79,D
-5.6238,38.14214,330.85,0.49,0.48,2025-03-14,1121,N21,nominal,2.0NRT,298.59,1.9,D
-7.74053,24.1216,331.65,0.63,0.54,2025-03-14,1121,N21,nominal,2.0NRT,289.25,5.7,D
-5.53293,38.66228,331.03,0.53,0.5,2025-03-14,1121,N21,low,2.0NRT,301.79,5.16,D
-5.45968,38.87213,348.05,0.55,0.51,2025-03-14,1121,N21,nominal,2.0NRT,299.35,8.54,D
-5.46713,38.82825,337.09,0.54,0.51,2025-03-14,1121,N21,nominal,2.0NRT,299.26,6.07,D
-7.29403,27.02116,327.95,0.39,0.44,2025-03-14,1121,N21,low,2.0NRT,300.73,8.23,D
-5.50279,38.53481,341.62,0.52,0.5,2025-03-14,1121,N21,nominal,2.0NRT,301.35,5.72,D
-7.28795,27.00579,338.05,0.4,0.44,2025-03-14,1121,N21,nominal,2.0NRT,295.56,4.73,D
-5.4658,38.72435,333.31,0.53,0.5,2025-03-14,1121,N21,nominal,2.0NRT,299.26,4.01,D
-5.4571,38.86877,331.9,0.55,0.51,2025-03-14,1121,N21,nominal,2.0NRT,298.3,4.34,D
-5.50153,38.53608,338.41,0.52,0.5,2025-03-14,1121,N21,nominal,2.0NRT,300.6,4.54,D
-5.45028,38.82263,333.42,0.54,0.51,2025-03-14,1121,N21,nominal,2.0NRT,298.61,2.94,D
-5.46598,38.7262,330.63,0.53,0.5,2025-03-14,1121,N21,nominal,2.0NRT,299.33,3.54,D
-5.41345,38.75736,342.39,0.54,0.51,2025-03-14,1121,N21,nominal,2.0NRT,301.85,14.52,D
-5.41425,38.75255,341.52,0.54,0.51,2025-03-14,1121,N21,nominal,2.0NRT,302.91,14.52,D
-7.66665,23.79968,328.12,0.33,0.55,2025-03-14,1121,N21,nominal,2.0NRT,289.79,1.98,D
-5.42394,38.5811,334.79,0.52,0.5,2025-03-14,1121,N21,nominal,2.0NRT,301.9,7.85,D
-5.42552,38.57168,332.97,0.52,0.5,2025-03-14,1121,N21,nominal,2.0NRT,302.18,2.45,D
-5.34109,39.01764,331.73,0.56,0.52,2025-03-14,1121,N21,nominal,2.0NRT,298.78,2.67,D
-5.46353,38.20694,332.97,0.49,0.49,2025-03-14,1121,N21,nominal,2.0NRT,303.12,4.18,D
-5.39977,38.44762,343.4,0.51,0.5,2025-03-14,1121,N21,nominal,2.0NRT,302.26,8.29,D
-5.40056,38.44299,330.06,0.51,0.5,2025-03-14,1121,N21,nominal,2.0NRT,298.96,5.08,D
-5.35213,38.44587,333.5,0.51,0.5,2025-03-14,1121,N21,nominal,2.0NRT,303.1,5.24,D
-5.32122,38.60386,332.43,0.53,0.5,2025-03-14,1121,N21,nominal,2.0NRT,299.98,4,D
-5.322,38.59914,337.45,0.53,0.5,2025-03-14,1121,N21,nominal,2.0NRT,301.6,4,D
-5.32032,38.46909,350.49,0.52,0.5,2025-03-14,1121,N21,nominal,2.0NRT,302.95,10.47,D
-7.56233,23.49008,328.43,0.34,0.56,2025-03-14,1121,N21,nominal,2.0NRT,290.29,2.4,D
-5.28018,38.47935,340.76,0.52,0.5,2025-03-14,1121,N21,nominal,2.0NRT,302.88,8.81,D
-5.19484,38.88519,331.16,0.55,0.51,2025-03-14,1121,N21,nominal,2.0NRT,299.7,2.14,D
-5.22563,38.66917,331.21,0.53,0.5,2025-03-14,1121,N21,nominal,2.0NRT,299.17,6.78,D
-5.221,38.66854,349.56,0.53,0.5,2025-03-14,1121,N21,nominal,2.0NRT,300.75,6.78,D
-5.10571,38.85704,348.06,0.55,0.51,2025-03-14,1121,N21,nominal,2.0NRT,298.72,8.82,D
-5.10268,38.84623,347.32,0.55,0.51,2025-03-14,1121,N21,nominal,2.0NRT,299.01,10.13,D
-7.35772,23.8914,329.84,0.32,0.55,2025-03-14,1121,N21,nominal,2.0NRT,288.28,3.65,D
-5.01312,39.12357,340.17,0.58,0.52,2025-03-14,1121,N21,nominal,2.0NRT,298.66,9.2,D
-4.99842,39.09443,332.27,0.58,0.52,2025-03-14,1121,N21,nominal,2.0NRT,298.58,2.38,D
-5.00246,39.0416,337.47,0.57,0.52,2025-03-14,1121,N21,nominal,2.0NRT,299.61,5.75,D
-4.95812,38.97871,338.44,0.57,0.52,2025-03-14,1121,N21,nominal,2.0NRT,299.62,4.83,D
-4.91004,39.03365,336.87,0.57,0.52,2025-03-14,1121,N21,nominal,2.0NRT,299.6,3.89,D
-7.24236,23.64934,329.18,0.33,0.55,2025-03-14,1121,N21,nominal,2.0NRT,289.19,2.25,D
-7.27218,23.31098,334.38,0.35,0.57,2025-03-14,1121,N21,nominal,2.0NRT,288.53,4.76,D
-7.26697,23.31039,329.59,0.35,0.57,2025-03-14,1121,N21,nominal,2.0NRT,288.91,2.32,D
-4.84771,39.02171,337.21,0.57,0.52,2025-03-14,1121,N21,nominal,2.0NRT,299.79,4.79,D
-7.18599,23.58053,328.09,0.34,0.56,2025-03-14,1121,N21,nominal,2.0NRT,287.52,1.96,D
-7.19539,23.43681,326.61,0.34,0.56,2025-03-14,1121,N21,nominal,2.0NRT,284.62,1.76,D
-6.67944,26.95305,337.84,0.39,0.44,2025-03-14,1121,N21,nominal,2.0NRT,295.25,4.1,D
-4.86174,38.58961,339.55,0.54,0.5,2025-03-14,1121,N21,nominal,2.0NRT,304.05,4.71,D
-7.09735,23.77689,341.11,0.32,0.55,2025-03-14,1121,N21,nominal,2.0NRT,285.95,3.71,D
-7.04359,23.75841,328.32,0.32,0.55,2025-03-14,1121,N21,nominal,2.0NRT,283.88,1.85,D
-6.99924,23.70791,327.89,0.33,0.55,2025-03-14,1121,N21,nominal,2.0NRT,283.02,5.04,D
-6.99382,23.71008,348.22,0.33,0.55,2025-03-14,1121,N21,nominal,2.0NRT,283.71,5.04,D
-4.70004,38.82103,341.97,0.56,0.51,2025-03-14,1121,N21,nominal,2.0NRT,302.59,11.31,D
-4.70235,38.82371,340.84,0.56,0.51,2025-03-14,1121,N21,nominal,2.0NRT,301.27,17.33,D
-6.99423,23.71045,341.75,0.33,0.55,2025-03-14,1121,N21,nominal,2.0NRT,282.94,5.99,D
-6.99464,23.70758,332.91,0.33,0.55,2025-03-14,1121,N21,nominal,2.0NRT,282.71,5.52,D
-4.55501,39.45588,330.16,0.62,0.54,2025-03-14,1121,N21,nominal,2.0NRT,298.91,7.55,D
-4.55938,39.33813,335.86,0.61,0.53,2025-03-14,1121,N21,nominal,2.0NRT,300.01,3,D
-4.56028,39.33271,330.38,0.61,0.53,2025-03-14,1121,N21,nominal,2.0NRT,299.05,3,D
-4.60181,39.02259,335.43,0.58,0.52,2025-03-14,1121,N21,nominal,2.0NRT,300.29,3.52,D
-6.25762,26.90524,338.56,0.39,0.44,2025-03-14,1121,N21,nominal,2.0NRT,294.75,5.25,D
-4.25511,38.47164,341.22,0.54,0.51,2025-03-14,1121,N21,nominal,2.0NRT,303.29,14.39,D
-4.06107,39.39975,345.48,0.63,0.54,2025-03-14,1121,N21,nominal,2.0NRT,301.07,10.04,D
-4.05987,39.39735,342.08,0.63,0.54,2025-03-14,1121,N21,nominal,2.0NRT,300.77,6.85,D
-4.15393,38.2573,340.58,0.52,0.5,2025-03-14,1121,N21,nominal,2.0NRT,304.44,22.05,D
-4.1547,38.25266,347.22,0.52,0.5,2025-03-14,1121,N21,nominal,2.0NRT,312.59,22.05,D
-5.28004,30.95398,331.61,0.39,0.36,2025-03-14,1121,N21,nominal,2.0NRT,299.84,2.99,D
-4.621,29.04777,331.7,0.43,0.38,2025-03-14,1121,N21,low,2.0NRT,296.2,5.03,D
-4.40371,28.72732,331.78,0.44,0.39,2025-03-14,1121,N21,nominal,2.0NRT,298.39,4.68,D
-4.22742,29.03543,343.11,0.43,0.38,2025-03-14,1121,N21,nominal,2.0NRT,307.42,12.02,D
-4.02256,27.97935,331.62,0.48,0.4,2025-03-14,1121,N21,nominal,2.0NRT,295.56,7.11,D
-33.56283,21.89287,338.6,0.53,0.5,2025-03-14,1253,N21,nominal,2.0NRT,303.51,26.44,D
-33.5583,21.89134,341.41,0.53,0.5,2025-03-14,1253,N21,nominal,2.0NRT,300.03,26.44,D
-33.55882,21.89548,341.76,0.53,0.5,2025-03-14,1253,N21,nominal,2.0NRT,303.98,30.09,D
-33.56008,21.88984,336.22,0.53,0.5,2025-03-14,1253,N21,nominal,2.0NRT,299.53,19.76,D
-34.02016,18.64489,333.67,0.53,0.42,2025-03-14,1253,N21,nominal,2.0NRT,303.43,9.61,D
-33.53711,18.51623,343.99,0.53,0.42,2025-03-14,1255,N21,nominal,2.0NRT,310.31,18.45,D
-33.53667,18.49815,344.67,0.53,0.42,2025-03-14,1255,N21,nominal,2.0NRT,310.29,108.22,D
-33.53286,18.49706,336.74,0.53,0.42,2025-03-14,1255,N21,low,2.0NRT,308.17,108.22,D
-33.38963,19.16378,333.14,0.38,0.44,2025-03-14,1255,N21,low,2.0NRT,305.19,4.29,D
-33.38566,19.16269,333.34,0.38,0.44,2025-03-14,1255,N21,nominal,2.0NRT,304.47,2.04,D
-32.32503,19.10723,354.84,0.4,0.44,2025-03-14,1255,N21,nominal,2.0NRT,307.47,26.14,D
-32.32031,19.10947,367,0.4,0.44,2025-03-14,1255,N21,high,2.0NRT,304.79,11.79,D
-32.32105,19.10586,344.94,0.4,0.44,2025-03-14,1255,N21,nominal,2.0NRT,305.74,18.37,D
-32.32246,19.09906,348.09,0.4,0.44,2025-03-14,1255,N21,nominal,2.0NRT,302.5,11.11,D
-32.31558,19.11178,343.11,0.4,0.44,2025-03-14,1255,N21,nominal,2.0NRT,301.5,11.79,D
-32.3163,19.10828,350.02,0.4,0.44,2025-03-14,1255,N21,nominal,2.0NRT,305.67,11.79,D
-32.31579,19.09015,339.98,0.4,0.44,2025-03-14,1255,N21,nominal,2.0NRT,303.29,4.54,D
-32.31099,19.09279,344.34,0.4,0.44,2025-03-14,1255,N21,nominal,2.0NRT,306.86,10.5,D
-32.30219,19.09422,340.15,0.4,0.44,2025-03-14,1255,N21,nominal,2.0NRT,306.27,7.32,D
-32.23082,19.00966,343.89,0.4,0.44,2025-03-14,1255,N21,nominal,2.0NRT,312.69,6.85,D
-32.20252,19.0029,349.84,0.4,0.44,2025-03-14,1255,N21,nominal,2.0NRT,304.12,7.75,D
-32.19467,18.99987,339.79,0.4,0.44,2025-03-14,1255,N21,nominal,2.0NRT,304.42,5.23,D
-32.1946,19.00054,334.19,0.4,0.44,2025-03-14,1255,N21,nominal,2.0NRT,303.88,2.42,D
-32.18001,18.98886,335.82,0.4,0.44,2025-03-14,1255,N21,nominal,2.0NRT,306.86,2.83,D
-32.18308,18.97373,337.53,0.4,0.44,2025-03-14,1255,N21,nominal,2.0NRT,307.33,5.14,D
-32.17594,18.98805,367,0.4,0.44,2025-03-14,1255,N21,high,2.0NRT,310.55,11.03,D
-32.17519,18.99176,336.48,0.4,0.44,2025-03-14,1255,N21,nominal,2.0NRT,305.9,11.03,D
-32.17671,18.98424,338.01,0.4,0.44,2025-03-14,1255,N21,nominal,2.0NRT,303.9,5.34,D
-32.17828,18.9765,342.07,0.4,0.44,2025-03-14,1255,N21,nominal,2.0NRT,306.53,55.61,D
-32.17907,18.97259,353.02,0.4,0.44,2025-03-14,1255,N21,nominal,2.0NRT,320.19,55.61,D
-32.17986,18.96872,310.72,0.4,0.44,2025-03-14,1255,N21,low,2.0NRT,321.09,100,D
-32.17183,18.98745,349.33,0.4,0.44,2025-03-14,1255,N21,nominal,2.0NRT,308.75,11.03,D
-32.17504,18.95074,335.57,0.4,0.44,2025-03-14,1255,N21,nominal,2.0NRT,304.8,1.99,D
-32.15768,19.01525,331.07,0.4,0.44,2025-03-14,1255,N21,low,2.0NRT,303.28,1.44,D
-32.16883,18.96046,331.73,0.4,0.44,2025-03-14,1255,N21,low,2.0NRT,304.47,2.41,D
-32.15447,19.01021,341.49,0.4,0.44,2025-03-14,1255,N21,nominal,2.0NRT,307.42,13.69,D
-32.1521,19.00102,343.2,0.4,0.44,2025-03-14,1255,N21,nominal,2.0NRT,310.19,4.22,D
-32.14887,18.99603,367,0.4,0.44,2025-03-14,1255,N21,high,2.0NRT,309.77,5.48,D
-32.14801,19.00028,334.84,0.4,0.44,2025-03-14,1255,N21,nominal,2.0NRT,306.12,5.48,D
-32.15768,18.9528,341.53,0.4,0.44,2025-03-14,1255,N21,nominal,2.0NRT,305.33,12.96,D
-32.15848,18.94889,344.04,0.4,0.44,2025-03-14,1255,N21,nominal,2.0NRT,305.61,12.96,D
-32.15927,18.94502,343.17,0.4,0.44,2025-03-14,1255,N21,nominal,2.0NRT,305.65,10.81,D
-32.14478,18.99532,340.89,0.4,0.44,2025-03-14,1255,N21,nominal,2.0NRT,307.01,5.48,D
-32.15368,18.95172,354.07,0.4,0.44,2025-03-14,1255,N21,nominal,2.0NRT,313.8,12.96,D
-32.15361,18.93128,342.93,0.39,0.44,2025-03-14,1255,N21,nominal,2.0NRT,311.46,12.31,D
-32.15438,18.92754,337.65,0.39,0.44,2025-03-14,1255,N21,low,2.0NRT,309.59,10.48,D
-32.14088,18.97289,342.66,0.4,0.44,2025-03-14,1255,N21,nominal,2.0NRT,309.35,19.9,D
-32.14648,18.94551,343.8,0.4,0.44,2025-03-14,1255,N21,nominal,2.0NRT,310.23,10.85,D
-32.13765,18.96797,347.51,0.4,0.44,2025-03-14,1255,N21,nominal,2.0NRT,314.5,42.6,D
-32.13849,18.96385,348.39,0.4,0.44,2025-03-14,1255,N21,nominal,2.0NRT,314.28,30.83,D
-32.14248,18.94434,346.19,0.4,0.44,2025-03-14,1255,N21,nominal,2.0NRT,311.49,12.39,D
-28.76787,20.68085,332.93,0.58,0.52,2025-03-14,1255,N21,nominal,2.0NRT,301.46,4.44,D
-10.98455,14.1501,336.02,0.49,0.49,2025-03-14,1301,N21,nominal,2.0NRT,298.62,5.87,D
-10.87438,13.90352,342.6,0.47,0.48,2025-03-14,1301,N21,nominal,2.0NRT,300.93,14.88,D
-10.87412,13.90078,343.81,0.47,0.48,2025-03-14,1301,N21,nominal,2.0NRT,301.51,11.36,D
-10.80948,13.88432,349.64,0.47,0.48,2025-03-14,1301,N21,nominal,2.0NRT,301.3,12.69,D
-10.77521,13.89975,340.5,0.47,0.48,2025-03-14,1301,N21,nominal,2.0NRT,296.9,5.49,D
-10.77596,13.89551,331.48,0.47,0.48,2025-03-14,1301,N21,nominal,2.0NRT,296.14,5.49,D
-10.67807,14.0133,335.05,0.48,0.48,2025-03-14,1301,N21,nominal,2.0NRT,296.38,6.07,D
-10.66794,13.99338,337.11,0.48,0.48,2025-03-14,1301,N21,nominal,2.0NRT,294.4,1.99,D
-10.68502,13.87147,335.74,0.47,0.48,2025-03-14,1301,N21,nominal,2.0NRT,295.82,4.67,D
-9.98615,14.5359,327.97,0.54,0.51,2025-03-14,1301,N21,nominal,2.0NRT,285.29,5.83,D
-9.987,14.53097,331.12,0.54,0.51,2025-03-14,1301,N21,nominal,2.0NRT,285.29,4.47,D
-9.98147,14.53536,337.96,0.54,0.51,2025-03-14,1301,N21,nominal,2.0NRT,285.5,8.02,D
-9.39943,16.09222,355.27,0.35,0.57,2025-03-14,1301,N21,nominal,2.0NRT,279.14,8.57,D
-9.39794,16.09371,341.9,0.35,0.57,2025-03-14,1301,N21,nominal,2.0NRT,278.45,4.51,D
-9.3985,16.09052,326.87,0.35,0.57,2025-03-14,1301,N21,nominal,2.0NRT,278.54,4.51,D
-9.24307,15.25283,333.64,0.62,0.54,2025-03-14,1301,N21,nominal,2.0NRT,284.54,7.24,D
-8.23748,18.52525,339.09,0.54,0.68,2025-03-14,1301,N21,nominal,2.0NRT,268.58,8.01,D
-8.60072,16.04759,325.8,0.36,0.58,2025-03-14,1301,N21,nominal,2.0NRT,290.15,2.1,D
-8.56247,15.96058,330.59,0.36,0.57,2025-03-14,1301,N21,nominal,2.0NRT,291.98,4.29,D
-8.56188,15.96015,332.04,0.36,0.57,2025-03-14,1301,N21,nominal,2.0NRT,293.28,4.55,D
-8.47,15.44838,333.97,0.33,0.55,2025-03-14,1301,N21,nominal,2.0NRT,290.34,2.96,D
-7.66976,19.2259,346.02,0.62,0.71,2025-03-14,1301,N21,nominal,2.0NRT,273.52,10.91,D
-8.38667,14.86572,329.76,0.61,0.53,2025-03-14,1301,N21,nominal,2.0NRT,285.03,6.13,D
-8.13741,15.52159,331.12,0.34,0.56,2025-03-14,1301,N21,nominal,2.0NRT,286.22,2.93,D
-8.0793,15.50662,331.09,0.34,0.56,2025-03-14,1301,N21,nominal,2.0NRT,287.39,2.28,D
-7.93258,15.69735,327.75,0.35,0.57,2025-03-14,1301,N21,nominal,2.0NRT,289.3,1.64,D
-7.85008,15.70436,367,0.35,0.57,2025-03-14,1301,N21,high,2.0NRT,290.89,7.45,D
-7.52062,17.3204,328.05,0.46,0.64,2025-03-14,1301,N21,nominal,2.0NRT,287.71,4.59,D
-7.52149,17.24906,330.62,0.46,0.63,2025-03-14,1301,N21,nominal,2.0NRT,283.02,5.32,D
-7.63605,16.09471,345.31,0.38,0.59,2025-03-14,1301,N21,nominal,2.0NRT,284.88,4.96,D
-7.8579,14.64781,327.3,0.6,0.53,2025-03-14,1301,N21,nominal,2.0NRT,287.99,4.21,D
-7.69862,15.37698,329.27,0.34,0.56,2025-03-14,1301,N21,nominal,2.0NRT,289.99,2.03,D
-7.5034,15.43534,327.19,0.34,0.56,2025-03-14,1301,N21,nominal,2.0NRT,290.98,2.98,D
-7.2212,15.49863,331.56,0.35,0.57,2025-03-14,1301,N21,nominal,2.0NRT,286.18,3.22,D
-7.15994,15.51345,327.6,0.35,0.57,2025-03-14,1301,N21,nominal,2.0NRT,288.32,2.56,D
-7.14486,15.5081,353.59,0.35,0.57,2025-03-14,1301,N21,nominal,2.0NRT,287.88,6.4,D
-7.16806,15.37685,329.44,0.34,0.56,2025-03-14,1301,N21,nominal,2.0NRT,289.57,2.57,D
-6.45543,15.24393,341.72,0.35,0.57,2025-03-14,1301,N21,nominal,2.0NRT,285.29,6.49,D
-5.61738,13.53009,339.61,0.55,0.51,2025-03-14,1301,N21,nominal,2.0NRT,281.7,8.15,D
-5.61397,13.53206,339.54,0.55,0.51,2025-03-14,1301,N21,nominal,2.0NRT,282.59,6.94,D
-4.86101,12.02075,340.32,0.44,0.46,2025-03-14,1304,N21,nominal,2.0NRT,275.47,8.06,D
-24.55635,30.145,326.34,0.34,0.56,2025-03-14,2229,N21,nominal,2.0NRT,285.84,2.3,N
-24.55699,30.14785,308.09,0.34,0.56,2025-03-14,2229,N21,nominal,2.0NRT,285.68,2.3,N
-24.81793,30.11687,334.78,0.34,0.56,2025-03-14,2229,N21,nominal,2.0NRT,288.73,3.76,N
-25.90007,32.43054,303.6,0.47,0.48,2025-03-14,2229,N21,nominal,2.0NRT,288.19,1.18,N
-25.90104,32.43518,305.76,0.47,0.48,2025-03-14,2229,N21,nominal,2.0NRT,288.33,1.11,N
-25.85991,29.17002,299.86,0.37,0.58,2025-03-14,2229,N21,nominal,2.0NRT,282.16,1.97,N
-26.68226,27.95221,297.35,0.42,0.61,2025-03-14,2231,N21,nominal,2.0NRT,284.32,1.37,N
-26.69883,27.94742,306.03,0.42,0.61,2025-03-14,2231,N21,nominal,2.0NRT,283.68,1.2,N
-26.71636,27.94664,301.67,0.42,0.61,2025-03-14,2231,N21,nominal,2.0NRT,284.76,2.29,N
-4.45657,39.44449,310.68,0.4,0.44,2025-03-14,2225,N21,nominal,2.0NRT,293.25,2.87,N
-15.89391,33.03027,341.34,0.34,0.56,2025-03-14,2229,N21,nominal,2.0NRT,288.51,5.05,N
-15.89454,33.03344,303.34,0.34,0.56,2025-03-14,2229,N21,nominal,2.0NRT,286.06,2.95,N
-16.1221,33.76107,307.23,0.59,0.53,2025-03-14,2229,N21,nominal,2.0NRT,288.72,3.1,N
-16.12802,33.76569,302.69,0.59,0.53,2025-03-14,2229,N21,nominal,2.0NRT,287.76,2.96,N
-16.13393,33.77025,304.14,0.59,0.53,2025-03-14,2229,N21,nominal,2.0NRT,286.7,2.39,N
-16.16555,33.80385,302.74,0.59,0.53,2025-03-14,2229,N21,nominal,2.0NRT,286.12,2.31,N
-16.19319,33.84343,303.5,0.59,0.53,2025-03-14,2229,N21,nominal,2.0NRT,286.2,1.14,N
-15.90201,31.11832,309.48,0.45,0.63,2025-03-14,2229,N21,nominal,2.0NRT,281.69,2.41,N
-18.52618,32.65316,298.27,0.63,0.54,2025-03-14,2229,N21,nominal,2.0NRT,284.15,1.92,N
-18.05682,30.37902,298.84,0.45,0.63,2025-03-14,2229,N21,nominal,2.0NRT,287.37,0.67,N
-18.35877,26.66396,309.93,0.77,0.77,2025-03-14,2229,N21,nominal,2.0NRT,289.32,2.48,N
-18.36176,26.6587,305.35,0.77,0.77,2025-03-14,2229,N21,nominal,2.0NRT,289.51,2.58,N
-18.36887,26.47219,307.77,0.79,0.78,2025-03-14,2229,N21,nominal,2.0NRT,290.32,4.32,N
-18.37067,26.47967,303.86,0.79,0.78,2025-03-14,2229,N21,nominal,2.0NRT,289.97,3.62,N
-18.37067,26.44851,317.33,0.8,0.78,2025-03-14,2229,N21,nominal,2.0NRT,290.76,6.51,N
-4.85875,12.01768,332.04,0.53,0.5,2025-03-15,0005,N21,nominal,2.0NRT,270.05,4,N
-4.85958,12.02253,315.59,0.53,0.5,2025-03-15,0005,N21,nominal,2.0NRT,270.49,4,N
-4.86419,12.02182,316.71,0.53,0.5,2025-03-15,0005,N21,nominal,2.0NRT,268.58,3.33,N
-4.86499,12.02654,307.86,0.53,0.5,2025-03-15,0005,N21,nominal,2.0NRT,269.95,2.34,N
-4.89296,12.08019,301.13,0.53,0.5,2025-03-15,0005,N21,nominal,2.0NRT,275.13,1.31,N
-28.35826,23.51052,296.13,0.36,0.57,2025-03-15,0011,N21,nominal,2.0NRT,280.79,1.09,N
-4.88792,11.9088,321.64,0.54,0.51,2025-03-15,0005,N21,nominal,2.0NRT,265.17,6.61,N
-4.93199,12.08831,346.04,0.53,0.5,2025-03-15,0005,N21,nominal,2.0NRT,265.34,6.51,N
-32.14306,18.98697,348.27,0.43,0.46,2025-03-15,0013,N21,nominal,2.0NRT,294.47,9.1,N
-32.14395,18.99592,312.74,0.43,0.46,2025-03-15,0013,N21,nominal,2.0NRT,292.23,2.95,N
-4.93276,12.09295,295.31,0.53,0.5,2025-03-15,0005,N21,nominal,2.0NRT,263.91,1.79,N
-32.14995,19.0129,339.07,0.43,0.46,2025-03-15,0013,N21,nominal,2.0NRT,294.22,8.88,N
-4.93657,12.08753,310.89,0.53,0.5,2025-03-15,0005,N21,nominal,2.0NRT,262.72,6.51,N
-6.85249,12.39021,303.73,0.47,0.48,2025-03-15,0005,N21,nominal,2.0NRT,275.81,9.17,N
-32.1504,19.01744,354.68,0.43,0.46,2025-03-15,0013,N21,nominal,2.0NRT,298.63,22.23,N
-6.85319,12.39441,301.07,0.47,0.48,2025-03-15,0005,N21,nominal,2.0NRT,276.58,9.17,N
-32.15924,19.01979,333.38,0.43,0.46,2025-03-15,0013,N21,nominal,2.0NRT,292.23,1.73,N
-6.85754,12.39368,340.77,0.47,0.48,2025-03-15,0005,N21,nominal,2.0NRT,278.56,9.17,N
-32.16344,19.0188,301.29,0.43,0.46,2025-03-15,0013,N21,nominal,2.0NRT,291.12,1.73,N
-6.85684,12.38948,316.76,0.47,0.48,2025-03-15,0005,N21,nominal,2.0NRT,277.07,9.17,N
-32.17661,18.97956,314.19,0.43,0.46,2025-03-15,0013,N21,nominal,2.0NRT,295.56,2.46,N
-6.85823,12.39787,303.16,0.47,0.48,2025-03-15,0005,N21,nominal,2.0NRT,276.34,1.22,N
-32.30348,19.13457,302.73,0.44,0.46,2025-03-15,0013,N21,nominal,2.0NRT,289.06,0.54,N
-6.85961,12.39783,303.66,0.47,0.47,2025-03-15,0005,N21,nominal,2.0NRT,277.26,1.54,N
-32.30703,19.08441,349.87,0.43,0.46,2025-03-15,0013,N21,nominal,2.0NRT,298.19,10.71,N
-10.13,13.66194,301.19,0.52,0.42,2025-03-15,0007,N21,nominal,2.0NRT,286.56,0.62,N
-32.30741,19.08817,318.39,0.43,0.46,2025-03-15,0013,N21,nominal,2.0NRT,295.2,10.71,N
-10.77129,15.3536,315.54,0.43,0.38,2025-03-15,0007,N21,nominal,2.0NRT,284.5,3.86,N
-10.77475,15.353,338.9,0.43,0.38,2025-03-15,0007,N21,nominal,2.0NRT,287.06,3.86,N
-32.31126,19.0835,344.94,0.43,0.46,2025-03-15,0013,N21,nominal,2.0NRT,298.85,10.71,N
-10.77821,15.3524,304.07,0.43,0.38,2025-03-15,0007,N21,nominal,2.0NRT,284.21,1.12,N
-32.32387,19.12214,326.24,0.44,0.46,2025-03-15,0013,N21,nominal,2.0NRT,290.6,3.62,N
-12.55601,13.4938,311.3,0.5,0.41,2025-03-15,0007,N21,nominal,2.0NRT,284.11,1.42,N
-17.34422,27.20296,302.16,0.47,0.64,2025-03-15,0007,N21,nominal,2.0NRT,289.79,0.96,N
-32.32606,19.10134,325.17,0.44,0.46,2025-03-15,0013,N21,nominal,2.0NRT,291.52,2.98,N
-18.36043,26.65873,309.87,0.44,0.63,2025-03-15,0009,N21,nominal,2.0NRT,291.16,2,N
-32.32645,19.10505,335.02,0.44,0.46,2025-03-15,0013,N21,nominal,2.0NRT,291.52,3.7,N
-18.36083,26.66283,315.63,0.45,0.63,2025-03-15,0009,N21,nominal,2.0NRT,291.35,1.94,N
-32.32773,19.11758,340.19,0.44,0.46,2025-03-15,0013,N21,nominal,2.0NRT,291.44,2.81,N
-32.32821,19.12219,321.82,0.44,0.46,2025-03-15,0013,N21,nominal,2.0NRT,290.13,4.39,N
-18.36541,26.47732,314.66,0.43,0.62,2025-03-15,0009,N21,nominal,2.0NRT,291.72,4.1,N
-32.3257,19.09781,317.66,0.44,0.46,2025-03-15,0013,N21,nominal,2.0NRT,292.73,2.98,N
-18.37109,26.47644,334.35,0.43,0.62,2025-03-15,0009,N21,nominal,2.0NRT,295.3,4.1,N
-32.32685,19.10904,319.24,0.44,0.46,2025-03-15,0013,N21,nominal,2.0NRT,290.74,3.7,N
-18.37427,26.45107,307.31,0.43,0.62,2025-03-15,0009,N21,nominal,2.0NRT,291.73,1.42,N
-32.33164,19.1135,316.35,0.44,0.46,2025-03-15,0013,N21,nominal,2.0NRT,291.15,2.81,N
-18.40963,26.494,304.62,0.43,0.62,2025-03-15,0009,N21,nominal,2.0NRT,290.45,0.76,N
-32.33209,19.11789,305.58,0.44,0.46,2025-03-15,0013,N21,nominal,2.0NRT,290.23,2.81,N
-18.42835,26.50802,316.61,0.44,0.62,2025-03-15,0009,N21,nominal,2.0NRT,291.32,3.02,N
-32.94125,18.76001,300.89,0.42,0.45,2025-03-15,0013,N21,nominal,2.0NRT,289.68,0.68,N
-18.42879,26.5125,308.67,0.44,0.62,2025-03-15,0009,N21,nominal,2.0NRT,290.74,2.81,N
-33.56335,21.89109,331.58,0.32,0.55,2025-03-15,0013,N21,nominal,2.0NRT,289.89,2.48,N
-18.42577,26.42344,307.35,0.43,0.62,2025-03-15,0009,N21,nominal,2.0NRT,293.2,1.73,N
-33.56085,21.88917,314.16,0.32,0.55,2025-03-15,0013,N21,nominal,2.0NRT,289.94,2.12,N
-18.44031,26.51191,308.97,0.44,0.62,2025-03-15,0009,N21,nominal,2.0NRT,291.51,2.63,N
-33.5611,21.89275,314.94,0.32,0.55,2025-03-15,0013,N21,nominal,2.0NRT,288.76,1.86,N
-18.44236,26.47424,304.75,0.43,0.62,2025-03-15,0009,N21,nominal,2.0NRT,291.12,1.58,N
-33.51941,18.51302,311.21,0.42,0.45,2025-03-15,0013,N21,nominal,2.0NRT,288.3,1.19,N
-18.44274,26.47812,303.54,0.43,0.62,2025-03-15,0009,N21,nominal,2.0NRT,291.36,1.81,N
-19.91567,23.82302,300.52,0.6,0.53,2025-03-15,0009,N21,nominal,2.0NRT,289.19,0.17,N
-33.84209,18.53109,303.19,0.42,0.45,2025-03-15,0013,N21,nominal,2.0NRT,290.61,0.82,N
-24.44401,23.62471,298.43,0.33,0.55,2025-03-15,0009,N21,nominal,2.0NRT,284.38,1.32,N
-26.54119,29.17887,310.52,0.78,0.78,2025-03-15,0011,N21,nominal,2.0NRT,278.78,3.41,N
-33.97101,18.58049,312.08,0.43,0.46,2025-03-15,0013,N21,nominal,2.0NRT,289.56,0.94,N
-26.54682,29.14701,296.41,0.78,0.78,2025-03-15,0011,N21,nominal,2.0NRT,281.05,2.55,N
-26.54355,29.1758,303.94,0.78,0.78,2025-03-15,0011,N21,nominal,2.0NRT,277.04,5,N
-25.23597,29.43167,350.9,0.47,0.64,2025-03-15,1058,N21,nominal,2.0NRT,295.54,12.67,D
-25.23631,29.4271,345.36,0.47,0.64,2025-03-15,1058,N21,nominal,2.0NRT,291.74,12.67,D
-24.55784,30.14784,326.68,0.42,0.61,2025-03-15,1058,N21,nominal,2.0NRT,290.68,5.2,D
-19.7538,48.74445,337.49,0.33,0.55,2025-03-15,1058,N21,nominal,2.0NRT,284.7,3.23,D
-19.35927,48.96156,353.86,0.35,0.57,2025-03-15,1058,N21,nominal,2.0NRT,278.85,8.24,D
-19.36333,48.96081,334.42,0.35,0.57,2025-03-15,1058,N21,nominal,2.0NRT,277.43,2.31,D
-19.35753,48.96289,328.67,0.35,0.57,2025-03-15,1058,N21,nominal,2.0NRT,277.82,3.11,D
-18.58401,49.06506,331.7,0.37,0.58,2025-03-15,1058,N21,nominal,2.0NRT,278.37,2.53,D
-18.58528,49.06428,352.55,0.37,0.58,2025-03-15,1058,N21,nominal,2.0NRT,278.92,7.66,D
-18.54108,48.98568,348.59,0.36,0.58,2025-03-15,1058,N21,nominal,2.0NRT,279.34,5.74,D
-20.97858,31.78883,336.93,0.6,0.53,2025-03-15,1058,N21,nominal,2.0NRT,293.35,6.64,D
-17.9262,47.90092,332.25,0.64,0.54,2025-03-15,1058,N21,nominal,2.0NRT,276.03,8.08,D
-18.37496,26.45108,330.72,0.63,0.72,2025-03-15,1100,N21,nominal,2.0NRT,297.67,8.72,D
-14.69763,48.77649,327.73,0.42,0.61,2025-03-15,1100,N21,nominal,2.0NRT,288.98,3.46,D
-15.47315,36.96601,339.02,0.41,0.37,2025-03-15,1100,N21,nominal,2.0NRT,296.74,2.57,D
-9.65263,35.14553,327.99,0.42,0.38,2025-03-15,1102,N21,nominal,2.0NRT,289.98,5.62,D
-7.98313,39.6353,345.43,0.44,0.38,2025-03-15,1102,N21,nominal,2.0NRT,304.58,7.46,D
-7.96656,39.12541,333.3,0.42,0.38,2025-03-15,1102,N21,nominal,2.0NRT,301.12,1.9,D
-7.84861,38.82668,335.55,0.41,0.37,2025-03-15,1102,N21,nominal,2.0NRT,302.7,2.84,D
-7.13097,39.47333,338.38,0.44,0.38,2025-03-15,1102,N21,nominal,2.0NRT,304.83,4.81,D
-7.13076,39.4701,337.55,0.44,0.38,2025-03-15,1102,N21,nominal,2.0NRT,304.12,2.78,D
-7.12956,39.24868,336.2,0.43,0.38,2025-03-15,1102,N21,nominal,2.0NRT,301.54,3.46,D
-7.2238,38.60203,330.74,0.41,0.37,2025-03-15,1102,N21,low,2.0NRT,301.53,3.63,D
-7.00835,39.51184,334.85,0.44,0.39,2025-03-15,1102,N21,low,2.0NRT,305.63,4.05,D
-7.0394,39.10782,330.93,0.43,0.38,2025-03-15,1102,N21,low,2.0NRT,302.58,3.5,D
-6.9352,38.85339,343.2,0.42,0.38,2025-03-15,1102,N21,nominal,2.0NRT,302.26,14.67,D
-6.9358,38.84962,340.33,0.42,0.38,2025-03-15,1102,N21,nominal,2.0NRT,303.63,14.67,D
-6.92778,38.74483,334.47,0.42,0.37,2025-03-15,1102,N21,nominal,2.0NRT,298.58,2.2,D
-6.84058,38.92031,344.42,0.42,0.38,2025-03-15,1102,N21,nominal,2.0NRT,305.44,4.77,D
-6.75512,38.74852,335.66,0.42,0.37,2025-03-15,1102,N21,nominal,2.0NRT,304.13,3.96,D
-6.74581,38.78541,338.15,0.42,0.38,2025-03-15,1102,N21,nominal,2.0NRT,305.27,6.09,D
-6.66626,38.99805,337.97,0.43,0.38,2025-03-15,1102,N21,nominal,2.0NRT,304.23,3.25,D
-6.66687,38.99422,336.57,0.43,0.38,2025-03-15,1102,N21,nominal,2.0NRT,304.99,3.25,D
-6.58609,38.8182,337.05,0.42,0.38,2025-03-15,1102,N21,nominal,2.0NRT,306.47,2.46,D
-6.55653,38.82952,342.36,0.42,0.38,2025-03-15,1102,N21,nominal,2.0NRT,304.06,6.23,D
-6.55711,38.82575,346.03,0.42,0.38,2025-03-15,1102,N21,nominal,2.0NRT,305.32,5.5,D
-6.54561,38.83165,337.98,0.42,0.38,2025-03-15,1102,N21,nominal,2.0NRT,305.67,7.23,D
-6.34875,38.65361,337.11,0.42,0.37,2025-03-15,1102,N21,nominal,2.0NRT,304.48,2.66,D
-6.34885,38.63049,337.18,0.42,0.37,2025-03-15,1102,N21,nominal,2.0NRT,302.96,3.53,D
-6.21655,39.45089,331.85,0.45,0.39,2025-03-15,1102,N21,nominal,2.0NRT,301.19,3.58,D
-6.3328,38.48715,337.37,0.41,0.37,2025-03-15,1102,N21,nominal,2.0NRT,304.36,11.54,D
-6.16721,39.37308,331.02,0.45,0.39,2025-03-15,1102,N21,low,2.0NRT,302.42,1.56,D
-6.14311,39.41154,338.66,0.45,0.39,2025-03-15,1102,N21,nominal,2.0NRT,303.6,4.06,D
-6.25594,38.52901,341.28,0.41,0.37,2025-03-15,1102,N21,nominal,2.0NRT,306.17,9.53,D
-6.10158,39.42142,336.46,0.45,0.39,2025-03-15,1102,N21,nominal,2.0NRT,303.02,13.92,D
-6.44281,37.05631,333.6,0.39,0.36,2025-03-15,1102,N21,nominal,2.0NRT,295.21,3.67,D
-6.19871,38.60351,335.19,0.42,0.37,2025-03-15,1102,N21,nominal,2.0NRT,302.95,3.72,D
-6.02672,39.34389,332.76,0.45,0.39,2025-03-15,1102,N21,low,2.0NRT,303.4,3.71,D
-6.13032,38.54641,338.61,0.41,0.37,2025-03-15,1102,N21,nominal,2.0NRT,302.52,11,D
-6.09893,38.02786,332.33,0.4,0.37,2025-03-15,1102,N21,nominal,2.0NRT,301.98,3.14,D
-5.97488,38.57563,343.37,0.42,0.37,2025-03-15,1102,N21,nominal,2.0NRT,305.56,38.21,D
-5.84396,38.62852,336.96,0.42,0.38,2025-03-15,1102,N21,nominal,2.0NRT,300.56,3.22,D
-5.84867,38.57518,337.33,0.42,0.38,2025-03-15,1102,N21,nominal,2.0NRT,306.56,6.76,D
-5.85157,38.55642,344.62,0.42,0.37,2025-03-15,1102,N21,nominal,2.0NRT,303.75,13.86,D
-5.85908,38.50773,335.29,0.42,0.37,2025-03-15,1102,N21,nominal,2.0NRT,301.09,3.48,D
-5.8792,38.24219,331.19,0.41,0.37,2025-03-15,1102,N21,low,2.0NRT,301.9,3.48,D
-5.76851,38.68269,334.34,0.42,0.38,2025-03-15,1102,N21,nominal,2.0NRT,303.89,3.74,D
-5.75804,38.70434,351.63,0.42,0.38,2025-03-15,1102,N21,nominal,2.0NRT,303,8.14,D
-5.83577,38.20894,336.25,0.41,0.37,2025-03-15,1102,N21,nominal,2.0NRT,302.8,4.43,D
-5.80531,38.38122,346.72,0.41,0.37,2025-03-15,1102,N21,nominal,2.0NRT,302.23,8.66,D
-5.69539,38.86283,334.84,0.43,0.38,2025-03-15,1102,N21,nominal,2.0NRT,301.44,1.38,D
-5.73444,38.56463,339.11,0.42,0.38,2025-03-15,1102,N21,nominal,2.0NRT,304.54,4.49,D
-5.77865,38.2559,331.12,0.41,0.37,2025-03-15,1102,N21,nominal,2.0NRT,300.71,2.51,D
-5.78714,38.20086,331.7,0.41,0.37,2025-03-15,1102,N21,nominal,2.0NRT,300.3,2.43,D
-5.71362,38.63085,336.28,0.42,0.38,2025-03-15,1102,N21,nominal,2.0NRT,301.01,3.77,D
-5.67874,38.60589,337.1,0.42,0.38,2025-03-15,1102,N21,nominal,2.0NRT,303.6,4.24,D
-5.68834,38.49974,336.31,0.42,0.37,2025-03-15,1102,N21,nominal,2.0NRT,304.85,6.75,D
-5.62713,38.84401,335.63,0.43,0.38,2025-03-15,1102,N21,nominal,2.0NRT,302.44,5.77,D
-5.62894,38.83253,339.18,0.43,0.38,2025-03-15,1102,N21,nominal,2.0NRT,303.3,13.95,D
-5.65975,38.61459,330.92,0.42,0.38,2025-03-15,1102,N21,low,2.0NRT,301.06,1.98,D
-5.68333,38.46458,335.01,0.42,0.37,2025-03-15,1102,N21,nominal,2.0NRT,304.94,5.56,D
-5.66247,38.53025,332.57,0.42,0.37,2025-03-15,1102,N21,low,2.0NRT,303.75,3.31,D
-5.58914,38.43886,337.43,0.42,0.37,2025-03-15,1102,N21,nominal,2.0NRT,304.87,5.74,D
-5.63868,38.07732,330.98,0.4,0.37,2025-03-15,1102,N21,low,2.0NRT,303.82,5.28,D
-5.61266,38.15514,333.2,0.41,0.37,2025-03-15,1102,N21,nominal,2.0NRT,302.25,4.68,D
-5.47139,38.83602,339.74,0.43,0.38,2025-03-15,1102,N21,nominal,2.0NRT,302.36,5.49,D
-5.46443,38.83496,335.81,0.43,0.38,2025-03-15,1102,N21,nominal,2.0NRT,302.48,3.2,D
-5.52455,38.42464,342.79,0.42,0.37,2025-03-15,1102,N21,nominal,2.0NRT,306.46,5.77,D
-5.44146,38.89077,344.79,0.43,0.38,2025-03-15,1102,N21,nominal,2.0NRT,302.94,10.49,D
-5.36364,38.93055,344.33,0.43,0.38,2025-03-15,1102,N21,nominal,2.0NRT,300.71,8.16,D
-5.36238,38.93048,340.49,0.44,0.38,2025-03-15,1102,N21,nominal,2.0NRT,300.69,3.8,D
-5.36298,38.92661,330.47,0.43,0.38,2025-03-15,1102,N21,low,2.0NRT,300.5,3.8,D
-5.48216,38.10793,331.25,0.41,0.37,2025-03-15,1102,N21,low,2.0NRT,302.19,3.51,D
-5.40953,38.55632,343.71,0.42,0.38,2025-03-15,1102,N21,nominal,2.0NRT,302.57,15.05,D
-5.34109,38.88316,338.8,0.43,0.38,2025-03-15,1102,N21,nominal,2.0NRT,303.5,8.46,D
-5.45111,38.17426,331.37,0.41,0.37,2025-03-15,1102,N21,low,2.0NRT,302,2.47,D
-5.33533,38.87428,338.32,0.43,0.38,2025-03-15,1102,N21,nominal,2.0NRT,304.22,8.15,D
-5.27554,39.04948,335.75,0.44,0.38,2025-03-15,1102,N21,nominal,2.0NRT,301.76,3.55,D
-5.29045,38.95494,331.86,0.44,0.38,2025-03-15,1102,N21,low,2.0NRT,304.07,3.2,D
-5.35222,38.53957,331.84,0.42,0.38,2025-03-15,1102,N21,low,2.0NRT,302.16,7.16,D
-5.15538,39.00699,337.05,0.44,0.38,2025-03-15,1102,N21,nominal,2.0NRT,303.23,3.81,D
-5.18422,38.71236,331.44,0.43,0.38,2025-03-15,1102,N21,nominal,2.0NRT,301.31,2.76,D
-5.10806,38.52886,367,0.42,0.38,2025-03-15,1102,N21,high,2.0NRT,311.8,20.06,D
-5.10462,38.5283,342.25,0.42,0.38,2025-03-15,1102,N21,nominal,2.0NRT,310.67,10.33,D
-5.00977,39.10241,347.26,0.45,0.39,2025-03-15,1102,N21,nominal,2.0NRT,303.22,8.35,D
-5.0104,39.09843,336.91,0.45,0.39,2025-03-15,1102,N21,nominal,2.0NRT,302.7,8.35,D
-5.00957,39.10263,339.33,0.45,0.39,2025-03-15,1102,N21,nominal,2.0NRT,303.56,7.53,D
-5.01019,39.09864,336.77,0.45,0.39,2025-03-15,1102,N21,nominal,2.0NRT,302.7,7.53,D
-5.04677,38.86161,336.39,0.44,0.38,2025-03-15,1102,N21,nominal,2.0NRT,302.14,3.49,D
-5.17635,37.95177,339.13,0.4,0.37,2025-03-15,1102,N21,nominal,2.0NRT,306.98,6.69,D
-5.00903,39.0127,348.76,0.44,0.38,2025-03-15,1102,N21,nominal,2.0NRT,306.6,24.05,D
-5.03942,38.81655,332.92,0.43,0.38,2025-03-15,1102,N21,nominal,2.0NRT,298.54,3.29,D
-5.00551,39.01212,337.13,0.44,0.38,2025-03-15,1102,N21,nominal,2.0NRT,302.99,3.05,D
-5.084,38.50549,341.11,0.42,0.38,2025-03-15,1102,N21,nominal,2.0NRT,310,13,D
-4.96156,39.06229,336.5,0.44,0.39,2025-03-15,1102,N21,nominal,2.0NRT,303.79,3.47,D
-4.93079,39.07377,331.14,0.45,0.39,2025-03-15,1102,N21,low,2.0NRT,302,1.8,D
-5.09358,37.97243,331.44,0.41,0.37,2025-03-15,1102,N21,nominal,2.0NRT,299.35,4.14,D
-4.90645,39.13563,346.77,0.45,0.39,2025-03-15,1102,N21,nominal,2.0NRT,302.93,10.23,D
-5.01242,38.31057,343.37,0.42,0.37,2025-03-15,1102,N21,nominal,2.0NRT,309.36,10.44,D
-4.87109,39.06141,331.27,0.45,0.39,2025-03-15,1102,N21,low,2.0NRT,302.38,4.84,D
-4.87172,39.05738,336.71,0.45,0.39,2025-03-15,1102,N21,nominal,2.0NRT,302.91,3.62,D
-4.91841,38.73493,335.67,0.43,0.38,2025-03-15,1102,N21,nominal,2.0NRT,301.23,2.91,D
-4.86569,38.86596,341.47,0.44,0.38,2025-03-15,1102,N21,nominal,2.0NRT,304.79,12.39,D
-4.79897,39.12766,330.61,0.45,0.39,2025-03-15,1102,N21,low,2.0NRT,302.12,2,D
-4.88687,38.52872,335.02,0.42,0.38,2025-03-15,1102,N21,nominal,2.0NRT,304.82,2.45,D
-4.78217,39.09675,337.44,0.45,0.39,2025-03-15,1102,N21,nominal,2.0NRT,301.69,3.94,D
-4.7124,39.14764,339.32,0.45,0.39,2025-03-15,1102,N21,nominal,2.0NRT,303.1,2.56,D
-4.80476,38.24619,336.23,0.42,0.37,2025-03-15,1102,N21,nominal,2.0NRT,301.04,4.08,D
-4.54549,39.3523,337.67,0.46,0.39,2025-03-15,1102,N21,nominal,2.0NRT,305.62,4.07,D
-4.32531,39.39167,335.29,0.47,0.4,2025-03-15,1102,N21,nominal,2.0NRT,301.79,1.8,D
-4.31086,39.3894,336.71,0.47,0.4,2025-03-15,1102,N21,nominal,2.0NRT,300.98,9.34,D
-4.31297,39.39032,345.11,0.47,0.4,2025-03-15,1102,N21,nominal,2.0NRT,300.86,11.21,D
-4.37264,38.58641,336.99,0.43,0.38,2025-03-15,1102,N21,low,2.0NRT,307.64,5.46,D
-4.37325,38.58255,335.83,0.43,0.38,2025-03-15,1102,N21,low,2.0NRT,308.47,5.46,D
-4.36796,38.59356,342.01,0.43,0.38,2025-03-15,1102,N21,nominal,2.0NRT,307.48,8.63,D
-4.36977,38.582,336.46,0.43,0.38,2025-03-15,1102,N21,low,2.0NRT,307.96,6.16,D
-4.37038,38.57815,347.16,0.43,0.38,2025-03-15,1102,N21,nominal,2.0NRT,307.86,8.84,D
-4.31748,38.73262,338.59,0.44,0.38,2025-03-15,1102,N21,nominal,2.0NRT,306.92,4.75,D
-4.31337,38.73596,338.16,0.44,0.38,2025-03-15,1102,N21,nominal,2.0NRT,307.22,4.75,D
-4.31398,38.73208,342.69,0.44,0.38,2025-03-15,1102,N21,nominal,2.0NRT,307.05,4.75,D
-11.16935,15.91064,343.9,0.48,0.4,2025-03-15,1242,N21,nominal,2.0NRT,299.17,11.5,D
-11.20836,13.94408,335.86,0.4,0.37,2025-03-15,1242,N21,nominal,2.0NRT,299.11,4.03,D
-11.10083,14.11179,336.2,0.41,0.37,2025-03-15,1242,N21,nominal,2.0NRT,301.34,10.6,D
-11.08875,14.14428,330.32,0.41,0.37,2025-03-15,1242,N21,low,2.0NRT,303.37,2.47,D
-11.04897,14.15311,331.38,0.41,0.37,2025-03-15,1242,N21,low,2.0NRT,303.12,2.74,D
-11.05131,14.05067,334.76,0.41,0.37,2025-03-15,1242,N21,nominal,2.0NRT,302.03,8.41,D
-11.05189,14.04702,333.61,0.41,0.37,2025-03-15,1242,N21,nominal,2.0NRT,303.56,8.98,D
-11.00317,14.19917,338.55,0.41,0.37,2025-03-15,1242,N21,nominal,2.0NRT,298.63,12.71,D
-10.99977,14.19862,334.66,0.41,0.37,2025-03-15,1242,N21,nominal,2.0NRT,300.79,12.71,D
-11.00037,14.19488,343.09,0.41,0.37,2025-03-15,1242,N21,nominal,2.0NRT,307.49,12.71,D
-33.70638,19.32358,336.1,0.39,0.36,2025-03-15,1236,N21,nominal,2.0NRT,308.83,18.74,D
-10.8842,14.2187,334.55,0.41,0.37,2025-03-15,1242,N21,nominal,2.0NRT,289.29,4.39,D
-33.53341,18.53689,336.41,0.39,0.36,2025-03-15,1236,N21,nominal,2.0NRT,305.11,3.61,D
-10.88908,13.96377,337.91,0.41,0.37,2025-03-15,1242,N21,nominal,2.0NRT,292.07,2.97,D
-33.532,18.50221,336.29,0.39,0.36,2025-03-15,1236,N21,low,2.0NRT,309.33,40.23,D
-10.72886,13.9375,331.17,0.41,0.37,2025-03-15,1242,N21,nominal,2.0NRT,283.26,3.04,D
-33.52868,18.50147,334.48,0.39,0.36,2025-03-15,1236,N21,nominal,2.0NRT,304.17,3.84,D
-10.72945,13.93381,340.03,0.41,0.37,2025-03-15,1242,N21,nominal,2.0NRT,284.7,5.53,D
-33.52934,18.49733,347.71,0.39,0.36,2025-03-15,1236,N21,nominal,2.0NRT,308.66,3.84,D
-10.6942,13.9738,338.1,0.41,0.37,2025-03-15,1242,N21,nominal,2.0NRT,285.6,3.98,D
-32.7226,19.07012,334.93,0.39,0.36,2025-03-15,1236,N21,low,2.0NRT,305.47,4.71,D
-10.6309,13.956,339.23,0.41,0.37,2025-03-15,1242,N21,nominal,2.0NRT,283.16,6.41,D
-32.71926,19.06935,335.32,0.39,0.36,2025-03-15,1236,N21,nominal,2.0NRT,304.97,4.71,D
-10.57655,14.03049,341.62,0.41,0.37,2025-03-15,1242,N21,nominal,2.0NRT,280.71,9.26,D
-32.33617,19.11322,349.78,0.4,0.37,2025-03-15,1236,N21,nominal,2.0NRT,300.87,7.43,D
-10.57256,14.03366,331.38,0.41,0.37,2025-03-15,1242,N21,nominal,2.0NRT,281.86,7.17,D
-32.33081,19.12459,343.5,0.4,0.37,2025-03-15,1236,N21,nominal,2.0NRT,299.29,8.59,D
-10.57314,14.02995,348.02,0.41,0.37,2025-03-15,1242,N21,nominal,2.0NRT,285.58,9.26,D
-32.33284,19.1123,349.74,0.4,0.37,2025-03-15,1236,N21,nominal,2.0NRT,303.35,9.8,D
-32.3335,19.10831,354.52,0.4,0.37,2025-03-15,1236,N21,nominal,2.0NRT,302.02,9.2,D
-10.60385,13.83406,335.45,0.4,0.37,2025-03-15,1242,N21,nominal,2.0NRT,295.57,4.57,D
-32.32679,19.12792,354.01,0.4,0.37,2025-03-15,1236,N21,nominal,2.0NRT,305.56,17.83,D
-9.8536,16.43438,328.38,0.54,0.42,2025-03-15,1242,N21,low,2.0NRT,299.09,3.69,D
-32.32277,19.13125,350.04,0.4,0.37,2025-03-15,1236,N21,nominal,2.0NRT,301.14,10.68,D
-9.77424,16.23154,331.82,0.52,0.42,2025-03-15,1242,N21,nominal,2.0NRT,298.62,7.6,D
-10.13019,13.65943,339.5,0.4,0.37,2025-03-15,1242,N21,nominal,2.0NRT,303.25,7.61,D
-32.32752,19.10252,347.33,0.4,0.37,2025-03-15,1236,N21,nominal,2.0NRT,304.61,7.73,D
-9.73002,16.09865,332.53,0.52,0.41,2025-03-15,1242,N21,nominal,2.0NRT,295.78,4.12,D
-32.32815,19.09865,343.95,0.4,0.37,2025-03-15,1236,N21,nominal,2.0NRT,303.97,10,D
-10.12508,13.66984,335.27,0.4,0.37,2025-03-15,1242,N21,nominal,2.0NRT,299.36,5.12,D
-32.30572,19.14107,353.61,0.4,0.37,2025-03-15,1236,N21,nominal,2.0NRT,304.51,8.68,D
-10.12681,13.65888,339.71,0.4,0.37,2025-03-15,1242,N21,nominal,2.0NRT,304.87,7.61,D
-32.16651,19.04998,336.09,0.4,0.37,2025-03-15,1236,N21,nominal,2.0NRT,304.59,40.86,D
-10.12739,13.65523,334.77,0.4,0.37,2025-03-15,1242,N21,nominal,2.0NRT,298.65,6.21,D
-32.16722,19.04568,367,0.4,0.37,2025-03-15,1236,N21,low,2.0NRT,327.95,232.54,D
-10.12286,13.66199,339.04,0.4,0.37,2025-03-15,1242,N21,nominal,2.0NRT,302.96,7.11,D
-32.16385,19.04503,367,0.4,0.37,2025-03-15,1236,N21,high,2.0NRT,351.81,232.54,D
-9.19753,15.76529,347.64,0.5,0.41,2025-03-15,1244,N21,nominal,2.0NRT,289.16,7.79,D
-32.16525,19.0365,367,0.4,0.37,2025-03-15,1236,N21,high,2.0NRT,307.95,7.49,D
-32.16315,19.04933,337.35,0.4,0.37,2025-03-15,1236,N21,nominal,2.0NRT,301.43,40.86,D
-8.97229,15.60088,332.27,0.5,0.41,2025-03-15,1244,N21,nominal,2.0NRT,290.58,3.88,D
-9.09879,13.09969,337.55,0.4,0.37,2025-03-15,1244,N21,nominal,2.0NRT,303.46,2.12,D
-32.16595,19.03227,333.71,0.4,0.37,2025-03-15,1236,N21,nominal,2.0NRT,301.79,7.49,D
-8.67223,15.13989,333.24,0.47,0.4,2025-03-15,1244,N21,nominal,2.0NRT,287.46,4.1,D
-32.16119,19.04009,367,0.4,0.37,2025-03-15,1236,N21,high,2.0NRT,340.66,214.67,D
-8.58647,15.57877,331.13,0.5,0.41,2025-03-15,1244,N21,nominal,2.0NRT,293.32,2.92,D
-32.16189,19.03584,345.14,0.4,0.37,2025-03-15,1236,N21,nominal,2.0NRT,315.81,14.28,D
-8.6571,14.04546,332.33,0.42,0.38,2025-03-15,1244,N21,nominal,2.0NRT,294.02,4,D
-32.16259,19.0316,350.38,0.4,0.37,2025-03-15,1236,N21,nominal,2.0NRT,308.65,14.28,D
-8.36138,15.74923,330.32,0.51,0.41,2025-03-15,1244,N21,nominal,2.0NRT,292.07,4.06,D
-32.16328,19.02738,338.22,0.39,0.37,2025-03-15,1236,N21,nominal,2.0NRT,306.69,3.73,D
-8.71456,13.46404,346.07,0.41,0.37,2025-03-15,1244,N21,nominal,2.0NRT,294.13,6.73,D
-32.15854,19.03515,367,0.4,0.37,2025-03-15,1236,N21,high,2.0NRT,308.53,14.28,D
-8.71338,13.46418,334.05,0.41,0.37,2025-03-15,1244,N21,nominal,2.0NRT,292.51,4.44,D
-32.15923,19.03093,336.98,0.4,0.37,2025-03-15,1236,N21,nominal,2.0NRT,304.91,14.28,D
-8.43878,15.0486,336.32,0.47,0.4,2025-03-15,1244,N21,nominal,2.0NRT,293.14,4.36,D
-17.29604,24.14565,352.64,0.42,0.61,2025-03-15,1240,N21,nominal,2.0NRT,293.49,25.47,D
-8.43515,15.04798,340.58,0.47,0.4,2025-03-15,1244,N21,nominal,2.0NRT,296.81,23.04,D
-17.29689,24.14159,348.31,0.42,0.61,2025-03-15,1240,N21,nominal,2.0NRT,294.66,32.47,D
-8.32577,15.32924,331.16,0.49,0.4,2025-03-15,1244,N21,nominal,2.0NRT,294.49,4.33,D
-8.36224,14.80003,330.28,0.46,0.39,2025-03-15,1244,N21,nominal,2.0NRT,292.94,3.72,D
-8.3629,14.79588,335.92,0.46,0.39,2025-03-15,1244,N21,nominal,2.0NRT,296.31,5.7,D
-8.58531,13.387,338.43,0.4,0.37,2025-03-15,1244,N21,nominal,2.0NRT,299.63,4.51,D
-7.90464,17.39799,339.27,0.44,0.46,2025-03-15,1244,N21,nominal,2.0NRT,283.69,4.97,D
-7.88386,17.34191,328.09,0.43,0.46,2025-03-15,1244,N21,nominal,2.0NRT,284.94,2.65,D
-8.29661,14.81906,332.08,0.46,0.39,2025-03-15,1244,N21,nominal,2.0NRT,294.33,2.91,D
-8.11303,15.90979,330.83,0.53,0.42,2025-03-15,1244,N21,nominal,2.0NRT,293.04,3.24,D
-8.26722,14.80635,333.4,0.46,0.39,2025-03-15,1244,N21,nominal,2.0NRT,299.04,3.68,D
-7.82313,17.47047,327.16,0.44,0.46,2025-03-15,1244,N21,nominal,2.0NRT,289.34,3.49,D
-8.11409,15.52562,337.49,0.5,0.41,2025-03-15,1244,N21,nominal,2.0NRT,295.97,6.65,D
-7.80712,16.98598,340.66,0.41,0.45,2025-03-15,1244,N21,nominal,2.0NRT,280.9,6,D
-8.36305,13.48341,330.04,0.41,0.37,2025-03-15,1244,N21,nominal,2.0NRT,296.58,2.35,D
-8.27781,14.00497,333.72,0.43,0.38,2025-03-15,1244,N21,nominal,2.0NRT,299,5.51,D
-7.75089,17.09553,332.62,0.42,0.45,2025-03-15,1244,N21,nominal,2.0NRT,288.68,8.43,D
-7.7515,17.09187,332.18,0.42,0.45,2025-03-15,1244,N21,nominal,2.0NRT,288.9,4.52,D
-7.75211,17.08822,333.56,0.42,0.45,2025-03-15,1244,N21,nominal,2.0NRT,290.51,4.52,D
-7.74616,17.09839,333.42,0.42,0.45,2025-03-15,1244,N21,nominal,2.0NRT,288.94,8.43,D
-7.74678,17.09468,348.09,0.42,0.45,2025-03-15,1244,N21,nominal,2.0NRT,292.03,8.43,D
-7.74074,17.10532,327.9,0.42,0.45,2025-03-15,1244,N21,nominal,2.0NRT,285.92,3.68,D
-7.74138,17.10153,338.17,0.42,0.45,2025-03-15,1244,N21,nominal,2.0NRT,287.58,3.68,D
-7.74262,17.09408,332.32,0.42,0.45,2025-03-15,1244,N21,nominal,2.0NRT,286.24,4.21,D
-7.73722,17.10093,330,0.42,0.45,2025-03-15,1244,N21,nominal,2.0NRT,284.19,3.68,D
-8.11047,14.76058,333.8,0.46,0.39,2025-03-15,1244,N21,nominal,2.0NRT,298.25,7.02,D
-8.11113,14.75645,333.82,0.46,0.39,2025-03-15,1244,N21,nominal,2.0NRT,298.55,4.74,D
-8.1102,14.73946,335.18,0.46,0.39,2025-03-15,1244,N21,nominal,2.0NRT,299.34,6.32,D
-8.10038,14.75466,332.5,0.46,0.39,2025-03-15,1244,N21,nominal,2.0NRT,295.87,4.11,D
-7.6399,17.49775,353.66,0.45,0.47,2025-03-15,1244,N21,nominal,2.0NRT,293.75,12.19,D
-7.6869,17.17127,331.46,0.43,0.46,2025-03-15,1244,N21,nominal,2.0NRT,281.9,2.35,D
-7.94647,15.53254,332.17,0.51,0.41,2025-03-15,1244,N21,nominal,2.0NRT,293.44,2.96,D
-7.93943,15.42621,331.93,0.5,0.41,2025-03-15,1244,N21,nominal,2.0NRT,286.06,7.03,D
-7.92398,15.47462,333.69,0.5,0.41,2025-03-15,1244,N21,nominal,2.0NRT,290.49,5.02,D
-7.92091,15.44619,329.5,0.5,0.41,2025-03-15,1244,N21,nominal,2.0NRT,287.52,3.99,D
-7.90913,15.49535,333.63,0.5,0.41,2025-03-15,1244,N21,nominal,2.0NRT,290.17,5.22,D
-7.59978,17.19639,325.67,0.43,0.46,2025-03-15,1244,N21,nominal,2.0NRT,284.17,3.86,D
-7.97208,14.73893,345.8,0.46,0.39,2025-03-15,1244,N21,nominal,2.0NRT,297.28,9.1,D
-7.84787,15.50996,333.93,0.51,0.41,2025-03-15,1244,N21,nominal,2.0NRT,289.18,3.84,D
-7.96988,14.73919,336.67,0.46,0.39,2025-03-15,1244,N21,nominal,2.0NRT,295.37,4.88,D
-7.82109,15.36662,329.75,0.5,0.41,2025-03-15,1244,N21,nominal,2.0NRT,290.88,4.8,D
-7.79087,15.45859,330.61,0.5,0.41,2025-03-15,1244,N21,nominal,2.0NRT,289.55,3.5,D
-7.91751,14.67553,332.77,0.46,0.39,2025-03-15,1244,N21,nominal,2.0NRT,295.13,3.48,D
-7.47493,17.21512,329.06,0.43,0.46,2025-03-15,1244,N21,nominal,2.0NRT,280.83,3,D
-7.46848,17.14403,326,0.43,0.46,2025-03-15,1244,N21,nominal,2.0NRT,278.16,1.8,D
-7.41949,17.20679,338.7,0.43,0.46,2025-03-15,1244,N21,nominal,2.0NRT,280.12,10.36,D
-7.84526,14.4933,343.52,0.45,0.39,2025-03-15,1244,N21,nominal,2.0NRT,296.94,8.87,D
-8.03313,13.26136,339.57,0.4,0.37,2025-03-15,1244,N21,nominal,2.0NRT,296.85,3.3,D
-7.83173,14.48681,332.56,0.45,0.39,2025-03-15,1244,N21,nominal,2.0NRT,296.04,3.68,D
-6.39694,22.74972,338.34,0.54,0.68,2025-03-15,1244,N21,nominal,2.0NRT,279.43,8.73,D
-6.38817,22.7629,350.89,0.54,0.68,2025-03-15,1244,N21,nominal,2.0NRT,285.56,10.75,D
-6.36782,22.80437,352.44,0.54,0.68,2025-03-15,1244,N21,nominal,2.0NRT,285.78,11.11,D
-6.35367,22.81185,329.65,0.54,0.68,2025-03-15,1244,N21,nominal,2.0NRT,283.39,7.16,D
-7.94349,13.56439,333.21,0.41,0.37,2025-03-15,1244,N21,nominal,2.0NRT,296.59,5.04,D
-7.94408,13.56067,336.6,0.41,0.37,2025-03-15,1244,N21,nominal,2.0NRT,297.34,5.5,D
-6.38861,22.76425,340.17,0.54,0.68,2025-03-15,1244,N21,nominal,2.0NRT,285.39,10.52,D
-6.38942,22.75959,325.05,0.54,0.68,2025-03-15,1244,N21,nominal,2.0NRT,282.32,7.05,D
-7.62658,15.34231,340.93,0.5,0.41,2025-03-15,1244,N21,nominal,2.0NRT,292.63,7.67,D
-6.35446,22.81336,342.37,0.55,0.68,2025-03-15,1244,N21,nominal,2.0NRT,283.77,7.11,D
-7.6811,14.9314,330.96,0.47,0.4,2025-03-15,1244,N21,nominal,2.0NRT,292.04,8.03,D
-6.98415,18.98186,331.04,0.58,0.52,2025-03-15,1244,N21,nominal,2.0NRT,275.5,7.74,D
-7.55899,15.42864,333.2,0.51,0.41,2025-03-15,1244,N21,nominal,2.0NRT,294.64,5.89,D
-7.62105,14.7894,335.15,0.47,0.4,2025-03-15,1244,N21,nominal,2.0NRT,285.47,7.5,D
-7.62171,14.78519,330.71,0.47,0.4,2025-03-15,1244,N21,nominal,2.0NRT,286.48,5.58,D
-7.6377,14.40755,334.78,0.45,0.39,2025-03-15,1244,N21,nominal,2.0NRT,293.56,4.24,D
-6.82544,18.98917,334.58,0.58,0.52,2025-03-15,1244,N21,nominal,2.0NRT,289.2,8.79,D
-6.82552,18.98768,330.58,0.58,0.52,2025-03-15,1244,N21,nominal,2.0NRT,288.95,7.01,D
-6.97676,18.02145,327.39,0.5,0.49,2025-03-15,1244,N21,nominal,2.0NRT,268.89,4.74,D
-6.99919,17.77682,329.63,0.48,0.48,2025-03-15,1244,N21,nominal,2.0NRT,283.72,4.93,D
-6.99412,17.78015,339.24,0.48,0.48,2025-03-15,1244,N21,nominal,2.0NRT,283.99,5.79,D
-7.45995,14.90724,332.78,0.48,0.4,2025-03-15,1244,N21,nominal,2.0NRT,294.08,4.02,D
-7.44793,14.8659,332.32,0.47,0.4,2025-03-15,1244,N21,nominal,2.0NRT,293.98,4.39,D
-6.72011,19.19973,339.22,0.61,0.53,2025-03-15,1244,N21,nominal,2.0NRT,282.77,13.78,D
-6.72105,19.19432,350.34,0.6,0.53,2025-03-15,1244,N21,nominal,2.0NRT,285.09,20.37,D
-6.70946,19.20352,331.2,0.61,0.53,2025-03-15,1244,N21,nominal,2.0NRT,279.66,10.63,D
-6.94947,17.80388,332.57,0.48,0.48,2025-03-15,1244,N21,nominal,2.0NRT,282.63,3.34,D
-6.70366,19.2081,335.16,0.61,0.53,2025-03-15,1244,N21,nominal,2.0NRT,280.13,11.39,D
-7.35812,15.25617,336.51,0.5,0.41,2025-03-15,1244,N21,nominal,2.0NRT,293.22,9.78,D
-6.92606,17.78215,342.18,0.48,0.48,2025-03-15,1244,N21,nominal,2.0NRT,285.01,8.39,D
-7.38553,14.99645,336.55,0.48,0.4,2025-03-15,1244,N21,nominal,2.0NRT,291.66,5.36,D
-6.92592,17.78311,348.82,0.48,0.48,2025-03-15,1244,N21,nominal,2.0NRT,285.59,11.6,D
-7.31613,15.29231,333.2,0.5,0.41,2025-03-15,1244,N21,nominal,2.0NRT,291.43,3.91,D
-7.31241,15.2917,331.61,0.5,0.41,2025-03-15,1244,N21,nominal,2.0NRT,292.11,3.91,D
-7.39619,14.62623,330.64,0.46,0.39,2025-03-15,1244,N21,nominal,2.0NRT,292.82,2.25,D
-6.63428,19.01238,352.55,0.59,0.53,2025-03-15,1244,N21,nominal,2.0NRT,283.44,39.2,D
-7.25593,14.84593,333.77,0.48,0.4,2025-03-15,1244,N21,nominal,2.0NRT,293.28,4.24,D
-7.31388,14.48244,332.16,0.46,0.39,2025-03-15,1244,N21,nominal,2.0NRT,293.41,7.37,D
-6.57121,18.55282,327.38,0.55,0.51,2025-03-15,1244,N21,nominal,2.0NRT,269.45,7.74,D
-7.20457,14.69552,331.95,0.47,0.4,2025-03-15,1244,N21,nominal,2.0NRT,293.92,9.58,D
-6.88729,16.63345,326.43,0.41,0.45,2025-03-15,1244,N21,nominal,2.0NRT,282.39,2.58,D
-7.06747,15.39112,333.68,0.51,0.41,2025-03-15,1244,N21,nominal,2.0NRT,292.34,4.61,D
-7.01029,15.60093,331.65,0.53,0.42,2025-03-15,1244,N21,nominal,2.0NRT,285.89,5.7,D
-6.42341,19.0649,337.2,0.6,0.53,2025-03-15,1244,N21,nominal,2.0NRT,276.32,4.93,D
-6.99325,15.65748,335.09,0.53,0.42,2025-03-15,1244,N21,nominal,2.0NRT,280.9,6.82,D
-6.4502,18.87954,326.61,0.58,0.52,2025-03-15,1244,N21,nominal,2.0NRT,274.18,4.49,D
-7.20835,14.27916,337.92,0.45,0.39,2025-03-15,1244,N21,nominal,2.0NRT,291.55,14.92,D
-7.29371,13.74288,332,0.42,0.38,2025-03-15,1244,N21,nominal,2.0NRT,288.47,3.82,D
-6.37263,19.15648,337.7,0.61,0.53,2025-03-15,1244,N21,nominal,2.0NRT,272.59,7.9,D
-6.36927,19.06119,336.94,0.6,0.53,2025-03-15,1244,N21,nominal,2.0NRT,283.23,10.36,D
-6.37021,19.05584,340.73,0.6,0.53,2025-03-15,1244,N21,nominal,2.0NRT,281.43,14.15,D
-6.37407,19.15976,339.63,0.61,0.53,2025-03-15,1244,N21,nominal,2.0NRT,273.98,11.44,D
-7.10598,14.56056,332.49,0.46,0.39,2025-03-15,1244,N21,nominal,2.0NRT,295.36,6.52,D
-7.10664,14.55641,334.98,0.46,0.39,2025-03-15,1244,N21,nominal,2.0NRT,295.28,6.52,D
-6.3709,19.05876,350.71,0.6,0.53,2025-03-15,1244,N21,nominal,2.0NRT,285.73,20.9,D
-7.0988,14.5594,339.32,0.46,0.39,2025-03-15,1244,N21,nominal,2.0NRT,295.12,5.96,D
-7.11121,14.48093,340.1,0.46,0.39,2025-03-15,1244,N21,nominal,2.0NRT,293.55,7.55,D
-6.39049,18.88249,351.57,0.58,0.52,2025-03-15,1244,N21,nominal,2.0NRT,274.77,18.29,D
-6.43322,18.62694,329.7,0.56,0.51,2025-03-15,1244,N21,nominal,2.0NRT,275.08,5.54,D
-6.43401,18.62217,328.29,0.56,0.51,2025-03-15,1244,N21,nominal,2.0NRT,273.91,5.22,D
-7.05452,14.81501,331.4,0.48,0.4,2025-03-15,1244,N21,nominal,2.0NRT,291.99,4.75,D
-6.95534,15.41203,331.98,0.51,0.41,2025-03-15,1244,N21,nominal,2.0NRT,294.34,5.54,D
-6.95157,15.41143,331.7,0.51,0.41,2025-03-15,1244,N21,nominal,2.0NRT,293.62,5.54,D
-6.33609,18.79841,325.87,0.58,0.52,2025-03-15,1244,N21,nominal,2.0NRT,282.39,4.41,D
-7.09278,14.25284,330.31,0.45,0.39,2025-03-15,1244,N21,nominal,2.0NRT,289.9,2.01,D
-6.26491,19.15262,339.83,0.61,0.54,2025-03-15,1244,N21,nominal,2.0NRT,282.35,6.02,D
-7.07507,14.25006,334.4,0.45,0.39,2025-03-15,1244,N21,nominal,2.0NRT,292.98,4.1,D
-7.05626,14.32146,337.28,0.45,0.39,2025-03-15,1244,N21,nominal,2.0NRT,296,6.56,D
-7.05675,14.32212,338.39,0.45,0.39,2025-03-15,1244,N21,nominal,2.0NRT,295.66,5.99,D
-6.26176,19.15534,336.72,0.61,0.54,2025-03-15,1244,N21,nominal,2.0NRT,283.79,10.67,D
-7.01354,14.36487,330.96,0.45,0.39,2025-03-15,1244,N21,nominal,2.0NRT,295.72,3.52,D
-6.41999,17.99952,337.38,0.51,0.49,2025-03-15,1244,N21,nominal,2.0NRT,278.1,7.23,D
-6.95684,14.60594,331.78,0.47,0.39,2025-03-15,1244,N21,nominal,2.0NRT,295.11,3.09,D
-6.95217,14.51978,337.37,0.46,0.39,2025-03-15,1244,N21,nominal,2.0NRT,295.19,11.14,D
-6.9439,14.5483,338.01,0.46,0.39,2025-03-15,1244,N21,nominal,2.0NRT,291.23,9.82,D
-6.94858,14.51919,345.8,0.46,0.39,2025-03-15,1244,N21,nominal,2.0NRT,295.33,11.14,D
-6.94925,14.51502,337,0.46,0.39,2025-03-15,1244,N21,nominal,2.0NRT,296.54,11.14,D
-6.92187,14.6391,331.32,0.47,0.4,2025-03-15,1244,N21,nominal,2.0NRT,293.56,3.39,D
-6.92579,14.00328,341.15,0.44,0.38,2025-03-15,1244,N21,nominal,2.0NRT,296.59,5.25,D
-6.12112,18.81681,336.32,0.58,0.52,2025-03-15,1244,N21,nominal,2.0NRT,275.02,7.7,D
-6.1545,18.62198,339.73,0.56,0.52,2025-03-15,1244,N21,nominal,2.0NRT,282.98,13.55,D
-7.15931,12.34126,330.42,0.39,0.36,2025-03-15,1244,N21,nominal,2.0NRT,292.84,1.39,D
-6.82556,14.15444,338.18,0.45,0.39,2025-03-15,1244,N21,nominal,2.0NRT,294.85,5,D
-6.07797,18.72195,343.65,0.58,0.52,2025-03-15,1244,N21,nominal,2.0NRT,282.6,13.57,D
-6.07319,18.72129,343.41,0.58,0.52,2025-03-15,1244,N21,nominal,2.0NRT,280.16,13.57,D
-6.09423,18.56706,342.27,0.56,0.52,2025-03-15,1244,N21,nominal,2.0NRT,276.08,8.86,D
-6.08953,18.5663,330.08,0.56,0.52,2025-03-15,1244,N21,nominal,2.0NRT,271.58,8.86,D
-6.65511,15.10711,330.57,0.5,0.41,2025-03-15,1244,N21,nominal,2.0NRT,290.98,4.63,D
-6.06259,18.52576,345.6,0.56,0.51,2025-03-15,1244,N21,nominal,2.0NRT,274.72,12.18,D
-6.62183,15.17105,333.83,0.5,0.41,2025-03-15,1244,N21,nominal,2.0NRT,287.26,8.65,D
-6.75841,14.18866,346.52,0.45,0.39,2025-03-15,1244,N21,nominal,2.0NRT,294.82,11.84,D
-6.63218,14.36446,332.5,0.46,0.39,2025-03-15,1244,N21,nominal,2.0NRT,286.54,7.25,D
-6.0018,18.13509,339.38,0.53,0.5,2025-03-15,1244,N21,nominal,2.0NRT,272.58,7.17,D
-6.79014,12.70373,340.02,0.4,0.37,2025-03-15,1244,N21,nominal,2.0NRT,290.06,4.06,D
-6.76437,12.78051,332.16,0.4,0.37,2025-03-15,1244,N21,nominal,2.0NRT,292.17,2.72,D
-6.09685,16.90323,334.08,0.43,0.46,2025-03-15,1244,N21,nominal,2.0NRT,282.06,3.78,D
-5.87316,18.22919,326.72,0.54,0.51,2025-03-15,1244,N21,nominal,2.0NRT,281.12,2.24,D
-6.72985,12.72301,333.35,0.4,0.37,2025-03-15,1244,N21,nominal,2.0NRT,292.64,4.13,D
-6.05256,16.88413,334.46,0.43,0.46,2025-03-15,1244,N21,nominal,2.0NRT,282.76,2.47,D
-6.04454,16.90672,340.15,0.44,0.46,2025-03-15,1244,N21,nominal,2.0NRT,284.87,8.28,D
-6.03551,16.90911,350.49,0.44,0.46,2025-03-15,1244,N21,nominal,2.0NRT,285.99,22.61,D
-5.57495,19.35561,328.28,0.32,0.55,2025-03-15,1244,N21,nominal,2.0NRT,277.3,3.22,D
-6.35261,14.72491,336.36,0.48,0.4,2025-03-15,1244,N21,nominal,2.0NRT,294.75,6,D
-6.34895,14.72433,340.76,0.48,0.4,2025-03-15,1244,N21,nominal,2.0NRT,294.13,6,D
-6.35747,14.64871,331.97,0.48,0.4,2025-03-15,1244,N21,nominal,2.0NRT,294.74,4.65,D
-6.64725,12.70966,344.04,0.4,0.37,2025-03-15,1244,N21,nominal,2.0NRT,293.51,5.03,D
-6.32614,14.6317,332.93,0.48,0.4,2025-03-15,1244,N21,nominal,2.0NRT,290.6,2.42,D
-5.95378,16.90389,337.54,0.44,0.46,2025-03-15,1244,N21,nominal,2.0NRT,285,7.31,D
-6.02579,16.46035,331.67,0.41,0.45,2025-03-15,1244,N21,nominal,2.0NRT,290.25,2.54,D
-5.77793,17.94958,327.44,0.52,0.5,2025-03-15,1244,N21,nominal,2.0NRT,278.63,6.2,D
-6.0217,16.45975,332.66,0.41,0.45,2025-03-15,1244,N21,nominal,2.0NRT,290.62,2.54,D
-5.92735,17.01269,335.4,0.44,0.46,2025-03-15,1244,N21,nominal,2.0NRT,279.69,4.58,D
-6.00927,16.51043,354.67,0.41,0.45,2025-03-15,1244,N21,nominal,2.0NRT,290.97,6.24,D
-6.60915,12.68902,332.15,0.4,0.37,2025-03-15,1244,N21,nominal,2.0NRT,292.86,3.85,D
-5.98991,16.52592,328.14,0.41,0.45,2025-03-15,1244,N21,nominal,2.0NRT,289.28,4.22,D
-5.47821,19.50015,348.06,0.33,0.56,2025-03-15,1244,N21,nominal,2.0NRT,283.03,4.63,D
-5.47264,19.50225,332.24,0.33,0.56,2025-03-15,1244,N21,nominal,2.0NRT,283.53,4.13,D
-5.97356,16.49738,334.66,0.41,0.45,2025-03-15,1244,N21,nominal,2.0NRT,290.52,4.78,D
-6.13316,15.52434,333.8,0.53,0.42,2025-03-15,1244,N21,nominal,2.0NRT,291.76,7.38,D
-6.60675,12.5497,333.21,0.4,0.37,2025-03-15,1244,N21,nominal,2.0NRT,295.01,5.16,D
-5.96827,16.50398,332.84,0.41,0.45,2025-03-15,1244,N21,nominal,2.0NRT,289.72,3.31,D
-5.48171,19.35875,340.39,0.33,0.55,2025-03-15,1244,N21,nominal,2.0NRT,282.64,5.75,D
-5.94373,16.45155,350.94,0.41,0.45,2025-03-15,1244,N21,nominal,2.0NRT,295.49,9.68,D
-5.92852,16.49403,335.03,0.41,0.45,2025-03-15,1244,N21,nominal,2.0NRT,294.68,6.32,D
-5.92909,16.49044,334.14,0.41,0.45,2025-03-15,1244,N21,nominal,2.0NRT,296.69,5.86,D
-5.93848,16.40599,345.17,0.41,0.45,2025-03-15,1244,N21,nominal,2.0NRT,290.31,6.55,D
-5.91099,16.47242,339.89,0.41,0.45,2025-03-15,1244,N21,nominal,2.0NRT,294.57,16.95,D
-5.91158,16.46878,346.54,0.41,0.45,2025-03-15,1244,N21,nominal,2.0NRT,301.56,16.95,D
-5.92219,16.40331,328.43,0.41,0.45,2025-03-15,1244,N21,nominal,2.0NRT,293.68,3.85,D
-5.9069,16.4717,340.15,0.41,0.45,2025-03-15,1244,N21,nominal,2.0NRT,296.33,8.29,D
-5.90749,16.4681,335.43,0.41,0.45,2025-03-15,1244,N21,nominal,2.0NRT,298.95,8.29,D
-5.4,19.47703,336.31,0.33,0.56,2025-03-15,1244,N21,nominal,2.0NRT,275.96,3.53,D
-5.87095,16.51146,340.23,0.41,0.45,2025-03-15,1244,N21,nominal,2.0NRT,292.12,4.73,D
-5.35714,19.39782,337.78,0.33,0.55,2025-03-15,1244,N21,nominal,2.0NRT,276.71,3.27,D
-5.7452,16.93196,330.08,0.44,0.46,2025-03-15,1244,N21,nominal,2.0NRT,290.23,3.51,D
-5.74583,16.92805,328.01,0.44,0.46,2025-03-15,1244,N21,nominal,2.0NRT,290.64,4.97,D
-5.347,19.30302,328.15,0.32,0.55,2025-03-15,1244,N21,nominal,2.0NRT,285.25,1.77,D
-5.35497,19.2243,334.39,0.32,0.55,2025-03-15,1244,N21,nominal,2.0NRT,278.4,2.87,D
-5.35545,19.22144,330.83,0.32,0.55,2025-03-15,1244,N21,nominal,2.0NRT,278.54,2.87,D
-5.28532,19.24207,328.3,0.32,0.55,2025-03-15,1244,N21,nominal,2.0NRT,282.48,2.23,D
-6.20793,13.56913,342.28,0.43,0.38,2025-03-15,1244,N21,nominal,2.0NRT,289.8,6.7,D
-6.29289,12.82329,332.56,0.4,0.37,2025-03-15,1244,N21,nominal,2.0NRT,291.56,3.06,D
-6.28895,12.82639,354.06,0.4,0.37,2025-03-15,1244,N21,nominal,2.0NRT,292.11,13.1,D
-6.28614,12.82223,334.9,0.4,0.37,2025-03-15,1244,N21,nominal,2.0NRT,292.49,7.05,D
-6.2805,12.81393,333.05,0.4,0.37,2025-03-15,1244,N21,nominal,2.0NRT,290.05,3.89,D
-5.2491,19.21064,327.12,0.32,0.55,2025-03-15,1244,N21,nominal,2.0NRT,284.7,3.09,D
-5.2026,19.42741,327.45,0.33,0.56,2025-03-15,1244,N21,nominal,2.0NRT,277.75,4.54,D
-5.69609,16.43246,340.57,0.41,0.45,2025-03-15,1244,N21,nominal,2.0NRT,292.18,4.65,D
-5.94727,14.53934,331.51,0.48,0.4,2025-03-15,1244,N21,nominal,2.0NRT,293.51,3.48,D
-5.75478,15.41837,339.75,0.53,0.42,2025-03-15,1244,N21,nominal,2.0NRT,292.29,7.92,D
-5.80667,15.06893,332.28,0.51,0.41,2025-03-15,1244,N21,nominal,2.0NRT,293.1,3.8,D
-6.21235,12.39631,331.19,0.39,0.37,2025-03-15,1244,N21,nominal,2.0NRT,294.79,2.13,D
-5.11293,19.1344,336.7,0.32,0.54,2025-03-15,1244,N21,nominal,2.0NRT,273.87,3.66,D
-5.82748,14.74807,330.03,0.49,0.4,2025-03-15,1244,N21,nominal,2.0NRT,289.96,3.9,D
-6.11939,12.33771,331.27,0.39,0.36,2025-03-15,1244,N21,nominal,2.0NRT,296.48,2.82,D
-5.63233,15.23574,332.13,0.52,0.42,2025-03-15,1244,N21,nominal,2.0NRT,294.34,5.15,D
-5.25964,17.31201,333.21,0.48,0.48,2025-03-15,1244,N21,nominal,2.0NRT,268.69,6.1,D
-5.9681,12.7241,333.16,0.4,0.37,2025-03-15,1244,N21,nominal,2.0NRT,292.84,5.46,D
-5.72972,13.8835,331.45,0.45,0.39,2025-03-15,1244,N21,nominal,2.0NRT,277.5,2.5,D
-5.39532,15.89915,339.5,0.38,0.43,2025-03-15,1244,N21,nominal,2.0NRT,290.45,4.22,D
-5.26079,16.68491,331.35,0.43,0.46,2025-03-15,1244,N21,nominal,2.0NRT,286.85,6.74,D
-5.26211,16.67701,354.27,0.43,0.46,2025-03-15,1244,N21,nominal,2.0NRT,289.96,13.17,D
-5.26277,16.67305,329.48,0.43,0.46,2025-03-15,1244,N21,nominal,2.0NRT,288.3,6.44,D
-5.5362,14.96803,332.98,0.51,0.41,2025-03-15,1244,N21,nominal,2.0NRT,290.11,5.8,D
-5.53542,14.96544,332.32,0.51,0.41,2025-03-15,1244,N21,nominal,2.0NRT,290.08,5.47,D
-6.14255,11.03181,334.06,0.38,0.36,2025-03-15,1244,N21,nominal,2.0NRT,292.54,5.39,D
-5.25968,16.68572,329.18,0.43,0.46,2025-03-15,1244,N21,nominal,2.0NRT,287.58,3.15,D
-5.26093,16.67782,344.82,0.43,0.46,2025-03-15,1244,N21,nominal,2.0NRT,287.2,9.34,D
-5.26156,16.67385,335.09,0.43,0.46,2025-03-15,1244,N21,nominal,2.0NRT,288.01,5.5,D
-6.13925,11.03131,335.3,0.38,0.36,2025-03-15,1244,N21,nominal,2.0NRT,291.92,5.39,D
-5.61791,14.27192,332.14,0.47,0.39,2025-03-15,1244,N21,nominal,2.0NRT,290.95,4.71,D
-5.21127,16.66578,353.17,0.43,0.46,2025-03-15,1244,N21,nominal,2.0NRT,289.98,15.06,D
-5.21189,16.66195,330.8,0.43,0.46,2025-03-15,1244,N21,nominal,2.0NRT,286.74,15.06,D
-5.18642,16.76512,331.92,0.44,0.46,2025-03-15,1244,N21,nominal,2.0NRT,281.46,3.47,D
-5.21273,16.60416,351.43,0.43,0.46,2025-03-15,1244,N21,nominal,2.0NRT,283.66,8.97,D
-5.21104,16.58832,339.16,0.43,0.46,2025-03-15,1244,N21,nominal,2.0NRT,279.2,5.22,D
-5.7854,12.93105,331.08,0.41,0.37,2025-03-15,1244,N21,nominal,2.0NRT,294.81,3.24,D
-5.87417,12.33909,330.37,0.4,0.37,2025-03-15,1244,N21,nominal,2.0NRT,297.74,3.01,D
-5.5207,14.48569,332.2,0.48,0.4,2025-03-15,1244,N21,nominal,2.0NRT,291.52,2.63,D
-5.167,16.56999,339.47,0.43,0.46,2025-03-15,1244,N21,nominal,2.0NRT,280,5.02,D
-5.16552,16.56953,339.69,0.43,0.46,2025-03-15,1244,N21,nominal,2.0NRT,282.2,6.79,D
-5.77477,12.65653,332.95,0.4,0.37,2025-03-15,1244,N21,nominal,2.0NRT,288.73,2.57,D
-5.12875,16.53244,339.03,0.42,0.46,2025-03-15,1244,N21,nominal,2.0NRT,283.86,8.2,D
-5.10378,16.52848,338.48,0.42,0.46,2025-03-15,1244,N21,nominal,2.0NRT,285,5.39,D
-5.08299,16.52506,342.77,0.42,0.46,2025-03-15,1244,N21,nominal,2.0NRT,286.63,7.55,D
-5.07717,16.50862,335.57,0.42,0.45,2025-03-15,1244,N21,nominal,2.0NRT,286.71,3.93,D
-5.0676,16.51488,339.51,0.42,0.46,2025-03-15,1244,N21,nominal,2.0NRT,286.12,4.45,D
-5.18519,15.78097,338.06,0.57,0.43,2025-03-15,1244,N21,nominal,2.0NRT,291.99,7.52,D
-5.07528,16.50802,334.15,0.42,0.46,2025-03-15,1244,N21,nominal,2.0NRT,286.07,6.53,D
-5.06989,16.51513,339.11,0.42,0.46,2025-03-15,1244,N21,nominal,2.0NRT,285.9,4.68,D
-5.18561,15.78358,332.57,0.57,0.43,2025-03-15,1244,N21,nominal,2.0NRT,289.97,5.36,D
-5.18756,15.64371,336.67,0.56,0.43,2025-03-15,1244,N21,nominal,2.0NRT,295.41,8.62,D
-5.21097,15.4713,331,0.55,0.42,2025-03-15,1244,N21,nominal,2.0NRT,289.03,4.76,D
-5.14872,15.71014,347.32,0.57,0.43,2025-03-15,1244,N21,nominal,2.0NRT,290.59,14.56,D
-5.58266,12.90239,331.95,0.41,0.37,2025-03-15,1244,N21,nominal,2.0NRT,294.59,2.77,D
-5.13133,15.71766,333.05,0.57,0.43,2025-03-15,1244,N21,nominal,2.0NRT,291.71,6.47,D
-5.43104,13.77654,332.09,0.44,0.39,2025-03-15,1244,N21,nominal,2.0NRT,294.36,3.47,D
-5.31055,14.32345,332.82,0.47,0.4,2025-03-15,1244,N21,nominal,2.0NRT,287.22,4.72,D
-5.30948,14.3249,335.58,0.47,0.4,2025-03-15,1244,N21,nominal,2.0NRT,287.6,5.81,D
-5.33139,14.0895,331.31,0.46,0.39,2025-03-15,1244,N21,nominal,2.0NRT,286.38,4.67,D
-5.33204,14.08538,330.44,0.46,0.39,2025-03-15,1244,N21,nominal,2.0NRT,287.74,4.67,D
-5.34846,13.93337,333.29,0.45,0.39,2025-03-15,1244,N21,nominal,2.0NRT,290.71,3.18,D
-5.32382,13.90475,331.66,0.45,0.39,2025-03-15,1244,N21,nominal,2.0NRT,291.45,3.14,D
-5.34108,13.30479,330.86,0.43,0.38,2025-03-15,1244,N21,nominal,2.0NRT,290.65,2.6,D
-5.36161,13.17242,330.54,0.42,0.38,2025-03-15,1244,N21,nominal,2.0NRT,290.54,2.32,D
-4.9285,15.77939,337.98,0.38,0.43,2025-03-15,1244,N21,nominal,2.0NRT,295.28,3.5,D
-5.33347,13.17205,331.69,0.42,0.38,2025-03-15,1244,N21,nominal,2.0NRT,292.32,1.81,D
-4.78756,16.57538,343.73,0.43,0.46,2025-03-15,1244,N21,nominal,2.0NRT,287.98,8.62,D
-4.85865,16.03396,333.49,0.4,0.44,2025-03-15,1244,N21,nominal,2.0NRT,285.98,5.47,D
-4.8674,15.92946,341.23,0.39,0.44,2025-03-15,1244,N21,nominal,2.0NRT,287.27,6.57,D
-4.86797,15.92595,333.4,0.39,0.44,2025-03-15,1244,N21,nominal,2.0NRT,287.36,6.57,D
-4.85129,15.87716,341.36,0.39,0.44,2025-03-15,1244,N21,nominal,2.0NRT,286.21,4.04,D
-4.75798,16.41648,342.92,0.42,0.45,2025-03-15,1244,N21,nominal,2.0NRT,280.39,6.19,D
-4.84729,15.87653,332.29,0.39,0.44,2025-03-15,1244,N21,nominal,2.0NRT,288.88,4.04,D
-5.27035,13.19647,330.35,0.42,0.38,2025-03-15,1244,N21,nominal,2.0NRT,293.47,2.03,D
-4.84559,15.87565,336.02,0.39,0.44,2025-03-15,1244,N21,nominal,2.0NRT,288.38,3.88,D
-4.75604,16.41612,355.42,0.42,0.45,2025-03-15,1244,N21,nominal,2.0NRT,281.97,9.62,D
-4.66624,16.84367,341.17,0.45,0.47,2025-03-15,1244,N21,nominal,2.0NRT,286.37,5.7,D
-4.65763,16.84262,341.28,0.45,0.47,2025-03-15,1244,N21,nominal,2.0NRT,287.97,11.66,D
-4.60506,17.0033,340.15,0.46,0.47,2025-03-15,1244,N21,nominal,2.0NRT,281.49,13.18,D
-4.60284,16.72286,335.69,0.45,0.47,2025-03-15,1244,N21,nominal,2.0NRT,289.59,4.15,D
-4.60312,16.7241,334.52,0.45,0.47,2025-03-15,1244,N21,nominal,2.0NRT,290.19,4.62,D
-5.00268,14.1293,332.45,0.47,0.39,2025-03-15,1244,N21,nominal,2.0NRT,294.78,4.39,D
-4.72717,15.86006,339.94,0.39,0.44,2025-03-15,1244,N21,nominal,2.0NRT,290.36,5.58,D
-4.69906,16.01148,340.41,0.4,0.44,2025-03-15,1244,N21,nominal,2.0NRT,285.68,5.66,D
-4.7237,15.85604,344.82,0.39,0.44,2025-03-15,1244,N21,nominal,2.0NRT,291.26,7.94,D
-4.62683,16.43907,334.57,0.43,0.46,2025-03-15,1244,N21,nominal,2.0NRT,284.45,3.98,D
-4.71969,15.85544,343.78,0.39,0.44,2025-03-15,1244,N21,nominal,2.0NRT,291.47,14.56,D
-4.71225,15.85061,341.6,0.39,0.44,2025-03-15,1244,N21,nominal,2.0NRT,292.86,5.21,D
-4.70825,15.8499,335.28,0.39,0.44,2025-03-15,1244,N21,nominal,2.0NRT,291.42,5.21,D
-5.04083,13.65174,331.33,0.44,0.39,2025-03-15,1244,N21,nominal,2.0NRT,294.35,6.28,D
-4.5224,16.87192,334.26,0.46,0.47,2025-03-15,1244,N21,nominal,2.0NRT,288.61,4.12,D
-4.57535,16.51922,338.22,0.43,0.46,2025-03-15,1244,N21,nominal,2.0NRT,287.82,5.51,D
-4.67292,15.91622,347.22,0.39,0.44,2025-03-15,1244,N21,nominal,2.0NRT,291.39,10.69,D
-4.66835,15.91898,339.13,0.39,0.44,2025-03-15,1244,N21,nominal,2.0NRT,287.96,4.07,D
-4.47042,17.08123,354.83,0.47,0.48,2025-03-15,1244,N21,nominal,2.0NRT,286.72,13.48,D
-4.75929,15.30507,333.84,0.54,0.42,2025-03-15,1244,N21,nominal,2.0NRT,290.94,6.65,D
-4.46604,17.08065,335.18,0.47,0.48,2025-03-15,1244,N21,nominal,2.0NRT,283.36,13.48,D
-4.57286,16.40302,334.06,0.42,0.46,2025-03-15,1244,N21,nominal,2.0NRT,282.53,3.01,D
-4.44048,16.98268,331.54,0.47,0.47,2025-03-15,1244,N21,nominal,2.0NRT,281.21,4.21,D
-4.4771,16.75276,340.35,0.45,0.47,2025-03-15,1244,N21,nominal,2.0NRT,291.53,10.99,D
-4.54407,16.25127,347.45,0.42,0.45,2025-03-15,1244,N21,nominal,2.0NRT,293.56,8.26,D
-4.59448,15.80558,332.6,0.39,0.44,2025-03-15,1244,N21,nominal,2.0NRT,289.54,2.66,D
-4.83572,14.2406,332.44,0.47,0.4,2025-03-15,1244,N21,nominal,2.0NRT,296.09,3.55,D
-4.47591,16.41063,331.03,0.43,0.46,2025-03-15,1244,N21,nominal,2.0NRT,288.45,3.21,D
-4.55343,15.88166,340.55,0.39,0.44,2025-03-15,1244,N21,nominal,2.0NRT,287.79,12.07,D
-4.58046,15.71491,339.21,0.38,0.44,2025-03-15,1244,N21,nominal,2.0NRT,284.15,2.76,D
-4.42448,16.64642,338.55,0.44,0.46,2025-03-15,1244,N21,nominal,2.0NRT,290.98,5.38,D
-4.40846,16.71743,353.44,0.45,0.47,2025-03-15,1244,N21,nominal,2.0NRT,295.52,18.66,D
-4.44029,16.52359,341.73,0.43,0.46,2025-03-15,1244,N21,nominal,2.0NRT,289.14,18.02,D
-4.44091,16.5198,342.48,0.43,0.46,2025-03-15,1244,N21,nominal,2.0NRT,294.64,31.32,D
-4.43608,16.52292,340.17,0.43,0.46,2025-03-15,1244,N21,nominal,2.0NRT,289.25,6.09,D
-4.43762,16.43527,334.27,0.43,0.46,2025-03-15,1244,N21,nominal,2.0NRT,294.23,8.78,D
-4.43826,16.4314,331.68,0.43,0.46,2025-03-15,1244,N21,nominal,2.0NRT,291.67,4.69,D
-4.43564,16.43881,335.26,0.43,0.46,2025-03-15,1244,N21,nominal,2.0NRT,290.07,5.45,D
-4.43625,16.43494,338.94,0.43,0.46,2025-03-15,1244,N21,nominal,2.0NRT,292.37,5.45,D
-4.38053,16.70556,330.83,0.45,0.47,2025-03-15,1244,N21,nominal,2.0NRT,293.84,3.32,D
-4.53532,15.72618,334.44,0.39,0.44,2025-03-15,1244,N21,nominal,2.0NRT,285.08,2.92,D
-4.59167,15.36777,332.37,0.55,0.43,2025-03-15,1244,N21,nominal,2.0NRT,292.88,4.65,D
-4.47852,16.03346,330.3,0.4,0.45,2025-03-15,1244,N21,nominal,2.0NRT,283.85,7.02,D
-4.47909,16.02985,341.42,0.4,0.45,2025-03-15,1244,N21,nominal,2.0NRT,287.56,7.02,D
-4.47666,15.99274,332.33,0.4,0.44,2025-03-15,1244,N21,nominal,2.0NRT,284.56,2.86,D
-4.32478,16.91702,337.04,0.46,0.47,2025-03-15,1244,N21,nominal,2.0NRT,286.38,3.42,D
-4.4425,16.15467,332.51,0.41,0.45,2025-03-15,1244,N21,nominal,2.0NRT,291.14,3.2,D
-4.40138,16.33202,335.96,0.42,0.45,2025-03-15,1244,N21,nominal,2.0NRT,291.1,5.99,D
-4.43725,16.10875,331.42,0.41,0.45,2025-03-15,1244,N21,nominal,2.0NRT,291.52,4.8,D
-4.55439,15.32648,347.4,0.55,0.42,2025-03-15,1244,N21,nominal,2.0NRT,290.49,13.3,D
-4.38784,16.31046,341.55,0.42,0.45,2025-03-15,1244,N21,nominal,2.0NRT,291.18,6.37,D
-4.44075,15.93193,349.06,0.4,0.44,2025-03-15,1244,N21,nominal,2.0NRT,284.48,8.33,D
-4.50071,15.51095,333.13,0.56,0.43,2025-03-15,1244,N21,nominal,2.0NRT,289.59,4.74,D
-4.41578,16.0089,334.23,0.4,0.44,2025-03-15,1244,N21,nominal,2.0NRT,285.91,4.41,D
-4.34448,16.39311,338.88,0.43,0.46,2025-03-15,1244,N21,nominal,2.0NRT,295.43,6.03,D
-4.40469,16.02573,334.62,0.4,0.45,2025-03-15,1244,N21,nominal,2.0NRT,287.04,3.4,D
-4.28684,16.69031,334.83,0.45,0.47,2025-03-15,1244,N21,nominal,2.0NRT,291.58,3.7,D
-4.39248,15.99848,336.68,0.4,0.44,2025-03-15,1244,N21,nominal,2.0NRT,287.69,5.56,D
-4.39273,15.99545,337.61,0.4,0.44,2025-03-15,1244,N21,nominal,2.0NRT,286.72,4.8,D
-4.40766,15.82158,334.35,0.39,0.44,2025-03-15,1244,N21,nominal,2.0NRT,285.4,3.36,D
-4.41373,15.78312,333.22,0.39,0.44,2025-03-15,1244,N21,nominal,2.0NRT,286.21,6.34,D
-4.35301,16.14108,334.29,0.41,0.45,2025-03-15,1244,N21,nominal,2.0NRT,292.2,4.33,D
-4.40918,15.78596,332.83,0.39,0.44,2025-03-15,1244,N21,nominal,2.0NRT,288.38,5.45,D
-4.26783,16.56869,330.17,0.44,0.46,2025-03-15,1244,N21,nominal,2.0NRT,290.83,2.79,D
-4.26823,16.40547,336.19,0.43,0.46,2025-03-15,1244,N21,nominal,2.0NRT,293.59,4.03,D
-4.2302,16.50703,334.73,0.44,0.46,2025-03-15,1244,N21,nominal,2.0NRT,291.55,5.24,D
-4.2308,16.50334,342.88,0.44,0.46,2025-03-15,1244,N21,nominal,2.0NRT,292.99,8.06,D
-4.24255,16.40508,334.4,0.43,0.46,2025-03-15,1244,N21,nominal,2.0NRT,289.05,3.57,D
-4.25708,16.29011,335.63,0.42,0.45,2025-03-15,1244,N21,nominal,2.0NRT,294.62,4.95,D
-4.54001,14.49564,331.53,0.49,0.4,2025-03-15,1244,N21,nominal,2.0NRT,296.09,6.46,D
-4.23278,16.36019,336.69,0.43,0.46,2025-03-15,1244,N21,nominal,2.0NRT,293.79,3.3,D
-4.25017,16.25447,338.31,0.42,0.45,2025-03-15,1244,N21,nominal,2.0NRT,294.09,3.68,D
-4.1442,16.84306,339.56,0.46,0.47,2025-03-15,1244,N21,nominal,2.0NRT,288.36,4.95,D
-4.21489,16.41665,352.02,0.43,0.46,2025-03-15,1244,N21,nominal,2.0NRT,291.78,12.61,D
-4.22753,16.34018,333.67,0.43,0.46,2025-03-15,1244,N21,nominal,2.0NRT,295.79,5.51,D
-4.23118,16.35969,335.76,0.43,0.46,2025-03-15,1244,N21,nominal,2.0NRT,293.01,2.45,D
-4.24781,16.25377,332.04,0.42,0.45,2025-03-15,1244,N21,nominal,2.0NRT,293.32,3.35,D
-4.14622,16.84371,339.18,0.46,0.47,2025-03-15,1244,N21,nominal,2.0NRT,288,5.94,D
-4.19418,16.48542,338.96,0.44,0.46,2025-03-15,1244,N21,nominal,2.0NRT,294.04,5.41,D
-4.89003,11.90833,333.38,0.39,0.36,2025-03-15,1244,N21,nominal,2.0NRT,298.46,2.33,D
-4.04408,17.20187,332.19,0.49,0.49,2025-03-15,1244,N21,nominal,2.0NRT,289.09,3.99,D
-4.85938,12.01877,343.7,0.39,0.36,2025-03-15,1244,N21,nominal,2.0NRT,303.32,29.81,D
-4.84353,12.09938,331.58,0.4,0.37,2025-03-15,1244,N21,nominal,2.0NRT,292.78,5.4,D
-4.58107,13.76203,333.88,0.45,0.39,2025-03-15,1244,N21,nominal,2.0NRT,295.38,3.37,D
-4.85759,11.98609,334.18,0.39,0.36,2025-03-15,1244,N21,nominal,2.0NRT,295.34,4.91,D
-4.21507,16.00966,333.24,0.41,0.45,2025-03-15,1244,N21,nominal,2.0NRT,284.83,5.55,D
-4.18358,16.12629,336.03,0.41,0.45,2025-03-15,1244,N21,nominal,2.0NRT,292.98,4.3,D
-4.14331,16.29513,342.1,0.42,0.46,2025-03-15,1244,N21,nominal,2.0NRT,295.45,5.66,D
-4.92319,11.38296,337.38,0.39,0.36,2025-03-15,1244,N21,nominal,2.0NRT,288.31,7.27,D
-4.81653,12.00859,346.88,0.39,0.36,2025-03-15,1244,N21,nominal,2.0NRT,295.25,10.16,D
-4.8132,12.00807,344.06,0.39,0.36,2025-03-15,1244,N21,nominal,2.0NRT,296.03,10.16,D
-4.81418,11.95771,331.2,0.39,0.36,2025-03-15,1244,N21,nominal,2.0NRT,298.97,2.05,D
-4.15132,16.07088,332.53,0.41,0.45,2025-03-15,1244,N21,nominal,2.0NRT,293.56,3.86,D
-4.13731,16.05333,336.8,0.41,0.45,2025-03-15,1244,N21,nominal,2.0NRT,292.63,4.89,D
-4.13669,15.95221,338.62,0.4,0.45,2025-03-15,1244,N21,nominal,2.0NRT,286.89,5.59,D
-4.09068,16.21317,344.06,0.42,0.45,2025-03-15,1244,N21,nominal,2.0NRT,297.86,11.6,D
-4.09571,16.10305,367,0.41,0.45,2025-03-15,1244,N21,high,2.0NRT,296.05,25.28,D
-4.0963,16.09941,333.59,0.41,0.45,2025-03-15,1244,N21,nominal,2.0NRT,293.36,6.46,D
-4.11579,15.95258,341.16,0.4,0.45,2025-03-15,1244,N21,nominal,2.0NRT,287.97,6.3,D
-4.49611,13.4277,332.28,0.44,0.38,2025-03-15,1244,N21,nominal,2.0NRT,291.8,3.7,D
-4.12429,15.67113,353.74,0.39,0.44,2025-03-15,1244,N21,nominal,2.0NRT,292.01,15.09,D
-4.70646,11.97302,337.56,0.39,0.36,2025-03-15,1244,N21,nominal,2.0NRT,290.59,3.71,D
-4.12,15.5802,334.14,0.38,0.43,2025-03-15,1244,N21,nominal,2.0NRT,290.26,4.06,D
-4.01074,16.22032,340.27,0.42,0.45,2025-03-15,1244,N21,nominal,2.0NRT,295.27,9.96,D
-4.11202,15.5534,336.78,0.57,0.43,2025-03-15,1244,N21,nominal,2.0NRT,292.66,10.45,D
-4.458,13.20458,333.25,0.43,0.38,2025-03-15,1244,N21,nominal,2.0NRT,294.13,10.4,D
-4.00114,15.8867,339.31,0.4,0.44,2025-03-15,1244,N21,nominal,2.0NRT,290.96,4.75,D
-4.39577,13.30564,336,0.43,0.38,2025-03-15,1244,N21,nominal,2.0NRT,296.02,7.27,D
-4.42978,13.09027,331.32,0.43,0.38,2025-03-15,1244,N21,nominal,2.0NRT,288.52,6.15,D
-4.52469,12.16202,331.44,0.4,0.37,2025-03-15,1244,N21,nominal,2.0NRT,296.07,4.33,D
-4.2534,13.81807,341.38,0.46,0.39,2025-03-15,1244,N21,nominal,2.0NRT,297.35,7.89,D
-4.51096,12.05089,336.33,0.4,0.37,2025-03-15,1244,N21,nominal,2.0NRT,296.9,8.21,D
-4.27514,13.49469,333.93,0.44,0.39,2025-03-15,1244,N21,nominal,2.0NRT,296.42,4.51,D
-4.1647,13.9729,335.61,0.47,0.4,2025-03-15,1244,N21,nominal,2.0NRT,294.5,5.91,D
-4.25461,13.34382,332.73,0.44,0.38,2025-03-15,1244,N21,nominal,2.0NRT,297.21,3.54,D
-4.22926,13.48463,332.42,0.44,0.39,2025-03-15,1244,N21,nominal,2.0NRT,296.17,4.4,D
-4.25534,13.31593,333.19,0.44,0.38,2025-03-15,1244,N21,nominal,2.0NRT,297.42,3.67,D
-4.52672,11.55041,339.83,0.39,0.36,2025-03-15,1244,N21,nominal,2.0NRT,294.43,12.14,D
-4.19909,13.6561,330.87,0.45,0.39,2025-03-15,1244,N21,nominal,2.0NRT,296.24,2.93,D
-4.24774,13.31876,332.22,0.44,0.38,2025-03-15,1244,N21,nominal,2.0NRT,296.7,3.05,D
-4.24182,13.33382,334.27,0.44,0.38,2025-03-15,1244,N21,nominal,2.0NRT,293.33,2.56,D
-4.19738,13.57354,330.51,0.45,0.39,2025-03-15,1244,N21,nominal,2.0NRT,296.21,2.98,D
-4.08253,14.26121,333.1,0.48,0.4,2025-03-15,1244,N21,nominal,2.0NRT,296.23,4.47,D
-4.51986,11.41805,334.38,0.39,0.36,2025-03-15,1244,N21,nominal,2.0NRT,293.72,5.24,D
-4.13897,13.50737,331.04,0.44,0.39,2025-03-15,1244,N21,nominal,2.0NRT,297.36,4.27,D
-4.13865,13.50839,335.61,0.44,0.39,2025-03-15,1244,N21,nominal,2.0NRT,296.72,4.25,D
-4.41646,11.69384,349.88,0.39,0.36,2025-03-15,1244,N21,nominal,2.0NRT,300.66,4.38,D
-4.41314,11.69333,333.11,0.39,0.36,2025-03-15,1244,N21,nominal,2.0NRT,298.11,4.38,D
-4.19689,13.08257,333.12,0.43,0.38,2025-03-15,1244,N21,nominal,2.0NRT,297.09,4.34,D
-4.14633,13.3881,342.53,0.44,0.38,2025-03-15,1244,N21,nominal,2.0NRT,295.94,5.98,D
-4.081,13.57647,340.44,0.45,0.39,2025-03-15,1244,N21,nominal,2.0NRT,299.59,8.04,D
-4.07077,13.52593,334.75,0.45,0.39,2025-03-15,1244,N21,nominal,2.0NRT,297.24,5.36,D
-4.0739,13.50591,333.84,0.45,0.39,2025-03-15,1244,N21,nominal,2.0NRT,297.8,4.98,D
-4.06598,13.53334,341.67,0.45,0.39,2025-03-15,1244,N21,nominal,2.0NRT,297.39,6.33,D
-4.36457,11.61091,330.51,0.39,0.36,2025-03-15,1244,N21,nominal,2.0NRT,299.87,3.09,D
-4.06118,13.54083,332.24,0.45,0.39,2025-03-15,1244,N21,nominal,2.0NRT,297.28,6.93,D
-4.32886,11.79867,334,0.39,0.36,2025-03-15,1244,N21,nominal,2.0NRT,294.13,5.83,D
-4.3294,11.79516,331.98,0.39,0.36,2025-03-15,1244,N21,nominal,2.0NRT,296.13,5.83,D
-4.05535,13.53183,343.72,0.45,0.39,2025-03-15,1244,N21,nominal,2.0NRT,298.62,12.22,D
-4.07338,13.28039,332.25,0.44,0.38,2025-03-15,1244,N21,nominal,2.0NRT,296.54,3.93,D
-4.09407,12.81453,332.34,0.42,0.38,2025-03-15,1244,N21,nominal,2.0NRT,295.68,4.45,D
-4.29275,11.52433,330.16,0.39,0.36,2025-03-15,1244,N21,nominal,2.0NRT,298.02,3.52,D
-4.08262,12.82037,341.45,0.42,0.38,2025-03-15,1244,N21,nominal,2.0NRT,297.89,20.7,D
-4.03952,12.98399,347.02,0.42,0.38,2025-03-15,1244,N21,nominal,2.0NRT,299.33,9.93,D
-4.07324,12.6779,331.36,0.41,0.37,2025-03-15,1244,N21,nominal,2.0NRT,297.16,3.57,D
-5.10439,39.02141,305.98,0.43,0.62,2025-03-15,2205,N21,nominal,2.0NRT,292.15,1.71,N
-5.41217,38.75404,302.12,0.45,0.63,2025-03-15,2205,N21,nominal,2.0NRT,290.21,1.32,N
-6.03705,38.67625,303.11,0.44,0.63,2025-03-15,2205,N21,nominal,2.0NRT,288.69,1.56,N
-6.03243,38.67364,303.03,0.44,0.62,2025-03-15,2205,N21,nominal,2.0NRT,289.02,0.82,N
-6.03312,38.67752,306.15,0.44,0.62,2025-03-15,2205,N21,nominal,2.0NRT,289.12,0.82,N
-13.34023,35.28234,295.28,0.55,0.68,2025-03-15,2208,N21,nominal,2.0NRT,285.21,0.6,N
-18.15344,49.27433,307.66,0.46,0.39,2025-03-15,2208,N21,nominal,2.0NRT,292.01,1.09,N
-18.50964,49.18507,311.85,0.45,0.39,2025-03-15,2210,N21,nominal,2.0NRT,288.9,1.38,N
-16.12051,33.75991,302.69,0.61,0.71,2025-03-15,2210,N21,nominal,2.0NRT,284.74,3.31,N
-16.12951,33.77,303.92,0.61,0.71,2025-03-15,2210,N21,nominal,2.0NRT,285.33,4.75,N
-16.1639,33.8036,298.9,0.6,0.71,2025-03-15,2210,N21,nominal,2.0NRT,284.14,1.53,N
-16.19279,33.84349,299.38,0.6,0.71,2025-03-15,2210,N21,nominal,2.0NRT,284.31,3.09,N
-16.19313,33.84199,303.08,0.6,0.71,2025-03-15,2210,N21,nominal,2.0NRT,284.43,3,N
-24.81575,30.11381,305.78,0.66,0.73,2025-03-15,2212,N21,nominal,2.0NRT,282.32,2.78,N
-24.81749,30.12048,300.88,0.66,0.73,2025-03-15,2212,N21,nominal,2.0NRT,282.29,2.71,N
-31.18828,18.24154,298.63,0.39,0.36,2025-03-15,2354,N21,nominal,2.0NRT,287.77,0.14,N
-32.32627,19.13717,303.04,0.41,0.37,2025-03-15,2354,N21,nominal,2.0NRT,287.15,1.54,N
-32.3269,19.14172,304.05,0.41,0.37,2025-03-15,2354,N21,nominal,2.0NRT,286.23,1.54,N
-32.32969,19.13658,328.85,0.41,0.37,2025-03-15,2354,N21,nominal,2.0NRT,288.55,1.54,N
-32.3303,19.14102,303.96,0.41,0.37,2025-03-15,2354,N21,nominal,2.0NRT,286.16,1.54,N
-32.32779,19.0978,303.06,0.41,0.37,2025-03-15,2354,N21,nominal,2.0NRT,288.83,0.86,N
-32.33123,19.09732,313.37,0.41,0.37,2025-03-15,2354,N21,nominal,2.0NRT,289.68,0.86,N
-32.33237,19.10544,301.85,0.41,0.37,2025-03-15,2354,N21,nominal,2.0NRT,289.5,1.17,N
-32.33698,19.11339,301.95,0.41,0.37,2025-03-15,2354,N21,nominal,2.0NRT,288.1,0.72,N
-33.34048,25.59831,298.3,0.56,0.52,2025-03-15,2354,N21,nominal,2.0NRT,284.79,0.19,N
-10.1145,13.6661,306.92,0.35,0.57,2025-03-15,2348,N21,nominal,2.0NRT,290.2,1.16,N
-10.11507,13.66928,301.99,0.35,0.57,2025-03-15,2348,N21,nominal,2.0NRT,290.04,0.74,N
-10.11565,13.67246,302.92,0.35,0.57,2025-03-15,2348,N21,nominal,2.0NRT,290.11,0.74,N
-10.115,13.66516,312.28,0.35,0.57,2025-03-15,2348,N21,nominal,2.0NRT,289.8,1.02,N
-10.1162,13.67151,312.25,0.35,0.57,2025-03-15,2348,N21,nominal,2.0NRT,289.94,1.63,N
-14.4931,28.46299,309.06,0.5,0.49,2025-03-15,2350,N21,nominal,2.0NRT,280.81,2.28,N
-17.34355,27.20374,304.99,0.45,0.47,2025-03-15,2350,N21,nominal,2.0NRT,291.77,1.66,N
-18.35986,26.66279,309.32,0.43,0.46,2025-03-15,2350,N21,nominal,2.0NRT,291.33,1.16,N
-18.3636,26.65837,315.82,0.43,0.46,2025-03-15,2350,N21,nominal,2.0NRT,291.94,1.69,N
-18.36411,26.66242,305.02,0.43,0.46,2025-03-15,2350,N21,nominal,2.0NRT,291.9,1,N
-18.36618,26.47711,325.21,0.42,0.45,2025-03-15,2350,N21,nominal,2.0NRT,293.57,5.55,N
-18.37034,26.47645,343.94,0.42,0.45,2025-03-15,2350,N21,nominal,2.0NRT,298.54,5.55,N
-18.36676,26.44863,309.54,0.42,0.45,2025-03-15,2350,N21,nominal,2.0NRT,293.11,2.75,N
-18.36776,26.47769,345.73,0.42,0.45,2025-03-15,2350,N21,nominal,2.0NRT,299.09,8.8,N
-18.36437,26.44979,306.85,0.42,0.45,2025-03-15,2350,N21,nominal,2.0NRT,293.11,1.4,N
-18.37193,26.47702,328.38,0.42,0.45,2025-03-15,2350,N21,nominal,2.0NRT,294.17,3.96,N
-18.36853,26.44913,305.49,0.42,0.45,2025-03-15,2350,N21,nominal,2.0NRT,291.58,1.75,N
-18.3727,26.44848,315.99,0.42,0.45,2025-03-15,2350,N21,nominal,2.0NRT,293.18,1.75,N
-18.37318,26.45248,311.55,0.42,0.45,2025-03-15,2350,N21,nominal,2.0NRT,291.95,1.75,N
-18.41237,26.49475,305.52,0.42,0.45,2025-03-15,2350,N21,nominal,2.0NRT,290.64,0.82,N
-18.4263,26.53823,307.99,0.43,0.46,2025-03-15,2350,N21,nominal,2.0NRT,289.85,0.82,N
-18.42146,26.46535,306.32,0.42,0.45,2025-03-15,2350,N21,nominal,2.0NRT,290.82,0.89,N
-18.4311,26.50834,328.36,0.42,0.46,2025-03-15,2350,N21,nominal,2.0NRT,291.9,3.15,N
-18.43162,26.51255,311.99,0.42,0.46,2025-03-15,2350,N21,nominal,2.0NRT,291.12,2.87,N
-18.42488,26.42496,309.95,0.42,0.45,2025-03-15,2350,N21,nominal,2.0NRT,293.39,2.15,N
-18.44003,26.51162,306.06,0.42,0.46,2025-03-15,2350,N21,nominal,2.0NRT,291.4,1.13,N
-18.44054,26.51572,304.44,0.42,0.46,2025-03-15,2350,N21,nominal,2.0NRT,291.18,1.13,N
-18.43967,26.475,306.61,0.42,0.45,2025-03-15,2350,N21,nominal,2.0NRT,291.03,2.26,N
-18.44017,26.4789,303.77,0.42,0.45,2025-03-15,2350,N21,nominal,2.0NRT,290.33,1.74,N
-18.44422,26.51103,304.69,0.42,0.46,2025-03-15,2350,N21,nominal,2.0NRT,290.6,1.56,N
-19.22504,17.72571,301.57,0.44,0.38,2025-03-15,2350,N21,nominal,2.0NRT,281.89,0.77,N
-23.26094,20.75447,301.61,0.39,0.37,2025-03-15,2352,N21,nominal,2.0NRT,289.64,0.05,N
-24.74481,30.19172,305.53,0.44,0.62,2025-03-15,2352,N21,nominal,2.0NRT,284.98,1.56,N
-24.81546,30.11769,298.05,0.43,0.62,2025-03-15,2352,N21,nominal,2.0NRT,281.26,1.58,N
-25.88416,29.09743,298.28,0.38,0.59,2025-03-15,2352,N21,nominal,2.0NRT,281.28,0.72,N
-26.66892,27.8283,325.15,0.32,0.55,2025-03-15,2352,N21,nominal,2.0NRT,278.71,2.21,N
-28.677,32.13233,296.91,0.63,0.72,2025-03-15,2352,N21,nominal,2.0NRT,284.49,2.59,N
-4.27838,16.69667,312.61,0.55,0.51,2025-03-15,2346,N21,nominal,2.0NRT,268.08,1.97,N
-4.283,16.69554,297.47,0.55,0.51,2025-03-15,2346,N21,nominal,2.0NRT,268.49,1.05,N
-4.92285,11.37851,335.16,0.63,0.72,2025-03-15,2348,N21,nominal,2.0NRT,266.01,8.84,N
-4.92384,11.38409,302.08,0.63,0.72,2025-03-15,2348,N21,nominal,2.0NRT,265.72,5.64,N
-24.10279,47.41166,330.4,0.41,0.37,2025-03-16,1038,N21,nominal,2.0NRT,295.5,2.18,D
-23.64723,47.42273,331.8,0.41,0.37,2025-03-16,1038,N21,nominal,2.0NRT,295.22,4.21,D
-21.6054,46.60444,332.28,0.4,0.37,2025-03-16,1038,N21,nominal,2.0NRT,298.16,1.86,D
-21.48589,46.83921,340.45,0.41,0.37,2025-03-16,1041,N21,nominal,2.0NRT,302.99,12.21,D
-21.09354,46.8516,334.95,0.41,0.37,2025-03-16,1041,N21,nominal,2.0NRT,297.91,5.19,D
-20.08994,48.28595,335.73,0.48,0.4,2025-03-16,1041,N21,nominal,2.0NRT,294.65,6.19,D
-20.24452,46.85983,334.63,0.42,0.38,2025-03-16,1041,N21,nominal,2.0NRT,303.7,3.17,D
-19.18938,47.9892,332.52,0.48,0.4,2025-03-16,1041,N21,nominal,2.0NRT,292.73,3.82,D
-19.13743,45.23087,333.54,0.39,0.36,2025-03-16,1041,N21,nominal,2.0NRT,293.59,3.37,D
-18.43482,48.28771,334.09,0.51,0.41,2025-03-16,1041,N21,nominal,2.0NRT,301.03,2.85,D
-18.32597,46.10806,330.02,0.41,0.37,2025-03-16,1041,N21,nominal,2.0NRT,298.12,2.01,D
-17.84196,47.31361,334.11,0.46,0.39,2025-03-16,1041,N21,nominal,2.0NRT,297.09,10.71,D
-17.41355,48.79264,330.91,0.56,0.43,2025-03-16,1041,N21,nominal,2.0NRT,294.54,1.83,D
-14.19206,49.66395,337.11,0.47,0.48,2025-03-16,1041,N21,nominal,2.0NRT,294.56,3.49,D
-7.90222,39.70527,348.53,0.42,0.37,2025-03-16,1043,N21,low,2.0NRT,299.69,22.31,D
-6.21,39.44286,332.03,0.41,0.37,2025-03-16,1043,N21,low,2.0NRT,299.04,3.71,D
-6.19271,39.39476,335.69,0.41,0.37,2025-03-16,1043,N21,nominal,2.0NRT,302.99,6.45,D
-6.0295,38.7081,333.76,0.44,0.38,2025-03-16,1043,N21,nominal,2.0NRT,294.67,12.12,D
-5.80996,38.28557,336.44,0.45,0.39,2025-03-16,1043,N21,nominal,2.0NRT,301.26,6.76,D
-5.68067,38.88325,334.33,0.43,0.38,2025-03-16,1043,N21,low,2.0NRT,300.62,5.31,D
-5.66611,38.79073,335.34,0.43,0.38,2025-03-16,1043,N21,nominal,2.0NRT,301.98,3.16,D
-5.68158,38.3956,338.82,0.45,0.39,2025-03-16,1043,N21,nominal,2.0NRT,303.95,14.23,D
-5.6551,38.45282,335.18,0.45,0.39,2025-03-16,1043,N21,low,2.0NRT,304.72,6.65,D
-5.58026,38.9388,332.19,0.43,0.38,2025-03-16,1043,N21,low,2.0NRT,302.8,6.15,D
-5.64088,38.42673,341.29,0.45,0.39,2025-03-16,1043,N21,nominal,2.0NRT,304.9,23.06,D
-5.55121,38.83322,336.75,0.43,0.38,2025-03-16,1043,N21,low,2.0NRT,304.12,7.04,D
-5.5557,38.65965,339.22,0.44,0.38,2025-03-16,1043,N21,nominal,2.0NRT,303.54,8.18,D
-5.46051,38.83144,334.68,0.43,0.38,2025-03-16,1043,N21,low,2.0NRT,300.91,3.52,D
-5.48023,38.33812,336,0.45,0.39,2025-03-16,1043,N21,nominal,2.0NRT,299.57,13.4,D
-5.37443,39.00532,333.94,0.42,0.38,2025-03-16,1043,N21,low,2.0NRT,301.21,3.77,D
-5.41176,38.75327,332.57,0.43,0.38,2025-03-16,1043,N21,low,2.0NRT,303.85,4.87,D
-5.37098,39.00482,335.43,0.42,0.38,2025-03-16,1043,N21,nominal,2.0NRT,302.25,3.77,D
-5.43251,38.44146,337.68,0.44,0.39,2025-03-16,1043,N21,low,2.0NRT,305.58,12.07,D
-5.35492,38.9287,331.59,0.42,0.38,2025-03-16,1043,N21,nominal,2.0NRT,300.84,2.32,D
-5.35643,38.61113,337.81,0.44,0.38,2025-03-16,1043,N21,low,2.0NRT,304.99,8.05,D
-5.37158,38.41251,333.82,0.44,0.39,2025-03-16,1043,N21,nominal,2.0NRT,301.59,7.27,D
-5.28762,38.95377,336.54,0.42,0.38,2025-03-16,1043,N21,low,2.0NRT,304.96,4.26,D
-5.33432,38.63957,346.66,0.43,0.38,2025-03-16,1043,N21,nominal,2.0NRT,302.02,8.39,D
-5.27912,38.98719,336.64,0.42,0.38,2025-03-16,1043,N21,low,2.0NRT,303.76,6.45,D
-5.33141,38.63515,334.82,0.43,0.38,2025-03-16,1043,N21,nominal,2.0NRT,301.04,8.39,D
-5.32428,38.58657,338.54,0.44,0.38,2025-03-16,1043,N21,nominal,2.0NRT,303.33,7.76,D
-5.2552,39.02981,330.32,0.42,0.38,2025-03-16,1043,N21,low,2.0NRT,303.46,3.26,D
-5.21347,38.98173,333.21,0.42,0.38,2025-03-16,1043,N21,low,2.0NRT,304.79,3.43,D
-5.19818,39.05999,331.08,0.42,0.38,2025-03-16,1043,N21,low,2.0NRT,303.3,3.71,D
-5.19873,39.05627,334.15,0.42,0.38,2025-03-16,1043,N21,low,2.0NRT,302.56,3.19,D
-5.26048,38.6453,335.71,0.43,0.38,2025-03-16,1043,N21,low,2.0NRT,304.76,6.87,D
-5.19068,39.03978,332.22,0.42,0.38,2025-03-16,1043,N21,low,2.0NRT,302.41,3.49,D
-5.25989,38.55368,330.42,0.44,0.38,2025-03-16,1043,N21,low,2.0NRT,297.82,7.4,D
-5.20451,38.85308,339.54,0.43,0.38,2025-03-16,1043,N21,nominal,2.0NRT,303.79,3.55,D
-5.16115,38.95474,335.31,0.42,0.38,2025-03-16,1043,N21,low,2.0NRT,304.86,4.25,D
-5.16645,38.8474,334.21,0.43,0.38,2025-03-16,1043,N21,low,2.0NRT,301.67,4.99,D
-5.13491,38.9894,334.84,0.42,0.38,2025-03-16,1043,N21,low,2.0NRT,305.44,3,D
-5.12104,38.9911,340.48,0.42,0.38,2025-03-16,1043,N21,low,2.0NRT,305.68,4.91,D
-5.02325,38.91861,332.74,0.42,0.38,2025-03-16,1043,N21,low,2.0NRT,303.61,4.58,D
-4.99707,39.04517,336.24,0.42,0.37,2025-03-16,1043,N21,nominal,2.0NRT,302.94,3.21,D
-5.00605,38.93918,330.45,0.42,0.38,2025-03-16,1043,N21,low,2.0NRT,301.42,3.35,D
-4.97211,39.09456,332.88,0.42,0.37,2025-03-16,1043,N21,low,2.0NRT,300.75,2.79,D
-4.97266,39.09087,340.65,0.42,0.37,2025-03-16,1043,N21,nominal,2.0NRT,302.98,4.56,D
-5.00876,38.8509,337.48,0.42,0.38,2025-03-16,1043,N21,nominal,2.0NRT,303.29,4.76,D
-4.96924,39.09036,338.72,0.42,0.37,2025-03-16,1043,N21,nominal,2.0NRT,303.55,4.44,D
-4.92418,39.08751,345.26,0.42,0.37,2025-03-16,1043,N21,nominal,2.0NRT,303.13,7.14,D
-4.87201,38.87385,333.31,0.42,0.38,2025-03-16,1043,N21,low,2.0NRT,301.42,4.01,D
-4.79754,39.11481,330.19,0.41,0.37,2025-03-16,1043,N21,low,2.0NRT,303.43,2.76,D
-4.85578,38.69745,332.13,0.43,0.38,2025-03-16,1043,N21,low,2.0NRT,302.04,6.07,D
-4.82986,38.68938,331.01,0.43,0.38,2025-03-16,1043,N21,low,2.0NRT,303.91,7.76,D
-4.75201,39.06599,334.07,0.41,0.37,2025-03-16,1043,N21,low,2.0NRT,303.53,2.75,D
-4.69653,39.13339,336.07,0.41,0.37,2025-03-16,1043,N21,low,2.0NRT,305.37,3.62,D
-4.63753,39.38982,337.53,0.4,0.37,2025-03-16,1043,N21,low,2.0NRT,306.98,8.65,D
-4.60665,39.33284,346.45,0.41,0.37,2025-03-16,1043,N21,nominal,2.0NRT,304.7,11.76,D
-4.60327,39.33233,340.2,0.41,0.37,2025-03-16,1043,N21,nominal,2.0NRT,307.24,11.76,D
-4.58317,39.37387,342.93,0.4,0.37,2025-03-16,1043,N21,nominal,2.0NRT,308.12,11.8,D
-4.53165,39.41798,336.56,0.4,0.37,2025-03-16,1043,N21,low,2.0NRT,306.78,11.48,D
-4.52827,39.41748,339.24,0.4,0.37,2025-03-16,1043,N21,nominal,2.0NRT,307.3,11.48,D
-4.45575,39.42889,340.11,0.4,0.37,2025-03-16,1043,N21,low,2.0NRT,309.26,5.21,D
-4.43525,39.47361,332.99,0.4,0.37,2025-03-16,1043,N21,low,2.0NRT,305.93,3.7,D
-4.43013,39.46184,336.92,0.4,0.37,2025-03-16,1043,N21,low,2.0NRT,304.24,1.91,D
-4.42675,39.46134,334.47,0.4,0.37,2025-03-16,1043,N21,low,2.0NRT,302.59,1.91,D
-4.36111,39.47324,335.01,0.4,0.37,2025-03-16,1043,N21,low,2.0NRT,302.68,3.11,D
-4.37686,39.36887,347.52,0.4,0.37,2025-03-16,1043,N21,nominal,2.0NRT,305.32,6.12,D
-4.36703,39.3194,337.37,0.4,0.37,2025-03-16,1043,N21,low,2.0NRT,305.95,8.61,D
-4.36757,39.3158,335.6,0.4,0.37,2025-03-16,1043,N21,low,2.0NRT,306.77,10.18,D
-4.13687,39.47261,331.77,0.4,0.37,2025-03-16,1043,N21,low,2.0NRT,304.11,2.89,D
-18.43123,26.51328,330.44,0.55,0.51,2025-03-16,1221,N21,low,2.0NRT,301.23,7.62,D
-18.37277,26.47738,334.45,0.55,0.51,2025-03-16,1221,N21,nominal,2.0NRT,303.69,8.3,D
-18.36809,26.47648,347.69,0.55,0.51,2025-03-16,1221,N21,nominal,2.0NRT,308,10.88,D
-17.93497,19.73389,336.35,0.39,0.36,2025-03-16,1221,N21,nominal,2.0NRT,299.26,3.72,D
-10.77273,15.34714,335.88,0.41,0.37,2025-03-16,1223,N21,low,2.0NRT,305.04,8.44,D
-10.7688,15.35033,339.24,0.41,0.37,2025-03-16,1223,N21,low,2.0NRT,307.1,8.44,D
-10.40451,15.99491,330.82,0.39,0.36,2025-03-16,1223,N21,nominal,2.0NRT,297.96,1.7,D
-10.41419,15.52026,330.81,0.4,0.37,2025-03-16,1223,N21,nominal,2.0NRT,297.77,2.89,D
-33.9255,25.51017,335.7,0.42,0.38,2025-03-16,1217,N21,nominal,2.0NRT,296.77,3.26,D
-32.33954,19.16921,347.7,0.44,0.39,2025-03-16,1219,N21,nominal,2.0NRT,303.54,10.1,D
-32.34014,19.16454,337.54,0.44,0.39,2025-03-16,1219,N21,nominal,2.0NRT,300.01,6.44,D
-32.34074,19.15981,346.48,0.44,0.39,2025-03-16,1219,N21,nominal,2.0NRT,301.47,6.44,D
-32.34135,19.15504,350.22,0.44,0.39,2025-03-16,1219,N21,nominal,2.0NRT,303.24,8.63,D
-32.34197,19.15024,339.4,0.44,0.39,2025-03-16,1219,N21,nominal,2.0NRT,302.65,8.63,D
-32.33603,19.16831,340.34,0.44,0.39,2025-03-16,1219,N21,nominal,2.0NRT,302.51,10.1,D
-32.33663,19.1636,345.56,0.44,0.39,2025-03-16,1219,N21,nominal,2.0NRT,306.73,6.44,D
-32.33724,19.15881,343.08,0.44,0.39,2025-03-16,1219,N21,nominal,2.0NRT,304.93,6.44,D
-32.33786,19.15402,338.27,0.44,0.39,2025-03-16,1219,N21,nominal,2.0NRT,305.42,8.63,D
-32.33847,19.14924,333.84,0.44,0.39,2025-03-16,1219,N21,nominal,2.0NRT,303.72,8.63,D
-32.33908,19.14446,354.32,0.44,0.39,2025-03-16,1219,N21,nominal,2.0NRT,319.15,111.83,D
-32.33191,19.17214,348.64,0.44,0.39,2025-03-16,1219,N21,nominal,2.0NRT,306.22,20.69,D
-10.11524,13.67851,332.76,0.46,0.39,2025-03-16,1223,N21,low,2.0NRT,298.36,7.63,D
-32.33312,19.16264,336.52,0.44,0.39,2025-03-16,1219,N21,nominal,2.0NRT,305.55,7.54,D
-9.76915,15.42825,348.76,0.4,0.37,2025-03-16,1223,N21,nominal,2.0NRT,300.24,20.26,D
-32.33374,19.1578,338.94,0.44,0.39,2025-03-16,1219,N21,nominal,2.0NRT,306.79,7.54,D
-9.40391,17.3238,331.17,0.39,0.36,2025-03-16,1223,N21,nominal,2.0NRT,291.98,2.78,D
-9.50307,16.04774,330.06,0.39,0.36,2025-03-16,1223,N21,nominal,2.0NRT,302.83,2.56,D
-32.33556,19.14355,333.77,0.44,0.39,2025-03-16,1219,N21,low,2.0NRT,306.96,7.36,D
-9.49684,16.02168,337.72,0.39,0.36,2025-03-16,1223,N21,nominal,2.0NRT,305.22,4.83,D
-32.33616,19.13885,346.65,0.45,0.39,2025-03-16,1219,N21,nominal,2.0NRT,307.75,7.36,D
-9.47792,15.83158,332.34,0.39,0.36,2025-03-16,1223,N21,nominal,2.0NRT,299.41,1.93,D
-32.33675,19.13417,352.58,0.45,0.39,2025-03-16,1219,N21,nominal,2.0NRT,305.4,5.07,D
-9.40695,15.8749,330.69,0.39,0.36,2025-03-16,1223,N21,nominal,2.0NRT,299.77,5.21,D
-32.33869,19.11908,341.56,0.45,0.39,2025-03-16,1219,N21,nominal,2.0NRT,299.01,8.37,D
-9.75185,13.34403,337.14,0.48,0.4,2025-03-16,1223,N21,low,2.0NRT,297.78,5.95,D
-32.33934,19.11399,352.41,0.45,0.39,2025-03-16,1219,N21,nominal,2.0NRT,298.9,7.78,D
-32.32961,19.16168,348.75,0.44,0.39,2025-03-16,1219,N21,nominal,2.0NRT,306.22,7.54,D
-9.38751,15.77818,339.29,0.39,0.36,2025-03-16,1223,N21,nominal,2.0NRT,302.03,3.26,D
-32.3332,19.13351,333.92,0.45,0.39,2025-03-16,1219,N21,low,2.0NRT,306.38,5.07,D
-8.62024,20.3628,337.13,0.5,0.41,2025-03-16,1223,N21,nominal,2.0NRT,291.68,4.9,D
-32.33379,19.12883,333.36,0.45,0.39,2025-03-16,1219,N21,nominal,2.0NRT,303.88,5.07,D
-8.88957,18.24602,332.27,0.41,0.37,2025-03-16,1223,N21,nominal,2.0NRT,296.96,3.32,D
-32.33641,19.10841,342.2,0.45,0.39,2025-03-16,1219,N21,nominal,2.0NRT,301.06,7.78,D
-8.88561,18.24914,332.57,0.41,0.37,2025-03-16,1223,N21,nominal,2.0NRT,297.85,3.32,D
-32.32195,19.16477,344.31,0.44,0.39,2025-03-16,1219,N21,nominal,2.0NRT,306.33,12.99,D
-8.84289,18.02612,337.24,0.4,0.37,2025-03-16,1223,N21,nominal,2.0NRT,291.5,3.26,D
-32.32258,19.15985,350.14,0.44,0.39,2025-03-16,1219,N21,nominal,2.0NRT,307.75,13.15,D
-8.68531,18.49374,334.61,0.41,0.37,2025-03-16,1223,N21,nominal,2.0NRT,301.58,4.69,D
-32.32319,19.15507,345.63,0.44,0.39,2025-03-16,1219,N21,nominal,2.0NRT,305.31,13.15,D
-8.69345,18.44161,333.04,0.41,0.37,2025-03-16,1223,N21,nominal,2.0NRT,300.44,7.61,D
-32.31843,19.16386,347.41,0.44,0.39,2025-03-16,1219,N21,nominal,2.0NRT,311.18,53.62,D
-8.69403,18.4379,340.39,0.41,0.37,2025-03-16,1223,N21,nominal,2.0NRT,304.44,8.02,D
-32.31904,19.15907,336.72,0.44,0.39,2025-03-16,1219,N21,nominal,2.0NRT,302.96,15.99,D
-8.69062,18.43736,330.81,0.41,0.37,2025-03-16,1223,N21,nominal,2.0NRT,303.77,3.71,D
-32.31964,19.15438,339.16,0.44,0.39,2025-03-16,1219,N21,nominal,2.0NRT,305.71,15.99,D
-8.6941,18.41506,334.15,0.41,0.37,2025-03-16,1223,N21,nominal,2.0NRT,301.63,3.1,D
-32.32022,19.14983,340.95,0.44,0.39,2025-03-16,1219,N21,nominal,2.0NRT,307.25,11.32,D
-8.53704,19.36797,347.64,0.45,0.39,2025-03-16,1223,N21,nominal,2.0NRT,297.51,7.3,D
-32.32078,19.14536,350.94,0.44,0.39,2025-03-16,1219,N21,nominal,2.0NRT,308.85,11.32,D
-8.89601,17.06676,345.06,0.39,0.36,2025-03-16,1223,N21,nominal,2.0NRT,299.13,7.7,D
-32.32133,19.14103,350.02,0.44,0.39,2025-03-16,1219,N21,nominal,2.0NRT,304.26,10.36,D
-8.5335,19.36738,339.12,0.45,0.39,2025-03-16,1223,N21,nominal,2.0NRT,299.7,7.3,D
-32.31549,19.15844,332.68,0.44,0.39,2025-03-16,1219,N21,nominal,2.0NRT,303.93,15.99,D
-8.62941,18.60407,332.38,0.42,0.38,2025-03-16,1223,N21,nominal,2.0NRT,300.62,5.23,D
-32.31606,19.15389,352.76,0.44,0.39,2025-03-16,1219,N21,nominal,2.0NRT,308.42,15.99,D
-8.62478,18.61109,336.94,0.42,0.38,2025-03-16,1223,N21,nominal,2.0NRT,304.49,9.3,D
-32.31663,19.14943,339.96,0.44,0.39,2025-03-16,1219,N21,nominal,2.0NRT,300.79,11.32,D
-8.62135,18.61054,333.69,0.42,0.38,2025-03-16,1223,N21,low,2.0NRT,304.39,5.34,D
-8.58244,18.61194,336.1,0.42,0.38,2025-03-16,1223,N21,nominal,2.0NRT,300.64,3.92,D
-8.59445,18.5367,331.62,0.42,0.37,2025-03-16,1223,N21,nominal,2.0NRT,298.4,4.55,D
-8.57901,18.6114,338.62,0.42,0.38,2025-03-16,1223,N21,nominal,2.0NRT,306.07,6.79,D
-8.57438,18.61839,348.32,0.42,0.38,2025-03-16,1223,N21,nominal,2.0NRT,307.45,7.71,D
-8.57498,18.61463,338.7,0.42,0.38,2025-03-16,1223,N21,nominal,2.0NRT,307.03,7.71,D
-8.57558,18.61085,346.11,0.42,0.38,2025-03-16,1223,N21,nominal,2.0NRT,302.33,6.79,D
-8.95053,16.12897,330.04,0.39,0.36,2025-03-16,1223,N21,nominal,2.0NRT,299.59,1.98,D
-8.86067,16.43154,330.59,0.38,0.36,2025-03-16,1223,N21,nominal,2.0NRT,295.66,1.39,D
-8.44196,18.89854,349.75,0.43,0.38,2025-03-16,1223,N21,nominal,2.0NRT,304.6,8.98,D
-8.79185,15.53743,333.86,0.39,0.36,2025-03-16,1223,N21,nominal,2.0NRT,296.96,3.76,D
-8.78852,15.53694,334.71,0.39,0.36,2025-03-16,1223,N21,nominal,2.0NRT,296.91,4.1,D
-8.828,15.25073,332.72,0.4,0.37,2025-03-16,1223,N21,low,2.0NRT,301.82,3.37,D
-8.81794,15.24925,343.84,0.4,0.37,2025-03-16,1223,N21,nominal,2.0NRT,304.06,13.04,D
-8.81458,15.24875,340.79,0.4,0.37,2025-03-16,1223,N21,nominal,2.0NRT,301.06,13.04,D
-8.84622,15.01297,331.56,0.4,0.37,2025-03-16,1223,N21,nominal,2.0NRT,296.27,2.19,D
-8.80277,15.23599,332.64,0.4,0.37,2025-03-16,1223,N21,low,2.0NRT,300.05,3.25,D
-8.79941,15.23549,333.12,0.4,0.37,2025-03-16,1223,N21,nominal,2.0NRT,299.87,7.98,D
-8.7745,15.26476,334.56,0.4,0.37,2025-03-16,1223,N21,nominal,2.0NRT,300.65,4.47,D
-8.26623,18.30102,331.96,0.41,0.37,2025-03-16,1223,N21,nominal,2.0NRT,297.55,13.37,D
-8.71587,15.27346,330.39,0.4,0.37,2025-03-16,1223,N21,nominal,2.0NRT,298.6,2.99,D
-8.67342,15.35147,334.15,0.39,0.37,2025-03-16,1223,N21,nominal,2.0NRT,298.95,3.94,D
-8.67395,15.34786,342.56,0.4,0.37,2025-03-16,1223,N21,nominal,2.0NRT,299.79,6.77,D
-8.5607,15.90017,344.99,0.39,0.36,2025-03-16,1223,N21,nominal,2.0NRT,301.18,6.19,D
-8.69163,14.99681,330.78,0.4,0.37,2025-03-16,1223,N21,low,2.0NRT,297.69,4.11,D
-8.651,15.24896,339.5,0.4,0.37,2025-03-16,1223,N21,low,2.0NRT,297.01,6.7,D
-8.68825,14.99631,333.62,0.4,0.37,2025-03-16,1223,N21,low,2.0NRT,298.42,4.11,D
-8.64872,15.24814,330.59,0.4,0.37,2025-03-16,1223,N21,low,2.0NRT,296.76,5.43,D
-8.16641,18.2661,330.23,0.41,0.37,2025-03-16,1223,N21,nominal,2.0NRT,298.43,2.54,D
-8.16699,18.26241,333.24,0.41,0.37,2025-03-16,1223,N21,nominal,2.0NRT,299.49,3.61,D
-8.20247,17.99024,336.34,0.4,0.37,2025-03-16,1223,N21,nominal,2.0NRT,298.66,2.98,D
-8.52424,15.53169,332.71,0.39,0.36,2025-03-16,1223,N21,nominal,2.0NRT,299.61,4.32,D
-8.16276,17.86906,332.8,0.4,0.37,2025-03-16,1223,N21,nominal,2.0NRT,299.43,3.6,D
-8.51415,15.39623,330.14,0.39,0.36,2025-03-16,1223,N21,nominal,2.0NRT,297.75,2.76,D
-8.51468,15.39266,331.55,0.39,0.36,2025-03-16,1223,N21,nominal,2.0NRT,299.28,2.76,D
-8.4819,15.56486,332.87,0.39,0.36,2025-03-16,1223,N21,low,2.0NRT,300.24,4.16,D
-8.11476,17.8763,330.23,0.4,0.37,2025-03-16,1223,N21,nominal,2.0NRT,299.72,3.09,D
-8.47891,15.44905,338.06,0.39,0.36,2025-03-16,1223,N21,nominal,2.0NRT,300.28,3.8,D
-8.47013,15.4622,332.14,0.39,0.36,2025-03-16,1223,N21,nominal,2.0NRT,298.3,2.97,D
-8.50294,14.91991,337.23,0.4,0.37,2025-03-16,1223,N21,nominal,2.0NRT,299.17,4.65,D
-8.06448,17.71358,340.16,0.4,0.37,2025-03-16,1223,N21,nominal,2.0NRT,303.55,5.54,D
-8.07032,17.54963,331.84,0.39,0.37,2025-03-16,1223,N21,nominal,2.0NRT,295.95,1.61,D
-8.32203,15.85878,338.48,0.39,0.36,2025-03-16,1223,N21,nominal,2.0NRT,296.53,3.28,D
-8.27219,16.05393,333.63,0.39,0.36,2025-03-16,1223,N21,nominal,2.0NRT,298.18,3.78,D
-8.26684,15.54894,333.56,0.39,0.36,2025-03-16,1223,N21,nominal,2.0NRT,294.37,3.77,D
-8.26985,15.3254,334.39,0.39,0.36,2025-03-16,1223,N21,nominal,2.0NRT,296.24,2.74,D
-8.19044,15.76304,333.11,0.39,0.36,2025-03-16,1223,N21,nominal,2.0NRT,294.39,3.11,D
-8.18471,15.73364,331.49,0.39,0.36,2025-03-16,1223,N21,nominal,2.0NRT,295.54,2.11,D
-8.10321,15.55297,348.52,0.39,0.36,2025-03-16,1223,N21,nominal,2.0NRT,306.3,13.05,D
-8.10374,15.54945,339.26,0.39,0.36,2025-03-16,1223,N21,low,2.0NRT,302.27,6.54,D
-8.29324,13.42873,333.12,0.46,0.39,2025-03-16,1223,N21,nominal,2.0NRT,298.19,3.85,D
-7.96459,15.63864,336.65,0.39,0.36,2025-03-16,1223,N21,nominal,2.0NRT,292.1,6.82,D
-6.6443,23.28057,339.4,0.55,0.51,2025-03-16,1223,N21,nominal,2.0NRT,294.25,10.68,D
-8.13301,13.41556,330.4,0.45,0.39,2025-03-16,1223,N21,nominal,2.0NRT,297.2,3.29,D
-6.34632,24.2954,335.54,0.32,0.55,2025-03-16,1223,N21,nominal,2.0NRT,289.37,2.54,D
-7.41925,17.79496,331.47,0.4,0.37,2025-03-16,1223,N21,nominal,2.0NRT,296.07,4.96,D
-6.58907,22.79154,330.41,0.51,0.49,2025-03-16,1223,N21,nominal,2.0NRT,295.65,5.25,D
-6.47124,23.19143,339.32,0.54,0.51,2025-03-16,1223,N21,nominal,2.0NRT,293.29,10.88,D
-7.72252,15.23756,331.58,0.39,0.36,2025-03-16,1223,N21,nominal,2.0NRT,298.6,2.57,D
-8.01264,13.24653,333.4,0.46,0.39,2025-03-16,1223,N21,nominal,2.0NRT,296.24,3.23,D
-6.51207,22.72749,339.05,0.5,0.49,2025-03-16,1223,N21,nominal,2.0NRT,292.85,7.31,D
-6.47545,22.72597,341.84,0.5,0.49,2025-03-16,1223,N21,nominal,2.0NRT,295.6,10.37,D
-6.48029,22.73719,330.81,0.5,0.49,2025-03-16,1223,N21,nominal,2.0NRT,295.31,3.49,D
-6.4728,22.72662,332.43,0.5,0.49,2025-03-16,1223,N21,nominal,2.0NRT,293.65,8.7,D
-6.43458,22.76227,333.63,0.51,0.49,2025-03-16,1223,N21,nominal,2.0NRT,290.21,4.39,D
-6.43236,22.74789,367,0.51,0.49,2025-03-16,1223,N21,high,2.0NRT,294.68,21.14,D
-6.4301,22.76142,337.91,0.51,0.49,2025-03-16,1223,N21,nominal,2.0NRT,293.24,5.91,D
-6.32429,23.05461,334.79,0.53,0.5,2025-03-16,1223,N21,nominal,2.0NRT,292.14,6.11,D
-7.55552,15.39899,331.4,0.39,0.36,2025-03-16,1223,N21,nominal,2.0NRT,299.01,3.19,D
-7.5375,15.42856,333.27,0.39,0.36,2025-03-16,1223,N21,nominal,2.0NRT,300.34,7.67,D
-6.32494,23.0531,338.33,0.53,0.5,2025-03-16,1223,N21,nominal,2.0NRT,292.41,7.93,D
-6.3319,22.64549,334.42,0.5,0.49,2025-03-16,1223,N21,nominal,2.0NRT,295.28,33.79,D
-6.32069,22.6575,339.92,0.5,0.49,2025-03-16,1223,N21,nominal,2.0NRT,291.13,8.33,D
-6.28281,22.60999,339.51,0.5,0.49,2025-03-16,1223,N21,nominal,2.0NRT,292.54,13.39,D
-6.28414,22.61108,340.33,0.5,0.49,2025-03-16,1223,N21,nominal,2.0NRT,294.11,13.21,D
-6.81834,19.11415,332.99,0.46,0.39,2025-03-16,1223,N21,nominal,2.0NRT,290.64,7.2,D
-7.50956,14.54897,331.74,0.41,0.37,2025-03-16,1223,N21,low,2.0NRT,297.75,9.57,D
-7.38783,15.29381,331.38,0.39,0.36,2025-03-16,1223,N21,nominal,2.0NRT,298.29,4.23,D
-7.38836,15.29029,332.46,0.39,0.36,2025-03-16,1223,N21,nominal,2.0NRT,300.73,4.23,D
-7.37652,15.18761,330.05,0.39,0.36,2025-03-16,1223,N21,nominal,2.0NRT,295.3,5.95,D
-7.37705,15.18408,335.91,0.39,0.36,2025-03-16,1223,N21,nominal,2.0NRT,295.96,11.29,D
-7.40466,14.99905,339.98,0.4,0.37,2025-03-16,1223,N21,nominal,2.0NRT,294.4,5.88,D
-7.40519,14.99549,333.24,0.4,0.37,2025-03-16,1223,N21,nominal,2.0NRT,291.8,5.88,D
-7.35336,15.27422,333.88,0.39,0.36,2025-03-16,1223,N21,nominal,2.0NRT,298.47,4.73,D
-7.35388,15.2707,345.58,0.39,0.36,2025-03-16,1223,N21,nominal,2.0NRT,299.5,4.73,D
-7.35153,15.19769,346.85,0.39,0.36,2025-03-16,1223,N21,nominal,2.0NRT,299.57,10.04,D
-7.34393,15.22538,351.91,0.39,0.36,2025-03-16,1223,N21,nominal,2.0NRT,300.88,10.52,D
-6.14586,22.70994,334.5,0.51,0.49,2025-03-16,1223,N21,nominal,2.0NRT,292.22,3.58,D
-7.3654,14.87903,331.14,0.4,0.37,2025-03-16,1223,N21,nominal,2.0NRT,297.59,2.55,D
-7.2801,15.28771,344.62,0.39,0.36,2025-03-16,1223,N21,nominal,2.0NRT,298.87,11.38,D
-6.79762,18.37571,338.94,0.42,0.38,2025-03-16,1223,N21,nominal,2.0NRT,302.51,5.99,D
-7.2509,15.1645,334.58,0.39,0.36,2025-03-16,1223,N21,low,2.0NRT,298.66,7.95,D
-7.18628,15.48086,333.86,0.39,0.36,2025-03-16,1223,N21,nominal,2.0NRT,298.21,6.53,D
-7.18997,15.45648,332.99,0.39,0.36,2025-03-16,1223,N21,nominal,2.0NRT,302.32,25.61,D
-7.18718,15.45249,330.1,0.39,0.36,2025-03-16,1223,N21,nominal,2.0NRT,296.27,25.61,D
-7.18161,15.44451,332.09,0.39,0.36,2025-03-16,1223,N21,nominal,2.0NRT,295.54,2.34,D
-7.27236,14.84297,344.82,0.4,0.37,2025-03-16,1223,N21,nominal,2.0NRT,300.07,8.03,D
-6.06315,22.4419,333.91,0.49,0.49,2025-03-16,1223,N21,nominal,2.0NRT,292.49,4.01,D
-7.13923,15.61265,331.03,0.39,0.36,2025-03-16,1223,N21,nominal,2.0NRT,296.64,2.95,D
-7.44265,13.58241,332.53,0.44,0.38,2025-03-16,1223,N21,low,2.0NRT,299.18,9.72,D
-7.19393,15.22785,334.05,0.39,0.36,2025-03-16,1223,N21,nominal,2.0NRT,299.65,7.96,D
-7.19218,15.21685,331.58,0.39,0.36,2025-03-16,1223,N21,low,2.0NRT,295.75,5.8,D
-6.59194,18.96295,343.46,0.45,0.39,2025-03-16,1223,N21,nominal,2.0NRT,282.98,6.84,D
-7.11229,15.54453,343.6,0.39,0.36,2025-03-16,1223,N21,nominal,2.0NRT,286.15,8.22,D
-7.59169,12.10896,332.47,0.52,0.42,2025-03-16,1223,N21,nominal,2.0NRT,293.12,6.49,D
-7.59231,12.11072,333.64,0.52,0.42,2025-03-16,1223,N21,nominal,2.0NRT,293.11,7.88,D
-7.1386,15.10002,330.97,0.39,0.36,2025-03-16,1223,N21,low,2.0NRT,297.73,4.62,D
-6.52795,18.19378,334.91,0.42,0.38,2025-03-16,1223,N21,nominal,2.0NRT,297.31,4.18,D
-7.06758,14.575,334.09,0.4,0.37,2025-03-16,1223,N21,nominal,2.0NRT,295.87,8.11,D
-6.94515,15.14203,330.21,0.39,0.36,2025-03-16,1223,N21,nominal,2.0NRT,296.92,2.41,D
-7.04914,14.41934,332.82,0.41,0.37,2025-03-16,1223,N21,nominal,2.0NRT,297.78,3.39,D
-7.06668,14.22913,331.92,0.41,0.37,2025-03-16,1223,N21,nominal,2.0NRT,298.13,2.76,D
-6.8614,15.58663,343.12,0.39,0.36,2025-03-16,1223,N21,nominal,2.0NRT,299.88,3.33,D
-6.92474,15.00875,330.86,0.39,0.36,2025-03-16,1223,N21,low,2.0NRT,296.59,8.1,D
-6.91406,14.989,330.62,0.39,0.37,2025-03-16,1223,N21,nominal,2.0NRT,296.78,4.23,D
-6.89054,15.05449,331.48,0.39,0.36,2025-03-16,1223,N21,nominal,2.0NRT,296.8,3.43,D
-7.01942,14.16941,338.64,0.42,0.37,2025-03-16,1223,N21,nominal,2.0NRT,300.04,4.94,D
-6.30872,18.60128,331.39,0.44,0.38,2025-03-16,1223,N21,nominal,2.0NRT,298.04,2.83,D
-6.85562,15.06,333.56,0.39,0.36,2025-03-16,1223,N21,low,2.0NRT,298.17,7.65,D
-6.85615,15.05646,334.55,0.39,0.36,2025-03-16,1223,N21,low,2.0NRT,299.29,7.65,D
-6.84159,15.03981,333.54,0.39,0.36,2025-03-16,1223,N21,nominal,2.0NRT,300.27,14.28,D
-6.30269,18.42487,337.04,0.43,0.38,2025-03-16,1223,N21,nominal,2.0NRT,296.45,3.74,D
-6.24424,18.47914,335.56,0.43,0.38,2025-03-16,1223,N21,nominal,2.0NRT,291.85,11.4,D
-6.8395,14.57769,337.07,0.4,0.37,2025-03-16,1223,N21,nominal,2.0NRT,296.02,5.02,D
-6.74367,15.1039,338.88,0.39,0.36,2025-03-16,1223,N21,nominal,2.0NRT,297.16,4.84,D
-6.18537,18.64663,335.39,0.44,0.38,2025-03-16,1223,N21,nominal,2.0NRT,296.08,15.41,D
-6.18185,18.64613,342.3,0.44,0.38,2025-03-16,1223,N21,nominal,2.0NRT,298.87,15.41,D
-5.95144,19.63693,333.38,0.49,0.41,2025-03-16,1223,N21,nominal,2.0NRT,291.68,4.65,D
-5.53776,22.12194,330.38,0.47,0.48,2025-03-16,1223,N21,nominal,2.0NRT,292.84,4.18,D
-6.08114,18.7772,333.52,0.45,0.39,2025-03-16,1223,N21,nominal,2.0NRT,297.47,3.97,D
-5.95695,19.39153,332.53,0.48,0.4,2025-03-16,1223,N21,nominal,2.0NRT,300.79,7.58,D
-6.09581,18.50371,339.52,0.44,0.38,2025-03-16,1223,N21,nominal,2.0NRT,300.65,8.31,D
-6.10756,18.42993,339.38,0.43,0.38,2025-03-16,1223,N21,nominal,2.0NRT,290.15,4.03,D
-6.09651,18.43203,335.16,0.43,0.38,2025-03-16,1223,N21,nominal,2.0NRT,291.99,3.87,D
-5.926,19.39726,335.2,0.48,0.4,2025-03-16,1223,N21,nominal,2.0NRT,297.79,7.05,D
-6.05937,18.49887,342.35,0.44,0.38,2025-03-16,1223,N21,nominal,2.0NRT,295.2,6.99,D
-5.89997,19.49091,348.1,0.49,0.4,2025-03-16,1223,N21,nominal,2.0NRT,303,30.78,D
-5.89125,19.49831,332.51,0.49,0.4,2025-03-16,1223,N21,nominal,2.0NRT,296.56,6.91,D
-5.83917,19.51688,340.26,0.49,0.4,2025-03-16,1223,N21,nominal,2.0NRT,298.94,7.67,D
-5.83988,19.5125,338.81,0.49,0.4,2025-03-16,1223,N21,nominal,2.0NRT,301.43,8.5,D
-5.79768,19.63241,335.67,0.5,0.41,2025-03-16,1225,N21,nominal,2.0NRT,289.89,4.17,D
-5.82734,19.40371,341.84,0.48,0.4,2025-03-16,1225,N21,nominal,2.0NRT,303.23,28.94,D
-5.99047,18.38067,332.47,0.43,0.38,2025-03-16,1225,N21,nominal,2.0NRT,290.53,5.28,D
-5.8281,19.40043,341.44,0.48,0.4,2025-03-16,1225,N21,nominal,2.0NRT,301.13,32.67,D
-5.28546,22.11749,339.31,0.48,0.48,2025-03-16,1225,N21,nominal,2.0NRT,294.31,11.92,D
-5.28501,22.11796,339.54,0.48,0.48,2025-03-16,1225,N21,nominal,2.0NRT,294.22,11.76,D
-5.71114,19.4048,335.71,0.48,0.4,2025-03-16,1225,N21,nominal,2.0NRT,293.96,4.13,D
-6.54991,13.69698,335.07,0.43,0.38,2025-03-16,1225,N21,nominal,2.0NRT,302.26,7.68,D
-5.2239,22.05144,334.93,0.48,0.48,2025-03-16,1225,N21,nominal,2.0NRT,292.27,6.79,D
-6.33783,14.91045,342.05,0.39,0.36,2025-03-16,1225,N21,nominal,2.0NRT,297.61,9.24,D
-5.22498,21.7782,332.52,0.46,0.47,2025-03-16,1225,N21,nominal,2.0NRT,292.21,3.84,D
-6.26508,15.10132,349.29,0.39,0.36,2025-03-16,1225,N21,nominal,2.0NRT,300.36,9.03,D
-5.2228,21.77522,330.12,0.46,0.47,2025-03-16,1225,N21,nominal,2.0NRT,292.19,3.58,D
-6.03994,16.53561,346.84,0.39,0.36,2025-03-16,1225,N21,nominal,2.0NRT,288.9,23.98,D
-5.69188,18.62416,337.31,0.44,0.39,2025-03-16,1225,N21,nominal,2.0NRT,292.44,6.01,D
-6.56065,12.66172,345.41,0.48,0.4,2025-03-16,1225,N21,nominal,2.0NRT,297.3,13.1,D
-5.10041,21.69754,339.99,0.45,0.47,2025-03-16,1225,N21,nominal,2.0NRT,292.22,11.65,D
-6.33501,13.70499,332.56,0.43,0.38,2025-03-16,1225,N21,low,2.0NRT,296.97,3.25,D
-6.32865,13.70015,341.97,0.43,0.38,2025-03-16,1225,N21,low,2.0NRT,298.11,7.97,D
-6.35556,13.49462,337.68,0.43,0.38,2025-03-16,1225,N21,nominal,2.0NRT,295.13,5.21,D
-4.84358,22.55338,336.5,0.52,0.5,2025-03-16,1225,N21,nominal,2.0NRT,296.38,13.74,D
-4.84431,22.54891,344.43,0.52,0.5,2025-03-16,1225,N21,nominal,2.0NRT,295.43,18.71,D
-4.92407,21.89661,340.33,0.47,0.48,2025-03-16,1225,N21,nominal,2.0NRT,292.03,7.36,D
-6.10266,13.80623,330.93,0.42,0.38,2025-03-16,1225,N21,low,2.0NRT,298.83,3.72,D
-4.82763,21.95934,338.78,0.48,0.48,2025-03-16,1225,N21,nominal,2.0NRT,292.89,3.44,D
-5.54313,17.441,339.2,0.4,0.37,2025-03-16,1225,N21,nominal,2.0NRT,297.43,3.58,D
-6.21907,12.44055,332.26,0.48,0.4,2025-03-16,1225,N21,nominal,2.0NRT,300.62,4.18,D
-4.76577,21.61926,343.17,0.45,0.47,2025-03-16,1225,N21,nominal,2.0NRT,293.38,9.89,D
-5.3664,17.65391,332.66,0.41,0.37,2025-03-16,1225,N21,nominal,2.0NRT,291.79,3.4,D
-5.38162,17.42402,333.43,0.41,0.37,2025-03-16,1225,N21,nominal,2.0NRT,297.08,3.18,D
-5.86235,14.1916,333.67,0.41,0.37,2025-03-16,1225,N21,nominal,2.0NRT,291.77,4.84,D
-5.38385,17.26448,335.12,0.4,0.37,2025-03-16,1225,N21,nominal,2.0NRT,295.41,6.66,D
-4.68766,21.37871,340.33,0.44,0.46,2025-03-16,1225,N21,nominal,2.0NRT,294.49,10.96,D
-5.2984,17.43683,331.12,0.41,0.37,2025-03-16,1225,N21,nominal,2.0NRT,294.76,2.89,D
-4.64099,21.50434,338.11,0.45,0.47,2025-03-16,1225,N21,nominal,2.0NRT,290.34,4.48,D
-5.65253,14.94878,334.73,0.39,0.36,2025-03-16,1225,N21,nominal,2.0NRT,299.52,4.36,D
-4.61012,21.48335,339.23,0.45,0.47,2025-03-16,1225,N21,nominal,2.0NRT,291.86,4.45,D
-5.22719,16.60248,330.3,0.39,0.36,2025-03-16,1225,N21,nominal,2.0NRT,294.32,2.09,D
-5.22761,16.57772,332.99,0.39,0.36,2025-03-16,1225,N21,nominal,2.0NRT,297.55,2.92,D
-5.22675,16.5171,334.88,0.39,0.36,2025-03-16,1225,N21,nominal,2.0NRT,297.36,7.34,D
-5.85197,12.28806,333.92,0.49,0.4,2025-03-16,1225,N21,low,2.0NRT,297.46,6.56,D
-5.22272,16.47724,330.87,0.39,0.36,2025-03-16,1225,N21,nominal,2.0NRT,292.9,2.72,D
-5.19862,16.52345,340.11,0.39,0.36,2025-03-16,1225,N21,nominal,2.0NRT,296.17,5.04,D
-5.20076,16.50959,331.51,0.39,0.36,2025-03-16,1225,N21,nominal,2.0NRT,296.34,4.91,D
-5.19039,16.53217,331.01,0.39,0.36,2025-03-16,1225,N21,nominal,2.0NRT,296.1,6.01,D
-5.19092,16.52871,338.71,0.39,0.36,2025-03-16,1225,N21,nominal,2.0NRT,296.84,9.55,D
-5.17789,16.56954,331.81,0.39,0.36,2025-03-16,1225,N21,nominal,2.0NRT,297.45,2.5,D
-5.18855,16.49983,337.37,0.39,0.36,2025-03-16,1225,N21,nominal,2.0NRT,296.29,3.39,D
-5.16225,16.5386,333.14,0.39,0.36,2025-03-16,1225,N21,nominal,2.0NRT,297.47,4.49,D
-5.06187,16.9692,330.98,0.4,0.37,2025-03-16,1225,N21,nominal,2.0NRT,290.36,2.27,D
-5.12415,16.54338,331.33,0.39,0.36,2025-03-16,1225,N21,nominal,2.0NRT,297.78,6.91,D
-5.0628,16.89677,331.26,0.39,0.37,2025-03-16,1225,N21,nominal,2.0NRT,294.09,4.84,D
-5.06335,16.89321,332.09,0.39,0.37,2025-03-16,1225,N21,nominal,2.0NRT,294.75,4.84,D
-4.42352,20.84543,333.09,0.41,0.45,2025-03-16,1225,N21,nominal,2.0NRT,294.28,4.11,D
-5.04943,16.89472,331.25,0.39,0.37,2025-03-16,1225,N21,nominal,2.0NRT,296.34,5.74,D
-5.10279,16.4617,343.26,0.39,0.36,2025-03-16,1225,N21,nominal,2.0NRT,297.24,12.45,D
-5.09077,16.49555,334.3,0.39,0.36,2025-03-16,1225,N21,nominal,2.0NRT,297.21,5.85,D
-5.25384,15.42976,341.01,0.38,0.36,2025-03-16,1225,N21,nominal,2.0NRT,297.43,3.34,D
-5.03702,16.82298,331.83,0.39,0.36,2025-03-16,1225,N21,nominal,2.0NRT,292.97,3,D
-5.19949,15.73748,344.23,0.38,0.36,2025-03-16,1225,N21,nominal,2.0NRT,297.03,9.56,D
-5.11002,16.23488,334.01,0.39,0.36,2025-03-16,1225,N21,nominal,2.0NRT,296.29,7.24,D
-4.41062,20.71682,337.25,0.4,0.44,2025-03-16,1225,N21,nominal,2.0NRT,297.15,5.87,D
-5.06518,16.48367,330,0.39,0.36,2025-03-16,1225,N21,nominal,2.0NRT,292.15,1.22,D
-4.42038,20.57682,336.98,0.39,0.44,2025-03-16,1225,N21,nominal,2.0NRT,294.73,3.19,D
-5.20715,15.44295,341.83,0.38,0.36,2025-03-16,1225,N21,nominal,2.0NRT,299.68,6.97,D
-5.1494,15.80027,331.38,0.38,0.36,2025-03-16,1225,N21,nominal,2.0NRT,295.72,3.34,D
-5.04252,16.47647,343.86,0.39,0.36,2025-03-16,1225,N21,nominal,2.0NRT,290.32,8.77,D
-5.02891,16.52091,332.35,0.39,0.36,2025-03-16,1225,N21,nominal,2.0NRT,296.71,4.95,D
-5.01865,16.56555,335.52,0.39,0.36,2025-03-16,1225,N21,nominal,2.0NRT,297.02,3.23,D
-5.02131,16.54825,334.36,0.39,0.36,2025-03-16,1225,N21,nominal,2.0NRT,302.23,26.47,D
-5.19222,15.43011,339.88,0.38,0.36,2025-03-16,1225,N21,nominal,2.0NRT,299.24,10.72,D
-5.01565,16.51876,332.97,0.39,0.36,2025-03-16,1225,N21,nominal,2.0NRT,294.31,3.78,D
-5.01234,16.51825,332.98,0.39,0.36,2025-03-16,1225,N21,nominal,2.0NRT,295.01,3.78,D
-5.18685,15.37644,331.76,0.39,0.36,2025-03-16,1225,N21,nominal,2.0NRT,297.61,9.31,D
-5.00363,16.5527,332.17,0.39,0.36,2025-03-16,1225,N21,nominal,2.0NRT,297.37,2.16,D
-4.94329,16.92115,331.82,0.4,0.37,2025-03-16,1225,N21,nominal,2.0NRT,295.83,2.33,D
-4.99763,16.56959,339.03,0.39,0.36,2025-03-16,1225,N21,nominal,2.0NRT,296.39,8.36,D
-5.00246,16.53827,332.77,0.39,0.36,2025-03-16,1225,N21,nominal,2.0NRT,297.5,1.76,D
-5.13318,15.68516,331.56,0.38,0.36,2025-03-16,1225,N21,nominal,2.0NRT,297.22,3.36,D
-5.13997,15.64052,342.97,0.38,0.36,2025-03-16,1225,N21,nominal,2.0NRT,299.43,5.58,D
-4.99431,16.56905,339.73,0.39,0.36,2025-03-16,1225,N21,nominal,2.0NRT,299.45,17.3,D
-4.93853,16.7755,341.55,0.39,0.36,2025-03-16,1225,N21,nominal,2.0NRT,300.28,5.88,D
-4.97311,16.53017,332.06,0.39,0.36,2025-03-16,1225,N21,nominal,2.0NRT,298.23,7.92,D
-4.33534,20.50659,334.31,0.39,0.44,2025-03-16,1225,N21,nominal,2.0NRT,293.57,7.83,D
-4.84999,17.19937,332.51,0.4,0.37,2025-03-16,1225,N21,nominal,2.0NRT,295,3,D
-5.05683,15.78249,330.28,0.38,0.36,2025-03-16,1225,N21,nominal,2.0NRT,296.94,2.41,D
-4.9654,16.33657,346.18,0.39,0.36,2025-03-16,1225,N21,nominal,2.0NRT,301,11.1,D
-5.13354,15.23408,331.81,0.39,0.36,2025-03-16,1225,N21,nominal,2.0NRT,297.62,1.6,D
-5.03997,15.80455,344.51,0.38,0.36,2025-03-16,1225,N21,nominal,2.0NRT,300.07,4.54,D
-4.89115,16.62096,334.13,0.39,0.36,2025-03-16,1225,N21,low,2.0NRT,308.69,9.38,D
-5.03734,15.66698,331.63,0.38,0.36,2025-03-16,1225,N21,nominal,2.0NRT,297.48,7.57,D
-5.03787,15.66354,353.27,0.38,0.36,2025-03-16,1225,N21,nominal,2.0NRT,299.69,11.93,D
-5.07658,15.40898,338.69,0.38,0.36,2025-03-16,1225,N21,nominal,2.0NRT,296.37,4.71,D
-5.08792,15.31198,331.27,0.39,0.36,2025-03-16,1225,N21,nominal,2.0NRT,296.51,2.42,D
-5.01073,15.70869,337.73,0.38,0.36,2025-03-16,1225,N21,nominal,2.0NRT,301.32,6.39,D
-4.85318,16.7124,333.08,0.39,0.36,2025-03-16,1225,N21,nominal,2.0NRT,285.93,5.48,D
-4.88783,16.48822,337.72,0.39,0.36,2025-03-16,1225,N21,nominal,2.0NRT,298.19,19.26,D
-4.7741,17.13278,332.91,0.4,0.37,2025-03-16,1225,N21,nominal,2.0NRT,292.71,5.38,D
-5.46649,12.31699,332.56,0.48,0.4,2025-03-16,1225,N21,low,2.0NRT,294.18,5.43,D
-4.91281,15.85813,337.11,0.38,0.36,2025-03-16,1225,N21,nominal,2.0NRT,296.57,1.94,D
-4.77407,16.54171,333.51,0.39,0.36,2025-03-16,1225,N21,nominal,2.0NRT,297.81,8.67,D
-4.8643,15.91055,330.49,0.38,0.36,2025-03-16,1225,N21,nominal,2.0NRT,298.97,3.14,D
-4.10864,20.65009,341.58,0.4,0.44,2025-03-16,1225,N21,nominal,2.0NRT,295.11,10.2,D
-4.76836,16.49063,340.31,0.39,0.36,2025-03-16,1225,N21,nominal,2.0NRT,297.01,5.17,D
-4.87604,15.71819,337.16,0.38,0.36,2025-03-16,1225,N21,nominal,2.0NRT,299.78,6.71,D
-4.10823,20.64956,340.34,0.4,0.44,2025-03-16,1225,N21,nominal,2.0NRT,294.81,11.2,D
-4.84689,15.86499,332.92,0.38,0.36,2025-03-16,1225,N21,nominal,2.0NRT,297.73,1.94,D
-4.77244,16.33035,335.62,0.39,0.36,2025-03-16,1225,N21,nominal,2.0NRT,303.7,4.66,D
-4.84359,15.86449,339.78,0.38,0.36,2025-03-16,1225,N21,nominal,2.0NRT,298.47,3.27,D
-4.85958,15.71572,332.61,0.38,0.36,2025-03-16,1225,N21,nominal,2.0NRT,297.85,2.38,D
-4.8229,15.88948,343.38,0.38,0.36,2025-03-16,1225,N21,nominal,2.0NRT,302.44,4.91,D
-4.82342,15.88604,337.19,0.38,0.36,2025-03-16,1225,N21,nominal,2.0NRT,303.56,4.91,D
-4.00752,21.10054,338.43,0.43,0.46,2025-03-16,1225,N21,nominal,2.0NRT,292.88,2.66,D
-4.71625,16.56431,332.38,0.39,0.36,2025-03-16,1225,N21,nominal,2.0NRT,297.11,6.78,D
-4.82013,15.88554,342.36,0.38,0.36,2025-03-16,1225,N21,nominal,2.0NRT,304.57,6.24,D
-4.72097,16.51139,333.5,0.39,0.36,2025-03-16,1225,N21,nominal,2.0NRT,296.87,8.41,D
-4.7182,16.50731,336.34,0.39,0.36,2025-03-16,1225,N21,nominal,2.0NRT,296.45,5.69,D
-4.70931,16.4988,344.78,0.39,0.36,2025-03-16,1225,N21,nominal,2.0NRT,293.15,4.08,D
-4.85799,15.50444,336.48,0.38,0.36,2025-03-16,1225,N21,nominal,2.0NRT,297.87,8.57,D
-4.80338,15.61923,335.28,0.38,0.36,2025-03-16,1225,N21,nominal,2.0NRT,298.87,7.69,D
-4.76152,15.82736,348.82,0.38,0.36,2025-03-16,1225,N21,nominal,2.0NRT,302.61,11.97,D
-4.76654,15.72241,334.28,0.38,0.36,2025-03-16,1225,N21,nominal,2.0NRT,299.88,6.19,D
-4.76706,15.71897,333.53,0.38,0.36,2025-03-16,1225,N21,nominal,2.0NRT,301.14,4.38,D
-4.76099,15.71454,336.7,0.38,0.36,2025-03-16,1225,N21,nominal,2.0NRT,301.71,3.83,D
-4.73514,15.8618,333.64,0.38,0.36,2025-03-16,1225,N21,nominal,2.0NRT,298.61,3.14,D
-4.7523,15.72728,345.35,0.38,0.36,2025-03-16,1225,N21,nominal,2.0NRT,299.06,8.6,D
-4.76386,15.65169,332.22,0.38,0.36,2025-03-16,1225,N21,nominal,2.0NRT,298.42,2.25,D
-4.83551,15.09175,331.68,0.39,0.36,2025-03-16,1225,N21,nominal,2.0NRT,297.89,3.15,D
-4.7002,15.89168,345.86,0.38,0.36,2025-03-16,1225,N21,nominal,2.0NRT,299.95,6.35,D
-4.71385,15.80228,339.65,0.38,0.36,2025-03-16,1225,N21,nominal,2.0NRT,301.94,15.42,D
-4.6969,15.89118,331.52,0.38,0.36,2025-03-16,1225,N21,nominal,2.0NRT,298.52,3.43,D
-4.67739,15.93043,333.6,0.38,0.36,2025-03-16,1225,N21,nominal,2.0NRT,299.6,5.22,D
-4.57538,16.50693,331.7,0.39,0.36,2025-03-16,1225,N21,nominal,2.0NRT,288.79,8.39,D
-4.74337,15.34251,332.45,0.38,0.36,2025-03-16,1225,N21,nominal,2.0NRT,298.18,2.52,D
-4.65415,15.9058,331.68,0.38,0.36,2025-03-16,1225,N21,nominal,2.0NRT,295.13,2.57,D
-4.64533,15.82622,331.8,0.38,0.36,2025-03-16,1225,N21,nominal,2.0NRT,299.42,2.82,D
-4.57875,16.21836,335.27,0.39,0.36,2025-03-16,1225,N21,nominal,2.0NRT,298.53,4.08,D
-4.57927,16.21491,331.94,0.39,0.36,2025-03-16,1225,N21,nominal,2.0NRT,294.61,4.08,D
-4.75326,15.02901,338.19,0.39,0.36,2025-03-16,1225,N21,low,2.0NRT,297.27,7.51,D
-4.59067,15.94111,332,0.38,0.36,2025-03-16,1225,N21,nominal,2.0NRT,297.26,2.05,D
-4.59833,15.78039,338.22,0.38,0.36,2025-03-16,1225,N21,nominal,2.0NRT,299.18,10.64,D
-4.55433,15.84756,330.63,0.38,0.36,2025-03-16,1225,N21,nominal,2.0NRT,300.25,3.45,D
-4.5717,15.66743,333.34,0.38,0.36,2025-03-16,1225,N21,nominal,2.0NRT,299.92,22.37,D
-4.67941,14.95757,331.61,0.39,0.36,2025-03-16,1225,N21,nominal,2.0NRT,296.11,2.59,D
-4.52044,15.95863,338.19,0.39,0.36,2025-03-16,1225,N21,nominal,2.0NRT,299.37,3.42,D
-5.09691,12.07968,331.47,0.49,0.4,2025-03-16,1225,N21,low,2.0NRT,295.49,5.79,D
-4.51214,15.96355,335.49,0.39,0.36,2025-03-16,1225,N21,nominal,2.0NRT,299.66,6.98,D
-4.56971,15.56426,338.69,0.38,0.36,2025-03-16,1225,N21,nominal,2.0NRT,300.17,13.16,D
-4.56779,15.53235,333.5,0.38,0.36,2025-03-16,1225,N21,nominal,2.0NRT,299.37,3.84,D
-4.56831,15.52891,335.84,0.38,0.36,2025-03-16,1225,N21,nominal,2.0NRT,297.63,3.84,D
-4.51956,15.69376,341.84,0.38,0.36,2025-03-16,1225,N21,nominal,2.0NRT,299.29,8.01,D
-4.45694,15.92694,332.42,0.38,0.36,2025-03-16,1225,N21,nominal,2.0NRT,299.34,1.62,D
-4.48867,15.67505,332.61,0.38,0.36,2025-03-16,1225,N21,nominal,2.0NRT,297.66,2.98,D
-4.49392,15.64068,346.68,0.38,0.36,2025-03-16,1225,N21,nominal,2.0NRT,299.83,8.44,D
-4.45494,15.87379,332.41,0.38,0.36,2025-03-16,1225,N21,nominal,2.0NRT,298.05,7.58,D
-4.45546,15.87035,346.75,0.38,0.36,2025-03-16,1225,N21,nominal,2.0NRT,301.84,7.58,D
-4.46402,15.6818,333.27,0.38,0.36,2025-03-16,1225,N21,nominal,2.0NRT,298.56,5.31,D
-4.42442,15.84792,336.3,0.38,0.36,2025-03-16,1225,N21,nominal,2.0NRT,300.95,3.85,D
-4.40312,15.94328,337.08,0.39,0.36,2025-03-16,1225,N21,nominal,2.0NRT,297.4,2.03,D
-4.4556,15.59959,333.96,0.38,0.36,2025-03-16,1225,N21,nominal,2.0NRT,297.12,2.52,D
-4.4854,15.40373,331.83,0.38,0.36,2025-03-16,1225,N21,nominal,2.0NRT,297.79,1.93,D
-4.44344,15.59071,330.55,0.38,0.36,2025-03-16,1225,N21,nominal,2.0NRT,298.45,2.39,D
-4.17179,16.8511,327.74,0.4,0.37,2025-03-16,1225,N21,nominal,2.0NRT,286.62,4.19,D
-4.32429,15.76847,330.41,0.38,0.36,2025-03-16,1225,N21,nominal,2.0NRT,298.98,2.79,D
-4.88772,11.90833,329.37,0.5,0.41,2025-03-16,1225,N21,nominal,2.0NRT,295.61,5.7,D
-4.15326,16.70968,345.74,0.4,0.37,2025-03-16,1225,N21,nominal,2.0NRT,290.96,7.54,D
-4.85998,12.0177,337.88,0.49,0.4,2025-03-16,1225,N21,low,2.0NRT,298.63,10.45,D
-4.85106,11.97579,343.12,0.49,0.41,2025-03-16,1225,N21,low,2.0NRT,298.07,10.09,D
-4.92339,11.38049,341.36,0.53,0.42,2025-03-16,1225,N21,nominal,2.0NRT,294.3,15.08,D
-4.09941,16.77037,331.07,0.4,0.37,2025-03-16,1225,N21,nominal,2.0NRT,290.45,3.05,D
-4.81568,11.9845,336.63,0.49,0.41,2025-03-16,1225,N21,low,2.0NRT,299.93,10.35,D
-4.05841,16.99059,327.15,0.4,0.37,2025-03-16,1225,N21,nominal,2.0NRT,285.99,2.72,D
-4.10514,16.62274,326.12,0.39,0.36,2025-03-16,1225,N21,nominal,2.0NRT,286.68,3.04,D
-4.23122,15.15595,336.9,0.39,0.36,2025-03-16,1225,N21,nominal,2.0NRT,300.76,3.85,D
-4.00116,16.59182,334.03,0.39,0.36,2025-03-16,1225,N21,nominal,2.0NRT,297.71,9.76,D
-4.08722,15.38722,336.3,0.38,0.36,2025-03-16,1225,N21,nominal,2.0NRT,304.52,4.82,D
-4.09594,15.30772,338.43,0.38,0.36,2025-03-16,1225,N21,nominal,2.0NRT,302.91,3.5,D
-4.08379,15.29883,346.39,0.38,0.36,2025-03-16,1225,N21,nominal,2.0NRT,302.61,9.26,D
-4.07318,15.34645,338.06,0.38,0.36,2025-03-16,1225,N21,nominal,2.0NRT,301.76,13.77,D
-4.07997,15.30177,354.38,0.38,0.36,2025-03-16,1225,N21,nominal,2.0NRT,303.73,10.48,D
-4.08571,15.26397,332.62,0.38,0.36,2025-03-16,1225,N21,nominal,2.0NRT,301.13,5.28,D
-4.08675,15.25711,331.72,0.38,0.36,2025-03-16,1225,N21,nominal,2.0NRT,300.8,7.95,D
-4.08293,15.26005,367,0.38,0.36,2025-03-16,1225,N21,high,2.0NRT,305.14,7.95,D
-4.08345,15.25662,354.67,0.38,0.36,2025-03-16,1225,N21,nominal,2.0NRT,302.69,7.95,D
-4.04105,15.24234,336.72,0.38,0.36,2025-03-16,1225,N21,nominal,2.0NRT,300.91,5.3,D
-4.03775,15.24184,336.37,0.38,0.36,2025-03-16,1225,N21,nominal,2.0NRT,299.42,5.3,D
-4.01413,15.2418,331.7,0.38,0.36,2025-03-16,1225,N21,nominal,2.0NRT,298.24,3.86,D
-4.52691,11.54998,337.61,0.52,0.41,2025-03-16,1225,N21,nominal,2.0NRT,292.69,22.61,D
-4.51955,11.41696,343.31,0.53,0.42,2025-03-16,1225,N21,nominal,2.0NRT,292.71,6.63,D
-4.12044,13.90946,332.55,0.4,0.37,2025-03-16,1225,N21,nominal,2.0NRT,297.81,6.25,D
-4.07953,13.55224,346.92,0.41,0.37,2025-03-16,1225,N21,low,2.0NRT,300.57,23.7,D
-21.49813,46.76605,298.37,0.46,0.39,2025-03-16,2153,N21,nominal,2.0NRT,287.78,0.93,N
-21.49911,46.76273,299.96,0.46,0.39,2025-03-16,2153,N21,nominal,2.0NRT,288.14,1.16,N
-21.49991,46.76723,301.91,0.46,0.39,2025-03-16,2153,N21,nominal,2.0NRT,288.17,1.33,N
-33.90089,25.61987,299.38,0.48,0.4,2025-03-16,2335,N21,nominal,2.0NRT,288.03,0.35,N
-33.97776,19.28417,303.54,0.41,0.37,2025-03-16,2335,N21,nominal,2.0NRT,284.38,1.01,N
-33.96976,18.58125,312.68,0.42,0.38,2025-03-16,2335,N21,nominal,2.0NRT,289.55,1.38,N
-12.65995,28.10446,303.67,0.4,0.37,2025-03-16,2329,N21,nominal,2.0NRT,288.1,1.37,N
-13.20248,28.68651,298.07,0.41,0.37,2025-03-16,2329,N21,nominal,2.0NRT,287.63,0.25,N
-14.46111,28.43663,300.97,0.42,0.37,2025-03-16,2329,N21,nominal,2.0NRT,290.01,0.52,N
-14.49313,28.46311,326.43,0.42,0.37,2025-03-16,2329,N21,nominal,2.0NRT,291.92,3.82,N
-14.71111,26.80853,299.51,0.39,0.36,2025-03-16,2329,N21,nominal,2.0NRT,288.27,0.31,N
-15.12124,28.21231,300.41,0.41,0.37,2025-03-16,2329,N21,nominal,2.0NRT,289.15,0.5,N
-15.54654,28.27065,300.7,0.42,0.38,2025-03-16,2329,N21,nominal,2.0NRT,289.09,0.77,N
-17.29858,24.1418,339.36,0.4,0.37,2025-03-16,2331,N21,nominal,2.0NRT,301.43,19.19,N
-17.30195,24.14121,308.85,0.4,0.37,2025-03-16,2331,N21,nominal,2.0NRT,291.02,19.19,N
-18.33237,26.63256,306.41,0.39,0.36,2025-03-16,2331,N21,nominal,2.0NRT,294.16,0.83,N
-18.3603,26.65841,319.87,0.39,0.36,2025-03-16,2331,N21,nominal,2.0NRT,293.54,1.98,N
-18.36086,26.66213,313.83,0.39,0.36,2025-03-16,2331,N21,nominal,2.0NRT,293.29,1.2,N
-18.36142,26.66583,306.94,0.39,0.37,2025-03-16,2331,N21,nominal,2.0NRT,292.92,1.2,N
-18.36477,26.66531,304.83,0.39,0.37,2025-03-16,2331,N21,nominal,2.0NRT,292.93,1.2,N
-18.35086,26.42086,312.15,0.39,0.36,2025-03-16,2331,N21,nominal,2.0NRT,291.5,1.03,N
-18.36586,26.47506,310.04,0.39,0.36,2025-03-16,2331,N21,nominal,2.0NRT,292.82,1.85,N
-18.36641,26.47875,314.81,0.39,0.36,2025-03-16,2331,N21,nominal,2.0NRT,294.08,5.27,N
-18.36975,26.47819,344.99,0.39,0.36,2025-03-16,2331,N21,nominal,2.0NRT,304.01,5.27,N
-18.36531,26.44865,306.11,0.39,0.36,2025-03-16,2331,N21,nominal,2.0NRT,294.5,1.17,N
-18.36586,26.45234,312.14,0.39,0.36,2025-03-16,2331,N21,nominal,2.0NRT,294.64,1.17,N
-18.3692,26.47449,311.28,0.39,0.36,2025-03-16,2331,N21,nominal,2.0NRT,292.89,1.85,N
-18.37309,26.47762,311.99,0.39,0.36,2025-03-16,2331,N21,nominal,2.0NRT,293.15,1.38,N
-18.37254,26.45122,339.06,0.39,0.36,2025-03-16,2331,N21,nominal,2.0NRT,297.42,6.46,N
-18.4048,26.50628,303.23,0.39,0.36,2025-03-16,2331,N21,nominal,2.0NRT,291.69,0.59,N
-18.40981,26.49411,304.94,0.39,0.36,2025-03-16,2331,N21,nominal,2.0NRT,292.12,0.67,N
-18.42931,26.50981,337.69,0.39,0.36,2025-03-16,2331,N21,nominal,2.0NRT,295.51,4.13,N
-18.42261,26.46553,305.57,0.39,0.36,2025-03-16,2331,N21,nominal,2.0NRT,291.85,0.86,N
-18.42987,26.51354,309.58,0.39,0.36,2025-03-16,2331,N21,nominal,2.0NRT,292.43,1.67,N
-18.42316,26.42392,304.36,0.39,0.36,2025-03-16,2331,N21,nominal,2.0NRT,293.34,1.02,N
-18.44047,26.51565,305.76,0.39,0.36,2025-03-16,2331,N21,nominal,2.0NRT,292.92,1.17,N
-18.44325,26.51138,313.8,0.39,0.36,2025-03-16,2331,N21,nominal,2.0NRT,293.7,1.17,N
-18.44381,26.5151,304.7,0.39,0.36,2025-03-16,2331,N21,nominal,2.0NRT,292.62,1.17,N
-18.44494,26.52252,309.36,0.39,0.36,2025-03-16,2331,N21,nominal,2.0NRT,294.57,1.64,N
-18.44155,26.47755,318.34,0.39,0.36,2025-03-16,2331,N21,nominal,2.0NRT,293.58,3.03,N
-18.51131,26.24376,303.09,0.39,0.36,2025-03-16,2331,N21,nominal,2.0NRT,292.58,0.53,N
-21.74671,35.06021,300.27,0.41,0.61,2025-03-16,2331,N21,nominal,2.0NRT,288.57,0.63,N
-20.77389,15.7281,308.54,0.34,0.56,2025-03-16,2331,N21,nominal,2.0NRT,266.83,0.13,N
-20.92885,13.5979,301.52,0.45,0.63,2025-03-16,2331,N21,nominal,2.0NRT,285.26,0.06,N
-24.05216,25.88649,299.1,0.41,0.37,2025-03-16,2333,N21,nominal,2.0NRT,286.22,0.5,N
-26.81133,32.33646,295.4,0.63,0.54,2025-03-16,2333,N21,nominal,2.0NRT,262.53,0.74,N
-26.17361,22.48507,307.2,0.39,0.36,2025-03-16,2333,N21,nominal,2.0NRT,290.4,0.07,N
-29.71405,30.61213,299.95,0.53,0.5,2025-03-16,2333,N21,nominal,2.0NRT,285.09,1,N
-30.67555,30.34237,307.85,0.52,0.5,2025-03-16,2333,N21,nominal,2.0NRT,283.44,1.15,N
-30.67445,30.34615,301.89,0.52,0.5,2025-03-16,2333,N21,nominal,2.0NRT,285.63,1.14,N
-31.32235,29.93683,305.93,0.5,0.49,2025-03-16,2333,N21,nominal,2.0NRT,286.57,1.04,N
-31.3269,29.93627,298.78,0.5,0.49,2025-03-16,2333,N21,nominal,2.0NRT,286.6,1.04,N
-32.30428,19.16593,336.68,0.42,0.38,2025-03-16,2335,N21,nominal,2.0NRT,293.05,8.3,N
-32.30124,19.14891,318.28,0.42,0.38,2025-03-16,2335,N21,nominal,2.0NRT,289.5,1.55,N
-32.3047,19.1481,312.66,0.42,0.38,2025-03-16,2335,N21,nominal,2.0NRT,290.09,1.2,N
-32.30545,19.15232,318.69,0.42,0.38,2025-03-16,2335,N21,nominal,2.0NRT,290.47,1.2,N
-32.30621,19.15657,305.55,0.42,0.38,2025-03-16,2335,N21,nominal,2.0NRT,290.45,1.3,N
-32.30773,19.1651,314.79,0.42,0.38,2025-03-16,2335,N21,nominal,2.0NRT,291.08,3.44,N
-32.3093,19.17389,306.64,0.42,0.38,2025-03-16,2335,N21,nominal,2.0NRT,290.18,1.43,N
-32.31117,19.16423,344.78,0.42,0.38,2025-03-16,2335,N21,nominal,2.0NRT,294.12,3.44,N
-32.31279,19.17327,320.76,0.42,0.38,2025-03-16,2335,N21,nominal,2.0NRT,291.31,1.43,N
-32.30815,19.14725,299.98,0.42,0.38,2025-03-16,2335,N21,nominal,2.0NRT,289.55,1.2,N
-32.31197,19.16871,311.21,0.42,0.38,2025-03-16,2335,N21,nominal,2.0NRT,291.21,3.44,N
-32.31362,19.17785,305.9,0.42,0.38,2025-03-16,2335,N21,nominal,2.0NRT,290.57,1.43,N
-32.31712,19.17729,313.82,0.42,0.38,2025-03-16,2335,N21,nominal,2.0NRT,290.23,1.96,N
-32.31791,19.18173,309.61,0.42,0.38,2025-03-16,2335,N21,nominal,2.0NRT,290.33,1.15,N
-32.31351,19.13694,300.76,0.42,0.38,2025-03-16,2335,N21,nominal,2.0NRT,290.36,1.7,N
-32.31622,19.13194,297.78,0.42,0.38,2025-03-16,2335,N21,nominal,2.0NRT,287.56,0.51,N
-32.31697,19.13613,303.33,0.42,0.38,2025-03-16,2335,N21,nominal,2.0NRT,288.93,1.13,N
-32.32042,19.13529,310.69,0.42,0.38,2025-03-16,2335,N21,nominal,2.0NRT,288.68,1.13,N
-32.33337,19.12712,312.19,0.42,0.38,2025-03-16,2335,N21,nominal,2.0NRT,288.81,1.1,N
-32.34192,19.11453,321.13,0.42,0.38,2025-03-16,2335,N21,nominal,2.0NRT,290.17,2.16,N
-32.3411,19.1099,315.98,0.42,0.38,2025-03-16,2335,N21,nominal,2.0NRT,288.9,2.16,N
-8.33643,36.69659,304.59,0.36,0.57,2025-03-16,2329,N21,nominal,2.0NRT,285.51,0.81,N
-4.86355,12.02455,322.84,0.36,0.57,2025-03-17,0107,N21,nominal,2.0NRT,250.01,4.35,N
-4.93213,12.09184,343.24,0.36,0.57,2025-03-17,0107,N21,nominal,2.0NRT,259.8,6.75,N
-4.93738,12.09106,320.06,0.36,0.57,2025-03-17,0107,N21,nominal,2.0NRT,259.36,3.2,N
-7.84654,12.1047,299.31,0.4,0.6,2025-03-17,0109,N21,nominal,2.0NRT,284.5,0.92,N
-7.84701,12.10828,302.21,0.4,0.6,2025-03-17,0109,N21,nominal,2.0NRT,284.48,0.92,N
-21.14857,46.55321,332.95,0.45,0.39,2025-03-17,1019,N21,nominal,2.0NRT,300.74,3.55,D
-21.25001,44.37976,332.16,0.39,0.44,2025-03-17,1019,N21,nominal,2.0NRT,298.65,2.22,D
-19.94342,45.80347,338.33,0.47,0.4,2025-03-17,1019,N21,nominal,2.0NRT,303.76,13.05,D
-19.59196,46.7024,331.56,0.43,0.38,2025-03-17,1019,N21,nominal,2.0NRT,297.01,2.56,D
-18.77328,49.12049,339.02,0.38,0.36,2025-03-17,1019,N21,nominal,2.0NRT,298.32,2.93,D
-18.43836,49.30889,341.67,0.38,0.36,2025-03-17,1019,N21,nominal,2.0NRT,301.59,7.15,D
-18.43505,49.30833,340.12,0.38,0.36,2025-03-17,1019,N21,nominal,2.0NRT,301.12,7.7,D
-18.43561,49.3047,346.76,0.38,0.36,2025-03-17,1019,N21,nominal,2.0NRT,300.84,3.8,D
-18.43229,49.30413,335.88,0.38,0.36,2025-03-17,1019,N21,nominal,2.0NRT,296.71,3.8,D
-16.97031,45.84329,332.66,0.44,0.38,2025-03-17,1021,N21,nominal,2.0NRT,299.26,2.58,D
-16.12812,45.95658,340.87,0.43,0.38,2025-03-17,1021,N21,nominal,2.0NRT,297.48,4.99,D
-15.45031,47.68815,333.01,0.39,0.36,2025-03-17,1021,N21,nominal,2.0NRT,298.83,7.71,D
-15.45084,47.68456,337.2,0.39,0.36,2025-03-17,1021,N21,nominal,2.0NRT,298.05,6.88,D
-15.42963,47.75821,336.47,0.39,0.36,2025-03-17,1021,N21,nominal,2.0NRT,301.09,5.55,D
-14.06405,49.27143,331.69,0.4,0.37,2025-03-17,1021,N21,nominal,2.0NRT,294.44,3.33,D
-14.07091,48.74922,332.76,0.39,0.36,2025-03-17,1021,N21,nominal,2.0NRT,295.18,6.37,D
-13.77264,49.36589,331.86,0.4,0.37,2025-03-17,1021,N21,nominal,2.0NRT,297,4.57,D
-8.4331,35.63144,327.14,0.5,0.66,2025-03-17,1024,N21,nominal,2.0NRT,288.95,6.37,D
-8.26758,35.73797,327.07,0.49,0.65,2025-03-17,1024,N21,nominal,2.0NRT,287.73,9.69,D
-7.59852,36.97313,340.97,0.39,0.59,2025-03-17,1024,N21,nominal,2.0NRT,291.79,7.02,D
-7.50811,36.93314,334.5,0.39,0.6,2025-03-17,1024,N21,nominal,2.0NRT,290.65,3.34,D
-7.4957,36.98335,328.59,0.39,0.59,2025-03-17,1024,N21,nominal,2.0NRT,292.39,8.29,D
-7.49615,36.98002,354.32,0.39,0.59,2025-03-17,1024,N21,nominal,2.0NRT,292.35,9.61,D
-7.15908,39.33308,330.19,0.53,0.5,2025-03-17,1024,N21,nominal,2.0NRT,294.64,1.58,D
-7.48641,36.97042,342.62,0.39,0.59,2025-03-17,1024,N21,nominal,2.0NRT,292.43,2.96,D
-7.07014,39.29856,338.55,0.53,0.5,2025-03-17,1024,N21,nominal,2.0NRT,296.69,7.3,D
-7.0715,39.28898,335.97,0.53,0.5,2025-03-17,1024,N21,nominal,2.0NRT,297.08,6.34,D
-6.51177,39.03673,332.4,0.54,0.51,2025-03-17,1024,N21,nominal,2.0NRT,294.68,3.69,D
-6.51078,38.75462,330.1,0.57,0.52,2025-03-17,1024,N21,nominal,2.0NRT,298.49,10.01,D
-6.48878,38.70507,336.5,0.57,0.52,2025-03-17,1024,N21,nominal,2.0NRT,299.08,9.94,D
-6.37252,39.49161,330.24,0.5,0.49,2025-03-17,1024,N21,nominal,2.0NRT,294.29,11.28,D
-6.37316,39.48712,335,0.5,0.49,2025-03-17,1024,N21,nominal,2.0NRT,294.58,11.28,D
-6.65774,37.02835,349.06,0.38,0.59,2025-03-17,1024,N21,nominal,2.0NRT,293.37,9.13,D
-6.65947,37.03025,335.94,0.38,0.58,2025-03-17,1024,N21,nominal,2.0NRT,293.02,5.02,D
-6.6599,37.02716,337.22,0.38,0.58,2025-03-17,1024,N21,nominal,2.0NRT,292.62,5.02,D
-6.63437,36.97569,331.93,0.38,0.59,2025-03-17,1024,N21,nominal,2.0NRT,291.69,2.67,D
-6.62028,36.99856,336.84,0.38,0.59,2025-03-17,1024,N21,nominal,2.0NRT,293.38,4.91,D
-6.01823,39.28566,335.37,0.51,0.5,2025-03-17,1024,N21,nominal,2.0NRT,294.67,3.71,D
-5.72769,38.82189,330.3,0.55,0.51,2025-03-17,1024,N21,nominal,2.0NRT,296.65,3.52,D
-5.20646,39.84728,333.29,0.46,0.47,2025-03-17,1026,N21,nominal,2.0NRT,301.04,4.25,D
-5.22313,39.00491,339.52,0.52,0.5,2025-03-17,1026,N21,nominal,2.0NRT,297.58,4.89,D
-5.18206,39.0653,341.73,0.52,0.5,2025-03-17,1026,N21,nominal,2.0NRT,299.49,16.93,D
-5.18066,39.06609,330.45,0.52,0.5,2025-03-17,1026,N21,nominal,2.0NRT,298.33,7.45,D
-5.18132,39.0616,342.11,0.52,0.5,2025-03-17,1026,N21,nominal,2.0NRT,299.76,7.45,D
-5.17849,38.98587,343.05,0.52,0.5,2025-03-17,1026,N21,nominal,2.0NRT,298.05,11.87,D
-5.00069,39.08477,351.37,0.51,0.5,2025-03-17,1026,N21,nominal,2.0NRT,297.77,13.67,D
-4.72934,39.13476,338.18,0.5,0.49,2025-03-17,1026,N21,nominal,2.0NRT,295.69,2.94,D
-4.70297,39.15816,332.36,0.5,0.49,2025-03-17,1026,N21,nominal,2.0NRT,298.59,4.43,D
-4.61274,39.3741,333.26,0.48,0.48,2025-03-17,1026,N21,nominal,2.0NRT,297.28,3.21,D
-4.47192,39.38298,340.1,0.48,0.48,2025-03-17,1026,N21,nominal,2.0NRT,297.84,7.68,D
-34.38282,21.27609,330.85,0.41,0.45,2025-03-17,1157,N21,nominal,2.0NRT,300.02,5.41,D
-34.37864,21.2756,337.49,0.41,0.45,2025-03-17,1157,N21,nominal,2.0NRT,298.64,14.35,D
-33.97559,22.199,332.69,0.55,0.43,2025-03-17,1157,N21,nominal,2.0NRT,295.58,8.01,D
-33.69845,18.84848,345.56,0.55,0.51,2025-03-17,1157,N21,nominal,2.0NRT,309.84,22.5,D
-33.6937,18.84789,341.77,0.55,0.51,2025-03-17,1157,N21,nominal,2.0NRT,307.69,6.81,D
-33.69328,18.8458,345.22,0.55,0.51,2025-03-17,1157,N21,nominal,2.0NRT,307.15,7.4,D
-33.63541,18.90592,345.82,0.55,0.51,2025-03-17,1157,N21,nominal,2.0NRT,316.58,76.94,D
-33.63591,18.89995,304,0.55,0.51,2025-03-17,1157,N21,low,2.0NRT,314.42,61.02,D
-33.52732,18.51926,342.97,0.58,0.52,2025-03-17,1157,N21,nominal,2.0NRT,314.12,16.61,D
-33.52783,18.51302,337.26,0.58,0.52,2025-03-17,1157,N21,nominal,2.0NRT,310.43,21.44,D
-33.52245,18.51919,330.36,0.58,0.52,2025-03-17,1157,N21,nominal,2.0NRT,302.8,16.61,D
-33.44589,18.80364,340.7,0.55,0.51,2025-03-17,1157,N21,nominal,2.0NRT,308.87,5.07,D
-33.41006,18.7154,353.59,0.56,0.51,2025-03-17,1157,N21,nominal,2.0NRT,307.51,21.44,D
-33.38266,18.98611,336.72,0.54,0.51,2025-03-17,1157,N21,low,2.0NRT,308.48,15.68,D
-33.38314,18.98035,343.91,0.54,0.51,2025-03-17,1157,N21,nominal,2.0NRT,310.96,15.68,D
-33.38363,18.97461,341.38,0.54,0.51,2025-03-17,1157,N21,nominal,2.0NRT,305.67,9.84,D
-33.37844,18.97983,354.7,0.54,0.51,2025-03-17,1157,N21,nominal,2.0NRT,306.27,15.68,D
-33.37892,18.97413,337.39,0.54,0.51,2025-03-17,1157,N21,nominal,2.0NRT,305.49,9.84,D
-33.3611,18.9602,346.59,0.54,0.51,2025-03-17,1157,N21,nominal,2.0NRT,309.61,18.95,D
-33.3641,18.9582,336.34,0.54,0.51,2025-03-17,1157,N21,nominal,2.0NRT,305.7,8.51,D
-33.35941,18.95758,350.75,0.54,0.51,2025-03-17,1157,N21,nominal,2.0NRT,305.14,8.51,D
-33.31985,19.02952,342.41,0.53,0.5,2025-03-17,1157,N21,nominal,2.0NRT,308.78,11.55,D
-33.32037,19.02366,341.86,0.53,0.5,2025-03-17,1157,N21,nominal,2.0NRT,306.68,11.55,D
-33.31517,19.02901,346.15,0.53,0.5,2025-03-17,1157,N21,nominal,2.0NRT,308.37,11.55,D
-33.31567,19.0232,342.72,0.53,0.5,2025-03-17,1157,N21,nominal,2.0NRT,306.36,11.55,D
-33.31048,19.0285,342.35,0.53,0.5,2025-03-17,1157,N21,nominal,2.0NRT,308.41,16.17,D
-33.31099,19.0227,351.06,0.53,0.5,2025-03-17,1157,N21,nominal,2.0NRT,307.76,16.17,D
-33.29522,18.64353,339.59,0.56,0.52,2025-03-17,1157,N21,nominal,2.0NRT,308.63,10.62,D
-33.29043,18.64296,335.21,0.56,0.52,2025-03-17,1157,N21,low,2.0NRT,308.06,10.62,D
-33.29093,18.63681,347.18,0.56,0.52,2025-03-17,1157,N21,nominal,2.0NRT,310.41,10.62,D
-33.29143,18.63067,341.92,0.56,0.52,2025-03-17,1157,N21,nominal,2.0NRT,309.01,12.63,D
-33.2472,18.82033,335.31,0.55,0.51,2025-03-17,1157,N21,low,2.0NRT,306.77,2.27,D
-33.20039,18.79679,336.06,0.55,0.51,2025-03-17,1157,N21,nominal,2.0NRT,307.39,6.53,D
-33.20088,18.79111,350.32,0.55,0.51,2025-03-17,1157,N21,nominal,2.0NRT,306.59,6.53,D
-33.19614,18.79052,367,0.55,0.51,2025-03-17,1157,N21,high,2.0NRT,312.42,33.17,D
-33.19663,18.78466,355.41,0.55,0.51,2025-03-17,1157,N21,nominal,2.0NRT,310.47,25.57,D
-33.19141,18.78981,346.79,0.55,0.51,2025-03-17,1157,N21,nominal,2.0NRT,307.81,33.17,D
-33.19191,18.78396,353.49,0.55,0.51,2025-03-17,1157,N21,nominal,2.0NRT,312.31,25.57,D
-33.19241,18.77802,340.93,0.55,0.51,2025-03-17,1157,N21,nominal,2.0NRT,305.12,25.57,D
-33.13767,18.67886,344.4,0.56,0.51,2025-03-17,1157,N21,nominal,2.0NRT,308.11,5.4,D
-32.97016,19.0021,340.54,0.53,0.5,2025-03-17,1157,N21,nominal,2.0NRT,306.07,4.48,D
-32.99641,18.58062,351.96,0.56,0.52,2025-03-17,1157,N21,nominal,2.0NRT,309.25,13.97,D
-32.99693,18.5744,354.92,0.56,0.52,2025-03-17,1157,N21,nominal,2.0NRT,310.26,20.57,D
-32.34042,19.11225,341.82,0.52,0.5,2025-03-17,1157,N21,nominal,2.0NRT,301.87,6,D
-32.32041,19.17913,346.02,0.51,0.49,2025-03-17,1157,N21,nominal,2.0NRT,307.81,12.85,D
-32.32087,19.17408,340.58,0.51,0.49,2025-03-17,1157,N21,nominal,2.0NRT,307.2,11.55,D
-32.31546,19.18265,340.93,0.51,0.49,2025-03-17,1157,N21,nominal,2.0NRT,308.9,12.85,D
-32.31593,19.17756,334.09,0.51,0.49,2025-03-17,1157,N21,low,2.0NRT,309.01,12.85,D
-32.30696,19.1743,346.02,0.51,0.49,2025-03-17,1157,N21,nominal,2.0NRT,307.15,10.86,D
-32.30283,19.16874,341.15,0.51,0.49,2025-03-17,1157,N21,nominal,2.0NRT,304.11,5.27,D
-32.30324,19.16416,340.97,0.51,0.5,2025-03-17,1157,N21,nominal,2.0NRT,303.87,5.27,D
-32.30408,19.1546,332.47,0.51,0.5,2025-03-17,1157,N21,low,2.0NRT,305.71,6.09,D
-32.30536,19.14037,335.54,0.51,0.5,2025-03-17,1157,N21,nominal,2.0NRT,304.35,6.34,D
-32.30076,19.1398,341.9,0.51,0.5,2025-03-17,1157,N21,nominal,2.0NRT,306.67,6.34,D
-29.41425,30.37741,330.8,0.48,0.4,2025-03-17,1157,N21,low,2.0NRT,303.56,70.97,D
-29.41513,30.37257,332.01,0.48,0.4,2025-03-17,1157,N21,nominal,2.0NRT,291.8,70.97,D
-29.37985,30.54425,327.68,0.49,0.4,2025-03-17,1157,N21,nominal,2.0NRT,291.66,1.74,D
-29.2609,30.74651,328.02,0.5,0.41,2025-03-17,1200,N21,nominal,2.0NRT,294.35,3.18,D
-28.68043,32.13424,328,0.4,0.44,2025-03-17,1200,N21,nominal,2.0NRT,293.36,2.61,D
-27.29397,30.75303,342.49,0.54,0.42,2025-03-17,1200,N21,nominal,2.0NRT,297.04,22.52,D
-27.29014,30.75205,347.03,0.54,0.42,2025-03-17,1200,N21,nominal,2.0NRT,297.48,22.52,D
-27.2468,30.72025,331.58,0.54,0.42,2025-03-17,1200,N21,nominal,2.0NRT,294.17,7.84,D
-21.627,35.25322,326.29,0.43,0.62,2025-03-17,1202,N21,nominal,2.0NRT,292.54,1.89,D
-22.63955,14.65019,367,0.38,0.59,2025-03-17,1202,N21,high,2.0NRT,302.4,6.82,D
-18.62066,25.46347,337.05,0.41,0.37,2025-03-17,1202,N21,nominal,2.0NRT,305.32,5.17,D
-17.39408,24.65444,339.66,0.4,0.37,2025-03-17,1202,N21,nominal,2.0NRT,301.97,7.4,D
-14.70985,26.80712,333.09,0.51,0.41,2025-03-17,1204,N21,nominal,2.0NRT,304.41,4.7,D
-8.39077,26.68519,339.03,0.42,0.45,2025-03-17,1204,N21,nominal,2.0NRT,296.19,7.1,D
-8.37586,26.69806,335.4,0.42,0.45,2025-03-17,1204,N21,nominal,2.0NRT,297.02,3.58,D
-8.37746,26.69821,328.36,0.42,0.45,2025-03-17,1204,N21,nominal,2.0NRT,296.3,3.63,D
-8.3556,26.70219,344.36,0.42,0.45,2025-03-17,1204,N21,nominal,2.0NRT,297.81,8.61,D
-8.34711,26.72787,339.62,0.42,0.45,2025-03-17,1204,N21,nominal,2.0NRT,296.22,6.52,D
-8.34774,26.72408,339.41,0.42,0.45,2025-03-17,1204,N21,nominal,2.0NRT,295.83,6.52,D
-8.33283,26.73707,338.09,0.42,0.45,2025-03-17,1204,N21,nominal,2.0NRT,296.28,5.51,D
-8.31502,26.7418,329.68,0.42,0.45,2025-03-17,1204,N21,nominal,2.0NRT,295.93,3.02,D
-8.31025,26.74487,340.16,0.42,0.45,2025-03-17,1204,N21,nominal,2.0NRT,297.54,7.61,D
-8.27741,26.76267,347.19,0.42,0.45,2025-03-17,1204,N21,nominal,2.0NRT,298.19,17.9,D
-8.27971,26.72411,353.73,0.42,0.45,2025-03-17,1204,N21,nominal,2.0NRT,298.39,11.2,D
-8.27365,26.73474,352.9,0.42,0.45,2025-03-17,1204,N21,nominal,2.0NRT,300.66,52.12,D
-8.20067,26.90351,331.38,0.43,0.46,2025-03-17,1204,N21,nominal,2.0NRT,295.5,5.02,D
-8.22681,26.69527,332.41,0.42,0.45,2025-03-17,1204,N21,nominal,2.0NRT,295.32,6.25,D
-8.1771,26.91549,339.46,0.43,0.46,2025-03-17,1204,N21,nominal,2.0NRT,294.92,5.18,D
-8.18835,26.69647,339.69,0.42,0.45,2025-03-17,1204,N21,nominal,2.0NRT,297.47,6.89,D
-8.19154,26.67764,333.7,0.42,0.45,2025-03-17,1204,N21,nominal,2.0NRT,295.9,7.46,D
-8.19218,26.67388,344.93,0.42,0.45,2025-03-17,1204,N21,nominal,2.0NRT,299.1,7.46,D
-8.1668,26.79841,338.8,0.43,0.46,2025-03-17,1204,N21,nominal,2.0NRT,295.66,7.91,D
-8.12461,26.99527,334.69,0.44,0.46,2025-03-17,1204,N21,nominal,2.0NRT,295.65,3.16,D
-8.17631,26.66731,343.48,0.42,0.45,2025-03-17,1204,N21,nominal,2.0NRT,297.79,7.25,D
-9.58507,16.3775,337.99,0.4,0.44,2025-03-17,1206,N21,nominal,2.0NRT,295.86,3.35,D
-9.43533,16.52982,328.59,0.39,0.44,2025-03-17,1206,N21,nominal,2.0NRT,295.91,2.68,D
-9.4584,16.33403,336.64,0.4,0.44,2025-03-17,1206,N21,nominal,2.0NRT,295.67,2.77,D
-9.45436,16.33344,331.84,0.4,0.44,2025-03-17,1206,N21,nominal,2.0NRT,299.36,2.82,D
-9.47439,16.15778,338.63,0.41,0.45,2025-03-17,1206,N21,nominal,2.0NRT,295.78,4.35,D
-9.47489,16.15412,329.17,0.41,0.45,2025-03-17,1206,N21,nominal,2.0NRT,296.32,4.35,D
-9.43351,16.09512,349.4,0.41,0.45,2025-03-17,1206,N21,nominal,2.0NRT,300.51,14.23,D
-9.39692,16.29532,331.6,0.4,0.44,2025-03-17,1206,N21,nominal,2.0NRT,296.74,3.91,D
-9.42597,16.02935,334.67,0.42,0.45,2025-03-17,1206,N21,nominal,2.0NRT,296.49,5.48,D
-9.41089,16.10713,341.65,0.41,0.45,2025-03-17,1206,N21,nominal,2.0NRT,297.45,10.22,D
-9.3965,16.12041,330.36,0.41,0.45,2025-03-17,1206,N21,nominal,2.0NRT,298.79,5.21,D
-9.40062,16.09072,346.38,0.41,0.45,2025-03-17,1206,N21,nominal,2.0NRT,301.43,13.51,D
-9.38369,16.06161,330.34,0.41,0.45,2025-03-17,1206,N21,nominal,2.0NRT,297.04,3.44,D
-9.31436,16.29513,346.12,0.4,0.44,2025-03-17,1206,N21,nominal,2.0NRT,296.33,6.99,D
-9.31369,16.29519,342.61,0.4,0.44,2025-03-17,1206,N21,nominal,2.0NRT,296.29,6.59,D
-9.36583,15.2404,327.67,0.47,0.47,2025-03-17,1206,N21,nominal,2.0NRT,295.65,2.73,D
-9.20651,16.29482,339.8,0.4,0.44,2025-03-17,1206,N21,nominal,2.0NRT,291.99,5.16,D
-9.20564,16.29378,334.09,0.4,0.44,2025-03-17,1206,N21,nominal,2.0NRT,294.06,6.38,D
-9.22795,15.87039,340.72,0.42,0.45,2025-03-17,1206,N21,nominal,2.0NRT,296.86,7.26,D
-7.61976,26.39935,336.77,0.41,0.45,2025-03-17,1206,N21,nominal,2.0NRT,294.18,3.97,D
-9.181,16.08631,331.42,0.41,0.45,2025-03-17,1206,N21,nominal,2.0NRT,294.55,4.76,D
-9.20026,15.91728,327.65,0.42,0.45,2025-03-17,1206,N21,nominal,2.0NRT,296.38,2.2,D
-9.26018,15.22386,333.02,0.47,0.47,2025-03-17,1206,N21,nominal,2.0NRT,296.45,4.13,D
-9.14472,15.90498,339.2,0.42,0.45,2025-03-17,1206,N21,nominal,2.0NRT,295.77,2.36,D
-9.08712,16.25125,329.17,0.4,0.44,2025-03-17,1206,N21,nominal,2.0NRT,294.25,4.03,D
-9.1051,15.97664,339.75,0.41,0.45,2025-03-17,1206,N21,nominal,2.0NRT,296.73,4.83,D
-7.37399,26.9615,341.22,0.45,0.47,2025-03-17,1206,N21,nominal,2.0NRT,292.31,4.76,D
-9.03824,15.92285,329.49,0.42,0.45,2025-03-17,1206,N21,nominal,2.0NRT,294.78,2.8,D
-9.03944,15.8848,340.62,0.42,0.45,2025-03-17,1206,N21,nominal,2.0NRT,297.43,8.03,D
-7.30265,27.00069,344.76,0.45,0.47,2025-03-17,1206,N21,nominal,2.0NRT,291.61,11.46,D
-9.03966,15.64138,338.81,0.43,0.46,2025-03-17,1206,N21,nominal,2.0NRT,292.27,5.05,D
-8.84809,15.62003,343.92,0.43,0.46,2025-03-17,1206,N21,nominal,2.0NRT,294.62,7.15,D
-8.7282,15.12719,330.76,0.46,0.47,2025-03-17,1206,N21,nominal,2.0NRT,292.13,2.36,D
-6.99093,26.44084,332.74,0.42,0.45,2025-03-17,1206,N21,nominal,2.0NRT,293.43,3.77,D
-8.58462,15.56119,335.69,0.43,0.46,2025-03-17,1206,N21,nominal,2.0NRT,296.62,6.15,D
-8.49129,15.42413,329.95,0.44,0.46,2025-03-17,1206,N21,nominal,2.0NRT,292.29,3.26,D
-8.46597,15.38787,337.38,0.44,0.46,2025-03-17,1206,N21,nominal,2.0NRT,294.24,11.04,D
-8.4665,15.38391,342.95,0.44,0.46,2025-03-17,1206,N21,nominal,2.0NRT,294.38,11.04,D
-8.46705,15.37987,330.94,0.44,0.46,2025-03-17,1206,N21,nominal,2.0NRT,292.11,3.91,D
-8.46664,15.38472,345.84,0.44,0.46,2025-03-17,1206,N21,nominal,2.0NRT,294.93,18.44,D
-8.46721,15.38072,338.95,0.44,0.46,2025-03-17,1206,N21,nominal,2.0NRT,292.93,4.51,D
-8.30183,15.95323,334.65,0.41,0.45,2025-03-17,1206,N21,nominal,2.0NRT,290.62,4.11,D
-6.684,25.65339,335.47,0.57,0.43,2025-03-17,1206,N21,nominal,2.0NRT,299.31,8.61,D
-7.91017,17.62331,332.21,0.48,0.4,2025-03-17,1206,N21,nominal,2.0NRT,297.04,4.86,D
-7.92091,16.77978,334.51,0.54,0.42,2025-03-17,1206,N21,nominal,2.0NRT,295.03,5.39,D
-8.36106,13.38628,331.56,0.6,0.53,2025-03-17,1206,N21,nominal,2.0NRT,293.51,4.15,D
-6.56495,25.12953,330.82,0.53,0.42,2025-03-17,1206,N21,nominal,2.0NRT,299.62,3.53,D
-6.56112,25.1289,331.04,0.53,0.42,2025-03-17,1206,N21,nominal,2.0NRT,299.18,3.53,D
-6.77913,23.80238,332.79,0.45,0.39,2025-03-17,1206,N21,nominal,2.0NRT,296.97,2.02,D
-6.56226,25.13085,333.86,0.53,0.42,2025-03-17,1206,N21,nominal,2.0NRT,299.45,5.83,D
-7.66529,17.34852,330.56,0.49,0.41,2025-03-17,1206,N21,nominal,2.0NRT,298.21,4.13,D
-6.4427,25.21032,332.99,0.54,0.42,2025-03-17,1206,N21,nominal,2.0NRT,296.67,6.35,D
-7.62132,17.45194,332.39,0.49,0.4,2025-03-17,1206,N21,nominal,2.0NRT,298.26,4.87,D
-5.76596,29.14529,341.1,0.34,0.56,2025-03-17,1206,N21,nominal,2.0NRT,293.58,4.75,D
-7.60953,17.37794,334.35,0.49,0.4,2025-03-17,1206,N21,nominal,2.0NRT,296.69,5.88,D
-6.32721,24.82716,333.77,0.52,0.41,2025-03-17,1206,N21,nominal,2.0NRT,298.06,6.71,D
-6.30986,24.86219,339.73,0.52,0.41,2025-03-17,1206,N21,nominal,2.0NRT,298.31,11.87,D
-6.31062,24.85757,330.96,0.52,0.41,2025-03-17,1206,N21,nominal,2.0NRT,297.8,5.81,D
-6.31058,24.83396,344.34,0.52,0.41,2025-03-17,1206,N21,nominal,2.0NRT,297.76,12.02,D
-6.30681,24.83332,338.66,0.52,0.41,2025-03-17,1206,N21,nominal,2.0NRT,300.39,12.02,D
-7.45356,17.20687,337.97,0.5,0.41,2025-03-17,1206,N21,nominal,2.0NRT,298.77,5.17,D
-7.45421,17.20228,338.18,0.5,0.41,2025-03-17,1206,N21,nominal,2.0NRT,301.71,9.53,D
-7.45621,17.20381,346.59,0.5,0.41,2025-03-17,1206,N21,nominal,2.0NRT,299.7,11.06,D
-6.30408,24.46248,332.26,0.49,0.41,2025-03-17,1206,N21,nominal,2.0NRT,297.04,6.26,D
-6.95335,20.21815,347.97,0.39,0.36,2025-03-17,1206,N21,nominal,2.0NRT,289.73,8.75,D
-6.1285,25.28214,347.52,0.55,0.43,2025-03-17,1206,N21,nominal,2.0NRT,301.4,23.45,D
-6.1246,25.28151,339.12,0.55,0.43,2025-03-17,1206,N21,nominal,2.0NRT,304.26,23.45,D
-6.12071,25.28088,345.4,0.55,0.43,2025-03-17,1206,N21,nominal,2.0NRT,299.28,27.73,D
-6.23782,24.56612,341,0.5,0.41,2025-03-17,1206,N21,nominal,2.0NRT,294.17,10.1,D
-7.58751,15.45593,327.45,0.43,0.46,2025-03-17,1206,N21,nominal,2.0NRT,294.33,2.84,D
-6.0901,25.19269,341.44,0.55,0.42,2025-03-17,1206,N21,nominal,2.0NRT,302.2,13.47,D
-6.12403,24.98079,330.81,0.53,0.42,2025-03-17,1206,N21,nominal,2.0NRT,297.14,2.55,D
-6.08545,25.19686,335.54,0.55,0.42,2025-03-17,1206,N21,nominal,2.0NRT,301.89,13.47,D
-6.08622,25.19204,342.56,0.55,0.42,2025-03-17,1206,N21,nominal,2.0NRT,304.8,13.47,D
-6.08157,25.19621,335.23,0.55,0.42,2025-03-17,1206,N21,nominal,2.0NRT,299.81,59.37,D
-7.58252,15.28161,336.6,0.44,0.46,2025-03-17,1206,N21,nominal,2.0NRT,291.92,5.63,D
-6.0632,25.11346,332.23,0.54,0.42,2025-03-17,1206,N21,nominal,2.0NRT,299.64,4.14,D
-6.13984,24.5934,333.15,0.5,0.41,2025-03-17,1206,N21,nominal,2.0NRT,296.89,7.13,D
-6.05339,25.02837,336.48,0.53,0.42,2025-03-17,1206,N21,nominal,2.0NRT,297.41,4.68,D
-6.08448,24.59593,346.6,0.51,0.41,2025-03-17,1206,N21,nominal,2.0NRT,300.99,10.44,D
-6.08074,24.5953,330.44,0.51,0.41,2025-03-17,1206,N21,nominal,2.0NRT,297.9,10.44,D
-7.46595,15.43178,329.93,0.43,0.46,2025-03-17,1206,N21,nominal,2.0NRT,293.21,3.35,D
-6.06104,24.69495,333.45,0.51,0.41,2025-03-17,1206,N21,nominal,2.0NRT,298.94,2.98,D
-6.07045,24.63583,333.95,0.51,0.41,2025-03-17,1206,N21,nominal,2.0NRT,297.96,4.85,D
-7.34808,15.84856,340.26,0.4,0.44,2025-03-17,1206,N21,nominal,2.0NRT,295.98,5.59,D
-7.84576,12.11098,367,0.36,0.58,2025-03-17,1206,N21,high,2.0NRT,291.19,9.8,D
-7.84585,12.112,353.76,0.36,0.58,2025-03-17,1206,N21,nominal,2.0NRT,291.14,12.36,D
-7.8463,12.10874,347.86,0.36,0.58,2025-03-17,1206,N21,nominal,2.0NRT,290.42,10.41,D
-6.10084,23.85062,332.31,0.46,0.39,2025-03-17,1206,N21,nominal,2.0NRT,295.27,11.02,D
-6.09365,23.84948,333.64,0.46,0.39,2025-03-17,1206,N21,nominal,2.0NRT,295.14,6.08,D
-5.99733,24.43559,333.24,0.5,0.41,2025-03-17,1206,N21,nominal,2.0NRT,298.54,5.97,D
-6.05186,23.83419,339.13,0.46,0.39,2025-03-17,1206,N21,nominal,2.0NRT,295.9,4.54,D
-6.97406,17.78698,331.19,0.46,0.39,2025-03-17,1206,N21,nominal,2.0NRT,296.5,5.07,D
-5.54789,26.84294,329.38,0.47,0.48,2025-03-17,1206,N21,nominal,2.0NRT,293.11,3.22,D
-7.30038,15.29395,329.86,0.43,0.46,2025-03-17,1206,N21,nominal,2.0NRT,291.2,4.73,D
-6.02523,23.77083,334.93,0.46,0.39,2025-03-17,1206,N21,nominal,2.0NRT,298.07,4.5,D
-5.8717,24.76321,330.12,0.52,0.42,2025-03-17,1206,N21,nominal,2.0NRT,296.38,3.39,D
-6.0266,23.77178,332.57,0.46,0.39,2025-03-17,1206,N21,nominal,2.0NRT,297.36,4.33,D
-5.98266,24.02986,331.08,0.47,0.4,2025-03-17,1206,N21,nominal,2.0NRT,296.51,4.86,D
-5.80306,24.97454,345.07,0.54,0.42,2025-03-17,1206,N21,nominal,2.0NRT,306.6,31.36,D
-6.91473,17.72795,331.57,0.46,0.39,2025-03-17,1206,N21,nominal,2.0NRT,296.58,7.08,D
-7.28306,15.1999,331.8,0.44,0.46,2025-03-17,1206,N21,nominal,2.0NRT,294.77,4.61,D
-5.79922,24.9739,348.1,0.54,0.42,2025-03-17,1206,N21,nominal,2.0NRT,304.66,22.63,D
-5.79692,24.96365,333.17,0.53,0.42,2025-03-17,1206,N21,nominal,2.0NRT,300.17,10.56,D
-5.7869,25.00159,340.94,0.54,0.42,2025-03-17,1206,N21,nominal,2.0NRT,303.74,5.98,D
-5.78305,25.001,336.72,0.54,0.42,2025-03-17,1206,N21,nominal,2.0NRT,300.38,5.98,D
-5.6541,25.69861,339.39,0.4,0.44,2025-03-17,1206,N21,nominal,2.0NRT,298.61,5.78,D
-7.1878,15.45,338.04,0.42,0.45,2025-03-17,1206,N21,nominal,2.0NRT,292.53,3.5,D
-7.16017,15.58739,338.42,0.41,0.45,2025-03-17,1206,N21,nominal,2.0NRT,291.07,7.06,D
-5.54348,26.08961,339.73,0.42,0.45,2025-03-17,1206,N21,nominal,2.0NRT,296.15,5.05,D
-6.78102,18.16907,344.15,0.44,0.39,2025-03-17,1206,N21,nominal,2.0NRT,297.58,10.01,D
-5.72789,24.92798,350.99,0.53,0.42,2025-03-17,1206,N21,nominal,2.0NRT,301.12,11.23,D
-6.88424,17.37543,330.17,0.48,0.4,2025-03-17,1206,N21,nominal,2.0NRT,293.49,5.11,D
-5.72888,24.93086,338.76,0.53,0.42,2025-03-17,1206,N21,nominal,2.0NRT,300.93,17.1,D
-6.88424,17.37693,331.05,0.48,0.4,2025-03-17,1206,N21,nominal,2.0NRT,293.8,6.27,D
-7.20089,15.16947,333.34,0.44,0.46,2025-03-17,1206,N21,nominal,2.0NRT,287.71,4.32,D
-6.28316,21.26982,332.68,0.39,0.36,2025-03-17,1206,N21,nominal,2.0NRT,283.16,5.25,D
-7.10712,15.55404,327.81,0.41,0.45,2025-03-17,1206,N21,nominal,2.0NRT,291.8,1.79,D
-7.10568,15.53475,340.09,0.42,0.45,2025-03-17,1206,N21,nominal,2.0NRT,292.74,6.12,D
-7.06486,15.6745,339.29,0.41,0.45,2025-03-17,1206,N21,nominal,2.0NRT,287.13,6.76,D
-7.10801,15.36942,327.28,0.43,0.46,2025-03-17,1206,N21,nominal,2.0NRT,294.95,3.33,D
-7.21914,14.47992,342.58,0.49,0.49,2025-03-17,1206,N21,nominal,2.0NRT,293.37,7.01,D
-5.70933,24.49436,343.91,0.5,0.41,2025-03-17,1206,N21,nominal,2.0NRT,294.01,6.11,D
-5.67661,24.64818,333.82,0.51,0.41,2025-03-17,1206,N21,nominal,2.0NRT,301.66,8.75,D
-5.90309,23.2431,336.32,0.44,0.38,2025-03-17,1206,N21,nominal,2.0NRT,300.51,9.06,D
-7.18305,14.5455,341.61,0.48,0.48,2025-03-17,1206,N21,nominal,2.0NRT,293.86,6.93,D
-5.65847,24.71172,331.4,0.52,0.41,2025-03-17,1206,N21,nominal,2.0NRT,300.57,3.17,D
-5.67807,24.59188,342.62,0.51,0.41,2025-03-17,1206,N21,nominal,2.0NRT,298.33,11.34,D
-7.06739,15.35576,329.06,0.43,0.46,2025-03-17,1206,N21,nominal,2.0NRT,293.87,3.03,D
-5.60002,25.04371,346.34,0.54,0.42,2025-03-17,1206,N21,nominal,2.0NRT,297.89,8.88,D
-5.89009,23.25711,336.58,0.44,0.38,2025-03-17,1206,N21,nominal,2.0NRT,299.94,2.53,D
-6.18202,21.35284,332.03,0.39,0.36,2025-03-17,1206,N21,nominal,2.0NRT,291.69,5.57,D
-5.65841,24.71335,336.22,0.52,0.42,2025-03-17,1206,N21,nominal,2.0NRT,301.49,3.92,D
-5.67723,24.59324,335.99,0.51,0.41,2025-03-17,1206,N21,nominal,2.0NRT,298.04,9.88,D
-5.60295,25.04119,345.21,0.54,0.42,2025-03-17,1206,N21,nominal,2.0NRT,300.27,13.4,D
-7.06586,15.35509,328.69,0.43,0.46,2025-03-17,1206,N21,nominal,2.0NRT,293.85,3.47,D
-7.18327,14.54603,340.8,0.48,0.48,2025-03-17,1206,N21,nominal,2.0NRT,293.72,8.32,D
-7.1868,14.26669,339.23,0.51,0.49,2025-03-17,1206,N21,nominal,2.0NRT,293.41,7.67,D
-5.85231,23.17095,333.39,0.43,0.38,2025-03-17,1206,N21,nominal,2.0NRT,297.65,4.26,D
-5.37881,26.02886,339.92,0.42,0.45,2025-03-17,1206,N21,nominal,2.0NRT,297.19,20.94,D
-7.15459,14.23413,336.11,0.51,0.49,2025-03-17,1206,N21,nominal,2.0NRT,293.12,7.33,D
-7.09824,14.16234,337.98,0.51,0.49,2025-03-17,1206,N21,nominal,2.0NRT,293.06,9.31,D
-5.51403,24.30971,340.14,0.5,0.41,2025-03-17,1206,N21,nominal,2.0NRT,296.45,5.79,D
-5.25582,25.75897,330.07,0.41,0.45,2025-03-17,1206,N21,nominal,2.0NRT,296.81,2.86,D
-7.06139,13.72895,330.33,0.55,0.51,2025-03-17,1206,N21,nominal,2.0NRT,291.91,5.63,D
-5.16681,26.15503,340.57,0.43,0.46,2025-03-17,1206,N21,nominal,2.0NRT,297.25,9.53,D
-5.45206,24.27924,333.97,0.49,0.41,2025-03-17,1206,N21,nominal,2.0NRT,299.26,13.2,D
-5.44834,24.2787,340.05,0.49,0.41,2025-03-17,1206,N21,nominal,2.0NRT,296.49,13.2,D
-6.52837,17.09742,334.99,0.49,0.41,2025-03-17,1206,N21,nominal,2.0NRT,296.16,4.86,D
-5.99005,20.44935,330.77,0.38,0.36,2025-03-17,1206,N21,nominal,2.0NRT,296.48,2.74,D
-5.20955,25.36676,332.16,0.38,0.43,2025-03-17,1206,N21,nominal,2.0NRT,276.19,3.77,D
-5.20449,25.373,334.74,0.38,0.44,2025-03-17,1206,N21,nominal,2.0NRT,280.33,3.02,D
-6.68473,15.65602,338.67,0.4,0.44,2025-03-17,1206,N21,nominal,2.0NRT,293.18,5.53,D
-4.8122,27.5206,338.23,0.54,0.51,2025-03-17,1206,N21,nominal,2.0NRT,291.37,3.36,D
-5.92467,20.52403,334.51,0.38,0.36,2025-03-17,1206,N21,nominal,2.0NRT,293.83,3.2,D
-6.6329,15.64135,338.94,0.4,0.44,2025-03-17,1206,N21,nominal,2.0NRT,294.73,6.11,D
-6.59241,15.81043,339.71,0.39,0.44,2025-03-17,1206,N21,nominal,2.0NRT,292.15,11.06,D
-5.33963,23.89955,333.18,0.47,0.4,2025-03-17,1206,N21,nominal,2.0NRT,302.8,6.52,D
-5.3403,23.89521,332.7,0.47,0.4,2025-03-17,1206,N21,nominal,2.0NRT,298.92,6.52,D
-5.33601,23.89888,355.52,0.47,0.4,2025-03-17,1206,N21,nominal,2.0NRT,300.25,6.52,D
-5.33668,23.89454,330.85,0.47,0.4,2025-03-17,1206,N21,nominal,2.0NRT,296.81,6.52,D
-4.47663,28.91677,332.83,0.34,0.56,2025-03-17,1206,N21,nominal,2.0NRT,289.93,3.67,D
-5.2779,23.95944,333.11,0.48,0.4,2025-03-17,1206,N21,nominal,2.0NRT,300.79,6.43,D
-5.27493,23.95464,335.62,0.48,0.4,2025-03-17,1206,N21,nominal,2.0NRT,300.53,6.43,D
-5.24575,23.88035,333.92,0.47,0.4,2025-03-17,1206,N21,nominal,2.0NRT,295.95,4.54,D
-5.24486,23.8817,334.8,0.47,0.4,2025-03-17,1206,N21,nominal,2.0NRT,297.2,3.45,D
-5.82152,20.10486,332.3,0.39,0.36,2025-03-17,1206,N21,nominal,2.0NRT,301.74,5.22,D
-6.01692,18.8146,338.22,0.41,0.37,2025-03-17,1206,N21,nominal,2.0NRT,300.74,4.79,D
-6.01351,18.81412,332.49,0.41,0.37,2025-03-17,1206,N21,nominal,2.0NRT,297.79,4.79,D
-4.35913,28.91063,330.99,0.34,0.56,2025-03-17,1206,N21,nominal,2.0NRT,293.15,3.96,D
-5.95118,18.83504,332.33,0.41,0.37,2025-03-17,1206,N21,low,2.0NRT,296.85,4.06,D
-5.96494,18.74256,334.08,0.41,0.37,2025-03-17,1206,N21,nominal,2.0NRT,297.28,8.22,D
-5.71243,20.3781,331.2,0.38,0.36,2025-03-17,1206,N21,nominal,2.0NRT,296.15,3.54,D
-5.16889,23.8436,336.05,0.47,0.4,2025-03-17,1206,N21,nominal,2.0NRT,295.2,4.26,D
-5.64636,20.6569,333.32,0.38,0.36,2025-03-17,1206,N21,nominal,2.0NRT,297.82,2.87,D
-4.96808,24.83414,338.34,0.54,0.42,2025-03-17,1206,N21,nominal,2.0NRT,294.46,5.1,D
-4.94037,24.9091,334.95,0.55,0.42,2025-03-17,1206,N21,nominal,2.0NRT,290.09,4.95,D
-4.28631,28.92142,326.64,0.34,0.56,2025-03-17,1206,N21,nominal,2.0NRT,293.84,3.47,D
-5.87011,18.86023,333.53,0.41,0.37,2025-03-17,1206,N21,low,2.0NRT,303.02,5.07,D
-5.8906,18.7236,333.45,0.41,0.37,2025-03-17,1206,N21,nominal,2.0NRT,299.03,5.35,D
-6.37953,15.26229,331.71,0.42,0.45,2025-03-17,1206,N21,nominal,2.0NRT,292.56,2.75,D
-5.45024,21.46914,332.95,0.39,0.36,2025-03-17,1206,N21,nominal,2.0NRT,296.46,4.6,D
-5.16374,22.88621,332.3,0.43,0.38,2025-03-17,1206,N21,nominal,2.0NRT,296.52,2.36,D
-4.17772,28.70386,332.23,0.33,0.56,2025-03-17,1206,N21,nominal,2.0NRT,289.11,4.92,D
-4.76329,25.08634,344.27,0.56,0.43,2025-03-17,1206,N21,nominal,2.0NRT,296.67,10.89,D
-4.75936,25.08573,345.57,0.56,0.43,2025-03-17,1206,N21,nominal,2.0NRT,296.7,10.89,D
-5.72805,18.82746,343.81,0.41,0.37,2025-03-17,1206,N21,nominal,2.0NRT,300.54,16.52,D
-6.04688,16.54501,334.86,0.52,0.42,2025-03-17,1206,N21,nominal,2.0NRT,296.08,6.82,D
-5.73567,18.65857,334.37,0.42,0.37,2025-03-17,1206,N21,low,2.0NRT,299.02,5.44,D
-6.05115,16.48795,341.53,0.53,0.42,2025-03-17,1206,N21,nominal,2.0NRT,295.57,10.84,D
-6.04333,16.51542,335.81,0.53,0.42,2025-03-17,1206,N21,nominal,2.0NRT,299.98,4.34,D
-6.03119,16.51859,339.14,0.53,0.42,2025-03-17,1206,N21,nominal,2.0NRT,296.95,13.02,D
-6.04262,16.43807,331.23,0.53,0.42,2025-03-17,1206,N21,nominal,2.0NRT,297.76,4.76,D
-4.83742,24.35669,342.26,0.51,0.41,2025-03-17,1206,N21,nominal,2.0NRT,301.33,7.52,D
-6.03162,16.52109,339.35,0.52,0.42,2025-03-17,1206,N21,nominal,2.0NRT,295.86,11.86,D
-6.04431,16.43595,332.58,0.53,0.42,2025-03-17,1206,N21,nominal,2.0NRT,299.04,3.4,D
-5.68944,18.70875,332.48,0.41,0.37,2025-03-17,1206,N21,low,2.0NRT,295.19,3.11,D
-5.68601,18.70833,341.44,0.41,0.37,2025-03-17,1206,N21,nominal,2.0NRT,299.53,6.96,D
-6.0209,16.46184,341.14,0.53,0.42,2025-03-17,1206,N21,nominal,2.0NRT,298.33,5.81,D
-6.01708,16.46125,338,0.53,0.42,2025-03-17,1206,N21,nominal,2.0NRT,300.33,5.81,D
-6.00419,16.52223,348.31,0.52,0.42,2025-03-17,1206,N21,nominal,2.0NRT,302.31,13.44,D
-6.00037,16.52171,344.71,0.52,0.42,2025-03-17,1206,N21,nominal,2.0NRT,301.99,13.44,D
-4.76779,24.55312,331.36,0.52,0.42,2025-03-17,1206,N21,nominal,2.0NRT,299.17,2.6,D
-4.66839,25.1521,331.14,0.57,0.43,2025-03-17,1206,N21,nominal,2.0NRT,296.58,3.71,D
-4.78172,24.31978,341.11,0.51,0.41,2025-03-17,1206,N21,nominal,2.0NRT,300.51,8.36,D
-4.47616,26.1855,333.28,0.44,0.46,2025-03-17,1206,N21,nominal,2.0NRT,295.12,5.24,D
-4.60295,25.40632,331.78,0.39,0.44,2025-03-17,1206,N21,nominal,2.0NRT,294.37,4.06,D
-5.96611,16.51645,347.26,0.52,0.42,2025-03-17,1206,N21,nominal,2.0NRT,301.97,13.04,D
-5.96679,16.5117,337.76,0.52,0.42,2025-03-17,1206,N21,nominal,2.0NRT,298.92,13.04,D
-5.97916,16.42635,328.28,0.53,0.42,2025-03-17,1206,N21,nominal,2.0NRT,296.23,7.42,D
-5.97532,16.42578,346.12,0.53,0.42,2025-03-17,1206,N21,nominal,2.0NRT,297.26,7.42,D
-6.11977,15.41952,340.26,0.41,0.45,2025-03-17,1206,N21,nominal,2.0NRT,296.6,17.02,D
-4.77554,24.28644,336.27,0.5,0.41,2025-03-17,1206,N21,nominal,2.0NRT,301.1,6.94,D
-4.7718,24.28586,338.46,0.5,0.41,2025-03-17,1206,N21,nominal,2.0NRT,301.21,6.94,D
-4.24266,27.48861,334.69,0.55,0.51,2025-03-17,1206,N21,nominal,2.0NRT,293.58,5.41,D
-4.76805,24.28527,341.58,0.5,0.41,2025-03-17,1206,N21,nominal,2.0NRT,300.54,12.31,D
-4.71758,24.55017,354.7,0.52,0.42,2025-03-17,1206,N21,nominal,2.0NRT,301.96,26.83,D
-4.71834,24.54549,338.6,0.52,0.42,2025-03-17,1206,N21,nominal,2.0NRT,300.46,18.26,D
-6.37157,13.46056,335.08,0.56,0.51,2025-03-17,1206,N21,nominal,2.0NRT,293.35,5.7,D
-4.70081,24.62949,336.69,0.53,0.42,2025-03-17,1206,N21,nominal,2.0NRT,301.55,42.24,D
-4.99667,22.7823,337.08,0.43,0.38,2025-03-17,1206,N21,nominal,2.0NRT,296.65,3.74,D
-4.99321,22.78176,333.82,0.43,0.38,2025-03-17,1206,N21,nominal,2.0NRT,295.57,2.93,D
-5.93023,16.46772,348.19,0.53,0.42,2025-03-17,1206,N21,nominal,2.0NRT,300.89,13.72,D
-4.69845,24.62584,345.45,0.53,0.42,2025-03-17,1206,N21,nominal,2.0NRT,298.42,24.39,D
-5.59791,18.70998,330.94,0.41,0.37,2025-03-17,1206,N21,low,2.0NRT,295.23,3.41,D
-5.5945,18.70949,331.96,0.41,0.37,2025-03-17,1206,N21,nominal,2.0NRT,297.22,3.41,D
-4.68538,24.60917,339.75,0.53,0.42,2025-03-17,1206,N21,nominal,2.0NRT,298.71,16.8,D
-4.68614,24.60433,343.28,0.53,0.42,2025-03-17,1206,N21,nominal,2.0NRT,295.69,16.8,D
-5.07879,22.07258,340.5,0.4,0.37,2025-03-17,1206,N21,nominal,2.0NRT,297.95,6.71,D
-5.92701,16.4687,346.33,0.53,0.42,2025-03-17,1206,N21,nominal,2.0NRT,302.49,15.44,D
-6.36913,13.46178,342.21,0.56,0.51,2025-03-17,1206,N21,nominal,2.0NRT,293.69,8.19,D
-4.46739,25.96802,340.35,0.43,0.46,2025-03-17,1206,N21,nominal,2.0NRT,296.65,9.33,D
-5.92386,16.46357,337.12,0.53,0.42,2025-03-17,1206,N21,nominal,2.0NRT,302.87,9.56,D
-5.92811,16.43501,337.68,0.53,0.42,2025-03-17,1206,N21,nominal,2.0NRT,300.81,8.29,D
-5.94582,16.31575,345.12,0.54,0.42,2025-03-17,1206,N21,nominal,2.0NRT,298,14.23,D
-4.45842,25.97047,336.02,0.43,0.46,2025-03-17,1206,N21,nominal,2.0NRT,295.46,6.09,D
-4.48849,25.78117,342.58,0.42,0.45,2025-03-17,1206,N21,nominal,2.0NRT,293.96,6.44,D
-4.48909,25.77745,340.67,0.42,0.45,2025-03-17,1206,N21,nominal,2.0NRT,292.55,6.44,D
-5.92535,16.40079,332.57,0.53,0.42,2025-03-17,1206,N21,nominal,2.0NRT,297.11,5.47,D
-5.92153,16.40018,329.7,0.53,0.42,2025-03-17,1206,N21,low,2.0NRT,301.13,10.55,D
-6.06597,15.41846,339.32,0.41,0.45,2025-03-17,1206,N21,nominal,2.0NRT,296.38,3.69,D
-4.48794,25.73149,367,0.41,0.45,2025-03-17,1206,N21,high,2.0NRT,296.75,13.33,D
-5.91138,16.44236,335.21,0.53,0.42,2025-03-17,1206,N21,nominal,2.0NRT,299.39,3.5,D
-6.06081,15.42523,343.39,0.41,0.45,2025-03-17,1206,N21,nominal,2.0NRT,295.07,11.2,D
-5.90827,16.43697,334.45,0.53,0.42,2025-03-17,1206,N21,nominal,2.0NRT,299.54,8.49,D
-5.89783,16.45481,338.22,0.53,0.42,2025-03-17,1206,N21,nominal,2.0NRT,302.13,6.81,D
-5.89261,16.4638,339.62,0.53,0.42,2025-03-17,1206,N21,nominal,2.0NRT,301.95,6.8,D
-4.64852,24.54565,332.73,0.52,0.42,2025-03-17,1206,N21,nominal,2.0NRT,298.81,3.37,D
-4.45221,25.69157,341.45,0.41,0.45,2025-03-17,1206,N21,nominal,2.0NRT,299.81,8.39,D
-4.4528,25.68788,347.15,0.41,0.45,2025-03-17,1206,N21,nominal,2.0NRT,299.69,8.39,D
-4.4534,25.68419,344.23,0.41,0.45,2025-03-17,1206,N21,nominal,2.0NRT,298.65,8.67,D
-4.65491,24.43256,345.39,0.52,0.41,2025-03-17,1206,N21,nominal,2.0NRT,298.64,11.52,D
-4.4487,25.6872,345.53,0.41,0.45,2025-03-17,1206,N21,nominal,2.0NRT,296.25,9.4,D
-4.4493,25.68351,354.57,0.41,0.45,2025-03-17,1206,N21,nominal,2.0NRT,298.9,19.71,D
-4.67311,24.29455,333.19,0.51,0.41,2025-03-17,1206,N21,nominal,2.0NRT,299.23,33.88,D
-4.67384,24.28998,332.58,0.51,0.41,2025-03-17,1206,N21,nominal,2.0NRT,300.23,33.88,D
-5.8703,16.40231,336.6,0.53,0.42,2025-03-17,1206,N21,nominal,2.0NRT,297.88,5.62,D
-4.59054,24.73584,338.42,0.54,0.42,2025-03-17,1206,N21,nominal,2.0NRT,299.36,14.04,D
-4.42807,25.71041,332.97,0.41,0.45,2025-03-17,1206,N21,nominal,2.0NRT,296.61,4.35,D
-4.5859,24.74004,338.39,0.54,0.42,2025-03-17,1206,N21,nominal,2.0NRT,300.37,8.55,D
-5.10831,21.43664,337.59,0.39,0.36,2025-03-17,1206,N21,nominal,2.0NRT,295.64,4.15,D
-4.58127,24.74424,335.24,0.54,0.42,2025-03-17,1206,N21,nominal,2.0NRT,298.39,6.27,D
-4.51131,25.15007,333.43,0.57,0.43,2025-03-17,1206,N21,nominal,2.0NRT,296.62,4.04,D
-5.01799,21.90833,332.71,0.4,0.37,2025-03-17,1206,N21,nominal,2.0NRT,295.97,5.63,D
-4.95328,22.27728,338.13,0.41,0.37,2025-03-17,1206,N21,nominal,2.0NRT,300.2,6.29,D
-4.95675,22.25523,332.22,0.41,0.37,2025-03-17,1206,N21,nominal,2.0NRT,296.91,3.89,D
-4.95256,22.27701,339.4,0.41,0.37,2025-03-17,1206,N21,nominal,2.0NRT,300.68,6.23,D
-4.95595,22.25493,331.6,0.41,0.37,2025-03-17,1206,N21,nominal,2.0NRT,296.9,4.3,D
-4.59225,24.48585,334.72,0.52,0.42,2025-03-17,1206,N21,nominal,2.0NRT,299.78,6.89,D
-4.47879,25.10601,347.29,0.57,0.43,2025-03-17,1206,N21,nominal,2.0NRT,297.79,14.27,D
-5.21011,20.39357,335.28,0.38,0.36,2025-03-17,1206,N21,nominal,2.0NRT,298.64,77.47,D
-5.21115,20.38669,339.29,0.38,0.36,2025-03-17,1206,N21,nominal,2.0NRT,301.22,8.56,D
-4.47564,25.10032,333.97,0.57,0.43,2025-03-17,1206,N21,nominal,2.0NRT,296.76,8.08,D
-4.86669,22.60653,333.16,0.42,0.38,2025-03-17,1206,N21,nominal,2.0NRT,291.78,2.81,D
-5.20681,20.39307,333.27,0.38,0.36,2025-03-17,1206,N21,nominal,2.0NRT,299.57,14.74,D
-5.20733,20.38963,330.19,0.38,0.36,2025-03-17,1206,N21,nominal,2.0NRT,297.5,14.74,D
-4.4741,25.08452,337.07,0.57,0.43,2025-03-17,1206,N21,nominal,2.0NRT,297.58,7.64,D
-5.75954,16.68436,333.01,0.51,0.41,2025-03-17,1206,N21,nominal,2.0NRT,297.81,6.65,D
-4.47096,25.07883,331,0.57,0.43,2025-03-17,1206,N21,nominal,2.0NRT,296.08,4.16,D
-4.55828,24.52839,330.9,0.52,0.42,2025-03-17,1206,N21,nominal,2.0NRT,299.11,3.02,D
-4.36402,25.72276,335.26,0.42,0.45,2025-03-17,1206,N21,nominal,2.0NRT,295.49,6.06,D
-5.20634,20.32965,332.95,0.38,0.36,2025-03-17,1206,N21,nominal,2.0NRT,297.42,2.32,D
-4.3599,25.72211,333.98,0.42,0.45,2025-03-17,1206,N21,nominal,2.0NRT,295.57,5.19,D
-4.52127,24.71225,336.87,0.54,0.42,2025-03-17,1206,N21,nominal,2.0NRT,299.76,7.32,D
-5.73478,16.77436,333.01,0.5,0.41,2025-03-17,1206,N21,nominal,2.0NRT,298.8,4.48,D
-4.51742,24.71159,334.48,0.54,0.42,2025-03-17,1206,N21,nominal,2.0NRT,297.76,7.32,D
-5.19869,20.33554,338.04,0.38,0.36,2025-03-17,1206,N21,nominal,2.0NRT,299.29,4.6,D
-4.06247,27.41292,339.2,0.55,0.51,2025-03-17,1206,N21,nominal,2.0NRT,294.42,6.68,D
-4.50436,24.64539,337.92,0.53,0.42,2025-03-17,1206,N21,nominal,2.0NRT,298.87,6.27,D
-4.48814,24.72176,331.83,0.54,0.42,2025-03-17,1206,N21,nominal,2.0NRT,297.12,3.58,D
-4.31811,25.71922,339.4,0.42,0.45,2025-03-17,1206,N21,nominal,2.0NRT,297.16,12.13,D
-4.48821,24.67231,332.83,0.54,0.42,2025-03-17,1206,N21,nominal,2.0NRT,298.88,3.3,D
-4.91185,22.00208,334.75,0.4,0.37,2025-03-17,1206,N21,nominal,2.0NRT,298.49,3.27,D
-4.28081,25.89482,351.93,0.43,0.46,2025-03-17,1206,N21,nominal,2.0NRT,302.07,38.99,D
-4.31048,25.71418,337.63,0.42,0.45,2025-03-17,1206,N21,nominal,2.0NRT,297.99,4.39,D
-4.43694,24.93976,332.83,0.56,0.43,2025-03-17,1206,N21,nominal,2.0NRT,297.65,7.82,D
-4.47818,24.68557,331.31,0.54,0.42,2025-03-17,1206,N21,nominal,2.0NRT,298.84,3.73,D
-4.47896,24.68077,333.48,0.54,0.42,2025-03-17,1206,N21,nominal,2.0NRT,300.34,3.73,D
-4.47434,24.68495,330.19,0.54,0.42,2025-03-17,1206,N21,nominal,2.0NRT,298.16,3.73,D
-4.30041,25.724,339.87,0.42,0.45,2025-03-17,1206,N21,nominal,2.0NRT,296.47,3.38,D
-4.29629,25.72333,331.14,0.42,0.45,2025-03-17,1206,N21,nominal,2.0NRT,293.63,3.38,D
-4.49287,24.5224,339.22,0.52,0.42,2025-03-17,1206,N21,nominal,2.0NRT,298.76,12.22,D
-4.74842,22.88536,333.18,0.43,0.38,2025-03-17,1206,N21,nominal,2.0NRT,296.43,7.79,D
-4.75011,22.8863,337.22,0.43,0.38,2025-03-17,1206,N21,nominal,2.0NRT,296.51,5.99,D
-4.49379,24.52021,339.4,0.53,0.42,2025-03-17,1206,N21,nominal,2.0NRT,298.65,14.09,D
-4.30164,25.72476,334.88,0.42,0.45,2025-03-17,1206,N21,nominal,2.0NRT,296.06,5.65,D
-4.45618,24.63565,337.08,0.53,0.42,2025-03-17,1206,N21,nominal,2.0NRT,299.75,4.64,D
-4.72196,22.92978,330.87,0.44,0.38,2025-03-17,1206,N21,nominal,2.0NRT,295.4,2.36,D
-4.71558,22.92477,331.99,0.44,0.38,2025-03-17,1206,N21,nominal,2.0NRT,297.51,6.07,D
-4.24463,25.87018,331.08,0.43,0.46,2025-03-17,1206,N21,nominal,2.0NRT,296.04,8.94,D
-4.24524,25.86633,336.5,0.43,0.46,2025-03-17,1206,N21,nominal,2.0NRT,298.15,12.33,D
-4.43175,24.69076,336.29,0.54,0.42,2025-03-17,1206,N21,nominal,2.0NRT,298.53,4.22,D
-4.72304,22.83073,331.99,0.43,0.38,2025-03-17,1206,N21,nominal,2.0NRT,295.12,5.31,D
-5.10186,20.34519,353.86,0.38,0.36,2025-03-17,1206,N21,nominal,2.0NRT,300.09,10.47,D
-4.25682,25.74049,344.81,0.42,0.45,2025-03-17,1206,N21,nominal,2.0NRT,296.67,7.01,D
-4.74638,22.63482,333.59,0.42,0.38,2025-03-17,1206,N21,nominal,2.0NRT,297.69,11.03,D
-4.48605,24.17606,335.96,0.5,0.41,2025-03-17,1206,N21,nominal,2.0NRT,300.55,15.84,D
-4.1496,26.24528,333.43,0.45,0.47,2025-03-17,1206,N21,nominal,2.0NRT,297.67,6.05,D
-4.72508,22.63542,345.32,0.42,0.38,2025-03-17,1206,N21,nominal,2.0NRT,295.71,8.54,D
-4.80718,22.10843,342.07,0.41,0.37,2025-03-17,1206,N21,nominal,2.0NRT,297.21,12.76,D
-4.24293,25.64306,333.58,0.41,0.45,2025-03-17,1206,N21,nominal,2.0NRT,296.09,3.87,D
-4.24411,25.63572,351.57,0.41,0.45,2025-03-17,1206,N21,nominal,2.0NRT,297.91,17.98,D
-4.67593,22.92655,330.02,0.44,0.38,2025-03-17,1206,N21,nominal,2.0NRT,296.78,5.02,D
-4.78731,22.21391,330.16,0.41,0.37,2025-03-17,1206,N21,nominal,2.0NRT,296.61,2.23,D
-4.71758,22.63817,345.67,0.42,0.38,2025-03-17,1206,N21,nominal,2.0NRT,298.37,14.82,D
-4.70294,22.68643,331.89,0.43,0.38,2025-03-17,1206,N21,nominal,2.0NRT,296.64,4.05,D
-4.38941,24.63486,334.02,0.53,0.42,2025-03-17,1206,N21,nominal,2.0NRT,299.4,6.12,D
-4.76109,22.29265,332.18,0.41,0.37,2025-03-17,1206,N21,nominal,2.0NRT,297.97,3.1,D
-4.76741,22.25217,333.16,0.41,0.37,2025-03-17,1206,N21,nominal,2.0NRT,297.16,5.87,D
-4.8379,21.79944,331.68,0.4,0.37,2025-03-17,1206,N21,nominal,2.0NRT,296.72,4.54,D
-4.38557,24.6342,341.54,0.53,0.42,2025-03-17,1206,N21,nominal,2.0NRT,302.67,15.49,D
-4.38635,24.6294,330.97,0.53,0.42,2025-03-17,1206,N21,nominal,2.0NRT,296.79,15.49,D
-4.38096,24.63838,340.53,0.53,0.42,2025-03-17,1206,N21,nominal,2.0NRT,300.28,10.53,D
-4.38174,24.63354,340.47,0.53,0.42,2025-03-17,1206,N21,nominal,2.0NRT,301.21,15.49,D
-4.39019,24.58121,349.37,0.53,0.42,2025-03-17,1206,N21,nominal,2.0NRT,303.86,26.72,D
-4.3856,24.58535,336.55,0.53,0.42,2025-03-17,1206,N21,nominal,2.0NRT,302.73,9.96,D
-4.7704,22.16623,331.48,0.41,0.37,2025-03-17,1206,N21,nominal,2.0NRT,295.1,3.35,D
-4.91879,21.2103,330.83,0.39,0.36,2025-03-17,1206,N21,nominal,2.0NRT,296.81,4.34,D
-4.39705,24.49035,332.09,0.52,0.42,2025-03-17,1206,N21,nominal,2.0NRT,298.39,4.74,D
-4.91547,21.2098,337.58,0.39,0.36,2025-03-17,1206,N21,nominal,2.0NRT,296.42,4.34,D
-4.37794,24.58418,342.83,0.53,0.42,2025-03-17,1206,N21,nominal,2.0NRT,301.93,6.03,D
-4.36481,24.64081,333.22,0.54,0.42,2025-03-17,1206,N21,nominal,2.0NRT,298.58,3.3,D
-4.3741,24.58362,336.39,0.53,0.42,2025-03-17,1206,N21,nominal,2.0NRT,301.69,6.03,D
-4.40435,24.34939,334.22,0.51,0.41,2025-03-17,1206,N21,nominal,2.0NRT,299.27,6.44,D
-4.37511,24.58568,336.06,0.53,0.42,2025-03-17,1206,N21,nominal,2.0NRT,302.25,15.9,D
-4.64348,22.84995,330.91,0.43,0.38,2025-03-17,1206,N21,nominal,2.0NRT,295.48,3.52,D
-4.66129,22.71115,332.02,0.43,0.38,2025-03-17,1206,N21,nominal,2.0NRT,296.09,3,D
-4.78404,21.88977,331.94,0.4,0.37,2025-03-17,1206,N21,nominal,2.0NRT,295.43,3.63,D
-5.35347,18.14669,333.36,0.43,0.38,2025-03-17,1206,N21,nominal,2.0NRT,296.99,4.58,D
-4.63609,22.80538,333.87,0.43,0.38,2025-03-17,1206,N21,nominal,2.0NRT,297.87,7.69,D
-4.72647,22.17413,331.39,0.41,0.37,2025-03-17,1206,N21,nominal,2.0NRT,293.58,2.2,D
-4.40266,24.21041,333.18,0.51,0.41,2025-03-17,1206,N21,nominal,2.0NRT,300.43,5.33,D
-4.85513,21.29261,331.33,0.39,0.36,2025-03-17,1206,N21,nominal,2.0NRT,297.43,3.1,D
-4.39892,24.20978,337.52,0.51,0.41,2025-03-17,1206,N21,nominal,2.0NRT,302.95,7.35,D
-4.35308,24.45171,345.75,0.52,0.42,2025-03-17,1206,N21,nominal,2.0NRT,302.25,6.56,D
-4.39144,24.20858,332.38,0.51,0.41,2025-03-17,1206,N21,nominal,2.0NRT,299.72,16.75,D
-4.60058,22.82749,331.45,0.43,0.38,2025-03-17,1206,N21,nominal,2.0NRT,296.06,3.25,D
-4.99927,20.21625,340.5,0.38,0.36,2025-03-17,1206,N21,nominal,2.0NRT,299.1,5.61,D
-5.37267,17.65775,330.5,0.45,0.39,2025-03-17,1206,N21,low,2.0NRT,295.15,7.12,D
-4.76548,21.63131,339.58,0.4,0.37,2025-03-17,1206,N21,nominal,2.0NRT,297.32,11.18,D
-4.82397,21.25215,339.11,0.39,0.36,2025-03-17,1206,N21,nominal,2.0NRT,298.75,6.44,D
-4.70496,21.91069,332.64,0.4,0.37,2025-03-17,1206,N21,nominal,2.0NRT,297.19,8.6,D
-4.78682,21.36077,330.73,0.39,0.36,2025-03-17,1206,N21,nominal,2.0NRT,296.34,2.64,D
-4.54159,22.86195,334.04,0.43,0.38,2025-03-17,1206,N21,nominal,2.0NRT,298.01,4.94,D
-5.78097,14.51405,339.37,0.46,0.47,2025-03-17,1206,N21,nominal,2.0NRT,292.49,14.14,D
-4.27631,24.49249,330.59,0.53,0.42,2025-03-17,1206,N21,nominal,2.0NRT,298.52,2.45,D
-4.77065,21.31102,331.67,0.39,0.36,2025-03-17,1206,N21,nominal,2.0NRT,296.5,2.75,D
-4.27675,24.49431,332.41,0.53,0.42,2025-03-17,1206,N21,nominal,2.0NRT,297.72,3.92,D
-4.52366,22.87518,333.31,0.43,0.38,2025-03-17,1206,N21,nominal,2.0NRT,297.81,5.27,D
-4.68715,21.81178,332.84,0.4,0.37,2025-03-17,1206,N21,nominal,2.0NRT,295.99,3.44,D
-4.76935,21.27505,331.78,0.39,0.36,2025-03-17,1206,N21,nominal,2.0NRT,296.87,6.1,D
-4.51956,22.87855,332.54,0.44,0.38,2025-03-17,1206,N21,nominal,2.0NRT,297.47,6.58,D
-4.66559,21.92984,333.05,0.4,0.37,2025-03-17,1206,N21,nominal,2.0NRT,297.99,5.65,D
-4.68647,21.77136,332.49,0.4,0.37,2025-03-17,1206,N21,nominal,2.0NRT,296.21,4.28,D
-5.77903,14.51385,338.51,0.46,0.47,2025-03-17,1206,N21,nominal,2.0NRT,290.4,8.06,D
-4.23671,24.59994,335.78,0.53,0.42,2025-03-17,1206,N21,nominal,2.0NRT,298.69,7.56,D
-4.5134,22.82591,332.33,0.43,0.38,2025-03-17,1206,N21,nominal,2.0NRT,298.67,8.1,D
-5.80546,14.24179,334.5,0.48,0.48,2025-03-17,1206,N21,nominal,2.0NRT,292.64,4.88,D
-4.24559,24.51844,332.19,0.53,0.42,2025-03-17,1206,N21,nominal,2.0NRT,298.02,4.89,D
-4.64872,21.92732,333.43,0.4,0.37,2025-03-17,1206,N21,nominal,2.0NRT,298.91,9.94,D
-4.15178,25.0882,331.78,0.57,0.43,2025-03-17,1206,N21,nominal,2.0NRT,297.68,5.89,D
-4.50584,22.82862,335.23,0.43,0.38,2025-03-17,1206,N21,nominal,2.0NRT,301.48,17.37,D
-5.18055,18.36187,336.81,0.42,0.38,2025-03-17,1206,N21,nominal,2.0NRT,299.42,4.59,D
-4.49115,22.85419,331.75,0.43,0.38,2025-03-17,1206,N21,nominal,2.0NRT,298.09,5.54,D
-4.80413,20.82625,336.36,0.39,0.36,2025-03-17,1206,N21,nominal,2.0NRT,299.39,17.95,D
-5.15862,18.48477,335.4,0.42,0.37,2025-03-17,1206,N21,low,2.0NRT,301.44,17.37,D
-5.15917,18.48108,332.6,0.42,0.37,2025-03-17,1206,N21,low,2.0NRT,302.08,12.86,D
-5.29294,17.58526,332.04,0.45,0.39,2025-03-17,1206,N21,nominal,2.0NRT,297.76,4.73,D
-4.12909,25.10296,339.6,0.38,0.43,2025-03-17,1206,N21,nominal,2.0NRT,298.19,3.73,D
-4.20451,24.62916,344.35,0.54,0.42,2025-03-17,1206,N21,nominal,2.0NRT,299.79,5.66,D
-4.20903,24.57594,333.87,0.53,0.42,2025-03-17,1206,N21,nominal,2.0NRT,299.89,6.29,D
-4.20978,24.57117,334.75,0.53,0.42,2025-03-17,1206,N21,nominal,2.0NRT,301.62,8.05,D
-4.649,21.76925,332.14,0.4,0.37,2025-03-17,1206,N21,nominal,2.0NRT,295.05,3.92,D
-4.6644,21.66951,344.28,0.4,0.37,2025-03-17,1206,N21,nominal,2.0NRT,297.64,11.52,D
-4.63005,21.82502,332.87,0.4,0.37,2025-03-17,1206,N21,nominal,2.0NRT,297.94,3.88,D
-4.50345,22.61593,333.24,0.42,0.38,2025-03-17,1206,N21,nominal,2.0NRT,297.99,5.13,D
-5.42329,16.52249,341.26,0.52,0.41,2025-03-17,1206,N21,nominal,2.0NRT,294.33,16.65,D
-4.7015,21.31826,333.02,0.39,0.36,2025-03-17,1206,N21,nominal,2.0NRT,298.08,3.99,D
-4.67265,21.46106,331.27,0.39,0.36,2025-03-17,1206,N21,nominal,2.0NRT,296.1,2.44,D
-5.61166,15.13201,332.01,0.42,0.45,2025-03-17,1206,N21,nominal,2.0NRT,292.98,2.2,D
-4.6666,21.47811,336.96,0.39,0.36,2025-03-17,1206,N21,nominal,2.0NRT,296.75,4.69,D
-4.85164,20.24932,333.05,0.38,0.36,2025-03-17,1206,N21,nominal,2.0NRT,295.47,3.68,D
-4.6783,21.33626,335.73,0.39,0.36,2025-03-17,1206,N21,nominal,2.0NRT,294.43,4.24,D
-5.11787,18.42899,332.84,0.42,0.38,2025-03-17,1206,N21,nominal,2.0NRT,297.86,3.38,D
-5.23715,17.59341,332.58,0.45,0.39,2025-03-17,1206,N21,low,2.0NRT,298.16,4.79,D
-4.15061,24.62073,332.24,0.54,0.42,2025-03-17,1206,N21,nominal,2.0NRT,297.39,4.43,D
-4.66725,21.34172,333.01,0.39,0.36,2025-03-17,1206,N21,nominal,2.0NRT,295.19,4.54,D
-5.11145,18.4012,332.9,0.42,0.38,2025-03-17,1206,N21,nominal,2.0NRT,297.85,2.65,D
-4.58692,21.83661,333.96,0.4,0.37,2025-03-17,1206,N21,nominal,2.0NRT,298.39,6.06,D
-5.06044,18.72264,334.12,0.41,0.37,2025-03-17,1206,N21,nominal,2.0NRT,293.43,4.67,D
-5.36518,16.63157,339.63,0.51,0.41,2025-03-17,1206,N21,nominal,2.0NRT,295.09,11.01,D
-4.14895,24.61841,331.52,0.54,0.42,2025-03-17,1206,N21,nominal,2.0NRT,296.35,2.03,D
-4.57437,21.8607,330.89,0.4,0.37,2025-03-17,1206,N21,nominal,2.0NRT,301.3,3.58,D
-4.66376,21.27671,331.42,0.39,0.36,2025-03-17,1206,N21,nominal,2.0NRT,295.18,2.09,D
-5.36397,16.63348,331.99,0.51,0.41,2025-03-17,1206,N21,nominal,2.0NRT,294.64,8.68,D
-4.16571,24.46022,335.18,0.53,0.42,2025-03-17,1206,N21,nominal,2.0NRT,300.62,3.95,D
-4.65754,21.25073,332.28,0.39,0.36,2025-03-17,1206,N21,nominal,2.0NRT,293.16,4.74,D
-4.61598,21.47753,342.51,0.39,0.36,2025-03-17,1206,N21,nominal,2.0NRT,296.86,11.72,D
-4.63106,21.37914,335.27,0.39,0.36,2025-03-17,1206,N21,nominal,2.0NRT,295.11,5.98,D
-4.54971,21.86419,339.3,0.4,0.37,2025-03-17,1206,N21,nominal,2.0NRT,294.59,8.4,D
-4.00717,25.29042,339.34,0.4,0.44,2025-03-17,1206,N21,nominal,2.0NRT,297.07,3.75,D
-5.38639,16.24792,330.6,0.53,0.42,2025-03-17,1206,N21,nominal,2.0NRT,298.56,7.79,D
-4.10584,24.61645,343.31,0.54,0.42,2025-03-17,1206,N21,nominal,2.0NRT,301.71,9.31,D
-4.0074,25.21127,339.87,0.39,0.44,2025-03-17,1206,N21,nominal,2.0NRT,297.17,3.73,D
-4.04727,24.96068,342.52,0.57,0.43,2025-03-17,1206,N21,nominal,2.0NRT,297.9,8.42,D
-4.39705,22.73744,330.7,0.43,0.38,2025-03-17,1206,N21,nominal,2.0NRT,297.94,10.09,D
-4.41078,22.64923,333.91,0.43,0.38,2025-03-17,1206,N21,nominal,2.0NRT,299.15,4.59,D
-4.60829,21.37212,332.17,0.39,0.36,2025-03-17,1206,N21,nominal,2.0NRT,297.17,3.76,D
-4.00784,25.18277,340.19,0.39,0.44,2025-03-17,1206,N21,nominal,2.0NRT,300.24,7.92,D
-4.09737,24.62005,330.46,0.54,0.42,2025-03-17,1206,N21,nominal,2.0NRT,299.69,2.93,D
-4.13478,24.35951,330.23,0.52,0.41,2025-03-17,1206,N21,nominal,2.0NRT,299.1,4.43,D
-4.57345,21.55411,333.61,0.4,0.37,2025-03-17,1206,N21,nominal,2.0NRT,297.55,4.77,D
-4.56567,21.56017,331.86,0.4,0.37,2025-03-17,1206,N21,nominal,2.0NRT,297.47,2.69,D
-4.0564,24.70299,332.7,0.55,0.42,2025-03-17,1206,N21,nominal,2.0NRT,298.96,9.76,D
-5.16603,17.4632,348.98,0.46,0.39,2025-03-17,1206,N21,nominal,2.0NRT,290.13,9.83,D
-5.87522,12.33819,332.47,0.33,0.55,2025-03-17,1206,N21,nominal,2.0NRT,291.9,3.29,D
-4.07798,24.39827,338.37,0.52,0.42,2025-03-17,1206,N21,nominal,2.0NRT,301.44,5.62,D
-4.98098,18.54957,330.53,0.41,0.37,2025-03-17,1206,N21,low,2.0NRT,290.87,4.98,D
-4.4215,22.19837,335.12,0.41,0.37,2025-03-17,1206,N21,nominal,2.0NRT,298.94,5.02,D
-4.4208,22.1979,336.18,0.41,0.37,2025-03-17,1206,N21,nominal,2.0NRT,298.68,4.88,D
-4.07882,24.39522,332.64,0.52,0.42,2025-03-17,1206,N21,nominal,2.0NRT,300.09,6.18,D
-4.56295,21.24628,343.09,0.39,0.36,2025-03-17,1206,N21,nominal,2.0NRT,295.17,5.45,D
-4.45247,21.8783,334.56,0.4,0.37,2025-03-17,1206,N21,nominal,2.0NRT,298.68,4.39,D
-4.59218,20.96619,332.51,0.39,0.36,2025-03-17,1206,N21,nominal,2.0NRT,297.09,2.08,D
-4.54141,21.25369,331.8,0.39,0.36,2025-03-17,1206,N21,nominal,2.0NRT,297.12,6.97,D
-4.4828,21.54676,335.16,0.4,0.37,2025-03-17,1206,N21,nominal,2.0NRT,296.66,4.86,D
-4.54221,21.09333,334.47,0.39,0.36,2025-03-17,1206,N21,nominal,2.0NRT,299.78,7.91,D
-4.04322,24.27531,335.62,0.52,0.41,2025-03-17,1206,N21,nominal,2.0NRT,301.14,11.57,D
-4.97114,18.23849,338.29,0.42,0.38,2025-03-17,1206,N21,nominal,2.0NRT,298.5,5.01,D
-4.48826,21.37811,334.09,0.39,0.36,2025-03-17,1206,N21,nominal,2.0NRT,298.12,4.31,D
-4.49195,21.33198,331.44,0.39,0.36,2025-03-17,1206,N21,nominal,2.0NRT,296.23,1.77,D
-4.49788,21.29346,331.9,0.39,0.36,2025-03-17,1206,N21,nominal,2.0NRT,299.74,26.21,D
-4.44835,21.5704,331.43,0.4,0.37,2025-03-17,1206,N21,nominal,2.0NRT,296.93,3.21,D
-4.52049,21.05808,344.02,0.39,0.36,2025-03-17,1206,N21,nominal,2.0NRT,296.95,7.75,D
-4.52423,21.03375,330.6,0.39,0.36,2025-03-17,1206,N21,nominal,2.0NRT,295.6,4.51,D
-5.05318,17.51688,333.32,0.45,0.39,2025-03-17,1206,N21,nominal,2.0NRT,293.71,4.81,D
-4.41129,21.74327,333.48,0.4,0.37,2025-03-17,1206,N21,nominal,2.0NRT,297.79,4.2,D
-4.46774,21.37849,331.9,0.39,0.36,2025-03-17,1206,N21,nominal,2.0NRT,297.29,2.92,D
-4.92231,18.3773,345.66,0.42,0.38,2025-03-17,1206,N21,nominal,2.0NRT,294.08,14.08,D
-4.42162,21.5661,340.99,0.4,0.37,2025-03-17,1206,N21,nominal,2.0NRT,297.97,9.53,D
-4.49421,21.09668,330.33,0.39,0.36,2025-03-17,1206,N21,nominal,2.0NRT,296.82,3.13,D
-4.46059,21.24843,334.3,0.39,0.36,2025-03-17,1206,N21,nominal,2.0NRT,297.58,3.64,D
-4.90287,18.205,333.52,0.42,0.38,2025-03-17,1206,N21,nominal,2.0NRT,299.11,4.96,D
-4.42358,21.33528,331.78,0.39,0.36,2025-03-17,1206,N21,nominal,2.0NRT,297.4,4.85,D
-4.89886,18.2082,337.48,0.42,0.38,2025-03-17,1206,N21,nominal,2.0NRT,299.81,6.46,D
-5.76527,12.25219,338.05,0.33,0.55,2025-03-17,1206,N21,nominal,2.0NRT,292,6.8,D
-4.38211,21.36118,331.71,0.39,0.36,2025-03-17,1206,N21,nominal,2.0NRT,297.82,2.64,D
-4.93318,17.64412,331.2,0.45,0.39,2025-03-17,1206,N21,nominal,2.0NRT,292.02,4.38,D
-4.24488,22.15883,333.51,0.41,0.37,2025-03-17,1206,N21,nominal,2.0NRT,297.66,7.56,D
-4.23532,22.1084,342.23,0.41,0.37,2025-03-17,1206,N21,nominal,2.0NRT,300.44,3.51,D
-4.35268,21.35308,334.98,0.39,0.36,2025-03-17,1206,N21,nominal,2.0NRT,298.86,3.09,D
-4.23135,22.11152,330.73,0.41,0.37,2025-03-17,1206,N21,low,2.0NRT,300.8,6.63,D
-4.23192,22.10787,331.28,0.41,0.37,2025-03-17,1206,N21,nominal,2.0NRT,297.76,3.51,D
-4.89788,17.71208,336.5,0.44,0.39,2025-03-17,1206,N21,nominal,2.0NRT,296.89,6.68,D
-4.22795,22.11099,333.43,0.41,0.37,2025-03-17,1206,N21,nominal,2.0NRT,296.8,4.12,D
-4.8722,17.81352,333.15,0.44,0.38,2025-03-17,1206,N21,nominal,2.0NRT,297.24,8.1,D
-4.2166,22.11677,335.79,0.41,0.37,2025-03-17,1206,N21,nominal,2.0NRT,296.02,7.37,D
-4.8855,17.69812,337.58,0.44,0.39,2025-03-17,1206,N21,nominal,2.0NRT,295.4,6.08,D
-4.88495,17.6987,332.28,0.44,0.39,2025-03-17,1206,N21,nominal,2.0NRT,296.55,6,D
-4.87721,17.72597,333.18,0.44,0.39,2025-03-17,1206,N21,nominal,2.0NRT,297.06,4.61,D
-4.87376,17.70112,333.47,0.44,0.39,2025-03-17,1206,N21,low,2.0NRT,298.66,4.44,D
-4.87495,17.69322,332.94,0.44,0.39,2025-03-17,1206,N21,nominal,2.0NRT,296.33,4.41,D
-4.31035,21.38599,332.18,0.39,0.36,2025-03-17,1206,N21,nominal,2.0NRT,297.79,1.97,D
-4.8584,17.73126,333.93,0.44,0.39,2025-03-17,1206,N21,nominal,2.0NRT,296.87,5.84,D
-4.86377,17.6956,333.67,0.44,0.39,2025-03-17,1206,N21,low,2.0NRT,300.03,26.7,D
-4.86083,17.69112,334.01,0.44,0.39,2025-03-17,1206,N21,low,2.0NRT,298.68,4.37,D
-4.13103,22.46224,331.36,0.42,0.38,2025-03-17,1206,N21,nominal,2.0NRT,299.89,4.8,D
-4.79926,18.02962,330.98,0.43,0.38,2025-03-17,1206,N21,low,2.0NRT,297.34,2.64,D
-4.84495,17.67665,331.7,0.44,0.39,2025-03-17,1206,N21,low,2.0NRT,295.76,5.28,D
-4.8379,17.67555,337.52,0.44,0.39,2025-03-17,1206,N21,nominal,2.0NRT,295.24,6.58,D
-4.28178,21.32767,334.73,0.39,0.36,2025-03-17,1206,N21,nominal,2.0NRT,296.75,5.49,D
-4.27737,21.33418,333.71,0.39,0.36,2025-03-17,1206,N21,nominal,2.0NRT,295.44,6.79,D
-4.81553,17.70472,337.15,0.44,0.39,2025-03-17,1206,N21,nominal,2.0NRT,296.69,5.71,D
-4.8149,17.66017,334.15,0.45,0.39,2025-03-17,1206,N21,low,2.0NRT,301.77,5.61,D
-4.82734,17.57597,336.57,0.45,0.39,2025-03-17,1206,N21,nominal,2.0NRT,297.6,4.77,D
-5.44893,13.2649,338.23,0.56,0.51,2025-03-17,1206,N21,nominal,2.0NRT,291.99,6.06,D
-4.77928,17.82834,331.74,0.44,0.38,2025-03-17,1206,N21,nominal,2.0NRT,297.01,2.43,D
-4.82438,17.49739,332.35,0.45,0.39,2025-03-17,1206,N21,low,2.0NRT,288.68,11.46,D
-4.77738,17.74368,332.03,0.44,0.38,2025-03-17,1206,N21,nominal,2.0NRT,296.98,2.85,D
-4.70515,18.21036,335.43,0.42,0.38,2025-03-17,1206,N21,low,2.0NRT,298.85,10.33,D
-4.83514,17.32392,331.33,0.46,0.39,2025-03-17,1206,N21,nominal,2.0NRT,287.83,8.39,D
-5.02559,16.00492,337.44,0.55,0.42,2025-03-17,1206,N21,nominal,2.0NRT,297.45,6.69,D
-4.76802,17.75851,332.56,0.44,0.38,2025-03-17,1206,N21,nominal,2.0NRT,296.31,2.84,D
-4.70239,18.20979,334.16,0.42,0.38,2025-03-17,1206,N21,nominal,2.0NRT,301.28,10.02,D
-4.76729,17.75858,332.8,0.44,0.38,2025-03-17,1206,N21,nominal,2.0NRT,296.94,3.38,D
-4.65,18.41649,344.22,0.41,0.37,2025-03-17,1206,N21,low,2.0NRT,295.72,14.95,D
-4.23587,21.07332,333.41,0.39,0.36,2025-03-17,1206,N21,nominal,2.0NRT,299.08,3.39,D
-4.18419,21.36607,332.04,0.39,0.36,2025-03-17,1206,N21,nominal,2.0NRT,293.02,4.48,D
-4.31844,20.48893,332.3,0.38,0.36,2025-03-17,1206,N21,nominal,2.0NRT,296.04,5.07,D
-4.13827,21.598,335.29,0.4,0.37,2025-03-17,1206,N21,nominal,2.0NRT,297.93,3.57,D
-4.1371,21.58333,338.29,0.4,0.37,2025-03-17,1206,N21,nominal,2.0NRT,296.54,7.73,D
-4.74729,17.40816,336.37,0.46,0.39,2025-03-17,1206,N21,nominal,2.0NRT,298.07,5.99,D
-4.07703,21.79375,339.37,0.4,0.37,2025-03-17,1206,N21,nominal,2.0NRT,297.14,3.9,D
-4.10023,21.57765,332.6,0.4,0.37,2025-03-17,1206,N21,nominal,2.0NRT,298.31,7.15,D
-4.09688,21.57714,331.73,0.4,0.37,2025-03-17,1206,N21,nominal,2.0NRT,296.22,7.15,D
-4.11927,21.38855,331.79,0.39,0.36,2025-03-17,1206,N21,nominal,2.0NRT,296.65,2.86,D
-4.16418,21.09802,332.45,0.39,0.36,2025-03-17,1206,N21,nominal,2.0NRT,297.39,3.6,D
-4.25769,20.39454,337.05,0.38,0.36,2025-03-17,1206,N21,nominal,2.0NRT,298.33,3.69,D
-4.07818,21.54828,338.12,0.4,0.37,2025-03-17,1206,N21,nominal,2.0NRT,298.31,6.35,D
-4.67123,17.62718,332.42,0.45,0.39,2025-03-17,1206,N21,nominal,2.0NRT,297.88,3.8,D
-4.63038,17.77862,332.89,0.44,0.38,2025-03-17,1206,N21,nominal,2.0NRT,294.37,6.43,D
-4.63097,17.77468,332.66,0.44,0.38,2025-03-17,1206,N21,low,2.0NRT,295.59,6.43,D
-4.64818,17.66032,333.35,0.44,0.39,2025-03-17,1206,N21,nominal,2.0NRT,297.98,7.51,D
-4.02394,21.72273,334.77,0.4,0.37,2025-03-17,1206,N21,nominal,2.0NRT,299.55,15.3,D
-4.21827,20.40964,337.79,0.38,0.36,2025-03-17,1206,N21,nominal,2.0NRT,299.54,16.87,D
-4.01218,21.73198,330.62,0.4,0.37,2025-03-17,1206,N21,nominal,2.0NRT,295.14,1.45,D
-4.1418,20.88795,336.1,0.39,0.36,2025-03-17,1206,N21,nominal,2.0NRT,297.41,4.16,D
-4.03134,21.56299,331.61,0.4,0.37,2025-03-17,1206,N21,nominal,2.0NRT,298.04,3.05,D
-4.62173,17.64431,332.78,0.44,0.39,2025-03-17,1206,N21,nominal,2.0NRT,297.66,5.18,D
-4.59291,17.64405,345.5,0.44,0.39,2025-03-17,1206,N21,nominal,2.0NRT,297.66,12.08,D
-4.58644,17.66352,342.38,0.44,0.39,2025-03-17,1206,N21,nominal,2.0NRT,298.3,8.36,D
-4.56887,17.68503,332.08,0.44,0.38,2025-03-17,1206,N21,nominal,2.0NRT,300.07,6.1,D
-4.56945,17.6811,336.23,0.44,0.39,2025-03-17,1206,N21,nominal,2.0NRT,299.85,5.84,D
-4.53383,17.81729,338.86,0.44,0.38,2025-03-17,1206,N21,nominal,2.0NRT,301.11,14.72,D
-4.55588,17.67172,335.68,0.44,0.39,2025-03-17,1206,N21,nominal,2.0NRT,296.17,10.01,D
-4.53033,17.81676,336.13,0.44,0.38,2025-03-17,1206,N21,nominal,2.0NRT,299.72,3.81,D
-4.54053,17.70184,330.58,0.44,0.38,2025-03-17,1206,N21,nominal,2.0NRT,295.61,2.49,D
-4.5471,17.65833,337.05,0.44,0.39,2025-03-17,1206,N21,nominal,2.0NRT,294.99,6.66,D
-4.51295,17.74197,343.56,0.44,0.38,2025-03-17,1206,N21,nominal,2.0NRT,297.52,13.12,D
-4.00804,20.78599,343.18,0.39,0.36,2025-03-17,1206,N21,nominal,2.0NRT,297.74,8.39,D
-4.65499,16.34985,336.9,0.52,0.41,2025-03-17,1206,N21,nominal,2.0NRT,291.15,8.66,D
-4.65188,16.34467,335.66,0.52,0.41,2025-03-17,1206,N21,nominal,2.0NRT,286.05,5.68,D
-4.65451,16.35105,331.17,0.52,0.41,2025-03-17,1206,N21,nominal,2.0NRT,290.94,8.89,D
-4.4779,17.44458,332.85,0.45,0.39,2025-03-17,1206,N21,nominal,2.0NRT,298.45,16.73,D
-4.47847,17.31989,331.85,0.46,0.39,2025-03-17,1206,N21,nominal,2.0NRT,294.32,3.45,D
-4.42612,17.57203,333.92,0.45,0.39,2025-03-17,1206,N21,low,2.0NRT,297.9,3.21,D
-5.273,11.56462,329.2,0.36,0.58,2025-03-17,1206,N21,nominal,2.0NRT,290.5,2.14,D
-5.15328,12.12158,351.12,0.33,0.55,2025-03-17,1206,N21,nominal,2.0NRT,292.19,5.42,D
-5.15433,12.12265,355.46,0.33,0.55,2025-03-17,1206,N21,nominal,2.0NRT,292.2,6.49,D
-5.20563,11.69804,329.22,0.36,0.57,2025-03-17,1206,N21,nominal,2.0NRT,289.8,5.08,D
-4.58718,15.76162,333.22,0.56,0.43,2025-03-17,1206,N21,nominal,2.0NRT,295.85,2.04,D
-4.90015,13.63002,330.15,0.52,0.5,2025-03-17,1206,N21,nominal,2.0NRT,290.56,2.81,D
-5.11415,12.11447,330.51,0.33,0.55,2025-03-17,1206,N21,nominal,2.0NRT,291.73,2.03,D
-4.57893,15.68151,337.31,0.56,0.43,2025-03-17,1206,N21,nominal,2.0NRT,297.48,7.04,D
-4.43875,16.29313,335.41,0.52,0.41,2025-03-17,1206,N21,nominal,2.0NRT,297.86,4.33,D
-4.4382,16.29503,345.63,0.52,0.41,2025-03-17,1206,N21,nominal,2.0NRT,298.72,9.09,D
-4.29607,17.08818,330.8,0.47,0.4,2025-03-17,1206,N21,low,2.0NRT,292.74,4.06,D
-4.43583,15.91758,336.04,0.54,0.42,2025-03-17,1206,N21,nominal,2.0NRT,296.63,5.24,D
-4.20949,17.37364,330.14,0.45,0.39,2025-03-17,1206,N21,low,2.0NRT,292.03,1.92,D
-4.09516,18.02354,341.89,0.42,0.38,2025-03-17,1206,N21,nominal,2.0NRT,304.08,9.94,D
-4.09572,18.01975,336.25,0.42,0.38,2025-03-17,1206,N21,nominal,2.0NRT,301.64,9.94,D
-4.15679,17.19518,335.89,0.46,0.39,2025-03-17,1206,N21,nominal,2.0NRT,298.09,6.12,D
-4.12034,17.41427,336.68,0.45,0.39,2025-03-17,1206,N21,nominal,2.0NRT,297.85,27.46,D
-4.89361,12.08096,332.43,0.33,0.55,2025-03-17,1206,N21,nominal,2.0NRT,290.88,2.2,D
-4.86519,12.02593,333.34,0.33,0.56,2025-03-17,1206,N21,nominal,2.0NRT,292.93,4.88,D
-4.86095,12.01924,346.31,0.33,0.56,2025-03-17,1206,N21,nominal,2.0NRT,293.64,14.1,D
-4.86138,12.01614,353.61,0.33,0.56,2025-03-17,1206,N21,nominal,2.0NRT,291.65,11.91,D
-4.02192,17.80954,332.21,0.43,0.38,2025-03-17,1206,N21,nominal,2.0NRT,298.1,4.55,D
-4.85919,11.95746,328.34,0.34,0.56,2025-03-17,1206,N21,nominal,2.0NRT,292.55,3.67,D
-4.85197,11.97196,329.35,0.34,0.56,2025-03-17,1206,N21,nominal,2.0NRT,292.58,3.33,D
-4.8524,11.96888,328.17,0.34,0.56,2025-03-17,1206,N21,nominal,2.0NRT,292.02,3.33,D
-4.86085,11.95829,331.08,0.34,0.56,2025-03-17,1206,N21,nominal,2.0NRT,292.7,2.17,D
-4.92384,11.38188,367,0.37,0.58,2025-03-17,1206,N21,high,2.0NRT,291.2,6.75,D
-4.92432,11.37858,328.98,0.37,0.58,2025-03-17,1206,N21,nominal,2.0NRT,290.25,6.75,D
-4.09318,16.94385,330.34,0.47,0.4,2025-03-17,1206,N21,nominal,2.0NRT,294.71,3.78,D
-4.03071,16.96489,333.35,0.47,0.4,2025-03-17,1206,N21,nominal,2.0NRT,295.9,14.27,D
-4.02709,16.96436,333.12,0.47,0.4,2025-03-17,1206,N21,nominal,2.0NRT,294.95,4.5,D
-4.40967,11.70802,329.66,0.35,0.56,2025-03-17,1206,N21,nominal,2.0NRT,292.19,2.4,D
-4.39198,11.72136,367,0.34,0.56,2025-03-17,1206,N21,high,2.0NRT,291.8,12.63,D
-4.28587,11.52728,328.57,0.35,0.57,2025-03-17,1206,N21,nominal,2.0NRT,292.2,3.65,D
-4.10271,11.7821,328.86,0.34,0.56,2025-03-17,1206,N21,nominal,2.0NRT,290.28,3.03,D
-33.62535,18.94316,367,0.73,0.76,2025-03-17,1338,N21,high,2.0NRT,301.89,24.75,D
-33.62771,18.93552,335.19,0.73,0.76,2025-03-17,1338,N21,nominal,2.0NRT,300.58,18.75,D
-33.62616,18.94603,350.92,0.73,0.76,2025-03-17,1338,N21,nominal,2.0NRT,300.79,15.86,D
-33.62169,18.93577,335.43,0.73,0.76,2025-03-17,1338,N21,nominal,2.0NRT,300.89,15.86,D
-33.67431,18.66305,339.07,0.71,0.75,2025-03-17,1338,N21,nominal,2.0NRT,300.57,10.45,D
-33.32006,19.32745,342.15,0.78,0.78,2025-03-17,1338,N21,nominal,2.0NRT,296.25,8.59,D
-33.3172,19.32615,336.72,0.79,0.78,2025-03-17,1338,N21,nominal,2.0NRT,295.69,6.77,D
-33.37092,18.97396,352.93,0.75,0.77,2025-03-17,1338,N21,nominal,2.0NRT,298.11,33.67,D
-33.37338,18.9659,354.04,0.75,0.77,2025-03-17,1338,N21,nominal,2.0NRT,301.39,33.67,D
-33.41111,18.71771,341.76,0.72,0.76,2025-03-17,1338,N21,nominal,2.0NRT,298.45,7.59,D
-33.12793,18.86179,332.54,0.75,0.77,2025-03-17,1338,N21,nominal,2.0NRT,301.36,6.76,D
-33.18548,18.64911,367,0.73,0.76,2025-03-17,1338,N21,high,2.0NRT,304.1,29.66,D
-33.18699,18.64947,367,0.73,0.76,2025-03-17,1338,N21,high,2.0NRT,303.02,36.75,D
-32.8797,18.6261,351.71,0.74,0.76,2025-03-17,1338,N21,nominal,2.0NRT,303.08,17.83,D
-32.8824,18.62464,344.63,0.74,0.76,2025-03-17,1338,N21,nominal,2.0NRT,303.28,13.16,D
-21.38759,46.52183,299.32,0.59,0.53,2025-03-17,2131,N21,nominal,2.0NRT,287.08,1.25,N
-21.39481,46.53214,299.75,0.59,0.53,2025-03-17,2131,N21,nominal,2.0NRT,287.27,0.86,N
-23.66493,46.13301,300.96,0.56,0.52,2025-03-17,2131,N21,nominal,2.0NRT,287.42,1.4,N
-15.54551,28.2679,302.14,0.43,0.38,2025-03-17,2312,N21,nominal,2.0NRT,289.28,0.74,N
-17.34496,27.20713,319.84,0.46,0.39,2025-03-17,2312,N21,nominal,2.0NRT,292.03,2.14,N
-18.75679,34.92025,304.1,0.55,0.43,2025-03-17,2312,N21,nominal,2.0NRT,289.7,0.95,N
-18.75747,34.92552,301.1,0.55,0.43,2025-03-17,2312,N21,nominal,2.0NRT,289.29,0.95,N
-18.53045,32.65426,316,0.43,0.38,2025-03-17,2312,N21,nominal,2.0NRT,285.4,2.3,N
-17.29831,24.14218,344.95,0.46,0.47,2025-03-17,2312,N21,nominal,2.0NRT,292.53,9.5,N
-17.29754,24.13806,308.23,0.46,0.47,2025-03-17,2312,N21,nominal,2.0NRT,290.35,3.54,N
-18.36804,26.47632,344.48,0.48,0.4,2025-03-17,2312,N21,nominal,2.0NRT,299.19,9.67,N
-18.36692,26.4483,308.96,0.49,0.4,2025-03-17,2312,N21,nominal,2.0NRT,291.79,2.58,N
-18.37172,26.47565,314.67,0.48,0.4,2025-03-17,2312,N21,nominal,2.0NRT,291.75,2.76,N
-18.37252,26.48022,310.46,0.48,0.4,2025-03-17,2312,N21,nominal,2.0NRT,291.23,1.7,N
-18.37141,26.45218,329.96,0.49,0.4,2025-03-17,2312,N21,nominal,2.0NRT,292.83,5.02,N
-18.37509,26.45151,309.93,0.49,0.4,2025-03-17,2312,N21,nominal,2.0NRT,292.19,1.67,N
-18.39526,26.41442,303.17,0.49,0.4,2025-03-17,2312,N21,nominal,2.0NRT,290.6,0.96,N
-18.41208,26.49403,303.06,0.48,0.4,2025-03-17,2312,N21,nominal,2.0NRT,290.21,0.81,N
-18.42999,26.5094,323.16,0.48,0.4,2025-03-17,2312,N21,nominal,2.0NRT,291.3,2.35,N
-18.43077,26.51378,307.15,0.48,0.4,2025-03-17,2312,N21,nominal,2.0NRT,290.6,2.35,N
-18.44173,26.51153,312.84,0.48,0.4,2025-03-17,2312,N21,nominal,2.0NRT,291.61,2.11,N
-18.44698,26.51977,302.08,0.48,0.4,2025-03-17,2312,N21,nominal,2.0NRT,290.14,2.16,N
-18.44263,26.47384,319.82,0.48,0.4,2025-03-17,2312,N21,nominal,2.0NRT,292.14,2.71,N
-20.31096,30.0294,297.22,0.38,0.36,2025-03-17,2314,N21,nominal,2.0NRT,286.85,0.57,N
-21.04529,31.67674,300.22,0.41,0.37,2025-03-17,2314,N21,nominal,2.0NRT,289.8,0.44,N
-21.74762,35.05965,303.52,0.41,0.45,2025-03-17,2314,N21,nominal,2.0NRT,291.16,0.58,N
-23.9929,29.426,297.77,0.39,0.36,2025-03-17,2314,N21,nominal,2.0NRT,285.35,0.51,N
-24.55601,30.14681,329.72,0.4,0.37,2025-03-17,2314,N21,nominal,2.0NRT,288.76,3.45,N
-24.04965,25.88391,303.71,0.44,0.38,2025-03-17,2314,N21,nominal,2.0NRT,287.8,1.04,N
-24.74179,30.19313,314.88,0.4,0.37,2025-03-17,2314,N21,nominal,2.0NRT,289.66,1.68,N
-24.74516,30.19252,300.46,0.4,0.37,2025-03-17,2314,N21,nominal,2.0NRT,289.49,0.63,N
-24.59809,28.24882,300.67,0.39,0.36,2025-03-17,2314,N21,nominal,2.0NRT,287.27,0.81,N
-25.35836,28.27938,308.82,0.38,0.36,2025-03-17,2314,N21,nominal,2.0NRT,287.87,0.75,N
-25.57413,27.58431,315.94,0.39,0.36,2025-03-17,2314,N21,nominal,2.0NRT,287.47,1.43,N
-25.57746,27.58365,300.12,0.39,0.36,2025-03-17,2314,N21,nominal,2.0NRT,288.09,1.43,N
-25.4788,26.86691,297.9,0.4,0.37,2025-03-17,2314,N21,nominal,2.0NRT,284.93,0.69,N
-25.72721,27.60766,296.86,0.39,0.36,2025-03-17,2314,N21,nominal,2.0NRT,285.89,0.81,N
-25.72783,27.61152,304.34,0.39,0.36,2025-03-17,2314,N21,nominal,2.0NRT,286.54,0.81,N
-25.73053,27.60701,306.3,0.39,0.36,2025-03-17,2314,N21,nominal,2.0NRT,286.52,0.81,N
-25.70787,27.40419,299.21,0.39,0.36,2025-03-17,2314,N21,nominal,2.0NRT,288.17,1.57,N
-25.7112,27.40354,324.63,0.39,0.36,2025-03-17,2314,N21,nominal,2.0NRT,291.22,1.57,N
-25.71453,27.40289,332.31,0.39,0.36,2025-03-17,2314,N21,nominal,2.0NRT,291.02,4.88,N
-26.26707,28.83742,312.97,0.39,0.36,2025-03-17,2314,N21,nominal,2.0NRT,286.41,2.46,N
-25.81529,25.84512,296.94,0.42,0.38,2025-03-17,2314,N21,nominal,2.0NRT,285.47,0.63,N
-26.28512,28.16198,309.9,0.38,0.36,2025-03-17,2314,N21,nominal,2.0NRT,286.11,1.18,N
-26.36894,28.48176,301.08,0.38,0.36,2025-03-17,2314,N21,nominal,2.0NRT,285.22,0.66,N
-26.37225,28.48114,298.24,0.38,0.36,2025-03-17,2314,N21,nominal,2.0NRT,284.64,0.66,N
-26.39381,28.4898,307.17,0.38,0.36,2025-03-17,2314,N21,nominal,2.0NRT,286.85,1.02,N
-26.31075,27.78601,303.11,0.39,0.36,2025-03-17,2314,N21,nominal,2.0NRT,284.6,0.78,N
-26.31137,27.78985,296.79,0.39,0.36,2025-03-17,2314,N21,nominal,2.0NRT,284.38,0.73,N
-26.54196,29.1748,295.98,0.39,0.36,2025-03-17,2314,N21,nominal,2.0NRT,282.2,0.86,N
-27.69979,30.02058,309.55,0.41,0.37,2025-03-17,2316,N21,nominal,2.0NRT,286.99,1.68,N
-27.71862,30.00436,316.41,0.41,0.37,2025-03-17,2316,N21,nominal,2.0NRT,288.6,2,N
-28.2039,32.36821,332.75,0.52,0.41,2025-03-17,2316,N21,nominal,2.0NRT,289.5,6.03,N
-28.2023,32.36748,326.34,0.52,0.41,2025-03-17,2316,N21,nominal,2.0NRT,288.65,2.73,N
-28.20292,32.37276,306.72,0.52,0.41,2025-03-17,2316,N21,nominal,2.0NRT,288.16,2.19,N
-28.20613,32.36685,301.72,0.52,0.41,2025-03-17,2316,N21,nominal,2.0NRT,288.56,2.73,N
-30.67663,30.34363,313.54,0.45,0.39,2025-03-17,2316,N21,nominal,2.0NRT,288.42,1.93,N
-31.92841,23.58247,295.68,0.44,0.38,2025-03-17,2316,N21,nominal,2.0NRT,285.65,0.17,N
-32.30733,19.17619,306.28,0.46,0.47,2025-03-17,2316,N21,nominal,2.0NRT,293.53,2.1,N
-32.3084,19.18114,306.32,0.46,0.47,2025-03-17,2316,N21,nominal,2.0NRT,293.62,1.09,N
-32.30968,19.1659,314.9,0.46,0.47,2025-03-17,2316,N21,nominal,2.0NRT,293.09,1.69,N
-32.31181,19.17581,315.72,0.46,0.47,2025-03-17,2316,N21,nominal,2.0NRT,293,2.1,N
-32.3321,19.09831,336.59,0.47,0.48,2025-03-17,2316,N21,nominal,2.0NRT,296.66,6.55,N
-32.33345,19.10443,334.26,0.47,0.48,2025-03-17,2316,N21,nominal,2.0NRT,294.33,6.17,N
-32.33707,19.12085,323.18,0.47,0.47,2025-03-17,2316,N21,nominal,2.0NRT,292.09,3.68,N
-32.33834,19.12661,345.61,0.47,0.47,2025-03-17,2316,N21,nominal,2.0NRT,293.89,9.51,N
-32.33746,19.1018,350.88,0.47,0.48,2025-03-17,2316,N21,nominal,2.0NRT,297.76,11.45,N
-32.93838,18.75869,306.1,0.47,0.48,2025-03-17,2316,N21,nominal,2.0NRT,292.83,1.21,N
-33.13973,19.00765,340.44,0.46,0.47,2025-03-17,2316,N21,nominal,2.0NRT,297.3,20.23,N
-33.14398,19.00632,323.71,0.46,0.47,2025-03-17,2316,N21,nominal,2.0NRT,294.01,2.94,N
-32.96097,18.04436,308.7,0.52,0.5,2025-03-17,2316,N21,nominal,2.0NRT,291.92,1.85,N
-32.96132,18.04695,305.51,0.52,0.5,2025-03-17,2316,N21,nominal,2.0NRT,291.76,2.02,N
-33.40757,18.71575,321.22,0.47,0.47,2025-03-17,2318,N21,nominal,2.0NRT,292.08,2.68,N
-33.84069,18.52893,305.88,0.47,0.48,2025-03-17,2318,N21,nominal,2.0NRT,293.55,1.86,N
-33.84138,18.53169,305.64,0.47,0.47,2025-03-17,2318,N21,nominal,2.0NRT,292.87,1.11,N
-33.97178,18.57845,304.55,0.46,0.47,2025-03-17,2318,N21,nominal,2.0NRT,290.86,0.89,N
-34.07925,18.77779,300.42,0.45,0.47,2025-03-17,2318,N21,nominal,2.0NRT,289.96,0.71,N
-4.84396,32.06544,301.74,0.4,0.37,2025-03-17,2307,N21,nominal,2.0NRT,288.73,0.3,N
-4.25986,25.74614,295.96,0.6,0.53,2025-03-17,2307,N21,nominal,2.0NRT,276.4,0.28,N
-4.36743,25.71917,301.26,0.59,0.53,2025-03-17,2307,N21,nominal,2.0NRT,285.61,0.83,N
-4.44815,25.78719,305.53,0.59,0.53,2025-03-17,2307,N21,nominal,2.0NRT,286.86,0.88,N
-10.53865,26.28942,297.74,0.43,0.46,2025-03-17,2309,N21,nominal,2.0NRT,286.55,0.32,N
-10.78402,25.58615,300.53,0.48,0.48,2025-03-17,2309,N21,nominal,2.0NRT,286.73,1.15,N
-10.82967,25.69201,298.69,0.47,0.48,2025-03-17,2309,N21,nominal,2.0NRT,286.71,0.91,N
-12.71025,33.29435,304.26,0.41,0.37,2025-03-17,2309,N21,nominal,2.0NRT,288.57,0.87,N
-12.07832,26.39585,354.28,0.4,0.44,2025-03-17,2309,N21,nominal,2.0NRT,289.32,13.46,N
-12.51006,28.2881,299.95,0.47,0.4,2025-03-17,2309,N21,nominal,2.0NRT,288.06,1.1,N
-14.49196,28.46259,324.93,0.44,0.38,2025-03-17,2312,N21,nominal,2.0NRT,291.82,3.47,N
-4.86049,12.02553,319.83,0.52,0.41,2025-03-18,0050,N21,nominal,2.0NRT,285,7.66,N
-4.86428,12.02494,339.2,0.52,0.41,2025-03-18,0050,N21,nominal,2.0NRT,289.75,7.66,N
-4.89229,12.08263,312.24,0.52,0.42,2025-03-18,0050,N21,nominal,2.0NRT,286.47,0.8,N
-4.93249,12.09091,341.88,0.52,0.42,2025-03-18,0050,N21,nominal,2.0NRT,284.96,14.19,N
-4.9363,12.09035,343.47,0.52,0.42,2025-03-18,0050,N21,nominal,2.0NRT,281.03,14.19,N
-4.92064,11.93646,312.12,0.51,0.41,2025-03-18,0050,N21,nominal,2.0NRT,289.61,3.92,N
-5.02595,11.65314,308.39,0.5,0.41,2025-03-18,0050,N21,nominal,2.0NRT,291.75,0.79,N
-5.27155,11.56529,308.15,0.49,0.41,2025-03-18,0050,N21,nominal,2.0NRT,291.65,3.68,N
-5.48634,12.06445,308.22,0.53,0.42,2025-03-18,0050,N21,nominal,2.0NRT,292.05,2.99,N
-5.48554,12.06778,308.58,0.53,0.42,2025-03-18,0050,N21,nominal,2.0NRT,291.98,2.88,N
-5.873,12.33657,309.83,0.56,0.43,2025-03-18,0050,N21,nominal,2.0NRT,289.67,1.59,N
-6.21407,12.39325,318.62,0.57,0.43,2025-03-18,0050,N21,nominal,2.0NRT,290.72,3.92,N
-6.14188,11.0329,330.58,0.47,0.4,2025-03-18,0050,N21,nominal,2.0NRT,288.74,7.97,N
-6.32158,11.28242,316.4,0.49,0.4,2025-03-18,0050,N21,nominal,2.0NRT,291.09,3.72,N
-6.32051,11.05158,323.14,0.48,0.4,2025-03-18,0050,N21,nominal,2.0NRT,291.59,3.51,N
-6.32078,11.05345,317.91,0.48,0.4,2025-03-18,0050,N21,nominal,2.0NRT,291.3,1.97,N
-7.84873,12.10889,305.4,0.57,0.43,2025-03-18,0050,N21,nominal,2.0NRT,290.51,7.87,N
-24.12986,46.11669,337.22,0.32,0.55,2025-03-18,1000,N21,nominal,2.0NRT,299.22,2.13,D
-24.15723,45.82295,337.89,0.34,0.56,2025-03-18,1000,N21,nominal,2.0NRT,295.62,2.89,D
-22.97211,44.71656,330.04,0.39,0.59,2025-03-18,1002,N21,nominal,2.0NRT,295.86,1.79,D
-21.38554,46.47846,332.81,0.57,0.52,2025-03-18,1002,N21,nominal,2.0NRT,296.41,4.68,D
-21.46215,43.6585,328.67,0.44,0.62,2025-03-18,1002,N21,nominal,2.0NRT,293.08,3.77,D
-20.77866,45.02158,330.93,0.35,0.57,2025-03-18,1002,N21,nominal,2.0NRT,294.26,4.51,D
-19.6883,46.05171,338.3,0.58,0.52,2025-03-18,1002,N21,nominal,2.0NRT,295.83,10.43,D
-17.8068,47.06831,332.28,0.47,0.48,2025-03-18,1002,N21,nominal,2.0NRT,296.05,3.94,D
-18.01902,44.17632,334.06,0.37,0.58,2025-03-18,1002,N21,nominal,2.0NRT,291.29,2.72,D
-17.31553,46.20329,332.87,0.53,0.5,2025-03-18,1002,N21,nominal,2.0NRT,297.2,9.97,D
-16.40026,47.82183,338.74,0.4,0.44,2025-03-18,1002,N21,nominal,2.0NRT,295.96,4.18,D
-16.23685,47.3225,332.27,0.43,0.46,2025-03-18,1002,N21,nominal,2.0NRT,295.9,3.18,D
-15.44376,47.68423,334.92,0.4,0.44,2025-03-18,1002,N21,nominal,2.0NRT,295.68,4.91,D
-15.43285,47.73545,339.43,0.4,0.44,2025-03-18,1002,N21,nominal,2.0NRT,295.4,7.27,D
-15.42879,47.73491,340.31,0.4,0.44,2025-03-18,1002,N21,nominal,2.0NRT,296.15,7.27,D
-15.0569,47.78899,338.96,0.39,0.44,2025-03-18,1004,N21,nominal,2.0NRT,295.05,5.7,D
-13.17506,49.38692,331.63,0.46,0.39,2025-03-18,1004,N21,nominal,2.0NRT,297.1,2.85,D
-20.51307,32.8428,331.16,0.5,0.41,2025-03-18,1142,N21,nominal,2.0NRT,297.29,2.47,D
-20.20678,33.13838,331.24,0.52,0.41,2025-03-18,1142,N21,nominal,2.0NRT,297.39,4.48,D
-18.65538,34.05767,339.13,0.41,0.45,2025-03-18,1145,N21,nominal,2.0NRT,297.87,3.45,D
-18.92773,29.7903,333.95,0.4,0.37,2025-03-18,1145,N21,nominal,2.0NRT,303.22,4.22,D
-18.2537,29.21472,330.02,0.39,0.36,2025-03-18,1145,N21,low,2.0NRT,303.69,1.83,D
-18.43126,26.51166,336.6,0.41,0.37,2025-03-18,1145,N21,nominal,2.0NRT,303.99,4.54,D
-18.37328,26.45105,343.45,0.41,0.37,2025-03-18,1145,N21,nominal,2.0NRT,310.03,8.77,D
-17.29963,24.14144,350.25,0.5,0.41,2025-03-18,1145,N21,nominal,2.0NRT,306.12,11.66,D
-15.38258,28.21999,336.45,0.39,0.36,2025-03-18,1145,N21,nominal,2.0NRT,302.65,3.56,D
-15.83771,21.6168,340.22,0.45,0.47,2025-03-18,1145,N21,nominal,2.0NRT,294.39,9.76,D
-15.83926,21.6145,338.85,0.45,0.47,2025-03-18,1145,N21,nominal,2.0NRT,290.62,6.69,D
-10.66711,25.23394,327.91,0.4,0.37,2025-03-18,1147,N21,nominal,2.0NRT,293.33,2,D
-10.47775,25.90877,327.9,0.39,0.36,2025-03-18,1147,N21,nominal,2.0NRT,295.19,2.2,D
-10.17584,27.41285,340.03,0.39,0.36,2025-03-18,1147,N21,nominal,2.0NRT,289.3,4.45,D
-10.00206,27.76134,346.31,0.4,0.37,2025-03-18,1147,N21,nominal,2.0NRT,301.21,6.82,D
-11.36555,17.76755,325.82,0.35,0.57,2025-03-18,1147,N21,nominal,2.0NRT,292.9,2.09,D
-9.95791,27.2396,330.76,0.39,0.36,2025-03-18,1147,N21,nominal,2.0NRT,296.86,3.16,D
-9.78998,27.2264,333.99,0.39,0.36,2025-03-18,1147,N21,nominal,2.0NRT,296.21,3.44,D
-9.65072,27.73032,332.44,0.4,0.37,2025-03-18,1147,N21,nominal,2.0NRT,292.7,3.43,D
-9.64736,27.72978,339.33,0.4,0.37,2025-03-18,1147,N21,nominal,2.0NRT,291.15,3.43,D
-9.72296,26.29132,334.6,0.38,0.36,2025-03-18,1147,N21,nominal,2.0NRT,297.88,3.22,D
-9.49154,27.65652,340.88,0.4,0.37,2025-03-18,1147,N21,nominal,2.0NRT,300.86,4.31,D
-10.76683,15.34989,342.51,0.51,0.66,2025-03-18,1147,N21,nominal,2.0NRT,274.96,10.42,D
-8.96291,27.961,332.74,0.41,0.37,2025-03-18,1147,N21,nominal,2.0NRT,296.83,2.91,D
-8.78641,27.55724,343.7,0.4,0.37,2025-03-18,1147,N21,nominal,2.0NRT,299.83,6.27,D
-9.1636,23.53239,336.07,0.44,0.38,2025-03-18,1147,N21,low,2.0NRT,296.74,6.16,D
-8.49521,27.13211,330.02,0.39,0.36,2025-03-18,1147,N21,nominal,2.0NRT,298.65,4.29,D
-8.39024,26.75584,347.42,0.39,0.36,2025-03-18,1147,N21,nominal,2.0NRT,299.86,14.07,D
-8.39079,26.75234,331.74,0.39,0.36,2025-03-18,1147,N21,nominal,2.0NRT,297.64,5.29,D
-8.39655,26.67025,340.56,0.39,0.36,2025-03-18,1147,N21,nominal,2.0NRT,303.31,15.63,D
-8.391,26.66223,347.17,0.39,0.36,2025-03-18,1147,N21,nominal,2.0NRT,299.11,6.74,D
-8.37514,26.69915,336.49,0.39,0.36,2025-03-18,1147,N21,nominal,2.0NRT,300.09,6.53,D
-8.35703,26.72859,332.25,0.39,0.36,2025-03-18,1147,N21,nominal,2.0NRT,298.28,2.32,D
-8.34863,26.69501,336.07,0.39,0.36,2025-03-18,1147,N21,nominal,2.0NRT,299.86,3.23,D
-8.33721,26.74702,342.5,0.39,0.36,2025-03-18,1147,N21,nominal,2.0NRT,298.83,5.17,D
-8.3265,26.68439,330.22,0.39,0.36,2025-03-18,1147,N21,low,2.0NRT,300.75,3.69,D
-8.30844,26.73534,333.79,0.39,0.36,2025-03-18,1147,N21,nominal,2.0NRT,300.44,2.53,D
-8.2877,26.84714,332.26,0.39,0.36,2025-03-18,1147,N21,nominal,2.0NRT,298.27,6.52,D
-8.28825,26.84362,337.51,0.39,0.36,2025-03-18,1147,N21,nominal,2.0NRT,298.04,5.24,D
-8.27905,26.72646,340.88,0.39,0.36,2025-03-18,1147,N21,nominal,2.0NRT,301.73,4.7,D
-8.263,26.72036,339.52,0.39,0.36,2025-03-18,1147,N21,nominal,2.0NRT,298.82,5.67,D
-8.21162,26.72309,334.01,0.39,0.36,2025-03-18,1147,N21,nominal,2.0NRT,298.81,2.57,D
-8.21311,26.66954,337.38,0.39,0.36,2025-03-18,1147,N21,nominal,2.0NRT,299.74,4.94,D
-8.15394,26.91934,335.2,0.39,0.36,2025-03-18,1147,N21,nominal,2.0NRT,301.68,4.29,D
-8.15449,26.91581,341.66,0.39,0.36,2025-03-18,1147,N21,nominal,2.0NRT,303.32,7.65,D
-8.2286,26.36836,339.14,0.39,0.36,2025-03-18,1147,N21,nominal,2.0NRT,302.53,3.38,D
-8.15662,26.79341,333.83,0.39,0.36,2025-03-18,1147,N21,nominal,2.0NRT,298.13,4.84,D
-8.13268,26.92674,336.76,0.39,0.36,2025-03-18,1147,N21,nominal,2.0NRT,300.75,6.75,D
-8.15907,26.71112,337.46,0.39,0.36,2025-03-18,1147,N21,nominal,2.0NRT,300,4.13,D
-8.11767,26.91354,330.16,0.39,0.36,2025-03-18,1147,N21,nominal,2.0NRT,300.83,2.62,D
-8.09244,27.05464,334.99,0.39,0.36,2025-03-18,1147,N21,nominal,2.0NRT,298.89,3.08,D
-8.1531,26.59555,333.88,0.39,0.36,2025-03-18,1147,N21,nominal,2.0NRT,298.6,3.15,D
-8.05154,26.83459,335.15,0.39,0.36,2025-03-18,1147,N21,nominal,2.0NRT,299.45,4.07,D
-7.94879,26.92633,331.43,0.39,0.36,2025-03-18,1147,N21,nominal,2.0NRT,300.03,3.59,D
-7.90666,26.95902,333.12,0.39,0.36,2025-03-18,1147,N21,nominal,2.0NRT,297.28,2.57,D
-8.05864,25.96812,331.32,0.38,0.36,2025-03-18,1147,N21,nominal,2.0NRT,297.26,2.74,D
-7.84388,26.96732,338.84,0.39,0.36,2025-03-18,1147,N21,nominal,2.0NRT,299.68,5.12,D
-6.2383,36.30977,329.22,0.48,0.65,2025-03-18,1147,N21,nominal,2.0NRT,288.75,4.9,D
-6.24054,36.30784,330.45,0.48,0.65,2025-03-18,1147,N21,nominal,2.0NRT,288.88,4.55,D
-7.75084,26.49126,330.61,0.39,0.36,2025-03-18,1147,N21,nominal,2.0NRT,295.68,3.5,D
-8.70437,19.22904,331.68,0.51,0.5,2025-03-18,1147,N21,nominal,2.0NRT,288.14,6.19,D
-7.5541,26.86271,331.59,0.39,0.36,2025-03-18,1147,N21,nominal,2.0NRT,298.21,4.13,D
-7.55465,26.85918,337.13,0.39,0.36,2025-03-18,1147,N21,nominal,2.0NRT,299.04,4.13,D
-7.50071,26.85798,332.05,0.39,0.36,2025-03-18,1147,N21,nominal,2.0NRT,300.08,1.12,D
-7.57016,26.40537,336.31,0.39,0.36,2025-03-18,1147,N21,nominal,2.0NRT,299.08,5.23,D
-7.44813,26.95504,337.5,0.39,0.37,2025-03-18,1147,N21,nominal,2.0NRT,298.13,3.6,D
-7.4972,26.03822,331.19,0.38,0.36,2025-03-18,1147,N21,nominal,2.0NRT,296.95,5.83,D
-7.61358,24.37089,332.74,0.4,0.37,2025-03-18,1147,N21,nominal,2.0NRT,300.04,5.45,D
-7.59864,24.40185,338.97,0.4,0.37,2025-03-18,1147,N21,nominal,2.0NRT,300.52,6.68,D
-7.56733,24.40454,337.3,0.4,0.37,2025-03-18,1147,N21,low,2.0NRT,299.43,10.43,D
-7.13929,27.06282,341.64,0.4,0.37,2025-03-18,1147,N21,nominal,2.0NRT,300.4,14.33,D
-7.0248,27.05554,333.37,0.4,0.37,2025-03-18,1147,N21,nominal,2.0NRT,299.61,8.26,D
-6.97612,27.0369,336.1,0.4,0.37,2025-03-18,1147,N21,nominal,2.0NRT,300.03,3.81,D
-8.5941,15.52585,325.38,0.46,0.64,2025-03-18,1147,N21,nominal,2.0NRT,280.28,3.57,D
-7.1053,25.46671,338.07,0.38,0.36,2025-03-18,1147,N21,nominal,2.0NRT,299.79,4.15,D
-7.29569,24.20045,339.06,0.4,0.37,2025-03-18,1147,N21,nominal,2.0NRT,297.4,5.43,D
-7.45058,22.68455,330.92,0.46,0.39,2025-03-18,1147,N21,nominal,2.0NRT,296.04,3.19,D
-7.26973,23.76149,336.27,0.41,0.37,2025-03-18,1147,N21,nominal,2.0NRT,300.2,6.97,D
-7.21788,23.75764,333.48,0.41,0.37,2025-03-18,1147,N21,nominal,2.0NRT,300.47,2.21,D
-7.21542,23.7267,331.76,0.42,0.37,2025-03-18,1147,N21,nominal,2.0NRT,298.16,3.1,D
-7.20542,23.69823,332.05,0.42,0.37,2025-03-18,1147,N21,nominal,2.0NRT,299.23,3.01,D
-7.15533,23.8465,332.61,0.41,0.37,2025-03-18,1147,N21,nominal,2.0NRT,297.53,2.71,D
-6.92871,25.30807,339.53,0.38,0.36,2025-03-18,1147,N21,nominal,2.0NRT,299.7,6.58,D
-6.92541,25.30757,345.51,0.38,0.36,2025-03-18,1147,N21,nominal,2.0NRT,298.78,6.58,D
-7.12186,23.95456,342.59,0.41,0.37,2025-03-18,1147,N21,nominal,2.0NRT,300.28,9.95,D
-7.41311,21.86177,340.26,0.51,0.41,2025-03-18,1147,N21,nominal,2.0NRT,294.89,7.9,D
-7.1087,23.9263,340.85,0.41,0.37,2025-03-18,1147,N21,nominal,2.0NRT,300.4,6.23,D
-7.13317,23.73717,339.91,0.41,0.37,2025-03-18,1147,N21,nominal,2.0NRT,305.4,27.29,D
-7.1158,23.78396,341.32,0.41,0.37,2025-03-18,1147,N21,nominal,2.0NRT,300.83,7.53,D
-7.11689,23.77654,331.28,0.41,0.37,2025-03-18,1147,N21,low,2.0NRT,300.14,2.5,D
-7.40353,21.71215,330.8,0.52,0.41,2025-03-18,1147,N21,nominal,2.0NRT,294.62,3.27,D
-7.39975,21.71157,330.82,0.52,0.41,2025-03-18,1147,N21,nominal,2.0NRT,296.07,3.35,D
-7.08128,23.77855,332.76,0.41,0.37,2025-03-18,1147,N21,low,2.0NRT,300.08,11.95,D
-7.32789,22.12078,335.89,0.49,0.4,2025-03-18,1147,N21,nominal,2.0NRT,294.37,5.97,D
-6.58325,26.98518,343.34,0.4,0.37,2025-03-18,1147,N21,nominal,2.0NRT,300.58,5.89,D
-6.58044,26.98107,331.67,0.4,0.37,2025-03-18,1147,N21,nominal,2.0NRT,300.36,5.89,D
-7.12656,23.35747,334.79,0.43,0.38,2025-03-18,1147,N21,nominal,2.0NRT,297.39,8.1,D
-7.01249,24.07576,333.08,0.4,0.37,2025-03-18,1147,N21,nominal,2.0NRT,301.64,5.91,D
-6.73703,25.87473,332.45,0.38,0.36,2025-03-18,1147,N21,nominal,2.0NRT,297.15,3.12,D
-7.09918,23.47047,330.55,0.42,0.38,2025-03-18,1147,N21,nominal,2.0NRT,296.2,2.47,D
-7.0465,23.75447,338.2,0.41,0.37,2025-03-18,1147,N21,nominal,2.0NRT,297.7,3.55,D
-6.99006,24.0872,342.24,0.4,0.37,2025-03-18,1147,N21,nominal,2.0NRT,299.56,7.41,D
-7.35785,21.51882,331.62,0.53,0.42,2025-03-18,1147,N21,nominal,2.0NRT,293.51,2.73,D
-7.35402,21.51828,330.54,0.53,0.42,2025-03-18,1147,N21,nominal,2.0NRT,293.21,2.73,D
-7.31748,21.74682,332.76,0.51,0.41,2025-03-18,1147,N21,nominal,2.0NRT,296.06,5.96,D
-6.51769,27.07443,332.21,0.4,0.37,2025-03-18,1147,N21,nominal,2.0NRT,299.73,2.82,D
-7.31306,21.75086,333.32,0.51,0.41,2025-03-18,1147,N21,nominal,2.0NRT,295.78,5.96,D
-7.42529,20.87322,333.35,0.39,0.44,2025-03-18,1147,N21,nominal,2.0NRT,293.44,2.77,D
-7.25979,21.76837,331.7,0.51,0.41,2025-03-18,1147,N21,nominal,2.0NRT,295.59,7.49,D
-6.46743,26.98547,338.73,0.4,0.37,2025-03-18,1147,N21,nominal,2.0NRT,300.74,7.48,D
-7.24651,21.78036,330.94,0.51,0.41,2025-03-18,1147,N21,nominal,2.0NRT,294.42,4.72,D
-7.24406,21.69118,334.21,0.52,0.41,2025-03-18,1147,N21,nominal,2.0NRT,298.38,13.93,D
-7.17982,22.05581,332.3,0.49,0.4,2025-03-18,1147,N21,nominal,2.0NRT,296.81,6.08,D
-7.23179,21.64223,332.91,0.52,0.41,2025-03-18,1147,N21,nominal,2.0NRT,296.61,4.32,D
-7.1586,22.12444,333.75,0.49,0.4,2025-03-18,1147,N21,low,2.0NRT,298.24,6.2,D
-7.16048,22.11136,332.3,0.49,0.4,2025-03-18,1147,N21,nominal,2.0NRT,295.78,4.7,D
-7.15679,22.11083,331.42,0.49,0.4,2025-03-18,1147,N21,nominal,2.0NRT,297.86,4.88,D
-7.2031,21.78856,330.7,0.51,0.41,2025-03-18,1147,N21,nominal,2.0NRT,295.3,3.82,D
-6.93107,23.63464,331.44,0.42,0.37,2025-03-18,1147,N21,nominal,2.0NRT,298.54,2.16,D
-7.15311,22.11031,334.8,0.49,0.4,2025-03-18,1147,N21,nominal,2.0NRT,297.5,4.88,D
-7.15384,22.07898,343.67,0.49,0.4,2025-03-18,1147,N21,nominal,2.0NRT,296.89,9.39,D
-7.16337,22.01258,331.31,0.49,0.41,2025-03-18,1147,N21,nominal,2.0NRT,297.37,3.29,D
-7.16909,21.97268,334.81,0.5,0.41,2025-03-18,1147,N21,nominal,2.0NRT,296.35,4.67,D
-7.15329,22.05648,330.02,0.49,0.4,2025-03-18,1147,N21,nominal,2.0NRT,295.85,4.24,D
-7.17319,21.89078,331.69,0.5,0.41,2025-03-18,1147,N21,nominal,2.0NRT,295.48,5.17,D
-7.21364,21.60658,329.56,0.52,0.42,2025-03-18,1147,N21,nominal,2.0NRT,295.81,3.52,D
-7.15414,21.99765,334.76,0.49,0.41,2025-03-18,1147,N21,nominal,2.0NRT,298.09,3.49,D
-7.15996,21.93019,332.56,0.5,0.41,2025-03-18,1147,N21,nominal,2.0NRT,297.28,6.01,D
-7.12291,22.16371,331.52,0.48,0.4,2025-03-18,1147,N21,low,2.0NRT,296.63,8.78,D
-7.12913,22.12009,334.66,0.49,0.4,2025-03-18,1147,N21,low,2.0NRT,298.77,8.09,D
-7.19048,21.68814,330.89,0.51,0.41,2025-03-18,1147,N21,nominal,2.0NRT,294.62,3.08,D
-7.12545,22.11952,345.13,0.49,0.4,2025-03-18,1147,N21,nominal,2.0NRT,298.8,5.92,D
-7.12855,22.09774,331.52,0.49,0.4,2025-03-18,1147,N21,low,2.0NRT,296.79,7.35,D
-7.16403,21.84786,330.46,0.5,0.41,2025-03-18,1147,N21,nominal,2.0NRT,294.53,2.71,D
-7.11802,22.14532,331.54,0.49,0.4,2025-03-18,1147,N21,nominal,2.0NRT,294.67,2.64,D
-7.13615,22.0177,329.03,0.49,0.41,2025-03-18,1147,N21,nominal,2.0NRT,296.47,4.77,D
-7.13804,22.00437,331.14,0.49,0.41,2025-03-18,1147,N21,nominal,2.0NRT,296.34,3.2,D
-7.12383,22.16041,335.73,0.48,0.4,2025-03-18,1147,N21,nominal,2.0NRT,298,7.97,D
-7.12967,22.12122,332.32,0.49,0.4,2025-03-18,1147,N21,nominal,2.0NRT,297.87,5.1,D
-7.13097,22.11249,337.23,0.49,0.4,2025-03-18,1147,N21,nominal,2.0NRT,299.13,3.35,D
-6.80603,24.25471,331.81,0.4,0.37,2025-03-18,1147,N21,low,2.0NRT,299.33,3.63,D
-7.12599,22.12066,332.73,0.49,0.4,2025-03-18,1147,N21,nominal,2.0NRT,297.64,5.1,D
-7.12987,22.09454,332.68,0.49,0.4,2025-03-18,1147,N21,nominal,2.0NRT,296.74,2.19,D
-7.18998,21.6896,334.82,0.51,0.41,2025-03-18,1147,N21,nominal,2.0NRT,294.49,4.69,D
-7.12619,22.094,335.58,0.49,0.4,2025-03-18,1147,N21,nominal,2.0NRT,297.39,7.18,D
-7.1632,21.84444,330.32,0.5,0.41,2025-03-18,1147,N21,nominal,2.0NRT,293.97,1.53,D
-7.15743,21.85761,329.76,0.5,0.41,2025-03-18,1147,N21,nominal,2.0NRT,294.29,4.69,D
-7.11171,22.14091,334.59,0.49,0.4,2025-03-18,1147,N21,nominal,2.0NRT,292.95,4.4,D
-7.11495,22.11902,332.05,0.49,0.4,2025-03-18,1147,N21,nominal,2.0NRT,297.89,10.42,D
-7.14568,21.91124,332.17,0.5,0.41,2025-03-18,1147,N21,nominal,2.0NRT,295.17,6.33,D
-7.19226,21.59561,346.14,0.52,0.42,2025-03-18,1147,N21,nominal,2.0NRT,296.01,12.71,D
-7.11191,22.11416,343.54,0.49,0.4,2025-03-18,1147,N21,nominal,2.0NRT,298.43,10.42,D
-7.11447,22.09677,330.26,0.49,0.4,2025-03-18,1147,N21,nominal,2.0NRT,296.13,7.41,D
-7.12662,21.96319,331.55,0.5,0.41,2025-03-18,1147,N21,nominal,2.0NRT,296.43,4.61,D
-7.12619,21.94029,338.45,0.5,0.41,2025-03-18,1147,N21,nominal,2.0NRT,297.02,21.02,D
-6.36634,26.95826,335.84,0.4,0.37,2025-03-18,1147,N21,nominal,2.0NRT,299.35,3.45,D
-7.11791,21.97083,331.59,0.5,0.41,2025-03-18,1147,N21,nominal,2.0NRT,296.55,5.83,D
-7.11485,21.96585,340.37,0.5,0.41,2025-03-18,1147,N21,nominal,2.0NRT,296.6,8.5,D
-6.78909,24.11591,332.59,0.4,0.37,2025-03-18,1147,N21,nominal,2.0NRT,296.23,2.41,D
-7.08675,22.10613,332.34,0.49,0.4,2025-03-18,1147,N21,low,2.0NRT,294.75,3.82,D
-7.08738,22.10177,334.05,0.49,0.4,2025-03-18,1147,N21,nominal,2.0NRT,295.13,3.82,D
-7.10176,21.97756,332.65,0.49,0.41,2025-03-18,1147,N21,nominal,2.0NRT,297.73,8.49,D
-7.09175,21.99427,330.64,0.49,0.41,2025-03-18,1147,N21,nominal,2.0NRT,296.63,3.09,D
-7.10079,21.93208,330.01,0.5,0.41,2025-03-18,1147,N21,nominal,2.0NRT,295.11,3.3,D
-6.73584,24.28798,332.89,0.4,0.37,2025-03-18,1147,N21,nominal,2.0NRT,298.84,3.62,D
-7.04403,22.19333,330.09,0.48,0.4,2025-03-18,1147,N21,low,2.0NRT,297.38,3.04,D
-7.03358,22.21386,339.35,0.48,0.4,2025-03-18,1147,N21,nominal,2.0NRT,297.04,6.15,D
-7.03545,22.20089,329.38,0.48,0.4,2025-03-18,1147,N21,low,2.0NRT,295.99,2.75,D
-7.25145,20.68752,338.46,0.39,0.44,2025-03-18,1147,N21,nominal,2.0NRT,290.01,3.78,D
-7.02264,22.18592,329.59,0.48,0.4,2025-03-18,1147,N21,low,2.0NRT,295.7,5.61,D
-7.04272,22.04588,334.82,0.49,0.4,2025-03-18,1147,N21,nominal,2.0NRT,293.49,6.63,D
-7.06835,21.83994,347.35,0.5,0.41,2025-03-18,1147,N21,nominal,2.0NRT,297.92,12.51,D
-7.05368,21.91617,334.19,0.5,0.41,2025-03-18,1147,N21,nominal,2.0NRT,296.13,7.86,D
-7.0569,21.89355,345.88,0.5,0.41,2025-03-18,1147,N21,nominal,2.0NRT,293.32,13.84,D
-7.06331,21.84849,340.94,0.5,0.41,2025-03-18,1147,N21,nominal,2.0NRT,296.38,15.21,D
-7.06395,21.84399,355.26,0.5,0.41,2025-03-18,1147,N21,nominal,2.0NRT,298.39,15.21,D
-7.0646,21.83945,341.26,0.5,0.41,2025-03-18,1147,N21,nominal,2.0NRT,296.34,14.02,D
-6.70335,24.27585,332.81,0.4,0.37,2025-03-18,1147,N21,low,2.0NRT,299.11,3.32,D
-7.03736,21.97751,336.93,0.49,0.41,2025-03-18,1147,N21,nominal,2.0NRT,296.31,5.96,D
-7.03927,21.96411,335.95,0.5,0.41,2025-03-18,1147,N21,nominal,2.0NRT,296.2,4.98,D
-7.05775,21.83393,331.59,0.5,0.41,2025-03-18,1147,N21,nominal,2.0NRT,295.96,5.99,D
-6.9957,22.24367,332.11,0.48,0.4,2025-03-18,1147,N21,nominal,2.0NRT,297.15,3.59,D
-7.11164,21.42476,336.54,0.53,0.42,2025-03-18,1147,N21,nominal,2.0NRT,293.9,7.16,D
-7.05153,21.91684,332.83,0.5,0.41,2025-03-18,1147,N21,nominal,2.0NRT,295.55,6.46,D
-7.05489,21.89431,330.77,0.5,0.41,2025-03-18,1147,N21,nominal,2.0NRT,295.24,10.44,D
-7.03855,21.97862,341.34,0.49,0.41,2025-03-18,1147,N21,nominal,2.0NRT,296.59,5.98,D
-7.04053,21.96526,329.43,0.49,0.41,2025-03-18,1147,N21,nominal,2.0NRT,295.82,4.69,D
-6.99527,22.24428,331.05,0.48,0.4,2025-03-18,1147,N21,nominal,2.0NRT,296.53,3.7,D
-7.0561,21.8348,333.79,0.5,0.41,2025-03-18,1147,N21,nominal,2.0NRT,295.43,4.82,D
-6.85436,23.16393,331.26,0.43,0.38,2025-03-18,1147,N21,nominal,2.0NRT,295.41,2.73,D
-7.09864,21.5212,335.56,0.52,0.42,2025-03-18,1147,N21,nominal,2.0NRT,291.65,6.37,D
-7.05597,21.78399,334.05,0.51,0.41,2025-03-18,1147,N21,nominal,2.0NRT,294.58,5.03,D
-7.10879,21.4259,336.17,0.53,0.42,2025-03-18,1147,N21,nominal,2.0NRT,293.72,5.63,D
-7.02087,21.94435,331.56,0.5,0.41,2025-03-18,1147,N21,nominal,2.0NRT,295.7,3.01,D
-6.68488,24.17724,333.56,0.4,0.37,2025-03-18,1147,N21,nominal,2.0NRT,300.33,2.66,D
-7.02639,21.88105,330.92,0.5,0.41,2025-03-18,1147,N21,nominal,2.0NRT,295.04,3.04,D
-7.01629,21.89797,335.25,0.5,0.41,2025-03-18,1147,N21,nominal,2.0NRT,295.3,5.01,D
-6.93274,22.36564,332.65,0.47,0.4,2025-03-18,1147,N21,low,2.0NRT,297.81,7.25,D
-6.95836,22.19063,331.05,0.48,0.4,2025-03-18,1147,N21,nominal,2.0NRT,295.7,3.09,D
-7.16209,20.78484,340.43,0.39,0.44,2025-03-18,1147,N21,nominal,2.0NRT,291.54,7.62,D
-6.99114,21.94012,330.09,0.5,0.41,2025-03-18,1147,N21,nominal,2.0NRT,295.05,6.71,D
-6.24104,26.90881,340.65,0.4,0.37,2025-03-18,1147,N21,nominal,2.0NRT,300.04,7.31,D
-6.65639,24.18389,339.71,0.4,0.37,2025-03-18,1147,N21,nominal,2.0NRT,299.59,5.47,D
-6.23768,26.90828,336.24,0.4,0.37,2025-03-18,1147,N21,nominal,2.0NRT,299.39,7.31,D
-6.23824,26.90469,332.19,0.4,0.37,2025-03-18,1147,N21,nominal,2.0NRT,302.37,7.31,D
-6.64523,24.18954,340.56,0.4,0.37,2025-03-18,1147,N21,nominal,2.0NRT,299.52,12.14,D
-6.034,28.02618,332.03,0.44,0.38,2025-03-18,1147,N21,nominal,2.0NRT,298.96,7.65,D
-6.67961,23.74837,331.22,0.41,0.37,2025-03-18,1147,N21,low,2.0NRT,297.96,3.77,D
-6.8751,22.29797,332.03,0.47,0.4,2025-03-18,1147,N21,nominal,2.0NRT,297.26,3.65,D
-5.96503,28.09252,332.69,0.44,0.38,2025-03-18,1147,N21,nominal,2.0NRT,296.16,2.67,D
-7.07525,20.66521,331.59,0.39,0.44,2025-03-18,1147,N21,nominal,2.0NRT,289.89,4.12,D
-6.675,23.37717,332.42,0.42,0.38,2025-03-18,1147,N21,low,2.0NRT,298.12,3.86,D
-6.56764,24.0048,337.51,0.4,0.37,2025-03-18,1147,N21,nominal,2.0NRT,299.47,3.58,D
-6.94887,21.32231,331.03,0.54,0.42,2025-03-18,1147,N21,nominal,2.0NRT,293.7,9.21,D
-6.58327,23.45222,332.38,0.42,0.38,2025-03-18,1147,N21,low,2.0NRT,297.55,4.89,D
-6.59006,23.40689,334.56,0.42,0.38,2025-03-18,1147,N21,nominal,2.0NRT,296.95,4.4,D
-6.59062,23.40312,338.86,0.42,0.38,2025-03-18,1147,N21,nominal,2.0NRT,296.27,4.4,D
-5.87963,28.03481,339.28,0.44,0.38,2025-03-18,1147,N21,nominal,2.0NRT,298.38,5.41,D
-6.49499,23.97117,330.34,0.4,0.37,2025-03-18,1147,N21,nominal,2.0NRT,298.44,1.58,D
-6.48919,23.9407,334.18,0.4,0.37,2025-03-18,1147,N21,low,2.0NRT,300.99,6.44,D
-6.87291,21.3424,333.25,0.53,0.42,2025-03-18,1147,N21,nominal,2.0NRT,295.27,4.31,D
-6.48568,23.91792,331.02,0.41,0.37,2025-03-18,1147,N21,low,2.0NRT,302.94,3.59,D
-6.61428,23.05373,340.11,0.44,0.38,2025-03-18,1147,N21,nominal,2.0NRT,295.91,5.36,D
-6.55791,23.40999,334.17,0.42,0.38,2025-03-18,1147,N21,nominal,2.0NRT,297.16,4.52,D
-6.46946,23.93398,332.52,0.4,0.37,2025-03-18,1147,N21,low,2.0NRT,299.8,1.73,D
-6.37075,24.54741,331.28,0.39,0.36,2025-03-18,1147,N21,nominal,2.0NRT,300.06,2.77,D
-6.7722,21.79734,334.7,0.5,0.41,2025-03-18,1147,N21,nominal,2.0NRT,295.24,5.86,D
-6.36182,24.53885,331.79,0.39,0.36,2025-03-18,1147,N21,low,2.0NRT,300.95,2.64,D
-6.4176,24.16612,338.58,0.4,0.37,2025-03-18,1147,N21,nominal,2.0NRT,298.73,5.36,D
-6.68254,22.31419,335.01,0.47,0.4,2025-03-18,1147,N21,low,2.0NRT,295.3,4.02,D
-6.79973,21.44358,341.96,0.53,0.42,2025-03-18,1147,N21,nominal,2.0NRT,295.91,12.37,D
-6.33362,24.5454,337.12,0.39,0.36,2025-03-18,1147,N21,nominal,2.0NRT,301.88,5.9,D
-6.49839,23.43191,332.12,0.42,0.38,2025-03-18,1147,N21,nominal,2.0NRT,297.19,2.36,D
-6.49885,23.43181,331.43,0.42,0.38,2025-03-18,1147,N21,nominal,2.0NRT,297.01,2.91,D
-6.47887,23.47116,330.32,0.42,0.38,2025-03-18,1147,N21,low,2.0NRT,298.92,4.82,D
-6.57912,22.75361,331.45,0.45,0.39,2025-03-18,1147,N21,nominal,2.0NRT,292.69,3.3,D
-5.94994,26.88105,349.66,0.4,0.37,2025-03-18,1147,N21,nominal,2.0NRT,301.63,9.03,D
-5.94657,26.88053,333.48,0.4,0.37,2025-03-18,1147,N21,nominal,2.0NRT,298.81,3.06,D
-6.74875,21.55751,328.58,0.52,0.41,2025-03-18,1147,N21,nominal,2.0NRT,294.54,4.71,D
-6.61171,22.38601,329.9,0.47,0.39,2025-03-18,1147,N21,low,2.0NRT,296.32,5.65,D
-6.66796,21.95216,331.66,0.49,0.4,2025-03-18,1147,N21,nominal,2.0NRT,297.91,2.84,D
-6.3596,23.96552,332.25,0.4,0.37,2025-03-18,1147,N21,nominal,2.0NRT,299.76,3.32,D
-6.22739,24.80035,333.14,0.39,0.36,2025-03-18,1147,N21,nominal,2.0NRT,295.57,3.03,D
-6.42928,23.37928,330.79,0.42,0.38,2025-03-18,1147,N21,nominal,2.0NRT,297.48,2.43,D
-6.72563,21.25906,331.04,0.54,0.42,2025-03-18,1147,N21,nominal,2.0NRT,292.45,4.43,D
-6.70136,21.40203,329.82,0.53,0.42,2025-03-18,1147,N21,nominal,2.0NRT,292.61,2.9,D
-6.40309,23.41383,335.07,0.42,0.38,2025-03-18,1147,N21,nominal,2.0NRT,297.48,3.37,D
-6.49511,22.73395,336.85,0.45,0.39,2025-03-18,1147,N21,nominal,2.0NRT,291.51,5.59,D
-6.31461,23.84002,334.14,0.41,0.37,2025-03-18,1147,N21,low,2.0NRT,297.61,3.94,D
-6.35983,23.25717,330.36,0.43,0.38,2025-03-18,1147,N21,nominal,2.0NRT,298.52,2.78,D
-6.06997,25.16586,333.8,0.38,0.36,2025-03-18,1147,N21,nominal,2.0NRT,306.22,2.79,D
-6.13171,24.73578,337.42,0.39,0.36,2025-03-18,1147,N21,nominal,2.0NRT,294.5,7.04,D
-6.03703,25.31599,335.33,0.38,0.36,2025-03-18,1147,N21,nominal,2.0NRT,299.77,3.75,D
-5.43502,29.11805,335.37,0.5,0.41,2025-03-18,1147,N21,nominal,2.0NRT,298.32,5.29,D
-7.84971,12.1076,352.71,0.78,0.78,2025-03-18,1147,N21,nominal,2.0NRT,284.79,18.75,D
-6.28726,23.55745,336.47,0.41,0.37,2025-03-18,1147,N21,nominal,2.0NRT,299.37,3.6,D
-6.10257,24.6815,338.76,0.39,0.36,2025-03-18,1147,N21,nominal,2.0NRT,294.49,6.69,D
-6.36147,22.85305,331.43,0.44,0.38,2025-03-18,1147,N21,nominal,2.0NRT,289.85,3.8,D
-6.17816,24.00138,334.14,0.4,0.37,2025-03-18,1147,N21,nominal,2.0NRT,300.51,5.59,D
-7.84506,12.11237,328.43,0.78,0.78,2025-03-18,1147,N21,nominal,2.0NRT,284.24,10.86,D
-7.84597,12.1054,338.06,0.78,0.78,2025-03-18,1147,N21,nominal,2.0NRT,283.51,10.86,D
-6.32102,22.9556,332.51,0.44,0.38,2025-03-18,1147,N21,nominal,2.0NRT,291.98,3.58,D
-5.92499,25.4709,330.41,0.38,0.36,2025-03-18,1147,N21,nominal,2.0NRT,297.04,1.84,D
-6.83524,19.22586,339.66,0.48,0.48,2025-03-18,1147,N21,nominal,2.0NRT,279.46,13.96,D
-6.83585,19.2216,339.61,0.48,0.48,2025-03-18,1147,N21,nominal,2.0NRT,275.84,9.66,D
-6.24854,23.08389,335.43,0.43,0.38,2025-03-18,1147,N21,nominal,2.0NRT,294.33,3.5,D
-6.11161,23.84661,331.46,0.41,0.37,2025-03-18,1147,N21,low,2.0NRT,298.34,8.27,D
-6.11124,23.83856,342.87,0.41,0.37,2025-03-18,1147,N21,nominal,2.0NRT,299.56,10.18,D
-6.22222,23.00879,334.06,0.43,0.38,2025-03-18,1147,N21,low,2.0NRT,292.63,5.47,D
-6.21874,23.00826,343.99,0.43,0.38,2025-03-18,1147,N21,nominal,2.0NRT,292.97,5.47,D
-6.34354,22.17292,332.58,0.47,0.4,2025-03-18,1147,N21,nominal,2.0NRT,295.06,3.59,D
-6.53807,20.80462,333.18,0.57,0.43,2025-03-18,1147,N21,nominal,2.0NRT,283.69,10.65,D
-6.07728,23.57887,331.52,0.41,0.37,2025-03-18,1147,N21,low,2.0NRT,299.73,4.36,D
-5.85803,24.83876,340.11,0.39,0.36,2025-03-18,1147,N21,nominal,2.0NRT,294.64,5.78,D
-6.01674,23.62996,331.5,0.41,0.37,2025-03-18,1147,N21,nominal,2.0NRT,299.45,2.86,D
-5.82585,24.84729,332.84,0.39,0.36,2025-03-18,1147,N21,nominal,2.0NRT,292.25,5.83,D
-5.82307,24.84333,339.12,0.39,0.36,2025-03-18,1147,N21,nominal,2.0NRT,294.36,5.05,D
-5.81977,24.84282,338.7,0.39,0.36,2025-03-18,1147,N21,nominal,2.0NRT,292.74,5.05,D
-5.83277,24.73477,332.84,0.39,0.36,2025-03-18,1147,N21,nominal,2.0NRT,293.55,3.2,D
-6.20557,22.19671,339.41,0.47,0.4,2025-03-18,1147,N21,nominal,2.0NRT,295.08,6.3,D
-5.43838,27.14983,331.53,0.41,0.37,2025-03-18,1147,N21,nominal,2.0NRT,299.76,3.89,D
-5.76695,24.99048,343.84,0.39,0.36,2025-03-18,1147,N21,nominal,2.0NRT,296.91,6.85,D
-5.76364,24.98998,330.55,0.39,0.36,2025-03-18,1147,N21,nominal,2.0NRT,293.55,6.85,D
-5.77395,24.89963,331.37,0.39,0.36,2025-03-18,1147,N21,nominal,2.0NRT,290.53,1.69,D
-5.35386,27.60006,331.65,0.43,0.38,2025-03-18,1147,N21,nominal,2.0NRT,298.21,3.56,D
-5.36172,27.5276,331,0.42,0.38,2025-03-18,1147,N21,nominal,2.0NRT,298.27,2.22,D
-6.14444,22.10237,344.11,0.48,0.4,2025-03-18,1147,N21,nominal,2.0NRT,295.23,10.45,D
-5.91972,23.57501,332.3,0.41,0.37,2025-03-18,1147,N21,nominal,2.0NRT,293.94,1.49,D
-5.35025,27.08381,333.75,0.41,0.37,2025-03-18,1147,N21,nominal,2.0NRT,296.34,5.06,D
-7.03554,15.5221,338.02,0.44,0.62,2025-03-18,1147,N21,nominal,2.0NRT,269.52,5.42,D
-5.18477,28.07383,330.66,0.45,0.39,2025-03-18,1147,N21,nominal,2.0NRT,293.33,3.94,D
-5.31682,26.88815,330.96,0.4,0.37,2025-03-18,1147,N21,nominal,2.0NRT,297.58,2.06,D
-5.85088,23.14678,330.85,0.42,0.38,2025-03-18,1147,N21,nominal,2.0NRT,289.55,4.46,D
-6.94187,15.3828,325.52,0.45,0.63,2025-03-18,1147,N21,nominal,2.0NRT,275.24,4.35,D
-5.79496,23.14261,330.91,0.42,0.38,2025-03-18,1147,N21,low,2.0NRT,291.85,4.89,D
-5.78002,23.14815,330.12,0.42,0.38,2025-03-18,1147,N21,low,2.0NRT,294.19,3.88,D
-5.78058,23.14435,335.23,0.42,0.38,2025-03-18,1147,N21,nominal,2.0NRT,294.23,3.88,D
-5.78085,23.14797,330.24,0.42,0.38,2025-03-18,1147,N21,low,2.0NRT,294.61,3.56,D
-5.78142,23.14418,336.57,0.42,0.38,2025-03-18,1147,N21,nominal,2.0NRT,295.07,3.56,D
-4.85591,28.89726,330.23,0.5,0.41,2025-03-18,1147,N21,nominal,2.0NRT,295.81,5.95,D
-5.72197,23.09264,331.26,0.43,0.38,2025-03-18,1147,N21,low,2.0NRT,296.74,5.38,D
-4.99605,27.82199,332.66,0.44,0.38,2025-03-18,1147,N21,nominal,2.0NRT,299.59,6.12,D
-7.09276,13.14671,330.25,0.65,0.73,2025-03-18,1147,N21,nominal,2.0NRT,281.27,6.55,D
-6.32251,18.67595,338.97,0.52,0.5,2025-03-18,1147,N21,nominal,2.0NRT,289.5,9.44,D
-6.32315,18.6713,339.62,0.52,0.5,2025-03-18,1147,N21,nominal,2.0NRT,290.35,8.97,D
-6.31859,18.67067,336.52,0.52,0.5,2025-03-18,1147,N21,nominal,2.0NRT,290.94,4.69,D
-6.32188,18.67376,351.64,0.52,0.5,2025-03-18,1147,N21,nominal,2.0NRT,291.77,21.8,D
-7.09486,13.14703,328.91,0.64,0.72,2025-03-18,1147,N21,nominal,2.0NRT,281.18,7.71,D
-7.16104,12.34109,326.42,0.73,0.76,2025-03-18,1147,N21,nominal,2.0NRT,279.42,5.45,D
-5.37733,24.80238,338.87,0.39,0.36,2025-03-18,1147,N21,nominal,2.0NRT,292.15,10.2,D
-5.65584,22.92662,330.64,0.43,0.38,2025-03-18,1147,N21,nominal,2.0NRT,289.8,3.49,D
-5.02883,27.00733,331.62,0.41,0.37,2025-03-18,1147,N21,nominal,2.0NRT,297.95,2.3,D
-6.26086,18.61263,335.97,0.52,0.5,2025-03-18,1147,N21,nominal,2.0NRT,291.73,5.41,D
-6.25629,18.61199,329.75,0.52,0.5,2025-03-18,1147,N21,nominal,2.0NRT,290.8,5.83,D
-5.11575,25.82639,347.45,0.39,0.36,2025-03-18,1149,N21,nominal,2.0NRT,295.65,9.29,D
-5.11244,25.82588,346.18,0.39,0.36,2025-03-18,1149,N21,nominal,2.0NRT,294.74,9.29,D
-5.11297,25.82242,349.5,0.39,0.36,2025-03-18,1149,N21,nominal,2.0NRT,295.98,6.94,D
-5.10966,25.82192,336.99,0.39,0.36,2025-03-18,1149,N21,nominal,2.0NRT,294.92,4.48,D
-6.17326,18.53514,342.11,0.53,0.5,2025-03-18,1149,N21,nominal,2.0NRT,282.52,10.63,D
-5.50812,23.04604,337.14,0.43,0.38,2025-03-18,1149,N21,nominal,2.0NRT,289.61,8.42,D
-5.51586,22.92186,343.8,0.43,0.38,2025-03-18,1149,N21,nominal,2.0NRT,285.64,6.25,D
-4.58782,28.72108,331.96,0.49,0.4,2025-03-18,1149,N21,nominal,2.0NRT,298.77,3.82,D
-6.1298,18.41415,353.97,0.54,0.51,2025-03-18,1149,N21,nominal,2.0NRT,277.89,26.2,D
-6.1134,18.39699,331.05,0.54,0.51,2025-03-18,1149,N21,nominal,2.0NRT,277.17,4.18,D
-4.53278,28.80672,338.98,0.49,0.41,2025-03-18,1149,N21,nominal,2.0NRT,300.08,6.4,D
-4.45833,28.93894,332.82,0.5,0.41,2025-03-18,1149,N21,nominal,2.0NRT,299.55,7.61,D
-4.45635,28.9408,340.98,0.5,0.41,2025-03-18,1149,N21,nominal,2.0NRT,298.87,6.45,D
-4.43999,28.94763,332.13,0.5,0.41,2025-03-18,1149,N21,nominal,2.0NRT,300.08,2.18,D
-4.42944,28.9417,332.39,0.5,0.41,2025-03-18,1149,N21,nominal,2.0NRT,299.39,5.4,D
-4.4667,28.60751,330.96,0.48,0.4,2025-03-18,1149,N21,nominal,2.0NRT,296.83,2.43,D
-4.37237,29.18195,330.64,0.52,0.42,2025-03-18,1149,N21,nominal,2.0NRT,296.53,3.15,D
-4.39137,28.96461,332.19,0.51,0.41,2025-03-18,1149,N21,nominal,2.0NRT,296.51,2.24,D
-5.78262,19.51825,329.33,0.45,0.47,2025-03-18,1149,N21,nominal,2.0NRT,289.13,4.15,D
-4.35324,28.96318,345.81,0.51,0.41,2025-03-18,1149,N21,nominal,2.0NRT,297.94,13.45,D
-5.7646,19.58466,334.33,0.44,0.46,2025-03-18,1149,N21,nominal,2.0NRT,288.23,9.59,D
-5.90368,18.52109,342.44,0.52,0.5,2025-03-18,1149,N21,nominal,2.0NRT,276.76,9.33,D
-4.54002,27.67302,334.03,0.44,0.38,2025-03-18,1149,N21,nominal,2.0NRT,297.57,3.4,D
-5.76477,19.58466,334.1,0.44,0.46,2025-03-18,1149,N21,nominal,2.0NRT,288.24,5.83,D
-5.74548,19.5981,327.47,0.44,0.46,2025-03-18,1149,N21,nominal,2.0NRT,291.67,4.85,D
-5.90303,18.52238,340.45,0.52,0.5,2025-03-18,1149,N21,nominal,2.0NRT,277.22,8.48,D
-4.79164,25.87807,339.21,0.39,0.36,2025-03-18,1149,N21,nominal,2.0NRT,293.43,6.75,D
-4.78833,25.87756,342.45,0.39,0.36,2025-03-18,1149,N21,nominal,2.0NRT,293.74,3.74,D
-5.84184,18.81642,335.7,0.5,0.49,2025-03-18,1149,N21,nominal,2.0NRT,283.51,5.8,D
-5.84251,18.81183,333.4,0.5,0.49,2025-03-18,1149,N21,nominal,2.0NRT,282.84,5.8,D
-4.78502,25.87705,334.86,0.39,0.36,2025-03-18,1149,N21,nominal,2.0NRT,292.45,3.74,D
-4.2854,29.04502,332.66,0.51,0.41,2025-03-18,1149,N21,nominal,2.0NRT,302.37,3.57,D
-4.90228,24.66446,339.46,0.39,0.36,2025-03-18,1149,N21,nominal,2.0NRT,275.93,7.82,D
-4.21463,29.0493,334.88,0.51,0.41,2025-03-18,1149,N21,nominal,2.0NRT,302,6.78,D
-4.24227,28.72429,331.38,0.49,0.41,2025-03-18,1149,N21,nominal,2.0NRT,297.45,5.02,D
-4.25433,28.64729,342.81,0.49,0.4,2025-03-18,1149,N21,nominal,2.0NRT,298.73,11.47,D
-4.22773,28.62473,331.54,0.49,0.4,2025-03-18,1149,N21,nominal,2.0NRT,298.05,4.19,D
-4.20187,28.69262,338.12,0.49,0.4,2025-03-18,1149,N21,nominal,2.0NRT,295.29,31.26,D
-6.38277,13.46585,330,0.6,0.71,2025-03-18,1149,N21,nominal,2.0NRT,282.82,8.28,D
-4.17218,28.73627,332.35,0.49,0.41,2025-03-18,1149,N21,nominal,2.0NRT,298.63,7.52,D
-4.13154,28.9651,331.82,0.51,0.41,2025-03-18,1149,N21,nominal,2.0NRT,300.35,3.48,D
-4.59225,25.82528,332.97,0.39,0.36,2025-03-18,1149,N21,nominal,2.0NRT,301.19,7.43,D
-4.59332,25.81835,340.77,0.39,0.36,2025-03-18,1149,N21,nominal,2.0NRT,301.35,12.6,D
-4.58894,25.82478,332.98,0.39,0.36,2025-03-18,1149,N21,nominal,2.0NRT,299.88,7.43,D
-6.3818,13.46494,328.12,0.6,0.71,2025-03-18,1149,N21,nominal,2.0NRT,282.51,5.52,D
-4.13569,28.63884,331.77,0.49,0.4,2025-03-18,1149,N21,nominal,2.0NRT,299.42,5.19,D
-4.12725,28.66856,333.32,0.49,0.4,2025-03-18,1149,N21,nominal,2.0NRT,297.65,10.75,D
-4.3256,27.26312,330.73,0.42,0.38,2025-03-18,1149,N21,nominal,2.0NRT,299.16,2.04,D
-5.5154,19.14815,342.08,0.47,0.48,2025-03-18,1149,N21,nominal,2.0NRT,285.02,6.79,D
-4.29067,27.1497,331.84,0.42,0.38,2025-03-18,1149,N21,nominal,2.0NRT,298.08,2.73,D
-4.25232,27.37609,331.16,0.43,0.38,2025-03-18,1149,N21,nominal,2.0NRT,299.27,8.98,D
-4.24886,27.37555,337.87,0.43,0.38,2025-03-18,1149,N21,nominal,2.0NRT,301,8.98,D
-4.49302,25.78453,336.01,0.39,0.36,2025-03-18,1149,N21,nominal,2.0NRT,297.64,3.44,D
-4.50202,25.72562,335.92,0.39,0.36,2025-03-18,1149,N21,nominal,2.0NRT,297.75,9.11,D
-4.36109,26.62339,335.69,0.4,0.37,2025-03-18,1149,N21,nominal,2.0NRT,298.71,2.39,D
-4.48971,25.78402,340.18,0.39,0.36,2025-03-18,1149,N21,nominal,2.0NRT,297.97,9.4,D
-4.49872,25.72511,332.43,0.39,0.36,2025-03-18,1149,N21,nominal,2.0NRT,292.7,3.22,D
-4.23188,27.43954,346.91,0.43,0.38,2025-03-18,1149,N21,nominal,2.0NRT,296.42,9.36,D
-4.22841,27.43899,333.67,0.43,0.38,2025-03-18,1149,N21,nominal,2.0NRT,297.39,4.49,D
-4.37642,26.47878,330.72,0.4,0.37,2025-03-18,1149,N21,nominal,2.0NRT,298.4,1.95,D
-4.23222,27.34559,331.96,0.43,0.38,2025-03-18,1149,N21,nominal,2.0NRT,297.63,7.31,D
-4.44523,25.91945,331.95,0.39,0.36,2025-03-18,1149,N21,nominal,2.0NRT,297.4,2.42,D
-4.4786,25.67957,343.54,0.39,0.36,2025-03-18,1149,N21,nominal,2.0NRT,295.93,5.87,D
-4.455,25.78936,345.06,0.39,0.36,2025-03-18,1149,N21,nominal,2.0NRT,297.54,5.82,D
-4.48627,25.58529,342.16,0.39,0.36,2025-03-18,1149,N21,nominal,2.0NRT,299.11,3.86,D
-4.45116,25.79232,346.4,0.39,0.36,2025-03-18,1149,N21,nominal,2.0NRT,301.59,13,D
-4.45169,25.78885,336.95,0.39,0.36,2025-03-18,1149,N21,nominal,2.0NRT,299.74,5.82,D
-4.45222,25.78539,337.26,0.39,0.36,2025-03-18,1149,N21,nominal,2.0NRT,299.31,5.82,D
-4.44785,25.79181,334.77,0.39,0.36,2025-03-18,1149,N21,nominal,2.0NRT,300.24,4.55,D
-4.44944,25.78141,332.13,0.39,0.36,2025-03-18,1149,N21,nominal,2.0NRT,296.46,1.97,D
-4.16908,27.56816,331.57,0.44,0.38,2025-03-18,1149,N21,nominal,2.0NRT,298.79,3.56,D
-4.16209,27.56709,335.83,0.44,0.38,2025-03-18,1149,N21,nominal,2.0NRT,300.23,7.23,D
-4.15361,27.53003,338.48,0.43,0.38,2025-03-18,1149,N21,nominal,2.0NRT,298.68,4.24,D
-4.14829,27.54111,339.11,0.43,0.38,2025-03-18,1149,N21,nominal,2.0NRT,298.15,4.48,D
-4.15012,27.52948,344.75,0.43,0.38,2025-03-18,1149,N21,nominal,2.0NRT,299.37,9.69,D
-4.59652,24.59529,326.64,0.39,0.36,2025-03-18,1149,N21,nominal,2.0NRT,281.37,2.58,D
-4.59269,24.59825,327.07,0.39,0.36,2025-03-18,1149,N21,nominal,2.0NRT,280.37,2.58,D
-4.11382,27.49999,335.09,0.43,0.38,2025-03-18,1149,N21,nominal,2.0NRT,299.02,8.19,D
-4.27973,26.28864,331.71,0.4,0.37,2025-03-18,1149,N21,nominal,2.0NRT,298.2,4.41,D
-5.98843,14.63931,355.63,0.49,0.65,2025-03-18,1149,N21,low,2.0NRT,273.47,12.76,D
-5.98246,14.63861,333.27,0.49,0.65,2025-03-18,1149,N21,nominal,2.0NRT,271.59,4.79,D
-4.06938,27.44184,331.35,0.43,0.38,2025-03-18,1149,N21,nominal,2.0NRT,300.05,6.29,D
-4.24391,26.23253,333.33,0.4,0.37,2025-03-18,1149,N21,nominal,2.0NRT,300.65,8.12,D
-4.24003,26.23554,334.39,0.4,0.37,2025-03-18,1149,N21,nominal,2.0NRT,298.62,8.12,D
-4.04566,27.43412,334.09,0.43,0.38,2025-03-18,1149,N21,nominal,2.0NRT,299.11,3.95,D
-4.04218,27.43358,333.24,0.43,0.38,2025-03-18,1149,N21,nominal,2.0NRT,299.08,3.5,D
-4.04279,27.42974,332.28,0.43,0.38,2025-03-18,1149,N21,nominal,2.0NRT,298.46,4.07,D
-4.03438,27.42518,344.32,0.43,0.38,2025-03-18,1149,N21,nominal,2.0NRT,297.92,5.93,D
-4.03497,27.42133,333.56,0.43,0.38,2025-03-18,1149,N21,nominal,2.0NRT,299.9,6.36,D
-4.00966,27.51626,331.88,0.43,0.38,2025-03-18,1149,N21,nominal,2.0NRT,298.1,1.8,D
-4.26127,25.85483,344.93,0.39,0.36,2025-03-18,1149,N21,nominal,2.0NRT,299.9,5.25,D
-4.20961,26.14778,344.68,0.39,0.36,2025-03-18,1149,N21,nominal,2.0NRT,299.81,7.13,D
-4.20627,26.14727,334.91,0.39,0.36,2025-03-18,1149,N21,nominal,2.0NRT,298.23,7.13,D
-4.23496,25.89356,346.57,0.39,0.36,2025-03-18,1149,N21,nominal,2.0NRT,301.69,11.5,D
-4.27377,25.64024,337.27,0.39,0.36,2025-03-18,1149,N21,nominal,2.0NRT,299.06,3.38,D
-4.15371,26.4002,332.76,0.4,0.37,2025-03-18,1149,N21,nominal,2.0NRT,298.03,3.57,D
-4.26622,25.66741,338.48,0.39,0.36,2025-03-18,1149,N21,nominal,2.0NRT,298.66,10.38,D
-4.13372,26.46292,334.8,0.4,0.37,2025-03-18,1149,N21,nominal,2.0NRT,294.89,4.84,D
-4.13427,26.45935,334.39,0.4,0.37,2025-03-18,1149,N21,nominal,2.0NRT,296.98,6.47,D
-4.25034,25.68269,336,0.39,0.36,2025-03-18,1149,N21,nominal,2.0NRT,297.14,6.99,D
-4.25087,25.67923,335.11,0.39,0.36,2025-03-18,1149,N21,nominal,2.0NRT,297.79,6.77,D
-4.2514,25.67577,330.18,0.39,0.36,2025-03-18,1149,N21,nominal,2.0NRT,294.87,6.77,D
-4.24703,25.68219,345.55,0.39,0.36,2025-03-18,1149,N21,nominal,2.0NRT,296.03,7.81,D
-4.12253,26.46852,340.84,0.4,0.37,2025-03-18,1149,N21,nominal,2.0NRT,295.25,4.92,D
-4.21812,25.73805,347.29,0.39,0.36,2025-03-18,1149,N21,nominal,2.0NRT,297.91,6.8,D
-4.21481,25.73755,346.27,0.39,0.36,2025-03-18,1149,N21,nominal,2.0NRT,297.82,6.8,D
-4.19196,25.64124,339.38,0.39,0.36,2025-03-18,1149,N21,nominal,2.0NRT,297.77,3.57,D
-4.08469,26.29805,336.83,0.4,0.37,2025-03-18,1149,N21,nominal,2.0NRT,300.03,8.3,D
-4.18123,25.60068,331.23,0.39,0.36,2025-03-18,1149,N21,nominal,2.0NRT,297.04,2.02,D
-4.05536,26.19929,332.61,0.4,0.37,2025-03-18,1149,N21,nominal,2.0NRT,298.44,3.92,D
-4.05202,26.19878,331.24,0.4,0.37,2025-03-18,1149,N21,nominal,2.0NRT,297.72,2.78,D
-4.85873,12.01775,347.98,0.72,0.75,2025-03-18,1149,N21,nominal,2.0NRT,281.85,18.56,D
-4.85968,12.011,326.7,0.72,0.76,2025-03-18,1149,N21,nominal,2.0NRT,282.27,12.27,D
-34.15508,20.01357,367,0.45,0.63,2025-03-18,1140,N21,high,2.0NRT,308.94,72.92,D
-34.1556,20.00321,337.52,0.45,0.63,2025-03-18,1140,N21,nominal,2.0NRT,306.63,29.96,D
-34.15534,20.00831,207.38,0.45,0.63,2025-03-18,1140,N21,low,2.0NRT,317.54,72.92,D
-34.14948,20.00779,341.04,0.45,0.63,2025-03-18,1140,N21,nominal,2.0NRT,307.57,4.69,D
-34.15615,20.01187,367,0.45,0.63,2025-03-18,1140,N21,high,2.0NRT,311.03,36.32,D
-34.15645,20.00664,367,0.45,0.63,2025-03-18,1140,N21,high,2.0NRT,307.66,27.76,D
-34.15029,20.01137,367,0.45,0.63,2025-03-18,1140,N21,high,2.0NRT,312.53,58.66,D
-34.15493,19.35864,338.64,0.49,0.65,2025-03-18,1140,N21,nominal,2.0NRT,309.22,8.7,D
-34.15519,19.35348,346.13,0.49,0.65,2025-03-18,1140,N21,nominal,2.0NRT,309.12,9.86,D
-34.14907,19.3539,346.21,0.49,0.65,2025-03-18,1140,N21,nominal,2.0NRT,306.85,8.73,D
-33.98751,21.2297,333.04,0.38,0.59,2025-03-18,1140,N21,nominal,2.0NRT,296.19,11.4,D
-33.98779,21.225,351.46,0.38,0.59,2025-03-18,1140,N21,nominal,2.0NRT,299.06,18.28,D
-33.99262,21.22504,345.83,0.38,0.59,2025-03-18,1140,N21,nominal,2.0NRT,300.24,10.05,D
-33.9871,21.22519,367,0.38,0.59,2025-03-18,1140,N21,high,2.0NRT,297.86,10.05,D
-34.04408,19.48515,367,0.48,0.65,2025-03-18,1140,N21,high,2.0NRT,303.9,18.45,D
-33.65933,19.31774,367,0.49,0.65,2025-03-18,1140,N21,high,2.0NRT,306.81,26.13,D
-33.65958,19.31239,351.56,0.49,0.65,2025-03-18,1140,N21,nominal,2.0NRT,303.13,22.42,D
-33.65846,19.31487,367,0.49,0.65,2025-03-18,1140,N21,high,2.0NRT,308.3,28.79,D
-33.57394,18.75211,367,0.53,0.67,2025-03-18,1140,N21,high,2.0NRT,309.04,16.87,D
-33.56939,18.75725,340.24,0.53,0.67,2025-03-18,1140,N21,nominal,2.0NRT,309.24,15.02,D
-33.56969,18.75097,355.33,0.53,0.67,2025-03-18,1140,N21,nominal,2.0NRT,311.8,15.02,D
-33.32836,19.1518,335.6,0.5,0.66,2025-03-18,1140,N21,nominal,2.0NRT,308.31,19.8,D
-33.32866,19.14608,337.61,0.5,0.66,2025-03-18,1140,N21,nominal,2.0NRT,309.6,19.8,D
-33.32895,19.14042,349.72,0.5,0.66,2025-03-18,1140,N21,nominal,2.0NRT,316.58,60.2,D
-33.34401,18.57356,349.4,0.54,0.68,2025-03-18,1140,N21,nominal,2.0NRT,311.05,6.49,D
-33.34428,18.56767,340.79,0.54,0.68,2025-03-18,1140,N21,nominal,2.0NRT,310.48,6.49,D
-33.33771,18.57319,338.9,0.54,0.68,2025-03-18,1140,N21,low,2.0NRT,309.63,4.09,D
-33.33797,18.56727,334.99,0.54,0.68,2025-03-18,1140,N21,low,2.0NRT,309.92,4.09,D
-33.33825,18.56137,335.48,0.54,0.68,2025-03-18,1140,N21,low,2.0NRT,309.75,3.27,D
-33.30881,18.65477,367,0.53,0.67,2025-03-18,1140,N21,high,2.0NRT,312.05,21.67,D
-33.30254,18.65427,367,0.53,0.67,2025-03-18,1140,N21,high,2.0NRT,314.75,21.67,D
-33.29654,18.64783,367,0.53,0.67,2025-03-18,1140,N21,high,2.0NRT,312.76,16.69,D
-33.29359,18.26586,367,0.56,0.69,2025-03-18,1140,N21,high,2.0NRT,314.87,79.09,D
-33.29383,18.25991,351.34,0.56,0.69,2025-03-18,1140,N21,nominal,2.0NRT,307.14,49,D
-33.30515,18.65391,367,0.53,0.67,2025-03-18,1140,N21,high,2.0NRT,316.44,22.92,D
-33.29918,18.6475,367,0.53,0.67,2025-03-18,1140,N21,high,2.0NRT,311.41,30.54,D
-33.29889,18.6533,347.14,0.53,0.67,2025-03-18,1140,N21,nominal,2.0NRT,311.21,22.92,D
-33.29214,18.2655,367,0.56,0.69,2025-03-18,1140,N21,high,2.0NRT,313.28,45.13,D
-33.29241,18.25955,348.62,0.56,0.69,2025-03-18,1140,N21,nominal,2.0NRT,307.37,45.13,D
-33.16716,18.64776,340.16,0.53,0.67,2025-03-18,1140,N21,nominal,2.0NRT,309.01,18.72,D
-33.16742,18.64158,355.64,0.53,0.67,2025-03-18,1140,N21,nominal,2.0NRT,313.7,15.23,D
-33.16116,18.6411,339.98,0.53,0.67,2025-03-18,1140,N21,nominal,2.0NRT,311.08,15.23,D
-33.16957,18.64457,367,0.53,0.67,2025-03-18,1140,N21,high,2.0NRT,310.17,15.86,D
-33.16331,18.64417,367,0.53,0.67,2025-03-18,1140,N21,high,2.0NRT,310.65,11.48,D
-33.16361,18.63803,337.23,0.53,0.67,2025-03-18,1140,N21,nominal,2.0NRT,309.26,11.48,D
-33.10836,18.74448,343.56,0.53,0.67,2025-03-18,1140,N21,nominal,2.0NRT,310.75,9.51,D
-33.06328,18.91015,349.74,0.51,0.66,2025-03-18,1140,N21,nominal,2.0NRT,310.5,15.62,D
-33.0571,18.91,367,0.51,0.66,2025-03-18,1140,N21,high,2.0NRT,311.22,15.62,D
-33.05736,18.90433,353.97,0.51,0.66,2025-03-18,1140,N21,nominal,2.0NRT,309.04,15.62,D
-33.05782,18.91246,367,0.51,0.66,2025-03-18,1140,N21,high,2.0NRT,310.65,21,D
-33.05811,18.90678,367,0.51,0.66,2025-03-18,1140,N21,high,2.0NRT,312.31,21,D
-32.96465,18.91934,348.34,0.51,0.66,2025-03-18,1140,N21,nominal,2.0NRT,311.23,27.97,D
-32.96491,18.9138,348.98,0.51,0.66,2025-03-18,1140,N21,nominal,2.0NRT,314.57,27.97,D
-32.95874,18.91336,336.37,0.51,0.66,2025-03-18,1140,N21,nominal,2.0NRT,308.72,24.95,D
-32.95259,18.91274,367,0.51,0.66,2025-03-18,1140,N21,high,2.0NRT,314.47,24.95,D
-32.96516,18.91806,367,0.51,0.66,2025-03-18,1140,N21,high,2.0NRT,312.36,47.01,D
-32.96545,18.91252,342.3,0.51,0.66,2025-03-18,1140,N21,nominal,2.0NRT,312.08,52.34,D
-32.95284,18.91709,342.66,0.51,0.66,2025-03-18,1140,N21,nominal,2.0NRT,312.3,26.1,D
-32.95314,18.91154,351.19,0.51,0.66,2025-03-18,1140,N21,nominal,2.0NRT,312.08,39.46,D
-32.88065,18.00256,339.3,0.58,0.7,2025-03-18,1140,N21,nominal,2.0NRT,309.94,6.67,D
-32.34428,19.14112,337.93,0.49,0.65,2025-03-18,1140,N21,nominal,2.0NRT,303.68,8.67,D
-32.31194,19.17929,335.7,0.49,0.65,2025-03-18,1140,N21,low,2.0NRT,306.31,4.08,D
-27.31758,32.63746,331.71,0.41,0.37,2025-03-18,1140,N21,nominal,2.0NRT,298.16,4.43,D
-27.31487,32.6326,330.99,0.41,0.37,2025-03-18,1140,N21,nominal,2.0NRT,294.55,5.13,D
-27.71214,25.55264,335.27,0.55,0.43,2025-03-18,1140,N21,nominal,2.0NRT,296.29,9.2,D
-26.07825,32.59335,341.66,0.42,0.38,2025-03-18,1140,N21,nominal,2.0NRT,300.36,6.66,D
-26.07582,32.59359,334.03,0.42,0.38,2025-03-18,1140,N21,nominal,2.0NRT,300.34,5.47,D
-25.5703,32.62167,333.52,0.42,0.38,2025-03-18,1142,N21,nominal,2.0NRT,300.51,3.37,D
-25.6632,27.83687,338.37,0.42,0.38,2025-03-18,1142,N21,nominal,2.0NRT,299.03,6.46,D
-25.71471,27.40445,339.11,0.43,0.38,2025-03-18,1142,N21,nominal,2.0NRT,299.6,8.05,D
-25.48623,27.85605,331.11,0.42,0.37,2025-03-18,1142,N21,nominal,2.0NRT,296.04,2.98,D
-25.49194,27.10013,330.29,0.44,0.39,2025-03-18,1142,N21,nominal,2.0NRT,295.22,4.7,D
-24.44329,30.84272,331.53,0.39,0.36,2025-03-18,1142,N21,nominal,2.0NRT,296.91,2.4,D
-9.52112,14.44912,331.64,0.73,0.76,2025-03-18,1325,N21,nominal,2.0NRT,284.29,7.74,D
-9.37392,13.30269,349.63,0.61,0.71,2025-03-18,1325,N21,nominal,2.0NRT,289.06,14.9,D
-8.0259,13.25751,334.84,0.65,0.73,2025-03-18,1327,N21,nominal,2.0NRT,287.29,11.85,D
-33.99286,21.22716,367,0.53,0.67,2025-03-18,1321,N21,high,2.0NRT,301.68,13.51,D
-8.02734,13.26078,326.23,0.65,0.73,2025-03-18,1327,N21,nominal,2.0NRT,286.63,8.66,D
-6.86127,12.39142,329.22,0.59,0.7,2025-03-18,1327,N21,nominal,2.0NRT,284.18,15.25,D
-34.03942,20.87416,343.31,0.51,0.66,2025-03-18,1321,N21,nominal,2.0NRT,301.51,5.32,D
-6.8603,12.39672,355.59,0.59,0.7,2025-03-18,1327,N21,low,2.0NRT,284.69,19.41,D
-5.79856,12.34065,338.35,0.61,0.71,2025-03-18,1327,N21,nominal,2.0NRT,281.92,7.48,D
-34.37251,19.51444,343.84,0.42,0.61,2025-03-18,1321,N21,nominal,2.0NRT,302.92,85.85,D
-5.40822,12.27853,325.63,0.62,0.71,2025-03-18,1327,N21,nominal,2.0NRT,282.87,5.37,D
-34.37125,19.51925,367,0.42,0.61,2025-03-18,1321,N21,low,2.0NRT,330.76,118.23,D
-4.55816,11.94113,325.54,0.61,0.71,2025-03-18,1327,N21,nominal,2.0NRT,275.66,5.9,D
-34.36567,19.51762,367,0.42,0.61,2025-03-18,1321,N21,high,2.0NRT,307.66,118.23,D
-4.55759,11.94127,327.83,0.61,0.71,2025-03-18,1327,N21,nominal,2.0NRT,275.82,4.29,D
-4.31021,11.52384,328.05,0.57,0.69,2025-03-18,1327,N21,nominal,2.0NRT,282.03,7.58,D
-34.09512,19.74406,367,0.44,0.62,2025-03-18,1321,N21,high,2.0NRT,306.79,14.83,D
-4.30734,11.52261,337.48,0.57,0.69,2025-03-18,1327,N21,nominal,2.0NRT,282.04,6.49,D
-34.09396,19.74842,336.36,0.44,0.62,2025-03-18,1321,N21,nominal,2.0NRT,303.23,14.83,D
-33.65801,19.31232,346.41,0.43,0.62,2025-03-18,1321,N21,nominal,2.0NRT,307.54,5.76,D
-33.73839,18.75251,343.49,0.4,0.6,2025-03-18,1321,N21,nominal,2.0NRT,308.6,8.22,D
-33.76201,18.63888,338.51,0.39,0.59,2025-03-18,1321,N21,low,2.0NRT,311.67,5.76,D
-33.75672,18.63691,353.67,0.39,0.59,2025-03-18,1321,N21,nominal,2.0NRT,312.69,5.76,D
-33.76298,18.61274,343.07,0.39,0.59,2025-03-18,1321,N21,nominal,2.0NRT,311.51,8.62,D
-33.75763,18.61102,335.97,0.39,0.59,2025-03-18,1321,N21,low,2.0NRT,310.61,4.92,D
-33.75229,18.60928,345.48,0.39,0.59,2025-03-18,1321,N21,nominal,2.0NRT,311.11,4.92,D
-33.73813,18.75296,339.06,0.4,0.6,2025-03-18,1321,N21,nominal,2.0NRT,308.14,3.93,D
-33.76212,18.6349,338.91,0.39,0.59,2025-03-18,1321,N21,low,2.0NRT,311.95,5.68,D
-33.75581,18.63695,351.29,0.39,0.59,2025-03-18,1321,N21,nominal,2.0NRT,311.97,7.32,D
-33.76192,18.61274,340.42,0.39,0.59,2025-03-18,1321,N21,low,2.0NRT,310.95,4.47,D
-33.75656,18.61104,339.74,0.39,0.59,2025-03-18,1321,N21,low,2.0NRT,310.73,4.47,D
-33.75124,18.60921,348.33,0.39,0.59,2025-03-18,1321,N21,nominal,2.0NRT,310.9,6.25,D
-33.6953,18.66937,338.32,0.39,0.59,2025-03-18,1321,N21,nominal,2.0NRT,310.23,3.12,D
-33.66661,18.53287,367,0.39,0.59,2025-03-18,1321,N21,high,2.0NRT,311.78,15.93,D
-33.66868,18.52486,349.43,0.39,0.59,2025-03-18,1321,N21,nominal,2.0NRT,310.12,8.76,D
-33.66137,18.53075,367,0.39,0.59,2025-03-18,1321,N21,high,2.0NRT,313.12,15.93,D
-33.6624,18.52677,367,0.39,0.59,2025-03-18,1321,N21,high,2.0NRT,317.41,15.93,D
-33.66343,18.52282,341.92,0.39,0.59,2025-03-18,1321,N21,nominal,2.0NRT,311.36,8.76,D
-33.66574,18.53031,367,0.39,0.59,2025-03-18,1321,N21,high,2.0NRT,311.57,10.54,D
-33.66675,18.52631,367,0.39,0.59,2025-03-18,1321,N21,high,2.0NRT,311.98,13.27,D
-33.66473,18.53436,343.61,0.39,0.59,2025-03-18,1321,N21,nominal,2.0NRT,309.96,10.54,D
-33.6605,18.52821,367,0.39,0.59,2025-03-18,1321,N21,high,2.0NRT,314.81,27.92,D
-33.6615,18.52425,367,0.39,0.59,2025-03-18,1321,N21,high,2.0NRT,314.1,20.72,D
-33.51888,19.0144,337.87,0.41,0.61,2025-03-18,1321,N21,low,2.0NRT,310.3,18.72,D
-33.52,19.01007,354.33,0.41,0.61,2025-03-18,1321,N21,nominal,2.0NRT,319.34,18.72,D
-33.46966,18.88383,339.16,0.41,0.6,2025-03-18,1321,N21,nominal,2.0NRT,308.84,2.92,D
-33.31693,19.38756,345.26,0.44,0.62,2025-03-18,1321,N21,nominal,2.0NRT,308.76,8.83,D
-33.31812,19.383,339.38,0.44,0.62,2025-03-18,1321,N21,nominal,2.0NRT,307.88,8.72,D
-33.3735,18.98567,345.24,0.42,0.61,2025-03-18,1321,N21,nominal,2.0NRT,310.25,4.9,D
-33.37466,18.98119,337.9,0.42,0.61,2025-03-18,1321,N21,low,2.0NRT,311.36,10.83,D
-33.36806,18.98363,339.47,0.42,0.61,2025-03-18,1321,N21,low,2.0NRT,313.2,4.9,D
-33.39306,18.79655,336.94,0.41,0.6,2025-03-18,1321,N21,low,2.0NRT,309.94,2.22,D
-33.39381,18.79697,335.95,0.41,0.6,2025-03-18,1321,N21,low,2.0NRT,309.66,2.04,D
-33.30014,18.6352,339.42,0.4,0.6,2025-03-18,1321,N21,low,2.0NRT,311.43,4.21,D
-33.2973,18.5781,367,0.4,0.6,2025-03-18,1321,N21,high,2.0NRT,313.41,15.38,D
-33.2952,18.58636,337.5,0.4,0.6,2025-03-18,1321,N21,nominal,2.0NRT,306.82,6.11,D
-33.29625,18.58222,349.4,0.4,0.6,2025-03-18,1321,N21,nominal,2.0NRT,311.43,15.38,D
-33.29835,18.57397,343.17,0.4,0.6,2025-03-18,1321,N21,nominal,2.0NRT,307.53,12.83,D
-33.29089,18.58032,367,0.4,0.6,2025-03-18,1321,N21,high,2.0NRT,315.68,57.66,D
-33.29824,18.55144,367,0.4,0.6,2025-03-18,1321,N21,high,2.0NRT,309.42,7.61,D
-33.28985,18.58443,340.77,0.4,0.6,2025-03-18,1321,N21,nominal,2.0NRT,306.98,21.88,D
-33.29194,18.57619,350.16,0.4,0.6,2025-03-18,1321,N21,low,2.0NRT,328.3,57.66,D
-33.293,18.57206,284.83,0.4,0.6,2025-03-18,1321,N21,low,2.0NRT,312.35,85.69,D
-33.28554,18.5784,367,0.4,0.6,2025-03-18,1321,N21,high,2.0NRT,310.35,57.66,D
-33.2908,18.55774,367,0.4,0.6,2025-03-18,1321,N21,high,2.0NRT,309.71,7.65,D
-33.28659,18.57427,338.78,0.4,0.6,2025-03-18,1321,N21,nominal,2.0NRT,313.4,57.66,D
-33.28975,18.56187,335.04,0.4,0.6,2025-03-18,1321,N21,nominal,2.0NRT,307.79,7.65,D
-33.29185,18.55362,353.83,0.4,0.6,2025-03-18,1321,N21,nominal,2.0NRT,309.92,7.61,D
-33.28126,18.57227,367,0.4,0.6,2025-03-18,1321,N21,high,2.0NRT,310.09,32.48,D
-33.28231,18.56816,367,0.4,0.6,2025-03-18,1321,N21,high,2.0NRT,313.24,16.38,D
-33.28336,18.56403,367,0.4,0.6,2025-03-18,1321,N21,high,2.0NRT,313.27,16.38,D
-33.28442,18.5599,367,0.4,0.6,2025-03-18,1321,N21,high,2.0NRT,312.63,8.53,D
-33.27915,18.58055,335.85,0.4,0.6,2025-03-18,1321,N21,nominal,2.0NRT,308.34,2.08,D
-33.28547,18.55576,337.86,0.4,0.6,2025-03-18,1321,N21,nominal,2.0NRT,310.87,8.53,D
-33.27698,18.56615,367,0.4,0.6,2025-03-18,1321,N21,high,2.0NRT,314.43,16.38,D
-33.28014,18.55379,367,0.4,0.6,2025-03-18,1321,N21,high,2.0NRT,312.85,8.53,D
-33.27803,18.56203,338.43,0.4,0.6,2025-03-18,1321,N21,nominal,2.0NRT,309.92,16.38,D
-33.27909,18.55791,349.95,0.4,0.6,2025-03-18,1321,N21,nominal,2.0NRT,310.61,8.53,D
-33.18428,18.7661,367,0.41,0.61,2025-03-18,1321,N21,high,2.0NRT,310.62,12.81,D
-33.22139,18.62295,367,0.4,0.6,2025-03-18,1321,N21,high,2.0NRT,314.09,11.89,D
-33.22032,18.6271,345.37,0.4,0.6,2025-03-18,1321,N21,nominal,2.0NRT,310.27,11.89,D
-33.21493,18.62525,367,0.4,0.6,2025-03-18,1321,N21,high,2.0NRT,315.89,11.89,D
-33.216,18.6211,353.99,0.4,0.6,2025-03-18,1321,N21,nominal,2.0NRT,314.88,11.89,D
-33.21708,18.61696,354.01,0.4,0.6,2025-03-18,1321,N21,nominal,2.0NRT,316.27,18.05,D
-33.1666,18.78844,367,0.41,0.61,2025-03-18,1321,N21,high,2.0NRT,314.16,78.17,D
-33.16773,18.78412,348.14,0.41,0.61,2025-03-18,1321,N21,nominal,2.0NRT,311.06,97.79,D
-33.16116,18.78656,367,0.41,0.61,2025-03-18,1321,N21,high,2.0NRT,326.87,78.17,D
-33.21516,18.62554,367,0.4,0.6,2025-03-18,1321,N21,high,2.0NRT,315.01,17.9,D
-33.21725,18.61724,367,0.4,0.6,2025-03-18,1321,N21,high,2.0NRT,316.07,13.34,D
-33.21621,18.62139,354.68,0.4,0.6,2025-03-18,1321,N21,nominal,2.0NRT,315.01,17.9,D
-33.16782,18.78925,344.21,0.41,0.61,2025-03-18,1321,N21,nominal,2.0NRT,309.59,13.42,D
-33.16894,18.78486,355.04,0.41,0.61,2025-03-18,1321,N21,nominal,2.0NRT,311.54,16.8,D
-33.16239,18.78732,367,0.41,0.61,2025-03-18,1321,N21,high,2.0NRT,327.51,65.13,D
-33.16349,18.78301,301.87,0.41,0.61,2025-03-18,1321,N21,low,2.0NRT,315.47,44.68,D
-33.15695,18.78543,335.57,0.41,0.61,2025-03-18,1321,N21,nominal,2.0NRT,310.41,65.13,D
-33.15808,18.78101,343.37,0.41,0.61,2025-03-18,1321,N21,nominal,2.0NRT,309.71,44.68,D
-33.0908,18.92734,367,0.42,0.61,2025-03-18,1321,N21,high,2.0NRT,308.24,79.1,D
-33.20977,18.41638,338.86,0.39,0.59,2025-03-18,1321,N21,nominal,2.0NRT,312.55,9.6,D
-33.20444,18.41451,367,0.39,0.59,2025-03-18,1321,N21,high,2.0NRT,312.56,9.6,D
-33.20549,18.41042,352.31,0.39,0.59,2025-03-18,1321,N21,nominal,2.0NRT,311.95,9.6,D
-33.11979,18.67667,344.54,0.41,0.6,2025-03-18,1321,N21,nominal,2.0NRT,310.86,2.09,D
-33.06165,18.49355,367,0.4,0.6,2025-03-18,1321,N21,high,2.0NRT,309.97,10.46,D
-33.06271,18.48939,344.65,0.4,0.6,2025-03-18,1321,N21,nominal,2.0NRT,309.83,7.9,D
-32.93452,18.39617,344.16,0.4,0.6,2025-03-18,1321,N21,nominal,2.0NRT,311.98,5.44,D
-32.93558,18.39206,342.43,0.39,0.6,2025-03-18,1321,N21,nominal,2.0NRT,311.42,6.01,D
-32.9343,18.39631,339.85,0.4,0.6,2025-03-18,1321,N21,nominal,2.0NRT,310.89,4.4,D
-32.93535,18.39217,346.41,0.4,0.6,2025-03-18,1321,N21,nominal,2.0NRT,311.49,6.87,D
-32.78254,18.92439,337.56,0.43,0.62,2025-03-18,1321,N21,low,2.0NRT,310.22,2.62,D
-32.88256,17.99821,345.21,0.38,0.59,2025-03-18,1321,N21,nominal,2.0NRT,310.07,6.44,D
-32.6402,18.83552,340.18,0.43,0.62,2025-03-18,1321,N21,nominal,2.0NRT,306.72,4.4,D
-32.3446,19.14033,342.78,0.45,0.63,2025-03-18,1321,N21,nominal,2.0NRT,301.83,6.58,D
-32.309,19.18195,334.2,0.45,0.63,2025-03-18,1321,N21,nominal,2.0NRT,303.79,4.22,D
-32.33284,19.09152,341.68,0.45,0.63,2025-03-18,1321,N21,nominal,2.0NRT,308.77,8.13,D
-32.3247,19.09905,367,0.45,0.63,2025-03-18,1321,N21,high,2.0NRT,304.82,11.5,D
-32.30428,19.17642,331.04,0.45,0.63,2025-03-18,1321,N21,low,2.0NRT,301.55,4.22,D
-32.32364,19.0798,351.98,0.45,0.63,2025-03-18,1321,N21,nominal,2.0NRT,307.33,7.58,D
-32.32259,19.08191,342.6,0.45,0.63,2025-03-18,1321,N21,nominal,2.0NRT,309.04,8.58,D
-32.1303,18.39022,355.15,0.41,0.61,2025-03-18,1321,N21,nominal,2.0NRT,312.13,7.09,D
-31.68336,18.88644,336.12,0.45,0.63,2025-03-18,1321,N21,low,2.0NRT,309.04,2.06,D
-21.40147,46.52929,338.32,0.59,0.7,2025-03-18,2114,N21,nominal,2.0NRT,285.69,9.94,N
-21.40012,46.52362,301.22,0.59,0.7,2025-03-18,2114,N21,nominal,2.0NRT,284.67,4.08,N
-21.40299,46.52995,338.81,0.59,0.7,2025-03-18,2114,N21,nominal,2.0NRT,285.37,9.15,N
-21.40162,46.52432,305.97,0.59,0.7,2025-03-18,2114,N21,nominal,2.0NRT,284.74,4.91,N
-18.36215,26.65999,305.67,0.61,0.53,2025-03-18,2254,N21,nominal,2.0NRT,288.82,1.18,N
-18.3657,26.47368,299.87,0.62,0.54,2025-03-18,2254,N21,nominal,2.0NRT,283.6,1.42,N
-18.36686,26.47952,302.81,0.62,0.54,2025-03-18,2254,N21,nominal,2.0NRT,283.99,1.42,N
-18.366,26.44938,303.45,0.63,0.54,2025-03-18,2254,N21,nominal,2.0NRT,286.23,3.75,N
-18.37179,26.47858,310.22,0.62,0.54,2025-03-18,2254,N21,nominal,2.0NRT,285.86,3.8,N
-18.37094,26.44841,317.09,0.63,0.54,2025-03-18,2254,N21,nominal,2.0NRT,285.95,3.75,N
-4.4302,39.41718,315.06,0.4,0.37,2025-03-18,2250,N21,nominal,2.0NRT,293.34,3.38,N
-18.36756,26.47629,319.34,0.62,0.54,2025-03-18,2254,N21,nominal,2.0NRT,286.66,6.5,N
-18.37262,26.45107,318.38,0.62,0.54,2025-03-18,2254,N21,nominal,2.0NRT,285.56,3.67,N
-4.55867,39.45595,329.18,0.4,0.37,2025-03-18,2250,N21,nominal,2.0NRT,293.54,1.93,N
-18.40442,26.50625,301.18,0.62,0.54,2025-03-18,2254,N21,nominal,2.0NRT,286.57,0.7,N
-5.1031,39.02116,312.72,0.39,0.36,2025-03-18,2250,N21,nominal,2.0NRT,293.38,2.36,N
-18.43115,26.51211,301.24,0.62,0.54,2025-03-18,2254,N21,nominal,2.0NRT,288.13,1.14,N
-5.10597,38.99556,305.97,0.39,0.36,2025-03-18,2250,N21,nominal,2.0NRT,292.51,1.65,N
-18.44198,26.51518,301.84,0.62,0.54,2025-03-18,2254,N21,nominal,2.0NRT,289.27,3.61,N
-6.66198,39.16774,314.16,0.4,0.37,2025-03-18,2250,N21,nominal,2.0NRT,293.43,1.74,N
-18.44311,26.52079,302.62,0.62,0.54,2025-03-18,2254,N21,nominal,2.0NRT,289.76,3.52,N
-8.24275,35.34864,303.95,0.41,0.37,2025-03-18,2250,N21,nominal,2.0NRT,284.76,1,N
-18.43874,26.4737,300.82,0.62,0.54,2025-03-18,2254,N21,nominal,2.0NRT,287.01,3.43,N
-8.94394,33.2416,300.99,0.51,0.41,2025-03-18,2250,N21,nominal,2.0NRT,285.43,0.65,N
-21.74899,35.06058,306.53,0.39,0.36,2025-03-18,2254,N21,nominal,2.0NRT,292.43,0.75,N
-10.38978,34.91903,330.66,0.41,0.37,2025-03-18,2252,N21,nominal,2.0NRT,290.62,6.82,N
-24.55361,30.14751,302.42,0.45,0.39,2025-03-18,2257,N21,nominal,2.0NRT,286.76,1.97,N
-10.31663,27.88029,298.02,0.36,0.57,2025-03-18,2252,N21,nominal,2.0NRT,281.06,0.37,N
-24.74099,30.19159,298.75,0.45,0.39,2025-03-18,2257,N21,nominal,2.0NRT,286.87,1.09,N
-13.34017,35.28365,325.25,0.39,0.36,2025-03-18,2252,N21,nominal,2.0NRT,288.14,2.55,N
-24.74455,30.19087,307.81,0.45,0.39,2025-03-18,2257,N21,nominal,2.0NRT,288.27,1.09,N
-12.29181,25.81687,312.46,0.45,0.63,2025-03-18,2252,N21,nominal,2.0NRT,286.24,1.47,N
-24.81481,30.11712,321.95,0.45,0.39,2025-03-18,2257,N21,nominal,2.0NRT,288.71,2.21,N
-13.41205,24.31414,302.12,0.54,0.68,2025-03-18,2252,N21,nominal,2.0NRT,287,1.05,N
-24.81561,30.1216,299.84,0.45,0.39,2025-03-18,2257,N21,nominal,2.0NRT,287.94,2.21,N
-14.49318,28.46443,310.92,0.55,0.51,2025-03-18,2252,N21,nominal,2.0NRT,288.53,3.32,N
-24.81838,30.1164,319.11,0.45,0.39,2025-03-18,2257,N21,nominal,2.0NRT,290.24,2.21,N
-14.49086,28.46152,312.76,0.54,0.51,2025-03-18,2252,N21,nominal,2.0NRT,289.3,2.89,N
-14.71105,26.80395,310.76,0.35,0.57,2025-03-18,2252,N21,nominal,2.0NRT,287.11,2.01,N
-24.0488,25.88622,297.18,0.52,0.5,2025-03-18,2257,N21,nominal,2.0NRT,285.82,1.21,N
-14.71167,26.80717,316.05,0.35,0.57,2025-03-18,2252,N21,nominal,2.0NRT,287.17,2.12,N
-24.72717,28.98864,295.03,0.51,0.41,2025-03-18,2257,N21,nominal,2.0NRT,284.6,0.78,N
-15.89443,33.03189,338.91,0.43,0.38,2025-03-18,2252,N21,nominal,2.0NRT,294.94,13.89,N
-24.83416,27.36376,310.69,0.41,0.45,2025-03-18,2257,N21,nominal,2.0NRT,287.57,1.68,N
-24.83826,27.36279,312.55,0.41,0.45,2025-03-18,2257,N21,nominal,2.0NRT,287.1,1.62,N
-15.93143,33.01695,302.02,0.43,0.38,2025-03-18,2252,N21,nominal,2.0NRT,291.77,0.57,N
-16.08599,33.37501,311.73,0.42,0.37,2025-03-18,2252,N21,nominal,2.0NRT,291.67,1.06,N
-25.7251,27.60802,317.8,0.39,0.44,2025-03-18,2257,N21,nominal,2.0NRT,286.13,2.2,N
-15.41356,28.25273,302.03,0.54,0.51,2025-03-18,2252,N21,nominal,2.0NRT,287.3,1,N
-25.72908,27.60709,315.75,0.39,0.44,2025-03-18,2257,N21,nominal,2.0NRT,286.82,2.03,N
-25.71018,27.40459,298.3,0.4,0.44,2025-03-18,2257,N21,nominal,2.0NRT,283.4,1.64,N
-17.34556,27.20579,302.06,0.58,0.52,2025-03-18,2254,N21,nominal,2.0NRT,288.44,2.59,N
-25.71422,27.40368,313.51,0.4,0.44,2025-03-18,2257,N21,nominal,2.0NRT,283.79,1.71,N
-18.52826,32.65335,297.02,0.42,0.38,2025-03-18,2254,N21,nominal,2.0NRT,282.4,0.6,N
-25.88306,26.93165,299.7,0.42,0.45,2025-03-18,2257,N21,nominal,2.0NRT,284.62,0.94,N
-17.30138,24.13805,298.95,0.46,0.64,2025-03-18,2254,N21,nominal,2.0NRT,278.19,0.39,N
-28.67916,32.13314,304.91,0.38,0.36,2025-03-18,2257,N21,nominal,2.0NRT,288.19,1.2,N
-28.36025,23.51006,298.54,0.6,0.53,2025-03-18,2257,N21,nominal,2.0NRT,286.02,2.39,N
-30.6747,30.34562,306.46,0.4,0.37,2025-03-18,2259,N21,nominal,2.0NRT,276.55,1.2,N
-32.2899,19.54631,313.38,0.41,0.6,2025-03-18,2259,N21,nominal,2.0NRT,293.98,1.14,N
-32.29902,19.17732,315.02,0.43,0.62,2025-03-18,2259,N21,nominal,2.0NRT,293.75,3.13,N
-32.29996,19.18093,308.11,0.43,0.62,2025-03-18,2259,N21,nominal,2.0NRT,293.84,3.19,N
-32.34466,19.12066,367,0.43,0.62,2025-03-18,2259,N21,high,2.0NRT,297.08,9.65,N
-32.34673,19.12867,336.89,0.43,0.62,2025-03-18,2259,N21,nominal,2.0NRT,293.38,9.65,N
-32.35017,19.1186,324.51,0.43,0.62,2025-03-18,2259,N21,nominal,2.0NRT,294,9.65,N
-32.35202,19.12576,341.56,0.43,0.62,2025-03-18,2259,N21,nominal,2.0NRT,293.79,9.65,N
-32.35387,19.13296,324.18,0.43,0.62,2025-03-18,2259,N21,nominal,2.0NRT,292.81,5.03,N
-32.94117,18.75859,310.89,0.43,0.62,2025-03-18,2259,N21,nominal,2.0NRT,294.43,1.49,N
-33.14259,19.00179,367,0.42,0.61,2025-03-18,2259,N21,high,2.0NRT,301.43,26.27,N
-33.14375,19.0062,340.01,0.42,0.61,2025-03-18,2259,N21,nominal,2.0NRT,296.54,17.43,N
-32.9636,18.04737,302.98,0.47,0.64,2025-03-18,2259,N21,nominal,2.0NRT,291.52,2.38,N
-32.96087,18.04635,313.67,0.47,0.64,2025-03-18,2259,N21,nominal,2.0NRT,293.14,2.16,N
-33.59204,18.4579,304.21,0.43,0.62,2025-03-18,2259,N21,nominal,2.0NRT,293.81,0.94,N
-33.83962,18.52899,306.23,0.42,0.61,2025-03-18,2259,N21,nominal,2.0NRT,294.92,1.2,N
-4.24393,10.81665,305.04,0.42,0.37,2025-03-19,0033,N21,nominal,2.0NRT,273.72,0.77,N
-4.51146,12.04991,310.79,0.39,0.36,2025-03-19,0033,N21,nominal,2.0NRT,288.61,1.23,N
-4.52081,11.41613,324.91,0.4,0.37,2025-03-19,0033,N21,nominal,2.0NRT,289.65,4.09,N
-4.52137,11.4197,326.07,0.4,0.37,2025-03-19,0033,N21,nominal,2.0NRT,289.65,4.09,N
-4.92326,11.38227,341.69,0.4,0.37,2025-03-19,0033,N21,nominal,2.0NRT,270.87,4.97,N
-5.3784,11.44174,310.32,0.39,0.37,2025-03-19,0033,N21,nominal,2.0NRT,287.11,2.31,N
-5.661,11.81058,308.14,0.39,0.36,2025-03-19,0033,N21,nominal,2.0NRT,281.76,1.27,N
-5.96273,12.41165,303.25,0.38,0.36,2025-03-19,0033,N21,nominal,2.0NRT,282.61,0.45,N
-5.94283,12.26279,305.75,0.38,0.36,2025-03-19,0033,N21,nominal,2.0NRT,283.02,1.52,N
-6.12141,12.33733,304.33,0.38,0.36,2025-03-19,0033,N21,nominal,2.0NRT,281.57,1.41,N
-6.1605,11.27035,314.97,0.39,0.37,2025-03-19,0033,N21,nominal,2.0NRT,289.33,2.39,N
-6.13977,11.0324,328.54,0.4,0.37,2025-03-19,0033,N21,nominal,2.0NRT,280.19,1.97,N
-6.14313,11.03187,302.86,0.4,0.37,2025-03-19,0033,N21,nominal,2.0NRT,279.92,1.97,N
-6.32258,11.28122,308.35,0.39,0.36,2025-03-19,0033,N21,nominal,2.0NRT,286.45,1.65,N
-7.06783,12.41051,318.87,0.38,0.36,2025-03-19,0033,N21,nominal,2.0NRT,289.35,1.43,N
-7.11916,12.3671,328.92,0.38,0.36,2025-03-19,0033,N21,nominal,2.0NRT,288.96,2.17,N
-7.12915,12.34429,318.95,0.38,0.36,2025-03-19,0033,N21,nominal,2.0NRT,289.47,1.27,N
-7.45807,14.32453,317.3,0.42,0.38,2025-03-19,0033,N21,nominal,2.0NRT,281.94,1.51,N
-7.45864,14.32828,309.85,0.42,0.38,2025-03-19,0033,N21,nominal,2.0NRT,281.87,1.51,N
-7.15944,12.3431,329.3,0.38,0.36,2025-03-19,0033,N21,nominal,2.0NRT,290.06,2.49,N
-7.17307,12.38704,316.62,0.38,0.36,2025-03-19,0033,N21,nominal,2.0NRT,289.42,1.21,N
-7.36458,11.37434,309.92,0.39,0.36,2025-03-19,0033,N21,nominal,2.0NRT,286.48,1.12,N
-7.68445,11.76295,303.15,0.38,0.36,2025-03-19,0033,N21,nominal,2.0NRT,282.2,0.37,N
-7.84806,12.11336,332.74,0.38,0.36,2025-03-19,0033,N21,nominal,2.0NRT,289.24,8.77,N
-7.84752,12.1099,307.93,0.38,0.36,2025-03-19,0033,N21,nominal,2.0NRT,287.74,3.89,N
-8.84462,13.34743,307.72,0.4,0.37,2025-03-19,0033,N21,nominal,2.0NRT,284.12,0.71,N
-10.76818,15.34765,331.07,0.51,0.41,2025-03-19,0033,N21,nominal,2.0NRT,284.99,3,N
-10.76884,15.35223,297.73,0.51,0.41,2025-03-19,0033,N21,nominal,2.0NRT,283.18,3,N
-27.60579,17.84167,335.36,0.39,0.59,2025-03-19,0037,N21,nominal,2.0NRT,289.5,0.18,N
-32.31685,19.0811,306.28,0.51,0.66,2025-03-19,0037,N21,nominal,2.0NRT,294.43,2.55,N
-32.34386,19.12403,367,0.51,0.66,2025-03-19,0037,N21,high,2.0NRT,296.73,8.87,N
-32.34406,19.1277,315.11,0.52,0.66,2025-03-19,0037,N21,nominal,2.0NRT,292.44,8.87,N
-32.35005,19.12364,334.61,0.51,0.66,2025-03-19,0037,N21,nominal,2.0NRT,294.55,8.87,N
-32.35023,19.12714,330.99,0.52,0.66,2025-03-19,0037,N21,nominal,2.0NRT,293.3,8.87,N
-32.35044,19.13109,367,0.52,0.66,2025-03-19,0037,N21,high,2.0NRT,293.36,10.43,N
-32.35067,19.13538,306.94,0.52,0.67,2025-03-19,0037,N21,nominal,2.0NRT,291.61,10.43,N
-32.35661,19.13052,339.06,0.52,0.66,2025-03-19,0037,N21,nominal,2.0NRT,292.76,5.28,N
-32.34903,19.12416,345.69,0.52,0.66,2025-03-19,0037,N21,nominal,2.0NRT,295.1,5.31,N
-32.34885,19.12039,309.78,0.51,0.66,2025-03-19,0037,N21,nominal,2.0NRT,293.05,5.31,N
-32.3492,19.12772,306.06,0.52,0.66,2025-03-19,0037,N21,nominal,2.0NRT,292.3,10.59,N
-32.35537,19.12712,327.42,0.52,0.66,2025-03-19,0037,N21,nominal,2.0NRT,292.05,10.59,N
-32.35556,19.13097,367,0.52,0.67,2025-03-19,0037,N21,high,2.0NRT,295.15,10.59,N
-32.35519,19.12342,302.74,0.52,0.66,2025-03-19,0037,N21,nominal,2.0NRT,291.86,5.31,N
-32.35575,19.13501,303.31,0.52,0.67,2025-03-19,0037,N21,nominal,2.0NRT,291.12,9.36,N
-32.94018,18.76016,304.97,0.49,0.65,2025-03-19,0037,N21,nominal,2.0NRT,293.52,1.94,N
-33.14296,19.00208,345.42,0.51,0.66,2025-03-19,0037,N21,nominal,2.0NRT,296.66,6.17,N
-33.14323,19.00758,311,0.51,0.66,2025-03-19,0037,N21,nominal,2.0NRT,293.57,6.17,N
-33.83951,18.53014,303.44,0.49,0.65,2025-03-19,0039,N21,nominal,2.0NRT,292.66,0.91,N
-33.97097,18.5794,303.46,0.49,0.65,2025-03-19,0039,N21,nominal,2.0NRT,291.52,0.73,N
-21.90076,46.59023,335.57,0.58,0.7,2025-03-19,0941,N21,nominal,2.0NRT,292.02,5.97,D
-21.10086,46.51308,329.47,0.58,0.69,2025-03-19,0941,N21,nominal,2.0NRT,292.92,2.83,D
-21.09919,46.51252,329.83,0.58,0.69,2025-03-19,0941,N21,nominal,2.0NRT,292.78,6.11,D
-20.36518,45.52455,328.55,0.66,0.73,2025-03-19,0941,N21,nominal,2.0NRT,295.29,5.21,D
-20.36202,45.52795,339.56,0.65,0.73,2025-03-19,0941,N21,nominal,2.0NRT,295.29,8.89,D
-19.00393,46.40881,334.62,0.56,0.68,2025-03-19,0943,N21,nominal,2.0NRT,293.77,5.42,D
-18.79434,45.82465,328.71,0.6,0.71,2025-03-19,0943,N21,nominal,2.0NRT,293.19,4.42,D
-18.75732,44.68912,339.73,0.72,0.75,2025-03-19,0943,N21,nominal,2.0NRT,292.59,9.34,D
-18.7582,44.68676,339.34,0.72,0.75,2025-03-19,0943,N21,nominal,2.0NRT,292.65,9.65,D
-16.82198,46.32095,336.72,0.53,0.67,2025-03-19,0943,N21,nominal,2.0NRT,292.26,5.43,D
-15.43714,47.71019,332.61,0.41,0.61,2025-03-19,0943,N21,nominal,2.0NRT,286.97,5.68,D
-15.40424,46.9749,330.9,0.46,0.64,2025-03-19,0943,N21,nominal,2.0NRT,289.74,3.9,D
-12.42063,49.33326,325.55,0.58,0.52,2025-03-19,0943,N21,nominal,2.0NRT,292.56,3.85,D
-12.42041,49.33534,326.66,0.58,0.52,2025-03-19,0943,N21,nominal,2.0NRT,292.26,4.07,D
-18.67824,32.89088,331.25,0.38,0.36,2025-03-19,1123,N21,nominal,2.0NRT,298.32,6.87,D
-16.98399,35.39665,331.64,0.44,0.38,2025-03-19,1123,N21,nominal,2.0NRT,297.87,4.54,D
-15.8931,33.03337,334.05,0.39,0.36,2025-03-19,1125,N21,nominal,2.0NRT,293.27,3.08,D
-15.61879,30.42134,331.81,0.41,0.37,2025-03-19,1125,N21,nominal,2.0NRT,300.67,2.33,D
-14.49237,28.46198,336.06,0.49,0.4,2025-03-19,1125,N21,nominal,2.0NRT,303.89,5.81,D
-14.71088,26.80856,334.84,0.41,0.45,2025-03-19,1125,N21,nominal,2.0NRT,299.06,4.14,D
-14.71138,26.80483,335.81,0.41,0.45,2025-03-19,1125,N21,nominal,2.0NRT,296.73,4.14,D
-13.21493,29.51862,330.87,0.43,0.38,2025-03-19,1125,N21,nominal,2.0NRT,293.95,2.72,D
-12.07655,26.39816,339.69,0.4,0.44,2025-03-19,1125,N21,nominal,2.0NRT,295.18,5.99,D
-12.07605,26.39746,339.39,0.4,0.44,2025-03-19,1125,N21,nominal,2.0NRT,296.14,8.42,D
-10.02345,38.44049,332.67,0.55,0.51,2025-03-19,1125,N21,nominal,2.0NRT,296.96,6.25,D
-9.96309,27.76476,332.88,0.47,0.4,2025-03-19,1125,N21,nominal,2.0NRT,297.4,4.59,D
-8.00632,39.13111,334.04,0.33,0.55,2025-03-19,1125,N21,nominal,2.0NRT,294.65,4.79,D
-7.99169,39.12539,346.14,0.33,0.55,2025-03-19,1125,N21,nominal,2.0NRT,292.99,2.88,D
-7.8266,39.78897,335.99,0.37,0.58,2025-03-19,1125,N21,nominal,2.0NRT,291.88,3.61,D
-7.41345,39.18935,344.76,0.34,0.56,2025-03-19,1128,N21,nominal,2.0NRT,292.84,3.47,D
-7.22165,39.30091,336.33,0.35,0.57,2025-03-19,1128,N21,nominal,2.0NRT,293.36,3.47,D
-7.17299,39.14564,348.25,0.34,0.56,2025-03-19,1128,N21,nominal,2.0NRT,293.52,5.27,D
-7.12288,38.90363,345.74,0.33,0.55,2025-03-19,1128,N21,nominal,2.0NRT,293.31,5.39,D
-6.90485,38.55475,331.57,0.63,0.54,2025-03-19,1128,N21,nominal,2.0NRT,292.08,4.18,D
-5.90354,39.32901,333.98,0.37,0.58,2025-03-19,1128,N21,nominal,2.0NRT,287.26,4.36,D
-6.01846,37.48826,330.68,0.55,0.51,2025-03-19,1128,N21,nominal,2.0NRT,288.59,9.01,D
-5.60936,38.87054,340.92,0.35,0.57,2025-03-19,1128,N21,nominal,2.0NRT,293.38,4.06,D
-5.60989,38.86743,332.51,0.35,0.57,2025-03-19,1128,N21,nominal,2.0NRT,292.14,4.06,D
-5.59294,38.4261,346.06,0.33,0.55,2025-03-19,1128,N21,nominal,2.0NRT,289.97,3.21,D
-5.56437,38.50269,334.73,0.33,0.55,2025-03-19,1128,N21,nominal,2.0NRT,290.27,1.44,D
-5.56849,38.47857,351.16,0.33,0.55,2025-03-19,1128,N21,nominal,2.0NRT,294.93,4.55,D
-5.45812,38.34035,344.3,0.32,0.55,2025-03-19,1128,N21,nominal,2.0NRT,286,4.43,D
-5.46357,38.3087,341.73,0.32,0.55,2025-03-19,1128,N21,nominal,2.0NRT,283.81,5.85,D
-5.20899,38.84093,331.28,0.35,0.57,2025-03-19,1128,N21,nominal,2.0NRT,295.25,3.24,D
-5.02075,39.02763,336.54,0.37,0.58,2025-03-19,1128,N21,nominal,2.0NRT,294.74,4.38,D
-5.01706,38.98623,344.11,0.36,0.58,2025-03-19,1128,N21,nominal,2.0NRT,294.62,3.77,D
-4.88884,39.10252,332.46,0.37,0.58,2025-03-19,1128,N21,nominal,2.0NRT,296.28,3.01,D
-4.86421,39.18127,341.25,0.38,0.59,2025-03-19,1128,N21,nominal,2.0NRT,295.31,4.9,D
-4.86619,39.18233,345.77,0.38,0.59,2025-03-19,1128,N21,nominal,2.0NRT,295.14,2.24,D
-4.88099,39.06028,343.96,0.37,0.58,2025-03-19,1128,N21,nominal,2.0NRT,294.77,9.02,D
-4.87402,39.06945,330.45,0.37,0.58,2025-03-19,1128,N21,nominal,2.0NRT,295.51,2.97,D
-4.66549,39.20937,338.74,0.38,0.59,2025-03-19,1128,N21,nominal,2.0NRT,296.06,4.81,D
-4.66295,39.20788,345.49,0.38,0.59,2025-03-19,1128,N21,nominal,2.0NRT,296.9,4.38,D
-5.78463,32.03833,342.16,0.41,0.37,2025-03-19,1128,N21,nominal,2.0NRT,290.9,5.92,D
-4.49891,39.45275,333.75,0.4,0.6,2025-03-19,1128,N21,nominal,2.0NRT,295.54,4.7,D
-4.44068,39.35963,332.02,0.4,0.6,2025-03-19,1128,N21,nominal,2.0NRT,295.67,2.33,D
-4.40458,39.53784,367,0.41,0.6,2025-03-19,1128,N21,high,2.0NRT,295.23,14.05,D
-34.36351,21.16483,341.09,0.73,0.76,2025-03-19,1119,N21,nominal,2.0NRT,300.44,20.84,D
-34.36371,21.15662,353.79,0.73,0.76,2025-03-19,1119,N21,nominal,2.0NRT,300.07,20.84,D
-34.35642,21.16503,344.52,0.73,0.76,2025-03-19,1119,N21,nominal,2.0NRT,300.81,20.84,D
-34.35662,21.15665,350.66,0.73,0.76,2025-03-19,1119,N21,nominal,2.0NRT,301.67,20.84,D
-34.34856,21.19784,367,0.73,0.76,2025-03-19,1119,N21,high,2.0NRT,300.84,22.52,D
-34.34837,21.20592,333.65,0.73,0.76,2025-03-19,1119,N21,nominal,2.0NRT,299.92,17.66,D
-34.03692,25.61194,334.71,0.4,0.6,2025-03-19,1119,N21,nominal,2.0NRT,302.33,3.37,D
-33.31147,25.95721,342,0.38,0.59,2025-03-19,1119,N21,nominal,2.0NRT,307.33,4.94,D
-32.56694,27.64167,341.76,0.59,0.53,2025-03-19,1119,N21,nominal,2.0NRT,302.14,9.34,D
-32.56206,27.64101,331.47,0.59,0.53,2025-03-19,1119,N21,nominal,2.0NRT,305.96,8.56,D
-31.29861,28.18419,351.18,0.53,0.5,2025-03-19,1119,N21,nominal,2.0NRT,299.48,10.35,D
-30.25581,30.16942,337.23,0.4,0.44,2025-03-19,1121,N21,nominal,2.0NRT,297.89,7.27,D
-29.90338,30.98467,336.63,0.54,0.42,2025-03-19,1121,N21,nominal,2.0NRT,297.09,5.22,D
-29.94014,30.45181,327.54,0.38,0.43,2025-03-19,1121,N21,nominal,2.0NRT,292.6,5.49,D
-29.88096,30.16713,342.7,0.4,0.44,2025-03-19,1121,N21,nominal,2.0NRT,291.15,10.81,D
-29.86874,30.1655,342.45,0.4,0.44,2025-03-19,1121,N21,nominal,2.0NRT,296.36,18.03,D
-29.86917,30.16154,339.61,0.4,0.44,2025-03-19,1121,N21,nominal,2.0NRT,296.74,18.03,D
-29.39741,30.78137,327.7,0.54,0.42,2025-03-19,1121,N21,nominal,2.0NRT,289.58,4.79,D
-29.39805,30.77588,328.33,0.54,0.42,2025-03-19,1121,N21,nominal,2.0NRT,291.2,4.79,D
-29.39414,30.77532,329.98,0.54,0.42,2025-03-19,1121,N21,nominal,2.0NRT,291.97,4.79,D
-29.43845,30.32098,334.12,0.38,0.43,2025-03-19,1121,N21,nominal,2.0NRT,291.5,3.82,D
-28.49199,24.71496,354.98,0.4,0.6,2025-03-19,1121,N21,nominal,2.0NRT,295.87,6.49,D
-25.71304,27.40215,340.22,0.51,0.5,2025-03-19,1121,N21,nominal,2.0NRT,298.36,17.15,D
-25.71244,27.40435,340.28,0.51,0.5,2025-03-19,1121,N21,nominal,2.0NRT,296.89,10.84,D
-21.12578,46.4956,345.45,0.56,0.69,2025-03-19,1121,N21,nominal,2.0NRT,292.93,7.58,D
-21.48215,43.69708,333.67,0.37,0.58,2025-03-19,1121,N21,nominal,2.0NRT,296.06,3.19,D
-20.93545,45.60537,346.35,0.5,0.66,2025-03-19,1121,N21,nominal,2.0NRT,297.6,9.45,D
-20.93921,45.60739,341.19,0.5,0.66,2025-03-19,1121,N21,nominal,2.0NRT,297.03,11.64,D
-21.25729,43.9561,335.04,0.39,0.59,2025-03-19,1121,N21,nominal,2.0NRT,294.53,4.46,D
-20.51722,32.80877,344.71,0.39,0.36,2025-03-19,1123,N21,nominal,2.0NRT,291.58,5.32,D
-6.88521,14.41553,339.67,0.39,0.59,2025-03-19,1308,N21,nominal,2.0NRT,293.12,6.25,D
-10.4034,15.07835,338,0.37,0.58,2025-03-19,1308,N21,nominal,2.0NRT,295.1,8.38,D
-10.40401,15.07505,345.35,0.37,0.58,2025-03-19,1308,N21,nominal,2.0NRT,294.55,5.82,D
-10.40462,15.07174,331.52,0.37,0.58,2025-03-19,1308,N21,nominal,2.0NRT,292.85,5.82,D
-10.39871,15.07416,330.07,0.37,0.58,2025-03-19,1308,N21,nominal,2.0NRT,293.86,6.19,D
-10.56814,14.06316,328.52,0.63,0.54,2025-03-19,1308,N21,nominal,2.0NRT,285.67,5.87,D
-10.5702,14.05188,330.58,0.63,0.54,2025-03-19,1308,N21,nominal,2.0NRT,287.16,15.42,D
-10.56321,14.06226,332.06,0.63,0.54,2025-03-19,1308,N21,nominal,2.0NRT,285.85,9.19,D
-10.56423,14.05665,336.24,0.63,0.54,2025-03-19,1308,N21,nominal,2.0NRT,286.96,11.65,D
-10.3854,13.81914,342.71,0.61,0.53,2025-03-19,1308,N21,nominal,2.0NRT,286.69,25.63,D
-9.68066,16.41398,334.37,0.47,0.64,2025-03-19,1308,N21,nominal,2.0NRT,287.85,3.93,D
-10.09466,13.46219,345.57,0.58,0.52,2025-03-19,1308,N21,nominal,2.0NRT,287.23,21.27,D
-9.4027,16.10881,336.18,0.45,0.63,2025-03-19,1308,N21,nominal,2.0NRT,292.14,6.95,D
-9.47222,15.7097,330.96,0.43,0.62,2025-03-19,1308,N21,nominal,2.0NRT,295.84,3.11,D
-9.47405,15.70985,328.51,0.43,0.62,2025-03-19,1308,N21,nominal,2.0NRT,295.76,3.32,D
-9.41908,15.85216,351.04,0.44,0.62,2025-03-19,1308,N21,nominal,2.0NRT,294.85,10.06,D
-9.299,16.01572,331.34,0.45,0.63,2025-03-19,1308,N21,nominal,2.0NRT,292.25,2.66,D
-9.52184,14.16366,329.42,0.33,0.55,2025-03-19,1308,N21,nominal,2.0NRT,293.61,1.91,D
-9.42078,14.64926,328.53,0.36,0.57,2025-03-19,1308,N21,nominal,2.0NRT,295.97,5.46,D
-9.65263,13.31218,335.54,0.58,0.52,2025-03-19,1308,N21,nominal,2.0NRT,296.86,2.8,D
-9.06462,15.33215,327.07,0.41,0.6,2025-03-19,1308,N21,nominal,2.0NRT,288.29,2.28,D
-8.72543,16.16822,346.09,0.47,0.64,2025-03-19,1308,N21,nominal,2.0NRT,289.45,9.61,D
-8.72602,16.16891,342.3,0.47,0.64,2025-03-19,1308,N21,nominal,2.0NRT,289,9.58,D
-8.88616,15.12456,328.06,0.4,0.6,2025-03-19,1308,N21,nominal,2.0NRT,291.38,4.14,D
-8.86434,15.18274,337.94,0.4,0.6,2025-03-19,1308,N21,nominal,2.0NRT,290.03,5.27,D
-8.87409,15.06731,327.96,0.39,0.6,2025-03-19,1308,N21,nominal,2.0NRT,293.47,2.08,D
-8.73037,15.23197,336.53,0.41,0.6,2025-03-19,1308,N21,nominal,2.0NRT,290.34,6.96,D
-8.73103,15.22836,345.76,0.41,0.6,2025-03-19,1308,N21,nominal,2.0NRT,292.77,6.96,D
-34.04184,25.61209,367,0.5,0.66,2025-03-19,1259,N21,high,2.0NRT,303.7,19.47,D
-8.68039,15.0983,367,0.4,0.6,2025-03-19,1308,N21,high,2.0NRT,295.09,7.01,D
-34.03421,24.54206,367,0.44,0.63,2025-03-19,1259,N21,high,2.0NRT,306.57,16.07,D
-8.58093,15.58465,338.92,0.43,0.62,2025-03-19,1308,N21,nominal,2.0NRT,294.21,6.68,D
-34.03552,24.53718,336.84,0.44,0.62,2025-03-19,1259,N21,nominal,2.0NRT,306.58,14.86,D
-8.49204,15.60905,327.11,0.44,0.62,2025-03-19,1308,N21,nominal,2.0NRT,293.77,3.82,D
-34.03942,24.54264,330.08,0.44,0.63,2025-03-19,1259,N21,nominal,2.0NRT,304.41,3.1,D
-8.56444,14.98681,328.31,0.39,0.6,2025-03-19,1308,N21,nominal,2.0NRT,292.2,2.48,D
-34.03377,24.54081,367,0.44,0.63,2025-03-19,1259,N21,high,2.0NRT,306.93,21.38,D
-8.46487,15.43894,334.54,0.43,0.62,2025-03-19,1308,N21,nominal,2.0NRT,292.5,5.02,D
-33.91967,24.43454,344.55,0.44,0.62,2025-03-19,1259,N21,nominal,2.0NRT,304.78,10.31,D
-8.50338,14.98346,343.84,0.39,0.6,2025-03-19,1308,N21,nominal,2.0NRT,293.64,6.3,D
-33.85297,24.31793,345.55,0.43,0.62,2025-03-19,1259,N21,nominal,2.0NRT,304.45,15.9,D
-8.50716,14.98434,348.56,0.39,0.6,2025-03-19,1308,N21,nominal,2.0NRT,293.21,5.87,D
-33.85407,24.31381,355.09,0.43,0.62,2025-03-19,1259,N21,nominal,2.0NRT,305.77,17.22,D
-8.32443,15.90659,348.99,0.46,0.64,2025-03-19,1308,N21,nominal,2.0NRT,292.18,9.48,D
-33.85792,24.31605,367,0.44,0.62,2025-03-19,1259,N21,high,2.0NRT,305.06,9.73,D
-8.19121,15.56155,332.09,0.44,0.62,2025-03-19,1308,N21,nominal,2.0NRT,292.11,4.06,D
-33.8524,24.31388,345.47,0.44,0.62,2025-03-19,1259,N21,nominal,2.0NRT,302.86,9.73,D
-8.18868,15.56108,335.56,0.44,0.62,2025-03-19,1308,N21,nominal,2.0NRT,292.74,5.03,D
-33.31322,25.96208,350.27,0.55,0.68,2025-03-19,1259,N21,nominal,2.0NRT,305.12,9.63,D
-8.14118,15.56475,330.57,0.44,0.62,2025-03-19,1308,N21,nominal,2.0NRT,290.47,6.17,D
-33.30455,25.96889,367,0.55,0.68,2025-03-19,1259,N21,high,2.0NRT,309.16,157.01,D
-7.9393,15.55296,345.71,0.44,0.63,2025-03-19,1308,N21,nominal,2.0NRT,292.47,12.07,D
-33.30877,25.95402,351.04,0.55,0.68,2025-03-19,1259,N21,nominal,2.0NRT,306.8,74.21,D
-7.92935,15.54305,332.85,0.44,0.62,2025-03-19,1308,N21,nominal,2.0NRT,291.02,4.29,D
-33.3067,25.96131,367,0.55,0.68,2025-03-19,1259,N21,low,2.0NRT,331.81,157.01,D
-7.93007,15.53903,328,0.44,0.62,2025-03-19,1308,N21,nominal,2.0NRT,291.87,4.29,D
-33.30717,25.96966,367,0.55,0.68,2025-03-19,1259,N21,high,2.0NRT,305.04,123.22,D
-8.03737,14.69659,331.51,0.38,0.59,2025-03-19,1308,N21,nominal,2.0NRT,290.9,3.51,D
-33.3113,25.95469,351.65,0.55,0.68,2025-03-19,1259,N21,nominal,2.0NRT,307.78,132.03,D
-8.06431,14.40192,367,0.37,0.58,2025-03-19,1308,N21,high,2.0NRT,293.98,16.81,D
-33.30925,25.96214,367,0.55,0.68,2025-03-19,1259,N21,low,2.0NRT,332.77,132.03,D
-8.06486,14.39876,329.84,0.37,0.58,2025-03-19,1308,N21,nominal,2.0NRT,286.9,16.81,D
-33.30254,25.9621,354.31,0.55,0.68,2025-03-19,1259,N21,nominal,2.0NRT,307.31,8.98,D
-7.87529,14.99134,328.09,0.41,0.6,2025-03-19,1308,N21,nominal,2.0NRT,289.44,2.96,D
-33.30446,25.95516,339.64,0.55,0.68,2025-03-19,1259,N21,nominal,2.0NRT,305.53,8.98,D
-34.3491,21.20136,349.03,0.57,0.52,2025-03-19,1259,N21,nominal,2.0NRT,315.24,178.13,D
-7.63872,15.4916,354.85,0.44,0.63,2025-03-19,1308,N21,nominal,2.0NRT,289.95,8.84,D
-34.32484,21.23985,350.6,0.57,0.52,2025-03-19,1259,N21,nominal,2.0NRT,310.47,19.18,D
-7.58052,15.45605,328.39,0.44,0.62,2025-03-19,1308,N21,nominal,2.0NRT,291.78,3.94,D
-33.75043,18.64201,350.9,0.43,0.46,2025-03-19,1301,N21,nominal,2.0NRT,313.07,7.86,D
-7.71163,14.61281,354.07,0.38,0.59,2025-03-19,1308,N21,nominal,2.0NRT,292.74,7.04,D
-33.74626,18.64084,349.23,0.43,0.46,2025-03-19,1301,N21,nominal,2.0NRT,319.7,15.28,D
-33.74723,18.63624,341.16,0.43,0.46,2025-03-19,1301,N21,nominal,2.0NRT,312.81,12.29,D
-7.57833,15.45577,329.01,0.44,0.63,2025-03-19,1308,N21,nominal,2.0NRT,290.92,4.53,D
-33.74211,18.63964,346.34,0.43,0.46,2025-03-19,1301,N21,nominal,2.0NRT,312.31,15.28,D
-7.70904,14.61145,345.06,0.38,0.59,2025-03-19,1308,N21,nominal,2.0NRT,292.37,5.45,D
-33.67653,18.78117,338.75,0.44,0.46,2025-03-19,1301,N21,low,2.0NRT,311.25,7.29,D
-33.67751,18.77656,346.8,0.44,0.46,2025-03-19,1301,N21,nominal,2.0NRT,313.06,7.29,D
-7.65657,14.75162,350.11,0.39,0.6,2025-03-19,1308,N21,nominal,2.0NRT,288.86,26.61,D
-33.64392,18.64543,342.65,0.43,0.46,2025-03-19,1301,N21,nominal,2.0NRT,309.19,7.78,D
-33.6449,18.6408,342.73,0.43,0.46,2025-03-19,1301,N21,nominal,2.0NRT,311.27,7.78,D
-7.65718,14.74819,350.2,0.39,0.6,2025-03-19,1308,N21,nominal,2.0NRT,295.8,45.35,D
-33.56425,18.64558,347.02,0.43,0.46,2025-03-19,1301,N21,nominal,2.0NRT,315.02,72.48,D
-33.40901,18.73473,353.19,0.44,0.46,2025-03-19,1301,N21,nominal,2.0NRT,306.12,10.48,D
-7.65838,14.74138,332.05,0.39,0.6,2025-03-19,1308,N21,nominal,2.0NRT,289.4,3.8,D
-33.41002,18.72993,354.61,0.44,0.46,2025-03-19,1301,N21,nominal,2.0NRT,309.28,10.48,D
-7.68501,14.55936,331.41,0.38,0.59,2025-03-19,1308,N21,nominal,2.0NRT,292.34,3.45,D
-33.37299,18.67358,342.22,0.44,0.46,2025-03-19,1301,N21,low,2.0NRT,313.18,9.16,D
-7.68226,13.72208,340.31,0.33,0.56,2025-03-19,1308,N21,nominal,2.0NRT,284.5,5.78,D
-33.36878,18.67243,353.3,0.44,0.46,2025-03-19,1301,N21,nominal,2.0NRT,314.91,9.16,D
-7.68279,13.71909,353.26,0.33,0.56,2025-03-19,1308,N21,nominal,2.0NRT,284.66,6.35,D
-33.36456,18.67136,367,0.44,0.46,2025-03-19,1301,N21,high,2.0NRT,317.5,19.4,D
-33.31277,18.52112,344.91,0.43,0.46,2025-03-19,1301,N21,nominal,2.0NRT,312.65,7.46,D
-7.68332,13.7161,335.59,0.33,0.56,2025-03-19,1308,N21,nominal,2.0NRT,283.41,6.35,D
-33.31373,18.51658,339.07,0.43,0.46,2025-03-19,1301,N21,low,2.0NRT,311.03,7.46,D
-7.37305,15.19896,331.61,0.43,0.62,2025-03-19,1308,N21,nominal,2.0NRT,291.34,3.41,D
-33.18638,18.76571,342.94,0.45,0.47,2025-03-19,1301,N21,nominal,2.0NRT,309.2,6.57,D
-7.34188,15.30928,327.89,0.44,0.62,2025-03-19,1308,N21,nominal,2.0NRT,286.43,6.06,D
-33.18217,18.76439,343.92,0.45,0.47,2025-03-19,1301,N21,nominal,2.0NRT,308.1,6.57,D
-7.34256,15.30544,338.71,0.44,0.62,2025-03-19,1308,N21,nominal,2.0NRT,286.89,6.06,D
-33.17693,18.76791,345.34,0.45,0.47,2025-03-19,1301,N21,nominal,2.0NRT,311.03,8.88,D
-7.68308,13.33479,336.51,0.63,0.54,2025-03-19,1308,N21,nominal,2.0NRT,281.03,5.84,D
-33.18641,18.66002,342.55,0.44,0.46,2025-03-19,1301,N21,nominal,2.0NRT,312.77,7.67,D
-7.31499,15.26408,331.45,0.43,0.62,2025-03-19,1308,N21,nominal,2.0NRT,285.47,6.32,D
-7.84585,12.11554,340.99,0.51,0.5,2025-03-19,1308,N21,nominal,2.0NRT,293.03,24.15,D
-33.21564,18.33443,339.94,0.42,0.45,2025-03-19,1301,N21,nominal,2.0NRT,312.74,3.92,D
-33.02484,18.68982,340.32,0.45,0.47,2025-03-19,1301,N21,nominal,2.0NRT,308.6,3.54,D
-7.84665,12.11092,335.46,0.51,0.5,2025-03-19,1308,N21,nominal,2.0NRT,292.41,17.99,D
-7.2411,15.10775,341.19,0.42,0.61,2025-03-19,1308,N21,nominal,2.0NRT,287.72,9.73,D
-32.9307,17.89793,338.93,0.41,0.45,2025-03-19,1301,N21,low,2.0NRT,310.72,5,D
-27.6889,25.59377,351.38,0.74,0.76,2025-03-19,1301,N21,nominal,2.0NRT,291.14,23.23,D
-7.26461,14.84928,344.81,0.41,0.6,2025-03-19,1308,N21,nominal,2.0NRT,287.26,10.7,D
-27.6909,25.58657,349.35,0.73,0.76,2025-03-19,1301,N21,nominal,2.0NRT,292.31,23.23,D
-7.25845,14.852,335.64,0.41,0.6,2025-03-19,1308,N21,nominal,2.0NRT,287.62,7.28,D
-27.68211,25.59145,335.71,0.74,0.76,2025-03-19,1301,N21,nominal,2.0NRT,292.97,16.05,D
-7.2294,14.91821,328.83,0.41,0.61,2025-03-19,1308,N21,nominal,2.0NRT,287.35,3.66,D
-27.68411,25.58426,348.49,0.73,0.76,2025-03-19,1301,N21,nominal,2.0NRT,293.12,16.05,D
-7.30767,14.45536,328.49,0.38,0.59,2025-03-19,1308,N21,nominal,2.0NRT,289.75,3.5,D
-7.30422,14.45667,338.63,0.38,0.59,2025-03-19,1308,N21,nominal,2.0NRT,290.42,4.76,D
-7.17875,15.04553,327.73,0.42,0.61,2025-03-19,1308,N21,nominal,2.0NRT,285.57,4.71,D
-7.20757,14.78548,353.22,0.4,0.6,2025-03-19,1308,N21,nominal,2.0NRT,286.41,9.87,D
-6.97613,15.07075,326.9,0.43,0.62,2025-03-19,1308,N21,nominal,2.0NRT,286.89,3.18,D
-6.95021,14.98866,355.15,0.42,0.61,2025-03-19,1308,N21,nominal,2.0NRT,286.32,16.15,D
-6.84775,15.30091,327.04,0.44,0.63,2025-03-19,1308,N21,nominal,2.0NRT,286.99,3.87,D
-6.84292,15.19845,333.03,0.44,0.62,2025-03-19,1308,N21,nominal,2.0NRT,289.83,4.31,D
-6.84599,15.30013,329.23,0.44,0.63,2025-03-19,1308,N21,nominal,2.0NRT,286.47,4.96,D
-6.84051,15.19714,329.07,0.44,0.62,2025-03-19,1308,N21,nominal,2.0NRT,289.48,3.79,D
-6.80031,14.90246,342.76,0.42,0.61,2025-03-19,1308,N21,nominal,2.0NRT,288.72,5.86,D
-6.88261,14.4144,338.04,0.38,0.59,2025-03-19,1308,N21,nominal,2.0NRT,292.96,6.82,D
-6.80103,14.90394,344.85,0.42,0.61,2025-03-19,1308,N21,nominal,2.0NRT,288.36,7.21,D
-6.802,14.76684,347.06,0.41,0.61,2025-03-19,1308,N21,nominal,2.0NRT,287.6,5.7,D
-6.31871,15.06692,331.52,0.44,0.62,2025-03-19,1308,N21,nominal,2.0NRT,288.63,7.86,D
-6.3059,14.90779,333.72,0.43,0.62,2025-03-19,1308,N21,nominal,2.0NRT,286.44,5.3,D
-6.62553,12.61335,334.32,0.58,0.52,2025-03-19,1308,N21,nominal,2.0NRT,292.34,6.23,D
-6.16958,14.08751,335.32,0.38,0.58,2025-03-19,1308,N21,nominal,2.0NRT,293.44,5.44,D
-6.0323,14.49409,343.51,0.4,0.6,2025-03-19,1308,N21,nominal,2.0NRT,290.81,7.16,D
-5.80781,15.58923,329.27,0.48,0.65,2025-03-19,1308,N21,nominal,2.0NRT,288.75,4.42,D
-5.77623,15.81862,335.36,0.5,0.66,2025-03-19,1308,N21,nominal,2.0NRT,285.67,3.26,D
-5.80376,15.58854,330.84,0.49,0.65,2025-03-19,1308,N21,nominal,2.0NRT,289.15,3.79,D
-5.64255,16.40491,334.59,0.56,0.68,2025-03-19,1308,N21,nominal,2.0NRT,285.92,10.42,D
-6.15318,13.45494,349.02,0.34,0.56,2025-03-19,1308,N21,nominal,2.0NRT,293.02,5.19,D
-5.76088,14.74484,349.82,0.42,0.61,2025-03-19,1308,N21,nominal,2.0NRT,291.96,12.58,D
-5.76211,14.74834,338.18,0.42,0.61,2025-03-19,1308,N21,nominal,2.0NRT,290.95,6.22,D
-5.76274,14.74462,338.4,0.42,0.61,2025-03-19,1308,N21,nominal,2.0NRT,291.35,6.22,D
-5.98159,13.28496,338.52,0.33,0.56,2025-03-19,1310,N21,nominal,2.0NRT,291.25,4.62,D
-5.79722,14.34063,340.45,0.4,0.6,2025-03-19,1310,N21,nominal,2.0NRT,291.08,8.18,D
-5.97601,13.28713,339.3,0.33,0.56,2025-03-19,1310,N21,nominal,2.0NRT,293.02,4.27,D
-5.62318,14.78251,338.59,0.43,0.62,2025-03-19,1310,N21,nominal,2.0NRT,290.69,5.13,D
-5.61997,14.78147,337.41,0.43,0.62,2025-03-19,1310,N21,nominal,2.0NRT,290.32,5.28,D
-5.24175,16.52324,336.26,0.57,0.69,2025-03-19,1310,N21,nominal,2.0NRT,281.82,6.86,D
-5.2091,16.59597,345.29,0.58,0.7,2025-03-19,1310,N21,nominal,2.0NRT,281.8,24.58,D
-5.20828,16.60056,355.84,0.58,0.7,2025-03-19,1310,N21,low,2.0NRT,281.52,23.44,D
-5.24019,16.35159,336.57,0.56,0.69,2025-03-19,1310,N21,nominal,2.0NRT,285.47,8.84,D
-5.85766,12.77863,331.72,0.62,0.54,2025-03-19,1310,N21,nominal,2.0NRT,290.05,7.17,D
-5.85862,12.77311,329.95,0.62,0.54,2025-03-19,1310,N21,nominal,2.0NRT,290.47,7.17,D
-5.23892,16.52187,334.11,0.57,0.69,2025-03-19,1310,N21,nominal,2.0NRT,282.08,6.67,D
-5.21303,16.59639,330.67,0.58,0.7,2025-03-19,1310,N21,nominal,2.0NRT,281.99,18.55,D
-5.21222,16.60106,355.89,0.58,0.7,2025-03-19,1310,N21,low,2.0NRT,281.87,18.55,D
-5.85553,12.77723,339.94,0.62,0.54,2025-03-19,1310,N21,nominal,2.0NRT,290.03,9.42,D
-5.24243,16.35127,332.25,0.56,0.69,2025-03-19,1310,N21,nominal,2.0NRT,286.94,8.74,D
-5.4978,14.36868,335.51,0.4,0.6,2025-03-19,1310,N21,nominal,2.0NRT,287.42,3.96,D
-5.50089,14.25525,349.38,0.4,0.6,2025-03-19,1310,N21,nominal,2.0NRT,291.44,7.83,D
-5.49754,14.36812,335.91,0.4,0.6,2025-03-19,1310,N21,nominal,2.0NRT,288.41,1.07,D
-5.49983,14.25433,342.55,0.4,0.6,2025-03-19,1310,N21,nominal,2.0NRT,291.42,8.01,D
-5.46456,14.3959,341.71,0.41,0.6,2025-03-19,1310,N21,nominal,2.0NRT,291.28,7.4,D
-5.37273,14.49962,338.8,0.41,0.61,2025-03-19,1310,N21,nominal,2.0NRT,290.71,7.78,D
-5.37346,14.4988,351.01,0.41,0.61,2025-03-19,1310,N21,nominal,2.0NRT,290.96,7.99,D
-4.79204,17.20236,328.08,0.65,0.73,2025-03-19,1310,N21,nominal,2.0NRT,285.8,8.55,D
-5.3287,14.16558,332.36,0.39,0.6,2025-03-19,1310,N21,nominal,2.0NRT,290.72,7.99,D
-5.3293,14.16214,336.23,0.39,0.6,2025-03-19,1310,N21,nominal,2.0NRT,290.72,8.51,D
-5.28212,13.81253,330.61,0.37,0.58,2025-03-19,1310,N21,nominal,2.0NRT,291.31,2.53,D
-5.20459,11.70195,333.57,0.53,0.5,2025-03-19,1310,N21,nominal,2.0NRT,290.45,5.43,D
-4.26154,16.84196,329.49,0.63,0.72,2025-03-19,1310,N21,nominal,2.0NRT,286.37,5.02,D
-4.50651,15.10665,329.15,0.47,0.64,2025-03-19,1310,N21,nominal,2.0NRT,288.09,2.43,D
-4.44133,15.1767,345.98,0.48,0.65,2025-03-19,1310,N21,nominal,2.0NRT,288.29,7.31,D
-4.1453,16.74176,330.05,0.62,0.71,2025-03-19,1310,N21,nominal,2.0NRT,283.35,6.17,D
-4.9236,11.38256,339.16,0.51,0.5,2025-03-19,1310,N21,nominal,2.0NRT,275.24,7.82,D
-4.92203,11.38356,338.81,0.51,0.5,2025-03-19,1310,N21,nominal,2.0NRT,275.34,10.04,D
-4.16329,13.94658,336.24,0.4,0.6,2025-03-19,1310,N21,nominal,2.0NRT,290.09,6.2,D
-4.16164,13.94851,339.01,0.4,0.6,2025-03-19,1310,N21,nominal,2.0NRT,289.94,6.06,D
-24.04759,25.8855,296.43,0.52,0.66,2025-03-19,2235,N21,nominal,2.0NRT,286.06,0.93,N
-24.83192,27.3643,298.4,0.4,0.6,2025-03-19,2235,N21,nominal,2.0NRT,284.98,0.89,N
-24.83736,27.36281,306.78,0.4,0.6,2025-03-19,2235,N21,nominal,2.0NRT,285.63,1.77,N
-24.83185,27.36485,299.72,0.4,0.6,2025-03-19,2235,N21,nominal,2.0NRT,285.61,1.08,N
-24.83729,27.36338,307.88,0.4,0.6,2025-03-19,2235,N21,nominal,2.0NRT,285.61,1.08,N
-25.80617,29.49409,301.25,0.57,0.52,2025-03-19,2237,N21,nominal,2.0NRT,283.72,2.54,N
-25.81086,29.4928,307.62,0.57,0.52,2025-03-19,2237,N21,nominal,2.0NRT,283.72,2.54,N
-25.81212,29.49861,308.27,0.57,0.52,2025-03-19,2237,N21,nominal,2.0NRT,283.2,2.82,N
-25.85611,29.17219,305.65,0.59,0.53,2025-03-19,2237,N21,nominal,2.0NRT,283.83,3.51,N
-25.89029,29.11947,310.48,0.6,0.53,2025-03-19,2237,N21,nominal,2.0NRT,282.92,2.78,N
-25.90042,29.16656,301.22,0.59,0.53,2025-03-19,2237,N21,nominal,2.0NRT,285.35,1.79,N
-25.88816,29.11853,304.35,0.6,0.53,2025-03-19,2237,N21,nominal,2.0NRT,282.69,1.39,N
-25.89861,29.16547,295.69,0.59,0.53,2025-03-19,2237,N21,nominal,2.0NRT,284.6,1.08,N
-25.9034,29.16425,295.54,0.59,0.53,2025-03-19,2237,N21,nominal,2.0NRT,284.42,1.04,N
-25.57604,27.58259,299.92,0.38,0.58,2025-03-19,2237,N21,nominal,2.0NRT,286.1,0.91,N
-25.6579,27.84096,302.37,0.36,0.57,2025-03-19,2237,N21,nominal,2.0NRT,285.11,3.01,N
-25.66227,27.83595,349.12,0.36,0.57,2025-03-19,2237,N21,nominal,2.0NRT,286.75,3.01,N
-25.49207,27.10012,298.38,0.4,0.6,2025-03-19,2237,N21,nominal,2.0NRT,285.38,0.5,N
-25.66311,27.83961,307.56,0.36,0.57,2025-03-19,2237,N21,nominal,2.0NRT,285.22,3.01,N
-26.02592,29.19361,297.57,0.59,0.53,2025-03-19,2237,N21,nominal,2.0NRT,283.88,1.6,N
-26.02398,29.16656,297.26,0.59,0.53,2025-03-19,2237,N21,nominal,2.0NRT,284.6,1.65,N
-26.02528,29.17243,295.09,0.59,0.53,2025-03-19,2237,N21,nominal,2.0NRT,284.03,1.65,N
-26.02788,29.18414,296.2,0.59,0.53,2025-03-19,2237,N21,nominal,2.0NRT,284.26,3.12,N
-26.02915,29.18992,297.4,0.59,0.53,2025-03-19,2237,N21,nominal,2.0NRT,284.36,1.38,N
-26.03293,29.20703,314.5,0.59,0.53,2025-03-19,2237,N21,nominal,2.0NRT,285.49,2.6,N
-26.03418,29.21266,307.99,0.59,0.52,2025-03-19,2237,N21,nominal,2.0NRT,285.54,2.94,N
-26.03643,29.20006,296.44,0.59,0.53,2025-03-19,2237,N21,nominal,2.0NRT,284.88,2.6,N
-26.03768,29.20571,298.28,0.59,0.53,2025-03-19,2237,N21,nominal,2.0NRT,284.54,2.6,N
-25.72531,27.60744,296.76,0.37,0.58,2025-03-19,2237,N21,nominal,2.0NRT,284.9,1.48,N
-25.73057,27.60599,316.44,0.37,0.58,2025-03-19,2237,N21,nominal,2.0NRT,285.18,1.48,N
-25.71206,27.40264,333.06,0.38,0.59,2025-03-19,2237,N21,nominal,2.0NRT,290.37,4.18,N
-25.92674,28.33016,295.45,0.33,0.55,2025-03-19,2237,N21,nominal,2.0NRT,283.42,0.31,N
-25.70869,27.40349,305.4,0.38,0.59,2025-03-19,2237,N21,nominal,2.0NRT,286.39,2.38,N
-25.71404,27.40213,327.35,0.38,0.59,2025-03-19,2237,N21,nominal,2.0NRT,289.01,2.38,N
-26.27402,28.15813,295.49,0.34,0.56,2025-03-19,2237,N21,nominal,2.0NRT,283.91,0.57,N
-26.28477,28.15839,309.95,0.33,0.56,2025-03-19,2237,N21,nominal,2.0NRT,283.3,1.26,N
-26.2855,28.16163,298.97,0.33,0.56,2025-03-19,2237,N21,nominal,2.0NRT,282.94,1.26,N
-26.53995,29.14948,337.86,0.58,0.52,2025-03-19,2237,N21,nominal,2.0NRT,288.29,9.05,N
-26.54119,29.15521,354.54,0.58,0.52,2025-03-19,2237,N21,nominal,2.0NRT,289.37,23.05,N
-26.53871,29.14373,296.35,0.58,0.52,2025-03-19,2237,N21,nominal,2.0NRT,281.36,9.05,N
-26.54242,29.16094,296.45,0.58,0.52,2025-03-19,2237,N21,nominal,2.0NRT,282.66,23.05,N
-26.54488,29.17234,298.45,0.57,0.52,2025-03-19,2237,N21,nominal,2.0NRT,283.46,1.84,N
-26.54344,29.1425,295.7,0.58,0.52,2025-03-19,2237,N21,nominal,2.0NRT,280.64,9.05,N
-26.54468,29.14825,303.73,0.58,0.52,2025-03-19,2237,N21,nominal,2.0NRT,283.33,9.05,N
-26.54591,29.15397,299.94,0.58,0.52,2025-03-19,2237,N21,nominal,2.0NRT,283.19,23.05,N
-26.54941,29.14701,307.15,0.58,0.52,2025-03-19,2237,N21,nominal,2.0NRT,284.98,3.39,N
-26.55187,29.15846,304.81,0.58,0.52,2025-03-19,2237,N21,nominal,2.0NRT,284.22,2.92,N
-26.54066,29.15357,331.87,0.58,0.52,2025-03-19,2237,N21,nominal,2.0NRT,291.97,22.92,N
-26.53938,29.14785,307.57,0.58,0.52,2025-03-19,2237,N21,nominal,2.0NRT,283.55,22.92,N
-26.54193,29.15929,316.45,0.58,0.52,2025-03-19,2237,N21,nominal,2.0NRT,283.16,15.96,N
-26.54448,29.17067,297.86,0.57,0.52,2025-03-19,2237,N21,nominal,2.0NRT,283.7,1.73,N
-26.54412,29.14664,305.05,0.58,0.52,2025-03-19,2237,N21,nominal,2.0NRT,283.07,22.92,N
-26.54539,29.15235,307.19,0.58,0.52,2025-03-19,2237,N21,nominal,2.0NRT,283.17,22.92,N
-26.54885,29.14541,305.68,0.58,0.52,2025-03-19,2237,N21,nominal,2.0NRT,284.89,4.22,N
-26.55266,29.16253,301.76,0.57,0.52,2025-03-19,2237,N21,nominal,2.0NRT,284.65,3,N
-25.81352,25.84427,303.58,0.47,0.64,2025-03-19,2237,N21,nominal,2.0NRT,286.56,0.96,N
-26.31039,27.78826,299.26,0.35,0.57,2025-03-19,2237,N21,nominal,2.0NRT,283.48,0.89,N
-26.66048,27.85352,296.87,0.34,0.56,2025-03-19,2237,N21,nominal,2.0NRT,279.18,0.69,N
-26.65552,27.80803,295.93,0.35,0.56,2025-03-19,2237,N21,nominal,2.0NRT,279.66,0.86,N
-26.65631,27.81148,305.34,0.34,0.56,2025-03-19,2237,N21,nominal,2.0NRT,279.56,0.86,N
-26.65709,27.81491,299.85,0.34,0.56,2025-03-19,2237,N21,nominal,2.0NRT,279.51,1.28,N
-26.66061,27.80659,367,0.35,0.56,2025-03-19,2237,N21,high,2.0NRT,280.83,4.52,N
-26.65983,27.80313,297.89,0.35,0.56,2025-03-19,2237,N21,nominal,2.0NRT,279.89,5.4,N
-26.67114,27.82909,341.14,0.34,0.56,2025-03-19,2237,N21,nominal,2.0NRT,276.67,3.99,N
-26.66649,27.80861,298.81,0.34,0.56,2025-03-19,2237,N21,nominal,2.0NRT,282.04,4.52,N
-26.67037,27.8257,312.29,0.34,0.56,2025-03-19,2237,N21,nominal,2.0NRT,276.95,3.99,N
-26.6977,27.94629,308.75,0.34,0.56,2025-03-19,2237,N21,nominal,2.0NRT,280.97,1.68,N
-26.70351,27.94823,296.32,0.34,0.56,2025-03-19,2237,N21,nominal,2.0NRT,280.16,0.95,N
-26.71864,27.94392,303.63,0.34,0.56,2025-03-19,2237,N21,nominal,2.0NRT,281.23,1.11,N
-26.71623,27.9458,310.39,0.34,0.56,2025-03-19,2237,N21,nominal,2.0NRT,281.22,1.55,N
-26.80366,27.8578,299.43,0.34,0.56,2025-03-19,2237,N21,nominal,2.0NRT,286.06,1.22,N
-26.80571,27.85689,301.4,0.34,0.56,2025-03-19,2237,N21,nominal,2.0NRT,287.5,0.99,N
-27.6997,30.02312,302.12,0.48,0.48,2025-03-19,2237,N21,nominal,2.0NRT,285.07,0.44,N
-27.71859,30.00275,300.75,0.49,0.48,2025-03-19,2237,N21,nominal,2.0NRT,285.64,0.64,N
-27.71799,30.00563,302.32,0.48,0.48,2025-03-19,2237,N21,nominal,2.0NRT,286.17,1.15,N
-28.67768,32.13469,302.74,0.53,0.42,2025-03-19,2237,N21,nominal,2.0NRT,291.91,1.44,N
-28.86269,31.54432,304.65,0.57,0.43,2025-03-19,2237,N21,nominal,2.0NRT,288.62,1.59,N
-29.41882,31.15622,314.02,0.39,0.44,2025-03-19,2237,N21,nominal,2.0NRT,289.4,1.72,N
-29.79256,30.66547,302.27,0.41,0.45,2025-03-19,2237,N21,nominal,2.0NRT,287.99,0.72,N
-28.35935,23.50789,301.13,0.57,0.69,2025-03-19,2237,N21,nominal,2.0NRT,287,1.39,N
-33.8362,24.87444,301.89,0.35,0.57,2025-03-19,2240,N21,nominal,2.0NRT,290.03,0.39,N
-34.03489,25.60832,302.4,0.63,0.54,2025-03-19,2240,N21,nominal,2.0NRT,291.34,2.8,N
-34.16713,21.96057,302.71,0.49,0.65,2025-03-19,2240,N21,nominal,2.0NRT,288.57,0.98,N
-34.16282,21.96053,299.87,0.49,0.65,2025-03-19,2240,N21,nominal,2.0NRT,288.57,1.53,N
-34.31835,21.43948,315.05,0.52,0.67,2025-03-19,2240,N21,nominal,2.0NRT,287.11,1.92,N
-33.58638,18.46006,301.56,0.78,0.78,2025-03-19,2240,N21,nominal,2.0NRT,289.48,2.52,N
-33.58958,18.46042,303.95,0.78,0.78,2025-03-19,2240,N21,nominal,2.0NRT,289.4,2.65,N
-5.05507,39.04833,303.54,0.5,0.41,2025-03-19,2229,N21,nominal,2.0NRT,287.68,1.06,N
-5.05701,39.04961,306.74,0.5,0.41,2025-03-19,2229,N21,nominal,2.0NRT,287.79,1.08,N
-5.10182,39.01982,308.88,0.5,0.41,2025-03-19,2229,N21,nominal,2.0NRT,290.14,1.08,N
-6.66362,39.16545,310.49,0.47,0.4,2025-03-19,2231,N21,nominal,2.0NRT,293.2,1.96,N
-8.34568,35.31521,297.97,0.51,0.49,2025-03-19,2231,N21,nominal,2.0NRT,283.44,0.53,N
-11.21221,41.13586,325.92,0.38,0.36,2025-03-19,2231,N21,nominal,2.0NRT,293.66,5.25,N
-10.3903,34.91708,318.94,0.5,0.49,2025-03-19,2231,N21,nominal,2.0NRT,288.62,2.98,N
-13.35138,39.78561,302.91,0.39,0.36,2025-03-19,2233,N21,nominal,2.0NRT,288.64,0.37,N
-14.49119,28.46233,309,0.56,0.69,2025-03-19,2233,N21,nominal,2.0NRT,284.44,2.3,N
-14.48851,28.46345,306.66,0.56,0.69,2025-03-19,2233,N21,nominal,2.0NRT,284.13,2.42,N
-15.89413,33.03055,340.08,0.53,0.5,2025-03-19,2233,N21,nominal,2.0NRT,293.36,11.65,N
-14.71035,26.79975,302.2,0.72,0.75,2025-03-19,2233,N21,nominal,2.0NRT,284.4,3.23,N
-16.11923,33.75901,309.96,0.47,0.48,2025-03-19,2233,N21,nominal,2.0NRT,294.13,2.24,N
-16.12004,33.76344,306.24,0.47,0.48,2025-03-19,2233,N21,nominal,2.0NRT,293.5,2.01,N
-16.12006,33.76019,310.88,0.47,0.48,2025-03-19,2233,N21,nominal,2.0NRT,294.24,2.59,N
-16.13044,33.76728,316.65,0.47,0.48,2025-03-19,2233,N21,nominal,2.0NRT,293.62,4.34,N
-16.1325,33.73059,307.08,0.47,0.48,2025-03-19,2233,N21,nominal,2.0NRT,293,1.47,N
-14.7118,26.80573,303.13,0.72,0.75,2025-03-19,2233,N21,nominal,2.0NRT,283.84,1.99,N
-16.16474,33.80568,310.3,0.47,0.47,2025-03-19,2233,N21,nominal,2.0NRT,292.23,2.41,N
-18.20985,47.09475,301.72,0.53,0.5,2025-03-19,2233,N21,nominal,2.0NRT,287.28,2.95,N
-16.19364,33.8401,314.34,0.46,0.47,2025-03-19,2233,N21,nominal,2.0NRT,294.06,4.09,N
-17.91249,30.98896,299.31,0.33,0.55,2025-03-19,2233,N21,nominal,2.0NRT,286.61,0.59,N
-18.01169,30.19932,300.06,0.37,0.58,2025-03-19,2233,N21,nominal,2.0NRT,286.86,0.47,N
-18.0592,30.37784,298.65,0.36,0.57,2025-03-19,2233,N21,nominal,2.0NRT,287.27,1.1,N
-18.05378,30.37826,301.42,0.36,0.57,2025-03-19,2233,N21,nominal,2.0NRT,286.86,0.52,N
-18.05898,30.37708,297.18,0.36,0.57,2025-03-19,2233,N21,nominal,2.0NRT,286.84,0.52,N
-18.3604,26.65978,306.64,0.61,0.71,2025-03-19,2233,N21,nominal,2.0NRT,288.83,2.58,N
-18.35954,26.65819,311.25,0.61,0.71,2025-03-19,2233,N21,nominal,2.0NRT,288.58,1.6,N
-18.36089,26.664,305.3,0.61,0.71,2025-03-19,2233,N21,nominal,2.0NRT,288.44,1.6,N
-18.36473,26.47359,302.68,0.63,0.72,2025-03-19,2233,N21,nominal,2.0NRT,288.23,2.35,N
-18.36609,26.47946,302.92,0.63,0.72,2025-03-19,2233,N21,nominal,2.0NRT,288.37,2.35,N
-18.36588,26.44872,301.72,0.63,0.72,2025-03-19,2233,N21,nominal,2.0NRT,288.81,1.43,N
-18.37266,26.47817,305.14,0.63,0.72,2025-03-19,2233,N21,nominal,2.0NRT,288.69,2.35,N
-18.37246,26.44736,311.14,0.63,0.72,2025-03-19,2233,N21,nominal,2.0NRT,289.23,2.43,N
-18.3738,26.45317,301.17,0.63,0.72,2025-03-19,2233,N21,nominal,2.0NRT,288.01,2.43,N
-18.37136,26.44969,320.51,0.63,0.72,2025-03-19,2235,N21,nominal,2.0NRT,289.65,4.51,N
-18.44143,26.51383,300.7,0.62,0.72,2025-03-19,2235,N21,nominal,2.0NRT,288.55,1.92,N
-18.43984,26.47753,306.82,0.63,0.72,2025-03-19,2235,N21,nominal,2.0NRT,288.82,2.98,N
-21.10965,31.53762,301.23,0.53,0.5,2025-03-19,2235,N21,nominal,2.0NRT,288.55,1.13,N
-4.2452,10.81664,310.55,0.51,0.5,2025-03-20,0011,N21,nominal,2.0NRT,284.45,2.86,N
-4.50822,12.0493,303.24,0.42,0.45,2025-03-20,0011,N21,nominal,2.0NRT,266.52,1.61,N
-4.50997,12.04825,317.72,0.42,0.45,2025-03-20,0011,N21,nominal,2.0NRT,266.52,2.02,N
-4.5106,12.05203,297.73,0.42,0.45,2025-03-20,0011,N21,nominal,2.0NRT,265.43,1.14,N
-4.86017,12.0151,333.33,0.42,0.45,2025-03-20,0011,N21,nominal,2.0NRT,277,4.85,N
-4.8608,12.01893,326.96,0.42,0.45,2025-03-20,0011,N21,nominal,2.0NRT,276.89,3.77,N
-4.86143,12.02271,325.15,0.42,0.45,2025-03-20,0011,N21,nominal,2.0NRT,276.01,3.77,N
-4.86205,12.02643,314.43,0.42,0.45,2025-03-20,0011,N21,nominal,2.0NRT,275.59,2.37,N
-4.86557,12.02207,299.39,0.42,0.45,2025-03-20,0011,N21,nominal,2.0NRT,276.98,0.9,N
-4.86619,12.02577,297.71,0.42,0.45,2025-03-20,0011,N21,nominal,2.0NRT,275.19,0.74,N
-4.8919,12.07887,304.42,0.41,0.45,2025-03-20,0011,N21,nominal,2.0NRT,282.75,1.02,N
-4.88968,11.90926,337.89,0.42,0.46,2025-03-20,0011,N21,nominal,2.0NRT,276.81,4.93,N
-4.92728,12.08838,301.6,0.41,0.45,2025-03-20,0011,N21,nominal,2.0NRT,281.81,2.95,N
-4.93139,12.0877,342.19,0.41,0.45,2025-03-20,0011,N21,nominal,2.0NRT,283,2.95,N
-4.93079,12.08401,303.64,0.41,0.45,2025-03-20,0011,N21,nominal,2.0NRT,282.43,2.95,N
-4.93198,12.09136,314.46,0.41,0.45,2025-03-20,0011,N21,nominal,2.0NRT,282.09,3.99,N
-4.9355,12.08701,338.07,0.41,0.45,2025-03-20,0011,N21,nominal,2.0NRT,283.97,19.06,N
-4.9361,12.09067,338.81,0.41,0.45,2025-03-20,0011,N21,nominal,2.0NRT,282.93,8.76,N
-4.91959,11.93562,315.88,0.42,0.45,2025-03-20,0011,N21,nominal,2.0NRT,282.03,1.88,N
-4.92139,11.9356,313.41,0.42,0.45,2025-03-20,0011,N21,nominal,2.0NRT,281.68,2.31,N
-4.92076,11.381,307.8,0.46,0.47,2025-03-20,0011,N21,nominal,2.0NRT,287.03,8.15,N
-4.92508,11.3803,348.31,0.46,0.47,2025-03-20,0011,N21,nominal,2.0NRT,285.92,8.15,N
-5.20281,11.70096,310.33,0.43,0.46,2025-03-20,0011,N21,nominal,2.0NRT,272.41,1.49,N
-5.2029,11.69761,303.49,0.43,0.46,2025-03-20,0011,N21,nominal,2.0NRT,272.32,1.19,N
-5.28447,11.38341,347.06,0.45,0.47,2025-03-20,0011,N21,nominal,2.0NRT,287.29,12.17,N
-5.3778,11.44273,307.26,0.45,0.47,2025-03-20,0011,N21,nominal,2.0NRT,282.24,3.1,N
-5.66075,11.80812,307.62,0.42,0.45,2025-03-20,0011,N21,nominal,2.0NRT,283.07,1.14,N
-5.87564,12.33876,317.39,0.39,0.44,2025-03-20,0011,N21,nominal,2.0NRT,286.1,1.88,N
-6.24171,12.35749,307.05,0.57,0.43,2025-03-20,0011,N21,nominal,2.0NRT,289.15,2.35,N
-6.16016,11.26825,309.8,0.45,0.47,2025-03-20,0011,N21,nominal,2.0NRT,286.22,3.11,N
-6.14196,11.02787,336,0.46,0.47,2025-03-20,0011,N21,nominal,2.0NRT,289.62,6.96,N
-6.14266,11.03203,331.28,0.46,0.47,2025-03-20,0011,N21,nominal,2.0NRT,290.12,6.96,N
-6.85542,12.39231,333.91,0.56,0.43,2025-03-20,0013,N21,nominal,2.0NRT,288.34,8.97,N
-6.85934,12.39167,329.07,0.56,0.43,2025-03-20,0013,N21,nominal,2.0NRT,288.95,41.46,N
-7.0677,12.41134,307.86,0.55,0.43,2025-03-20,0013,N21,nominal,2.0NRT,275.37,1.69,N
-7.06786,12.40905,302.97,0.55,0.43,2025-03-20,0013,N21,nominal,2.0NRT,275.06,1.65,N
-14.48943,28.46189,297.75,0.68,0.74,2025-03-20,0013,N21,nominal,2.0NRT,276.86,1.24,N
-14.49193,28.46383,299.59,0.68,0.74,2025-03-20,0013,N21,nominal,2.0NRT,277.06,1.52,N
-14.35437,24.86568,296.95,0.38,0.59,2025-03-20,0013,N21,nominal,2.0NRT,282.72,0.38,N
-14.70794,26.80488,321.1,0.53,0.67,2025-03-20,0013,N21,nominal,2.0NRT,284.14,3.43,N
-14.7141,26.8042,298.04,0.53,0.67,2025-03-20,0013,N21,nominal,2.0NRT,283.91,0.92,N
-14.70776,26.80506,321.16,0.53,0.67,2025-03-20,0013,N21,nominal,2.0NRT,284.24,2.28,N
-14.71391,26.80431,298.16,0.53,0.67,2025-03-20,0013,N21,nominal,2.0NRT,283.5,2.28,N
-17.39345,24.6539,299.98,0.41,0.6,2025-03-20,0016,N21,nominal,2.0NRT,288.19,0.52,N
-18.36103,26.65664,307.78,0.57,0.69,2025-03-20,0016,N21,nominal,2.0NRT,288.13,1.73,N
-18.36152,26.66196,313.42,0.57,0.69,2025-03-20,0016,N21,nominal,2.0NRT,288.28,1.73,N
-18.36942,26.47358,309.36,0.55,0.68,2025-03-20,0016,N21,nominal,2.0NRT,288.22,4,N
-18.36991,26.47875,316.17,0.55,0.68,2025-03-20,0016,N21,nominal,2.0NRT,288.48,4,N
-18.34936,26.42187,302.19,0.55,0.68,2025-03-20,0016,N21,nominal,2.0NRT,287.11,0.84,N
-18.36689,26.47695,322.89,0.55,0.68,2025-03-20,0016,N21,nominal,2.0NRT,289.72,3.72,N
-18.37085,26.44984,304.88,0.55,0.68,2025-03-20,0016,N21,nominal,2.0NRT,288,2.34,N
-18.37317,26.47597,308.45,0.55,0.68,2025-03-20,0016,N21,nominal,2.0NRT,287.99,3.72,N
-18.4271,26.50952,306.21,0.56,0.68,2025-03-20,0016,N21,nominal,2.0NRT,287.15,1.46,N
-18.42548,26.42267,300.53,0.55,0.68,2025-03-20,0016,N21,nominal,2.0NRT,288.43,2.43,N
-18.43346,26.50948,309.44,0.56,0.68,2025-03-20,0016,N21,nominal,2.0NRT,287.4,1.67,N
-18.43982,26.5093,299.72,0.56,0.68,2025-03-20,0016,N21,nominal,2.0NRT,287.26,1.67,N
-17.81981,14.43544,297.13,0.38,0.36,2025-03-20,0016,N21,nominal,2.0NRT,262.47,0.82,N
-21.92805,14.16926,298.73,0.39,0.36,2025-03-20,0016,N21,nominal,2.0NRT,273.73,0.42,N
-25.48847,27.09833,298.9,0.71,0.75,2025-03-20,0018,N21,nominal,2.0NRT,284.46,2.13,N
-25.57252,27.58242,300.4,0.76,0.77,2025-03-20,0018,N21,nominal,2.0NRT,283.23,2.07,N
-25.72388,27.60591,297.28,0.77,0.77,2025-03-20,0018,N21,nominal,2.0NRT,283.19,4.91,N
-28.36135,23.5102,300.07,0.45,0.63,2025-03-20,0018,N21,nominal,2.0NRT,287.16,1.24,N
-28.36077,23.50774,302.4,0.45,0.63,2025-03-20,0018,N21,nominal,2.0NRT,287.22,1.28,N
-34.03262,25.61015,307.38,0.67,0.73,2025-03-20,0020,N21,nominal,2.0NRT,290.18,3.4,N
-33.84168,18.52977,304.67,0.52,0.5,2025-03-20,0020,N21,nominal,2.0NRT,292.83,1.66,N
-34.31909,21.44003,315.61,0.38,0.59,2025-03-20,0020,N21,nominal,2.0NRT,287.81,1.57,N
-34.31961,21.4415,306.53,0.38,0.59,2025-03-20,0020,N21,nominal,2.0NRT,286.57,1.38,N
-34.25918,19.28824,316.09,0.58,0.52,2025-03-20,0020,N21,nominal,2.0NRT,288.68,2.58,N
-34.25759,19.28903,309.2,0.58,0.52,2025-03-20,0020,N21,nominal,2.0NRT,288.11,1.28,N
-34.03606,25.60507,367,0.76,0.77,2025-03-20,1102,N21,high,2.0NRT,316.7,76.95,D
-34.03588,25.6134,331.64,0.76,0.77,2025-03-20,1102,N21,nominal,2.0NRT,299.83,76.95,D
-34.03624,25.59677,331.59,0.76,0.77,2025-03-20,1102,N21,nominal,2.0NRT,299.71,71.54,D
-34.02887,25.60554,367,0.76,0.77,2025-03-20,1102,N21,high,2.0NRT,303.94,45.46,D
-34.0407,25.60352,367,0.76,0.77,2025-03-20,1102,N21,high,2.0NRT,305.23,102.95,D
-34.04048,25.61181,330.5,0.76,0.77,2025-03-20,1102,N21,nominal,2.0NRT,299.6,88.01,D
-34.03351,25.60406,355.26,0.76,0.77,2025-03-20,1102,N21,nominal,2.0NRT,314.52,102.95,D
-33.94405,25.42179,367,0.78,0.78,2025-03-20,1102,N21,high,2.0NRT,300.59,20.15,D
-33.94931,25.42456,367,0.78,0.78,2025-03-20,1102,N21,high,2.0NRT,300.26,17.85,D
-33.2811,25.76611,367,0.74,0.76,2025-03-20,1102,N21,high,2.0NRT,299.73,34.62,D
-33.27678,25.76858,367,0.74,0.76,2025-03-20,1102,N21,high,2.0NRT,299.96,43.69,D
-32.4741,26.9763,331.3,0.62,0.71,2025-03-20,1102,N21,nominal,2.0NRT,298.53,6,D
-31.20538,29.93012,343.15,0.4,0.6,2025-03-20,1102,N21,nominal,2.0NRT,300.43,5.42,D
-31.20566,29.92579,332.07,0.4,0.6,2025-03-20,1102,N21,nominal,2.0NRT,299.85,5.42,D
-31.20679,29.92766,342.09,0.4,0.6,2025-03-20,1102,N21,nominal,2.0NRT,301.26,7.53,D
-30.58073,29.90262,334.09,0.4,0.6,2025-03-20,1102,N21,nominal,2.0NRT,298.85,3.98,D
-30.18889,30.10901,367,0.38,0.59,2025-03-20,1102,N21,high,2.0NRT,305.18,9.62,D
-30.18918,30.10505,367,0.38,0.59,2025-03-20,1102,N21,high,2.0NRT,303.39,9.62,D
-30.18347,30.10798,337.99,0.38,0.59,2025-03-20,1102,N21,nominal,2.0NRT,298.15,9.62,D
-29.92264,30.18981,355.42,0.38,0.59,2025-03-20,1102,N21,nominal,2.0NRT,304.2,30.9,D
-29.92047,30.19225,350.6,0.38,0.59,2025-03-20,1102,N21,nominal,2.0NRT,302.15,29.44,D
-29.92074,30.18879,346.41,0.38,0.59,2025-03-20,1102,N21,nominal,2.0NRT,305.28,18.3,D
-29.89527,30.44534,346.87,0.36,0.58,2025-03-20,1102,N21,nominal,2.0NRT,299.55,6.35,D
-29.91532,30.18821,329.7,0.38,0.59,2025-03-20,1102,N21,nominal,2.0NRT,299.6,18.3,D
-29.93256,29.88751,331.34,0.39,0.6,2025-03-20,1102,N21,nominal,2.0NRT,297.27,2.58,D
-29.86839,29.6077,325.69,0.41,0.61,2025-03-20,1102,N21,nominal,2.0NRT,295.3,1.03,D
-29.84949,29.72091,327.26,0.4,0.6,2025-03-20,1102,N21,nominal,2.0NRT,299.42,5.87,D
-29.79272,30.33802,337.48,0.37,0.58,2025-03-20,1102,N21,nominal,2.0NRT,296.99,7.06,D
-29.47805,30.09382,347.89,0.38,0.59,2025-03-20,1102,N21,nominal,2.0NRT,300.41,8.18,D
-29.47832,30.0902,345.09,0.38,0.59,2025-03-20,1102,N21,nominal,2.0NRT,297.16,7.2,D
-29.2589,30.59266,367,0.35,0.57,2025-03-20,1102,N21,high,2.0NRT,294.64,109.99,D
-29.25943,30.58559,333.1,0.35,0.57,2025-03-20,1102,N21,nominal,2.0NRT,296.53,75.61,D
-29.25917,30.58911,367,0.35,0.57,2025-03-20,1102,N21,low,2.0NRT,327.91,109.99,D
-29.25903,30.59169,367,0.35,0.57,2025-03-20,1102,N21,high,2.0NRT,302.68,123.53,D
-29.25961,30.58465,332.65,0.35,0.57,2025-03-20,1102,N21,nominal,2.0NRT,293.85,41.16,D
-29.25933,30.58815,207.38,0.35,0.57,2025-03-20,1102,N21,low,2.0NRT,323.84,123.53,D
-29.25405,30.58779,367,0.35,0.57,2025-03-20,1102,N21,high,2.0NRT,298.66,9.5,D
-29.25376,30.59136,354.33,0.35,0.57,2025-03-20,1102,N21,nominal,2.0NRT,297.58,9.5,D
-29.23358,30.57878,340.29,0.35,0.57,2025-03-20,1102,N21,nominal,2.0NRT,294.95,6.36,D
-29.23387,30.57517,343.37,0.35,0.57,2025-03-20,1102,N21,nominal,2.0NRT,296.28,7.19,D
-27.16626,30.77142,328.44,0.33,0.55,2025-03-20,1104,N21,nominal,2.0NRT,293.55,1.81,D
-27.03921,31.22515,345.37,0.61,0.53,2025-03-20,1104,N21,nominal,2.0NRT,296.55,9.11,D
-24.19171,45.81685,350.92,0.45,0.47,2025-03-20,1104,N21,nominal,2.0NRT,298.71,7.92,D
-24.55656,30.147,335.17,0.33,0.56,2025-03-20,1104,N21,nominal,2.0NRT,296.56,3.61,D
-22.36315,44.82335,332.51,0.42,0.45,2025-03-20,1104,N21,nominal,2.0NRT,298.1,3.01,D
-21.76768,44.10833,339.84,0.39,0.44,2025-03-20,1104,N21,nominal,2.0NRT,300.98,6.31,D
-21.30879,46.34711,334.54,0.55,0.51,2025-03-20,1104,N21,nominal,2.0NRT,299.51,4.86,D
-21.50379,44.90157,344.73,0.44,0.46,2025-03-20,1104,N21,nominal,2.0NRT,301.25,9.83,D
-21.08393,46.93523,339.91,0.6,0.53,2025-03-20,1104,N21,nominal,2.0NRT,295.7,25.6,D
-21.21795,45.85258,334.74,0.51,0.5,2025-03-20,1104,N21,nominal,2.0NRT,301.94,3.78,D
-21.40381,44.30079,330.76,0.41,0.45,2025-03-20,1104,N21,low,2.0NRT,301.43,3.33,D
-21.34537,44.40659,337.38,0.42,0.45,2025-03-20,1104,N21,nominal,2.0NRT,301.44,4.83,D
-21.21209,44.80423,339.12,0.44,0.46,2025-03-20,1104,N21,nominal,2.0NRT,298.97,2.9,D
-21.165,44.98081,331,0.45,0.47,2025-03-20,1104,N21,nominal,2.0NRT,300.49,2.96,D
-20.63776,44.85855,337.25,0.46,0.47,2025-03-20,1104,N21,nominal,2.0NRT,299.34,5.27,D
-19.93713,45.98324,355.13,0.55,0.51,2025-03-20,1104,N21,nominal,2.0NRT,300.67,11.96,D
-19.86207,45.10671,330.02,0.49,0.48,2025-03-20,1104,N21,nominal,2.0NRT,298.98,2.59,D
-19.76199,44.86895,330.62,0.47,0.48,2025-03-20,1104,N21,nominal,2.0NRT,298.54,3.59,D
-19.52555,45.78442,331.98,0.55,0.51,2025-03-20,1104,N21,nominal,2.0NRT,296.96,6.78,D
-19.66891,45.04225,334.3,0.49,0.48,2025-03-20,1104,N21,nominal,2.0NRT,297.54,3.72,D
-20.52058,32.8549,335.17,0.4,0.44,2025-03-20,1104,N21,nominal,2.0NRT,293.58,4.15,D
-17.49365,47.17175,334.63,0.37,0.58,2025-03-20,1104,N21,nominal,2.0NRT,292.37,9.01,D
-17.48842,47.17046,367,0.37,0.58,2025-03-20,1104,N21,high,2.0NRT,290.77,9.01,D
-17.4945,47.17239,333.07,0.37,0.58,2025-03-20,1104,N21,nominal,2.0NRT,292.89,9.34,D
-17.48927,47.17105,367,0.37,0.58,2025-03-20,1104,N21,high,2.0NRT,291.17,9.34,D
-19.43983,33.62622,332.19,0.53,0.42,2025-03-20,1106,N21,nominal,2.0NRT,289.73,5.29,D
-19.22907,33.70965,335.54,0.52,0.41,2025-03-20,1106,N21,nominal,2.0NRT,290.37,6.19,D
-18.99842,33.94264,329.01,0.5,0.41,2025-03-20,1106,N21,nominal,2.0NRT,296.19,3.28,D
-19.03603,32.80631,333.03,0.39,0.44,2025-03-20,1106,N21,nominal,2.0NRT,294.14,5.67,D
-15.44596,47.67807,335.16,0.43,0.62,2025-03-20,1106,N21,nominal,2.0NRT,288.08,4.38,D
-17.51307,35.71103,339.1,0.41,0.37,2025-03-20,1106,N21,nominal,2.0NRT,297.91,4.83,D
-15.44359,47.67706,338.15,0.44,0.62,2025-03-20,1106,N21,nominal,2.0NRT,288.21,6.97,D
-17.44138,34.48431,331.96,0.46,0.39,2025-03-20,1106,N21,nominal,2.0NRT,298.04,2.53,D
-16.33777,38.53891,333.6,0.39,0.37,2025-03-20,1106,N21,nominal,2.0NRT,295.93,3.98,D
-16.13338,33.76675,330.03,0.48,0.4,2025-03-20,1106,N21,low,2.0NRT,305,9.11,D
-16.11934,33.76014,330.5,0.48,0.4,2025-03-20,1106,N21,low,2.0NRT,303.75,4.94,D
-15.89346,33.03284,338.49,0.52,0.41,2025-03-20,1106,N21,nominal,2.0NRT,300.28,13.94,D
-15.86756,28.88049,334.38,0.63,0.54,2025-03-20,1106,N21,nominal,2.0NRT,303.65,8.21,D
-11.2286,38.76147,332.03,0.44,0.38,2025-03-20,1108,N21,nominal,2.0NRT,299.74,3.3,D
-10.99756,35.21724,335.76,0.39,0.36,2025-03-20,1108,N21,nominal,2.0NRT,297.13,3.14,D
-10.38999,34.91836,337.44,0.39,0.36,2025-03-20,1108,N21,nominal,2.0NRT,302.59,5.26,D
-9.36667,34.72059,330.62,0.39,0.36,2025-03-20,1108,N21,nominal,2.0NRT,298.26,9.03,D
-9.04062,35.30696,333.86,0.38,0.36,2025-03-20,1108,N21,nominal,2.0NRT,297.19,2.24,D
-9.05376,34.99554,333.12,0.39,0.36,2025-03-20,1108,N21,nominal,2.0NRT,297.96,2.67,D
-7.26026,39.16275,335,0.51,0.41,2025-03-20,1108,N21,nominal,2.0NRT,294.16,3.86,D
-7.49556,36.94931,332.06,0.41,0.37,2025-03-20,1108,N21,nominal,2.0NRT,295.16,6.13,D
-7.49613,36.94566,332.38,0.41,0.37,2025-03-20,1108,N21,nominal,2.0NRT,294.49,4.7,D
-6.61952,37.00634,332.28,0.41,0.37,2025-03-20,1108,N21,nominal,2.0NRT,296.02,2.12,D
-6.49724,37.07025,334.16,0.42,0.37,2025-03-20,1108,N21,nominal,2.0NRT,292.23,5.22,D
-6.49783,37.06651,331.8,0.42,0.37,2025-03-20,1108,N21,nominal,2.0NRT,294.82,4.39,D
-6.46887,37.0725,331.67,0.42,0.37,2025-03-20,1108,N21,nominal,2.0NRT,291.37,2.49,D
-6.42801,37.0631,331.58,0.42,0.37,2025-03-20,1108,N21,nominal,2.0NRT,295.74,3.39,D
-6.43248,36.94388,336.89,0.41,0.37,2025-03-20,1108,N21,nominal,2.0NRT,294.38,4.17,D
-6.42738,36.93189,336.26,0.41,0.37,2025-03-20,1108,N21,nominal,2.0NRT,295.4,4.16,D
-6.35593,37.0092,330.08,0.41,0.37,2025-03-20,1108,N21,nominal,2.0NRT,294.23,3.16,D
-6.23622,36.98702,331.69,0.41,0.37,2025-03-20,1108,N21,nominal,2.0NRT,296.52,3.17,D
-5.82546,38.61529,335.32,0.49,0.41,2025-03-20,1108,N21,nominal,2.0NRT,298.35,5.47,D
-5.96058,37.64707,332.96,0.44,0.38,2025-03-20,1108,N21,nominal,2.0NRT,297.24,2.55,D
-5.68044,38.86696,336.11,0.51,0.41,2025-03-20,1108,N21,nominal,2.0NRT,300.31,2.49,D
-5.76628,38.25564,333.53,0.47,0.4,2025-03-20,1108,N21,nominal,2.0NRT,296.75,4.27,D
-5.69706,38.61897,331.27,0.5,0.41,2025-03-20,1108,N21,nominal,2.0NRT,297.23,3.48,D
-5.64213,38.88903,334.15,0.51,0.41,2025-03-20,1108,N21,nominal,2.0NRT,298.82,3.21,D
-5.59774,38.63174,333.23,0.5,0.41,2025-03-20,1108,N21,nominal,2.0NRT,297.81,7.27,D
-5.59846,38.62721,331.43,0.5,0.41,2025-03-20,1108,N21,nominal,2.0NRT,298.16,7.49,D
-5.56365,38.82119,336.91,0.51,0.41,2025-03-20,1108,N21,nominal,2.0NRT,301.13,5.81,D
-5.55917,38.82506,341.11,0.51,0.41,2025-03-20,1108,N21,nominal,2.0NRT,302.36,5.81,D
-5.656,38.19521,336.49,0.47,0.4,2025-03-20,1108,N21,nominal,2.0NRT,298.33,6.52,D
-5.51642,38.9462,332.74,0.52,0.41,2025-03-20,1108,N21,nominal,2.0NRT,298.21,5.28,D
-5.48047,38.90361,337.22,0.52,0.41,2025-03-20,1108,N21,nominal,2.0NRT,299.28,5.78,D
-5.55882,38.33399,335.46,0.48,0.4,2025-03-20,1108,N21,nominal,2.0NRT,300.22,3.13,D
-5.4605,38.83432,333.92,0.51,0.41,2025-03-20,1108,N21,nominal,2.0NRT,299.83,4.81,D
-5.37765,38.72061,334.51,0.51,0.41,2025-03-20,1108,N21,nominal,2.0NRT,297.05,6.1,D
-5.41339,38.42364,339.37,0.49,0.4,2025-03-20,1108,N21,nominal,2.0NRT,299.92,4.47,D
-5.33853,38.86922,336.86,0.52,0.41,2025-03-20,1108,N21,nominal,2.0NRT,296.97,3.25,D
-5.36833,38.51603,335.36,0.49,0.41,2025-03-20,1108,N21,nominal,2.0NRT,300.56,5.9,D
-5.2712,38.92494,330.78,0.52,0.42,2025-03-20,1108,N21,nominal,2.0NRT,297.13,4.03,D
-5.27124,38.92651,332.53,0.52,0.42,2025-03-20,1108,N21,nominal,2.0NRT,298.46,4,D
-5.19807,38.48214,345.86,0.49,0.41,2025-03-20,1108,N21,nominal,2.0NRT,304.2,14.55,D
-5.0475,38.77042,333.32,0.51,0.41,2025-03-20,1108,N21,nominal,2.0NRT,294.49,3.68,D
-4.99741,39.06147,330.64,0.54,0.42,2025-03-20,1108,N21,nominal,2.0NRT,295.28,2.4,D
-4.9997,39.04705,334.37,0.53,0.42,2025-03-20,1108,N21,nominal,2.0NRT,294.43,3.03,D
-5.06782,38.54536,335.24,0.5,0.41,2025-03-20,1108,N21,nominal,2.0NRT,300.85,7.55,D
-4.86418,39.14149,331,0.54,0.42,2025-03-20,1108,N21,nominal,2.0NRT,297.55,4.21,D
-4.86496,39.1366,330.64,0.54,0.42,2025-03-20,1108,N21,nominal,2.0NRT,296.99,4.21,D
-4.86109,39.13597,330.18,0.54,0.42,2025-03-20,1108,N21,nominal,2.0NRT,296.91,4.88,D
-4.90802,38.72117,333.7,0.51,0.41,2025-03-20,1108,N21,nominal,2.0NRT,289.29,4.69,D
-4.63084,39.39354,334.97,0.57,0.43,2025-03-20,1110,N21,nominal,2.0NRT,294.06,5.04,D
-4.67774,38.82526,333.65,0.52,0.42,2025-03-20,1110,N21,nominal,2.0NRT,295.58,4.37,D
-4.54414,39.38297,342.13,0.57,0.43,2025-03-20,1110,N21,nominal,2.0NRT,298.09,11.98,D
-4.55918,39.26152,349.14,0.56,0.43,2025-03-20,1110,N21,nominal,2.0NRT,302.75,14.94,D
-4.55526,39.26088,352.88,0.56,0.43,2025-03-20,1110,N21,nominal,2.0NRT,304.48,23.27,D
-4.55056,39.26524,340.53,0.56,0.43,2025-03-20,1110,N21,nominal,2.0NRT,300.83,26.54,D
-4.55135,39.26025,336.55,0.56,0.43,2025-03-20,1110,N21,nominal,2.0NRT,303.66,23.27,D
-4.54664,39.2646,340.04,0.56,0.43,2025-03-20,1110,N21,nominal,2.0NRT,301.02,25.47,D
-4.53798,39.29396,340.04,0.56,0.43,2025-03-20,1110,N21,nominal,2.0NRT,301.05,3.67,D
-4.52215,39.34299,337,0.56,0.43,2025-03-20,1110,N21,nominal,2.0NRT,302.55,2.26,D
-4.50125,39.24695,337.14,0.56,0.43,2025-03-20,1110,N21,nominal,2.0NRT,297,8.7,D
-4.50206,39.24195,340.33,0.56,0.43,2025-03-20,1110,N21,nominal,2.0NRT,297.81,10.69,D
-4.45134,39.43047,332.71,0.57,0.43,2025-03-20,1110,N21,nominal,2.0NRT,301.31,6.8,D
-4.45218,39.42531,337.21,0.57,0.43,2025-03-20,1110,N21,nominal,2.0NRT,301.36,6.8,D
-4.41978,39.35501,338.88,0.57,0.43,2025-03-20,1110,N21,nominal,2.0NRT,298.35,5.55,D
-4.11625,39.03668,331.16,0.55,0.43,2025-03-20,1110,N21,nominal,2.0NRT,293.54,2.12,D
-4.03987,38.26714,340.95,0.5,0.41,2025-03-20,1110,N21,nominal,2.0NRT,308.89,9.99,D
-4.04056,38.26273,337.68,0.5,0.41,2025-03-20,1110,N21,nominal,2.0NRT,305.89,5.35,D
-4.03616,38.26651,340.57,0.5,0.41,2025-03-20,1110,N21,nominal,2.0NRT,308.85,5.64,D
-4.03175,38.27036,339.88,0.5,0.41,2025-03-20,1110,N21,nominal,2.0NRT,306.67,5.64,D
-4.02804,38.26978,340.62,0.5,0.41,2025-03-20,1110,N21,nominal,2.0NRT,305.36,2.82,D
-4.02572,38.26035,346.59,0.5,0.41,2025-03-20,1110,N21,nominal,2.0NRT,299.96,19.4,D
-4.022,38.25977,341.27,0.5,0.41,2025-03-20,1110,N21,nominal,2.0NRT,300.96,53.66,D
-4.01899,38.25477,334.92,0.5,0.41,2025-03-20,1110,N21,nominal,2.0NRT,299.36,53.66,D
-4.01598,38.24977,333.71,0.5,0.41,2025-03-20,1110,N21,nominal,2.0NRT,302.14,10.35,D
-4.8754,24.97016,330.17,0.41,0.61,2025-03-20,1110,N21,nominal,2.0NRT,290.67,4.05,D
-4.86313,24.93574,346.5,0.42,0.61,2025-03-20,1110,N21,nominal,2.0NRT,290,5.42,D
-4.85048,24.95166,337.17,0.42,0.61,2025-03-20,1110,N21,nominal,2.0NRT,290.69,5.33,D
-4.59215,24.39367,335.53,0.45,0.63,2025-03-20,1110,N21,nominal,2.0NRT,289.27,5.02,D
-4.50849,24.27372,333.21,0.46,0.63,2025-03-20,1110,N21,nominal,2.0NRT,289.91,7.83,D
-4.6731,21.27825,329.63,0.75,0.77,2025-03-20,1110,N21,nominal,2.0NRT,285.33,4.76,D
-4.61148,21.62286,339.16,0.7,0.75,2025-03-20,1110,N21,nominal,2.0NRT,284.78,11.74,D
-4.67396,21.2777,327.16,0.75,0.77,2025-03-20,1110,N21,nominal,2.0NRT,285.49,7.94,D
-4.61011,21.62162,346.03,0.7,0.75,2025-03-20,1110,N21,nominal,2.0NRT,285.53,9.76,D
-4.30523,21.59057,345.27,0.7,0.75,2025-03-20,1110,N21,nominal,2.0NRT,286.64,15.58,D
-4.30384,21.59003,345.2,0.7,0.75,2025-03-20,1110,N21,nominal,2.0NRT,286.82,12.2,D
-34.03934,25.61165,348.46,0.56,0.51,2025-03-20,1242,N21,nominal,2.0NRT,302.55,48.63,D
-34.0407,25.60579,344.54,0.56,0.51,2025-03-20,1242,N21,nominal,2.0NRT,304.08,17,D
-34.03613,25.60401,353.4,0.56,0.51,2025-03-20,1242,N21,nominal,2.0NRT,309.93,41.35,D
-33.94695,25.42481,330.57,0.55,0.51,2025-03-20,1242,N21,nominal,2.0NRT,303.91,4.37,D
-33.93265,25.40128,340.79,0.54,0.51,2025-03-20,1242,N21,nominal,2.0NRT,305.41,8.91,D
-33.914,25.43905,334.7,0.55,0.51,2025-03-20,1242,N21,nominal,2.0NRT,305.01,5.25,D
-33.90566,25.41119,336.68,0.55,0.51,2025-03-20,1242,N21,nominal,2.0NRT,304.58,5.87,D
-33.90701,25.4054,330.06,0.55,0.51,2025-03-20,1242,N21,nominal,2.0NRT,303.98,5.87,D
-33.90107,25.40968,340.37,0.55,0.51,2025-03-20,1242,N21,nominal,2.0NRT,307.44,38.51,D
-33.90242,25.40388,350.79,0.55,0.51,2025-03-20,1242,N21,nominal,2.0NRT,312.89,38.51,D
-33.90376,25.4099,342.86,0.55,0.51,2025-03-20,1242,N21,nominal,2.0NRT,310.9,42.78,D
-33.90507,25.4041,350.83,0.55,0.51,2025-03-20,1242,N21,nominal,2.0NRT,310.31,47.32,D
-33.89671,25.33246,345.62,0.54,0.51,2025-03-20,1242,N21,nominal,2.0NRT,304.98,15.14,D
-34.15641,22.05334,349.23,0.54,0.42,2025-03-20,1242,N21,nominal,2.0NRT,303.79,10.19,D
-34.15142,22.05801,337.91,0.54,0.42,2025-03-20,1242,N21,nominal,2.0NRT,299.45,4.67,D
-34.15258,22.05218,346.25,0.54,0.42,2025-03-20,1242,N21,nominal,2.0NRT,300.25,13.38,D
-32.80518,26.82575,334.26,0.35,0.56,2025-03-20,1242,N21,nominal,2.0NRT,305.22,1.68,D
-32.53998,27.02265,334.34,0.36,0.57,2025-03-20,1242,N21,nominal,2.0NRT,299.79,4.24,D
-31.20761,29.93101,337.35,0.57,0.69,2025-03-20,1242,N21,nominal,2.0NRT,300.02,7.02,D
-31.20574,29.92727,326.72,0.57,0.69,2025-03-20,1242,N21,low,2.0NRT,299.6,7.89,D
-30.18677,30.10824,327.03,0.62,0.71,2025-03-20,1242,N21,nominal,2.0NRT,291.36,10.07,D
-29.91899,30.19812,352.96,0.63,0.72,2025-03-20,1242,N21,nominal,2.0NRT,294.03,23.38,D
-29.92135,30.18966,352.39,0.63,0.72,2025-03-20,1242,N21,nominal,2.0NRT,293.55,23.38,D
-29.92171,30.196,367,0.63,0.72,2025-03-20,1242,N21,high,2.0NRT,294.47,38.21,D
-29.92373,30.18862,327.22,0.63,0.72,2025-03-20,1242,N21,nominal,2.0NRT,291.66,21.89,D
-29.68752,29.70968,354.84,0.6,0.71,2025-03-20,1242,N21,nominal,2.0NRT,293.5,17.17,D
-29.68629,29.71329,367,0.6,0.71,2025-03-20,1242,N21,high,2.0NRT,295.49,24.23,D
-29.49092,30.09309,354.32,0.64,0.72,2025-03-20,1242,N21,nominal,2.0NRT,290.94,16.96,D
-29.2536,30.59425,341.13,0.69,0.74,2025-03-20,1242,N21,nominal,2.0NRT,290.95,37.57,D
-29.25562,30.58712,353.03,0.69,0.74,2025-03-20,1242,N21,nominal,2.0NRT,298.14,37.57,D
-29.24236,30.58238,327.8,0.69,0.74,2025-03-20,1242,N21,nominal,2.0NRT,291.99,14.74,D
-29.23585,30.57961,367,0.69,0.74,2025-03-20,1242,N21,high,2.0NRT,296.05,14.74,D
-29.25393,30.58863,367,0.69,0.74,2025-03-20,1242,N21,high,2.0NRT,298.28,64.49,D
-29.2407,30.58379,335.82,0.69,0.74,2025-03-20,1242,N21,nominal,2.0NRT,292.06,11.98,D
-29.24273,30.57648,333.57,0.69,0.74,2025-03-20,1242,N21,nominal,2.0NRT,296.54,11.98,D
-29.2342,30.58092,325.38,0.69,0.74,2025-03-20,1242,N21,nominal,2.0NRT,292.29,7.53,D
-29.23614,30.57398,328.21,0.69,0.74,2025-03-20,1242,N21,nominal,2.0NRT,293.38,7.53,D
-25.72902,27.61165,327.39,0.57,0.69,2025-03-20,1244,N21,nominal,2.0NRT,292.63,7.92,D
-25.72708,27.60782,327.43,0.57,0.69,2025-03-20,1244,N21,nominal,2.0NRT,292.69,7.44,D
-24.74921,28.99941,340.78,0.72,0.76,2025-03-20,1244,N21,nominal,2.0NRT,290.82,7.13,D
-24.74239,28.99745,327.55,0.72,0.76,2025-03-20,1244,N21,nominal,2.0NRT,287.82,7.13,D
-24.74997,28.99853,335.86,0.72,0.76,2025-03-20,1244,N21,nominal,2.0NRT,290.41,13.43,D
-18.37049,26.47702,341.52,0.71,0.75,2025-03-20,1246,N21,nominal,2.0NRT,299.46,17.57,D
-18.37025,26.47498,335.83,0.71,0.75,2025-03-20,1246,N21,nominal,2.0NRT,298.48,12,D
-11.10578,13.84875,336.82,0.46,0.39,2025-03-20,1249,N21,nominal,2.0NRT,300.55,2.55,D
-11.04442,13.87401,342.62,0.46,0.39,2025-03-20,1249,N21,nominal,2.0NRT,298.38,9.8,D
-10.9281,13.91985,339.78,0.46,0.39,2025-03-20,1249,N21,nominal,2.0NRT,292.07,7.21,D
-10.59029,15.07958,331.21,0.54,0.42,2025-03-20,1249,N21,nominal,2.0NRT,299.42,4.62,D
-10.59113,14.35081,331.89,0.49,0.4,2025-03-20,1249,N21,nominal,2.0NRT,297.07,2.37,D
-10.4039,15.08266,336.09,0.54,0.42,2025-03-20,1251,N21,nominal,2.0NRT,304.23,4.47,D
-10.40471,15.07775,338.15,0.54,0.42,2025-03-20,1251,N21,nominal,2.0NRT,305.43,4.47,D
-10.47166,14.43828,333.81,0.5,0.41,2025-03-20,1251,N21,nominal,2.0NRT,296.06,11.62,D
-10.47246,14.43345,339.76,0.5,0.41,2025-03-20,1251,N21,nominal,2.0NRT,296.41,11.62,D
-10.46791,14.43781,340.89,0.5,0.41,2025-03-20,1251,N21,nominal,2.0NRT,298.03,14.22,D
-10.46872,14.43296,347.6,0.5,0.41,2025-03-20,1251,N21,nominal,2.0NRT,301.6,14.22,D
-10.46416,14.43738,346.48,0.5,0.41,2025-03-20,1251,N21,nominal,2.0NRT,300.19,14.22,D
-10.46495,14.43263,333.89,0.5,0.41,2025-03-20,1251,N21,nominal,2.0NRT,300,14.22,D
-10.4612,14.43222,335.65,0.5,0.41,2025-03-20,1251,N21,nominal,2.0NRT,300.29,6.29,D
-10.37557,13.97225,333.25,0.47,0.4,2025-03-20,1251,N21,nominal,2.0NRT,300.33,4.26,D
-9.50526,15.73297,341.24,0.41,0.45,2025-03-20,1251,N21,nominal,2.0NRT,301.46,12.3,D
-9.57866,15.19953,333.31,0.57,0.43,2025-03-20,1251,N21,nominal,2.0NRT,297.24,10.15,D
-9.38905,16.28913,336.53,0.45,0.47,2025-03-20,1251,N21,nominal,2.0NRT,295.88,4.63,D
-9.84514,13.56679,337.87,0.46,0.39,2025-03-20,1251,N21,nominal,2.0NRT,293.26,7.41,D
-9.84156,13.56619,333.86,0.46,0.39,2025-03-20,1251,N21,nominal,2.0NRT,293.83,5.62,D
-9.83797,13.56559,340.51,0.46,0.39,2025-03-20,1251,N21,nominal,2.0NRT,294.62,5.62,D
-9.4451,15.74063,342.25,0.41,0.45,2025-03-20,1251,N21,nominal,2.0NRT,301.93,12.72,D
-9.44564,15.74129,352.23,0.41,0.45,2025-03-20,1251,N21,nominal,2.0NRT,300.8,11.52,D
-9.42218,15.68051,332.5,0.41,0.45,2025-03-20,1251,N21,nominal,2.0NRT,299.29,3.15,D
-9.53699,14.14184,331.01,0.49,0.41,2025-03-20,1251,N21,nominal,2.0NRT,296.82,9.35,D
-9.65322,13.25098,347.06,0.45,0.39,2025-03-20,1251,N21,nominal,2.0NRT,301.52,9.78,D
-9.65388,13.24695,340.63,0.45,0.39,2025-03-20,1251,N21,nominal,2.0NRT,300.59,8.94,D
-9.2064,15.86225,346.03,0.42,0.45,2025-03-20,1251,N21,nominal,2.0NRT,296.73,9.73,D
-9.20423,15.86185,343.22,0.42,0.45,2025-03-20,1251,N21,nominal,2.0NRT,297.85,8.24,D
-9.29134,15.23457,334.5,0.38,0.43,2025-03-20,1251,N21,nominal,2.0NRT,297.69,2.72,D
-9.19518,15.63775,334.52,0.41,0.45,2025-03-20,1251,N21,nominal,2.0NRT,302.91,5.71,D
-9.1958,15.63412,352.46,0.41,0.45,2025-03-20,1251,N21,nominal,2.0NRT,302.95,10.92,D
-9.07107,15.70341,342.05,0.41,0.45,2025-03-20,1251,N21,nominal,2.0NRT,298.02,6.42,D
-9.08361,15.55457,335.31,0.4,0.45,2025-03-20,1251,N21,nominal,2.0NRT,297.65,3.75,D
-9.10693,14.86346,334.11,0.55,0.43,2025-03-20,1251,N21,nominal,2.0NRT,297.03,5.19,D
-9.18947,14.3633,334.81,0.51,0.41,2025-03-20,1251,N21,nominal,2.0NRT,296.71,17.87,D
-9.26498,13.62701,334.77,0.47,0.4,2025-03-20,1251,N21,nominal,2.0NRT,303.02,6.37,D
-8.90883,15.65087,335.91,0.41,0.45,2025-03-20,1251,N21,nominal,2.0NRT,300.39,6.53,D
-8.82048,15.05835,332,0.57,0.43,2025-03-20,1251,N21,nominal,2.0NRT,296.06,6.2,D
-8.84949,13.73357,332.22,0.48,0.4,2025-03-20,1251,N21,nominal,2.0NRT,297.69,3.39,D
-8.60495,13.57704,334.2,0.47,0.4,2025-03-20,1251,N21,nominal,2.0NRT,295.3,4.13,D
-8.60432,13.57782,337.12,0.48,0.4,2025-03-20,1251,N21,nominal,2.0NRT,296.93,2.83,D
-8.1275,14.72125,332.5,0.56,0.43,2025-03-20,1251,N21,nominal,2.0NRT,289.78,5.73,D
-7.19965,19.52701,345.58,0.4,0.6,2025-03-20,1251,N21,nominal,2.0NRT,288.33,5,D
-6.46207,23.28837,326.54,0.75,0.77,2025-03-20,1251,N21,nominal,2.0NRT,285.46,5.83,D
-7.41163,16.66115,329.41,0.51,0.49,2025-03-20,1251,N21,nominal,2.0NRT,290.49,1.67,D
-7.71179,14.13401,336.36,0.52,0.42,2025-03-20,1251,N21,nominal,2.0NRT,296.04,6.49,D
-6.92984,18.69943,339.19,0.36,0.57,2025-03-20,1251,N21,nominal,2.0NRT,291.41,3.64,D
-7.77083,13.37458,332,0.47,0.4,2025-03-20,1251,N21,nominal,2.0NRT,298.06,5.14,D
-7.77013,13.37532,332.45,0.47,0.4,2025-03-20,1251,N21,nominal,2.0NRT,297.72,7.03,D
-6.98773,17.79774,334.96,0.62,0.54,2025-03-20,1251,N21,nominal,2.0NRT,286.94,8.93,D
-7.84853,12.11367,334.19,0.42,0.38,2025-03-20,1251,N21,nominal,2.0NRT,295.15,3.55,D
-6.92086,17.76203,335.4,0.62,0.54,2025-03-20,1251,N21,nominal,2.0NRT,293.44,4.76,D
-7.58668,13.60876,333.37,0.49,0.4,2025-03-20,1251,N21,nominal,2.0NRT,296.84,3.13,D
-6.41912,19.76651,331.69,0.43,0.62,2025-03-20,1251,N21,nominal,2.0NRT,285.54,7.38,D
-6.48009,19.15262,333.55,0.39,0.59,2025-03-20,1251,N21,nominal,2.0NRT,291.41,3.76,D
-7.07652,15.54276,331.01,0.43,0.46,2025-03-20,1251,N21,nominal,2.0NRT,292.23,4.7,D
-6.62922,18.11702,330.04,0.33,0.55,2025-03-20,1251,N21,nominal,2.0NRT,290.57,2.22,D
-6.62418,18.11618,347.79,0.33,0.55,2025-03-20,1251,N21,nominal,2.0NRT,291.6,6.71,D
-6.48765,18.75663,342.22,0.37,0.58,2025-03-20,1251,N21,nominal,2.0NRT,290.95,5.29,D
-6.46573,18.69606,341.2,0.36,0.58,2025-03-20,1251,N21,nominal,2.0NRT,291.03,5.24,D
-6.3534,19.20656,331.38,0.4,0.6,2025-03-20,1251,N21,nominal,2.0NRT,290.76,4.29,D
-6.34797,19.20556,341.06,0.4,0.6,2025-03-20,1251,N21,nominal,2.0NRT,290.76,4.99,D
-6.35202,19.20526,353.83,0.4,0.6,2025-03-20,1251,N21,nominal,2.0NRT,291.27,7.1,D
-6.32365,18.54806,338.28,0.36,0.57,2025-03-20,1251,N21,nominal,2.0NRT,290.81,4.44,D
-6.18682,18.46618,345.52,0.35,0.57,2025-03-20,1251,N21,nominal,2.0NRT,290.04,10.1,D
-6.18215,18.46231,343.52,0.35,0.57,2025-03-20,1251,N21,nominal,2.0NRT,288.72,10.1,D
-6.26854,17.90606,340.24,0.32,0.55,2025-03-20,1251,N21,nominal,2.0NRT,292.65,4.3,D
-5.89013,19.51208,330,0.42,0.61,2025-03-20,1251,N21,nominal,2.0NRT,280.89,8.6,D
-6.96936,12.8415,337.19,0.46,0.39,2025-03-20,1251,N21,nominal,2.0NRT,292.05,6.08,D
-5.80138,19.43567,342.61,0.42,0.61,2025-03-20,1251,N21,nominal,2.0NRT,285.63,18.25,D
-5.80204,19.43193,355.67,0.42,0.61,2025-03-20,1251,N21,low,2.0NRT,286.68,12.64,D
-5.79647,19.43097,334.15,0.42,0.61,2025-03-20,1251,N21,nominal,2.0NRT,282.5,12.64,D
-5.89106,18.86006,345.75,0.38,0.59,2025-03-20,1251,N21,nominal,2.0NRT,291.07,5.53,D
-5.93262,18.52976,350.09,0.36,0.57,2025-03-20,1251,N21,nominal,2.0NRT,291.12,8.47,D
-5.93216,18.53175,340.64,0.36,0.57,2025-03-20,1251,N21,nominal,2.0NRT,290.92,8.05,D
-5.77766,19.18155,329.67,0.4,0.6,2025-03-20,1251,N21,nominal,2.0NRT,293.53,3.77,D
-5.5508,20.4559,337.33,0.5,0.66,2025-03-20,1251,N21,nominal,2.0NRT,286.73,16.04,D
-5.77228,19.1474,332.66,0.4,0.6,2025-03-20,1251,N21,nominal,2.0NRT,291.11,3.46,D
-6.04031,17.29004,339.29,0.59,0.53,2025-03-20,1251,N21,nominal,2.0NRT,288.71,10.8,D
-6.04109,17.28753,343.43,0.59,0.53,2025-03-20,1251,N21,nominal,2.0NRT,289.06,9.97,D
-6.6047,13.72481,342.58,0.51,0.41,2025-03-20,1251,N21,nominal,2.0NRT,294.73,11.51,D
-5.45386,20.50138,348.38,0.5,0.66,2025-03-20,1251,N21,nominal,2.0NRT,289.06,7.73,D
-5.59808,19.5644,348.53,0.43,0.62,2025-03-20,1251,N21,nominal,2.0NRT,283.92,10.3,D
-5.38008,20.56872,329.06,0.51,0.66,2025-03-20,1251,N21,nominal,2.0NRT,288.89,6.34,D
-5.49076,19.74284,331.97,0.45,0.63,2025-03-20,1251,N21,nominal,2.0NRT,286.6,3.3,D
-6.48196,13.93008,342.41,0.53,0.42,2025-03-20,1251,N21,nominal,2.0NRT,296.9,18.47,D
-6.48255,13.93277,332.8,0.53,0.42,2025-03-20,1251,N21,nominal,2.0NRT,296.65,17.75,D
-5.37866,20.56689,340.89,0.51,0.66,2025-03-20,1251,N21,nominal,2.0NRT,288.61,6.72,D
-5.48878,19.74416,345.21,0.45,0.63,2025-03-20,1251,N21,nominal,2.0NRT,288.66,8.38,D
-5.65629,18.72667,331.41,0.38,0.58,2025-03-20,1251,N21,nominal,2.0NRT,288.49,3.11,D
-5.68295,18.47367,336.05,0.36,0.57,2025-03-20,1251,N21,nominal,2.0NRT,292.19,6.01,D
-5.98316,16.52303,337.38,0.52,0.5,2025-03-20,1251,N21,nominal,2.0NRT,296.28,10.59,D
-6.38744,14.0351,332.18,0.54,0.42,2025-03-20,1251,N21,nominal,2.0NRT,295.12,6.26,D
-5.96942,16.52108,328.94,0.52,0.5,2025-03-20,1251,N21,low,2.0NRT,301.39,14.67,D
-5.22911,20.60301,348.82,0.52,0.66,2025-03-20,1251,N21,nominal,2.0NRT,287.6,10.25,D
-5.9565,16.40493,342.6,0.51,0.5,2025-03-20,1251,N21,nominal,2.0NRT,297.43,7.4,D
-6.32025,14.29673,332.29,0.56,0.43,2025-03-20,1251,N21,nominal,2.0NRT,293.64,5.94,D
-5.95489,16.40611,342.2,0.52,0.5,2025-03-20,1251,N21,nominal,2.0NRT,297.93,9.56,D
-5.23374,20.60464,334.15,0.52,0.67,2025-03-20,1251,N21,nominal,2.0NRT,287.26,4.14,D
-5.22847,20.599,328.16,0.52,0.67,2025-03-20,1251,N21,nominal,2.0NRT,287.54,3.79,D
-5.90768,16.52242,341.58,0.53,0.5,2025-03-20,1251,N21,nominal,2.0NRT,295.93,8.45,D
-5.82761,16.94557,341.82,0.56,0.52,2025-03-20,1251,N21,nominal,2.0NRT,289.98,24.91,D
-5.82845,16.94057,331.73,0.56,0.52,2025-03-20,1251,N21,nominal,2.0NRT,290.92,24.91,D
-5.15831,20.57217,346.47,0.51,0.66,2025-03-20,1251,N21,nominal,2.0NRT,289.05,8.48,D
-5.79671,16.78674,341.75,0.55,0.51,2025-03-20,1251,N21,nominal,2.0NRT,293.37,10.63,D
-5.79822,16.7893,329.92,0.55,0.51,2025-03-20,1251,N21,nominal,2.0NRT,291.67,5.02,D
-5.79903,16.78435,335,0.55,0.51,2025-03-20,1251,N21,nominal,2.0NRT,291.58,5.02,D
-5.8124,16.58657,346.11,0.53,0.5,2025-03-20,1251,N21,nominal,2.0NRT,295.45,9.84,D
-5.78531,16.69347,331.75,0.54,0.51,2025-03-20,1251,N21,nominal,2.0NRT,291.7,5.03,D
-5.70581,17.14427,335.11,0.58,0.52,2025-03-20,1251,N21,nominal,2.0NRT,291.8,5.5,D
-5.81244,16.33155,331.01,0.51,0.49,2025-03-20,1251,N21,nominal,2.0NRT,293.22,6.32,D
-5.03862,20.56363,334.37,0.52,0.67,2025-03-20,1251,N21,nominal,2.0NRT,285.37,4.05,D
-5.29293,18.96188,334.16,0.4,0.6,2025-03-20,1251,N21,nominal,2.0NRT,289.43,3.36,D
-5.48816,17.37985,334.19,0.61,0.54,2025-03-20,1251,N21,nominal,2.0NRT,292.26,7.29,D
-5.67279,16.29568,336.14,0.51,0.49,2025-03-20,1251,N21,nominal,2.0NRT,294.89,8.75,D
-5.27013,18.61062,338.96,0.37,0.58,2025-03-20,1251,N21,nominal,2.0NRT,289.15,7.88,D
-5.64983,16.40372,347.23,0.52,0.5,2025-03-20,1251,N21,nominal,2.0NRT,296.34,11.78,D
-6.23643,12.81332,330.56,0.46,0.39,2025-03-20,1251,N21,nominal,2.0NRT,294.96,4,D
-5.49072,17.37827,335.29,0.61,0.54,2025-03-20,1251,N21,nominal,2.0NRT,291.79,7.31,D
-5.64888,16.40524,339.25,0.52,0.5,2025-03-20,1251,N21,nominal,2.0NRT,296.17,6.51,D
-5.64957,16.40097,335.33,0.52,0.5,2025-03-20,1251,N21,nominal,2.0NRT,293.26,6.51,D
-5.27146,18.61327,341.49,0.38,0.58,2025-03-20,1251,N21,nominal,2.0NRT,289.92,7.2,D
-5.59599,16.44233,330.37,0.53,0.5,2025-03-20,1251,N21,nominal,2.0NRT,293.44,3.78,D
-5.8713,14.76,336.28,0.4,0.44,2025-03-20,1251,N21,nominal,2.0NRT,293.29,2.81,D
-5.96793,13.26826,340.25,0.49,0.4,2025-03-20,1251,N21,nominal,2.0NRT,293.48,15.92,D
-5.7938,13.99135,333.76,0.54,0.42,2025-03-20,1251,N21,nominal,2.0NRT,295.24,9.71,D
-5.36533,16.49825,333.44,0.53,0.5,2025-03-20,1251,N21,nominal,2.0NRT,291.43,9,D
-5.43367,15.94562,342.34,0.49,0.49,2025-03-20,1251,N21,nominal,2.0NRT,289.97,7.22,D
-5.3066,16.50975,339.1,0.54,0.51,2025-03-20,1251,N21,nominal,2.0NRT,292.7,7.61,D
-5.62653,14.59777,332.54,0.4,0.44,2025-03-20,1251,N21,nominal,2.0NRT,294.56,2.88,D
-5.6605,14.39184,337.64,0.38,0.44,2025-03-20,1251,N21,nominal,2.0NRT,293.56,4.37,D
-5.30666,16.51292,337.65,0.54,0.51,2025-03-20,1251,N21,nominal,2.0NRT,291.11,9.31,D
-5.24994,16.71509,332.38,0.56,0.51,2025-03-20,1251,N21,nominal,2.0NRT,292.97,4.92,D
-5.38712,15.87215,342.97,0.48,0.48,2025-03-20,1251,N21,nominal,2.0NRT,294.42,9.13,D
-5.68039,14.02088,331.39,0.55,0.43,2025-03-20,1251,N21,nominal,2.0NRT,293.04,2.91,D
-5.20768,16.48124,339.28,0.54,0.51,2025-03-20,1251,N21,nominal,2.0NRT,292.24,8.79,D
-5.19607,16.49383,340.39,0.54,0.51,2025-03-20,1251,N21,nominal,2.0NRT,290.34,14.16,D
-5.19688,16.48907,333.25,0.54,0.51,2025-03-20,1251,N21,nominal,2.0NRT,291.99,14.16,D
-4.3014,21.58734,332.77,0.63,0.72,2025-03-20,1251,N21,nominal,2.0NRT,287.81,8.9,D
-5.19728,16.49123,352.72,0.54,0.51,2025-03-20,1251,N21,nominal,2.0NRT,292.27,25.1,D
-4.30155,21.59057,329.45,0.63,0.72,2025-03-20,1251,N21,nominal,2.0NRT,287.29,11.25,D
-5.19623,16.20967,345.83,0.51,0.5,2025-03-20,1251,N21,nominal,2.0NRT,292.4,9.52,D
-4.27499,21.51151,331.33,0.62,0.71,2025-03-20,1251,N21,nominal,2.0NRT,287.05,12.97,D
-5.11995,16.52843,338.19,0.54,0.51,2025-03-20,1251,N21,nominal,2.0NRT,286.73,7.59,D
-4.75989,18.56726,336.68,0.38,0.59,2025-03-20,1251,N21,nominal,2.0NRT,285.95,3.18,D
-5.5643,13.57931,331.91,0.52,0.41,2025-03-20,1251,N21,nominal,2.0NRT,294.92,6.33,D
-5.14253,16.08757,343.5,0.51,0.49,2025-03-20,1251,N21,nominal,2.0NRT,294.17,13.02,D
-5.1433,16.08303,341.38,0.5,0.49,2025-03-20,1251,N21,nominal,2.0NRT,289.81,6.97,D
-5.56407,13.5807,331.75,0.52,0.41,2025-03-20,1251,N21,nominal,2.0NRT,295.12,6.18,D
-5.14525,16.08433,341.72,0.51,0.49,2025-03-20,1251,N21,nominal,2.0NRT,290.33,6.77,D
-5.14003,16.08809,340.38,0.51,0.49,2025-03-20,1251,N21,nominal,2.0NRT,294.11,7.49,D
-4.80604,18.10178,331.13,0.35,0.57,2025-03-20,1251,N21,nominal,2.0NRT,292.06,3.72,D
-5.1332,15.87724,345.62,0.49,0.49,2025-03-20,1251,N21,nominal,2.0NRT,291.52,44.85,D
-5.01732,16.52229,331.79,0.54,0.51,2025-03-20,1251,N21,nominal,2.0NRT,288.99,5.19,D
-4.89054,16.69215,340.79,0.56,0.52,2025-03-20,1251,N21,nominal,2.0NRT,286.34,16.09,D
-4.61571,17.78827,337.6,0.34,0.56,2025-03-20,1251,N21,nominal,2.0NRT,289.34,2.86,D
-4.48583,17.70088,333.84,0.33,0.56,2025-03-20,1251,N21,nominal,2.0NRT,285.64,2.36,D
-4.73657,16.00404,331.06,0.51,0.49,2025-03-20,1251,N21,nominal,2.0NRT,292.42,5.14,D
-4.73922,16.00216,330.09,0.51,0.49,2025-03-20,1251,N21,nominal,2.0NRT,291.66,5.84,D
-4.39189,17.67861,330.94,0.33,0.56,2025-03-20,1251,N21,nominal,2.0NRT,284.07,2.33,D
-4.2716,17.44438,336.11,0.32,0.55,2025-03-20,1251,N21,nominal,2.0NRT,287.02,2.91,D
-4.35976,16.77738,333.6,0.58,0.52,2025-03-20,1251,N21,nominal,2.0NRT,288.64,6.73,D
-4.55662,15.3702,338.04,0.46,0.47,2025-03-20,1251,N21,nominal,2.0NRT,292.86,7.99,D
-4.1783,17.47782,355.54,0.33,0.55,2025-03-20,1251,N21,nominal,2.0NRT,291.4,6.78,D
-4.7339,13.80003,331.39,0.55,0.43,2025-03-20,1251,N21,nominal,2.0NRT,293.71,6.93,D
-4.10556,17.17764,340.47,0.62,0.54,2025-03-20,1251,N21,nominal,2.0NRT,291.76,19.55,D
-4.93356,12.09141,333.32,0.44,0.39,2025-03-20,1251,N21,nominal,2.0NRT,288.75,3.93,D
-4.10405,17.175,339.68,0.62,0.54,2025-03-20,1251,N21,nominal,2.0NRT,291.3,32.42,D
-4.09479,16.95426,343.59,0.6,0.53,2025-03-20,1251,N21,nominal,2.0NRT,291.75,11.43,D
-4.08995,16.95345,341.58,0.6,0.53,2025-03-20,1251,N21,nominal,2.0NRT,290,11.43,D
-4.06896,16.89992,340.09,0.6,0.53,2025-03-20,1251,N21,nominal,2.0NRT,291.41,19.14,D
-4.13159,16.46528,334.59,0.56,0.51,2025-03-20,1251,N21,nominal,2.0NRT,286.43,5.96,D
-4.06734,13.54318,333.5,0.54,0.42,2025-03-20,1251,N21,nominal,2.0NRT,295.08,3.61,D
-4.08738,11.35933,331.23,0.42,0.38,2025-03-20,1251,N21,nominal,2.0NRT,293.93,4.41,D
-4.08797,11.35556,334.94,0.42,0.38,2025-03-20,1251,N21,nominal,2.0NRT,297.1,6.33,D
-4.08099,11.37759,331.6,0.42,0.38,2025-03-20,1251,N21,nominal,2.0NRT,296.09,5.73,D
-4.07695,11.38082,353.02,0.42,0.38,2025-03-20,1251,N21,nominal,2.0NRT,294.98,8.97,D
-24.81858,30.1179,315.71,0.53,0.67,2025-03-20,2218,N21,nominal,2.0NRT,289.08,3.91,N
-24.83692,27.36633,296.53,0.78,0.78,2025-03-20,2218,N21,nominal,2.0NRT,285.68,2.75,N
-24.83244,27.36406,299.86,0.78,0.78,2025-03-20,2218,N21,nominal,2.0NRT,286.08,1.29,N
-24.83941,27.3619,296.83,0.78,0.78,2025-03-20,2218,N21,nominal,2.0NRT,285.5,1.29,N
-25.80511,29.49136,311.99,0.55,0.68,2025-03-20,2218,N21,nominal,2.0NRT,285.09,6.58,N
-25.81266,29.49507,334.75,0.55,0.68,2025-03-20,2218,N21,nominal,2.0NRT,286.24,7.98,N
-25.80975,29.49362,325.61,0.55,0.68,2025-03-20,2218,N21,nominal,2.0NRT,285.68,6.47,N
-25.81124,29.49939,299.35,0.55,0.68,2025-03-20,2218,N21,nominal,2.0NRT,284.26,4.12,N
-25.85447,29.17301,298.9,0.57,0.69,2025-03-20,2218,N21,nominal,2.0NRT,285.52,1.55,N
-25.86067,29.17095,304.44,0.57,0.69,2025-03-20,2218,N21,nominal,2.0NRT,285.37,2.52,N
-4.26256,39.38847,309.06,0.33,0.55,2025-03-20,2212,N21,nominal,2.0NRT,291.71,1.14,N
-25.85624,29.17092,320.12,0.57,0.69,2025-03-20,2218,N21,nominal,2.0NRT,286.96,3.27,N
-4.26537,39.40519,315.16,0.33,0.55,2025-03-20,2212,N21,nominal,2.0NRT,292.69,1.47,N
-25.88965,29.11778,326.43,0.58,0.7,2025-03-20,2218,N21,nominal,2.0NRT,284.26,7.23,N
-4.26993,39.40149,306.57,0.33,0.55,2025-03-20,2212,N21,nominal,2.0NRT,292.32,1.05,N
-25.89107,29.12329,303.03,0.58,0.7,2025-03-20,2218,N21,nominal,2.0NRT,283.26,4.59,N
-25.90127,29.16299,297.85,0.57,0.69,2025-03-20,2218,N21,nominal,2.0NRT,287.03,1.92,N
-25.66196,27.8324,300.19,0.7,0.75,2025-03-20,2218,N21,nominal,2.0NRT,281.7,2.21,N
-25.66386,27.83952,303.65,0.7,0.75,2025-03-20,2218,N21,nominal,2.0NRT,282.45,2.58,N
-26.02539,29.19293,296.31,0.57,0.69,2025-03-20,2218,N21,nominal,2.0NRT,284.76,1.52,N
-26.0258,29.16841,296.81,0.57,0.69,2025-03-20,2218,N21,nominal,2.0NRT,284.79,1.98,N
-26.02727,29.17412,301.87,0.57,0.69,2025-03-20,2218,N21,nominal,2.0NRT,285.11,1.98,N
-26.02873,29.17985,300.26,0.57,0.69,2025-03-20,2218,N21,nominal,2.0NRT,285.59,3.14,N
-26.03439,29.20194,303.8,0.57,0.69,2025-03-20,2218,N21,nominal,2.0NRT,287,3.34,N
-26.03576,29.2073,315.92,0.57,0.69,2025-03-20,2218,N21,nominal,2.0NRT,289.33,3.34,N
-25.72535,27.6046,302.13,0.72,0.75,2025-03-20,2218,N21,nominal,2.0NRT,280.4,3.02,N
-25.708,27.40267,299.76,0.74,0.76,2025-03-20,2218,N21,nominal,2.0NRT,285.87,1.83,N
-25.71489,27.40071,315.36,0.74,0.76,2025-03-20,2218,N21,nominal,2.0NRT,286.1,4.37,N
-25.71329,27.4009,319.19,0.74,0.76,2025-03-20,2218,N21,nominal,2.0NRT,286.92,5.95,N
-26.20009,28.35406,305.63,0.63,0.72,2025-03-20,2218,N21,nominal,2.0NRT,283.04,2,N
-26.20444,28.35134,303.58,0.63,0.72,2025-03-20,2218,N21,nominal,2.0NRT,282.16,2.41,N
-26.5393,29.17169,325.86,0.55,0.68,2025-03-20,2218,N21,nominal,2.0NRT,282.67,7.48,N
-26.54067,29.17713,315.11,0.55,0.68,2025-03-20,2218,N21,nominal,2.0NRT,281.68,5.59,N
-26.53829,29.15271,322.85,0.56,0.68,2025-03-20,2218,N21,nominal,2.0NRT,283.36,3.7,N
-26.54255,29.16919,367,0.55,0.68,2025-03-20,2218,N21,high,2.0NRT,283.94,11.09,N
-26.54396,29.17463,336.74,0.55,0.68,2025-03-20,2218,N21,nominal,2.0NRT,281.78,11.09,N
-26.5492,29.14349,300.67,0.56,0.68,2025-03-20,2218,N21,nominal,2.0NRT,283.63,3.67,N
-26.55204,29.15453,295.23,0.55,0.68,2025-03-20,2218,N21,nominal,2.0NRT,283.78,2.73,N
-26.55819,29.15261,300.44,0.55,0.68,2025-03-20,2218,N21,nominal,2.0NRT,284.33,1.54,N
-26.6652,27.80465,301.64,0.66,0.73,2025-03-20,2218,N21,nominal,2.0NRT,279.33,3.27,N
-26.66697,27.81127,305.2,0.66,0.73,2025-03-20,2218,N21,nominal,2.0NRT,280.62,3.27,N
-27.92945,32.27814,302.36,0.34,0.56,2025-03-20,2218,N21,nominal,2.0NRT,290.33,0.47,N
-28.19832,32.37074,309.98,0.33,0.55,2025-03-20,2218,N21,nominal,2.0NRT,290.6,1.17,N
-27.69643,30.02007,302.57,0.46,0.64,2025-03-20,2218,N21,nominal,2.0NRT,287.55,1.83,N
-27.71707,30.0037,307.09,0.46,0.64,2025-03-20,2218,N21,nominal,2.0NRT,288.15,1.33,N
-27.71656,30.00593,304.89,0.46,0.64,2025-03-20,2218,N21,nominal,2.0NRT,288.59,1.71,N
-28.33792,32.29106,301.64,0.33,0.55,2025-03-20,2218,N21,nominal,2.0NRT,290.71,0.64,N
-28.6794,32.13041,308.75,0.33,0.55,2025-03-20,2218,N21,nominal,2.0NRT,292.2,1.93,N
-28.67773,32.13192,315,0.33,0.55,2025-03-20,2218,N21,nominal,2.0NRT,292.89,1.36,N
-28.72082,31.87021,304.78,0.34,0.56,2025-03-20,2220,N21,nominal,2.0NRT,292.11,0.5,N
-30.55216,29.84922,317.83,0.41,0.6,2025-03-20,2220,N21,nominal,2.0NRT,290.89,2.84,N
-30.55049,29.84657,305.94,0.41,0.6,2025-03-20,2220,N21,nominal,2.0NRT,290.65,1.34,N
-30.55154,29.85071,308.51,0.41,0.6,2025-03-20,2220,N21,nominal,2.0NRT,290.69,1.34,N
-31.2033,30.07879,308.38,0.38,0.59,2025-03-20,2220,N21,nominal,2.0NRT,293.09,1.28,N
-31.20421,30.08245,306.88,0.38,0.59,2025-03-20,2220,N21,nominal,2.0NRT,293.46,1.28,N
-33.8953,25.33831,312.82,0.59,0.7,2025-03-20,2220,N21,nominal,2.0NRT,269.91,3.56,N
-33.89572,25.33812,311.62,0.59,0.7,2025-03-20,2220,N21,nominal,2.0NRT,269.34,2.98,N
-5.10145,39.02116,313.91,0.34,0.56,2025-03-20,2212,N21,nominal,2.0NRT,293.05,1.43,N
-6.66121,39.16502,304.32,0.62,0.54,2025-03-20,2212,N21,nominal,2.0NRT,291.34,1.44,N
-15.89223,33.0293,340.26,0.54,0.68,2025-03-20,2216,N21,nominal,2.0NRT,291.17,9.38,N
-15.89335,33.03442,304.88,0.54,0.68,2025-03-20,2216,N21,nominal,2.0NRT,289.11,5.79,N
-16.11789,33.75954,304.71,0.48,0.65,2025-03-20,2216,N21,nominal,2.0NRT,291.59,3.52,N
-16.13155,33.76598,304.79,0.48,0.65,2025-03-20,2216,N21,nominal,2.0NRT,291.29,1.58,N
-16.1325,33.77051,303.18,0.48,0.65,2025-03-20,2216,N21,nominal,2.0NRT,290.71,1.58,N
-16.1368,33.73213,303.3,0.48,0.65,2025-03-20,2216,N21,nominal,2.0NRT,291.57,1.71,N
-16.1218,33.76041,304.43,0.48,0.65,2025-03-20,2216,N21,nominal,2.0NRT,291.69,2.73,N
-16.12965,33.7682,312.82,0.48,0.65,2025-03-20,2216,N21,nominal,2.0NRT,291.54,3.4,N
-16.13369,33.72985,304.56,0.48,0.65,2025-03-20,2216,N21,nominal,2.0NRT,291.32,2.16,N
-16.19452,33.84159,310.41,0.47,0.64,2025-03-20,2216,N21,nominal,2.0NRT,291.42,3.49,N
-19.51632,32.9175,304.87,0.47,0.64,2025-03-20,2216,N21,nominal,2.0NRT,286.09,1.1,N
