latitude,longitude,bright_ti4,scan,track,acq_date,acq_time,satellite,confidence,version,bright_ti5,frp,daynight
46.57632,-80.79182,328.78,0.41,0.37,2025-03-13,0716,N21,nominal,2.0NRT,265.95,32.89,N
46.57581,-80.7942,320.65,0.41,0.37,2025-03-13,0716,N21,nominal,2.0NRT,268.09,35.21,N
46.51576,-84.39619,324.88,0.53,0.42,2025-03-13,0716,N21,nominal,2.0NRT,259.86,5.08,N
45.07287,-83.40302,303.85,0.47,0.39,2025-03-13,0716,N21,nominal,2.0NRT,270.98,1.78,N
43.27402,-79.79488,323.07,0.38,0.36,2025-03-13,0716,N21,nominal,2.0NRT,267.84,2.73,N
43.27148,-79.80048,298.66,0.38,0.36,2025-03-13,0716,N21,nominal,2.0NRT,267.62,0.94,N
43.26894,-79.80608,318.96,0.38,0.36,2025-03-13,0716,N21,nominal,2.0NRT,270.98,3.3,N
43.26556,-79.80939,310.44,0.38,0.36,2025-03-13,0716,N21,nominal,2.0NRT,269.2,1.49,N
43.26484,-79.80473,301.57,0.38,0.36,2025-03-13,0716,N21,nominal,2.0NRT,267.58,1.49,N
43.26229,-79.81033,315.41,0.38,0.36,2025-03-13,0716,N21,nominal,2.0NRT,270.88,1.49,N
43.06746,-80.85862,306.7,0.39,0.36,2025-03-13,0716,N21,nominal,2.0NRT,267.66,1.36,N
42.80684,-80.09484,298.35,0.38,0.36,2025-03-13,0716,N21,nominal,2.0NRT,271.8,1.79,N
42.80357,-80.09576,300.84,0.38,0.36,2025-03-13,0716,N21,nominal,2.0NRT,274.82,1.19,N
42.80171,-80.10587,306.6,0.38,0.36,2025-03-13,0716,N21,nominal,2.0NRT,271.72,1.41,N
42.80101,-80.10132,300.39,0.38,0.36,2025-03-13,0716,N21,nominal,2.0NRT,271.73,1.41,N
42.81786,-81.32685,308.04,0.4,0.37,2025-03-13,0716,N21,nominal,2.0NRT,267.96,1.09,N
42.94312,-82.41692,301.89,0.42,0.37,2025-03-13,0716,N21,nominal,2.0NRT,269.08,0.92,N
42.76218,-82.74812,300.73,0.42,0.38,2025-03-13,0716,N21,nominal,2.0NRT,270.29,0.82,N
42.7227,-83.26283,297.09,0.44,0.38,2025-03-13,0716,N21,nominal,2.0NRT,267.88,1.1,N
42.31197,-82.05044,318.54,0.4,0.37,2025-03-13,0716,N21,nominal,2.0NRT,269.01,1.68,N
42.43757,-83.11685,314.78,0.43,0.38,2025-03-13,0716,N21,nominal,2.0NRT,270.21,1.77,N
43.09586,-92.71655,319.59,0.41,0.6,2025-03-13,0716,N21,nominal,2.0NRT,271.98,2.77,N
42.2759,-83.13061,302.73,0.43,0.38,2025-03-13,0716,N21,nominal,2.0NRT,272.17,0.99,N
41.75118,-81.2834,303.35,0.39,0.36,2025-03-13,0716,N21,nominal,2.0NRT,272.98,1.39,N
40.47996,-74.32275,300.79,0.56,0.43,2025-03-13,0716,N21,nominal,2.0NRT,276.45,1.34,N
41.28203,-78.63815,296.88,0.4,0.37,2025-03-13,0716,N21,nominal,2.0NRT,271.55,0.58,N
40.8919,-77.70809,325.1,0.42,0.37,2025-03-13,0716,N21,nominal,2.0NRT,277.21,4.13,N
41.46392,-81.67503,316.64,0.39,0.36,2025-03-13,0716,N21,nominal,2.0NRT,277.17,1.33,N
40.15226,-74.76789,296.03,0.54,0.42,2025-03-13,0716,N21,nominal,2.0NRT,274.86,0.31,N
40.024,-74.25145,307.26,0.38,0.43,2025-03-13,0716,N21,nominal,2.0NRT,274.31,1.13,N
40.13604,-74.80682,295.79,0.54,0.42,2025-03-13,0716,N21,nominal,2.0NRT,274.95,0.77,N
41.12653,-80.68588,300.63,0.38,0.36,2025-03-13,0716,N21,nominal,2.0NRT,274.9,1.14,N
41.56606,-84.044,338.75,0.45,0.39,2025-03-13,0716,N21,nominal,2.0NRT,275.37,17.81,N
41.56716,-84.04532,335.39,0.45,0.39,2025-03-13,0716,N21,nominal,2.0NRT,276.39,17.43,N
41.56849,-84.05609,296.93,0.45,0.39,2025-03-13,0716,N21,nominal,2.0NRT,272.23,1.45,N
41.46709,-83.36784,327.32,0.43,0.38,2025-03-13,0716,N21,nominal,2.0NRT,276,3.97,N
41.47549,-83.46072,298.78,0.43,0.38,2025-03-13,0716,N21,nominal,2.0NRT,270.03,0.77,N
41.45951,-83.36428,313.94,0.43,0.38,2025-03-13,0716,N21,nominal,2.0NRT,273.42,2.27,N
40.84265,-79.92357,301.26,0.38,0.36,2025-03-13,0716,N21,nominal,2.0NRT,274.82,0.93,N
40.8343,-79.93527,319.2,0.38,0.36,2025-03-13,0716,N21,nominal,2.0NRT,274.79,2.59,N
42.12342,-93.93555,295.48,0.46,0.64,2025-03-13,0716,N21,nominal,2.0NRT,276.18,0.74,N
41.2257,-83.20822,317.06,0.42,0.38,2025-03-13,0716,N21,nominal,2.0NRT,271.49,2.23,N
41.68299,-87.42554,339.32,0.42,0.45,2025-03-13,0716,N21,nominal,2.0NRT,274.69,5.85,N
41.68253,-87.42048,302.89,0.42,0.45,2025-03-13,0716,N21,nominal,2.0NRT,273.84,2.85,N
41.6793,-87.43124,301.65,0.42,0.45,2025-03-13,0716,N21,nominal,2.0NRT,269.65,1.77,N
41.67836,-87.42111,302.07,0.42,0.45,2025-03-13,0716,N21,nominal,2.0NRT,274.39,2.36,N
41.67145,-87.43768,328.62,0.42,0.45,2025-03-13,0716,N21,nominal,2.0NRT,274.96,3.86,N
41.64357,-87.13939,329.84,0.41,0.45,2025-03-13,0716,N21,nominal,2.0NRT,271.24,3.38,N
41.67331,-87.4579,306.93,0.42,0.45,2025-03-13,0716,N21,nominal,2.0NRT,269.52,1.01,N
41.67098,-87.43259,306.09,0.42,0.45,2025-03-13,0716,N21,nominal,2.0NRT,270.38,2.93,N
41.66915,-87.45856,297.31,0.42,0.45,2025-03-13,0716,N21,nominal,2.0NRT,270.04,1.01,N
41.63948,-87.14001,308.99,0.41,0.45,2025-03-13,0716,N21,nominal,2.0NRT,272.35,3.38,N
41.63901,-87.13512,308.57,0.41,0.45,2025-03-13,0716,N21,nominal,2.0NRT,272.4,1.62,N
41.63855,-87.13023,297.21,0.41,0.45,2025-03-13,0716,N21,nominal,2.0NRT,269.27,1.62,N
41.6622,-87.42883,310.77,0.42,0.45,2025-03-13,0716,N21,nominal,2.0NRT,271.74,2.02,N
41.63538,-87.14067,309.24,0.41,0.45,2025-03-13,0716,N21,nominal,2.0NRT,274.56,2.35,N
41.63082,-87.13645,299.85,0.41,0.45,2025-03-13,0716,N21,nominal,2.0NRT,269.29,2.16,N
41.62719,-87.14203,312.67,0.41,0.45,2025-03-13,0716,N21,nominal,2.0NRT,270.68,2.88,N
41.63912,-87.40697,309.43,0.42,0.45,2025-03-13,0716,N21,nominal,2.0NRT,273.8,1.74,N
41.62398,-87.33308,311.87,0.42,0.45,2025-03-13,0716,N21,nominal,2.0NRT,270.57,1.34,N
41.61939,-87.32871,322.6,0.42,0.45,2025-03-13,0716,N21,nominal,2.0NRT,271.97,2.33,N
41.30585,-84.33794,298.03,0.46,0.39,2025-03-13,0716,N21,nominal,2.0NRT,267.04,1.17,N
41.61525,-87.32938,306.68,0.42,0.45,2025-03-13,0716,N21,nominal,2.0NRT,272.38,2.33,N
41.36924,-84.91626,296.03,0.48,0.4,2025-03-13,0716,N21,nominal,2.0NRT,269.88,2.26,N
41.36622,-84.92277,331.42,0.49,0.4,2025-03-13,0716,N21,nominal,2.0NRT,271.28,6.08,N
41.61248,-87.34506,297.54,0.42,0.45,2025-03-13,0716,N21,nominal,2.0NRT,268.99,1.28,N
40.66696,-80.34681,295.22,0.38,0.36,2025-03-13,0716,N21,nominal,2.0NRT,276.32,0.99,N
40.66626,-80.34233,318.75,0.38,0.36,2025-03-13,0716,N21,nominal,2.0NRT,277.34,0.99,N
41.09175,-83.42149,295.33,0.43,0.38,2025-03-13,0716,N21,nominal,2.0NRT,268.9,0.56,N
40.7513,-81.4404,307.59,0.39,0.36,2025-03-13,0716,N21,nominal,2.0NRT,272.01,1.13,N
40.39608,-79.85229,295.51,0.39,0.36,2025-03-13,0716,N21,nominal,2.0NRT,278.01,2.07,N
40.39354,-79.85766,332.13,0.39,0.36,2025-03-13,0716,N21,nominal,2.0NRT,282.64,2.07,N
40.39282,-79.85317,313.77,0.39,0.36,2025-03-13,0716,N21,nominal,2.0NRT,280.3,2.07,N
40.39209,-79.84872,316.81,0.39,0.36,2025-03-13,0716,N21,nominal,2.0NRT,279.71,1.69,N
40.30451,-79.87997,301.66,0.39,0.36,2025-03-13,0716,N21,nominal,2.0NRT,281.56,1.11,N
40.30379,-79.8755,305.63,0.39,0.36,2025-03-13,0716,N21,nominal,2.0NRT,282.8,1.11,N
41.47895,-90.82987,309.94,0.63,0.54,2025-03-13,0716,N21,nominal,2.0NRT,277.84,3.38,N
40.31704,-80.60409,307.31,0.38,0.36,2025-03-13,0716,N21,nominal,2.0NRT,277.51,1.72,N
40.31051,-80.60582,311.01,0.38,0.36,2025-03-13,0716,N21,nominal,2.0NRT,279.59,1.73,N
41.17902,-87.85764,317.01,0.44,0.46,2025-03-13,0716,N21,nominal,2.0NRT,276.26,2.69,N
40.5682,-83.1366,296.63,0.42,0.37,2025-03-13,0716,N21,nominal,2.0NRT,264.24,0.48,N
41.1728,-96.35114,306.51,0.61,0.71,2025-03-13,0716,N21,nominal,2.0NRT,273.71,3.26,N
40.58127,-86.68803,301.4,0.57,0.43,2025-03-13,0718,N21,nominal,2.0NRT,274.44,1.5,N
47.72952,-102.97146,295.51,0.38,0.36,2025-03-13,0856,N21,nominal,2.0NRT,271.29,0.24,N
47.6365,-103.10065,299.83,0.38,0.36,2025-03-13,0856,N21,nominal,2.0NRT,268.09,0.65,N
41.64503,-87.14118,308.27,0.71,0.75,2025-03-13,0856,N21,nominal,2.0NRT,272.14,4.63,N
41.64246,-87.13353,301.48,0.71,0.75,2025-03-13,0856,N21,nominal,2.0NRT,271.9,6.21,N
41.63879,-87.14517,298.01,0.71,0.75,2025-03-13,0856,N21,nominal,2.0NRT,272.54,4.63,N
41.63623,-87.13757,318.1,0.71,0.75,2025-03-13,0856,N21,nominal,2.0NRT,277.02,6.21,N
41.62994,-87.1414,305.18,0.71,0.75,2025-03-13,0856,N21,nominal,2.0NRT,271.72,2.61,N
41.62364,-87.14524,295.63,0.71,0.75,2025-03-13,0856,N21,nominal,2.0NRT,272.13,2.61,N
41.67991,-87.4242,310.77,0.69,0.74,2025-03-13,0856,N21,nominal,2.0NRT,276.97,3.22,N
41.67738,-87.41669,300.44,0.69,0.74,2025-03-13,0856,N21,nominal,2.0NRT,275.88,3.22,N
41.67116,-87.42047,297.54,0.69,0.74,2025-03-13,0856,N21,nominal,2.0NRT,272.97,3.22,N
41.66883,-87.45804,304.52,0.68,0.74,2025-03-13,0856,N21,nominal,2.0NRT,273.64,3.43,N
41.68307,-87.42221,309.52,0.69,0.74,2025-03-13,0856,N21,nominal,2.0NRT,276.83,4.21,N
41.67935,-87.43356,300.11,0.69,0.74,2025-03-13,0856,N21,nominal,2.0NRT,273.46,4.21,N
41.62299,-87.33138,306.09,0.7,0.75,2025-03-13,0856,N21,nominal,2.0NRT,272.04,6.46,N
41.6645,-87.47894,295.33,0.68,0.74,2025-03-13,0856,N21,nominal,2.0NRT,277.71,3.25,N
41.64197,-87.41105,295.95,0.69,0.74,2025-03-13,0856,N21,nominal,2.0NRT,272.78,3.63,N
41.63947,-87.40353,297.74,0.69,0.74,2025-03-13,0856,N21,nominal,2.0NRT,272.74,3.17,N
41.61423,-87.32767,297.93,0.7,0.75,2025-03-13,0856,N21,nominal,2.0NRT,273.93,4.82,N
41.61306,-87.3467,305.06,0.7,0.75,2025-03-13,0856,N21,nominal,2.0NRT,272.1,2.68,N
41.64357,-88.05503,295.09,0.64,0.72,2025-03-13,0858,N21,nominal,2.0NRT,278.23,1.68,N
41.48231,-90.83296,302.3,0.48,0.64,2025-03-13,0858,N21,nominal,2.0NRT,275.9,2.54,N
41.48072,-90.82767,296.5,0.48,0.65,2025-03-13,0858,N21,nominal,2.0NRT,277.02,3.11,N
41.47733,-90.83521,301.54,0.48,0.65,2025-03-13,0858,N21,nominal,2.0NRT,275.66,3.76,N
41.36887,-91.11372,297.08,0.47,0.64,2025-03-13,0858,N21,nominal,2.0NRT,274,1.04,N
42.08344,-97.36539,313.67,0.44,0.46,2025-03-13,0858,N21,nominal,2.0NRT,275.16,3.56,N
41.17585,-96.34772,320.34,0.52,0.5,2025-03-13,0858,N21,nominal,2.0NRT,274.6,3.89,N
40.09389,-94.64502,299.84,0.34,0.56,2025-03-13,0858,N21,nominal,2.0NRT,276.63,0.6,N
41.26931,-105.60492,305.65,0.38,0.36,2025-03-13,0858,N21,nominal,2.0NRT,273.65,1.12,N
40.21615,-103.6877,304.57,0.41,0.37,2025-03-13,0858,N21,nominal,2.0NRT,270.15,0.73,N
40.53299,-106.10817,341.11,0.38,0.36,2025-03-13,0858,N21,nominal,2.0NRT,271.35,3.38,N
40.53368,-106.11263,296.11,0.38,0.36,2025-03-13,0858,N21,nominal,2.0NRT,268.65,0.71,N
40.53231,-106.10371,306.04,0.38,0.36,2025-03-13,0858,N21,nominal,2.0NRT,268.48,3.38,N
61.0813,-146.39627,298.32,0.38,0.36,2025-03-13,1217,N21,nominal,2.0NRT,264.74,0.91,N
40.83109,-72.95084,325.86,0.36,0.57,2025-03-13,1658,N21,nominal,2.0NRT,285.74,2.09,D
40.43874,-76.5798,330.04,0.56,0.69,2025-03-13,1700,N21,nominal,2.0NRT,287.17,7,D
40.4469,-76.57536,336.41,0.56,0.69,2025-03-13,1700,N21,nominal,2.0NRT,285.76,7.97,D
45.54153,-62.03706,325.18,0.39,0.36,2025-03-13,1700,N21,nominal,2.0NRT,276.77,2.86,D
46.27895,-62.9776,327.3,0.38,0.36,2025-03-13,1700,N21,nominal,2.0NRT,274.72,1.94,D
46.28432,-63.38304,327.98,0.38,0.36,2025-03-13,1700,N21,nominal,2.0NRT,275.11,3.18,D
40.44047,-76.57961,329.19,0.56,0.52,2025-03-13,1841,N21,nominal,2.0NRT,293.34,6.52,D
40.44564,-76.57388,343.67,0.56,0.52,2025-03-13,1841,N21,nominal,2.0NRT,291.76,12.06,D
40.70887,-74.50217,344.24,0.36,0.58,2025-03-13,1841,N21,nominal,2.0NRT,282.61,9.65,D
40.31166,-80.60696,341.63,0.53,0.42,2025-03-13,1841,N21,nominal,2.0NRT,303.45,10.74,D
40.39281,-79.84795,329.46,0.57,0.43,2025-03-13,1841,N21,low,2.0NRT,301.29,10.3,D
40.39802,-82.42517,330.8,0.45,0.39,2025-03-13,1841,N21,nominal,2.0NRT,298.56,6.02,D
40.66525,-80.34578,330.19,0.55,0.42,2025-03-13,1841,N21,nominal,2.0NRT,298.7,11.76,D
40.28279,-83.81179,330.65,0.41,0.37,2025-03-13,1841,N21,nominal,2.0NRT,299.66,2.12,D
40.25285,-85.14977,334.8,0.39,0.36,2025-03-13,1841,N21,nominal,2.0NRT,299.06,12.02,D
40.873,-80.79154,328.17,0.53,0.42,2025-03-13,1841,N21,nominal,2.0NRT,295.43,2.85,D
40.22859,-85.8865,332.82,0.38,0.36,2025-03-13,1841,N21,nominal,2.0NRT,299.06,10.95,D
40.34386,-85.39021,330.54,0.39,0.36,2025-03-13,1841,N21,nominal,2.0NRT,295.62,2.61,D
40.29349,-86.46625,331.66,0.38,0.36,2025-03-13,1841,N21,nominal,2.0NRT,297.33,1.73,D
40.0814,-88.24514,346.37,0.41,0.37,2025-03-13,1841,N21,nominal,2.0NRT,300,4.17,D
40.04805,-88.85467,343.34,0.42,0.38,2025-03-13,1841,N21,nominal,2.0NRT,302.52,4.14,D
40.29248,-87.90089,336.26,0.4,0.37,2025-03-13,1841,N21,nominal,2.0NRT,298.82,3.27,D
40.11887,-89.09476,334.74,0.43,0.38,2025-03-13,1841,N21,nominal,2.0NRT,303.95,46.74,D
40.12228,-89.09579,345.99,0.43,0.38,2025-03-13,1841,N21,nominal,2.0NRT,300.99,7.72,D
40.1214,-89.10069,345.83,0.43,0.38,2025-03-13,1841,N21,nominal,2.0NRT,300.57,7.69,D
40.08589,-89.50172,334.08,0.44,0.38,2025-03-13,1841,N21,nominal,2.0NRT,303.45,9.91,D
40.58025,-86.68765,333.74,0.39,0.36,2025-03-13,1841,N21,nominal,2.0NRT,300.91,2.97,D
40.10066,-89.61847,331.99,0.44,0.39,2025-03-13,1841,N21,nominal,2.0NRT,299.78,4.08,D
40.15577,-89.43852,336.47,0.44,0.38,2025-03-13,1841,N21,nominal,2.0NRT,302.2,3,D
40.79937,-85.65359,345.81,0.39,0.36,2025-03-13,1841,N21,nominal,2.0NRT,296.51,5.45,D
41.54766,-79.50352,332.79,0.41,0.45,2025-03-13,1841,N21,nominal,2.0NRT,296.34,4.7,D
40.80265,-85.65444,333.43,0.39,0.36,2025-03-13,1841,N21,nominal,2.0NRT,294.98,3.48,D
40.80525,-85.65979,337.23,0.39,0.36,2025-03-13,1841,N21,nominal,2.0NRT,295.05,3.48,D
40.10202,-90.00247,332,0.46,0.39,2025-03-13,1841,N21,low,2.0NRT,302.97,4.52,D
40.03466,-90.35161,335.58,0.47,0.4,2025-03-13,1841,N21,nominal,2.0NRT,304.02,56.05,D
40.03362,-90.35697,311.68,0.47,0.4,2025-03-13,1841,N21,low,2.0NRT,316.09,43.6,D
40.21946,-89.39716,339.86,0.43,0.38,2025-03-13,1841,N21,nominal,2.0NRT,300.96,3.31,D
40.03717,-90.35812,332.19,0.47,0.4,2025-03-13,1841,N21,low,2.0NRT,306.65,43.6,D
40.22288,-89.39822,336.69,0.43,0.38,2025-03-13,1841,N21,nominal,2.0NRT,300,3.28,D
41.22562,-83.20783,330.41,0.43,0.38,2025-03-13,1841,N21,nominal,2.0NRT,293.48,2.46,D
40.28973,-89.32952,331.53,0.43,0.38,2025-03-13,1841,N21,nominal,2.0NRT,301.62,7.28,D
41.45119,-81.67679,333.05,0.49,0.4,2025-03-13,1841,N21,nominal,2.0NRT,293.9,3.79,D
40.10852,-90.77311,330.03,0.49,0.4,2025-03-13,1841,N21,nominal,2.0NRT,297.32,1.87,D
40.67567,-87.80835,330.97,0.4,0.37,2025-03-13,1841,N21,nominal,2.0NRT,300.4,2.46,D
40.94688,-86.33293,329.16,0.38,0.36,2025-03-13,1841,N21,nominal,2.0NRT,295.7,2.68,D
40.70148,-87.95917,331.29,0.4,0.37,2025-03-13,1841,N21,nominal,2.0NRT,298.15,1.84,D
41.04258,-85.85679,332.35,0.39,0.36,2025-03-13,1841,N21,nominal,2.0NRT,296.15,4.14,D
40.89009,-87.27628,339.65,0.39,0.36,2025-03-13,1841,N21,nominal,2.0NRT,308.22,29.87,D
41.08054,-86.48374,335.66,0.38,0.36,2025-03-13,1841,N21,nominal,2.0NRT,295.89,2.39,D
40.4494,-90.15434,330.97,0.46,0.39,2025-03-13,1841,N21,nominal,2.0NRT,297.77,2.54,D
40.66438,-89.126,339.47,0.42,0.38,2025-03-13,1841,N21,nominal,2.0NRT,298.31,5.09,D
40.62944,-89.38004,333.37,0.43,0.38,2025-03-13,1841,N21,nominal,2.0NRT,301.39,2.63,D
41.36762,-84.92307,332.78,0.39,0.37,2025-03-13,1841,N21,nominal,2.0NRT,295,2.25,D
41.13505,-86.90157,339.62,0.39,0.36,2025-03-13,1841,N21,nominal,2.0NRT,299.29,3.58,D
41.13831,-86.90248,331.49,0.39,0.36,2025-03-13,1841,N21,nominal,2.0NRT,296.28,7.06,D
41.13759,-86.907,343.08,0.39,0.36,2025-03-13,1841,N21,nominal,2.0NRT,296.5,6.73,D
40.59285,-90.05917,336.67,0.45,0.39,2025-03-13,1841,N21,nominal,2.0NRT,304.87,16.87,D
41.14157,-86.90339,367,0.39,0.36,2025-03-13,1841,N21,high,2.0NRT,301.1,7.06,D
41.14085,-86.9079,351.55,0.39,0.36,2025-03-13,1841,N21,nominal,2.0NRT,298.13,6.73,D
41.04541,-87.50195,330.28,0.39,0.36,2025-03-13,1841,N21,nominal,2.0NRT,296.72,2.91,D
41.04467,-87.50651,336.47,0.39,0.36,2025-03-13,1841,N21,nominal,2.0NRT,297.24,4.31,D
41.04794,-87.50744,331.89,0.39,0.36,2025-03-13,1841,N21,nominal,2.0NRT,296.55,9.08,D
41.0527,-87.49926,340.65,0.39,0.36,2025-03-13,1841,N21,nominal,2.0NRT,295.25,11.36,D
41.05196,-87.50382,349.37,0.39,0.36,2025-03-13,1841,N21,nominal,2.0NRT,303.71,11.36,D
41.56594,-84.04459,330.03,0.41,0.37,2025-03-13,1841,N21,nominal,2.0NRT,295.09,4.41,D
41.05462,-87.57146,332.88,0.39,0.36,2025-03-13,1841,N21,nominal,2.0NRT,299.8,3.54,D
40.96534,-88.4669,332,0.4,0.37,2025-03-13,1841,N21,nominal,2.0NRT,298.21,11.8,D
40.75749,-89.72878,334.49,0.44,0.38,2025-03-13,1841,N21,nominal,2.0NRT,298.94,4.43,D
41.42735,-85.79137,330.72,0.39,0.36,2025-03-13,1841,N21,nominal,2.0NRT,293.68,2.55,D
41.04262,-88.3419,331.87,0.4,0.37,2025-03-13,1841,N21,nominal,2.0NRT,297.49,2.4,D
41.17873,-87.85818,334.87,0.39,0.36,2025-03-13,1841,N21,nominal,2.0NRT,296.58,2.67,D
40.58266,-91.13955,340.99,0.49,0.41,2025-03-13,1841,N21,nominal,2.0NRT,299.18,4.71,D
40.09692,-93.48415,367,0.43,0.46,2025-03-13,1841,N21,high,2.0NRT,300.05,11.24,D
40.09583,-93.48904,332.56,0.43,0.46,2025-03-13,1841,N21,nominal,2.0NRT,297.98,2.82,D
40.91775,-89.43717,350.11,0.43,0.38,2025-03-13,1841,N21,nominal,2.0NRT,299.58,21.13,D
40.26543,-92.79124,339.32,0.39,0.44,2025-03-13,1841,N21,nominal,2.0NRT,299.75,4.52,D
40.26951,-92.83128,343.01,0.4,0.44,2025-03-13,1841,N21,nominal,2.0NRT,302.33,15.08,D
40.98063,-89.22744,337.36,0.42,0.38,2025-03-13,1841,N21,nominal,2.0NRT,300.02,4.99,D
40.27437,-92.82829,349.38,0.4,0.44,2025-03-13,1841,N21,nominal,2.0NRT,299.31,6.83,D
40.27341,-92.83277,341.53,0.4,0.44,2025-03-13,1841,N21,nominal,2.0NRT,299.51,6.83,D
40.27827,-92.82979,342.73,0.4,0.44,2025-03-13,1841,N21,nominal,2.0NRT,300.32,6.83,D
41.41221,-86.96864,331.75,0.39,0.36,2025-03-13,1841,N21,nominal,2.0NRT,296.43,2.63,D
41.74084,-84.85841,338.45,0.4,0.37,2025-03-13,1841,N21,nominal,2.0NRT,300.4,25.09,D
40.73468,-90.91171,331.26,0.48,0.4,2025-03-13,1841,N21,nominal,2.0NRT,297.36,3.32,D
40.39709,-92.63711,329.57,0.39,0.44,2025-03-13,1841,N21,nominal,2.0NRT,298.38,2.28,D
40.93412,-90.10548,354.07,0.45,0.39,2025-03-13,1841,N21,nominal,2.0NRT,300.15,8.91,D
41.82488,-84.67281,334.55,0.4,0.37,2025-03-13,1841,N21,nominal,2.0NRT,294.06,5.02,D
41.75645,-85.3069,341.97,0.39,0.36,2025-03-13,1841,N21,nominal,2.0NRT,290.89,5.45,D
40.24142,-93.69842,343.51,0.44,0.46,2025-03-13,1841,N21,nominal,2.0NRT,302.12,10.98,D
40.24552,-93.69991,337.69,0.44,0.46,2025-03-13,1841,N21,nominal,2.0NRT,302,5.08,D
40.16018,-94.21364,335.79,0.46,0.47,2025-03-13,1841,N21,nominal,2.0NRT,299.05,4.42,D
42.14198,-83.15861,328.78,0.44,0.38,2025-03-13,1841,N21,nominal,2.0NRT,287.92,3.32,D
40.70568,-92.05439,329.96,0.54,0.42,2025-03-13,1841,N21,nominal,2.0NRT,298.37,2.24,D
42.01782,-84.36661,325.82,0.41,0.37,2025-03-13,1841,N21,nominal,2.0NRT,291.39,2.61,D
41.62733,-87.14465,334.94,0.39,0.36,2025-03-13,1841,N21,nominal,2.0NRT,298.76,3.46,D
41.63204,-87.13645,341.12,0.39,0.36,2025-03-13,1841,N21,nominal,2.0NRT,297.3,5.17,D
41.51122,-87.90212,336.37,0.39,0.36,2025-03-13,1841,N21,nominal,2.0NRT,295.55,4.24,D
41.63928,-87.13374,334.13,0.39,0.36,2025-03-13,1841,N21,nominal,2.0NRT,295.76,7.03,D
41.63784,-87.14285,341.3,0.39,0.36,2025-03-13,1841,N21,nominal,2.0NRT,295.97,8.88,D
41.64182,-87.13921,336.26,0.39,0.36,2025-03-13,1841,N21,nominal,2.0NRT,296.04,8.83,D
40.34685,-93.90319,331.16,0.44,0.46,2025-03-13,1841,N21,nominal,2.0NRT,299.5,2.84,D
41.80735,-86.08373,340.99,0.39,0.36,2025-03-13,1841,N21,nominal,2.0NRT,293.75,4.87,D
41.61529,-87.32701,335.09,0.39,0.36,2025-03-13,1841,N21,nominal,2.0NRT,293.81,3.53,D
41.61782,-87.3325,329.66,0.39,0.36,2025-03-13,1841,N21,nominal,2.0NRT,294.88,6.35,D
41.60932,-87.55491,343.63,0.39,0.36,2025-03-13,1841,N21,nominal,2.0NRT,296.49,10.07,D
41.64021,-87.40578,328.54,0.39,0.36,2025-03-13,1841,N21,nominal,2.0NRT,292.31,0.83,D
40.90779,-91.50948,331.09,0.51,0.41,2025-03-13,1841,N21,nominal,2.0NRT,298.84,7.06,D
40.90541,-91.51014,340.16,0.51,0.41,2025-03-13,1841,N21,nominal,2.0NRT,298.87,5.55,D
41.66415,-87.42958,330.76,0.39,0.36,2025-03-13,1841,N21,nominal,2.0NRT,298.86,3.96,D
41.67943,-87.41962,329.81,0.39,0.36,2025-03-13,1841,N21,low,2.0NRT,301.2,5.82,D
42.06623,-84.94239,333.93,0.4,0.37,2025-03-13,1841,N21,nominal,2.0NRT,293.35,3.69,D
41.0727,-90.96181,345.91,0.48,0.4,2025-03-13,1841,N21,nominal,2.0NRT,299.99,8.86,D
41.07519,-90.96857,332.41,0.48,0.4,2025-03-13,1841,N21,nominal,2.0NRT,300.99,4.04,D
41.08092,-90.95869,332.26,0.48,0.4,2025-03-13,1841,N21,nominal,2.0NRT,299.98,9.47,D
41.07984,-90.96423,338.51,0.48,0.4,2025-03-13,1841,N21,nominal,2.0NRT,300.52,9.47,D
40.89184,-91.90531,336.21,0.53,0.42,2025-03-13,1841,N21,nominal,2.0NRT,298.22,4.59,D
41.6884,-87.57555,329.78,0.39,0.36,2025-03-13,1841,N21,nominal,2.0NRT,292.13,6.97,D
41.08341,-90.96545,344.02,0.48,0.4,2025-03-13,1841,N21,nominal,2.0NRT,301.7,20.86,D
40.53997,-93.57848,332.62,0.42,0.45,2025-03-13,1841,N21,nominal,2.0NRT,298.52,5.46,D
41.46876,-88.91985,331.41,0.41,0.37,2025-03-13,1841,N21,nominal,2.0NRT,296.59,5.4,D
41.96818,-85.91909,328.61,0.39,0.36,2025-03-13,1841,N21,nominal,2.0NRT,293.51,2.61,D
41.31612,-89.93149,331.59,0.44,0.38,2025-03-13,1841,N21,nominal,2.0NRT,297.14,4.08,D
41.31773,-89.92944,330.34,0.44,0.38,2025-03-13,1841,N21,nominal,2.0NRT,296.9,4.04,D
41.40435,-89.49991,354.37,0.42,0.38,2025-03-13,1841,N21,nominal,2.0NRT,298.11,10.17,D
41.40345,-89.50487,334.11,0.42,0.38,2025-03-13,1841,N21,nominal,2.0NRT,296.8,10.17,D
41.9639,-86.31687,331.72,0.38,0.36,2025-03-13,1841,N21,nominal,2.0NRT,295.25,8.36,D
41.71337,-87.90428,329.56,0.39,0.36,2025-03-13,1841,N21,nominal,2.0NRT,294.11,2.93,D
40.59949,-93.63581,339.77,0.42,0.46,2025-03-13,1841,N21,nominal,2.0NRT,300.11,3.75,D
42.20798,-84.62313,330.48,0.4,0.37,2025-03-13,1841,N21,nominal,2.0NRT,293.11,4.36,D
40.70337,-93.24435,343.65,0.41,0.45,2025-03-13,1841,N21,nominal,2.0NRT,300.67,4.99,D
40.70732,-93.24583,345.52,0.41,0.45,2025-03-13,1841,N21,nominal,2.0NRT,311.15,30.92,D
40.70632,-93.25043,332.22,0.41,0.45,2025-03-13,1841,N21,low,2.0NRT,304.82,30.92,D
40.63976,-93.57255,367,0.42,0.45,2025-03-13,1841,N21,high,2.0NRT,301.35,8.01,D
41.03386,-91.71409,330.56,0.51,0.41,2025-03-13,1841,N21,nominal,2.0NRT,295.58,5.54,D
40.71027,-93.25191,334.62,0.41,0.45,2025-03-13,1841,N21,nominal,2.0NRT,300.59,30.92,D
40.64084,-93.56768,339.27,0.42,0.45,2025-03-13,1841,N21,nominal,2.0NRT,300.11,8.01,D
41.72274,-88.01381,341.34,0.39,0.36,2025-03-13,1841,N21,nominal,2.0NRT,294.71,8.18,D
42.27467,-84.35712,329.17,0.41,0.37,2025-03-13,1841,N21,nominal,2.0NRT,289.39,3.23,D
40.05415,-96.23421,339.46,0.59,0.53,2025-03-13,1841,N21,nominal,2.0NRT,299.25,6.97,D
40.92424,-92.42385,335.4,0.55,0.43,2025-03-13,1841,N21,nominal,2.0NRT,298.41,8.87,D
41.73818,-88.16967,345.77,0.39,0.37,2025-03-13,1841,N21,nominal,2.0NRT,298.14,9.36,D
40.0539,-96.23633,339.69,0.59,0.53,2025-03-13,1841,N21,nominal,2.0NRT,299.18,8.83,D
42.81196,-80.0912,332.99,0.4,0.44,2025-03-13,1841,N21,nominal,2.0NRT,290.45,2.94,D
40.42256,-94.89127,336.29,0.49,0.49,2025-03-13,1841,N21,nominal,2.0NRT,298.66,4.01,D
41.19313,-91.41653,333.15,0.5,0.41,2025-03-13,1841,N21,nominal,2.0NRT,302.21,30.7,D
41.19197,-91.42227,295.57,0.5,0.41,2025-03-13,1841,N21,low,2.0NRT,298.3,22.53,D
40.76559,-93.48902,339.74,0.41,0.45,2025-03-13,1841,N21,nominal,2.0NRT,300.5,32.81,D
40.76455,-93.49375,350.65,0.42,0.45,2025-03-13,1841,N21,nominal,2.0NRT,309.26,32.81,D
40.76854,-93.49528,338.71,0.42,0.45,2025-03-13,1841,N21,nominal,2.0NRT,313.09,32.81,D
42.23426,-85.51813,333.42,0.39,0.36,2025-03-13,1841,N21,nominal,2.0NRT,296.04,3.03,D
40.37762,-95.40272,336.95,0.53,0.5,2025-03-13,1841,N21,nominal,2.0NRT,300.2,5.19,D
41.61877,-89.51546,330.58,0.42,0.38,2025-03-13,1841,N21,nominal,2.0NRT,295.75,1.58,D
42.15409,-86.30224,329.55,0.38,0.36,2025-03-13,1841,N21,nominal,2.0NRT,290.63,2.7,D
40.37827,-95.40372,336.57,0.53,0.5,2025-03-13,1841,N21,nominal,2.0NRT,300.16,3.76,D
41.63679,-89.49501,343.98,0.42,0.38,2025-03-13,1841,N21,nominal,2.0NRT,302,16.35,D
41.64017,-89.4961,344.01,0.42,0.38,2025-03-13,1841,N21,nominal,2.0NRT,297.81,4.46,D
40.66623,-94.22901,340.71,0.45,0.47,2025-03-13,1841,N21,nominal,2.0NRT,300.19,5.49,D
41.83044,-88.43395,337.4,0.4,0.37,2025-03-13,1841,N21,nominal,2.0NRT,301.59,17.41,D
41.64355,-89.49716,333.06,0.42,0.38,2025-03-13,1841,N21,nominal,2.0NRT,297.25,4.46,D
42.78643,-81.45329,327,0.52,0.41,2025-03-13,1841,N21,nominal,2.0NRT,287.68,2.92,D
41.64692,-89.49825,328.73,0.42,0.38,2025-03-13,1841,N21,nominal,2.0NRT,298.01,4.03,D
40.40021,-95.39307,331.85,0.52,0.5,2025-03-13,1841,N21,low,2.0NRT,302.41,6.66,D
41.65031,-89.49933,329.83,0.42,0.38,2025-03-13,1841,N21,nominal,2.0NRT,295.84,4.03,D
40.98309,-92.86668,339.31,0.38,0.43,2025-03-13,1841,N21,nominal,2.0NRT,298.83,4.3,D
40.68336,-94.33147,354.96,0.46,0.47,2025-03-13,1841,N21,nominal,2.0NRT,302.86,12.79,D
41.37751,-91.08373,331.19,0.48,0.4,2025-03-13,1841,N21,nominal,2.0NRT,296.97,2.56,D
40.68991,-94.3226,344.35,0.46,0.47,2025-03-13,1841,N21,nominal,2.0NRT,300.82,6.58,D
40.69405,-94.32433,331.02,0.46,0.47,2025-03-13,1841,N21,nominal,2.0NRT,295.85,6.58,D
41.2481,-91.81139,331.95,0.51,0.41,2025-03-13,1841,N21,nominal,2.0NRT,296.44,4.18,D
40.90582,-93.43692,329.49,0.41,0.45,2025-03-13,1841,N21,nominal,2.0NRT,300.34,3.13,D
40.60049,-94.82958,337.92,0.49,0.48,2025-03-13,1841,N21,nominal,2.0NRT,300.21,4.7,D
40.59922,-94.83505,335.4,0.49,0.48,2025-03-13,1841,N21,nominal,2.0NRT,301.4,4.7,D
41.83894,-88.72997,336.83,0.4,0.37,2025-03-13,1841,N21,nominal,2.0NRT,296.19,6.28,D
41.48158,-90.77988,329.11,0.46,0.39,2025-03-13,1841,N21,nominal,2.0NRT,294.49,3.31,D
41.47931,-90.83106,328.97,0.47,0.39,2025-03-13,1841,N21,nominal,2.0NRT,298.53,4.22,D
41.48057,-90.83427,330.3,0.47,0.39,2025-03-13,1841,N21,nominal,2.0NRT,298.21,1.95,D
42.42289,-85.26436,329.62,0.39,0.37,2025-03-13,1841,N21,nominal,2.0NRT,292.53,4.45,D
40.50311,-95.71426,341.27,0.54,0.51,2025-03-13,1841,N21,nominal,2.0NRT,303.57,159.63,D
40.50904,-95.70997,348.38,0.54,0.51,2025-03-13,1841,N21,nominal,2.0NRT,311.8,108.7,D
42.10149,-87.81905,330.27,0.39,0.36,2025-03-13,1841,N21,nominal,2.0NRT,292.93,4.04,D
40.51204,-95.71788,345.72,0.54,0.51,2025-03-13,1841,N21,nominal,2.0NRT,310.39,34.31,D
42.79023,-83.1086,327.55,0.45,0.39,2025-03-13,1841,N21,nominal,2.0NRT,295.5,32.88,D
42.79009,-83.10503,340.76,0.45,0.39,2025-03-13,1841,N21,nominal,2.0NRT,289.35,38.21,D
42.05033,-88.53691,333.34,0.4,0.37,2025-03-13,1841,N21,nominal,2.0NRT,295.79,6.96,D
42.05362,-88.53792,339.08,0.4,0.37,2025-03-13,1841,N21,nominal,2.0NRT,294.68,6.96,D
42.05063,-88.61659,330,0.4,0.37,2025-03-13,1841,N21,nominal,2.0NRT,292.95,4.09,D
42.04982,-88.62132,329.33,0.4,0.37,2025-03-13,1841,N21,nominal,2.0NRT,294.09,1.87,D
42.10824,-88.31723,336.76,0.39,0.37,2025-03-13,1841,N21,nominal,2.0NRT,297.2,11.27,D
42.10746,-88.32192,329.45,0.39,0.37,2025-03-13,1841,N21,nominal,2.0NRT,298.01,10.88,D
41.12161,-93.49056,339.28,0.41,0.45,2025-03-13,1841,N21,nominal,2.0NRT,299.85,6.24,D
41.9759,-89.18939,338.47,0.41,0.37,2025-03-13,1841,N21,nominal,2.0NRT,297.45,17.5,D
41.97924,-89.19044,338.57,0.41,0.37,2025-03-13,1841,N21,nominal,2.0NRT,296.28,7.77,D
42.0138,-89.05315,331.46,0.41,0.37,2025-03-13,1841,N21,nominal,2.0NRT,296.36,5.4,D
41.25113,-93.02657,339.88,0.39,0.44,2025-03-13,1841,N21,nominal,2.0NRT,300.1,5.12,D
42.97748,-82.47425,325.01,0.47,0.4,2025-03-13,1841,N21,nominal,2.0NRT,285.3,2.15,D
41.25326,-93.03028,339.31,0.39,0.44,2025-03-13,1841,N21,nominal,2.0NRT,300.29,4.17,D
42.27046,-87.98163,338.86,0.39,0.36,2025-03-13,1841,N21,nominal,2.0NRT,295.23,4,D
42.13795,-88.91194,328.18,0.4,0.37,2025-03-13,1841,N21,nominal,2.0NRT,292.42,5.68,D
41.53748,-92.10631,329.86,0.52,0.42,2025-03-13,1841,N21,nominal,2.0NRT,295.56,3.23,D
42.16582,-89.16243,327.57,0.41,0.37,2025-03-13,1841,N21,nominal,2.0NRT,292.29,1.8,D
42.16412,-89.17211,332.64,0.41,0.37,2025-03-13,1841,N21,nominal,2.0NRT,292.6,4.1,D
42.3754,-88.01099,326.26,0.39,0.36,2025-03-13,1841,N21,nominal,2.0NRT,291.97,2.76,D
42.20082,-89.1837,332.23,0.41,0.37,2025-03-13,1841,N21,nominal,2.0NRT,293.17,3.42,D
42.20332,-89.18959,326.18,0.41,0.37,2025-03-13,1841,N21,nominal,2.0NRT,290.43,1.79,D
41.73407,-91.7202,349.04,0.5,0.41,2025-03-13,1841,N21,nominal,2.0NRT,296.01,13.39,D
41.76836,-91.735,334.84,0.5,0.41,2025-03-13,1841,N21,nominal,2.0NRT,297.46,5.2,D
41.76719,-91.74081,330.61,0.5,0.41,2025-03-13,1841,N21,nominal,2.0NRT,295.73,5.2,D
41.77198,-91.73631,341.07,0.5,0.41,2025-03-13,1841,N21,nominal,2.0NRT,304.83,65.13,D
41.79676,-91.65195,331.08,0.49,0.41,2025-03-13,1841,N21,nominal,2.0NRT,298.03,7.55,D
41.80037,-91.65324,345.01,0.49,0.41,2025-03-13,1841,N21,nominal,2.0NRT,296.29,7.55,D
42.12009,-90.06982,329,0.43,0.38,2025-03-13,1841,N21,nominal,2.0NRT,293.76,1.94,D
42.82891,-85.79241,329.91,0.39,0.36,2025-03-13,1841,N21,nominal,2.0NRT,290.72,2.17,D
42.39881,-88.61268,332.66,0.4,0.37,2025-03-13,1841,N21,nominal,2.0NRT,296.98,24.29,D
42.31831,-89.14225,328.34,0.41,0.37,2025-03-13,1841,N21,nominal,2.0NRT,291.37,2.07,D
42.3037,-89.46944,340.06,0.41,0.37,2025-03-13,1841,N21,nominal,2.0NRT,294.9,5.37,D
42.30706,-89.47051,329.62,0.41,0.37,2025-03-13,1841,N21,nominal,2.0NRT,293.6,25.22,D
42.30618,-89.47543,326.35,0.41,0.37,2025-03-13,1841,N21,low,2.0NRT,297.2,9.98,D
42.31041,-89.47159,334.6,0.41,0.37,2025-03-13,1841,N21,nominal,2.0NRT,300.68,25.22,D
42.31377,-89.47265,332.63,0.41,0.37,2025-03-13,1841,N21,nominal,2.0NRT,292.4,5.58,D
41.42536,-93.90289,348.3,0.42,0.45,2025-03-13,1841,N21,nominal,2.0NRT,299.29,11.25,D
41.80404,-92.20071,338.65,0.52,0.42,2025-03-13,1841,N21,nominal,2.0NRT,297.43,9.71,D
41.16939,-95.29229,339.17,0.5,0.49,2025-03-13,1841,N21,nominal,2.0NRT,300.44,6.11,D
41.84957,-92.21091,341.18,0.52,0.41,2025-03-13,1841,N21,nominal,2.0NRT,303.27,12.29,D
41.17368,-95.29409,331.56,0.5,0.49,2025-03-13,1841,N21,nominal,2.0NRT,300.58,3.13,D
42.62575,-88.15872,330.72,0.39,0.36,2025-03-13,1841,N21,nominal,2.0NRT,292.09,6.67,D
42.62498,-88.16339,333.77,0.39,0.36,2025-03-13,1841,N21,nominal,2.0NRT,290.48,3.95,D
42.62421,-88.16806,326.19,0.39,0.36,2025-03-13,1841,N21,nominal,2.0NRT,292.09,3.95,D
42.34102,-89.81523,327.55,0.42,0.38,2025-03-13,1841,N21,nominal,2.0NRT,290.77,2.76,D
41.6564,-93.26855,330.45,0.39,0.44,2025-03-13,1841,N21,nominal,2.0NRT,295.29,1.66,D
42.65195,-88.08323,329.59,0.39,0.36,2025-03-13,1841,N21,nominal,2.0NRT,291.31,5.87,D
42.65522,-88.08421,344.01,0.39,0.36,2025-03-13,1841,N21,nominal,2.0NRT,292.69,5.78,D
41.99177,-91.76812,329.98,0.5,0.41,2025-03-13,1841,N21,nominal,2.0NRT,301.69,25.98,D
42.51967,-89.19111,334.32,0.41,0.37,2025-03-13,1841,N21,nominal,2.0NRT,298.26,34.1,D
42.47831,-89.48702,330.25,0.41,0.37,2025-03-13,1841,N21,nominal,2.0NRT,290.48,3.8,D
42.47744,-89.49193,338.8,0.41,0.37,2025-03-13,1841,N21,nominal,2.0NRT,289.5,3.8,D
42.53551,-89.18078,347.8,0.41,0.37,2025-03-13,1841,N21,nominal,2.0NRT,305.26,44.12,D
42.53467,-89.18563,332.55,0.41,0.37,2025-03-13,1841,N21,low,2.0NRT,305.8,55.8,D
42.53799,-89.18668,342.08,0.41,0.37,2025-03-13,1841,N21,nominal,2.0NRT,292.57,7.82,D
42.64127,-89.08466,333.92,0.4,0.37,2025-03-13,1841,N21,nominal,2.0NRT,286.67,1.69,D
42.68996,-89.05655,327.32,0.4,0.37,2025-03-13,1841,N21,nominal,2.0NRT,284.71,2.52,D
42.42433,-90.75071,334.01,0.45,0.39,2025-03-13,1841,N21,nominal,2.0NRT,295.29,9.43,D
41.77991,-93.93504,333.16,0.41,0.45,2025-03-13,1841,N21,nominal,2.0NRT,298.31,4.54,D
41.77885,-93.93982,340.52,0.41,0.45,2025-03-13,1841,N21,nominal,2.0NRT,300.39,9.42,D
41.94619,-93.19272,326.44,0.57,0.43,2025-03-13,1841,N21,nominal,2.0NRT,294.4,2.91,D
42.88876,-88.52106,332.92,0.39,0.36,2025-03-13,1841,N21,nominal,2.0NRT,298.25,28.86,D
42.89262,-88.51546,328.25,0.39,0.36,2025-03-13,1841,N21,nominal,2.0NRT,287.33,4.62,D
42.89182,-88.52018,341.13,0.39,0.36,2025-03-13,1841,N21,nominal,2.0NRT,290.3,4.62,D
42.8951,-88.52119,340.31,0.39,0.36,2025-03-13,1841,N21,nominal,2.0NRT,288.38,4.62,D
42.73009,-89.51434,340.55,0.41,0.37,2025-03-13,1841,N21,nominal,2.0NRT,294.47,4.64,D
41.41227,-95.85532,333.26,0.52,0.5,2025-03-13,1841,N21,nominal,2.0NRT,298.19,2.6,D
42.88369,-89.62997,327.66,0.41,0.37,2025-03-13,1841,N21,nominal,2.0NRT,294.5,2.68,D
42.89778,-89.65031,338.05,0.41,0.37,2025-03-13,1841,N21,nominal,2.0NRT,292.46,4.94,D
42.6704,-91.12389,332.46,0.46,0.39,2025-03-13,1841,N21,nominal,2.0NRT,300.81,62.94,D
42.16726,-93.58336,326.17,0.39,0.44,2025-03-13,1841,N21,nominal,2.0NRT,295.18,3.06,D
42.06918,-94.02655,328.05,0.41,0.45,2025-03-13,1841,N21,nominal,2.0NRT,296.12,2.51,D
43.00699,-89.51591,330.69,0.41,0.37,2025-03-13,1841,N21,nominal,2.0NRT,294.53,3.99,D
43.00613,-89.52082,345.14,0.41,0.37,2025-03-13,1841,N21,nominal,2.0NRT,294.85,8.93,D
41.34803,-97.33928,338.77,0.62,0.54,2025-03-13,1841,N21,nominal,2.0NRT,299.91,4.11,D
43.12752,-88.96052,329.96,0.4,0.37,2025-03-13,1841,N21,nominal,2.0NRT,293.63,4.76,D
42.98396,-89.88609,330.81,0.42,0.38,2025-03-13,1841,N21,nominal,2.0NRT,288.39,2.53,D
43.19981,-88.77478,330.97,0.4,0.37,2025-03-13,1841,N21,nominal,2.0NRT,289.59,6.89,D
42.7584,-91.33907,325.77,0.46,0.39,2025-03-13,1841,N21,nominal,2.0NRT,290.66,2.93,D
43.12141,-89.45264,334.49,0.41,0.37,2025-03-13,1841,N21,nominal,2.0NRT,293.86,4.72,D
43.17493,-89.38734,333.2,0.41,0.37,2025-03-13,1841,N21,nominal,2.0NRT,291.41,3.16,D
42.66513,-92.14217,329.32,0.5,0.41,2025-03-13,1841,N21,nominal,2.0NRT,293,3.47,D
43.22062,-89.79635,367,0.41,0.37,2025-03-13,1841,N21,high,2.0NRT,296.09,12.67,D
43.21974,-89.80132,334.79,0.41,0.37,2025-03-13,1841,N21,nominal,2.0NRT,292.15,12.67,D
43.2208,-89.79864,367,0.41,0.37,2025-03-13,1841,N21,high,2.0NRT,296.12,7.89,D
43.22169,-89.79366,331.76,0.41,0.37,2025-03-13,1841,N21,nominal,2.0NRT,292.07,7.89,D
43.22504,-89.79476,333.14,0.41,0.37,2025-03-13,1841,N21,nominal,2.0NRT,288.92,7.89,D
43.22415,-89.79974,329.77,0.41,0.37,2025-03-13,1841,N21,nominal,2.0NRT,287.67,7.89,D
43.31508,-89.36584,336.99,0.4,0.37,2025-03-13,1841,N21,nominal,2.0NRT,289.91,3.61,D
43.19382,-90.24335,347.68,0.42,0.38,2025-03-13,1841,N21,nominal,2.0NRT,290.7,17.14,D
43.1972,-90.2445,333.52,0.42,0.38,2025-03-13,1841,N21,nominal,2.0NRT,289.3,5.62,D
43.36965,-89.94054,339.78,0.42,0.37,2025-03-13,1841,N21,nominal,2.0NRT,291.35,4.99,D
41.38067,-99.0005,367,0.38,0.58,2025-03-13,1841,N21,high,2.0NRT,307.43,19.85,D
41.37993,-99.00085,367,0.37,0.58,2025-03-13,1841,N21,high,2.0NRT,305.14,12.64,D
41.3862,-98.9989,367,0.37,0.58,2025-03-13,1841,N21,high,2.0NRT,312.29,149.47,D
41.38502,-99.00314,367,0.37,0.58,2025-03-13,1841,N21,low,2.0NRT,345.12,149.47,D
42.18843,-95.98451,340.55,0.51,0.49,2025-03-13,1841,N21,nominal,2.0NRT,298.97,15.18,D
42.18703,-95.99026,335.78,0.51,0.49,2025-03-13,1841,N21,nominal,2.0NRT,298.19,8.15,D
42.19137,-95.99209,338.42,0.51,0.49,2025-03-13,1841,N21,nominal,2.0NRT,298.19,8.15,D
43.78235,-88.16022,325.04,0.39,0.36,2025-03-13,1841,N21,nominal,2.0NRT,290.65,1.53,D
43.5575,-89.62255,327.68,0.41,0.37,2025-03-13,1841,N21,nominal,2.0NRT,292.48,4.54,D
43.56168,-89.61873,340.53,0.41,0.37,2025-03-13,1841,N21,nominal,2.0NRT,288.31,4.54,D
43.05967,-92.53472,329.21,0.51,0.41,2025-03-13,1841,N21,nominal,2.0NRT,290.73,7.84,D
43.05843,-92.54072,328.89,0.51,0.41,2025-03-13,1841,N21,nominal,2.0NRT,289.14,5.88,D
43.45606,-91.19209,329.74,0.45,0.39,2025-03-13,1841,N21,nominal,2.0NRT,292.84,8.91,D
43.45501,-91.19757,337.17,0.45,0.39,2025-03-13,1841,N21,nominal,2.0NRT,292.57,8.91,D
44.07385,-87.92295,333.96,0.38,0.36,2025-03-13,1841,N21,nominal,2.0NRT,288.7,7.79,D
41.37851,-100.4447,367,0.44,0.63,2025-03-13,1841,N21,high,2.0NRT,298.94,18.71,D
41.37708,-100.44965,334.16,0.44,0.63,2025-03-13,1841,N21,nominal,2.0NRT,298.78,18.71,D
41.38391,-100.44733,367,0.44,0.63,2025-03-13,1841,N21,high,2.0NRT,306.96,18.71,D
43.68204,-90.71436,329.1,0.43,0.38,2025-03-13,1841,N21,nominal,2.0NRT,287.84,2.89,D
43.99003,-90.70821,327.46,0.43,0.38,2025-03-13,1841,N21,nominal,2.0NRT,294.55,3.5,D
43.56738,-92.9482,335.07,0.52,0.41,2025-03-13,1841,N21,nominal,2.0NRT,289.62,5.97,D
44.46327,-89.40424,330.15,0.4,0.37,2025-03-13,1841,N21,nominal,2.0NRT,290.44,3.2,D
44.37764,-89.96069,351.02,0.41,0.37,2025-03-13,1841,N21,nominal,2.0NRT,293,9.66,D
44.38096,-89.96183,328.76,0.41,0.37,2025-03-13,1841,N21,nominal,2.0NRT,290.46,3.73,D
44.38009,-89.96682,338.58,0.41,0.37,2025-03-13,1841,N21,nominal,2.0NRT,291.42,5.74,D
44.38341,-89.96795,342.37,0.41,0.37,2025-03-13,1841,N21,nominal,2.0NRT,288.87,5.74,D
44.79517,-88.81737,342.14,0.39,0.36,2025-03-13,1841,N21,nominal,2.0NRT,276.05,12.02,D
44.14046,-92.51194,329.56,0.49,0.4,2025-03-13,1841,N21,nominal,2.0NRT,289.19,3.6,D
43.07201,-99.78025,335.38,0.37,0.58,2025-03-13,1843,N21,nominal,2.0NRT,299.65,5.47,D
45.37202,-91.58205,348.2,0.44,0.38,2025-03-13,1843,N21,nominal,2.0NRT,281.09,8.79,D
45.37543,-91.58331,336.91,0.44,0.38,2025-03-13,1843,N21,nominal,2.0NRT,280.31,8.79,D
46.7303,-92.0764,329.37,0.43,0.38,2025-03-13,1843,N21,nominal,2.0NRT,286.31,3.12,D
47.26696,-96.29408,326.15,0.39,0.44,2025-03-13,1841,N21,nominal,2.0NRT,281.27,3.34,D
47.93167,-95.35561,337.59,0.53,0.42,2025-03-13,1841,N21,nominal,2.0NRT,277.98,7.66,D
48.22054,-94.67266,325.94,0.49,0.4,2025-03-13,1841,N21,nominal,2.0NRT,280.7,3.43,D
48.74807,-100.07643,351.16,0.52,0.5,2025-03-13,1841,N21,nominal,2.0NRT,286.08,40.22,D
48.74895,-100.07822,343.61,0.52,0.5,2025-03-13,1841,N21,nominal,2.0NRT,286.25,32.89,D
40.02847,-96.28513,346.49,0.56,0.69,2025-03-13,2019,N21,nominal,2.0NRT,299.1,9.64,D
40.34618,-93.90954,329.38,0.76,0.77,2025-03-13,2019,N21,nominal,2.0NRT,295.24,8.23,D
40.49583,-95.72742,340.69,0.61,0.71,2025-03-13,2019,N21,nominal,2.0NRT,278.71,18.38,D
40.50236,-95.72765,350.14,0.61,0.71,2025-03-13,2019,N21,nominal,2.0NRT,277.76,18.38,D
40.5025,-95.72044,355.71,0.61,0.71,2025-03-13,2019,N21,low,2.0NRT,281.19,45.18,D
40.49533,-95.72832,335.07,0.61,0.71,2025-03-13,2019,N21,nominal,2.0NRT,278.41,17.67,D
40.50187,-95.72858,336.8,0.61,0.71,2025-03-13,2019,N21,nominal,2.0NRT,276.81,17.67,D
40.50197,-95.72135,355.87,0.61,0.71,2025-03-13,2019,N21,low,2.0NRT,282.06,17.67,D
40.63583,-93.57281,342.55,0.8,0.78,2025-03-13,2019,N21,nominal,2.0NRT,295.44,11.92,D
40.11773,-104.39171,341.08,0.42,0.45,2025-03-13,2019,N21,nominal,2.0NRT,309.55,6.77,D
40.63787,-93.57581,335.43,0.8,0.78,2025-03-13,2019,N21,nominal,2.0NRT,295.07,9.27,D
40.68688,-94.32433,367,0.73,0.76,2025-03-13,2019,N21,high,2.0NRT,290.22,30.21,D
40.68684,-94.33257,352.37,0.72,0.76,2025-03-13,2019,N21,nominal,2.0NRT,289.68,28.18,D
40.16986,-104.66447,340.57,0.4,0.45,2025-03-13,2019,N21,nominal,2.0NRT,304.42,4.18,D
40.21223,-104.95818,340.2,0.39,0.44,2025-03-13,2021,N21,nominal,2.0NRT,304.14,3.16,D
40.22293,-104.97393,335.29,0.39,0.44,2025-03-13,2021,N21,nominal,2.0NRT,302.15,2.23,D
41.27925,-94.07018,346.88,0.75,0.77,2025-03-13,2021,N21,nominal,2.0NRT,295.71,9.65,D
41.42501,-93.90342,352.28,0.77,0.77,2025-03-13,2021,N21,nominal,2.0NRT,296.02,16.1,D
41.43214,-93.90369,367,0.77,0.77,2025-03-13,2021,N21,high,2.0NRT,297.94,45.16,D
41.42129,-93.90138,335.66,0.77,0.77,2025-03-13,2021,N21,nominal,2.0NRT,294.86,12.39,D
41.42841,-93.90143,367,0.77,0.77,2025-03-13,2021,N21,high,2.0NRT,295.35,12.39,D
41.43554,-93.90207,367,0.77,0.77,2025-03-13,2021,N21,high,2.0NRT,296.02,28.14,D
41.43559,-93.91115,334.7,0.77,0.77,2025-03-13,2021,N21,nominal,2.0NRT,294.18,21.03,D
41.39244,-98.99531,367,0.41,0.61,2025-03-13,2021,N21,high,2.0NRT,300.67,12.94,D
42.18048,-95.9853,367,0.6,0.71,2025-03-13,2021,N21,high,2.0NRT,302.24,10.3,D
42.18698,-95.98587,330.08,0.6,0.71,2025-03-13,2021,N21,nominal,2.0NRT,299.22,10.3,D
42.18045,-95.98685,352.74,0.6,0.71,2025-03-13,2021,N21,nominal,2.0NRT,301.43,7.23,D
42.18695,-95.98743,328.07,0.6,0.71,2025-03-13,2021,N21,low,2.0NRT,299.04,7.23,D
43.02433,-99.92409,338.64,0.38,0.59,2025-03-13,2021,N21,nominal,2.0NRT,297.21,3.63,D
43.07428,-99.77747,367,0.39,0.59,2025-03-13,2021,N21,high,2.0NRT,317.6,166.61,D
43.07407,-99.78223,301.19,0.39,0.59,2025-03-13,2021,N21,low,2.0NRT,309.58,157.14,D
43.0797,-99.77815,367,0.39,0.59,2025-03-13,2021,N21,high,2.0NRT,309.5,166.61,D
43.07949,-99.78294,207.38,0.39,0.59,2025-03-13,2021,N21,low,2.0NRT,323.39,157.14,D
43.08513,-99.77871,367,0.39,0.59,2025-03-13,2021,N21,high,2.0NRT,291.35,10.3,D
43.08492,-99.78345,338.59,0.39,0.59,2025-03-13,2021,N21,nominal,2.0NRT,290.98,8.43,D
43.82448,-117.05723,327.4,0.46,0.39,2025-03-13,2021,N21,nominal,2.0NRT,274.02,2.97,D
45.09724,-109.0117,332.78,0.45,0.39,2025-03-13,2021,N21,nominal,2.0NRT,297.45,4.18,D
47.96661,-95.40555,346.15,0.67,0.74,2025-03-13,2021,N21,nominal,2.0NRT,268.81,24.87,D
47.9682,-95.40987,327.51,0.67,0.74,2025-03-13,2021,N21,nominal,2.0NRT,266.64,11.8,D
45.56963,-121.17191,330.6,0.41,0.45,2025-03-13,2023,N21,nominal,2.0NRT,285.03,3.43,D
46.04425,-73.13979,299.67,0.39,0.36,2025-03-14,0657,N21,nominal,2.0NRT,272.03,1.55,N
46.0418,-73.14577,299.08,0.39,0.36,2025-03-14,0657,N21,nominal,2.0NRT,270.68,1.22,N
45.83593,-73.25401,302.28,0.39,0.36,2025-03-14,0657,N21,nominal,2.0NRT,268.47,1.9,N
45.83514,-73.24914,319.15,0.39,0.36,2025-03-14,0657,N21,nominal,2.0NRT,269.74,2.46,N
45.82046,-73.26424,303.18,0.39,0.36,2025-03-14,0657,N21,nominal,2.0NRT,271.51,0.9,N
45.11165,-73.01017,300.1,0.39,0.36,2025-03-14,0657,N21,nominal,2.0NRT,271.06,1.04,N
43.7098,-72.34779,298.78,0.4,0.37,2025-03-14,0657,N21,nominal,2.0NRT,268.61,0.73,N
45.0723,-83.40584,301.14,0.5,0.49,2025-03-14,0657,N21,nominal,2.0NRT,269.05,1.58,N
43.37765,-70.76144,301.52,0.45,0.39,2025-03-14,0657,N21,nominal,2.0NRT,267.02,1.09,N
43.8564,-78.91048,302.24,0.46,0.39,2025-03-14,0659,N21,nominal,2.0NRT,272.14,1.14,N
42.70705,-73.8486,295.96,0.39,0.36,2025-03-14,0659,N21,nominal,2.0NRT,271.37,0.61,N
43.27505,-79.79489,305.45,0.49,0.4,2025-03-14,0659,N21,nominal,2.0NRT,272.25,3.02,N
43.29162,-79.98321,298.89,0.5,0.41,2025-03-14,0659,N21,nominal,2.0NRT,270.39,0.88,N
43.27304,-79.79575,313.12,0.49,0.4,2025-03-14,0659,N21,nominal,2.0NRT,272.39,1.96,N
43.29045,-79.98375,297.06,0.5,0.41,2025-03-14,0659,N21,nominal,2.0NRT,270.56,1.35,N
43.26702,-79.80929,305.53,0.49,0.4,2025-03-14,0659,N21,nominal,2.0NRT,271.07,2.04,N
43.26634,-79.80326,298.6,0.49,0.4,2025-03-14,0659,N21,nominal,2.0NRT,270.62,2.04,N
43.26333,-79.81005,318.48,0.49,0.4,2025-03-14,0659,N21,nominal,2.0NRT,271.62,2.04,N
43.25963,-79.81081,300.24,0.49,0.4,2025-03-14,0659,N21,nominal,2.0NRT,269.62,1.71,N
43.06977,-80.85477,296.39,0.54,0.42,2025-03-14,0659,N21,nominal,2.0NRT,270.32,1.62,N
42.81096,-80.09816,297.54,0.5,0.41,2025-03-14,0659,N21,nominal,2.0NRT,271.02,0.88,N
42.81029,-80.09209,311.15,0.5,0.41,2025-03-14,0659,N21,nominal,2.0NRT,272.91,2.46,N
42.80657,-80.09285,296.84,0.5,0.41,2025-03-14,0659,N21,nominal,2.0NRT,272.44,1.29,N
42.80046,-80.10653,312.65,0.5,0.41,2025-03-14,0659,N21,nominal,2.0NRT,273.19,1.93,N
42.7998,-80.10044,297.8,0.5,0.41,2025-03-14,0659,N21,nominal,2.0NRT,274.61,1.93,N
42.96617,-81.87106,304.16,0.4,0.44,2025-03-14,0659,N21,nominal,2.0NRT,267.91,0.76,N
42.94184,-82.41499,296.86,0.42,0.45,2025-03-14,0659,N21,nominal,2.0NRT,273.12,1.28,N
42.58505,-82.53692,301.82,0.43,0.46,2025-03-14,0659,N21,nominal,2.0NRT,269.38,1.59,N
41.73806,-75.61049,296.98,0.38,0.36,2025-03-14,0659,N21,nominal,2.0NRT,270.4,0.47,N
42.58425,-82.53932,302.37,0.43,0.46,2025-03-14,0659,N21,nominal,2.0NRT,269.54,1.31,N
42.5759,-82.54066,312.41,0.43,0.46,2025-03-14,0659,N21,nominal,2.0NRT,268.76,2.76,N
42.53646,-82.52608,308.4,0.42,0.46,2025-03-14,0659,N21,nominal,2.0NRT,269.16,2.47,N
42.31113,-82.04925,306.14,0.4,0.44,2025-03-14,0659,N21,nominal,2.0NRT,269.46,0.82,N
42.0126,-80.13311,295.18,0.49,0.4,2025-03-14,0659,N21,nominal,2.0NRT,268.46,0.72,N
42.29722,-83.15697,336.28,0.45,0.47,2025-03-14,0659,N21,nominal,2.0NRT,273.72,6.38,N
42.29675,-83.1515,309.98,0.45,0.47,2025-03-14,0659,N21,nominal,2.0NRT,270.2,6.38,N
42.2934,-83.1631,309.02,0.45,0.47,2025-03-14,0659,N21,nominal,2.0NRT,271,2.2,N
42.2891,-83.16376,297.82,0.45,0.47,2025-03-14,0659,N21,nominal,2.0NRT,270.67,0.97,N
42.2772,-83.12677,299.59,0.45,0.47,2025-03-14,0659,N21,nominal,2.0NRT,271.37,0.89,N
41.74884,-81.28298,296.76,0.55,0.42,2025-03-14,0659,N21,nominal,2.0NRT,273.6,1.33,N
41.46198,-81.67363,326.77,0.56,0.43,2025-03-14,0659,N21,nominal,2.0NRT,277.1,7.33,N
41.45803,-81.6743,311.62,0.56,0.43,2025-03-14,0659,N21,nominal,2.0NRT,274.04,2.53,N
41.45014,-81.67567,307.72,0.56,0.43,2025-03-14,0659,N21,nominal,2.0NRT,274.6,2.06,N
40.89183,-77.71097,331.65,0.4,0.37,2025-03-14,0659,N21,nominal,2.0NRT,278.52,4,N
41.56615,-84.0452,307.76,0.49,0.49,2025-03-14,0659,N21,nominal,2.0NRT,276.25,3.32,N
41.21683,-80.51093,302.04,0.5,0.41,2025-03-14,0659,N21,nominal,2.0NRT,273.28,1.43,N
41.46943,-83.36739,319.95,0.45,0.47,2025-03-14,0659,N21,nominal,2.0NRT,275.97,3.33,N
41.46082,-83.36863,297.42,0.45,0.47,2025-03-14,0659,N21,nominal,2.0NRT,274.47,1.03,N
41.68513,-87.42541,326.79,0.37,0.58,2025-03-14,0659,N21,nominal,2.0NRT,270.71,3.08,N
41.64437,-87.14182,301.09,0.36,0.57,2025-03-14,0659,N21,nominal,2.0NRT,268.49,1.68,N
41.1327,-80.69242,301.74,0.51,0.41,2025-03-14,0659,N21,nominal,2.0NRT,273.95,1.04,N
41.63866,-87.13351,331.96,0.36,0.57,2025-03-14,0659,N21,nominal,2.0NRT,271.46,4.31,N
41.6391,-87.14222,299.76,0.36,0.57,2025-03-14,0659,N21,nominal,2.0NRT,270.39,1.68,N
41.63887,-87.13785,302.65,0.36,0.57,2025-03-14,0659,N21,nominal,2.0NRT,271.25,1.68,N
41.1283,-80.68713,295.03,0.51,0.41,2025-03-14,0659,N21,nominal,2.0NRT,274.31,1.05,N
41.65665,-87.62349,300.19,0.38,0.59,2025-03-14,0659,N21,nominal,2.0NRT,276.93,0.72,N
41.63382,-87.14267,301.23,0.36,0.57,2025-03-14,0659,N21,nominal,2.0NRT,271.96,1.2,N
41.6336,-87.13831,308.05,0.36,0.57,2025-03-14,0659,N21,nominal,2.0NRT,270.71,1.2,N
41.64125,-87.40681,301.83,0.37,0.58,2025-03-14,0659,N21,nominal,2.0NRT,270.6,1.33,N
41.62854,-87.14314,312.38,0.36,0.57,2025-03-14,0659,N21,nominal,2.0NRT,269.7,1.2,N
41.63916,-87.13328,334.61,0.36,0.57,2025-03-14,0659,N21,nominal,2.0NRT,272.28,4.04,N
41.63965,-87.14197,308.45,0.36,0.57,2025-03-14,0659,N21,nominal,2.0NRT,270.46,2.11,N
41.6394,-87.1376,299.34,0.36,0.57,2025-03-14,0659,N21,nominal,2.0NRT,272.01,2.11,N
41.65998,-87.62252,300.55,0.38,0.59,2025-03-14,0659,N21,nominal,2.0NRT,277.32,0.69,N
41.63437,-87.14238,305.58,0.36,0.57,2025-03-14,0659,N21,nominal,2.0NRT,272.51,1.34,N
41.63413,-87.13804,310.65,0.36,0.57,2025-03-14,0659,N21,nominal,2.0NRT,270.75,1.34,N
41.62909,-87.14285,312.35,0.36,0.57,2025-03-14,0659,N21,nominal,2.0NRT,269.11,1.34,N
41.63796,-87.40654,300.12,0.37,0.58,2025-03-14,0659,N21,nominal,2.0NRT,271.47,1.15,N
41.61799,-87.33236,295.8,0.37,0.58,2025-03-14,0659,N21,nominal,2.0NRT,270.67,2.06,N
41.61776,-87.32795,312.12,0.37,0.58,2025-03-14,0659,N21,nominal,2.0NRT,270.36,1.9,N
41.61335,-87.34613,300.77,0.37,0.58,2025-03-14,0659,N21,nominal,2.0NRT,271.57,1.21,N
41.36889,-84.91944,296.19,0.54,0.51,2025-03-14,0659,N21,nominal,2.0NRT,276.23,2.29,N
41.36422,-84.92004,321.7,0.54,0.51,2025-03-14,0659,N21,nominal,2.0NRT,274.9,4.48,N
41.22405,-83.20804,314.2,0.44,0.46,2025-03-14,0659,N21,nominal,2.0NRT,276.54,2.37,N
40.2298,-76.8391,301.87,0.39,0.36,2025-03-14,0659,N21,nominal,2.0NRT,277.45,0.93,N
40.6667,-80.34672,327.11,0.48,0.4,2025-03-14,0659,N21,nominal,2.0NRT,283.04,13.3,N
41.12073,-85.35408,317.83,0.57,0.52,2025-03-14,0659,N21,nominal,2.0NRT,269.33,3.09,N
40.66605,-80.34095,296.98,0.48,0.4,2025-03-14,0659,N21,nominal,2.0NRT,277.12,5.69,N
41.17942,-87.85767,295.3,0.39,0.59,2025-03-14,0659,N21,nominal,2.0NRT,264.74,0.34,N
40.39328,-79.85324,334.01,0.46,0.39,2025-03-14,0659,N21,nominal,2.0NRT,281.77,9.68,N
40.39392,-79.85867,318.28,0.46,0.39,2025-03-14,0659,N21,nominal,2.0NRT,279.71,4.59,N
40.19213,-78.92947,299.37,0.43,0.38,2025-03-14,0659,N21,nominal,2.0NRT,274.35,1.13,N
40.30668,-79.87929,296.06,0.46,0.39,2025-03-14,0659,N21,nominal,2.0NRT,277.48,1.57,N
41.07489,-90.96223,297.09,0.57,0.69,2025-03-14,0659,N21,nominal,2.0NRT,282.71,0.84,N
40.3031,-79.88004,302.15,0.46,0.39,2025-03-14,0659,N21,nominal,2.0NRT,277.42,1.57,N
40.31331,-80.60286,301.97,0.49,0.4,2025-03-14,0659,N21,nominal,2.0NRT,279.06,1.98,N
40.31028,-80.60939,331.16,0.49,0.4,2025-03-14,0659,N21,nominal,2.0NRT,279.21,5.31,N
40.57132,-83.1357,308.04,0.43,0.46,2025-03-14,0659,N21,nominal,2.0NRT,278.72,2.35,N
40.20888,-81.42429,302.45,0.53,0.42,2025-03-14,0659,N21,nominal,2.0NRT,278.77,0.94,N
47.96481,-95.44649,325.12,0.41,0.37,2025-03-14,0837,N21,nominal,2.0NRT,250.72,3.93,N
47.96382,-95.44113,333.3,0.41,0.37,2025-03-14,0837,N21,nominal,2.0NRT,253.15,6.24,N
47.95718,-95.44383,323.29,0.41,0.37,2025-03-14,0837,N21,nominal,2.0NRT,252.68,3.48,N
48.06513,-103.01933,298.44,0.46,0.39,2025-03-14,0837,N21,nominal,2.0NRT,267.41,0.72,N
46.0064,-93.9581,300.13,0.48,0.4,2025-03-14,0837,N21,nominal,2.0NRT,277.13,1.02,N
42.57797,-82.54045,300.3,0.65,0.73,2025-03-14,0837,N21,nominal,2.0NRT,264.8,2.1,N
42.57826,-82.53638,295.29,0.65,0.73,2025-03-14,0837,N21,nominal,2.0NRT,264.69,1.2,N
44.54208,-90.18046,322.72,0.5,0.49,2025-03-14,0837,N21,nominal,2.0NRT,272.41,3.01,N
45.7104,-97.06313,325.83,0.4,0.37,2025-03-14,0837,N21,nominal,2.0NRT,280.63,5.24,N
43.70229,-88.38413,295.71,0.32,0.54,2025-03-14,0837,N21,nominal,2.0NRT,274.83,1.03,N
41.45317,-81.67535,306.8,0.78,0.78,2025-03-14,0837,N21,nominal,2.0NRT,274.73,3.93,N
41.64262,-87.13893,346.78,0.42,0.61,2025-03-14,0837,N21,nominal,2.0NRT,277.94,4.8,N
41.64128,-87.13427,323.46,0.42,0.61,2025-03-14,0837,N21,nominal,2.0NRT,278.12,4.8,N
41.63994,-87.12958,302.05,0.42,0.61,2025-03-14,0837,N21,nominal,2.0NRT,275.37,2.62,N
41.63739,-87.14174,307.77,0.42,0.61,2025-03-14,0837,N21,nominal,2.0NRT,276.37,1.78,N
41.63605,-87.13707,313.54,0.42,0.61,2025-03-14,0837,N21,nominal,2.0NRT,277.02,1.78,N
41.6347,-87.13237,295.02,0.42,0.61,2025-03-14,0837,N21,nominal,2.0NRT,276.03,2.28,N
41.63079,-87.13978,297.86,0.42,0.61,2025-03-14,0837,N21,nominal,2.0NRT,275.01,1.78,N
41.62553,-87.14249,318.62,0.42,0.61,2025-03-14,0837,N21,nominal,2.0NRT,274.45,2.19,N
41.68283,-87.42627,322.88,0.4,0.6,2025-03-14,0837,N21,nominal,2.0NRT,281.73,4.06,N
41.68155,-87.42174,304.42,0.4,0.6,2025-03-14,0837,N21,nominal,2.0NRT,282.01,4.06,N
41.68024,-87.41719,311.38,0.41,0.6,2025-03-14,0837,N21,nominal,2.0NRT,282.82,1.98,N
41.67895,-87.43346,300.75,0.4,0.6,2025-03-14,0837,N21,nominal,2.0NRT,279.67,2.43,N
41.67506,-87.41988,303.2,0.41,0.6,2025-03-14,0837,N21,nominal,2.0NRT,281.42,1.98,N
41.68179,-87.42702,319.66,0.4,0.6,2025-03-14,0837,N21,nominal,2.0NRT,281.34,2.9,N
41.68051,-87.42247,304.45,0.41,0.6,2025-03-14,0837,N21,nominal,2.0NRT,281.66,2.89,N
41.67924,-87.41791,318.41,0.41,0.6,2025-03-14,0837,N21,nominal,2.0NRT,285.36,2.89,N
41.67786,-87.43422,298.72,0.4,0.6,2025-03-14,0837,N21,nominal,2.0NRT,279.33,3.04,N
41.66887,-87.42326,317.1,0.41,0.6,2025-03-14,0837,N21,nominal,2.0NRT,280.4,2.54,N
41.61839,-87.3284,327.01,0.41,0.61,2025-03-14,0837,N21,nominal,2.0NRT,280.1,4.23,N
41.66091,-87.47945,295.86,0.4,0.6,2025-03-14,0837,N21,nominal,2.0NRT,282.08,2,N
41.64038,-87.40644,318.44,0.41,0.6,2025-03-14,0837,N21,nominal,2.0NRT,280.16,3.23,N
41.61969,-87.33302,311.57,0.41,0.61,2025-03-14,0837,N21,nominal,2.0NRT,281.51,4.47,N
41.62746,-87.38168,298.49,0.41,0.6,2025-03-14,0837,N21,nominal,2.0NRT,278.78,0.71,N
41.61317,-87.33109,301.5,0.41,0.61,2025-03-14,0837,N21,nominal,2.0NRT,275.64,1.52,N
41.61186,-87.32646,308.99,0.41,0.61,2025-03-14,0837,N21,nominal,2.0NRT,272.34,1.52,N
41.64493,-88.05423,298.74,0.38,0.59,2025-03-14,0837,N21,nominal,2.0NRT,285.4,1.46,N
41.41377,-88.18622,295.58,0.38,0.59,2025-03-14,0837,N21,nominal,2.0NRT,284.3,0.88,N
41.41261,-88.18197,296.07,0.38,0.59,2025-03-14,0837,N21,nominal,2.0NRT,284.88,0.88,N
41.18001,-87.85609,317.8,0.4,0.6,2025-03-14,0837,N21,nominal,2.0NRT,281.68,2.27,N
44.11479,-103.28358,303.45,0.43,0.38,2025-03-14,0837,N21,nominal,2.0NRT,275.34,1.48,N
42.08333,-97.36076,314.67,0.43,0.38,2025-03-14,0837,N21,nominal,2.0NRT,280.15,2.79,N
42.07901,-97.35687,298.87,0.43,0.38,2025-03-14,0837,N21,nominal,2.0NRT,280.4,0.69,N
40.1292,-90.04021,314.58,0.33,0.55,2025-03-14,0837,N21,nominal,2.0NRT,283.37,1.26,N
40.12438,-90.04237,306.59,0.33,0.55,2025-03-14,0837,N21,nominal,2.0NRT,282.68,1.26,N
40.12966,-90.04146,306.42,0.33,0.55,2025-03-14,0837,N21,nominal,2.0NRT,283.04,1.24,N
40.12484,-90.04363,295.61,0.33,0.55,2025-03-14,0837,N21,nominal,2.0NRT,281.86,0.68,N
40.12389,-90.03995,305.01,0.33,0.55,2025-03-14,0837,N21,nominal,2.0NRT,282.79,0.68,N
40.10962,-89.9844,296.79,0.33,0.56,2025-03-14,0837,N21,nominal,2.0NRT,283.5,0.48,N
40.58336,-93.19328,300.51,0.45,0.47,2025-03-14,0837,N21,nominal,2.0NRT,281.38,1.24,N
41.00603,-96.15562,307.73,0.49,0.4,2025-03-14,0839,N21,nominal,2.0NRT,284.53,1.5,N
40.08252,-92.76679,305.19,0.48,0.48,2025-03-14,0839,N21,nominal,2.0NRT,276.09,1.2,N
40.73323,-96.09566,299.45,0.49,0.41,2025-03-14,0839,N21,nominal,2.0NRT,281.21,1.14,N
40.35942,-94.51788,296.63,0.39,0.44,2025-03-14,0839,N21,nominal,2.0NRT,281.98,0.52,N
40.09192,-95.11828,302.93,0.56,0.43,2025-03-14,0839,N21,nominal,2.0NRT,281.28,2.29,N
40.09538,-95.11691,307.82,0.56,0.43,2025-03-14,0839,N21,nominal,2.0NRT,281.21,1.44,N
53.11387,-117.30029,326.88,0.43,0.38,2025-03-14,1015,N21,nominal,2.0NRT,252.37,4.58,N
54.30318,-130.26598,303.49,0.42,0.46,2025-03-14,1017,N21,nominal,2.0NRT,270.6,0.67,N
47.92569,-103.27477,296.1,0.68,0.74,2025-03-14,1017,N21,nominal,2.0NRT,270.92,0.83,N
47.81622,-103.29411,295.95,0.69,0.74,2025-03-14,1017,N21,nominal,2.0NRT,270.88,1.48,N
47.78858,-104.54571,298.14,0.61,0.71,2025-03-14,1017,N21,nominal,2.0NRT,273.07,0.15,N
50.28723,-118.87576,300.54,0.43,0.38,2025-03-14,1017,N21,nominal,2.0NRT,268.92,1.4,N
48.64648,-118.86013,295.15,0.45,0.39,2025-03-14,1017,N21,nominal,2.0NRT,264.1,0.71,N
49.1581,-123.00831,296.06,0.38,0.36,2025-03-14,1017,N21,nominal,2.0NRT,272.57,0.58,N
47.56593,-122.34113,301.14,0.39,0.36,2025-03-14,1017,N21,nominal,2.0NRT,271.45,0.71,N
47.47062,-122.05083,303.51,0.4,0.37,2025-03-14,1017,N21,nominal,2.0NRT,265.88,1.04,N
46.05109,-122.04324,300.09,0.41,0.37,2025-03-14,1019,N21,nominal,2.0NRT,271.2,1.11,N
45.76205,-121.36133,296.37,0.42,0.38,2025-03-14,1019,N21,nominal,2.0NRT,262.15,0.43,N
45.22939,-123.16673,319.11,0.39,0.36,2025-03-14,1019,N21,nominal,2.0NRT,268.44,2.12,N
43.80244,-65.87054,352.92,0.46,0.47,2025-03-14,1639,N21,nominal,2.0NRT,291.81,12.84,D
43.8079,-65.86688,336.58,0.46,0.47,2025-03-14,1639,N21,nominal,2.0NRT,287.65,12.84,D
43.8066,-65.87235,335.7,0.46,0.47,2025-03-14,1639,N21,nominal,2.0NRT,285.82,12.84,D
44.0204,-70.43291,332.5,0.37,0.58,2025-03-14,1639,N21,nominal,2.0NRT,280.33,2.58,D
44.83469,-75.09686,336.51,0.58,0.7,2025-03-14,1641,N21,nominal,2.0NRT,271.86,5.46,D
40.15291,-74.57614,339.82,0.4,0.44,2025-03-14,1819,N21,nominal,2.0NRT,296.31,17.73,D
40.15245,-74.58083,336.7,0.4,0.44,2025-03-14,1819,N21,nominal,2.0NRT,293.09,9.89,D
40.15262,-74.57913,339.39,0.4,0.44,2025-03-14,1819,N21,nominal,2.0NRT,298.07,18.24,D
40.03159,-77.73742,333.69,0.44,0.39,2025-03-14,1819,N21,nominal,2.0NRT,287.71,17.56,D
40.03096,-77.74268,335.85,0.44,0.39,2025-03-14,1819,N21,nominal,2.0NRT,296.58,36.5,D
40.03509,-77.73827,337.8,0.44,0.39,2025-03-14,1819,N21,nominal,2.0NRT,286.15,6.35,D
40.39454,-79.85619,348.34,0.39,0.37,2025-03-14,1819,N21,nominal,2.0NRT,307.77,14.3,D
40.31039,-80.60871,345.62,0.39,0.36,2025-03-14,1819,N21,nominal,2.0NRT,301.78,6.56,D
40.89271,-77.70997,330.87,0.45,0.39,2025-03-14,1819,N21,nominal,2.0NRT,291.19,2.86,D
40.21544,-83.864,327.39,0.41,0.37,2025-03-14,1819,N21,nominal,2.0NRT,294.53,1.26,D
40.65933,-81.6654,336.05,0.38,0.36,2025-03-14,1819,N21,nominal,2.0NRT,298.02,3.58,D
40.45647,-82.98988,328.07,0.4,0.37,2025-03-14,1819,N21,nominal,2.0NRT,297.94,2.01,D
42.03703,-72.74552,338.3,0.52,0.5,2025-03-14,1819,N21,nominal,2.0NRT,293.82,8.91,D
42.04251,-72.73357,326.78,0.52,0.5,2025-03-14,1819,N21,nominal,2.0NRT,291.99,3.06,D
42.04206,-72.73988,339.85,0.52,0.5,2025-03-14,1819,N21,nominal,2.0NRT,295.68,14.31,D
42.0416,-72.74613,339.14,0.52,0.5,2025-03-14,1819,N21,nominal,2.0NRT,295.76,14.31,D
40.49301,-85.23824,337.67,0.45,0.39,2025-03-14,1819,N21,nominal,2.0NRT,293.95,4.66,D
40.33077,-86.16473,335.4,0.49,0.4,2025-03-14,1819,N21,nominal,2.0NRT,300.54,29.32,D
40.33437,-86.16594,343.87,0.49,0.4,2025-03-14,1819,N21,nominal,2.0NRT,296.92,11.81,D
41.86133,-77.21529,325.26,0.48,0.4,2025-03-14,1819,N21,nominal,2.0NRT,283.7,7.1,D
41.86499,-77.21601,341.33,0.48,0.4,2025-03-14,1819,N21,nominal,2.0NRT,284.97,7.1,D
41.98217,-76.23805,347.67,0.53,0.42,2025-03-14,1819,N21,nominal,2.0NRT,291.1,11.98,D
41.18365,-82.6982,341.57,0.39,0.36,2025-03-14,1821,N21,nominal,2.0NRT,297.66,3.13,D
41.15684,-83.39919,335.62,0.4,0.37,2025-03-14,1821,N21,nominal,2.0NRT,298.88,2.41,D
41.45118,-81.67734,342.21,0.38,0.36,2025-03-14,1821,N21,nominal,2.0NRT,301.86,5.24,D
41.46235,-81.67091,331.86,0.38,0.36,2025-03-14,1821,N21,nominal,2.0NRT,300.63,3.36,D
41.22629,-83.20818,331.34,0.39,0.37,2025-03-14,1821,N21,nominal,2.0NRT,297.33,2.84,D
41.46098,-83.3665,326.22,0.4,0.37,2025-03-14,1821,N21,nominal,2.0NRT,295.67,1.66,D
41.12012,-85.35172,328.09,0.45,0.39,2025-03-14,1821,N21,nominal,2.0NRT,289.07,3.89,D
41.2271,-86.17699,331.16,0.47,0.4,2025-03-14,1821,N21,nominal,2.0NRT,297.73,3.28,D
41.4046,-85.44664,339.41,0.44,0.39,2025-03-14,1821,N21,nominal,2.0NRT,298.43,9.03,D
41.50979,-85.41727,343.57,0.44,0.39,2025-03-14,1821,N21,nominal,2.0NRT,298.21,12.6,D
41.51324,-85.4184,330.73,0.44,0.39,2025-03-14,1821,N21,nominal,2.0NRT,294.99,3.77,D
42.72394,-78.44099,330.35,0.44,0.39,2025-03-14,1821,N21,nominal,2.0NRT,294.16,2.73,D
41.179,-87.85735,332.12,0.56,0.43,2025-03-14,1821,N21,nominal,2.0NRT,298.4,4.3,D
41.57615,-85.90607,326.9,0.46,0.39,2025-03-14,1821,N21,nominal,2.0NRT,292.89,2.78,D
42.91842,-76.87444,343.17,0.51,0.41,2025-03-14,1821,N21,nominal,2.0NRT,282.53,11.54,D
41.41343,-86.96959,331.46,0.51,0.41,2025-03-14,1821,N21,nominal,2.0NRT,296.46,5.19,D
42.26359,-83.07946,327.44,0.39,0.36,2025-03-14,1821,N21,nominal,2.0NRT,285.62,1.74,D
41.93209,-85.44668,328.08,0.44,0.38,2025-03-14,1821,N21,nominal,2.0NRT,289.38,2.29,D
43.80786,-65.86718,330.65,0.61,0.71,2025-03-14,1821,N21,nominal,2.0NRT,282.94,6.37,D
41.63749,-87.1348,339.38,0.51,0.41,2025-03-14,1821,N21,nominal,2.0NRT,301.16,9.11,D
41.63629,-87.14073,334.15,0.51,0.41,2025-03-14,1821,N21,nominal,2.0NRT,302.8,9.11,D
41.6146,-87.32528,329.73,0.52,0.41,2025-03-14,1821,N21,nominal,2.0NRT,296.6,4.94,D
41.61706,-87.33263,329.34,0.52,0.41,2025-03-14,1821,N21,nominal,2.0NRT,297.95,3.78,D
41.47642,-89.43377,340.78,0.43,0.46,2025-03-14,1821,N21,nominal,2.0NRT,298.22,3.64,D
41.48175,-92.1927,335.46,0.59,0.53,2025-03-14,1821,N21,nominal,2.0NRT,297.26,8.5,D
41.40516,-93.44316,334.03,0.34,0.56,2025-03-14,1821,N21,nominal,2.0NRT,292.66,2.71,D
43.60551,-83.71118,328.63,0.39,0.36,2025-03-14,1821,N21,nominal,2.0NRT,283.06,4.07,D
43.60473,-83.71593,325.17,0.39,0.36,2025-03-14,1821,N21,nominal,2.0NRT,284.91,8.04,D
43.60971,-83.72744,341.2,0.39,0.36,2025-03-14,1821,N21,nominal,2.0NRT,284.65,11.04,D
43.63565,-83.61102,332,0.39,0.36,2025-03-14,1821,N21,nominal,2.0NRT,279.17,4.88,D
43.63892,-83.61204,331.14,0.39,0.36,2025-03-14,1821,N21,nominal,2.0NRT,278.42,4.88,D
41.65553,-93.2705,331.36,0.33,0.55,2025-03-14,1821,N21,nominal,2.0NRT,295.22,2.43,D
44.83604,-75.09428,329.92,0.43,0.46,2025-03-14,1821,N21,nominal,2.0NRT,270.88,6.01,D
45.41423,-64.43554,328.41,0.73,0.76,2025-03-14,1821,N21,nominal,2.0NRT,279.01,5.98,D
45.41239,-64.43472,325.95,0.73,0.76,2025-03-14,1821,N21,nominal,2.0NRT,278.39,4.56,D
43.32582,-88.0727,326.59,0.52,0.41,2025-03-14,1821,N21,nominal,2.0NRT,293.56,3.08,D
42.95165,-89.84579,328.32,0.42,0.45,2025-03-14,1821,N21,nominal,2.0NRT,295.45,2.16,D
44.13919,-92.51153,334.29,0.52,0.5,2025-03-14,1821,N21,nominal,2.0NRT,287.74,5.79,D
42.57751,-98.12731,339.46,0.53,0.67,2025-03-14,1821,N21,nominal,2.0NRT,294.38,5.86,D
47.80878,-95.74562,327.73,0.58,0.52,2025-03-14,1824,N21,nominal,2.0NRT,294.38,4.89,D
47.92155,-95.38008,344.57,0.55,0.51,2025-03-14,1824,N21,nominal,2.0NRT,289.46,12.82,D
47.91972,-95.387,331.7,0.55,0.51,2025-03-14,1824,N21,nominal,2.0NRT,289.33,6.27,D
47.93865,-95.33438,337.46,0.55,0.51,2025-03-14,1824,N21,nominal,2.0NRT,289.82,11.21,D
47.92413,-95.3895,326.72,0.55,0.51,2025-03-14,1824,N21,nominal,2.0NRT,289.38,2.93,D
47.94304,-95.33691,337.49,0.55,0.51,2025-03-14,1824,N21,nominal,2.0NRT,288.47,11.21,D
47.94329,-95.43233,352.31,0.55,0.51,2025-03-14,1824,N21,nominal,2.0NRT,293.45,28.84,D
47.94147,-95.43926,343.43,0.55,0.51,2025-03-14,1824,N21,nominal,2.0NRT,294.42,28.84,D
47.96171,-95.45888,337.97,0.55,0.51,2025-03-14,1824,N21,nominal,2.0NRT,291.61,58.65,D
47.9643,-95.46838,326.58,0.56,0.51,2025-03-14,1824,N21,nominal,2.0NRT,290.2,17.73,D
47.96872,-95.47091,338.9,0.56,0.51,2025-03-14,1824,N21,nominal,2.0NRT,294.84,17.73,D
47.9669,-95.47787,331.32,0.56,0.51,2025-03-14,1824,N21,nominal,2.0NRT,291.05,20.55,D
47.97131,-95.48042,327.26,0.56,0.51,2025-03-14,1824,N21,nominal,2.0NRT,290.27,9.92,D
47.96949,-95.48738,337.74,0.56,0.51,2025-03-14,1824,N21,nominal,2.0NRT,291.98,9.92,D
47.96663,-95.47156,349.24,0.55,0.51,2025-03-14,1824,N21,nominal,2.0NRT,297.41,27.13,D
47.9692,-95.48103,340.71,0.56,0.51,2025-03-14,1824,N21,nominal,2.0NRT,290.83,27.13,D
47.97362,-95.48355,333.83,0.56,0.51,2025-03-14,1824,N21,nominal,2.0NRT,291.34,4.85,D
47.92026,-95.37437,355.58,0.4,0.6,2025-03-14,2004,N21,nominal,2.0NRT,277.99,12.15,D
47.9201,-95.37977,333.47,0.4,0.6,2025-03-14,2004,N21,nominal,2.0NRT,275.62,13.2,D
47.93815,-95.33228,350.32,0.4,0.6,2025-03-14,2004,N21,nominal,2.0NRT,285.2,13.98,D
47.93799,-95.33765,328.09,0.4,0.6,2025-03-14,2004,N21,nominal,2.0NRT,283.14,6.4,D
47.94354,-95.33801,339.49,0.4,0.6,2025-03-14,2004,N21,nominal,2.0NRT,282.26,6.4,D
47.94042,-95.4405,335.97,0.4,0.6,2025-03-14,2004,N21,nominal,2.0NRT,285.07,8.56,D
47.93992,-95.45662,328.06,0.4,0.6,2025-03-14,2004,N21,nominal,2.0NRT,285.98,6.4,D
47.94025,-95.44588,355.28,0.4,0.6,2025-03-14,2004,N21,low,2.0NRT,286.83,11.15,D
47.94009,-95.45123,355.28,0.4,0.6,2025-03-14,2004,N21,low,2.0NRT,287.52,11.15,D
47.94908,-95.33839,337.25,0.4,0.6,2025-03-14,2004,N21,nominal,2.0NRT,282.4,4.67,D
47.96662,-95.4853,367,0.4,0.6,2025-03-14,2004,N21,high,2.0NRT,290.46,24.88,D
47.97404,-95.42674,367,0.4,0.6,2025-03-14,2004,N21,high,2.0NRT,292.8,30.09,D
47.97387,-95.43211,345.67,0.4,0.6,2025-03-14,2004,N21,nominal,2.0NRT,286.27,30.09,D
47.97195,-95.49102,340.43,0.4,0.6,2025-03-14,2004,N21,nominal,2.0NRT,285.69,12.89,D
47.9716,-95.50171,331.3,0.4,0.6,2025-03-14,2004,N21,nominal,2.0NRT,286.95,7.46,D
47.97178,-95.49636,355.83,0.4,0.6,2025-03-14,2004,N21,low,2.0NRT,288.68,12.89,D
47.97974,-95.42178,339.56,0.4,0.6,2025-03-14,2004,N21,nominal,2.0NRT,285.22,15.37,D
47.97781,-95.48074,344.39,0.4,0.6,2025-03-14,2004,N21,nominal,2.0NRT,285.94,4.47,D
47.97763,-95.48608,325.25,0.4,0.6,2025-03-14,2004,N21,nominal,2.0NRT,286.84,4.47,D
47.97956,-95.42715,355.72,0.4,0.6,2025-03-14,2004,N21,low,2.0NRT,289.56,24.81,D
46.41514,-116.13734,329.01,0.38,0.43,2025-03-14,2004,N21,nominal,2.0NRT,278.88,3.11,D
46.41721,-117.59806,339.3,0.44,0.46,2025-03-14,2004,N21,nominal,2.0NRT,277.86,33.44,D
46.41589,-117.6037,343.15,0.44,0.46,2025-03-14,2004,N21,nominal,2.0NRT,294.57,33.44,D
46.41452,-117.60952,329.96,0.44,0.46,2025-03-14,2004,N21,nominal,2.0NRT,280.7,14.85,D
46.2063,-118.61295,341.08,0.5,0.49,2025-03-14,2004,N21,nominal,2.0NRT,284.4,8.82,D
46.56991,-119.0563,337.73,0.51,0.49,2025-03-14,2004,N21,nominal,2.0NRT,290.07,6.48,D
48.25416,-114.3957,326.83,0.46,0.39,2025-03-14,2004,N21,nominal,2.0NRT,276.43,3.64,D
46.57495,-80.79432,367,0.33,0.55,2025-03-15,0637,N21,high,2.0NRT,262.97,9.69,N
46.57474,-80.79012,324.86,0.33,0.55,2025-03-15,0637,N21,nominal,2.0NRT,260.87,9.69,N
45.07367,-83.40343,306,0.43,0.62,2025-03-15,0637,N21,nominal,2.0NRT,279.01,2.76,N
45.07161,-83.40454,315.26,0.43,0.62,2025-03-15,0637,N21,nominal,2.0NRT,281.72,2.16,N
42.96742,-81.86864,296.89,0.35,0.56,2025-03-15,0637,N21,nominal,2.0NRT,277.24,0.47,N
42.81624,-81.327,296.52,0.32,0.55,2025-03-15,0637,N21,nominal,2.0NRT,279.6,0.54,N
41.46194,-81.67367,343.65,0.33,0.55,2025-03-15,0637,N21,nominal,2.0NRT,282.89,3.03,N
41.4571,-81.67817,313.89,0.33,0.55,2025-03-15,0637,N21,nominal,2.0NRT,282.89,3.03,N
41.45203,-81.67865,312.72,0.33,0.55,2025-03-15,0637,N21,nominal,2.0NRT,282.78,1.46,N
41.45179,-81.67461,305.18,0.33,0.55,2025-03-15,0637,N21,nominal,2.0NRT,281.5,1.46,N
41.21852,-80.51241,302.66,0.57,0.52,2025-03-15,0637,N21,nominal,2.0NRT,281.37,1.63,N
41.21752,-80.5075,299.06,0.57,0.52,2025-03-15,0637,N21,nominal,2.0NRT,281.05,0.95,N
40.89278,-77.70932,317.09,0.4,0.45,2025-03-15,0637,N21,nominal,2.0NRT,268.19,2.34,N
40.89336,-77.71125,317.9,0.4,0.45,2025-03-15,0637,N21,nominal,2.0NRT,268.82,2.19,N
41.12919,-80.68962,295.26,0.58,0.52,2025-03-15,0640,N21,nominal,2.0NRT,282.58,0.72,N
40.75679,-81.43015,314.01,0.63,0.54,2025-03-15,0640,N21,nominal,2.0NRT,280.72,1.87,N
40.75587,-81.42915,308.92,0.63,0.54,2025-03-15,0640,N21,nominal,2.0NRT,280.68,3.49,N
40.39471,-79.852,324.59,0.51,0.5,2025-03-15,0640,N21,nominal,2.0NRT,285.14,4.53,N
40.3952,-79.85816,314.52,0.51,0.5,2025-03-15,0640,N21,nominal,2.0NRT,284.85,3.99,N
40.39065,-79.85872,302.2,0.51,0.5,2025-03-15,0640,N21,nominal,2.0NRT,283.15,1.84,N
40.39017,-79.85271,316.04,0.51,0.5,2025-03-15,0640,N21,nominal,2.0NRT,283.34,2.09,N
40.30404,-79.87716,306.94,0.51,0.5,2025-03-15,0640,N21,nominal,2.0NRT,288.1,2.04,N
40.31265,-80.60854,296.83,0.56,0.52,2025-03-15,0640,N21,nominal,2.0NRT,283.45,1.43,N
40.30791,-80.60909,304.04,0.56,0.52,2025-03-15,0640,N21,nominal,2.0NRT,281.92,1.43,N
40.16141,-79.88596,297.63,0.51,0.49,2025-03-15,0640,N21,nominal,2.0NRT,282.58,0.73,N
46.51883,-84.3763,309.11,0.49,0.49,2025-03-15,0818,N21,nominal,2.0NRT,278.46,4.21,N
46.51497,-84.39906,303.22,0.49,0.49,2025-03-15,0818,N21,nominal,2.0NRT,274.71,2.49,N
46.51344,-84.39293,312.05,0.49,0.49,2025-03-15,0818,N21,nominal,2.0NRT,275.01,2.53,N
45.07083,-83.40536,298.69,0.6,0.53,2025-03-15,0818,N21,nominal,2.0NRT,270.3,1.78,N
42.80672,-80.09509,300.77,0.5,0.66,2025-03-15,0818,N21,nominal,2.0NRT,270.43,3.46,N
42.80381,-80.09783,307.1,0.5,0.66,2025-03-15,0818,N21,nominal,2.0NRT,270.58,3.11,N
41.47848,-90.83426,307,0.5,0.41,2025-03-15,0820,N21,nominal,2.0NRT,279.14,1.68,N
40.717,-88.54927,325.71,0.44,0.46,2025-03-15,0820,N21,nominal,2.0NRT,281.34,2.75,N
40.71292,-88.5509,296.78,0.44,0.46,2025-03-15,0820,N21,nominal,2.0NRT,280.86,0.7,N
54.29063,-109.89443,320.08,0.48,0.4,2025-03-15,0958,N21,nominal,2.0NRT,245.76,3.82,N
49.01413,-102.48173,349.97,0.43,0.62,2025-03-15,0958,N21,nominal,2.0NRT,264.72,6.23,N
51.61925,-120.84569,320.06,0.42,0.38,2025-03-15,0958,N21,nominal,2.0NRT,255.45,1.93,N
47.35677,-101.83331,343.46,0.52,0.67,2025-03-15,0958,N21,nominal,2.0NRT,267.42,5.55,N
45.83115,-66.36598,329.11,0.36,0.57,2025-03-15,1622,N21,nominal,2.0NRT,281.87,3.61,D
40.83044,-96.57153,329.25,0.53,0.42,2025-03-15,1945,N21,nominal,2.0NRT,285.85,3.05,D
44.11663,-85.51824,344.65,0.69,0.74,2025-03-15,1945,N21,nominal,2.0NRT,283.64,18.55,D
44.11747,-85.51752,354.54,0.69,0.74,2025-03-15,1945,N21,nominal,2.0NRT,284.72,15,D
45.7653,-107.6038,336.98,0.43,0.38,2025-03-15,1945,N21,nominal,2.0NRT,290.7,10.9,D
47.35559,-101.83681,331.51,0.41,0.37,2025-03-15,1947,N21,nominal,2.0NRT,283.71,3.37,D
47.27543,-119.61493,326.61,0.42,0.61,2025-03-15,1947,N21,nominal,2.0NRT,285.09,4.23,D
46.79916,-111.89589,327.23,0.63,0.72,2025-03-15,2125,N21,nominal,2.0NRT,275.65,5.47,D
46.80386,-111.89258,332.44,0.63,0.72,2025-03-15,2125,N21,nominal,2.0NRT,275.91,6.12,D
41.00389,-96.15639,303.78,0.49,0.4,2025-03-16,0801,N21,nominal,2.0NRT,272.35,1.29,N
40.63869,-95.79755,312.52,0.47,0.4,2025-03-16,0801,N21,nominal,2.0NRT,269.05,1.86,N
40.63508,-95.79828,311.09,0.47,0.4,2025-03-16,0801,N21,nominal,2.0NRT,269.08,2.13,N
46.7317,-92.07662,310.08,0.41,0.37,2025-03-16,0801,N21,nominal,2.0NRT,269.25,1.29,N
46.72832,-92.07755,295.26,0.41,0.37,2025-03-16,0801,N21,nominal,2.0NRT,265.58,1.29,N
40.11377,-110.27943,302.98,0.4,0.44,2025-03-16,0941,N21,nominal,2.0NRT,268.11,0.85,N
44.11435,-103.28155,299.29,0.35,0.56,2025-03-16,0941,N21,nominal,2.0NRT,268.13,0.76,N
43.63719,-104.55685,296.77,0.62,0.54,2025-03-16,0943,N21,nominal,2.0NRT,267.06,1.4,N
44.02397,-92.34708,327.41,0.71,0.75,2025-03-16,1743,N21,nominal,2.0NRT,276.58,5.76,D
44.02513,-92.34907,329.83,0.71,0.75,2025-03-16,1743,N21,nominal,2.0NRT,276.41,5.92,D
40.03284,-95.26924,342.83,0.4,0.37,2025-03-16,1923,N21,nominal,2.0NRT,304.35,5.86,D
40.03618,-95.27002,329.98,0.4,0.37,2025-03-16,1923,N21,nominal,2.0NRT,296.99,5.86,D
40.03008,-96.27895,351.15,0.39,0.36,2025-03-16,1923,N21,nominal,2.0NRT,296.76,9.92,D
40.74283,-90.6624,347.37,0.4,0.44,2025-03-16,1923,N21,nominal,2.0NRT,280.48,9.29,D
40.03902,-97.13004,351.55,0.38,0.36,2025-03-16,1923,N21,nominal,2.0NRT,301.3,10.99,D
40.04228,-97.13088,367,0.38,0.36,2025-03-16,1923,N21,high,2.0NRT,302.11,12.11,D
40.04296,-97.12644,331.44,0.38,0.36,2025-03-16,1923,N21,nominal,2.0NRT,293.12,5.89,D
40.06116,-97.02966,330.03,0.38,0.36,2025-03-16,1923,N21,nominal,2.0NRT,297.58,2.07,D
40.04623,-97.1273,338.21,0.38,0.36,2025-03-16,1923,N21,nominal,2.0NRT,296.54,5.89,D
40.04554,-97.13173,344.53,0.38,0.36,2025-03-16,1923,N21,nominal,2.0NRT,300.78,12.11,D
40.06768,-97.03134,334.82,0.38,0.36,2025-03-16,1923,N21,nominal,2.0NRT,298.27,4.97,D
40.06633,-97.04022,346.02,0.38,0.36,2025-03-16,1923,N21,nominal,2.0NRT,309.97,76.26,D
40.06959,-97.04107,367,0.38,0.36,2025-03-16,1923,N21,high,2.0NRT,299.75,42.53,D
40.07027,-97.03663,340.84,0.38,0.36,2025-03-16,1923,N21,nominal,2.0NRT,294,42.53,D
40.06892,-97.04551,340.89,0.38,0.36,2025-03-16,1923,N21,nominal,2.0NRT,297.47,4.36,D
40.07353,-97.03747,367,0.38,0.36,2025-03-16,1923,N21,high,2.0NRT,325.12,42.53,D
40.07489,-97.02859,333.71,0.38,0.36,2025-03-16,1923,N21,nominal,2.0NRT,297.25,14.1,D
40.07421,-97.03303,340.19,0.38,0.36,2025-03-16,1923,N21,nominal,2.0NRT,295.74,14.1,D
40.07286,-97.04191,345.69,0.38,0.36,2025-03-16,1923,N21,nominal,2.0NRT,301.1,42.53,D
40.04221,-97.24163,344.67,0.38,0.36,2025-03-16,1923,N21,nominal,2.0NRT,298.27,5.98,D
40.07747,-97.03387,349.54,0.38,0.36,2025-03-16,1923,N21,nominal,2.0NRT,297.52,11.89,D
40.0768,-97.03831,347.63,0.38,0.36,2025-03-16,1923,N21,nominal,2.0NRT,296.68,5.03,D
40.07612,-97.04276,330.9,0.38,0.36,2025-03-16,1923,N21,nominal,2.0NRT,295.27,5.03,D
40.25619,-96.41085,367,0.39,0.36,2025-03-16,1923,N21,high,2.0NRT,299.98,13.14,D
40.25553,-96.41534,344.55,0.39,0.36,2025-03-16,1923,N21,nominal,2.0NRT,299.29,8.64,D
40.5317,-95.72216,333.09,0.4,0.37,2025-03-16,1923,N21,nominal,2.0NRT,299.26,5.13,D
40.62954,-95.52743,333.88,0.4,0.37,2025-03-16,1923,N21,nominal,2.0NRT,298.28,4.42,D
40.7625,-95.702,328.8,0.4,0.37,2025-03-16,1923,N21,nominal,2.0NRT,292.39,14.19,D
41.48215,-90.82332,326.62,0.4,0.44,2025-03-16,1923,N21,nominal,2.0NRT,286.23,2.9,D
41.4906,-95.03403,329.73,0.41,0.37,2025-03-16,1923,N21,nominal,2.0NRT,290.1,2.47,D
41.3978,-95.78051,331.28,0.4,0.37,2025-03-16,1923,N21,nominal,2.0NRT,292.05,4.07,D
41.30563,-98.47604,330.28,0.39,0.36,2025-03-16,1923,N21,nominal,2.0NRT,293,3.59,D
41.60901,-96.5075,327.48,0.39,0.36,2025-03-16,1923,N21,nominal,2.0NRT,291.49,2.06,D
41.3327,-98.54092,347.27,0.39,0.36,2025-03-16,1923,N21,nominal,2.0NRT,305.9,58.17,D
41.33196,-98.54548,333.28,0.39,0.36,2025-03-16,1923,N21,nominal,2.0NRT,300.73,8.2,D
41.73776,-95.85703,335,0.4,0.37,2025-03-16,1923,N21,nominal,2.0NRT,293.97,4.5,D
41.33597,-98.54185,343.27,0.39,0.36,2025-03-16,1923,N21,nominal,2.0NRT,296.09,58.17,D
41.74109,-95.85785,335.84,0.4,0.37,2025-03-16,1923,N21,nominal,2.0NRT,291.49,3.51,D
41.74507,-95.85392,330.29,0.4,0.37,2025-03-16,1923,N21,nominal,2.0NRT,292.05,3.51,D
40.28956,-104.91256,339.48,0.44,0.46,2025-03-16,1923,N21,nominal,2.0NRT,306.39,20.92,D
42.05718,-95.73076,325.72,0.4,0.37,2025-03-16,1923,N21,nominal,2.0NRT,293.05,1.72,D
42.07834,-96.39256,340.59,0.39,0.36,2025-03-16,1923,N21,nominal,2.0NRT,302.65,32.53,D
40.58787,-104.67678,328.79,0.42,0.45,2025-03-16,1923,N21,nominal,2.0NRT,302.01,2.37,D
43.02316,-89.51656,335.52,0.48,0.48,2025-03-16,1923,N21,nominal,2.0NRT,286.45,3.98,D
42.6721,-94.09659,333.26,0.45,0.39,2025-03-16,1923,N21,nominal,2.0NRT,281.04,4.66,D
42.45098,-96.50594,341.51,0.39,0.36,2025-03-16,1923,N21,nominal,2.0NRT,313.51,72.66,D
43.3923,-91.56472,338.78,0.39,0.44,2025-03-16,1923,N21,nominal,2.0NRT,284.54,6.47,D
43.25615,-95.37848,332.68,0.42,0.38,2025-03-16,1925,N21,nominal,2.0NRT,286.75,3.76,D
43.23784,-97.08281,330.57,0.39,0.36,2025-03-16,1925,N21,nominal,2.0NRT,285.75,4.05,D
44.97561,-96.03799,326.35,0.42,0.37,2025-03-16,1925,N21,nominal,2.0NRT,278.1,6.17,D
44.6644,-101.7197,328.95,0.42,0.38,2025-03-16,1925,N21,nominal,2.0NRT,302.1,1.22,D
48.66943,-91.25247,331.98,0.46,0.47,2025-03-16,1925,N21,nominal,2.0NRT,271.04,5.02,D
47.57159,-122.36945,331.31,0.41,0.37,2025-03-16,2108,N21,nominal,2.0NRT,291.17,6.62,D
42.47923,-87.88425,297.35,0.4,0.37,2025-03-17,0741,N21,nominal,2.0NRT,263.31,0.55,N
41.46885,-83.36846,309.55,0.43,0.38,2025-03-17,0741,N21,nominal,2.0NRT,272.54,1.85,N
46.5783,-80.7915,324.87,0.44,0.38,2025-03-17,0739,N21,nominal,2.0NRT,261.7,3.42,N
41.46791,-83.36347,300.75,0.43,0.38,2025-03-17,0741,N21,nominal,2.0NRT,273.16,1.52,N
46.57489,-80.79288,324.17,0.44,0.38,2025-03-17,0739,N21,nominal,2.0NRT,261.53,3.42,N
41.46113,-83.36572,310.12,0.43,0.38,2025-03-17,0741,N21,nominal,2.0NRT,272.25,2.27,N
46.52064,-84.3749,336.67,0.38,0.36,2025-03-17,0739,N21,nominal,2.0NRT,273.89,4.99,N
41.56768,-84.04707,326.92,0.41,0.37,2025-03-17,0741,N21,nominal,2.0NRT,276.12,5.4,N
41.95049,-88.14378,301.85,0.4,0.37,2025-03-17,0741,N21,nominal,2.0NRT,266.12,0.9,N
44.16604,-87.70395,296.35,0.4,0.37,2025-03-17,0741,N21,nominal,2.0NRT,269.57,0.62,N
41.36756,-84.92358,318.41,0.4,0.37,2025-03-17,0741,N21,nominal,2.0NRT,272.96,1.79,N
43.1856,-84.84361,301.04,0.39,0.36,2025-03-17,0741,N21,nominal,2.0NRT,267.82,1.11,N
41.36677,-84.91894,314.18,0.4,0.37,2025-03-17,0741,N21,nominal,2.0NRT,272.62,1.79,N
43.70343,-88.38503,304.6,0.41,0.37,2025-03-17,0741,N21,nominal,2.0NRT,269.38,1.35,N
41.09398,-83.41884,295.49,0.43,0.38,2025-03-17,0741,N21,nominal,2.0NRT,270.7,0.65,N
42.26553,-83.43584,296.05,0.42,0.37,2025-03-17,0741,N21,nominal,2.0NRT,269.79,0.87,N
41.68322,-87.42464,328.9,0.39,0.36,2025-03-17,0741,N21,nominal,2.0NRT,280.29,9.56,N
41.64098,-87.14004,331.65,0.39,0.36,2025-03-17,0741,N21,nominal,2.0NRT,278.35,5.93,N
41.64029,-87.13546,327.03,0.39,0.36,2025-03-17,0741,N21,nominal,2.0NRT,277.4,3.18,N
41.68254,-87.42004,301.15,0.39,0.36,2025-03-17,0741,N21,nominal,2.0NRT,276.12,1.67,N
41.63961,-87.13088,317.1,0.39,0.36,2025-03-17,0741,N21,nominal,2.0NRT,272.29,3.18,N
41.6377,-87.14091,337.95,0.39,0.36,2025-03-17,0741,N21,nominal,2.0NRT,276.99,5.93,N
41.63702,-87.13632,332.76,0.39,0.36,2025-03-17,0741,N21,nominal,2.0NRT,275.31,3.18,N
41.63633,-87.13175,328.64,0.39,0.36,2025-03-17,0741,N21,nominal,2.0NRT,273.79,3.18,N
41.67926,-87.4209,303.71,0.39,0.36,2025-03-17,0741,N21,nominal,2.0NRT,277.8,1.67,N
41.67733,-87.43096,298.19,0.39,0.36,2025-03-17,0741,N21,nominal,2.0NRT,272.51,0.78,N
41.63443,-87.14178,302.1,0.39,0.36,2025-03-17,0741,N21,nominal,2.0NRT,274.36,0.94,N
41.67404,-87.43183,303.07,0.39,0.36,2025-03-17,0741,N21,nominal,2.0NRT,273.23,0.78,N
41.62741,-87.142,326.53,0.39,0.36,2025-03-17,0741,N21,nominal,2.0NRT,273.3,1.83,N
41.67128,-87.43567,299.74,0.39,0.36,2025-03-17,0741,N21,nominal,2.0NRT,274.86,1.79,N
41.67208,-87.46416,310.59,0.39,0.36,2025-03-17,0741,N21,nominal,2.0NRT,272.54,1.41,N
41.62413,-87.14287,304.5,0.39,0.36,2025-03-17,0741,N21,nominal,2.0NRT,271.25,1.83,N
41.66334,-87.42817,314.8,0.39,0.36,2025-03-17,0741,N21,nominal,2.0NRT,272.23,2.11,N
41.66266,-87.42357,304.81,0.39,0.36,2025-03-17,0741,N21,nominal,2.0NRT,273.44,1.75,N
41.66426,-87.48056,297.5,0.39,0.36,2025-03-17,0741,N21,nominal,2.0NRT,275.87,1.25,N
41.64022,-87.41032,305.53,0.39,0.36,2025-03-17,0741,N21,nominal,2.0NRT,271.72,1.54,N
41.63954,-87.40572,307.84,0.39,0.36,2025-03-17,0741,N21,nominal,2.0NRT,274.84,1.54,N
41.62535,-87.33305,308.23,0.39,0.36,2025-03-17,0741,N21,nominal,2.0NRT,275.17,1.47,N
41.62207,-87.33391,305.41,0.39,0.36,2025-03-17,0741,N21,nominal,2.0NRT,272.93,1.39,N
41.62138,-87.32932,300.51,0.39,0.36,2025-03-17,0741,N21,nominal,2.0NRT,273.76,4.18,N
41.6181,-87.33018,333.91,0.39,0.36,2025-03-17,0741,N21,nominal,2.0NRT,277.09,4.18,N
41.6576,-87.62135,302.6,0.39,0.36,2025-03-17,0741,N21,nominal,2.0NRT,276.08,1.13,N
41.61359,-87.34567,297.28,0.39,0.36,2025-03-17,0741,N21,nominal,2.0NRT,271.9,1.29,N
41.61154,-87.3319,296.3,0.39,0.36,2025-03-17,0741,N21,nominal,2.0NRT,272.16,1.87,N
41.73035,-89.39889,298.46,0.42,0.38,2025-03-17,0741,N21,nominal,2.0NRT,267.27,0.84,N
41.12064,-85.35283,311.98,0.39,0.36,2025-03-17,0741,N21,nominal,2.0NRT,271.89,0.9,N
41.48223,-90.8235,321.35,0.47,0.4,2025-03-17,0741,N21,nominal,2.0NRT,274.22,2.85,N
41.47927,-90.82982,325.01,0.47,0.4,2025-03-17,0741,N21,nominal,2.0NRT,270.06,4.97,N
40.9362,-87.33485,297.61,0.39,0.36,2025-03-17,0741,N21,nominal,2.0NRT,271.06,0.77,N
40.92706,-87.34194,306.1,0.39,0.36,2025-03-17,0741,N21,nominal,2.0NRT,270.91,0.97,N
41.00552,-96.15264,298.77,0.55,0.51,2025-03-17,0741,N21,nominal,2.0NRT,276.29,1.02,N
40.63596,-95.80063,298.24,0.52,0.5,2025-03-17,0741,N21,nominal,2.0NRT,273.81,1.05,N
40.11134,-110.27703,295.69,0.4,0.37,2025-03-17,0924,N21,nominal,2.0NRT,271.82,0.69,N
40.09276,-110.37048,300.14,0.4,0.37,2025-03-17,0924,N21,nominal,2.0NRT,270.31,0.49,N
49.99052,-119.50029,295.44,0.54,0.51,2025-03-17,0922,N21,nominal,2.0NRT,271.81,1.12,N
47.56732,-122.37054,299.4,0.35,0.56,2025-03-17,0922,N21,nominal,2.0NRT,274.75,0.6,N
47.5661,-122.3434,306.4,0.35,0.56,2025-03-17,0922,N21,nominal,2.0NRT,274.81,1.22,N
47.46999,-122.04873,304.48,0.33,0.56,2025-03-17,0922,N21,nominal,2.0NRT,267.74,1.21,N
47.46751,-122.05066,304.44,0.33,0.56,2025-03-17,0922,N21,nominal,2.0NRT,267.52,1.02,N
44.11668,-103.27889,295.34,0.41,0.45,2025-03-17,0922,N21,nominal,2.0NRT,279.39,0.45,N
42.08447,-97.36342,299.47,0.45,0.63,2025-03-17,0922,N21,nominal,2.0NRT,274.69,1.19,N
43.63663,-104.55795,301.28,0.56,0.43,2025-03-17,0922,N21,nominal,2.0NRT,276.39,0.9,N
41.7205,-106.33379,304.71,0.52,0.41,2025-03-17,0924,N21,nominal,2.0NRT,273.21,1.2,N
41.26847,-105.60461,297.26,0.56,0.43,2025-03-17,0924,N21,nominal,2.0NRT,271.73,1.94,N
50.68384,-120.35261,295.75,0.62,0.54,2025-03-17,1102,N21,nominal,2.0NRT,270.07,1.13,N
40.1131,-121.69392,297.32,0.58,0.7,2025-03-17,1104,N21,nominal,2.0NRT,270.04,0.33,N
41.56538,-84.04338,328.18,0.59,0.7,2025-03-17,1726,N21,nominal,2.0NRT,285.71,4.7,D
42.80145,-80.10476,330.26,0.35,0.56,2025-03-17,1726,N21,nominal,2.0NRT,284.07,2.96,D
42.80851,-80.0991,344,0.35,0.56,2025-03-17,1726,N21,nominal,2.0NRT,286.5,9,D
43.26532,-79.80799,328.84,0.33,0.55,2025-03-17,1726,N21,nominal,2.0NRT,293.42,5.27,D
42.05594,-84.49924,352.16,0.59,0.7,2025-03-17,1726,N21,nominal,2.0NRT,283.27,10.06,D
44.37553,-78.6019,325.51,0.53,0.5,2025-03-17,1726,N21,nominal,2.0NRT,274.93,2.85,D
43.65171,-82.84941,334.11,0.44,0.63,2025-03-17,1726,N21,nominal,2.0NRT,282.47,4.04,D
43.64945,-82.84678,326.13,0.44,0.63,2025-03-17,1726,N21,nominal,2.0NRT,282.11,4.1,D
40.0549,-81.29952,339.2,0.34,0.56,2025-03-17,1904,N21,nominal,2.0NRT,284.82,4.8,D
40.31346,-80.60796,329.08,0.37,0.58,2025-03-17,1904,N21,nominal,2.0NRT,291.6,3.57,D
40.0229,-87.61102,327.62,0.49,0.4,2025-03-17,1904,N21,nominal,2.0NRT,287.13,2.6,D
40.14402,-87.33736,337.97,0.51,0.41,2025-03-17,1904,N21,nominal,2.0NRT,286.69,3.6,D
40.13327,-88.49079,346.53,0.46,0.39,2025-03-17,1904,N21,nominal,2.0NRT,294.96,7.99,D
40.75606,-81.43261,327.63,0.34,0.56,2025-03-17,1904,N21,nominal,2.0NRT,287.36,1.44,D
40.27913,-88.17471,336.36,0.47,0.4,2025-03-17,1904,N21,nominal,2.0NRT,287.13,5.52,D
40.42323,-86.96698,329.32,0.53,0.42,2025-03-17,1904,N21,nominal,2.0NRT,285.97,6.24,D
40.42183,-86.96712,328.98,0.53,0.42,2025-03-17,1904,N21,nominal,2.0NRT,287,7.64,D
41.11789,-85.35217,337.65,0.43,0.46,2025-03-17,1904,N21,nominal,2.0NRT,288.57,6.48,D
41.11917,-85.34966,338.85,0.43,0.46,2025-03-17,1904,N21,nominal,2.0NRT,293.05,5.93,D
41.45889,-81.6775,332.36,0.33,0.56,2025-03-17,1904,N21,nominal,2.0NRT,293.22,2.37,D
41.36638,-84.92262,332.41,0.45,0.47,2025-03-17,1906,N21,nominal,2.0NRT,290.34,4.62,D
41.56669,-84.04471,342.23,0.5,0.49,2025-03-17,1906,N21,nominal,2.0NRT,289.83,7.76,D
41.25692,-89.30647,338.03,0.44,0.38,2025-03-17,1906,N21,nominal,2.0NRT,289.24,5.83,D
40.83255,-92.77152,342.41,0.38,0.36,2025-03-17,1906,N21,nominal,2.0NRT,298.35,4.87,D
40.83976,-92.76879,336.24,0.38,0.36,2025-03-17,1906,N21,nominal,2.0NRT,296.73,4.64,D
40.83699,-92.78674,336.39,0.38,0.36,2025-03-17,1906,N21,nominal,2.0NRT,298.09,5.8,D
40.8356,-92.79572,330.72,0.38,0.36,2025-03-17,1906,N21,nominal,2.0NRT,298.91,5.64,D
40.84303,-92.76966,344.16,0.38,0.36,2025-03-17,1906,N21,nominal,2.0NRT,303.7,12.2,D
41.63734,-87.14315,326.38,0.54,0.42,2025-03-17,1906,N21,nominal,2.0NRT,287.15,2.8,D
41.61829,-87.32689,325.41,0.53,0.42,2025-03-17,1906,N21,nominal,2.0NRT,286.83,5.49,D
41.61763,-87.33317,327.62,0.52,0.42,2025-03-17,1906,N21,nominal,2.0NRT,287.51,3.49,D
41.6221,-87.3276,329.3,0.53,0.42,2025-03-17,1906,N21,nominal,2.0NRT,287,3.31,D
41.67615,-87.43377,331.4,0.52,0.42,2025-03-17,1906,N21,nominal,2.0NRT,288.75,4.16,D
40.63073,-95.52655,330.75,0.42,0.38,2025-03-17,1906,N21,nominal,2.0NRT,302.04,2.22,D
42.06021,-84.49868,337.42,0.48,0.48,2025-03-17,1906,N21,nominal,2.0NRT,286.27,7.46,D
41.20407,-92.93587,337.01,0.38,0.36,2025-03-17,1906,N21,nominal,2.0NRT,295.74,5.73,D
41.20338,-92.94037,344.68,0.38,0.36,2025-03-17,1906,N21,nominal,2.0NRT,295.34,5.61,D
41.00093,-94.38183,343.86,0.4,0.37,2025-03-17,1906,N21,nominal,2.0NRT,298.78,7.45,D
42.80035,-80.10316,333.38,0.42,0.61,2025-03-17,1906,N21,nominal,2.0NRT,287.69,4.6,D
42.80616,-80.09856,343,0.42,0.61,2025-03-17,1906,N21,nominal,2.0NRT,289.87,4.6,D
41.60086,-93.4596,340.84,0.39,0.36,2025-03-17,1906,N21,nominal,2.0NRT,300.21,6.08,D
41.60412,-93.46052,341.59,0.39,0.36,2025-03-17,1906,N21,nominal,2.0NRT,305.8,11.39,D
41.60738,-93.46143,345.04,0.39,0.36,2025-03-17,1906,N21,nominal,2.0NRT,301.38,11.39,D
41.34795,-95.39584,338.49,0.41,0.37,2025-03-17,1906,N21,nominal,2.0NRT,299.3,3.44,D
43.02494,-80.43082,326.85,0.4,0.6,2025-03-17,1906,N21,nominal,2.0NRT,283.89,3.81,D
42.28183,-89.92405,340.22,0.43,0.38,2025-03-17,1906,N21,nominal,2.0NRT,286.99,6.68,D
43.26212,-79.80663,330.56,0.43,0.62,2025-03-17,1906,N21,nominal,2.0NRT,292.45,5.98,D
43.26782,-79.80705,336.09,0.43,0.62,2025-03-17,1906,N21,nominal,2.0NRT,295.22,4.44,D
43.27388,-79.79664,327.51,0.43,0.62,2025-03-17,1906,N21,nominal,2.0NRT,283.93,5.13,D
41.60541,-96.00479,367,0.43,0.38,2025-03-17,1906,N21,high,2.0NRT,342.8,279.88,D
43.00739,-89.19961,329.87,0.46,0.39,2025-03-17,1906,N21,nominal,2.0NRT,286.99,5.58,D
43.01096,-89.20041,328.88,0.46,0.39,2025-03-17,1906,N21,nominal,2.0NRT,290.15,15.69,D
43.16508,-89.36752,328.92,0.45,0.39,2025-03-17,1906,N21,nominal,2.0NRT,286.25,9.19,D
43.21855,-89.52264,329.27,0.45,0.39,2025-03-17,1906,N21,nominal,2.0NRT,284.89,2.51,D
42.62732,-94.11469,327.57,0.39,0.36,2025-03-17,1906,N21,nominal,2.0NRT,293.3,2.27,D
42.52267,-95.7521,336.25,0.41,0.37,2025-03-17,1906,N21,nominal,2.0NRT,301.61,4.33,D
44.24234,-90.97076,328.94,0.42,0.37,2025-03-17,1906,N21,nominal,2.0NRT,289.63,2.99,D
44.05373,-93.46874,343.09,0.38,0.36,2025-03-17,1906,N21,nominal,2.0NRT,283.68,5.55,D
46.17896,-95.50945,326.34,0.39,0.36,2025-03-17,1906,N21,nominal,2.0NRT,277.04,2.88,D
46.47308,-95.79446,334.77,0.39,0.36,2025-03-17,1908,N21,nominal,2.0NRT,279.36,3.85,D
46.72766,-95.92136,325.48,0.39,0.36,2025-03-17,1908,N21,nominal,2.0NRT,279.28,2.54,D
44.20892,-107.94627,367,0.42,0.61,2025-03-17,1908,N21,high,2.0NRT,298.66,21.23,D
44.20756,-107.95097,367,0.42,0.61,2025-03-17,1908,N21,high,2.0NRT,296.41,21.23,D
47.44852,-94.72334,327.59,0.38,0.36,2025-03-17,1908,N21,nominal,2.0NRT,271.23,7.96,D
46.49525,-112.7569,335.59,0.58,0.69,2025-03-17,1908,N21,nominal,2.0NRT,281.3,8.03,D
46.80797,-111.89706,332.93,0.52,0.67,2025-03-17,1908,N21,nominal,2.0NRT,287.93,7.29,D
46.83731,-112.69296,348.44,0.56,0.69,2025-03-17,1908,N21,nominal,2.0NRT,271.95,11.72,D
46.83515,-112.69653,330.39,0.56,0.69,2025-03-17,1908,N21,nominal,2.0NRT,271.61,8.44,D
52.23181,-115.78082,337.9,0.48,0.64,2025-03-17,1910,N21,nominal,2.0NRT,267.26,21.74,D
44.22426,-107.95012,367,0.32,0.54,2025-03-17,2049,N21,high,2.0NRT,296.61,13.83,D
44.22402,-107.95422,354.35,0.32,0.54,2025-03-17,2049,N21,nominal,2.0NRT,295.1,13.83,D
44.22433,-107.95152,367,0.32,0.54,2025-03-17,2049,N21,high,2.0NRT,298.35,23.68,D
44.22411,-107.95562,349.64,0.32,0.54,2025-03-17,2049,N21,nominal,2.0NRT,291.34,12.4,D
44.24769,-107.98441,337.37,0.64,0.54,2025-03-17,2049,N21,nominal,2.0NRT,295.64,14.12,D
45.48571,-117.09749,329.37,0.41,0.37,2025-03-17,2049,N21,nominal,2.0NRT,279.31,3.12,D
46.81129,-111.89875,350.46,0.44,0.46,2025-03-17,2049,N21,nominal,2.0NRT,289.71,16.93,D
46.25565,-119.87212,333.26,0.38,0.36,2025-03-17,2049,N21,nominal,2.0NRT,294.68,3.44,D
46.49567,-120.42657,336.71,0.38,0.36,2025-03-17,2049,N21,nominal,2.0NRT,294.34,2.77,D
46.49892,-120.42763,325.41,0.38,0.36,2025-03-17,2049,N21,nominal,2.0NRT,295.93,2.77,D
46.70263,-119.77134,336.64,0.38,0.36,2025-03-17,2049,N21,nominal,2.0NRT,295.45,4.93,D
46.70188,-119.77629,328.4,0.38,0.36,2025-03-17,2049,N21,nominal,2.0NRT,294.86,4.93,D
46.70972,-119.88244,330.1,0.38,0.36,2025-03-17,2049,N21,nominal,2.0NRT,294.28,2.97,D
46.74498,-119.67066,329.62,0.38,0.36,2025-03-17,2049,N21,nominal,2.0NRT,294.7,3.28,D
46.71447,-119.87359,330.56,0.38,0.36,2025-03-17,2049,N21,nominal,2.0NRT,294.45,1.55,D
46.71372,-119.87853,327.42,0.38,0.36,2025-03-17,2049,N21,nominal,2.0NRT,294.35,2.97,D
46.75267,-119.64197,335.1,0.39,0.36,2025-03-17,2049,N21,nominal,2.0NRT,294.87,2.74,D
46.77737,-119.61347,327.77,0.39,0.36,2025-03-17,2049,N21,nominal,2.0NRT,293.9,1.06,D
46.7747,-119.95282,326.08,0.38,0.36,2025-03-17,2049,N21,nominal,2.0NRT,299.21,29.35,D
46.95526,-119.12335,330.11,0.39,0.36,2025-03-17,2049,N21,nominal,2.0NRT,294.89,5.15,D
46.9232,-119.39112,330.49,0.39,0.36,2025-03-17,2049,N21,nominal,2.0NRT,296.01,2.89,D
46.87835,-119.76275,336.45,0.38,0.36,2025-03-17,2049,N21,nominal,2.0NRT,291.86,3.89,D
46.89749,-119.68037,330.71,0.39,0.36,2025-03-17,2049,N21,nominal,2.0NRT,295.67,2.31,D
48.00992,-113.97572,325.99,0.55,0.43,2025-03-17,2049,N21,nominal,2.0NRT,275.47,4.38,D
47.36221,-120.16681,329.23,0.38,0.36,2025-03-17,2049,N21,nominal,2.0NRT,289.1,3.07,D
47.57152,-122.37155,328.31,0.4,0.37,2025-03-17,2049,N21,nominal,2.0NRT,290.91,8.54,D
48.10729,-119.71684,329.56,0.39,0.36,2025-03-17,2049,N21,nominal,2.0NRT,292.67,2.18,D
49.85747,-119.13898,341.61,0.4,0.37,2025-03-17,2051,N21,nominal,2.0NRT,276.24,7.59,D
52.34727,-113.13022,336.48,0.44,0.46,2025-03-17,2051,N21,nominal,2.0NRT,279.15,6.08,D
52.22526,-115.77471,331.69,0.52,0.42,2025-03-17,2051,N21,nominal,2.0NRT,275.03,17.38,D
53.81745,-115.7841,328.18,0.55,0.42,2025-03-17,2051,N21,nominal,2.0NRT,272.46,4.67,D
54.88592,-128.39687,326.44,0.43,0.38,2025-03-17,2053,N21,nominal,2.0NRT,274.09,8.2,D
45.83406,-73.24907,298.67,0.69,0.75,2025-03-18,0540,N21,nominal,2.0NRT,269.7,1.72,N
46.04213,-73.14381,322.25,0.56,0.43,2025-03-18,0722,N21,nominal,2.0NRT,273.54,3.72,N
45.83698,-73.25227,313.77,0.56,0.43,2025-03-18,0722,N21,nominal,2.0NRT,271,3.83,N
45.83706,-73.25127,319.25,0.56,0.43,2025-03-18,0722,N21,nominal,2.0NRT,272.1,3.45,N
45.81964,-73.26694,300.57,0.56,0.43,2025-03-18,0722,N21,nominal,2.0NRT,271.69,1.41,N
46.72862,-92.076,318.64,0.34,0.56,2025-03-18,0722,N21,nominal,2.0NRT,273.19,2.5,N
46.30106,-94.99186,302.6,0.46,0.64,2025-03-18,0722,N21,nominal,2.0NRT,265.28,1.22,N
44.16624,-76.80327,296.16,0.45,0.39,2025-03-18,0722,N21,nominal,2.0NRT,271.21,0.79,N
45.06983,-83.40294,298.94,0.42,0.38,2025-03-18,0722,N21,nominal,2.0NRT,273.49,1.19,N
44.74179,-85.10289,309.24,0.47,0.39,2025-03-18,0722,N21,nominal,2.0NRT,272.66,1.62,N
43.49119,-79.62232,297.85,0.39,0.36,2025-03-18,0722,N21,nominal,2.0NRT,272.66,1,N
43.27267,-79.79556,329.81,0.39,0.36,2025-03-18,0722,N21,nominal,2.0NRT,276.54,4.13,N
43.27346,-79.80029,303.62,0.39,0.36,2025-03-18,0722,N21,nominal,2.0NRT,275.69,4.13,N
43.27099,-79.80606,322.34,0.39,0.36,2025-03-18,0722,N21,nominal,2.0NRT,277.26,2.12,N
43.26772,-79.8071,308.63,0.39,0.36,2025-03-18,0722,N21,nominal,2.0NRT,278.05,2.12,N
43.26692,-79.80237,315.72,0.39,0.36,2025-03-18,0722,N21,nominal,2.0NRT,273.08,1.56,N
43.26444,-79.80813,316.43,0.39,0.36,2025-03-18,0722,N21,nominal,2.0NRT,275.64,1.7,N
43.26365,-79.8034,297.76,0.39,0.36,2025-03-18,0722,N21,nominal,2.0NRT,271.25,0.8,N
43.29044,-79.98396,302.42,0.39,0.36,2025-03-18,0722,N21,nominal,2.0NRT,273.26,0.73,N
43.26117,-79.80917,310.29,0.39,0.36,2025-03-18,0722,N21,nominal,2.0NRT,275.41,1.7,N
43.06915,-80.85736,310.89,0.38,0.36,2025-03-18,0722,N21,nominal,2.0NRT,271.96,1.71,N
42.8107,-80.09512,296.64,0.39,0.36,2025-03-18,0722,N21,nominal,2.0NRT,271.59,1.1,N
42.80992,-80.09044,309.3,0.39,0.36,2025-03-18,0722,N21,nominal,2.0NRT,272.93,1.22,N
42.80743,-80.09612,309.65,0.39,0.36,2025-03-18,0722,N21,nominal,2.0NRT,274.42,1.1,N
42.80416,-80.09714,326.77,0.39,0.36,2025-03-18,0722,N21,nominal,2.0NRT,278.38,5.13,N
42.80167,-80.10283,342.81,0.39,0.36,2025-03-18,0722,N21,nominal,2.0NRT,274.98,5.13,N
42.96577,-81.86987,312.53,0.39,0.36,2025-03-18,0722,N21,nominal,2.0NRT,270.59,1.28,N
42.81766,-81.3258,299.68,0.38,0.36,2025-03-18,0722,N21,nominal,2.0NRT,271.14,0.77,N
43.18632,-84.84406,300.92,0.44,0.39,2025-03-18,0722,N21,nominal,2.0NRT,272.92,0.83,N
42.76397,-82.7477,300.58,0.39,0.36,2025-03-18,0722,N21,nominal,2.0NRT,273.5,0.67,N
42.7244,-83.26183,302.06,0.4,0.37,2025-03-18,0722,N21,nominal,2.0NRT,272.78,1,N
41.39288,-75.73757,296.3,0.55,0.42,2025-03-18,0722,N21,nominal,2.0NRT,270.46,1.02,N
42.31311,-82.0502,297.11,0.39,0.36,2025-03-18,0722,N21,nominal,2.0NRT,271.72,1.07,N
42.30456,-83.15474,305.39,0.4,0.37,2025-03-18,0722,N21,nominal,2.0NRT,275.81,1.09,N
42.30191,-83.16033,299.32,0.4,0.37,2025-03-18,0722,N21,nominal,2.0NRT,275.02,1.09,N
42.30124,-83.15559,306.29,0.4,0.37,2025-03-18,0722,N21,nominal,2.0NRT,275.77,1.09,N
42.29792,-83.15644,325.27,0.4,0.37,2025-03-18,0722,N21,nominal,2.0NRT,278.55,2.82,N
42.29662,-83.17154,316.92,0.4,0.37,2025-03-18,0722,N21,nominal,2.0NRT,275.64,1.35,N
42.29595,-83.16679,301.42,0.4,0.37,2025-03-18,0722,N21,nominal,2.0NRT,272.86,1.35,N
42.29195,-83.16289,325.88,0.4,0.37,2025-03-18,0722,N21,nominal,2.0NRT,276.69,1.86,N
42.28121,-83.11148,316.08,0.4,0.37,2025-03-18,0722,N21,nominal,2.0NRT,277.93,1.64,N
42.2766,-83.12743,304.25,0.4,0.37,2025-03-18,0722,N21,nominal,2.0NRT,275.8,1.16,N
40.58934,-74.20934,298.73,0.44,0.46,2025-03-18,0722,N21,nominal,2.0NRT,275.25,0.97,N
42.26483,-83.43694,296.72,0.4,0.37,2025-03-18,0722,N21,nominal,2.0NRT,272.87,0.92,N
40.71668,-75.39619,300.13,0.39,0.44,2025-03-18,0722,N21,nominal,2.0NRT,273.28,0.76,N
41.74969,-81.28624,307.25,0.38,0.36,2025-03-18,0722,N21,nominal,2.0NRT,273.15,1.68,N
40.89219,-77.70901,311.16,0.46,0.39,2025-03-18,0722,N21,nominal,2.0NRT,270.66,2.4,N
41.46183,-81.67332,307.8,0.38,0.36,2025-03-18,0722,N21,nominal,2.0NRT,275.13,0.97,N
41.73154,-83.51671,296.46,0.4,0.37,2025-03-18,0722,N21,nominal,2.0NRT,273.28,0.31,N
41.45857,-81.67422,305.86,0.38,0.36,2025-03-18,0722,N21,nominal,2.0NRT,272.43,0.97,N
41.45205,-81.67604,298.07,0.38,0.36,2025-03-18,0722,N21,nominal,2.0NRT,272.75,0.81,N
41.2177,-80.50935,303.24,0.39,0.36,2025-03-18,0722,N21,nominal,2.0NRT,271.53,1.29,N
41.56585,-84.04765,325.55,0.41,0.37,2025-03-18,0722,N21,nominal,2.0NRT,277.27,3.26,N
41.5652,-84.04282,298.57,0.41,0.37,2025-03-18,0722,N21,nominal,2.0NRT,274.23,3.26,N
41.46875,-83.36745,327.33,0.4,0.37,2025-03-18,0722,N21,nominal,2.0NRT,278.07,2.9,N
41.45949,-83.36727,314.12,0.4,0.37,2025-03-18,0722,N21,nominal,2.0NRT,275.65,1.76,N
40.83381,-79.93743,314.84,0.4,0.37,2025-03-18,0722,N21,nominal,2.0NRT,271.06,1.52,N
40.83108,-80.31689,300.04,0.4,0.37,2025-03-18,0722,N21,nominal,2.0NRT,270.16,1.4,N
41.2246,-83.20715,320.86,0.39,0.36,2025-03-18,0722,N21,nominal,2.0NRT,277.63,2.07,N
41.6802,-87.41763,302.74,0.53,0.42,2025-03-18,0722,N21,nominal,2.0NRT,280.94,4.64,N
41.6777,-87.43111,306.94,0.53,0.42,2025-03-18,0722,N21,nominal,2.0NRT,272.59,3.36,N
41.64328,-87.14223,309.75,0.52,0.41,2025-03-18,0724,N21,nominal,2.0NRT,265.81,1.27,N
41.64262,-87.136,298.8,0.52,0.41,2025-03-18,0724,N21,nominal,2.0NRT,269.03,2.42,N
41.63816,-87.13049,309.84,0.52,0.41,2025-03-18,0724,N21,nominal,2.0NRT,271.43,7,N
41.6357,-87.14362,327.96,0.52,0.41,2025-03-18,0724,N21,nominal,2.0NRT,274.02,5.94,N
41.62812,-87.14506,312.18,0.52,0.41,2025-03-18,0724,N21,nominal,2.0NRT,271.77,1.47,N
41.36872,-84.92236,296.77,0.43,0.38,2025-03-18,0724,N21,nominal,2.0NRT,277.98,2.35,N
41.36527,-84.92314,340.81,0.43,0.38,2025-03-18,0724,N21,nominal,2.0NRT,276.76,10.04,N
41.63982,-87.40565,302.92,0.53,0.42,2025-03-18,0724,N21,nominal,2.0NRT,270.85,1.72,N
41.64171,-87.40573,299.61,0.53,0.42,2025-03-18,0724,N21,nominal,2.0NRT,269.38,1.57,N
41.61364,-87.32689,308.46,0.53,0.42,2025-03-18,0724,N21,nominal,2.0NRT,266.05,1.98,N
40.75588,-81.433,319.24,0.39,0.36,2025-03-18,0724,N21,nominal,2.0NRT,273.2,2.5,N
40.75335,-81.4384,302.86,0.39,0.36,2025-03-18,0724,N21,nominal,2.0NRT,272.27,1.27,N
40.39578,-79.85229,305.67,0.41,0.37,2025-03-18,0724,N21,nominal,2.0NRT,272.16,2.29,N
40.39327,-79.85796,330.12,0.41,0.37,2025-03-18,0724,N21,nominal,2.0NRT,276.32,2.29,N
40.39243,-79.85327,307.54,0.41,0.37,2025-03-18,0724,N21,nominal,2.0NRT,273.08,2.29,N
40.39161,-79.84859,305.77,0.41,0.37,2025-03-18,0724,N21,nominal,2.0NRT,271.89,1.16,N
40.30397,-79.87695,308.82,0.41,0.37,2025-03-18,0724,N21,nominal,2.0NRT,279.39,1.88,N
41.11929,-85.3529,317.44,0.44,0.38,2025-03-18,0724,N21,nominal,2.0NRT,276.43,1.95,N
40.2183,-79.79597,325.88,0.41,0.37,2025-03-18,0724,N21,nominal,2.0NRT,270.78,4.67,N
40.31786,-80.38849,302.36,0.4,0.37,2025-03-18,0724,N21,nominal,2.0NRT,270.79,0.64,N
40.31012,-80.60673,328.39,0.39,0.37,2025-03-18,0724,N21,nominal,2.0NRT,277.64,9.05,N
41.48432,-90.82728,307.62,0.52,0.5,2025-03-18,0724,N21,nominal,2.0NRT,279.39,1.48,N
41.48022,-90.83406,298.05,0.52,0.5,2025-03-18,0724,N21,nominal,2.0NRT,278.32,1.48,N
40.72039,-84.12414,295.02,0.4,0.37,2025-03-18,0724,N21,nominal,2.0NRT,279.38,0.8,N
40.57085,-83.1396,298.72,0.39,0.36,2025-03-18,0724,N21,nominal,2.0NRT,274.5,1.02,N
40.73532,-86.43529,295.7,0.47,0.4,2025-03-18,0724,N21,nominal,2.0NRT,270.88,1.04,N
40.89747,-92.77333,328.87,0.32,0.55,2025-03-18,0724,N21,nominal,2.0NRT,282.06,2.68,N
40.89795,-92.78088,318.96,0.32,0.55,2025-03-18,0724,N21,nominal,2.0NRT,282.55,2.49,N
40.89771,-92.77709,306.54,0.32,0.55,2025-03-18,0724,N21,nominal,2.0NRT,281.61,2.68,N
40.8929,-92.78142,328.99,0.32,0.55,2025-03-18,0724,N21,nominal,2.0NRT,282.53,2.49,N
41.00189,-96.15306,296.53,0.49,0.65,2025-03-18,0724,N21,nominal,2.0NRT,281.1,0.86,N
40.8321,-92.78376,297.44,0.32,0.55,2025-03-18,0724,N21,nominal,2.0NRT,283.97,0.83,N
40.53669,-90.04865,298.92,0.46,0.47,2025-03-18,0724,N21,nominal,2.0NRT,277.09,0.65,N
40.26337,-92.79198,299.2,0.32,0.55,2025-03-18,0724,N21,nominal,2.0NRT,283.02,0.6,N
40.1549,-92.58827,296.92,0.62,0.54,2025-03-18,0724,N21,nominal,2.0NRT,282.1,1.05,N
40.14994,-92.58879,315.12,0.62,0.54,2025-03-18,0724,N21,nominal,2.0NRT,282.6,2.9,N
40.15377,-92.58775,315.74,0.62,0.54,2025-03-18,0724,N21,nominal,2.0NRT,283.16,1.49,N
40.14881,-92.58827,298.73,0.62,0.54,2025-03-18,0724,N21,nominal,2.0NRT,281.95,1.49,N
46.83931,-112.71646,327.06,0.4,0.45,2025-03-18,0905,N21,nominal,2.0NRT,263.73,3.21,N
46.83335,-112.69628,320.13,0.4,0.44,2025-03-18,0905,N21,nominal,2.0NRT,264.76,4.18,N
41.48228,-90.82362,298.63,0.57,0.69,2025-03-18,0905,N21,nominal,2.0NRT,279.21,1.62,N
40.90102,-92.7808,303.24,0.48,0.64,2025-03-18,0905,N21,nominal,2.0NRT,283.07,3.01,N
40.89783,-92.77006,303.71,0.48,0.64,2025-03-18,0905,N21,nominal,2.0NRT,282.55,1.43,N
40.89553,-92.78381,345.19,0.48,0.64,2025-03-18,0905,N21,nominal,2.0NRT,284.53,4.73,N
40.89394,-92.77843,297.41,0.48,0.64,2025-03-18,0905,N21,nominal,2.0NRT,282.41,4.73,N
40.9004,-92.77703,297.02,0.48,0.64,2025-03-18,0905,N21,nominal,2.0NRT,283.11,1.22,N
40.89883,-92.77163,311.64,0.48,0.64,2025-03-18,0905,N21,nominal,2.0NRT,283.05,1.22,N
40.89648,-92.78544,320,0.48,0.64,2025-03-18,0905,N21,nominal,2.0NRT,282.54,6.43,N
40.89492,-92.78006,334.62,0.48,0.64,2025-03-18,0905,N21,nominal,2.0NRT,283.52,7.2,N
40.83199,-92.78278,298.52,0.48,0.65,2025-03-18,0905,N21,nominal,2.0NRT,282.44,1.01,N
40.21707,-103.68601,299.8,0.45,0.39,2025-03-18,0905,N21,nominal,2.0NRT,273.45,1.38,N
47.56594,-122.34423,298.42,0.4,0.44,2025-03-18,1043,N21,nominal,2.0NRT,274.74,0.98,N
47.4708,-122.04871,309.54,0.41,0.45,2025-03-18,1043,N21,nominal,2.0NRT,272.51,1.88,N
45.23002,-123.1655,328.09,0.42,0.45,2025-03-18,1043,N21,nominal,2.0NRT,275.41,3.93,N
45.22774,-123.16747,335.18,0.42,0.45,2025-03-18,1043,N21,nominal,2.0NRT,276.82,4.44,N
40.49396,-74.30466,337.9,0.36,0.57,2025-03-18,1707,N21,nominal,2.0NRT,289.95,3.32,D
40.89166,-77.7078,326.24,0.51,0.66,2025-03-18,1707,N21,nominal,2.0NRT,291.59,5.85,D
42.80381,-80.09863,326.65,0.58,0.7,2025-03-18,1705,N21,nominal,2.0NRT,286.18,10.18,D
45.17458,-75.57427,331.6,0.61,0.53,2025-03-18,1705,N21,nominal,2.0NRT,278.28,4.7,D
44.37555,-78.60536,346.65,0.45,0.63,2025-03-18,1705,N21,nominal,2.0NRT,280.76,5.82,D
40.3923,-79.85486,329.18,0.46,0.47,2025-03-18,1845,N21,nominal,2.0NRT,297.35,3.13,D
40.3966,-79.85564,338.18,0.46,0.47,2025-03-18,1845,N21,nominal,2.0NRT,298.75,5.74,D
40.40254,-80.22046,338.5,0.44,0.46,2025-03-18,1845,N21,nominal,2.0NRT,295.18,3.31,D
40.64346,-78.95695,338.21,0.51,0.49,2025-03-18,1845,N21,nominal,2.0NRT,294.26,7.55,D
40.27858,-83.23996,329.82,0.48,0.4,2025-03-18,1845,N21,nominal,2.0NRT,293.62,3.55,D
40.28222,-83.24068,331.42,0.48,0.4,2025-03-18,1845,N21,nominal,2.0NRT,299.76,20.63,D
40.83432,-79.93875,331.86,0.46,0.47,2025-03-18,1845,N21,nominal,2.0NRT,291.73,3.18,D
40.83221,-79.93494,338.88,0.46,0.47,2025-03-18,1845,N21,nominal,2.0NRT,295.35,8.25,D
40.75679,-81.43076,338.54,0.39,0.44,2025-03-18,1845,N21,nominal,2.0NRT,294.27,7.98,D
40.61362,-82.94427,339.16,0.49,0.41,2025-03-18,1845,N21,nominal,2.0NRT,292.33,5.77,D
40.41942,-86.96642,330.46,0.39,0.36,2025-03-18,1845,N21,nominal,2.0NRT,294.5,2.3,D
40.42269,-86.96725,328.11,0.39,0.36,2025-03-18,1845,N21,nominal,2.0NRT,295.22,1.67,D
40.27729,-88.17223,328.84,0.39,0.36,2025-03-18,1845,N21,nominal,2.0NRT,296.53,1.13,D
40.61533,-86.79176,343.24,0.39,0.36,2025-03-18,1845,N21,nominal,2.0NRT,294.4,5.47,D
40.85373,-86.67327,329.49,0.39,0.36,2025-03-18,1845,N21,nominal,2.0NRT,289.05,3.11,D
40.8282,-86.99268,331.54,0.39,0.36,2025-03-18,1845,N21,nominal,2.0NRT,283.31,3.63,D
40.94316,-86.50035,325.9,0.39,0.36,2025-03-18,1845,N21,nominal,2.0NRT,293.81,2.15,D
40.98731,-87.50869,325.37,0.38,0.36,2025-03-18,1845,N21,nominal,2.0NRT,292.83,2.94,D
40.98664,-87.51321,327.05,0.38,0.36,2025-03-18,1845,N21,nominal,2.0NRT,293.28,2.94,D
40.99058,-87.50954,340.34,0.38,0.36,2025-03-18,1845,N21,nominal,2.0NRT,294.56,4.68,D
40.98991,-87.51406,340.47,0.38,0.36,2025-03-18,1845,N21,nominal,2.0NRT,295.76,4.68,D
40.99385,-87.5104,346.4,0.38,0.36,2025-03-18,1845,N21,nominal,2.0NRT,296.87,4.68,D
40.99317,-87.51492,331.5,0.38,0.36,2025-03-18,1845,N21,nominal,2.0NRT,296.35,4.68,D
40.99249,-87.51942,329.26,0.38,0.36,2025-03-18,1845,N21,nominal,2.0NRT,292.57,4.63,D
40.99712,-87.51125,342.96,0.38,0.36,2025-03-18,1845,N21,nominal,2.0NRT,296.3,6.91,D
40.99644,-87.51577,337.54,0.38,0.36,2025-03-18,1845,N21,nominal,2.0NRT,296.85,6.91,D
40.86295,-88.3838,340.16,0.39,0.36,2025-03-18,1845,N21,nominal,2.0NRT,284.9,6.4,D
41.00038,-87.51211,325.24,0.38,0.36,2025-03-18,1845,N21,nominal,2.0NRT,289.27,6.91,D
40.99903,-87.52113,329.71,0.38,0.36,2025-03-18,1845,N21,nominal,2.0NRT,292.17,2.68,D
41.0023,-87.52199,350.17,0.38,0.36,2025-03-18,1845,N21,nominal,2.0NRT,293.91,5.19,D
41.00162,-87.5265,328.68,0.38,0.36,2025-03-18,1845,N21,nominal,2.0NRT,292.15,5.19,D
41.56677,-84.04443,332.98,0.46,0.39,2025-03-18,1845,N21,nominal,2.0NRT,289.83,4.95,D
41.2515,-88.35249,337.9,0.38,0.36,2025-03-18,1845,N21,nominal,2.0NRT,289.2,8.79,D
41.52069,-86.57836,334.25,0.39,0.37,2025-03-18,1845,N21,nominal,2.0NRT,296.32,5.26,D
41.62816,-87.14085,328.45,0.39,0.36,2025-03-18,1845,N21,nominal,2.0NRT,294.92,1.97,D
41.61813,-87.20983,337.54,0.39,0.36,2025-03-18,1845,N21,nominal,2.0NRT,294.25,33.98,D
41.63969,-87.13268,328.57,0.39,0.36,2025-03-18,1845,N21,nominal,2.0NRT,293.59,2.77,D
41.63837,-87.1419,336.53,0.39,0.36,2025-03-18,1845,N21,nominal,2.0NRT,294.84,3.84,D
41.57142,-87.59996,329.96,0.39,0.36,2025-03-18,1845,N21,nominal,2.0NRT,282.03,1.51,D
41.64231,-87.13812,333.3,0.39,0.36,2025-03-18,1845,N21,nominal,2.0NRT,293.96,3.84,D
41.61503,-87.32656,336.7,0.39,0.36,2025-03-18,1845,N21,nominal,2.0NRT,290.39,3.59,D
41.61764,-87.33201,330.83,0.39,0.36,2025-03-18,1845,N21,nominal,2.0NRT,290.57,4.59,D
41.62159,-87.32827,343.89,0.39,0.36,2025-03-18,1845,N21,nominal,2.0NRT,289.31,8.32,D
41.68223,-87.42501,344.29,0.39,0.36,2025-03-18,1845,N21,nominal,2.0NRT,295.41,10.5,D
41.6855,-87.42586,340.64,0.39,0.36,2025-03-18,1845,N21,nominal,2.0NRT,291.65,3.22,D
41.66926,-87.8801,347.83,0.38,0.36,2025-03-18,1845,N21,nominal,2.0NRT,299.56,36.73,D
42.80077,-80.1015,327.41,0.47,0.48,2025-03-18,1845,N21,nominal,2.0NRT,281.3,3.7,D
42.8056,-80.09643,329.27,0.47,0.48,2025-03-18,1845,N21,nominal,2.0NRT,282.07,5.42,D
41.14983,-92.9894,329.78,0.5,0.41,2025-03-18,1845,N21,nominal,2.0NRT,270.06,4.28,D
41.1487,-92.99507,328.81,0.5,0.41,2025-03-18,1845,N21,nominal,2.0NRT,269.67,3.62,D
41.76881,-91.52264,346.45,0.43,0.38,2025-03-18,1845,N21,nominal,2.0NRT,284.19,9,D
41.76788,-91.52773,325.12,0.43,0.38,2025-03-18,1845,N21,nominal,2.0NRT,280.25,9,D
43.34532,-81.20226,328.11,0.42,0.45,2025-03-18,1845,N21,nominal,2.0NRT,284.8,2.07,D
42.1404,-91.02251,328.11,0.42,0.37,2025-03-18,1845,N21,nominal,2.0NRT,286.57,2.75,D
42.93992,-89.3493,326.11,0.39,0.36,2025-03-18,1845,N21,nominal,2.0NRT,279.95,2.21,D
42.91941,-89.66583,347.65,0.39,0.36,2025-03-18,1845,N21,nominal,2.0NRT,288.97,9.34,D
43.0264,-89.57869,338.16,0.39,0.36,2025-03-18,1845,N21,nominal,2.0NRT,286.8,7.05,D
43.12074,-89.67333,335.18,0.39,0.36,2025-03-18,1845,N21,nominal,2.0NRT,280.53,4.42,D
43.12401,-89.67431,328.49,0.39,0.36,2025-03-18,1845,N21,nominal,2.0NRT,279.55,1.61,D
41.89997,-95.94259,345.18,0.43,0.46,2025-03-18,1845,N21,nominal,2.0NRT,293.29,29.75,D
43.14917,-89.91871,334.24,0.39,0.36,2025-03-18,1845,N21,nominal,2.0NRT,285.75,3.04,D
43.17542,-89.90542,352.8,0.39,0.36,2025-03-18,1845,N21,nominal,2.0NRT,294.68,7.93,D
43.17869,-89.90643,344.92,0.39,0.36,2025-03-18,1845,N21,nominal,2.0NRT,291.29,7.93,D
43.10178,-90.81201,341.16,0.4,0.37,2025-03-18,1845,N21,nominal,2.0NRT,290.84,16.29,D
43.10094,-90.81686,348.95,0.4,0.37,2025-03-18,1845,N21,nominal,2.0NRT,299.48,35.66,D
43.18872,-90.36312,339.35,0.4,0.37,2025-03-18,1845,N21,nominal,2.0NRT,291.17,5.9,D
43.19201,-90.36416,334.46,0.4,0.37,2025-03-18,1845,N21,nominal,2.0NRT,290.12,5.9,D
43.40828,-89.69804,342.3,0.39,0.36,2025-03-18,1845,N21,nominal,2.0NRT,288.08,4.07,D
43.40752,-89.70272,329.21,0.39,0.36,2025-03-18,1845,N21,nominal,2.0NRT,290.4,4.07,D
43.41154,-89.69902,332.39,0.39,0.36,2025-03-18,1845,N21,nominal,2.0NRT,289.83,4.07,D
43.38427,-91.59408,338.96,0.42,0.37,2025-03-18,1845,N21,nominal,2.0NRT,292.28,5.09,D
43.43708,-91.59776,326.64,0.42,0.37,2025-03-18,1845,N21,nominal,2.0NRT,288.7,2.05,D
45.17161,-75.57375,328.98,0.42,0.61,2025-03-18,1845,N21,nominal,2.0NRT,280.6,5.01,D
43.48961,-92.64462,328.97,0.44,0.39,2025-03-18,1847,N21,nominal,2.0NRT,290.56,3.81,D
43.45259,-93.08989,325.79,0.46,0.39,2025-03-18,1847,N21,nominal,2.0NRT,290.11,2.24,D
44.49336,-93.41184,343.53,0.45,0.39,2025-03-18,1847,N21,nominal,2.0NRT,287.01,7.49,D
46.57587,-80.79076,331.25,0.48,0.48,2025-03-18,1847,N21,nominal,2.0NRT,279.83,4.09,D
46.51604,-84.39244,328.11,0.5,0.41,2025-03-18,1847,N21,nominal,2.0NRT,286.66,4.98,D
50.68931,-114.34767,329.15,0.73,0.76,2025-03-18,1849,N21,nominal,2.0NRT,268.34,6.62,D
53.81628,-115.78531,335.1,0.61,0.71,2025-03-18,1851,N21,nominal,2.0NRT,272.89,6.46,D
56.50185,-120.99743,335.4,0.68,0.74,2025-03-18,1851,N21,nominal,2.0NRT,268.23,7.46,D
40.71062,-97.48517,367,0.6,0.7,2025-03-18,2027,N21,high,2.0NRT,298.2,16.7,D
40.71048,-97.49229,342.37,0.6,0.7,2025-03-18,2027,N21,nominal,2.0NRT,288.56,16.7,D
43.22482,-98.61779,367,0.54,0.68,2025-03-18,2027,N21,high,2.0NRT,290.15,70.56,D
43.22468,-98.62428,207.38,0.54,0.68,2025-03-18,2027,N21,low,2.0NRT,296.09,70.56,D
43.22296,-98.62518,335.55,0.54,0.68,2025-03-18,2027,N21,nominal,2.0NRT,290.27,44.65,D
43.22307,-98.61868,356.01,0.54,0.68,2025-03-18,2027,N21,low,2.0NRT,287.72,49.01,D
43.22929,-98.61913,367,0.54,0.68,2025-03-18,2027,N21,high,2.0NRT,292.13,49.01,D
43.22918,-98.62561,336.93,0.54,0.68,2025-03-18,2027,N21,nominal,2.0NRT,288.72,44.65,D
46.37339,-119.21102,330.71,0.44,0.38,2025-03-18,2029,N21,nominal,2.0NRT,291.16,5.11,D
46.25625,-119.87065,325.24,0.46,0.39,2025-03-18,2029,N21,nominal,2.0NRT,294.77,1.46,D
46.70391,-119.77179,329.37,0.45,0.39,2025-03-18,2029,N21,nominal,2.0NRT,297.09,3.08,D
46.7028,-119.77753,330.11,0.45,0.39,2025-03-18,2029,N21,nominal,2.0NRT,298.56,3.08,D
46.70793,-119.88158,339.3,0.46,0.39,2025-03-18,2029,N21,nominal,2.0NRT,293.07,5.65,D
46.7114,-119.88302,343.85,0.46,0.39,2025-03-18,2029,N21,nominal,2.0NRT,290.78,5.65,D
46.71601,-119.87863,330.94,0.46,0.39,2025-03-18,2029,N21,nominal,2.0NRT,290.56,2.01,D
46.76546,-119.645,330.97,0.45,0.39,2025-03-18,2029,N21,nominal,2.0NRT,295.2,5.83,D
46.77903,-119.61339,335.98,0.45,0.39,2025-03-18,2029,N21,nominal,2.0NRT,294.36,3.85,D
46.77793,-119.61909,330.28,0.45,0.39,2025-03-18,2029,N21,nominal,2.0NRT,293.45,3.85,D
46.7825,-119.61465,335.02,0.45,0.39,2025-03-18,2029,N21,nominal,2.0NRT,293.08,4.38,D
46.78139,-119.62035,329.65,0.45,0.39,2025-03-18,2029,N21,nominal,2.0NRT,293.72,4.38,D
47.16639,-117.61553,327.3,0.4,0.37,2025-03-18,2029,N21,nominal,2.0NRT,283.8,19.86,D
47.16967,-117.61673,340.77,0.4,0.37,2025-03-18,2029,N21,nominal,2.0NRT,284.36,14.43,D
46.88391,-119.76186,342.43,0.45,0.39,2025-03-18,2029,N21,nominal,2.0NRT,292.81,6.92,D
47.05963,-119.83249,327.88,0.45,0.39,2025-03-18,2029,N21,nominal,2.0NRT,291.05,3.03,D
47.36251,-119.53257,330.9,0.44,0.38,2025-03-18,2029,N21,nominal,2.0NRT,291.8,3.13,D
48.10728,-119.71702,326.58,0.43,0.38,2025-03-18,2029,N21,nominal,2.0NRT,292.54,1.99,D
48.97005,-119.42223,326.05,0.42,0.37,2025-03-18,2029,N21,nominal,2.0NRT,290.38,0.99,D
50.05296,-119.44576,326.29,0.41,0.37,2025-03-18,2029,N21,nominal,2.0NRT,286.53,2.36,D
50.88478,-115.14378,325.05,0.4,0.37,2025-03-18,2029,N21,nominal,2.0NRT,271.47,5.51,D
52.34306,-113.12907,333.33,0.45,0.39,2025-03-18,2032,N21,nominal,2.0NRT,279.21,16.24,D
53.51234,-116.13063,325.75,0.4,0.37,2025-03-18,2032,N21,nominal,2.0NRT,273.05,2.44,D
53.62922,-116.97566,325.65,0.39,0.36,2025-03-18,2032,N21,nominal,2.0NRT,272.64,3.08,D
53.81532,-115.78259,333,0.41,0.37,2025-03-18,2032,N21,nominal,2.0NRT,272.56,4.45,D
45.78085,-73.91375,302.77,0.39,0.36,2025-03-19,0701,N21,nominal,2.0NRT,264.53,0.81,N
44.16573,-76.80109,295.72,0.39,0.36,2025-03-19,0703,N21,nominal,2.0NRT,275.45,0.55,N
43.85542,-78.90996,295.29,0.42,0.37,2025-03-19,0703,N21,nominal,2.0NRT,277.12,1.14,N
43.49162,-79.62286,304.07,0.43,0.38,2025-03-19,0703,N21,nominal,2.0NRT,277.43,0.88,N
43.08061,-77.38333,298.4,0.39,0.36,2025-03-19,0703,N21,nominal,2.0NRT,274.26,0.66,N
42.9544,-76.57276,303.58,0.38,0.36,2025-03-19,0703,N21,nominal,2.0NRT,271.77,0.73,N
43.27523,-79.79783,326.92,0.43,0.38,2025-03-19,0703,N21,nominal,2.0NRT,276.53,7.13,N
43.27176,-79.79863,326.91,0.43,0.38,2025-03-19,0703,N21,nominal,2.0NRT,279.19,14.99,N
43.27241,-79.80393,306.98,0.43,0.38,2025-03-19,0703,N21,nominal,2.0NRT,281,1.36,N
43.29116,-79.98578,302.96,0.44,0.38,2025-03-19,0703,N21,nominal,2.0NRT,279.09,1.39,N
43.26893,-79.80474,301.74,0.43,0.38,2025-03-19,0703,N21,nominal,2.0NRT,280.16,1.36,N
43.2717,-79.80579,303.72,0.43,0.38,2025-03-19,0703,N21,nominal,2.0NRT,280.16,2.6,N
43.29107,-79.98743,302.43,0.44,0.38,2025-03-19,0703,N21,nominal,2.0NRT,278.58,1.38,N
43.26474,-79.80742,327.41,0.43,0.38,2025-03-19,0703,N21,nominal,2.0NRT,280.87,2.54,N
43.26127,-79.80824,308.44,0.43,0.38,2025-03-19,0703,N21,nominal,2.0NRT,279.62,2.54,N
42.80636,-80.09557,308.4,0.44,0.38,2025-03-19,0703,N21,nominal,2.0NRT,279.96,2.05,N
42.80287,-80.09637,297.32,0.44,0.38,2025-03-19,0703,N21,nominal,2.0NRT,279.19,1.02,N
42.80003,-80.10251,319.11,0.44,0.38,2025-03-19,0703,N21,nominal,2.0NRT,279.87,3.43,N
42.79871,-80.09186,303.63,0.44,0.38,2025-03-19,0703,N21,nominal,2.0NRT,277.5,1.02,N
41.75212,-81.28526,300.73,0.47,0.4,2025-03-19,0703,N21,nominal,2.0NRT,281.63,0.85,N
40.85767,-75.26324,300.39,0.4,0.37,2025-03-19,0703,N21,nominal,2.0NRT,273.97,0.67,N
40.63601,-74.22343,299.12,0.43,0.38,2025-03-19,0703,N21,nominal,2.0NRT,282.05,1.32,N
40.71674,-75.39844,297.29,0.4,0.37,2025-03-19,0703,N21,nominal,2.0NRT,276.6,0.86,N
40.47891,-74.32176,297.92,0.42,0.38,2025-03-19,0703,N21,nominal,2.0NRT,278.39,0.55,N
40.62223,-75.30655,307.85,0.4,0.37,2025-03-19,0703,N21,nominal,2.0NRT,275.46,0.95,N
41.47222,-81.66706,298.72,0.48,0.4,2025-03-19,0703,N21,nominal,2.0NRT,279.52,0.93,N
41.46188,-81.67502,302.48,0.48,0.4,2025-03-19,0703,N21,nominal,2.0NRT,279.58,1.09,N
41.45089,-81.67722,326.75,0.48,0.4,2025-03-19,0703,N21,nominal,2.0NRT,281.74,3.52,N
40.8929,-77.71135,326.56,0.39,0.36,2025-03-19,0703,N21,nominal,2.0NRT,278.93,4.13,N
40.68148,-76.3726,306.61,0.39,0.36,2025-03-19,0703,N21,nominal,2.0NRT,276.27,0.3,N
41.20622,-80.81666,298.12,0.45,0.39,2025-03-19,0703,N21,nominal,2.0NRT,276.47,0.79,N
40.16224,-74.77116,297.75,0.42,0.37,2025-03-19,0703,N21,nominal,2.0NRT,275.86,0.72,N
40.15128,-74.76949,299.86,0.42,0.37,2025-03-19,0703,N21,nominal,2.0NRT,274.61,1,N
41.63889,-87.13182,313.44,0.59,0.53,2025-03-19,0703,N21,nominal,2.0NRT,270.28,2.74,N
40.13625,-74.80441,300.13,0.42,0.37,2025-03-19,0703,N21,nominal,2.0NRT,274.96,0.92,N
41.6345,-87.13949,299.87,0.59,0.53,2025-03-19,0703,N21,nominal,2.0NRT,271.13,2.29,N
40.02365,-74.24868,311.39,0.43,0.38,2025-03-19,0703,N21,nominal,2.0NRT,273.85,0.9,N
41.62648,-87.14234,304.57,0.59,0.53,2025-03-19,0703,N21,nominal,2.0NRT,272.43,1.56,N
40.06921,-74.76737,302.02,0.42,0.37,2025-03-19,0703,N21,nominal,2.0NRT,273.93,0.52,N
40.83376,-79.93488,310.49,0.42,0.38,2025-03-19,0703,N21,nominal,2.0NRT,276.28,1.83,N
40.17335,-75.89636,300.75,0.39,0.37,2025-03-19,0703,N21,nominal,2.0NRT,275.13,0.96,N
40.83231,-80.32105,302.8,0.43,0.38,2025-03-19,0703,N21,nominal,2.0NRT,276.18,0.64,N
40.22961,-76.83644,304.51,0.39,0.36,2025-03-19,0703,N21,nominal,2.0NRT,278.47,0.64,N
41.48058,-90.82294,297.56,0.46,0.64,2025-03-19,0703,N21,nominal,2.0NRT,279.88,1.86,N
40.75604,-81.43861,311.64,0.47,0.39,2025-03-19,0703,N21,nominal,2.0NRT,278.55,2.2,N
40.75537,-81.43313,319.65,0.46,0.39,2025-03-19,0703,N21,nominal,2.0NRT,277.23,3.33,N
41.48193,-90.83242,300.03,0.46,0.64,2025-03-19,0703,N21,nominal,2.0NRT,279.25,1.15,N
41.11795,-85.3533,319.13,0.47,0.48,2025-03-19,0703,N21,nominal,2.0NRT,266.05,2.34,N
40.4523,-80.28304,304.49,0.42,0.38,2025-03-19,0703,N21,nominal,2.0NRT,278.39,1.37,N
40.39623,-79.85833,303.2,0.41,0.37,2025-03-19,0703,N21,nominal,2.0NRT,278.38,0.98,N
40.39558,-79.8535,296.95,0.41,0.37,2025-03-19,0703,N21,nominal,2.0NRT,278.28,0.98,N
40.39493,-79.84866,296.3,0.41,0.37,2025-03-19,0703,N21,nominal,2.0NRT,277.19,0.49,N
40.39219,-79.8543,339.03,0.41,0.37,2025-03-19,0703,N21,nominal,2.0NRT,281.93,4.69,N
40.39284,-79.85912,315.58,0.41,0.37,2025-03-19,0703,N21,nominal,2.0NRT,279.65,4.69,N
40.37309,-79.86836,316.85,0.41,0.37,2025-03-19,0703,N21,nominal,2.0NRT,277.47,1.99,N
40.23307,-78.90292,305.08,0.39,0.36,2025-03-19,0703,N21,nominal,2.0NRT,272.8,0.9,N
40.30394,-79.87652,312.79,0.41,0.37,2025-03-19,0703,N21,nominal,2.0NRT,285.11,2.13,N
40.31284,-80.60693,302.75,0.43,0.38,2025-03-19,0703,N21,nominal,2.0NRT,277.43,0.8,N
40.57071,-83.13577,305.6,0.54,0.42,2025-03-19,0703,N21,nominal,2.0NRT,273.97,1.53,N
40.12802,-79.58585,297.61,0.41,0.37,2025-03-19,0703,N21,nominal,2.0NRT,273.65,0.57,N
40.16183,-79.88696,297.66,0.41,0.37,2025-03-19,0703,N21,nominal,2.0NRT,278.61,0.87,N
40.43944,-93.05717,306.04,0.6,0.71,2025-03-19,0703,N21,nominal,2.0NRT,280.48,3.67,N
58.47608,-114.52214,324.08,0.47,0.64,2025-03-19,0839,N21,nominal,2.0NRT,251.67,2.96,N
48.44313,-102.63577,300.96,0.41,0.37,2025-03-19,0843,N21,nominal,2.0NRT,267.11,0.78,N
41.12083,-85.35049,296.58,0.63,0.72,2025-03-19,0843,N21,nominal,2.0NRT,265.04,1.26,N
41.63724,-87.40859,297.74,0.49,0.65,2025-03-19,0843,N21,nominal,2.0NRT,267.52,2.8,N
41.67041,-87.45001,302.84,0.48,0.65,2025-03-19,0843,N21,nominal,2.0NRT,272.91,2.18,N
48.00374,-117.33202,313.94,0.4,0.44,2025-03-19,1024,N21,nominal,2.0NRT,267.19,1.82,N
43.14391,-115.66786,298.95,0.32,0.55,2025-03-19,1026,N21,nominal,2.0NRT,267.11,0.62,N
54.84025,-118.9378,303.99,0.41,0.37,2025-03-19,1021,N21,nominal,2.0NRT,266.58,1.22,N
40.53655,-76.17262,341.4,0.76,0.77,2025-03-19,1645,N21,nominal,2.0NRT,282.44,24.27,D
40.53559,-76.17335,344.55,0.76,0.77,2025-03-19,1645,N21,nominal,2.0NRT,282.61,16.53,D
40.53259,-76.18217,327.33,0.76,0.77,2025-03-19,1645,N21,nominal,2.0NRT,279.56,13.24,D
43.1518,-70.76384,325.91,0.35,0.56,2025-03-19,1645,N21,nominal,2.0NRT,285.56,1.72,D
40.30943,-80.60917,325.43,0.41,0.37,2025-03-19,1826,N21,nominal,2.0NRT,276.39,1.68,D
41.04303,-75.25326,329.16,0.46,0.47,2025-03-19,1826,N21,nominal,2.0NRT,292.83,2.16,D
41.73229,-74.97475,339.54,0.48,0.48,2025-03-19,1828,N21,nominal,2.0NRT,299.79,12.61,D
41.9537,-72.38944,334.28,0.33,0.55,2025-03-19,1828,N21,nominal,2.0NRT,293.61,2.34,D
41.97206,-73.74489,338.08,0.56,0.51,2025-03-19,1828,N21,nominal,2.0NRT,295.82,4.76,D
41.46699,-83.36681,330.54,0.38,0.36,2025-03-19,1828,N21,nominal,2.0NRT,292.86,2.42,D
41.36809,-84.92007,330.95,0.4,0.37,2025-03-19,1828,N21,nominal,2.0NRT,296.61,4.05,D
41.66691,-83.7344,330.77,0.38,0.36,2025-03-19,1828,N21,nominal,2.0NRT,294.64,2.72,D
41.51036,-85.17364,331.02,0.4,0.37,2025-03-19,1828,N21,nominal,2.0NRT,293.09,3.35,D
42.11628,-82.65732,330.86,0.39,0.36,2025-03-19,1828,N21,nominal,2.0NRT,288.58,2.14,D
43.26355,-78.27922,330.22,0.52,0.42,2025-03-19,1828,N21,nominal,2.0NRT,296.24,5.78,D
42.68702,-84.0856,330.47,0.38,0.36,2025-03-19,1828,N21,nominal,2.0NRT,295.97,13.86,D
43.00432,-82.48008,326.56,0.39,0.36,2025-03-19,1828,N21,nominal,2.0NRT,293.98,2.13,D
43.20279,-81.86012,333.65,0.4,0.37,2025-03-19,1828,N21,nominal,2.0NRT,297.85,3.38,D
44.10087,-75.52863,341.89,0.48,0.48,2025-03-19,1828,N21,nominal,2.0NRT,296.68,6.78,D
44.10527,-75.52922,338.49,0.48,0.48,2025-03-19,1828,N21,nominal,2.0NRT,295.59,6.78,D
44.10056,-75.53003,340.07,0.48,0.48,2025-03-19,1828,N21,nominal,2.0NRT,296.25,4.19,D
44.10496,-75.53062,328.05,0.48,0.48,2025-03-19,1828,N21,nominal,2.0NRT,294.48,4.19,D
44.11415,-75.58581,340.08,0.47,0.48,2025-03-19,1828,N21,nominal,2.0NRT,294.96,12.86,D
43.19942,-84.67868,335.11,0.39,0.36,2025-03-19,1828,N21,nominal,2.0NRT,297.24,6.56,D
43.33005,-83.97584,328.72,0.38,0.36,2025-03-19,1828,N21,nominal,2.0NRT,296.91,2.36,D
43.9951,-83.98957,332.15,0.38,0.36,2025-03-19,1828,N21,nominal,2.0NRT,291.62,3.24,D
47.35273,-101.83607,325.7,0.47,0.64,2025-03-19,1830,N21,nominal,2.0NRT,281.91,1.12,D
42.62353,-114.57524,330.87,0.51,0.41,2025-03-19,2010,N21,nominal,2.0NRT,292.27,7.03,D
42.75366,-114.44448,330.48,0.5,0.41,2025-03-19,2010,N21,nominal,2.0NRT,290.27,3.34,D
43.02758,-115.45107,332.75,0.55,0.42,2025-03-19,2010,N21,nominal,2.0NRT,289.65,6,D
43.02622,-115.45753,336.94,0.55,0.42,2025-03-19,2010,N21,nominal,2.0NRT,291.61,6,D
43.03134,-115.45251,335.65,0.55,0.42,2025-03-19,2010,N21,nominal,2.0NRT,291.08,8.76,D
43.02998,-115.45898,344.66,0.55,0.42,2025-03-19,2010,N21,nominal,2.0NRT,289.67,8.76,D
42.95133,-115.92405,330.75,0.57,0.43,2025-03-19,2010,N21,nominal,2.0NRT,287.93,4.13,D
45.54918,-113.94293,329.57,0.44,0.38,2025-03-19,2010,N21,nominal,2.0NRT,274.76,6.55,D
45.54724,-113.95329,326.33,0.44,0.38,2025-03-19,2010,N21,nominal,2.0NRT,276.21,8.43,D
45.57111,-113.96243,327.31,0.44,0.38,2025-03-19,2010,N21,nominal,2.0NRT,276.39,10.58,D
45.57015,-113.96754,330.93,0.44,0.38,2025-03-19,2010,N21,nominal,2.0NRT,277.92,16.95,D
45.5672,-113.98325,330.6,0.44,0.38,2025-03-19,2010,N21,nominal,2.0NRT,277.37,18.56,D
45.56255,-113.99521,338.58,0.44,0.38,2025-03-19,2010,N21,nominal,2.0NRT,271.67,11.76,D
45.57194,-113.96505,330.87,0.44,0.38,2025-03-19,2010,N21,nominal,2.0NRT,281.82,16.11,D
45.57098,-113.97014,338.76,0.44,0.38,2025-03-19,2010,N21,nominal,2.0NRT,274.6,16.11,D
45.57584,-113.98309,328.3,0.44,0.38,2025-03-19,2010,N21,nominal,2.0NRT,272.86,4.79,D
45.57926,-113.98432,336.75,0.44,0.38,2025-03-19,2010,N21,nominal,2.0NRT,274.13,16.99,D
46.70031,-109.50703,329.67,0.39,0.36,2025-03-19,2010,N21,nominal,2.0NRT,277.81,15.06,D
46.26853,-113.29951,325.48,0.41,0.37,2025-03-19,2010,N21,nominal,2.0NRT,273.27,8.43,D
46.27281,-113.29546,332.06,0.41,0.37,2025-03-19,2010,N21,nominal,2.0NRT,272.79,8.75,D
46.27705,-113.29163,333.36,0.41,0.37,2025-03-19,2010,N21,nominal,2.0NRT,275.91,27.4,D
46.80144,-111.89639,335.25,0.39,0.36,2025-03-19,2010,N21,nominal,2.0NRT,294.32,4.81,D
46.81203,-111.8947,330.44,0.39,0.36,2025-03-19,2010,N21,nominal,2.0NRT,293.03,10.01,D
46.81121,-111.8997,340.22,0.39,0.36,2025-03-19,2010,N21,nominal,2.0NRT,299.17,10.01,D
49.34286,-94.87484,337.84,0.51,0.66,2025-03-19,2010,N21,nominal,2.0NRT,271.87,7.71,D
49.82196,-113.09158,327.59,0.39,0.36,2025-03-19,2012,N21,nominal,2.0NRT,282.37,2.65,D
50.16941,-113.60115,337.27,0.39,0.36,2025-03-19,2012,N21,nominal,2.0NRT,285.06,4.71,D
50.16851,-113.60648,335.8,0.39,0.36,2025-03-19,2012,N21,nominal,2.0NRT,285.71,3.31,D
53.55345,-113.11905,333.51,0.39,0.36,2025-03-19,2012,N21,nominal,2.0NRT,276.04,4.34,D
54.81553,-113.97046,326.8,0.38,0.36,2025-03-19,2012,N21,nominal,2.0NRT,271.86,3.2,D
54.86118,-118.50989,328.62,0.43,0.38,2025-03-19,2014,N21,nominal,2.0NRT,267.74,5.01,D
55.19482,-119.63918,329.26,0.45,0.39,2025-03-19,2014,N21,nominal,2.0NRT,268.64,6.97,D
56.36757,-121.11141,339.85,0.5,0.65,2025-03-19,2153,N21,nominal,2.0NRT,273.35,10.48,D
58.47852,-114.52463,320.36,0.59,0.7,2025-03-20,1142,N21,nominal,2.0NRT,253.91,7.37,N
41.63514,-87.14027,333.09,0.47,0.48,2025-03-20,1809,N21,nominal,2.0NRT,284.73,11.04,D
41.68533,-87.42329,333.07,0.49,0.48,2025-03-20,1809,N21,nominal,2.0NRT,283.98,7.3,D
40.05426,-95.25953,342.83,0.66,0.73,2025-03-20,1809,N21,nominal,2.0NRT,288.63,11.28,D
40.69465,-94.08904,340.14,0.55,0.68,2025-03-20,1811,N21,nominal,2.0NRT,288.75,7.1,D
40.26117,-95.57984,339.95,0.68,0.74,2025-03-20,1811,N21,nominal,2.0NRT,289.05,14.8,D
40.26427,-95.58346,353.99,0.67,0.74,2025-03-20,1811,N21,nominal,2.0NRT,287.17,13.26,D
40.57512,-95.18113,335.56,0.63,0.72,2025-03-20,1811,N21,nominal,2.0NRT,284.91,5.69,D
40.89701,-94.45757,325.08,0.57,0.69,2025-03-20,1811,N21,nominal,2.0NRT,287.25,5.64,D
40.79214,-96.30547,343.19,0.7,0.75,2025-03-20,1811,N21,nominal,2.0NRT,280.81,12.38,D
40.79352,-96.30997,341.66,0.7,0.75,2025-03-20,1811,N21,nominal,2.0NRT,280.54,12.16,D
42.46782,-91.20982,346.25,0.36,0.57,2025-03-20,1811,N21,nominal,2.0NRT,282.68,4.07,D
42.4692,-91.21093,344.84,0.35,0.57,2025-03-20,1811,N21,nominal,2.0NRT,282.79,3.81,D
43.44707,-95.37993,354.12,0.53,0.67,2025-03-20,1811,N21,nominal,2.0NRT,288.73,15.37,D
44.9686,-91.29345,326.31,0.61,0.53,2025-03-20,1811,N21,nominal,2.0NRT,283.24,4.56,D
44.87624,-91.95515,325.28,0.33,0.55,2025-03-20,1811,N21,nominal,2.0NRT,281.44,1.62,D
45.26628,-95.81962,327.46,0.48,0.65,2025-03-20,1811,N21,nominal,2.0NRT,271.17,2.61,D
44.83733,-97.14037,336.61,0.57,0.69,2025-03-20,1811,N21,nominal,2.0NRT,287.88,5.64,D
40.0005,-95.40603,327.43,0.47,0.48,2025-03-20,1949,N21,nominal,2.0NRT,294.57,5.2,D
40.25376,-95.30518,338.79,0.48,0.48,2025-03-20,1949,N21,nominal,2.0NRT,290.44,4.45,D
40.25356,-95.30727,340.18,0.48,0.48,2025-03-20,1949,N21,nominal,2.0NRT,291.12,5.32,D
40.26244,-95.57702,338.98,0.46,0.47,2025-03-20,1949,N21,nominal,2.0NRT,289.68,6.06,D
40.26155,-95.5876,349.83,0.46,0.47,2025-03-20,1949,N21,nominal,2.0NRT,291.21,9.2,D
40.29722,-96.21407,340.01,0.43,0.46,2025-03-20,1949,N21,nominal,2.0NRT,290.54,7.75,D
40.30185,-96.20979,333.84,0.43,0.46,2025-03-20,1949,N21,nominal,2.0NRT,289.82,4.29,D
40.3014,-96.21479,340.7,0.43,0.46,2025-03-20,1949,N21,nominal,2.0NRT,292.19,7.75,D
40.65094,-92.91,342.89,0.32,0.55,2025-03-20,1949,N21,nominal,2.0NRT,292.91,20.5,D
40.65117,-92.90614,355.5,0.32,0.55,2025-03-20,1949,N21,low,2.0NRT,287.59,17.3,D
40.57537,-95.18328,338,0.49,0.48,2025-03-20,1949,N21,nominal,2.0NRT,287.43,6.24,D
40.48594,-96.25878,325.16,0.43,0.46,2025-03-20,1949,N21,nominal,2.0NRT,289.23,3.06,D
40.57837,-95.1853,338.74,0.49,0.48,2025-03-20,1949,N21,nominal,2.0NRT,289.2,9.73,D
40.69993,-94.09928,332.09,0.56,0.51,2025-03-20,1949,N21,nominal,2.0NRT,290.85,5.09,D
40.78931,-96.3051,337.58,0.43,0.46,2025-03-20,1949,N21,nominal,2.0NRT,286.1,4.65,D
40.79351,-96.30574,337.49,0.43,0.46,2025-03-20,1949,N21,nominal,2.0NRT,285.46,4.14,D
41.1903,-92.98959,342.86,0.32,0.55,2025-03-20,1949,N21,nominal,2.0NRT,287.42,5.17,D
41.19008,-92.99337,327.75,0.32,0.55,2025-03-20,1949,N21,nominal,2.0NRT,287.35,4.37,D
41.18269,-93.20203,341.01,0.63,0.54,2025-03-20,1949,N21,nominal,2.0NRT,289.49,10.42,D
41.00791,-96.15897,337.68,0.44,0.46,2025-03-20,1949,N21,nominal,2.0NRT,286.65,7.35,D
41.48072,-90.82969,340.25,0.42,0.61,2025-03-20,1949,N21,nominal,2.0NRT,285.62,7.59,D
41.47777,-90.83186,354.37,0.42,0.61,2025-03-20,1949,N21,nominal,2.0NRT,284.94,5.21,D
41.63972,-87.13638,336.07,0.67,0.74,2025-03-20,1949,N21,nominal,2.0NRT,286.48,14.03,D
41.64801,-92.14075,325.42,0.36,0.58,2025-03-20,1949,N21,nominal,2.0NRT,289.71,1.97,D
41.77667,-92.20856,349.72,0.36,0.57,2025-03-20,1949,N21,nominal,2.0NRT,288.47,4.45,D
41.71572,-94.20123,326.16,0.57,0.52,2025-03-20,1949,N21,nominal,2.0NRT,274.88,4.11,D
41.55772,-99.32738,326.07,0.48,0.4,2025-03-20,1949,N21,nominal,2.0NRT,293.04,4.12,D
41.56137,-99.32809,336.74,0.48,0.4,2025-03-20,1949,N21,nominal,2.0NRT,294.32,4.12,D
41.56503,-99.32882,339.72,0.48,0.4,2025-03-20,1949,N21,nominal,2.0NRT,298.43,12.76,D
41.56437,-99.33457,343.48,0.48,0.4,2025-03-20,1949,N21,nominal,2.0NRT,295.37,12.76,D
42.21927,-91.88522,340.15,0.38,0.59,2025-03-20,1949,N21,nominal,2.0NRT,287.78,4.34,D
43.50951,-89.79211,332.46,0.5,0.66,2025-03-20,1949,N21,nominal,2.0NRT,274.43,8.44,D
43.52022,-95.50945,338.92,0.51,0.49,2025-03-20,1949,N21,nominal,2.0NRT,291.68,7.37,D
44.1151,-93.89702,336.56,0.62,0.54,2025-03-20,1949,N21,nominal,2.0NRT,273.76,8.3,D
44.01719,-96.2619,338.33,0.47,0.48,2025-03-20,1949,N21,nominal,2.0NRT,291.05,8.62,D
44.08844,-96.02613,328.41,0.48,0.48,2025-03-20,1949,N21,nominal,2.0NRT,285.72,3.04,D
44.45295,-97.26657,326.68,0.43,0.46,2025-03-20,1949,N21,nominal,2.0NRT,291.64,2.16,D
44.60023,-97.35396,332.26,0.42,0.45,2025-03-20,1949,N21,nominal,2.0NRT,287.91,3.29,D
44.67525,-96.96923,334.48,0.44,0.46,2025-03-20,1949,N21,nominal,2.0NRT,288.99,4.37,D
44.83617,-97.13913,350.07,0.44,0.46,2025-03-20,1949,N21,nominal,2.0NRT,290.71,6.81,D
45.79804,-97.96548,341.15,0.41,0.45,2025-03-20,1949,N21,nominal,2.0NRT,286.21,42.24,D
45.7976,-97.97074,336.76,0.41,0.45,2025-03-20,1949,N21,nominal,2.0NRT,293.07,42.24,D
45.79715,-97.97599,339.55,0.41,0.45,2025-03-20,1949,N21,nominal,2.0NRT,287.3,46.47,D
45.80214,-97.96622,348.8,0.41,0.45,2025-03-20,1949,N21,nominal,2.0NRT,296.55,42.24,D
45.80169,-97.97147,340.08,0.41,0.45,2025-03-20,1949,N21,nominal,2.0NRT,293.59,42.24,D
45.80623,-97.96697,328.78,0.41,0.45,2025-03-20,1949,N21,nominal,2.0NRT,283.45,50.67,D
45.80579,-97.97222,340.72,0.41,0.45,2025-03-20,1949,N21,nominal,2.0NRT,297.56,50.67,D
45.81033,-97.96771,331.18,0.41,0.45,2025-03-20,1949,N21,nominal,2.0NRT,299.67,50.67,D
45.81532,-97.95795,336.56,0.41,0.45,2025-03-20,1949,N21,nominal,2.0NRT,284.39,153.79,D
45.81487,-97.9632,367,0.41,0.45,2025-03-20,1949,N21,low,2.0NRT,328.27,153.79,D
45.64571,-102.97594,332.37,0.41,0.37,2025-03-20,1949,N21,nominal,2.0NRT,300.65,30.32,D
45.64838,-102.98201,329.6,0.41,0.37,2025-03-20,1949,N21,nominal,2.0NRT,292.97,71.45,D
47.17849,-98.47636,339.39,0.4,0.44,2025-03-20,1951,N21,nominal,2.0NRT,287.2,3.96,D
47.18209,-98.48244,332.3,0.4,0.44,2025-03-20,1951,N21,nominal,2.0NRT,286.58,3.96,D
47.60324,-90.78484,346.14,0.47,0.64,2025-03-20,1951,N21,nominal,2.0NRT,273.24,9.61,D
46.84573,-112.74124,338.23,0.55,0.43,2025-03-20,1951,N21,nominal,2.0NRT,269.73,29.11,D
49.26949,-102.98767,326.74,0.44,0.38,2025-03-20,1951,N21,nominal,2.0NRT,279.7,2.87,D
48.36241,-114.49126,330.33,0.4,0.44,2025-03-20,1951,N21,nominal,2.0NRT,279.12,4.7,D
50.97746,-119.32632,327.85,0.53,0.5,2025-03-20,1953,N21,nominal,2.0NRT,285.63,2.73,D
57.00658,-111.47705,326.68,0.38,0.36,2025-03-20,1953,N21,nominal,2.0NRT,274.9,3.24,D
48.10634,-119.71695,326.28,0.32,0.54,2025-03-20,2131,N21,nominal,2.0NRT,273.64,2.13,D
53.35439,-123.89318,334.44,0.47,0.48,2025-03-20,2133,N21,nominal,2.0NRT,266.99,9.4,D
54.45827,-116.9313,326.72,0.46,0.64,2025-03-20,2133,N21,nominal,2.0NRT,278.45,4.01,D
54.56842,-124.50002,325.5,0.46,0.47,2025-03-20,2133,N21,nominal,2.0NRT,276.88,3.15,D
